Date,spy_tr
1998-01-05,0.0022420451735079006
1998-01-06,-0.015979848693084553
1998-01-07,0.002599140914029352
1998-01-08,-0.008747049851063782
1998-01-09,-0.03464002761158791
1998-01-12,0.018280131633044983
1998-01-13,0.01396295805356873
1998-01-14,0.004589550447713364
1998-01-15,-0.008321877157594249
1998-01-16,0.014316508991110588
1998-01-20,0.016222687298881322
1998-01-21,-0.009578622630149525
1998-01-22,-0.008864608983243594
1998-01-23,-0.0014639200632823313
1998-01-26,-0.0006513323433514628
1998-01-27,0.010104344159345136
1998-01-28,0.009035057971259919
1998-01-29,0.005436203938178119
1998-01-30,0.0006358752801343126
1998-02-02,0.01652928873635373
1998-02-03,0.0075046511136196425
1998-02-04,-0.0012417060960043802
1998-02-05,-0.0006220588026558671
1998-02-06,0.011194476728266123
1998-02-09,-0.0033819960904026836
1998-02-10,0.009565236068221683
1998-02-11,-0.0009174443353603401
1998-02-12,0.0042828774898615585
1998-02-13,-0.005787328438544126
1998-02-17,0.004902484406158036
1998-02-18,0.009146165890018265
1998-02-19,-0.005287807370751518
1998-02-20,0.007441738459311065
1998-02-23,0.003919092336915897
1998-02-24,-0.007808304799418075
1998-02-25,0.012409291211997076
1998-02-26,0.005680598150020533
1998-02-27,0.0
1998-03-02,-0.002080815126447977
1998-03-03,0.005659041501776763
1998-03-04,-0.006516261467206963
1998-03-05,-0.00924226201704581
1998-03-06,0.020161882819350163
1998-03-09,-0.003539452694564016
1998-03-10,0.009473129294037763
1998-03-11,0.00469158919394963
1998-03-12,0.00408690236228515
1998-03-13,-0.0037794264957151658
1998-03-16,0.010796823299682456
1998-03-17,0.0028864180006349383
1998-03-18,0.0037423245887260315
1998-03-19,0.002581374088628241
1998-03-20,0.008610344211797738
1998-03-23,-0.0022753440026663796
1998-03-24,0.008551431790779773
1998-03-25,-0.0036742195038095282
1998-03-26,-0.0005670452911769042
1998-03-27,-0.00425779305409546
1998-03-30,-0.0005702466415942187
1998-03-31,0.0034226378557111747
1998-04-01,0.008101193458394773
1998-04-02,0.010855587796778643
1998-04-03,0.005020880297868624
1998-04-06,-0.008048961923925568
1998-04-07,-0.006714481661915683
1998-04-08,-0.0056342153506624415
1998-04-09,0.007932685589933097
1998-04-13,-0.0028112759152270073
1998-04-14,0.008455698478857743
1998-04-15,0.0027945624709282413
1998-04-16,-0.011705517840424284
1998-04-17,0.01325489201886354
1998-04-20,-0.00027865480913147334
1998-04-21,0.004733136629633705
1998-04-22,0.002770226294665168
1998-04-23,-0.009671204970653546
1998-04-24,-0.010602604869007437
1998-04-27,-0.018894230984954907
1998-04-28,-0.0014373284875853765
1998-04-29,0.006908786793314414
1998-04-30,0.01858127278437882
1998-05-01,0.011226542060039701
1998-05-04,-0.0024979537005286323
1998-05-05,-0.006955361637190016
1998-05-06,-0.011768383850598751
1998-05-07,-0.007938529935697991
1998-05-08,0.01629024985999905
1998-05-11,-0.0033746246082485554
1998-05-12,0.01072227117749569
1998-05-13,0.0025129308387108473
1998-05-14,-0.005013042150938007
1998-05-15,-0.0055968363006930755
1998-05-18,-0.003940832431438723
1998-05-19,0.006781220878274485
1998-05-20,0.009542990570213794
1998-05-21,-0.006394747429261938
1998-05-22,-0.003916901542007967
1998-05-26,-0.016010900905783054
1998-05-27,0.0014272538835862214
1998-05-28,0.004560612432873645
1998-05-29,-0.009932487215848051
1998-06-01,0.004586478706432695
1998-06-02,0.000856272625401111
1998-06-03,-0.015963730998251435
1998-06-04,0.01854023532741267
1998-06-05,0.019339858354405326
1998-06-08,-0.0011160870361429653
1998-06-09,0.003073113159853147
1998-06-10,-0.006404655385475633
1998-06-11,-0.018778387512900174
1998-06-12,0.009425552361364664
1998-06-15,-0.026315256306818968
1998-06-16,0.01540224341597396
1998-06-17,0.02089267555849439
1998-06-18,-0.004485736139688612
1998-06-19,-0.005010032386820851
1998-06-22,0.004826305792726471
1998-06-23,0.01186815087831894
1998-06-24,0.013404039659144384
1998-06-25,-0.0016534800548763107
1998-06-26,0.004139835061073738
1998-06-29,0.0035735519877317934
1998-06-30,-0.006846992710008104
1998-07-01,0.011582623145540705
1998-07-02,0.0019088561716116281
1998-07-06,0.010068056188542673
1998-07-07,-0.0018855878046522
1998-07-08,0.007286797729210148
1998-07-09,-0.00669880870873818
1998-07-10,0.0053953808369155976
1998-07-13,0.0002683160264886908
1998-07-14,0.011265931112119487
1998-07-15,-0.0018565795456302325
1998-07-16,0.006909160071674192
1998-07-17,0.0013197325498308654
1998-07-20,0.0
1998-07-21,-0.017395816513531392
1998-07-22,0.0
1998-07-23,-0.019849634424412343
1998-07-24,-0.0008214633506893332
1998-07-27,0.007121545768472792
1998-07-28,-0.016861375146725588
1998-07-29,-0.003872695832631834
1998-07-30,0.014995929130534158
1998-07-31,-0.021340810183791414
1998-08-03,-0.004193404995194605
1998-08-04,-0.03874236481020599
1998-08-05,0.013726477263028558
1998-08-06,0.004321695640948864
1998-08-07,0.0017210803393385987
1998-08-10,-0.005727229103471454
1998-08-11,-0.014976821164825571
1998-08-12,0.01695883061609682
1998-08-13,-0.012075958271175802
1998-08-14,-0.01164148934991649
1998-08-17,0.02120112420987197
1998-08-18,0.01845447356855101
1998-08-19,-0.0025480551503450632
1998-08-20,-0.0059608001502777785
1998-08-21,-0.007995430212230148
1998-08-24,0.006332732395459395
1998-08-25,0.0022885885426755515
1998-08-26,-0.005707728195400996
1998-08-27,-0.047071840785329666
1998-08-28,-0.0036151626270807258
1998-08-31,-0.07134193838307801
1998-09-01,0.0423170611133068
1998-09-02,-0.007182556102826032
1998-09-03,-0.0078639052641859
1998-09-04,-0.008243424184428028
1998-09-08,0.05370872471021548
1998-09-09,-0.02427282897728167
1998-09-10,-0.019899795774338758
1998-09-11,0.032359902259789575
1998-09-14,0.017210256903925636
1998-09-15,0.006042137554404192
1998-09-16,0.009008297783820396
1998-09-17,-0.028571010475938796
1998-09-18,0.004454247205982087
1998-09-21,-0.0006119109472737527
1998-09-22,0.008269395503649024
1998-09-23,0.04009718142889884
1998-09-24,-0.024532329037627365
1998-09-25,-0.0011977828772767873
1998-09-28,0.008992900977177198
1998-09-29,-0.0023769444953115615
1998-09-30,-0.030375337508652844
1998-10-01,-0.028869594531705012
1998-10-02,0.01929193068695434
1998-10-05,-0.02016848950653649
1998-10-06,-0.000950141707992902
1998-10-07,-0.014895932296192127
1998-10-08,-0.005470028402779548
1998-10-09,0.02005815341403161
1998-10-12,0.014589449264784893
1998-10-13,-0.0034388085318616257
1998-10-14,0.009410266344521911
1998-10-15,0.053760350122563416
1998-10-16,0.00029456347452527787
1998-10-19,0.0035380307730514815
1998-10-20,0.005875270977953484
1998-10-21,-0.0035045030365666863
1998-10-22,0.014947299694893168
1998-10-23,-0.012705470097601479
1998-10-26,0.007311288101848001
1998-10-27,-0.005806921106526253
1998-10-28,-0.0017521938195932396
1998-10-29,0.02428280645195602
1998-10-30,0.005427295246825281
1998-11-02,0.017045525977384735
1998-11-03,-0.007262603436335113
1998-11-04,0.010691825717348502
1998-11-05,0.01364189564676388
1998-11-06,0.0030207569060096695
1998-11-09,-0.007119205387576932
1998-11-10,-0.002758216678667713
1998-11-11,-0.006637067574395528
1998-11-12,-0.0011136420936471714
1998-11-13,0.009755452402263831
1998-11-16,0.007452105409813559
1998-11-17,0.0
1998-11-18,0.006027158749496442
1998-11-19,0.00871503674181251
1998-11-20,0.007558920053699625
1998-11-23,0.023580299654375247
1998-11-24,-0.006282933606511221
1998-11-25,0.0
1998-11-27,0.007376452206174999
1998-11-30,-0.028242953649801672
1998-12-01,0.012917126852114658
1998-12-02,-0.002922779847798762
1998-12-03,-0.016519479885058086
1998-12-04,0.02627963484057183
1998-12-07,0.004751983530935311
1998-12-08,-0.004467271791614658
1998-12-09,0.0018481730481454406
1998-12-10,-0.014620295439052855
1998-12-11,0.0020049155289370013
1998-12-14,-0.02881512438759215
1998-12-15,0.025823725701314304
1998-12-16,-0.0013387964524644858
1998-12-17,0.015955705814607812
1998-12-18,0.004249072115747099
1998-12-21,0.013976598907129212
1998-12-22,0.004421453220002869
1998-12-23,0.020973617937367628
1998-12-24,-0.004311461117697979
1998-12-28,-0.002546940757120808
1998-12-29,0.015832038056988962
1998-12-30,-0.008044148969608256
1998-12-31,0.0
1999-01-04,-0.002280439349345298
1999-01-05,0.011429558567147557
1999-01-06,0.02410909574251341
1999-01-07,-0.004904497638816618
1999-01-08,0.007392665775267648
1999-01-11,-0.009540315622086237
1999-01-12,-0.018029099712154162
1999-01-13,-0.007041872676967431
1999-01-14,-0.0174775627770426
1999-01-15,0.026038115434643405
1999-01-19,0.006532434095825046
1999-01-20,0.00798792099256418
1999-01-21,-0.026497679111220807
1999-01-22,-0.0022901410330159466
1999-01-25,0.01019925780128994
1999-01-26,0.01817211700297583
1999-01-27,-0.011650755370062549
1999-01-28,0.016804733096591473
1999-01-29,0.007646699685115221
1999-02-01,-0.005875178179578833
1999-02-02,-0.006156796258812158
1999-02-03,0.01015901792744911
1999-02-04,-0.014961876892330417
1999-02-05,-0.011453801083572301
1999-02-08,0.0020144932812364846
1999-02-09,-0.02237286356992274
1999-02-10,0.0064283870573143
1999-02-11,0.022994457146140013
1999-02-12,-0.011988261559459534
1999-02-16,-0.0060660655219891835
1999-02-17,-0.0010177821423402733
1999-02-18,0.007891987933380307
1999-02-19,0.004294037308228971
1999-02-22,0.026659890505100092
1999-02-23,-0.0004897089251574283
1999-02-24,-0.017647231996478885
1999-02-25,-0.00948058130560403
1999-02-26,-0.004030573714949637
1999-03-01,0.0027815860358961775
1999-03-02,-0.008826664195530465
1999-03-03,0.005343822167602985
1999-03-04,0.012654517197859594
1999-03-05,0.020119962664108648
1999-03-08,0.006492910653948414
1999-03-09,-0.0024341970169582394
1999-03-10,0.00878466542391898
1999-03-11,0.011127150023143795
1999-03-12,-0.00956973365756586
1999-03-15,0.014251350139423025
1999-03-16,-0.0038101983627195635
1999-03-17,-0.004303220985573897
1999-03-18,0.01608635997588137
1999-03-19,-0.016997024259847726
1999-03-22,0.001926903568676419
1999-03-23,-0.028859871115988533
1999-03-24,0.005696365339479925
1999-03-25,0.020438357850037114
1999-03-26,-0.007239930278852391
1999-03-29,0.02017544605167121
1999-03-30,-0.005241962319762816
1999-03-31,-0.016048329514834148
1999-04-01,0.007546193274087454
1999-04-05,0.023677406758494612
1999-04-06,-0.0023601241202385603
1999-04-07,0.008044000263207396
1999-04-08,0.012672547847055293
1999-04-09,0.000231527636278539
1999-04-12,0.01065845581599234
1999-04-13,-0.006419496059156926
1999-04-14,-0.016842835583362525
1999-04-15,-0.0037553514518829934
1999-04-16,-0.008480211405584526
1999-04-19,-0.01544303917980605
1999-04-20,0.012547512368336733
1999-04-21,0.02859860452457008
1999-04-22,0.009500084333740277
1999-04-23,-0.002525228389532619
1999-04-26,0.0057527808421911075
1999-04-27,0.004803922590776555
1999-04-28,-0.013660728302040348
1999-04-29,-0.007617773498926783
1999-04-30,-0.008141302206263745
1999-05-03,0.01829274753299659
1999-05-04,-0.014279652199089776
1999-05-05,0.007943933426083793
1999-05-06,-0.0061420512589811516
1999-05-07,0.007579825347805436
1999-05-10,-0.00497685630410738
1999-05-11,0.010119935234169208
1999-05-12,0.007830044425142235
1999-05-13,0.004342014069687705
1999-05-14,-0.025938650449330303
1999-05-17,0.003036975967016353
1999-05-18,-0.0018630173983482656
1999-05-19,0.007233251342491087
1999-05-20,-0.006023569007635898
1999-05-21,-0.005592595891939167
1999-05-24,-0.01663976403761136
1999-05-25,-0.016205176814431232
1999-05-26,0.011143194831083392
1999-05-27,-0.014375038765920833
1999-05-28,0.012761535903052179
1999-06-01,-0.0034801507697602707
1999-06-02,0.0009633193063343093
1999-06-03,0.0055337788702303214
1999-06-04,0.02010108120527332
1999-06-07,0.0025799885376849296
1999-06-08,-0.009826359586686761
1999-06-09,-0.0009459443402265455
1999-06-10,-0.009223559609199405
1999-06-11,-0.008355646788208326
1999-06-14,0.0009628557653222902
1999-06-15,0.006733979375345811
1999-06-16,0.01911159492255754
1999-06-17,0.009376595761335649
1999-06-18,0.0011553132182502424
1999-06-21,0.0023263682928613694
1999-06-22,-0.0069635430233420115
1999-06-23,-0.004908597704651685
1999-06-24,-0.007517492281240767
1999-06-25,-0.0024851334195981067
1999-06-28,0.01221982355432405
1999-06-29,0.009376836846950232
1999-06-30,0.01811355628718303
1999-07-01,0.007527724517285117
1999-07-02,0.009961383853435368
1999-07-06,-0.00022397854020428376
1999-07-07,0.0013452261464961257
1999-07-08,0.000783792603758604
1999-07-09,0.005929181080883028
1999-07-12,-0.004448443297484506
1999-07-13,-0.0035747087974361547
1999-07-14,0.005605548043533748
1999-07-15,0.006354423718314628
1999-07-16,0.005427852551380452
1999-07-19,-0.006610694873863232
1999-07-20,-0.020519081571177544
1999-07-21,-0.0011322309900244631
1999-07-22,-0.013150685126149253
1999-07-23,-0.0019524912103249248
1999-07-26,-0.007366844493165603
1999-07-27,0.008348844030317215
1999-07-28,0.0032199854030932062
1999-07-29,-0.013985078380748694
1999-07-30,-0.012322216443542922
1999-08-02,0.0023544882293569103
1999-08-03,-0.004697639314133029
1999-08-04,-0.013685317818556086
1999-08-05,0.009090654390122799
1999-08-06,-0.010905393453012446
1999-08-09,-0.0021574154725931827
1999-08-10,-0.011049188354423811
1999-08-11,0.012143885160384782
1999-08-12,-0.000599312163339305
1999-08-13,0.023171907005388404
1999-08-16,0.004459289951467271
1999-08-17,0.006541461837034301
1999-08-18,-0.007195476256392164
1999-08-19,-0.008183731568769281
1999-08-20,0.010137069451778613
1999-08-23,0.019136232023419852
1999-08-24,0.003664203474777805
1999-08-25,0.01026652978675191
1999-08-26,-0.011969062106653272
1999-08-27,-0.012114055995223638
1999-08-30,-0.018510405991914114
1999-08-31,-0.0037714389443960217
1999-09-01,0.012304644616160765
1999-09-02,-0.011804970105099066
1999-09-03,0.02921379107665323
1999-09-07,-0.003677317504454436
1999-09-08,-0.0048442367587172575
1999-09-09,-0.0004636751764272029
1999-09-10,0.008348844030317215
1999-09-13,-0.006784985328325055
1999-09-14,-0.006599150236965334
1999-09-15,-0.015851050251339815
1999-09-16,0.003907865149151313
1999-09-17,0.012635690484355422
1999-09-20,-0.0014017880942827077
1999-09-21,-0.021058074241788183
1999-09-22,-0.0010749273362189449
1999-09-23,-0.020935558592285797
1999-09-24,-0.0009774922879667303
1999-09-27,0.006604839332243317
1999-09-28,-0.0019447216501460307
1999-09-29,-0.011930718638117455
1999-09-30,0.015278608590866716
1999-10-01,-0.002184197633482543
1999-10-04,0.017756570356666668
1999-10-05,-0.0009551590537726362
1999-10-06,0.015310798234368539
1999-10-07,-0.0056548982521407165
1999-10-08,0.015165673071263042
1999-10-11,-0.0016344240130046206
1999-10-12,-0.01543121966623695
1999-10-13,-0.025884377326906072
1999-10-14,-0.0002444200437003996
1999-10-15,-0.025603139855874035
1999-10-18,0.00725773471569191
1999-10-19,0.009688926151376842
1999-10-20,0.009843041649603812
1999-10-21,0.005847517995419382
1999-10-22,0.008478492433232399
1999-10-25,-0.005044571104969142
1999-10-26,-0.012554103940859318
1999-10-27,0.018093172206765207
1999-10-28,0.034102134000353335
1999-10-29,0.018113749656567313
1999-11-01,-0.010492392567703734
1999-11-02,-0.007146171117169753
1999-11-03,0.006733031191653138
1999-11-04,0.007610576710008532
1999-11-05,0.009842380837569165
1999-11-08,0.0009060641229592381
1999-11-09,-0.009397378197817274
1999-11-10,0.007429401268471469
1999-11-11,0.0056728059730726255
1999-11-12,0.009025484711667087
1999-11-15,0.00234747934623436
1999-11-16,0.008366236498839497
1999-11-17,0.002655145912482171
1999-11-18,0.007060633960074725
1999-11-19,-0.000876145330242939
1999-11-22,-0.00021969949905087383
1999-11-23,-0.008773976174543341
1999-11-24,0.00531112244112153
1999-11-26,-0.0037419048551653455
1999-11-29,-0.0035351271165781073
1999-11-30,-0.011751776648866952
1999-12-01,0.008076890652984892
1999-12-02,0.006009654461385239
1999-12-03,0.018362908595822125
1999-12-06,-0.007386172862426932
1999-12-07,-0.008098165152201853
1999-12-08,-0.00639927317535649
1999-12-09,0.004885291960445182
1999-12-10,0.0033146837416928587
1999-12-13,0.0017632756044676512
1999-12-14,-0.009675191769512925
1999-12-15,0.0053284627984047095
1999-12-16,0.004417713222914843
1999-12-17,0.006421587457641431
1999-12-20,-0.007227181081947309
1999-12-21,0.015221675452683492
1999-12-22,0.0026077994725643983
1999-12-23,0.01592875636500457
1999-12-27,-0.0013862607084442757
1999-12-28,-0.0006411554014866816
1999-12-29,0.004275667979422915
1999-12-30,-0.0011704378240255942
1999-12-31,0.0015975897244118187
2000-01-03,-0.009786530044037955
2000-01-04,-0.039106220082555376
2000-01-05,0.0017886653158889487
2000-01-06,-0.016071332595025245
2000-01-07,0.058076461820002256
2000-01-10,0.0034307329110772056
2000-01-11,-0.011966178275692796
2000-01-12,-0.009948639841374507
2000-01-13,0.01354362306895962
2000-01-14,0.013577103741533758
2000-01-18,-0.007866811480020663
2000-01-19,0.008143956220870274
2000-01-20,-0.015305614496538666
2000-01-21,-0.0021592307788715903
2000-01-24,-0.028342916353046865
2000-01-25,0.011356344926116924
2000-01-26,-0.007926316251791965
2000-01-27,-0.003994865584761698
2000-01-28,-0.031194140687465288
2000-01-31,0.027138854429184178
2000-02-01,0.00985253563162436
2000-02-02,0.000886969947554217
2000-02-03,0.015063832086487094
2000-02-04,-0.004146203855306285
2000-02-07,-0.0015347445799582804
2000-02-08,0.01360884894163994
2000-02-09,-0.021004838197333786
2000-02-10,0.001990934877590611
2000-02-11,-0.02030912307331334
2000-02-14,0.0058584435824446945
2000-02-15,0.011312701187251806
2000-02-16,-0.01473041307295675
2000-02-17,-0.005170970596953484
2000-02-18,-0.02146911399544904
2000-02-22,-0.0025401835806780904
2000-02-23,0.011809142690123897
2000-02-24,-0.020137756211056956
2000-02-25,-0.0036204138603734837
2000-02-28,0.020977515780030043
2000-02-29,0.009642218859700957
2000-03-01,0.007275664286301442
2000-03-02,0.0006777466130039045
2000-03-03,0.018722615929688047
2000-03-06,-0.009742762293889706
2000-03-07,-0.019342677258213925
2000-03-08,-0.0012542844501777228
2000-03-09,0.02922351081713437
2000-03-10,-0.005323406011845555
2000-03-13,-0.010927798449702708
2000-03-14,-0.014204945028348348
2000-03-15,0.023330268294565304
2000-03-16,0.046714059180001044
2000-03-17,0.0066087418963185485
2000-03-20,-0.005104135809652743
2000-03-21,0.020521785133282622
2000-03-22,0.006074689818141854
2000-03-23,0.01707306574005396
2000-03-24,0.0059360969989197265
2000-03-27,-0.010582141138132939
2000-03-28,-0.005758834286477943
2000-03-29,0.001034049841491802
2000-03-30,-0.016738447462737782
2000-03-31,0.011349091776976739
2000-04-03,0.0058189138565889476
2000-04-04,-0.007437983547821436
2000-04-05,-0.006245064730750816
2000-04-06,0.008692711642154238
2000-04-07,0.006333859150764676
2000-04-10,-0.0039205738744318985
2000-04-11,-0.002900536461569292
2000-04-12,-0.02742571623170531
2000-04-13,-0.013885679800125894
2000-04-14,-0.057192516324728326
2000-04-17,0.03492668973400881
2000-04-18,0.026421081296749804
2000-04-19,-0.009301463816670186
2000-04-20,0.004803349642054755
2000-04-24,-0.010865001315710776
2000-04-25,0.04152080834297367
2000-04-26,-0.011285269489900829
2000-04-27,-0.0033068838999044115
2000-04-28,-0.006206484650155275
2000-05-01,0.01356858554041307
2000-05-02,-0.019974544789081117
2000-05-03,-0.02341690627591697
2000-05-04,0.00754891735028318
2000-05-05,0.012119469743117728
2000-05-08,-0.00751103284486121
2000-05-09,-0.008007021564284456
2000-05-10,-0.022556862046771542
2000-05-11,0.02285109455151435
2000-05-12,0.010838395689811264
2000-05-15,0.01728642265683522
2000-05-16,0.009679375746346253
2000-05-17,-0.010438612134853531
2000-05-18,-0.01227117722880744
2000-05-19,-0.015692957012277464
2000-05-22,-0.00752920081402908
2000-05-23,-0.01472599773184724
2000-05-24,0.016304725676592025
2000-05-25,-0.01715717579866105
2000-05-26,0.0011334764811778975
2000-05-30,0.03260953935887145
2000-05-31,0.0021928776051287624
2000-06-01,0.017505400678330174
2000-06-02,0.01741894288517698
2000-06-05,-0.004861239692517394
2000-06-06,-0.004460198146646999
2000-06-07,0.0069336997608999695
2000-06-08,-0.003919432469933315
2000-06-09,-0.00212735299104605
2000-06-12,-0.011724515596676865
2000-06-13,0.01876603393126275
2000-06-14,0.0016933463969259765
2000-06-15,0.0021143575052504637
2000-06-16,-0.008216619858864238
2000-06-19,0.012789714405583075
2000-06-20,-0.0035781895124918917
2000-06-21,-0.0004222005584513244
2000-06-22,-0.015215226418844874
2000-06-23,-0.008583669918882486
2000-06-26,0.01287825980557944
2000-06-27,-0.007372192177606762
2000-06-28,0.002798428352688509
2000-06-29,-0.009445786694692204
2000-06-30,0.007585328219978926
2000-07-03,0.013765938513553566
2000-07-05,-0.018034543873839293
2000-07-06,0.007778694670526054
2000-07-07,0.016080320550655447
2000-07-10,-0.0016879200931706473
2000-07-11,0.0021138157812783387
2000-07-12,0.0065379189896677126
2000-07-13,0.0044008527246286455
2000-07-14,0.0098068218210845
2000-07-17,-0.0016534971412467403
2000-07-18,-0.00817429880992715
2000-07-19,-0.008033023952882967
2000-07-20,0.013882392683203237
2000-07-21,-0.019502481127000926
2000-07-24,-0.005712105329955586
2000-07-25,0.003191035989298374
2000-07-26,-0.009757490572861238
2000-07-27,-0.0034278504752851546
2000-07-28,-0.022570779553346743
2000-07-31,0.006377726671074058
2000-08-01,0.006118453918582789
2000-08-02,0.004996067216077371
2000-08-03,0.006915948276945638
2000-08-04,0.005366083019872736
2000-08-07,0.011955667802704184
2000-08-08,0.003797611448243865
2000-08-09,-0.008406874231313366
2000-08-10,-0.004875755388305092
2000-08-11,0.004686336761705601
2000-08-14,0.012720375558328945
2000-08-15,-0.0008375302507989124
2000-08-16,-0.0035619389412067104
2000-08-17,0.010513524510211925
2000-08-18,-0.0033299057580844504
2000-08-21,0.005428082760049691
2000-08-22,-0.0016614162895599582
2000-08-23,0.003952601681212586
2000-08-24,0.0031069805010688345
2000-08-25,-0.00041238305437152345
2000-08-28,0.003407849517260697
2000-08-29,0.00020629453814446919
2000-08-30,-0.009572598625008033
2000-08-31,0.013303450435127484
2000-09-01,0.0010251711733637592
2000-09-05,-0.007991482870399746
2000-09-06,-0.011361371976008616
2000-09-07,0.008566780838563881
2000-09-08,-0.006836706531590964
2000-09-11,-0.0014600561458028016
2000-09-12,-0.0073115220944491854
2000-09-13,0.0026300012369180337
2000-09-14,0.005036984979942982
2000-09-15,-0.021877592780605748
2000-09-18,-0.009204150725294125
2000-09-19,0.00907367975340323
2000-09-20,-0.007385976886003287
2000-09-21,-0.015205767035700757
2000-09-22,0.01817794653772342
2000-09-25,-0.0070979050357175
2000-09-26,-0.012781632601080783
2000-09-27,0.005266805478536973
2000-09-28,0.01287911636658845
2000-09-29,-0.009482920723912991
2000-10-02,0.0015233480030154567
2000-10-03,-0.00934186739547549
2000-10-04,0.008333325558785631
2000-10-05,0.003479978662388916
2000-10-06,-0.02167349706908639
2000-10-09,-0.007532256098078172
2000-10-10,-0.01651787352201428
2000-10-11,-0.00839742860513526
2000-10-12,-0.024948593617508896
2000-10-13,0.03333426842940446
2000-10-16,0.004542489359374846
2000-10-17,-0.02487565800590319
2000-10-18,-0.003710614909459009
2000-10-19,0.03770932897515067
2000-10-20,0.004262215524441171
2000-10-23,0.004467864933298538
2000-10-24,-0.006671557852404253
2000-10-25,-0.023505507810119064
2000-10-26,0.0027507719894186433
2000-10-27,0.01897587349311558
2000-10-30,0.008975044705581858
2000-10-31,0.017232786585227977
2000-11-01,-0.003387865351459296
2000-11-02,0.0016448896231557875
2000-11-03,0.0005475372890679786
2000-11-06,0.007004049474008456
2000-11-07,-0.00021762474651421115
2000-11-08,-0.022173717987737707
2000-11-09,-0.003779437866655355
2000-11-10,-0.024324841008963594
2000-11-13,-0.007776719891151362
2000-11-14,0.026279182536378842
2000-11-15,0.0031445459094321393
2000-11-16,-0.015674396266292856
2000-11-17,-0.00534489027768037
2000-11-20,-0.014294339438398196
2000-11-21,0.005104271775574709
2000-11-22,-0.023891450447894425
2000-11-24,0.020456272428839517
2000-11-27,0.008806210488256472
2000-11-28,-0.017229452444866844
2000-11-29,-0.0018701881325908776
2000-11-30,-0.008664887140540145
2000-12-01,-0.0004726315885646981
2000-12-04,0.008509106139373612
2000-12-05,0.03280970498003444
2000-12-06,-0.015997622116214805
2000-12-07,-0.01372076499237962
2000-12-08,0.0023383048497016556
2000-12-11,0.03475611708905735
2000-12-12,-0.004282742430309683
2000-12-13,-0.013697562636241889
2000-12-14,-0.012739397462418367
2000-12-15,-0.022586432566214842
2000-12-18,0.013361586687154148
2000-12-19,-0.020366992982918997
2000-12-20,-0.02896316501055496
2000-12-21,0.006931119040024969
2000-12-22,0.029990054717535575
2000-12-26,0.010739432277907746
2000-12-27,0.007320198600582417
2000-12-28,0.003047379856165655
2000-12-29,-0.01892966789620021
2001-01-02,-0.01810423410585793
2001-01-03,0.048034764167771415
2001-01-04,-0.01076327165972868
2001-01-05,-0.03264312533562763
2001-01-08,0.007740881867541294
2001-01-09,-0.0026405607380798335
2001-01-10,0.017568994237485036
2001-01-11,0.0009463143304746513
2001-01-12,-0.001890930439816474
2001-01-16,0.00639250892009291
2001-01-17,0.004586972482972129
2001-01-18,0.009952213484955896
2001-01-19,-0.005680145050695695
2001-01-22,0.006645557130024793
2001-01-23,0.007875740128530762
2001-01-24,0.0029880238013964
2001-01-25,-0.002521019911321698
2001-01-26,-0.0011487257505623516
2001-01-29,0.0053360257914121245
2001-01-30,0.008784252347997734
2001-01-31,-0.005659852401401988
2001-02-01,0.006640981276409219
2001-02-02,-0.02269240798306349
2001-02-05,0.007343859523044616
2001-02-06,-0.0029456404795971114
2001-02-07,-0.00516994435544027
2001-02-08,-0.011656215880632481
2001-02-09,-0.009615247977400987
2001-02-12,0.011453243737715502
2001-02-13,-0.008174386428579483
2001-02-14,-0.0015122658424878699
2001-02-15,0.009692612596765127
2001-02-16,-0.02204862585776579
2001-02-20,-0.015413759692966655
2001-02-21,-0.02157554410672502
2001-02-22,0.0015127828326964021
2001-02-23,-0.006756633160597825
2001-02-26,0.021287159119320886
2001-02-27,-0.009246388554327467
2001-02-28,-0.0196932019868733
2001-03-01,0.005244081076543727
2001-03-02,-0.007945140411659612
2001-03-05,0.00914182490655513
2001-03-06,0.010742323710289492
2001-03-07,0.0071379006940079925
2001-03-08,0.0011026985132500666
2001-03-09,-0.029578743303634636
2001-03-12,-0.042801366014966646
2001-03-13,0.01642963184730828
2001-03-14,-0.019746014676367385
2001-03-15,0.0002543946314130796
2001-03-16,-0.02005704812845832
2001-03-19,0.02034594904767517
2001-03-20,-0.026842685868066263
2001-03-21,-0.01698851164934334
2001-03-22,-0.010154474015394155
2001-03-23,0.030237611824087685
2001-03-26,0.012753548160097994
2001-03-27,0.020441754747448693
2001-03-28,-0.027639540183000078
2001-03-29,0.003825061038652544
2001-03-30,0.010477665022105453
2001-04-02,-0.021338409218977117
2001-04-03,-0.03336251544161439
2001-04-04,0.004166885285089572
2001-04-05,0.037889670156081134
2001-04-06,-0.015211274372589845
2001-04-09,0.011120794370939713
2001-04-10,0.018243672809673095
2001-04-11,0.0006859699015897558
2001-04-12,0.01816146909198424
2001-04-16,-0.010517360894854333
2001-04-17,0.014115797689097986
2001-04-18,0.03974497376525821
2001-04-19,0.013306128065680323
2001-04-20,-0.009152300885573617
2001-04-23,-0.018152753770092622
2001-04-24,-0.005399498181981155
2001-04-25,0.013078189328882939
2001-04-26,0.004465265678868846
2001-04-27,0.01665100490249638
2001-04-30,0.006996038103754376
2001-05-01,0.003078998891791862
2001-05-02,-0.001810478929466175
2001-05-03,-0.012694822911778036
2001-05-04,0.017011503033703246
2001-05-07,-0.008638458949201677
2001-05-08,-0.0004752754441560425
2001-05-09,-0.004200469044599253
2001-05-10,0.002944707383152556
2001-05-11,-0.006903763815203634
2001-05-14,0.001998026457983748
2001-05-15,0.004624656439992991
2001-05-16,0.023575696974593496
2001-05-17,0.001550739254670308
2001-05-18,0.004568346649109989
2001-05-21,0.01472165098556033
2001-05-22,-0.001290926538037751
2001-05-23,-0.01696057068310408
2001-05-24,0.0029399462382735386
2001-05-25,-0.011802624142290719
2001-05-29,-0.007962737185396418
2001-05-30,-0.014006759464470053
2001-05-31,0.005187361175272409
2001-06-01,0.006192327959060995
2001-06-04,0.004813838762382172
2001-06-05,0.011465100265366734
2001-06-06,-0.008307393041486533
2001-06-07,0.0036013984500844476
2001-06-08,-0.009283014630152575
2001-06-11,-0.007086468445511085
2001-06-12,-0.0017447380315249728
2001-06-13,-0.008579518172350253
2001-06-14,-0.02243575393174524
2001-06-15,0.001610516274330509
2001-06-18,-0.004841677585476489
2001-06-19,0.004370261313483503
2001-06-20,0.005255516363804835
2001-06-21,0.011353275254653683
2001-06-22,-0.007833526315865869
2001-06-25,-0.00919857462473872
2001-06-26,-0.0013963172428050896
2001-06-27,-0.000576106031901169
2001-06-28,0.005514828091435442
2001-06-29,0.003683920160344689
2001-07-02,0.012479883372919831
2001-07-03,-0.00024171575713549664
2001-07-05,-0.019499996668845943
2001-07-06,-0.02161378829784577
2001-07-09,0.005459003374824967
2001-07-10,-0.012029450325524604
2001-07-11,0.0010141449356890764
2001-07-12,0.023737457116606242
2001-07-13,0.008664000571885211
2001-07-16,-0.012516436234272676
2001-07-17,0.009361258679518869
2001-07-18,-0.006812144927259678
2001-07-19,0.008759868405417759
2001-07-20,-0.005980155213896943
2001-07-23,-0.01969675618447908
2001-07-24,-0.009668196201846224
2001-07-25,0.011035901212541388
2001-07-26,0.01049509638262447
2001-07-27,0.0038221532355982024
2001-07-30,0.00033088003377046427
2001-07-31,0.004137408606777582
2001-08-01,0.0062635846113681115
2001-08-02,0.004094320891173231
2001-08-03,-0.005464491555032147
2001-08-06,-0.013449109763563394
2001-08-07,0.00390681144602234
2001-08-08,-0.01854771785879128
2001-08-09,0.0029524072556936787
2001-08-10,0.003449303622882649
2001-08-13,0.000251522949359817
2001-08-14,-0.00041916645125894547
2001-08-15,-0.008635194768087828
2001-08-16,0.00346695674345443
2001-08-17,-0.016013119849306312
2001-08-20,0.009249868269559869
2001-08-21,-0.01705841059552815
2001-08-22,0.010360796142011797
2001-08-23,-0.0035889135961550966
2001-08-24,0.020754693907290234
2001-08-27,-0.005964972686507974
2001-08-28,-0.0146230781142912
2001-08-29,-0.008920887444986425
2001-08-30,-0.01921410404633872
2001-08-31,0.007324423931752699
2001-09-04,-0.006395284511642063
2001-09-05,0.0024690797181756707
2001-09-06,-0.025770165186665084
2001-09-07,-0.01850662331604558
2001-09-10,0.012233348847836112
2001-09-17,-0.05224892633860201
2001-09-18,-0.0023968445242562586
2001-09-19,-0.020182534734274116
2001-09-20,-0.031780121935868544
2001-09-21,-0.010789465697967349
2001-09-24,0.03515659897056911
2001-09-25,0.010426938288353726
2001-09-26,-0.0035380189205874712
2001-09-27,0.008679001626937577
2001-09-28,0.021218584724986167
2001-10-01,-0.0016274324903557957
2001-10-02,0.012563609735724235
2001-10-03,0.016764453375295085
2001-10-04,0.0008384748298528866
2001-10-05,-0.0019548762907972694
2001-10-08,-0.006528275537758921
2001-10-09,-0.005350845108554325
2001-10-10,0.022273360947644205
2001-10-11,0.015509643506659954
2001-10-12,-0.00454576778676663
2001-10-15,-0.0018260871650820354
2001-10-16,0.006312345263169039
2001-10-17,-0.021274274954488748
2001-10-18,-0.002136920609795312
2001-10-19,-0.0006513395357097274
2001-10-22,0.019748083907088043
2001-10-23,-0.0051151006700796975
2001-10-24,-0.002662991931446812
2001-10-25,0.0179523859032662
2001-10-26,-0.0022606820438535458
2001-10-29,-0.026015142874765584
2001-10-30,-0.012006138055589144
2001-10-31,-0.0033905966941907284
2001-11-01,0.025613928431112987
2001-11-02,0.006819817538251671
2001-11-05,0.013089514969716998
2001-11-06,0.01553993558948119
2001-11-07,-0.001334495241645639
2001-11-08,0.0031178413651842263
2001-11-09,0.001066124190109763
2001-11-12,-0.006121355556183983
2001-11-13,0.02249398559526483
2001-11-14,0.0009602268694905991
2001-11-15,0.001831155738504453
2001-11-16,-0.004439513383856175
2001-11-19,0.012329781250665528
2001-11-20,-0.008378869208921391
2001-11-21,-0.006620121413086988
2001-11-23,0.014380512446027005
2001-11-26,0.0021610261143509835
2001-11-27,-0.004312320407939496
2001-11-28,-0.018106666134401594
2001-11-29,0.013499065279994227
2001-11-30,-0.007138306030345043
2001-12-03,-0.005962572025284718
2001-12-04,0.016935918822323037
2001-12-05,0.01830209984121378
2001-12-06,-0.0005110637263724405
2001-12-07,-0.006647225598726436
2001-12-10,-0.01870314560817432
2001-12-11,-0.00201076918966403
2001-12-12,0.0011388661661790866
2001-12-13,-0.019426133747385332
2001-12-14,0.009548351907651575
2001-12-17,0.01034221209586117
2001-12-18,0.0059489032874742165
2001-12-19,0.007044991701850023
2001-12-20,-0.009845951139850206
2001-12-21,0.006065898037061368
2001-12-24,-0.0019143522706244198
2001-12-26,0.005491726842765665
2001-12-27,0.0060676062264224395
2001-12-28,-0.0005164226079525935
2001-12-31,-0.014655601567831411
2002-01-02,0.01076081342781654
2002-01-03,0.01133938089330222
2002-01-04,0.006676210024884055
2002-01-07,-0.007056948879551328
2002-01-08,-0.002312024145204483
2002-01-09,-0.008152851440673015
2002-01-10,0.004412731585541563
2002-01-11,-0.009821099329340277
2002-01-14,-0.006263978907472434
2002-01-15,0.008142455633381562
2002-01-16,-0.020234449798829157
2002-01-17,0.007533715284529396
2002-01-18,-0.004573988872468737
2002-01-22,-0.006893718699982121
2002-01-23,0.007652710930207363
2002-01-24,0.0030916102156677283
2002-01-25,-0.0002642682048898948
2002-01-28,0.0027304455840770903
2002-01-29,-0.031442355524808785
2002-01-30,0.014417459488854645
2002-01-31,0.011710258620863945
2002-02-01,-0.004682401157513616
2002-02-04,-0.02485576804775269
2002-02-05,-0.006190657567570423
2002-02-06,-0.004304833612290837
2002-02-07,-0.006256261679256192
2002-02-08,0.019163275517213307
2002-02-11,0.012262797796485092
2002-02-12,-0.0031408404483798114
2002-02-13,0.010622075802085185
2002-02-14,-0.001870085039701208
2002-02-15,-0.010440841178526394
2002-02-19,-0.01920864798986377
2002-02-20,0.016826140022835334
2002-02-21,-0.020707438528624222
2002-02-22,0.012373537590442574
2002-02-25,0.016508574601955983
2002-02-26,-0.0020640301961554197
2002-02-27,0.0038664017326819344
2002-02-28,-0.004478795169682304
2002-03-01,0.023302400967926573
2002-03-04,0.017671230412251715
2002-03-05,-0.003196151092834554
2002-03-06,0.011874410857523277
2002-03-07,-0.0021415220397120738
2002-03-08,0.004205639686843954
2002-03-11,0.002136926618728996
2002-03-12,-0.0005967672687815506
2002-03-13,-0.009644241854049995
2002-03-14,-0.001379038552488332
2002-03-15,0.009528721785429628
2002-03-18,0.0001712555144479655
2002-03-19,0.006685447319273008
2002-03-20,-0.01881686083653722
2002-03-21,0.00043450981764681096
2002-03-22,-0.0021689302262791754
2002-03-25,-0.012430269665379967
2002-03-26,0.005808920836746889
2002-03-27,0.0026259713602501122
2002-03-28,-0.00043591162114497983
2002-04-01,0.000436101722953941
2002-04-02,-0.005498595401639772
2002-04-03,-0.007021894016501773
2002-04-04,-0.004153659939027277
2002-04-05,0.0001775155965770825
2002-04-08,0.00212928273794577
2002-04-09,-0.006994990372565457
2002-04-10,0.01132488035645518
2002-04-11,-0.02486533924468637
2002-04-12,0.007504919055880244
2002-04-15,-0.007629267247726168
2002-04-16,0.02378677369123383
2002-04-17,-0.002120737304394771
2002-04-18,-0.004337443483380277
2002-04-19,0.003645541133924457
2002-04-22,-0.01665479125549374
2002-04-23,-0.00432457815992382
2002-04-24,-0.010043452934181296
2002-04-25,0.0005484147312133647
2002-04-26,-0.01900053153417236
2002-04-29,-0.004935340608978489
2002-04-30,0.009358025486262855
2002-05-01,0.012238395026465732
2002-05-02,-0.0038475320750813724
2002-05-03,-0.010849297748259157
2002-05-06,-0.019613211753018556
2002-05-07,-0.003508338997417204
2002-05-08,0.037202590403092595
2002-05-09,-0.011557883112244705
2002-05-10,-0.018840323777845613
2002-05-13,0.020336200252000447
2002-05-14,0.02178612963090254
2002-05-15,-0.0039010985521936714
2002-05-16,0.005191149459701894
2002-05-17,0.004893568512700286
2002-05-20,-0.010820606228643781
2002-05-21,-0.009115972660408644
2002-05-22,0.0022082056108547743
2002-05-23,0.010647880452951064
2002-05-24,-0.01280665368474665
2002-05-28,-0.00542835916013229
2002-05-29,-0.0074009189777094475
2002-05-30,-0.0027956647351553565
2002-05-31,0.0020561456592831373
2002-06-03,-0.026581112561107734
2002-06-04,0.002491564642582489
2002-06-05,0.009366432475620412
2002-06-06,-0.020358166512573383
2002-06-07,-0.0011603670887788686
2002-06-10,0.0038713122720048787
2002-06-11,-0.017158411532465112
2002-06-12,0.006081141770522436
2002-06-13,-0.010041054912694802
2002-06-14,-0.0014772722493835433
2002-06-17,0.026824912263214706
2002-06-18,0.008163136956082395
2002-06-19,-0.023340015319823326
2002-06-20,-0.01277785659057984
2002-06-21,-0.015636490222944777
2002-06-24,0.005238438618082819
2002-06-25,-0.022445192055527974
2002-06-26,0.001640047649230647
2002-06-27,0.01749878785591319
2002-06-28,-0.0047270863910868766
2002-07-01,-0.019502378113720464
2002-07-02,-0.021230202108887597
2002-07-03,0.005686531624610414
2002-07-05,0.03978579606774191
2002-07-08,-0.012486237998088012
2002-07-09,-0.025186795876640633
2002-07-10,-0.03640055642351181
2002-07-11,0.008140893053619536
2002-07-12,-0.01098315914325132
2002-07-15,0.005334829899166449
2002-07-16,-0.019276711415436187
2002-07-17,0.001987751975546681
2002-07-18,-0.032400015034084295
2002-07-19,-0.03519331160462047
2002-07-22,-0.02963142312692013
2002-07-23,-0.027372009263861297
2002-07-24,0.05966273217852969
2002-07-25,-0.008498951183461112
2002-07-26,0.019048051293742763
2002-07-29,0.04871490005545431
2002-07-30,0.013033130342035903
2002-07-31,0.0024192717070521397
2002-08-01,-0.026108154890239432
2002-08-02,-0.022414708423639573
2002-08-05,-0.0347970638353543
2002-08-06,0.0336640520848519
2002-08-07,0.017438888734164104
2002-08-08,0.03234936444097891
2002-08-09,0.0037376884002786603
2002-08-12,-0.0073388307065321845
2002-08-13,-0.01820763078120813
2002-08-14,0.036528886483651046
2002-08-15,0.01387979204699552
2002-08-16,-0.0029950563679748132
2002-08-19,0.02338581413037666
2002-08-20,-0.010586807509357699
2002-08-21,0.014407887028800026
2002-08-22,0.009712771336555681
2002-08-23,-0.021514319423425188
2002-08-26,0.006976706406753408
2002-08-27,-0.011546806311622082
2002-08-28,-0.021878174159752573
2002-08-29,0.00043460768409753214
2002-08-30,-0.00390713982059121
2002-09-03,-0.03813421842491638
2002-09-04,0.014272480321508407
2002-09-05,-0.008487953208591859
2002-09-06,0.01374217702555125
2002-09-09,0.007333157675729396
2002-09-10,0.011471386144352502
2002-09-11,-0.006215981975740692
2002-09-12,-0.018434836798016052
2002-09-13,0.0024589749048835596
2002-09-16,0.0024538660073278873
2002-09-17,-0.022916781463839242
2002-09-18,-0.010019338517190168
2002-09-19,-0.02587667843461261
2002-09-20,0.00033196275122526764
2002-09-23,-0.0081806511454251
2002-09-24,-0.016137255932180627
2002-09-25,0.024785349651247124
2002-09-26,0.01635976755110935
2002-09-27,-0.0347602715044556
2002-09-30,-0.011601206903822048
2002-10-01,0.04804974468359413
2002-10-02,-0.029981213646360083
2002-10-03,-0.010102586290963722
2002-10-04,-0.018344677477042604
2002-10-07,-0.02066864966773907
2002-10-08,0.015670938839717152
2002-10-09,-0.028244431244496493
2002-10-10,0.0323942711157148
2002-10-11,0.04377979295143963
2002-10-14,0.00558473562927797
2002-10-15,0.04809197835693757
2002-10-16,-0.024239673757145086
2002-10-17,0.019873356541170617
2002-10-18,0.00419196385270304
2002-10-21,0.01726066747886046
2002-10-22,-0.00720861972450848
2002-10-23,0.0075957346462218744
2002-10-24,-0.02039894627320249
2002-10-25,0.020823728389834484
2002-10-28,-0.00654042046650527
2002-10-29,-0.011605682843318088
2002-10-30,0.009709513178325802
2002-10-31,-0.010176022053454248
2002-11-01,0.01976923056980673
2002-11-04,0.009527517674852604
2002-11-05,0.007900816181127812
2002-11-06,0.012955979919586191
2002-11-07,-0.024505180510379976
2002-11-08,-0.012230412195012863
2002-11-11,-0.015504909366153785
2002-11-12,0.007931185410901653
2002-11-13,0.001011568512616634
2002-11-14,0.018866019458021244
2002-11-15,0.0073850245925359825
2002-11-18,-0.010066005591402694
2002-11-19,-0.0013264464255728914
2002-11-20,0.022243840952079763
2002-11-21,0.018621632869680882
2002-11-22,-0.00712073695437343
2002-11-25,0.0006422249150261905
2002-11-26,-0.019041871041467706
2002-11-27,0.028134819924600984
2002-11-29,-0.003181461517509865
2002-12-02,0.0015952442461821814
2002-12-03,-0.013385198197128134
2002-12-04,-0.0045220106901400214
2002-12-05,-0.011033394495599702
2002-12-06,0.006562806831106327
2002-12-09,-0.02749191231928516
2002-12-10,0.013408598510427527
2002-12-11,0.0008819363934029489
2002-12-12,-0.00011025834288125314
2002-12-13,-0.015754419749945958
2002-12-16,0.025856304684021447
2002-12-17,-0.008728849774976344
2002-12-18,-0.011557782370100633
2002-12-19,-0.007126536202111899
2002-12-20,0.014269051806902189
2002-12-23,0.0003333485377918777
2002-12-24,-0.007442324812263701
2002-12-26,0.00044714571222459476
2002-12-27,-0.022485575793417367
2002-12-30,0.008354191000611744
2002-12-31,0.001362110622841195
2003-01-02,0.03218845410842186
2003-01-03,0.0030739280071503394
2003-01-06,0.017625471722241493
2003-01-07,-0.002474628538011392
2003-01-08,-0.014450347645916684
2003-01-09,0.015537704609015712
2003-01-10,0.002693709206346595
2003-01-13,-0.0003223515466675986
2003-01-14,0.0032244919642303582
2003-01-15,-0.009964242362908937
2003-01-16,-0.004112516473513517
2003-01-17,-0.014779273357059752
2003-01-21,-0.015552882325301276
2003-01-22,-0.01210135938218826
2003-01-23,0.00612526295907756
2003-01-24,-0.02626578850666883
2003-01-27,-0.013660716924619565
2003-01-28,0.007394984064898358
2003-01-29,0.0075728617267436515
2003-01-30,-0.0237047264756699
2003-01-31,0.019306145035740574
2003-02-03,0.0019750090289625266
2003-02-04,-0.009857617473648106
2003-02-05,-0.00620732034337812
2003-02-06,-0.0047143297529878
2003-02-07,-0.01219599966385132
2003-02-10,0.007072224743345457
2003-02-11,-0.006904207750611846
2003-02-12,-0.015941122374217853
2003-02-13,0.003044962136427465
2003-02-14,0.021857841511930376
2003-02-18,0.01758762604241504
2003-02-19,-0.0052552338473411675
2003-02-20,-0.009978926030477009
2003-02-21,0.010079508702240059
2003-02-24,-0.01620027035395144
2003-02-25,0.00799472133455259
2003-02-26,-0.01456132833786472
2003-02-27,0.013214753335976992
2003-02-28,0.006639540675309696
2003-03-03,-0.009540701941742613
2003-03-04,-0.015935078962338034
2003-03-05,0.008459249690133008
2003-03-06,-0.008388291041737439
2003-03-07,0.0068883321016017796
2003-03-10,-0.024003857416429186
2003-03-11,-0.009837944586333025
2003-03-12,0.006706478954196182
2003-03-13,0.034542389317192335
2003-03-14,0.0032193710251440244
2003-03-17,0.03149927506711836
2003-03-18,0.0058768143597371925
2003-03-19,0.0076752849411885204
2003-03-20,0.002160420024050591
2003-03-21,0.02134499317094929
2003-03-24,-0.03323322101970949
2003-03-25,0.009574403959413447
2003-03-26,-0.005027007194499666
2003-03-27,0.0008037476702469348
2003-03-28,-0.005049084191822595
2003-03-31,-0.02271941868678562
2003-04-01,0.015340949954456562
2003-04-02,0.024175471108529356
2003-04-03,-0.004767423159931727
2003-04-04,0.005930602205299396
2003-04-07,-0.001927641167206895
2003-04-08,0.0015904494609382258
2003-04-09,-0.013154335005264972
2003-04-10,0.005516020006009592
2003-04-11,-0.0041136872102222055
2003-04-14,0.02065366534736901
2003-04-15,0.009331076483526157
2003-04-16,-0.017041487230138763
2003-04-17,0.014844387828268024
2003-04-21,0.001004848879350373
2003-04-22,0.01885119596585194
2003-04-23,0.009196227062507445
2003-04-24,-0.008895481133544991
2003-04-25,-0.012369090220360035
2003-04-28,0.017289240660226746
2003-04-29,0.003486202310288178
2003-04-30,-0.0021712355984371268
2003-05-01,-0.00010901374918459439
2003-05-02,0.014255069977576751
2003-05-05,-0.0019313131515373838
2003-05-06,0.009459347549447106
2003-05-07,-0.005537182188956269
2003-05-08,-0.010065288424862096
2003-05-09,0.013845380736930757
2003-05-12,0.01226869688751897
2003-05-13,-0.0017911663535609135
2003-05-14,-0.0021118145292963186
2003-05-15,0.006348542642916621
2003-05-16,-0.002523458481617835
2003-05-19,-0.02340053535309261
2003-05-20,-0.0020506895095693256
2003-05-21,0.0020549034785759535
2003-05-22,0.009929710788447288
2003-05-23,0.002030589292233209
2003-05-27,0.017491535882075304
2003-05-28,0.002830559626983753
2003-05-29,-0.002613172554976506
2003-05-30,0.016034270072526446
2003-06-02,0.004125983469477568
2003-06-03,0.004108430600957558
2003-06-04,0.014424872833051827
2003-06-05,0.004941357840623883
2003-06-06,-0.003913820337889895
2003-06-09,-0.010175234004529798
2003-06-10,0.010178091975485026
2003-06-11,0.010579477944642424
2003-06-12,0.0030909257100966148
2003-06-13,-0.010436929700481823
2003-06-16,0.02109354753903525
2003-06-17,0.0
2003-06-18,-0.0008861079883730749
2003-06-19,-0.01526001792161824
2003-06-20,-0.002207804142163372
2003-06-23,-0.010257238574940208
2003-06-24,0.0010160194285966373
2003-06-25,-0.010048194243540087
2003-06-26,0.01302085567665845
2003-06-27,-0.011538476016334953
2003-06-30,-0.0003065591155103631
2003-07-01,0.009218283335343136
2003-07-02,0.012585564570464447
2003-07-03,-0.01032429821820846
2003-07-07,0.019850334462233832
2003-07-08,0.004468682234440413
2003-07-09,-0.005635026579750346
2003-07-10,-0.012726538874366033
2003-07-11,0.00946599046987151
2003-07-14,0.004888730227541327
2003-07-15,-0.002184120555147384
2003-07-16,-0.005870372173362837
2003-07-17,-0.014210798001164537
2003-07-18,0.01025329106112749
2003-07-21,-0.012360126786223335
2003-07-22,0.009055142319927212
2003-07-23,0.0007057411964292992
2003-07-24,-0.007557066810166879
2003-07-25,0.017666690345920832
2003-07-28,-0.00369094442537643
2003-07-29,-0.004606593686938054
2003-07-30,-0.0024148020243507373
2003-07-31,0.002319498969469702
2003-08-01,-0.008854271115863899
2003-08-04,0.0
2003-08-05,-0.02121569097053655
2003-08-06,0.005808039503106155
2003-08-07,0.010517537178031278
2003-08-08,0.0028572590781985596
2003-08-11,0.003764648841692031
2003-08-12,0.009123087698298837
2003-08-13,-0.005122949743117
2003-08-14,0.002725867116530445
2003-08-15,0.0031218544911064683
2003-08-18,0.008632697034169912
2003-08-19,0.003781926815199288
2003-08-20,-0.004065432245292544
2003-08-21,0.0031861588944313013
2003-08-22,-0.009923364696598713
2003-08-25,0.001603120785284462
2003-08-26,0.001801293004591198
2003-08-27,0.00029952090586271574
2003-08-28,0.006191726970721678
2003-08-29,0.006748110600545365
2003-09-02,0.013407361663758444
2003-09-03,0.005447919168019899
2003-09-04,0.00048350462140467343
2003-09-05,-0.005608640435168621
2003-09-08,0.008265900343995325
2003-09-09,-0.0065585082991898025
2003-09-10,-0.01009746431647418
2003-09-11,0.0029423448367051908
2003-09-12,0.0018579916142615893
2003-09-15,-0.003513631615583046
2003-09-16,0.01459451330542616
2003-09-17,-0.0019302487129337909
2003-09-18,0.01180118986590406
2003-09-19,-0.0050867252149505715
2003-09-22,-0.010803621763458726
2003-09-23,0.0038028475746121337
2003-09-24,-0.01777690151122613
2003-09-25,-0.008209020338254103
2003-09-26,-0.0032907668376876975
2003-09-29,0.009804698341388418
2003-09-30,-0.009709499626504803
2003-10-01,0.021310310987924908
2003-10-02,0.00362493898134697
2003-10-03,0.009175113349773056
2003-10-06,0.004545848004177344
2003-10-07,0.0038510835582687974
2003-10-08,-0.002493873309059369
2003-10-09,0.0026926983101391855
2003-10-10,0.0027807264106503027
2003-10-13,0.0031563173124138366
2003-10-14,0.0035268266738244236
2003-10-15,-0.002659662218609027
2003-10-16,0.004000408013607792
2003-10-17,-0.010910196843310627
2003-10-20,0.007481508881078458
2003-10-21,-0.001713172414386066
2003-10-22,-0.01258901994998618
2003-10-23,-0.0018342675939684305
2003-10-24,0.002224904569730679
2003-10-27,0.00048275667811537026
2003-10-28,0.013606186224667915
2003-10-29,0.0013329083193187596
2003-10-30,0.0020920808367002053
2003-10-31,-0.0009490603917664542
2003-11-03,0.006552538558945109
2003-11-04,-0.0021704705245843003
2003-11-05,0.0007565551049844021
2003-11-06,0.00529144458088826
2003-11-07,-0.007424611084675736
2003-11-10,-0.004071858886952939
2003-11-11,-0.00028487347181838096
2003-11-12,0.011221575691298558
2003-11-13,0.00028233691341195133
2003-11-14,-0.008461620855292673
2003-11-17,-0.005026171044169692
2003-11-18,-0.010387681354109168
2003-11-19,0.008474529027447275
2003-11-20,-0.00897600685992106
2003-11-21,0.0041434371574420314
2003-11-24,0.013242150416261422
2003-11-25,0.0037883161313079228
2003-11-26,0.0035858095576510873
2003-11-28,0.0007514538193316156
2003-12-01,0.010803717207856778
2003-12-02,-0.002509317540087652
2003-12-03,-0.0015843906454935386
2003-12-04,0.0041065270432345535
2003-12-05,-0.006970589520153392
2003-12-08,0.006738448532605856
2003-12-09,-0.007715929794833154
2003-12-10,-9.349770127986545e-05
2003-12-11,0.011242902405306898
2003-12-12,0.0019459873464160449
2003-12-15,-0.004993254572260852
2003-12-16,0.005204028250346937
2003-12-17,0.0031437166289860485
2003-12-18,0.011243775806978995
2003-12-19,-0.0027835148472591387
2003-12-22,0.006978793052803134
2003-12-23,0.0006384739841291953
2003-12-24,-0.0010022560211758735
2003-12-26,0.000729530084864205
2003-12-29,0.013309155241229664
2003-12-30,0.00017985583544066763
2003-12-31,0.0008995320443392352
2004-01-02,-0.0004494135825832135
2004-01-05,0.010878419474614764
2004-01-06,0.0009778948819367805
2004-01-07,0.0033765946295765126
2004-01-08,0.00398460564699743
2004-01-09,-0.008731239837276528
2004-01-12,0.007384738671542657
2004-01-13,-0.005829390484890951
2004-01-14,0.008350542397770333
2004-01-15,0.002467796659727961
2004-01-16,0.003954634724949946
2004-01-20,-0.0002624827600677948
2004-01-21,0.00788058641249667
2004-01-22,-0.002605989069462633
2004-01-23,-0.0032228858218318335
2004-01-26,0.012583793268181154
2004-01-27,-0.010270051158815519
2004-01-28,-0.011423234427760609
2004-01-29,0.0009702797202797431
2004-01-30,0.0
2004-02-02,0.004318057796011576
2004-02-03,-0.001666857085659279
2004-02-04,-0.008174106824560434
2004-02-05,0.0029239458554866093
2004-02-06,0.011221444957537852
2004-02-09,0.00026238093684693986
2004-02-10,0.003231290633967987
2004-02-11,0.010623034480765847
2004-02-12,-0.003618390681355832
2004-02-13,-0.004496594001173526
2004-02-17,0.00903370928665348
2004-02-18,-0.004390366369085408
2004-02-19,-0.003717795824105141
2004-02-20,-0.003037556498550864
2004-02-23,-0.002524214251172996
2004-02-24,-0.0017456276848365482
2004-02-25,0.004195966219112446
2004-02-26,0.0006098167760906215
2004-02-27,0.0006961649870917963
2004-03-01,0.009911145427617729
2004-03-02,-0.005854063084047234
2004-03-03,0.0018185885796828671
2004-03-04,0.0025932960567776053
2004-03-05,0.0033619885375870684
2004-03-08,-0.012201164203370252
2004-03-09,-0.004001249751538261
2004-03-10,-0.01676874019080221
2004-03-11,-0.01296847861321826
2004-03-12,0.013138869764764527
2004-03-15,-0.012257924717930524
2004-03-16,0.00530596362622715
2004-03-17,0.011181608050395031
2004-03-18,0.0002654498110250536
2004-03-19,-0.014333543136580307
2004-03-22,-0.012695877735112715
2004-03-23,-0.0017321310626289277
2004-03-24,0.0008219343919064759
2004-03-25,0.013235430691054928
2004-03-26,0.0002709358459296318
2004-03-29,0.01404999465307788
2004-03-30,0.0033748208178203676
2004-03-31,0.0011511421719028192
2004-04-01,0.0060120535505787664
2004-04-02,0.00755838744039905
2004-04-05,0.005495173630698957
2004-04-06,-0.0032097907733632525
2004-04-07,-0.0023495601895158202
2004-04-08,-0.0022678419628998636
2004-04-12,0.00393434564470474
2004-04-13,-0.014022070842915402
2004-04-14,0.001589823506667365
2004-04-15,-0.003791838276472115
2004-04-16,0.0077017952388218625
2004-04-19,0.0
2004-04-20,-0.016779564430410288
2004-04-21,0.0067014028253498115
2004-04-22,0.014023334038597124
2004-04-23,0.0009626587311477586
2004-04-26,-0.0013991215677391367
2004-04-27,0.0008753996411525744
2004-04-28,-0.012948018852551701
2004-04-29,-0.008775068078915038
2004-04-30,-0.007779516530817987
2004-05-03,0.010724497328318927
2004-05-04,-0.000802322352561502
2004-05-05,0.006424859911226877
2004-05-06,-0.008600713271104565
2004-05-07,-0.016546097843502472
2004-05-10,-0.010276287553928176
2004-05-11,0.008453473713176507
2004-05-12,0.006378456108734776
2004-05-13,-0.004165364935975635
2004-05-14,0.00045497539290950684
2004-05-17,-0.008542509791923059
2004-05-18,0.005041029209867265
2004-05-19,-0.0034653093629014586
2004-05-20,0.00320308000102143
2004-05-21,0.001733023643349041
2004-05-24,0.004189225718443268
2004-05-25,0.014328028769564627
2004-05-26,0.0034869812351849827
2004-05-27,0.005613187481444015
2004-05-28,-8.830697621042827e-05
2004-06-01,-0.00132909666601555
2004-06-02,0.0037259751674330044
2004-06-03,-0.009193169013891556
2004-06-04,0.007940547162307743
2004-06-07,0.015223709816383435
2004-06-08,0.0013951745940468108
2004-06-09,-0.009315931278211287
2004-06-10,0.004921758649759633
2004-06-14,-0.009882471176125729
2004-06-15,0.007066149037518565
2004-06-16,-0.00017533617261777934
2004-06-17,-0.0014912735566828816
2004-06-18,0.0018870263758996586
2004-06-21,-0.0037845648515650865
2004-06-22,0.0050355414910143725
2004-06-23,0.008613729915811552
2004-06-24,-0.0031372307380612696
2004-06-25,-0.004807822621160973
2004-06-28,-0.0034261265212544023
2004-06-29,0.0041430337995800315
2004-06-30,0.005354321440465437
2004-07-01,-0.01388247744801685
2004-07-02,-0.0005314369900203397
2004-07-06,-0.00877023075879102
2004-07-07,0.002949310169409136
2004-07-08,-0.006950968035823957
2004-07-09,0.0026023999408639753
2004-07-12,0.0004476944962248375
2004-07-13,0.0007154584051520807
2004-07-14,-0.0030395982387145803
2004-07-15,-0.0064556789045341345
2004-07-16,-0.0008126549478449929
2004-07-19,-0.004245674311732728
2004-07-20,0.012700208004812197
2004-07-21,-0.018452661865342557
2004-07-22,0.002738035737088085
2004-07-23,-0.008372646384127824
2004-07-26,-0.0019275510860889966
2004-07-27,0.009379360147356186
2004-07-28,0.0030062710294616046
2004-07-29,0.004268781406780553
2004-07-30,0.0024417954926430063
2004-08-02,0.002075291000080748
2004-08-03,-0.007742763808002651
2004-08-04,-9.073226020805958e-05
2004-08-05,-0.016334223192335684
2004-08-06,-0.01429875073539233
2004-08-09,0.0014039956912150764
2004-08-10,0.012896683251762298
2004-08-11,-0.002029815099763743
2004-08-12,-0.010909439791756625
2004-08-13,0.001962798902252816
2004-08-16,0.010355888538694957
2004-08-17,0.0056320660973328
2004-08-18,0.010283734508793385
2004-08-19,-0.002908286802893456
2004-08-20,0.00701864306859723
2004-08-23,-0.0025342948437476753
2004-08-24,0.001361107399471928
2004-08-25,0.006796182840532516
2004-08-26,0.0
2004-08-27,0.0031507060073598936
2004-08-30,-0.00825480281162827
2004-08-31,0.005247339066109635
2004-09-01,0.0018900469438027923
2004-09-02,0.011318477322242781
2004-09-03,-0.004085923812079062
2004-09-07,0.006600525017411263
2004-09-08,-0.0024814590062526287
2004-09-09,-0.0008879173323251832
2004-09-10,0.005156572333451015
2004-09-13,0.0032721645507647334
2004-09-14,0.0020278040336798586
2004-09-15,-0.0075662275171106685
2004-09-16,0.003013760265630383
2004-09-17,0.004251566793830319
2004-09-20,-0.006010048668454782
2004-09-21,0.004357127205523392
2004-09-22,-0.012481802603600767
2004-09-23,-0.0053795302073061935
2004-09-24,0.004596531159367201
2004-09-27,-0.006369819365894647
2004-09-28,0.0047858974457895
2004-09-29,0.005032178069561466
2004-09-30,-0.0007153704711329034
2004-10-01,0.016911222504608414
2004-10-04,0.001672222193817241
2004-10-05,0.0005267513732516438
2004-10-06,0.006848063969948415
2004-10-07,-0.010725521085026779
2004-10-08,-0.008285363010758662
2004-10-11,0.00408771953453968
2004-10-12,-0.003893872999710335
2004-10-13,-0.008797690183604323
2004-10-14,-0.008069101326861672
2004-10-15,0.005603376855310094
2004-10-18,0.003774916192907707
2004-10-19,-0.008416576998192316
2004-10-20,-0.001986861465721579
2004-10-21,0.00651481983885005
2004-10-22,-0.011237262414741322
2004-10-25,-0.0011816415152192672
2004-10-26,0.015292602358010221
2004-10-27,0.012013709290074726
2004-10-28,0.0030116556939794314
2004-10-29,-0.00017701498196842635
2004-11-01,0.0027386318194413395
2004-11-02,0.0003523225483821335
2004-11-03,0.012593754026200443
2004-11-04,0.013654685570928526
2004-11-05,0.0062629059707739465
2004-11-08,-0.0014489948939809816
2004-11-09,-0.001964405643003597
2004-11-10,0.0007697229816121531
2004-11-11,0.007609584603042396
2004-11-12,0.007890468262908845
2004-11-15,0.0024568683642254285
2004-11-16,-0.007158788570700292
2004-11-17,0.005938032715508301
2004-11-18,0.0013491678614669933
2004-11-19,-0.011116427290310926
2004-11-22,0.004768688149273004
2004-11-23,0.0015262675743197285
2004-11-24,0.002370084480648016
2004-11-26,-0.0007606966796084302
2004-11-29,-0.0045625673471338946
2004-11-30,0.0006791376119099635
2004-12-01,0.01136655788053198
2004-12-02,0.0008384541763355458
2004-12-03,-0.0006702014078989738
2004-12-06,-0.00033542070244008126
2004-12-07,-0.009311643203798403
2004-12-08,0.005842903492967899
2004-12-09,0.003535603192304171
2004-12-10,0.001006409151967036
2004-12-13,0.008715474274594959
2004-12-14,0.003489383348488584
2004-12-15,0.0007447689363544452
2004-12-16,-0.0005789067252515157
2004-12-17,-0.0066695584887311865
2004-12-20,0.00025133336848526255
2004-12-21,0.007700414733084804
2004-12-22,0.00240897570259202
2004-12-23,0.0007455031134147028
2004-12-27,-0.0020698818475602954
2004-12-28,0.005476032530466579
2004-12-29,0.0014851346114928
2004-12-30,-0.0018948216531028406
2004-12-31,-0.002146058956088104
2005-01-03,-0.004716685055894954
2005-01-04,-0.012218938612347907
2005-01-05,-0.0069005729655451375
2005-01-06,0.005084034160938389
2005-01-07,-0.0014325687469513015
2005-01-10,0.004727538393230812
2005-01-11,-0.006890620871335407
2005-01-12,0.003299777779244728
2005-01-13,-0.008011474333844859
2005-01-14,0.005270653422021931
2005-01-18,0.010403036129776
2005-01-19,-0.010463156782961391
2005-01-20,-0.006090520275098155
2005-01-21,-0.006127938248334575
2005-01-24,-0.001969134794818972
2005-01-25,0.002831280699290062
2005-01-26,0.0029945127524839688
2005-01-27,0.001705986268006443
2005-01-28,0.0
2005-01-31,0.006216707215293438
2005-02-01,0.00634680803219001
2005-02-02,0.00302792385918238
2005-02-03,-0.0025992971024364486
2005-02-04,0.010675966491281219
2005-02-07,-0.0013308849764415154
2005-02-08,0.0011658879327538507
2005-02-09,-0.0074868166168238215
2005-02-10,0.0036040024802512782
2005-02-11,0.008602208818409007
2005-02-14,-0.0007449477525458548
2005-02-15,0.0037286398648443964
2005-02-16,0.0006601247852400238
2005-02-17,-0.008084925297088708
2005-02-18,0.0013309790186246673
2005-02-22,-0.014868310737016
2005-02-23,0.007167068057306825
2005-02-24,0.00661306346965862
2005-02-25,0.009897118861717624
2005-02-28,-0.0065877330544418244
2005-03-01,0.004973236248733137
2005-03-02,-0.0004947786166474843
2005-03-03,0.00041253517186601307
2005-03-04,0.01245685720369849
2005-03-07,0.0004888234831317284
2005-03-08,-0.003746337456744686
2005-03-09,-0.011117031625560214
2005-03-10,0.002231708695139778
2005-03-11,-0.007010726808366452
2005-03-14,0.006229902310165514
2005-03-15,-0.008255356793014923
2005-03-16,-0.008489995590822752
2005-03-17,0.002014835002221993
2005-03-18,-0.0029690484068658485
2005-03-21,-0.0037118400553032282
2005-03-22,-0.010160811812129689
2005-03-23,0.0008557151695889331
2005-03-24,0.0011962261361211368
2005-03-28,0.0014515046778023066
2005-03-29,-0.006649271680145286
2005-03-30,0.014159396039478578
2005-03-31,-0.0018614783013841674
2005-04-01,-0.004493332849583864
2005-04-04,0.0017035147723944988
2005-04-05,0.0047604275576287325
2005-04-06,0.0034687864488438525
2005-04-07,0.005396673036063948
2005-04-08,-0.010399067116812155
2005-04-11,0.0007625061167995106
2005-04-12,0.0051656216780817665
2005-04-13,-0.011794928480579392
2005-04-14,-0.013043040352917257
2005-04-15,-0.013993381642775304
2005-04-18,0.0030664659453565335
2005-04-19,0.007947355861776195
2005-04-20,-0.013950082377612194
2005-04-21,0.019420207411207757
2005-04-22,-0.0037926913196618672
2005-04-25,0.006575430145239425
2005-04-26,-0.009713807947481445
2005-04-27,0.003906273677311445
2005-04-28,-0.012537602387076019
2005-04-29,0.013572637798886511
2005-05-02,0.0056155619779925114
2005-05-03,0.001717911317847376
2005-05-04,0.007718647191436778
2005-05-05,-0.0003399824650712757
2005-05-06,-0.0031495748917669264
2005-05-09,0.006233927277036422
2005-05-10,-0.010355015869431994
2005-05-11,0.005489144188436601
2005-05-12,-0.011003083726127905
2005-05-13,-0.001983143908138807
2005-05-16,0.00933259184657853
2005-05-17,0.0066782100376028275
2005-05-18,0.010290707826560608
2005-05-19,0.004209269437615015
2005-05-20,-0.0014250602327283701
2005-05-23,0.005540365513415857
2005-05-24,-0.002337490355266536
2005-05-25,-0.0007533119620058981
2005-05-26,0.005359875538611947
2005-05-27,0.0016662424679714238
2005-05-31,-0.0064040953542140455
2005-06-01,0.00853752350547854
2005-06-02,0.002157810968207219
2005-06-03,-0.0050514084777636414
2005-06-06,-0.000915900190407104
2005-06-07,0.0007502986839891257
2005-06-08,-0.0018315425261280494
2005-06-09,0.0047536917612411855
2005-06-10,-0.002324375940348622
2005-06-13,0.00316107651066333
2005-06-14,0.0023222630048083115
2005-06-15,0.0019033232909926312
2005-06-16,0.0025602570022940085
2005-06-17,0.003704919352878644
2005-06-20,0.0003292320131826898
2005-06-21,0.0005770289798829875
2005-06-22,0.000822981043824722
2005-06-23,-0.01406553724696169
2005-06-24,-0.007341982707802064
2005-06-27,0.0014284980265288905
2005-06-28,0.008392881367963456
2005-06-29,-0.002663275340396898
2005-06-30,-0.0054243675767968735
2005-07-01,0.0029367215657218892
2005-07-05,0.008031644218384537
2005-07-06,-0.008382581301040082
2005-07-07,0.003933617724722449
2005-07-08,0.011421606395785266
2005-07-11,0.0051101409239082685
2005-07-12,0.0026241805817444064
2005-07-13,0.0013907252625822153
2005-07-14,0.003920653493556747
2005-07-15,-0.0005695746734665219
2005-07-18,-0.003989020969480728
2005-07-19,0.005476111848736531
2005-07-20,0.003414027987698409
2005-07-21,-0.005832680421345882
2005-07-22,0.006681955621204327
2005-07-25,-0.002833622812370651
2005-07-26,0.0012182379666105803
2005-07-27,0.003648266211843776
2005-07-28,0.006301067557807016
2005-07-29,-0.006663043167010718
2005-08-01,-0.0007269321423938324
2005-08-02,0.005984702182800117
2005-08-03,0.0026525706037823227
2005-08-04,-0.008017964038465775
2005-08-05,-0.006789241479380426
2005-08-08,-0.0018721769349152595
2005-08-09,0.006033774283394466
2005-08-10,-0.00048608684363726784
2005-08-11,0.00397280700916669
2005-08-12,-0.006138194534093366
2005-08-15,0.006176104665996274
2005-08-16,-0.013002670217897916
2005-08-17,-8.178141397585659e-05
2005-08-18,-8.197168993406834e-05
2005-08-19,0.0022912644247117253
2005-08-22,0.0
2005-08-23,-0.0018778958297670512
2005-08-24,-0.008917035433961051
2005-08-25,0.0036319045397787963
2005-08-26,-0.006826346311033071
2005-08-29,0.007701550072569008
2005-08-30,-0.005259418850670827
2005-08-31,0.012639600870316237
2005-09-01,-0.0007345432050864797
2005-09-02,-0.001795628567527463
2005-09-06,0.01169524171245695
2005-09-07,0.0016977208175104064
2005-09-08,-0.0033091180078881344
2005-09-09,0.008907170223437122
2005-09-12,-0.002006578885179744
2005-09-13,-0.005548784052062827
2005-09-14,-0.003639007416438078
2005-09-15,-0.00048697915694617677
2005-09-16,0.007110955091744087
2005-09-19,-0.0033200494575129635
2005-09-20,-0.008449051157099596
2005-09-21,-0.009340213572961109
2005-09-22,0.0035562502511574667
2005-09-23,0.0008243290003360215
2005-09-26,0.0011524662225301796
2005-09-27,-0.0002466727656545986
2005-09-28,0.0009874858725471558
2005-09-29,0.00813702322617238
2005-09-30,0.00309810179115666
2005-10-03,-0.003576205893740525
2005-10-04,-0.011256910525700548
2005-10-05,-0.01311589546979064
2005-10-06,-0.0035943934669935285
2005-10-07,0.0034396278638810784
2005-10-10,-0.008444599295456934
2005-10-11,-0.0014331226987347456
2005-10-12,-0.007853167849602771
2005-10-13,-0.0005955555868200069
2005-10-14,0.010559362576479048
2005-10-17,0.0037078074888055035
2005-10-18,-0.010830074389535871
2005-10-19,0.01663528387005142
2005-10-20,-0.01761516414787223
2005-10-21,0.003909038744391857
2005-10-24,0.015491685133012467
2005-10-25,-0.002000775430835211
2005-10-26,-0.002923491567917047
2005-10-27,-0.010639174856435618
2005-10-28,0.014394165234129064
2005-10-31,0.0027546485918705788
2005-11-01,0.002997196387074297
2005-11-02,0.010457217876674418
2005-11-03,0.004271157002267323
2005-11-04,-0.0013086198906386848
2005-11-07,0.0009826823615330937
2005-11-08,0.0
2005-11-09,0.0013086827136639112
2005-11-10,0.007762161522830269
2005-11-11,0.00340513540532128
2005-11-14,-0.0005654311717285809
2005-11-15,-0.003638325683879229
2005-11-16,0.002029095974662498
2005-11-17,0.009311792926709694
2005-11-18,0.00393141821498566
2005-11-21,0.005035039342772274
2005-11-22,0.004293949276047648
2005-11-23,0.0057799087238541436
2005-11-25,0.0007869653219114703
2005-11-28,-0.007079314948991611
2005-11-29,-0.0011089996297730664
2005-11-30,-0.005392765100287078
2005-12-01,0.01020603742543269
2005-12-02,0.0012632295033563334
2005-12-05,-0.00212887827741981
2005-12-06,0.0018960498417472937
2005-12-07,-0.0058347744560395265
2005-12-08,-0.0006343161305795153
2005-12-09,0.002619012645352692
2005-12-12,0.0009496795395207425
2005-12-13,0.006801154540039045
2005-12-14,0.003927313768444574
2005-12-15,-0.002895051225111689
2005-12-16,-0.003218282163561348
2005-12-19,-0.00514421095133788
2005-12-20,0.0009548994721715331
2005-12-21,0.001588950686811641
2005-12-22,0.005237202350437675
2005-12-23,0.000552598841392804
2005-12-27,-0.010176805840691583
2005-12-28,0.0022316224110112692
2005-12-29,-0.004453483434444738
2005-12-30,-0.005431472775007884
2006-01-03,0.017588978464662564
2006-01-04,0.004735874064071943
2006-01-05,0.0006280661976185709
2006-01-06,0.008321712766452105
2006-01-09,0.0025689464144957874
2006-01-10,0.0010097768801216045
2006-01-11,0.0031808251975280477
2006-01-12,-0.003943791074533798
2006-01-13,-0.0009321628533188742
2006-01-17,-0.0027198340400440557
2006-01-18,-0.003974341669574999
2006-01-19,0.0038342568378377795
2006-01-20,-0.018237670582540555
2006-01-23,0.003572688277258873
2006-01-24,0.0010278438911226484
2006-01-25,0.0008699826740961036
2006-01-26,0.005525803060775436
2006-01-27,0.00926520119370644
2006-01-30,-0.0007776824751064559
2006-01-31,-0.007318517175444406
2006-02-01,0.006980067779831511
2006-02-02,-0.011605220687761486
2006-02-03,-0.004964371658953803
2006-02-06,0.0026135348230065247
2006-02-07,-0.008846899793731766
2006-02-08,0.009084805865844814
2006-02-09,-0.0016578359313671465
2006-02-10,0.0018190625200784627
2006-02-13,-0.0018157595399537207
2006-02-14,0.010599625271011437
2006-02-15,0.0035225611947380386
2006-02-16,0.00748874235963326
2006-02-17,-0.002709897482914503
2006-02-21,-0.0024845401979006754
2006-02-22,0.006070826481898717
2006-02-23,-0.0014699999845290135
2006-02-24,0.002556554108334552
2006-02-27,0.00038592661710556975
2006-02-28,-0.009500516959329963
2006-03-01,0.008890495515631258
2006-03-02,-7.781035143916704e-05
2006-03-03,-0.004638063955294536
2006-03-06,-0.004582273436853468
2006-03-07,-0.0015600285930112978
2006-03-08,0.0021098848814302684
2006-03-09,-0.006706295300351606
2006-03-10,0.009498815788130832
2006-03-13,0.0018666802839972796
2006-03-14,0.0104789173280313
2006-03-15,0.004455304634153556
2006-03-16,0.0020649520987532366
2006-03-17,0.0008351495086362792
2006-03-20,-0.0016077340684491626
2006-03-21,-0.006287863403601435
2006-03-22,0.006096136807608898
2006-03-23,-0.002070491611253833
2006-03-24,0.0007684019900879857
2006-03-27,-0.0014593017568310662
2006-03-28,-0.006153004950066543
2006-03-29,0.006268434020263447
2006-03-30,-0.0017689061633749947
2006-03-31,0.0002312247151254887
2006-04-03,-0.0007702299148228953
2006-04-04,0.006397682547259809
2006-04-05,0.0034470795267786958
2006-04-06,-0.0010686599894071946
2006-04-07,-0.010162919423799655
2006-04-10,0.0015440793476013681
2006-04-11,-0.008478661238335405
2006-04-12,0.0018661338853851461
2006-04-13,-0.0013194542477564797
2006-04-17,-0.00038855209788035694
2006-04-18,0.015855715875645604
2006-04-19,0.0019126727588709702
2006-04-20,0.0013743196433224636
2006-04-21,0.0001530083569738494
2006-04-24,-0.0018303345442461927
2006-04-25,-0.004124388332955142
2006-04-26,0.00022953458128616155
2006-04-27,0.00483159558498536
2006-04-28,0.0033579406072383744
2006-05-01,-0.008138973933212279
2006-05-02,0.007515617330093427
2006-05-03,-0.003729566501491255
2006-05-04,0.0035903239484431637
2006-05-05,0.008831060381847777
2006-05-08,-0.0012073022369288866
2006-05-09,0.001964436139103354
2006-05-10,-0.0005278015833213301
2006-05-11,-0.01207120609784551
2006-05-12,-0.013058318411488634
2006-05-15,0.0020120312567433185
2006-05-16,-0.001467046154227436
2006-05-17,-0.019024307082378122
2006-05-18,-0.005045502699417614
2006-05-19,0.007051806250435222
2006-05-22,-0.007632124195333101
2006-05-23,-0.007610714260018803
2006-05-24,0.007988961742652734
2006-05-25,0.012364352100371567
2006-05-26,0.005088892516282639
2006-05-30,-0.017760209245449743
2006-05-31,0.01118169967978444
2006-06-01,0.009567935763489466
2006-06-02,0.002097804346260057
2006-06-05,-0.014573677114456673
2006-06-06,-0.002438475504464521
2006-06-07,-0.0074917911538637805
2006-06-08,-0.0008741008943333739
2006-06-09,-0.0031806174627436734
2006-06-12,-0.010849805332457718
2006-06-13,-0.011613860730423697
2006-06-14,0.007751766477323674
2006-06-15,0.021214786405396202
2006-06-16,-0.007286824004549497
2006-06-19,-0.007862264524523432
2006-06-20,0.003395836830200727
2006-06-21,0.0074143738554885985
2006-06-22,-0.0044000714968651655
2006-06-23,-0.00016076445979373855
2006-06-26,0.004419874142625124
2006-06-27,-0.00864006166359843
2006-06-28,0.006778694657125328
2006-06-29,0.0202003965253863
2006-06-30,7.869402205917808e-05
2006-07-03,0.0040855344500771995
2006-07-05,-0.005712045160460977
2006-07-06,0.0029115788389373343
2006-07-07,-0.006513121474894246
2006-07-10,0.0018963267686655794
2006-07-11,0.004414331890842282
2006-07-12,-0.010674108526488202
2006-07-13,-0.016263498393361053
2006-07-14,-0.003871237288061824
2006-07-17,-0.0014568205506964027
2006-07-18,0.005107293541769975
2006-07-19,0.013874703196606664
2006-07-20,-0.006842502779709214
2006-07-21,-0.007049050492554443
2006-07-24,0.018232852860348592
2006-07-25,0.0035656471840823656
2006-07-26,0.0013417182605646172
2006-07-27,-0.0009461277089106712
2006-07-28,0.010023356034308817
2006-07-31,-0.001016141261456327
2006-08-01,-0.0049273042720482385
2006-08-02,0.006760124446013371
2006-08-03,0.002654201365742903
2006-08-04,-0.0017133625894786286
2006-08-07,-0.0023396556375491206
2006-08-08,-0.0038312407124243553
2006-08-09,-0.003375108615040645
2006-08-10,0.003071911253236248
2006-08-11,-0.002826606921190522
2006-08-14,0.000786902664018152
2006-08-15,0.01195808623812411
2006-08-16,0.008318471883164147
2006-08-17,0.0025446807888875878
2006-08-18,0.005075342100698599
2006-08-21,-0.004284630584448834
2006-08-22,-7.713381251694962e-05
2006-08-23,-0.0027662776118647647
2006-08-24,-0.000847749490025751
2006-08-25,0.0012340359715410365
2006-08-28,0.004776006249065823
2006-08-29,0.0011499534967016611
2006-08-30,0.0006130034528168959
2006-08-31,-0.00015338887376648014
2006-09-01,0.0059709390180207045
2006-09-05,0.0019020389972070895
2006-09-06,-0.008809653691466579
2006-09-07,-0.0045975841218849345
2006-09-08,0.002847928553708856
2006-09-11,0.0009983716520298724
2006-09-12,0.009814922348731159
2006-09-13,0.004024270284647358
2006-09-14,7.616458483461486e-05
2006-09-15,0.002346673785929898
2006-09-18,0.0013646560241342698
2006-09-19,-0.0024975466595427154
2006-09-20,0.005310286444375922
2006-09-21,-0.004829735694471204
2006-09-22,-0.003033224131829715
2006-09-25,0.007682436805674264
2006-09-26,0.008303185335930108
2006-09-27,0.0011976591774371936
2006-09-28,-0.0003737797714521429
2006-09-29,-0.000822754263232417
2006-10-02,-0.003743095536724028
2006-10-03,0.002103778203317974
2006-10-04,0.011697841635485151
2006-10-05,0.0019268670259300347
2006-10-06,-0.0012573299275440153
2006-10-09,0.0005928931634469059
2006-10-10,0.0013322244185058896
2006-10-11,-0.0011830204292414548
2006-10-12,0.008659236020447159
2006-10-13,0.002568498388339613
2006-10-16,0.0015372793247050431
2006-10-17,-0.003142629290953214
2006-10-18,0.0013197356572132168
2006-10-19,0.0016105719827455012
2006-10-20,0.00021945982413873466
2006-10-23,0.004604117852847089
2006-10-24,0.0029817979219262103
2006-10-25,0.0034091628750834158
2006-10-26,0.0031080918857862017
2006-10-27,-0.006269011661183765
2006-10-30,-0.0007248759068604338
2006-10-31,-0.00014519178768501728
2006-11-01,-0.006749612088971513
2006-11-02,-0.0005843978830224472
2006-11-03,-0.0017547000119818579
2006-11-06,0.011278694751689189
2006-11-07,0.0038379147750782217
2006-11-08,0.00216515019888619
2006-11-09,-0.005255638664891538
2006-11-10,0.00043425040084810185
2006-11-13,0.002459948663251943
2006-11-14,0.007504696669146771
2006-11-15,0.0028644621040965212
2006-11-16,0.0025711850993952456
2006-11-17,0.00028483300580783855
2006-11-20,0.0005695819193716201
2006-11-21,0.0009968841125342909
2006-11-22,0.0019907686614963893
2006-11-24,-0.004044776201894473
2006-11-27,-0.01375142358994541
2006-11-28,0.0043344190580347774
2006-11-29,0.010430527342672802
2006-11-30,0.0004268585390332369
2006-12-01,-0.0022061340393086937
2006-12-04,0.0076308932379822725
2006-12-05,0.004317416779788363
2006-12-06,-0.0008455779012412901
2006-12-07,-0.004372825947182579
2006-12-08,0.0018415338981885299
2006-12-11,0.002899600939327618
2006-12-12,-0.0007757660883483952
2006-12-13,0.0010586630286493204
2006-12-14,0.008810465048486815
2006-12-15,9.159371999722943e-05
2006-12-18,-0.0027402024579969986
2006-12-19,0.0019020630428996377
2006-12-20,-0.0005618651068115543
2006-12-21,-0.003658896366215636
2006-12-22,-0.006143381673830217
2006-12-26,0.005896985665606147
2006-12-27,0.0065689808093822855
2006-12-28,-0.002104868648373004
2006-12-29,-0.004149117223301024
2007-01-03,-0.0017649136823792988
2007-01-04,0.002121532899154621
2007-01-05,-0.007975963381719131
2007-01-08,0.00462487635779385
2007-01-09,-0.000849757168638221
2007-01-10,0.003331626135606669
2007-01-11,0.004380094470691542
2007-01-12,0.007597167342110245
2007-01-16,-0.001954847203116894
2007-01-17,0.00042007604864480186
2007-01-18,-0.0033562225048673344
2007-01-19,0.0019644467887325323
2007-01-22,-0.00308090274154893
2007-01-23,0.002949368610317471
2007-01-24,0.008053566584398375
2007-01-25,-0.011740269786957303
2007-01-26,-0.0009130712043705635
2007-01-29,-0.0005629879948854111
2007-01-30,0.005208902110240166
2007-01-31,0.006722952812431737
2007-02-01,0.005982688110899526
2007-02-02,0.0013832958333954704
2007-02-05,0.0002757948613563155
2007-02-06,0.0002766978811599152
2007-02-07,0.00220860381213428
2007-02-08,-0.0013084639293073907
2007-02-09,-0.007447186471757017
2007-02-12,-0.003404571760395214
2007-02-13,0.008435180482215143
2007-02-14,0.006567194613761762
2007-02-15,0.0013047946708997227
2007-02-16,-0.00048013072844144133
2007-02-20,0.002126555344897918
2007-02-21,-0.0004099468585468946
2007-02-22,-0.000753870254654676
2007-02-23,-0.00390770686215669
2007-02-26,-0.0008948686613751144
2007-02-27,-0.03905750158897103
2007-02-28,0.010251335629620106
2007-03-01,-0.002980255276617827
2007-03-02,-0.013095225063044502
2007-03-05,-0.009519395081092563
2007-03-06,0.017109544994025727
2007-03-07,-0.0010020354626222305
2007-03-08,0.008455572385805965
2007-03-09,0.0002837704025377974
2007-03-12,0.00149167729309152
2007-03-13,-0.01943387382385242
2007-03-14,0.0074503162979555615
2007-03-15,0.0013644085339916678
2007-03-16,-0.0028005788410461196
2007-03-19,0.012055406158826498
2007-03-20,0.005492396309096037
2007-03-21,0.016456786829020853
2007-03-22,-0.0007671880997803804
2007-03-23,0.0014665704282788017
2007-03-26,-0.0013252931156747527
2007-03-27,-0.0023743369767756928
2007-03-28,-0.007279761561587272
2007-03-29,0.0010579355316704397
2007-03-30,0.00021131757541525964
2007-04-02,0.0011264573700047187
2007-04-03,0.010763024888931438
2007-04-04,0.0011132840222569662
2007-04-05,0.002711150319507416
2007-04-09,0.0013868640247245434
2007-04-10,0.0011764119105726056
2007-04-11,-0.004079542244898593
2007-04-12,0.004443611843032436
2007-04-13,0.0045622372674347655
2007-04-16,0.009496600965025692
2007-04-17,0.0026583314507497846
2007-04-18,0.0012239193194276687
2007-04-19,-0.000271518425476458
2007-04-20,0.009440706116019548
2007-04-23,-0.0037682651116818233
2007-04-24,0.0004053982847336268
2007-04-25,0.009181733952579485
2007-04-26,0.0011373291098679683
2007-04-27,-0.0008016009946822944
2007-04-30,-0.008292834783210301
2007-05-01,0.0025625624804128666
2007-05-02,0.0058512310366518605
2007-05-03,0.005417333009647196
2007-05-04,0.003791249779032224
2007-05-07,0.00019871381761560336
2007-05-08,-0.0013249274892652707
2007-05-09,0.0027199714567336386
2007-05-10,-0.010452785846094215
2007-05-11,0.008557389010226402
2007-05-14,-0.002187585688902538
2007-05-15,0.00026563824243641676
2007-05-16,0.006840893990354591
2007-05-17,-0.0019793000266200567
2007-05-18,0.008724970980560798
2007-05-21,-0.0005247129101304537
2007-05-22,-0.0007866277695630641
2007-05-23,0.00013138606308249479
2007-05-24,-0.00905261495197951
2007-05-25,0.004170561432520925
2007-05-29,0.0036254533876163286
2007-05-30,0.008145289664820643
2007-05-31,-0.0010424838542436587
2007-06-01,0.004956770969980928
2007-06-04,0.0001299000326866473
2007-06-05,-0.003958263364832737
2007-06-06,-0.010749660852051202
2007-06-07,-0.018045951504340962
2007-06-08,0.013011613110477604
2007-06-11,0.0017211781966541828
2007-06-12,-0.010905333967908049
2007-06-13,0.014968155964833585
2007-06-14,0.0063861251774679495
2007-06-15,0.005690135418654707
2007-06-18,-0.0011760753519444167
2007-06-19,0.0024852695413517534
2007-06-20,-0.013897265526615632
2007-06-21,0.005558391096037063
2007-06-22,-0.009409163049208913
2007-06-25,-0.004782613507480327
2007-06-26,-0.01027834478925993
2007-06-27,0.014228923084376177
2007-06-28,-0.00013308280196122624
2007-06-29,0.0003323196110298632
2007-07-02,0.009040995652367378
2007-07-03,0.0036232694973210577
2007-07-05,-0.001050323260793129
2007-07-06,0.005256853617304769
2007-07-09,0.0007848889984631846
2007-07-10,-0.014239106722597095
2007-07-11,0.007089375263814812
2007-07-12,0.015791060341007634
2007-07-13,0.0029790659491941707
2007-07-16,-0.00012890901748274786
2007-07-17,-0.0005162615757927647
2007-07-18,-0.0018097365293483492
2007-07-19,0.0038845574605061994
2007-07-20,-0.01012491450531905
2007-07-23,0.0030619598953878224
2007-07-24,-0.017341120885565497
2007-07-25,0.0020487254853727155
2007-07-26,-0.023679018713684497
2007-07-27,-0.019659398291414387
2007-07-30,0.01564287321567015
2007-07-31,-0.01126289762657906
2007-08-01,0.004872087290697769
2007-08-02,0.007990214405305673
2007-08-03,-0.02574488607913561
2007-08-06,0.016759258694971857
2007-08-07,0.01066942433133411
2007-08-08,0.013940585157381724
2007-08-09,-0.029633671268004536
2007-08-10,-0.004677015782640015
2007-08-13,0.003592991390188649
2007-08-14,-0.015285702142616153
2007-08-15,-0.01377529972396141
2007-08-16,0.007515651278199309
2007-08-17,0.018367332954163818
2007-08-20,-0.00048395516300836494
2007-08-21,0.0020048272338148987
2007-08-22,0.011867909717678371
2007-08-23,-0.000886125594193321
2007-08-24,0.01235303582403291
2007-08-27,-0.009303496362308095
2007-08-28,-0.021980537382522147
2007-08-29,0.019621719795195558
2007-08-30,-0.002661257866473754
2007-08-31,0.009852755734954588
2007-09-04,0.01009552101559108
2007-09-05,-0.008652879180249151
2007-09-06,0.0023005319810915914
2007-09-07,-0.013906267107111514
2007-09-10,-0.001917129462494116
2007-09-11,0.011660603971894279
2007-09-12,0.0025758944401905737
2007-09-13,0.007033590387782507
2007-09-14,-6.72072161223003e-05
2007-09-17,-0.005372578978872888
2007-09-18,0.029439666968086753
2007-09-19,0.005902839181908259
2007-09-20,-0.0070419107164424455
2007-09-21,0.0026983520365029268
2007-09-24,-0.0018425740030408866
2007-09-25,-0.0019774453671796977
2007-09-26,0.005284086229140339
2007-09-27,0.0059141905691488805
2007-09-28,-0.0033318135439261987
2007-10-01,0.011273216569036792
2007-10-02,-0.0013616204616431204
2007-10-03,-0.00201156708728234
2007-10-04,0.0015602599098072378
2007-10-05,0.011881996493660507
2007-10-08,-0.005325641132115533
2007-10-09,0.009417684279667826
2007-10-10,-0.001661128653619448
2007-10-11,-0.0048008116051596605
2007-10-12,0.0055313449692369066
2007-10-15,-0.008443657974783969
2007-10-16,-0.007934810388229296
2007-10-17,0.003056168376426305
2007-10-18,-0.0036301888799818993
2007-10-19,-0.026156415251098686
2007-10-22,0.00581267602533031
2007-10-23,0.00810403667506665
2007-10-24,-0.0018451235741073768
2007-10-25,0.0023768495029024006
2007-10-26,0.011722316121563825
2007-10-29,0.003319900314669333
2007-10-30,-0.006941930783578187
2007-10-31,0.010388283738178128
2007-11-01,-0.023408010862186024
2007-11-02,0.0011258009478403164
2007-11-05,-0.007605744742674503
2007-11-06,0.013461920052760812
2007-11-07,-0.02735553528637391
2007-11-08,-0.005070388164328143
2007-11-09,-0.01372723889459726
2007-11-12,-0.009921366386550723
2007-11-13,0.030480347453600398
2007-11-14,-0.002768838021012354
2007-11-15,-0.01442406450675282
2007-11-16,0.0017177754877721885
2007-11-19,-0.013924414982458444
2007-11-20,0.006121525215178503
2007-11-21,-0.020464324565616976
2007-11-23,0.017292257151100277
2007-11-26,-0.022063393574574763
2007-11-27,0.011493580226748401
2007-11-28,0.03198454432449238
2007-11-29,0.00033966657930428745
2007-11-30,0.01005572122996412
2007-12-03,-0.006592670940427814
2007-12-04,-0.008937715187910644
2007-12-05,0.016739171907720563
2007-12-06,0.014313710109723932
2007-12-07,-0.0001987556015942138
2007-12-10,0.007753223481313354
2007-12-11,-0.027419927910939612
2007-12-12,0.009870607037127499
2007-12-13,-0.0020752752441297595
2007-12-14,-0.012679313881629128
2007-12-17,-0.01426892632978538
2007-12-18,0.005583021379895081
2007-12-19,0.0
2007-12-20,0.006306417561389166
2007-12-21,0.014415511005632986
2007-12-24,0.007425989038176928
2007-12-26,0.0021445646755500203
2007-12-27,-0.012571621096154728
2007-12-28,-0.0025050920042476443
2007-12-31,-0.007400276211435575
2008-01-02,-0.008754421331489959
2008-01-03,-0.00048305611928112224
2008-01-04,-0.02450646381321242
2008-01-07,-0.0008489634838065863
2008-01-08,-0.016148336157776777
2008-01-09,0.010510158421547677
2008-01-10,0.006553933436002968
2008-01-11,-0.008068114708176699
2008-01-14,0.008062584481238755
2008-01-15,-0.02201291168398145
2008-01-16,-0.008612794348642483
2008-01-17,-0.025916317037570358
2008-01-18,-0.010267331616050535
2008-01-22,-0.010146898500761115
2008-01-23,0.024021033296929728
2008-01-24,0.00844160032161212
2008-01-25,-0.014445667390833306
2008-01-28,0.016536396617812255
2008-01-29,0.004954272065665899
2008-01-30,-0.007357415495999775
2008-01-31,0.018234040639237392
2008-02-01,0.01608790455438891
2008-02-04,-0.012609113416868656
2008-02-05,-0.02677461215703336
2008-02-06,-0.008051595245866183
2008-02-07,0.0066138197620801975
2008-02-08,-0.0064212071306366525
2008-02-11,0.005110164143446783
2008-02-12,0.009271256406282902
2008-02-13,0.01022262746703384
2008-02-14,-0.00879944992539683
2008-02-15,-0.00022196098288851385
2008-02-19,0.002812024284958081
2008-02-20,0.002951546362744528
2008-02-21,-0.0083138189450922
2008-02-22,0.006157491605515597
2008-02-25,0.012609009960475648
2008-02-26,0.007500668825106249
2008-02-27,-0.001012219717714924
2008-02-28,-0.009767297647930162
2008-02-29,-0.022283772249005573
2008-03-03,-0.0023912817270056452
2008-03-04,-0.0038199772534436294
2008-03-05,0.006316218468139123
2008-03-06,-0.020698184346765958
2008-03-07,-0.010300738139472743
2008-03-10,-0.013182937955300233
2008-03-11,0.035937801256440194
2008-03-12,-0.009351982691901184
2008-03-13,0.0022079913500361315
2008-03-14,-0.015495846335359054
2008-03-17,-0.010106809292826702
2008-03-18,0.041542956844999424
2008-03-19,-0.02476962362339885
2008-03-20,0.018522591617605944
2008-03-24,0.019988211658192423
2008-03-25,0.0009644295592992069
2008-03-26,-0.012235821883171294
2008-03-27,-0.003153001512925413
2008-03-28,-0.009564700297280848
2008-03-31,0.0034976911558808332
2008-04-01,0.035159968666360175
2008-04-02,0.000658426671562351
2008-04-03,0.0024873383631611734
2008-04-04,-0.001094790280695146
2008-04-07,0.0005115555094956648
2008-04-08,-0.0010223544409537766
2008-04-09,-0.007235552926963429
2008-04-10,0.0013988835611289385
2008-04-11,-0.019409067589772122
2008-04-14,-0.0033738560993636924
2008-04-15,0.0023322493549571277
2008-04-16,0.02709384037966389
2008-04-17,0.0014616691347146826
2008-04-18,0.010434043712812535
2008-04-21,0.0005053738885487657
2008-04-22,-0.004402901870285136
2008-04-23,-0.0015947680419580168
2008-04-24,0.004356455413277116
2008-04-25,0.009253972981376313
2008-04-28,0.0002148511956958643
2008-04-29,-0.003938626824783742
2008-04-30,-0.005896393605041572
2008-05-01,0.020686086665185455
2008-05-02,0.0027634340902691346
2008-05-05,-0.004805208186772658
2008-05-06,0.008663013300926448
2008-05-07,-0.017810356514769476
2008-05-08,-0.0025805317030531683
2008-05-09,-0.0018687731973852095
2008-05-12,0.011231483698287859
2008-05-13,0.00014235711511645377
2008-05-14,0.002064567213267532
2008-05-15,0.012502562046966315
2008-05-16,0.0009116581492076836
2008-05-19,0.00273405233266355
2008-05-20,-0.00810893455852646
2008-05-21,-0.01691451907113506
2008-05-22,0.00014334704656171482
2008-05-23,-0.013404236658029367
2008-05-27,0.007410899003124527
2008-05-28,0.0046152548851974284
2008-05-29,0.0050255216618499965
2008-05-30,0.0024997392456929113
2008-06-02,-0.010331563258383913
2008-06-03,-0.005831215430609493
2008-06-04,-0.000507032812949948
2008-06-05,0.01999721990547676
2008-06-06,-0.0318939490986927
2008-06-09,0.0024219340937372547
2008-06-10,-0.004977587127083738
2008-06-11,-0.014712889351661151
2008-06-12,0.003808169177408338
2008-06-13,0.012643784681480641
2008-06-16,0.000587846030841499
2008-06-17,-0.004844670268084661
2008-06-18,-0.009736903822297083
2008-06-19,0.001266564058543418
2008-06-20,-0.016231840803041853
2008-06-23,-0.0009878501524172023
2008-06-24,-0.0019780573358277875
2008-06-25,0.004726124168318302
2008-06-26,-0.02716031125092322
2008-06-27,-0.0054589955444890315
2008-06-30,0.0035284387808096618
2008-07-01,0.003125638606302328
2008-07-02,-0.017136538154609027
2008-07-03,0.0010300419228324031
2008-07-07,-0.010212992982518876
2008-07-08,0.017757342642986673
2008-07-09,-0.01925506110804054
2008-07-10,0.004086599014762937
2008-07-11,-0.011651692106533051
2008-07-14,-0.009044241326039981
2008-07-15,-0.014096917517822494
2008-07-16,0.024547334532236675
2008-07-17,0.01000304151735354
2008-07-18,0.006230748359848937
2008-07-21,0.0005553629608852084
2008-07-22,0.011344840250342436
2008-07-23,0.005412493951823638
2008-07-24,-0.02075379569293412
2008-07-25,-0.00023887993617244252
2008-07-28,-0.014663903438005277
2008-07-29,0.021352413902366196
2008-07-30,0.017817584797380936
2008-07-31,-0.013226582216334437
2008-08-01,-0.005282777789856197
2008-08-04,-0.009273447411683122
2008-08-05,0.026961563362032814
2008-08-06,0.004440507168315788
2008-08-07,-0.014891337948448213
2008-08-08,0.01858125287975776
2008-08-11,0.010357621844247822
2008-08-12,-0.01040446725463473
2008-08-13,-0.0060303494272196945
2008-08-14,0.0075444663725956485
2008-08-15,0.004863363577997326
2008-08-18,-0.01367417999445808
2008-08-19,-0.010904385486316448
2008-08-20,0.00464625407144359
2008-08-21,0.001724249581095183
2008-08-22,0.014475296637276758
2008-08-25,-0.02028457830034225
2008-08-26,0.002912802697152106
2008-08-27,0.009733536569070722
2008-08-28,0.012127715166726505
2008-08-29,-0.010753787469935494
2008-09-02,-0.006211469107555212
2008-09-03,-0.0008591148581379437
2008-09-04,-0.03010623686593994
2008-09-05,0.003144375515718556
2008-09-08,0.02065562454572567
2008-09-09,-0.029686952848546944
2008-09-10,0.004057330405697668
2008-09-11,0.014468158863778946
2008-09-12,0.004620852249590746
2008-09-15,-0.04758466633504588
2008-09-16,0.01673745847516428
2008-09-17,-0.04496342701054157
2008-09-18,0.0296718298240779
2008-09-19,0.03971378951368276
2008-09-22,-0.02263930672098291
2008-09-23,-0.022751881488661918
2008-09-24,0.003205596879648498
2008-09-25,0.015639590327972464
2008-09-26,0.0004961907062364102
2008-09-29,-0.07836169353047917
2008-09-30,0.041390601046667586
2008-10-01,0.0006031785281170876
2008-10-02,-0.03627446749455676
2008-10-03,-0.013499778881469249
2008-10-06,-0.05093368029292156
2008-10-07,-0.04478639301606757
2008-10-08,-0.025192410916265118
2008-10-09,-0.06983880258851027
2008-10-10,-0.02425546825445546
2008-10-13,0.1451974744224689
2008-10-14,-0.014800260725130077
2008-10-15,-0.09844815933427675
2008-10-16,0.041657905941733464
2008-10-17,-0.005972250569140525
2008-10-20,0.060079855786716374
2008-10-21,-0.029855491095077347
2008-10-22,-0.05445449748504094
2008-10-23,0.011584166835641563
2008-10-24,-0.05071419420589929
2008-10-27,-0.035500555027429104
2008-10-28,0.11685502717701901
2008-10-29,-0.007252598110089159
2008-10-30,0.03459369897610376
2008-10-31,0.005503721231220116
2008-11-03,0.0028913228082256826
2008-11-04,0.033982460588443786
2008-11-05,-0.04202768850391092
2008-11-06,-0.055410922180910704
2008-11-07,0.03301784973210542
2008-11-10,-0.013104778801107608
2008-11-11,-0.03087601453575506
2008-11-12,-0.04400086122577607
2008-11-13,0.06234014936757637
2008-11-14,-0.0499067512122342
2008-11-17,-0.013276654590783421
2008-11-18,0.01883666170881182
2008-11-19,-0.06407904397730324
2008-11-20,-0.07423290753851042
2008-11-21,0.05394265068925952
2008-11-24,0.06929093117151752
2008-11-25,0.007409728673708704
2008-11-26,0.038640384151167106
2008-11-28,0.012588563615226533
2008-12-01,-0.0885779576197746
2008-12-02,0.03848508360853553
2008-12-03,0.02404111695919986
2008-12-04,-0.02313297610625542
2008-12-05,0.030832369330544784
2008-12-08,0.03491367352030439
2008-12-09,-0.01648359224699325
2008-12-10,0.006815748926523479
2008-12-11,-0.024081546107495355
2008-12-12,0.011939892081433312
2008-12-15,-0.01393392031283458
2008-12-16,0.04706531527363644
2008-12-17,-0.009686862559180831
2008-12-18,-0.018682611386733772
2008-12-19,-0.004301876774636337
2008-12-22,-0.012813313022208117
2008-12-23,-0.010337517346284186
2008-12-24,0.0058029666918342215
2008-12-26,0.005769848643839115
2008-12-29,-0.0028687042487124392
2008-12-30,0.0237027951978821
2008-12-31,0.014274621373547625
2009-01-02,0.030141769987491074
2009-01-05,-0.0011831165055272708
2009-01-06,0.006677346666322803
2009-01-07,-0.029956344367872867
2009-01-08,0.004081164155016914
2009-01-09,-0.021419504151145463
2009-01-12,-0.024020586675883693
2009-01-13,0.0018399602114844704
2009-01-14,-0.031454218396740674
2009-01-15,0.00035530591299837155
2009-01-16,0.00781990232062113
2009-01-20,-0.05278616157425964
2009-01-21,0.04319274192962097
2009-01-22,-0.015467855495298055
2009-01-23,0.004350998723108734
2009-01-26,0.006858067403829438
2009-01-27,0.010157471875335
2009-01-28,0.0338345327377485
2009-01-29,-0.03249724087934236
2009-01-30,-0.02034378169263762
2009-02-02,-0.003018037636570936
2009-02-03,0.014046846210580055
2009-02-04,-0.0048959194010033125
2009-02-05,0.014880521279530878
2009-02-06,0.02849695049440304
2009-02-09,0.0013801407522302522
2009-02-10,-0.045809710967984696
2009-02-11,0.005895738069724654
2009-02-12,0.000717407234702927
2009-02-13,-0.010757269730652497
2009-02-17,-0.04277482684062561
2009-02-18,-0.002398165598394675
2009-02-19,-0.010755450434738467
2009-02-20,-0.009721673131995012
2009-02-23,-0.0357786304058576
2009-02-24,0.03791120168457485
2009-02-25,-0.007873571958290526
2009-02-26,-0.016260793715922928
2009-02-27,-0.02234915322645903
2009-03-02,-0.045042354384101646
2009-03-03,-0.007507564677548539
2009-03-04,0.023691180218887053
2009-03-05,-0.04084762995278024
2009-03-06,0.001743922250044383
2009-03-09,-0.01175284149868594
2009-03-10,0.05960934197066803
2009-03-11,0.006513073902181921
2009-03-12,0.03937201923070699
2009-03-13,0.007814138097637757
2009-03-16,-0.0030223376547682257
2009-03-17,0.03058241708014031
2009-03-18,0.022384552246743405
2009-03-19,-0.012386024859594613
2009-03-20,-0.02129433952289117
2009-03-23,0.07182971216831935
2009-03-24,-0.01970323230369886
2009-03-25,0.010545276967817374
2009-03-26,0.020380978756197266
2009-03-27,-0.018048727822632782
2009-03-30,-0.03455441176947793
2009-03-31,0.009265465278082585
2009-04-01,0.01936616165920002
2009-04-02,0.029237111566143614
2009-04-03,0.009948519370182929
2009-04-06,-0.00783269366335082
2009-04-07,-0.023325134658864766
2009-04-08,0.010777572037240946
2009-04-09,0.03974260991637135
2009-04-13,0.00023376201199676316
2009-04-14,-0.017243587521417414
2009-04-15,0.010669473659327133
2009-04-16,0.014662575831378977
2009-04-17,0.006705452690843439
2009-04-20,-0.04191554707874534
2009-04-21,0.019537606676635733
2009-04-22,-0.006113207892716632
2009-04-23,0.009817769843407431
2009-04-24,0.015110677659111005
2009-04-27,-0.009462429118964444
2009-04-28,-0.003145276888412263
2009-04-29,0.021268887741175302
2009-04-30,0.00034356065021978743
2009-05-01,0.00537628532612433
2009-05-04,0.03401999583124771
2009-05-05,-0.0034110878524818977
2009-05-06,0.017334088290549277
2009-05-07,-0.0138916017963987
2009-05-08,0.023332867753441455
2009-05-11,-0.01871422182568594
2009-05-12,-0.002959410321558109
2009-05-13,-0.02517245780426214
2009-05-14,0.008570172156455724
2009-05-15,-0.008162010799543373
2009-05-18,0.028406835322678514
2009-05-19,-0.0012052949193198659
2009-05-20,-0.006694792240332315
2009-05-21,-0.01436299431203536
2009-05-22,-0.0021300183106837123
2009-05-26,0.02561256309956983
2009-05-27,-0.017853415558423236
2009-05-28,0.013939770868946821
2009-05-29,0.01770827419857235
2009-06-01,0.024208417922294556
2009-06-02,0.0008441234031049127
2009-06-03,-0.012651609861486945
2009-06-04,0.009396627505088073
2009-06-05,0.00021203357557153524
2009-06-08,-0.004125430485194759
2009-06-09,0.005098104570095741
2009-06-10,-0.002536067998357483
2009-06-11,0.004448935429378853
2009-06-12,0.0027424206662354234
2009-06-15,-0.02292826423706329
2009-06-16,-0.013562980394681956
2009-06-17,-0.000981635083107557
2009-06-18,0.007318109883044377
2009-06-19,0.0036856258452373503
2009-06-22,-0.029987329218499004
2009-06-23,0.000784697927733502
2009-06-24,0.008617743406869272
2009-06-25,0.02174874359881973
2009-06-26,-0.0026067385588032232
2009-06-29,0.009364279455133628
2009-06-30,-0.008090420565068368
2009-07-01,0.004132338145971248
2009-07-02,-0.02729357572417046
2009-07-06,-0.0001108467959296533
2009-07-07,-0.01937687994697168
2009-07-08,-0.0006812295859803807
2009-07-09,0.0019320725808693595
2009-07-10,-0.002381503705309651
2009-07-13,0.02432929657002303
2009-07-14,0.005660431855213144
2009-07-15,0.029246325745980073
2009-07-16,-0.0016088321997649313
2009-07-17,0.010954893084648809
2009-07-20,0.010623677388643449
2009-07-21,0.004625454251761862
2009-07-22,-0.0002093044640849584
2009-07-23,0.02208251499806968
2009-07-24,0.004095552818207837
2009-07-27,0.002957483138986694
2009-07-28,-0.004677194905276405
2009-07-29,-0.0024517061881211832
2009-07-30,0.01044536025388676
2009-07-31,0.0014186819957584529
2009-08-03,0.016496627682663023
2009-08-04,0.0025883090560692157
2009-08-05,-0.0028795386010871393
2009-08-06,-0.005178781825123102
2009-08-07,0.013114427679647989
2009-08-10,-0.002075179330658705
2009-08-11,-0.012476661159455338
2009-08-12,0.010728997774323012
2009-08-13,0.0076388455612541595
2009-08-14,-0.007679253671993624
2009-08-17,-0.02460539684087959
2009-08-18,0.007934002711195598
2009-08-19,0.00877970134383288
2009-08-20,0.010304188444948847
2009-08-21,0.01960580201096218
2009-08-24,-9.708124436491605e-05
2009-08-25,0.001942716103470632
2009-08-26,9.710262776718714e-05
2009-08-27,0.002229039655164966
2009-08-28,-0.00019335501919071074
2009-08-31,-0.008899647118782661
2009-09-01,-0.02205723609055843
2009-09-02,-0.0037919989677204224
2009-09-03,0.008314500147682535
2009-09-04,0.01400931402892125
2009-09-08,0.00862245777130699
2009-09-09,0.0076742593995582364
2009-09-10,0.010218797593857687
2009-09-11,-0.00019098732959699216
2009-09-14,0.004867755929524931
2009-09-15,0.004179811955545176
2009-09-16,0.01513343959151836
2009-09-17,-0.0014901481920911452
2009-09-18,0.0006371925596493355
2009-09-21,-0.0025299081291536574
2009-09-22,0.0058244035596022314
2009-09-23,-0.008312122099910169
2009-09-24,-0.011019040552829873
2009-09-25,-0.005332774004603524
2009-09-28,0.017903131151276952
2009-09-29,-0.003009725490878412
2009-09-30,-0.003868294346414336
2009-10-01,-0.024812827957462313
2009-10-02,-0.004661365752217206
2009-10-05,0.01492796251999251
2009-10-06,0.014324627530041933
2009-10-07,0.0027483871709330643
2009-10-08,0.0076560120094764095
2009-10-09,0.006096977242431301
2009-10-12,0.0039155137499578
2009-10-13,-0.0020432794984339697
2009-10-14,0.01721611595487027
2009-10-15,0.003659107964088637
2009-10-16,-0.007474123583805725
2009-10-19,0.008264937872562994
2009-10-20,-0.005282493282907419
2009-10-21,-0.008973663632216744
2009-10-22,0.010163624999026677
2009-10-23,-0.011433326652455111
2009-10-26,-0.010825333234940837
2009-10-27,-0.004582926835833723
2009-10-28,-0.01888789637670596
2009-10-29,0.021454176686064308
2009-10-30,-0.02897324579126459
2009-11-02,0.007338875915176013
2009-11-03,0.003163289876644715
2009-11-04,0.0025796546704115464
2009-11-05,0.018395319314801206
2009-11-06,0.002620903569659605
2009-11-09,0.022775748133025298
2009-11-10,0.00018244618212848174
2009-11-11,0.005109624526723033
2009-11-12,-0.010167671213448082
2009-11-13,0.005411317745990685
2009-11-16,0.014504374414762378
2009-11-17,0.001169197941856659
2009-11-18,-0.0006289181030102453
2009-11-19,-0.013031222023566102
2009-11-20,-0.0035513339776634956
2009-11-23,0.012702200317778134
2009-11-24,0.0015340891279722602
2009-11-25,0.003513619756205122
2009-11-27,-0.016250217546211587
2009-11-30,0.0033765207053435553
2009-12-01,0.012370480768134184
2009-12-02,-0.0004492567501865885
2009-12-03,-0.00782030374352416
2009-12-04,0.005707536786683676
2009-12-07,-0.0015311857106616866
2009-12-08,-0.011097024714393444
2009-12-09,0.0037404230775759384
2009-12-10,0.005635315152311859
2009-12-11,0.004247740455868065
2009-12-14,0.006840196593906667
2009-12-15,-0.004648005311061132
2009-12-16,0.0015265099807888483
2009-12-17,-0.012015500625276454
2009-12-18,0.005657447909650948
2009-12-21,0.010162164227920378
2009-12-22,0.003593036731727839
2009-12-23,0.001968916752673522
2009-12-24,0.004734414470290549
2009-12-28,0.0021337441406561464
2009-12-29,-0.0014196184688073377
2009-12-30,-0.0003551139911370793
2009-12-31,-0.009598570462790668
2010-01-04,0.016960017671787897
2010-01-05,0.0026472432660236134
2010-01-06,0.0007037198277424217
2010-01-07,0.0042214175062378345
2010-01-08,0.003327395999067395
2010-01-11,0.001396874481079724
2010-01-12,-0.009326623669741463
2010-01-13,0.008446281561127034
2010-01-14,0.002704767565336441
2010-01-15,-0.01122413581465842
2010-01-19,0.012496093537050612
2010-01-20,-0.010168898498752132
2010-01-21,-0.01922939691764869
2010-01-22,-0.02229165025004065
2010-01-25,0.005127655481610427
2010-01-26,-0.00419049524229409
2010-01-27,0.004757292331162066
2010-01-28,-0.011472140609605552
2010-01-29,-0.010869137404811546
2010-02-01,0.015551335905676034
2010-02-02,0.012102995964168306
2010-02-03,-0.0049824483931263375
2010-02-04,-0.030866369960269036
2010-02-05,0.0020674436500109916
2010-02-08,-0.007219589975212326
2010-02-09,0.012560806318305806
2010-02-10,-0.0019594403195438703
2010-02-11,0.010467012264837372
2010-02-12,-0.000832544451927042
2010-02-16,0.015734727097470813
2010-02-17,0.0047387453284666314
2010-02-18,0.0058951003688541
2010-02-19,0.0020737110348469923
2010-02-22,0.0001800095238559951
2010-02-23,-0.01214436354312698
2010-02-24,0.00919727514210944
2010-02-25,-0.0013538315758245822
2010-02-26,0.0006328477836194946
2010-03-01,0.010384565215163732
2010-03-02,0.002770577642231542
2010-03-03,0.0008914535083852648
2010-03-04,0.0030276415783607735
2010-03-05,0.01429293987671687
2010-03-08,0.000175377970844659
2010-03-09,0.0016629357669142308
2010-03-10,0.004455624615390175
2010-03-11,0.004175063134114199
2010-03-12,8.642329830443884e-05
2010-03-15,0.0002598672755558251
2010-03-16,0.007966071478836989
2010-03-17,0.005927204299299937
2010-03-18,-0.0005125429410762772
2010-03-19,-0.005061587790278765
2010-03-22,0.005346142467230308
2010-03-23,0.007033000350078256
2010-03-24,-0.004854639595146426
2010-03-25,-0.0016256135915795333
2010-03-26,-0.0006007352657522169
2010-03-29,0.006347623031972782
2010-03-30,0.0006821754776442646
2010-03-31,-0.003407338069490784
2010-04-01,0.006837453330569732
2010-04-05,0.008149293198418617
2010-04-06,0.0023579353590517105
2010-04-07,-0.0057122717026341086
2010-04-08,0.0034638268831468366
2010-04-09,0.006567631162752718
2010-04-12,0.0015891038910307298
2010-04-13,0.0007513735715973802
2010-04-14,0.011349652386362541
2010-04-15,0.0008251320677556961
2010-04-16,-0.01591212092698191
2010-04-19,0.003770107381529053
2010-04-20,0.008930656379790403
2010-04-21,-0.0018197437905854708
2010-04-22,0.002983252575582407
2010-04-23,0.006527885857060545
2010-04-26,-0.0037764389592297443
2010-04-27,-0.023650539467079512
2010-04-28,0.00759613472670706
2010-04-29,0.012397570648908562
2010-04-30,-0.016961729694613847
2010-05-03,0.012961511445673146
2010-05-04,-0.023514430499721684
2010-05-05,-0.005956645517476544
2010-05-06,-0.03321304729623975
2010-05-07,-0.014875573988037183
2010-05-10,0.04404137515406248
2010-05-11,-0.002841493233617598
2010-05-12,0.013986548738278426
2010-05-13,-0.012430696416497633
2010-05-14,-0.01810512379005791
2010-05-17,0.0005265261458671233
2010-05-18,-0.013602242732335124
2010-05-19,-0.005693930450571538
2010-05-20,-0.037759506764632356
2010-05-21,0.01459923048936651
2010-05-24,-0.012831078323408018
2010-05-25,0.0010214078811741079
2010-05-26,-0.006028618018282916
2010-05-27,0.033497725164622905
2010-05-28,-0.01254930445003255
2010-06-01,-0.016823916524956295
2010-06-02,0.02603942194876807
2010-06-03,0.00344426464649894
2010-06-04,-0.03513708296744367
2010-06-07,-0.01245032688422354
2010-06-08,0.01071161372562801
2010-06-09,-0.005346216912715418
2010-06-10,0.029231992737650758
2010-06-11,0.004855536230997215
2010-06-14,-0.0015501697110947843
2010-06-15,0.022737714797095077
2010-06-16,-0.0003571529861953193
2010-06-17,0.0016075353195370568
2010-06-18,0.0010845568492179325
2010-06-21,-0.0028642599434475224
2010-06-22,-0.01651568894952249
2010-06-23,-0.003102998961474701
2010-06-24,-0.016570536749284992
2010-06-25,0.004189043005206505
2010-06-28,-0.0031519015724470467
2010-06-29,-0.0308750883309149
2010-06-30,-0.009499793571527637
2010-07-01,-0.004456580489880291
2010-07-02,-0.005449676452885521
2010-07-06,0.006556171685916379
2010-07-07,0.03149604592898392
2010-07-08,0.009894910679950852
2010-07-09,0.0074655091811617336
2010-07-12,0.0006485510374938386
2010-07-13,0.015088595057135779
2010-07-14,-9.120061029566084e-05
2010-07-15,0.00027344196529277554
2010-07-16,-0.02753479496257849
2010-07-19,0.005906581505390696
2010-07-20,0.011091196231951317
2010-07-21,-0.012997490340782347
2010-07-22,0.02232156587963674
2010-07-23,0.00867887513987431
2010-07-26,0.010415548168342559
2010-07-27,-8.873914750651135e-05
2010-07-28,-0.006454915240688863
2010-07-29,-0.004872387479007312
2010-07-30,-0.0001810837573473778
2010-08-02,0.022580575502217037
2010-08-03,-0.00478854315350119
2010-08-04,0.006682925595985267
2010-08-05,-0.0010620728242374256
2010-08-06,-0.004076011806292357
2010-08-09,0.0053386684856817634
2010-08-10,-0.005399279629720644
2010-08-11,-0.02740659424879799
2010-08-12,-0.006129918828312375
2010-08-13,-0.0029459051154016036
2010-08-16,-0.00046168690947812063
2010-08-17,0.012285233973725607
2010-08-18,0.0018248080696903202
2010-08-19,-0.017396484764358844
2010-08-20,-0.003244595682745377
2010-08-23,-0.0038127293199647916
2010-08-24,-0.014843417594764596
2010-08-25,0.00388518040312813
2010-08-26,-0.006701663082154807
2010-08-27,0.015490078621301473
2010-08-30,-0.014504978918477351
2010-08-31,0.0
2010-09-01,0.029911105517600456
2010-09-02,0.00931243321335784
2010-09-03,0.01297167289872836
2010-09-07,-0.011272715277428125
2010-09-08,0.007022900255408526
2010-09-09,0.004619547211688113
2010-09-10,0.005048762899161119
2010-09-13,0.011122978748506318
2010-09-14,-0.0006208939488504539
2010-09-15,0.003816997823946844
2010-09-16,-0.0002653270740875513
2010-09-17,0.0003735821490833402
2010-09-20,0.015290092713764913
2010-09-21,-0.002013824792477692
2010-09-22,-0.004912877532828097
2010-09-23,-0.00811158192642647
2010-09-24,0.02062191307837935
2010-09-27,-0.004789596242759986
2010-09-28,0.003500379444448143
2010-09-29,-0.0017444363405985097
2010-09-30,-0.002969940392518855
2010-10-01,0.004205590805013371
2010-10-04,-0.007503588621201707
2010-10-05,0.02013178589855258
2010-10-06,-8.62485202907104e-05
2010-10-07,-0.0012061067482215249
2010-10-08,0.005608450524652975
2010-10-11,0.0009440578279527045
2010-10-12,0.0030859442738047083
2010-10-13,0.007776659821974841
2010-10-14,-0.0039004198887396813
2010-10-15,0.0020430521981387173
2010-10-18,0.004927580561711942
2010-10-19,-0.013104271949197499
2010-10-20,0.009766182014196323
2010-10-21,0.0022058502874351404
2010-10-22,0.0018620196035921133
2010-10-25,0.002957735072064649
2010-10-26,0.00016837672777203494
2010-10-27,-0.002863959990304865
2010-10-28,0.00016934274750735057
2010-10-29,0.0007597426460104195
2010-11-01,0.00033760553043626906
2010-11-02,0.007930499690781412
2010-11-03,0.004017780990315245
2010-11-04,0.019257917469212904
2010-11-05,0.0037623733808724857
2010-11-08,-0.001874422943337617
2010-11-09,-0.007183956871902986
2010-11-10,0.004029460587343658
2010-11-11,-0.0037676332052278827
2010-11-12,-0.01183807019371097
2010-11-15,-0.0014143064217662094
2010-11-16,-0.015579488660791063
2010-11-17,0.0005076093637592649
2010-11-18,0.014718318282577858
2010-11-19,0.002751094506111995
2010-11-22,-0.000831007105538073
2010-11-23,-0.014477235132450361
2010-11-24,0.014774057663496709
2010-11-26,-0.01164733786813621
2010-11-29,0.0030304364583564336
2010-11-30,-0.005622779238185549
2010-12-01,0.02126753226603828
2010-12-02,0.012808969785326862
2010-12-03,0.0026924029910508906
2010-12-06,-0.0010578303847958992
2010-12-07,0.0005703620440191681
2010-12-08,0.003663679039758172
2010-12-09,0.0038935283825580758
2010-12-10,0.0058180486143930565
2010-12-13,0.0006420717818438337
2010-12-14,0.0008835161726588048
2010-12-15,-0.00457229734476583
2010-12-16,0.0058019468305527955
2010-12-17,0.001071269240474404
2010-12-20,0.0024130395118684422
2010-12-21,0.006340425045692877
2010-12-22,0.0031104988712138404
2010-12-23,-0.0014310589940180751
2010-12-27,0.00039777120404704824
2010-12-28,0.0014327794173210062
2010-12-29,0.0007152850690277379
2010-12-30,-0.0015885543192258877
2010-12-31,0.00023900918610308963
2011-01-03,0.01033776677001863
2011-01-04,-0.0005510607979546389
2011-01-05,0.005197892765382184
2011-01-06,-0.0019588758606999823
2011-01-07,-0.001962641882669147
2011-01-10,-0.001258270708946796
2011-01-11,0.0035442726140038072
2011-01-12,0.009024276331670356
2011-01-13,-0.001632964963614647
2011-01-14,0.007244690802566733
2011-01-18,0.0017013352857218056
2011-01-19,-0.00980548342264087
2011-01-20,-0.0013257906822063958
2011-01-21,0.002264640769498838
2011-01-24,0.005686533214960265
2011-01-25,0.0005416890493616933
2011-01-26,0.003871348528016627
2011-01-27,0.00246790402592012
2011-01-28,-0.0174629545643864
2011-01-31,0.007516279069767373
2011-02-01,0.016008728974050923
2011-02-02,-0.00191212213655223
2011-02-03,0.0022220466986317966
2011-02-04,0.002829281441477649
2011-02-07,0.006252803238443239
2011-02-08,0.004546198731333995
2011-02-09,-0.0022631146868383745
2011-02-10,0.0003784708670286907
2011-02-11,0.005970424519573747
2011-02-14,0.0024036728772345306
2011-02-15,-0.0031474435315027582
2011-02-16,0.006314988556782808
2011-02-17,0.0029885055232707902
2011-02-18,0.0020855040997611596
2011-02-22,-0.020069499320053752
2011-02-23,-0.006144418592252676
2011-02-24,-0.000687027515536176
2011-02-25,0.010692927557824028
2011-02-28,0.0061961351815160715
2011-03-01,-0.01667262786391599
2011-03-02,0.002138616141987848
2011-03-03,0.017224326116923594
2011-03-04,-0.0074918203171033815
2011-03-07,-0.007851417280837936
2011-03-08,0.008750088299584124
2011-03-09,-0.0014331320374318945
2011-03-10,-0.018505916225441954
2011-03-11,0.006926451284751556
2011-03-14,-0.006038112052622502
2011-03-15,-0.011457432856919358
2011-03-16,-0.01851226361231295
2011-03-17,0.013234642439388766
2011-03-18,0.0036372368167318925
2011-03-21,0.01549785460241182
2011-03-22,-0.0034684890943571522
2011-03-23,0.0028620162563635088
2011-03-24,0.009563283495629182
2011-03-25,0.0030556780412911433
2011-03-28,-0.002437065041976938
2011-03-29,0.006718873421839078
2011-03-30,0.006900925503648736
2011-03-31,-0.001355567884747888
2011-04-01,0.004223105493989854
2011-04-04,0.0008266592432777387
2011-04-05,-0.00015012305370964985
2011-04-06,0.0031524580909108035
2011-04-07,-0.002544005689395168
2011-04-08,-0.0034504527460342826
2011-04-11,-0.0030105241739823985
2011-04-12,-0.00747423808932024
2011-04-13,-7.58557346935973e-05
2011-04-14,0.0007602095781851226
2011-04-15,0.003648601521176298
2011-04-18,-0.011208352839137903
2011-04-19,0.005744124687532937
2011-04-20,0.013632051681860657
2011-04-21,0.005108970827160109
2011-04-25,-0.001046478447797261
2011-04-26,0.008605366116306579
2011-04-27,0.006528437016680044
2011-04-28,0.0032430832741374704
2011-04-29,0.002351234955759729
2011-05-02,-0.0015390812415235766
2011-05-03,-0.0035973603430449197
2011-05-04,-0.006630763728211031
2011-05-05,-0.009048802197608508
2011-05-06,0.004415910757404662
2011-05-09,0.003875191965011293
2011-05-10,0.008535934732832873
2011-05-11,-0.010524745793595303
2011-05-12,0.004760660826918839
2011-05-13,-0.00769915162266388
2011-05-16,-0.006341390646331546
2011-05-17,-0.00014997713242226318
2011-05-18,0.008935884941214223
2011-05-19,0.0023814869757115
2011-05-20,-0.007945051366840983
2011-05-23,-0.011600554149990838
2011-05-24,-0.0008328773220386276
2011-05-25,0.003334513305937481
2011-05-26,0.004607938412426016
2011-05-27,0.0038344199499722453
2011-05-31,0.010410874996223951
2011-06-01,-0.022460788341702398
2011-06-02,-0.001061938220449532
2011-06-03,-0.00994446709478336
2011-06-06,-0.010581148764730264
2011-06-07,-0.0006198207888604701
2011-06-08,-0.004187546276388399
2011-06-09,0.007631405864130469
2011-06-10,-0.013910638793906749
2011-06-13,0.0007836761287258742
2011-06-14,0.0126862841649793
2011-06-15,-0.017785585355116207
2011-06-16,0.0022045013323674922
2011-06-17,0.0029838419274255124
2011-06-20,0.005116236304019139
2011-06-21,0.013703936749888346
2011-06-22,-0.006025166068457488
2011-06-23,-0.002875669836756356
2011-06-24,-0.011613586254530905
2011-06-27,0.008911078546945284
2011-06-28,0.013052823967083071
2011-06-29,0.008564061582578608
2011-06-30,0.009562732630962412
2011-07-01,0.014776034740184851
2011-07-05,-0.0008214858264210534
2011-07-06,0.0011957156455015827
2011-07-07,0.010375554407263898
2011-07-08,-0.007092140809839109
2011-07-11,-0.01808035201205971
2011-07-12,-0.0043190386051898955
2011-07-13,0.0033484316279790427
2011-07-14,-0.0069025081378274455
2011-07-15,0.005805018183832056
2011-07-18,-0.008201518588532242
2011-07-19,0.01623195129463939
2011-07-20,-0.0006031339164600524
2011-07-21,0.013871016344691345
2011-07-22,0.0006696187700656608
2011-07-25,-0.0055731008443759
2011-07-26,-0.0037362476515311327
2011-07-27,-0.020475298107153428
2011-07-28,-0.0029097666573416614
2011-07-29,-0.006834442097490401
2011-08-01,-0.00425266651899181
2011-08-02,-0.0255475297102149
2011-08-03,0.005418575948244797
2011-08-04,-0.04684140277544102
2011-08-05,-0.0014965487197726723
2011-08-08,-0.06512323711219448
2011-08-09,0.046498910555085926
2011-08-10,-0.044177730652610325
2011-08-11,0.04488417342780582
2011-08-12,0.006732469976033606
2011-08-15,0.021165772509405212
2011-08-16,-0.008539403162491244
2011-08-17,0.0006685728482340725
2011-08-18,-0.0431185828055588
2011-08-19,-0.016330184995737684
2011-08-22,0.0007985415835127796
2011-08-23,0.03291075974335578
2011-08-24,0.014084755762771461
2011-08-25,-0.015244301263600435
2011-08-26,0.01453400883574929
2011-08-29,0.028736135469318524
2011-08-30,0.002636516311598003
2011-08-31,0.004438314836341162
2011-09-01,-0.010472912675363988
2011-09-02,-0.02554985926464437
2011-09-06,-0.00729734126438919
2011-09-07,0.028207569878924144
2011-09-08,-0.01039180249959848
2011-09-09,-0.02620967388633144
2011-09-12,0.006469793007756186
2011-09-13,0.009171642068073194
2011-09-14,0.01384385747953365
2011-09-15,0.017257240557423614
2011-09-16,0.005918454593659472
2011-09-19,-0.00995717941179941
2011-09-20,-0.0011636068526800214
2011-09-21,-0.02945826945269714
2011-09-22,-0.03232421059945334
2011-09-23,0.006025034259020012
2011-09-26,0.023780158650442473
2011-09-27,0.011183713625108949
2011-09-28,-0.02041866940576942
2011-09-29,0.00790365787287528
2011-09-30,-0.024989638637751832
2011-10-03,-0.02845762636368321
2011-10-04,0.02192278776636769
2011-10-05,0.018515490126652434
2011-10-06,0.01809123418450742
2011-10-07,-0.006695896083941277
2011-10-10,0.03344587320632897
2011-10-11,0.0010031116460451628
2011-10-12,0.008772600438919032
2011-10-13,-0.001987683840499521
2011-10-14,0.017094078071701047
2011-10-17,-0.019090923017259676
2011-10-18,0.0195451683185619
2011-10-19,-0.011828441921083677
2011-10-20,0.004375062259340368
2011-10-21,0.01898727648021592
2011-10-24,0.012261159647375841
2011-10-25,-0.019443892974404742
2011-10-26,0.010158714504311384
2011-10-27,0.03483519754542219
2011-10-28,-0.00023371012753103937
2011-10-31,-0.02410551166894981
2011-11-01,-0.02788873013241966
2011-11-02,0.016311731863939194
2011-11-03,0.018227093768931946
2011-11-04,-0.006098728912897089
2011-11-07,0.00621608943960994
2011-11-08,0.012830866526302609
2011-11-09,-0.03690985114562484
2011-11-10,0.009418573590810775
2011-11-11,0.018822512483913867
2011-11-14,-0.009474301493604953
2011-11-15,0.004941889728724114
2011-11-16,-0.01586280386123784
2011-11-17,-0.015876924802157633
2011-11-18,-0.0010645529913340113
2011-11-21,-0.019019612894737414
2011-11-22,-0.003927507442534117
2011-11-23,-0.022065872932894526
2011-11-25,-0.0018878733619941412
2011-11-28,0.02896737358617374
2011-11-29,0.002840053546851573
2011-11-30,0.04114980465359186
2011-12-01,-0.00016002794480074467
2011-12-02,-0.0008806108795140766
2011-12-05,0.010892364011263922
2011-12-06,0.0003169370601205923
2011-12-07,0.0037226740136033776
2011-12-08,-0.02193652738933094
2011-12-09,0.01694240669222702
2011-12-12,-0.01459766686956665
2011-12-13,-0.009339034620329034
2011-12-14,-0.010646126559925362
2011-12-15,0.003614278755186051
2011-12-16,0.00148267784025502
2011-12-19,-0.010691603754293011
2011-12-20,0.030260116604980514
2011-12-21,0.0019364410261473175
2011-12-22,0.008858952633703066
2011-12-23,0.008940922261363893
2011-12-27,0.0007911849118713565
2011-12-28,-0.013123535023421007
2011-12-29,0.010333620706134639
2011-12-30,-0.0049156474982732234
2012-01-03,0.015936072298321946
2012-01-04,0.0015685173271293706
2012-01-05,0.0026629572336558383
2012-01-06,-0.002577578731079333
2012-01-09,0.0024275306738146263
2012-01-10,0.008670235349752975
2012-01-11,0.0005420703391019188
2012-01-12,0.002399687520735716
2012-01-13,-0.005173682552356174
2012-01-17,0.0038809294444162035
2012-01-18,0.011056132459785983
2012-01-19,0.005276650758441193
2012-01-20,0.003727088163630432
2012-01-23,-0.0025764410923115877
2012-01-24,-0.0011397439497130568
2012-01-25,0.008367161286091163
2012-01-26,-0.005129615312928437
2012-01-27,-0.00045488987629138666
2012-01-30,-0.0034137854354838737
2012-01-31,-0.00038055897542854655
2012-02-01,0.008757385157514896
2012-02-02,0.001585060254825299
2012-02-03,0.014018780128028263
2012-02-06,-0.0006690997167329016
2012-02-07,0.0025290453843351823
2012-02-08,0.0029677345654124387
2012-02-09,0.0012572373045582896
2012-02-10,-0.007387840439071369
2012-02-13,0.007442826856301377
2012-02-14,-0.0012556586436696104
2012-02-15,-0.004659942660158123
2012-02-16,0.011072909761773442
2012-02-17,0.0026457550842815536
2012-02-21,0.0004397116015977254
2012-02-22,-0.0032239260313947637
2012-02-23,0.004410914980608194
2012-02-24,0.002195592442326255
2012-02-27,0.001679877124561635
2012-02-28,0.0029161682704481606
2012-02-29,-0.0039254621919767585
2012-03-01,0.005181736687707605
2012-03-02,-0.0030494080537769586
2012-03-05,-0.004078504561677354
2012-03-06,-0.014625205413819287
2012-03-07,0.006975937123502973
2012-03-08,0.00994897307471554
2012-03-09,0.0038677677043439385
2012-03-12,7.2310383864016e-05
2012-03-13,0.018026110655010585
2012-03-14,-0.0010709818740787247
2012-03-15,0.005789151629588707
2012-03-16,0.0013850838859224002
2012-03-19,0.003920091241148116
2012-03-20,-0.0029110258714508674
2012-03-21,-0.0016377074268124625
2012-03-22,-0.007203535619294765
2012-03-23,0.003233370484947873
2012-03-26,0.014034889965056863
2012-03-27,-0.0031072962049008
2012-03-28,-0.004958636016336171
2012-03-29,-0.001708353251592576
2012-03-30,0.004135817808154529
2012-04-02,0.007314628020085756
2012-04-03,-0.004088943605127682
2012-04-04,-0.009910747279993415
2012-04-05,-0.0005008856553199159
2012-04-09,-0.01123112667902637
2012-04-10,-0.01678434906613324
2012-04-11,0.008093950052379117
2012-04-12,0.013065737834267122
2012-04-13,-0.011888365543817114
2012-04-16,-0.0006566871980930866
2012-04-17,0.014812458988044286
2012-04-18,-0.003379219120521526
2012-04-19,-0.006420835709572303
2012-04-20,0.0016699101250139403
2012-04-23,-0.00840905756553656
2012-04-24,0.0038016780332941202
2012-04-25,0.013691613953208837
2012-04-26,0.00696923708576791
2012-04-27,0.0016404203594611033
2012-04-30,-0.0037037743788401745
2012-05-01,0.006220184927892891
2012-05-02,-0.002984229994050569
2012-05-03,-0.007625362578719708
2012-05-04,-0.016158234281969275
2012-05-07,0.0007300809926018559
2012-05-08,-0.004011660222441704
2012-05-09,-0.005931783062741669
2012-05-10,0.002062481357967494
2012-05-11,-0.003014251600660711
2012-05-14,-0.011061085393292314
2012-05-15,-0.005741454125524181
2012-05-16,-0.003824955141248143
2012-05-17,-0.014831024192230036
2012-05-18,-0.008558777790512617
2012-05-21,0.017188533612387147
2012-05-22,0.0017425948608824626
2012-05-23,0.0005293905692449474
2012-05-24,0.0019660171819715355
2012-05-25,-0.0032447156071174765
2012-05-29,0.012112073875316653
2012-05-30,-0.01451059688867562
2012-05-31,-0.0022005461480238964
2012-06-01,-0.025176876290526673
2012-06-04,-0.00046818725934072436
2012-06-05,0.007572356487236309
2012-06-06,0.022468543856797085
2012-06-07,0.0006058074987218554
2012-06-08,0.00795158310493882
2012-06-11,-0.012697108414246538
2012-06-12,0.01149064820056056
2012-06-13,-0.006394628788393142
2012-06-14,0.010600083077230371
2012-06-15,0.010227748712960727
2012-06-18,0.0019381876998718628
2012-06-19,0.00967255383718868
2012-06-20,-0.0016215212323447137
2012-06-21,-0.02243835021421947
2012-06-22,0.007701339525290285
2012-06-25,-0.016034774638570726
2012-06-26,0.005026371041584765
2012-06-27,0.009016074844269806
2012-06-28,-0.0028534094320424863
2012-06-29,0.024926669676742952
2012-07-02,0.00301224516107923
2012-07-03,0.0065933138853624396
2012-07-05,-0.004512383536036446
2012-07-06,-0.00950369888522884
2012-07-09,-0.0012543160187182822
2012-07-10,-0.008720077699648776
2012-07-11,0.0001493033212629502
2012-07-12,-0.004845144672461554
2012-07-13,0.016777637742934948
2012-07-16,-0.0023573687980958935
2012-07-17,0.006867175098385081
2012-07-18,0.007406973074734813
2012-07-19,0.0026207286237351912
2012-07-20,-0.009148715497575455
2012-07-23,-0.010112002216922877
2012-07-24,-0.008587032155792929
2012-07-25,0.00022383413788706896
2012-07-26,0.01649772011833117
2012-07-27,0.01843284034133985
2012-07-30,0.0
2012-07-31,-0.0069947217124503025
2012-08-01,-0.0008710431002466601
2012-08-02,-0.0069045738241800825
2012-08-03,0.01983329985226101
2012-08-06,0.0019371995004171527
2012-08-07,0.005014175736778759
2012-08-08,0.00121134794917932
2012-08-09,0.0008541527143632877
2012-08-10,0.0016353195825369315
2012-08-13,-0.0004965630790502162
2012-08-14,0.00014164951901340928
2012-08-15,0.0011368354728593655
2012-08-16,0.007378520714285575
2012-08-17,0.0013379444498562432
2012-08-20,7.053287622182935e-05
2012-08-21,-0.003024422492093448
2012-08-22,0.00042335329292009227
2012-08-23,-0.008179537767640466
2012-08-24,0.006042724769321328
2012-08-27,0.0002124630801578764
2012-08-28,-0.0009893137484580095
2012-08-29,0.0007776651541004931
2012-08-30,-0.007207454285382386
2012-08-31,0.004768978934753809
2012-09-04,-0.0009214167657886074
2012-09-05,-0.0008508826295108296
2012-09-06,0.020297065071643194
2012-09-07,0.00389465685905388
2012-09-10,-0.005680963132708494
2012-09-11,0.0027871701249413405
2012-09-12,0.0033353486327112325
2012-09-13,0.015236684935607814
2012-09-14,0.0044341056075560825
2012-09-17,-0.0033959354472348213
2012-09-18,-0.0008175736847065851
2012-09-19,0.0005453845382255018
2012-09-20,6.842598811074296e-05
2012-09-21,-0.0004181523051648428
2012-09-24,-0.0015083525495012129
2012-09-25,-0.010641709002666588
2012-09-26,-0.00562140969920788
2012-09-27,0.009421643372010458
2012-09-28,-0.004631834571450333
2012-10-01,0.0026392542105893035
2012-10-02,0.001038766890267162
2012-10-03,0.004083598709109015
2012-10-04,0.007167463540520558
2012-10-05,6.865920035936668e-05
2012-10-08,-0.0034216681107059888
2012-10-09,-0.009887372152864726
2012-10-10,-0.00637978639977288
2012-10-11,0.000558308420024245
2012-10-12,-0.0032787378688149404
2012-10-15,0.0083283537723855
2012-10-16,0.010133158703664824
2012-10-17,0.0045349196189701235
2012-10-18,-0.0025989984263594668
2012-10-19,-0.016664711547878186
2012-10-22,0.0001394025863701298
2012-10-23,-0.013876045196573816
2012-10-24,-0.002828667939998253
2012-10-25,0.002907839138583057
2012-10-26,-0.0005661586403052921
2012-10-31,0.0
2012-11-01,0.010470901366812946
2012-11-02,-0.008892390250709425
2012-11-05,0.0020493825675425015
2012-11-06,0.007824996294647057
2012-11-07,-0.02266406649456265
2012-11-08,-0.012023700196010512
2012-11-09,0.0008693228288463306
2012-11-12,0.0007963680239890802
2012-11-13,-0.0034718563211127984
2012-11-14,-0.013498567750710344
2012-11-15,-0.0016921074749113307
2012-11-16,0.004936840004588827
2012-11-19,0.0202395022906654
2012-11-20,0.0004314299950243239
2012-11-21,0.001867750606149965
2012-11-23,0.013624771640970534
2012-11-26,-0.0021221072402373142
2012-11-27,-0.005104354814325585
2012-11-28,0.008051989097165313
2012-11-29,0.004665853447512358
2012-11-30,0.00021097241741574457
2012-12-03,-0.0049241016829107975
2012-12-04,-0.0014143073843918552
2012-12-05,0.0017700969916158993
2012-12-06,0.0033924005141319213
2012-12-07,0.0030286910984489435
2012-12-10,0.0004212213775827145
2012-12-11,0.00680814606098723
2012-12-12,0.0004884809355847342
2012-12-13,-0.006132289969624782
2012-12-14,-0.0037156837180931657
2012-12-17,0.011752181852596744
2012-12-18,0.011128918451391634
2012-12-19,-0.007429599008641374
2012-12-20,0.005752139668688816
2012-12-21,-0.00907688954690955
2012-12-24,-0.0030813336029057448
2012-12-26,-0.004215020509545364
2012-12-27,-0.001340581419243314
2012-12-28,-0.010807931476404686
2012-12-31,0.016996372812746463
2013-01-02,0.025629925796161857
2013-01-03,-0.0022590316374272446
2013-01-04,0.004391699109873137
2013-01-07,-0.0027329907605103676
2013-01-08,-0.002877310336789063
2013-01-09,0.002541924326019851
2013-01-10,0.007949913765655792
2013-01-11,-6.806189635077953e-05
2013-01-14,-0.00067981609233847
2013-01-15,0.0006802785566484282
2013-01-16,-0.00013593708928183457
2013-01-17,0.006460470215505554
2013-01-18,0.0022298086159373565
2013-01-22,0.005393106826041771
2013-01-23,0.0016093562465497868
2013-01-24,0.0002679451367217922
2013-01-25,0.0056215468947169445
2013-01-28,-0.0011973488754665196
2013-01-29,0.0039309701036296385
2013-01-30,-0.003915578083245941
2013-01-31,-0.0024657466897076707
2013-02-01,0.010287756455092723
2013-02-04,-0.01124101610558248
2013-02-05,0.010097745337121378
2013-02-06,0.0007283039549301762
2013-02-07,-0.0013228439658066193
2013-02-08,0.005564144083279432
2013-02-11,-0.0001980266946819409
2013-02-12,0.0016475109051776737
2013-02-13,0.000854914856724065
2013-02-14,0.0009204205305870516
2013-02-15,-0.0011819401115437111
2013-02-19,0.007494647154293155
2013-02-20,-0.012463396835134422
2013-02-21,-0.006079026004986887
2013-02-22,0.00977253099426001
2013-02-25,-0.019026626055919982
2013-02-26,0.006845117450658522
2013-02-27,0.012598800956453049
2013-02-28,-0.001974911890078812
2013-03-01,0.003297864163405828
2013-03-04,0.00532515067895134
2013-03-05,0.008958829603754603
2013-03-06,0.0013610141367264017
2013-03-07,0.0018125921491689567
2013-03-08,0.004263894977689642
2013-03-11,0.003795785445136035
2013-03-12,-0.0022434300121382256
2013-03-13,0.0014132879178878621
2013-03-14,0.005324116810868862
2013-03-15,-0.0013202104245502166
2013-03-18,-0.005518848885820549
2013-03-19,-0.0023232673842957796
2013-03-20,0.006985908850180911
2013-03-21,-0.008543364572423884
2013-03-22,0.008033297089478975
2013-03-25,-0.004177588607562233
2013-03-26,0.00800283299670812
2013-03-27,0.0
2013-03-28,0.003073025051862688
2013-04-01,-0.00395730346599521
2013-04-02,0.004934625452421848
2013-04-03,-0.010138548740594944
2013-04-04,0.004057905077467616
2013-04-05,-0.004491563460263248
2013-04-08,0.006767650472933484
2013-04-09,0.003456411443929719
2013-04-10,0.012248860617932733
2013-04-11,0.003277564760883367
2013-04-12,-0.0024502181710164272
2013-04-15,-0.023174065139745736
2013-04-16,0.01476315341149248
2013-04-17,-0.014611626546478296
2013-04-18,-0.00625359108533996
2013-04-19,0.008693938492510433
2013-04-22,0.004437825050492394
2013-04-23,0.010308991071024565
2013-04-24,0.0006339563843098528
2013-04-25,0.004053466010285112
2013-04-26,-0.0017662244760109358
2013-04-29,0.00669829933794297
2013-04-30,0.0023858445692841457
2013-05-01,-0.008767566204483934
2013-05-02,0.009287326844195531
2013-05-03,0.010140654863832754
2013-05-06,0.0025409344118860755
2013-05-07,0.005068634132752381
2013-05-08,0.0045512004164620645
2013-05-09,-0.0028165348985069727
2013-05-10,0.003254446869108474
2013-05-13,0.000795432543223118
2013-05-14,0.010333574015327862
2013-05-15,0.005386063960363341
2013-05-16,-0.004694856224274346
2013-05-17,0.009676963292513774
2013-05-20,-5.969939920169587e-05
2013-05-21,0.001437798622248021
2013-05-22,-0.007417827181390502
2013-05-23,-0.0028925820390149903
2013-05-24,-0.0008466712281854916
2013-05-28,0.005989000263022515
2013-05-29,-0.006494203378830776
2013-05-30,0.0036919624213613833
2013-05-31,-0.014352011049911129
2013-06-03,0.005506277582443486
2013-06-04,-0.004806754457229445
2013-06-05,-0.014001161588246158
2013-06-06,0.009053397681103137
2013-06-07,0.012720388321439291
2013-06-10,0.0
2013-06-11,-0.010315971160224646
2013-06-12,-0.008277084896387232
2013-06-13,0.015209198771295895
2013-06-14,-0.006272582537766747
2013-06-17,0.007721707187752447
2013-06-18,0.007904850967856536
2013-06-19,-0.013816317956862112
2013-06-20,-0.02477830763741029
2013-06-21,0.0032099907715090747
2013-06-24,-0.012635773664136263
2013-06-25,0.009614238319129331
2013-06-26,0.00990080356504297
2013-06-27,0.005869980659161778
2013-06-28,-0.004097564732710279
2013-07-01,0.0058600915594824166
2013-07-02,-0.0009299540364969827
2013-07-03,0.0004343667682038532
2013-07-05,0.010788619765277119
2013-07-08,0.005704647654287021
2013-07-09,0.007197573658052736
2013-07-10,0.0003633278340580137
2013-07-11,0.013620824428142164
2013-07-12,0.0004178640815535317
2013-07-15,0.003820660899135575
2013-07-16,-0.003746595354461646
2013-07-17,0.0025672116827952784
2013-07-18,0.00547725687591516
2013-07-19,0.0017765187624090295
2013-07-22,0.0019508626470767787
2013-07-23,-0.0021242129062605253
2013-07-24,-0.003665379360745069
2013-07-25,0.0024326276522601553
2013-07-26,0.0010660285514074719
2013-07-29,-0.0030750708175453223
2013-07-30,0.0
2013-07-31,0.0007118553544231965
2013-08-01,0.01155798283671805
2013-08-02,0.0016992374281796785
2013-08-05,-0.0014621599874176106
2013-08-06,-0.005682303973332248
2013-08-07,-0.003240522438810123
2013-08-08,0.003664624028492769
2013-08-09,-0.002885515661674387
2013-08-12,-0.0011813051021906107
2013-08-13,0.0029566993257212904
2013-08-14,-0.005129604898249318
2013-08-15,-0.013986061300911401
2013-08-16,-0.0033058841787720894
2013-08-19,-0.006391928671101943
2013-08-20,0.004916163078495073
2013-08-21,-0.006160476464421749
2013-08-22,0.00911558592555295
2013-08-23,0.003372182934134882
2013-08-26,-0.003720928320339212
2013-08-27,-0.01608455455656832
2013-08-28,0.003551341897655824
2013-08-29,0.001586139027877742
2013-08-30,-0.0031674861625315964
2013-09-03,0.004521568580941215
2013-09-04,0.008273083881058296
2013-09-05,0.001267178022784421
2013-09-06,0.0004821290083207863
2013-09-09,0.00957559056408508
2013-09-10,0.0073973610059057116
2013-09-11,0.0031384864321561956
2013-09-12,-0.002656553267599837
2013-09-13,0.0022493871118407505
2013-09-16,0.005787723898690089
2013-09-17,0.004462177354399577
2013-09-18,0.01157472678539273
2013-09-19,-0.0016762079522674167
2013-09-20,-0.006991777702904933
2013-09-23,-0.004627305472483578
2013-09-24,-0.002353827144865539
2013-09-25,-0.0028903893799161473
2013-09-26,0.003845569613446731
2013-09-27,-0.004596804566339929
2013-09-30,-0.005328344113563754
2013-10-01,0.00791614271643537
2013-10-02,-0.0009447888393030457
2013-10-03,-0.009220766283610682
2013-10-04,0.0075763318398325286
2013-10-07,-0.008644604188777771
2013-10-08,-0.011646514262306229
2013-10-09,0.0007250343750515587
2013-10-10,0.02155780429838794
2013-10-11,0.006443647467583746
2013-10-14,0.003993737964789634
2013-10-15,-0.007254048443404826
2013-10-16,0.013966020702873783
2013-10-17,0.006683019124980927
2013-10-18,0.006754748411038181
2013-10-21,5.711537599117911e-05
2013-10-22,0.005791450663982678
2013-10-23,-0.004788793273753367
2013-10-24,0.0033222930113177007
2013-10-25,0.004567135178941362
2013-10-28,0.001591725010186451
2013-10-29,0.0053340662901881775
2013-10-30,-0.004967060478795027
2013-10-31,-0.002836591471428118
2013-11-01,0.002389329635820392
2013-11-04,0.0035186573844521174
2013-11-05,-0.0031669640268909838
2013-11-06,0.0051060797165491945
2013-11-07,-0.012643436389711327
2013-11-08,0.013491315112033053
2013-11-11,0.00016929103371676746
2013-11-12,-0.002030721388784462
2013-11-13,0.008024595447646332
2013-11-14,0.004989525097039538
2013-11-15,0.004350417660587302
2013-11-18,-0.0034987242229781446
2013-11-19,-0.002173601929107316
2013-11-20,-0.0031275183217742697
2013-11-21,0.008068315265575388
2013-11-22,0.005002139263135641
2013-11-25,-0.0009950295649769902
2013-11-26,0.0002765500931496412
2013-11-27,0.002435546166957181
2013-11-29,-0.0006627400616173729
2013-12-02,-0.0025966425474632793
2013-12-03,-0.004320473622087206
2013-12-04,-0.00011177260500860875
2013-12-05,-0.004394913893865926
2013-12-06,0.011176742740942824
2013-12-09,0.0025422463213982116
2013-12-10,-0.0035833359169428203
2013-12-11,-0.011230874606900532
2013-12-12,-0.00330119689445707
2013-12-13,-0.00011236391024282977
2013-12-16,0.006232166736587441
2013-12-17,-0.0031804120176698314
2013-12-18,0.017072211088023037
2013-12-19,-0.001155337804474632
2013-12-20,0.005816341095132405
2013-12-23,0.00534318964013103
2013-12-24,0.0021912720366674687
2013-12-26,0.005083977255739391
2013-12-27,-5.470051570088952e-05
2013-12-30,-0.00016298367274436565
2013-12-31,0.0047328296989699314
2014-01-02,-0.009583823323662033
2014-01-03,-0.00016391528545045553
2014-01-06,-0.0028980277717192138
2014-01-07,0.0061417387891682385
2014-01-08,0.00021802352436872674
2014-01-09,0.0006537227509473276
2014-01-10,0.0027231250875590085
2014-01-13,-0.013305255518141657
2014-01-14,0.010897761559079289
2014-01-15,0.005389883962093389
2014-01-16,-0.0012996800214917226
2014-01-17,-0.004229584666141983
2014-01-21,0.0029406510106801953
2014-01-22,0.0006513801948719866
2014-01-23,-0.008192952811808762
2014-01-24,-0.02133578391976787
2014-01-27,-0.004919481354621391
2014-01-28,0.0059549504254927665
2014-01-29,-0.009605259449073755
2014-01-30,0.01060022789566073
2014-01-31,-0.005858407920299347
2014-02-03,-0.02250530803516082
2014-02-04,0.007004845074613852
2014-02-05,-0.0012544401242156056
2014-02-06,0.013186874861504494
2014-02-07,0.01239636533733579
2014-02-10,0.0018363144574518042
2014-02-11,0.01094391359372171
2014-02-12,0.0004948033743914504
2014-02-13,0.0051628159328367396
2014-02-14,0.005518819114521234
2014-02-18,0.0011950985912840828
2014-02-19,-0.00662126617148584
2014-02-20,0.005900708268164134
2014-02-21,-0.001140461758111666
2014-02-24,0.005546793065023703
2014-02-25,-0.00037838671386980494
2014-02-26,5.410481845702364e-05
2014-02-27,0.00524727213373577
2014-02-28,0.0025292117675139725
2014-03-03,-0.007032060294791309
2014-03-04,0.014055898395727962
2014-03-05,0.0009056437671326467
2014-03-06,0.002290850661254007
2014-03-07,0.0004248559017889786
2014-03-10,-0.0005309193758861186
2014-03-11,-0.004942865570812249
2014-03-12,0.00026737271303534094
2014-03-13,-0.011213478257940057
2014-03-14,-0.002808184263916269
2014-03-17,0.0090441125249765
2014-03-18,0.007137690637269545
2014-03-19,-0.005329078286939071
2014-03-20,0.0058393207568263605
2014-03-21,-0.0038781051173132353
2014-03-24,-0.004135899181943903
2014-03-25,0.004745953506583467
2014-03-26,-0.0071917350150045856
2014-03-27,-0.0021085642988435405
2014-03-28,0.00492983758598875
2014-03-31,0.008194386318192137
2014-04-01,0.0066305897503950995
2014-04-02,0.0033466972792335348
2014-04-03,-0.0013234324582358514
2014-04-04,-0.011822100778570488
2014-04-07,-0.011051535033781534
2014-04-08,0.004122905971255975
2014-04-09,0.010750687182911722
2014-04-10,-0.02100568003065273
2014-04-11,-0.009008598586343286
2014-04-14,0.007878301715753322
2014-04-15,0.006887777876517731
2014-04-16,0.010477462842544583
2014-04-17,0.001396983052551537
2014-04-21,0.0034872334299571595
2014-04-22,0.004544396437385689
2014-04-23,-0.002341757472766104
2014-04-24,0.002027251355860571
2014-04-25,-0.008198918384478948
2014-04-28,0.0031670096318803242
2014-04-29,0.00465514687969204
2014-04-30,0.0029829868479123167
2014-05-01,0.000106147271273338
2014-05-02,-0.0014335330236803223
2014-05-05,0.0019141877928101625
2014-05-06,-0.008703871426997689
2014-05-07,0.005889235036927731
2014-05-08,-0.0010646007138523927
2014-05-09,0.001491849577762272
2014-05-12,0.009736248581402318
2014-05-13,0.0008960063547391872
2014-05-14,-0.004737899812736535
2014-05-15,-0.008780627237816696
2014-05-16,0.00346884002481862
2014-05-19,0.0036693370793496882
2014-05-20,-0.006305147062476091
2014-05-21,0.008424213224375032
2014-05-22,0.002432587069633785
2014-05-23,0.004008538493590619
2014-05-27,0.006146808430364636
2014-05-28,-0.0007314580619288691
2014-05-29,0.00517323731491337
2014-05-30,0.0016113381436615448
2014-06-02,0.0011415274045403212
2014-06-03,-0.0005184965427731392
2014-06-04,0.0020234189468262276
2014-06-05,0.006522042759388169
2014-06-06,0.004782594734112022
2014-06-09,0.0010235420428170716
2014-06-10,0.00010220161060536803
2014-06-11,-0.003476896264462348
2014-06-12,-0.007079544030150209
2014-06-13,0.003048858468015725
2014-06-16,0.0008239128286704478
2014-06-17,0.002779695387773007
2014-06-18,0.00733939285505647
2014-06-19,0.0011208958606343522
2014-06-20,0.002030279547562852
2014-06-23,-0.0003062963909027383
2014-06-24,-0.006023959792759825
2014-06-25,0.004520094912504158
2014-06-26,-0.0007161976602492182
2014-06-27,0.0019444580510674658
2014-06-30,-0.0005105208561159147
2014-07-01,0.006693174805737057
2014-07-02,0.0010149606295484226
2014-07-03,0.00491798423675216
2014-07-07,-0.003481302335110792
2014-07-08,-0.006429848586948839
2014-07-09,0.004484432437860564
2014-07-10,-0.0039572582032399994
2014-07-11,0.00137505038699004
2014-07-14,0.0050356241960543
2014-07-15,-0.001872581889806102
2014-07-16,0.0037014745626284817
2014-07-17,-0.011366171999855568
2014-07-18,0.010219398492082421
2014-07-21,-0.0018718231109697836
2014-07-22,0.004358062623898817
2014-07-23,0.002220184699029293
2014-07-24,5.026155738674376e-05
2014-07-25,-0.004681605279095891
2014-07-28,0.00040462413560793387
2014-07-29,-0.004297357232384558
2014-07-30,0.00015245757055581954
2014-07-31,-0.01974815650619377
2014-08-01,-0.003055886410984643
2014-08-04,0.007220732471396651
2014-08-05,-0.009695969530060355
2014-08-06,0.000312759924587791
2014-08-07,-0.00541513720018727
2014-08-08,0.011569159302677434
2014-08-11,0.002898033153986068
2014-08-12,-0.0013934570590189432
2014-08-13,0.00676872418396357
2014-08-14,0.00472200727787353
2014-08-15,-0.00020400404652509696
2014-08-18,0.008379030664822817
2014-08-19,0.005218837931315612
2014-08-20,0.0026716410876612695
2014-08-21,0.0029157579549392576
2014-08-22,-0.001554010929992189
2014-08-25,0.005070458585087145
2014-08-26,0.0006493343670235241
2014-08-27,-0.00039925942314189555
2014-08-28,-0.000549084491075047
2014-08-29,0.0028480991117978416
2014-09-02,-0.0004984546140384127
2014-09-03,-0.0005485642120131029
2014-09-04,-0.0014460185346515386
2014-09-05,0.004495151582036838
2014-09-08,-0.002585213211423132
2014-09-09,-0.006332047424022824
2014-09-10,0.0037630309176732712
2014-09-11,0.001149805464891962
2014-09-12,-0.005841089822478107
2014-09-15,-0.0007536612125098596
2014-09-16,0.007538357435638021
2014-09-17,0.0013468414013964036
2014-09-18,0.005330200229014759
2014-09-19,-0.0009009016506297263
2014-09-22,-0.0077235696361436235
2014-09-23,-0.005723999151240111
2014-09-24,0.007828028766936335
2014-09-25,-0.0161353691122057
2014-09-26,0.007945412081510561
2014-09-29,-0.0018195579673662143
2014-09-30,-0.002632289124905429
2014-10-01,-0.013551706556589438
2014-10-02,0.00015435173941980018
2014-10-03,0.011009170805171165
2014-10-06,-0.001170139182290142
2014-10-07,-0.015436300420589077
2014-10-08,0.01748937039727494
2014-10-09,-0.019833463704992838
2014-10-10,-0.011414227389828224
2014-10-13,-0.016426598681984372
2014-10-14,0.001546955828206631
2014-10-15,-0.006766087741230886
2014-10-16,-0.000858347375922941
2014-10-17,0.011811094289514434
2014-10-20,0.009709500473904509
2014-10-21,0.019811079957930966
2014-10-22,-0.00711109384046249
2014-10-23,0.011625310977406045
2014-10-24,0.007694622492768088
2014-10-27,-0.0013744561276629597
2014-10-28,0.011470133630262058
2014-10-29,-0.0015119333199022922
2014-10-30,0.0064106470765938894
2014-10-31,0.011435533609324589
2014-11-03,0.0005454716777970603
2014-11-04,-0.003469341218261146
2014-11-05,0.0063164584968260495
2014-11-06,0.004002746649995892
2014-11-07,0.0009355507739734481
2014-11-10,0.0031469507235017957
2014-11-11,0.000980826485866615
2014-11-12,-0.0010773879886749604
2014-11-13,0.0011277281700632358
2014-11-14,0.00024470415631383524
2014-11-17,0.0006368027228453865
2014-11-18,0.005773657362224238
2014-11-19,-0.001605717217194158
2014-11-20,0.0017542948181958895
2014-11-21,0.005351339610339956
2014-11-24,0.0028057172679274434
2014-11-25,-0.0007237764136717173
2014-11-26,0.0025590879910486475
2014-11-28,-0.0021190488969996535
2014-12-01,-0.006949853123000893
2014-12-02,0.006464069549976026
2014-12-03,0.0038630398156174195
2014-12-04,-0.001106677313499227
2014-12-05,0.001637525241118265
2014-12-08,-0.006682454035021657
2014-12-09,-0.0006774158979396816
2014-12-10,-0.01603203852741597
2014-12-11,0.00507021268561636
2014-12-12,-0.01616139048724874
2014-12-15,-0.006869494672593346
2014-12-16,-0.00801999011070853
2014-12-17,0.019605399234840393
2014-12-18,0.02472849849866443
2014-12-19,0.00425500493967923
2014-12-22,0.004599867437947713
2014-12-23,0.0013495567440218181
2014-12-24,9.638766764252793e-05
2014-12-26,0.003224585804140645
2014-12-29,0.0013436309888223974
2014-12-30,-0.005366073194725263
2014-12-31,-0.009923265737597942
2015-01-02,-0.000535293030693218
2015-01-05,-0.01805944970892015
2015-01-06,-0.009418922112960249
2015-01-07,0.012461155957294467
2015-01-08,0.017744718066474485
2015-01-09,-0.008013563845010618
2015-01-12,-0.007833382262578792
2015-01-13,-0.0028127184902330127
2015-01-14,-0.006037124448571407
2015-01-15,-0.00916062800599493
2015-01-16,0.013114199010810346
2015-01-20,0.0021326704629263116
2015-01-21,0.0050479821601883135
2015-01-22,0.014871221476646879
2015-01-23,-0.00548286832206768
2015-01-26,0.0023417950024522405
2015-01-27,-0.01319037496450648
2015-01-28,-0.012824638730443594
2015-01-29,0.00924351792156286
2015-01-30,-0.012574944382164222
2015-02-02,0.012384339936252431
2015-02-03,0.014460890038154206
2015-02-04,-0.003807742677650272
2015-02-05,0.01009523469834206
2015-02-06,-0.002765545415959303
2015-02-09,-0.004475716081321024
2015-02-10,0.010653354464729592
2015-02-11,0.0005802400225021209
2015-02-12,0.009616793206630003
2015-02-13,0.004116683638989871
2015-02-17,0.0015728926369129592
2015-02-18,9.495332736242368e-05
2015-02-19,-0.000713840568631996
2015-02-20,0.006000896105197384
2015-02-23,-0.00014219276459204178
2015-02-24,0.0028411110979917886
2015-02-25,-0.0008501628155983543
2015-02-26,-0.0011810977915976961
2015-02-27,-0.0034060838469041066
2015-03-02,0.006312904005117526
2015-03-03,-0.004104036188925297
2015-03-04,-0.004215097825391756
2015-03-05,0.001093975962052962
2015-03-06,-0.014064392068221854
2015-03-09,0.004144498915267247
2015-03-10,-0.01622240791185603
2015-03-11,-0.00234096092228242
2015-03-12,0.012713270670898336
2015-03-13,-0.006131979289740741
2015-03-16,0.013360507815430855
2015-03-17,-0.0029727620214816675
2015-03-18,0.01202199364217127
2015-03-19,-0.0045615905125939715
2015-03-20,0.00882683392784367
2015-03-23,-0.0019486777965492807
2015-03-24,-0.005618718470844053
2015-03-25,-0.014653837018303584
2015-03-26,-0.002381516748645507
2015-03-27,0.0022895456862244146
2015-03-30,0.012199881328215811
2015-03-31,-0.008739504258348019
2015-04-01,-0.0035360482978707974
2015-04-02,0.003597322339071285
2015-04-06,0.006733408034157451
2015-04-07,-0.002646536893032181
2015-04-08,0.0033771931925921095
2015-04-09,0.0044235713233451435
2015-04-10,0.0054570002186815625
2015-04-13,-0.0045229067153116365
2015-04-14,0.0019128675968074216
2015-04-15,0.004487288547006862
2015-04-16,-0.00028552248911284384
2015-04-17,-0.011503189900719635
2015-04-20,0.009136904998792827
2015-04-21,-0.0011914314389266378
2015-04-22,0.004913991332317735
2015-04-23,0.002516184766089502
2015-04-24,0.0023206146175467346
2015-04-27,-0.004158050946095004
2015-04-28,0.0031791351705277027
2015-04-29,-0.004114429213839088
2015-04-30,-0.010020703427441324
2015-05-01,0.010841495325123907
2015-05-04,0.0028474555088349174
2015-05-05,-0.011451733268352582
2015-05-06,-0.004117180157246381
2015-05-07,0.003989667457875878
2015-05-08,0.013166096008462524
2015-05-11,-0.004772620913479186
2015-05-12,-0.0029914511629312024
2015-05-13,0.00019075630671627763
2015-05-14,0.010427248535821665
2015-05-15,0.0010838060432629693
2015-05-18,0.003107396451932365
2015-05-19,-0.00032880639137489176
2015-05-20,-0.0007040152436782465
2015-05-21,0.0029123829057844386
2015-05-22,-0.0023888129954459103
2015-05-26,-0.010751567537584661
2015-05-27,0.009491865268878685
2015-05-28,-0.0011284316175281806
2015-05-29,-0.006212909191807614
2015-06-01,0.002036707597669274
2015-06-02,-0.0009927707064752989
2015-06-03,0.0026495843552098997
2015-06-04,-0.008446614251236051
2015-06-05,-0.0017128681285837333
2015-06-08,-0.006149850249344779
2015-06-09,-0.00014387604536181264
2015-06-10,0.01199345433011878
2015-06-11,0.0032233243386312616
2015-06-12,-0.007654620332656403
2015-06-15,-0.004285622711777459
2015-06-16,0.005451432908502474
2015-06-17,0.0016175095496218095
2015-06-18,0.010399198943801924
2015-06-19,-0.004439253992364001
2015-06-22,0.005123105238483916
2015-06-23,0.0007080908142449438
2015-06-24,-0.007263109550658009
2015-06-25,-0.003040343741685936
2015-06-26,-0.00019055192121253395
2015-06-29,-0.020970288645668633
2015-06-30,0.0020929087181396078
2015-07-01,0.0080159444033443
2015-07-02,-0.0009156143334700939
2015-07-06,-0.0028460289341860623
2015-07-07,0.006288377179391791
2015-07-08,-0.016777093954048805
2015-07-09,0.0018093213335896863
2015-07-10,0.012591284085353927
2015-07-13,0.011037476771134092
2015-07-14,0.004337721803521433
2015-07-15,-0.0003321028241770607
2015-07-16,0.00802421202133674
2015-07-17,0.0008481025709283774
2015-07-20,0.000517491612725296
2015-07-21,-0.003951236318488038
2015-07-22,-0.0017946473631155202
2015-07-23,-0.005630001808783813
2015-07-24,-0.010372011920751767
2015-07-27,-0.0058173026963955765
2015-07-28,0.01228318001668649
2015-07-29,0.006878897515889104
2015-07-30,0.00023748714117832748
2015-07-31,-0.0015181678367184315
2015-08-03,-0.003372904432925372
2015-08-04,-0.0019542233155303013
2015-08-05,0.003295670237180026
2015-08-06,-0.008187804169811352
2015-08-07,-0.0019197680150749852
2015-08-10,0.012599261084849323
2015-08-11,-0.009023605252796663
2015-08-12,0.0011983333317253653
2015-08-13,-0.0012447294568392886
2015-08-14,0.003642272783128453
2015-08-17,0.005587080404196643
2015-08-18,-0.002896864228988938
2015-08-19,-0.00790525994951563
2015-08-20,-0.02088144060538999
2015-08-21,-0.030102475902801462
2015-08-24,-0.042106778411630796
2015-08-25,-0.01176794638866363
2015-08-26,0.03839370703589973
2015-08-27,0.02473506713590168
2015-08-28,5.0330384995245225e-05
2015-08-31,-0.008079365185781895
2015-09-01,-0.029847332979650254
2015-09-02,0.018981395766090925
2015-09-03,0.0007158275914775913
2015-09-04,-0.015136369017842655
2015-09-08,0.025130793629917436
2015-09-09,-0.01337193473309295
2015-09-10,0.005441843102903743
2015-09-11,0.00454454215737532
2015-09-14,-0.003710759808071229
2015-09-15,0.012499521472129071
2015-09-16,0.008666704353335941
2015-09-17,-0.0022482626500316405
2015-09-18,-0.016341054511294084
2015-09-21,0.0051673730106276405
2015-09-22,-0.012979589309905948
2015-09-23,-0.0015989262997226916
2015-09-24,-0.0036154539118498086
2015-09-25,-0.0002589006171801467
2015-09-28,-0.02509777138640501
2015-09-29,0.0005853061996845543
2015-09-30,0.01865786807788372
2015-10-01,0.0026094910224103707
2015-10-02,0.014937683996578688
2015-10-05,0.017794918757334077
2015-10-06,-0.003425919861088089
2015-10-07,0.008190547009461202
2015-10-08,0.009026461343378811
2015-10-09,0.0005964050106708196
2015-10-12,0.0009434963861727486
2015-10-13,-0.006301996189276404
2015-10-14,-0.004793568424456884
2015-10-15,0.015354340240266495
2015-10-16,0.004546227538121395
2015-10-19,0.0004919226868078663
2015-10-20,-0.0012784417478196586
2015-10-21,-0.0062034492551164
2015-10-22,0.01689381506021137
2015-10-23,0.01096175011903866
2015-10-26,-0.0024582278070075514
2015-10-27,-0.001931619219545322
2015-10-28,0.0113742025936312
2015-10-29,-0.0005743128700717026
2015-10-30,-0.004309865304612193
2015-11-02,0.011831389003037485
2015-11-03,0.002899159762040693
2015-11-04,-0.003033328909566868
2015-11-05,-0.0009981161984859988
2015-11-06,-0.0005234688989557146
2015-11-09,-0.009331676287259838
2015-11-10,0.002307031546201932
2015-11-11,-0.003931765475139293
2015-11-12,-0.013959671922556205
2015-11-13,-0.011228389909186065
2015-11-16,0.015206580426946115
2015-11-17,-0.0007292738916671038
2015-11-18,0.015865928342006397
2015-11-19,-0.0008623337318770519
2015-11-20,0.0036442913886101103
2015-11-23,-0.0011466501323579292
2015-11-24,0.0013392941896106514
2015-11-25,-0.00014306471404057497
2015-11-27,0.001146334131479021
2015-11-30,-0.004151409052455812
2015-12-01,0.009535471200819767
2015-12-02,-0.010204694512070844
2015-12-03,-0.014002913930436733
2015-12-04,0.01950273092426369
2015-12-07,-0.006058304602348574
2015-12-08,-0.006719348108232381
2015-12-09,-0.007780069115504551
2015-12-10,0.0025811204208388006
2015-12-11,-0.019380997417741908
2015-12-14,0.005052212235662656
2015-12-15,0.010497994756476503
2015-12-16,0.014631974377460999
2015-12-17,-0.01523780316711465
2015-12-18,-0.017815457055784467
2015-12-21,0.008249484492051318
2015-12-22,0.009073805713184058
2015-12-23,0.012383502762972398
2015-12-24,-0.0016502176409003422
2015-12-28,-0.002285119523067536
2015-12-29,0.010671733761604463
2015-12-30,-0.00708753873052459
2015-12-31,-0.010003542873826987
2016-01-04,-0.013979286664155377
2016-01-05,0.001691533661087652
2016-01-06,-0.012614698278047176
2016-01-07,-0.023991313921412738
2016-01-08,-0.010976560783950484
2016-01-11,0.0009899368211512272
2016-01-12,0.008068527795395575
2016-01-13,-0.024940922041394087
2016-01-14,0.0164167844262344
2016-01-15,-0.021466096115927757
2016-01-19,0.0013313577391493858
2016-01-20,-0.012815145460635002
2016-01-21,0.005601774738636989
2016-01-22,0.02051548734510522
2016-01-25,-0.015116342255572568
2016-01-26,0.013642691263129336
2016-01-27,-0.010883105792710457
2016-01-28,0.005209294396374409
2016-01-29,0.024377197275041507
2016-02-01,-0.00036101497903839874
2016-02-02,-0.018022312315402522
2016-02-03,0.0059949743334271055
2016-02-04,0.001568293080067562
2016-02-05,-0.019050486258822885
2016-02-08,-0.013460627328020225
2016-02-09,5.38821503663911e-05
2016-02-10,-0.0008630440291057528
2016-02-11,-0.013007935492253542
2016-02-12,0.02061676487213826
2016-02-16,0.016877870782435522
2016-02-17,0.016335468542838294
2016-02-18,-0.0040959012742251
2016-02-19,-0.00046866599416461874
2016-02-22,0.014478991957864729
2016-02-23,-0.012629204449882248
2016-02-24,0.004575462522343088
2016-02-25,0.012111654871656441
2016-02-26,-0.0023013382249844616
2016-02-29,-0.00784276543019291
2016-03-01,0.02350734946558064
2016-03-02,0.004492353625301648
2016-03-03,0.003919732835695688
2016-03-04,0.0032532223516641423
2016-03-07,0.0007982742827090661
2016-03-08,-0.0109178895304477
2016-03-09,0.004939914582810401
2016-03-10,0.0008022964669724963
2016-03-11,0.0161372864389433
2016-03-14,-0.0012825565436672681
2016-03-15,-0.0016293869545542794
2016-03-16,0.005787183862671075
2016-03-17,0.006344289596401209
2016-03-18,0.00392943677601143
2016-03-21,0.0014188962264849447
2016-03-22,-0.0005373696704792374
2016-03-23,-0.006599697597850951
2016-03-24,-0.00044287332812664726
2016-03-28,0.0005909367011582844
2016-03-29,0.00924988274185079
2016-03-30,0.004387933914739239
2016-03-31,-0.0024271397045706466
2016-04-01,0.006811912826370392
2016-04-04,-0.003238065236441434
2016-04-05,-0.009987759969688037
2016-04-06,0.010921162932244544
2016-04-07,-0.011965548181724128
2016-04-08,0.002696598143838491
2016-04-11,-0.0023473554191427715
2016-04-12,0.009312841046683618
2016-04-13,0.010100914707593889
2016-04-14,4.8219230071255836e-05
2016-04-15,-0.0011057858987626457
2016-04-18,0.007026749102255092
2016-04-19,0.003154142492681311
2016-04-20,0.0009531672415179493
2016-04-21,-0.005378625384886981
2016-04-22,0.0
2016-04-25,-0.0017228366504588033
2016-04-26,0.001486281951630808
2016-04-27,0.002058176407437662
2016-04-28,-0.009076080748752102
2016-04-29,-0.005398554379003939
2016-05-02,0.007948656501550966
2016-05-03,-0.008703480690962273
2016-05-04,-0.005578281986622025
2016-05-05,-0.00019489946604223096
2016-05-06,0.0036590964635585532
2016-05-09,0.0008262733932089539
2016-05-10,0.012433806211699538
2016-05-11,-0.009354720867046695
2016-05-12,0.00029037050317026747
2016-05-13,-0.008714339798928439
2016-05-16,0.009865830023222166
2016-05-17,-0.009333609667997789
2016-05-18,0.0002925334699426241
2016-05-19,-0.003464998166928024
2016-05-20,0.00631751706932393
2016-05-23,-0.0013626864876460365
2016-05-24,0.01296217730673499
2016-05-25,0.006783240189782047
2016-05-26,0.0002867714720462544
2016-05-27,0.004299392697019178
2016-05-31,-0.0019027370430424462
2016-06-01,0.002049410327936485
2016-06-02,0.003043293847927231
2016-06-03,-0.0029868478804393472
2016-06-06,0.005088442984228836
2016-06-07,0.001561411737041718
2016-06-08,0.003259587494902405
2016-06-09,-0.0013656827256269821
2016-06-10,-0.00947733544438889
2016-06-13,-0.007711824672113066
2016-06-14,-0.0019671053205568834
2016-06-15,-0.0013936746627402075
2016-06-16,0.0029840883579297373
2016-06-17,-0.003724003098525386
2016-06-20,0.006440097903852138
2016-06-21,0.0028383771970081906
2016-06-22,-0.0016309668157808987
2016-06-23,0.0130225663711101
2016-06-24,-0.03590903023015379
2016-06-27,-0.017909952079891656
2016-06-28,0.018036075561471243
2016-06-29,0.017027423133461506
2016-06-30,0.013645524932831554
2016-07-01,0.0021006319426035702
2016-07-05,-0.0071932255081956775
2016-07-06,0.005997918237085509
2016-07-07,-0.0006202072563651351
2016-07-08,0.014890278982632399
2016-07-11,0.0035269798500774385
2016-07-12,0.0072634511806162205
2016-07-13,-0.00013967294030958755
2016-07-14,0.005583530626694921
2016-07-15,-0.00134167441995392
2016-07-18,0.0026873688435524734
2016-07-19,-0.0010168060222331965
2016-07-20,0.004163254598699817
2016-07-21,-0.0037773968126554314
2016-07-22,0.0044852420453651565
2016-07-25,-0.002715938195976153
2016-07-26,0.00046153729125397724
2016-07-27,-0.001061244405553552
2016-07-28,0.0011547843755803644
2016-07-29,0.0016146515392903016
2016-08-01,-0.0008287542153434524
2016-08-02,-0.0064075500408444785
2016-08-03,0.0029226396369039787
2016-08-04,0.00106404258623094
2016-08-05,0.008178815487204005
2016-08-08,-0.0005958238144793127
2016-08-09,0.0005961790321444838
2016-08-10,-0.0024751688762723045
2016-08-11,0.004640718217874706
2016-08-12,-0.0008689161430380787
2016-08-15,0.0028840370614997557
2016-08-16,-0.005157974149543443
2016-08-17,0.0018809135029633772
2016-08-18,0.0022440649502419863
2016-08-19,-0.0014617276820726444
2016-08-22,-4.614801381164213e-05
2016-08-23,0.0020136381461512975
2016-08-24,-0.005114907488025233
2016-08-25,-0.0006884102451429897
2016-08-26,-0.0018836530724437583
2016-08-29,0.0049243661773628045
2016-08-30,-0.0016485884699546371
2016-08-31,-0.002843860247962904
2016-09-01,4.573503494031961e-05
2016-09-02,0.004507867384682118
2016-09-06,0.003022793878910024
2016-09-07,-9.143528618549279e-05
2016-09-08,-0.0022830648737058867
2016-09-09,-0.02393485069431578
2016-09-12,0.01434710589427346
2016-09-13,-0.014374946075425332
2016-09-14,-0.0003754374678192063
2016-09-15,0.009993127140835112
2016-09-16,-0.003865904535955811
2016-09-19,0.0001874463409790028
2016-09-20,4.71868691889199e-05
2016-09-21,0.011245060749183633
2016-09-22,0.006301488014669454
2016-09-23,-0.0054792744306818575
2016-09-26,-0.008102373708000266
2016-09-27,0.006208447155280572
2016-09-28,0.004963429515489448
2016-09-29,-0.00904754833340804
2016-09-30,0.007546416029392544
2016-10-03,-0.0024041228696637384
2016-10-04,-0.005098027587003284
2016-10-05,0.0044251839550988326
2016-10-06,0.0006958872641140701
2016-10-07,-0.0034293569241283794
2016-10-10,0.0052082344774713185
2016-10-11,-0.012629820852850582
2016-10-12,0.001312423960037945
2016-10-13,-0.0032755918120213057
2016-10-14,0.0005165159164801647
2016-10-17,-0.003472242549008575
2016-10-18,0.006262397843281864
2016-10-19,0.0026671103510653715
2016-10-20,-0.0018669185280746348
2016-10-21,0.00046791510694954574
2016-10-24,0.0042524127171736925
2016-10-25,-0.0033505829286070155
2016-10-26,-0.002007604496920945
2016-10-27,-0.002666819655163799
2016-10-28,-0.0029552166576395367
2016-10-31,4.679299825793848e-05
2016-11-01,-0.007245280019091971
2016-11-02,-0.006018321117227998
2016-11-03,-0.0045775047343314945
2016-11-04,-0.0011015120671189482
2016-11-07,0.022057013100168055
2016-11-08,0.004503773031446112
2016-11-09,0.010602395998649872
2016-11-10,0.0024953232252451496
2016-11-11,-0.002305308569294673
2016-11-14,0.0007859141260961877
2016-11-15,0.007802443217385324
2016-11-16,-0.00187810685587797
2016-11-17,0.005140909951369066
2016-11-18,-0.002237776830777305
2016-11-21,0.007551520471924311
2016-11-22,0.001953152039264827
2016-11-23,0.0005439580657782273
2016-11-25,0.0037156720278621602
2016-11-28,-0.0046949414484029894
2016-11-29,0.00195030954676767
2016-11-30,-0.002399215133846
2016-12-01,-0.0036755342796321866
2016-12-02,0.0005010842349142397
2016-12-05,0.006008863442732659
2016-12-06,0.003167622362186373
2016-12-07,0.013080363552812724
2016-12-08,0.0024489937786780214
2016-12-09,0.006040200079747482
2016-12-12,-0.001148035611923004
2016-12-13,0.006674452451242097
2016-12-14,-0.008254530295917384
2016-12-15,0.004117311662186651
2016-12-16,-0.001955994177988196
2016-12-19,0.00217761245584569
2016-12-20,0.0038575566942986583
2016-12-21,-0.0027824988002219664
2016-12-22,-0.0017275409280517184
2016-12-23,0.0014641740801093484
2016-12-27,0.00248115484938749
2016-12-28,-0.008264742390169943
2016-12-29,-0.0002228278000657724
2016-12-30,-0.00365496925917963
2017-01-03,0.0076500223377988785
2017-01-04,0.005949387880454626
2017-01-05,-0.000794524413013864
2017-01-06,0.0035778115110440822
2017-01-09,-0.003300923280594281
2017-01-10,0.0
2017-01-11,0.0028260467636056497
2017-01-12,-0.002509973183780434
2017-01-13,0.002295243533285918
2017-01-17,-0.003523243716035296
2017-01-18,0.002210057767714879
2017-01-19,-0.0037045843997519645
2017-01-20,0.0036741230721422102
2017-01-23,-0.0026021069892806503
2017-01-24,0.006411687300770907
2017-01-25,0.00865552585894891
2017-01-26,-0.0010456713236139947
2017-01-27,-0.0015695307370428013
2017-01-30,-0.006201785301934493
2017-01-31,-8.783496619679809e-05
2017-02-01,0.0003955256925047834
2017-02-02,0.0006590267002339889
2017-02-03,0.006892740956739196
2017-02-06,-0.0017874903028882727
2017-02-07,4.34205451622649e-05
2017-02-08,0.001310221913467302
2017-02-09,0.0059328435531640356
2017-02-10,0.003946321604733516
2017-02-13,0.005442623798988411
2017-02-14,0.003995168102840951
2017-02-15,0.00522049868556862
2017-02-16,-0.0008513971118871977
2017-02-17,0.001576215452346652
2017-02-21,0.005955471140656421
2017-02-22,-0.0008880769765613472
2017-02-23,0.0006772422240690634
2017-02-24,0.0012685857023018166
2017-02-27,0.0015632903178388613
2017-02-28,-0.002699336091256388
2017-03-01,0.01399740605335631
2017-03-02,-0.00629736193452024
2017-03-03,0.000629495660569912
2017-03-06,-0.002978060363541535
2017-03-07,-0.0029867320787503315
2017-03-08,-0.0018564405013099528
2017-03-09,0.001268092033071433
2017-03-10,0.003504119184038812
2017-03-13,0.000504825436403511
2017-03-14,-0.003826601129099938
2017-03-15,0.008653658592042923
2017-03-16,-0.00196720202828915
2017-03-17,-0.0017560580846209817
2017-03-20,-0.0010968712931656022
2017-03-21,-0.012839595402641457
2017-03-22,0.002353108477055388
2017-03-23,-0.0010668236592525915
2017-03-24,-0.0007263987680470319
2017-03-27,-0.0010263427984946727
2017-03-28,0.007276812010089007
2017-03-29,0.0009345086025396299
2017-03-30,0.0031846241629669425
2017-03-31,-0.0023277632865505993
2017-04-03,-0.0017391379835622889
2017-04-04,0.0006370731280185282
2017-04-05,-0.0029723637746517095
2017-04-06,0.002811101212267575
2017-04-07,-0.0010194552984025274
2017-04-10,0.0005954954024438575
2017-04-11,-0.001189982140522572
2017-04-12,-0.0043817006861844865
2017-04-13,-0.006494997037791661
2017-04-17,0.008859739096560793
2017-04-18,-0.0029841200170246385
2017-04-19,-0.0018385877883613233
2017-04-20,0.008139285400382112
2017-04-21,-0.003187029149689713
2017-04-24,0.010997969344181291
2017-04-25,0.005818681312141916
2017-04-26,-0.0006289914238997163
2017-04-27,0.0008391830708209813
2017-04-28,-0.002179602886084653
2017-05-01,0.0025201919169495213
2017-05-02,0.00037696760458660883
2017-05-03,-0.0012147082550065802
2017-05-04,0.001174240479538069
2017-05-05,0.003937105327967538
2017-05-08,-0.00016692635441817316
2017-05-09,-0.0009178065512895905
2017-05-10,0.001795448808415312
2017-05-11,-0.0020424431002712407
2017-05-12,-0.0016714212394237649
2017-05-15,0.005523839376206041
2017-05-16,-0.0009154355322752439
2017-05-17,-0.01774400607861193
2017-05-18,0.004028382640316908
2017-05-19,0.00650410744556007
2017-05-22,0.005077568618393258
2017-05-23,0.002212773304240301
2017-05-24,0.0023326794873397283
2017-05-25,0.0047797360542760625
2017-05-26,-0.0002068070006140399
2017-05-30,-0.0008692215996130015
2017-05-31,-0.00024808502975592894
2017-06-01,0.007952236019266978
2017-06-02,0.0033284064151475334
2017-06-05,-0.0007372002229447672
2017-06-06,-0.003196891048220629
2017-06-07,0.0018503116180681456
2017-06-08,0.0004926402985845346
2017-06-09,-0.0015180092079242202
2017-06-12,-0.00020533267735112215
2017-06-13,0.004889777211424251
2017-06-14,-0.0012675176420853251
2017-06-15,-0.0019245646362331392
2017-06-16,0.00021863537655009146
2017-06-19,0.008325140821126675
2017-06-20,-0.006743876566535856
2017-06-21,-0.0002470808160168758
2017-06-22,-0.00045294891931435544
2017-06-23,0.0011941928306931082
2017-06-26,0.0006580517465666347
2017-06-27,-0.008056247676359929
2017-06-28,0.008950650694518503
2017-06-29,-0.008788905125783342
2017-06-30,0.0018646882572068701
2017-07-03,0.0016956728322921055
2017-07-05,0.002311964765587371
2017-07-06,-0.009144664496280486
2017-07-07,0.006485274388165596
2017-07-10,0.0010740111208118464
2017-07-11,-0.0007429100298721458
2017-07-12,0.0075146530442558035
2017-07-13,0.001680459563528025
2017-07-14,0.004663791347969903
2017-07-17,-0.00012197158705484767
2017-07-18,0.0005295614107470037
2017-07-19,0.005413947007853581
2017-07-20,0.0004456111636366167
2017-07-21,-0.0008906122154339613
2017-07-24,-0.00024306550401997917
2017-07-25,0.002430961469587878
2017-07-26,4.058807004514442e-05
2017-07-27,-0.0009297270924943923
2017-07-28,-0.0011729880371696977
2017-07-31,-0.0005670601412253173
2017-08-01,0.002228761402152557
2017-08-02,0.00048533709809728265
2017-08-03,-0.0019401228314015473
2017-08-04,0.0018223297455697285
2017-08-07,0.0018590369183955069
2017-08-08,-0.002460965768104284
2017-08-09,-4.04013264699854e-05
2017-08-10,-0.014115189048568566
2017-08-11,0.0014768435894796372
2017-08-14,0.009913090731102026
2017-08-15,-0.00012170036416114804
2017-08-16,0.00174446550264995
2017-08-17,-0.015590661699135366
2017-08-18,-0.0015633913784602882
2017-08-21,0.0007830282018910228
2017-08-22,0.010456757934506733
2017-08-23,-0.0035853995183988685
2017-08-24,-0.0023305968711351266
2017-08-25,0.0023360412415434073
2017-08-28,4.0919150363416534e-05
2017-08-29,0.0011448996940377487
2017-08-30,0.004737485809089392
2017-08-31,0.006016057950552378
2017-09-01,0.0014145056203542783
2017-09-05,-0.00718239581977087
2017-09-06,0.0034139007342379735
2017-09-07,-0.00012123846981260122
2017-09-08,-0.0011749112184997745
2017-09-11,0.010666027196788663
2017-09-12,0.0033705369392715845
2017-09-13,0.0004798276159259096
2017-09-14,-0.00032001237381173997
2017-09-15,0.0013465180388558817
2017-09-18,0.0021270927582379695
2017-09-19,0.0010010206086841222
2017-09-20,0.00035978060930674793
2017-09-21,-0.002679289762906878
2017-09-22,0.000200693256853679
2017-09-25,-0.00204469946244612
2017-09-26,0.000602630872905241
2017-09-27,0.003894156268713367
2017-09-28,0.0012000031299568281
2017-09-29,0.0035150272789339354
2017-10-02,0.0043384101795416186
2017-10-03,0.0021402408906481263
2017-10-04,0.0011865294159669748
2017-10-05,0.005924995100515362
2017-10-06,-0.0011388347308028957
2017-10-09,-0.0016511704890876944
2017-10-10,0.0026383861136674014
2017-10-11,0.0015709894502813349
2017-10-12,-0.0014901572758831971
2017-10-13,0.0012177522899745608
2017-10-16,0.0013332387725322192
2017-10-17,0.0007051823270975976
2017-10-18,0.000978627141554611
2017-10-19,0.00027360560541023204
2017-10-20,0.0051604771879096845
2017-10-23,-0.0038894719469211303
2017-10-24,0.0017572773156453447
2017-10-25,-0.004950244591068409
2017-10-26,0.0012925947575492813
2017-10-27,0.008176457687537164
2017-10-30,-0.003725315673983487
2017-10-31,0.001557956604883337
2017-11-01,0.0013221726077248253
2017-11-02,0.0003885563736474307
2017-11-03,0.0033383743980377467
2017-11-06,0.0015478441611112004
2017-11-07,-0.0006953488095855498
2017-11-08,0.0017009167661090618
2017-11-09,-0.003627854707277667
2017-11-10,-0.0003098504286546122
2017-11-13,0.0009297040197395745
2017-11-14,-0.0023223378728735034
2017-11-15,-0.005005248793916173
2017-11-16,0.008500878563772796
2017-11-17,-0.002938423610713281
2017-11-20,0.0017062596593198087
2017-11-21,0.006542675712711388
2017-11-22,-0.0008846091975972525
2017-11-24,0.002309956215949205
2017-11-27,-0.0004995484270096107
2017-11-28,0.010144928022695954
2017-11-29,-0.0006085544263778608
2017-11-30,0.008754901008293903
2017-12-01,-0.0020753962867789966
2017-12-04,-0.0012099232733193688
2017-12-05,-0.0035967326096304486
2017-12-06,0.00018983831351349068
2017-12-07,0.0031533060902906307
2017-12-08,0.005453092311786811
2017-12-11,0.0030129774766904927
2017-12-12,0.001764885663236182
2017-12-13,-0.00011237021191412566
2017-12-14,-0.004086255794740201
2017-12-15,0.008327436316326375
2017-12-18,0.006341158804511027
2017-12-19,-0.0038405239630303623
2017-12-20,-0.0005239585478138409
2017-12-21,0.0020596364435430115
2017-12-22,-0.0002615778568595406
2017-12-26,-0.0011961530522336394
2017-12-27,0.00048664516476959463
2017-12-28,0.00205759684703799
2017-12-29,-0.003770700798950255
2018-01-02,0.0071570134217937564
2018-01-03,0.006325283343088461
2018-01-04,0.004214684266900859
2018-01-05,0.006664472159342738
2018-01-08,0.001828614117605376
2018-01-09,0.0022632259726564907
2018-01-10,-0.0015297420976250198
2018-01-11,0.007295842894470939
2018-01-12,0.006519423090541432
2018-01-16,-0.0034183982496500676
2018-01-17,0.009531614903655727
2018-01-18,-0.0016809043030180382
2018-01-19,0.004549277393904427
2018-01-22,0.008131495342367012
2018-01-23,0.0021222447923321397
2018-01-24,-0.00038794031425071207
2018-01-25,0.00042350577342720186
2018-01-26,0.011577488748718112
2018-01-29,-0.006629475182316935
2018-01-30,-0.010257114728575711
2018-01-31,0.0004968269757184007
2018-02-01,-0.0011351551017949602
2018-02-02,-0.021770044636844288
2018-02-05,-0.041822629114190546
2018-02-06,0.0197020961559915
2018-02-07,-0.005424687121610483
2018-02-08,-0.03750889435692262
2018-02-09,0.015021350212638618
2018-02-12,0.014684460663397125
2018-02-13,0.0024875942894593273
2018-02-14,0.0134958985910405
2018-02-15,0.012760502864027634
2018-02-16,0.00029308790001492113
2018-02-20,-0.00626142271957042
2018-02-21,-0.0049741863736457725
2018-02-22,0.0012961198016829822
2018-02-23,0.01593967378106287
2018-02-26,0.011611767221798353
2018-02-27,-0.012486375608105837
2018-02-28,-0.01012993420479702
2018-03-01,-0.014540985521845573
2018-03-02,0.005155195404630275
2018-03-05,0.011557592761039182
2018-03-06,0.002535078429388049
2018-03-07,-0.00036624285468156437
2018-03-08,0.004838980477838595
2018-03-09,0.017402170770757674
2018-03-12,-0.0012551891309933172
2018-03-13,-0.006462310262657867
2018-03-14,-0.00513180787518297
2018-03-15,-0.0010897017064690484
2018-03-16,0.0010843172994559058
2018-03-19,-0.013530067662334
2018-03-20,0.0017007589670490209
2018-03-21,-0.0019195772278746137
2018-03-22,-0.024996928876492408
2018-03-23,-0.021314656833631096
2018-03-26,0.027358895235094938
2018-03-27,-0.017011480532435286
2018-03-28,-0.002955060873895299
2018-03-29,0.012777722292598437
2018-04-02,-0.021584661959105578
2018-04-03,0.012817318185210702
2018-04-04,0.010698970837633492
2018-04-05,0.007891829474635514
2018-04-06,-0.022285713131285245
2018-04-09,0.004928191748358346
2018-04-10,0.01590073464181141
2018-04-11,-0.005242444533702817
2018-04-12,0.008227075906175774
2018-04-13,-0.0029328743294629867
2018-04-16,0.008221487552368956
2018-04-17,0.010698375515331371
2018-04-18,0.0007402871114565723
2018-04-19,-0.005547341918938242
2018-04-20,-0.008479518383803453
2018-04-23,-0.00014992862968676857
2018-04-24,-0.013467350272288847
2018-04-25,0.00247166459405479
2018-04-26,0.010165725844474505
2018-04-27,0.0009388732597805927
2018-04-30,-0.007690526216253546
2018-05-01,0.001776514315816602
2018-05-02,-0.006717340988990128
2018-05-03,-0.0022037421982724625
2018-05-04,0.012946452378709505
2018-05-07,0.0033830561766545753
2018-05-08,0.0
2018-05-09,0.009666074631458965
2018-05-10,0.009350380360443333
2018-05-11,0.003051453987786612
2018-05-14,0.00047661608669380406
2018-05-15,-0.006886903582271731
2018-05-16,0.004204845610748631
2018-05-17,-0.0008448495969318737
2018-05-18,-0.0024999697694650935
2018-05-21,0.007518961056660167
2018-05-22,-0.0027805437423327195
2018-05-23,0.0027514648908812944
2018-05-24,-0.002049006951994614
2018-05-25,-0.0023824389821668346
2018-05-29,-0.011501030680737823
2018-05-30,0.013344638444301449
2018-05-31,-0.006125641762928957
2018-06-01,0.009817462202856841
2018-06-04,0.004751450494566711
2018-06-05,0.000727477404716792
2018-06-06,0.008360663650174072
2018-06-07,-0.00010783862623575668
2018-06-08,0.002955833509911132
2018-06-11,0.0013304024114142443
2018-06-12,0.0012921546660411565
2018-06-13,-0.003190902040716259
2018-06-14,0.0025178803877927702
2018-06-15,-0.001275901553043579
2018-06-18,-0.0020568736925326014
2018-06-19,-0.003832829173322616
2018-06-20,0.001706155421413058
2018-06-21,-0.006268749701022758
2018-06-22,0.0018230275101882576
2018-06-25,-0.013612603542315527
2018-06-26,0.0022142454496614228
2018-06-27,-0.008284599338475807
2018-06-28,0.005717520767106743
2018-06-29,0.001439735948737031
2018-07-02,0.0021379486035961737
2018-07-03,-0.00353128157995819
2018-07-05,0.008157969923668906
2018-07-06,0.008458019614094203
2018-07-09,0.009004627117967345
2018-07-10,0.0035980978249241513
2018-07-11,-0.007314127579384877
2018-07-12,0.009065667764154739
2018-07-13,0.0007877139085268325
2018-07-16,-0.0008941026762733228
2018-07-17,0.004045047081574271
2018-07-18,0.0021034743211698625
2018-07-19,-0.00377109513829188
2018-07-20,-0.0011429355760779192
2018-07-23,0.0018593569671443433
2018-07-24,0.005032178819948996
2018-07-25,0.008522366338681753
2018-07-26,-0.002359303900976717
2018-07-27,-0.00677610861967759
2018-07-30,-0.0052233569479471775
2018-07-31,0.00492936993243176
2018-08-01,-0.0016708595900265522
2018-08-02,0.005447558634414484
2018-08-03,0.00428514714439987
2018-08-06,0.003667008210979761
2018-08-07,0.003302314508265791
2018-08-08,-0.0004202037435971917
2018-08-09,-0.001366130610731875
2018-08-10,-0.006700041630035347
2018-08-13,-0.0037434304332708557
2018-08-14,0.006380382160686482
2018-08-15,-0.007467044657789579
2018-08-16,0.00809117039127405
2018-08-17,0.003520496123850414
2018-08-20,0.0021397959730264926
2018-08-21,0.0023452928690126384
2018-08-22,-0.0005931519389839046
2018-08-23,-0.0013280517200624509
2018-08-24,0.006018251646608297
2018-08-27,0.007895329015600971
2018-08-28,0.0004831620062903941
2018-08-29,0.00538069569311328
2018-08-30,-0.004048158338061492
2018-08-31,3.455152184028698e-05
2018-09-04,-0.00172264848804915
2018-09-05,-0.0026913100603034312
2018-09-06,-0.003009591062803074
2018-09-07,-0.0019437515385540838
2018-09-10,0.0017386412447362165
2018-09-11,0.0032973498808799295
2018-09-12,0.00024219111048906505
2018-09-13,0.005914243499067995
2018-09-14,0.00017196876023328755
2018-09-17,-0.005294447347621745
2018-09-18,0.005426745370398001
2018-09-19,0.0010652964773059104
2018-09-20,0.008104255053471565
2018-09-21,-0.0009138974521116783
2018-09-24,-0.0033222544512463426
2018-09-25,-0.0009278045660859879
2018-09-26,-0.0029919360996468747
2018-09-27,0.0027943591043231297
2018-09-28,0.00010257683878722723
2018-10-01,0.0034746258129325636
2018-10-02,-0.000582921254113411
2018-10-03,0.00054901406958896
2018-10-04,-0.007815834805095179
2018-10-05,-0.005597333196447729
2018-10-08,0.0
2018-10-09,-0.0014590992044398732
2018-10-10,-0.031663015876787104
2018-10-11,-0.022026581356185404
2018-10-12,0.013888558824769692
2018-10-15,-0.005616986258853984
2018-10-16,0.021865644677224738
2018-10-17,0.00017823468729694092
2018-10-18,-0.014440982684218118
2018-10-19,-0.0005427525312261539
2018-10-22,-0.004488399972450208
2018-10-23,-0.005090939444115983
2018-10-24,-0.030298435783174038
2018-10-25,0.017940519602825944
2018-10-26,-0.017587422569107947
2018-10-29,-0.005540489868924747
2018-10-30,0.014818505140006044
2018-10-31,0.010680984780607528
2018-11-01,0.010641771773696407
2018-11-02,-0.005922836397686981
2018-11-05,0.005516670597860873
2018-11-06,0.006328322736552483
2018-11-07,0.021408442448086706
2018-11-08,-0.0018144994255815394
2018-11-09,-0.009768461366872594
2018-11-12,-0.018685162656061793
2018-11-13,-0.0018709358884074767
2018-11-14,-0.006836885887269051
2018-11-15,0.01043647203623621
2018-11-16,0.002600691326669846
2018-11-19,-0.016914483730241958
2018-11-20,-0.018506240907303684
2018-11-21,0.00340753436781438
2018-11-23,-0.006678700372696134
2018-11-26,0.01614429092805003
2018-11-27,0.0033645426373154486
2018-11-28,0.023025372315846226
2018-11-29,-0.0021849005179204184
2018-11-30,0.006095085971176584
2018-12-03,0.013241626795002848
2018-12-04,-0.032402578284465244
2018-12-06,-0.0015170128457899779
2018-12-07,-0.023236290329297637
2018-12-10,0.0018971987254803313
2018-12-11,0.00022745883586305915
2018-12-12,0.005035174053478864
2018-12-13,-0.00033911088576965565
2018-12-14,-0.0184645705129598
2018-12-17,-0.019618605390105626
2018-12-18,-0.0010964708218834662
2018-12-19,-0.01497565510209753
2018-12-20,-0.016277957564358236
2018-12-21,-0.02048949419470003
2018-12-24,-0.02642294311572313
2018-12-26,0.050524747878127885
2018-12-27,0.0076774926509597385
2018-12-28,-0.0012900479900327388
2018-12-31,0.008758900157749938
2019-01-02,0.0010403283350755022
2019-01-03,-0.023862868734007003
2019-01-04,0.03349580994183077
2019-01-07,0.007884684603830294
2019-01-08,0.009395394788763944
2019-01-09,0.004673401931299059
2019-01-10,0.003527691715462078
2019-01-11,0.00038603432061878884
2019-01-14,-0.006100927165472836
2019-01-15,0.01146081735200788
2019-01-16,0.0024200081435652443
2019-01-17,0.007586799483913165
2019-01-18,0.013309999185942667
2019-01-22,-0.01351092703785739
2019-01-23,0.002092761961061562
2019-01-24,0.0005313091652092705
2019-01-25,0.008461483648736223
2019-01-28,-0.007600213349680418
2019-01-29,-0.0013269307314220935
2019-01-30,0.015830746722168776
2019-01-31,0.008782428767945882
2019-02-01,0.0004815726579461277
2019-02-04,0.007035623076191877
2019-02-05,0.004191918979689735
2019-02-06,-0.0013183365575576422
2019-02-07,-0.00953322137153656
2019-02-08,0.0012215910777064742
2019-02-11,0.0005546485190128791
2019-02-12,0.01285951491281434
2019-02-13,0.0032469162945016894
2019-02-14,-0.002218350880287878
2019-02-15,0.01089746801621927
2019-02-19,0.001730722163255205
2019-02-20,0.0020155849475160803
2019-02-21,-0.003555911549020685
2019-02-22,0.006199753620739656
2019-02-25,0.0013613040018902733
2019-02-26,-0.00071524162761194
2019-02-27,-0.0004297208286302423
2019-02-28,-0.0018628833999206895
2019-03-01,0.006244132622052145
2019-03-04,-0.003637660675917309
2019-03-05,-0.0013597931971512933
2019-03-06,-0.006057161203602557
2019-03-07,-0.00836542105657434
2019-03-08,-0.0019999305342782714
2019-03-11,0.014501254286995335
2019-03-12,0.0037712219293228877
2019-03-13,0.006618875442351735
2019-03-14,-0.0006398018596753818
2019-03-15,0.004940663504900966
2019-03-18,0.003626006455999864
2019-03-19,0.0002479380450826074
2019-03-20,-0.0030098784412495583
2019-03-21,0.01129421815575915
2019-03-22,-0.01924576713959547
2019-03-25,-0.0007522003639436337
2019-03-26,0.007453722107955807
2019-03-27,-0.00522893055234297
2019-03-28,0.0037907237274541483
2019-03-29,0.006305669779059331
2019-04-01,0.011858753040016046
2019-04-02,0.0004900418365494374
2019-04-03,0.001573327987161477
2019-04-04,0.002653629280945591
2019-04-05,0.00484036333415605
2019-04-08,0.0007624509726840145
2019-04-09,-0.005125275763334325
2019-04-10,0.0034113223463778652
2019-04-11,-0.00027780264937493637
2019-04-12,0.006765985338597513
2019-04-15,-0.0006545636382875308
2019-04-16,0.0006549923724779028
2019-04-17,-0.0024468881070750514
2019-04-18,0.001969329017698751
2019-04-22,0.0008618130396211843
2019-04-23,0.008991340614584065
2019-04-24,-0.0022192516748757996
2019-04-25,-0.0006157572489202678
2019-04-26,0.004656611397341637
2019-04-29,0.001567697672230084
2019-04-30,0.000510382988343272
2019-05-01,-0.0075165691665525225
2019-05-02,-0.002158718098326129
2019-05-03,0.009787795023658896
2019-05-06,-0.004115033340502783
2019-05-07,-0.016699464844165957
2019-05-08,-0.0013896882325692417
2019-05-09,-0.0030255172071640413
2019-05-10,0.005023431741553175
2019-05-13,-0.025130195362304097
2019-05-14,0.009043169964203068
2019-05-15,0.005858059505804203
2019-05-16,0.009261236229497705
2019-05-17,-0.0064653689100588885
2019-05-20,-0.006611887042899611
2019-05-21,0.009015750470858785
2019-05-22,-0.0030716133657798794
2019-05-23,-0.012218538522264843
2019-05-24,0.0022683370638367784
2019-05-28,-0.009300717245572354
2019-05-29,-0.0067107775854233775
2019-05-30,0.0027312881738792427
2019-05-31,-0.013475305761205925
2019-06-03,-0.00254290939829549
2019-06-04,0.02170685149404994
2019-06-05,0.008662080023962515
2019-06-06,0.00650273610048413
2019-06-07,0.010006996185638828
2019-06-10,0.004589102033900616
2019-06-11,-0.0002424759295919232
2019-06-12,-0.0017653425265324874
2019-06-13,0.004126495616172621
2019-06-14,-0.001104970431690333
2019-06-17,0.0003799638799477645
2019-06-18,0.010471329550396202
2019-06-19,0.0022570437222508843
2019-06-20,0.009554058188696146
2019-06-21,-0.001453119114784407
2019-06-24,-0.0012247278449629695
2019-06-25,-0.009807880329747887
2019-06-26,-0.0009972799448153546
2019-06-27,0.00354592020777722
2019-06-28,0.005145465257268
2019-07-01,0.009078787066388205
2019-07-02,0.002604325643021932
2019-07-03,0.00799541535829884
2019-07-05,-0.001138200272570833
2019-07-08,-0.005494886305082214
2019-07-09,0.001246571132273111
2019-07-10,0.004777975569556059
2019-07-11,0.002344292873274867
2019-07-12,0.004476724712880076
2019-07-15,0.0003326587596785835
2019-07-16,-0.0032250088784395725
2019-07-17,-0.006805525238621879
2019-07-18,0.003661408956210588
2019-07-19,-0.005554929066410641
2019-07-22,0.002456083880371329
2019-07-23,0.007150508433576563
2019-07-24,0.004699402173858003
2019-07-25,-0.004777215044532768
2019-07-26,0.006700150330602339
2019-07-29,-0.0018214396031891456
2019-07-30,-0.0024545448939422565
2019-07-31,-0.010940227196067687
2019-08-01,-0.008707646603529184
2019-08-02,-0.00752976689970275
2019-08-05,-0.03007301590345124
2019-08-06,0.014022741731226862
2019-08-07,0.0005907344649753732
2019-08-08,0.01962005452206106
2019-08-09,-0.006811431407846236
2019-08-12,-0.012173494580279165
2019-08-13,0.015551440064617061
2019-08-14,-0.029567248202673202
2019-08-15,0.0026419621596156517
2019-08-16,0.014754507144103979
2019-08-19,0.01204778392225414
2019-08-20,-0.00766194703894596
2019-08-21,0.008135200386736985
2019-08-22,-0.00030800702695210624
2019-08-23,-0.025687723381120908
2019-08-26,0.011058620525579155
2019-08-27,-0.0039234855188633455
2019-08-28,0.007041454482215714
2019-08-29,0.01277302917303147
2019-08-30,-0.0004440725099708054
2019-09-03,-0.0058476260921824785
2019-09-04,0.011350642260623545
2019-09-05,0.01285496537708175
2019-09-06,0.0007726467611766097
2019-09-09,0.0005033976220898406
2019-09-10,-0.0002346268944988239
2019-09-11,0.00711097667601468
2019-09-12,0.003463628411929598
2019-09-13,-0.0006640162855070519
2019-09-16,-0.0030887899992130263
2019-09-17,0.0025322887079382017
2019-09-18,0.0005978888894879741
2019-09-19,-6.611800323630401e-05
2019-09-20,-0.004724887137300793
2019-09-23,-0.0002347264799217319
2019-09-24,-0.007846849746664941
2019-09-25,0.005914369401158082
2019-09-26,-0.002082858307868918
2019-09-27,-0.005387312870825944
2019-09-30,0.004637794724053013
2019-10-01,-0.01189433330820322
2019-10-02,-0.017664853339403486
2019-10-03,0.008192715753583935
2019-10-04,0.01353229180797677
2019-10-07,-0.004315091275061911
2019-10-08,-0.015524714622002
2019-10-09,0.009496561328504072
2019-10-10,0.006763785677768253
2019-10-11,0.010366645180876377
2019-10-14,-0.0011136482148015325
2019-10-15,0.009900317005224313
2019-10-16,-0.0016062413434747569
2019-10-17,0.00294908121958648
2019-10-18,-0.004377113953467182
2019-10-21,0.0067790348315566185
2019-10-22,-0.0032667669381383213
2019-10-23,0.0029100968760820134
2019-10-24,0.0016336452154759318
2019-10-25,0.0040950935380521525
2019-10-28,0.005636346862789354
2019-10-29,-0.00029673284382214504
2019-10-30,0.003067408419372475
2019-10-31,-0.002663329724113761
2019-11-01,0.009264024589894726
2019-11-04,0.004017800132714022
2019-11-05,-0.0011063049971338224
2019-11-06,0.00022792747084876552
2019-11-07,0.003516732966030167
2019-11-08,0.002466077649404097
2019-11-11,-0.0019096150396858969
2019-11-12,0.002108250743267037
2019-11-13,0.00032327025371436946
2019-11-14,0.0014558243040478924
2019-11-15,0.007236150646533268
2019-11-18,0.0007377643291324176
2019-11-19,-0.0002881165716198675
2019-11-20,-0.0037189829487651593
2019-11-21,-0.0016089862455601622
2019-11-22,0.0022238102105722746
2019-11-25,0.0077502689202229025
2019-11-26,0.0022654777945383398
2019-11-27,0.004457834074306
2019-11-29,-0.003708808465429758
2019-12-02,-0.00849478098528067
2019-12-03,-0.006706446155723023
2019-12-04,0.006170351748416625
2019-12-05,0.0017978086890881873
2019-12-06,0.009133899157474756
2019-12-09,-0.0031440156636604044
2019-12-10,-0.0011147664971506988
2019-12-11,0.0028385300080224773
2019-12-12,0.008619143617795366
2019-12-13,0.0005990934136961279
2019-12-16,0.006870022295366818
2019-12-17,0.00021903149957291923
2019-12-18,6.232608311829146e-05
2019-12-19,0.004098947860216695
2019-12-20,0.004384480998502971
2019-12-23,0.0015276971971585063
2019-12-24,3.11639701147115e-05
2019-12-26,0.005323557392863831
2019-12-27,-0.0002479838354348951
2019-12-30,-0.0055129944859685365
2019-12-31,0.0024291378083163284
2020-01-02,0.009351715758935564
2020-01-03,-0.0075721654387679305
2020-01-06,0.0038149703056826745
2020-01-07,-0.0028116124487220784
2020-01-08,0.005329209474832508
2020-01-09,0.006780906639402673
2020-01-10,-0.002877846790890315
2020-01-13,0.006877714826568626
2020-01-14,-0.001524996549411961
2020-01-15,0.002259906299211467
2020-01-16,0.008318611894378547
2020-01-17,0.003112561830107552
2020-01-21,-0.0019583645069353173
2020-01-22,0.00012076209674938276
2020-01-23,0.0011468487828851792
2020-01-24,-0.008892985227947348
2020-01-27,-0.01602935338997602
2020-01-28,0.010478948803701815
2020-01-29,-0.0008262179109540524
2020-01-30,0.0032456919292627173
2020-01-31,-0.018158104862749047
2020-02-03,0.0074284742048222885
2020-02-04,0.015241250156233344
2020-02-05,0.011548259102712732
2020-02-06,0.0033647875033040453
2020-02-07,-0.00532953764794819
2020-02-10,0.007465150470069126
2020-02-11,0.0017332163317276272
2020-02-12,0.006442528638065381
2020-02-13,-0.0010669475081274138
2020-02-14,0.00160218031610726
2020-02-18,-0.0025770402237837997
2020-02-19,0.00478132371547102
2020-02-20,-0.004108150556454748
2020-02-21,-0.010298235894028007
2020-02-24,-0.0331657598274161
2020-02-25,-0.030301696123663624
2020-02-26,-0.003678665815703641
2020-02-27,-0.04491133842579076
2020-02-28,-0.00420178280368233
2020-03-02,0.04330656161394253
2020-03-03,-0.028632364991516
2020-03-04,0.04203320157256529
2020-03-05,-0.03324190194411558
2020-03-06,-0.016531076338078154
2020-03-09,-0.07809452461880395
2020-03-10,0.05174520845369068
2020-03-11,-0.04874857845110048
2020-03-12,-0.09567721109842342
2020-03-13,0.08548635320613474
2020-03-16,-0.10942389762600024
2020-03-17,0.053992260467931485
2020-03-18,-0.05063298263978533
2020-03-19,0.0021248577104211464
2020-03-20,-0.04309394641656017
2020-03-23,-0.02556822583196805
2020-03-24,0.09060320274550038
2020-03-25,0.014970009674519336
2020-03-26,0.058390216912301396
2020-03-27,-0.029786018597211195
2020-03-30,0.032476048672766655
2020-03-31,-0.014905496290051778
2020-04-01,-0.04500485542206012
2020-04-02,0.023075271323846236
2020-04-03,-0.014454160205242927
2020-04-06,0.06716634284138712
2020-04-07,0.0010192854948172236
2020-04-08,0.0335682755673552
2020-04-09,0.01521764927871705
2020-04-13,-0.009130356417639374
2020-04-14,0.029492954127571913
2020-04-15,-0.021248322684483623
2020-04-16,0.004824565397866909
2020-04-17,0.0270154592545786
2020-04-20,-0.017617947259025324
2020-04-21,-0.03036337541914025
2020-04-22,0.022194614079839692
2020-04-23,-7.197062549035849e-05
2020-04-24,0.013938976443219175
2020-04-27,0.01441851728084842
2020-04-28,-0.004598677816353924
2020-04-29,0.026178400798270607
2020-04-30,-0.009310514084679755
2020-05-01,-0.026473573806422124
2020-05-04,0.0027582831767560823
2020-05-05,0.009239333673096484
2020-05-06,-0.006778487756644358
2020-05-07,0.01206649481844102
2020-05-08,0.016546411415384377
2020-05-11,0.00020498156417891877
2020-05-12,-0.01993102606214392
2020-05-13,-0.017686226227834778
2020-05-14,0.011967411762647817
2020-05-15,0.004596853484916563
2020-05-18,0.030460001374245538
2020-05-19,-0.010271607857862408
2020-05-20,0.016988192248228895
2020-05-21,-0.006903779878052574
2020-05-22,0.0018989857853735082
2020-05-26,0.012320237396479916
2020-05-27,0.014879394340842289
2020-05-28,-0.001845087845634641
2020-05-29,0.004455797584911325
2020-06-01,0.004041963092970224
2020-06-02,0.008279922152827579
2020-06-03,0.013308487596434215
2020-06-04,-0.0026270807673804963
2020-06-05,0.025629765573955465
2020-06-08,0.01208732474577734
2020-06-09,-0.00745639844132806
2020-06-10,-0.005580356911256912
2020-06-11,-0.057648836394243785
2020-06-12,0.01197581784081403
2020-06-15,0.009335784742255271
2020-06-16,0.019247694199686638
2020-06-17,-0.004154034169241538
2020-06-18,0.0003848943697770668
2020-06-19,-0.0057148274214355865
2020-06-22,0.0064150797536526305
2020-06-23,0.0046037586249128015
2020-06-24,-0.02550851524560771
2020-06-25,0.010720242779885591
2020-06-26,-0.023751473220143593
2020-06-29,0.01469772582843687
2020-06-30,0.012809301987408706
2020-07-01,0.0070049868740453825
2020-07-02,0.005506695490731461
2020-07-06,0.015437468710236102
2020-07-07,-0.010313705942735285
2020-07-08,0.007648498165604423
2020-07-09,-0.005692989221806166
2020-07-10,0.010210932116749394
2020-07-13,-0.008659230963710352
2020-07-14,0.012959261314842596
2020-07-15,0.009187131698014994
2020-07-16,-0.003293242638827909
2020-07-17,0.0028988690154785335
2020-07-20,0.008081361387558772
2020-07-21,0.0021277539260349254
2020-07-22,0.005691973730763689
2020-07-23,-0.011931673306469937
2020-07-24,-0.006440410732533541
2020-07-27,0.007292441216808054
2020-07-28,-0.0063421366333208384
2020-07-29,0.012298858188690254
2020-07-30,-0.003568242640499597
2020-07-31,0.007902222425896
2020-08-03,0.006951929295106796
2020-08-04,0.0038628324582343776
2020-08-05,0.006211006137412101
2020-08-06,0.006684345908464895
2020-08-07,0.0007181150238881884
2020-08-10,0.0029886616275220934
2020-08-11,-0.008254716515318727
2020-08-12,0.013942706085648737
2020-08-13,-0.001807956876152983
2020-08-14,2.981005681124138e-05
2020-08-17,0.003176496444838639
2020-08-18,0.0021604507859509514
2020-08-19,-0.004163822285129126
2020-08-20,0.0031135685554044557
2020-08-21,0.00354747318088533
2020-08-24,0.010133123474032946
2020-08-25,0.00349937587763427
2020-08-26,0.010025477779383785
2020-08-27,0.0021867862089455237
2020-08-28,0.006459280778074339
2020-08-31,-0.0036227407849851456
2020-09-01,0.009418784271674863
2020-09-02,0.01446377149387601
2020-09-03,-0.03441423483746453
2020-09-04,-0.008164609707343562
2020-09-08,-0.027322961520256817
2020-09-09,0.01974745990001514
2020-09-10,-0.01736371891493771
2020-09-11,0.000509248199394241
2020-09-14,0.01317092110442375
2020-09-15,0.005052410324685619
2020-09-16,-0.0039685755991343274
2020-09-17,-0.008795229766893065
2020-09-18,-0.011512677512807712
2020-09-21,-0.011129583776086638
2020-09-22,0.010184416782392569
2020-09-23,-0.023191100088826078
2020-09-24,0.0026655419067360686
2020-09-25,0.016166830541509247
2020-09-28,0.01660974857206088
2020-09-29,-0.005446288713350844
2020-09-30,0.00758218837177993
2020-10-01,0.006419996002471118
2020-10-02,-0.009494577975395546
2020-10-05,0.017733236020451626
2020-10-06,-0.014216205146857064
2020-10-07,0.01740678988481581
2020-10-08,0.008862360268854008
2020-10-09,0.008930059579815186
2020-10-12,0.01608793542824838
2020-10-13,-0.006526135541403133
2020-10-14,-0.006283466493866241
2020-10-15,-0.001235800789330166
2020-10-16,-0.0006042751756311082
2020-10-19,-0.015203449853515849
2020-10-20,0.004005410546860544
2020-10-21,-0.0018928267135022159
2020-10-22,0.005485373557030604
2020-10-23,0.0033954441034196314
2020-10-26,-0.018480163524848603
2020-10-27,-0.003447375781465478
2020-10-28,-0.0341789468219279
2020-10-29,0.010163466024123213
2020-10-30,-0.010424899970052581
2020-11-02,0.011208716055125523
2020-11-03,0.017655630539812783
2020-11-04,0.022349315437169892
2020-11-05,0.019502729446334355
2020-11-06,-0.00022815238317464015
2020-11-09,0.012565666513462137
2020-11-10,-0.0014665502909269046
2020-11-11,0.007428358017769421
2020-11-12,-0.009700964507036836
2020-11-13,0.013844564105784496
2020-11-16,0.012482548681884476
2020-11-17,-0.0053784760456540015
2020-11-18,-0.01203452667233762
2020-11-19,0.004209989191544805
2020-11-20,-0.006847653884939131
2020-11-23,0.005994402140755639
2020-11-24,0.016113551177890928
2020-11-25,-0.0015417205987175997
2020-11-27,0.002785134035371728
2020-11-30,-0.004427301532442973
2020-12-01,0.010937474218153165
2020-12-02,0.0021038970384477107
2020-12-03,-0.0002729296937428183
2020-12-04,0.008617769720368207
2020-12-07,-0.00205480185552398
2020-12-08,0.002926285732937517
2020-12-09,-0.008969111268873786
2020-12-10,-0.0003270482487488513
2020-12-11,-0.001172718798682304
2020-12-14,-0.004476971910819527
2020-12-15,0.0135194653110573
2020-12-16,0.0015694456947141777
2020-12-17,0.005591896253267281
2020-12-18,-0.00399304053105054
2020-12-21,-0.003575320540070037
2020-12-22,-0.0016855662246336722
2020-12-23,0.0008985295260024451
2020-12-24,0.0038906988397200415
2020-12-28,0.008590528587963497
2020-12-29,-0.0019078377656149836
2020-12-30,0.0014267121209037281
2020-12-31,0.0050811360504881
2021-01-04,-0.013613933734153427
2021-01-05,0.006887369413085764
2021-01-06,0.005978266738111415
2021-01-07,0.014857376540608369
2021-01-08,0.005697779944771719
2021-01-11,-0.0067408078521498105
2021-01-12,0.00021150485749510395
2021-01-13,0.002692841098339782
2021-01-14,-0.0035020052935075263
2021-01-15,-0.007292536983952602
2021-01-19,0.00785191644427874
2021-01-20,0.013838494107141441
2021-01-21,0.0009116116794509743
2021-01-22,-0.0035392000383198674
2021-01-25,0.003943798299061108
2021-01-26,-0.0015607542887611237
2021-01-27,-0.02444077105355802
2021-01-28,0.008600356970774659
2021-01-29,-0.020019679817412483
2021-02-01,0.01664559043453151
2021-02-02,0.014140132207052014
2021-02-03,0.000786272007734512
2021-02-04,0.011365735317483416
2021-02-05,0.0039357832542281646
2021-02-08,0.007222141219872746
2021-02-09,-0.0006658902996228289
2021-02-10,-0.00043549205507020794
2021-02-11,0.0016149125679072451
2021-02-12,0.004939635786610719
2021-02-16,-0.0008656825185117123
2021-02-17,0.0002291329617105653
2021-02-18,-0.004255871244546072
2021-02-19,-0.001765864963020114
2021-02-22,-0.007691684126509002
2021-02-23,0.0012142541669450946
2021-02-24,0.011019526978727878
2021-02-25,-0.024096038858489877
2021-02-26,-0.005152607086803318
2021-03-01,0.024240288132573395
2021-03-02,-0.00780315482152627
2021-03-03,-0.013245507796756817
2021-03-04,-0.01237490266269714
2021-03-05,0.018396480297032225
2021-03-08,-0.0049788807079338415
2021-03-09,0.014277464665160444
2021-03-10,0.006224676281265218
2021-03-11,0.010139250396020927
2021-03-12,0.001346698709048244
2021-03-15,0.005963460760559869
2021-03-16,-0.0012613014910186626
2021-03-17,0.003410138585495215
2021-03-18,-0.014549833927859468
2021-03-19,-0.0018504199775843944
2021-03-22,0.00798498886688881
2021-03-23,-0.00787083374880937
2021-03-24,-0.005083381980987456
2021-03-25,0.005625522952069417
2021-03-26,0.016115130894563512
2021-03-29,-0.0005052230232456267
2021-03-30,-0.0026528718324622114
2021-03-31,0.004053587625055366
2021-04-01,0.010798850791801984
2021-04-05,0.014352935866075223
2021-04-06,-0.0005905878864668201
2021-04-07,0.0011572715687324653
2021-04-08,0.004746845896704821
2021-04-09,0.007270262697820495
2021-04-12,0.0003644559154030169
2021-04-13,0.002963766321326222
2021-04-14,-0.0034150571966538035
2021-04-15,0.010742382346454749
2021-04-16,0.003342446183481229
2021-04-19,-0.004913040617787412
2021-04-20,-0.007321487363810886
2021-04-21,0.009461888615189817
2021-04-22,-0.009133061827109934
2021-04-23,0.010842352867886706
2021-04-26,0.002087733709600803
2021-04-27,-0.00021564151704001056
2021-04-28,-0.0002874794237229805
2021-04-29,0.006372984985554497
2021-04-30,-0.0065704848504982705
2021-05-03,0.0021567610620552014
2021-05-04,-0.006169268103919601
2021-05-05,0.0003127546106673762
2021-05-06,0.00798575016087888
2021-05-07,0.0072778126069956706
2021-05-10,-0.009902463835441577
2021-05-11,-0.008924695734045307
2021-05-12,-0.021245280452254045
2021-05-13,0.012012679799508597
2021-05-14,0.015355166064182413
2021-05-17,-0.0025443975991631396
2021-05-18,-0.008615672556666953
2021-05-19,-0.0026216454377826492
2021-05-20,0.010757887921823972
2021-05-21,-0.000818813139032204
2021-05-24,0.010194288006044383
2021-05-25,-0.0022187260636071793
2021-05-26,0.0019846887827996706
2021-05-27,0.0005246791499446957
2021-05-28,0.0017888489457074108
2021-06-01,-0.0008808169089393747
2021-06-02,0.0015724897887687828
2021-06-03,-0.0037113907922811107
2021-06-04,0.009145988967895757
2021-06-07,-0.0009703623975656495
2021-06-08,0.00021337981444036203
2021-06-09,-0.001491943682539354
2021-06-10,0.004648391173099009
2021-06-11,0.0016525191927780902
2021-06-14,0.002238866754654678
2021-06-15,-0.0018342978572486457
2021-06-16,-0.005583157286442764
2021-06-17,-0.00033161621891231174
2021-06-18,-0.013490536214908255
2021-06-21,0.01431583075942533
2021-06-22,0.005346394556640988
2021-06-23,-0.001205263896303821
2021-06-24,0.005915685792742487
2021-06-25,0.0035521645729230666
2021-06-28,0.0020158663947005273
2021-06-29,0.0005380513192798642
2021-06-30,0.0008417608666242415
2021-07-01,0.005536562917484833
2021-07-02,0.0076434830505447415
2021-07-06,-0.0018214874539829173
2021-07-07,0.0035341530842856184
2021-07-08,-0.008148122873665842
2021-07-09,0.010675024306021408
2021-07-12,0.0035817348764968227
2021-07-13,-0.003408859239012574
2021-07-14,0.0014920873271000445
2021-07-15,-0.003415348349439129
2021-07-16,-0.007843842949798119
2021-07-19,-0.014767896556367899
2021-07-20,0.014330637853413819
2021-07-21,0.008095965674559835
2021-07-22,0.0020942228198679302
2021-07-23,0.010288018015072842
2021-07-26,0.002454950212612106
2021-07-27,-0.004557674097316333
2021-07-28,-0.0004099631457115116
2021-07-29,0.004147519580011361
2021-07-30,-0.0048567135025868735
2021-08-02,-0.0020977234428785074
2021-08-03,0.008135431337617627
2021-08-04,-0.0049191552769507485
2021-08-05,0.0063329205652522536
2021-08-06,0.0016524835333715515
2021-08-09,-0.0008136992507945529
2021-08-10,0.0012441045168911646
2021-08-11,0.0024846747289637428
2021-08-12,0.002997013875527532
2021-08-13,0.0018199920070001152
2021-08-16,0.0023545154047768246
2021-08-17,-0.006555168485866569
2021-08-18,-0.010944940716926643
2021-08-19,0.0015483648788081616
2021-08-20,0.00795723065539189
2021-08-23,0.008796217091975311
2021-08-24,0.00158763010780949
2021-08-25,0.002098250944894353
2021-08-26,-0.005903271449601566
2021-08-27,0.008940928353089683
2021-08-30,0.004397743011162358
2021-08-31,-0.0014815897313412707
2021-09-01,0.000531329187789531
2021-09-02,0.0030767193839971174
2021-09-03,-0.00024287814419488019
2021-09-07,-0.003575377574126626
2021-09-08,-0.0012183210313888582
2021-09-09,-0.004280150852018494
2021-09-10,-0.007884612965114668
2021-09-13,0.0025592220985195535
2021-09-14,-0.005396452088839432
2021-09-15,0.00835255560810877
2021-09-16,-0.0015851407507733173
2021-09-17,-0.009740986139487151
2021-09-20,-0.016674412793105664
2021-09-21,-0.0009444725857364888
2021-09-22,0.009754790439611805
2021-09-23,0.012150286050868653
2021-09-24,0.0016468487639968998
2021-09-27,-0.0028608964528373804
2021-09-28,-0.020151748790581125
2021-09-29,0.0016829941942815285
2021-09-30,-0.012222205407488529
2021-10-01,0.011884014025396628
2021-10-04,-0.012895951461399546
2021-10-05,0.010405042652853913
2021-10-06,0.004156056022099008
2021-10-07,0.008645695760987504
2021-10-08,-0.0018237895765306211
2021-10-11,-0.007239654461373646
2021-10-12,-0.002461465567111243
2021-10-13,0.0035975003047457044
2021-10-14,0.016820672237532808
2021-10-15,0.007615803947993438
2021-10-18,0.002960445225266506
2021-10-19,0.007715050640823451
2021-10-20,0.003927627362778852
2021-10-21,0.002608078381057588
2021-10-22,-0.0010360113319749509
2021-10-25,0.005362849645621726
2021-10-26,0.0009000195265012056
2021-10-27,-0.00443037884325459
2021-10-28,0.009649029407620802
2021-10-29,0.0020291206833604747
2021-11-01,0.0017202641919846773
2021-11-02,0.0040429267353954135
2021-11-03,0.006105291922416045
2021-11-04,0.004712461082012176
2021-11-05,0.0034694776794799154
2021-11-08,0.000853898234392414
2021-11-09,-0.003305303853214814
2021-11-10,-0.00804501223517351
2021-11-11,0.0003235679328383867
2021-11-12,0.007546821290859151
2021-11-15,0.00034242455671651406
2021-11-16,0.003957911237255196
2021-11-17,-0.002429220726797854
2021-11-18,0.0033963284472786626
2021-11-19,-0.0017882447436877724
2021-11-22,-0.0028153115240978632
2021-11-23,0.0013261483302231536
2021-11-24,0.002669987043190325
2021-11-26,-0.022303286507823095
2021-11-29,0.012266621319045656
2021-11-30,-0.019457539941216462
2021-12-01,-0.011107356249736577
2021-12-02,0.015316225380393123
2021-12-03,-0.008701008218840456
2021-12-06,0.011843006514572485
2021-12-07,0.020685013081103154
2021-12-08,0.0026477187109903433
2021-12-09,-0.006751273814130432
2021-12-10,0.00941340573330196
2021-12-13,-0.008858291398915585
2021-12-14,-0.006880041788798308
2021-12-15,0.0156251788998516
2021-12-16,-0.00881880481883579
2021-12-17,-0.010642823764258402
2021-12-20,-0.010633182327779989
2021-12-21,0.01775867244588536
2021-12-22,0.009998822588454859
2021-12-23,0.006222123900862853
2021-12-27,0.014152051644305885
2021-12-28,-0.0008169951852194934
2021-12-29,0.0012790695697268983
2021-12-30,-0.002764426154866384
2021-12-31,-0.0025203351491971393
2022-01-03,0.005790091397948283
2022-01-04,-0.0003349905657450414
2022-01-05,-0.01920212520661224
2022-01-06,-0.0009396784596198415
2022-01-07,-0.003953272699295907
2022-01-10,-0.0012442152342047041
2022-01-11,0.009107951270792114
2022-01-12,0.0027037949170174436
2022-01-13,-0.013778681600910891
2022-01-14,0.0004090793125122172
2022-01-18,-0.01770975062228397
2022-01-19,-0.010383590482513916
2022-01-20,-0.011067913110585637
2022-01-21,-0.019630740427783455
2022-01-24,0.004246725832662834
2022-01-25,-0.012208983271492557
2022-01-26,-0.0025087353349168007
2022-01-27,-0.004937887984931555
2022-01-28,0.024835424286748342
2022-01-31,0.018010937736217425
2022-02-01,0.006756879016693196
2022-02-02,0.009714099948658683
2022-02-03,-0.023504806137934153
2022-02-04,0.004702173754060457
2022-02-07,-0.003209261362453586
2022-02-08,0.008227665708141707
2022-02-09,0.0146363511018206
2022-02-10,-0.01796582833412208
2022-02-11,-0.019718626046219545
2022-02-14,-0.0032694468206433402
2022-02-15,0.016127064965636873
2022-02-16,0.0011208234766277858
2022-02-17,-0.021361349274840347
2022-02-18,-0.006475181685927867
2022-02-22,-0.010731617613007782
2022-02-23,-0.017738734037830994
2022-02-24,0.015049219890145515
2022-02-25,0.022063916157694097
2022-02-28,-0.002558472707895665
2022-03-01,-0.01523050516360891
2022-03-02,0.01839655365022841
2022-03-03,-0.004978726458392924
2022-03-04,-0.008124417282494023
2022-03-07,-0.029479275416908646
2022-03-08,-0.007581727669779825
2022-03-09,0.026810848043472557
2022-03-10,-0.004515507415775222
2022-03-11,-0.012715102189166716
2022-03-14,-0.007308432755948391
2022-03-15,0.021990427284587888
2022-03-16,0.02217434690991138
2022-03-17,0.012510859164271082
2022-03-18,0.010952794915775943
2022-03-21,-0.0002922599696800754
2022-03-22,0.01170131059218793
2022-03-23,-0.012878394348902589
2022-03-24,0.015074275994922504
2022-03-25,0.004883628575794496
2022-03-28,0.007113065297022381
2022-03-29,0.012370656148311232
2022-03-30,-0.0061746163658542574
2022-03-31,-0.015391434391008096
2022-04-01,0.00283428692519605
2022-04-04,0.008566494596236485
2022-04-05,-0.012631240980566893
2022-04-06,-0.009999587078303729
2022-04-07,0.005039070555822089
2022-04-08,-0.002674020065741689
2022-04-11,-0.017092168439738264
2022-04-12,-0.003705267038602078
2022-04-13,0.011453629318717962
2022-04-14,-0.012451814696528452
2022-04-18,0.00041115548206072106
2022-04-19,0.01614260781308441
2022-04-20,-0.0007412753568772912
2022-04-21,-0.01495370808292884
2022-04-22,-0.02743928160120568
2022-04-25,0.005797751707264709
2022-04-26,-0.02896079727872003
2022-04-27,0.002811781149324899
2022-04-28,0.025259328527641234
2022-04-29,-0.03695567229955188
2022-05-02,0.006019575332823601
2022-05-03,0.0045840677920618855
2022-05-04,0.030452967359845484
2022-05-05,-0.0355429418717198
2022-05-06,-0.00596902339938743
2022-05-09,-0.03201704658002513
2022-05-10,0.0023104410301584277
2022-05-11,-0.015886190891927
2022-05-12,-0.0010439699804912772
2022-05-13,0.023907923212204807
2022-05-16,-0.004057524578399585
2022-05-17,0.020570374187241613
2022-05-18,-0.0403116044030114
2022-05-19,-0.006124738280645636
2022-05-20,0.00043669039489513395
2022-05-23,0.018709907474494525
2022-05-24,-0.007633675465256284
2022-05-25,0.008834969236569679
2022-05-26,0.019981223435261874
2022-05-27,0.024549288719671436
2022-05-31,-0.005610956306688619
2022-06-01,-0.008088544184981283
2022-06-02,0.019043275801829074
2022-06-03,-0.01641123557503965
2022-06-06,0.0030446300807529525
2022-06-07,0.009592355136522235
2022-06-08,-0.01087243182866171
2022-06-09,-0.0237826517974018
2022-06-10,-0.028995869331203794
2022-06-13,-0.037967885960970005
2022-06-14,-0.0030136401879852226
2022-06-15,0.014256357053915591
2022-06-16,-0.03309598333126984
2022-06-17,0.0021557919956147753
2022-06-21,0.025173682455234214
2022-06-22,-0.001812929160829535
2022-06-23,0.00980240407543631
2022-06-24,0.031794131675346726
2022-06-27,-0.0038198513754865715
2022-06-28,-0.020432791387883342
2022-06-29,-0.0008143929943088546
2022-06-30,-0.008124496726356512
2022-07-01,0.010576707348804781
2022-07-05,0.0018884708613244872
2022-07-06,0.003377382025736342
2022-07-07,0.014977206954569056
2022-07-08,-0.0008225063152892398
2022-07-11,-0.011423843857236271
2022-07-12,-0.008848798229838195
2022-07-13,-0.005251785424444044
2022-07-14,-0.0024282323202965417
2022-07-15,0.019104951320973784
2022-07-18,-0.00825700919149841
2022-07-19,0.02701925646934744
2022-07-20,0.00637319839208339
2022-07-21,0.010182988793860037
2022-07-22,-0.009277966174488617
2022-07-25,0.0012151183143231936
2022-07-26,-0.01183107175016651
2022-07-27,0.025966511827106853
2022-07-28,0.012542070141989825
2022-07-29,0.014578640795172682
2022-08-01,-0.0029610864803228942
2022-08-02,-0.006597331049786548
2022-08-03,0.015659661206620434
2022-08-04,-0.0006757340402789858
2022-08-05,-0.0016902053517106053
2022-08-08,-0.0011608690049377257
2022-08-09,-0.003971139508589627
2022-08-10,0.021003960675313627
2022-08-11,0.0
2022-08-12,0.01692923006919478
2022-08-15,0.004120806848372682
2022-08-16,0.0019586364449160065
2022-08-17,-0.0070980250156345015
2022-08-18,0.0029063513617013648
2022-08-19,-0.013438020728664068
2022-08-22,-0.020822560978771887
2022-08-23,-0.0024191468698646634
2022-08-24,0.0032010800600272837
2022-08-25,0.014117557879387954
2022-08-26,-0.03384915601582006
2022-08-29,-0.006611937469806151
2022-08-30,-0.010978021328676868
2022-08-31,-0.007609042857014692
2022-09-01,0.003137879229654139
2022-09-02,-0.01054439370284388
2022-09-06,-0.003773208275991591
2022-09-07,0.017964895745108622
2022-09-08,0.00653646400299146
2022-09-09,0.015535077271731756
2022-09-12,0.010747870157436834
2022-09-13,-0.04348252173683487
2022-09-14,0.003815730151196739
2022-09-15,-0.01135333784346959
2022-09-16,-0.007628853047778161
2022-09-19,0.007754941358323553
2022-09-20,-0.011478656872377924
2022-09-21,-0.017443713939619743
2022-09-22,-0.008399868755767592
2022-09-23,-0.01675466981597651
2022-09-26,-0.009892646383116599
2022-09-27,-0.002552877802724396
2022-09-28,0.01967633196699614
2022-09-29,-0.020888740631326286
2022-09-30,-0.015463631892525531
2022-10-03,0.02640103632887092
2022-10-04,0.030986680925640275
2022-10-05,-0.0023282838689296925
2022-10-06,-0.010315563285770768
2022-10-07,-0.02789383132375267
2022-10-10,-0.007635484197395237
2022-10-11,-0.006332985681562042
2022-10-12,-0.0032983023704649117
2022-10-13,0.02639091925127035
2022-10-14,-0.022788806687503826
2022-10-17,0.02569685641915309
2022-10-18,0.011749838494022224
2022-10-19,-0.0070866284584775174
2022-10-20,-0.008385080819002577
2022-10-21,0.02430116225811152
2022-10-24,0.012236700593254879
2022-10-25,0.0159684910604021
2022-10-26,-0.007534270765620077
2022-10-27,-0.005339902180686695
2022-10-28,0.023790753359089978
2022-10-31,-0.007223350902280101
2022-11-01,-0.004375822090691428
2022-11-02,-0.025095976343804338
2022-11-03,-0.010297106662875977
2022-11-04,0.014393114216766145
2022-11-07,0.009565866713920679
2022-11-08,0.005395151789381325
2022-11-09,-0.0206018816365644
2022-11-10,0.05495405333974124
2022-11-11,0.009678397055140397
2022-11-14,-0.008506706903312788
2022-11-15,0.008529137609148973
2022-11-16,-0.00762883019534677
2022-11-17,-0.0030598289434083936
2022-11-18,0.004540435526897202
2022-11-21,-0.0036361543180880584
2022-11-22,0.013457114573295792
2022-11-23,0.006301389105365374
2022-11-25,-0.0002235663825637113
2022-11-28,-0.015956933048013933
2022-11-29,-0.0017176809541656901
2022-11-30,0.031500789253753325
2022-12-01,-0.0007360517254274557
2022-12-02,-0.0011537268865036143
2022-12-05,-0.01798926982100324
2022-12-06,-0.01441471859853194
2022-12-07,-0.0017012710644948026
2022-12-08,0.007833866350379415
2022-12-09,-0.007470101347811231
2022-12-12,0.014417233306823762
2022-12-13,0.007569885276347721
2022-12-14,-0.006393610361865143
2022-12-15,-0.024461561074910265
2022-12-16,-0.011806198330241435
2022-12-19,-0.008479682030660296
2022-12-20,0.0013682851293894682
2022-12-21,0.014952570906706208
2022-12-22,-0.014266060204856434
2022-12-23,0.005752292622004385
2022-12-27,-0.003943595572617364
2022-12-28,-0.012427914913615057
2022-12-29,0.018000357409195145
2022-12-30,-0.0026341697774735495
2023-01-03,-0.004209762914478166
2023-01-04,0.007720201791125092
2023-01-05,-0.011413533483160765
2023-01-06,0.022932201727257295
2023-01-09,-0.000566803677118255
2023-01-10,0.0070127836026780965
2023-01-11,0.012647837706034615
2023-01-12,0.0036409044968639392
2023-01-13,0.0038794321593838
2023-01-17,-0.0018319870676481997
2023-01-18,-0.015787984647704256
2023-01-19,-0.007279727408265435
2023-01-20,0.018629032317669436
2023-01-23,0.011998414035175875
2023-01-24,-0.001073161389579469
2023-01-25,0.0003746662157060321
2023-01-26,0.01099055721209874
2023-01-27,0.0022975584626789836
2023-01-30,-0.012546908706413284
2023-01-31,0.014703405474681741
2023-02-01,0.01062765283026934
2023-02-02,0.014557061501036639
2023-02-03,-0.010628895933858962
2023-02-06,-0.006111527008676898
2023-02-07,0.013078846260476729
2023-02-08,-0.010934801833093033
2023-02-09,-0.008669123729276085
2023-02-10,0.0023335871676146702
2023-02-13,0.011739090917765926
2023-02-14,-0.000460305493174773
2023-02-15,0.0032473674937161245
2023-02-16,-0.013768877902945786
2023-02-17,-0.002498295071325596
2023-02-21,-0.020060868164821333
2023-02-22,-0.001378077011569001
2023-02-23,0.0053193887571933995
2023-02-24,-0.010682456699777854
2023-02-27,0.0034060229623325
2023-02-28,-0.003696103868382705
2023-03-01,-0.0038358657027374177
2023-03-02,0.00777727451118948
2023-03-03,0.01603783484897159
2023-03-06,0.0006927414780084629
2023-03-07,-0.01532871315113793
2023-03-08,0.0016322227439116155
2023-03-09,-0.018450111876439967
2023-03-10,-0.014429453505447443
2023-03-13,-0.0014251426693355773
2023-03-14,0.01653013713798912
2023-03-15,-0.006254228017993135
2023-03-16,0.01754503192338719
2023-03-17,-0.0116929233242965
2023-03-20,0.00961593492196644
2023-03-21,0.01313058197305228
2023-03-22,-0.017046502017105225
2023-03-23,0.002703329037933022
2023-03-24,0.006561829532818031
2023-03-27,0.0018700007246694739
2023-03-28,-0.0022447681817562293
2023-03-29,0.014534970399853409
2023-03-30,0.005855257143481785
2023-03-31,0.014094559244955063
2023-04-03,0.003810638318031856
2023-04-04,-0.005548109248313615
2023-04-05,-0.0026182148960579577
2023-04-06,0.0039007747492327827
2023-04-10,0.001026358827913576
2023-04-11,0.00026841622087814265
2023-04-12,-0.0040756811329122344
2023-04-13,0.013282619783800964
2023-04-14,-0.0024427150786557883
2023-04-17,0.0035881737345806464
2023-04-18,0.0006523460338927478
2023-04-19,-0.00016910178092655048
2023-04-20,-0.005457237805300275
2023-04-21,0.0007771122194972779
2023-04-24,0.00104323843424603
2023-04-25,-0.0158736775563314
2023-04-26,-0.004235843298852848
2023-04-27,0.019907916861766406
2023-04-28,0.008535166915284664
2023-05-01,-0.0010095743299195492
2023-05-02,-0.011239278071068948
2023-05-03,-0.006864131961961895
2023-05-04,-0.007082695685261209
2023-05-05,0.01851252641347667
2023-05-08,0.000266451676584456
2023-05-09,-0.004385344254685175
2023-05-10,0.004672523711374943
2023-05-11,-0.001744028036294254
2023-05-12,-0.0013102676644470845
2023-05-15,0.0034501450068222805
2023-05-16,-0.006682799180533605
2023-05-17,0.012139014269973991
2023-05-18,0.00963311821416335
2023-05-19,-0.0014549266985116605
2023-05-22,0.00040588287119591726
2023-05-23,-0.011222693738031198
2023-05-24,-0.007244767727471735
2023-05-25,0.008659868222557598
2023-05-26,0.012950662481563624
2023-05-30,0.0003807608722556921
2023-05-31,-0.00554503711989196
2023-06-01,0.009501039442507908
2023-06-02,0.014461138742315915
2023-06-05,-0.001916284000555435
2023-06-06,0.0021773875964317124
2023-06-07,-0.0034576509440906733
2023-06-08,0.006048478317049355
2023-06-09,0.0017944099229778576
2023-06-12,0.009071945513449808
2023-06-13,0.006592812353275912
2023-06-14,0.0011908620144434057
2023-06-15,0.01239779713666156
2023-06-16,-0.0034063966466902906
2023-06-20,-0.005188221050783204
2023-06-21,-0.0051235477780557925
2023-06-22,0.0036096366125319967
2023-06-23,-0.007559998055156614
2023-06-26,-0.004085741489031847
2023-06-27,0.010963234372568964
2023-06-28,0.0005043104600264137
2023-06-29,0.003941568962213093
2023-06-30,0.01180076844432687
2023-07-03,0.001150442079468128
2023-07-05,-0.0014872393351820223
2023-07-06,-0.00783057333418924
2023-07-07,-0.0025248078601260993
2023-07-10,0.002531198650373989
2023-07-11,0.006368325826803689
2023-07-12,0.008046042268032405
2023-07-13,0.007936863607577394
2023-07-14,-0.0006228861330327407
2023-07-17,0.0034723573590087486
2023-07-18,0.007430576229224384
2023-07-19,0.0022236459284465937
2023-07-20,-0.006634494654053635
2023-07-21,0.0
2023-07-24,0.004467341505875799
2023-07-25,0.0027300664177838385
2023-07-26,0.00015371107214923185
2023-07-27,-0.006629979177784628
2023-07-28,0.00979033491976189
2023-07-31,0.0019040724619334704
2023-08-01,-0.002861648273700834
2023-08-02,-0.013910872349277015
2023-08-03,-0.002865659398987752
2023-08-04,-0.004522885861743653
2023-08-07,0.008728491776003544
2023-08-08,-0.004348586054148562
2023-08-09,-0.006685241094615879
2023-08-10,0.00035894677866044056
2023-08-11,-0.0005830881007901079
2023-08-14,0.005520036262399719
2023-08-15,-0.011648901975693016
2023-08-16,-0.007338086397121635
2023-08-17,-0.007620016685831343
2023-08-18,0.0004813736705591154
2023-08-21,0.0065062308259808965
2023-08-22,-0.002708703093032061
2023-08-23,0.01113781286600446
2023-08-24,-0.013859073052089221
2023-08-25,0.007049726200467399
2023-08-28,0.006341520837510828
2023-08-29,0.014454687853921122
2023-08-30,0.004118941233786755
2023-08-31,-0.0014635010411738758
2023-09-01,0.0018651694292279863
2023-09-05,-0.004321774153688507
2023-09-06,-0.006722442459927258
2023-09-07,-0.0030703730264346474
2023-09-08,0.0015061262974236378
2023-09-11,0.006576789073055256
2023-09-12,-0.005485781870840811
2023-09-13,0.001165967140835722
2023-09-14,0.008622407589824244
2023-09-15,-0.012048177517261727
2023-09-18,0.0005864318869721608
2023-09-19,-0.0020739709178729804
2023-09-20,-0.009193264252657651
2023-09-21,-0.016528432587093578
2023-09-22,-0.0022484285220270017
2023-09-25,0.0042051361330319725
2023-09-26,-0.014691252771662389
2023-09-27,0.0003991290167313366
2023-09-28,0.005797471679999111
2023-09-29,-0.002426795952388705
2023-10-02,-0.0003977827543490964
2023-10-03,-0.013386169542979443
2023-10-04,0.007282061879444246
2023-10-05,-0.0003767868665581764
2023-10-06,0.01187277664751174
2023-10-09,0.00640212430684195
2023-10-10,0.005204912819663621
2023-10-11,0.004096402013420208
2023-10-12,-0.006096673864771973
2023-10-13,-0.004980803003447165
2023-10-16,0.010521422987217477
2023-10-17,-4.5823920607812596e-05
2023-10-18,-0.013325091889134666
2023-10-19,-0.008786451177968946
2023-10-20,-0.01228797848238039
2023-10-23,-0.0017330796529404502
2023-10-24,0.007539240853760676
2023-10-25,-0.014352266568151473
2023-10-26,-0.01197454003188092
2023-10-27,-0.004532738343679399
2023-10-30,0.01195579639643607
2023-10-31,0.006280167441762963
2023-11-01,0.010664694127481722
2023-11-02,0.01916449207449178
2023-11-03,0.009123453621033395
2023-11-06,0.002300344637781837
2023-11-07,0.0028461184794985606
2023-11-08,0.0007324839245823611
2023-11-09,-0.007798828204946262
2023-11-10,0.015604860604780946
2023-11-13,-0.0009532525822033566
2023-11-14,0.019400555846415868
2023-11-15,0.0021172270445681818
2023-11-16,0.00122302181503664
2023-11-17,0.0012439630842404625
2023-11-20,0.0076974850830067165
2023-11-21,-0.0021794243551297443
2023-11-22,0.00386090356884794
2023-11-24,0.0006152604714813048
2023-11-27,-0.0018008303162347916
2023-11-28,0.0009900730848266814
2023-11-29,-0.0007034326932591206
2023-11-30,0.003937566084369681
2023-12-01,0.005915724544156786
2023-12-04,-0.005249415113989464
2023-12-05,-0.00019705641536482688
2023-12-06,-0.00402977182231945
2023-12-07,0.007630426640316212
2023-12-08,0.0042992476402736735
2023-12-11,0.003889530635455385
2023-12-12,0.0045672121517017494
2023-12-13,0.013789859378094738
2023-12-14,0.0032096343911041103
2023-12-15,-0.0016465287174175502
2023-12-18,0.005625154735965587
2023-12-19,0.006080812478451492
2023-12-20,-0.013857262627366751
2023-12-21,0.009481945899667776
2023-12-22,0.0020095967957121097
2023-12-26,0.004222535037011754
2023-12-27,0.001808101093975223
2023-12-28,0.00037784419795383606
2023-12-29,-0.0028951178307284886
2024-01-02,-0.005596317714220755
2024-01-03,-0.008166680634763557
2024-01-04,-0.0032211423681619555
2024-01-05,0.0013697360128013258
2024-01-08,0.014275917445046193
2024-01-09,-0.0015170617781710138
2024-01-10,0.005655332229622001
2024-01-11,-0.00044054113069580403
2024-01-12,0.0006928480238057588
2024-01-16,-0.0036714383229623504
2024-01-17,-0.005558563034801178
2024-01-18,0.008892810333086754
2024-01-19,0.012466148799797905
2024-01-22,0.002114386856159056
2024-01-23,0.0029163482692218246
2024-01-24,0.0010931980516954987
2024-01-25,0.0054389714692832936
2024-01-26,-0.0012704629601297812
2024-01-29,0.007919372812505543
2024-01-30,-0.0007734921111419713
2024-01-31,-0.016317261592246002
2024-02-01,0.013088179485211349
2024-02-02,0.010527360256687768
2024-02-05,-0.003641132337147135
2024-02-06,0.0029032537875666176
2024-02-07,0.00834049578256102
2024-02-08,0.0004415610989974006
2024-02-09,0.005779399036627941
2024-02-12,-0.00043889276081610085
2024-02-13,-0.013773114113149632
2024-02-14,0.00908766744333156
2024-02-15,0.0068998567666336275
2024-02-16,-0.004980098518564291
2024-02-20,-0.0055054446149716
2024-02-21,0.0009058828019030685
2024-02-22,0.020695489702332592
2024-02-23,0.0006897818864453065
2024-02-26,-0.0036625787216092442
2024-02-27,0.0018577481830415188
2024-02-28,-0.0013217647956973444
2024-02-29,0.0035949682739748745
2024-03-01,0.009388269409163819
2024-03-04,-0.001072399009425462
2024-03-05,-0.0099940695152958
2024-03-06,0.00506719125229993
2024-03-07,0.009926513873233178
2024-03-08,-0.006002269881385414
2024-03-11,-0.0008598627660008074
2024-03-12,0.010757473089254121
2024-03-13,-0.0015675902540027709
2024-03-14,-0.0019768829299616764
2024-03-15,-0.006866463700680225
2024-03-18,0.005943093761497487
2024-03-19,0.0055572112941100205
2024-03-20,0.009249220034809102
2024-03-21,0.003304671689740246
2024-03-22,-0.0018955133595490725
2024-03-25,-0.0027631937042501553
2024-03-26,-0.001846851515827419
2024-03-27,0.008403804513425595
2024-03-28,-0.00019103899513850386
2024-04-01,-0.0017398715306375934
2024-04-02,-0.006358076191276485
2024-04-03,0.0010985353466099745
2024-04-04,-0.012206090452421381
2024-04-05,0.010446918313947506
2024-04-08,0.0005594350467739151
2024-04-09,0.0011566109046845519
2024-04-10,-0.010013104941827389
2024-04-11,0.007546862940373655
2024-04-12,-0.013803089030853033
2024-04-15,-0.012528106121352134
2024-04-16,-0.0018238497618979777
2024-04-17,-0.005918300379403552
2024-04-18,-0.0020576434444461444
2024-04-19,-0.008728335232320639
2024-04-22,0.0092090709627477
2024-04-23,0.011866638327052925
2024-04-24,-0.0004746524261848295
2024-04-25,-0.003798836592728616
2024-04-26,0.009473954297642972
2024-04-29,0.003541427118913587
2024-04-30,-0.01584116572162686
2024-05-01,-0.003247212585474224
2024-05-02,0.009353512889979765
2024-05-03,0.012395207659662288
2024-05-06,0.010326857473233364
2024-05-07,0.0011034234216742433
2024-05-08,9.666357929050129e-05
2024-05-09,0.005761865049840331
2024-05-10,0.0012879879473681743
2024-05-13,0.00013442783505834832
2024-05-14,0.004588282548823042
2024-05-15,0.01238294582938071
2024-05-16,-0.002057402828565036
2024-05-17,0.0014374246623611864
2024-05-20,0.0011521723456615618
2024-05-21,0.0024523481369402855
2024-05-22,-0.002879160771879774
2024-05-23,-0.007304279476561093
2024-05-24,0.0066163943999355546
2024-05-28,0.0006989883256873775
2024-05-29,-0.00700262895838899
2024-05-30,-0.006633697151315676
2024-05-31,0.009107973224684152
2024-06-03,0.000815478230855593
2024-06-04,0.0011177710514636008
2024-06-05,0.011885062660881296
2024-06-06,-1.8523014669868942e-05
2024-06-07,-0.0012157418997532643
2024-06-10,0.003089653838339146
2024-06-11,0.002408573271097225
2024-06-12,0.00821287495450207
2024-06-13,0.0020136256376885875
2024-06-14,0.0006082700460166013
2024-06-17,0.00795905911726269
2024-06-18,0.0025404907177681846
2024-06-20,-0.0027163301738238887
2024-06-21,-0.001340722202359701
2024-06-24,-0.0032507395346381696
2024-06-25,0.0038507542067618417
2024-06-26,0.0012483859056016122
2024-06-27,0.0015763469388081486
2024-06-28,-0.003935179546855183
2024-07-01,0.002058253581938674
2024-07-02,0.00672966152911969
2024-07-03,0.004462520213184051
2024-07-05,0.005766371049746866
2024-07-08,0.00115398436646319
2024-07-09,0.0009727348442960526
2024-07-10,0.009895054597261588
2024-07-11,-0.008622565598673693
2024-07-12,0.0063076263231880425
2024-07-15,0.0027499528880754465
2024-07-16,0.005930115520199175
2024-07-17,-0.014021128145545458
2024-07-18,-0.007684755082017047
2024-07-19,-0.00664064103061246
2024-07-22,0.010309968244979206
2024-07-23,-0.00156861958772736
2024-07-24,-0.022662421599522586
2024-07-25,-0.005210539336304998
2024-07-26,0.011199902707423659
2024-07-29,0.0005876871452474841
2024-07-30,-0.00506655567459402
2024-07-31,0.016254617127424487
2024-08-01,-0.014160984898541451
2024-08-02,-0.018618373566652413
2024-08-05,-0.029123637608569286
2024-08-06,0.009219487047082087
2024-08-07,-0.006683925516912881
2024-08-08,0.023117120197098995
2024-08-09,0.0044099291342967195
2024-08-12,0.0005252878444923503
2024-08-13,0.016445613272904724
2024-08-14,0.0031548955749161056
2024-08-15,0.017140163092787875
2024-08-16,0.0022421066199815876
2024-08-19,0.00956131738916266
2024-08-20,-0.0016261722061099437
2024-08-21,0.0034367954286997904
2024-08-22,-0.007848623999934023
2024-08-23,0.010625385922989672
2024-08-26,-0.002384030143548599
2024-08-27,0.0013731823995117853
2024-08-28,-0.005805185814678704
2024-08-29,8.952902139180985e-05
2024-08-30,0.009546072545585815
2024-09-03,-0.020579137680261428
2024-09-04,-0.00204671790647859
2024-09-05,-0.002432293987318923
2024-09-06,-0.01683009220076248
2024-09-09,0.011196137881657853
2024-09-10,0.004355801507269996
2024-09-11,0.010259077279622053
2024-09-12,0.008423121701785385
2024-09-13,0.005222559741555166
2024-09-16,0.0014771495405183632
2024-09-17,0.000408622523593305
2024-09-18,-0.0029658249921354907
2024-09-19,0.01706426753929513
2024-09-20,-0.0017286028901163375
2024-09-23,0.002499123898076494
2024-09-24,0.0028610491869529575
2024-09-25,-0.002205574021654777
2024-09-26,0.003964690943036642
2024-09-27,-0.0014502902539623719
2024-09-30,0.00400708878563405
2024-10-01,-0.008958280816053876
2024-10-02,0.0004221832658779512
2024-10-03,-0.0018285062804191954
2024-10-04,0.009087646058114851
2024-10-07,-0.009040700600756568
2024-10-08,0.00945777285920979
2024-10-09,0.0069263742769880565
2024-10-10,-0.0017499289570287457
2024-10-11,0.005988125594301508
2024-10-14,0.008178240416581328
2024-10-15,-0.0077696039788559546
2024-10-16,0.0043464144766458546
2024-10-17,8.589743781750592e-05
2024-10-18,0.0038464414079508735
2024-10-21,-0.0016420670930010761
2024-10-22,-0.00053117967032279
2024-10-23,-0.009137472564623828
2024-10-24,0.0021628025973028375
2024-10-25,-0.0003454048306994473
2024-10-28,0.003091537766534813
2024-10-29,0.001618272212904115
2024-10-30,-0.0030253162524023214
2024-10-31,-0.01960308836489222
2024-11-01,0.004220588805548209
2024-11-04,-0.0021538926051214435
2024-11-05,0.012091813566522003
2024-11-06,0.02486548513056608
2024-11-07,0.00773216736757254
2024-11-08,0.0043317116431220715
2024-11-11,0.0009528857307679051
2024-11-12,-0.00310644007127725
2024-11-13,0.0004858730531422939
2024-11-14,-0.006430206460433574
2024-11-15,-0.012808430868013976
2024-11-18,0.004097409256118789
2024-11-19,0.003655262003512183
2024-11-20,0.00033882773833160407
2024-11-21,0.005368352731534021
2024-11-22,0.0030992892063126387
2024-11-25,0.0033921054211556445
2024-11-26,0.005221589715021402
2024-11-27,-0.0030299843803049953
2024-11-29,0.00621194507525491
2024-12-02,0.0017923273750353186
2024-12-03,0.0004640486630920204
2024-12-04,0.006209303052378656
2024-12-05,-0.0016456371446975648
2024-12-06,0.0018957972729021222
2024-12-09,-0.005149775023360559
2024-12-10,-0.0031090940537520373
2024-12-11,0.007730740341302056
2024-12-12,-0.005152639643455803
2024-12-13,-0.000198618165903941
2024-12-16,0.004270056430311087
2024-12-17,-0.004119991056842687
2024-12-18,-0.02980376731542933
2024-12-19,-0.0003069403255522296
2024-12-20,0.012011013709321894
2024-12-23,0.005988208830145503
2024-12-24,0.011115203224585368
2024-12-26,6.648854481872135e-05
2024-12-27,-0.010526377731204462
2024-12-30,-0.011411688320766777
2024-12-31,-0.00363813553785719
2025-01-02,-0.00245680648417268
2025-01-03,0.012503189534990966
2025-01-06,0.005760615382937484
2025-01-07,-0.01130414970707061
2025-01-08,0.0014611171355269903
2025-01-10,-0.015267533310024395
2025-01-13,0.001550691849189434
2025-01-14,0.001375843351398398
2025-01-15,0.01819002884394938
2025-01-16,-0.00192320642202648
2025-01-17,0.010039901270404217
2025-01-21,0.009153480443916395
2025-01-22,0.005621435388493801
2025-01-23,0.00545805909788788
2025-01-24,-0.0029191634446454895
2025-01-27,-0.014145356222404648
2025-01-28,0.008592315317060173
2025-01-29,-0.004483069851784038
2025-01-30,0.00536718652969248
2025-01-31,-0.0053218090231170745
2025-02-03,-0.00672955270931086
2025-02-04,0.006708265236212485
2025-02-05,0.004054423062778145
2025-02-06,0.0034756295468787446
2025-02-07,-0.009153513951071335
2025-02-10,0.006791224986284927
2025-02-11,0.0007605411933127026
2025-02-12,-0.003221485072722685
2025-02-13,0.01055750138825129
2025-02-14,-4.917697295880874e-05
2025-02-18,0.002935999487638341
2025-02-19,0.0023548170755354203
2025-02-20,-0.0041602448320542385
2025-02-21,-0.01710420781148192
2025-02-24,-0.004550406866907997
2025-02-25,-0.004973182941032439
2025-02-26,0.0005050065011491522
2025-02-27,-0.01596201227358751
2025-02-28,0.015605595005157014
2025-03-03,-0.01752018479626727
2025-03-04,-0.011836762907428078
2025-03-05,0.010747839611165988
2025-03-06,-0.01775115672124894
2025-03-07,0.005604885844907148
2025-03-10,-0.026635619444153158
2025-03-11,-0.008312891177371884
2025-03-12,0.005306600218026203
2025-03-13,-0.013330436330021067
2025-03-14,0.0206557912275962
2025-03-17,0.00771133679017999
2025-03-18,-0.010808597358321625
2025-03-19,0.010890957855881567
2025-03-20,-0.0028916989401738258
2025-03-21,0.0003298919546212975
2025-03-24,0.01790848775160092
2025-03-25,0.0024038215328545665
2025-03-26,-0.011938228305225729
2025-03-27,-0.0026556270261320902
2025-03-28,-0.020138537578850313
2025-03-31,0.006712912760983514
2025-04-01,0.002824442743211364
2025-04-02,0.006328298292829215
2025-04-03,-0.04928069685329273
2025-04-04,-0.05854299254528794
2025-04-07,-0.0017811884523963872
2025-04-08,-0.015662815673295305
2025-04-09,0.10501957153372676
2025-04-10,-0.043819170447082834
2025-04-11,0.01784277577362925
2025-04-14,0.009701506983955888
2025-04-15,-0.0028009069165995104
2025-04-16,-0.022228078391931083
2025-04-17,0.0014267172797870487
2025-04-21,-0.023802651133915886
2025-04-22,0.026017821531153285
2025-04-23,0.015495480308824972
2025-04-24,0.021048912949868326
2025-04-25,0.007225311311978455
2025-04-28,0.0003813851666460977
2025-04-29,0.006299276475910887
2025-04-30,0.00039694175083582195
2025-05-01,0.0070868680708551235
2025-05-02,0.014844247338807959
2025-05-05,-0.005734324171199123
2025-05-06,-0.00835843551316362
2025-05-07,0.004205416800135087
2025-05-08,0.006967983937040012
2025-05-09,-0.00127433074633454
2025-05-12,0.03304754271395138
2025-05-13,0.006603966987809073
2025-05-14,0.0012778715696883935
2025-05-15,0.004884285649128461
2025-05-16,0.006334254239782622
2025-05-19,0.001093715365680037
2025-05-20,-0.0033622577257844677
2025-05-21,-0.0168506727051968
2025-05-22,0.00039470808698149895
2025-05-23,-0.0068258512570531504
2025-05-27,0.020790577842265234
2025-05-28,-0.005785347645933303
2025-05-29,0.003947442276660329
2025-05-30,-0.0011185059286688004
2025-06-02,0.0056330263090189625
2025-06-03,0.00570245224869792
2025-06-04,-0.0002684085986693896
2025-06-05,-0.004832859623354335
2025-06-06,0.010269135339138424
2025-06-09,0.0009011253788435702
2025-06-10,0.005669718390465928
2025-06-11,-0.002852077644658002
2025-06-12,0.003974378714497684
2025-06-13,-0.011180162300879815
2025-06-16,0.009514448178697288
2025-06-17,-0.008545170520861345
2025-06-18,-0.0001508166576998926
2025-06-20,-0.002348474253184407
2025-06-23,0.009877485739587577
2025-06-24,0.011047288866202987
2025-06-25,0.000560282661534961
2025-06-26,0.007823809728070064
2025-06-27,0.0049683222933454285
2025-06-30,0.004781279687299023
2025-07-01,-0.0003237141327537829
2025-07-02,0.004533365492089381
2025-07-03,0.007881299997254843
2025-07-07,-0.007451971921066947
2025-07-08,-0.0005477352950125081
2025-07-09,0.00599675555837198
2025-07-10,0.0028202579962521845
2025-07-11,-0.003515605355253415
2025-07-14,0.0019083822163517006
2025-07-15,-0.004273310535627517
2025-07-16,0.0033432733845384366
2025-07-17,0.006119538410830128
2025-07-18,-0.0007322363413652111
2025-07-21,0.0018960449732978724
2025-07-22,0.0001431954391026835
2025-07-23,0.008507476351847565
2025-07-24,0.00033102965109055305
2025-07-25,0.004224338152491125
2025-07-28,-0.0002511658677887274
2025-07-29,-0.0026375650574512743
2025-07-30,-0.0012593696215839056
2025-07-31,-0.003751164153554032
2025-08-01,-0.01639041762130744
2025-08-04,0.015199664900845011
2025-08-05,-0.005069926839315064
2025-08-06,0.007659857740445197
2025-08-07,-0.0008377338742812102
2025-08-08,0.007797554830949682
2025-08-11,-0.0019774044951013092
2025-08-12,0.010645980769615315
2025-08-13,0.0034232284065640606
2025-08-14,9.29178689290655e-05
2025-08-15,-0.0023411979263346927
2025-08-18,-0.00021771255650937515
2025-08-19,-0.00542510102815319
2025-08-20,-0.002657177257710863
2025-08-21,-0.004011616774111215
2025-08-22,0.015356734450693521
2025-08-25,-0.0044010200352035955
2025-08-26,0.004186968758527643
2025-08-27,0.002278452752666471
2025-08-28,0.0035415153417788225
2025-08-29,-0.0059638290232071345
2025-09-02,-0.0074102526816088865
2025-09-03,0.005419642546478309
2025-09-04,0.00835741674721624
2025-09-05,-0.002896288899897903
2025-09-08,0.0024566730815143156
2025-09-09,0.00231188440026342
2025-09-10,0.0028908050214451197
2025-09-11,0.008310100433307488
2025-09-12,-0.00033453660158855314
2025-09-15,0.005323962798345239
2025-09-16,-0.0013768848246955567
2025-09-17,-0.001242457061691904
2025-09-18,0.004672593154858351
2025-09-19,0.00495277480627232
2025-09-22,0.004731049353107419
2025-09-23,-0.005443562937222368
2025-09-24,-0.0031816645261014687
2025-09-25,-0.004613374905433676
2025-09-26,0.0057290340826092745
2025-09-29,0.0028104467833012237
2025-09-30,0.003766834755358328
2025-10-01,0.0034074798459751143
2025-10-02,0.001151824796685963
2025-10-03,-1.4805406382656372e-05
2025-10-06,0.003586271966467658
2025-10-07,-0.0037075138893177817
2025-10-08,0.005963055269571305
2025-10-09,-0.002896974724933221
2025-10-10,-0.027027862178845674
2025-10-13,0.015344118135168339
2025-10-14,-0.0012216462876413203
2025-10-15,0.004439529909605389
2025-10-16,-0.006810134562330372
2025-10-17,0.005676205164253156
2025-10-20,0.010400500262923273
2025-10-21,-1.494287878323064e-05
2025-10-22,-0.005198916065879078
2025-10-23,0.005929962705964353
2025-10-24,0.008172554694480416
2025-10-27,0.011797664492784632
2025-10-28,0.002655926209922388
2025-10-29,0.0004804602529762114
2025-10-30,-0.010998097614260183
2025-10-31,0.0032801312668069293
2025-11-03,0.0018767398754619968
2025-11-04,-0.01185354736001909
2025-11-05,0.0034653852011290454
2025-11-06,-0.010729363869237507
2025-11-07,0.000984565078659072
2025-11-10,0.01560437034633999
2025-11-11,0.002289177027853917
2025-11-12,0.0005563903663643455
2025-11-13,-0.01659390636118807
2025-11-14,-0.0001637328001578009
2025-11-17,-0.009316529838549359
2025-11-18,-0.008397554120144202
2025-11-19,0.003863270235832328
2025-11-20,-0.015242227316648038
2025-11-21,0.009961138168965045
2025-11-24,0.014718606876234608
2025-11-25,0.009405836039293458
2025-11-26,0.006903582418005261
2025-11-28,0.0054584342293309
2025-12-01,-0.004565560353440801
2025-12-02,0.001852367504067809
2025-12-03,0.003462749080359595
2025-12-04,0.000731139787988333
2025-12-05,0.001899394752821859
2025-12-08,-0.0030042091058060105
2025-12-09,-0.000863028073573191
2025-12-10,0.00663214455678518
2025-12-11,0.0023270355362734474
2025-12-12,-0.010752074615154483
2025-12-15,-0.001510898681416406
2025-12-16,-0.002732285145230273
2025-12-17,-0.011003593983400228
2025-12-18,0.00755126270975226
2025-12-19,0.009063506223587092
2025-12-22,0.006229803850433591
2025-12-23,0.004570492347330646
2025-12-24,0.003517674396244841
2025-12-26,-0.00010140966545213459
2025-12-29,-0.0035636535074947684
2025-12-30,-0.0012212136133650242
2025-12-31,-0.0074088529688375315
2026-01-02,0.0018329931020035772
2026-01-05,0.0066602071082446646
2026-01-06,0.005947158299371091
2026-01-07,-0.003223412281198157
2026-01-08,-0.00010152731427326422
2026-01-09,0.006613382996888628
2026-01-12,0.00157043300066384
2026-01-13,-0.0019995067653818532
2026-01-14,-0.004915252903138989
2026-01-15,0.0027232975079871657
2026-01-16,-0.000837905189162047
2026-01-20,-0.02035680001149731
2026-01-21,0.0115411092816613
2026-01-22,0.005223257672714476
2026-01-23,0.00036273518897367296
2026-01-26,0.00507823176187272
2026-01-27,0.003984165378470905
2026-01-28,-0.0001006645803248718
2026-01-29,-0.001984377154833794
2026-01-30,-0.0029824841055743345
2026-02-02,0.00497122273706152
2026-02-03,-0.008455385901172563
2026-02-04,-0.004843853725993386
2026-02-05,-0.012489284060324235
2026-02-06,0.01918478647681998
2026-02-09,0.004821726716577324
2026-02-10,-0.002637057770699447
2026-02-11,-0.00023112214366449724
2026-02-12,-0.01544885969788623
2026-02-13,0.0007044991031190939
2026-02-17,0.0016134830190519533
2026-02-18,0.005037707550576753
2026-02-19,-0.002637344323549562
2026-02-20,0.00723184928909637
2026-02-23,-0.010211366038766267
2026-02-24,0.00726847527019836
2026-02-25,0.008438306300538434
2026-02-26,-0.005554445579207146
2026-02-27,-0.004801940858611298
2026-03-02,0.0005685229860479257
2026-03-03,-0.008814250912485666
2026-03-04,0.007055355958297538
2026-03-05,-0.005575670491907769
2026-03-06,-0.013107129910862048
2026-03-09,0.00875996152231262
2026-03-10,-0.0016070155764896787
2026-03-11,-0.0012551345486657706
2026-03-12,-0.015184966271003186
2026-03-13,-0.00566013575260893
2026-03-16,0.01017686501045656
2026-03-17,0.002630544991105488
2026-03-18,-0.013953644515257158
2026-03-19,-0.002464381043311259
2026-03-20,-0.014335696266852715
2026-03-23,0.010499991225476402
2026-03-24,-0.0033568144771775055
2026-03-25,0.0055726882440485515
2026-03-26,-0.017858729983344035
2026-03-27,-0.01705189415742525
2026-03-30,-0.0033433906874337227
2026-03-31,0.029067865784757174
2026-04-01,0.00753449141030349
2026-04-02,0.0009004595313388819
2026-04-06,0.004726845083763864
2026-04-07,0.0004400005646272298
2026-04-08,0.02546963651219092
2026-04-09,0.005769017699185586
2026-04-10,-0.0006617754265585418
2026-04-13,0.009772447246481741
2026-04-14,0.012184877209840739
2026-04-15,0.007890969227043909
2026-04-16,0.002457347646937613
2026-04-17,0.012085686101644066
2026-04-20,-0.0019997351150194964
2026-04-21,-0.006546892848539487
2026-04-22,0.01012671209511895
2026-04-23,-0.0038807408683984024
2026-04-24,0.007749309237231605
2026-04-27,0.001722787837563633
2026-04-28,-0.004865992267119479
2026-04-29,-0.00015450932498595193
2026-04-30,0.009949633527564838
2026-05-01,0.0027690952923506984
2026-05-04,-0.0036633921467564834
2026-05-05,0.008022228723942426
2026-05-06,0.013899399692774095
2026-05-07,-0.0030660824190705815
2026-05-08,0.00825609701116825
2026-05-11,0.002277563042387465
2026-05-12,-0.0015149526145865622
2026-05-13,0.00559483781461112
2026-05-14,0.0078943149045545
2026-05-15,-0.012029343756796207
2026-05-18,-0.0007035093177317764
2026-05-19,-0.0066607880874933745
2026-05-20,0.010248994582563453
2026-05-21,0.0019830877010671433
2026-05-22,0.003931549076803931
2026-05-26,0.006638641352187502
2026-05-27,-0.0001732421647460125
2026-05-28,0.005516578600909927
2026-05-29,0.0024914048034492264
2026-06-01,0.0027231134609038143
2026-06-02,0.0013579397972762752
2026-06-03,-0.00701718232049986
2026-06-04,0.0037786857621391334
2026-06-05,-0.025809371248925683
2026-06-08,0.002264172608771542
2026-06-09,-0.0029354505508077944
2026-06-10,-0.015765562508027298
2026-06-11,0.016996847886747934
2026-06-12,0.005408247901529384
2026-06-15,0.01763396989375332
2026-06-16,-0.005961562844234103
2026-06-17,-0.012487870885051433
2026-06-18,0.010396992441959574
2026-06-22,-0.003146979693962715
2026-06-23,-0.014521954010491611
2026-06-24,-0.0004635170636431152
2026-06-25,0.0014456352254532678
2026-06-26,-0.007231373616869652
2026-06-29,0.016474862380159383
2026-06-30,0.007786800986842035
2026-07-01,-0.001352504438058455
2026-07-02,-0.001314069480687241
2026-07-06,0.008727409093039817
2026-07-07,-0.004751899671231685
2026-07-08,-0.0030894297130047432
2026-07-09,0.00846525000257925
2026-07-10,0.0043101596888019955
2026-07-13,-0.007656174850540931
2026-07-14,0.00355064169730146
2026-07-15,0.003963635929681075
2026-07-16,-0.005418617756386079
2026-07-17,-0.009897156017872222
2026-07-20,-0.0016143782471810253
2026-07-21,0.008341309298597777
2026-07-22,-0.0011627413779321527
2026-07-23,-0.012349287272575782
2026-07-24,0.0010160123647910968
2026-07-27,0.0002165755636849287
2026-07-28,0.002394780651586048
2026-07-29,-0.015387473482586067
2026-07-30,0.01676579949601198
2026-07-31,0.007199809675054292
2026-08-03,0.01424300656734756
2026-08-04,0.018029002715958642
2026-08-05,-0.0019966020100066206
2026-08-06,-0.001597813044932006
2026-08-07,0.006115348472417681
2026-08-10,-0.00029741673673222557
2026-08-11,-0.0031952597501651026
2026-08-12,0.0025046624297864195
2026-08-13,0.006977455651952402
2026-08-14,-0.0019797115463531245
2026-08-17,-0.004727366641364417
2026-08-18,-0.006755757074274671
2026-08-19,0.00209783741736147
2026-08-20,-0.008399893367440514
2026-08-21,0.0040912604472485015
2026-08-24,-0.0029384110198065194
2026-08-25,0.003195937672779925
2026-08-26,0.0002220155779071309
2026-08-27,0.006552786111251541
2026-08-28,-0.002269485222937795
2026-08-31,-0.002989520850009919
2026-09-01,-0.0068704238054380085
2026-09-02,0.004436902672253051
2026-09-03,0.01046841189654324
2026-09-04,-0.0038542371465761782
