{
  "status": "ok",
  "result_keys": [
    "all_paths",
    "paths",
    "mean_path",
    "median_path",
    "p05",
    "p25",
    "p75",
    "p95",
    "final_mean",
    "final_median",
    "final_p05",
    "final_p10",
    "final_p25",
    "final_p75",
    "final_p90",
    "final_p95",
    "total_return_pct",
    "annual_return_pct",
    "crash_prob_1y",
    "crash_prob_5y",
    "crash_probs",
    "cvar_95_pct",
    "max_dd_pct",
    "max_drawdown_pct",
    "scenarios",
    "ml_crash_prob",
    "ml_predicted_return",
    "garch_vol",
    "realism_check"
  ],
  "current_price": 6948.60986328125,
  "final_mean": 9768.046936388931,
  "final_median": 8845.799985182832,
  "final_p05": 3947.230340795334,
  "final_p10": 4763.854192298078,
  "final_p25": 6442.563072094436,
  "final_p75": 12141.963857146287,
  "final_p90": 16111.345989116582,
  "final_p95": 18890.969611462187,
  "total_return_pct": 40.57555581018468,
  "annual_return_pct": 7.048839087114889,
  "crash_prob_1y": 25.05,
  "crash_prob_5y": 81.92,
  "cvar_95_pct": -53.609341176081514,
  "max_dd_pct": -30.72284600327282,
  "max_drawdown_pct": 30.72284600327282
}