{
  "status": "ok",
  "result_keys": [
    "all_paths",
    "paths",
    "mean_path",
    "median_path",
    "p05",
    "p25",
    "p75",
    "p95",
    "final_mean",
    "final_median",
    "final_p05",
    "final_p10",
    "final_p25",
    "final_p75",
    "final_p90",
    "final_p95",
    "total_return_pct",
    "annual_return_pct",
    "crash_prob_1y",
    "crash_prob_5y",
    "crash_probs",
    "cvar_95_pct",
    "max_dd_pct",
    "max_drawdown_pct",
    "scenarios",
    "ml_crash_prob",
    "ml_predicted_return",
    "garch_vol",
    "realism_check"
  ],
  "current_price": 6816.89013671875,
  "final_mean": 9567.490804467669,
  "final_median": 8653.021295188068,
  "final_p05": 3845.7544859803324,
  "final_p10": 4745.851980207304,
  "final_p25": 6331.019399668444,
  "final_p75": 11787.512360531637,
  "final_p90": 15634.389997535352,
  "final_p95": 18516.99129061463,
  "total_return_pct": 40.34978725757925,
  "annual_return_pct": 7.01443224834688,
  "crash_prob_1y": 25.330000000000002,
  "crash_prob_5y": 82.0,
  "cvar_95_pct": -53.54608634489295,
  "max_dd_pct": -30.738074042783452,
  "max_drawdown_pct": 30.738074042783452
}