{
  "status": "ok",
  "result_keys": [
    "all_paths",
    "paths",
    "mean_path",
    "median_path",
    "p05",
    "p25",
    "p75",
    "p95",
    "final_mean",
    "final_median",
    "final_p05",
    "final_p10",
    "final_p25",
    "final_p75",
    "final_p90",
    "final_p95",
    "total_return_pct",
    "annual_return_pct",
    "crash_prob_1y",
    "crash_prob_5y",
    "crash_probs",
    "cvar_95_pct",
    "max_dd_pct",
    "max_drawdown_pct",
    "scenarios",
    "ml_crash_prob",
    "ml_predicted_return",
    "garch_vol",
    "realism_check"
  ],
  "current_price": 7041.27978515625,
  "final_mean": 9883.721460193663,
  "final_median": 8984.530181380458,
  "final_p05": 3968.4392340918407,
  "final_p10": 4816.220736694389,
  "final_p25": 6525.422871345077,
  "final_p75": 12252.93138437966,
  "final_p90": 16086.052290515703,
  "final_p95": 18893.094203243003,
  "total_return_pct": 40.3682535244456,
  "annual_return_pct": 7.017248145837818,
  "crash_prob_1y": 25.27,
  "crash_prob_5y": 82.11,
  "cvar_95_pct": -53.55394500402263,
  "max_dd_pct": -30.696111524988062,
  "max_drawdown_pct": 30.696111524988062
}