{
  "status": "ok",
  "result_keys": [
    "all_paths",
    "paths",
    "mean_path",
    "median_path",
    "p05",
    "p25",
    "p75",
    "p95",
    "final_mean",
    "final_median",
    "final_p05",
    "final_p10",
    "final_p25",
    "final_p75",
    "final_p90",
    "final_p95",
    "total_return_pct",
    "annual_return_pct",
    "crash_prob_1y",
    "crash_prob_5y",
    "crash_probs",
    "cvar_95_pct",
    "max_dd_pct",
    "max_drawdown_pct",
    "scenarios",
    "ml_crash_prob",
    "ml_predicted_return",
    "garch_vol",
    "realism_check"
  ],
  "current_price": 7041.27978515625,
  "final_mean": 9866.34670960629,
  "final_median": 9032.658498936133,
  "final_p05": 3983.6817540595116,
  "final_p10": 4852.739849685896,
  "final_p25": 6555.255471674094,
  "final_p75": 12220.405015279623,
  "final_p90": 15988.482317581385,
  "final_p95": 18669.827950663086,
  "total_return_pct": 40.12149794708593,
  "annual_return_pct": 6.9795961976439225,
  "crash_prob_1y": 25.369999999999997,
  "crash_prob_5y": 81.99,
  "cvar_95_pct": -54.09551726599048,
  "max_dd_pct": -30.720100710278803,
  "max_drawdown_pct": 30.720100710278803
}