{
  "status": "ok",
  "result_keys": [
    "all_paths",
    "paths",
    "mean_path",
    "median_path",
    "p05",
    "p25",
    "p75",
    "p95",
    "final_mean",
    "final_median",
    "final_p05",
    "final_p10",
    "final_p25",
    "final_p75",
    "final_p90",
    "final_p95",
    "total_return_pct",
    "annual_return_pct",
    "crash_prob_1y",
    "crash_prob_5y",
    "crash_probs",
    "cvar_95_pct",
    "max_dd_pct",
    "max_drawdown_pct",
    "scenarios",
    "ml_crash_prob",
    "ml_predicted_return",
    "garch_vol",
    "realism_check"
  ],
  "current_price": 6816.89013671875,
  "final_mean": 9580.378745963904,
  "final_median": 8685.047614214793,
  "final_p05": 3812.8477560797605,
  "final_p10": 4659.233366225936,
  "final_p25": 6323.75694407886,
  "final_p75": 11894.647077787757,
  "final_p90": 15577.785614743989,
  "final_p95": 18272.732564539787,
  "total_return_pct": 40.538846216103686,
  "annual_return_pct": 7.043247602947189,
  "crash_prob_1y": 25.27,
  "crash_prob_5y": 81.85,
  "cvar_95_pct": -54.56134021367708,
  "max_dd_pct": -30.72581550810377,
  "max_drawdown_pct": 30.72581550810377
}