date,month,n,n_tradable,ic_GBM_EVENT,gross_GBM_EVENT,pred_GBM_EVENT,ic_StockMixer_T1_EVENT,gross_StockMixer_T1_EVENT,pred_StockMixer_T1_EVENT,ic_GBM_TFIDF,gross_GBM_TFIDF,pred_GBM_TFIDF,ic_StockMixer_T1_TFIDF,gross_StockMixer_T1_TFIDF,pred_StockMixer_T1_TFIDF,ic_GBM_SHUFFLE,gross_GBM_SHUFFLE,pred_GBM_SHUFFLE,ic_StockMixer_T1_SHUFFLE,gross_StockMixer_T1_SHUFFLE,pred_StockMixer_T1_SHUFFLE,ic_GBM_NOTEXT,gross_GBM_NOTEXT,pred_GBM_NOTEXT,ic_StockMixer_T1_NOTEXT,gross_StockMixer_T1_NOTEXT,pred_StockMixer_T1_NOTEXT,turnover_GBM_EVENT,net_GBM_EVENT,turnover_GBM_TFIDF,net_GBM_TFIDF,turnover_GBM_SHUFFLE,net_GBM_SHUFFLE,turnover_GBM_NOTEXT,net_GBM_NOTEXT,turnover_StockMixer_T1_EVENT,net_StockMixer_T1_EVENT,turnover_StockMixer_T1_TFIDF,net_StockMixer_T1_TFIDF,turnover_StockMixer_T1_SHUFFLE,net_StockMixer_T1_SHUFFLE,turnover_StockMixer_T1_NOTEXT,net_StockMixer_T1_NOTEXT
2025-08-01,2025-08,372,364,0.08779723782032708,0.021554003649965972,0.04444620237968981,-0.027310598705369598,0.0017754293785016665,0.11966151231899858,0.02481199738734482,0.015357772631743103,0.07413904635805697,0.0041652894931019716,0.026496548669787717,0.504208803590801,0.12608018932028991,0.036564926881711715,0.045631533761300316,0.03917272143021484,-0.004681885306020324,0.10270574285338323,0.12990384563832078,0.025369671544198443,0.047488129390033204,-0.0542983440302312,0.0007351853667709948,0.18031404157065684,1.0,0.019054003649965973,1.0,0.012857772631743102,1.0,0.03406492688171171,1.0,0.022869671544198444,1.0,-0.0007245706214983336,1.0,0.023996548669787718,1.0,-0.007181885306020324,1.0,-0.0017648146332290052
2025-08-04,2025-08,396,387,0.08890509319054277,0.046154806960449726,0.04825951566863383,0.06996490121852245,0.031183487056041608,0.1269535365012976,0.03798690984119059,-0.002643356517277309,0.061245600716471234,0.00887747545017023,0.0008880910850927902,0.6041219100738183,0.057219134746653605,0.037197493563599957,0.045908663474566055,0.13922833889520184,0.03802826226509934,0.12434542007171191,0.04288096873854299,0.020288946084498122,0.05011050805615502,-0.1075160997235742,-0.019216200213003756,0.19928639420332053,1.7948717948717947,0.04166762747327024,1.8717948717948718,-0.007322843696764489,1.7948717948717947,0.03271031407642047,1.7692307692307692,0.0158658691614212,1.1025641025641024,0.028427076799631353,1.8974358974358974,-0.003855498658496953,1.4102564102564101,0.03450262123945831,1.6153846153846154,-0.023254661751465296
2025-08-05,2025-08,473,454,0.017084207809573662,-0.0068347644754646365,0.051863557001254446,-0.029529250181321052,0.004513737234291456,0.13068098798394204,0.013552126249331005,-0.020323146694985552,0.06482315925727983,-0.027512263140527182,0.014638721057251277,0.5674339830875397,-0.005064856154938448,-0.025847285208047598,0.051606351134617215,-0.017914383805524042,0.00814934815659394,0.13942450251844196,-0.006287384001019662,-0.007967078427256209,0.05516268275577273,-0.03671802319911569,0.0503537131471548,0.17566484378443825,1.7555555555555555,-0.011223653364353525,1.9555555555555555,-0.025212035583874443,1.7777777777777777,-0.030291729652492043,1.8444444444444443,-0.01257818953836732,1.288888888888889,0.001291515012069234,1.8888888888888888,0.009916498835029056,1.6,0.00414934815659394,1.6666666666666667,0.04618704648048813
2025-08-06,2025-08,581,559,0.015892588688000694,0.02619819583953294,0.052003982690977654,0.01291489659822572,0.01104481262155441,0.11503112645420645,-0.020376790647636995,-0.02335616776525622,0.07271759039704062,-0.07049610997349749,-0.019097797856206283,0.5929559016866344,0.0055376653636026,0.038927291524666174,0.05178438426978453,0.056540233352280686,0.025609736446065408,0.14261392913093524,-0.016901520309589184,0.004587512040309105,0.05853353568557863,-0.09561649166367364,-0.024498210082847634,0.20937987410330347,1.7321428571428572,0.021867838696675797,1.75,-0.02773116776525622,1.6964285714285714,0.03468622009609475,1.7142857142857142,0.00030179775459482014,1.3571428571428572,0.007651955478697266,1.8571428571428572,-0.023740654999063426,1.625,0.021547236446065408,1.6607142857142858,-0.02864999579713335
2025-08-07,2025-08,589,550,-0.028883885557951527,0.025802601079268697,0.05381183007581819,0.07349091329895409,-0.006148111060113287,0.12056744742122563,0.021119331704641652,0.004195303644685662,0.07471706934003641,0.08146358434429643,0.03215103794336344,0.5225939875976606,-0.03128772190046278,0.032275402189850436,0.05042379248340577,0.09575886806836478,0.0070305859405307355,0.14552228471094913,-0.05354572247064167,-0.007993199102661299,0.057768741426695566,-0.16993667984115218,-0.03483538787828126,0.18465662679888986,1.7142857142857142,0.021516886793554412,1.8392857142857142,-0.00040291064102862366,1.75,0.027900402189850435,1.7857142857142856,-0.012457484816947013,1.4107142857142856,-0.009674896774399002,1.857142857142857,0.0275081808005063,1.607142857142857,0.003012728797673593,1.75,-0.039210387878281266
2025-08-08,2025-08,366,353,0.03368344481254384,-0.006883050886335774,0.058316899001732994,0.05406672867672899,0.012748449901135028,0.12467126207692283,-0.04173693711048165,-0.02641290220690097,0.07927023063434867,-0.022165462004484517,0.0005160737527497539,0.5158951222896576,0.01904627985825191,0.006715420147287331,0.05306893748205161,0.1056244178907904,-0.03291910644371866,0.1306388150368418,0.0497506227470948,-0.01069757432542116,0.057692817340827734,-0.009249008215323625,0.018361746087467136,0.21371445868696487,1.8181818181818181,-0.011428505431790319,1.8909090909090909,-0.031140174934173696,1.7818181818181817,0.0022608746927418764,1.8545454545454545,-0.015333937961784797,1.4545454545454546,0.00911208626477139,1.8181818181818181,-0.0040293807927047915,1.690909090909091,-0.03714637917099139,1.709090909090909,0.014089018814739864
2025-08-11,2025-08,398,376,0.052154869732979156,0.03869832632861165,0.06488261835399776,0.056513512835741464,0.015996106528723183,0.14646981058544234,0.0205950958045855,0.03974353850200135,0.06398135441423193,-0.04044630888802256,0.024204858978349564,0.6200580424384067,0.07646240884458706,0.010775594803419181,0.06222975650205108,0.09473448637167431,0.017269981648602266,0.14183751302526185,0.05698413903157282,0.02940591233385476,0.061951520049865184,0.011337344824220774,-0.02861621965803853,0.2658567573679121,1.7894736842105263,0.03422464211808533,1.894736842105263,0.035006696396738195,1.763157894736842,0.006367700066577077,1.7894736842105263,0.024932228123328445,1.368421052631579,0.012575053897144237,1.8421052631578947,0.019599595820454827,1.631578947368421,0.013191034280181212,1.5526315789473684,-0.032497798605406955
2025-08-12,2025-08,266,252,-0.04345536302065318,-0.039433861305212245,0.06282007291208008,0.029677654441008738,0.06427254371907444,0.13233084440231324,0.021596751782801533,0.007073800927435536,0.06412185871389904,-0.020684280332051184,0.010431861926423897,0.588937435746193,-0.07361535065137935,-0.04863695000337079,0.05919942758505384,-0.04408466576660009,-0.01501079149693665,0.170472329556942,-0.07542866069137227,-0.035595695687770594,0.057038169935806654,0.032771880942551415,-0.013582416913364419,0.22943745970726015,1.8421052631578947,-0.04403912446310698,1.8421052631578947,0.002468537769540799,1.7894736842105263,-0.053110634213897105,1.868421052631579,-0.04026674831934954,1.2894736842105263,0.061048859508548124,1.894736842105263,0.005695019821160739,1.6052631578947367,-0.01902394939167349,1.6052631578947367,-0.017595574808101262
2025-08-13,2025-08,336,316,0.004110964078810503,-0.02038953847667835,0.05923848158452182,0.019007237764307156,0.039413519468458016,0.13251329807098955,-0.10721191974818581,-0.022974141820172038,0.06274146932506604,-0.020089817817384427,-0.009330767521598369,0.5471829692833126,0.0037069855387073087,-0.0256195518757151,0.056477400270929706,-0.001151829181296579,-0.01184752554087564,0.13278493226971477,-0.027803340589341863,-0.059168408987718725,0.06009451676476577,0.1383662880066528,0.0271873913353938,0.21445202128961682,1.75,-0.02476453847667835,1.84375,-0.027583516820172037,1.78125,-0.030072676875715097,1.8125,-0.06369965898771872,1.3125,0.03613226946845802,1.9375,-0.01417451752159837,1.59375,-0.01583190054087564,1.46875,0.023515516335393803
2025-08-14,2025-08,327,311,-0.004243102470315501,-0.007241150046493037,0.055971607702214154,-0.08745129084985719,-0.01231772066972439,0.13422337390722766,-0.0031704536026689314,-0.0050522159583358765,0.07647567811752126,-0.09389100813065723,0.002753516628612637,0.6227455009375849,0.00924552586234193,0.0010995683474807672,0.0557021098926518,-0.05830263374537168,-0.019605884434627092,0.14811742131508165,-0.02508470289230925,-0.005687307605659168,0.05272844364888265,0.1005502202416772,-0.0016526353366866737,0.17840569562488987,1.71875,-0.011538025046493037,1.875,-0.009739715958335875,1.75,-0.003275431652519233,1.59375,-0.009671682605659168,1.46875,-0.01598959566972439,1.8125,-0.0017777333713873628,1.625,-0.023668384434627092,1.375,-0.005090135336686674
2025-08-15,2025-08,303,296,0.022060464986866125,0.026382433475710617,0.053474799816886534,-0.01861828271361945,0.013561531466939992,0.12219568869719903,0.12004090113164834,0.05248429207759695,0.06097250594929074,0.03775699374525352,0.021391897645394977,0.44597647587458294,0.009174982739480355,0.019029375483986914,0.04938685770891181,-0.07754238668180409,-0.013109692092837634,0.1370029566809535,-0.025235192781835596,0.002856034225032911,0.045342875719070294,0.09755466801889577,-0.00365425793378719,0.21870941321055093,1.7096774193548387,0.02210823992732352,1.9032258064516128,0.04772622756146792,1.7096774193548387,0.014755181935599817,1.7096774193548387,-0.0014181593233541859,1.3870967741935483,0.010093789531456121,1.8387096774193548,0.01679512345184659,1.5161290322580645,-0.016900014673482795,1.4838709677419355,-0.007363935353142028
2025-08-18,2025-08,370,360,0.02865434627974895,0.029437989605974664,0.039084528152864485,-0.09746301426006902,-0.022120380314132364,0.12294939962319201,-0.0009139248098810514,0.004983130103431344,0.06786601145578124,0.12332725275382696,-0.00490008631389433,0.536454794721471,0.030918236624633312,0.0049437101765066015,0.03977591895582257,-0.09757578234338474,-0.028199569095831663,0.16768845776095986,0.05928272628686802,0.0005196334176501144,0.03960540501819382,0.1347008832512744,0.02494346046215557,0.15785014463795555,1.8055555555555556,0.024924100717085774,1.9166666666666665,0.0001914634367646776,1.75,0.000568710176506601,1.8611111111111112,-0.004133144360127664,1.1944444444444444,-0.025106491425243474,1.8055555555555556,-0.009413975202783219,1.3888888888888888,-0.03167179131805389,1.4444444444444444,0.02133234935104446
2025-08-19,2025-08,259,252,-0.003986020265090032,0.029113699691694563,0.04706903093370047,-0.1414025321002065,-0.022571495026313268,0.1329631844162941,-0.1163397602872267,-0.004417240764559339,0.06066989027957685,-0.07291333183580924,-0.01342470365278619,0.41957135856151584,-0.05610680959518169,0.011830289269187605,0.04678622084403633,-0.13883589697543186,-0.009409879545257599,0.12395746588706971,-0.0931579419951513,0.002249954121136988,0.04700541484963998,0.033770315165664005,0.0014934213085792975,0.16342814803123473,1.722222222222222,0.024808144136139007,1.9166666666666665,-0.009208907431226005,1.722222222222222,0.007524733713632051,1.722222222222222,-0.002055601434418567,1.25,-0.025696495026313267,1.8055555555555556,-0.01793859254167508,1.4444444444444444,-0.013020990656368709,1.3333333333333333,-0.0018399120247540352
2025-08-20,2025-08,276,267,0.07115766042151225,0.0013646248007783413,0.043845442325660566,0.07556284870364292,0.0025052843671968944,0.1320385834961026,-0.05705057746859681,-0.04040707665098582,0.05948369643100046,0.06395618884473563,-0.017261880439595978,0.657392093428859,-0.004218547109772977,0.00893517950338463,0.04852201462296948,0.0707147443672322,0.0005730428076037818,0.22319807995248725,0.005874345400322484,-0.001474857190059773,0.041660741883623946,-0.0003738531128265864,0.0018698735674582898,0.19065998232475034,1.8148148148148149,-0.003172412236258696,1.7407407407407407,-0.04475892850283767,1.7777777777777777,0.004490735058940186,1.7777777777777777,-0.0059193016345042175,1.0,5.28436719689435e-06,1.7037037037037037,-0.02152113969885524,1.2592592592592593,-0.0025751053405443664,1.6296296296296295,-0.002204200506615784
2025-08-21,2025-08,255,247,-0.00911084414080593,0.01244372591571552,0.04005275041726345,0.10526502431681334,0.011696562685710218,0.12288079634308816,0.04443557461791452,0.005855074385693822,0.04365890841011341,-0.008167022840573235,-0.02197569960157709,0.523120122551918,-0.050065858036127835,0.00976389841933653,0.040982615336761424,-0.03685444650301065,-0.005371822404798023,0.15123864106833934,0.03917901806391848,0.020354147159710224,0.0431444526239117,-0.09811617068087078,-0.02450211365156446,0.1699766267836094,1.5925925925925926,0.008462244434234038,1.8148148148148149,0.001318037348656785,1.5925925925925926,0.005782416937855049,1.6666666666666667,0.016187480493043555,1.0740740740740742,0.009011377500525032,1.8148148148148149,-0.02651273663861413,1.3703703703703705,-0.00879774833072395,1.4814814814814814,-0.028205817355268163
2025-08-22,2025-08,232,224,-0.1670042995335285,-0.034766935834936376,0.0373027325380967,0.20103154208526416,0.019341739026132624,0.141762127591805,0.09366985148438482,0.004164291861467445,0.041593809679166746,-0.10455449811622443,-0.02056735318471943,0.41502250798723916,-0.2034926742637265,-0.013098226558485587,0.0354886091385855,0.08676331807899071,-0.001850870908758323,0.13801571244204586,-0.1304553815283429,-0.02361682892949008,0.04221866026651657,0.15464482239678332,0.027341107902381846,0.16947447881102562,1.76,-0.03916693583493638,1.8,-0.0003357081385325549,1.8,-0.017598226558485586,1.6,-0.02761682892949008,1.08,0.016641739026132623,1.8800000000000001,-0.02526735318471943,1.32,-0.005150870908758323,1.48,0.023641107902381844
2025-08-25,2025-08,295,290,-0.004626661099528519,-0.015107609055116239,0.03782749341633271,-0.04769929600943501,-0.01643500783915318,0.13078431476806773,-0.029526046695699467,-0.017407405174757574,0.06257301414475976,-0.016918994531906022,-0.01146780886846015,0.5530642373808499,-0.020566859471479598,-0.013060119324000384,0.03932984465896151,-0.033047345565378514,-0.027164166006282697,0.13029722336294322,-0.11380754272433896,-0.02396021887922104,0.035351191089137986,-0.04347205720830487,0.005747948106454053,0.13917921650512466,1.6206896551724137,-0.019159333193047273,1.793103448275862,-0.02189016379544723,1.7586206896551724,-0.017456671048138316,1.6896551724137931,-0.028184356810255523,1.0689655172413794,-0.01910742163225663,1.8620689655172413,-0.016122981282253254,1.3448275862068966,-0.03052623497179994,1.4827586206896552,0.002041051554729915
2025-08-26,2025-08,281,274,-0.08467966121861784,-0.01845535123100612,0.04063830357900808,-0.15659390582915986,-0.0303015142085538,0.12492050064934625,-0.18145955793388607,-0.027065205177148756,0.05095513872788607,-0.16884263984891176,-0.031171542509514392,0.5102523493546027,-0.08589276249607893,-0.02448766971943483,0.04018919759558093,-0.057155296433709396,-0.041710341331874026,0.13058652245888003,-0.07272063516100769,-0.018334084698189812,0.03614663326752121,-0.05712717281960865,-0.009536728241220595,0.12116783995319297,1.8275862068965516,-0.023024316748247498,1.9655172413793103,-0.03197899828059703,1.8275862068965516,-0.02905663523667621,1.793103448275862,-0.022816843318879468,1.1724137931034482,-0.033232548691312425,1.8275862068965516,-0.03574050802675577,1.3103448275862069,-0.044986203400839544,1.482758620689655,-0.013243624792944733
2025-08-27,2025-08,302,293,0.018584051711463725,-0.005463497876306699,0.04306704461711659,-0.07491849014138235,-0.007336904431099462,0.13398673256923413,-0.12329106062333023,-0.03684060888727164,0.06271159378517019,-0.042930916029841934,-0.026395941179719547,0.5748174945855964,0.028320577778390414,0.002608434465061224,0.043262878033544186,-0.05584190474821733,-0.009173950605460356,0.17174787055058727,-0.025917379380987177,0.022404488096145307,0.04452294570288917,-0.08315541343748563,-0.013605137253098792,0.12449453334356175,1.7241379310344827,-0.009773842703892907,1.896551724137931,-0.04158198819761647,1.8275862068965516,-0.0019605310521801553,1.7241379310344827,0.0180941432685591,1.103448275862069,-0.010095525120754633,1.8620689655172413,-0.03105111359351265,1.2758620689655171,-0.012363605777874149,1.586206896551724,-0.017570654494478102
2025-08-28,2025-08,280,270,-0.04052566268155753,-0.034678497958394616,0.045348967547875665,-0.02649140932920063,-0.01831514476045212,0.12860905993039962,0.05942867891899555,0.002237247609828788,0.05726763921995379,0.02554780788415899,0.022887230340949437,0.5222636295689477,-0.03246961969267101,-0.030746233741859884,0.0474446155534862,0.037339761986760034,-0.015110349939739115,0.15315972323770877,-0.0615434234766114,-0.0499710441284706,0.0477020091855352,-0.17750517954857295,-0.041700201299791476,0.11358059087285288,1.8275862068965516,-0.039247463475636,1.9310344827586206,-0.002590338597067764,1.896551724137931,-0.035487613052204714,1.793103448275862,-0.05445380274916026,1.0689655172413792,-0.02098755855355557,1.8275862068965516,0.018318264823708057,1.2413793103448276,-0.018213798215601183,1.482758620689655,-0.045407097851515615
2025-08-29,2025-08,250,245,-0.040962350856711245,-0.009431040069895485,0.049282351946688605,-0.10878633612931629,-0.05703189479190293,0.13352303098266324,-0.018732592163958655,-0.0005177593654679636,0.060531153416714806,0.02931749509323061,0.009531736832476828,0.4494379678120216,-0.05939005185240697,-0.003112002012806092,0.04525030377997401,-0.10112694369662173,-0.03732376265637476,0.12454940262250602,-0.11183381122937967,-0.006236998005079838,0.04810060504583184,-0.2802713235896366,-0.06814730953146982,0.14721609589954218,1.6666666666666665,-0.013597706736562153,1.7037037037037035,-0.004777018624727222,1.6666666666666665,-0.007278668679472759,1.7777777777777777,-0.010681442449524282,0.9259259259259258,-0.05934670960671774,1.7777777777777777,0.005087292388032383,1.259259259259259,-0.040471910804522906,1.5185185185185184,-0.07194360582776611
2025-09-02,2025-09,360,351,0.01253327571972006,-0.012237515697359003,0.04058296489119128,-0.08206853447943271,-0.025612258815071787,0.14929725825786588,0.0023663185932075795,-0.017319541280260694,0.05519635983548582,-0.06906203697693417,-0.038817434630655574,0.4747148027377469,0.02592741199134767,0.021461029773506914,0.03962302838521311,-0.06637834139666715,-0.02221756835511191,0.16127444399254665,0.01169041942196056,-0.0015071826891959149,0.03784144561432463,-0.015339367330509238,-0.015336989382487143,0.1490906172032867,1.7714285714285714,-0.016666087125930432,1.8857142857142857,-0.02203382699454641,1.7999999999999998,0.016961029773506914,1.7999999999999998,-0.0060071826891959145,1.5428571428571427,-0.029469401672214644,1.857142857142857,-0.04346029177351272,1.8285714285714285,-0.02678899692654048,1.8285714285714285,-0.019908417953915715
2025-09-03,2025-09,278,273,0.014960152525470016,-0.018043213522319947,0.05087073095181106,-0.1393872674074552,-0.03589509846051546,0.1671577885195061,0.06439777395057387,0.014280068055626026,0.04868431995473826,0.13661682875138925,0.03463627868540151,0.9013789478275511,0.012541684365329443,-0.005504334519175725,0.04922786955408005,-0.13961850200752407,-0.03870574511241678,0.1776641932902513,0.03393702878619429,-0.03316809464827207,0.057355361852746325,-0.03692576391896847,0.002619315917190955,0.1817320469352934,1.7142857142857142,-0.02232892780803423,1.7428571428571429,0.00992292519848317,1.8285714285714285,-0.010075763090604296,1.8285714285714285,-0.037739523219700644,1.3714285714285714,-0.039323669889086886,1.857142857142857,0.02999342154254437,1.5714285714285714,-0.042634316540988204,1.4857142857142855,-0.001094969797094759
2025-09-04,2025-09,275,267,0.008559476068203457,0.02998876216671963,0.04395116293371966,-0.041188655837973515,-0.00952021082285439,0.17637978632141044,0.0150529506326741,0.030995946971630196,0.06272665527678851,-0.005198262941037901,0.015285086000178192,0.5477209869358275,-0.011561697585182194,0.023260746582484962,0.04637654531612805,-0.07215371743458066,-0.022882863842710474,0.19234150427359123,-0.06825134877816566,0.02624583731096765,0.038403585948247984,0.09414500447188483,0.0386495139230889,0.16531564057287243,1.6296296296296295,0.025914688092645556,1.7777777777777777,0.02655150252718575,1.6666666666666665,0.019094079915818296,1.8148148148148147,0.02170880027393061,1.5555555555555554,-0.01340909971174328,1.8148148148148147,0.010748048963141157,1.6296296296296295,-0.026956937916784548,1.5555555555555554,0.034760625034200014
2025-09-05,2025-09,257,245,0.0625098972943625,0.021889072351128504,0.04176335144573215,-0.0921233089765632,-0.05486973557593598,0.17806286923587322,0.12472116280013436,0.062194309996888165,0.04748490221769541,0.0535473692090479,-0.046676998865695346,0.4700912676441173,0.0731091926070039,0.03666147073587074,0.04119573188599433,-0.013149969459777396,-0.05592094701001273,0.201330264719824,0.07760044339878744,0.04573965252598136,0.0405541393517926,0.019740860555605828,-0.004355589534707674,0.18901548841192078,1.6666666666666665,0.017722405684461838,1.8148148148148147,0.05765727295985113,1.6666666666666665,0.032494804069204075,1.7777777777777777,0.041295208081536916,1.3333333333333333,-0.058203068909269316,1.8518518518518516,-0.051306628495324975,1.5925925925925926,-0.059902428491494214,1.4814814814814814,-0.008059293238411378
2025-09-08,2025-09,275,263,0.07073656270736563,0.004169711430918301,0.0508202024856809,-0.10789302097458238,-0.05386397705988785,0.17219410062982488,0.016058384693715722,0.0404826098228982,0.06362805990922564,0.02203534213586267,0.038638374190237156,0.3864351993856522,0.0871907908023427,-0.003462188037352232,0.05251701325355306,-0.21055076310550763,-0.0701366355859449,0.20249384125837913,-0.03747093274862237,-0.04441526099207014,0.04366037347593703,-0.06601194426011944,-0.04006763726460412,0.20678070474129456,1.5384615384615383,0.00032355758476445467,1.7692307692307692,0.03605953289982127,1.5,-0.007212188037352232,1.7692307692307692,-0.048838337915147065,1.3076923076923077,-0.05713320782911862,1.9230769230769231,0.033830681882544844,1.5,-0.07388663558594491,1.4230769230769231,-0.04362532957229643
2025-09-09,2025-09,276,262,0.09674119946918566,0.03854325351616365,0.04566057266341596,-0.12245943979109887,-0.04950611137861297,0.17909350704688293,0.07736045172897833,0.043184940329021995,0.05015527022906546,0.07924008245919405,0.014079846341605178,0.5517233489797666,0.08305475093106549,0.03778036252033539,0.046871103154788984,-0.07925800145545868,-0.009212989305228757,0.19155622288011587,0.07115651888528989,0.07431853410247329,0.05878435721887827,0.0714533183031064,0.02232517131746713,0.19640149326565173,1.7307692307692308,0.03421633043924058,1.6923076923076925,0.03895417109825276,1.7692307692307694,0.033357285597258465,1.8076923076923077,0.06979930333324251,1.3076923076923077,-0.05277534214784374,1.9230769230769231,0.00927215403391287,1.5,-0.012962989305228757,1.3846153846153846,0.01886363285592867
2025-09-10,2025-09,251,245,0.08118004173781067,0.045611596474722904,0.04681611136850547,-0.04644052361980649,0.016178479472906605,0.1833584327250719,0.09031756218523247,0.021168159659321062,0.060048386110530635,0.01298203828956789,0.03563935236496783,0.7149089227120082,0.09216696872832053,0.03691924609899747,0.045127328091177484,-0.027883134130146082,0.03506369608829924,0.21256932088484368,0.12486131663820907,0.10536134174988776,0.04929078321873008,0.0735154619616771,0.04553988281229873,0.21930147994620103,1.8076923076923077,0.041092365705492136,1.7307692307692308,0.016841236582397986,1.7307692307692308,0.0325923230220744,1.6923076923076923,0.10113057251911853,1.2692307692307692,0.013005402549829683,1.7692307692307692,0.03121627544189091,1.4230769230769231,0.03150600378060693,1.4615384615384615,0.04188603665845258
2025-09-11,2025-09,257,250,0.008584488960275088,-0.03686453359212654,0.05213008588125078,0.012357478961179984,0.022603373309650693,0.20097844868898393,0.06865212379232298,0.08407383645383222,0.05707541432915261,0.0746288204037278,0.05842305921764882,0.4170760136842728,-0.008399975115374174,-0.029414302671543418,0.05489173747568031,-0.004525184372454982,-0.06179307820804119,0.24153016716241837,-0.0025294661062676615,-0.03359007825934174,0.0613279682945469,0.11175317844538955,0.005427144839239274,0.24424818098545073,1.72,-0.04116453359212654,1.68,0.07987383645383223,1.72,-0.03371430267154342,1.64,-0.03769007825934174,1.24,0.019503373309650695,1.68,0.05422305921764882,1.3599999999999999,-0.06519307820804118,1.48,0.0017271448392392735
2025-09-12,2025-09,297,289,-0.05034152517373994,-0.011848806816167304,0.05935658399678022,0.006475969563217885,-0.010045156684623819,0.18654584781876926,-0.033451146970514496,-0.013681357857913155,0.0508526712040378,0.00960736855130611,0.04123575319586961,0.5983030396545755,-0.019702283125101916,-0.0018699916204460779,0.054882865829978464,0.06673894761143083,0.017258633936661646,0.2145431730253943,-0.024473833198665414,-0.010526750469400298,0.05449926626282353,0.2393429121617041,0.029116785235990008,0.20979165709738073,1.5517241379310345,-0.01572811716099489,1.8620689655172413,-0.01833653027170626,1.5517241379310345,-0.005749301965273665,1.6896551724137931,-0.01475088840043478,1.206896551724138,-0.013062398063934163,1.8620689655172413,0.03658058078207651,1.5862068965517242,0.013293116695282336,1.4827586206896552,0.02540988868426587
2025-09-15,2025-09,351,342,-0.03261669112947416,0.04947147267230821,0.04686753516372118,-0.1961588547673758,-0.06585880354670515,0.1708078616682221,-0.0447013094242242,-0.01969095407702744,0.04444714641436896,-0.07062305301395,-0.04452909643270977,0.5426339362474049,-0.06290265726652927,0.038691987341634454,0.048442665888829395,-0.13791459498242034,-0.006755425112472575,0.21062654344474568,0.0270560014330116,0.0360649042568839,0.04876494295761383,0.09791029095281763,-0.0008123584893662827,0.14721957161365185,1.3823529411764706,0.046015590319367035,1.8235294117647058,-0.024249777606439205,1.4117647058823528,0.03516257557692857,1.4705882352941175,0.0323884336686486,1.1176470588235294,-0.06865292119376397,1.9117647058823528,-0.04930850819741565,1.588235294117647,-0.010726013347766693,1.4705882352941175,-0.004488829077601576
2025-09-16,2025-09,349,341,-0.018950133311935156,0.0557932425791458,0.048686949173064986,-0.1665422671390461,-0.028514946954472445,0.16669910269625046,-0.009980431997660763,-0.036482856504482894,0.039567942390489205,-0.000202985138219,0.01572356023286301,0.4639275892473319,-0.03133936511073158,0.04859162373871087,0.04865326806423756,-0.08318347989329118,-0.014705526272333163,0.21389960147002166,0.016862534757999634,0.01759539075123697,0.05553979430432701,0.14711872062331502,0.018394964943949797,0.16863248404115438,1.5294117647058822,0.051969713167381096,1.7941176470588236,-0.040968150622129954,1.5294117647058822,0.044768094326946166,1.5588235294117647,0.01369833192770756,1.0294117647058822,-0.031088476366237152,1.6470588235294117,0.011605913174039483,1.5294117647058822,-0.018529055684097868,1.2941176470588236,0.015159670826302738
2025-09-17,2025-09,310,300,-0.04764340805802081,0.04084409857581145,0.05272352600192731,-0.14336163412126407,-0.04621681523999664,0.1824754685163498,0.07096701102575635,0.06709294745063814,0.05022019020113791,0.038664680527731365,0.030266042579657867,0.587134558459123,0.004638563255835968,0.01927256967776328,0.051155928197242836,-0.057909434121868275,-0.026054340326067855,0.20623783047000566,-0.05557232813338664,0.014236214137558226,0.052475765072601786,0.10311805466741455,0.02719011655411914,0.20987664548059304,1.5,0.037094098575811446,1.6470588235294117,0.0629753003918146,1.6176470588235294,0.015228452030704456,1.6176470588235294,0.010192096490499403,1.088235294117647,-0.04893740347529076,1.7352941176470589,0.02592780728554022,1.4411764705882353,-0.029657281502538442,1.3235294117647058,0.023881293024707376
2025-09-18,2025-09,306,298,0.029629652897096254,-0.014559668647488266,0.04586691965756101,-0.0784885407145183,-0.01699508761513685,0.17396002362171809,-0.075840540183786,-0.0465977815266764,0.04352593005076735,0.0769164885701874,0.002357433627301314,0.5023933544754982,0.019912321205515365,-0.01489763432801803,0.04243795944949457,-0.03150091563298038,0.0028398944763590728,0.17617405081788698,0.028033551221524546,-0.015008712003901324,0.05027908760770534,0.03237540009863079,-0.0032724579804392327,0.16300305357823772,1.6,-0.018559668647488266,1.9666666666666666,-0.05151444819334307,1.7333333333333334,-0.019230967661351364,1.7,-0.019258712003901324,1.1666666666666667,-0.01991175428180352,1.9,-0.0023925663726986858,1.4333333333333333,-0.000743438856974261,1.3666666666666667,-0.0066891246471058995
2025-09-19,2025-09,322,316,-0.06323484931944078,-0.04155466536749204,0.05865207152502855,-0.06392316331139056,-0.0265417092090912,0.1903697771485895,-0.17923450917448383,-0.03499666707108805,0.03825101203951278,-0.058998159229018014,-0.02026039860644685,0.4320462269242853,-0.008561871250777947,-0.030651420486323404,0.056749117423471204,-0.03351154615271117,0.002262522789971244,0.20309925894252956,-0.08549057468107969,-0.047882246891977946,0.063492957300194,0.038068436382444504,0.02347361767148629,0.21612958860350773,1.5,-0.045304665367492045,1.78125,-0.03944979207108805,1.53125,-0.034479545486323405,1.5625,-0.051788496891977946,1.21875,-0.0295885842090912,1.8125,-0.02479164860644685,1.5625,-0.0016437272100287559,1.5625,0.01956736767148629
2025-09-22,2025-09,364,357,0.011840339725053285,-0.026540766259920093,0.05538362635126344,-0.012898310462781979,-0.03569783648264877,0.1840815542058812,-0.11605237055276352,-0.02560673436945337,0.0495959151525892,-0.010251304032716197,0.005338501151153934,0.4606178100738261,-0.01302993476199611,-0.03973495392264123,0.0538959042470107,-0.023807451813905433,-0.014430581432447843,0.20561750067604911,-0.04418010657960396,-0.029465918748346795,0.06431431419216196,-0.026502266506984132,-0.018663063647386957,0.18917412279794613,1.5,-0.030290766259920093,1.8055555555555556,-0.03012062325834226,1.472222222222222,-0.043415509478196786,1.6666666666666665,-0.03363258541501346,1.1944444444444444,-0.038683947593759885,1.722222222222222,0.0010329455955983792,1.5,-0.018180581432447843,1.3888888888888888,-0.02213528586960918
2025-09-23,2025-09,316,311,-0.036105137259152355,-0.029453262526980238,0.06356292989378834,0.0014546408748381356,-0.01684824404071065,0.18507759489359396,-0.03471226976810053,-0.008482939750656785,0.03889403800315571,0.019136731567354157,0.01996815246468938,0.5880862128350043,0.0021874756371422104,-0.027583653915261415,0.061855588649941715,-0.059417421083355675,-0.012110078149234031,0.2402906929773669,-0.05553685755738225,-0.03340736201066035,0.0664685926079496,-0.0658471238992742,0.009853177369149771,0.19838666963961815,1.4166666666666665,-0.0329949291936469,1.861111111111111,-0.013135717528434562,1.3611111111111112,-0.030986431693039194,1.472222222222222,-0.037087917566215906,1.25,-0.019973244040710648,1.8055555555555556,0.01545426357580049,1.4444444444444444,-0.01572118926034514,1.3888888888888888,0.006380955146927549
2025-09-24,2025-09,326,321,0.1429102849830705,0.04083424589442374,0.052927363955422746,-0.018594721794415753,-0.013448731737454901,0.1779260525945574,0.11534241506461859,0.02858632623926381,0.06313901695910296,0.04071699301964287,0.004958631304522246,0.560169976670295,0.08323766472420491,0.03862211886680959,0.051528023693037814,-0.08302222634780669,-0.028128186672403667,0.18048092466779053,0.0737251252235607,0.04118714038744572,0.05954608947996292,0.004359856210470393,-0.00970089332753286,0.17657014593714848,1.40625,0.03731862089442374,1.875,0.023898826239263808,1.40625,0.03510649386680959,1.65625,0.037046515387445716,1.09375,-0.016183106737454902,1.9375,0.0001148813045222458,1.34375,-0.031487561672403665,1.25,-0.01282589332753286
2025-09-25,2025-09,351,343,0.08697025197025197,0.03945197432658741,0.051619573778152544,-0.1098920523920524,-0.046154770508884946,0.19163498874096307,0.020153100853168255,-0.28391288489138294,0.04375996223903829,0.1153023218511952,0.0599229420977403,0.453118638957248,0.037864912864912864,0.025984287542175393,0.051727334311612,-0.029354534354534355,-0.012819941609347152,0.24656889039803953,0.09214785214785215,0.0409750198792454,0.060972048417300265,0.02566017316017316,-0.012921016449264827,0.17690662511021776,1.3235294117647058,0.036143150797175644,1.7352941176470589,-0.2882511201855006,1.5,0.022234287542175393,1.5588235294117647,0.03707796105571599,0.9705882352941176,-0.04858124109712024,1.7058823529411764,0.05565823621538736,1.5,-0.016569941609347154,1.2647058823529411,-0.01608278115514718
2025-09-26,2025-09,333,328,-0.03875885795641374,-0.0368510623673386,0.0556775714147839,-0.12344214209159018,-0.0711441036540276,0.18776527295509973,0.020835157982272378,-0.44273051384413903,0.037541312696169185,0.0008139203289051289,0.005672402806378894,0.5348322046074001,0.007047448574033957,-0.024325165568119842,0.054773985029721604,-0.061448902910557913,-0.039101326168971794,0.18254592992139584,-0.11663810119909969,-0.4893557781539094,0.05568455096474814,-0.08021794249339159,-0.485040991355389,0.197644486910466,1.5294117647058825,-0.040674591779103306,1.8529411764705883,-0.4473628667853155,1.5294117647058825,-0.02814869497988455,1.5882352941176472,-0.4933263663892035,1.0588235294117647,-0.07379116247755702,1.7941176470588236,0.0011871086887318355,1.4705882352941178,-0.04277779675720709,1.3823529411764706,-0.48849687370833017
2025-09-29,2025-09,351,342,0.06817182817182817,-0.013414317008178848,0.053343240199582295,-0.13856393606393608,-0.04108256586409713,0.17314078154809334,0.012565259491900217,0.0218620336858738,0.044810216641515146,-0.08942037453383436,-0.033583775110771666,0.5500750006998287,0.07435508935508936,0.004315135812229143,0.052199893518747445,-0.09326534576534576,-0.03918279696152277,0.18875541318865383,0.05142122123856859,0.0038640969550403706,0.049885547265583814,-0.05295815295815296,0.013384601832126267,0.18877383639269016,1.4411764705882353,-0.017017258184649435,1.7941176470588236,0.017376739568226742,1.5294117647058825,0.0004916064004644363,1.3529411764705883,0.0004817440138638997,1.2058823529411764,-0.04409727174645007,1.8235294117647058,-0.038142598640183434,1.5294117647058825,-0.043006326373287475,1.3529411764705883,0.010002248890949795
2025-09-30,2025-09,325,322,0.03277122332337056,0.02790957263251044,0.055656927854687316,-0.11157813783580654,-0.037264162237233375,0.22548176697455347,-0.03841727309954672,-0.03383406604509727,0.041821672783974015,-0.07785741273735938,-0.11172368840305928,0.572513438295573,-0.001078775802702183,0.028381480273183712,0.053297210936474444,-0.11456836732910353,-0.02539106855492508,0.24708925373852253,0.05970880743886879,0.006108213525485434,0.0513286818828825,-0.03835701676192474,-0.004863268952297842,0.22677845836733468,1.411764705882353,0.02438016086780456,1.7647058823529411,-0.03824583075097962,1.5294117647058822,0.024557950861419008,1.5294117647058822,0.0022846841137207285,1.2352941176470589,-0.040352397531351024,1.6470588235294117,-0.11584133546188281,1.6176470588235294,-0.029435186201983904,1.4411764705882353,-0.00846621012876843
2025-10-01,2025-10,345,334,0.14783836069597947,0.032064863568660035,0.0483912386318499,-0.15298924002174205,-0.10227479669134322,0.14749814276442383,0.02719023807958761,0.032415471228264006,0.051558555026205224,0.05272043749500457,0.04045466638424214,0.6473029224258481,0.14154543913686388,0.03902578503666463,0.04849515432234587,-0.15605387587158162,-0.11541732923504945,0.16773846689047234,0.1130022735641186,0.024654825896043328,0.042302636308319805,0.1551175648900916,-0.031449871023415024,0.2005570155540199,1.5454545454545454,0.02820122720502367,1.9090909090909092,0.027642743955536734,1.696969696969697,0.03478336079424039,1.6666666666666667,0.020488159229376662,1.3636363636363638,-0.10568388760043412,1.9393939393939394,0.035606181535757286,1.5454545454545454,-0.11928096559868581,1.7272727272727273,-0.03576805284159684
2025-10-02,2025-10,347,343,0.025540826894610198,-0.04521767990348343,0.05629197416959347,-0.09145274941280339,-0.013437256492753187,0.1524889141540317,0.08012708574598065,0.05346822449205108,0.0549866346515563,0.11034383919271695,0.04491224544102266,0.6472169417230522,0.06225289347630161,-0.013992454513526702,0.0539629873807391,-0.044756473523162456,-0.03885641947051337,0.16722791872042067,-0.03168018362926281,-0.038642661263910284,0.047033560224245374,0.17805771615699706,0.04809175172301084,0.1703203626744011,1.5588235294117647,-0.049114738727012844,1.7647058823529411,0.04905645978616873,1.6176470588235294,-0.018036572160585525,1.5882352941176472,-0.042613249499204406,1.1176470588235294,-0.01623137413981201,1.6470588235294117,0.04079459838219913,1.3529411764705883,-0.042238772411689836,1.4411764705882353,0.044488810546540254
2025-10-03,2025-10,353,346,0.06444650082716055,0.02250025048111571,0.055968363983365126,-0.048468279811608186,0.005102182206001657,0.13664857212986264,0.12465850332461637,0.026226239131192288,0.05766863568305114,0.03948498451946884,0.019149856981382992,0.6285955829279763,0.08469638406439194,0.028100190968618318,0.05487313423150053,0.016839482839146738,-0.003361788958559195,0.17225284970232418,0.04245581565886939,0.0030597930930039846,0.04802320741281321,0.23469616581622632,0.05779954741483655,0.13229713844401497,1.6285714285714286,0.018428821909687136,1.8,0.021726239131192288,1.5999999999999999,0.024100190968618318,1.542857142857143,-0.000797349764138873,1.1142857142857143,0.002316467920287371,1.8285714285714285,0.01457842840995442,1.3142857142857143,-0.006647503244273481,1.542857142857143,0.05394240455769369
2025-10-06,2025-10,381,378,0.003962936578423194,0.018179846764875135,0.05333884304973868,-0.061366984679408876,-0.027349189978320605,0.1547183671868161,0.10368540920662238,0.02753041670312988,0.07364669776985122,0.004096339598233424,-0.008866933228910382,0.8183322509652691,0.031943248069466655,0.018337356630330037,0.0522383876281501,-0.05384338324477145,-0.015885564089682214,0.1743050167631162,0.0124450240082624,0.0024091483662405586,0.050043615263541695,0.008656426902272377,0.03184911623122089,0.23822509811112758,1.4210526315789473,0.014627215185927767,1.7894736842105263,0.023056732492603565,1.5526315789473684,0.014455777682961616,1.5,-0.0013408516337594413,1.131578947368421,-0.030178137346741657,1.657894736842105,-0.013011670071015644,1.394736842105263,-0.01937240619494537,1.394736842105263,0.028362274125957737
2025-10-07,2025-10,342,336,0.03165748472563898,-0.03341723511288718,0.05375924586475675,-0.06313992534151226,-0.023055823304492143,0.13196926476324305,0.11732405312017238,0.06035266375439565,0.05314144847433791,-0.003430585762663678,-0.025888835330893215,0.6856596838025486,0.02766311913604107,-0.01522800978194954,0.0533107966851967,0.014466263210242976,0.019506322061099805,0.12531646275345018,0.07828911557126103,-0.033291041326067874,0.04791097153457445,0.17649171105392303,0.022584372264645432,0.12546526832396493,1.6578947368421053,-0.037561971954992446,1.6578947368421053,0.05620792691229039,1.7105263157894737,-0.019504325571423224,1.6578947368421053,-0.03743577816817314,0.9210526315789473,-0.02535845488343951,1.631578947368421,-0.029967782699314268,1.1842105263157894,0.016545795745310333,1.4210526315789473,0.019031740685698063
2025-10-08,2025-10,314,306,0.008059413097975601,0.02007883521192888,0.05522712399110864,-0.04030326727463538,-0.03075897272730637,0.12925304724804818,0.07122800653596523,0.05779410205049891,0.056631530870559374,-0.05429020263658755,-0.06270253564390013,0.7624261441730684,-0.039264468327775956,0.010795375565898754,0.057483896468393456,-0.005108913999656964,-0.00688231770991464,0.13318407896064943,0.01086959681615875,0.013079315698953792,0.04926844667632657,0.13300211926613506,0.05512307036715115,0.12037336303582115,1.588235294117647,0.016108246976634762,1.5588235294117647,0.0538970432269695,1.5,0.0070453755658987545,1.6470588235294117,0.008961668640130264,0.9705882352941176,-0.033185443315541664,1.6470588235294117,-0.06682018270272366,1.2352941176470589,-0.009970553004032287,1.3235294117647058,0.051814246837739386
2025-10-09,2025-10,391,385,0.013516644115840316,-0.06665771666527738,0.04995058369209493,-0.01988199962259151,-0.04355253486774058,0.1797046465309043,0.08240662517944256,0.03974037369670874,0.05654413133952088,0.043072111522205456,0.022867623172867356,0.6585137648017783,-0.013656767054647946,-0.07867099424828962,0.0511337537521101,-0.034470644445069,-0.02406870989014704,0.2121591964050343,0.005349865967283206,-0.06623293651398714,0.04722213088728175,0.09408211445113163,0.09910537281889295,0.1622889470309019,1.631578947368421,-0.07073666403369844,1.631578947368421,0.03566142632828769,1.6052631578947367,-0.08268415214302646,1.5789473684210527,-0.07018030493503977,1.0526315789473684,-0.046184113815109,1.7105263157894737,0.018591307383393672,1.3421052631578947,-0.027423973048041776,1.394736842105263,0.09561853071362979
2025-10-10,2025-10,348,331,-0.09037789718469914,-0.0022462698233214062,0.045996849131640496,0.09500433800011218,-0.0051213353136877636,0.21315348385409877,-0.012599304089466922,-0.017639304336141543,0.06040414243962423,-0.002873625403880405,-0.00033534322702143127,0.683864682235501,-0.03719148163133861,0.002540364802250004,0.04701537506384293,-0.002750294918517637,-0.0148438148716784,0.22357484427365387,-0.11019204443183078,0.003965675336542395,0.04689384720666148,-0.10510802004677125,-0.024370681885408047,0.18794509836218573,1.4736842105263157,-0.005930480349637195,1.6578947368421053,-0.021784041178246807,1.6052631578947367,-0.0014727930924868377,1.4473684210526316,0.00034725428391081583,1.0263157894736843,-0.007687124787371974,1.736842105263158,-0.004677448490179327,1.236842105263158,-0.017935920134836296,1.5,-0.028120681885408047
2025-10-13,2025-10,420,409,-0.044419752946445276,-0.043372338829301256,0.05488513707176276,0.13424549701852861,0.03020865629115239,0.13888819715598735,-0.004002537376141311,0.016076864921842144,0.06470486154746323,-0.06902747078360165,-0.02279995873134791,0.7032897526898035,-0.08099495219036713,-0.03641342860007684,0.05399996924063176,0.06386787097108584,0.008320984059050685,0.16015868134251454,-0.013670307492834832,-0.029654313699113005,0.051307328421211496,-0.12457828964044985,-0.02600754965701388,0.15410523993394723,1.6341463414634148,-0.04745770468295979,1.7560975609756098,0.01168662101940312,1.6341463414634148,-0.04049879445373537,1.5365853658536586,-0.033495777113747155,1.2195121951219512,0.027159875803347514,1.7804878048780488,-0.027251178243543034,1.4146341463414636,0.004784398693197026,1.6341463414634148,-0.030092915510672415
2025-10-14,2025-10,363,350,0.012378004490361779,0.06930424461165782,0.06230037560263954,0.04694476793924308,0.06598291650682572,0.15266254842281343,-0.15873062270928312,-0.03907624708400765,0.048975730243317896,-0.13715326531843827,0.0021624981815759163,0.6330313405820301,-0.009847636658145783,0.07609982485056371,0.06217441639263828,0.01889371301726902,0.055045814644934896,0.1566275399710451,-0.056173488501295936,0.05795040721578136,0.053294729660134293,-0.1257662478154693,0.03236343817030546,0.2125688602881772,1.4634146341463414,0.06564570802629197,1.5609756097560976,-0.04297868610839789,1.5609756097560976,0.07219738582617347,1.6097560975609757,0.05392601697187892,1.146341463414634,0.06311706284828913,1.7560975609756098,-0.0022277457208631085,1.121951219512195,0.052240936596154405,1.5853658536585367,0.028400023536159117
2025-10-15,2025-10,392,383,0.04082449441774719,0.15915610614328535,0.0561589987123836,0.189233011492018,0.2097019618215403,0.1533561651840022,-0.18946021496044868,-0.06772149065486718,0.04924543769656815,-0.18721104004798284,0.04617843487420187,0.6831690278884611,0.018049436834142885,0.13481445674245873,0.054667751571771714,0.08127665271219672,0.17403299190520927,0.15739068290904948,0.009528537601565685,0.12372341331418424,0.050343600359157095,-0.22203823447732893,0.03454049164287204,0.17993969695740625,1.5789473684210527,0.1552087377222327,1.7105263157894737,-0.07199780644434087,1.6052631578947367,0.1308012988477219,1.5789473684210527,0.11977604489313161,1.1052631578947367,0.20693880392680347,1.7368421052631577,0.04183632961104397,1.3421052631578947,0.17067772874731452,1.5526315789473684,0.03065891269550362
2025-10-16,2025-10,373,365,-0.04866134420086936,-0.01729354655630652,0.061707444263817385,0.2945593102839085,0.16561099696423287,0.14628669619560242,-0.22267130366882368,-0.0863461983276062,0.05692210785146044,-0.2160532074762623,-0.08107126729923703,0.6616478382299344,-0.0777512265982081,-0.017202729853145193,0.06228594882986715,0.20559700612455087,0.07512023404011922,0.12834447467078766,-0.009748155405573772,0.025407798547270072,0.05735283538129833,-0.2506094258794301,-0.12651401484412736,0.13312928839069274,1.3421052631578947,-0.020648809714201258,1.6052631578947367,-0.09035935622234305,1.4473684210526314,-0.020821150905776773,1.3684210526315788,0.021986745915691126,0.894736842105263,0.16337415485896972,1.5789473684210527,-0.08501863572028966,1.2105263157894737,0.07209391825064554,1.3684210526315788,-0.1299350674757063
2025-10-17,2025-10,389,379,0.007829608842168814,0.02286916574109942,0.04840947975282983,0.2774139896628944,0.0842597506075423,0.13850660641726695,-0.14278499676513703,-0.056250299136742996,0.05841738252372114,-0.05645113407374958,-0.02927153656046693,0.6420699279559287,0.003132842458490861,-0.006163477385157046,0.04791845104978959,0.15241189371127384,0.048779500030638974,0.13089777352778537,0.02861859485466688,0.004420927414876055,0.047833111214787304,-0.16904669087080965,-0.06808287257885881,0.11822314776088064,1.6842105263157894,0.018658639425309945,1.7105263157894737,-0.06052661492621668,1.5789473684210527,-0.010110845806209677,1.657894736842105,0.00027619057277079254,0.9473684210526315,0.08189132955491073,1.631578947368421,-0.03335048392888798,1.394736842105263,0.04529265792537582,1.4473684210526314,-0.07170129363149039
2025-10-20,2025-10,423,411,0.036174937515973775,0.03244834295999729,0.050447738642912576,0.18790996719311162,0.0944200161540618,0.1713418594402511,-0.03211763987980171,-0.017040785646599412,0.044372337601235594,0.008213865397596701,-0.013738695918994459,0.6004969215974575,0.04261233013889497,0.048709305628971605,0.04979063357622561,0.12555420683496923,0.0826524264156837,0.1750698128669727,0.11575399717022354,0.04687677651561757,0.04515382266561763,0.022259914523247354,0.03727928895948743,0.19797251995925497,1.6341463414634145,0.02836297710633875,1.6341463414634145,-0.02112615150025795,1.6341463414634145,0.044623939775313065,1.6829268292682926,0.04266945944244684,1.073170731707317,0.0917370893247935,1.829268292682927,-0.018311866650701777,1.4146341463414633,0.07911584104983004,1.4390243902439024,0.03368172798387767
2025-10-21,2025-10,372,358,-0.030155904382250943,0.006124059069086425,0.05329808662488893,0.12781170911120213,0.05244553307800273,0.13220605823314852,-0.07411327181435627,-0.018550783441268252,0.051463195084122476,-0.012296070319261497,0.01825925479350024,0.6438555456697941,-0.02876448789975834,0.016437933293589384,0.05149086323623806,0.11351781276508652,0.05281772733278674,0.12130461001975668,-0.048189771585312666,0.010689519107131118,0.046174655231988576,0.08736225990839355,0.03621210102013627,0.1169058927334845,1.5121951219512195,0.0023435712642083766,1.7560975609756098,-0.022941027343707277,1.6341463414634145,0.012352567439930847,1.5609756097560976,0.006787080082740874,1.2439024390243902,0.04933577698044175,1.8048780487804879,0.01374705967154902,1.3414634146341462,0.04946406879620137,1.4878048780487805,0.032492588825014324
2025-10-22,2025-10,418,402,0.019004106760154904,0.01705590298383329,0.05203142498701567,0.08335904046287128,0.05847887590316721,0.1259433038532734,0.059691302886388395,0.051269148465473445,0.060852142185112326,0.04695827557758736,0.017214671080153426,0.7419421028345823,-0.03083565864769871,0.014429497560693231,0.05035481635931596,0.13589146040511918,0.06680886041108298,0.121939339581877,0.01983911266574321,0.04007369872153261,0.04533152705874714,0.17593674657743288,0.04554181313002124,0.13412051452323795,1.6,0.01305590298383329,1.775,0.04683164846547345,1.675,0.01024199756069323,1.8,0.03557369872153261,1.275,0.055291375903167204,1.775,0.012777171080153426,1.3499999999999999,0.06343386041108298,1.525,0.041729313130021234
2025-10-23,2025-10,484,467,-0.05511132589436408,-0.053849684479076745,0.05494858549336998,0.02457620615804879,0.03582338375403795,0.12565494986607673,0.12767543612808718,0.043889781209495826,0.0622911923859813,0.0822696512074143,0.00938342756842897,0.7465873252838215,-0.07948532458536126,-0.047567415926734836,0.051301587747317634,0.05091855294373529,0.012363435324917143,0.12736678995350575,-0.0626826472392251,0.002855250206561407,0.047672175536224354,0.0323393081389903,-0.010006530709040463,0.15245912901740125,1.6808510638297873,-0.05805181213865121,1.8297872340425532,0.03931531312438944,1.7446808510638299,-0.05192911805439441,1.702127659574468,-0.0014000689423747633,1.2765957446808511,0.032631894392335825,1.8297872340425532,0.0048089594833225875,1.3829787234042554,0.008905988516406504,1.4680851063829787,-0.01367674347499791
2025-10-24,2025-10,395,387,-0.03447317912498272,-0.021875634060850167,0.05106404591294806,-0.1292642417232792,0.009929862522065225,0.1197486247580785,0.08329673590242494,0.012231143779448487,0.04819083807499314,0.037533422267920266,-0.01900312128306233,0.6302141734422781,-0.0352533884757749,-0.0146927495730582,0.04984722587245265,-0.1149618656526065,-0.03548558032819692,0.1365844292136339,-0.005155389920538028,-0.01234833202720799,0.04347336404635238,-0.08317084615998707,-0.034050726448749125,0.1446701924388225,1.6170212765957446,-0.025918187252339527,1.851063829787234,0.007603484204980402,1.6170212765957446,-0.01873530276454756,1.6382978723404256,-0.016444076708059054,1.1702127659574468,0.007004330607171609,1.7659574468085106,-0.023418014900083606,1.4893617021276595,-0.039208984583516064,1.425531914893617,-0.037614556235983164
2025-10-27,2025-10,446,433,-0.005375417243929484,-0.02347702810873343,0.04508622099454203,-0.011590614509724222,0.008548971370263973,0.12482496247042058,-0.02283238881503797,-0.03283575682035818,0.06613739838120838,-0.06582300174702149,-0.03375767423369924,0.6647563431152077,-0.001212023658842494,-0.023364274579962634,0.046208416203003935,-0.023133143040907234,0.011782713712772314,0.11066531337970911,0.038467227309048446,0.012066344800486559,0.039271830201006164,-0.005568843261690185,0.0014306259810602275,0.10591020231503387,1.6744186046511627,-0.027663074620361335,1.697674418604651,-0.0370799428668698,1.7209302325581395,-0.027666600161357982,1.6744186046511627,0.007880298288858653,1.2790697674418605,0.005351296951659321,1.8604651162790697,-0.038408837024396916,1.6511627906976745,0.0076548067360281274,1.4186046511627906,-0.0021158856468467485
2025-10-28,2025-10,454,438,0.1308494755237469,-0.015056553995449716,0.04494946807796582,-0.08700781961569078,0.005376607517399228,0.12204196972941811,-0.017677313671396556,-0.015048773167137337,0.05850038611132491,0.009430676535774176,-0.008237103186009207,0.6058009906925939,0.1281936723019665,0.010629404071537552,0.0453017772555962,-0.0783915270772347,0.02474717486315263,0.1275519688021053,0.12147157915457359,0.039044304212782224,0.0376565366911128,0.13182087626758981,0.06034743515300859,0.12569825414737518,1.6136363636363635,-0.019090644904540627,1.75,-0.019423773167137337,1.6136363636363635,0.006595313162446643,1.6136363636363635,0.035010213303691314,1.1590909090909092,0.0024788802446719547,1.7954545454545454,-0.01272573954964557,1.3863636363636365,0.021281265772243537,1.4318181818181819,0.056767889698463136
2025-10-29,2025-10,524,507,-0.010744405128536607,-0.01285013873299437,0.03611491357989961,0.013660056172863961,0.022456404355332305,0.12396844688291644,-0.11269297319411396,-0.04616928678112661,0.0557069206300331,-0.0689421318178118,-0.00497565014675037,0.6949195961157482,-0.00573522021889485,-0.005592841132400609,0.037025155820113974,0.006680025271533453,0.035274465403652686,0.10825985962269354,0.03740929250131883,0.009865121208275082,0.03402130116243109,-0.11911566313796547,-0.014576322137082438,0.10578107581857371,1.7058823529411764,-0.017114844615347312,1.803921568627451,-0.05067909070269524,1.7450980392156863,-0.009955586230439824,1.7450980392156863,0.005502376110235867,1.2745098039215685,0.019270129845528384,1.8235294117647058,-0.009534473676162135,1.4705882352941178,0.03159799481541739,1.607843137254902,-0.018595929980219694
2025-10-30,2025-10,578,563,-0.012929333693229808,-0.011084155650102415,0.04273727782307454,0.026931800622614275,-0.009304905836835096,0.12275559248934899,-0.03754601274491553,-0.024577137561828413,0.051012657714424425,-0.07405304817099273,-0.027376361920014372,0.5604029473449502,-0.023685275068965055,-0.011358064080376328,0.04263121233627103,-0.05935312036862315,-0.031936400530094285,0.12111348904935378,-0.029637238583988625,-0.028945282531338604,0.042102046470407814,-0.08138813110352879,0.020198648212927005,0.12871261968809578,1.732142857142857,-0.015414512792959557,1.8392857142857142,-0.029175351847542698,1.75,-0.01573306408037633,1.6785714285714286,-0.033141711102767174,1.2857142857142856,-0.012519191551120811,1.6785714285714286,-0.031572790491442945,1.4642857142857142,-0.03559711481580857,1.4642857142857142,0.01653793392721272
2025-10-31,2025-10,426,419,-0.12059000095073819,0.02441069215547034,0.04168528065881983,-0.04399465258280638,0.011854708889211037,0.12924145658810934,-0.04918520168161103,-0.007082542492472723,0.05805836038913807,-0.018501319998806217,0.017768033099024288,0.64597007277466,-0.06843677300058791,0.01912223671742147,0.04055354236637128,-0.09738935056821159,0.02605006072128461,0.12604377560672306,-0.029628338982787758,0.01815337958708358,0.039299112895853104,-0.19662825555066174,-0.012210559469020558,0.184867900308399,1.732142857142857,0.020080335012613196,1.8214285714285714,-0.01163611392104415,1.75,0.01474723671742147,1.6428571428571428,0.014046236729940723,1.125,0.009042208889211038,1.8035714285714284,0.013259104527595718,1.5357142857142856,0.022210775006998893,1.607142857142857,-0.0162284166118777
2025-11-03,2025-11,500,493,-0.02992811971247885,-0.017222247111204216,0.04849595864463151,0.07627604910419641,0.052521374226931046,0.12227749099422779,-0.07183186450742313,-0.060929375724008805,0.06912630299038677,-0.056807842574702755,-0.0038279580597062463,0.5401275458992744,-0.07215139260557042,-0.024633527844262135,0.049420324517513964,0.0252873651494606,0.03203023624635615,0.12335602194070816,-0.03279142716570866,-0.04622836789745976,0.058396718630186674,-0.2522670250681003,-0.07878340149000092,0.20859568444441778,1.7346938775510203,-0.021558981805081767,1.7551020408163265,-0.06531713082604962,1.7346938775510203,-0.028970262538139686,1.7755102040816326,-0.05066714340766384,1.4897959183673468,0.04879688443101268,1.8367346938775508,-0.008419794794400123,1.7551020408163265,0.02764248114431533,1.673469387755102,-0.08296707495938867
2025-11-04,2025-11,577,563,0.0498248789911963,0.007278911006466328,0.051873530957849474,-0.02389808991283281,-0.000494321688540556,0.11707360595963628,-0.043501416066428766,-0.015229289069059865,0.05798726090408762,-0.04823181752901308,-0.006005291088684123,0.48707568678738816,0.07035593282541934,0.019807327692962243,0.05387384276762341,-0.14530823260595127,-0.030462653742938377,0.1137725698894688,0.03695551387124461,-0.004468046415120143,0.053006791246823906,0.01720165231287775,0.04292205355128408,0.19576601730659604,1.732142857142857,0.0029485538636091855,1.8214285714285714,-0.019782860497631293,1.7499999999999998,0.015432327692962242,1.732142857142857,-0.008798403557977286,1.4107142857142856,-0.00402110740282627,1.8749999999999998,-0.010692791088684123,1.6428571428571428,-0.034569796600081235,1.482142857142857,0.03921669640842694
2025-11-05,2025-11,673,650,0.02110105807041667,0.0021362002771704233,0.04659045274858057,-0.06176575815047427,-0.0017878901700898505,0.11250338566561158,-0.036018743036398515,-0.015521615380652524,0.05752013609051315,-0.008207152476560202,-0.013876672188958016,0.6040467828512192,0.004719406314031117,-0.004522287948097552,0.046350514342008764,-0.09556182669892486,0.0033363519642405247,0.12318589928058477,-0.018480329199858654,-0.016604571295966916,0.05180294545819365,0.02407345615130193,0.029739174745124875,0.17459576946611588,1.7846153846153845,-0.002325338184368038,1.7846153846153845,-0.019983153842190987,1.7692307692307692,-0.008945364871174474,1.7846153846153845,-0.021066109757505377,1.5384615384615383,-0.005634044016243697,1.7538461538461538,-0.018261287573573398,1.8461538461538463,-0.0012790326511440903,1.5384615384615383,0.02589302089897103
2025-11-06,2025-11,661,638,-0.0561591988369141,-0.010604032637384013,0.049733909938993806,-0.09583147221029949,-0.0010664042443640775,0.1177224564307835,-0.08211839266157155,-0.024414449206831286,0.04940050249815187,-0.09664240415550854,-0.009424484895145292,0.4617350900080055,-0.05079808418245557,-0.0017772764127460504,0.04920025652057956,-0.15031268944501208,-0.018502993969651847,0.12024646057398058,-0.011346735635211852,0.0028268568415235756,0.05535766452633217,-0.05944095257366827,0.02217494055903583,0.19762265661847778,1.8153846153846154,-0.015142494175845553,1.7538461538461538,-0.02879906459144667,1.8153846153846154,-0.006315737951207589,1.8,-0.001673143158476424,1.3692307692307693,-0.004489481167441,1.7692307692307692,-0.013847561818222213,1.7538461538461538,-0.02288760935426723,1.5846153846153848,0.018213402097497368
2025-11-07,2025-11,436,427,-0.1109568384913111,-0.026766690242897954,0.07633299279807312,-0.12558100931117053,-0.01045793421366823,0.11558079166164578,0.01592028190374429,-0.008298007264666188,0.05601393582935481,-0.026344890964957974,-0.04092515329773364,0.45977849859830944,-0.10563540437538617,-0.020921722132817608,0.07261387024049135,-0.18446238678568938,-0.027981691371487323,0.12028857840355053,-0.2122837334797401,-0.04638390764412589,0.07454243817750154,-0.21458776458901532,-0.0387684122969834,0.2399776447997537,1.765625,-0.031180752742897954,1.8125,-0.012829257264666188,1.78125,-0.025374847132817607,1.796875,-0.05087609514412589,1.515625,-0.01424699671366823,1.859375,-0.04557359079773364,1.796875,-0.032473878871487324,1.75,-0.0431434122969834
2025-11-10,2025-11,455,443,-0.09031703571610226,-0.0278619309222833,0.07063044297732579,-0.13905360675027992,-0.010210390105132288,0.12102923981464384,-0.03726606477857808,-0.0139416599854875,0.06386586421669808,0.017061185737798447,-0.0041058241390143635,0.6506844471124086,-0.08654298678359916,-0.035727679939074775,0.0692392443571127,-0.24972967777361318,-0.04608006290939893,0.12979858800430188,-0.15795347053099984,-0.052262409908468054,0.0730560056357352,-0.20245444396491208,-0.10192423907768483,0.2623115706850182,1.5909090909090908,-0.031839203649556024,1.8181818181818181,-0.018487114530942046,1.5681818181818181,-0.03964813448452932,1.6590909090909092,-0.05641013718119533,1.3409090909090908,-0.013562662832405016,1.8409090909090908,-0.008708096866287091,1.5909090909090908,-0.050057335636671654,1.5,-0.10567423907768483
2025-11-11,2025-11,364,353,-0.09986502288900552,-0.0691574492829323,0.056138420130211864,-0.1117894628279234,0.006173266762336486,0.11100564166637403,-0.23143759066013192,-0.10791979248736856,0.05033536238533583,-0.1335383724677166,-0.048973853200301426,0.5049069195985794,-0.12972022558513902,-0.05543445079296896,0.0570390588478715,-0.14425040365925532,-0.007057830463467529,0.10879620712782656,-0.06689985400028714,-0.03210462963322233,0.0635871629480739,-0.07117826576774831,-0.02510518675120043,0.19681585941995894,1.75,-0.0735324492829323,1.7954545454545454,-0.11240842885100492,1.7045454545454546,-0.0596958144293326,1.6818181818181819,-0.036309175087767785,1.4318181818181819,0.002593721307791031,1.8863636363636365,-0.053689762291210516,1.7727272727272727,-0.011489648645285712,1.5681818181818181,-0.029025641296654976
2025-11-12,2025-11,400,385,-0.0001903136983815697,-0.006228550083698554,0.06435239564632894,-0.03869724367170629,0.03668150147138517,0.12817870025326938,-0.1856968544778417,-0.05685708069298643,0.056314232157289715,-0.010377696561259312,-0.01891695775047974,0.6940925199734538,0.04003478334402641,-0.013632429697506068,0.06417338242575721,-0.10871271580038241,-0.001291255278595499,0.12825980110976257,-0.0289849651233725,-0.0008041486814553411,0.07016397159045445,-0.10544691398603662,-0.03245597699024948,0.21689642769725698,1.7368421052631577,-0.010570655346856448,1.763157894736842,-0.06126497542982853,1.7368421052631577,-0.017974534960663962,1.7105263157894737,-0.005080464470929026,1.4210526315789473,0.0331288698924378,1.7894736842105263,-0.023390641961006056,1.5789473684210527,-0.005238623699648131,1.5526315789473684,-0.0363375559376179
2025-11-13,2025-11,401,385,-0.0840447388990211,-0.004211314854978776,0.059244906029379665,-0.023424647336881675,0.020519919286535036,0.11852238413044497,-0.13687115137126962,-0.03555461789901067,0.044191394817602134,-0.05542812367698712,-0.028092679579312083,0.47473539882584626,-0.07381080879889827,-0.00854660957245705,0.05802437933888385,-0.06462947109837347,0.005628518803699856,0.11846205165707752,-0.025896080693787918,0.006939372658730021,0.054636847501295195,0.0401996873487922,0.008386591738845303,0.1979070925398877,1.657894736842105,-0.00835605169708404,1.789473684210526,-0.040028302109536985,1.7105263157894737,-0.012822925361930734,1.5789473684210527,0.0029920042376773894,1.2368421052631577,0.01742781402337714,1.894736842105263,-0.032829521684575244,1.5789473684210527,0.001681150382647224,1.4736842105263157,0.004702381212529514
2025-11-14,2025-11,384,379,-0.025119853870626093,0.02524347407466839,0.060128696769987985,0.046514200627777454,0.022574708844202953,0.11638302863330433,-0.020463719279305032,0.0211272704716222,0.05737511462409616,2.5432616783352535e-06,-0.001993192720231029,0.4928087811720998,0.008873154799288857,-0.011457142870048294,0.058294230474669265,0.043793454739043135,0.02481489352569299,0.11643741637664405,0.03712585104116034,0.009804837629802634,0.059959543391287395,-0.008812860027818012,-0.02212560919062586,0.2063659105057779,1.5,0.02149347407466839,1.8157894736842104,0.016587796787411672,1.3684210526315788,-0.01487819550162724,1.4736842105263157,0.006120627103486845,1.1052631578947367,0.01981155094946611,1.7368421052631577,-0.006335297983388923,1.394736842105263,0.021328051420429834,1.131578947368421,-0.024954556559046912
2025-11-17,2025-11,415,406,-0.09679319690103218,-0.024503999214978027,0.059358476556325146,-0.13260919933916268,0.004692447646096467,0.11949710934082182,-0.14851737265246037,-0.011004538130010006,0.06109899613796342,-0.078971044988845,-0.050776603969611055,0.5001492618424137,-0.07754530150473564,-0.024316293583039366,0.05894571961825054,-0.1546147801909981,-0.00217753834985588,0.11866719752731847,-0.05894615250298854,-0.029997534896129146,0.07713548665466752,-0.036640038414527676,-0.026705562786905078,0.23334372261675393,1.3902439024390243,-0.027979608971075588,1.7560975609756098,-0.01539478203244903,1.4390243902439024,-0.027913854558649122,1.5609756097560976,-0.03389997392051939,1.121951219512195,0.0018875695973159792,1.829268292682927,-0.05534977470131837,1.4146341463414633,-0.005714123715709538,1.2926829268292683,-0.029937270103978248
2025-11-18,2025-11,385,378,-0.04848849592097695,-0.03643147201583641,0.0649926830815463,0.016144396406702108,-0.0023792233169151137,0.10225004700355624,-0.06400908632786163,-0.026944872075889255,0.04458300670685433,0.08488848551678062,-0.026533515310144785,0.45870184310172735,-0.060046541708009306,-0.026823320657969205,0.06341349871511982,0.040168688177107864,0.027566637034493628,0.11696985383567057,-0.017413344640895796,-0.015990378930706567,0.06070019834760021,0.012879979476482067,0.030190519889799015,0.23064657790880455,1.5853658536585367,-0.04039488664998275,1.8536585365853657,-0.03157901841735267,1.5609756097560976,-0.03072575968235945,1.4634146341463414,-0.01964891551607242,1.1951219512195121,-0.005367028194963893,1.7560975609756098,-0.03092375921258381,1.4634146341463414,0.023908100449127775,1.4634146341463414,0.02653198330443316
2025-11-19,2025-11,328,322,-0.016843489870441496,-0.07554577477217185,0.06969999821820848,0.03775553441098115,0.019959889614366694,0.10251697413332295,-0.11765219005516858,-0.04163484496624411,0.049045664299137454,-0.0028450883260102856,0.06368985460178359,0.5822121426463127,-0.03660577295106364,-0.0346581733005437,0.06903194184358619,-0.004625243402541384,0.03491665380143072,0.1095662071602419,-0.017806557976904048,-0.05937908352215379,0.07857233698492802,-0.07344890604032779,-0.0007323822450039895,0.19312678929418325,1.5526315789473684,-0.07942735371954027,1.763157894736842,-0.04604273970308621,1.5789473684210527,-0.03860554172159633,1.4473684210526316,-0.06299750457478537,1.2894736842105263,0.01673620540384038,1.763157894736842,0.05928195986494148,1.5526315789473684,0.0310350748540623,1.394736842105263,-0.0042192243502671475
2025-11-20,2025-11,342,335,-0.12786784724694014,-0.0376123386965366,0.06753740941491031,0.04308350024021692,0.0017017259465290716,0.11254619413932018,-0.0514158958560151,-0.011695725190604144,0.04997507952218791,0.03526453014577879,0.015134765976720185,0.5357951298356056,-0.14004203758543526,-0.04036188561152751,0.06532599944018783,0.10101065099159413,0.04076317172089509,0.10224675332360408,-0.14873004523397787,-0.027834327383462906,0.0869380250089562,-0.04280600957777771,-0.03375282532612034,0.20738789844600594,1.588235294117647,-0.041582926931830716,1.8823529411764706,-0.01640160754354532,1.5,-0.04411188561152751,1.6176470588235294,-0.03187844503052173,1.2058823529411764,-0.0013129799358238695,1.7647058823529411,0.010723001270837832,1.4411764705882353,0.0371602305444245,1.3823529411764706,-0.037208707679061516
2025-11-21,2025-11,332,327,0.07583023166645801,0.021467777528260165,0.0585769496001074,0.08358476774740015,0.02211358334695085,0.10065868890590288,0.11917624278063506,0.03502428991506265,0.05566340971419302,-0.03692513177214861,-0.041416233479504606,0.43865329614191345,0.0765142776146048,0.019657734075523167,0.055573169853735754,0.13970735559204236,0.033523874433093064,0.10404526989794138,0.033786166759988356,-0.0027723573545461178,0.060433977094973904,0.03143266296180066,0.03161894345205683,0.18640009686350822,1.6176470588235294,0.017423659881201342,1.8529411764705883,0.03039193697388618,1.5294117647058825,0.015834204663758462,1.5294117647058825,-0.006595886766310824,1.3529411764705883,0.018731230405774377,1.7352941176470589,-0.045754468773622256,1.411764705882353,0.029994462668387182,1.4705882352941178,0.027942472863821538
2025-11-24,2025-11,343,335,0.009374111596028514,-0.022623561184706858,0.0501031759549277,0.042873260512458176,0.0065019358191833795,0.11803893060149516,-0.0672359471346355,-0.05711046982905857,0.04750257523992463,-0.014938017357678711,0.007712973630532645,0.5739077154327841,0.004369906731708246,-0.01685177728446942,0.047882937288222266,0.016831946977077246,-0.01126224217933379,0.10843120230471387,0.057582409510844895,0.0018834922632774698,0.0707132808956132,-0.041671870706667,-0.008711822741014556,0.1569174708908095,1.5882352941176472,-0.026594149420000976,1.8529411764705883,-0.06174282277023504,1.6470588235294117,-0.020969424343292947,1.4705882352941178,-0.0017929783249578243,1.2058823529411764,0.0034872299368304384,1.8529411764705883,0.0030806206893561738,1.5588235294117647,-0.015159301002863201,1.5,-0.012461822741014556
2025-11-25,2025-11,313,305,0.09430203198645029,0.005187917290673777,0.06039794639617843,-0.0414932384519898,-0.008712360080614693,0.12887523400907713,0.0034260889186239997,-0.009905285296158976,0.050953535555671094,-0.010152224672285977,0.0014781496828099108,0.4480106910069783,0.08086816116261997,0.017298949524407782,0.06119294647131378,-0.0336731195789823,-0.009087076915767649,0.1287480853497982,0.08651869894009859,0.042898476680532566,0.05978296937948688,-0.051412106137284704,-0.03734521379696876,0.15917312912642956,1.5294117647058822,0.0013643878789090713,1.7058823529411764,-0.014169991178511917,1.6176470588235294,0.013254831877348959,1.6176470588235294,0.03885435903347374,1.3823529411764706,-0.01216824243355587,1.7647058823529411,-0.002933615023072442,1.6470588235294117,-0.013204723974591177,1.4117647058823528,-0.04087462556167464
2025-11-26,2025-11,307,299,0.0901580057548634,0.03184178900729516,0.0548577234316642,-0.06842547501677604,-0.02374286553658292,0.11945861202354233,0.04964592173337905,0.008168419194927367,0.051984357328204014,0.017456156904850546,0.01753696577853322,0.5365283941229184,0.11025813938249271,0.04459720813596847,0.05362874932587841,-0.12655432323951196,-0.015577313753947806,0.1226553276181221,0.10526224111202076,0.011670239837930054,0.06148333808435319,-0.031881926593557174,-0.0026467535968493702,0.16137634143233298,1.4666666666666666,0.028175122340628495,1.9333333333333333,0.0033350858615940338,1.5333333333333332,0.04076387480263514,1.5,0.007920239837930054,1.3333333333333333,-0.027076198869916253,1.9333333333333333,0.012703632445199885,1.6333333333333333,-0.01966064708728114,1.3333333333333333,-0.0059800869301827025
2025-11-28,2025-11,361,349,0.12461445850742005,0.06438503912532817,0.0474459379816515,-0.1375478897884432,-0.021048141952810774,0.1329449805431068,0.04813996562945589,0.0020799022100605573,0.05724151000977311,0.06651058106511532,0.03198254189716923,0.3606154612132481,0.10296699877055243,0.04126281126756731,0.04796542090195349,-0.12815383909031083,-0.008520521600138612,0.12703138387628965,0.052804521204432825,0.02578576816075799,0.0538139763393862,-0.07966641669599996,-0.01043150877139791,0.14133760599153383,1.542857142857143,0.06052789626818531,1.9142857142857141,-0.0027058120756537282,1.6285714285714286,0.03719138269613874,1.5142857142857142,0.022000053875043706,1.2857142857142856,-0.02426242766709649,1.8,0.02748254189716923,1.5142857142857142,-0.012306235885852897,1.542857142857143,-0.014288651628540767
2025-12-01,2025-12,319,314,-0.07466286153664163,0.1512152895119449,0.05630525532799408,-0.2637790560123026,-0.05321272042431469,0.14855940688040947,-0.12006717477117602,-0.055309519379464205,0.0441581599065478,-0.019674786193052532,-0.14471680365068673,0.4087833563286451,-0.009246539894718164,0.15789317461743085,0.05769744837085697,-0.2238348021529544,-0.03967993657020408,0.1518865322634097,0.027634263914355,0.15627583346870622,0.051390002497817125,-0.011544035015082511,-0.04134715213780207,0.09537554039589821,1.5999999999999999,0.1472152895119449,1.857142857142857,-0.05995237652232135,1.5142857142857142,0.15410746033171657,1.7428571428571429,0.15191869061156335,1.4,-0.056712720424314696,1.7714285714285714,-0.14914537507925815,1.657142857142857,-0.04382279371306122,1.657142857142857,-0.045490009280659216
2025-12-02,2025-12,313,303,-0.053237309281142335,-0.002604247318368308,0.04454576439406069,-0.1571517908436164,-0.02276736959718208,0.146546375627319,-0.07939152634355673,0.06058326985481476,0.047117480444898,0.0128318581066268,0.10744427196317669,0.42726871669292454,-0.04929731244315807,0.011511018910961162,0.042624720815850156,-0.21349358909135877,0.06431704498385554,0.14341469034552573,-0.018173372383705914,-0.013417997598014965,0.04272677834204658,-0.07017483442464618,0.10954526936011529,0.07951250864813725,1.6129032258064515,-0.006636505382884437,1.7419354838709677,0.05622843114513734,1.5161290322580645,0.007720696330316,1.6774193548387097,-0.017611545985111738,1.032258064516129,-0.025348014758472405,1.8064516129032258,0.10292814293091862,1.5161290322580645,0.06052672240321038,1.2903225806451613,0.10631946290850239
2025-12-03,2025-12,303,296,-0.04168644265846727,-0.014132802108289967,0.03511653638045927,-0.20343920502193127,-0.03829281589694375,0.14434541563193004,-0.0904742718504318,-0.015327816681781688,0.050768858605328766,-0.011608637502018612,0.008424819226895322,0.3947826803972324,0.03093282925364687,-0.0134262668099389,0.035745535877742964,-0.15525858528690095,-0.006466727412537142,0.13516059145331383,-0.010292681411745217,-0.012562217089264235,0.037261320117484065,0.008260890571455194,0.05153926124733699,0.12313437461853027,1.5333333333333332,-0.0179661354416233,1.7666666666666666,-0.019744483348448354,1.6666666666666667,-0.017592933476605566,1.5666666666666667,-0.0164788837559309,1.1666666666666667,-0.041209482563610414,1.9,0.003674819226895322,1.6,-0.010466727412537142,1.2666666666666666,0.04837259458067032
2025-12-04,2025-12,335,330,-0.04426398090790561,-0.024545684227843385,0.0411091535012181,0.004340359792142793,0.008329130107917443,0.1520124011193261,0.09170560588848675,0.0287813732414672,0.04470373039746685,-0.024278895369041275,-0.011290967054383205,0.4196805048621062,-0.042264405091735506,-0.028151133556808386,0.03906342442847571,-0.034529448565555454,-0.014272853023418582,0.14570437755548593,-0.11274689427115918,-0.034904730365792905,0.039657096212754095,0.042132260000255356,0.02430041719389008,0.11802604941256117,1.5454545454545454,-0.02840932059147975,1.9090909090909092,0.024008645968739927,1.6363636363636362,-0.032242042647717475,1.7272727272727273,-0.03922291218397472,1.0303030303030303,0.005753372532159867,1.8484848484848484,-0.01591217917559533,1.696969696969697,-0.018515277265842824,1.303030303030303,0.02104284143631432
2025-12-05,2025-12,289,284,-0.08025619459891914,-0.002266817287949566,0.04651685268235188,0.03102006522690212,-0.0023763803577513155,0.1486358850130013,0.02574074335192342,-0.009765055892574658,0.05123408008683273,-0.019559922265266632,-0.0034101010787521147,0.4377145346786295,-0.019796265362128623,-0.001788906506653077,0.04282014162717823,0.10037286719961819,0.028546839866064037,0.11451709337000336,-0.10374110090283578,-0.02455117867837321,0.040999377247495146,0.06278735632183909,0.009263236974280767,0.11108571596975837,1.4848484848484849,-0.005978938500070779,1.7878787878787878,-0.014234752862271629,1.6363636363636362,-0.005879815597562167,1.6363636363636362,-0.0286420877692823,1.121212121212121,-0.005179410660781618,1.9393939393939394,-0.008258585927236963,1.5757575757575757,0.0246074459266701,1.2727272727272727,0.006081418792462585
2025-12-08,2025-12,374,367,-0.04023810642073132,-0.027069938340130138,0.03589383538378153,0.16349621731566413,0.04261433699716257,0.14336555904230555,-0.09528465740307569,-0.025292552290561647,0.045262233463636115,-0.0927704686363296,-0.032479074183974346,0.42728008239253146,-0.05855664053886782,-0.03338076550250233,0.03674408932138541,0.13918379029311662,0.006319595732954656,0.128696063181033,-0.03658740586299304,-0.0368708546060451,0.03722981942286385,0.06235609882904048,0.01404452356266396,0.09557920638975259,1.7027027027027026,-0.031326695096886896,1.7567567567567568,-0.02968444418245354,1.6216216216216215,-0.037434819556556385,1.6486486486486487,-0.04099247622766672,1.027027027027027,0.040046769429595,1.9189189189189189,-0.03727637148127164,1.5135135135135136,0.0025358119491708723,1.3783783783783783,0.010598577616718015
2025-12-09,2025-12,328,321,-0.016434389965047973,0.01198503557248164,0.04331826441496956,0.2519871781356334,0.10341649257125567,0.13111432688310742,-0.018105307152972133,-0.0359120550155105,0.03736103005926842,-0.07893798295021319,-0.004082672906667965,0.4435480716638267,-0.03228318555180198,-0.014438408502708368,0.04201528822421513,0.14900452356354243,0.06537477212612583,0.1167997719021514,-0.07603681151002414,-0.01533926735447767,0.04589107187689762,0.05651291810316391,0.05520555361058496,0.11238386284094304,1.6216216216216217,0.007930981518427586,1.7297297297297298,-0.04023637933983482,1.7027027027027026,-0.018695165259465123,1.6756756756756757,-0.01952845654366686,1.1891891891891893,0.1004435195982827,1.7567567567567568,-0.008474564798559858,1.4864864864864864,0.06165855590990962,1.1891891891891893,0.05223258063761199
2025-12-10,2025-12,328,316,0.01625041403086851,-0.005547718643472005,0.04346731679409278,0.1949189315657134,0.07822214478448605,0.1590578758623451,-0.10459183023915107,0.019517596203561235,0.05151039150243281,-0.007388899970318346,0.04908896460551969,0.44554442586377263,-0.013567289963075588,-0.01333849560425538,0.04231668896527031,0.14656964798364416,0.058819248973949544,0.12216555199120194,-0.06708694342178914,-0.010663373083915413,0.04194008579214638,0.06186998444536187,0.028806706615663338,0.10859980236273259,1.4375,-0.009141468643472005,1.90625,0.014751971203561236,1.59375,-0.01732287060425538,1.5,-0.014413373083915413,1.0,0.07572214478448605,1.78125,0.04463583960551969,1.40625,0.05530362397394954,1.25,0.02568170661566334
2025-12-11,2025-12,348,338,-0.024190579293146587,0.014324586691084627,0.05664457319935744,0.29907172207641997,0.08613452797150081,0.14532873176914804,0.12785906330288305,0.04914209644780259,0.042894586015341976,-0.11587296573742437,-0.03821240426085196,0.4890621444758247,-0.01662363784376195,0.016026578208609546,0.0546308209144393,0.19194490184616286,0.06876299064684727,0.12497491937349825,-0.0649361743081623,-0.0006239504476076158,0.05942238332271168,-0.021488405281682423,-0.012943948526402814,0.12747397082036033,1.6176470588235294,0.010280469044025804,1.8235294117647058,0.04458327291839083,1.5588235294117647,0.012129519385080135,1.6176470588235294,-0.00466806809466644,1.088235294117647,0.0834139397362067,1.8823529411764706,-0.04291828661379314,1.5588235294117647,0.06486593182331786,1.3529411764705883,-0.016326301467579286
2025-12-12,2025-12,305,298,0.15006682569490265,0.02807023244760925,0.04790686217211036,0.06579877852780457,0.03227654694161459,0.13350275134046874,-0.04855146267245071,0.0077143435969161955,0.047531501203237334,-0.1192600609365495,-0.049785482841739184,0.5670777291059494,0.10825551100509229,0.0312827536486858,0.04398205347939232,0.01395092117951581,0.0061381425265155075,0.12079202644526958,0.08944957620666903,0.017384611948403718,0.04749430428901417,-0.10957468405826525,-0.007564945794165643,0.16319440559794507,1.5,0.02432023244760925,1.7647058823529411,0.0033025788910338427,1.5294117647058822,0.027459224236921098,1.6470588235294117,0.01326696488958019,1.2058823529411764,0.029261841059261648,1.7352941176470589,-0.054123718135856834,1.6176470588235294,0.0020940248794566836,1.3529411764705883,-0.010947298735342115
2025-12-15,2025-12,352,346,0.08500881589159318,0.01831196416046285,0.04488967734953348,-0.0030485726633691433,-0.0005015495623605514,0.14031563433153288,0.046870658869761765,-0.014878083563599515,0.05089068092279514,0.017181689264685423,-0.0011322188106670447,0.4633249776703971,0.006028772555362183,0.000818734155318683,0.044004344436844804,-0.04802231070939788,-0.01049301883524435,0.11315079618777547,0.09826584227722347,0.03602358460570114,0.04405859219233903,-0.04101843512885697,-0.010731350419134734,0.1590140020740884,1.457142857142857,0.01466910701760571,1.7714285714285714,-0.019306654992170942,1.5714285714285714,-0.003109837273252746,1.7714285714285714,0.03159501317712971,1.0857142857142856,-0.0032158352766462656,1.7714285714285714,-0.005560790239238473,1.542857142857143,-0.014350161692387207,1.3142857142857143,-0.01401706470484902
2025-12-16,2025-12,340,333,-0.08909735123904491,-0.04931232472397725,0.035626023311282194,0.00243488774327887,-0.011374471908475382,0.13775983306043077,0.13764827119488648,0.06143798750917588,0.04283071628919713,0.012586231420747543,0.04102427520154203,0.43356385962529614,-0.0459889994977567,-0.015806002794400927,0.03432121353330786,0.02600948613945877,0.004781515525433749,0.13168509332745365,-0.06812342667324112,-0.016766430520275523,0.03733562189673389,0.1685152985752472,0.048541248905516234,0.11445274610411038,1.4285714285714286,-0.05288375329540582,1.8285714285714285,0.05686655893774731,1.6571428571428573,-0.01994885993725807,1.7714285714285714,-0.02119500194884695,1.2,-0.014374471908475382,1.8571428571428572,0.03638141805868489,1.7714285714285714,0.00035294409686232025,1.3714285714285714,0.04511267747694481
2025-12-17,2025-12,319,313,-0.0526679038268173,-0.015320889030588416,0.05041504491263153,-0.005793088661501153,0.01797101197610547,0.13969340860362978,0.1035111244478998,0.05321813325320972,0.048532128407328234,0.055509463836454755,0.016906594378717388,0.4086425251537754,-0.07773888034541905,-0.012356508696761928,0.05052959438817556,0.02274908321996806,0.0023990480286065295,0.11746613398915337,0.012901091263973503,0.02848664553443559,0.04081566268130137,-0.015838484059856862,0.007775560050590755,0.12154685675857528,1.3333333333333333,-0.01865422236392175,1.7272727272727273,0.0488999514350279,1.4545454545454546,-0.015992872333125564,1.606060606060606,0.024471494019284078,1.2121212121212122,0.014940708945802439,1.7272727272727273,0.01258841256053557,1.6363636363636362,-0.001691861062302561,1.303030303030303,0.004517984293014997
2025-12-18,2025-12,322,314,-0.14273354924475956,-0.022107352386277472,0.06908214678332278,-0.026576657449008504,-0.004225833158350244,0.13969452342679423,0.12692808809931294,0.0459272715022524,0.04997073967859299,0.07409458234650738,0.02024672108619162,0.5799848249843044,-0.14468311396238281,-0.021021691549532612,0.07275980039013044,0.006143608948373055,-0.014353635716287762,0.11070057383227733,-0.11178708481667571,-0.020699241974038354,0.05032461255261959,0.033072331043567396,0.021979277882214127,0.1290320208476436,1.4838709677419355,-0.02581702980563231,1.7741935483870968,0.04149178763128466,1.4838709677419355,-0.02473136896888745,1.5806451612903225,-0.02465085487726416,1.1935483870967742,-0.00720970412609218,1.7741935483870968,0.015811237215223876,1.7419354838709677,-0.018708474425965183,1.2580645161290323,0.018834116591891548
2025-12-19,2025-12,320,312,-0.013340829745117478,-0.015677095690037484,0.05723728925886086,-0.02398137652540958,0.024088579303723365,0.15292544026047952,0.085647032591306,0.02364290825675763,0.04570536934572014,0.03926287455132108,0.005211500428895338,0.5357929150904379,0.015977940700526383,0.0006206308578192363,0.05986850594377207,-0.04217454902280701,-0.0035073329168995165,0.10971857348997746,-0.002407494434225543,-0.013687769488893933,0.05021463171163147,0.08483671271539975,0.0057126785025258635,0.12585727101372135,1.3548387096774193,-0.019064192464231033,1.8064516129032258,0.019126779224499565,1.5161290322580645,-0.0031696917228259255,1.6129032258064515,-0.01772002755341006,1.064516129032258,0.02142728898114272,1.8709677419354838,0.0005340810740566276,1.5806451612903225,-0.007458945820125323,1.4193548387096775,0.0021642914057516697
2025-12-22,2025-12,312,304,-0.03445350659325984,-0.0015203552255272958,0.04683973696098659,0.0672301512731744,0.005716741726927536,0.1468725034346183,-0.002536874170816247,0.008390841510529774,0.04189585110082833,0.022964775835719778,-0.0033811782412584007,0.3886398178214828,-0.0011256785087466288,-0.023668299182809095,0.04632852126001109,-0.051591556897536785,-0.008414536382693478,0.11333013704667488,-0.04224593605956416,-0.015190958494657396,0.047596270600336055,-0.19492571470114797,-0.020897663701621095,0.1295566315452258,1.4838709677419355,-0.005230032644882135,1.7741935483870968,0.003955357639562032,1.6451612903225805,-0.027781202408615546,1.7096774193548387,-0.01946515204304449,1.096774193548387,0.0029748062430565688,1.8387096774193548,-0.007977952434806788,1.6129032258064515,-0.012446794447209607,1.2903225806451613,-0.024123470153234
2025-12-23,2025-12,288,281,0.044220629428241884,0.012773861474478943,0.06969213116918903,0.08851811886878137,0.018612699931048665,0.15828783670440316,-0.061701431845157514,-0.003115481113160498,0.047748374546283806,-0.011860530075094109,-0.0014021447977007745,0.4247453766209739,-0.013422370382873378,0.0016121258138135364,0.06662597182328578,-0.07653197577452789,-0.022531882485986747,0.13279967269461068,-0.05725568563149794,0.010330307866139782,0.08004173632527653,-0.2536943041205004,-0.038435453057245335,0.1385016783273646,1.5999999999999999,0.008773861474478943,1.9,-0.007865481113160499,1.6666666666666665,-0.0025545408528531302,1.6666666666666665,0.006163641199473115,1.0999999999999999,0.015862699931048666,1.8666666666666667,-0.006068811464367441,1.7,-0.026781882485986747,1.2666666666666666,-0.041602119723912
2025-12-24,2025-12,267,263,-0.04602001282659364,-0.016395165377600378,0.049246825939759424,0.05650131583696585,0.03891662949291598,0.14388010221031997,-0.048969904535796714,0.011552594768951296,0.045352327708890625,0.017234745828225005,0.01241389547128809,0.5550694127495472,-0.03802459118583933,-0.02272050339103564,0.050027766498396506,0.011854747738678725,0.025697598961442813,0.11388385525116554,-0.106252672535252,-0.02603554267142427,0.05754823569826097,-0.2922259781538159,-0.014486760456684969,0.09745349520100996,1.5357142857142858,-0.020234451091886093,1.9285714285714286,0.006731166197522725,1.5714285714285714,-0.02664907481960707,1.6428571428571428,-0.030142685528567126,1.2142857142857144,0.03588091520720169,1.7857142857142858,0.007949609757002374,1.6785714285714286,0.021501170390014243,1.3214285714285714,-0.017790331885256395
2025-12-26,2025-12,293,289,-0.0962074364239584,-0.01744669732786342,0.05199169308775084,-0.06332647423748212,0.007276568905986425,0.14702502959247293,-0.030870282701680123,0.02273781822631102,0.043848423908018956,-0.00213880654279626,-0.0033401271610010606,0.4068251144269417,-0.11957964750854848,-0.012368719619426939,0.04704665632209565,-0.18714275542439401,-4.9790442641202415e-05,0.11337142861608801,-0.10565559944216102,-0.016596339225879015,0.049766435231203714,-0.07989469123155714,0.009396714737186956,0.12545031437586093,1.4827586206896552,-0.02115359387958756,1.6551724137931034,0.01859988719182826,1.620689655172414,-0.016420443757357975,1.6551724137931034,-0.020734270260361773,1.0689655172413794,0.004604155112882977,1.8620689655172413,-0.007995299574794165,1.6896551724137931,-0.004273928373675685,1.4827586206896552,0.005689818185462818
2025-12-29,2025-12,260,258,0.004987557563020047,-0.03823934574998353,0.04389802885362876,-0.015185932427311737,0.004837315819048595,0.1437491551758005,-0.11782745300641269,-0.08383377915788977,0.05296227926097749,0.058666731326596964,0.008191475589591046,0.46450374676631045,-0.013803344837827596,-0.004051697385682118,0.043254720343337466,0.05277046656357001,0.032724660467270184,0.1893500853329897,0.009387257663119732,-0.012122082155759578,0.03684282050863332,0.14727049899463693,0.09127324975013781,0.11397715357060616,1.5862068965517242,-0.042204862991362835,1.7241379310344829,-0.08814412398547597,1.6896551724137931,-0.0082758353167166,1.6551724137931034,-0.016260013190242336,1.0689655172413794,0.002164902025945146,1.793103448275862,0.0037087169689013905,1.5517241379310345,0.028845350122442596,1.4482758620689655,0.0876525600949654
2025-12-30,2025-12,263,254,0.04956686711541151,-0.016212748114358563,0.044139343393495845,0.068413358910558,0.04843677399730842,0.14822746098041534,0.11248175507006346,0.020519581323610918,0.04001188663972341,0.10619857314355782,0.03634491150120926,0.49420762598514556,0.02366399020536541,-0.0017720087150322542,0.04017785618983653,-0.007053746474116253,-0.008143862004834586,0.12820539608597756,0.04171954942569983,-0.013234915891911371,0.04129441365373562,0.18631376605283087,0.03569492663230111,0.12612991563975812,1.6923076923076923,-0.020443517345127796,1.8076923076923077,0.01600035055438015,1.7307692307692308,-0.006098931791955331,1.7307692307692308,-0.017561838968834446,1.2307692307692308,0.045359850920385344,1.7692307692307694,0.03192183457813234,1.653846153846154,-0.012278477389449972,1.4230769230769231,0.0321372343246088
2025-12-31,2025-12,238,236,-0.022991856559370742,0.04225753455810764,0.06158723748617388,0.08694392433102684,0.023802553408234815,0.153568588818113,-0.04712833021571235,-0.016406880352004875,0.05460218682271251,0.06132121873656152,0.015539379704600537,0.5267731721202532,-0.009226740322737854,0.004066318764717261,0.06242821429049063,0.026683264800014598,-0.04843783202358473,0.11788022331893444,-0.08570574037570115,-0.04031373858619419,0.04777655110454983,0.2816815089999773,0.055824191868127426,0.14929424645379186,1.5999999999999999,0.03825753455810764,1.88,-0.021106880352004875,1.64,-3.368123528273929e-05,1.68,-0.044513738586194194,1.16,0.020902553408234815,1.72,0.011239379704600537,1.56,-0.05233783202358473,1.24,0.05272419186812743
2026-01-02,2026-01,318,316,-0.09283075321899989,0.03664417762936621,0.03571741588453207,0.05191044196316871,0.0375571763745511,0.13613871147390455,0.10485015640312408,0.03887029913288512,0.03145853948931378,0.06574767517068315,0.05397220877984416,0.31743951491080225,-0.12410946990853804,0.03570232553376909,0.03663014092648266,-0.02685968647559604,0.029475307536385734,0.14852177450666204,-0.06368597462906231,0.04678564343627177,0.0314553447323165,0.01873731579270453,0.025757507627850618,0.17446441994979978,1.6875,0.03242542762936621,1.875,0.03418279913288512,1.71875,0.03140545053376909,1.65625,0.04264501843627177,1.40625,0.0340415513745511,1.875,0.049284708779844165,1.78125,0.025022182536385735,1.75,0.021382507627850617
2026-01-05,2026-01,293,288,0.09628876563482469,0.047725810816320206,0.033162547978248566,0.05637362710758248,0.010952731615776309,0.1621032426583356,-0.04784372384083758,-0.057768623031085625,0.04334958426896483,0.08507263134639269,0.06136167387572579,0.3291664804364073,0.06742212523889354,0.03695744177317002,0.035046283949011874,-0.01083906375678515,-0.0095576335709097,0.18362611403753015,0.10712761640964343,0.03516940785322494,0.043428337762322994,0.11639160316050307,0.053971349463841814,0.19089236739894438,1.625,0.0436633108163202,1.9375,-0.06261237303108562,1.65625,0.03281681677317002,1.53125,0.03134128285322494,1.21875,0.007905856615776308,1.84375,0.05675229887572579,1.84375,-0.0141670085709097,1.59375,0.049986974463841816
2026-01-06,2026-01,294,294,0.04345674919772813,0.032020135052091066,0.049267381006389964,0.13814769385512057,0.04966442314069094,0.16970142413829936,0.06909967720747089,0.0015036915870469715,0.048270443318835204,0.04222862996098993,-0.022229935583131855,0.38350346735839186,0.04203395048939134,0.0069096548931393,0.04850724279721102,0.07935159486366421,0.020368779279954743,0.1842229350887496,-0.004769185381628718,-0.036410859224420916,0.05001349932867652,0.22184158675328752,0.07571764430236284,0.2322934941741927,1.7586206896551724,0.027623583327953134,1.6896551724137931,-0.002720446343987511,1.7241379310344827,0.002599310065553093,1.8275862068965516,-0.0409798247416623,1.2758620689655171,0.046474767968277146,1.9310344827586206,-0.027057521790028405,1.7241379310344827,0.016058434452368535,1.5172413793103448,0.07192454085408698
2026-01-07,2026-01,319,314,0.01705211016998423,0.03443465220240005,0.06101954995974317,0.025683148991541966,0.011088446722622297,0.18317535423463388,-0.07369464222742214,0.007638595044370408,0.05774084079400925,0.050342528271949,0.02825824721081261,0.4856580618408418,0.031834077600993674,0.02411549881130115,0.05872910101899394,0.006506180871828237,0.024568222687035804,0.1883844372726256,0.07601067605133968,0.05672511722283768,0.05480787482828112,0.21509544863074467,0.06557698038194909,0.20715413290646767,1.6129032258064515,0.030402394137883922,1.8387096774193548,0.003041820850822021,1.6451612903225805,0.0200025955854947,1.6451612903225805,0.052612213997031226,1.096774193548387,0.008346511238751329,1.8387096774193548,0.023661473017264224,1.6129032258064515,0.020535964622519675,1.5161290322580645,0.06178665780130393
2026-01-08,2026-01,301,299,-0.04545422542958351,0.021863431651049252,0.04171257749910318,-0.08322721172251435,0.034051943738775764,0.167671836912632,0.20551402441445962,0.017963450547846344,0.04958818986660995,0.04031330419966827,-0.007417272208806315,0.3510611951351166,-0.1029125985030697,-0.005044539204289683,0.03980788758999609,-0.05715957844711887,0.03247668870261047,0.1748724803328514,-0.09114958966799411,0.005926007262251655,0.03685957782550406,0.08392642626124838,0.06256109238196852,0.186600938004752,1.6451612903225805,0.0177505284252428,1.9354838709677418,0.01312474087042699,1.6129032258064515,-0.009076797268805812,1.5161290322580645,0.002135684681606493,1.096774193548387,0.0313100082549048,1.8709677419354838,-0.012094691563645024,1.6451612903225805,0.028363785476804022,1.4838709677419355,0.05885141496261369
2026-01-09,2026-01,276,271,0.0029594326564974815,0.027715393468163554,0.06016413863664681,0.08660607011886245,0.04868448893656126,0.17930697953259506,0.07635605210174685,-0.002765739279114247,0.054454252971274125,-0.04952575086504699,-0.02382174736176815,0.43204106390476227,0.00670252992965283,0.040364258938020106,0.05780716995814126,0.10388949929367446,0.06714481954830721,0.19927429835553523,-0.03992923045179625,0.0007026878388364313,0.05746396486302387,0.2189786104650333,0.09188517384955416,0.2168113540996004,1.5999999999999999,0.023715393468163554,1.8666666666666667,-0.007432405945780913,1.7,0.0361142589380201,1.6333333333333333,-0.0033806454944969025,1.2666666666666666,0.04551782226989459,1.9,-0.02857174736176815,1.7,0.06289481954830721,1.5,0.08813517384955416
2026-01-12,2026-01,319,316,-0.07500073933873544,-0.013031976507348088,0.05240110951370152,-0.002436860471993849,0.0011708694304973163,0.14041538757737726,-0.08255113980284329,-0.013590841091065294,0.04607453190844796,0.027382359060095937,0.017304183268557333,0.5646631987765431,-0.03957088779795351,0.011725343623357625,0.05344243813512656,-0.06276985863843379,-0.04002950800509321,0.14330493018496782,-0.11540486189152423,-0.03455586144549025,0.05140842323553787,0.046747648902821314,0.000666916375994489,0.18885460391175002,1.5,-0.016781976507348088,1.875,-0.018278341091065294,1.53125,0.007897218623357625,1.59375,-0.03854023644549025,1.21875,-0.0018760055695026838,1.90625,0.012538558268557334,1.75,-0.04440450800509321,1.625,-0.003395583624005511
2026-01-13,2026-01,253,251,-0.029147789332657527,-0.014879037052441032,0.0445881235251982,-0.04721297189629953,-0.04486722738273829,0.14627994254231452,-0.03622952134167016,0.006719244670650598,0.0409483926285188,-0.09005765123040733,-0.03769625037803631,0.4013276970386505,-0.029754679874501852,-0.0010078276759166067,0.04170457069300881,-0.09612434809285203,-0.005972991056275117,0.16175499401986598,-0.018343803862461858,-0.012222460501581697,0.04491310750110144,0.12332919847469659,0.020091160062776513,0.19220153346657753,1.6875,-0.019097787052441032,1.90625,0.0019536196706505977,1.75,-0.005382827675916607,1.6875,-0.016441210501581698,1.3125,-0.04814847738273829,1.90625,-0.042461875378036314,1.75,-0.010347991056275117,1.625,0.016028660062776513
2026-01-14,2026-01,303,296,0.015362236816222577,-0.021780847568563758,0.039517018566919276,0.11189689028156911,0.024259232928651547,0.123062934850653,-0.022814856906141993,0.0028545745729085907,0.04888053608518309,0.0683649057623453,0.022104562649093117,0.5007014411191146,0.03888269621664153,-0.003792702999423102,0.03927113652965738,0.1402190192877775,0.030191209399978207,0.14937143040200074,0.05077579037095065,-0.0095658466824463,0.03864275649053582,0.20780259448043095,0.05393796765275753,0.17368633312483628,1.7,-0.026030847568563758,1.8,-0.001645425427091409,1.8,-0.008292702999423102,1.7333333333333334,-0.013899180015779635,1.6,0.020259232928651547,1.8,0.017604562649093117,1.8666666666666667,0.02552454273331154,1.6,0.04993796765275753
2026-01-15,2026-01,298,292,-0.025752806028547407,-0.0007609172737016272,0.03715883210893844,0.06955891432109698,0.03325638941710815,0.14914480995001464,0.007530005241519294,-0.005705249217155742,0.05170571524016389,0.022198210573779645,0.02535467403884326,0.386647979247159,-0.09766380557159664,-0.014929514247470351,0.03749078891837854,0.07397106346624877,0.009695395908147476,0.16809979460105814,-0.08121778957877966,-0.011768058015890849,0.04900384300482255,0.2023636966735887,0.02121713509632811,0.20821061563389054,1.7666666666666666,-0.005177583940368294,1.8333333333333333,-0.010288582550489075,1.9333333333333333,-0.019762847580803683,1.8,-0.01626805801589085,1.5666666666666667,0.029339722750441485,1.9,0.02060467403884326,1.8,0.005195395908147477,1.7,0.01696713509632811
2026-01-16,2026-01,292,287,0.009206245961076259,0.004640373695599202,0.05157000164010034,0.019153307919621464,0.023133285689045973,0.13748322144664568,0.02581026570345426,0.03529713162297248,0.0362240995881618,0.06050174996461889,-0.0264745512469928,0.3763325800155771,0.013182419135377902,-0.01894555205266629,0.04827283613755749,-0.02028116388952217,0.04245360103330691,0.14470901821964774,-0.04277924470031171,-0.04200061488591004,0.051014863272252124,0.06789837535721464,0.007959128705412618,0.17627924770630637,1.793103448275862,0.00015761507490954629,1.9655172413793103,0.030383338519524204,1.896551724137931,-0.023686931363011116,1.7586206896551724,-0.04639716661004797,1.4827586206896552,0.019426389137321837,1.8275862068965516,-0.03104351676423418,1.7586206896551724,0.038057049309168985,1.6206896551724137,0.003907404567481584
2026-01-20,2026-01,397,392,0.016641293637103923,0.02144099663307189,0.045728345551913595,0.06995764257513812,0.027659405796689025,0.1350338330062536,0.0042376357611967974,0.00715491329338253,0.036000224624712036,-0.030236140094520764,-0.03386014354787183,0.429419319694623,0.010597603437652524,0.022746866590051797,0.04609450127648118,0.001163362035733971,0.014855138069890916,0.1465325539883895,-0.054393610368002054,-0.01143786262121214,0.045621245622003224,-0.08668734865841304,-0.036892989271665885,0.1690762280844725,1.5384615384615383,0.017594842786918044,1.8974358974358974,0.0024113235497927868,1.6153846153846154,0.018708405051590257,1.641025641025641,-0.015540426723776243,1.2307692307692308,0.024582482719765947,1.8205128205128205,-0.03841142559915388,1.6923076923076923,0.010624368839121686,1.3846153846153846,-0.040354527733204346
2026-01-21,2026-01,360,352,-0.018080516187143725,0.0008326158987682472,0.049870044884900655,-0.0037119627980668575,0.0018742655252775124,0.13462012516600746,0.07449770066067758,0.010534216930557736,0.04734714495927708,-0.06913099265155223,-0.006594008093645708,0.46271025048834935,0.019433923028460132,-0.005676611516581657,0.051333607335551326,-0.09797863666643518,0.0022721157247512077,0.1662297295672553,0.06990925081964619,-0.0014974136757822387,0.04695046565832345,0.006639968929801413,-0.0015243366007143093,0.16989982170718057,1.6923076923076923,-0.0033981533320009832,1.8717948717948718,0.005854729751070556,1.7435897435897436,-0.010035585875556016,1.7179487179487178,-0.005792285470654033,1.3333333333333333,-0.0014590678080558203,1.9487179487179487,-0.011465802965440579,1.7179487179487178,-0.002022756070120587,1.4871794871794872,-0.0052422853186630276
2026-01-22,2026-01,350,342,0.05304155623718618,0.02524214663795217,0.050098962110851825,-0.21786959552110186,-0.03634491564802599,0.13796397189007087,0.03986804998733597,0.00023131360537853932,0.040758661905808374,-0.006977666208615815,-0.018829686409901684,0.31492740332203756,0.032308044425415405,0.02827506118534709,0.05055615482901389,-0.2184451804349555,-0.021066802289861117,0.1540174154455171,-0.001197071080258693,0.02783412362304665,0.05636338720326249,-0.03786545461237276,0.011016304532526477,0.20013412055285537,1.7142857142857142,0.020956432352237885,1.8857142857142857,-0.004482972108907175,1.7142857142857142,0.023989346899632804,1.7714285714285714,0.023405552194475224,1.457142857142857,-0.039987772790883135,1.7714285714285714,-0.02325825783847311,1.8,-0.025566802289861117,1.6857142857142857,0.006802018818240762
2026-01-23,2026-01,299,289,0.0031339363875109425,-0.018471373925553723,0.05031301535383458,-0.09945276200309758,-0.017475815798015035,0.1330239835741191,0.01472952566580977,-0.004547213836702101,0.041362523646634515,-0.0815874756599087,-0.006003003103649984,0.35152805005681925,0.03507755157011066,-0.02016357871914954,0.05037895087040155,-0.12848914726942157,-0.012058229167717305,0.13468469236174535,0.05027407356446279,0.002352667385109704,0.054432443974015025,-0.007340351507261341,-0.017780611285330556,0.17779012332702504,1.6470588235294117,-0.02258902098437725,1.8823529411764706,-0.009253096189643277,1.7058823529411764,-0.02442828460150248,1.7058823529411764,-0.0019120384972432375,1.4705882352941175,-0.02115228638625033,1.7941176470588236,-0.010488297221297044,1.8529411764705883,-0.01669058210889378,1.6764705882352942,-0.021971787755918792
2026-01-26,2026-01,383,374,-0.03954169685453775,0.013424997545551959,0.04218465111417642,0.04732012870285566,0.029584460718679897,0.13202346951977625,-0.05516695269974068,-0.005102685462756919,0.042306785030738994,-0.025745119159184572,0.07040574545235802,0.3670613702285934,-0.031872411247659015,0.005514975615480137,0.042188037110115505,-0.1616302048446407,-0.02646548181422433,0.14009495693686846,0.017347525122192824,0.04055261294236959,0.045470940559892786,-0.13352323212991948,-0.060054602135352735,0.14710032275399645,1.4864864864864864,0.009708781329335742,1.7837837837837838,-0.009562144922216378,1.6756756756756757,0.0013257864262909477,1.5405405405405406,0.03670126159101823,1.3783783783783783,0.02613851477273395,1.945945945945946,0.06554088058749315,1.7567567567567568,-0.03085737370611622,1.5135135135135136,-0.06383838591913651
2026-01-27,2026-01,288,284,-0.13942004348367754,-0.035532188046381266,0.031695342698632355,0.12916902772586797,0.044856925033407984,0.14425878639199904,0.04104960019838386,-0.0026725344062527023,0.047177621648143674,-0.07678915690135801,0.013758984057564594,0.4433047090257917,-0.15234709378729971,-0.0638092868173572,0.03368483632104281,-0.005391252627306302,0.021666281392832675,0.1502149190221514,-0.10063463521065691,-0.062175590884791375,0.0368876546694394,-0.009607501537200245,-0.036205343607589396,0.13700768737388508,1.7567567567567568,-0.039924079938273155,1.864864864864865,-0.007334696568414865,1.8108108108108107,-0.06833631384438422,1.7027027027027026,-0.06643234764154814,1.4324324324324325,0.041275843952326904,1.945945945945946,0.008894119192699728,1.972972972972973,0.01673384896040024,1.6216216216216215,-0.04025939766164345
2026-01-28,2026-01,352,343,-0.019067885215193998,0.02535064716722213,0.04308042885104846,0.09486618197666356,0.07477750873268664,0.15671254913596544,-0.09490835542034483,0.006565535278152434,0.053021661224635884,0.02548907512025383,0.026920002617609524,0.4780812951571801,-0.031548047482891674,0.015141392705642798,0.04499543399653838,-0.04041064381007724,0.0028529722144287287,0.16882034226813739,-0.09442651168655082,0.008349848790741372,0.05123014170491688,-0.039213776465901115,0.0042867084824312176,0.17497716427725904,1.7352941176470587,0.021012411873104483,1.852941176470588,0.001933182336975964,1.7647058823529411,0.010729627999760445,1.7058823529411764,0.00408514290838843,1.352941176470588,0.07139515579151016,1.9117647058823528,0.02214059085290364,1.852941176470588,-0.0017793807267477415,1.5588235294117647,0.0003896496589018061
2026-01-29,2026-01,390,378,-0.04114486370187356,-0.03031235231459989,0.04415380415770802,0.2285627731330859,0.11340325090247122,0.14432218563007682,-0.1928686715882385,-0.0697178647185859,0.061593429258365154,-0.0821718606798801,-0.01156188619415395,0.3309500140971259,-0.10404488574496266,-0.006953728664773964,0.04623612678403653,0.10656854568911847,-0.003473354064031613,0.1618008704758004,-0.014003330219976252,0.036038500961321766,0.042644979570761854,-0.1449170504838195,-0.08110107622816612,0.15549710030226332,1.6578947368421053,-0.03445708915670515,1.894736842105263,-0.07445470682384905,1.6052631578947367,-0.010966886559510806,1.6578947368421053,0.0318937641192165,1.1578947368421053,0.11050851406036595,1.9473684210526314,-0.016430307246785528,1.7894736842105263,-0.007947038274557928,1.526315789473684,-0.08491686570185034
2026-01-30,2026-01,315,308,-0.10673551586362756,-0.055045871000719955,0.05123288245393,0.05166453584578232,0.061107026381282445,0.1429935791079075,-0.1348657237217405,-0.015356383456910278,0.06868590710812786,-0.05722159139765364,-0.00432172874068875,0.3467599790423147,-0.13569412930051486,-0.06513163534652874,0.0537545929700778,-0.0007075861062799707,0.06055841143461084,0.14161233507817791,-0.18940041387836276,-0.05715644852611322,0.050448672825021815,-0.1071718439855181,-0.011662971013094766,0.17024293770232507,1.6052631578947367,-0.0590590288954568,1.7894736842105263,-0.019830067667436592,1.6052631578947367,-0.06914479324126559,1.6578947368421053,-0.061301185368218485,1.3157894736842104,0.05781755269707192,1.7105263157894737,-0.008598044530162434,1.7105263157894737,0.056282095645137156,1.4210526315789473,-0.015215602592042134
2026-02-02,2026-02,404,394,0.0353103481912039,0.023717279850959037,0.07163875060082378,-0.15049231970343435,-0.03731630390025226,0.10777309919014956,0.05301003555809588,0.0016463137995362115,0.045533425777151984,0.060680127299409664,0.04623662025226105,0.37505296885203093,0.04019114253072362,0.024062861193593507,0.07539273405378796,-0.21824672128089567,-0.051550923253260404,0.10848065494344786,0.05482742899228604,0.0065849281370384885,0.06996236808503963,-0.15704184148770542,-0.058300844491566195,0.15276808917331391,1.6923076923076923,0.019486510620189808,1.9743589743589742,-0.0032895836363612246,1.7179487179487178,0.01976798939872171,1.6923076923076923,0.002354158906269258,1.7179487179487178,-0.04161117569512405,1.923076923076923,0.04142892794456875,1.8974358974358974,-0.05629451299685015,1.7692307692307692,-0.06272392141464311
2026-02-03,2026-02,423,418,0.11391904330463665,0.04274292200114366,0.05012373823712411,-0.23184643483098744,-0.04205646192983783,0.10220424458384514,0.016800959554151867,0.011576340187424846,0.05305012856101604,-0.0735529426408421,-0.01684327549414943,0.5573704246254194,0.11771675961714655,0.02513486672870948,0.05239004140223333,-0.25122211297338054,-0.07626827033885725,0.09922125288063571,0.035051543776516876,0.0027359526181129357,0.05572953083485668,-0.10179728395028484,-0.04040106377762267,0.14105641101265237,1.5,0.038992922001143654,1.880952380952381,0.006873959235043893,1.5476190476190474,0.02126581910966186,1.6428571428571428,-0.0013711902390299213,1.1904761904761905,-0.04503265240602831,1.857142857142857,-0.021486132637006574,1.476190476190476,-0.07995874652933344,1.380952380952381,-0.04385344473000362
2026-02-04,2026-02,475,471,-0.07010810720024185,-0.06376571516530724,0.04624009755411832,-0.08278828120188782,-0.015585016189038271,0.10753301071359755,-0.09432093234053848,-0.01664544846508348,0.05256763935225557,-0.026201665094140784,-0.01941308656177413,0.49532335521058835,-0.04276891155949009,-0.04636778480281513,0.047712422743522685,-0.07056830460365358,-0.0009412597927922839,0.12858619517151346,-0.024182534449933513,-0.03567021642585605,0.051241085667427036,-0.08471483996663288,-0.04938785265096854,0.14087391438636374,1.6170212765957446,-0.0678082683567966,1.872340425531915,-0.021326299528913267,1.6595744680851063,-0.050516720973027895,1.5319148936170213,-0.0395000036598986,1.1489361702127658,-0.018457356614570188,1.8085106382978724,-0.02393436315751881,1.3404255319148937,-0.004292323622579518,1.3617021276595744,-0.05279210797011748
2026-02-05,2026-02,529,524,-0.015383690033936083,-0.023827063074947218,0.056134404473611045,-0.025255993404332457,-0.003099538932442406,0.10613338878521553,0.117831714583817,0.01481003371999522,0.052884402754609997,0.09910109594164757,0.04370276847345879,0.4689309806204759,-0.014394696261650521,-0.015917166274817523,0.05742521689951122,-0.00596930367114932,0.014042565605329904,0.1148249780615935,0.0032614370633091395,-0.001455219594699136,0.05528051701204627,0.04913146526204548,-0.00047032993948171683,0.15298201888799667,1.6730769230769231,-0.028009755382639525,1.8269230769230769,0.010242726027687528,1.6730769230769231,-0.02009985858250983,1.5192307692307692,-0.005253296517776059,1.096153846153846,-0.005839923547827021,1.8461538461538463,0.03908738385807417,1.3461538461538463,0.010677180989945289,1.3846153846153846,-0.003931868401020178
2026-02-06,2026-02,404,401,0.07035462851496067,-0.0027883611157104053,0.05381220669609429,-0.0007994678706911221,0.008069532201234051,0.1172291163355112,0.04642207899127093,0.021364130371686094,0.0466437195526453,0.03859857579620367,0.008859936066944438,0.44192619156092405,0.05459666976029026,-0.005334927470323755,0.056322496627963514,-0.02495329764572818,-0.004537104797007319,0.12963652862235903,0.016428673471151914,-0.005506149864824938,0.056008481755590894,0.0681493128634617,0.004936756681295257,0.2146462569013238,1.7307692307692308,-0.0071152841926334824,1.8846153846153848,0.016652591910147632,1.7307692307692308,-0.009661850547246833,1.6730769230769231,-0.009688842172517247,1.0961538461538463,0.005329147585849435,1.7692307692307694,0.004436859143867515,1.4230769230769231,-0.008094797104699627,1.3846153846153846,0.0014752182197567956
2026-02-09,2026-02,426,420,0.0076464188271934,0.0008778773587992394,0.04521584059536121,0.02118314515831731,0.019988848303302872,0.11538154676201798,0.05746122288162625,0.01453995511871609,0.05511957256264574,-0.008960792547106543,-0.03958323144718118,0.44190727812903263,0.006849195993643346,0.00274806870772043,0.0456014621104818,0.02247056107134611,0.000940026463952547,0.10315273746493317,-0.044747171553913646,-0.001094583578094528,0.05368746985904524,0.05233864129812627,0.01762148887248793,0.1421173702748049,1.619047619047619,-0.003169741688819808,1.7619047619047619,0.010135193213954185,1.5714285714285714,-0.0011805027208509986,1.6428571428571428,-0.005201726435237385,1.1428571428571428,0.017131705446160016,1.8571428571428572,-0.04422608859003832,1.4523809523809523,-0.002690925916999834,1.4523809523809523,0.01399053649153555
2026-02-10,2026-02,440,438,0.029189013555749987,0.0012132755879379238,0.038623520788673614,0.017367858916715592,0.05918532672657205,0.11537061428481882,-0.0815536406934285,-0.009733562799534605,0.04834582558616216,-0.054640402845432014,-0.03290130614694553,0.4632729965854775,0.026184912658671924,-0.002822581244383237,0.04210125411932131,-0.05246766110036944,-0.020693924958630414,0.09831512931056999,0.06882863555462944,0.0030535211104699977,0.04091216343983454,-0.06383591143065326,-0.021770540365326822,0.13060875012623993,1.6136363636363635,-0.0028208153211529852,1.9090909090909092,-0.014506290072261877,1.6818181818181819,-0.007027126698928692,1.7272727272727273,-0.0012646607077118205,1.1818181818181817,0.056230781272026596,1.9318181818181819,-0.037730851601490985,1.4545454545454546,-0.02433028859499405,1.409090909090909,-0.025293267638054097
2026-02-11,2026-02,465,462,0.030856292399280078,0.02749071705117915,0.0482095356699789,0.07654654432440432,0.04358707932511581,0.12179602933642657,-0.0004714242564746517,-0.010140125415121753,0.05688486651562549,-0.05166741814039486,-0.004165653706260136,0.467700589934121,0.02183363142127591,0.025914306876238857,0.04933553805041016,-0.023839793380341534,-0.004555631958547465,0.1309663816962553,0.01736753283333413,0.028842113777914406,0.051442632708440184,-0.09382874152014399,-0.016981539818921906,0.13699195942962947,1.4782608695652173,0.023795064877266105,1.8478260869565217,-0.014759690632513058,1.5217391304347827,0.022109959050151902,1.5434782608695652,0.02498341812574049,1.1304347826086958,0.04076099236859407,1.8043478260869565,-0.008676523271477528,1.4130434782608696,-0.008088240654199639,1.3260869565217392,-0.020296757210226255
2026-02-12,2026-02,468,461,-0.019858352307455827,0.007818996434948032,0.04842027969821413,0.019910214323586434,0.006386475729819584,0.11842492109407549,-0.051337153637704434,0.006278030645058736,0.04484218753149148,0.05006914161879372,0.023667502369838653,0.41857934095289395,-0.037761577953983126,-0.01763772019521425,0.04868429235739755,0.06971109579054863,-0.0251365205624933,0.0900324874598047,-0.027691389863399196,-0.040839669445735305,0.047738699869844275,0.06939453847312839,0.01867930057617066,0.14050892809324939,1.6739130434782608,0.0036342138262523806,1.8695652173913042,0.001604117601580476,1.717391304347826,-0.021931198456083816,1.6521739130434783,-0.044970104228344,1.2608695652173914,0.0032343018167761057,1.934782608695652,0.018830545848099522,1.2826086956521738,-0.028343042301623735,1.4130434782608696,0.015146691880518485
2026-02-13,2026-02,359,357,0.0028617668570361495,0.03360214855341362,0.06709564432415321,0.12216326128341191,0.045364640923902494,0.13074173705859315,0.04925981951272809,-0.004843092681791308,0.047128992325077806,0.044817647118082386,0.03612833326676837,0.48424433720194626,0.003045133647676403,0.02929056315073858,0.06504921012142699,0.11815409035029022,0.01696976352563378,0.11802571608374517,-0.05018829461103935,0.009069189059825027,0.05724349931676899,0.014658709533516959,-0.006345513495647881,0.14879369487365088,1.5,0.02985214855341362,1.891304347826087,-0.009571353551356524,1.608695652173913,0.025268824020303796,1.5217391304347825,0.005264841233738071,1.2826086956521738,0.04215811918477206,1.8478260869565217,0.031508768049377064,1.434782608695652,0.013382807003894649,1.4782608695652173,-0.010041165669560924
2026-02-17,2026-02,534,526,0.0015573237421240844,-0.0005921759467540783,0.05079152445977039,0.022916809091999838,0.02546675725153132,0.11684555012100148,0.07155161531878772,0.014881050507265164,0.04310672432981535,0.047371854737563196,0.04152421347048863,0.3670267164707184,-0.016424223774695053,-0.0013625579630944015,0.04967240302118823,0.10769002231981463,0.04637890527116442,0.1049108271891216,-0.007931148819319436,-0.020493220276795118,0.05174283554333538,0.05775085066095534,0.027242009465764185,0.16158670461121594,1.5471698113207546,-0.004460100475055965,1.811320754716981,0.010352748620472712,1.641509433962264,-0.005466331548000062,1.641509433962264,-0.024596993861700778,1.2830188679245282,0.02225921008172,1.8867924528301885,0.03680723233841316,1.4339622641509433,0.042793999610787066,1.5660377358490565,0.023326915126141545
2026-02-18,2026-02,468,460,-0.013601136468932889,0.010976279469076181,0.043867963264756345,-0.024270369919000428,0.015512194559065022,0.11171532155055067,0.03769911974899445,0.031300977005761475,0.043403895940158116,0.0684920842567594,0.039992222901524294,0.37466105264004157,0.023818890107750377,0.012284515923906801,0.04452228881081703,0.007451974660897925,0.005642026691371577,0.09174766561583333,0.011908830087742805,0.013705903930548527,0.04219537687648352,0.050287892724531796,0.023897507827643598,0.12290093796732632,1.5094339622641508,0.007202694563415804,1.8679245283018868,0.026631165685006758,1.6037735849056602,0.008275081961642651,1.6792452830188678,0.009507790723001359,1.150943396226415,0.012634836068498984,1.849056603773585,0.03536958139209033,1.4339622641509433,0.0020571210309942183,1.5283018867924527,0.020076753110662465
2026-02-19,2026-02,465,461,0.0391139808818914,0.008072075383217756,0.04316253426850112,0.006876441362972493,-0.01240338560047514,0.11793119047322999,0.1021900887261016,0.03823283627597397,0.05012724715062743,0.07742960565063596,0.039677830382590706,0.44560327802015387,0.05545856002726921,0.004261148257106713,0.042512805218405045,0.09526244274940815,0.0039480104260388674,0.0954125740200929,0.01706408611667785,0.01265283647397487,0.03987697730517262,0.11528815145369417,0.021643651825580004,0.12336298309104599,1.5434782608695652,0.004213379731043843,1.826086956521739,0.033667618884669626,1.6304347826086956,0.00018506130058497383,1.6521739130434783,0.008522401691366175,1.1521739130434783,-0.015283820383083836,1.8478260869565217,0.0350582651651994,1.3043478260869565,0.0006871408608214759,1.3043478260869565,0.018382782260362614
2026-02-20,2026-02,379,372,0.022890118876787394,0.0015992271789295443,0.048513927460484815,-0.08606586827667233,-0.021031263094144097,0.12270692967482515,-0.09154267744037242,-0.029508144664076256,0.04726866534897706,-0.02127151412622941,-0.03666436487716441,0.44147208327981263,0.02701079876472183,-0.01374778568376486,0.04788410327827841,-0.001300083983044683,0.0075729704212054196,0.10243633892890569,0.021510680835774572,0.015407951386882307,0.047384300962571596,0.117090880234888,0.009452034129849456,0.14638249500579126,1.5217391304347827,-0.002205120647157413,1.8695652173913044,-0.03418205770755452,1.608695652173913,-0.01776952481419964,1.7391304347826086,0.011060125299925786,1.2391304347826086,-0.02412908918110062,1.9130434782608696,-0.041446973572816584,1.4130434782608696,0.004040361725553245,1.391304347826087,0.0059737732602842385
2026-02-23,2026-02,427,424,0.008051372739708238,-0.0007507197976285972,0.0500216025836186,-0.09917942229674293,-0.026534507188114523,0.12242777450453667,0.021108199553268675,0.0035063889503239194,0.0419840009537227,-0.02781523518639857,-0.022799938565659324,0.38804190579269615,0.012838561385053186,-0.018454547626328227,0.04922130400021507,-0.038953193612155323,-0.0034774599941161458,0.11175618276354812,0.013165017882884026,-0.006608922695079331,0.049701637534128776,0.16243293075570528,0.043256145668794335,0.12948287486852633,1.4523809523809523,-0.004381672178580978,1.9047619047619047,-0.001255515811580842,1.619047619047619,-0.022502166673947274,1.619047619047619,-0.010656541742698377,1.1904761904761905,-0.029510697664305,1.7857142857142858,-0.02726422427994504,1.380952380952381,-0.006929840946497098,1.5714285714285714,0.03932757424022291
2026-02-24,2026-02,478,471,-0.011786801127472803,-0.02103535783534723,0.04506872214384465,-0.11527083756009278,-0.030440955972171387,0.12070058428860725,0.02031434036026351,0.004866580384652966,0.052675929925153867,0.06566950233173544,-0.000700494027933013,0.42714604101282483,-0.02685705611856495,-0.009439528858000985,0.04546654529486924,0.00466656217540479,0.014019847779876204,0.11594445630908012,0.0021058120709821996,0.0028414021872969243,0.045052557351499135,0.2953911387564298,0.09412325860679346,0.12670964097723048,1.4468085106382977,-0.024652379111942974,1.7872340425531914,0.00039849527826998823,1.6170212765957446,-0.013482082049490345,1.7234042553191489,-0.0014671084510009475,1.0638297872340425,-0.033100530440256494,1.7446808510638296,-0.005062196155592587,1.3829787234042552,0.010562400971365566,1.6382978723404256,0.0900275139259424
2026-02-25,2026-02,563,553,0.09363400883731947,0.020711735453124117,0.050764547945024385,0.016846891450919502,-0.014272031707182125,0.11697125692259183,-0.053897323207916535,-0.00798380833555595,0.0548541283836297,0.02986370354644249,-0.0241465444049779,0.5698454373262145,0.08993962392816515,0.023244152113819805,0.051105961248430753,0.034008016935284484,0.008446240475823912,0.08968690538948232,0.05350404317426337,0.025226915064981967,0.057663657363656674,0.0746691477235676,0.02256240962418192,0.12136181010441346,1.6181818181818182,0.01666628090766957,1.8545454545454545,-0.012620171971919586,1.7272727272727273,0.018925970295637987,1.6727272727272726,0.021045096883163784,1.0363636363636364,-0.016862940798091215,1.7272727272727273,-0.02846472622315972,1.3636363636363635,0.005037149566733004,1.4545454545454546,0.018926045987818284
2026-02-26,2026-02,607,592,0.07456444800265628,0.02121376933135271,0.05092056585172938,-0.012827429598675836,-0.0221808266214152,0.11271284659535198,0.01485639721176414,0.018068450806194878,0.048621094763779585,0.025851501392176627,0.026237777297988336,0.45217285598865,0.07093667550792933,0.020772912492866443,0.04882055692827111,0.018403873044670005,-0.0025447780547490292,0.09046412057290643,0.0842948133066508,0.024398800815339974,0.05010881996940729,0.04831932175681637,0.020775201408449198,0.13495554112024227,1.6779661016949152,0.01701885407711542,1.8644067796610169,0.013407433857042336,1.7796610169491525,0.016323759950493563,1.728813559322034,0.02007676691703489,1.2372881355932204,-0.025274046960398252,1.847457627118644,0.021619133230191726,1.423728813559322,-0.006104100088647335,1.4576271186440677,0.017131133611839027
2026-02-27,2026-02,445,436,0.01609488918397013,0.0031343547080852074,0.04399888315860243,-0.010052581661140801,-0.013773335028474356,0.11858926958997142,0.020041640507204576,-0.012291110098730629,0.047352113616493545,-0.00023695355359472692,-0.0024023530020664437,0.553874646736817,-0.017035872446729824,-0.009012409939511468,0.04256531539134993,-0.033601659779009654,-0.03510231397035345,0.10412883360616185,-0.004659702509901327,-0.026311617121075444,0.046325474568060826,0.054667210965896995,0.0118386378635701,0.13391114889898084,1.694915254237288,-0.0011029334275080129,1.8305084745762712,-0.016867381285171307,1.7627118644067796,-0.013419189600528417,1.7457627118644068,-0.03067602390073646,1.2203389830508475,-0.016824182486101475,1.8135593220338984,-0.00693625130715119,1.4067796610169492,-0.038619263122895826,1.5423728813559323,0.00798270566018027
2026-03-02,2026-03,430,421,-0.13906232424800843,-0.0441379628087823,0.04863375841768985,-0.1672176525789001,-0.05606580294388307,0.20732884250936054,-0.02935309611687239,-0.029093756816344164,0.05877888194553192,-0.07635548131797516,-0.007013805050619398,0.5341607225792748,-0.10998706144662007,-0.04392577797699202,0.05020210006558884,-0.14945851644713135,-0.06869690438778678,0.18237263496432984,-0.13795335404357148,-0.07146706008404854,0.05018458408478001,-0.16750276109257387,-0.02085197411290587,0.20975934102066923,1.7045454545454546,-0.04839932644514594,1.8409090909090908,-0.03369602954361689,1.6818181818181819,-0.048130323431537475,1.659090909090909,-0.07561478735677582,1.5,-0.05981580294388307,1.8409090909090908,-0.011616077777892125,1.8863636363636362,-0.07341281347869587,1.9090909090909092,-0.025624701385633143
2026-03-03,2026-03,391,382,-0.032602307674797146,0.02594936192666166,0.04989031196251696,-0.22052844370690208,-0.08704974936504349,0.2325560785830021,0.018734312812778833,-0.01733144213071562,0.0554083866339896,-0.015386374280579804,0.018089153857769994,0.5674834878821122,0.043765782040959066,0.03789970461439179,0.04944911489781391,-0.21997969520129293,-0.04909228191169905,0.20941369848227814,0.09343389339579287,0.04761275606204529,0.04689470251386514,-0.1826362904039937,-0.002611021986878733,0.22804567413894752,1.6666666666666665,0.021782695259994996,1.8333333333333333,-0.021914775464048953,1.6904761904761905,0.03367351413820131,1.738095238095238,0.043267517966807195,1.2380952380952381,-0.09014498746028159,1.6666666666666665,0.013922487191103328,1.5714285714285714,-0.05302085334027048,1.2857142857142856,-0.005825307701164447
2026-03-04,2026-03,385,371,0.014292135398515387,0.03322559165266529,0.04588542519348453,-0.14164283908115008,-0.030050137786881807,0.230065643586017,-0.08970737172053105,-0.019747370489569416,0.04043386470920006,-0.07441554670122826,-0.013248112974526133,0.749316683492145,0.02359722278370719,0.026228972736399587,0.04723355508026819,-0.14471369309440985,-0.015563423073397694,0.21649904408164927,0.054952063576684584,0.052584925090232465,0.04997248250617714,-0.10602189982479714,-0.013254548288841157,0.2664762554136483,1.6578947368421053,0.029080854810560025,1.631578947368421,-0.02382631785799047,1.6842105263157894,0.022018446420610113,1.736842105263158,0.04824281982707457,0.9736842105263158,-0.032484348313197596,1.631578947368421,-0.017327060342947186,1.4210526315789473,-0.019116054652345064,1.0789473684210527,-0.01595191670989379
2026-03-05,2026-03,392,376,-0.05497147415222312,-0.03774006285072812,0.04723215392312521,-0.05199198829880442,0.0294242733074782,0.21471651094524485,0.1335667974844176,0.012916786225609475,0.03733607421588474,0.036444061339017966,0.00586300798288609,0.5535510989200128,-0.057744673927221504,-0.03544552364421849,0.04675199225076899,0.021440902945977596,0.05526731901339148,0.2024484306181732,0.035997870771275656,-0.0010464300301707453,0.046147300507200506,0.05293010001876622,0.03048709264939393,0.23557254662247082,1.5,-0.04149006285072812,1.868421052631579,0.008245733594030528,1.6578947368421053,-0.039590260486323754,1.5789473684210527,-0.004993798451223377,0.9736842105263158,0.02699006278116241,1.763157894736842,0.0014551132460439856,1.473684210526316,0.05158310848707569,1.0263157894736843,0.02792130317570972
2026-03-06,2026-03,338,327,0.025092422131091804,0.028790794396537367,0.03885479076495707,-0.008779945705891008,0.0338480324442978,0.21187056397849863,0.09286398257625823,0.01320264726051587,0.05272700378643716,0.07641896614160094,0.019562571281148206,0.6075763743032109,0.01114923532651068,0.031772832701964494,0.036537561835659926,0.03197342195994866,0.0520787523649139,0.17614330836769307,0.02932879447717253,0.01818449484712266,0.04057209104722666,0.00706389012893569,0.050407173623707044,0.1813113188201731,1.6052631578947367,0.024777636501800523,1.8157894736842106,0.008663173576305343,1.6842105263157894,0.02756230638617502,1.6842105263157894,0.013973968531333186,1.105263157894737,0.031084874549560958,1.894736842105263,0.014825729175885049,1.5,0.04832875236491389,1.2105263157894737,0.04738085783423336
2026-03-09,2026-03,377,367,0.017701158383476797,0.047362113803153624,0.03668528032276774,0.037278161636195385,0.05672683230254621,0.2068644838558661,-0.025804982876724628,-0.017957753700691588,0.03705116915681352,0.04453675570407344,-0.013188127875140768,0.44009514072456873,0.06854918538704305,0.05718718940549571,0.035069307339991425,0.021464717722971576,0.05020949833725794,0.18300775952033094,-0.032505238301276454,-0.011962379429603747,0.0371794341438596,0.03294553331237117,0.019529429911889794,0.172593646657628,1.5945945945945947,0.04337562731666714,1.864864864864865,-0.02261991586285375,1.7027027027027029,0.05293043264873896,1.7837837837837838,-0.016421838889063206,0.972972972972973,0.05429439987011377,1.7837837837837838,-0.01764758733460023,1.4864864864864866,0.04649328212104172,1.0540540540540542,0.016894294776754658
2026-03-10,2026-03,349,341,0.1109002576608933,0.04217512246411188,0.05320350831591236,-0.04148658376501475,0.039797275702525045,0.22036743952947502,-0.008937264965820712,-0.02111854650826059,0.042681259555857096,0.027634718877984195,-0.029537593571595418,0.5279660405700698,0.13918730198521367,0.04437354650032813,0.05090705354448009,-0.04540996795912318,0.02792664005555803,0.21734334177830641,0.10241703953590131,0.0005551404663987657,0.061586575425703144,0.00384885739692577,-0.0010425757042942076,0.2221620608778561,1.6756756756756757,0.037985933274922695,1.8108108108108107,-0.025645573535287614,1.7297297297297298,0.04004922217600381,1.7027027027027026,-0.0037016162903579907,0.9729729729729729,0.03736484327009261,1.7297297297297298,-0.03386191789591974,1.4324324324324325,0.024345558974476947,1.2432432432432432,-0.004150683812402316
2026-03-11,2026-03,352,345,-0.0395637569858533,0.017353101385971553,0.05651527890817669,-0.0793003030963371,0.006226375032800748,0.22979095753501444,-0.0453286424108749,-0.0319320341164049,0.0476222021736438,-0.06815509582064828,-0.013025165473623089,0.5261759372318493,-0.036487947992120844,0.0008020279672155493,0.05814005351627963,-0.12815697836944295,-0.025648218251381503,0.2208106738569982,-0.07489363013442334,-0.006598073759569353,0.048320049155409175,-0.06679125092722826,-0.017346664608596157,0.23225528155179584,1.6470588235294117,0.013235454327148025,1.7941176470588236,-0.03641732823405196,1.7058823529411764,-0.003462677915137392,1.6764705882352942,-0.010789250230157588,1.1764705882352942,0.0032851985622125127,1.8235294117647058,-0.01758398900303485,1.5,-0.029398218251381503,1.088235294117647,-0.020067252843890274
2026-03-12,2026-03,340,331,0.020765089052775236,0.012921189419585689,0.041180665298731274,-0.09558224348572118,-0.013276637241853132,0.22212880353132886,-0.09499501395601075,0.022089958358162486,0.03756399480592883,-0.02515299134072958,-0.015372417809929362,0.7399170259860429,0.027343867772914948,0.012880365835598004,0.04073265082640365,-0.09698302906141565,-0.021932872490932606,0.1992001434731664,-0.042518788326583325,-0.005500019532816011,0.037375207532213996,-0.05965093327186323,-0.017378742930374773,0.2121307569922823,1.6176470588235294,0.008877071772526866,1.6764705882352942,0.01789878188757425,1.7352941176470589,0.008542130541480356,1.7941176470588236,-0.00998531365046307,1.1176470588235294,-0.016070754888911958,1.7058823529411764,-0.019637123692282304,1.5294117647058825,-0.02575640190269731,1.1764705882352942,-0.020319919400963008
2026-03-13,2026-03,281,273,0.03783654201729394,0.025922900921765333,0.03624170805479213,0.006594717978928711,0.0034728229035275587,0.2211424435178439,0.06282612362222971,0.024343072352528763,0.03698964728372334,-0.14275355100173193,-0.020654640790456893,0.5587907048563163,0.057010907908930306,0.021847807582642747,0.03761536135695648,0.04104587949110892,-0.004562174290227769,0.19743929499829257,0.04805920670575263,0.020042019680166438,0.03559569299265557,0.0443428328514689,0.013578624856705081,0.20430746619348172,1.7272727272727273,0.021604719103583515,1.8181818181818181,0.019797617807074216,1.7272727272727273,0.01752962576446093,1.6666666666666665,0.015875353013499773,1.1818181818181817,0.0005182774489821047,1.8484848484848484,-0.025275852911669013,1.5454545454545454,-0.008425810653864132,1.2121212121212122,0.01054832182640205
2026-03-16,2026-03,331,321,0.07518988070598014,0.008863417269934528,0.039603626796498426,-0.04211506834809714,-0.0032571903945777664,0.2148652400355786,0.0032617406711679823,0.006761018358736683,0.04326955893996888,-0.03980356097990367,-0.015206756238755732,0.5279030962847173,0.015031617819809863,-0.0004209005468619048,0.03951537585601747,-0.0320436924848529,-0.0076748706083342826,0.20921142282895744,0.04460644004195855,0.0010840500893674887,0.038024134285532966,-0.06351756931598958,-0.02888151107262682,0.20742414239794016,1.65625,0.004722792269934528,1.84375,0.0021516433587366835,1.75,-0.004795900546861905,1.75,-0.0032909499106325117,1.15625,-0.006147815394577766,1.90625,-0.01997238123875573,1.4375,-0.011268620608334282,1.125,-0.03169401107262682
2026-03-17,2026-03,288,282,-0.022218574580657798,-0.029253648795062787,0.039037301003311015,-0.08226181433836088,-0.024807108475652824,0.2087162003985473,-0.09863651565278056,-0.032539758097876355,0.03595500249862842,0.1164667681685739,0.05187294986000431,0.4770872986742428,-0.0587594867810186,-0.04338735948998508,0.040480880967141836,-0.0976282909146442,-0.02185517678546655,0.2166219265865428,-0.0005345036149323431,-0.017679447429419667,0.04795980121963851,-0.05033727981867065,-0.03514937395428318,0.20400913711637259,1.65625,-0.03339427379506279,1.71875,-0.03683663309787635,1.65625,-0.04752798448998508,1.625,-0.021741947429419668,1.25,-0.027932108475652823,1.75,0.047497949860004315,1.5,-0.02560517678546655,1.34375,-0.038508748954283176
2026-03-18,2026-03,308,307,-0.019533094177734134,-0.02724752431713788,0.053930782656818846,0.01134376834070076,-0.010211747069019497,0.2209047423976083,-0.051113383171464216,-0.01639680884491333,0.042672491449569916,0.1280712477614374,0.032243909647725395,0.4451913408214046,-0.020934632869739286,-0.028519596593806786,0.0538827050467101,-0.03466502821361934,-0.025586539020149558,0.20081910923604043,-0.02270191147835751,-0.011199542759461199,0.04907392651581505,-0.06833614189485288,-0.029774530242795333,0.21420591673062694,1.6451612903225805,-0.03136042754294433,1.9032258064516128,-0.02115487336104236,1.6774193548387095,-0.03271314498090356,1.7419354838709677,-0.015554381469138618,1.2258064516129032,-0.013276263198051756,1.8709677419354838,0.027566490292886686,1.5806451612903225,-0.029538151923375364,1.161290322580645,-0.03267775604924694
2026-03-19,2026-03,278,267,-0.028458332670069836,0.017885626066425436,0.057063639856988514,0.05647290715232635,0.009310275831512789,0.2137052270549315,0.11570051676463859,0.07670325974287334,0.04786040038548833,-0.08355468959500793,-0.11216665201175444,0.5345820743176672,-0.015235520111978073,-0.02287001896304123,0.0551593773935056,0.056147838221794755,0.03390242588060934,0.21299419248545612,0.04894857361325246,0.040332378474978337,0.05119844846918582,0.07667465654819804,0.01867479030681869,0.21839904302248248,1.9032258064516128,0.013127561550296405,1.967741935483871,0.07178390490416367,1.8064516129032258,-0.027386147995299294,1.7741935483870968,0.0358968946040106,1.3225806451612903,0.006003824218609563,1.967741935483871,-0.11708600685046411,1.6451612903225805,0.02978952265480289,1.2580645161290323,0.015529629016496108
2026-03-20,2026-03,269,266,0.010930171159409275,0.02677521882562882,0.04702973873255728,0.15145523929300214,0.010271372812495978,0.1985256469084157,0.09660874037357446,0.036221001025521254,0.04875693891147887,0.030343669829648205,0.013139759271124265,0.5810649390849802,-0.0016811851523053875,0.01281431972376856,0.04774806236013687,0.1852540272614622,0.03196729288990387,0.17390704299840662,-0.014983323777642148,0.005773433165989085,0.053153319109030386,0.07154623413292892,0.014285847036646405,0.17477527702296222,1.5925925925925926,0.022793737344147337,1.8148148148148147,0.03168396398848422,1.7407407407407407,0.008462467871916709,1.7777777777777777,0.0013289887215446406,1.0,0.007771372812495977,1.8888888888888888,0.008417537048902041,1.5555555555555554,0.028078404001014978,1.1111111111111112,0.011508069258868627
2026-03-23,2026-03,260,257,-0.013125369330237557,-0.019969241268155517,0.03978480399249456,0.15288004943177358,0.02291850027396231,0.17453999043657228,0.14010221870621023,0.04747927763056701,0.04282690796105769,0.03370570366792094,0.004922507516627633,0.4517693778929802,-0.048040326509268365,-0.013491341229378381,0.04025040134516719,0.2499923189578362,0.04685181143799238,0.14148529790914977,0.008545415441967167,-0.014471831089144536,0.04597279487998004,0.27352771490702527,0.06652344221175086,0.16156190705414003,1.6296296296296298,-0.02404331534222959,1.7777777777777777,0.04303483318612256,1.7407407407407407,-0.01784319308123023,1.7037037037037037,-0.018731090348403798,1.0370370370370372,0.020325907681369715,1.6296296296296298,0.000848433442553558,1.4814814814814814,0.043148107734288677,1.1851851851851851,0.0635604792487879
2026-03-24,2026-03,328,324,0.05833653420907337,0.0011717871715483073,0.030986712190874927,0.08912596808408618,0.0011794816034218225,0.18702031311113387,-0.009176460126286808,-0.002596566255047998,0.03602744086731531,-0.06560067951115642,-0.043481353100104134,0.5423728586174548,0.02917463839037041,-0.007482572197297466,0.03254120790245463,0.049175304920557085,-0.007274477409316287,0.15611596615053713,-0.011658157071239154,-0.028608092982092267,0.03228158661632404,0.011635032554558557,-0.022379735464625794,0.1629434886854142,1.5625,-0.0027344628284516927,1.8125,-0.007127816255047998,1.6875,-0.011701322197297467,1.75,-0.03298309298209227,1.15625,-0.0017111433965781775,1.875,-0.04816885310010413,1.59375,-0.011258852409316287,1.0625,-0.025035985464625793
2026-03-25,2026-03,297,294,0.08518641090444182,-0.005582553090740291,0.049308493763932884,0.030324558848048782,0.0034432816759034195,0.1940797831991623,-0.08242670070368197,-0.020110658503912207,0.04665544792226566,-0.06988260586051065,-0.022595540525918577,0.5768425586665499,0.08476017200849416,-0.00036814970433776337,0.048979058830034505,0.024695531406940804,0.033183194072342534,0.1749312625234497,0.050008061753028195,0.0028499613610459985,0.049045068416132966,-0.011994147900188169,-0.013408189296127554,0.21247484380828924,1.625,-0.009645053090740291,1.84375,-0.024720033503912206,1.6875,-0.004586899704337764,1.78125,-0.0016031636389540012,1.0,0.0009432816759034194,1.75,-0.026970540525918577,1.46875,0.029511319072342536,1.03125,-0.015986314296127555
2026-03-26,2026-03,325,319,-0.03176202323319133,-0.0023233523334905554,0.04399121606675193,0.19651897296069076,0.021132588849781555,0.18161984800826758,0.01851582546751297,0.007614193525554095,0.033627245089349805,0.031131448876333873,0.027446147242500923,0.4689832255244255,-0.07596909793228812,-0.0027183622647802136,0.04379444887593313,0.07428451575690839,0.012127510475543102,0.16240475728409365,-0.06897628161431843,0.0032433906184064533,0.04355091491821779,-0.010822365546291927,-0.020841493805727165,0.1646520891226828,1.59375,-0.0063077273334905554,1.9375,0.002770443525554095,1.65625,-0.006858987264780214,1.71875,-0.001053484381593547,1.125,0.018320088849781556,1.71875,0.02314927224250092,1.5,0.008377510475543103,1.21875,-0.023888368805727166
2026-03-27,2026-03,264,260,0.02233759144349622,0.026254367881487328,0.04134296273211273,0.06895694878333518,0.02380828720849988,0.18228229722724512,0.1060736165211955,0.009747413696832647,0.0443598908420429,-0.045132976956386676,-0.02732519812279169,0.5215081239405732,0.02772144012571699,0.04087759032706132,0.04166554583786806,0.012474482974518844,0.015412731992971374,0.17389749427540943,0.039496768386932675,0.041339966427733445,0.044746938189852585,-0.12238389345785859,-0.007576419009717061,0.20332582782094294,1.78125,0.02180124288148733,1.75,0.005372413696832647,1.78125,0.03642446532706132,1.84375,0.036730591427733446,1.25,0.020683287208499882,1.625,-0.031387698122791685,1.65625,0.011272106992971374,1.40625,-0.011092044009717061
2026-03-30,2026-03,337,328,0.03384620931893277,0.03840082185562211,0.05619314800310478,0.11599037803100802,0.06947857199296756,0.19162380695343018,-0.07692621264469719,-0.014964596344201025,0.03128681641946623,-0.05848796536286633,-0.031169181370239295,0.4397323813402292,-0.01123514389884106,0.026571221745995563,0.052010385176315566,0.10017878150153886,0.06720983559218136,0.16453706111871835,0.00767048518703392,0.042416252992924286,0.05388395404192746,-0.021106375934040852,0.02642495680759287,0.20129823865312518,1.575757575757576,0.03446142791622817,1.8181818181818183,-0.019510050889655572,1.5454545454545454,0.0227075853823592,1.7575757575757576,0.03802231359898489,1.4545454545454546,0.06584220835660393,1.9090909090909092,-0.035941908642966564,1.696969696969697,0.06296741134975711,1.393939393939394,0.022940108322744384
2026-03-31,2026-03,296,289,-0.06939436386244116,0.060031407569834286,0.05913591669763621,0.176952782168084,0.10574835839428548,0.18724295162949067,0.07426652232427983,-0.03337961008226923,0.047493806866077175,0.13266594897829628,0.04048503175221605,0.5672816278348709,-0.10067973605497738,0.05831100786597208,0.05838998594788983,0.20626260385145728,0.08146321655223515,0.16424118772406002,-0.08921626818069302,0.013160318078018221,0.05628523268164044,0.02980746884875676,0.06866707446927069,0.2258189097046852,1.6363636363636365,0.055940498478925196,1.6666666666666667,-0.037546276748935896,1.6363636363636365,0.05422009877506299,1.5757575757575757,0.009220924138624282,1.3333333333333333,0.10241502506095215,1.7272727272727273,0.03616684993403423,1.6666666666666667,0.07729654988556849,1.0606060606060606,0.06601555931775553
2026-04-01,2026-04,311,308,-0.09259254272543418,-0.02152288780817734,0.035609366455066176,0.18263705488578427,0.0739453938984592,0.1535811895324338,0.14155625197527866,0.06390303040346926,0.03384644402016771,-0.029779729487873004,0.038240090511681174,0.5132494737063685,-0.07973644589731173,-0.025554900847841042,0.0369549601173093,0.10984178149409972,0.026056259958307043,0.14241437758168868,-0.06866308839881474,0.0003104695570357481,0.0335913480625798,-0.03274596474990625,0.007796899080109198,0.15886837099829026,1.7741935483870968,-0.02595837167914508,1.7096774193548387,0.05962883685508216,1.8709677419354838,-0.03023232020267975,1.7741935483870968,-0.004125014313931994,1.5161290322580645,0.07015507131781404,1.935483870967742,0.03340138083426182,1.6129032258064515,0.022024001893790914,1.2580645161290323,0.004651737789786618
2026-04-02,2026-04,279,275,0.03783443814088463,0.035937569002634964,0.03219280989999545,0.19404734277094454,0.048311456886984655,0.14676884774650845,0.12899889020718774,0.03753898045663418,0.04162284363511902,0.14505175964126468,0.06105268571463708,0.6985185412423952,-0.0009448675320594004,0.0541464841070555,0.03315949077797309,0.20982274088563252,0.03917331766229941,0.12162926527006286,0.02857695410491883,0.0024721623911239127,0.04176304431123315,0.11015151012830289,0.04347970904557485,0.15570478833147458,1.6129032258064515,0.03190531093811884,1.8387096774193548,0.03294220626308579,1.8387096774193548,0.049549709913507115,1.6774193548387095,-0.0017213859959728612,1.096774193548387,0.04556952140311369,1.8064516129032258,0.056536556682379016,1.5806451612903225,0.0352217047590736,1.096774193548387,0.04073777356170388
2026-04-06,2026-04,323,318,-0.05213589033251827,-0.03526120274824231,0.03168667712413562,0.0030065931921478646,-0.02112684171440607,0.16234593384433538,0.007360624485620394,0.02516811934183288,0.035692009016023346,0.13377565756149254,0.05564431687802984,0.5083441238384694,-0.021323027657332797,-0.0179357561302956,0.03195885718588804,-0.0643602527525349,0.02022104680548037,0.14698624052107334,-0.04407064907057518,-0.04005794091129782,0.032922112834214014,-0.04928259563395896,0.018615382870880093,0.14231643039966002,1.5,-0.03901120274824231,1.75,0.02079311934183288,1.53125,-0.0217638811302956,1.625,-0.044120440911297826,1.3125,-0.02440809171440607,1.6875,0.05142556687802984,1.46875,0.01654917180548037,1.0,0.016115382870880095
2026-04-07,2026-04,247,243,-0.034711191001537425,-0.04939106061151358,0.04258843948161665,-0.013221206249424161,0.001992973112656435,0.15782384077707926,0.07830138782607941,-0.032150389654022206,0.040809009030560436,0.13943697704712105,0.0013991498912940548,0.5133369366327921,0.05175322830560619,-0.054954806156786114,0.04403030445913079,-0.018716736701300453,0.055733692162007464,0.15917591098695993,-0.00800598687116915,-0.07094558625567127,0.04751103819320762,-0.07278412404083688,0.0049816392874770105,0.18475968988301855,1.8125,-0.053922310611513584,1.8125,-0.036681639654022206,1.8125,-0.059486056156786114,1.8125,-0.07547683625567127,1.40625,-0.0015226518873435652,1.65625,-0.0027414751087059454,1.5625,0.051827442162007464,1.125,0.0021691392874770106
2026-04-08,2026-04,283,278,-0.062322964174037536,-0.05137276403136396,0.05236196034485548,0.0031666580189353547,-0.014883513982734319,0.15448456763156823,0.04806567791286259,0.010889052710942305,0.03635147379737785,0.044167776900460726,-0.04164957884033634,0.5419790968298912,-0.12196001359635143,-0.0656920358169059,0.05265668969695958,-0.0386474171697352,-0.03515571825311344,0.17165039852261543,-0.12126272407771946,-0.022681934238575133,0.050993932302794615,-0.03230562988486516,-0.015742189724653584,0.14943556840132388,1.8214285714285714,-0.05592633545993539,1.9285714285714284,0.006067624139513734,1.8214285714285714,-0.07024560724547733,1.607142857142857,-0.026699791381432275,1.107142857142857,-0.01765137112559146,1.8928571428571428,-0.0463817216974792,1.5,-0.03890571825311344,0.9642857142857142,-0.01815290401036787
2026-04-09,2026-04,312,308,0.06873355833733057,0.019052597840759345,0.03662981038639038,0.053091012826176114,-0.013810829585498719,0.16327092039488977,0.005890006535608221,0.0030476463917107344,0.043163831041468016,0.19230520785799018,0.025477727429354252,0.4439655639111034,0.06640971110279308,0.026931719955321346,0.03799834333240107,0.019602768639679358,-0.005275511456475188,0.16988827179997198,-0.019939800499265484,0.012456064070730945,0.04044018179368923,0.07483411157532563,0.024048004907510585,0.15302203643706536,1.5161290322580645,0.015262275260114182,1.9032258064516128,-0.0017104181244182977,1.6129032258064515,0.022899461890805217,1.5161290322580645,0.008665741490085782,1.096774193548387,-0.016552765069369688,1.8064516129032258,0.020961598397096187,1.5161290322580645,-0.00906583403712035,1.129032258064516,0.021225424262349295
2026-04-10,2026-04,281,274,-0.004311027869976438,-0.012122032844394365,0.03770428194664449,0.12519172733074452,-0.03915462254724643,0.15221678327631066,0.02958808031821038,0.027182743481494742,0.031000792716718163,-0.052149218255621875,0.004252266367258117,0.5125394579437044,-0.01754210666720406,-0.0007417254257186673,0.03754424632886334,0.10625534078248548,-0.022011714180163074,0.1572300293655307,0.04450832350809636,0.039197194334486804,0.039639196934988935,0.11250256898398035,-0.01659187404002354,0.14178295819847672,1.6129032258064515,-0.016154290908910494,1.7419354838709677,0.02282790477181732,1.6451612903225805,-0.004854628651525118,1.6129032258064515,0.03516493626997068,1.096774193548387,-0.041896558031117394,1.7096774193548385,-2.1927181128978714e-05,1.6129032258064515,-0.026043972244679203,1.161290322580645,-0.019495099846475152
2026-04-13,2026-04,304,295,0.010465235479544503,0.003690634866123421,0.04779468993180651,0.04442887774541043,-0.017231018923004385,0.17115343722204368,-0.1415812513377231,-0.027390907999310623,0.05813755413394203,-0.038763568197845696,-0.026680114915109795,0.450338331113259,-0.02779068674770842,0.008047475942193294,0.0492960930600298,0.09575471511745362,-0.026428832619618117,0.15884798256059487,-0.03547228320761325,-0.014366339099338363,0.03769025627990272,0.11260005638182455,-0.0011620235237364551,0.17639129360516867,1.5999999999999999,-0.0003093651338765789,1.8666666666666667,-0.03205757466597729,1.5,0.004297475942193294,1.5666666666666667,-0.018283005766005028,1.0,-0.019731018923004384,1.7999999999999998,-0.031180114915109795,1.4333333333333333,-0.03001216595295145,1.0,-0.003662023523736455
2026-04-14,2026-04,316,309,0.06921770744795143,-0.0008653185218997286,0.05443199789575902,0.028268711150155067,-0.02377067355316456,0.17827427928005496,-0.013633360056835414,0.03347604263631353,0.045032122190833364,0.02851071477853103,0.042462946998055945,0.6100328018468234,0.07311766618558936,0.026729844706542043,0.052569731536938794,0.09687109600059327,0.010062519586553544,0.16732684943464493,0.03323483924172717,-0.0008289335595040581,0.04984002434490563,0.12680285147641296,-0.013257518418467968,0.21416921024360963,1.5161290322580645,-0.00465564110254489,1.7741935483870968,0.029040558765345784,1.6129032258064515,0.022697586642025914,1.5483870967741935,-0.004699901301439542,0.8709677419354839,-0.02594809290800327,1.7741935483870968,0.038027463127088205,1.3225806451612903,0.0067560679736503185,0.9354838709677419,-0.015596228095887323
2026-04-15,2026-04,296,292,0.03302632752471224,0.008461812869522772,0.05839494562919369,0.012742634776533082,-0.037778176761490416,0.1767537497497838,-0.13814944542358706,-0.0550149714442186,0.04217268345489338,-0.09617940790920305,-0.0002413079529444695,0.7237068101249893,0.11355563347117996,0.024901421506444588,0.05861320630599947,0.09630015223235562,-0.046267651314733906,0.18712839535598097,0.0053154084726570305,-0.004121745349854496,0.06165870983145872,0.131218737998399,-0.01334533593322091,0.1855604933767483,1.5483870967741935,0.0045908451275872885,1.6774193548387097,-0.05920851983131538,1.5483870967741935,0.021030453764509103,1.3548387096774193,-0.0075088421240480435,1.032258064516129,-0.04035882192278074,1.8064516129032258,-0.004757436985202534,1.4193548387096775,-0.0498160384115081,0.967741935483871,-0.015764690771930587
2026-04-16,2026-04,309,301,0.01745905384130207,-0.020220815009418636,0.04809069766859664,-0.009004681507030396,-0.04042898023755601,0.18513973106940587,0.01882110474040045,-0.002057094671820841,0.04301162547146501,0.047060936223330414,-0.002508229039223679,0.5187549909576773,0.013331924678164221,-0.019028846400398435,0.0485213627351839,0.03291819361346452,-0.037994885006495706,0.18759589803715548,0.03547126221726911,0.04160795851699419,0.05609732903274684,0.051911852632178346,-0.011133692775301128,0.18000190177311498,1.4,-0.023720815009418635,1.8666666666666667,-0.006723761338487507,1.5666666666666667,-0.0229455130670651,1.3333333333333333,0.03827462518366086,1.0666666666666667,-0.04309564690422268,1.8666666666666667,-0.007174895705890345,1.4333333333333333,-0.04157821833982904,1.1,-0.013883692775301128
2026-04-17,2026-04,303,296,-0.019904870314222344,-0.020340135075399786,0.04584697723607008,0.023817247531654526,0.0004872028716749149,0.18452537457148233,-0.014187713655746394,-0.011240636212417004,0.03884066402643406,0.022654338755042778,-0.0027905945532367797,0.849776308486859,-0.010906964999163729,-0.012188365541598686,0.046485456569961,0.0072380931017465636,0.0017330971573260162,0.1950856660803159,0.0524862101887854,-0.006115859960102953,0.04589119781139517,-0.004398331084415517,0.014754858827534707,0.1778152735903859,1.3666666666666667,-0.02375680174206645,1.7666666666666666,-0.015657302879083672,1.6,-0.016188365541598686,1.5666666666666667,-0.010032526626769619,0.9333333333333333,-0.0018461304616584182,1.6333333333333333,-0.0068739278865701135,1.2333333333333334,-0.0013502361760073175,0.9666666666666667,0.012338192160868039
2026-04-20,2026-04,361,355,-0.01612782786508652,0.007108732646647906,0.04324452693921097,-0.043927501104940654,0.027922816156556975,0.18383931327197287,0.007777211430149886,-0.013375457545857184,0.050501232030982564,-0.005015050192609199,-0.0007631221717260982,0.39932589874499375,0.019720902613583943,0.006777083898394697,0.04306945243922988,-0.024204304099793447,0.02152121769741254,0.20433615634424818,-0.02717449146110994,-1.3124855657008563e-05,0.05033257429531127,0.0012211577991586343,0.03853346400495086,0.17985144645596546,1.5833333333333333,0.003150399313314573,1.8333333333333333,-0.017958790879190518,1.6111111111111112,0.002749306120616919,1.6111111111111112,-0.004040902633434786,1.222222222222222,0.02486726060100142,1.7777777777777777,-0.005207566616170543,1.4166666666666665,0.017979551030745874,1.0833333333333333,0.03582513067161753
2026-04-21,2026-04,333,323,-0.16211634042237894,-0.05476694774293315,0.04116767035617056,-0.04597447891582514,0.02666161287686074,0.18935231259092689,0.0669816823314263,0.03006853610507849,0.043670730874813296,-0.06655777440097005,0.05742558875667893,0.5497275865636766,-0.16057789988242335,-0.04740910858544889,0.042074027735648424,-0.013433894178429205,0.01970113330108149,0.21870470512658358,-0.06337504086584239,-0.009477137173073087,0.04935860731607472,-0.11388262225142681,-0.023430667736914306,0.19888616318348795,1.6388888888888888,-0.05886416996515537,1.7777777777777777,0.025624091660634046,1.6388888888888888,-0.051506330807671113,1.5,-0.013227137173073087,1.0833333333333333,0.023953279543527408,1.722222222222222,0.05312003320112337,1.25,0.01657613330108149,0.9166666666666666,-0.025722334403580974
2026-04-22,2026-04,410,403,-0.05322325302206496,-0.04764175901489787,0.0447817409211133,0.051416652120940924,0.03553086030969588,0.19917097501456738,-0.017288342939504094,-0.01219399158736259,0.03707275304750189,-0.09798026087686881,-0.019845827001903016,0.5118980187922716,-0.069745926703117,-0.05251868858342321,0.04532105622293328,0.03540727088958467,0.04974269556474215,0.20750224199146033,-0.04726543983445296,-0.04635385708983014,0.054045366962391206,-0.019067074150119726,0.008812248645069607,0.18996209772303702,1.475,-0.05132925901489788,1.825,-0.01675649158736259,1.55,-0.05639368858342321,1.55,-0.050228857089830145,1.4,0.032030860309695874,1.725,-0.024158327001903016,1.35,0.04636769556474215,1.125,0.005999748645069607
2026-04-23,2026-04,403,394,-0.0490110193938545,0.0025990362035212197,0.04710529077973199,0.08641135770182329,0.028073214700573057,0.1899036617997365,-0.15221586970975817,-0.034300690225859604,0.04076971238615027,-0.09843783610844033,-0.004589981356938576,0.42832639168661374,0.0032494212718927537,0.022497189328942624,0.04689563140413125,0.03508670929312849,0.03966700099603737,0.19261135734044588,-0.023022983013830437,0.01612545266885411,0.05233302899490136,-0.04191025561576194,0.02288168163995568,0.19211802860865224,1.725,-0.0017134637964787806,1.875,-0.0389881902258596,1.75,0.018122189328942623,1.6,0.01212545266885411,1.25,0.024948214700573058,1.85,-0.009214981356938576,1.4,0.03616700099603737,1.075,0.02019418163995568
2026-04-24,2026-04,326,325,0.02941685319802053,0.019717853519625992,0.05143587482985213,0.06654151386970658,0.025675278513975334,0.1675820506643504,0.04290160605263355,0.038275608348268,0.03735853692414981,0.12928880330078224,0.04339318095868854,0.4227732682484202,0.01845235982006399,0.024907604871159613,0.05163964545344295,0.0369145910092609,-0.005223231542676964,0.17195947049185634,0.03349771183395318,0.020906200364854646,0.03942067627675422,-0.06027163583306995,0.00785394835357536,0.13933114358223975,1.641025641025641,0.01561528941706189,1.8205128205128205,0.03372432629698595,1.641025641025641,0.02080504076859551,1.7179487179487178,0.01661132856998285,1.282051282051282,0.02247015030884713,1.8205128205128205,0.03884189890740649,1.5384615384615385,-0.00906938538883081,1.358974358974359,0.004456512456139462
2026-04-27,2026-04,376,363,-0.03720176502079858,-0.020267837013120456,0.04886946661725742,-0.008469552935806377,0.019545097810927867,0.1859012045380142,0.09767772857353911,0.017802276179736926,0.03795797183003414,0.021058641552213736,0.009247209918275432,0.4252743133240276,0.027559460617325057,-0.01593726718362244,0.04821375099509909,-0.023329421712818016,0.03403689217144745,0.18304146660698786,-0.01275523593377007,-0.021701336422306414,0.045019653097196105,-0.04422766771418641,0.006996322887204849,0.17130406418194374,1.6666666666666665,-0.024434503679787122,1.8333333333333333,0.013218942846403594,1.722222222222222,-0.020242822739177997,1.6944444444444444,-0.025937447533417524,1.3055555555555556,0.01628120892203898,1.8055555555555556,0.004733321029386543,1.5555555555555556,0.030148003282558563,1.1111111111111112,0.0042185451094270705
2026-04-28,2026-04,380,373,0.0017016446753349,0.007433673212599499,0.05279762164419617,-0.14301972495071222,-0.03311284843550985,0.17975744866841548,0.07213838439242344,0.02317146290697978,0.04573693281563897,-0.007232538042035774,-0.027406217271755327,0.5692209844552988,0.021306643833732868,0.0013136511348537036,0.05186795226480076,-0.15022213668923937,-0.04561648432851371,0.17131196949127558,0.06951702902155978,0.0243470359598928,0.052368078367576766,-0.07174725295152576,-0.02227247841233979,0.202831842609354,1.7027027027027026,0.003176916455842742,1.7837837837837838,0.01871200344752032,1.8108108108108107,-0.003213375892173323,1.6756756756756757,0.020157846770703612,0.9729729729729729,-0.035545280867942286,1.7297297297297298,-0.03173054159607965,1.2972972972972974,-0.04885972757175695,1.054054054054054,-0.024907613547474925
2026-04-29,2026-04,512,504,-0.02921231934414375,-0.01792362407333667,0.04406687076098699,-0.1476540237580252,-0.06354454206772221,0.182952751070261,0.04228514367494282,0.011565342710692813,0.03691916433584505,0.13014367770656804,0.0517775153465489,0.5120196251943707,-0.011057985782896258,-0.02479450539091808,0.04377745526806312,-0.08825842431421019,-0.04599021821689624,0.17283839076757432,0.04046396046086877,0.007202592963910076,0.04180377985208639,0.018422286452432452,-0.029319634011018888,0.1759422229975462,1.6,-0.02192362407333667,1.74,0.007215342710692813,1.72,-0.029094505390918082,1.6400000000000001,0.0031025929639100754,1.36,-0.06694454206772221,1.8,0.0472775153465489,1.5,-0.04974021821689624,1.32,-0.03261963401101889
2026-04-30,2026-04,524,509,0.1053742042698883,0.017973307842523625,0.043032614084300876,0.02281227128949459,0.0009193307730359923,0.18562754652663774,0.08088166939688782,-0.0029343207065825536,0.034901339739891714,0.08656795962375714,0.03740875927432561,0.4852941580591541,0.10607576481108975,0.029721824760766305,0.04394936567123879,0.08754017485732635,0.02722569035482105,0.1714772626611532,0.04625649772410241,0.0036828955646993587,0.03814301142255759,0.14532382801178503,0.02494744538150364,0.17707019993195347,1.803921568627451,0.013463503920954998,1.7843137254901962,-0.007395105020308044,1.843137254901961,0.025113981623511403,1.7058823529411764,-0.0005818103176535826,1.1764705882352942,-0.0020218456975522434,1.8235294117647058,0.03284993574491385,1.5098039215686274,0.023451180550899484,1.1568627450980393,0.022055288518758542
2026-05-01,2026-05,445,434,0.10588209620768127,0.006447566626359688,0.03873469937326604,0.06683636804106718,0.01688583376177768,0.13152169436216354,0.0398015795594381,0.01518260833792711,0.04482491286179015,-0.0936232008319407,-0.02584283639053786,0.5327715743766275,0.07919864525775189,0.0037892336415003836,0.03792182657553879,0.1851640109392261,0.024569687296938633,0.13564848579293073,0.045829313561537216,-0.00352571108909662,0.0412328630164803,0.18313463479178685,0.03204151942439361,0.14323175222028134,1.6666666666666667,0.0022808999596930207,1.8823529411764706,0.010476725984985934,1.7647058823529411,-0.0006225310643819693,1.7058823529411764,-0.007790416971449561,1.3137254901960784,0.013601520036287482,1.784313725490196,-0.03030362070426335,1.588235294117647,0.020599099061644515,1.7647058823529411,0.027629754718511257
2026-05-04,2026-05,443,434,-0.06516723703958752,-0.04640779224283449,0.041838803746400616,0.006805481446110117,0.021002625039333634,0.1523380930167298,0.10417765469002367,0.006941868430448484,0.03727014610530846,-0.0049765950571694475,-0.03515765760495272,0.4708465482433175,-0.019703038242452287,-0.047352277356520034,0.04264659685042767,0.058971499195270095,0.01976020365498419,0.13768338862546656,-0.02941438929861833,-0.03772117197376701,0.04514438209370805,0.10247167226716108,0.05096785537110471,0.15509474719333094,1.6511627906976745,-0.05053569921957868,1.744186046511628,0.002581403314169414,1.6511627906976745,-0.05148018433326422,1.5813953488372092,-0.04167466034586003,1.1395348837209303,0.01815378783003131,1.744186046511628,-0.03951812272123179,1.6744186046511627,0.015574157143356283,1.627906976744186,0.04689808792924424
2026-05-05,2026-05,554,538,0.10285684119770062,0.03655048095157183,0.048210824107758204,-0.05489555987202562,-0.05441396799668918,0.14110058932392686,0.06670998747614425,0.03656815954717473,0.033301520777503715,0.04250931671169685,0.024631916284568237,0.4552482623192999,0.10315622388268907,0.04965466078609168,0.04978835201209646,0.018934780740748842,-0.025135546064652004,0.11777293592415475,0.06725133801703476,0.04600887007387664,0.043730635064930835,0.08433524233917233,0.03887801111069081,0.14096495781645732,1.7037037037037037,0.03229122169231257,1.8703703703703702,0.03189223362124881,1.6666666666666665,0.045487994119425015,1.6851851851851851,0.04179590711091368,1.2407407407407407,-0.05751581984854103,1.8703703703703702,0.01995599035864231,1.722222222222222,-0.02944110162020756,1.5555555555555556,0.03498912222180192
2026-05-06,2026-05,435,427,0.01742135274162762,0.019997373149987174,0.0546450421601469,-0.15493799557896712,-0.014616558072761472,0.16266080910383268,-0.03329994552864457,-0.03051168051222495,0.057524094420515474,-0.06562449863143346,-0.044636661512314095,0.6697342780440353,0.03710216962717314,0.023028189927976884,0.05488898227049709,-0.15427211807615426,-0.04008659719243811,0.15693153640212015,-0.03061972275222518,-0.01211642805399852,0.056446248732117205,0.018895321979107496,0.007248450911790192,0.19207973405718803,1.5555555555555556,0.016108484261098285,1.8518518518518519,-0.03514131014185458,1.5925925925925926,0.019046708446495402,1.6296296296296295,-0.016190502128072593,1.0925925925925926,-0.017348039554242953,1.8703703703703702,-0.04931258743824002,1.6296296296296295,-0.044160671266512186,1.4074074074074074,0.0037299323932716735
2026-05-07,2026-05,615,598,-0.056316917371974175,-0.01078421912492025,0.05017744690493135,-0.07580677446014698,-0.018670561322523708,0.15049470625817774,0.021181993045471963,0.028856170204195092,0.04310369358635402,0.04370783126870472,0.004130149038556203,0.7123859486853084,-0.03195308744583269,-0.007898183568823484,0.05098096365612846,-0.049145428338246325,-0.008231191336863213,0.14660809822380544,-0.060910865570434965,0.009341698777860926,0.054284499783248966,-0.027477071272256782,0.02508931924410813,0.1671021873752276,1.7166666666666666,-0.015075885791586918,1.9,0.02410617020419509,1.75,-0.012273183568823485,1.75,0.004966698777860925,1.3,-0.021920561322523707,1.8666666666666667,-0.0005365176281104632,1.6833333333333333,-0.012439524670196548,1.75,0.020714319244108128
2026-05-08,2026-05,355,347,0.08101689550749555,-0.05801040097213082,0.05695864704773171,0.04380118072748048,0.027400933808393053,0.15020402233515467,0.051585709541022304,0.032172428775059964,0.07643314387270099,0.015185379869283854,0.06837925038517055,0.685050487944058,0.06709882672239688,-0.02929694386174518,0.058275554387338106,0.1316757907950464,0.04854448039489309,0.16464727127126286,0.11417276080027444,-0.046569959511587,0.05212236089339148,0.20573975178436837,0.10265364360513865,0.1695808808718409,1.7833333333333332,-0.06246873430546415,1.9,0.027422428775059963,1.7666666666666666,-0.03371361052841185,1.8166666666666667,-0.05111162617825367,1.5833333333333333,0.02344260047505972,1.8166666666666667,0.06383758371850388,1.7666666666666666,0.044127813728226425,1.7833333333333332,0.09819531027180532
2026-05-11,2026-05,444,429,0.08012461759206903,0.0034716603172235197,0.06009232709121,-0.06756201737052256,-0.040380332788136686,0.17296478490150252,0.00988871852127975,-0.035307222115077225,0.049432619695633256,-0.0006398202895641029,-0.04486703290206469,0.5982169533191726,0.07011980883725646,-0.0031315593698082456,0.06204596624841008,-0.020133206155652922,0.019397387268324847,0.18102445236818737,0.07604482276634648,0.010570458630894453,0.061570459054039635,0.031627182073307655,-0.0032524995396787035,0.20850216510683992,1.627906976744186,-0.0005981071246369454,1.813953488372093,-0.03984210583600746,1.6046511627906976,-0.0071431872767849895,1.6511627906976745,0.006442551654150266,1.2325581395348837,-0.043461728136973896,1.8372093023255813,-0.04946005615787864,1.697674418604651,0.015153201221813219,1.6511627906976745,-0.00738040651642289
2026-05-12,2026-05,367,365,0.03232162786642656,0.0031951610254957533,0.058883720280703246,0.013995531058126433,0.015373941815754279,0.16020411853161123,-0.12574737527766808,-0.023779730795294968,0.05214535959592584,-0.10319434636915098,-0.008394979189189578,0.8425897111495335,-0.009388698591373564,-0.030823767989568956,0.060265550868399395,-0.030756156933332685,-0.03755033290210484,0.1476056393649843,-0.03947543307784325,-0.026897940873803115,0.055704493658082374,-0.04527909523378624,-0.008305172578864609,0.17019327554023927,1.6511627906976742,-0.000932745951248432,1.8604651162790697,-0.028430893585992642,1.6744186046511627,-0.03500981450119686,1.6744186046511627,-0.03108398738543102,1.0232558139534884,0.012815802280870557,1.697674418604651,-0.012639165235701206,1.6511627906976742,-0.04167823987884903,1.5116279069767442,-0.012084242346306468
2026-05-13,2026-05,406,396,-0.07599099323237254,0.0036108081582486157,0.06384194181554659,0.01665050630567872,-0.001695747974714376,0.15199885731562973,-0.0211627648750846,-0.010352171523892863,0.05242492854164484,-0.008089433443494234,0.001169205186448953,0.6232722052372992,-0.10546122053362018,0.010896939276887604,0.0662474718241989,-0.10040645213059006,-0.06008934863227731,0.16077508651651443,-0.04908365818051187,-0.010217382211828246,0.05841118037936099,-0.17933177243522072,-0.013592368937320493,0.20346078993752598,1.825,-0.000951691841751384,1.85,-0.014977171523892864,1.725,0.006584439276887604,1.675,-0.014404882211828247,1.05,-0.004320747974714377,1.8,-0.0033307948135510466,1.65,-0.0642143486322773,1.525,-0.017404868937320492
2026-05-14,2026-05,376,365,-0.07880489869631468,-0.015220137278647149,0.07286078749241527,-0.09459043964106327,-0.05305844655474218,0.14741316034148136,-0.02291984500079629,0.015102357370960572,0.040455745371149605,-0.045858890202890225,-0.00234776064859208,0.6885132148551445,-0.11651154128336813,-0.007311409162046298,0.07391699899920151,-0.12771623680794628,-0.019827596530310188,0.14592219361414513,-0.13243456176985158,-0.012106325610539863,0.06843036108738312,-0.16986601952706135,-0.026046426859956364,0.20163814237134325,1.55,-0.01909513727864715,1.825,0.010539857370960571,1.55,-0.011186409162046298,1.575,-0.016043825610539863,1.2249999999999999,-0.05612094655474218,1.825,-0.00691026064859208,1.45,-0.023452596530310187,1.5,-0.029796426859956364
2026-05-15,2026-05,369,361,0.0016783221125745275,-0.0005448556558493717,0.05792710402129518,0.08559609450383575,-0.022534349821448994,0.17237924649897549,-0.018455527619755996,-0.002703631126695312,0.038472153442474406,0.0390159787228417,-0.013520029894917872,0.5765044047600694,0.004014765269862177,0.012386051802677774,0.05812036498692416,0.07606999894910818,-0.01691741699313249,0.16554347932752636,0.032799890229559224,0.028897908623603495,0.05782503225195339,0.06361645314455494,0.00235819276394561,0.21151729300618172,1.6666666666666665,-0.004711522322516038,1.722222222222222,-0.007009186682250867,1.722222222222222,0.008080496247122218,1.4166666666666665,0.02535624195693683,1.0555555555555556,-0.025173238710337883,1.6944444444444444,-0.017756141006028982,1.5,-0.02066741699313249,1.4444444444444444,-0.0012529183471655003
2026-05-18,2026-05,317,313,0.005511275323424841,0.008514058021614146,0.06728638613555735,0.0021186201243295496,-0.033707067176282336,0.13929451443254948,0.04261311758145403,0.05333670343441583,0.044341717189705344,0.08482766838336848,0.0221359805854787,0.6002160253063324,0.016720297691743786,0.0033890118950386378,0.06567293363685245,0.05729692099400352,0.01614155921400261,0.11261657084668836,-0.020844148065327636,0.017432772532804633,0.0646835921723101,-0.019085663225290237,0.007407036398202254,0.16977616183219418,1.5555555555555556,0.004625169132725256,1.7777777777777777,0.048892258989971384,1.722222222222222,-0.0009165436605169169,1.6666666666666665,0.013266105866137967,1.1666666666666665,-0.036623733842949,1.8333333333333333,0.017552647252145368,1.5833333333333333,0.012183225880669278,1.5555555555555556,0.0035181475093133646
2026-05-19,2026-05,322,316,-0.05218588684817871,-0.06159802775223519,0.04148644842485021,0.13158784333254678,0.007171777693695897,0.1259318240918219,0.0617436455205422,0.07393375335450639,0.03858644342603528,0.1847449500987388,0.07789255986973538,0.7537631894811057,-0.02835332469136845,-0.04865264454502308,0.04079072179321336,0.18544778419505273,0.03827541073400857,0.10009789414471015,-0.05035727636081399,-0.016550672890787585,0.04187698843933582,0.16348319947752835,0.09577016385110103,0.11500173935201019,1.59375,-0.06558240275223519,1.71875,0.06963687835450638,1.625,-0.052715144545023074,1.71875,-0.020847547890787584,1.1875,0.0042030276936958965,1.71875,0.07359568486973538,1.78125,0.03382228573400857,1.5625,0.09186391385110103
2026-05-20,2026-05,329,326,0.07957763564924955,0.0024750053104498904,0.0446263248799234,0.2041821955937161,0.008013998357991575,0.11646008045610154,0.01399809531746927,0.007525545586670967,0.0407684621375345,0.049075982612083985,0.03958909267940873,0.6609583009373058,0.046402455873135684,-0.049676806704575686,0.04447586480282231,0.19914138793225455,0.022895281941430302,0.09562162953344258,0.0894749256970326,0.01826808021740646,0.04212822736141702,0.21616131662836385,0.1199137076557059,0.1163910310150999,1.6363636363636365,-0.0016159037804592009,1.8181818181818181,0.0029800910412164216,1.7272727272727273,-0.053994988522757505,1.8181818181818181,0.013722625671951915,0.9696969696969697,0.005589755933749151,1.696969696969697,0.03534666843698449,1.6666666666666667,0.018728615274763633,1.393939393939394,0.11642885917085742
2026-05-21,2026-05,322,316,0.12639331914891322,0.04387287209999953,0.050751614194718485,-0.06360758123048617,-0.03894235767814042,0.12046559888403863,0.08616618927611547,0.059499974168632785,0.03757310316384295,0.050155966404157676,0.05040703108311001,0.5810100308153778,0.07353260173163985,0.014543060562597604,0.04954842613137879,-0.0020572141686290204,-0.023452183865420764,0.11385090166004375,0.08837969628279893,0.018105129210827686,0.049080164663098946,0.09732094895316068,0.05303610956483448,0.1400717400247231,1.4545454545454546,0.04023650846363589,1.9090909090909092,0.05472724689590551,1.4545454545454546,0.010906696926233967,1.6363636363636365,0.014014220119918595,1.121212121212121,-0.04174538798117072,1.9393939393939394,0.04555854623462516,1.5757575757575757,-0.0273915778048147,1.4848484848484849,0.04932398835271327
2026-05-22,2026-05,262,261,0.19715851399066237,0.08122909134259212,0.04468791905918636,-0.07528864076364569,-0.05438110892151537,0.12694970267609906,-0.026642560618377064,-0.01474617023221729,0.0404867278264806,0.009938246289573934,-0.024587234137301486,0.5457190103255786,0.17869121051467415,0.0894358101417291,0.044505043190066346,-0.0464650993807656,0.012587869213391674,0.10782176557068641,0.16094789803600507,0.07258210480863435,0.044414832468625064,0.1583549936928903,0.0509637547315609,0.14061911762333834,1.59375,0.07724471634259213,1.84375,-0.01935554523221729,1.65625,0.08529518514172911,1.71875,0.06828522980863434,1.15625,-0.05727173392151537,1.78125,-0.029040359137301484,1.53125,0.008759744213391674,1.5625,0.0470575047315609
2026-05-26,2026-05,399,397,0.025520271730847484,-0.029732349788548055,0.0512294980797965,0.021572146446518305,0.0062954055838744805,0.13287324835546316,0.015811197490123025,-0.042289524763781595,0.034567417901688435,0.010557424191617372,-0.01592701256521214,0.5782033385708928,-0.014829977652830789,0.010672018440348138,0.05211091455602629,-0.021445573733328296,0.019573662985609946,0.13215254312381147,0.04968583753758637,-0.012594943845673286,0.05430070323253578,0.07162579816375109,0.03360148919543529,0.1566093720495701,1.7000000000000002,-0.033982349788548055,1.875,-0.04697702476378159,1.725,0.006359518440348138,1.8,-0.017094943845673286,1.3250000000000002,0.0029829055838744797,1.7000000000000002,-0.02017701256521214,1.7000000000000002,0.015323662985609946,1.7000000000000002,0.02935148919543529
2026-05-27,2026-05,284,281,0.03506798649438008,0.043455370890233644,0.046064090310179794,-0.0915149816511118,-0.03251961374365207,0.1652628451785339,-0.07198763502259152,-0.0275599486798069,0.04457711899874575,-0.15008318825608538,-0.05381142238272172,1.0148924424179964,0.010242372965709451,0.0472710555323239,0.04552443889971537,-0.005686714671514301,-0.0023424744611985557,0.1511020661065621,0.017968551498688992,0.04056936717102811,0.060599679789412206,0.08321515479336873,0.029445343991096825,0.16374165721104614,1.775,0.03901787089023365,1.85,-0.032184948679806896,1.725,0.0429585555323239,1.65,0.036444367171028114,1.2249999999999999,-0.035582113743652076,1.75,-0.05818642238272172,1.65,-0.006467474461198556,1.6,0.025445343991096825
2026-05-28,2026-05,282,279,0.01989816407992228,0.027578955900882704,0.06590096930644203,-0.10047327402402784,-0.06033649100110286,0.15999583201482892,0.04758255699520129,-0.01784232349536116,0.063838036860302,-0.08347067099138537,-0.028657993103447146,0.6794223093560764,0.04039430851130718,0.05793545539485868,0.06570906796861906,0.0017158156572392679,-0.029088633270490147,0.18235350619735463,-0.024366294670269354,0.03514977907762459,0.06799006211053726,0.04851078812740112,-0.019959537002699014,0.2208779202774167,1.7142857142857142,0.02329324161516842,1.9285714285714284,-0.02266375206678973,1.607142857142857,0.053917598252001535,1.4285714285714284,0.03157835050619602,1.107142857142857,-0.06310434814396,1.75,-0.03303299310344715,1.6428571428571428,-0.033195776127633005,1.6428571428571428,-0.024066679859841872
2026-05-29,2026-05,236,234,-0.1383412380687187,-0.046552321487938975,0.06857240802633152,-0.05711494656885793,-0.012553181239707625,0.16477067072106447,0.023432355523786877,0.013843343855899382,0.040853228266251936,0.012752193636535162,0.0006859526901701767,0.8033691651147344,-0.08580845129572232,-0.047263913893564644,0.0665053637917084,0.0758881985876467,0.006860197051154003,0.15356577665585538,-0.08822688949042987,-0.03721423376049054,0.07025918879478252,-0.03185509456011175,-0.036704656605663494,0.16409635317066443,1.6428571428571428,-0.05065946434508183,1.857142857142857,0.00920048671304224,1.6785714285714286,-0.05146034246499322,1.7142857142857142,-0.041499948046204826,1.2857142857142856,-0.01576746695399334,1.7857142857142856,-0.0037783330241155373,1.6428571428571428,0.002753054194011146,1.5357142857142856,-0.040543942319949205
2026-06-01,2026-06,300,299,-0.13882865365170724,-0.010775144713772361,0.05646902987001271,-0.09452860587339859,-0.04562281505423442,0.16642398548622925,-0.06538787674355685,-0.013668224196396989,0.04485742918712495,0.00718062354649292,0.005065384829586364,0.44243806650241213,-0.13292636584850942,-0.029262869378174558,0.05863162560627317,-0.1273591928799209,-0.04913944401415951,0.1460730283210675,-0.22472605251169459,-0.03975625175419227,0.0650564848308248,-0.3800504450049445,-0.11962383746330484,0.1712329192707936,1.6333333333333333,-0.014858478047105696,1.7666666666666666,-0.018084890863063655,1.6666666666666665,-0.033429536044841224,1.8333333333333333,-0.044339585087525606,1.5666666666666667,-0.049539481720901085,1.7333333333333334,0.00073205149625303,1.8,-0.05363944401415951,1.7666666666666666,-0.1240405041299715
2026-06-02,2026-06,262,261,-0.0530150941954738,0.0053626399132216535,0.06916795742014475,-0.027885064810931833,0.0026781005763577975,0.14431537315249443,0.020803793238698354,-0.011443228207965055,0.04930660661506775,0.048719393167576744,0.009142842251174885,0.6075779146586473,-0.04907868824128556,-0.0011780752993030552,0.0688893394248104,0.08654635617204313,0.03354763441604163,0.12790278653399303,-0.05657382320942974,0.009995150844603132,0.07367106331902674,-0.2501662267870506,0.0022682305847226414,0.14712625433905765,1.6666666666666667,0.001195973246554986,1.7333333333333334,-0.01577656154129839,1.6666666666666667,-0.005344741965969723,1.6666666666666667,0.005828484177936464,1.2333333333333334,-0.00040523275697553623,1.8,0.004642842251174885,1.7666666666666666,0.029130967749374966,1.6666666666666667,-0.001898436081944026
2026-06-03,2026-06,251,250,-0.047619047619047616,0.008992876208605116,0.0678587496811146,-0.03211914247770822,0.0011351556848405164,0.17556941464543344,-0.022157718542047587,0.03083230435849322,0.046056117684741736,-0.034680128865345945,0.041859044316571475,0.7820357155799866,-0.08898804780876494,0.012877987892056311,0.06838747183242053,-0.014239423259343579,0.02293402254878793,0.16860522970557212,-0.05486017833428192,0.010318326925476476,0.0763353114591384,-0.361800796812749,-0.0705745434657897,0.19871290758252144,1.576923076923077,0.005050568516297423,1.653846153846154,0.026697688973877833,1.6153846153846154,0.008839526353594772,1.7307692307692308,0.005991403848553399,1.2307692307692308,-0.0019417673920825605,1.7692307692307694,0.03743596739349455,1.8076923076923077,0.01841479177955716,1.653846153846154,-0.07470915885040509
2026-06-04,2026-06,254,253,-0.12420333015455873,-0.01955760603433912,0.06295811280051666,0.003933529466686927,-0.019616058401047645,0.14154453746974469,-0.2200339740126779,-0.09694553113055698,0.04268001490226116,-0.1746078945126046,-0.04847810465438931,0.47784144356846814,-0.14480975858022396,-0.030192719359037647,0.06441412890531834,-0.07561288621763479,-0.036782322824239364,0.1766774694621563,-0.048658524752529624,-0.00265258067236461,0.06596746689318994,-0.2612587806900794,-0.07160121448614651,0.16032812759280207,1.48,-0.023257606034339122,1.6400000000000001,-0.10104553113055699,1.56,-0.03409271935903765,1.4000000000000001,-0.00615258067236461,1.12,-0.022416058401047646,1.84,-0.05307810465438931,1.6400000000000001,-0.04088232282423936,1.32,-0.0749012144861465
2026-06-05,2026-06,250,247,-0.02650986924780335,0.011821135852392802,0.0757537399003122,-0.0675347765564249,-0.018419517189501022,0.13762840151786804,0.015947177360775618,0.02184303639070292,0.04701772376962318,0.08391814638743329,0.07483706920464524,0.6887467584013939,-0.06193135890174243,-0.02527330668349658,0.07745182404086719,-0.06125627610041761,-0.015359645639470485,0.12385957077145576,-0.09098028915284363,0.014255614015447393,0.0809834503091999,-0.17124869197907167,-0.036467374651119315,0.16278490498661996,1.24,0.008721135852392802,1.72,0.01754303639070292,1.44,-0.02887330668349658,1.36,0.010855614015447393,1.24,-0.02151951718950102,1.76,0.07043706920464524,1.6,-0.019359645639470485,1.52,-0.04026737465111931
2026-06-08,2026-06,284,282,-0.05077679599776722,0.04065191279751815,0.07666927527640785,-0.18874787353908087,-0.046488012256690574,0.12714149876098546,-0.056071902100694224,-0.04528944211214947,0.044228709534080486,-0.07546271783330061,-0.06626525194746394,0.5417324395052023,-0.08367408441196984,0.010648250589510463,0.07617789606823758,-0.25201369579006466,-0.06774360431124654,0.11604730585323914,-0.04404414787608027,0.0016049062457944643,0.07351546840477104,-0.26211986134473103,-0.056793199776074645,0.13787331152707338,1.6785714285714286,0.036455484226089574,1.75,-0.04966444211214947,1.7142857142857142,0.006362536303796178,1.6785714285714286,-0.002591522325634107,1.2857142857142858,-0.04970229797097629,1.6785714285714286,-0.07046168051889251,1.5714285714285714,-0.07167217573981798,1.4642857142857142,-0.06045391406178893
2026-06-09,2026-06,273,272,-0.06990840227270954,-0.006606997623641418,0.06502892869656275,-0.09927856600248185,0.020831246057172473,0.13190666917297575,-0.08776134447996016,-0.02284919524975972,0.045974895721137936,0.0008310699865735419,-0.004733925999445308,0.6680315218313977,-0.10946899815512955,-0.021303637547293232,0.06400193767923018,-0.07115195881833924,0.008093736944705486,0.12046047341492441,0.03106554244381638,0.021536062501099535,0.0666589117764675,-0.12428930022317743,-0.016039930421790367,0.14270959739331845,1.4285714285714284,-0.010178426195069989,1.7857142857142856,-0.027313480964045435,1.5,-0.02505363754729323,1.5357142857142856,0.01769677678681382,1.357142857142857,0.01743838891431533,1.6785714285714284,-0.008930354570873877,1.6785714285714284,0.003897308373276916,1.1785714285714286,-0.01898635899321894
2026-06-10,2026-06,288,286,0.03527975035064241,-0.018417222238625297,0.08385847164841276,-0.00589410800188081,0.012627740468447316,0.1444079944671228,0.10018637930083522,-0.008484935680641532,0.048651175301080915,-0.01027396615684832,-0.024133775813744384,0.587907844383655,0.019859522001052933,-0.004300895265985583,0.0832138630293013,-0.05627509253342657,-0.03516256102315229,0.1321292046842904,-0.04157322900465782,-0.041479651291423864,0.0769686360567532,-0.02778213150396457,-0.008979430888800127,0.13386936370154906,1.4482758620689655,-0.02203791189379771,1.6551724137931034,-0.01262286671512429,1.482758620689655,-0.00800779181770972,1.482758620689655,-0.045186547843148,1.379310344827586,0.00917946460637835,1.6896551724137931,-0.028357913744778866,1.586206896551724,-0.039128078264531595,1.482758620689655,-0.012686327440524264
2026-06-11,2026-06,315,312,0.024259491751227623,0.02771275894780913,0.08175957509013602,0.15842480505868395,0.048112566721817004,0.14147992708509968,0.2410306058331411,0.055089751579470575,0.03933713771459138,0.12005139643480499,0.06825562041884536,0.5964596427736745,0.034310823418297415,0.014061818833440563,0.08728845318090755,0.12506613223375296,0.05559739362898061,0.13125429735068353,-0.016576250753465943,-0.0008027166153152,0.06872490315576138,0.10267561995369784,0.016694701876193593,0.14034351358009922,1.4838709677419355,0.024003081528454293,1.8064516129032258,0.05057362254721251,1.5161290322580645,0.0102714962527954,1.6774193548387097,-0.004996265002411974,1.1612903225806452,0.04520934091536539,1.6774193548387097,0.06406207203174859,1.3870967741935483,0.052129651693496745,1.4516129032258065,0.013065669618129078
2026-06-12,2026-06,310,307,0.10661606025238086,0.06371555690891409,0.05711506411563909,0.04858235911957729,0.05022643801027491,0.12185495028332358,0.031681258698751304,-0.009221887130492906,0.03695074424132117,-0.059284361640209636,-0.02263022305666153,0.6400301634303984,0.12585066005520518,0.06443498701700734,0.05771765913805753,0.02391062442662456,0.02255335496729415,0.11816906316145774,0.006919275787167065,0.009391890323479436,0.05410454680741105,0.09049437928426633,0.028972572878329862,0.11567095751243253,1.4193548387096775,0.060167169812139897,1.8387096774193548,-0.013818661324041293,1.5483870967741935,0.06056401927507186,1.5483870967741935,0.005520922581543952,1.4516129032258065,0.04659740575221039,1.7419354838709677,-0.02698506176633895,1.5806451612903225,0.018601742064068342,1.4838709677419355,0.025262895458975025
2026-06-15,2026-06,339,332,-0.03727395104204483,-0.00546753070721631,0.05028805588938669,-0.14905266919041796,-0.006899098489122267,0.10421240640183291,0.14430539544528456,0.02666154377997776,0.044970669986336184,0.003454467915672512,-0.013225971267330869,0.5912661552429199,0.015072741258462358,-0.004122960620516092,0.049032743571649495,-0.0005307270313477017,-0.01521132662754641,0.0929946472698992,0.014813384209822361,-0.007167776487580888,0.04471867123124291,-0.03591602007090735,-0.0012502516012211848,0.10374846309423447,1.4545454545454546,-0.009103894343579947,1.696969696969697,0.022419119537553517,1.4848484848484849,-0.007835081832637304,1.5757575757575757,-0.011107170426974827,1.1818181818181819,-0.009853643943667723,1.696969696969697,-0.01746839550975511,1.5151515151515151,-0.018999205415425196,1.2424242424242424,-0.004356312207281791
2026-06-16,2026-06,307,301,0.08281098313884204,0.042091240093565456,0.03829630122485185,-0.1179722110934987,0.03650165180877089,0.11459976257756353,-0.053301815358322936,-0.04165582869657851,0.043512596700147184,-0.11854695776560267,-0.05240196451790477,0.624735689163208,0.13679787813237818,0.08486185890226637,0.038533822233208594,-0.038827909013768376,0.04058065270035549,0.10406125107159217,0.09103351142055875,0.06718143574404264,0.0374142200423959,0.006680137260708251,0.061230237193785966,0.10952883375187715,1.3636363636363635,0.038682149184474546,1.7878787878787878,-0.04612552566627548,1.6363636363636362,0.08077094981135728,1.5454545454545454,0.06331779938040628,1.1515151515151516,0.03362286392998301,1.6363636363636365,-0.05649287360881386,1.7272727272727273,0.03626247088217367,1.4545454545454546,0.05759387355742233
2026-06-17,2026-06,266,261,0.05573856200815798,0.0606672926222289,0.043100061220971785,-0.05500660704124101,-0.014733827876875879,0.1296732141278111,0.06470999404896437,0.058007977726551634,0.046763919924338815,-0.08029897643607546,0.008730949686934114,0.616951474490074,0.02804541563788632,0.04484363225626641,0.043577245355939945,-0.06378496591276793,-0.020388169080342224,0.10544801044922608,0.05364598691981172,0.003334542349864099,0.042223834474928376,0.0016759090858373409,0.009404594467934731,0.1141924146706095,1.5,0.0569172926222289,1.8666666666666667,0.05334131105988497,1.5666666666666667,0.04092696558959975,1.5666666666666667,-0.0005821243168025675,1.1333333333333333,-0.017567161210209212,1.8666666666666667,0.004064283020267448,1.5666666666666667,-0.02430483574700889,1.3333333333333335,0.006071261134601397
2026-06-18,2026-06,262,261,0.04385018334992882,0.04115390200669773,0.0440200745224035,0.056228868218084364,0.022909172448566877,0.14341680161081827,-0.09076461257246266,-0.04196077490946519,0.046340986538866064,-0.016449123847763182,-0.006592124164458556,0.6669751675083087,-0.012377018826253331,0.03745089736294729,0.04004867437391807,-0.002375050064046983,0.019691042500762604,0.14178151665971828,-0.08553282908697477,-0.004974839528087906,0.04581767669992684,-0.022085730332899324,-0.03711531871153847,0.13083988377967706,1.5,0.03740390200669773,1.6153846153846154,-0.04599923644792673,1.576923076923077,0.03350858967063959,1.653846153846154,-0.009109454912703291,1.1923076923076923,0.019928403217797645,1.8076923076923077,-0.011111354933689324,1.576923076923077,0.01574873480845491,1.1923076923076923,-0.0400960879423077
2026-06-22,2026-06,407,404,-0.0015565406031937473,0.01852659374913146,0.04539449911980179,0.09380128396355576,0.004495837458486156,0.12690788102336228,-0.19940428196255527,-0.051169922130994895,0.11881453709667641,-0.10734141353183797,-0.006758185569561648,0.7447296284139155,-0.029666116685995895,0.023551001940786232,0.04455428672324717,-0.0027156249265782736,0.005196529621368384,0.12970834393054248,-0.0576779776183861,-0.0031566758877538295,0.04258289798602588,-0.11135966714060021,-0.020238086357620578,0.13077606526203453,1.625,0.014464093749131459,1.75,-0.05554492213099489,1.6,0.019551001940786232,1.8,-0.007656675887753829,1.4500000000000002,0.0008708374584861555,1.8,-0.011258185569561648,1.6,0.0011965296213683838,1.5250000000000001,-0.024050586357620578
2026-06-23,2026-06,286,281,0.09095012817734255,0.028744652879408476,0.039820967719633935,0.09885031528163749,-0.016726988793392857,0.12215640848236424,0.030196050681477463,-0.020817963686359978,0.10875206045605891,-0.028028710471344916,-0.009907440751312264,1.01720196900091,0.11447935889527674,0.0503428234526567,0.041295610597897534,-0.02507146255541634,-0.01963827563834333,0.10979398852214217,0.053701112751176935,0.012577047094040169,0.042875412761300545,0.0020716125979283874,-0.00963513647265912,0.10982118693313428,1.6,0.024744652879408476,1.85,-0.025442963686359978,1.65,0.046217823452656695,1.65,0.008452047094040169,1.325,-0.020039488793392856,1.8,-0.014407440751312263,1.575,-0.02357577563834333,1.4749999999999999,-0.013322636472659119
2026-06-24,2026-06,286,282,0.23233201103543774,0.09605632446040344,0.03533307205126068,-0.006188164363000896,0.004270506656202072,0.14384585665538907,0.13019561779284547,0.020407769382303546,0.1469654780601891,0.13526435364326167,0.009073176907277544,1.5255845127893346,0.18872659785056994,0.07859963208752005,0.034312036240839706,-0.051826998653080165,-0.027863224274418473,0.11620573726083552,0.2046072290491591,0.1475186024617564,0.033931421328427365,0.05741037619766368,0.00839526971820367,0.1240194865635463,1.4642857142857142,0.09239561017468916,1.7857142857142856,0.01594348366801783,1.607142857142857,0.0745817749446629,1.6785714285714284,0.14332217389032784,1.2142857142857142,0.001234792370487787,1.75,0.004698176907277543,1.6428571428571428,-0.03197036713156133,1.5,0.004645269718203671
2026-06-25,2026-06,271,264,-0.0010256131973084438,-0.04212566621896969,0.042170452632379264,-0.03320550852567349,-0.010295901762498037,0.14554003160446882,-0.03468518300689754,-0.016408472891104687,0.12985524237576915,-0.1636927473793452,-0.03348104335393996,0.9464435737866622,-0.022807683959192533,-0.02530720994797224,0.04031918786595652,-0.06797325326194438,-0.03979298677598873,0.13986086659133434,-0.05451245688927477,-0.013603993198476579,0.04148681904282649,-0.07395569543930733,-0.03820764252270419,0.13787972855453307,1.3928571428571428,-0.045607809076112546,1.8214285714285714,-0.020962044319676115,1.5714285714285714,-0.029235781376543667,1.8214285714285714,-0.01815756462704801,1.4285714285714286,-0.013867330333926607,1.75,-0.03785604335393997,1.75,-0.044167986775988724,1.4642857142857144,-0.04186835680841848
2026-06-26,2026-06,262,259,-0.04263413369640287,-0.06171907792592336,0.053802469412966174,0.1523024370031337,0.07382046420448324,0.14934402639762714,-0.044739717658236554,-0.01067288337920113,0.10849277420226358,-0.09545129262930935,-0.08445974074482826,0.6273136775080974,-0.06557526905307189,-0.03761473547111313,0.052361684121781917,0.15207223834168887,0.0838414955240661,0.14902617796682394,-0.090850070277316,-0.036051189134497036,0.060638207953760626,0.11150122555765626,0.06950801522782535,0.19115129406922138,1.5384615384615385,-0.06556523177207721,1.8076923076923077,-0.015192114148431898,1.576923076923077,-0.04155704316342082,1.7307692307692308,-0.04037811221142011,1.3461538461538463,0.07045507958909862,1.8461538461538463,-0.08907512536021288,1.5384615384615385,0.07999534167791225,1.4230769230769231,0.06595032292013304
2026-06-29,2026-06,282,280,-0.15037132305627623,-0.10019223308563113,0.05104897672405789,-0.06735399179308756,-0.04507512540042215,0.18080449337139726,0.08490808490809858,0.007183827542757652,0.05040549867281455,0.021700034486756444,-0.046020474071419286,0.6500765721180609,-0.1011373398997908,-0.09263689250796323,0.0528476973851369,-0.0017805634178898063,-0.0514874956043952,0.16378061127449783,-0.04650441642661651,-0.06473498030699398,0.050375979972905764,-0.05819780226836555,-0.04429650443071401,0.17857980289097342,1.6428571428571428,-0.10429937594277398,1.6785714285714286,0.00298739897132908,1.7142857142857144,-0.09692260679367751,1.75,-0.06910998030699399,1.3571428571428572,-0.04846798254327929,1.8928571428571428,-0.050752616928562144,1.6785714285714286,-0.055683924175823775,1.5,-0.04804650443071401
2026-06-30,2026-06,293,289,-0.1479310541002698,-0.02134138106525612,0.05048373922001777,-0.2503494548504333,-0.08437024569165961,0.13594680729097333,-0.2506271717640576,-0.04111415339885822,0.1293591628282746,-0.162136985920252,-0.011521884575376638,1.026824482556047,-0.07016314772746432,0.019944447015351613,0.04942725985337656,-0.1827598775262127,-0.06904199784371494,0.115896660449176,-0.0821903496075133,0.017174659462364503,0.049120780991798695,-0.29189283829853413,-0.1161064994922674,0.1466737763378127,1.6896551724137931,-0.0255655189962906,1.8620689655172413,-0.04576932581265132,1.793103448275862,0.015461688394661957,1.793103448275862,0.012691900841674847,1.4137931034482758,-0.0879047284502803,1.6896551724137931,-0.01574602250641112,1.5517241379310345,-0.07292130818854252,1.379310344827586,-0.11955477535433635
2026-07-01,2026-07,312,309,-0.15958952443342692,-0.02958124653744775,0.049451281887718496,0.11568016032127473,0.04033708891699762,0.2212538482741483,-0.18065473167040724,-0.03770949426688637,0.09029881985377008,-0.1884930217919927,-0.038491554606966245,2.788173056417896,-0.11888808724739403,-0.020252497153431276,0.04848295051242394,0.1194072664543063,0.024450685398110093,0.20509898015147737,-0.18283524001962925,-0.02945365593105586,0.04087863540050768,-0.18504629545485077,-0.012083825446083593,0.26916120757138534,1.6129032258064515,-0.033613504601963884,1.8709677419354838,-0.04238691362172508,1.7419354838709677,-0.024607335863108697,1.7741935483870968,-0.0338891398020236,1.5806451612903225,0.03638547601377181,1.8709677419354838,-0.043168973961804954,1.7096774193548387,0.020176491849722998,1.3225806451612903,-0.01539027705898682
2026-07-02,2026-07,289,287,-0.22838364554746848,-0.05667593050008757,0.04421357824701612,-0.02147267629161198,-0.03270701138137968,0.17944775507303662,-0.050479482408788856,0.007920365860757962,0.0789572756156316,0.15469777529656764,0.05827282758067359,3.2589287017953805,-0.19417233424810088,-0.06916852644221447,0.04178091233203287,-0.00471204709064153,0.004567249450484541,0.1320186733300316,-0.08720743437629755,-0.02821804183050014,0.04180268696018533,-0.22237551207095413,-0.04387684927693038,0.17206562008580256,1.6129032258064515,-0.06070818856460369,1.8064516129032258,0.0034042368284998977,1.7096774193548387,-0.07344271999060156,1.6774193548387097,-0.03241159021759692,1.3225806451612903,-0.0360134629942829,1.8709677419354838,0.05359540822583488,1.8064516129032258,5.112041822647687e-05,1.2580645161290323,-0.047022010567252956
2026-07-06,2026-07,352,349,-0.13568018383882408,-0.008690607434594565,0.04951887766115274,-0.03888828357666885,-0.0014075619830089398,0.21269393472799233,-0.028402290353409243,-0.028070323396949093,0.10279963402915576,-0.03368515763154397,-0.006660655375224422,3.0593470471245903,-0.14810724371630887,-0.015241885983462843,0.04811304392351584,0.008544257127826534,0.014628292125203689,0.162290100221123,-0.008728051929185073,0.014019954554920874,0.04820112930760194,-0.24645507152589305,-0.04260599213086683,0.24468343279191426,1.5999999999999999,-0.012690607434594565,1.8285714285714285,-0.032641751968377666,1.7142857142857142,-0.019527600269177128,1.6857142857142857,0.009805668840635159,1.2285714285714286,-0.004478990554437512,1.8,-0.011160655375224423,1.7428571428571429,0.01027114926806083,1.3142857142857143,-0.045891706416581114
2026-07-07,2026-07,287,287,-0.20894704888607327,-0.05639459493687194,0.038129277190284146,0.011857553016089602,0.0287909644370479,0.2048208608837991,0.0682963751441073,0.034527976035167725,0.07692095497626042,0.06819230853835688,0.040109442537741194,2.6068439473365914,-0.21781806045024288,-0.0488635164638072,0.0360689951914221,0.09017608407852311,0.05525785541153314,0.1596611668516336,-0.14112615027249173,-0.05387720879652777,0.03433764266254565,-0.31019387116948094,-0.05070617812526998,0.16876818798482418,1.5142857142857142,-0.06018030922258623,1.9428571428571428,0.029670833178024866,1.6857142857142857,-0.05307780217809291,1.5999999999999999,-0.057877208796527774,1.2857142857142856,0.025576678722762185,1.9142857142857141,0.03532372825202691,1.7142857142857142,0.050972141125818854,1.1714285714285715,-0.053634749553841406
2026-07-08,2026-07,270,270,-0.08853314555450387,-0.022515566701348882,0.04773903834410076,0.11267796692836816,0.027904591680476216,0.199904367879585,-0.006613385236608878,0.008704096565743965,0.0829000092722006,-0.03274439637847482,-0.009160679165610598,3.1682127526512853,-0.07611446464422655,-0.017631568535543464,0.04751563467635743,0.10634957650691748,0.02171935367611478,0.1534110780598389,-0.055193258252285125,-0.006850441504434105,0.04018057846477844,-0.002169516118953011,-0.0031096445593957987,0.19467239640653133,1.7241379310344827,-0.02682591152893509,1.7241379310344827,0.0043937517381577584,1.793103448275862,-0.02211432715623312,1.793103448275862,-0.01133320012512376,1.482758620689655,0.02419769512875208,1.793103448275862,-0.013643437786300254,1.793103448275862,0.017236595055425123,1.1724137931034482,-0.006040679042154419
2026-07-09,2026-07,285,285,-0.10931485119772741,-0.03617970657294225,0.04963810674551542,-0.3518254910397238,-0.08763530759465961,0.1863786364639444,-0.11473172403594735,0.0024545824246373638,0.09672030744180966,0.03037688774841295,0.004375389374027677,2.9278956758124486,-0.08158698232827218,-0.02701258913097461,0.04838653809389376,-0.2484720616670209,-0.06020391079391696,0.15144621457771532,-0.1722381992667724,-0.059079237721147225,0.043756126795691117,-0.37446334243962115,-0.12422722123941193,0.14931765411581313,1.607142857142857,-0.04019756371579939,1.7142857142857142,-0.0018311318610769213,1.7142857142857142,-0.03129830341668889,1.5357142857142856,-0.06291852343543294,1.3214285714285714,-0.09093887902323104,1.7142857142857142,8.967508831339219e-05,1.7857142857142856,-0.06466819650820267,1.0714285714285714,-0.12690579266798335
2026-07-10,2026-07,252,251,-0.09643938831536268,-0.008490442648521834,0.04232100084828926,-0.08516732992742,-0.006550604884773915,0.18001192288473247,-0.04367960699405582,0.02326741374478336,0.09710415277070275,-0.00235325041353201,0.012221625751804834,2.3434410572052,-0.15229951640829867,-0.01726011111078235,0.03928673048488287,-0.07284020327498589,-0.009834763880877,0.11303434662520885,-0.15898236528757922,-0.056430989066262316,0.033339580819701425,-0.14906082427301898,-0.05257695902601589,0.11490159779787064,1.7857142857142856,-0.012954728362807548,1.8214285714285714,0.018713842316211933,1.6785714285714286,-0.021456539682210923,1.7857142857142856,-0.06089527478054803,1.3214285714285714,-0.009854176313345344,1.7857142857142856,0.0077573400375191195,1.7142857142857142,-0.014120478166591285,1.2857142857142858,-0.0557912447403016
2026-07-13,2026-07,264,262,-0.06926152260824762,-0.0033158427848711536,0.035366777046831784,-0.0801348733768563,-0.027410703449064742,0.1700302313726682,-0.1865016855871556,-0.04671935682996973,0.07195149384897784,-0.129742883540159,-0.05744649109572676,1.495444720181135,-0.1292182170365684,-0.02231805959028692,0.033977698673455875,-0.014371710504862094,-0.03806612777326061,0.13525774551985356,-0.1254873711899545,-0.0610714907253522,0.029451050369394847,-0.0014296056192892408,-0.005467029682453189,0.1258857691517243,1.6923076923076923,-0.007546612015640384,1.7692307692307694,-0.051142433753046654,1.653846153846154,-0.026452674974902307,1.6923076923076923,-0.06530225995612143,1.3076923076923077,-0.030679934218295513,1.7692307692307694,-0.06186956801880369,1.6153846153846154,-0.042104589311722146,1.0384615384615385,-0.008063183528607036
2026-07-14,2026-07,252,249,-0.008789985924924432,-0.03847938965591347,0.03446962581820376,-0.3194509745696304,-0.07166328514695558,0.18875405639410017,-0.10643153544395005,-0.053459596352086934,0.0831069468652002,-0.17534908156051937,-0.018467913655601922,3.044369202852249,-0.04765354167744606,-0.026845150809266773,0.03261818764471394,-0.2598692375238365,-0.014103625863689842,0.15331253545358778,-0.04142211504068424,-0.060275034603826536,0.03278083251401137,-0.11297628983407608,-0.0015228640707863547,0.13560034319758416,1.6923076923076923,-0.042710158886682704,1.6923076923076923,-0.057690365582856167,1.8076923076923077,-0.031364381578497545,1.8076923076923077,-0.06479426537305731,1.2307692307692308,-0.07474020822387865,1.7692307692307694,-0.022890990578678848,1.5384615384615385,-0.01794977970984369,1.1923076923076923,-0.004503633301555586
2026-07-15,2026-07,268,265,-0.1293428434453604,0.0003958723665942656,0.038699437419798886,-0.017218323403241927,0.0219094895616216,0.18171296494368178,-0.16261200232401357,-0.05445667628201677,0.07986711954028208,-0.11629589640900614,-0.013908138522758054,2.6316238653201327,-0.08237415773574032,-0.0005432994750734534,0.036112308177229616,-0.03424400905958491,-0.0039010202509536032,0.14800616051070392,-0.11313508893442649,-0.00015060269942505618,0.02965563759766167,-0.006313406028626343,-0.005788380731627291,0.17529363084871033,1.6923076923076923,-0.003834896864174965,1.6153846153846154,-0.058495137820478306,1.8076923076923077,-0.005062530244304223,1.7692307692307694,-0.004573679622501979,1.3076923076923077,0.01864025879239083,1.7307692307692308,-0.01823506159968113,1.8076923076923077,-0.008420251020184372,1.0769230769230769,-0.008480688423934983
2026-07-16,2026-07,289,288,-0.016470789144939716,0.003107705441997597,0.042840551175605444,0.11020711530048125,0.011200527266837646,0.18433920719564476,0.08606792474718868,0.03796949009846255,0.10371866776126594,0.07315811741860548,0.022903913050383504,2.8103300548832992,-0.039876406952233226,0.009144384484041307,0.04000869029186606,-0.01577874557530923,-0.03960476260089109,0.16549942469031645,-0.06729904943721911,-0.020397262222278473,0.04538285888550599,-0.16339140118522053,-0.026961185640633347,0.17878594724782582,1.6896551724137931,-0.0011164324890368853,1.6896551724137931,0.03374535216742807,1.793103448275862,0.004661625863351651,1.6896551724137931,-0.024621400153312954,1.3448275862068966,0.007838458301320404,1.793103448275862,0.01842115442969385,1.7241379310344829,-0.0439151074284773,0.9655172413793104,-0.029374978744081622
2026-07-17,2026-07,304,303,0.04319275356793966,-0.010848532384628677,0.05326893002348169,0.42557129310860337,0.038324959701209436,0.19764707935974002,0.06209331864547428,0.018273253065325505,0.1041617988225792,0.09152267373777229,0.017402669128045715,2.4525487224260965,0.042328872868476065,-0.0019387938157976597,0.05090546808723123,0.3232797136486729,0.03524027565575772,0.1581753860693425,0.13123148703127208,-0.022013310000744295,0.04858476403695759,0.2532641659334182,0.03922608453405068,0.2087564485768477,1.5333333333333332,-0.01468186571796201,1.6666666666666667,0.014106586398658838,1.7,-0.00618879381579766,1.6666666666666667,-0.02617997666741096,1.2666666666666666,0.03515829303454277,1.6666666666666667,0.013236002461379048,1.5333333333333332,0.031406942322424386,1.3,0.03597608453405068
2026-07-20,2026-07,331,331,0.07549395604941049,-0.028359900486917434,0.04263111822528901,-0.02450902208118384,-0.000975196515303825,0.18701227576556528,-0.00921170611004999,0.020721733405754388,0.08507198509433497,-0.027556689851423052,-0.034488708915256495,2.2072526184898433,0.05206500697089449,-0.006073825596881646,0.042182090911872624,0.0013990595725389887,0.010733988314350046,0.14980185349387204,-0.017317498502662117,-0.0364663582869392,0.036692822330019775,-0.12373305360965973,-0.007814297655375637,0.16880690086294303,1.6666666666666667,-0.0325265671535841,1.7272727272727273,0.01640355158757257,1.7272727272727273,-0.010392007415063464,1.5757575757575757,-0.040405752226333136,1.393939393939394,-0.00446004500015231,1.7878787878787878,-0.038958405884953466,1.7878787878787878,0.006264291344653076,1.0909090909090908,-0.010541570382648364
2026-07-21,2026-07,337,336,-0.07758105035081037,-0.0081094886597783,0.03674884304828383,-0.2714128842620932,-0.028761710066924417,0.18873190614120924,-0.1626177711607933,-0.03069931023982602,0.09797170446737039,-0.010484183129213747,-0.002243074546787042,2.40718884634621,-0.10398833812568967,-0.01716541630062142,0.0367237950929143,-0.17439820164984163,-0.026976728920181076,0.1484809081234476,-0.09400562227419554,-0.030840293199456373,0.033423328115730594,-0.22861850910733084,-0.006474529212527388,0.13927713858292384,1.6764705882352942,-0.012300665130366536,1.7941176470588236,-0.03518460435747308,1.7352941176470589,-0.021503651594739066,1.5882352941176472,-0.03481088143475049,1.1176470588235294,-0.03155582771398324,1.7058823529411764,-0.006507780429139983,1.7058823529411764,-0.031241434802534017,1.1176470588235294,-0.009268646859586211
2026-07-22,2026-07,399,397,-0.2074842354386708,-0.07358232684348268,0.039005310317751805,-0.10092124631244798,-0.03234970729986472,0.17671558577567337,-0.2961697792708203,-0.07107212483737547,0.0770299122738103,-0.08470112242579132,-0.04203262167103772,2.046537274122238,-0.22968134463319417,-0.07967484734082513,0.039621257086507364,0.012380889994185696,-0.00474705257034827,0.15935212459880857,-0.2413171232722413,-0.08738001597829523,0.032987464787612775,-0.07286007447293215,-0.002456709356237735,0.15960253719240428,1.475,-0.07726982684348267,1.65,-0.07519712483737548,1.65,-0.08379984734082513,1.65,-0.09150501597829523,1.15,-0.035224707299864724,1.9000000000000001,-0.046782621671037715,1.675,-0.00893455257034827,1.2,-0.005456709356237735
2026-07-23,2026-07,398,396,-0.258237481819952,-0.12758882926810697,0.028387039084068044,0.0545463275234113,0.0295555918149741,0.15726998567115513,-0.1962063285390869,-0.08230863679843903,0.09225540227786844,-0.05218971566045344,-0.04741981403137829,2.441794250905514,-0.2733896200352639,-0.1102587295925762,0.02679662008499812,0.12116386372897167,0.058186753663707035,0.14595363589469343,-0.18990362790102744,-0.08673232408071378,0.03144473804838546,0.08329159686862556,0.05652972377370507,0.12090288205072285,1.6,-0.13158882926810697,1.875,-0.08699613679843902,1.7750000000000001,-0.1146962295925762,1.5750000000000002,-0.09066982408071378,1.35,0.0261805918149741,1.8250000000000002,-0.05198231403137829,1.7750000000000001,0.05374925366370704,1.2000000000000002,0.05352972377370507
2026-07-24,2026-07,310,308,-0.12908182974247923,-0.04180301114690843,0.039313507125606,0.14803928489463913,0.0031117714898704317,0.17976714947050618,-0.14153422828606793,-0.06331649310264667,0.09618902094563946,-0.06430643574767732,-0.01988534672029071,2.6417202536136872,-0.14259712868626984,-0.06012090524510057,0.035698762236129,0.17069676842296472,-0.00994168575621297,0.16480968342793564,-0.10631316823742618,-0.038611892849149135,0.04194073282377701,0.06096516001796163,-0.006650921277473652,0.16367402804955358,1.625,-0.04586551114690843,1.85,-0.06794149310264667,1.7,-0.06437090524510057,1.65,-0.04273689284914914,1.375,-0.0003257285101295683,1.95,-0.02476034672029071,1.55,-0.01381668575621297,1.175,-0.009588421277473651
2026-07-27,2026-07,312,310,-0.08555986404932914,-0.017714602847897963,0.03233755724876236,0.0069828417989045875,0.0017934334043980702,0.15218449332901549,-0.15563348666703292,-0.0574552145596649,0.08230378402780598,-0.08118169254041845,-0.027242837036327745,2.085206638420782,-0.07154795216597298,-0.014540198316482645,0.032422880181617736,0.08189795165232536,0.007959480863285677,0.12838116061363009,-0.014598459392842846,0.0067432161538437604,0.03284077504742883,0.07044637558387905,0.01623130032802052,0.12639031261806527,1.5483870967741935,-0.021585570589833448,1.8709677419354838,-0.06213263391450361,1.7096774193548387,-0.01881439186486974,1.4516129032258065,0.0031141838957792446,1.2903225806451613,-0.001432373047214833,1.8387096774193548,-0.031839611229876136,1.5161290322580645,0.004169158282640515,1.129032258064516,0.01340871968285923
2026-07-28,2026-07,251,248,0.16041892627944251,-0.002995185353760796,0.04924679538338428,0.14726354529758287,0.03183333839664431,0.21483915153890848,0.10561850330563845,0.012111277655616308,0.0933446554304031,0.08031002515969514,0.04140687391408832,1.9008109307289125,0.15672983122352974,-0.024137454420552006,0.04677787278988399,0.07215861737025692,0.03235122210889152,0.18245776226744057,0.06512124172287002,-0.030819140539899988,0.04351376912893094,0.14216470160590308,-0.0038256614075052875,0.25578538827598096,1.6129032258064517,-0.007027443418276926,1.870967741935484,0.007433858300777598,1.6774193548387097,-0.02833100280764878,1.7419354838709677,-0.03517397924957741,1.3870967741935485,0.02836559646116044,1.7741935483870968,0.03697139004312058,1.6129032258064515,0.02831896404437539,1.3225806451612903,-0.007132113020408513
2026-07-29,2026-07,259,258,0.073891614557784,0.034066706951973114,0.03857799284753684,0.38269938735055015,0.1668791245781702,0.23055482981726527,0.19580204401659557,0.06942601024918278,0.09376905511209668,0.08941394657163598,0.0638247089597592,2.307612329721451,0.09759360689593248,0.04012065385492111,0.03741494872752866,0.33824949406344756,0.1467026112508607,0.16480781531964356,0.13641539166583158,0.08181215758152693,0.041256227532932774,0.23244900919319525,0.12480570044320295,0.2558875654895718,1.653846153846154,0.029932091567357728,1.8461538461538463,0.06481062563379816,1.7307692307692308,0.03579373077799804,1.6153846153846154,0.0777736960430654,1.4230769230769231,0.16332143227047788,1.7307692307692308,0.05949778588283612,1.6923076923076923,0.14247184202009147,1.3461538461538463,0.12144031582781833
2026-07-30,2026-07,293,291,0.008980871459398833,-0.03252590656640231,0.06792751077826746,0.34169957664677914,0.08252745891699192,0.25559510830147514,-0.016093039261515583,0.01160032793764771,0.1527751648454884,-0.08698897389302977,-0.03656274119939349,3.323641048423175,-0.03657516554083776,-0.05253669267904518,0.06605138454331162,0.2656706050506602,0.0634164800368015,0.20245071126405023,0.10875082652631861,0.027248372055629955,0.06655534883692155,0.2456693837477017,0.09530160188633705,0.3012688418786073,1.4827586206896552,-0.03623280311812645,1.9310344827586208,0.006772741730751158,1.517241379310345,-0.05632979612732104,1.7586206896551724,0.022851820331492023,1.2413793103448276,0.07942401064112986,1.8275862068965518,-0.04113170671663487,1.6896551724137931,0.05919234210576702,1.103448275862069,0.09254298119668188
2026-07-31,2026-07,292,291,0.06211835450633889,0.036576983227041185,0.04725783484527943,-0.05666174876478082,-0.011849548194829595,0.23305788103105693,-0.07547823248598161,8.951268667163961e-05,0.1267899800468343,0.012755232382711404,0.0038248370029237283,3.0012548822781135,0.05461329240919193,0.032968900165987136,0.044291675350385064,-0.02502924472691185,-0.0003832291372461716,0.1906919713003625,0.0904024758848488,0.041295544528168186,0.04392454603710811,0.012591981715237574,-0.00865007674194576,0.26309791907411195,1.6896551724137931,0.0323528452960067,1.9655172413793103,-0.004824280416776636,1.793103448275862,0.02848614154529748,1.793103448275862,0.03681278590747853,1.3793103448275863,-0.01529782405689856,1.9310344827586206,-0.0010027492039728237,1.6206896551724137,-0.004434953275177206,1.3793103448275863,-0.012098352604014725
2026-08-03,2026-08,302,300,0.11781875421926474,0.051356969846272915,0.053318075696125664,-0.025956579068612897,-0.03755722896260461,0.16428519412875175,-0.21885256041653664,-0.045870762123524395,0.08146729119914575,-0.12708047984060658,-0.06152915399148498,0.4148489182194074,0.05549051252131994,0.02978796726775667,0.05506900531108528,0.06477457716949447,-0.01632319305035528,0.1299429094729324,0.046646044591607774,0.03368842623394906,0.05636841496916124,-0.3001711559244195,-0.08508130764781188,0.2930151417851448,1.4666666666666666,0.04769030317960625,1.8,-0.05037076212352439,1.6666666666666667,0.025621300601090004,1.7333333333333334,0.029355092900615727,1.4,-0.041057228962604615,1.9666666666666666,-0.06644582065815165,1.8,-0.02082319305035528,1.4,-0.08858130764781189
2026-08-04,2026-08,326,325,-0.032031902882344906,-0.01572901920410328,0.025766729013310143,-0.029995973520485254,-0.014845442467479101,0.1130010872730054,0.010759355018758415,0.024740523241140972,0.10142951623714155,0.03339340101314935,0.03663363506544451,0.43719269474968314,-0.044005355131627524,-0.04157805128748221,0.025494635784406052,-0.06772503907416949,-0.011033298475584638,0.10446802820661105,-0.02567387692374872,-0.021415598825841677,0.02393919559137346,0.044308419671733684,0.01843761856954607,0.1646346675697714,1.71875,-0.02002589420410328,1.96875,0.019818648241140973,1.875,-0.04626555128748221,1.71875,-0.02571247382584168,1.4375,-0.0184391924674791,1.71875,0.03233676006544451,1.8125,-0.015564548475584639,1.125,0.01562511856954607
2026-08-05,2026-08,338,338,0.020129314835545628,-0.006741661476798532,0.03297980534903313,-0.03507984925934115,-0.016755823046427556,0.12788635043098645,0.058230910000102346,0.028276551024435617,0.15094536005395792,0.08466176077848103,0.03855281941030839,0.49963615922366866,-0.007919587779924426,-0.008264684631268279,0.03185552818564468,-0.07619308515374189,-0.016221102576319795,0.11660343353800914,-0.009948585920527414,0.001847498608376059,0.029041720458633326,0.05311521423735672,-0.002802861575138799,0.15614703686579184,1.5588235294117647,-0.010638720300327944,1.8823529411764706,0.02357066867149444,1.7352941176470589,-0.012602919925385925,1.7941176470588236,-0.0026377955092709996,1.3529411764705883,-0.020138175987604028,1.7941176470588236,0.03406752529266133,1.7352941176470589,-0.02055933787043744,1.2058823529411764,-0.00581756745749174
2026-08-06,2026-08,337,337,0.020909786900554256,0.007746893758833556,0.037588068798299665,-0.2507013928778366,-0.06741029436652307,0.12872277200222015,0.07201227814893069,0.04738034734444093,0.148499000487118,-0.0040713273244122015,0.009180609601897226,0.3302252210183617,-0.005283178774225723,-0.003879832972137412,0.03702846209391196,-0.13481542424706086,-0.035643411166297184,0.12505076913272634,0.0948153438875153,-0.006269512120591306,0.03654696715878483,-0.2335826408241382,-0.07929460229611737,0.16391247280818574,1.6176470588235294,0.0037027761117747323,1.7941176470588236,0.04289505322679387,1.588235294117647,-0.00785042120743153,1.6470588235294117,-0.010387159179414834,1.4117647058823528,-0.07093970613122895,1.8235294117647058,0.004621786072485461,1.7058823529411764,-0.039908117048650125,1.1470588235294117,-0.0821622493549409
2026-08-07,2026-08,360,358,0.04648184312648018,0.03861572476513754,0.04612192722740857,-0.10720749563445056,-0.0322676658548393,0.14433742997546992,-0.11850507648505514,-0.02110841684758685,0.21830263698588964,-0.01409258560541331,0.015828480503471708,0.5646377632187473,0.045694034231366504,0.015764645511114388,0.04451692193732801,-0.06913994122510869,-0.02358673014728,0.14759566345148617,0.05823412077730298,0.04251582174465679,0.04368655140526171,0.009892823883210531,-0.010683107787451657,0.16837979558234414,1.7777777777777777,0.034171280320693095,1.7777777777777777,-0.025552861292031295,1.75,0.011389645511114387,1.722222222222222,0.038210266189101234,1.2777777777777777,-0.03546211029928374,1.7777777777777777,0.011384036059027262,1.5,-0.02733673014728,1.0833333333333333,-0.01339144112078499
2026-08-10,2026-08,370,368,0.10359052058642505,0.00989052099431527,0.042093519713864214,0.04690382593581976,0.01625470083225786,0.13988266019402323,-0.0005459684337638697,0.020137007227647892,0.09638454494581247,0.08968215613897876,0.016981975749969947,0.4912801106535905,0.0709382358391798,0.013665838658942523,0.04193143581322535,0.11721319014707787,0.009265034706190355,0.1540915109217167,0.05032903821553035,0.0005831042460198027,0.04816674664180996,0.022604908527251746,-0.033952774440637205,0.17123475086850087,1.5675675675675675,0.005971602075396352,1.7837837837837838,0.015677547768188433,1.7297297297297298,0.0093415143346182,1.7027027027027026,-0.003673652510736954,1.3783783783783783,0.012808754886311915,1.8108108108108107,0.012454948722942921,1.6216216216216215,0.0052109806521363,1.162162162162162,-0.03685817984604261
2026-08-11,2026-08,300,300,0.09293258813986822,0.0003292065915241546,0.044858354300346015,0.014265936288180979,-0.0017652345921322365,0.15187477494279544,-0.028069628059013287,0.008261479729858936,0.12455217635832685,0.024401531465377997,0.0748971061397684,0.5976175444821517,0.04622673585262058,-0.012836812808110418,0.04330963681202964,0.0222451360570673,0.01513295877746798,0.17234628268827995,0.08856453960599563,-0.01973734099960659,0.048159405093162806,-0.12632229246991633,-0.032471786914861425,0.2161999727288882,1.6756756756756757,-0.003859982597665035,1.864864864864865,0.0035993175676967736,1.8918918918918919,-0.01756654253784015,1.864864864864865,-0.024399503161768754,1.3513513513513513,-0.005143612970510615,1.7297297297297298,0.07057278181544407,1.8108108108108107,0.010605931750440955,1.2432432432432432,-0.035579895022969536
2026-08-12,2026-08,306,306,-0.011877366955753305,0.016454062670783635,0.030945533535527054,0.018141155111053874,0.022342401374344414,0.13675680215800962,0.12792898444301581,0.02006548031347356,0.08371276396597643,0.1087634171046019,0.0065054509929230436,0.5319274214486922,-0.02772509731938878,0.005748041605963893,0.03132050987283534,0.0024971808555749957,0.03169228690328136,0.14371946994816104,-0.06199019806574853,0.0019191755175898967,0.028434015072953372,-0.013220923548572523,0.010916450888785357,0.13309900042030118,1.4193548387096775,0.012905675574009443,1.8064516129032258,0.015549351281215495,1.6774193548387097,0.0015544932188671194,1.8064516129032258,-0.0025969535146681674,1.4516129032258065,0.0187133691162799,1.7741935483870968,0.0020699671219553016,1.7096774193548387,0.027418093354894264,1.2258064516129032,0.007851934759753099
2026-08-13,2026-08,326,322,-0.09533231444640236,-0.022179788771102566,0.0312678999652304,0.13339285018465522,0.059599897615983236,0.13420962798409164,0.011324462862359332,0.004182466178521346,0.10658926421105938,0.14038028544031741,0.0397625500688725,0.5096255042590201,-0.1412698563888973,-0.035688244722048484,0.02963379396036736,0.0874528836953557,0.013583125955284457,0.13224523508688435,-0.0729963565119742,0.001864623217681733,0.03292698412157652,0.1072860229206264,0.00459189161729982,0.19095777720212936,1.6875,-0.026398538771102566,1.8125,-0.0003487838214786534,1.8125,-0.040219494722048485,1.75,-0.0025103767823182674,1.53125,0.055771772615983234,1.9375,0.0349188000688725,1.875,0.008895625955284456,1.1875,0.0016231416172998196
2026-08-14,2026-08,358,355,0.011249423552860252,-0.026499836856041233,0.03549991308230055,0.23682738684244492,0.041968605585417235,0.11956579517573118,0.029808393401470828,-0.0051609633412297885,0.10010500903842189,0.0779467125268627,0.03247011509337756,0.3918795363149709,-0.02313634713269166,-0.03519798379172255,0.03740621589827255,0.14580991201977125,0.020622108626965202,0.12496488277489941,-0.08256849121377892,-0.04241853225665059,0.03483598916522254,0.05324046800214305,0.008969229482917347,0.16280635570486385,1.6388888888888888,-0.030597059078263454,1.75,-0.009535963341229789,1.7777777777777777,-0.039642428236166996,1.722222222222222,-0.04672408781220615,1.4444444444444444,0.03835749447430612,1.8333333333333333,0.027886781760044232,1.8611111111111112,0.015969330849187426,1.1944444444444444,0.005983118371806236
2026-08-17,2026-08,376,375,0.032848589888986424,0.02728878449549846,0.034007080051674764,0.0912876676209349,0.021877052278131845,0.1124092945338864,-0.0549304453935258,-0.013674257842906134,0.06887239326583991,0.06429285707261147,0.029811392582532265,0.38415148815042094,-0.0001919973127148624,-0.009553788800061788,0.0333696866035828,-0.025691407606683113,0.016375226405149487,0.11433201416787742,-0.008210171264208704,-0.004962746606426099,0.032585597755084725,-0.0005999210564841233,0.0030039136445708034,0.1280133233062531,1.7105263157894737,0.023012468706024778,1.894736842105263,-0.018411099948169293,1.6842105263157894,-0.013764315115851262,1.7368421052631577,-0.009304851869583994,1.394736842105263,0.01839021017286869,1.8684210526315788,0.025140339950953317,1.789473684210526,0.011901542194623171,1.263157894736842,-0.0001539810922713018
2026-08-18,2026-08,321,321,-0.054508910431299705,-0.021495816430246572,0.04092432249595217,0.1612461542926801,0.08147420041941623,0.14163636759622023,-0.011852355238789952,-0.045494018942638124,0.06682816930558969,0.0559350984504902,0.030346396629245827,0.33897551253903657,-0.04202741336274453,0.00575320876475777,0.038316512708136824,0.0302167382597086,0.03284490097726922,0.138416092378975,-0.0570617759423596,0.024073665498526887,0.04527570979101858,0.1323579990712254,0.06347934357700015,0.16676806984469295,1.5,-0.025245816430246572,1.894736842105263,-0.05023086104790128,1.5526315789473684,0.001871629817389349,1.631578947368421,0.019994718130105834,1.4736842105263157,0.07778998989310044,1.9210526315789473,0.02554376505029846,1.736842105263158,0.028502795714111323,1.2894736842105263,0.060255659366473834
2026-08-19,2026-08,322,320,0.023512484588190153,-0.006611010620242958,0.03388311977195364,0.06018255059175713,0.004709096661500621,0.12080539361340925,-0.05765164850360728,-0.021006393922235942,0.06961545688682497,-0.03793779973864984,-0.023467955441373627,0.42028942704200745,-0.03745201570003163,-0.010591974558933546,0.03002571917974977,0.015494794018425134,-0.01835629904093622,0.11521457685739733,-0.0001827716594300831,-0.010673802148965184,0.032806403933926795,0.009930952036281918,-0.0412978355844323,0.1713018945301883,1.59375,-0.010595385620242958,1.875,-0.025693893922235943,1.75,-0.014966974558933546,1.59375,-0.014658177148965184,1.40625,0.001193471661500621,1.84375,-0.028077330441373626,1.71875,-0.022653174040936218,1.21875,-0.0443447105844323
2026-08-20,2026-08,306,304,-0.03443680457177798,-0.011741397502384713,0.026406455259540655,-0.1382102176054915,-0.03544499511575709,0.12384778261184692,-0.0875798101711186,-0.006233681170038892,0.14969089723660453,0.13107565279578792,0.034147740220333705,0.6358215992649396,0.013353268898738007,0.0032632771897443437,0.028508001135400543,-0.09361611681571225,-0.017208828134903674,0.12735921187947194,0.04068887018417073,0.03157971572183996,0.02561170467906056,0.14226015284631502,0.00705790104548489,0.13328987099230288,1.71875,-0.016038272502384713,1.9375,-0.011077431170038891,1.875,-0.0014242228102556561,1.875,0.026892215721839956,1.53125,-0.03927312011575709,1.875,0.029460240220333705,1.71875,-0.021505703134903673,1.25,0.00393290104548489
2026-08-21,2026-08,326,323,0.12657363911486724,0.0521152447634117,0.028335866356821858,-0.050416199436292865,-0.012647928924606193,0.12105166882975027,-0.004413043513371159,-0.035177006040431016,0.072274687500532,0.04289982662621514,0.018086567175712994,0.4538041886407882,0.2107393568889601,0.060264439174957704,0.027313903717333034,-0.03704343835373272,0.0009297683387708873,0.12924397458846215,0.1371228422615826,0.039679555327069266,0.03039562382800339,0.16134891393291798,0.04144599410832356,0.12911085382802412,1.59375,0.0481308697634117,1.84375,-0.039786381040431015,1.65625,0.0561238141749577,1.625,0.03561705532706927,1.21875,-0.015694803924606194,1.78125,0.013633442175712995,1.625,-0.003132731661229113,1.1875,0.03847724410832356
2026-08-24,2026-08,347,345,0.0844517688849267,0.03852538905403464,0.04384449030223533,0.04407492910272221,0.0057953594460418215,0.1309487267452128,-0.011630117079238677,-0.019444602609665886,0.07108265374995792,0.013945398462616701,-0.0009709167510556956,0.42783573505413885,0.07295598423573108,0.03494560047899649,0.04550794829504433,0.03737120878350783,0.002684382655243546,0.13039880114443161,0.13670034849810356,0.03755697920172858,0.04349084787245573,0.02152336235473741,0.018580321652527598,0.1484399935888017,1.6470588235294117,0.03440774199521111,1.8823529411764706,-0.024150484962607063,1.7647058823529411,0.030533835773114137,1.7647058823529411,0.03314521449584623,1.1470588235294117,0.002927712387218292,1.8529411764705883,-0.005603269692232167,1.6470588235294117,-0.0014332644035799829,1.1470588235294117,0.015712674593704068
2026-08-25,2026-08,289,287,0.1135266276896154,0.03442153849265489,0.047109128715668344,-0.04601131527661775,-0.0006592860441138777,0.12948060851415683,-0.058443680355912186,-0.029371715408491726,0.07251988173994703,-0.13590008281516305,-0.051538241772060144,0.4166095765500233,0.08942051465616672,0.03756222801841137,0.046598136691764165,-0.04663673785944398,0.03224214405210038,0.11084875914043393,0.06050516800217404,0.03197637254251719,0.04571126037282977,0.013230322554985484,0.020104645824246134,0.13552573214060273,1.5588235294117647,0.030524479669125477,1.8823529411764706,-0.034077597761432904,1.588235294117647,0.03359163978311726,1.6470588235294117,0.02785872548369366,1.4705882352941175,-0.004335756632349171,1.8529411764705883,-0.05617059471323661,1.7941176470588236,0.02775684993445332,1.1470588235294117,0.017236998765422604
2026-08-26,2026-08,280,279,0.07305132441348505,-0.004568291144168783,0.03603074410578082,-0.03988307611655198,0.008988243441809332,0.121899554106806,0.06839754548155229,0.0003952109100134951,0.08179049747648277,0.05997289024236809,0.04892883466928753,0.43986426293849945,0.08557189398897669,-0.016184069149764682,0.03727928086412079,-0.056834005285327414,-0.006591560812940267,0.10793299455794372,0.12513053079173833,0.027897396839310258,0.03890775760877805,0.037063980006666795,-0.0011890869646238485,0.13867956340046866,1.5517241379310345,-0.00844760148899637,1.8620689655172413,-0.004259961503779608,1.6896551724137931,-0.020408207080799164,1.6896551724137931,0.023673258908275777,1.4482758620689655,0.0053675537866369185,1.793103448275862,0.04444607604859788,1.7241379310344827,-0.010901905640526474,1.1724137931034482,-0.004120121447382469
2026-08-27,2026-08,276,275,-0.041906936259471186,0.0038654372600282483,0.032000591273855274,0.10569826343802172,0.009450574681799287,0.11441515572369099,0.2265559561544004,0.014384363780893444,0.09243068764744676,0.042172048762258225,0.01281357005648966,0.3420309231483511,-0.01921148659572323,-0.02717271037516469,0.031978132073213955,0.05098956921276808,0.0020012656967629116,0.1092096600082836,-0.013412774798290252,0.024534225084185436,0.031069427515726132,-0.10585408313237539,-0.0013792563070915004,0.12193236519981708,1.5,0.00011543726002824842,1.9285714285714284,0.009562935209464874,1.607142857142857,-0.031190567518021833,1.75,0.020159225084185436,1.2857142857142856,0.006236288967513573,1.8214285714285714,0.008259998627918232,1.607142857142857,-0.002016591446094231,1.2142857142857142,-0.004414970592805786
2026-08-28,2026-08,276,275,-0.05251580314207845,-0.01636586429834473,0.03866646131521849,0.18573821720580472,0.026221357653076365,0.11090616728844388,-0.04376140613200078,-0.030289012148999053,0.07121308408489693,0.04157976927911712,0.01330304020489689,0.39877400680312086,0.02370457042565032,-0.007167420244113315,0.04090292256888156,0.15364963399494871,0.01718590712161769,0.10517582488994646,0.03391561677424968,0.011048559695910551,0.04004143199712572,-0.17646894308015013,-0.01894145648881638,0.10725274016814573,1.5357142857142856,-0.020205150012630447,1.8214285714285714,-0.03484258357757048,1.6428571428571428,-0.011274563101256171,1.7142857142857142,0.006762845410196266,1.2142857142857142,0.02318564336736208,1.7142857142857142,0.009017325919182605,1.6428571428571428,0.01307876426447483,1.25,-0.022066456488816378
2026-08-31,2026-08,322,319,0.027977727373288637,0.017150895608569805,0.02976822931607439,0.11656642382781296,0.04314460692284998,0.10353015857981518,-0.04382732614035563,0.002828688274210397,0.07027781376887242,-0.036487875937086404,-0.03683185758760563,0.4681157192680985,-0.0005441814503675718,-0.0017554229989106516,0.03002010758536386,0.09031775844707737,0.028450525141172012,0.0940695080862497,0.022210798245715806,0.0014089162128369907,0.03126688668696981,-0.18577235209830634,-0.046085560508700565,0.11790522636147216,1.65625,0.013010270608569805,1.9375,-0.002015061725789603,1.71875,-0.006052297998910652,1.625,-0.0026535837871630094,1.125,0.040332106922849977,1.84375,-0.04144123258760563,1.625,0.024388025141172012,1.34375,-0.04944493550870056
2026-09-01,2026-09,228,226,0.06604493781364884,-0.00872730182130052,0.027334646974746815,0.09439219501922187,0.02881211759541535,0.1420903959028099,0.0786792824830644,-0.0031202396313491434,0.03851510334931393,0.008406996659934673,-0.022735431645202357,0.6377978635870892,0.032573933006903096,-0.016704089763602218,0.028223156854544164,0.11599743640886646,0.012352975732007535,0.12065011975557907,0.11796321973846187,0.0062533609330892,0.02859239641861184,0.16274956286316275,0.03410345666696994,0.10679676417139886,1.5625,-0.01263355182130052,1.875,-0.007807739631349143,1.65625,-0.020844714763602216,1.4375,0.0026596109330892,1.53125,0.024983992595415352,1.75,-0.027110431645202358,1.625,0.008290475732007535,1.9375,0.02925970666696994
2026-09-02,2026-09,110,110,-0.008209562494808169,-0.02630236494040599,0.019861369994896003,0.33946757432995966,0.1283790934805315,0.15157062289389697,-0.19789508801323413,-0.07745667348428345,0.03654423821924803,-0.21138383649454442,-0.03520453141495701,0.6095211532982913,-0.031598475302641656,-0.03594927853696408,0.01802127223627883,0.30988436309537226,0.10554826745581161,0.12134221179241485,0.013718670330423535,-0.034073628986431355,0.01972567072452333,0.22536347857448774,0.016354347589500023,0.11599371887066148,1.7391304347826086,-0.030650191027362512,1.6956521739130435,-0.08169580391906606,1.6956521739130435,-0.040188408971746685,1.8695652173913044,-0.03874754202990961,1.5217391304347827,0.12457474565444454,1.7826086956521738,-0.039661053154087446,1.5217391304347827,0.10174391962972465,1.608695652173913,0.01233260845906524
2026-09-03,2026-09,115,115,0.05468318472342776,0.04098991700818863,0.024539668114168717,0.28249033378047816,0.05420482496487809,0.17291743153085312,0.3825147607416121,0.11415720506365974,0.028128763203919698,0.03913051197536213,-0.00381455581518262,0.6616604044102132,-0.05271837765327862,-0.010115428728151531,0.024159239988968094,0.11025013808885031,0.013428865494533704,0.1319412460240225,0.07750335358636472,0.022053709767517207,0.024223608949349766,0.24372287540440307,0.036528873130277466,0.14956357679329813,1.3333333333333333,0.0376565836748553,1.4166666666666667,0.11061553839699308,1.4166666666666667,-0.013657095394818198,1.3333333333333333,0.018720376434183873,0.75,0.05232982496487809,1.5,-0.00756455581518262,1.1666666666666667,0.010512198827867037,1.0,0.034028873130277464
2026-09-04,2026-09,110,110,0.12789486734440864,0.008228555496728407,0.0319763446098017,0.3208484547934089,0.05679835610667925,0.20784932967614045,0.08916028744894813,0.03417879292780935,0.035893511300007994,0.18452847881745946,0.015105901539862313,0.5483485947955739,0.07014419706574425,-0.009490869198099362,0.03293984158350256,0.258003291030814,0.06503799854926719,0.15216741981831464,0.01466537429840182,-0.04650393888819291,0.02336518237965822,0.32977481234361966,0.028996200607582477,0.16499954428185115,0.9166666666666667,0.00593688883006174,1.5,0.03042879292780935,1.0833333333333333,-0.012199202531432696,1.25,-0.04962893888819291,0.6666666666666667,0.055131689440012586,1.25,0.011980901539862313,1.0833333333333333,0.062329665215933854,0.75,0.027121200607582475
