date,month,n,n_tradable,ic_GBM_EVENT,gross_GBM_EVENT,pred_GBM_EVENT,ic_StockMixer_T1_EVENT,gross_StockMixer_T1_EVENT,pred_StockMixer_T1_EVENT,ic_GBM_TFIDF,gross_GBM_TFIDF,pred_GBM_TFIDF,ic_StockMixer_T1_TFIDF,gross_StockMixer_T1_TFIDF,pred_StockMixer_T1_TFIDF,ic_GBM_SHUFFLE,gross_GBM_SHUFFLE,pred_GBM_SHUFFLE,ic_StockMixer_T1_SHUFFLE,gross_StockMixer_T1_SHUFFLE,pred_StockMixer_T1_SHUFFLE,ic_GBM_NOTEXT,gross_GBM_NOTEXT,pred_GBM_NOTEXT,ic_StockMixer_T1_NOTEXT,gross_StockMixer_T1_NOTEXT,pred_StockMixer_T1_NOTEXT,turnover_GBM_EVENT,net_GBM_EVENT,turnover_GBM_TFIDF,net_GBM_TFIDF,turnover_GBM_SHUFFLE,net_GBM_SHUFFLE,turnover_GBM_NOTEXT,net_GBM_NOTEXT,turnover_StockMixer_T1_EVENT,net_StockMixer_T1_EVENT,turnover_StockMixer_T1_TFIDF,net_StockMixer_T1_TFIDF,turnover_StockMixer_T1_SHUFFLE,net_StockMixer_T1_SHUFFLE,turnover_StockMixer_T1_NOTEXT,net_StockMixer_T1_NOTEXT
2025-08-01,2025-08,372,364,0.11799090555827643,0.00927450980531249,0.05135201217569351,0.02872695765119387,0.011959824314676392,0.39912225802739465,0.02481199738734482,0.015357772631743103,0.07413904635805697,0.0041652894931019716,0.026496548669787717,0.504208803590801,0.09195283869708963,0.019627537759613584,0.042612589927434164,-0.030379454123700165,0.008079032110825132,0.310196074967583,0.12990384563832078,0.025369671544198443,0.047488129390033204,-0.0542983440302312,0.0007351853667709948,0.18031404157065684,1.0,0.00677450980531249,1.0,0.012857772631743102,1.0,0.017127537759613586,1.0,0.022869671544198444,1.0,0.009459824314676391,1.0,0.023996548669787718,1.0,0.0055790321108251315,1.0,-0.0017648146332290052
2025-08-04,2025-08,396,387,0.01080563039470514,-0.007662078602045586,0.05450113453389602,-0.006954440957470689,-0.00748306764360481,0.43375398218631744,0.03798690984119059,-0.002643356517277309,0.061245600716471234,0.00887747545017023,0.0008880910850927902,0.6041219100738183,0.0001749794041704908,-0.017141178669662166,0.04755102948563719,-0.0016676667675221818,-0.004313814066721719,0.9569785079130759,0.04288096873854299,0.020288946084498122,0.05011050805615502,-0.1075160997235742,-0.019216200213003756,0.19928639420332053,1.641025641025641,-0.011764642704609689,1.8717948717948718,-0.007322843696764489,1.8717948717948718,-0.021820665849149344,1.7692307692307692,0.0158658691614212,1.4102564102564101,-0.011008708669245835,1.8974358974358974,-0.003855498658496953,1.8205128205128205,-0.00886509611800377,1.6153846153846154,-0.023254661751465296
2025-08-05,2025-08,473,454,-0.007551528517186152,-0.005038565224050968,0.05369255402123404,-0.0869924881602683,-0.010012558420329684,0.46549019068479536,0.013552126249331005,-0.020323146694985552,0.06482315925727983,-0.027512263140527182,0.014638721057251277,0.5674339830875397,0.06877227391340043,0.06157149344061395,0.05181715919615133,-0.07271473107105744,-0.050253243840266845,0.319895352754328,-0.006287384001019662,-0.007967078427256209,0.05516268275577273,-0.03671802319911569,0.0503537131471548,0.17566484378443825,1.4666666666666666,-0.008705231890717634,1.9555555555555555,-0.025212035583874443,1.8,0.057071493440613956,1.8444444444444443,-0.01257818953836732,1.4222222222222223,-0.01356811397588524,1.8888888888888888,0.009916498835029056,1.8,-0.05475324384026684,1.6666666666666667,0.04618704648048813
2025-08-06,2025-08,581,559,-0.011144715982410165,-0.007921717044329635,0.05291358598639041,-0.04427115806683134,0.0031697167737230886,0.39544752113787196,-0.020376790647636995,-0.02335616776525622,0.07271759039704062,-0.07049610997349749,-0.019097797856206283,0.5929559016866344,0.006888230388416701,0.04113062390560847,0.04887569635763814,0.02394256320391005,-0.02050497264058422,0.3936321453324386,-0.016901520309589184,0.004587512040309105,0.05853353568557863,-0.09561649166367364,-0.024498210082847634,0.20937987410330347,1.4642857142857142,-0.01158243133004392,1.75,-0.02773116776525622,1.8035714285714286,0.036621695334179895,1.7142857142857142,0.00030179775459482014,1.4107142857142858,-0.00035706894056262593,1.8571428571428572,-0.023740654999063426,1.9285714285714286,-0.02532640121201279,1.6607142857142858,-0.02864999579713335
2025-08-07,2025-08,589,550,-0.07450204265160021,-0.010038663665692662,0.054111914849809484,-0.021771683615379265,-0.00039708905808274585,0.48321632607416676,0.021119331704641652,0.004195303644685662,0.07471706934003641,0.08146358434429643,0.03215103794336344,0.5225939875976606,-0.008974048286792758,0.0021557115155000604,0.05664617508976616,0.01404452357690261,0.05095883673841928,0.4109300922263752,-0.05354572247064167,-0.007993199102661299,0.057768741426695566,-0.16993667984115218,-0.03483538787828126,0.18465662679888986,1.482142857142857,-0.013744020808549804,1.8392857142857142,-0.00040291064102862366,1.8214285714285714,-0.002397859913071368,1.7857142857142856,-0.012457484816947013,1.4285714285714286,-0.003968517629511318,1.857142857142857,0.0275081808005063,1.8928571428571428,0.04622669388127642,1.75,-0.039210387878281266
2025-08-08,2025-08,366,353,0.012390508703406581,0.023666935308606883,0.062213203998107626,-0.02195990835923668,0.008536368494253932,0.4589530408382416,-0.04173693711048165,-0.02641290220690097,0.07927023063434867,-0.022165462004484517,0.0005160737527497539,0.5158951222896576,0.028800473660439828,-0.00899922973267281,0.06557259756969366,-0.077919859184413,-0.02799888189971548,0.4036272525787354,0.0497506227470948,-0.01069757432542116,0.057692817340827734,-0.009249008215323625,0.018361746087467136,0.21371445868696487,1.509090909090909,0.019894208035879612,1.8909090909090909,-0.031140174934173696,1.8545454545454545,-0.013635593369036447,1.8545454545454545,-0.015333937961784797,1.4,0.005036368494253932,1.8181818181818181,-0.0040293807927047915,1.9818181818181817,-0.032953427354260934,1.709090909090909,0.014089018814739864
2025-08-11,2025-08,398,376,0.056263784037504684,0.027729253108011234,0.06869191547013301,0.008357920373915589,0.012133408902286338,0.47545787348951163,0.0205950958045855,0.03974353850200135,0.06398135441423193,-0.04044630888802256,0.024204858978349564,0.6200580424384067,-0.004434779931493038,0.009249334824030111,0.06647460909076935,-0.03652683392563825,-0.0062062728602852845,0.43349480530933326,0.05698413903157282,0.02940591233385476,0.061951520049865184,0.011337344824220774,-0.02861621965803853,0.2658567573679121,1.5526315789473684,0.023847674160642814,1.894736842105263,0.035006696396738195,1.9210526315789473,0.004446703245082743,1.7894736842105263,0.024932228123328445,1.368421052631579,0.008712356270707391,1.8421052631578947,0.019599595820454827,1.8684210526315788,-0.01087732549186423,1.5526315789473684,-0.032497798605406955
2025-08-12,2025-08,266,252,0.030669741982686204,-0.018005510807983547,0.0664568366608318,-0.04074177387500976,0.008023206455727499,0.5111179089546204,0.021596751782801533,0.007073800927435536,0.06412185871389904,-0.020684280332051184,0.010431861926423897,0.588937435746193,-0.10503649413973773,-0.03260094353708006,0.055130291954060016,0.014369716957222396,0.053044454459834287,0.41691764086484906,-0.07542866069137227,-0.035595695687770594,0.057038169935806654,0.032771880942551415,-0.013582416913364419,0.22943745970726015,1.6578947368421053,-0.02215024765008881,1.8421052631578947,0.002468537769540799,2.0,-0.03760094353708006,1.868421052631579,-0.04026674831934954,1.4473684210526316,0.00440478540309592,1.894736842105263,0.005695019821160739,1.894736842105263,0.04830761235457113,1.6052631578947367,-0.017595574808101262
2025-08-13,2025-08,336,316,0.03262672414529598,-0.016424779451229974,0.0667151679367429,-0.0023042910619511894,-0.056482260268313184,0.44806634658016264,-0.10721191974818581,-0.022974141820172038,0.06274146932506604,-0.020089817817384427,-0.009330767521598369,0.5471829692833126,0.0084038292230551,0.008549699359641293,0.055759006764379754,-0.14980169620371644,-0.022809402306356856,0.3705807925434783,-0.027803340589341863,-0.059168408987718725,0.06009451676476577,0.1383662880066528,0.0271873913353938,0.21445202128961682,1.625,-0.020487279451229974,1.84375,-0.027583516820172037,1.875,0.0038621993596412935,1.8125,-0.06369965898771872,1.5,-0.06023226026831319,1.9375,-0.01417451752159837,1.90625,-0.027575027306356855,1.46875,0.023515516335393803
2025-08-14,2025-08,327,311,0.03305525599797046,-5.185461383062245e-05,0.06820250713117779,-0.05145656199563628,-0.0172292728540447,0.3940826704905879,-0.0031704536026689314,-0.0050522159583358765,0.07647567811752126,-0.09389100813065723,0.002753516628612637,0.6227455009375849,0.028123874156585463,0.04388070364596694,0.05845460132654508,-0.006828740356946065,0.011815110490278424,0.39453210417301426,-0.02508470289230925,-0.005687307605659168,0.05272844364888265,0.1005502202416772,-0.0016526353366866737,0.17840569562488987,1.4375,-0.003645604613830623,1.875,-0.009739715958335875,1.875,0.03919320364596694,1.59375,-0.009671682605659168,1.34375,-0.0205886478540447,1.8125,-0.0017777333713873628,1.875,0.007127610490278424,1.375,-0.005090135336686674
2025-08-15,2025-08,303,296,0.10196400019584807,0.031205963376952216,0.06400685311820921,0.017042458182737807,-0.03411871151629828,0.43154169519742325,0.12004090113164834,0.05248429207759695,0.06097250594929074,0.03775699374525352,0.021391897645394977,0.44597647587458294,0.0025522490656888206,-0.014479576165954704,0.056898328599898136,-0.07870818624235916,-0.005566983525535595,0.3568897118171056,-0.025235192781835596,0.002856034225032911,0.045342875719070294,0.09755466801889577,-0.00365425793378719,0.21870941321055093,1.5483870967741935,0.02733499563501673,1.9032258064516128,0.04772622756146792,1.8064516129032258,-0.018995705198212767,1.7096774193548387,-0.0014181593233541859,1.3870967741935483,-0.037586453451782145,1.8387096774193548,0.01679512345184659,1.8709677419354838,-0.010244402880374304,1.4838709677419355,-0.007363935353142028
2025-08-18,2025-08,370,360,0.022502799953329176,0.01702970905294149,0.05840493180666903,0.0017470761143103526,0.012070859681826463,0.45069601314349306,-0.0009139248098810514,0.004983130103431344,0.06786601145578124,0.12332725275382696,-0.00490008631389433,0.536454794721471,0.06099793831040955,0.020185279987840945,0.050647266551459014,-0.05785061901030608,-0.03794011706104137,0.456709562904305,0.05928272628686802,0.0005196334176501144,0.03960540501819382,0.1347008832512744,0.02494346046215557,0.15785014463795555,1.5277777777777777,0.013210264608497044,1.9166666666666665,0.0001914634367646776,1.8333333333333333,0.015601946654507613,1.8611111111111112,-0.004133144360127664,1.5,0.008320859681826463,1.8055555555555556,-0.009413975202783219,1.8333333333333333,-0.042523450394374704,1.4444444444444444,0.02133234935104446
2025-08-19,2025-08,259,252,0.004788611765355951,0.027643756129852395,0.0616132382646717,0.07467623514135142,0.013972060014864817,0.715429369956255,-0.1163397602872267,-0.004417240764559339,0.06066989027957685,-0.07291333183580924,-0.01342470365278619,0.41957135856151584,-0.02461510833603857,-0.006645253752951486,0.05709541640986257,-0.027503608898957737,0.00437197408481107,0.339958506450057,-0.0931579419951513,0.002249954121136988,0.04700541484963998,0.033770315165664005,0.0014934213085792975,0.16342814803123473,1.6666666666666667,0.023477089463185725,1.9166666666666665,-0.009208907431226005,1.8888888888888888,-0.011367475975173708,1.722222222222222,-0.002055601434418567,1.3611111111111112,0.01056928223708704,1.8055555555555556,-0.01793859254167508,1.8888888888888888,-0.00035024813741115195,1.3333333333333333,-0.0018399120247540352
2025-08-20,2025-08,276,267,0.05417103066451678,-0.00764615594524428,0.05505313677883306,0.10325708822648079,0.02578585399736085,0.4822066413859526,-0.05705057746859681,-0.04040707665098582,0.05948369643100046,0.06395618884473563,-0.017261880439595978,0.657392093428859,0.02143177180690915,0.023805453826715544,0.050808730913282044,-0.10237353919036543,-0.012509263209350975,0.34802733796338237,0.005874345400322484,-0.001474857190059773,0.041660741883623946,-0.0003738531128265864,0.0018698735674582898,0.19065998232475034,1.6296296296296295,-0.011720230019318354,1.7407407407407407,-0.04475892850283767,1.8148148148148149,0.019268416789678507,1.7777777777777777,-0.0059193016345042175,1.1481481481481481,0.02291548362699048,1.7037037037037037,-0.02152113969885524,1.8518518518518519,-0.017138892838980603,1.6296296296296295,-0.002204200506615784
2025-08-21,2025-08,255,247,-0.03506108151922186,-0.005072602478359306,0.05072554081542321,0.04543046549328393,0.014555217719629216,0.483495337665081,0.04443557461791452,0.005855074385693822,0.04365890841011341,-0.008167022840573235,-0.02197569960157709,0.523120122551918,0.07811124942102825,0.0005876899187014124,0.04548644778781835,0.00687963177396943,-0.03078100564164767,0.37061499632894995,0.03917901806391848,0.020354147159710224,0.0431444526239117,-0.09811617068087078,-0.02450211365156446,0.1699766267836094,1.2592592592592593,-0.008220750626507454,1.8148148148148149,0.001318037348656785,1.8148148148148149,-0.003949347118335625,1.6666666666666667,0.016187480493043555,1.3703703703703705,0.01112929179370329,1.8148148148148149,-0.02651273663861413,1.8518518518518519,-0.0354106352712773,1.4814814814814814,-0.028205817355268163
2025-08-22,2025-08,232,224,-0.06874736925055114,-0.028151862914336113,0.05397545096073546,0.05780441254764179,0.028167108311291718,0.4848677749660882,0.09366985148438482,0.004164291861467445,0.041593809679166746,-0.10455449811622443,-0.02056735318471943,0.41502250798723916,-0.09921024661294012,-0.03684449591250505,0.051180660673826414,-0.007546767277416974,0.0015586376650303276,0.45221371203660965,-0.1304553815283429,-0.02361682892949008,0.04221866026651657,0.15464482239678332,0.027341107902381846,0.16947447881102562,1.52,-0.03195186291433611,1.8,-0.0003357081385325549,1.72,-0.04114449591250505,1.6,-0.02761682892949008,1.32,0.024867108311291717,1.8800000000000001,-0.02526735318471943,1.8800000000000001,-0.0031413623349696726,1.48,0.023641107902381844
2025-08-25,2025-08,295,290,-0.02860929405906678,0.002495395468781483,0.05346243151054694,0.027082421106792594,-0.0016752612715353085,0.5788782948050006,-0.029526046695699467,-0.017407405174757574,0.06257301414475976,-0.016918994531906022,-0.01146780886846015,0.5530642373808499,-0.05377219770726028,-0.009383346112361824,0.046314549872949425,-0.03865351447800685,-0.027549227554937085,0.36501172589587755,-0.11380754272433896,-0.02396021887922104,0.035351191089137986,-0.04347205720830487,0.005747948106454053,0.13917921650512466,1.3793103448275863,-0.000952880393287483,1.793103448275862,-0.02189016379544723,1.8620689655172413,-0.014038518526154927,1.6896551724137931,-0.028184356810255523,1.4482758620689655,-0.005295950926707722,1.8620689655172413,-0.016122981282253254,1.896551724137931,-0.032290606865281915,1.4827586206896552,0.002041051554729915
2025-08-26,2025-08,281,274,-0.012568010470637865,0.00739656413359223,0.045685979270508444,0.029788315720018606,0.013646879179352454,0.4028490329230273,-0.18145955793388607,-0.027065205177148756,0.05095513872788607,-0.16884263984891176,-0.031171542509514392,0.5102523493546027,0.009825417257082284,0.015870530089613966,0.03912449745942358,-0.06076755832945732,-0.02445274502752073,0.3170606400127764,-0.07272063516100769,-0.018334084698189812,0.03614663326752121,-0.05712717281960865,-0.009536728241220595,0.12116783995319297,1.586206896551724,0.00343104689221292,1.9655172413793103,-0.03197899828059703,1.9310344827586206,0.011042943882717414,1.793103448275862,-0.022816843318879468,1.482758620689655,0.009939982627628317,1.8275862068965516,-0.03574050802675577,1.9655172413793103,-0.029366538130969004,1.482758620689655,-0.013243624792944733
2025-08-27,2025-08,302,293,-0.04801277581396494,-0.01076654286762328,0.055301076982126954,0.007249459705147066,-0.012454688793574031,0.6103116191666702,-0.12329106062333023,-0.03684060888727164,0.06271159378517019,-0.042930916029841934,-0.026395941179719547,0.5748174945855964,0.04203048480694103,-0.01598271209544658,0.05638003180104953,-0.06496499656141963,-0.0052481438136007755,0.3667547503678963,-0.025917379380987177,0.022404488096145307,0.04452294570288917,-0.08315541343748563,-0.013605137253098792,0.12449453334356175,1.4137931034482758,-0.014301025626243968,1.896551724137931,-0.04158198819761647,1.896551724137931,-0.020724091405791407,1.7241379310344827,0.0180941432685591,1.4137931034482758,-0.01598917155219472,1.8620689655172413,-0.03105111359351265,1.8620689655172413,-0.009903316227393879,1.586206896551724,-0.017570654494478102
2025-08-28,2025-08,280,270,-0.13273037374747856,-0.046315421871824566,0.05516943411768823,0.11891204880528725,-0.0028233360479952042,0.41870784483574053,0.05942867891899555,0.002237247609828788,0.05726763921995379,0.02554780788415899,0.022887230340949437,0.5222636295689477,0.03863751906456533,-0.013904383415681603,0.04835931972936322,-0.02259321820795819,0.013612681409264091,0.31359516580899555,-0.0615434234766114,-0.0499710441284706,0.0477020091855352,-0.17750517954857295,-0.041700201299791476,0.11358059087285288,1.6896551724137931,-0.05053955980285905,1.9310344827586206,-0.002590338597067764,1.8275862068965516,-0.018473348932922982,1.793103448275862,-0.05445380274916026,1.4137931034482758,-0.006357818806615893,1.8275862068965516,0.018318264823708057,1.896551724137931,0.008871302098919263,1.482758620689655,-0.045407097851515615
2025-08-29,2025-08,250,245,0.021927151674485744,-0.0009148399239148931,0.06354667518942517,0.004256711376537617,0.017381747546344563,0.617431728169322,-0.018732592163958655,-0.0005177593654679636,0.060531153416714806,0.02931749509323061,0.009531736832476828,0.4494379678120216,-0.014286191550864137,-0.02193045147412185,0.04884016226337684,-0.016267664776207766,-0.02903763645190796,0.38953451509587467,-0.11183381122937967,-0.006236998005079838,0.04810060504583184,-0.2802713235896366,-0.06814730953146982,0.14721609589954218,1.4814814814814814,-0.004618543627618597,1.7037037037037035,-0.004777018624727222,1.8518518518518516,-0.02656008110375148,1.7777777777777777,-0.010681442449524282,1.3333333333333333,0.01404841421301123,1.7777777777777777,0.005087292388032383,1.8888888888888888,-0.033759858674130186,1.5185185185185184,-0.07194360582776611
2025-09-02,2025-09,360,351,-0.04265387850214894,-0.024138443307721386,0.04847782680091971,0.02794928973217386,0.014226975518766435,0.5322382369211742,0.0023663185932075795,-0.017319541280260694,0.05519635983548582,-0.06906203697693417,-0.038817434630655574,0.4747148027377469,-0.05131212762136341,-0.05454125295284905,0.042984288558650344,0.046133072014444554,-0.02503841053679487,0.342046375146934,0.01169041942196056,-0.0015071826891959149,0.03784144561432463,-0.015339367330509238,-0.015336989382487143,0.1490906172032867,1.6285714285714286,-0.02820987187914996,1.8857142857142857,-0.02203382699454641,1.8285714285714285,-0.05911268152427762,1.7999999999999998,-0.0060071826891959145,1.657142857142857,0.010084118375909293,1.857142857142857,-0.04346029177351272,1.857142857142857,-0.029681267679652013,1.8285714285714285,-0.019908417953915715
2025-09-03,2025-09,278,273,-0.00907819220342836,-0.025813733606276222,0.06216142859954653,-0.06612611389867959,-0.0006754559385468858,0.6586798415691765,0.06439777395057387,0.014280068055626026,0.04868431995473826,0.13661682875138925,0.03463627868540151,0.9013789478275511,0.043391396117995557,-0.036089455963274175,0.0462860868281359,0.04388514342828753,-0.004736387800731227,0.29693172347766383,0.03393702878619429,-0.03316809464827207,0.057355361852746325,-0.03692576391896847,0.002619315917190955,0.1817320469352934,1.5142857142857142,-0.029599447891990507,1.7428571428571429,0.00992292519848317,1.7999999999999998,-0.04058945596327417,1.8285714285714285,-0.037739523219700644,1.3428571428571427,-0.004032598795689743,1.857142857142857,0.02999342154254437,1.9428571428571428,-0.009593530657874084,1.4857142857142855,-0.001094969797094759
2025-09-04,2025-09,275,267,0.0004316090130117423,-0.012129663703210832,0.05203925876917466,0.08626236981044978,0.011895141853985838,0.5688801551306689,0.0150529506326741,0.030995946971630196,0.06272665527678851,-0.005198262941037901,0.015285086000178192,0.5477209869358275,-0.1104584403219757,0.030434684449676126,0.046047053660253134,0.12303338045642076,0.03675569690730774,0.2650512335477052,-0.06825134877816566,0.02624583731096765,0.038403585948247984,0.09414500447188483,0.0386495139230889,0.16531564057287243,1.4814814814814814,-0.015833367406914538,1.7777777777777777,0.02655150252718575,1.9259259259259258,0.025619869634861313,1.8148148148148147,0.02170880027393061,1.3703703703703702,0.008469215928059912,1.8148148148148147,0.010748048963141157,1.9259259259259258,0.03194088209249293,1.5555555555555554,0.034760625034200014
2025-09-05,2025-09,257,245,-0.00906380078725907,0.002177658044201239,0.04891552680166546,0.13977241878563026,0.05959542873749253,0.5908245897541443,0.12472116280013436,0.062194309996888165,0.04748490221769541,0.0535473692090479,-0.046676998865695346,0.4700912676441173,-0.002745085286399421,0.007902557285976622,0.04526415559539327,0.08008819903176183,-0.02881816408014854,0.40334844278792537,0.07760044339878744,0.04573965252598136,0.0405541393517926,0.019740860555605828,-0.004355589534707674,0.18901548841192078,1.259259259259259,-0.0009704901039469089,1.8148148148148147,0.05765727295985113,1.8148148148148147,0.0033655202489395854,1.7777777777777777,0.041295208081536916,1.4074074074074074,0.05607691021897401,1.8518518518518516,-0.051306628495324975,1.8888888888888888,-0.033540386302370766,1.4814814814814814,-0.008059293238411378
2025-09-08,2025-09,275,263,0.03927122702749488,0.059775599951799915,0.05359982403258546,0.13688006693401805,0.019994517194845893,0.9522032786447268,0.016058384693715722,0.0404826098228982,0.06362805990922564,0.02203534213586267,0.038638374190237156,0.3864351993856522,0.0203623669253628,0.01471371069905267,0.05443006921002877,0.08891087966302184,0.001521476792345702,0.39006205734152055,-0.03747093274862237,-0.04441526099207014,0.04366037347593703,-0.06601194426011944,-0.04006763726460412,0.20678070474129456,1.3076923076923077,0.05650636918256915,1.7692307692307692,0.03605953289982127,1.7307692307692308,0.010386787622129592,1.7692307692307692,-0.048838337915147065,1.4615384615384615,0.01634067104099974,1.9230769230769231,0.033830681882544844,1.8846153846153846,-0.0031900616691927595,1.4230769230769231,-0.04362532957229643
2025-09-09,2025-09,276,262,0.04123228835204977,0.04652587975427589,0.05059961032628574,0.035426435125069565,0.05796866742032674,0.8190170211287645,0.07736045172897833,0.043184940329021995,0.05015527022906546,0.07924008245919405,0.014079846341605178,0.5517233489797666,0.13778285127209944,0.03148669784853065,0.04782920514426807,0.0058869022987685675,-0.007017848798182548,0.3551477351440833,0.07115651888528989,0.07431853410247329,0.05878435721887827,0.0714533183031064,0.02232517131746713,0.19640149326565173,1.576923076923077,0.042583572061968195,1.6923076923076925,0.03895417109825276,1.8461538461538463,0.026871313233146035,1.8076923076923077,0.06979930333324251,1.2692307692307694,0.054795590497249816,1.9230769230769231,0.00927215403391287,1.8461538461538463,-0.011633233413567163,1.3846153846153846,0.01886363285592867
2025-09-10,2025-09,251,245,0.030376019730601403,-0.012229819288594984,0.05073675552439497,-0.028204135837601972,0.001983138642075829,0.577613717255493,0.09031756218523247,0.021168159659321062,0.060048386110530635,0.01298203828956789,0.03563935236496783,0.7149089227120082,0.009554923164484917,-0.022788316910759398,0.04786625506477868,0.04442572566875356,0.06091473729248926,0.3795678671449423,0.12486131663820907,0.10536134174988776,0.04929078321873008,0.0735154619616771,0.04553988281229873,0.21930147994620103,1.6153846153846154,-0.016268280827056524,1.7307692307692308,0.016841236582397986,1.8846153846153846,-0.02749985537229786,1.6923076923076923,0.10113057251911853,1.2692307692307692,-0.0011899382810010941,1.7692307692307692,0.03121627544189091,1.8846153846153846,0.0562031988309508,1.4615384615384615,0.04188603665845258
2025-09-11,2025-09,257,250,0.01859772305673695,0.02491544956403737,0.05348076074123425,0.06026674622206135,0.055373030122692186,0.564019735455513,0.06865212379232298,0.08407383645383222,0.05707541432915261,0.0746288204037278,0.05842305921764882,0.4170760136842728,-0.018427348203782463,-0.06713631646849978,0.049873654994054106,-0.012071871323862095,0.0051377529581521746,0.29169974386692044,-0.0025294661062676615,-0.03359007825934174,0.0613279682945469,0.11175317844538955,0.005427144839239274,0.24424818098545073,1.68,0.020715449564037373,1.68,0.07987383645383223,1.76,-0.07153631646849978,1.64,-0.03769007825934174,1.44,0.05177303012269219,1.68,0.05422305921764882,1.96,0.00023775295815217472,1.48,0.0017271448392392735
2025-09-12,2025-09,297,289,-0.05359187741738077,-0.015767571150218148,0.05948476731377328,0.14087913416772477,-0.001724723190182794,0.6039316255984635,-0.033451146970514496,-0.013681357857913155,0.0508526712040378,0.00960736855130611,0.04123575319586961,0.5983030396545755,-0.06745488624683256,-0.017066890438167847,0.05344126312388388,0.06986699939720074,0.010275110423959432,0.6710644734316858,-0.024473833198665414,-0.010526750469400298,0.05449926626282353,0.2393429121617041,0.029116785235990008,0.20979165709738073,1.5172413793103448,-0.01956067459849401,1.8620689655172413,-0.01833653027170626,1.5862068965517242,-0.021032407679547158,1.6896551724137931,-0.01475088840043478,1.5517241379310345,-0.005604033535010381,1.8620689655172413,0.03658058078207651,1.8275862068965518,0.005706144906718053,1.4827586206896552,0.02540988868426587
2025-09-15,2025-09,351,342,-0.16480437373767756,-0.031206817064923318,0.05950264650253813,-0.13142677679450976,-0.019898484228305,0.6710268220699885,-0.0447013094242242,-0.01969095407702744,0.04444714641436896,-0.07062305301395,-0.04452909643270977,0.5426339362474049,0.02299575584108646,0.03517293513743572,0.06656952074687625,-0.043616386642273575,-0.017894080405191273,0.5266001062358127,0.0270560014330116,0.0360649042568839,0.04876494295761383,0.09791029095281763,-0.0008123584893662827,0.14721957161365185,1.4117647058823528,-0.0347362288296292,1.8235294117647058,-0.024249777606439205,1.6176470588235294,0.031128817490376895,1.4705882352941175,0.0323884336686486,1.2647058823529411,-0.023060248934187354,1.9117647058823528,-0.04930850819741565,1.9411764705882353,-0.02274702158166186,1.4705882352941175,-0.004488829077601576
2025-09-16,2025-09,349,341,-0.13093680748655553,0.009617235764759414,0.05622236565949368,0.025061611641989074,0.018404753156117337,0.5858227880123784,-0.009980431997660763,-0.036482856504482894,0.039567942390489205,-0.000202985138219,0.01572356023286301,0.4639275892473319,0.014529620167402996,0.01496616299036757,0.04864813355490929,-0.03217835617598487,0.010299855116263879,0.6618665479780996,0.016862534757999634,0.01759539075123697,0.05553979430432701,0.14711872062331502,0.018394964943949797,0.16863248404115438,1.3529411764705883,0.006234882823582943,1.7941176470588236,-0.040968150622129954,1.7647058823529411,0.010554398284485218,1.5588235294117647,0.01369833192770756,1.2941176470588236,0.015169459038470279,1.6470588235294117,0.011605913174039483,1.9705882352941175,0.005373384528028585,1.2941176470588236,0.015159670826302738
2025-09-17,2025-09,310,300,-0.03458228057154769,0.020086502446960156,0.05984861011639857,-0.021620244445496227,-0.019671948078789733,0.6251870498061181,0.07096701102575635,0.06709294745063814,0.05022019020113791,0.038664680527731365,0.030266042579657867,0.587134558459123,0.02029942911694895,0.04679858913867266,0.052006151695901476,0.033494289658950495,-0.028727511956201768,0.5156195754806201,-0.05557232813338664,0.014236214137558226,0.052475765072601786,0.10311805466741455,0.02719011655411914,0.20987664548059304,1.3529411764705883,0.016704149505783684,1.6470588235294117,0.0629753003918146,1.7352941176470589,0.04246035384455501,1.6176470588235294,0.010192096490499403,1.3235294117647058,-0.022980771608201497,1.7352941176470589,0.02592780728554022,1.9705882352941175,-0.033653982544437064,1.3235294117647058,0.023881293024707376
2025-09-18,2025-09,306,298,-0.06588892832724481,-0.001599783621962083,0.057792943521427984,-0.07588225870793663,-0.027223227448860732,0.5070521826545398,-0.075840540183786,-0.0465977815266764,0.04352593005076735,0.0769164885701874,0.002357433627301314,0.5023933544754982,-0.04104737104966406,-0.015255359367474658,0.05349796562341785,-0.07193660825252833,-0.014901293278052742,0.40857678428292277,0.028033551221524546,-0.015008712003901324,0.05027908760770534,0.03237540009863079,-0.0032724579804392327,0.16300305357823772,1.2,-0.004599783621962083,1.9666666666666666,-0.05151444819334307,1.8333333333333333,-0.01983869270080799,1.7,-0.019258712003901324,1.3666666666666667,-0.030639894115527398,1.9,-0.0023925663726986858,1.8666666666666667,-0.01956795994471941,1.3666666666666667,-0.0066891246471058995
2025-09-19,2025-09,322,316,-0.0442248029903379,-0.029135368474229935,0.06634337390661876,-0.028785722462812625,-0.03531510156446787,0.5815778936375864,-0.17923450917448383,-0.03499666707108805,0.03825101203951278,-0.058998159229018014,-0.02026039860644685,0.4320462269242853,-0.06693197606680132,-0.04168066506621711,0.0595046751361787,0.014906940128004836,-0.03683998004039914,0.324182172305882,-0.08549057468107969,-0.047882246891977946,0.063492957300194,0.038068436382444504,0.02347361767148629,0.21612958860350773,1.34375,-0.03249474347422993,1.78125,-0.03944979207108805,1.625,-0.045743165066217104,1.5625,-0.051788496891977946,1.40625,-0.03883072656446787,1.8125,-0.02479164860644685,1.90625,-0.04160560504039914,1.5625,0.01956736767148629
2025-09-22,2025-09,364,357,-0.003378937586631158,-0.029811400292504994,0.07116111446302936,-0.01039197479929629,-0.046043796496452356,0.6238638841443592,-0.11605237055276352,-0.02560673436945337,0.0495959151525892,-0.010251304032716197,0.005338501151153934,0.4606178100738261,0.05454272094920787,0.0007227224200574735,0.05780716492605381,0.034079496722424385,0.0070364544204859596,0.37753487854368156,-0.04418010657960396,-0.029465918748346795,0.06431431419216196,-0.026502266506984132,-0.018663063647386957,0.18917412279794613,1.3333333333333333,-0.03314473362583833,1.8055555555555556,-0.03012062325834226,1.6388888888888888,-0.0033744998021647482,1.6666666666666665,-0.03363258541501346,1.3888888888888888,-0.04951601871867458,1.722222222222222,0.0010329455955983792,1.8055555555555556,0.0025225655315970702,1.3888888888888888,-0.02213528586960918
2025-09-23,2025-09,316,311,-0.027890314373563187,-0.016048199708663724,0.0723561324888424,-0.08244181911873483,-0.014372653968853621,0.7289259388081488,-0.03471226976810053,-0.008482939750656785,0.03889403800315571,0.019136731567354157,0.01996815246468938,0.5880862128350043,-0.135207836350795,-0.06198990431673704,0.06248924849286725,-0.035868211438231004,0.027321795391363566,0.42447523340102167,-0.05553685755738225,-0.03340736201066035,0.0664685926079496,-0.0658471238992742,0.009853177369149771,0.19838666963961815,1.25,-0.019173199708663723,1.861111111111111,-0.013135717528434562,1.6388888888888888,-0.06608712653895926,1.472222222222222,-0.037087917566215906,1.25,-0.01749765396885362,1.8055555555555556,0.01545426357580049,1.861111111111111,0.02266901761358579,1.3888888888888888,0.006380955146927549
2025-09-24,2025-09,326,321,0.1378294722123543,0.040872841979696733,0.06664221150698955,-0.018078293146168576,-0.012075152681357039,0.5832374430610798,0.11534241506461859,0.02858632623926381,0.06313901695910296,0.04071699301964287,0.004958631304522246,0.560169976670295,0.13201332877750077,0.028724891024288556,0.049068424852077755,0.03685710737958056,0.016622115860938265,0.36106614652089775,0.0737251252235607,0.04118714038744572,0.05954608947996292,0.004359856210470393,-0.00970089332753286,0.17657014593714848,1.21875,0.037825966979696736,1.875,0.023898826239263808,1.59375,0.024740516024288554,1.65625,0.037046515387445716,1.125,-0.014887652681357038,1.9375,0.0001148813045222458,1.84375,0.012012740860938266,1.25,-0.01282589332753286
2025-09-25,2025-09,351,343,0.05134670884670885,-0.013550913157942057,0.06630171807755872,-0.09548895548895549,0.3001544299037763,0.5571762660846991,0.020153100853168255,-0.28391288489138294,0.04375996223903829,0.1153023218511952,0.0599229420977403,0.453118638957248,0.04981157731157731,0.0007626405390122257,0.053428423829625676,-0.07846597846597847,-0.03470695546047856,0.38778438156141953,0.09214785214785215,0.0409750198792454,0.060972048417300265,0.02566017316017316,-0.012921016449264827,0.17690662511021776,1.2941176470588236,-0.016786207275589115,1.7352941176470589,-0.2882511201855006,1.6764705882352942,-0.00342853593157601,1.5588235294117647,0.03707796105571599,1.2352941176470589,0.2970661946096586,1.7058823529411764,0.05565823621538736,1.7941176470588236,-0.03919224957812562,1.2647058823529411,-0.01608278115514718
2025-09-26,2025-09,333,328,0.032440816835882125,-0.474976577629341,0.06757530461984182,-0.1500814717032883,-0.06478150941106597,0.5281486620731426,0.020835157982272378,-0.44273051384413903,0.037541312696169185,0.0008139203289051289,0.005672402806378894,0.5348322046074001,0.021202141467634578,0.006174299156567094,0.05695076120442036,-0.0629808439129556,-0.025810233489621404,0.2835613823298252,-0.11663810119909969,-0.4893557781539094,0.05568455096474814,-0.08021794249339159,-0.485040991355389,0.197644486910466,1.2647058823529411,-0.47813834233522334,1.8529411764705883,-0.4473628667853155,1.5882352941176472,0.0022037109212729757,1.5882352941176472,-0.4933263663892035,1.3823529411764706,-0.06823739176400714,1.7941176470588236,0.0011871086887318355,1.8823529411764706,-0.03051611584256258,1.3823529411764706,-0.48849687370833017
2025-09-29,2025-09,351,342,0.08845071595071595,-0.04057813862071215,0.06489731567682117,-0.13003690753690753,-0.05430509532754005,0.7951618752935353,0.012565259491900217,0.0218620336858738,0.044810216641515146,-0.08942037453383436,-0.033583775110771666,0.5500750006998287,0.035166777666777664,0.013012173298359277,0.06744528078827185,0.012915972915972917,0.04927531742781542,0.4575248974211076,0.05142122123856859,0.0038640969550403706,0.049885547265583814,-0.05295815295815296,0.013384601832126267,0.18877383639269016,1.2352941176470589,-0.0436663739148298,1.7941176470588236,0.017376739568226742,1.5294117647058825,0.00918864388659457,1.3529411764705883,0.0004817440138638997,1.2058823529411764,-0.05731980120989299,1.8235294117647058,-0.038142598640183434,1.8529411764705883,0.04464296448663895,1.3529411764705883,0.010002248890949795
2025-09-30,2025-09,325,322,-0.05882124691940643,-0.09007205119150849,0.05723369963415627,-0.11671613094925978,-0.07283408953985701,0.6695375861600041,-0.03841727309954672,-0.03383406604509727,0.041821672783974015,-0.07785741273735938,-0.11172368840305928,0.572513438295573,0.03455840757855811,-0.026528400445209904,0.06484810239637705,-0.08249873280548127,-0.022433387127053585,0.34755107248201966,0.05970880743886879,0.006108213525485434,0.0513286818828825,-0.03835701676192474,-0.004863268952297842,0.22677845836733468,1.3823529411764706,-0.09352793354444966,1.7647058823529411,-0.03824583075097962,1.5588235294117647,-0.030425459268739317,1.5294117647058822,0.0022846841137207285,1.2941176470588236,-0.07606938365750407,1.6470588235294117,-0.11584133546188281,2.0,-0.027433387127053586,1.4411764705882353,-0.00846621012876843
2025-10-01,2025-10,345,334,0.03712221722180985,-0.030407825533301416,0.063959749794398,0.0001960875994319012,-0.021861725451615587,0.6500252968434131,0.02719023807958761,0.032415471228264006,0.051558555026205224,0.05272043749500457,0.04045466638424214,0.6473029224258481,0.046561015096699535,0.004073877791118993,0.04467823451669341,-0.07989649146390644,-0.02690650371150093,0.5132493775225047,0.1130022735641186,0.024654825896043328,0.042302636308319805,0.1551175648900916,-0.031449871023415024,0.2005570155540199,1.5454545454545454,-0.03427146189693778,1.9090909090909092,0.027642743955536734,1.5757575757575757,0.00013448385172505455,1.6666666666666667,0.020488159229376662,1.4848484848484849,-0.0255738466637368,1.9393939393939394,0.035606181535757286,1.9090909090909092,-0.0316792309842282,1.7272727272727273,-0.03576805284159684
2025-10-02,2025-10,347,343,-0.10510115750540382,-0.06460481794219582,0.07216003741147822,-0.03284682224528821,-0.03015123181214796,0.6972610038869521,0.08012708574598065,0.05346822449205108,0.0549866346515563,0.11034383919271695,0.04491224544102266,0.6472169417230522,0.061004548584133164,0.0105818272694111,0.0509208320082955,-0.06527259766362092,0.003482627622002646,0.4151223233955748,-0.03168018362926281,-0.038642661263910284,0.047033560224245374,0.17805771615699706,0.04809175172301084,0.1703203626744011,1.3529411764705883,-0.06798717088337229,1.7647058823529411,0.04905645978616873,1.7352941176470589,0.0062435919752934525,1.5882352941176472,-0.042613249499204406,1.1764705882352942,-0.0330924082827362,1.6470588235294117,0.04079459838219913,1.8823529411764706,-0.0012232547309385302,1.4411764705882353,0.044488810546540254
2025-10-03,2025-10,353,346,0.05730405679690262,0.013328282799056766,0.06704704294630276,-0.03112518933028368,-0.01244846912925848,0.7252178805215018,0.12465850332461637,0.026226239131192288,0.05766863568305114,0.03948498451946884,0.019149856981382992,0.6285955829279763,0.08342290601797492,0.017266445334138368,0.05371318038717577,-0.11926334696656875,-0.031468604456076424,0.3035380774310657,0.04245581565886939,0.0030597930930039846,0.04802320741281321,0.23469616581622632,0.05779954741483655,0.13229713844401497,1.4,0.009828282799056766,1.8,0.021726239131192288,1.657142857142857,0.013123588191281226,1.542857142857143,-0.000797349764138873,1.2285714285714286,-0.015519897700687053,1.8285714285714285,0.01457842840995442,1.9142857142857141,-0.036254318741790706,1.542857142857143,0.05394240455769369
2025-10-06,2025-10,381,378,-0.03404877159712986,-0.015118283419769379,0.06924115682887524,-0.006016494424832332,0.009883764055492773,0.7163062617182732,0.10368540920662238,0.02753041670312988,0.07364669776985122,0.004096339598233424,-0.008866933228910382,0.8183322509652691,-0.037010911663046805,-0.017549848722868723,0.06275333856349793,-0.002587858523746808,-0.008948069648866155,0.4001295546952047,0.0124450240082624,0.0024091483662405586,0.050043615263541695,0.008656426902272377,0.03184911623122089,0.23822509811112758,1.263157894736842,-0.018276178156611485,1.7894736842105263,0.023056732492603565,1.657894736842105,-0.021694585564973987,1.5,-0.0013408516337594413,1.131578947368421,0.007054816687071721,1.657894736842105,-0.013011670071015644,1.9736842105263157,-0.013882280175181944,1.394736842105263,0.028362274125957737
2025-10-07,2025-10,342,336,0.05274377517196546,-0.03148900882017912,0.07217961463498553,-0.07905708972893062,-0.0232595945275645,0.7577508258468965,0.11732405312017238,0.06035266375439565,0.05314144847433791,-0.003430585762663678,-0.025888835330893215,0.6856596838025486,0.1433590367203425,0.06161750777123963,0.05528547934060667,-0.05759311199178148,-0.00744103840675641,0.3258956732118831,0.07828911557126103,-0.033291041326067874,0.04791097153457445,0.17649171105392303,0.022584372264645432,0.12546526832396493,1.368421052631579,-0.03491006145175807,1.6578947368421053,0.05620792691229039,1.7368421052631577,0.05727540250808173,1.6578947368421053,-0.03743577816817314,1.0789473684210527,-0.025956962948617133,1.631578947368421,-0.029967782699314268,1.9210526315789473,-0.012243669985703778,1.4210526315789473,0.019031740685698063
2025-10-08,2025-10,314,306,-0.055779433525104144,-0.013610815814261254,0.07304707547626282,-0.07915008416015722,-0.028822349076040248,0.630424899439658,0.07122800653596523,0.05779410205049891,0.056631530870559374,-0.05429020263658755,-0.06270253564390013,0.7624261441730684,-0.004607344657404689,0.05482066588376729,0.055523415975638646,-0.09398010196121753,-0.04728657292520768,0.27162650467888,0.01086959681615875,0.013079315698953792,0.04926844667632657,0.13300211926613506,0.05512307036715115,0.12037336303582115,1.2647058823529411,-0.016772580520143607,1.5588235294117647,0.0538970432269695,1.7647058823529411,0.05040890117788494,1.6470588235294117,0.008961668640130264,1.0588235294117647,-0.03146940789956966,1.6470588235294117,-0.06682018270272366,1.8823529411764706,-0.05199245527814886,1.3235294117647058,0.051814246837739386
2025-10-09,2025-10,391,385,-0.07050512512697386,-0.04051476041716316,0.07038570204646356,0.026732967434465425,-0.020176979560488282,0.7748121415313922,0.08240662517944256,0.03974037369670874,0.05654413133952088,0.043072111522205456,0.022867623172867356,0.6585137648017783,-0.015846137786218167,-0.040674112763142825,0.05107283027741955,-0.046881561989344234,-0.03504816931481711,0.7455426319257209,0.005349865967283206,-0.06623293651398714,0.04722213088728175,0.09408211445113163,0.09910537281889295,0.1622889470309019,1.236842105263158,-0.04360686568032106,1.631578947368421,0.03566142632828769,1.6842105263157894,-0.044884639078932295,1.5789473684210527,-0.07018030493503977,1.263157894736842,-0.023334874297330388,1.7105263157894737,0.018591307383393672,1.8684210526315788,-0.03971922194639605,1.394736842105263,0.09561853071362979
2025-10-10,2025-10,348,331,0.0031395332613702726,0.027792752275705428,0.07262516329460209,0.05255002367605575,-0.0160040482773806,0.8163837813066714,-0.012599304089466922,-0.017639304336141543,0.06040414243962423,-0.002873625403880405,-0.00033534322702143127,0.683864682235501,-0.0051329916654019505,0.0027082319639197307,0.05561526220219814,-0.04268352929552416,-0.019154841218551228,0.443553215174964,-0.11019204443183078,0.003965675336542395,0.04689384720666148,-0.10510802004677125,-0.024370681885408047,0.18794509836218573,1.2105263157894737,0.024766436486231745,1.6578947368421053,-0.021784041178246807,1.7105263157894737,-0.0015680838255539538,1.4473684210526316,0.00034725428391081583,1.0263157894736843,-0.018569837751064813,1.736842105263158,-0.004677448490179327,1.7894736842105263,-0.023628525429077542,1.5,-0.028120681885408047
2025-10-13,2025-10,420,409,-0.08120389409398984,-0.007406683025472819,0.07060064243143564,-0.02565304468036343,0.00911146383092468,0.6515856432478602,-0.004002537376141311,0.016076864921842144,0.06470486154746323,-0.06902747078360165,-0.02279995873134791,0.7032897526898035,0.04150898166737259,0.009317600899584031,0.06176928118592655,0.07204025290068862,0.017031293993076346,0.29763233007454293,-0.013670307492834832,-0.029654313699113005,0.051307328421211496,-0.12457828964044985,-0.02600754965701388,0.15410523993394723,1.3414634146341464,-0.010760341562058184,1.7560975609756098,0.01168662101940312,1.8048780487804879,0.004805405777632811,1.5365853658536586,-0.033495777113747155,1.2926829268292683,0.005879756513851509,1.7804878048780488,-0.027251178243543034,1.878048780487805,0.012336172041856833,1.6341463414634148,-0.030092915510672415
2025-10-14,2025-10,363,350,0.02419203097254328,0.0892435959102369,0.08487816734674253,-0.04130550514277285,0.04624152958509947,0.723436302798135,-0.15873062270928312,-0.03907624708400765,0.048975730243317896,-0.13715326531843827,0.0021624981815759163,0.6330313405820301,-0.03302473518445392,0.05549551484300291,0.06716315009689935,0.028172229578558056,0.04354551510143748,0.33398840225168636,-0.056173488501295936,0.05795040721578136,0.053294729660134293,-0.1257662478154693,0.03236343817030546,0.2125688602881772,1.2195121951219512,0.08619481542243201,1.5609756097560976,-0.04297868610839789,1.6341463414634145,0.05141014898934437,1.6097560975609757,0.05392601697187892,1.170731707317073,0.04331470031680679,1.7560975609756098,-0.0022277457208631085,1.7804878048780488,0.039094295589242364,1.5853658536585367,0.028400023536159117
2025-10-15,2025-10,392,383,0.05469217225556004,0.1830203430279837,0.0763307617237106,0.12658113361507894,0.13807138275379027,0.6454428673574799,-0.18946021496044868,-0.06772149065486718,0.04924543769656815,-0.18721104004798284,0.04617843487420187,0.6831690278884611,0.01910608252594101,0.12291068162247809,0.05744096254718532,0.158535302604281,0.20611785159324625,0.3362519683218316,0.009528537601565685,0.12372341331418424,0.050343600359157095,-0.22203823447732893,0.03454049164287204,0.17993969695740625,1.2368421052631577,0.1799282377648258,1.7105263157894737,-0.07199780644434087,1.6842105263157894,0.11870015530668862,1.5789473684210527,0.11977604489313161,1.1052631578947367,0.13530822485905344,1.7368421052631577,0.04183632961104397,1.8421052631578947,0.20151258843535153,1.5526315789473684,0.03065891269550362
2025-10-16,2025-10,373,365,0.0454483020476987,0.06894956890639613,0.08195248412511999,0.08375784645936397,0.06330185555257317,0.6837187579108609,-0.22267130366882368,-0.0863461983276062,0.05692210785146044,-0.2160532074762623,-0.08107126729923703,0.6616478382299344,-0.10335613178860657,-0.026033812190268915,0.05183159759722357,0.17769568340100106,0.06551276133537874,0.248186231073406,-0.009748155405573772,0.025407798547270072,0.05735283538129833,-0.2506094258794301,-0.12651401484412736,0.13312928839069274,1.0,0.06644956890639613,1.6052631578947367,-0.09035935622234305,1.657894736842105,-0.03017854903237418,1.3684210526315788,0.021986745915691126,1.1842105263157894,0.060341329236783696,1.5789473684210527,-0.08501863572028966,1.8421052631578947,0.060907498177484004,1.3684210526315788,-0.1299350674757063
2025-10-17,2025-10,389,379,0.05042026314551558,0.041960185448609105,0.06737948301506982,0.026598530698415966,0.014845840248169165,0.666303272702192,-0.14278499676513703,-0.056250299136742996,0.05841738252372114,-0.05645113407374958,-0.02927153656046693,0.6420699279559287,-0.05070138823093994,-0.018060077173548208,0.04579125960705303,0.15367512184168142,0.04122025888187925,0.25645341233987556,0.02861859485466688,0.004420927414876055,0.047833111214787304,-0.16904669087080965,-0.06808287257885881,0.11822314776088064,1.3684210526315788,0.038539132817030156,1.7105263157894737,-0.06052661492621668,1.763157894736842,-0.02246797191039031,1.657894736842105,0.00027619057277079254,1.0789473684210527,0.012148471827116532,1.631578947368421,-0.03335048392888798,1.7105263157894737,0.03694394309240557,1.4473684210526314,-0.07170129363149039
2025-10-20,2025-10,423,411,0.03859232890855738,0.06104457713096781,0.06600639840127819,-0.04413661693946549,-0.007355916276190557,0.6453748003738682,-0.03211763987980171,-0.017040785646599412,0.044372337601235594,0.008213865397596701,-0.013738695918994459,0.6004969215974575,0.027103734581935726,0.012650319187183946,0.04937711779904372,0.09602610471948621,0.04787602114590145,0.3414189854591358,0.11575399717022354,0.04687677651561757,0.04515382266561763,0.022259914523247354,0.03727928895948743,0.19797251995925497,1.2682926829268293,0.05787384542365073,1.6341463414634145,-0.02112615150025795,1.6829268292682926,0.008443002114013214,1.6829268292682926,0.04266945944244684,1.2926829268292683,-0.010587623593263727,1.829268292682927,-0.018311866650701777,1.829268292682927,0.04330285041419413,1.4390243902439024,0.03368172798387767
2025-10-21,2025-10,372,358,-0.00443369768755392,0.003101267467612037,0.06744108540781088,-0.0767439968502564,-0.013514422208298873,0.6667655987872018,-0.07411327181435627,-0.018550783441268252,0.051463195084122476,-0.012296070319261497,0.01825925479350024,0.6438555456697941,-0.04518315577174429,0.016469962921631272,0.04977597624398961,0.08135508906673927,0.039049892047132405,0.2768396838671631,-0.048189771585312666,0.010689519107131118,0.046174655231988576,0.08736225990839355,0.03621210102013627,0.1169058927334845,1.2682926829268293,-6.946423970503575e-05,1.7560975609756098,-0.022941027343707277,1.7560975609756098,0.012079719019192248,1.5609756097560976,0.006787080082740874,1.2682926829268293,-0.016685153915615945,1.8048780487804879,0.01374705967154902,1.9268292682926829,0.0342328188764007,1.4878048780487805,0.032492588825014324
2025-10-22,2025-10,418,402,0.07255736332015568,0.04138004001303309,0.05479379450298049,0.07736398724028165,-0.009665745191868257,0.704878831282258,0.059691302886388395,0.051269148465473445,0.060852142185112326,0.04695827557758736,0.017214671080153426,0.7419421028345823,0.028291206091435445,0.00937477240551468,0.04750037724875909,0.0027413726941731722,0.02055038912483598,0.3077111944556236,0.01983911266574321,0.04007369872153261,0.04533152705874714,0.17593674657743288,0.04554181313002124,0.13412051452323795,1.375,0.037942540013033085,1.775,0.04683164846547345,1.8,0.004874772405514681,1.8,0.03557369872153261,1.3,-0.012915745191868257,1.775,0.012777171080153426,1.925,0.01573788912483598,1.525,0.041729313130021234
2025-10-23,2025-10,484,467,-0.020882202431446555,-0.024331354705011524,0.05464319088018129,-0.009490611259080352,0.017431981168279886,0.769895445793233,0.12767543612808718,0.043889781209495826,0.0622911923859813,0.0822696512074143,0.00938342756842897,0.7465873252838215,-0.12449571865411872,-0.06055990814953929,0.047777115191113356,0.017113793667316343,0.020934915852686337,0.36025808910106094,-0.0626826472392251,0.002855250206561407,0.047672175536224354,0.0323393081389903,-0.010006530709040463,0.15245912901740125,1.425531914893617,-0.027895184492245567,1.8297872340425532,0.03931531312438944,1.7234042553191489,-0.06486841878783717,1.702127659574468,-0.0014000689423747633,1.2553191489361704,0.01429368329593946,1.8297872340425532,0.0048089594833225875,1.8936170212765957,0.016200873299494847,1.4680851063829787,-0.01367674347499791
2025-10-24,2025-10,395,387,-0.10051851808582515,-0.027704601254243833,0.05689893948341503,-0.024863555558151715,-0.01756316609091515,0.9322184557333971,0.08329673590242494,0.012231143779448487,0.04819083807499314,0.037533422267920266,-0.01900312128306233,0.6302141734422781,-0.013139945363809658,0.002437794212389762,0.04335991636506718,-0.07916367296949448,-0.03195613719445185,0.31301557969970584,-0.005155389920538028,-0.01234833202720799,0.04347336404635238,-0.08317084615998707,-0.034050726448749125,0.1446701924388225,1.3829787234042552,-0.031162048062754473,1.851063829787234,0.007603484204980402,1.851063829787234,-0.0021898653620783222,1.6382978723404256,-0.016444076708059054,1.1914893617021276,-0.020541889495170468,1.7659574468085106,-0.023418014900083606,1.851063829787234,-0.036583796768919936,1.425531914893617,-0.037614556235983164
2025-10-27,2025-10,446,433,-0.07182834590658808,-0.03395519029899372,0.05876743389638235,0.03261264106657541,0.016179539143169393,0.7112587919068891,-0.02283238881503797,-0.03283575682035818,0.06613739838120838,-0.06582300174702149,-0.03375767423369924,0.6647563431152077,0.06628391760727959,0.022883911018583787,0.04523958758637521,-0.01726381313694055,-0.033737558228168305,0.34823609628649643,0.038467227309048446,0.012066344800486559,0.039271830201006164,-0.005568843261690185,0.0014306259810602275,0.10591020231503387,1.3255813953488371,-0.037269143787365816,1.697674418604651,-0.0370799428668698,1.744186046511628,0.018523445902304717,1.6744186046511627,0.007880298288858653,1.255813953488372,0.013040004259448464,1.8604651162790697,-0.038408837024396916,1.9069767441860466,-0.03850500008863342,1.4186046511627906,-0.0021158856468467485
2025-10-28,2025-10,454,438,-0.006397972305140377,-0.019643087287544207,0.05342313625743931,0.06984114872786577,0.029277270493104725,0.646611263721504,-0.017677313671396556,-0.015048773167137337,0.05850038611132491,0.009430676535774176,-0.008237103186009207,0.6058009906925939,0.11172140867855196,0.019217321581967848,0.05455418299484954,0.005331034458437673,0.010983201109640229,0.47439854177223006,0.12147157915457359,0.039044304212782224,0.0376565366911128,0.13182087626758981,0.06034743515300859,0.12569825414737518,1.2954545454545454,-0.02288172365118057,1.75,-0.019423773167137337,1.7045454545454546,0.014955957945604212,1.6136363636363635,0.035010213303691314,1.1590909090909092,0.02637954322037745,1.7954545454545454,-0.01272573954964557,1.8181818181818181,0.006437746564185684,1.4318181818181819,0.056767889698463136
2025-10-29,2025-10,524,507,0.01538527620409891,-0.013302456459869157,0.053212618104303486,-0.032020784376687636,-0.026232261376365234,0.6426577655708089,-0.11269297319411396,-0.04616928678112661,0.0557069206300331,-0.0689421318178118,-0.00497565014675037,0.6949195961157482,-0.0004746544451417979,0.013155004726033297,0.04587917001514118,0.0690429136493387,0.04078060684904361,0.2939255006026988,0.03740929250131883,0.009865121208275082,0.03402130116243109,-0.11911566313796547,-0.014576322137082438,0.10578107581857371,1.3725490196078431,-0.016733829008888763,1.803921568627451,-0.05067909070269524,1.9019607843137254,0.008400102765248984,1.7450980392156863,0.005502376110235867,1.2941176470588236,-0.029467555494012292,1.8235294117647058,-0.009534473676162135,1.9215686274509804,0.03597668528041616,1.607843137254902,-0.018595929980219694
2025-10-30,2025-10,578,563,-0.046015407542209195,-0.026237476456148552,0.05779145806420642,-0.06588519789236222,-0.02062850805455677,0.588690189245556,-0.03754601274491553,-0.024577137561828413,0.051012657714424425,-0.07405304817099273,-0.027376361920014372,0.5604029473449502,0.013779401130318123,0.002753114716211166,0.049065313680342816,-0.02801596441437118,-0.0032561826885076682,0.30502666300162673,-0.029637238583988625,-0.028945282531338604,0.042102046470407814,-0.08138813110352879,0.020198648212927005,0.12871261968809578,1.3928571428571428,-0.02971961931329141,1.8392857142857142,-0.029175351847542698,1.8392857142857142,-0.0018450995695031194,1.6785714285714286,-0.033141711102767174,1.1964285714285714,-0.0236195794831282,1.6785714285714286,-0.031572790491442945,1.857142857142857,-0.00789903983136481,1.4642857142857142,0.01653793392721272
2025-10-31,2025-10,426,419,-0.022723729066782567,0.02151537316250145,0.05586000473188248,-0.05332073443554286,-0.024550721487293575,0.634112991747402,-0.04918520168161103,-0.007082542492472723,0.05805836038913807,-0.018501319998806217,0.017768033099024288,0.64597007277466,-0.043902916049818684,-0.003756068833750008,0.044678395234945545,-0.05385578660002445,0.008806944772237896,0.280271859928256,-0.029628338982787758,0.01815337958708358,0.039299112895853104,-0.19662825555066174,-0.012210559469020558,0.184867900308399,1.3214285714285714,0.01821180173393002,1.8214285714285714,-0.01163611392104415,1.8035714285714284,-0.008264997405178578,1.6428571428571428,0.014046236729940723,1.1964285714285714,-0.027541792915865004,1.8035714285714284,0.013259104527595718,1.9107142857142856,0.004030159057952182,1.607142857142857,-0.0162284166118777
2025-11-03,2025-11,500,493,-0.05699177996711987,-0.027485653317374178,0.0639254986367816,-0.06486976347905392,-0.020035431657318827,0.5352767239115677,-0.07183186450742313,-0.060929375724008805,0.06912630299038677,-0.056807842574702755,-0.0038279580597062463,0.5401275458992744,-0.06364360010184683,-0.007815561129538393,0.06430364194896046,0.03146393385573542,0.04643522886376392,0.34639544404891076,-0.03279142716570866,-0.04622836789745976,0.058396718630186674,-0.2522670250681003,-0.07878340149000092,0.20859568444441778,1.530612244897959,-0.03131218392961908,1.7551020408163265,-0.06531713082604962,1.8163265306122447,-0.012356377456069004,1.7755102040816326,-0.05066714340766384,1.4285714285714284,-0.023606860228747396,1.8367346938775508,-0.008419794794400123,1.857142857142857,0.041792371720906774,1.673469387755102,-0.08296707495938867
2025-11-04,2025-11,577,563,0.0763354906585809,0.013772821322526971,0.07218900058803095,-0.05479917738235309,-0.005825217790154784,0.47504714650235,-0.043501416066428766,-0.015229289069059865,0.05798726090408762,-0.04823181752901308,-0.006005291088684123,0.48707568678738816,-0.025019071761750413,-0.0034315456058040877,0.04977971900386097,-0.06259882478686704,-0.04012777545571146,0.24916279715086734,0.03695551387124461,-0.004468046415120143,0.053006791246823906,0.01720165231287775,0.04292205355128408,0.19576601730659604,1.4107142857142856,0.010246035608241257,1.8214285714285714,-0.019782860497631293,1.7857142857142856,-0.007895831320089801,1.732142857142857,-0.008798403557977286,1.232142857142857,-0.008905574933011928,1.8749999999999998,-0.010692791088684123,1.8749999999999998,-0.044815275455711456,1.482142857142857,0.03921669640842694
2025-11-05,2025-11,673,650,0.00040154774610364353,0.006998005145105385,0.059441167821476716,-0.01983323013818911,0.019583787923093413,0.32700771261006595,-0.036018743036398515,-0.015521615380652524,0.05752013609051315,-0.008207152476560202,-0.013876672188958016,0.6040467828512192,0.005068772679635907,0.007657823456570464,0.04923835571232385,-0.07463851255379952,-0.029132905612950722,0.3181506348343996,-0.018480329199858654,-0.016604571295966916,0.05180294545819365,0.02407345615130193,0.029739174745124875,0.17459576946611588,1.4307692307692308,0.0034210820681823085,1.7846153846153845,-0.019983153842190987,1.8615384615384616,0.0030039773027243097,1.7846153846153845,-0.021066109757505377,1.1538461538461537,0.016699172538478028,1.7538461538461538,-0.018261287573573398,1.9384615384615385,-0.033979059459104566,1.5384615384615383,0.02589302089897103
2025-11-06,2025-11,661,638,-0.05921086644343093,-0.017962660082802465,0.05642623954763851,-0.12186320610661648,-0.0322243118463207,0.32309073774376884,-0.08211839266157155,-0.024414449206831286,0.04940050249815187,-0.09664240415550854,-0.009424484895145292,0.4617350900080055,-0.027795060830105824,-0.00869403151493215,0.05414668014572224,0.017816837239025538,0.0156518595431843,0.3443689019186422,-0.011346735635211852,0.0028268568415235756,0.05535766452633217,-0.05944095257366827,0.02217494055903583,0.19762265661847778,1.5538461538461539,-0.02184727546741785,1.7538461538461538,-0.02879906459144667,1.830769230769231,-0.013270954591855228,1.8,-0.001673143158476424,1.3076923076923077,-0.03549354261555147,1.7692307692307692,-0.013847561818222213,1.9230769230769231,0.010844167235491992,1.5846153846153848,0.018213402097497368
2025-11-07,2025-11,436,427,-0.06445191447438699,-0.006562227277877607,0.0892444124009804,-0.10015977405405611,-0.058519083392892426,0.5002287831590619,0.01592028190374429,-0.008298007264666188,0.05601393582935481,-0.026344890964957974,-0.04092515329773364,0.45977849859830944,-0.13966419034558744,-0.03838220935886516,0.08239847826254085,-0.1159378102814049,-0.03656066978235419,0.29820576812638794,-0.2122837334797401,-0.04638390764412589,0.07454243817750154,-0.21458776458901532,-0.0387684122969834,0.2399776447997537,1.546875,-0.010429414777877608,1.8125,-0.012829257264666188,1.78125,-0.04283533435886516,1.796875,-0.05087609514412589,1.40625,-0.06203470839289243,1.859375,-0.04557359079773364,1.921875,-0.041365357282354194,1.75,-0.0431434122969834
2025-11-10,2025-11,455,443,-0.061363296670279274,-0.054302861326644546,0.07552714468839805,-0.0794372647808079,-0.029550955936944463,0.4997448175722225,-0.03726606477857808,-0.0139416599854875,0.06386586421669808,0.017061185737798447,-0.0041058241390143635,0.6506844471124086,-0.05910230883263153,-0.0017887470314789447,0.07181471533764684,-0.04368284880118532,-0.019778779277776347,0.24426735954528506,-0.15795347053099984,-0.052262409908468054,0.0730560056357352,-0.20245444396491208,-0.10192423907768483,0.2623115706850182,1.2954545454545454,-0.057541497690280906,1.8181818181818181,-0.018487114530942046,1.6363636363636365,-0.005879656122388036,1.6590909090909092,-0.05641013718119533,1.1363636363636362,-0.03239186502785355,1.8409090909090908,-0.008708096866287091,1.9090909090909092,-0.02455150655050362,1.5,-0.10567423907768483
2025-11-11,2025-11,364,353,-0.024063982347912554,0.013834136748702888,0.06033301249642918,-0.05197293689952255,0.006486687570857436,0.45784765609673095,-0.23143759066013192,-0.10791979248736856,0.05033536238533583,-0.1335383724677166,-0.048973853200301426,0.5049069195985794,-0.12429190512425986,-0.05725760866423639,0.06630200394466011,-0.002680010069632121,-0.013459635936872973,0.3468219556978771,-0.06689985400028714,-0.03210462963322233,0.0635871629480739,-0.07117826576774831,-0.02510518675120043,0.19681585941995894,1.4772727272727273,0.01014095493052107,1.7954545454545454,-0.11240842885100492,1.7954545454545454,-0.06174624502787275,1.6818181818181819,-0.036309175087767785,1.1818181818181819,0.003532142116311981,1.8863636363636365,-0.053689762291210516,1.9090909090909092,-0.018232363209600245,1.5681818181818181,-0.029025641296654976
2025-11-12,2025-11,400,385,-0.08934619178990416,-0.013940131277988203,0.07082243564558972,-0.02752704833438251,-0.013079212695386144,0.4752704487427285,-0.1856968544778417,-0.05685708069298643,0.056314232157289715,-0.010377696561259312,-0.01891695775047974,0.6940925199734538,-0.094085846857091,-0.027941557503232135,0.06202805266367817,0.038530367620908654,0.020820243576239603,0.2900597108037848,-0.0289849651233725,-0.0008041486814553411,0.07016397159045445,-0.10544691398603662,-0.03245597699024948,0.21689642769725698,1.4736842105263157,-0.017624341804303993,1.763157894736842,-0.06126497542982853,1.7368421052631577,-0.03228366276639003,1.7105263157894737,-0.005080464470929026,1.1052631578947367,-0.015842370590122987,1.7894736842105263,-0.023390641961006056,1.894736842105263,0.016083401470976446,1.5526315789473684,-0.0363375559376179
2025-11-13,2025-11,401,385,-0.016434287415788885,-0.009768924550596619,0.06883748540927971,0.023602746864182827,0.018233402367702184,0.43918270088340106,-0.13687115137126962,-0.03555461789901067,0.044191394817602134,-0.05542812367698712,-0.028092679579312083,0.47473539882584626,-0.06396173744742621,-0.018749343164315653,0.06063591728902669,-0.06321063014106525,-0.009855056717378775,0.27910540350957924,-0.025896080693787918,0.006939372658730021,0.054636847501295195,0.0401996873487922,0.008386591738845303,0.1979070925398877,1.131578947368421,-0.012597871919017671,1.789473684210526,-0.040028302109536985,1.7105263157894737,-0.023025658953789337,1.5789473684210527,0.0029920042376773894,1.0,0.015733402367702185,1.894736842105263,-0.032829521684575244,1.9210526315789473,-0.014657688296326143,1.4736842105263157,0.004702381212529514
2025-11-14,2025-11,384,379,-0.01722814104899437,0.009489835448317017,0.07167449934986492,0.03690618258667613,0.0038259705449513494,0.46517134399006244,-0.020463719279305032,0.0211272704716222,0.05737511462409616,2.5432616783352535e-06,-0.001993192720231029,0.4928087811720998,-0.01834627902289702,-0.004839400591015303,0.07417571052854513,-0.041147943683655194,-0.012281280547085799,0.2913134823504247,0.03712585104116034,0.009804837629802634,0.059959543391287395,-0.008812860027818012,-0.02212560919062586,0.2063659105057779,1.1052631578947367,0.006726677553580175,1.8157894736842104,0.016587796787411672,1.6842105263157894,-0.009049926906804777,1.4736842105263157,0.006120627103486845,1.263157894736842,0.0006680758081092442,1.7368421052631577,-0.006335297983388923,1.8157894736842104,-0.016820754231296326,1.131578947368421,-0.024954556559046912
2025-11-17,2025-11,415,406,-0.09489496447327772,0.00583514712650357,0.08057815674833778,-0.12315163664692214,-0.03337930504425577,0.4252278815682341,-0.14851737265246037,-0.011004538130010006,0.06109899613796342,-0.078971044988845,-0.050776603969611055,0.5001492618424137,-0.09321483257444493,-0.0047889575783130744,0.0727084219413493,-0.07885505231628856,-0.0023099923092909924,0.3502489017640672,-0.05894615250298854,-0.029997534896129146,0.07713548665466752,-0.036640038414527676,-0.026705562786905078,0.23334372261675393,1.3902439024390243,0.0023595373704060098,1.7560975609756098,-0.01539478203244903,1.5853658536585367,-0.008752372212459416,1.5609756097560976,-0.03389997392051939,1.3658536585365852,-0.03679393919059723,1.829268292682927,-0.05534977470131837,1.9268292682926829,-0.0071270654800227,1.2926829268292683,-0.029937270103978248
2025-11-18,2025-11,385,378,-0.04532837628692551,-0.01991980198780694,0.08949876059519796,-0.0179074002422448,-0.002915894380053656,0.6138246282935143,-0.06400908632786163,-0.026944872075889255,0.04458300670685433,0.08488848551678062,-0.026533515310144785,0.45870184310172735,0.01083015106655003,0.018853720226209382,0.07381416466147964,-0.0609077451046363,-0.025577525981144364,0.24805365855756556,-0.017413344640895796,-0.015990378930706567,0.06070019834760021,0.012879979476482067,0.030190519889799015,0.23064657790880455,1.3902439024390243,-0.023395411743904502,1.8536585365853657,-0.03157901841735267,1.6829268292682926,0.01464640315303865,1.4634146341463414,-0.01964891551607242,1.1951219512195121,-0.005903699258102436,1.7560975609756098,-0.03092375921258381,1.9268292682926829,-0.030394599151876072,1.4634146341463414,0.02653198330443316
2025-11-19,2025-11,328,322,-0.06409469897660411,-0.023714073071634596,0.07839279710670413,-0.02108139761858286,-0.0166559444831387,0.3667568629607558,-0.11765219005516858,-0.04163484496624411,0.049045664299137454,-0.0028450883260102856,0.06368985460178359,0.5822121426463127,-0.005303675913979519,-0.014289857585211677,0.06713526561488994,-0.06495098622662979,-0.02389873643605068,0.3060756679624319,-0.017806557976904048,-0.05937908352215379,0.07857233698492802,-0.07344890604032779,-0.0007323822450039895,0.19312678929418325,1.394736842105263,-0.027200915176897753,1.763157894736842,-0.04604273970308621,1.7105263157894737,-0.01856617337468536,1.4473684210526316,-0.06299750457478537,1.3157894736842106,-0.019945418167349228,1.763157894736842,0.05928195986494148,1.9210526315789473,-0.028701368014998046,1.394736842105263,-0.0042192243502671475
2025-11-20,2025-11,342,335,-0.17129798582277705,-0.04620928726590201,0.07854673970506654,0.0580679960119342,-0.0012302988451994485,0.4464353730573374,-0.0514158958560151,-0.011695725190604144,0.04997507952218791,0.03526453014577879,0.015134765976720185,0.5357951298356056,-0.05457896751116596,0.02697971126537629,0.0724721189654608,-0.13621956621159698,0.009657683117806112,0.4725548042094006,-0.14873004523397787,-0.027834327383462906,0.0869380250089562,-0.04280600957777771,-0.03375282532612034,0.20738789844600594,1.3823529411764706,-0.04966516961884319,1.8823529411764706,-0.01640160754354532,1.6470588235294117,0.022862064206552762,1.6176470588235294,-0.03187844503052173,1.2941176470588236,-0.004465592962846507,1.7647058823529411,0.010723001270837832,1.8235294117647058,0.005098859588394348,1.3823529411764706,-0.037208707679061516
2025-11-21,2025-11,332,327,-0.009069674632226956,0.0016188050883426883,0.09596404381548329,0.07263019580567719,-0.010532454802381602,0.44088371098041534,0.11917624278063506,0.03502428991506265,0.05566340971419302,-0.03692513177214861,-0.041416233479504606,0.43865329614191345,0.11271705586123378,0.027300312717132805,0.0690316491528375,-0.007827832928841191,-0.008902623297267404,0.438756755807183,0.033786166759988356,-0.0027723573545461178,0.060433977094973904,0.03143266296180066,0.03161894345205683,0.18640009686350822,1.3823529411764706,-0.001837077264598488,1.8529411764705883,0.03039193697388618,1.6470588235294117,0.023182665658309277,1.5294117647058825,-0.006595886766310824,1.0294117647058825,-0.01310598421414631,1.7352941176470589,-0.045754468773622256,1.8235294117647058,-0.013461446826679168,1.4705882352941178,0.027942472863821538
2025-11-24,2025-11,343,335,0.09317848489282056,0.01524438708842445,0.0720387111211476,-0.004858491744310943,0.03574358543715145,0.4640681454363992,-0.0672359471346355,-0.05711046982905857,0.04750257523992463,-0.014938017357678711,0.007712973630532645,0.5739077154327841,0.018362529484603773,-0.02554863166852439,0.05655417039983521,-0.011925875438477541,-0.06175481218006615,0.23501041926005306,0.057582409510844895,0.0018834922632774698,0.0707132808956132,-0.041671870706667,-0.008711822741014556,0.1569174708908095,1.3235294117647058,0.011935563559012685,1.8529411764705883,-0.06174282277023504,1.7058823529411764,-0.029813337550877332,1.4705882352941178,-0.0017929783249578243,1.3823529411764706,0.03228770308421027,1.8529411764705883,0.0030806206893561738,1.9705882352941178,-0.06668128276830144,1.5,-0.012461822741014556
2025-11-25,2025-11,313,305,0.040876488847633105,0.03749385879282855,0.07250071994644716,0.040030414834549874,0.004193107942008028,0.7196986289694904,0.0034260889186239997,-0.009905285296158976,0.050953535555671094,-0.010152224672285977,0.0014781496828099108,0.4480106910069783,0.05223117778824826,0.0008776414331219465,0.06088441222071708,-0.038190732163178795,-0.027437735305546974,0.37066838865478835,0.08651869894009859,0.042898476680532566,0.05978296937948688,-0.051412106137284704,-0.03734521379696876,0.15917312912642956,1.4411764705882353,0.033890917616357964,1.7058823529411764,-0.014169991178511917,1.8823529411764706,-0.0038282409198192296,1.6176470588235294,0.03885435903347374,1.1470588235294117,0.0013254608831844983,1.7647058823529411,-0.002933615023072442,1.9117647058823528,-0.032217147070252854,1.4117647058823528,-0.04087462556167464
2025-11-26,2025-11,307,299,-0.02265365725798759,0.00048689802746616426,0.05910626128283587,-0.07749904818308727,-0.007450046882207203,0.512073834364613,0.04964592173337905,0.008168419194927367,0.051984357328204014,0.017456156904850546,0.01753696577853322,0.5365283941229184,0.10305750964881066,0.015153435251267344,0.050875260513590044,0.036981923358623874,-0.003030599560188151,0.29258695542812346,0.10526224111202076,0.011670239837930054,0.06148333808435319,-0.031881926593557174,-0.0026467535968493702,0.16137634143233298,1.2333333333333334,-0.0025964353058671695,1.9333333333333333,0.0033350858615940338,1.7,0.010903435251267343,1.5,0.007920239837930054,1.1666666666666667,-0.01036671354887387,1.9333333333333333,0.012703632445199885,1.9666666666666666,-0.007947266226854818,1.3333333333333333,-0.0059800869301827025
2025-11-28,2025-11,361,349,0.05526876948113232,0.029370874476701548,0.0630199721320922,0.030605847273024085,-0.0019620878467972135,0.6272188477218151,0.04813996562945589,0.0020799022100605573,0.05724151000977311,0.06651058106511532,0.03198254189716923,0.3606154612132481,0.1360067441065589,0.032020117886777735,0.05968655683402852,0.07468485840947235,-0.032939743013986014,0.3748064196535519,0.052804521204432825,0.02578576816075799,0.0538139763393862,-0.07966641669599996,-0.01043150877139791,0.14133760599153383,1.2285714285714286,0.026299445905272976,1.9142857142857141,-0.0027058120756537282,1.8,0.027520117886777735,1.5142857142857142,0.022000053875043706,1.4,-0.005462087846797213,1.8,0.02748254189716923,1.9428571428571428,-0.03779688587112887,1.542857142857143,-0.014288651628540767
2025-12-01,2025-12,319,314,-0.09184952978056427,0.10613272482041325,0.07342891942810097,-0.18697100313479623,0.05719578197440699,0.49010441452264786,-0.12006717477117602,-0.055309519379464205,0.0441581599065478,-0.019674786193052532,-0.14471680365068673,0.4087833563286451,0.022073327615780448,0.14733029787907656,0.06251611659861975,0.15261725912343999,0.04337432860220654,0.17446290281030438,0.027634263914355,0.15627583346870622,0.051390002497817125,-0.011544035015082511,-0.04134715213780207,0.09537554039589821,1.657142857142857,0.1019898676775561,1.857142857142857,-0.05995237652232135,1.857142857142857,0.14268744073621942,1.7428571428571429,0.15191869061156335,1.5999999999999999,0.05319578197440698,1.7714285714285714,-0.14914537507925815,1.9142857142857141,0.038588614316492256,1.657142857142857,-0.045490009280659216
2025-12-02,2025-12,313,303,-0.1426405649050691,-0.0411236074080686,0.07465722120399182,-0.12688996967908672,-0.04564320091047206,0.6419812336564064,-0.07939152634355673,0.06058326985481476,0.047117480444898,0.0128318581066268,0.10744427196317669,0.42726871669292454,-0.015798729871500064,-0.01662079793828911,0.04840729942584181,0.03361246209885839,-0.004979730865961918,0.1907151982188225,-0.018173372383705914,-0.013417997598014965,0.04272677834204658,-0.07017483442464618,0.10954526936011529,0.07951250864813725,1.032258064516129,-0.04370425256935892,1.7419354838709677,0.05622843114513734,1.6451612903225805,-0.02073370116409556,1.6774193548387097,-0.017611545985111738,1.3225806451612903,-0.048949652523375284,1.8064516129032258,0.10292814293091862,1.935483870967742,-0.009818440543381273,1.2903225806451613,0.10631946290850239
2025-12-03,2025-12,303,296,-0.03411337996818155,0.0003828812165983936,0.0733053749759982,0.008180654245278135,0.005572168598186905,0.505573857575655,-0.0904742718504318,-0.015327816681781688,0.050768858605328766,-0.011608637502018612,0.008424819226895322,0.3947826803972324,-0.028845390638750176,0.005203035083482015,0.044547434359527016,0.06112713920398662,0.019466682719764178,0.21038016801079115,-0.010292681411745217,-0.012562217089264235,0.037261320117484065,0.008260890571455194,0.05153926124733699,0.12313437461853027,1.1666666666666667,-0.0025337854500682732,1.7666666666666666,-0.019744483348448354,1.8666666666666667,0.0005363684168153485,1.5666666666666667,-0.0164788837559309,1.0,0.003072168598186905,1.9,0.003674819226895322,1.9,0.014716682719764177,1.2666666666666666,0.04837259458067032
2025-12-04,2025-12,335,330,0.059349424817741914,0.04080909271341386,0.06867287922104694,0.03490417884912478,0.018573853407837713,0.5068197112643358,0.09170560588848675,0.0287813732414672,0.04470373039746685,-0.024278895369041275,-0.011290967054383205,0.4196805048621062,-0.01644951036094123,-0.010478604809757371,0.04394501151835649,-0.03486970621656474,0.008166287521901704,0.2497937647682248,-0.11274689427115918,-0.034904730365792905,0.039657096212754095,0.042132260000255356,0.02430041719389008,0.11802604941256117,1.2121212121212122,0.03777878968311083,1.9090909090909092,0.024008645968739927,1.8484848484848484,-0.015099816930969493,1.7272727272727273,-0.03922291218397472,1.0606060606060606,0.01592233825632256,1.8484848484848484,-0.01591217917559533,1.878787878787879,0.003469317824932007,1.303030303030303,0.02104284143631432
2025-12-05,2025-12,289,284,-0.001794734120828859,0.014885879899260848,0.06273018670516281,0.057077516605019286,0.03169065346392164,0.5239483453333378,0.02574074335192342,-0.009765055892574658,0.05123408008683273,-0.019559922265266632,-0.0034101010787521147,0.4377145346786295,-0.07409990778993066,-0.00786905312646875,0.04908331318847524,-0.08851320447042915,-0.017155921727511812,0.1741985668029104,-0.10374110090283578,-0.02455117867837321,0.040999377247495146,0.06278735632183909,0.009263236974280767,0.11108571596975837,1.2121212121212122,0.011855576868957817,1.7878787878787878,-0.014234752862271629,1.8181818181818181,-0.012414507671923295,1.6363636363636362,-0.0286420877692823,1.1515151515151514,0.028811865585133763,1.9393939393939394,-0.008258585927236963,2.0,-0.022155921727511813,1.2727272727272727,0.006081418792462585
2025-12-08,2025-12,374,367,0.038664738206749115,0.02916810226346572,0.05982476321895837,0.0773943930492406,0.01705936800587659,0.6343678993147772,-0.09528465740307569,-0.025292552290561647,0.045262233463636115,-0.0927704686363296,-0.032479074183974346,0.42728008239253146,-0.056703534383939214,-0.010821669819470197,0.040734355723820746,0.03905217353455433,-0.003995400018514922,0.19336835415782155,-0.03658740586299304,-0.0368708546060451,0.03722981942286385,0.06235609882904048,0.01404452356266396,0.09557920638975259,1.2162162162162162,0.02612756172292518,1.7567567567567568,-0.02968444418245354,1.7837837837837838,-0.015281129278929658,1.6486486486486487,-0.04099247622766672,1.189189189189189,0.014086395032903617,1.9189189189189189,-0.03727637148127164,1.9189189189189189,-0.008792697315812219,1.3783783783783783,0.010598577616718015
2025-12-09,2025-12,328,321,0.06856453202439501,0.0036443201145060916,0.06726230112117482,0.08307278577651787,0.05627180793236483,0.6098184296861291,-0.018105307152972133,-0.0359120550155105,0.03736103005926842,-0.07893798295021319,-0.004082672906667965,0.4435480716638267,-0.005554645877722716,-0.03016941067579384,0.050369113480541454,-0.00407501593211186,-0.00010789062342544606,0.5633288719691336,-0.07603681151002414,-0.01533926735447767,0.04589107187689762,0.05651291810316391,0.05520555361058496,0.11238386284094304,1.2972972972972974,0.0004010768712628481,1.7297297297297298,-0.04023637933983482,1.9189189189189189,-0.034966707973091135,1.6756756756756757,-0.01952845654366686,1.1081081081081081,0.05350153766209456,1.7567567567567568,-0.008474564798559858,1.945945945945946,-0.0049727554882903115,1.1891891891891893,0.05223258063761199
2025-12-10,2025-12,328,316,0.171734903261305,0.02974704579402,0.06503814533985848,0.09819689981847254,0.03654867753012203,0.5744445566087961,-0.10459183023915107,0.019517596203561235,0.05151039150243281,-0.007388899970318346,0.04908896460551969,0.44554442586377263,0.0721649914001448,0.007807309130964606,0.048529064479300894,-0.1194568323084865,-0.02964637202328545,0.18369950039777905,-0.06708694342178914,-0.010663373083915413,0.04194008579214638,0.06186998444536187,0.028806706615663338,0.10859980236273259,1.125,0.02693454579402,1.90625,0.014751971203561236,1.75,0.003432309130964605,1.5,-0.014413373083915413,1.21875,0.033501802530122034,1.78125,0.04463583960551969,1.875,-0.03433387202328545,1.25,0.02568170661566334
2025-12-11,2025-12,348,338,0.0009897530941885605,-0.030597544640013435,0.06648960276722782,0.06012863942833501,-0.002411927529391858,0.556898325243417,0.12785906330288305,0.04914209644780259,0.042894586015341976,-0.11587296573742437,-0.03821240426085196,0.4890621444758247,0.093687989163969,0.05662480656791857,0.054242742583008,-0.013887579879993861,-0.001907300658175716,0.22826330845846848,-0.0649361743081623,-0.0006239504476076158,0.05942238332271168,-0.021488405281682423,-0.012943948526402814,0.12747397082036033,1.088235294117647,-0.033318132875307556,1.8235294117647058,0.04458327291839083,1.8235294117647058,0.052065983038506805,1.6176470588235294,-0.00466806809466644,1.2352941176470589,-0.005500162823509505,1.8823529411764706,-0.04291828661379314,1.911764705882353,-0.006686712422881599,1.3529411764705883,-0.016326301467579286
2025-12-12,2025-12,305,298,0.004490432928995584,-0.020080770984285932,0.058435933323902914,0.044136256746011605,0.02851661025353834,0.5472836871941884,-0.04855146267245071,0.0077143435969161955,0.047531501203237334,-0.1192600609365495,-0.049785482841739184,0.5670777291059494,-0.010215449423945592,0.0036609456621214346,0.056116967309186375,-0.011807423573398299,0.013803404839593254,0.22691962321599324,0.08944957620666903,0.017384611948403718,0.04749430428901417,-0.10957468405826525,-0.007564945794165643,0.16319440559794507,1.2647058823529411,-0.023242535690168285,1.7647058823529411,0.0033025788910338427,1.8235294117647058,-0.0008978778672903299,1.6470588235294117,0.01326696488958019,1.1764705882352942,0.025575433782950106,1.7352941176470589,-0.054123718135856834,1.9117647058823528,0.009023993074887372,1.3529411764705883,-0.010947298735342115
2025-12-15,2025-12,352,346,0.05452336439983887,-0.015938037600966338,0.0641026333339449,0.001732293636152719,-0.0029180507453897137,0.5773488138403211,0.046870658869761765,-0.014878083563599515,0.05089068092279514,0.017181689264685423,-0.0011322188106670447,0.4633249776703971,0.06205977719968943,-0.0022060570707320686,0.04051358422393987,-0.07979116176688192,-0.01681413260782191,0.21393458683575903,0.09826584227722347,0.03602358460570114,0.04405859219233903,-0.04101843512885697,-0.010731350419134734,0.1590140020740884,1.1428571428571428,-0.018795180458109195,1.7714285714285714,-0.019306654992170942,1.657142857142857,-0.006348914213589211,1.7714285714285714,0.03159501317712971,1.1428571428571428,-0.00577519360253257,1.7714285714285714,-0.005560790239238473,1.9142857142857141,-0.021599846893536195,1.3142857142857143,-0.01401706470484902
2025-12-16,2025-12,340,333,-0.014131203048265734,-0.020535373850499264,0.06461320111504486,-0.18728973332254553,-0.02607221019439341,0.6216973565293081,0.13764827119488648,0.06143798750917588,0.04283071628919713,0.012586231420747543,0.04102427520154203,0.43356385962529614,-0.06808556760362776,-0.037334894253509165,0.046387637247974955,0.15436699788263994,0.005516441885832116,0.3016177009452473,-0.06812342667324112,-0.016766430520275523,0.03733562189673389,0.1685152985752472,0.048541248905516234,0.11445274610411038,1.1714285714285715,-0.023463945279070694,1.8285714285714285,0.05686655893774731,1.7428571428571429,-0.041692037110652024,1.7714285714285714,-0.02119500194884695,1.0571428571428572,-0.02871506733725055,1.8571428571428572,0.03638141805868489,1.8571428571428572,0.0008735847429749734,1.3714285714285714,0.04511267747694481
2025-12-17,2025-12,319,313,0.0016269148873247767,-0.024818079010108837,0.06945375384328276,-0.0819738126219909,0.0007523145135122479,0.6488906048959302,0.1035111244478998,0.05321813325320972,0.048532128407328234,0.055509463836454755,0.016906594378717388,0.4086425251537754,-0.028891879103329982,-0.023539274001059783,0.0516331114185382,0.06107196723250725,0.030380399960413078,0.4476668421299227,0.012901091263973503,0.02848664553443559,0.04081566268130137,-0.015838484059856862,0.007775560050590755,0.12154685675857528,1.121212121212121,-0.02762110931313914,1.7272727272727273,0.0488999514350279,1.6666666666666667,-0.02770594066772645,1.606060606060606,0.024471494019284078,1.1515151515151514,-0.0021264733652756307,1.7272727272727273,0.01258841256053557,1.9090909090909092,0.025607672687685806,1.303030303030303,0.004517984293014997
2025-12-18,2025-12,322,314,-0.1041559623019524,-0.032241291724709936,0.09240503026777087,-0.0074282225731491435,-0.001985234176294162,0.6798474995359298,0.12692808809931294,0.0459272715022524,0.04997073967859299,0.07409458234650738,0.02024672108619162,0.5799848249843044,-0.05234225428125505,-0.010742286120215203,0.07677353833312754,0.07838281737621948,0.019061495925134436,0.253721242109614,-0.11178708481667571,-0.020699241974038354,0.05032461255261959,0.033072331043567396,0.021979277882214127,0.1290320208476436,1.096774193548387,-0.0349832272085809,1.7741935483870968,0.04149178763128466,1.6774193548387095,-0.014935834507311976,1.5806451612903225,-0.02465085487726416,1.161290322580645,-0.004888459982745775,1.7741935483870968,0.015811237215223876,1.9032258064516128,0.014303431409005404,1.2580645161290323,0.018834116591891548
2025-12-19,2025-12,320,312,-0.06945313822520924,0.008973028247057849,0.09008753296855249,-0.02701528094286341,0.022001099367153505,0.5006102724902092,0.085647032591306,0.02364290825675763,0.04570536934572014,0.03926287455132108,0.005211500428895338,0.5357929150904379,-0.014969385837146834,-0.014331802494681568,0.06293985854264127,0.028941935676429064,-0.009393947358241969,0.20982931770624652,-0.002407494434225543,-0.013687769488893933,0.05021463171163147,0.08483671271539975,0.0057126785025258635,0.12585727101372135,1.1935483870967742,0.0059891572793159134,1.8064516129032258,0.019126779224499565,1.6774193548387095,-0.01852535088177834,1.6129032258064515,-0.01772002755341006,1.129032258064516,0.019178518721992215,1.8709677419354838,0.0005340810740566276,1.935483870967742,-0.014232657035661324,1.4193548387096775,0.0021642914057516697
2025-12-22,2025-12,312,304,-0.07825579493290577,-0.021164103375107837,0.06912039270532125,0.00783707729764457,0.023026044255738176,0.5823673129081726,-0.002536874170816247,0.008390841510529774,0.04189585110082833,0.022964775835719778,-0.0033811782412584007,0.3886398178214828,0.008260048802465161,-0.010395097738931998,0.044707431277037635,0.024389569318326393,-0.00269968198676206,0.26102792024612426,-0.04224593605956416,-0.015190958494657396,0.047596270600336055,-0.19492571470114797,-0.020897663701621095,0.1295566315452258,1.4193548387096775,-0.02471249047188203,1.7741935483870968,0.003955357639562032,1.7419354838709677,-0.014749936448609417,1.7096774193548387,-0.01946515204304449,1.1612903225806452,0.020122818449286563,1.8387096774193548,-0.007977952434806788,1.8709677419354838,-0.00737710134160077,1.2903225806451613,-0.024123470153234
2025-12-23,2025-12,288,281,-0.09521448464608225,-0.02675546932833919,0.07964442506997582,0.07792148423214336,0.025457703751674172,0.5333892979792186,-0.061701431845157514,-0.003115481113160498,0.047748374546283806,-0.011860530075094109,-0.0014021447977007745,0.4247453766209739,0.009938552178403642,0.0052305076008038465,0.06410014218238376,0.12695766972499187,0.026555477837612692,0.2220604834812028,-0.05725568563149794,0.010330307866139782,0.08004173632527653,-0.2536943041205004,-0.038435453057245335,0.1385016783273646,1.3666666666666667,-0.030172135995005855,1.9,-0.007865481113160499,1.7666666666666666,0.0008138409341371796,1.6666666666666665,0.006163641199473115,1.2333333333333332,0.02237437041834084,1.8666666666666667,-0.006068811464367441,1.8666666666666667,0.021888811170946026,1.2666666666666666,-0.041602119723912
2025-12-24,2025-12,267,263,-0.0476831513132921,-0.04559082249760223,0.06932557718834839,0.0977011901874211,0.013545469295290484,0.6028373023638358,-0.048969904535796714,0.011552594768951296,0.045352327708890625,0.017234745828225005,0.01241389547128809,0.5550694127495472,0.0038675226136118263,0.02556497355472144,0.04667562679202612,0.03311555865108666,0.007413210260042427,0.21736279875040054,-0.106252672535252,-0.02603554267142427,0.05754823569826097,-0.2922259781538159,-0.014486760456684969,0.09745349520100996,1.25,-0.048715822497602236,1.9285714285714286,0.006731166197522725,1.75,0.02118997355472144,1.6428571428571428,-0.030142685528567126,1.0714285714285714,0.010866897866719055,1.7857142857142858,0.007949609757002374,1.7857142857142858,0.002948924545756712,1.3214285714285714,-0.017790331885256395
2025-12-26,2025-12,293,289,-0.1661954989017229,-0.043246300580392735,0.05742331465289478,-0.03845912099332998,-0.0038999457195782595,0.6357347286980728,-0.030870282701680123,0.02273781822631102,0.043848423908018956,-0.00213880654279626,-0.0033401271610010606,0.4068251144269417,-0.049342553694698664,-0.01845619145837173,0.04959700093860605,0.008493304360779677,0.032007390615886734,0.22587953713433495,-0.10565559944216102,-0.016596339225879015,0.049766435231203714,-0.07989469123155714,0.009396714737186956,0.12545031437586093,1.3448275862068966,-0.046608369545909974,1.6551724137931034,0.01859988719182826,1.7586206896551724,-0.022852743182509662,1.6551724137931034,-0.020734270260361773,1.206896551724138,-0.006917187098888604,1.8620689655172413,-0.007995299574794165,1.8275862068965518,0.027438425098645355,1.4827586206896552,0.005689818185462818
2025-12-29,2025-12,260,258,-0.057591430005223106,-0.025611133463019596,0.0654712695087301,-0.10924899890417132,-0.03615208396337567,0.6776916247147781,-0.11782745300641269,-0.08383377915788977,0.05296227926097749,0.058666731326596964,0.008191475589591046,0.46450374676631045,0.055071365416193,0.027348219978533338,0.0460251874558507,-0.002623844003154348,0.0021345948079239743,0.2499651170980472,0.009387257663119732,-0.012122082155759578,0.03684282050863332,0.14727049899463693,0.09127324975013781,0.11397715357060616,1.2413793103448276,-0.028714581738881664,1.7241379310344829,-0.08814412398547597,1.793103448275862,0.022865461357843682,1.6551724137931034,-0.016260013190242336,1.0,-0.038652083963375675,1.793103448275862,0.0037087169689013905,1.9310344827586208,-0.0026929913989725777,1.4482758620689655,0.0876525600949654
2025-12-30,2025-12,263,254,-0.05020805682576791,-0.008993201330062851,0.05344418652099156,-0.05460996931260769,-0.032026050508521996,0.5365354731678963,0.11248175507006346,0.020519581323610918,0.04001188663972341,0.10619857314355782,0.03634491150120926,0.49420762598514556,-0.08566611167255524,-0.02776241537747927,0.04209651730660534,0.09889625656032065,0.012147208251682695,0.2500614723563194,0.04171954942569983,-0.013234915891911371,0.04129441365373562,0.18631376605283087,0.03569492663230111,0.12612991563975812,1.2307692307692308,-0.012070124406985929,1.8076923076923077,0.01600035055438015,1.8076923076923077,-0.03228164614671004,1.7307692307692308,-0.017561838968834446,1.1153846153846154,-0.034814512046983534,1.7692307692307694,0.03192183457813234,1.8846153846153848,0.007435669790144233,1.4230769230769231,0.0321372343246088
2025-12-31,2025-12,238,236,-0.004197452509948421,0.04455189072932245,0.069771014929758,-0.05730317125526128,-0.013995951272089358,0.6838274635374546,-0.04712833021571235,-0.016406880352004875,0.05460218682271251,0.06132121873656152,0.015539379704600537,0.5267731721202532,-0.08524333190837023,-0.005358359486240985,0.06263821624715592,0.0011745389856594086,-0.06620002839243327,0.20837251252184313,-0.08570574037570115,-0.04031373858619419,0.04777655110454983,0.2816815089999773,0.055824191868127426,0.14929424645379186,1.3599999999999999,0.04115189072932245,1.88,-0.021106880352004875,1.76,-0.009758359486240986,1.68,-0.044513738586194194,1.04,-0.016595951272089356,1.72,0.011239379704600537,1.8399999999999999,-0.07080002839243327,1.24,0.05272419186812743
2026-01-02,2026-01,318,316,-0.035327610556096546,0.04316069187656714,0.06631573637768298,-0.09870531292080502,-0.014796285012141617,0.5648778933100402,0.10485015640312408,0.03887029913288512,0.03145853948931378,0.06574767517068315,0.05397220877984416,0.31743951491080225,-0.012651893436611885,0.05627282171821418,0.044917148421729794,-0.014022713605456013,-0.00538324202392924,0.3995955588761717,-0.06368597462906231,0.04678564343627177,0.0314553447323165,0.01873731579270453,0.025757507627850618,0.17446441994979978,1.4375,0.03956694187656714,1.875,0.03418279913288512,1.84375,0.051663446718214184,1.65625,0.04264501843627177,1.5,-0.018546285012141617,1.875,0.049284708779844165,1.875,-0.010070742023929241,1.75,0.021382507627850617
2026-01-05,2026-01,293,288,0.046757774595181004,0.0048251134322357106,0.057702536875998536,-0.010063822621011563,0.013531741964495723,0.571661965857292,-0.04784372384083758,-0.057768623031085625,0.04334958426896483,0.08507263134639269,0.06136167387572579,0.3291664804364073,-0.01450559825544495,-0.005377824000442526,0.03542077269008204,0.05583358220561589,-0.0018485035688572925,0.43292399662835845,0.10712761640964343,0.03516940785322494,0.043428337762322994,0.11639160316050307,0.053971349463841814,0.19089236739894438,1.15625,0.0019344884322357106,1.9375,-0.06261237303108562,1.8125,-0.009909074000442525,1.53125,0.03134128285322494,1.25,0.010406741964495723,1.84375,0.05675229887572579,1.90625,-0.006614128568857292,1.59375,0.049986974463841816
2026-01-06,2026-01,294,294,0.062289817876592414,0.013126390503562235,0.06397299313131341,0.047842722442132404,0.02452368901028353,0.49957688011485957,0.06909967720747089,0.0015036915870469715,0.048270443318835204,0.04222862996098993,-0.022229935583131855,0.38350346735839186,-0.07219699125094592,-0.03434583840831267,0.05207130171100633,-0.010761655272394144,0.0023260320929354966,0.5623901440151806,-0.004769185381628718,-0.036410859224420916,0.05001349932867652,0.22184158675328752,0.07571764430236284,0.2322934941741927,1.3793103448275863,0.00967811464149327,1.6896551724137931,-0.002720446343987511,1.793103448275862,-0.03882859702900233,1.8275862068965516,-0.0409798247416623,1.2413793103448276,0.02142024073442146,1.9310344827586206,-0.027057521790028405,1.8620689655172413,-0.0023291403208576065,1.5172413793103448,0.07192454085408698
2026-01-07,2026-01,319,314,0.11900950789613769,0.06220560767631037,0.07179538435011723,0.1073157567871296,0.040199921546494544,0.6041934522649934,-0.07369464222742214,0.007638595044370408,0.05774084079400925,0.050342528271949,0.02825824721081261,0.4856580618408418,0.024715724256225233,0.050365057653115004,0.053016169830580176,0.05829242325663926,0.028949009952806613,0.6079796723300411,0.07601067605133968,0.05672511722283768,0.05480787482828112,0.21509544863074467,0.06557698038194909,0.20715413290646767,1.3548387096774193,0.05881851090211682,1.8387096774193548,0.003041820850822021,1.6451612903225805,0.04625215442730855,1.6451612903225805,0.052612213997031226,1.3548387096774193,0.036812824772300995,1.8387096774193548,0.023661473017264224,1.8064516129032258,0.024432880920548548,1.5161290322580645,0.06178665780130393
2026-01-08,2026-01,301,299,0.11428307407977822,0.06120905809155726,0.06377250126343502,0.10718752062660887,0.07600879928684685,0.4876027568553885,0.20551402441445962,0.017963450547846344,0.04958818986660995,0.04031330419966827,-0.007417272208806315,0.3510611951351166,-0.04377572413714306,0.013459933247349391,0.05008048519285949,0.025216606895337838,0.0060632278700866946,0.6263844388226668,-0.09114958966799411,0.005926007262251655,0.03685957782550406,0.08392642626124838,0.06256109238196852,0.186600938004752,1.3225806451612903,0.057902606478654035,1.9354838709677418,0.01312474087042699,1.7741935483870968,0.009024449376381648,1.5161290322580645,0.002135684681606493,1.3548387096774193,0.0726217025126533,1.8709677419354838,-0.012094691563645024,1.8387096774193548,0.0014664536765383075,1.4838709677419355,0.05885141496261369
2026-01-09,2026-01,276,271,0.013756653015796007,-0.018086948531933725,0.07226018858416672,0.060549935075127355,0.017564938533039035,0.4777075399955114,0.07635605210174685,-0.002765739279114247,0.054454252971274125,-0.04952575086504699,-0.02382174736176815,0.43204106390476227,-0.10285070133131662,-0.01632959528412234,0.05917707300000154,-0.09646095232659352,-0.019866764733267494,0.41088937554094523,-0.03992923045179625,0.0007026878388364313,0.05746396486302387,0.2189786104650333,0.09188517384955416,0.2168113540996004,1.3333333333333333,-0.02142028186526706,1.8666666666666667,-0.007432405945780913,1.7999999999999998,-0.02082959528412234,1.6333333333333333,-0.0033806454944969025,1.5,0.013814938533039035,1.9,-0.02857174736176815,1.8666666666666667,-0.02453343139993416,1.5,0.08813517384955416
2026-01-12,2026-01,319,316,-0.1527654965398947,-0.04883988540428294,0.06851536666834498,-0.04885402496007571,-0.006321826247264722,0.7102903231279925,-0.08255113980284329,-0.013590841091065294,0.04607453190844796,0.027382359060095937,0.017304183268557333,0.5646631987765431,-0.08224441059916011,-0.009659909873471997,0.045627834515939915,0.0020938072987519963,0.004349253705836276,0.7004479906754568,-0.11540486189152423,-0.03455586144549025,0.05140842323553787,0.046747648902821314,0.000666916375994489,0.18885460391175002,1.15625,-0.05173051040428294,1.875,-0.018278341091065294,1.6875,-0.013878659873471998,1.59375,-0.03854023644549025,1.28125,-0.009524951247264721,1.90625,0.012538558268557334,1.9375,-0.0004944962941637243,1.625,-0.003395583624005511
2026-01-13,2026-01,253,251,-0.015462741070409677,-0.014804009131845071,0.07185955417572099,0.06253047420455843,-0.006118066902650113,0.5633686825633049,-0.03622952134167016,0.006719244670650598,0.0409483926285188,-0.09005765123040733,-0.03769625037803631,0.4013276970386505,-0.057336706429482874,-0.014812366611540659,0.05636845946603387,-0.05425038273377883,0.017762449036707165,0.5301764748990536,-0.018343803862461858,-0.012222460501581697,0.04491310750110144,0.12332919847469659,0.020091160062776513,0.19220153346657753,1.28125,-0.01800713413184507,1.90625,0.0019536196706505977,1.84375,-0.019421741611540658,1.6875,-0.016441210501581698,1.21875,-0.009164941902650114,1.90625,-0.042461875378036314,1.90625,0.012996824036707166,1.625,0.016028660062776513
2026-01-14,2026-01,303,296,0.018016074873433666,0.03045885767825035,0.04963013887753573,0.15472151955523192,0.01809466115741178,0.5199884161353111,-0.022814856906141993,0.0028545745729085907,0.04888053608518309,0.0683649057623453,0.022104562649093117,0.5007014411191146,-0.006665222987966277,0.009569161772501136,0.04494985724249906,0.08085794201588162,0.010014215261694607,0.43545742171506086,0.05077579037095065,-0.0095658466824463,0.03864275649053582,0.20780259448043095,0.05393796765275753,0.17368633312483628,1.5333333333333334,0.026625524344917016,1.8,-0.001645425427091409,1.8333333333333333,0.004985828439167803,1.7333333333333334,-0.013899180015779635,1.4333333333333333,0.014511327824078445,1.8,0.017604562649093117,1.9666666666666668,0.00509754859502794,1.6,0.04993796765275753
2026-01-15,2026-01,298,292,-0.10594531429080598,-0.002135404232939765,0.05649937193478015,0.05293422655546962,0.0310277393251595,0.6345282430792677,0.007530005241519294,-0.005705249217155742,0.05170571524016389,0.022198210573779645,0.02535467403884326,0.386647979247159,-0.07166794881997683,-0.0014802509863373094,0.048758756931859944,-0.032360370557044035,-0.004553195888993167,0.48568464301783465,-0.08121778957877966,-0.011768058015890849,0.04900384300482255,0.2023636966735887,0.02121713509632811,0.20821061563389054,1.4333333333333333,-0.005718737566273099,1.8333333333333333,-0.010288582550489075,1.8666666666666667,-0.0061469176530039756,1.8,-0.01626805801589085,1.5,0.0272777393251595,1.9,0.02060467403884326,1.9333333333333333,-0.0093865292223265,1.7,0.01696713509632811
2026-01-16,2026-01,292,287,-0.08287235032170405,-0.015008676357111986,0.07235343246165235,0.09610007649177027,-0.002427476523100097,0.5198539788353032,0.02581026570345426,0.03529713162297248,0.0362240995881618,0.06050174996461889,-0.0264745512469928,0.3763325800155771,-0.026221208490587716,-0.030361723474313863,0.0440429157111932,0.11394189035408411,0.02684184231380724,0.4513860019887316,-0.04277924470031171,-0.04200061488591004,0.051014863272252124,0.06789837535721464,0.007959128705412618,0.17627924770630637,1.4137931034482758,-0.018543159115732677,1.9655172413793103,0.030383338519524204,1.8275862068965516,-0.03493068899155524,1.7586206896551724,-0.04639716661004797,1.4137931034482758,-0.005961959281720787,1.8275862068965516,-0.03104351676423418,1.9310344827586206,0.022014256106910685,1.6206896551724137,0.003907404567481584
2026-01-20,2026-01,397,392,0.005752754306606692,-0.01831622216934629,0.06897396530987374,0.04549942292179929,0.00999157009918154,0.46824907033871377,0.0042376357611967974,0.00715491329338253,0.036000224624712036,-0.030236140094520764,-0.03386014354787183,0.429419319694623,0.05478397899274156,0.012034356190679135,0.051082625879887295,0.13234652769227406,0.05384511412126876,0.6100626259278028,-0.054393610368002054,-0.01143786262121214,0.045621245622003224,-0.08668734865841304,-0.036892989271665885,0.1690762280844725,1.4102564102564101,-0.021841863194987318,1.8974358974358974,0.0024113235497927868,1.7692307692307692,0.007611279267602212,1.641025641025641,-0.015540426723776243,1.3333333333333333,0.0066582367658482074,1.8205128205128205,-0.03841142559915388,1.846153846153846,0.04922972950588414,1.3846153846153846,-0.040354527733204346
2026-01-21,2026-01,360,352,-0.013268106492591249,6.558207513119706e-05,0.07122238854617571,-0.007085445618150346,0.00805933773658615,0.557732130587101,0.07449770066067758,0.010534216930557736,0.04734714495927708,-0.06913099265155223,-0.006594008093645708,0.46271025048834935,-0.04569248219507867,-0.027084281934656236,0.05279639509465215,-0.10291977561555259,-0.044975699584183085,0.4781125494412013,0.06990925081964619,-0.0014974136757822387,0.04695046565832345,0.006639968929801413,-0.0015243366007143093,0.16989982170718057,1.3846153846153846,-0.003395956386407264,1.8717948717948718,0.005854729751070556,1.7692307692307692,-0.03150735885773316,1.7179487179487178,-0.005792285470654033,1.4102564102564101,0.004533696710945124,1.9487179487179487,-0.011465802965440579,1.8717948717948718,-0.04965518676367026,1.4871794871794872,-0.0052422853186630276
2026-01-22,2026-01,350,342,-0.07549874404796868,-0.005009672519806342,0.05991831889574335,-0.08518446810769098,-0.004300257461191866,0.5118866156348411,0.03986804998733597,0.00023131360537853932,0.040758661905808374,-0.006977666208615815,-0.018829686409901684,0.31492740332203756,0.07549849057596872,0.015021073502087087,0.05401058944990869,-0.12387488578040101,-0.014646070178156653,0.5046451242969316,-0.001197071080258693,0.02783412362304665,0.05636338720326249,-0.03786545461237276,0.011016304532526477,0.20013412055285537,1.457142857142857,-0.008652529662663484,1.8857142857142857,-0.004482972108907175,1.8,0.010521073502087086,1.7714285714285714,0.023405552194475224,1.4857142857142858,-0.008014543175477581,1.7714285714285714,-0.02325825783847311,1.9142857142857141,-0.01943178446387094,1.6857142857142857,0.006802018818240762
2026-01-23,2026-01,299,289,-0.041759780925231756,-0.014986337343391623,0.061173878758636197,0.08222082557069427,0.030695225179564384,0.481273725243478,0.01472952566580977,-0.004547213836702101,0.041362523646634515,-0.0815874756599087,-0.006003003103649984,0.35152805005681925,0.08796076406814662,0.022381986079555848,0.05891735852931347,-0.014542883436959888,0.017060823943035493,0.3649759284895042,0.05027407356446279,0.002352667385109704,0.054432443974015025,-0.007340351507261341,-0.017780611285330556,0.17779012332702504,1.3235294117647058,-0.018295160872803386,1.8823529411764706,-0.009253096189643277,1.8235294117647058,0.017823162550144083,1.7058823529411764,-0.0019120384972432375,1.3529411764705883,0.027312872238387912,1.7941176470588236,-0.010488297221297044,1.9117647058823528,0.01228141217832961,1.6764705882352942,-0.021971787755918792
2026-01-26,2026-01,383,374,0.0012386282859212882,0.03964763242948307,0.0685548126290888,0.029142473651114786,-0.014729308932749562,0.5275368614978081,-0.05516695269974068,-0.005102685462756919,0.042306785030738994,-0.025745119159184572,0.07040574545235802,0.3670613702285934,-0.05837917941198463,0.0118849018004131,0.049012932592450945,0.04231008126802729,0.05232949464316385,0.574554975371103,0.017347525122192824,0.04055261294236959,0.045470940559892786,-0.13352323212991948,-0.060054602135352735,0.14710032275399645,1.2432432432432432,0.03653952432137496,1.7837837837837838,-0.009562144922216378,1.6486486486486487,0.007763280178791478,1.5405405405405406,0.03670126159101823,1.3513513513513513,-0.01810768731112794,1.945945945945946,0.06554088058749315,1.864864864864865,0.04766733248100169,1.5135135135135136,-0.06383838591913651
2026-01-27,2026-01,288,284,0.020941590409477996,0.01841389379694902,0.04430382959004592,0.1589816701429496,0.03792234194035673,0.45306266751140356,0.04104960019838386,-0.0026725344062527023,0.047177621648143674,-0.07678915690135801,0.013758984057564594,0.4433047090257917,-0.0031366926605084287,0.011082504385823672,0.03623399939236267,0.04351833990411085,-0.001690889837904535,0.5715057080877679,-0.10063463521065691,-0.062175590884791375,0.0368876546694394,-0.009607501537200245,-0.036205343607589396,0.13700768737388508,1.5135135135135136,0.014630110013165238,1.864864864864865,-0.007334696568414865,1.8108108108108107,0.006555477358796645,1.7027027027027026,-0.06643234764154814,1.5675675675675675,0.03400342302143781,1.945945945945946,0.008894119192699728,1.945945945945946,-0.0065557547027694,1.6216216216216215,-0.04025939766164345
2026-01-28,2026-01,352,343,0.018986719655335244,0.032994897493770534,0.06200180999414128,0.09553917910858421,0.09085191363275688,0.5138215939788258,-0.09490835542034483,0.006565535278152434,0.053021661224635884,0.02548907512025383,0.026920002617609524,0.4780812951571801,-0.08462512463928895,-0.007767446285082549,0.05766966321407486,-0.023101465736026644,0.006626086889174539,0.5512822702088777,-0.09442651168655082,0.008349848790741372,0.05123014170491688,-0.039213776465901115,0.0042867084824312176,0.17497716427725904,1.4411764705882353,0.029391956317299947,1.852941176470588,0.001933182336975964,1.676470588235294,-0.011958622755670783,1.7058823529411764,0.00408514290838843,1.5,0.08710191363275688,1.9117647058823528,0.02214059085290364,1.9705882352941175,0.001699616300939246,1.5588235294117647,0.0003896496589018061
2026-01-29,2026-01,390,378,0.06559523225510511,0.01573712342593813,0.06633550005341926,0.0760525912525597,0.035728723828937485,0.558251057114256,-0.1928686715882385,-0.0697178647185859,0.061593429258365154,-0.0821718606798801,-0.01156188619415395,0.3309500140971259,-0.04221187920620527,-0.03194666259742808,0.04111326776960185,0.1076089611674987,0.04692527036189957,0.6816833905483548,-0.014003330219976252,0.036038500961321766,0.042644979570761854,-0.1449170504838195,-0.08110107622816612,0.15549710030226332,1.263157894736842,0.012579228689096025,1.894736842105263,-0.07445470682384905,1.8421052631578947,-0.03655192575532282,1.6578947368421053,0.0318937641192165,1.4210526315789473,0.032176092249990115,1.9473684210526314,-0.016430307246785528,1.8421052631578947,0.042320007204004834,1.526315789473684,-0.08491686570185034
2026-01-30,2026-01,315,308,-0.09104556117375597,0.007556891179712422,0.07646749419573275,0.061687072636036594,0.04810332376363981,0.4568182626558889,-0.1348657237217405,-0.015356383456910278,0.06868590710812786,-0.05722159139765364,-0.00432172874068875,0.3467599790423147,-0.16402867201867444,-0.06314192548645535,0.0522748556818652,0.02622023089651889,0.023580092070163622,0.4060982422482583,-0.18940041387836276,-0.05715644852611322,0.050448672825021815,-0.1071718439855181,-0.011662971013094766,0.17024293770232507,1.3421052631578947,0.004201628021817685,1.7894736842105263,-0.019830067667436592,1.763157894736842,-0.06754982022329746,1.6578947368421053,-0.061301185368218485,1.3421052631578947,0.04474806060574507,1.7105263157894737,-0.008598044530162434,1.8684210526315788,0.018909039438584675,1.4210526315789473,-0.015215602592042134
2026-02-02,2026-02,404,394,0.004214267580604214,-0.010579299161044942,0.09494537048639279,0.09739913610881352,0.015933554435818505,0.48023772946535015,0.05301003555809588,0.0016463137995362115,0.045533425777151984,0.060680127299409664,0.04623662025226105,0.37505296885203093,0.05685976372657944,0.026059186379166318,0.07112869267511227,-0.12997731534940093,-0.037315240294551015,0.24622373321117497,0.05482742899228604,0.0065849281370384885,0.06996236808503963,-0.15704184148770542,-0.058300844491566195,0.15276808917331391,1.435897435897436,-0.014169042750788532,1.9743589743589742,-0.0032895836363612246,1.6923076923076923,0.02182841714839709,1.6923076923076923,0.002354158906269258,1.7179487179487178,0.01163868264094671,1.923076923076923,0.04142892794456875,1.923076923076923,-0.04212293260224332,1.7692307692307692,-0.06272392141464311
2026-02-03,2026-02,423,418,0.03928352489844375,0.01361131178976284,0.07657541833590062,-0.010539364345083435,-0.003909175934588076,0.44598673931544736,0.016800959554151867,0.011576340187424846,0.05305012856101604,-0.0735529426408421,-0.01684327549414943,0.5573704246254194,-0.020803963843609875,0.00965031804427851,0.054227779841949444,-0.03630962747959232,-0.005195273737234474,0.2527521827391216,0.035051543776516876,0.0027359526181129357,0.05572953083485668,-0.10179728395028484,-0.04040106377762267,0.14105641101265237,1.380952380952381,0.010158930837381886,1.880952380952381,0.006873959235043893,1.6428571428571428,0.0055431751871356525,1.6428571428571428,-0.0013711902390299213,1.1904761904761905,-0.006885366410778552,1.857142857142857,-0.021486132637006574,1.880952380952381,-0.009897654689615426,1.380952380952381,-0.04385344473000362
2026-02-04,2026-02,475,471,-0.03891920901245695,-0.04269792218590138,0.07391940395769044,0.07743913021571054,-0.004237420655136468,0.4409197267699749,-0.09432093234053848,-0.01664544846508348,0.05256763935225557,-0.026201665094140784,-0.01941308656177413,0.49532335521058835,-0.038969314574597326,-0.023977799231174907,0.06367872587496018,0.027744528857512357,-0.009097694467231025,0.29208881899397426,-0.024182534449933513,-0.03567021642585605,0.051241085667427036,-0.08471483996663288,-0.04938785265096854,0.14087391438636374,1.3191489361702127,-0.045995794526326905,1.872340425531915,-0.021326299528913267,1.702127659574468,-0.028233118380111076,1.5319148936170213,-0.0395000036598986,1.276595744680851,-0.007428910016838595,1.8085106382978724,-0.02393436315751881,1.9361702127659575,-0.013938119999145918,1.3617021276595744,-0.05279210797011748
2026-02-05,2026-02,529,524,-0.023767902961182447,-0.0033721340615473433,0.09045331016879346,0.03575283707391607,0.014018610187466416,0.3941881420950477,0.117831714583817,0.01481003371999522,0.052884402754609997,0.09910109594164757,0.04370276847345879,0.4689309806204759,-0.027701746954952124,-0.007541216632418111,0.0705013685779804,0.021227064018226407,0.01574346560161411,0.4538623312344918,0.0032614370633091395,-0.001455219594699136,0.05528051701204627,0.04913146526204548,-0.00047032993948171683,0.15298201888799667,1.25,-0.0064971340615473435,1.8269230769230769,0.010242726027687528,1.7307692307692308,-0.011868139709341188,1.5192307692307692,-0.005253296517776059,1.2884615384615385,0.010797456341312569,1.8461538461538463,0.03908738385807417,1.8269230769230769,0.01117615790930642,1.3846153846153846,-0.003931868401020178
2026-02-06,2026-02,404,401,0.030153751520726926,0.004007013299825865,0.08771423831909098,0.007725520277420629,0.002456404366454931,0.3518115826882422,0.04642207899127093,0.021364130371686094,0.0466437195526453,0.03859857579620367,0.008859936066944438,0.44192619156092405,0.06969401654805679,-0.001332359037359723,0.07483626384952465,-0.05735986336433478,-0.01822176514800738,0.21140374727547168,0.016428673471151914,-0.005506149864824938,0.056008481755590894,0.0681493128634617,0.004936756681295257,0.2146462569013238,1.1730769230769231,0.0010743209921335573,1.8846153846153848,0.016652591910147632,1.7307692307692308,-0.0056592821142828,1.6730769230769231,-0.009688842172517247,1.2884615384615385,-0.0007647494796989155,1.7692307692307694,0.004436859143867515,1.9423076923076925,-0.02307753437877661,1.3846153846153846,0.0014752182197567956
2026-02-09,2026-02,426,420,0.11837838991519027,0.01184838746887122,0.06480353463033456,0.08047893920902464,-0.007642069447140415,0.3459510012041955,0.05746122288162625,0.01453995511871609,0.05511957256264574,-0.008960792547106543,-0.03958323144718118,0.44190727812903263,0.007631595072133678,0.03808945406290024,0.05425312292948864,-0.0059645044810812805,0.00878249197821847,0.2533003698502268,-0.044747171553913646,-0.001094583578094528,0.05368746985904524,0.05233864129812627,0.01762148887248793,0.1421173702748049,1.2857142857142858,0.008634101754585505,1.7619047619047619,0.010135193213954185,1.7142857142857144,0.033803739777185954,1.6428571428571428,-0.005201726435237385,1.0476190476190477,-0.010261117066188034,1.8571428571428572,-0.04422608859003832,1.9523809523809523,0.003901539597266089,1.4523809523809523,0.01399053649153555
2026-02-10,2026-02,440,438,0.01999639507879655,0.0038773585665955006,0.058453291118790704,0.0837984260272203,0.014446272970664531,0.3404642560265281,-0.0815536406934285,-0.009733562799534605,0.04834582558616216,-0.054640402845432014,-0.03290130614694553,0.4632729965854775,-0.009292920556003099,-0.007464808502212322,0.04530797332039442,-0.09993999193999384,-0.02670329388047251,0.30086369727822865,0.06882863555462944,0.0030535211104699977,0.04091216343983454,-0.06383591143065326,-0.021770540365326822,0.13060875012623993,1.4772727272727273,0.00018417674841368246,1.9090909090909092,-0.014506290072261877,1.8181818181818181,-0.012010263047666867,1.7272727272727273,-0.0012646607077118205,1.25,0.011321272970664532,1.9318181818181819,-0.037730851601490985,1.9545454545454546,-0.03158965751683615,1.409090909090909,-0.025293267638054097
2026-02-11,2026-02,465,462,-0.009115218898299584,0.0054125774768497455,0.060493327791161976,0.049228040693760834,-0.003803502088855786,0.39782609466625296,-0.0004714242564746517,-0.010140125415121753,0.05688486651562549,-0.05166741814039486,-0.004165653706260136,0.467700589934121,-0.01556754809730018,0.013245119781531384,0.047578331495978086,-0.05336234347176405,0.012498843196865263,0.24870733333670575,0.01736753283333413,0.028842113777914406,0.051442632708440184,-0.09382874152014399,-0.016981539818921906,0.13699195942962947,1.1956521739130435,0.0024234470420671367,1.8478260869565217,-0.014759690632513058,1.6521739130434783,0.009114684998922689,1.5434782608695652,0.02498341812574049,1.3695652173913044,-0.007227415132334047,1.8043478260869565,-0.008676523271477528,1.9130434782608696,0.007716234501213088,1.3260869565217392,-0.020296757210226255
2026-02-12,2026-02,468,461,-0.047030538035946194,-0.0030304437869698962,0.061926780248048874,-0.035065630035108125,-0.02572528938136187,0.3872262315581674,-0.051337153637704434,0.006278030645058736,0.04484218753149148,0.05006914161879372,0.023667502369838653,0.41857934095289395,-0.04482517173878355,-0.03765193833595166,0.05143307226138713,0.05421032353820235,-0.014194787840246248,0.23423711145701614,-0.027691389863399196,-0.040839669445735305,0.047738699869844275,0.06939453847312839,0.01867930057617066,0.14050892809324939,1.3478260869565217,-0.0064000090043612005,1.8695652173913042,0.001604117601580476,1.7391304347826086,-0.04199976442290818,1.6521739130434783,-0.044970104228344,1.2826086956521738,-0.028931811120492305,1.934782608695652,0.018830545848099522,1.8478260869565217,-0.018814353057637553,1.4130434782608696,0.015146691880518485
2026-02-13,2026-02,359,357,-0.05252006482159128,0.01598506970134324,0.05958287691244488,-0.017104464605281585,-0.012452606086804104,0.3767270274046395,0.04925981951272809,-0.004843092681791308,0.047128992325077806,0.044817647118082386,0.03612833326676837,0.48424433720194626,-0.02692406148987851,0.02520652798861431,0.06345555063351963,0.04176094365167053,0.002804008832439713,0.1973940668006738,-0.05018829461103935,0.009069189059825027,0.05724349931676899,0.014658709533516959,-0.006345513495647881,0.14879369487365088,1.4130434782608694,0.012452461005691067,1.891304347826087,-0.009571353551356524,1.7608695652173911,0.02080435407557083,1.5217391304347825,0.005264841233738071,1.2826086956521738,-0.015659127825934538,1.8478260869565217,0.031508768049377064,1.9130434782608694,-0.001978599863212461,1.4782608695652173,-0.010041165669560924
2026-02-17,2026-02,534,526,-0.06897013825912539,-0.011117090926371136,0.055902059339938484,0.08068874034405495,0.021156237401565782,0.34166957395819,0.07155161531878772,0.014881050507265164,0.04310672432981535,0.047371854737563196,0.04152421347048863,0.3670267164707184,-0.011045008244087239,-0.00986779564752838,0.049153765927996376,-0.0717402461385578,-0.016635638369942616,0.2274255966240505,-0.007931148819319436,-0.020493220276795118,0.05174283554333538,0.05775085066095534,0.027242009465764185,0.16158670461121594,1.4528301886792452,-0.014749166398069249,1.811320754716981,0.010352748620472712,1.7735849056603772,-0.014301757911679324,1.641509433962264,-0.024596993861700778,1.2641509433962264,0.017995860043075216,1.8867924528301885,0.03680723233841316,1.792452830188679,-0.021116770445414313,1.5660377358490565,0.023326915126141545
2026-02-18,2026-02,468,460,-0.0893254741891643,0.017638561858873105,0.05941791425889474,0.055450563264811084,0.010801683763958961,0.3465460885478102,0.03769911974899445,0.031300977005761475,0.043403895940158116,0.0684920842567594,0.039992222901524294,0.37466105264004157,-0.024707041070619325,0.019533097982911852,0.04578718363668513,-0.04333042180208916,-0.012307172315707611,0.2585222304839155,0.011908830087742805,0.013705903930548527,0.04219537687648352,0.050287892724531796,0.023897507827643598,0.12290093796732632,1.3018867924528301,0.014383844877741029,1.8679245283018868,0.026631165685006758,1.849056603773585,0.01491045647347789,1.6792452830188678,0.009507790723001359,1.2641509433962264,0.0076413064054683955,1.849056603773585,0.03536958139209033,1.9245283018867925,-0.017118493070424592,1.5283018867924527,0.020076753110662465
2026-02-19,2026-02,465,461,-0.008728165339180237,0.016169307745525975,0.054763764676530276,0.0632200437067666,0.03500493548812032,0.33789595054543536,0.1021900887261016,0.03823283627597397,0.05012724715062743,0.07742960565063596,0.039677830382590706,0.44560327802015387,0.055778895237044976,0.014426892831221443,0.0383460488413464,0.06595167932036074,0.01962362687452475,0.20718217074223189,0.01706408611667785,0.01265283647397487,0.03987697730517262,0.11528815145369417,0.021643651825580004,0.12336298309104599,1.1521739130434783,0.013288872962917279,1.826086956521739,0.033667618884669626,1.8478260869565217,0.009807327613830137,1.6521739130434783,0.008522401691366175,1.1956521739130435,0.03201580505333772,1.8478260869565217,0.0350582651651994,1.891304347826087,0.014895366004959533,1.3043478260869565,0.018382782260362614
2026-02-20,2026-02,379,372,-0.022612159245960106,0.006370744599057845,0.061556180789011816,-0.056939181727405586,-0.011248862564237275,0.37601014568999,-0.09154267744037242,-0.029508144664076256,0.04726866534897706,-0.02127151412622941,-0.03666436487716441,0.44147208327981263,0.0780766780627911,0.0029315014837848746,0.04699095438496896,0.06204870134879856,0.0034004036627985988,0.24799384438508265,0.021510680835774572,0.015407951386882307,0.047384300962571596,0.117090880234888,0.009452034129849456,0.14638249500579126,1.173913043478261,0.003435961990362193,1.8695652173913044,-0.03418205770755452,1.7608695652173914,-0.0014706724292586036,1.7391304347826086,0.011060125299925786,1.3260869565217392,-0.014564079955541624,1.9130434782608696,-0.041446973572816584,1.9130434782608696,-0.0013822050328535758,1.391304347826087,0.0059737732602842385
2026-02-23,2026-02,427,424,0.04327828635973521,-0.013542389631940648,0.06026144767822275,0.06161582878671716,0.010794275372496059,0.3851618238148235,0.021108199553268675,0.0035063889503239194,0.0419840009537227,-0.02781523518639857,-0.022799938565659324,0.38804190579269615,-0.02879819243321862,-0.030109140800642316,0.044432470387470446,-0.046818217671981736,-0.03840696611361982,0.2399745031836487,0.013165017882884026,-0.006608922695079331,0.049701637534128776,0.16243293075570528,0.043256145668794335,0.12948287486852633,1.1904761904761905,-0.016518580108131124,1.9047619047619047,-0.001255515811580842,1.8333333333333333,-0.03469247413397565,1.619047619047619,-0.010656541742698377,1.2857142857142858,0.007579989658210344,1.7857142857142858,-0.02726422427994504,1.880952380952381,-0.043109347066000774,1.5714285714285714,0.03932757424022291
2026-02-24,2026-02,478,471,-0.0001411346262543313,-0.0028773500284842227,0.05643917182380377,-0.07706812901693226,-0.03222866437236442,0.34920639941032894,0.02031434036026351,0.004866580384652966,0.052675929925153867,0.06566950233173544,-0.000700494027933013,0.42714604101282483,0.03671620872948705,-0.001303036966974553,0.052882223662976256,0.04617046941792928,0.01798483599997027,0.268379917962754,0.0021058120709821996,0.0028414021872969243,0.045052557351499135,0.2953911387564298,0.09412325860679346,0.12670964097723048,1.3191489361702127,-0.0061752223689097545,1.7872340425531914,0.00039849527826998823,1.702127659574468,-0.005558356115910723,1.7234042553191489,-0.0014671084510009475,1.2127659574468084,-0.035260579265981445,1.7446808510638296,-0.005062196155592587,1.9148936170212765,0.01319760195741708,1.6382978723404256,0.0900275139259424
2026-02-25,2026-02,563,553,0.013107352231028933,0.00865213324234081,0.05542110410908615,-0.023079323062695157,-0.03809750933485721,0.29561361155726695,-0.053897323207916535,-0.00798380833555595,0.0548541283836297,0.02986370354644249,-0.0241465444049779,0.5698454373262145,0.11139674191478177,0.03741554073546535,0.05301986802946019,-0.023435215128179903,-0.00030991890228285884,0.2452026835896752,0.05350404317426337,0.025226915064981967,0.057663657363656674,0.0746691477235676,0.02256240962418192,0.12136181010441346,1.309090909090909,0.005379405969613537,1.8545454545454545,-0.012620171971919586,1.8909090909090909,0.03268826800819263,1.6727272727272726,0.021045096883163784,1.1818181818181819,-0.041052054789402666,1.7272727272727273,-0.02846472622315972,1.8545454545454545,-0.004946282538646495,1.4545454545454546,0.018926045987818284
2026-02-26,2026-02,607,592,0.02156315177501452,0.0018460849168113053,0.06100411912514783,-0.019413245257756142,-0.017953924002053066,0.4123360502012705,0.01485639721176414,0.018068450806194878,0.048621094763779585,0.025851501392176627,0.026237777297988336,0.45217285598865,-0.018405456136567456,-0.0221970215775923,0.056420105061363406,-0.004860031698751657,0.001820776830286648,0.33676290335291525,0.0842948133066508,0.024398800815339974,0.05010881996940729,0.04831932175681637,0.020775201408449198,0.13495554112024227,1.2542372881355932,-0.0012895083035276778,1.8644067796610169,0.013407433857042336,1.8135593220338984,-0.02673091988267705,1.728813559322034,0.02007676691703489,1.2372881355932204,-0.021047144341036116,1.847457627118644,0.021619133230191726,1.8644067796610169,-0.0028402401188658936,1.4576271186440677,0.017131133611839027
2026-02-27,2026-02,445,436,0.014974220513838177,0.012343459076905006,0.057693091028983845,-0.025827250224344806,-0.0037488312996324727,0.375880945304578,0.020041640507204576,-0.012291110098730629,0.047352113616493545,-0.00023695355359472692,-0.0024023530020664437,0.553874646736817,-0.005669046177193496,0.025462244018246788,0.04668751440977599,0.07845827550495045,0.006593432593037159,0.22727105969732458,-0.004659702509901327,-0.026311617121075444,0.046325474568060826,0.054667210965896995,0.0118386378635701,0.13391114889898084,1.3898305084745763,0.008868882805718565,1.8305084745762712,-0.016867381285171307,1.8305084745762712,0.02088597283180611,1.7457627118644068,-0.03067602390073646,1.2203389830508475,-0.006799678757259592,1.8135593220338984,-0.00693625130715119,1.88135593220339,0.001890042762528684,1.5423728813559323,0.00798270566018027
2026-03-02,2026-03,430,421,-0.07240390322460144,-0.03279127256510804,0.06000132680351479,-0.09774188472726217,-0.05435857057122596,0.48327286168932915,-0.02935309611687239,-0.029093756816344164,0.05877888194553192,-0.07635548131797516,-0.007013805050619398,0.5341607225792748,-0.10451536269266803,0.002638888668031098,0.06158025462424167,0.026255415118524167,0.03299672027315339,0.4086837229274568,-0.13795335404357148,-0.07146706008404854,0.05018458408478001,-0.16750276109257387,-0.02085197411290587,0.20975934102066923,1.409090909090909,-0.036313999837835315,1.8409090909090908,-0.03369602954361689,1.8181818181818181,-0.001906565877423447,1.659090909090909,-0.07561478735677582,1.4545454545454546,-0.057994934207589596,1.8409090909090908,-0.011616077777892125,1.8863636363636362,0.0282808111822443,1.9090909090909092,-0.025624701385633143
2026-03-03,2026-03,391,382,0.011315340732728574,-0.010083572433314453,0.05523941563334116,-0.14175768853928,-0.04897635157246856,0.39735356012457296,0.018734312812778833,-0.01733144213071562,0.0554083866339896,-0.015386374280579804,0.018089153857769994,0.5674834878821122,-0.05800092033569125,0.01995602182044411,0.042411139947251986,-0.015081399618855514,0.007934751357091086,0.22624502683940687,0.09343389339579287,0.04761275606204529,0.04689470251386514,-0.1826362904039937,-0.002611021986878733,0.22804567413894752,1.380952380952381,-0.013535953385695406,1.8333333333333333,-0.021914775464048953,1.7142857142857142,0.015670307534729824,1.738095238095238,0.043267517966807195,1.2857142857142856,-0.05219063728675427,1.6666666666666665,0.013922487191103328,1.976190476190476,0.0029942751666148966,1.2857142857142856,-0.005825307701164447
2026-03-04,2026-03,385,371,0.001950155792718938,0.0011692790624897725,0.056542037389323285,-0.01345332027481948,-0.00915701860212377,0.4646157517626479,-0.08970737172053105,-0.019747370489569416,0.04043386470920006,-0.07441554670122826,-0.013248112974526133,0.749316683492145,0.1470012464469107,0.029596923854071384,0.04726932032509916,-0.0118566486192108,-0.020403864752995136,0.3014632527892654,0.054952063576684584,0.052584925090232465,0.04997248250617714,-0.10602189982479714,-0.013254548288841157,0.2664762554136483,1.2894736842105263,-0.002054405148036543,1.631578947368421,-0.02382631785799047,1.8157894736842106,0.025057450169860856,1.736842105263158,0.04824281982707457,1.1578947368421053,-0.012051755444229033,1.631578947368421,-0.017327060342947186,1.868421052631579,-0.025074917384574083,1.0789473684210527,-0.01595191670989379
2026-03-05,2026-03,392,376,-0.06132967624487565,-0.008183154082675063,0.05727639324357364,-0.07097993528642788,-0.02995576151987687,0.4903391250654271,0.1335667974844176,0.012916786225609475,0.03733607421588474,0.036444061339017966,0.00586300798288609,0.5535510989200128,-0.07120405414074027,-0.047488101683825626,0.04939149519626421,0.07108392643482883,0.05021325116155874,0.2772060044501957,0.035997870771275656,-0.0010464300301707453,0.046147300507200506,0.05293010001876622,0.03048709264939393,0.23557254662247082,1.236842105263158,-0.011275259345832957,1.868421052631579,0.008245733594030528,1.8157894736842106,-0.05202757536803615,1.5789473684210527,-0.004993798451223377,1.0,-0.03245576151987687,1.763157894736842,0.0014551132460439856,1.8421052631578947,0.045607988003664,1.0263157894736843,0.02792130317570972
2026-03-06,2026-03,338,327,-0.0456188917767779,0.00841395402752866,0.05608468183909629,-0.03722134490961263,-0.032229595550432734,0.457377628846602,0.09286398257625823,0.01320264726051587,0.05272700378643716,0.07641896614160094,0.019562571281148206,0.6075763743032109,0.08859641912466559,0.020753412194846485,0.042155522770283727,0.03487039227656899,0.035247990237820305,0.25504610348831525,0.02932879447717253,0.01818449484712266,0.04057209104722666,0.00706389012893569,0.050407173623707044,0.1813113188201731,1.2894736842105263,0.005190269817002343,1.8157894736842106,0.008663173576305343,1.868421052631579,0.016082359563267538,1.6842105263157894,0.013973968531333186,1.3947368421052633,-0.03571643765569589,1.894736842105263,0.014825729175885049,1.894736842105263,0.030511148132557148,1.2105263157894737,0.04738085783423336
2026-03-09,2026-03,377,367,-0.04068092989589688,-0.02191166668971914,0.06184059303665708,0.025529048272995448,0.018813343551152162,0.5485148094594479,-0.025804982876724628,-0.017957753700691588,0.03705116915681352,0.04453675570407344,-0.013188127875140768,0.44009514072456873,0.042366189284751284,0.034702082481379834,0.04175633116358694,-0.03203918849553479,0.03540993505698533,0.3786010611298922,-0.032505238301276454,-0.011962379429603747,0.0371794341438596,0.03294553331237117,0.019529429911889794,0.172593646657628,1.2972972972972974,-0.025154909932962384,1.864864864864865,-0.02261991586285375,1.837837837837838,0.030107487886785238,1.7837837837837838,-0.016421838889063206,1.3513513513513513,0.015434965172773783,1.7837837837837838,-0.01764758733460023,1.8918918918918919,0.0306802053272556,1.0540540540540542,0.016894294776754658
2026-03-10,2026-03,349,341,0.015323443476788007,-0.029266753221774657,0.06389379909629563,-0.07007071576778127,-0.009120825679260994,0.4309760314576766,-0.008937264965820712,-0.02111854650826059,0.042681259555857096,0.027634718877984195,-0.029537593571595418,0.5279660405700698,0.07207531723291036,0.01721272164869482,0.053189199669002686,0.008860219910511384,-0.0008333090525592945,0.25423601050587263,0.10241703953590131,0.0005551404663987657,0.061586575425703144,0.00384885739692577,-0.0010425757042942076,0.2221620608778561,1.4054054054054055,-0.03278026673528817,1.8108108108108107,-0.025645573535287614,1.837837837837838,0.012618127054100224,1.7027027027027026,-0.0037016162903579907,1.2432432432432432,-0.012228933787369101,1.7297297297297298,-0.03386191789591974,1.9189189189189189,-0.005630606349856591,1.2432432432432432,-0.004150683812402316
2026-03-11,2026-03,352,345,-0.07902351032662647,0.0014567366085605363,0.06110543800083251,-0.08088099341640419,-0.005820021303667123,0.5370441508643767,-0.0453286424108749,-0.0319320341164049,0.0476222021736438,-0.06815509582064828,-0.013025165473623089,0.5261759372318493,-0.042391943678995854,0.003432913968687808,0.04403452750154057,0.030693731826876302,0.014318954886288732,0.2618481264833142,-0.07489363013442334,-0.006598073759569353,0.048320049155409175,-0.06679125092722826,-0.017346664608596157,0.23225528155179584,1.2352941176470589,-0.001631498685557111,1.7941176470588236,-0.03641732823405196,1.7352941176470589,-0.0009053213254298391,1.6764705882352942,-0.010789250230157588,1.2941176470588236,-0.009055315421314181,1.8235294117647058,-0.01758398900303485,1.8529411764705883,0.00968660194511226,1.088235294117647,-0.020067252843890274
2026-03-12,2026-03,340,331,0.0627507972539962,0.006259815130049645,0.053323069550928505,-0.04227362031932904,0.012893567093180971,0.5163984519965721,-0.09499501395601075,0.022089958358162486,0.03756399480592883,-0.02515299134072958,-0.015372417809929362,0.7399170259860429,-0.01048818434376224,0.007117750876131299,0.047182202742445514,-0.12573699243276582,-0.004789149439971602,0.3724323982993762,-0.042518788326583325,-0.005500019532816011,0.037375207532213996,-0.05965093327186323,-0.017378742930374773,0.2121307569922823,1.3529411764705883,0.002877462188873174,1.6764705882352942,0.01789878188757425,1.8529411764705883,0.0024853979349548283,1.7941176470588236,-0.00998531365046307,1.2647058823529411,0.009731802387298618,1.7058823529411764,-0.019637123692282304,1.911764705882353,-0.009568561204677485,1.1764705882352942,-0.020319919400963008
2026-03-13,2026-03,281,273,0.05061169544988303,0.013419298771542798,0.052790606912555715,-0.014629148858985745,-0.010701693977931798,0.518492932120959,0.06282612362222971,0.024343072352528763,0.03698964728372334,-0.14275355100173193,-0.020654640790456893,0.5587907048563163,0.006634199211754543,0.012302694818080303,0.041463550350956876,0.1189761542818422,0.062048768726379606,0.3122140354028454,0.04805920670575263,0.020042019680166438,0.03559569299265557,0.0443428328514689,0.013578624856705081,0.20430746619348172,1.2424242424242424,0.010313238165482193,1.8181818181818181,0.019797617807074216,1.7575757575757576,0.00790875542414091,1.6666666666666665,0.015875353013499773,1.303030303030303,-0.013959269735507556,1.8484848484848484,-0.025275852911669013,1.9393939393939394,0.05720028387789476,1.2121212121212122,0.01054832182640205
2026-03-16,2026-03,331,321,0.055552393589739346,0.034194972443226695,0.05541316785093628,-0.007451944553826402,0.01621564907986259,0.49449741560965776,0.0032617406711679823,0.006761018358736683,0.04326955893996888,-0.03980356097990367,-0.015206756238755732,0.5279030962847173,0.016646095505339128,0.031273255848687925,0.0408435367642938,-0.03997279974057173,-0.01928735254516107,0.22251046518795192,0.04460644004195855,0.0010840500893674887,0.038024134285532966,-0.06351756931598958,-0.02888151107262682,0.20742414239794016,1.34375,0.030835597443226694,1.84375,0.0021516433587366835,1.71875,0.026976380848687927,1.75,-0.0032909499106325117,1.40625,0.012700024079862591,1.90625,-0.01997238123875573,1.90625,-0.02405297754516107,1.125,-0.03169401107262682
2026-03-17,2026-03,288,282,0.013949841055503981,0.02226842304442576,0.05427780197450074,-0.004346358342476158,-0.00968491653171696,0.5690897128411702,-0.09863651565278056,-0.032539758097876355,0.03595500249862842,0.1164667681685739,0.05187294986000431,0.4770872986742428,-0.08175393543357085,-0.01891750858452783,0.04564586684487058,-0.023893919117144707,0.03569017381236951,0.8248824658138412,-0.0005345036149323431,-0.017679447429419667,0.04795980121963851,-0.05033727981867065,-0.03514937395428318,0.20400913711637259,1.21875,0.01922154804442576,1.71875,-0.03683663309787635,1.84375,-0.023526883584527827,1.625,-0.021741947429419668,1.28125,-0.01288804153171696,1.75,0.047497949860004315,1.875,0.03100267381236951,1.34375,-0.038508748954283176
2026-03-18,2026-03,308,307,0.045283485370769136,0.012565003919553085,0.05796710584253613,0.097389660085337,0.01903559044875244,0.41578477861419805,-0.051113383171464216,-0.01639680884491333,0.042672491449569916,0.1280712477614374,0.032243909647725395,0.4451913408214046,0.036930294651538145,0.01835001787785672,0.048275788208821266,0.015305051673287972,-0.007180978290873174,0.2589064725945073,-0.02270191147835751,-0.011199542759461199,0.04907392651581505,-0.06833614189485288,-0.029774530242795333,0.21420591673062694,1.4193548387096773,0.009016616822778892,1.9032258064516128,-0.02115487336104236,1.7741935483870968,0.013914534006888978,1.7419354838709677,-0.015554381469138618,1.2580645161290323,0.015890429158429857,1.8709677419354838,0.027566490292886686,1.967741935483871,-0.012100333129582853,1.161290322580645,-0.03267775604924694
2026-03-19,2026-03,278,267,0.012300954624678038,-0.016000188203701624,0.059930975873522835,0.17014426190502122,0.007258321562246303,0.5775570775623675,0.11570051676463859,0.07670325974287334,0.04786040038548833,-0.08355468959500793,-0.11216665201175444,0.5345820743176672,-0.003587766795996067,-0.03364939535981691,0.052350401464885885,0.06609092602475607,-0.015760833601407336,0.2573981249222049,0.04894857361325246,0.040332378474978337,0.05119844846918582,0.07667465654819804,0.01867479030681869,0.21839904302248248,1.3225806451612903,-0.01930663981660485,1.967741935483871,0.07178390490416367,1.8709677419354838,-0.03832681471465562,1.7741935483870968,0.0358968946040106,1.3225806451612903,0.0039518699493430775,1.967741935483871,-0.11708600685046411,1.9354838709677418,-0.02059954327882669,1.2580645161290323,0.015529629016496108
2026-03-20,2026-03,269,266,0.0797906378886238,0.004157148209605504,0.062327174413724276,0.17387782278200078,0.014458157233788897,0.5281107243564394,0.09660874037357446,0.036221001025521254,0.04875693891147887,0.030343669829648205,0.013139759271124265,0.5810649390849802,0.09007350023018539,-0.013574428964888346,0.05571324164279287,0.03293569328080786,0.018712735028423348,0.25052541922088023,-0.014983323777642148,0.005773433165989085,0.053153319109030386,0.07154623413292892,0.014285847036646405,0.17477527702296222,1.222222222222222,0.001101592654049949,1.8148148148148147,0.03168396398848422,1.7777777777777777,-0.01801887340933279,1.7777777777777777,0.0013289887215446406,1.222222222222222,0.011402601678233343,1.8888888888888888,0.008417537048902041,1.9259259259259258,0.013897920213608535,1.1111111111111112,0.011508069258868627
2026-03-23,2026-03,260,257,0.14622109794523588,0.01749651770467141,0.05941579734266579,0.20698189663706906,-0.0011802742965211187,0.5140772032049986,0.14010221870621023,0.04747927763056701,0.04282690796105769,0.03370570366792094,0.004922507516627633,0.4517693778929802,-0.027143100741664886,-0.009348464365474554,0.03225152590268707,-0.012074598281494833,0.003710102744644622,0.24389980618770307,0.008545415441967167,-0.014471831089144536,0.04597279487998004,0.27352771490702527,0.06652344221175086,0.16156190705414003,1.3333333333333335,0.014163184371338077,1.7777777777777777,0.04303483318612256,1.8888888888888888,-0.014070686587696776,1.7037037037037037,-0.018731090348403798,1.1851851851851851,-0.004143237259484081,1.6296296296296298,0.000848433442553558,1.8518518518518519,-0.0009195268849850075,1.1851851851851851,0.0635604792487879
2026-03-24,2026-03,328,324,0.06541041596244579,0.015068428253410312,0.05014517993212807,0.1843418456492922,0.018548437655432362,0.4610918831313029,-0.009176460126286808,-0.002596566255047998,0.03602744086731531,-0.06560067951115642,-0.043481353100104134,0.5423728586174548,0.03260318805469084,-0.012605298019671314,0.035841114172469865,-0.03243927603939602,-0.005318313391424651,0.29198909830302,-0.011658157071239154,-0.028608092982092267,0.03228158661632404,0.011635032554558557,-0.022379735464625794,0.1629434886854142,1.34375,0.011709053253410312,1.8125,-0.007127816255047998,1.84375,-0.017214673019671313,1.75,-0.03298309298209227,1.1875,0.015579687655432363,1.875,-0.04816885310010413,1.875,-0.010005813391424652,1.0625,-0.025035985464625793
2026-03-25,2026-03,297,294,0.0984990481634777,0.038441967828691914,0.06064336396188981,0.08597722188326215,0.015667737437972326,0.5741690140346001,-0.08242670070368197,-0.020110658503912207,0.04665544792226566,-0.06988260586051065,-0.022595540525918577,0.5768425586665499,0.014337783597102033,-0.017769945042086073,0.05573531580838387,0.03799559168686686,0.020783926029479705,0.2450334614720838,0.050008061753028195,0.0028499613610459985,0.049045068416132966,-0.011994147900188169,-0.013408189296127554,0.21247484380828924,1.28125,0.03523884282869191,1.84375,-0.024720033503912206,1.75,-0.022144945042086073,1.78125,-0.0016031636389540012,1.28125,0.012464612437972327,1.75,-0.026970540525918577,1.9375,0.015940176029479704,1.03125,-0.015986314296127555
2026-03-26,2026-03,325,319,0.046419170468250226,0.0134399589996934,0.052056432931482134,0.033907328753954524,-0.04117427952835319,0.420664694160223,0.01851582546751297,0.007614193525554095,0.033627245089349805,0.031131448876333873,0.027446147242500923,0.4689832255244255,0.057988918602415535,0.029286199764295563,0.04208372805111105,0.08499746561096254,0.03936325157816817,0.3352586906403303,-0.06897628161431843,0.0032433906184064533,0.04355091491821779,-0.010822365546291927,-0.020841493805727165,0.1646520891226828,1.28125,0.0102368339996934,1.9375,0.002770443525554095,1.625,0.025223699764295563,1.71875,-0.001053484381593547,1.3125,-0.04445552952835319,1.71875,0.02314927224250092,1.9375,0.03451950157816817,1.21875,-0.023888368805727166
2026-03-27,2026-03,264,260,-0.027864917921593436,0.007088940756896322,0.05440848486624833,-0.07514168878685702,-0.029167272548757363,0.4825272497076255,0.1060736165211955,0.009747413696832647,0.0443598908420429,-0.045132976956386676,-0.02732519812279169,0.5215081239405732,-0.008520240789413614,-0.0037226352527579935,0.058408474042461606,0.001739396982958214,0.0042802595470121454,0.2327316225721286,0.039496768386932675,0.041339966427733445,0.044746938189852585,-0.12238389345785859,-0.007576419009717061,0.20332582782094294,1.59375,0.0031045657568963218,1.75,0.005372413696832647,1.84375,-0.008332010252757992,1.84375,0.036730591427733446,1.34375,-0.032526647548757365,1.625,-0.031387698122791685,1.90625,-0.00048536545298785445,1.40625,-0.011092044009717061
2026-03-30,2026-03,337,328,-0.06809342791424508,-0.025601382519444403,0.06399670358398353,-0.10975748173305809,-0.003285222785779365,0.5692668129323106,-0.07692621264469719,-0.014964596344201025,0.03128681641946623,-0.05848796536286633,-0.031169181370239295,0.4397323813402292,-0.01205489803229025,0.026786547191304307,0.05418968930724946,0.033047613194839856,0.04928903310456723,0.27143225525364734,0.00767048518703392,0.042416252992924286,0.05388395404192746,-0.021106375934040852,0.02642495680759287,0.20129823865312518,1.393939393939394,-0.02908623100429289,1.8181818181818183,-0.019510050889655572,1.878787878787879,0.02208957749433461,1.7575757575757576,0.03802231359898489,1.5151515151515151,-0.007073101573658152,1.9090909090909092,-0.035941908642966564,1.8484848484848486,0.04466782098335511,1.393939393939394,0.022940108322744384
2026-03-31,2026-03,296,289,-0.014803094481588137,-0.01896612869491883,0.0832418413843627,-0.009123068652983011,0.005127711733441304,0.5451326457590893,0.07426652232427983,-0.03337961008226923,0.047493806866077175,0.13266594897829628,0.04048503175221605,0.5672816278348709,-0.068125614395354,0.007229876444481857,0.06338889414430837,0.06441904898955805,-0.01705889027936699,0.28983079821899016,-0.08921626818069302,0.013160318078018221,0.05628523268164044,0.02980746884875676,0.06866707446927069,0.2258189097046852,1.1515151515151516,-0.02184491657370671,1.6666666666666667,-0.037546276748935896,1.606060606060606,0.0032147249293303422,1.5757575757575757,0.009220924138624282,1.2727272727272727,0.0019458935516231228,1.7272727272727273,0.03616684993403423,1.8484848484848484,-0.02168010240057911,1.0606060606060606,0.06601555931775553
2026-04-01,2026-04,311,308,0.10355532860459735,0.026746646705104647,0.05589407629046576,0.06902332187053689,0.02123872659545884,0.461626842137306,0.14155625197527866,0.06390303040346926,0.03384644402016771,-0.029779729487873004,0.038240090511681174,0.5132494737063685,-0.1568152598293414,-0.03587670088347095,0.04354718239501505,0.024660703884850758,-0.010272228176380665,0.2949036881327629,-0.06866308839881474,0.0003104695570357481,0.0335913480625798,-0.03274596474990625,0.007796899080109198,0.15886837099829026,1.4516129032258065,0.023117614447040132,1.7096774193548387,0.05962883685508216,1.8387096774193548,-0.04047347507701933,1.7741935483870968,-0.004125014313931994,1.7419354838709677,0.01688388788578142,1.935483870967742,0.03340138083426182,1.8387096774193548,-0.014869002369929052,1.2580645161290323,0.004651737789786618
2026-04-02,2026-04,279,275,0.030050613886770768,0.010787114968165229,0.05314503031092008,0.09143818585684448,0.014208368867811651,0.5003715325146914,0.12899889020718774,0.03753898045663418,0.04162284363511902,0.14505175964126468,0.06105268571463708,0.6985185412423952,0.0348738520704174,0.03988266685640539,0.04298604982226539,-0.013532584070992055,0.01045748974883906,0.21997541029538425,0.02857695410491883,0.0024721623911239127,0.04176304431123315,0.11015151012830289,0.04347970904557485,0.15570478833147458,1.193548387096774,0.007803244000423294,1.8387096774193548,0.03294220626308579,1.7741935483870968,0.03544718298543765,1.6774193548387095,-0.0017213859959728612,1.2580645161290323,0.01106320757748907,1.8064516129032258,0.056536556682379016,1.9032258064516128,0.0056994252327100285,1.096774193548387,0.04073777356170388
2026-04-06,2026-04,323,318,0.08019516682043008,0.02068024603204465,0.05152964844970245,0.07624400553137684,0.03228218701003652,0.46741386596113443,0.007360624485620394,0.02516811934183288,0.035692009016023346,0.13377565756149254,0.05564431687802984,0.5083441238384694,0.11447079214721206,0.03827426359607482,0.03574084978311943,-0.029639318319181696,0.001812751427126693,0.23620188306085765,-0.04407064907057518,-0.04005794091129782,0.032922112834214014,-0.04928259563395896,0.018615382870880093,0.14231643039966002,1.28125,0.01747712103204465,1.75,0.02079311934183288,1.9375,0.033430513596074816,1.625,-0.044120440911297826,1.34375,0.028922812010036516,1.6875,0.05142556687802984,1.90625,-0.002952873572873307,1.0,0.016115382870880095
2026-04-07,2026-04,247,243,0.08678255644893822,0.05486830293282091,0.049951912862085855,-0.048197577897313534,-0.034062470817790944,0.5213603849212328,0.07830138782607941,-0.032150389654022206,0.040809009030560436,0.13943697704712105,0.0013991498912940548,0.5133369366327921,0.08435850273273601,0.06584534664077601,0.04270160445269743,0.0892034248120311,0.006827500829664629,0.2281349147669971,-0.00800598687116915,-0.07094558625567127,0.04751103819320762,-0.07278412404083688,0.0049816392874770105,0.18475968988301855,1.25,0.05174330293282091,1.8125,-0.036681639654022206,1.9375,0.061001596640776014,1.8125,-0.07547683625567127,1.46875,-0.03773434581779094,1.65625,-0.0027414751087059454,1.9375,0.001983750829664629,1.125,0.0021691392874770106
2026-04-08,2026-04,283,278,0.10327085435702706,0.018247763264860765,0.06630451305699014,0.065362553487983,0.026501751983702457,0.5256723152207476,0.04806567791286259,0.010889052710942305,0.03635147379737785,0.044167776900460726,-0.04164957884033634,0.5419790968298912,-0.000225017498419583,-0.05480426301785653,0.053882891706010426,-0.05491379976725249,-0.04502848050655972,0.20857095811516047,-0.12126272407771946,-0.022681934238575133,0.050993932302794615,-0.03230562988486516,-0.015742189724653584,0.14943556840132388,1.1785714285714286,0.015301334693432193,1.9285714285714284,0.006067624139513734,1.8214285714285714,-0.059357834446427955,1.607142857142857,-0.026699791381432275,1.3928571428571428,0.0230196091265596,1.8928571428571428,-0.0463817216974792,1.857142857142857,-0.04967133764941686,0.9642857142857142,-0.01815290401036787
2026-04-09,2026-04,312,308,-0.014034828469353807,-0.00827877503637972,0.054553180769322335,-0.1354559886965915,-0.030890271956827524,0.5061915625006922,0.005890006535608221,0.0030476463917107344,0.043163831041468016,0.19230520785799018,0.025477727429354252,0.4439655639111034,0.020795618506369976,0.027602139022720018,0.04085443974646283,0.008282370270392008,0.02517657467621272,0.2711844207538712,-0.019939800499265484,0.012456064070730945,0.04044018179368923,0.07483411157532563,0.024048004907510585,0.15302203643706536,1.2903225806451613,-0.011504581487992624,1.9032258064516128,-0.0017104181244182977,1.6774193548387095,0.023408590635623245,1.5161290322580645,0.008665741490085782,1.4193548387096773,-0.03443865905360172,1.8064516129032258,0.020961598397096187,1.8709677419354838,0.020499155321374012,1.129032258064516,0.021225424262349295
2026-04-10,2026-04,281,274,0.06731819706000065,-0.007242705460620127,0.04779765765112686,-0.18026749883719673,-0.06494555149372606,0.5279248726588708,0.02958808031821038,0.027182743481494742,0.031000792716718163,-0.052149218255621875,0.004252266367258117,0.5125394579437044,0.13658828110633972,0.04220564198781216,0.04168970820051435,0.049827472444266566,0.006509497034342771,0.24036084046518363,0.04450832350809636,0.039197194334486804,0.039639196934988935,0.11250256898398035,-0.01659187404002354,0.14178295819847672,1.2580645161290323,-0.010387866750942708,1.7419354838709677,0.02282790477181732,1.7419354838709677,0.03785080327813474,1.6129032258064515,0.03516493626997068,1.3870967741935483,-0.06841329342920993,1.7096774193548385,-2.1927181128978714e-05,1.9354838709677418,0.001670787356923417,1.161290322580645,-0.019495099846475152
2026-04-13,2026-04,304,295,-0.014742992849759523,-0.04576115096418307,0.06498610346999449,-0.16555284087511427,-0.05527445149510857,0.5174322898189228,-0.1415812513377231,-0.027390907999310623,0.05813755413394203,-0.038763568197845696,-0.026680114915109795,0.450338331113259,-0.039909361945685506,-0.006754028695917624,0.049544921274226314,0.0029655985443238025,-0.014592821388265705,0.23534483934442202,-0.03547228320761325,-0.014366339099338363,0.03769025627990272,0.11260005638182455,-0.0011620235237364551,0.17639129360516867,1.3666666666666667,-0.04917781763084973,1.8666666666666667,-0.03205757466597729,1.7666666666666666,-0.01117069536258429,1.5666666666666667,-0.018283005766005028,1.3666666666666667,-0.05869111816177523,1.7999999999999998,-0.031180114915109795,1.8333333333333333,-0.01917615472159904,1.0,-0.003662023523736455
2026-04-14,2026-04,316,309,0.0224341751235494,-0.0038186370050248553,0.0749485354727285,-0.16011431765934023,-0.037169522504464446,0.4891106918934853,-0.013633360056835414,0.03347604263631353,0.045032122190833364,0.02851071477853103,0.042462946998055945,0.6100328018468234,0.11476184771716458,0.029325845437118137,0.048044247860958456,0.053583265355017944,0.003333961824477129,0.232156639377917,0.03323483924172717,-0.0008289335595040581,0.04984002434490563,0.12680285147641296,-0.013257518418467968,0.21416921024360963,1.064516129032258,-0.0064799273276055,1.7741935483870968,0.029040558765345784,1.6451612903225805,0.025212942211311686,1.5483870967741935,-0.004699901301439542,1.2903225806451613,-0.04039532895607735,1.7741935483870968,0.038027463127088205,1.8387096774193548,-0.0012628123690712582,0.9354838709677419,-0.015596228095887323
2026-04-15,2026-04,296,292,0.012720424584831365,-0.002262127281044621,0.07264846695693578,-0.03465067532864143,-0.04689398733253128,0.47647392569944774,-0.13814944542358706,-0.0550149714442186,0.04217268345489338,-0.09617940790920305,-0.0002413079529444695,0.7237068101249893,-0.006356742685298132,-0.004050235413588205,0.060248707690559525,0.037169681237477846,0.0033344027873610307,0.27696186008638346,0.0053154084726570305,-0.004121745349854496,0.06165870983145872,0.131218737998399,-0.01334533593322091,0.1855604933767483,1.2258064516129032,-0.005326643410076879,1.6774193548387097,-0.05920851983131538,1.6774193548387097,-0.008243783800684978,1.3548387096774193,-0.0075088421240480435,1.4193548387096775,-0.05044237442930547,1.8064516129032258,-0.004757436985202534,1.9032258064516128,-0.0014236617287680014,0.967741935483871,-0.015764690771930587
2026-04-16,2026-04,309,301,-0.0830644144455607,-0.009754692300249602,0.0680112621974722,0.049025668975559364,0.0026601801999837794,0.6396292770902317,0.01882110474040045,-0.002057094671820841,0.04301162547146501,0.047060936223330414,-0.002508229039223679,0.5187549909576773,0.11642920186609507,0.017554748903579116,0.04779602402689037,-0.01367398652083901,0.01581737810853468,0.2784802936017513,0.03547126221726911,0.04160795851699419,0.05609732903274684,0.051911852632178346,-0.011133692775301128,0.18000190177311498,1.4,-0.013254692300249601,1.8666666666666667,-0.006723761338487507,1.7,0.013304748903579116,1.3333333333333333,0.03827462518366086,1.2333333333333334,-0.0004231531333495544,1.8666666666666667,-0.007174895705890345,1.9,0.01106737810853468,1.1,-0.013883692775301128
2026-04-17,2026-04,303,296,-0.004136915957193488,0.018017653563465456,0.06843992903163976,0.12194109790902409,0.040276723320791505,0.5186101272702217,-0.014187713655746394,-0.011240636212417004,0.03884066402643406,0.022654338755042778,-0.0027905945532367797,0.849776308486859,0.007667099446789928,0.03718652896861758,0.04955802628307486,0.02262578122573498,-0.0071705859581863984,0.35001613249381386,0.0524862101887854,-0.006115859960102953,0.04589119781139517,-0.004398331084415517,0.014754858827534707,0.1778152735903859,1.2666666666666666,0.01485098689679879,1.7666666666666666,-0.015657302879083672,1.7333333333333334,0.032853195635284244,1.5666666666666667,-0.010032526626769619,1.0666666666666667,0.03761005665412484,1.6333333333333333,-0.0068739278865701135,1.9,-0.0119205859581864,0.9666666666666667,0.012338192160868039
2026-04-20,2026-04,361,355,0.00174494840815545,-0.0320875560903536,0.06918133169482199,-0.0003151416106236016,0.0196720042095027,0.6142987139109108,0.007777211430149886,-0.013375457545857184,0.050501232030982564,-0.005015050192609199,-0.0007631221717260982,0.39932589874499375,-0.05404799781454214,0.0009102139574090756,0.054689834605637665,0.18780526952228027,0.09896580206835401,0.3187128778340088,-0.02717449146110994,-1.3124855657008563e-05,0.05033257429531127,0.0012211577991586343,0.03853346400495086,0.17985144645596546,1.25,-0.035212556090353606,1.8333333333333333,-0.017958790879190518,1.75,-0.003464786042590925,1.6111111111111112,-0.004040902633434786,1.25,0.0165470042095027,1.7777777777777777,-0.005207566616170543,1.8611111111111112,0.09431302429057623,1.0833333333333333,0.03582513067161753
2026-04-21,2026-04,333,323,-0.03768594364510965,-0.02381594475746017,0.06585701955761425,0.12697496573118822,0.06478609485336093,0.6367838652804494,0.0669816823314263,0.03006853610507849,0.043670730874813296,-0.06655777440097005,0.05742558875667893,0.5497275865636766,-0.01722507443595388,0.01192171603831197,0.05595128365735677,-0.0028227491613971667,0.033419008883705595,0.27733210870064795,-0.06337504086584239,-0.009477137173073087,0.04935860731607472,-0.11388262225142681,-0.023430667736914306,0.19888616318348795,1.1388888888888888,-0.026663166979682393,1.7777777777777777,0.025624091660634046,1.8611111111111112,0.007268938260534192,1.5,-0.013227137173073087,1.3611111111111112,0.06138331707558315,1.722222222222222,0.05312003320112337,1.8888888888888888,0.028696786661483373,0.9166666666666666,-0.025722334403580974
2026-04-22,2026-04,410,403,0.028136904869948392,-0.006672938259773886,0.05798516230448024,0.128469852042764,0.04645472442262967,0.5391033770516515,-0.017288342939504094,-0.01219399158736259,0.03707275304750189,-0.09798026087686881,-0.019845827001903016,0.5118980187922716,-0.07690285297905894,-0.022741513977853272,0.0548189524470324,0.03271791492208642,0.012031326970453966,0.3046747796237469,-0.04726543983445296,-0.04635385708983014,0.054045366962391206,-0.019067074150119726,0.008812248645069607,0.18996209772303702,1.325,-0.009985438259773886,1.825,-0.01675649158736259,1.75,-0.027116513977853272,1.55,-0.050228857089830145,1.45,0.04282972442262967,1.725,-0.024158327001903016,1.85,0.007406326970453966,1.125,0.005999748645069607
2026-04-23,2026-04,403,394,-0.09122617754164587,-0.050799743501191715,0.05964932171073806,0.1382396544902444,0.0474109022066711,0.5087812895385119,-0.15221586970975817,-0.034300690225859604,0.04076971238615027,-0.09843783610844033,-0.004589981356938576,0.42832639168661374,-0.034667582902136736,-0.026920374874690834,0.04986721574679808,0.014981476666980797,0.009005232782049115,0.2687236660948167,-0.023022983013830437,0.01612545266885411,0.05233302899490136,-0.04191025561576194,0.02288168163995568,0.19211802860865224,1.375,-0.05423724350119172,1.875,-0.0389881902258596,1.675,-0.031107874874690834,1.6,0.01212545266885411,1.525,0.043598402206671105,1.85,-0.009214981356938576,1.875,0.004317732782049115,1.075,0.02019418163995568
2026-04-24,2026-04,326,325,0.03521983279286144,0.0074400287533177255,0.05959117493488011,0.13081798147819423,0.03700844612913777,0.49347742728423327,0.04290160605263355,0.038275608348268,0.03735853692414981,0.12928880330078224,0.04339318095868854,0.4227732682484202,-0.09672954613349728,-0.03329348085768076,0.041256928980139176,-0.05867524494417048,-0.02174237067626839,0.31428688997402787,0.03349771183395318,0.020906200364854646,0.03942067627675422,-0.06027163583306995,0.00785394835357536,0.13933114358223975,1.3076923076923077,0.004170797984086956,1.8205128205128205,0.03372432629698595,1.7435897435897436,-0.03765245521665512,1.7179487179487178,0.01661132856998285,1.564102564102564,0.03309818971888136,1.8205128205128205,0.03884189890740649,1.8205128205128205,-0.02629365272755044,1.358974358974359,0.004456512456139462
2026-04-27,2026-04,376,363,-0.061044644790600296,-0.03242021251424698,0.07462769385933271,0.04213262837251705,0.0235059631431199,0.5931632630009618,0.09767772857353911,0.017802276179736926,0.03795797183003414,0.021058641552213736,0.009247209918275432,0.4252743133240276,-0.010713697765883972,-0.017910070700231876,0.04890547778022507,-0.01573734498207266,0.013579600272240751,0.30012721257905167,-0.01275523593377007,-0.021701336422306414,0.045019653097196105,-0.04422766771418641,0.006996322887204849,0.17130406418194374,1.2777777777777777,-0.035614656958691426,1.8333333333333333,0.013218942846403594,1.7777777777777777,-0.02235451514467632,1.6944444444444444,-0.025937447533417524,1.4444444444444444,0.01989485203200879,1.8055555555555556,0.004733321029386543,1.8888888888888888,0.00885737805001853,1.1111111111111112,0.0042185451094270705
2026-04-28,2026-04,380,373,-0.09720981447239939,-0.008268193272518726,0.07617025352208018,-0.09298708512706569,-0.021341973894799735,0.5626914761457089,0.07213838439242344,0.02317146290697978,0.04573693281563897,-0.007232538042035774,-0.027406217271755327,0.5692209844552988,-0.011760834385471106,-0.0027576653686074946,0.054251144887514355,-0.0803925963913586,-0.0477344119226316,0.25502771642562505,0.06951702902155978,0.0243470359598928,0.052368078367576766,-0.07174725295152576,-0.02227247841233979,0.202831842609354,1.2432432432432432,-0.011376301380626834,1.7837837837837838,0.01871200344752032,1.6486486486486487,-0.006879286990229117,1.6756756756756757,0.020157846770703612,1.3783783783783783,-0.02478791984074568,1.7297297297297298,-0.03173054159607965,1.864864864864865,-0.052396574084793764,1.054054054054054,-0.024907613547474925
2026-04-29,2026-04,512,504,-0.05810276976688296,-0.00625509927944088,0.0555262843215502,-0.09146054705828498,-0.036128694184766115,0.5044078353792429,0.04228514367494282,0.011565342710692813,0.03691916433584505,0.13014367770656804,0.0517775153465489,0.5120196251943707,0.0207404843073295,0.01493969416387177,0.04947741025608185,-0.0160282269600943,-0.0054566610482673665,0.2573706915229559,0.04046396046086877,0.007202592963910076,0.04180377985208639,0.018422286452432452,-0.029319634011018888,0.1759422229975462,1.26,-0.00940509927944088,1.74,0.007215342710692813,1.76,0.010539694163871769,1.6400000000000001,0.0031025929639100754,1.5,-0.03987869418476611,1.8,0.0472775153465489,1.82,-0.010006661048267366,1.32,-0.03261963401101889
2026-04-30,2026-04,524,509,0.0068054656322880476,-0.011701826607490879,0.06137434980978153,-0.054125202516310776,-0.03507960116255749,0.7010429647623324,0.08088166939688782,-0.0029343207065825536,0.034901339739891714,0.08656795962375714,0.03740875927432561,0.4852941580591541,0.033372978921059386,0.01962020311375009,0.04445654789576141,0.006127387711612603,0.012560097222381876,0.23838260119744376,0.04625649772410241,0.0036828955646993587,0.03814301142255759,0.14532382801178503,0.02494744538150364,0.17707019993195347,1.2549019607843137,-0.014839081509451664,1.7843137254901962,-0.007395105020308044,1.7450980392156863,0.015257458015710873,1.7058823529411764,-0.0005818103176535826,1.5490196078431373,-0.038952150182165336,1.8235294117647058,0.03284993574491385,1.9607843137254901,0.007658136438068151,1.1568627450980393,0.022055288518758542
2026-05-01,2026-05,445,434,-0.003446977720574402,0.000992633503959249,0.06171724504148325,0.0743488386953723,0.004151885963547262,0.625146480190546,0.0398015795594381,0.01518260833792711,0.04482491286179015,-0.0936232008319407,-0.02584283639053786,0.5327715743766275,0.08738655060491654,0.03390239443086793,0.04749022017318279,0.12228167516234591,0.0029336657877857214,0.30212366225761034,0.045829313561537216,-0.00352571108909662,0.0412328630164803,0.18313463479178685,0.03204151942439361,0.14323175222028134,1.4705882352941175,-0.0026838370842760446,1.8823529411764706,0.010476725984985934,1.784313725490196,0.029441610117142438,1.7058823529411764,-0.007790416971449561,1.5294117647058822,0.0003283565517825564,1.784313725490196,-0.03030362070426335,1.8627450980392157,-0.0017231969573123177,1.7647058823529411,0.027629754718511257
2026-05-04,2026-05,443,434,-0.03242509037575702,-0.03775256711764881,0.06490483985003598,-0.043173042870240416,0.02379812003232511,0.6021567751155343,0.10417765469002367,0.006941868430448484,0.03727014610530846,-0.0049765950571694475,-0.03515765760495272,0.4708465482433175,-0.01102794558057968,-0.04641086224388634,0.05195609402671932,0.014686144624607234,-0.004439246897167852,0.2640140741890253,-0.02941438929861833,-0.03772117197376701,0.04514438209370805,0.10247167226716108,0.05096785537110471,0.15509474719333094,1.0465116279069768,-0.04036884618741625,1.744186046511628,0.002581403314169414,1.7674418604651163,-0.05082946689504913,1.5813953488372092,-0.04167466034586003,1.302325581395349,0.02054230607883674,1.744186046511628,-0.03951812272123179,1.813953488372093,-0.008974130618098083,1.627906976744186,0.04689808792924424
2026-05-05,2026-05,554,538,-0.00470360359772232,0.012987546052564126,0.058805584118233875,-0.038073347957733095,0.0011491540721127493,0.48452208356724846,0.06670998747614425,0.03656815954717473,0.033301520777503715,0.04250931671169685,0.024631916284568237,0.4552482623192999,0.008293527482035958,0.01008102962061547,0.04728740680247727,-0.055921585081206704,-0.05369157582798353,0.27512160819713716,0.06725133801703476,0.04600887007387664,0.043730635064930835,0.08433524233917233,0.03887801111069081,0.14096495781645732,1.3148148148148149,0.009700509015527088,1.8703703703703702,0.03189223362124881,1.7037037037037037,0.005821770361356211,1.6851851851851851,0.04179590711091368,1.2407407407407407,-0.0019526977797391025,1.8703703703703702,0.01995599035864231,1.9259259259259258,-0.05850639064279834,1.5555555555555556,0.03498912222180192
2026-05-06,2026-05,435,427,-0.02921179456756944,0.013307380517636755,0.07271911198385009,-0.01997807451624839,-0.02567708490244853,0.5662566814138446,-0.03329994552864457,-0.03051168051222495,0.057524094420515474,-0.06562449863143346,-0.044636661512314095,0.6697342780440353,0.03847197477581671,-0.023898567641090468,0.062387539222657246,-0.08319379488181117,-0.027892075314575073,0.2592639152047246,-0.03061972275222518,-0.01211642805399852,0.056446248732117205,0.018895321979107496,0.007248450911790192,0.19207973405718803,1.3518518518518519,0.009927750888007125,1.8518518518518519,-0.03514131014185458,1.6481481481481481,-0.02801893801146084,1.6296296296296295,-0.016190502128072593,1.2962962962962963,-0.02891782564318927,1.8703703703703702,-0.04931258743824002,1.7777777777777777,-0.032336519759019515,1.4074074074074074,0.0037299323932716735
2026-05-07,2026-05,615,598,0.021744193165492757,0.019582095125662478,0.06731601328249627,-0.039802919730622915,-0.031951773817213196,0.5380868724547326,0.021181993045471963,0.028856170204195092,0.04310369358635402,0.04370783126870472,0.004130149038556203,0.7123859486853084,-0.017944611994028057,0.040254782488498085,0.05595895552911904,-0.06729371367490061,0.00850675593222484,0.2586282420903444,-0.060910865570434965,0.009341698777860926,0.054284499783248966,-0.027477071272256782,0.02508931924410813,0.1671021873752276,1.4666666666666666,0.015915428458995812,1.9,0.02410617020419509,1.8499999999999999,0.03562978248849809,1.75,0.004966698777860925,1.3,-0.0352017738172132,1.8666666666666667,-0.0005365176281104632,1.8833333333333333,0.0037984225988915068,1.75,0.020714319244108128
2026-05-08,2026-05,355,347,0.02113722134750993,-0.03824905170299106,0.07095417416267825,0.06240340538757205,0.007863793533579945,0.4643948914749282,0.051585709541022304,0.032172428775059964,0.07643314387270099,0.015185379869283854,0.06837925038517055,0.685050487944058,0.10147979861649424,-0.006298263930346448,0.06505716136057031,-0.07698466556336687,-0.054226070461575196,0.23385915532708168,0.11417276080027444,-0.046569959511587,0.05212236089339148,0.20573975178436837,0.10265364360513865,0.1695808808718409,1.6166666666666667,-0.042290718369657726,1.9,0.027422428775059963,1.8166666666666667,-0.010839930597013114,1.8166666666666667,-0.05111162617825367,1.5,0.004113793533579945,1.8166666666666667,0.06383758371850388,1.9166666666666665,-0.05901773712824186,1.7833333333333332,0.09819531027180532
2026-05-11,2026-05,444,429,0.11310653877287209,0.04404954484872127,0.06560739542573764,0.0406866895537593,0.03579316227134541,0.6667159194516581,0.00988871852127975,-0.035307222115077225,0.049432619695633256,-0.0006398202895641029,-0.04486703290206469,0.5982169533191726,0.059256349204254676,0.014789088487430796,0.07011358896927194,0.020542446921832526,-0.0050986752884106465,0.46604269465734793,0.07604482276634648,0.010570458630894453,0.061570459054039635,0.031627182073307655,-0.0032524995396787035,0.20850216510683992,1.4883720930232558,0.04032861461616313,1.813953488372093,-0.03984210583600746,1.744186046511628,0.010428623371151725,1.6511627906976745,0.006442551654150266,1.3255813953488371,0.032479208782973314,1.8372093023255813,-0.04946005615787864,1.813953488372093,-0.009633559009340879,1.6511627906976745,-0.00738040651642289
2026-05-12,2026-05,367,365,0.0232572634871354,0.011437043498217087,0.08544260823142694,-0.043403977378902614,-0.008775984269199316,0.5880760360095236,-0.12574737527766808,-0.023779730795294968,0.05214535959592584,-0.10319434636915098,-0.008394979189189578,0.8425897111495335,-0.08198226952743537,-0.0677334052240062,0.06713862990011538,-0.00490179209824997,-0.013680341922048624,0.46392482715762323,-0.03947543307784325,-0.026897940873803115,0.055704493658082374,-0.04527909523378624,-0.008305172578864609,0.17019327554023927,1.3023255813953487,0.008181229544728715,1.8604651162790697,-0.028430893585992642,1.697674418604651,-0.07197759127051782,1.6744186046511627,-0.03108398738543102,1.3255813953488371,-0.012089937757571409,1.697674418604651,-0.012639165235701206,1.8372093023255813,-0.01827336517786258,1.5116279069767442,-0.012084242346306468
2026-05-13,2026-05,406,396,0.02970646418922281,0.003056156311081415,0.06991562236316286,-0.14686383651900894,-0.06081645282110246,0.6375740356743336,-0.0211627648750846,-0.010352171523892863,0.05242492854164484,-0.008089433443494234,0.001169205186448953,0.6232722052372992,-0.04106166911410699,-0.005887582405496888,0.07386016863636999,0.04627906007216352,-0.000532140615664381,0.3050620947033167,-0.04908365818051187,-0.010217382211828246,0.05841118037936099,-0.17933177243522072,-0.013592368937320493,0.20346078993752598,1.45,-0.0005688436889185852,1.85,-0.014977171523892864,1.8,-0.010387582405496889,1.675,-0.014404882211828247,1.3,-0.06406645282110246,1.8,-0.0033307948135510466,1.775,-0.004969640615664381,1.525,-0.017404868937320492
2026-05-14,2026-05,376,365,-0.11287205824256448,-0.02506660700198806,0.08474530214321108,-0.0220644505897624,-0.01803237081563413,0.6577502215902011,-0.02291984500079629,0.015102357370960572,0.040455745371149605,-0.045858890202890225,-0.00234776064859208,0.6885132148551445,-0.13779367559081662,0.008368859620279775,0.07358454755178401,0.01994378915288673,0.01702859714691751,0.2670160045640336,-0.13243456176985158,-0.012106325610539863,0.06843036108738312,-0.16986601952706135,-0.026046426859956364,0.20163814237134325,1.4,-0.02856660700198806,1.825,0.010539857370960571,1.65,0.004243859620279775,1.575,-0.016043825610539863,1.15,-0.020907370815634128,1.825,-0.00691026064859208,1.7,0.012778597146917509,1.5,-0.029796426859956364
2026-05-15,2026-05,369,361,-0.06859648619987962,-0.0038192661703323784,0.07833096581665225,-0.02143246109311857,0.011598399366898108,0.6210855071743329,-0.018455527619755996,-0.002703631126695312,0.038472153442474406,0.0390159787228417,-0.013520029894917872,0.5765044047600694,0.04050877494673889,0.035592093864717726,0.07129608997061705,0.05707775644148921,0.00811444879997488,0.2796420603990555,0.032799890229559224,0.028897908623603495,0.05782503225195339,0.06361645314455494,0.00235819276394561,0.21151729300618172,1.3333333333333333,-0.007152599503665711,1.722222222222222,-0.007009186682250867,1.611111111111111,0.03156431608693995,1.4166666666666665,0.02535624195693683,1.0277777777777777,0.009028954922453664,1.6944444444444444,-0.017756141006028982,1.8888888888888888,0.0033922265777526573,1.4444444444444444,-0.0012529183471655003
2026-05-18,2026-05,317,313,0.012504529944344783,0.009743270122148637,0.06403001730416681,-0.022955987399785577,-0.012962957809140765,0.6024244797806586,0.04261311758145403,0.05333670343441583,0.044341717189705344,0.08482766838336848,0.0221359805854787,0.6002160253063324,-0.02323324636342472,-0.030167756810581585,0.06131607654904439,0.014861231135277512,-0.0155123596198917,0.2645643193635248,-0.020844148065327636,0.017432772532804633,0.0646835921723101,-0.019085663225290237,0.007407036398202254,0.16977616183219418,1.5,0.005993270122148637,1.7777777777777777,0.048892258989971384,1.8333333333333333,-0.03475109014391492,1.6666666666666665,0.013266105866137967,1.3611111111111112,-0.016365735586918544,1.8333333333333333,0.017552647252145368,1.9166666666666665,-0.020304026286558367,1.5555555555555556,0.0035181475093133646
2026-05-19,2026-05,322,316,0.023649426408001984,-0.0007950884971133915,0.06004179855495127,0.16608477476407274,0.009627486829723864,0.5264381733722985,0.0617436455205422,0.07393375335450639,0.03858644342603528,0.1847449500987388,0.07789255986973538,0.7537631894811057,0.01018201593527911,0.0210278420703459,0.05021617440947507,0.02287484852149975,0.0026031818267573115,0.18138053035363555,-0.05035727636081399,-0.016550672890787585,0.04187698843933582,0.16348319947752835,0.09577016385110103,0.11500173935201019,1.53125,-0.004623213497113391,1.71875,0.06963687835450638,1.65625,0.0168872170703459,1.71875,-0.020847547890787584,1.125,0.006814986829723864,1.71875,0.07359568486973538,1.90625,-0.0021624431732426884,1.5625,0.09186391385110103
2026-05-20,2026-05,329,326,0.13607316399220915,0.008938021045535455,0.055127996899246676,0.08307543520309478,-0.01976554714825117,0.49223583846381214,0.01399809531746927,0.007525545586670967,0.0407684621375345,0.049075982612083985,0.03958909267940873,0.6609583009373058,0.06795604499288983,-0.0028892184083419703,0.04282746629825181,-0.05227458063472594,-0.09374731858169957,0.19173718988895416,0.0894749256970326,0.01826808021740646,0.04212822736141702,0.21616131662836385,0.1199137076557059,0.1163910310150999,1.303030303030303,0.005680445287959697,1.8181818181818181,0.0029800910412164216,1.7878787878787878,-0.00735891537803894,1.8181818181818181,0.013722625671951915,1.1818181818181819,-0.022720092602796622,1.696969696969697,0.03534666843698449,1.878787878787879,-0.09844428827866927,1.393939393939394,0.11642885917085742
2026-05-21,2026-05,322,316,0.011891298147608666,0.00817620457865513,0.0579469761428631,-0.05792710377420713,-0.024785617415356218,0.48210894246585667,0.08616618927611547,0.059499974168632785,0.03757310316384295,0.050155966404157676,0.05040703108311001,0.5810100308153778,-0.005526101028319538,-0.022803136938112242,0.05383882712532875,-0.06495042252235268,-0.021841866142910595,0.1882327914936468,0.08837969628279893,0.018105129210827686,0.049080164663098946,0.09732094895316068,0.05303610956483448,0.1400717400247231,1.4545454545454546,0.004539840942291493,1.9090909090909092,0.05472724689590551,1.696969696969697,-0.027045561180536484,1.6363636363636365,0.014014220119918595,1.121212121212121,-0.02758864771838652,1.9393939393939394,0.04555854623462516,1.8484848484848486,-0.026463078264122718,1.4848484848484849,0.04932398835271327
2026-05-22,2026-05,262,261,-0.0013214737651926947,0.08433865986064519,0.06621058911099004,0.021082527554612963,-0.021424140456703163,0.5172511637210846,-0.026642560618377064,-0.01474617023221729,0.0404867278264806,0.009938246289573934,-0.024587234137301486,0.5457190103255786,0.17418198572034332,0.07106427776141873,0.04583010191747314,0.031687679801001595,0.008843056982090744,0.18034133730599514,0.16094789803600507,0.07258210480863435,0.044414832468625064,0.1583549936928903,0.0509637547315609,0.14061911762333834,1.34375,0.08097928486064519,1.84375,-0.01935554523221729,1.71875,0.06676740276141872,1.71875,0.06828522980863434,1.25,-0.024549140456703162,1.78125,-0.029040359137301484,1.8125,0.004311806982090744,1.5625,0.0470575047315609
2026-05-26,2026-05,399,397,0.04991612196319946,0.03559185962752865,0.06355369779029783,0.011697396758227226,-0.013221909269920618,0.6002656726166606,0.015811197490123025,-0.042289524763781595,0.034567417901688435,0.010557424191617372,-0.01592701256521214,0.5782033385708928,0.047001267946937174,0.0028851943745282077,0.04722085629950516,-0.045123550081233234,-0.015335503144252902,0.22855991758406163,0.04968583753758637,-0.012594943845673286,0.05430070323253578,0.07162579816375109,0.03360148919543529,0.1566093720495701,1.35,0.03221685962752865,1.875,-0.04697702476378159,1.8250000000000002,-0.0016773056254717929,1.8,-0.017094943845673286,1.25,-0.016346909269920617,1.7000000000000002,-0.02017701256521214,1.8250000000000002,-0.019898003144252902,1.7000000000000002,0.02935148919543529
2026-05-27,2026-05,284,281,0.11140931510581062,0.057672534510653614,0.06846745623652979,0.090614956242944,0.015530431446633693,0.6441883428820542,-0.07198763502259152,-0.0275599486798069,0.04457711899874575,-0.15008318825608538,-0.05381142238272172,1.0148924424179964,0.0018335791202487382,0.02888324817150563,0.04905909956449822,-0.03958068664918655,-0.0058139793373681945,0.23362852566476378,0.017968551498688992,0.04056936717102811,0.060599679789412206,0.08321515479336873,0.029445343991096825,0.16374165721104614,1.375,0.05423503451065361,1.85,-0.032184948679806896,1.725,0.02457074817150563,1.65,0.036444367171028114,1.3,0.012280431446633693,1.75,-0.05818642238272172,1.875,-0.010501479337368193,1.6,0.025445343991096825
2026-05-28,2026-05,282,279,0.10173719312036314,0.07186313115753823,0.07804029718625997,0.1411632283019418,0.059866624364148135,0.6711377549384321,0.04758255699520129,-0.01784232349536116,0.063838036860302,-0.08347067099138537,-0.028657993103447146,0.6794223093560764,-0.02068583931692718,0.009313051089565979,0.07496736240800043,0.012704741382193456,-0.01161930977720313,0.24724998138844967,-0.024366294670269354,0.03514977907762459,0.06799006211053726,0.04851078812740112,-0.019959537002699014,0.2208779202774167,1.25,0.06873813115753823,1.9285714285714284,-0.02266375206678973,1.7142857142857142,0.005027336803851694,1.4285714285714284,0.03157835050619602,1.0714285714285714,0.05718805293557671,1.75,-0.03303299310344715,1.75,-0.01599430977720313,1.6428571428571428,-0.024066679859841872
2026-05-29,2026-05,236,234,0.11972136378368262,0.05069788319736443,0.09665228832345288,-0.025655164858239717,0.033975454658901026,0.6931983906289805,0.023432355523786877,0.013843343855899382,0.040853228266251936,0.012752193636535162,0.0006859526901701767,0.8033691651147344,-0.04745489906168079,-0.009284552961982235,0.07232296652912276,0.011139970876489842,0.005749380035773695,0.24977701060149982,-0.08822688949042987,-0.03721423376049054,0.07025918879478252,-0.03185509456011175,-0.036704656605663494,0.16409635317066443,1.3928571428571428,0.04721574034022157,1.857142857142857,0.00920048671304224,1.75,-0.013659552961982235,1.7142857142857142,-0.041499948046204826,1.3214285714285714,0.0306718832303296,1.7857142857142856,-0.0037783330241155373,1.9285714285714284,0.0009279514643451238,1.5357142857142856,-0.040543942319949205
2026-06-01,2026-06,300,299,-0.049782775364170716,0.02814401616572293,0.09396023779147579,0.008520539117101301,-0.01790949708642464,0.5313302308321,-0.06538787674355685,-0.013668224196396989,0.04485742918712495,0.00718062354649292,0.005065384829586364,0.44243806650241213,-0.09892154357270637,0.0059452764615643555,0.0628428300454378,0.1169066322959144,0.02419743914645708,0.302819116661946,-0.22472605251169459,-0.03975625175419227,0.0650564848308248,-0.3800504450049445,-0.11962383746330484,0.1712329192707936,1.5999999999999999,0.02414401616572293,1.7666666666666666,-0.018084890863063655,1.7999999999999998,0.0014452764615643559,1.8333333333333333,-0.044339585087525606,1.6333333333333333,-0.021992830419757976,1.7333333333333334,0.00073205149625303,1.8666666666666667,0.019530772479790414,1.7666666666666666,-0.1240405041299715
2026-06-02,2026-06,262,261,0.05101969666488847,0.041318938201448135,0.09809294488645035,0.06212661526897713,0.012181015438032725,0.5062308592291979,0.020803793238698354,-0.011443228207965055,0.04930660661506775,0.048719393167576744,0.009142842251174885,0.6075779146586473,-0.007393380487360593,0.005869955896965887,0.06470328448335808,0.06088888043715059,-0.042259039898727944,0.25504397686857444,-0.05657382320942974,0.009995150844603132,0.07367106331902674,-0.2501662267870506,0.0022682305847226414,0.14712625433905765,1.1666666666666667,0.03840227153478147,1.7333333333333334,-0.01577656154129839,1.6333333333333333,0.0017866225636325528,1.6666666666666667,0.005828484177936464,1.2333333333333334,0.00909768210469939,1.8,0.004642842251174885,1.9000000000000001,-0.04700903989872794,1.6666666666666667,-0.001898436081944026
2026-06-03,2026-06,251,250,-0.007112122936824132,0.00685013763131663,0.09726125476708249,0.007517359134889015,-0.006981018573869291,0.5655602651834488,-0.022157718542047587,0.03083230435849322,0.046056117684741736,-0.034680128865345945,0.041859044316571475,0.7820357155799866,-0.02745437298425346,0.014730353446896993,0.07338169631209898,0.11454145323468033,0.043348106396478826,0.1626775635778904,-0.05486017833428192,0.010318326925476476,0.0763353114591384,-0.361800796812749,-0.0705745434657897,0.19871290758252144,1.0769230769230769,0.004157829939008938,1.653846153846154,0.026697688973877833,1.7307692307692308,0.010403430369973916,1.7307692307692308,0.005991403848553399,1.1153846153846154,-0.00976948011233083,1.7692307692307694,0.03743596739349455,1.8846153846153848,0.038636567934940365,1.653846153846154,-0.07470915885040509
2026-06-04,2026-06,254,253,-0.022409364604825465,0.002956151475325651,0.09546901483430151,0.006430659780640649,0.014811187943714582,0.538246318101883,-0.2200339740126779,-0.09694553113055698,0.04268001490226116,-0.1746078945126046,-0.04847810465438931,0.47784144356846814,-0.18925944511338003,-0.0535192174935788,0.061359410758611545,-0.061020418251020184,0.011713369024512983,0.24537247881293295,-0.048658524752529624,-0.00265258067236461,0.06596746689318994,-0.2612587806900794,-0.07160121448614651,0.16032812759280207,1.04,0.0003561514753256511,1.6400000000000001,-0.10104553113055699,1.52,-0.057319217493578795,1.4000000000000001,-0.00615258067236461,1.2,0.011811187943714583,1.84,-0.05307810465438931,1.72,0.007413369024512983,1.32,-0.0749012144861465
2026-06-05,2026-06,250,247,0.02482484519752316,-0.009270704163095002,0.10569264159453688,-0.0008244611913790621,-2.5236973330129697e-05,0.5526469703763723,0.015947177360775618,0.02184303639070292,0.04701772376962318,0.08391814638743329,0.07483706920464524,0.6887467584013939,-0.10033621664402174,-0.001271521854943428,0.06559865332145885,-0.05541477463639418,-0.0007783880583179673,0.16942997127771378,-0.09098028915284363,0.014255614015447393,0.0809834503091999,-0.17124869197907167,-0.036467374651119315,0.16278490498661996,1.08,-0.011970704163095001,1.72,0.01754303639070292,1.6400000000000001,-0.005371521854943428,1.36,0.010855614015447393,1.28,-0.00322523697333013,1.76,0.07043706920464524,1.76,-0.0051783880583179676,1.52,-0.04026737465111931
2026-06-08,2026-06,284,282,-0.05856531059066321,-0.01516005908832467,0.0973247955142728,0.09523034930079807,0.006202974233345181,0.57352489605546,-0.056071902100694224,-0.04528944211214947,0.044228709534080486,-0.07546271783330061,-0.06626525194746394,0.5417324395052023,0.02257188580624927,0.0214528190582462,0.06322877755819598,-0.046584703049858435,0.010513703309145847,0.1347280228510499,-0.04404414787608027,0.0016049062457944643,0.07351546840477104,-0.26211986134473103,-0.056793199776074645,0.13787331152707338,1.2857142857142858,-0.018374344802610385,1.75,-0.04966444211214947,1.7142857142857142,0.017167104772531916,1.6785714285714286,-0.002591522325634107,1.1428571428571428,0.0033458313762023237,1.6785714285714286,-0.07046168051889251,1.8928571428571428,0.00578156045200299,1.4642857142857142,-0.06045391406178893
2026-06-09,2026-06,273,272,-0.013790524632087535,0.020037306610719317,0.08829871482033354,0.05170768475835028,0.04084028203905688,0.45807355435358155,-0.08776134447996016,-0.02284919524975972,0.045974895721137936,0.0008310699865735419,-0.004733925999445308,0.6680315218313977,0.02456780379139245,0.005885100030474238,0.05907006810814931,-0.014228740345099298,-0.006495918898661528,0.18209461881606667,0.03106554244381638,0.021536062501099535,0.0666589117764675,-0.12428930022317743,-0.016039930421790367,0.14270959739331845,1.2142857142857142,0.017001592325005033,1.7857142857142856,-0.027313480964045435,1.5357142857142856,0.0020458143161885237,1.5357142857142856,0.01769677678681382,1.1428571428571428,0.037983139181914025,1.6785714285714284,-0.008930354570873877,1.7857142857142856,-0.010960204612947243,1.1785714285714286,-0.01898635899321894
2026-06-10,2026-06,288,286,-0.01891509832053338,0.0008414164619908286,0.10114564745649202,0.05852261995185449,0.011801112657173823,0.4455420573980644,0.10018637930083522,-0.008484935680641532,0.048651175301080915,-0.01027396615684832,-0.024133775813744384,0.587907844383655,-0.03038055632338853,-0.0261306220938579,0.07773186821476522,-0.033063871172572326,-0.040119739868999575,0.15713398582462607,-0.04157322900465782,-0.041479651291423864,0.0769686360567532,-0.02778213150396457,-0.008979430888800127,0.13386936370154906,1.379310344827586,-0.0026068594000781364,1.6551724137931034,-0.01262286671512429,1.586206896551724,-0.03009613933523721,1.482758620689655,-0.045186547843148,1.2413793103448276,0.008697664381311754,1.6896551724137931,-0.028357913744778866,1.9310344827586206,-0.044947326075896125,1.482758620689655,-0.012686327440524264
2026-06-11,2026-06,315,312,0.01859265999393388,0.012804965898627476,0.09488251953032442,0.024247973800501414,0.013494441353209527,0.4362093227044228,0.2410306058331411,0.055089751579470575,0.03933713771459138,0.12005139643480499,0.06825562041884536,0.5964596427736745,-0.06191729911477718,0.007012119448526248,0.08051906289445919,0.08269043971696556,0.0584531259945609,0.23829396261322883,-0.016576250753465943,-0.0008027166153152,0.06872490315576138,0.10267561995369784,0.016694701876193593,0.14034351358009922,1.1935483870967742,0.009821094930885541,1.8064516129032258,0.05057362254721251,1.6451612903225805,0.002899216222719797,1.6774193548387097,-0.004996265002411974,1.096774193548387,0.010752505869338558,1.6774193548387097,0.06406207203174859,1.9032258064516128,0.053695061478431866,1.4516129032258065,0.013065669618129078
2026-06-12,2026-06,310,307,0.033007694685822986,0.026180709679479622,0.07705780381502318,-0.020292178529601027,0.023285520222041674,0.4975482235031743,0.031681258698751304,-0.009221887130492906,0.03695074424132117,-0.059284361640209636,-0.02263022305666153,0.6400301634303984,0.056830305038251885,0.033759306380995606,0.05387878287056515,0.08142228327037743,0.02237155393488604,0.17399623749717588,0.006919275787167065,0.009391890323479436,0.05410454680741105,0.09049437928426633,0.028972572878329862,0.11567095751243253,1.161290322580645,0.02327748387302801,1.8387096774193548,-0.013818661324041293,1.6451612903225805,0.029646403155189155,1.5483870967741935,0.005520922581543952,1.096774193548387,0.020543584738170705,1.7419354838709677,-0.02698506176633895,1.935483870967742,0.017532844257466686,1.4838709677419355,0.025262895458975025
2026-06-15,2026-06,339,332,0.01739109006958284,-0.007715300014346369,0.05801438433569052,-0.002227636616776888,-0.007217506816606371,0.44448749314654956,0.14430539544528456,0.02666154377997776,0.044970669986336184,0.003454467915672512,-0.013225971267330869,0.5912661552429199,-0.010035608459875809,0.001200592945192628,0.04774709768772313,-0.07229222945396413,-0.038188993501725485,0.1562098596583713,0.014813384209822361,-0.007167776487580888,0.04471867123124291,-0.03591602007090735,-0.0012502516012211848,0.10374846309423447,1.2424242424242424,-0.010821360620406974,1.696969696969697,0.022419119537553517,1.5757575757575757,-0.0027388009942013107,1.5757575757575757,-0.011107170426974827,1.121212121212121,-0.010020537119636675,1.696969696969697,-0.01746839550975511,1.878787878787879,-0.042885963198695184,1.2424242424242424,-0.004356312207281791
2026-06-16,2026-06,307,301,0.016635851853326465,-0.05730514424250008,0.047243901865971466,0.016518896572546696,0.013107278714335605,0.4098791832725207,-0.053301815358322936,-0.04165582869657851,0.043512596700147184,-0.11854695776560267,-0.05240196451790477,0.624735689163208,0.060978731650435734,0.057464062335541834,0.039347028276699024,-0.10778383014443563,-0.01589583520925698,0.1823400954405467,0.09103351142055875,0.06718143574404264,0.0374142200423959,0.006680137260708251,0.061230237193785966,0.10952883375187715,1.1818181818181819,-0.06025968969704553,1.7878787878787878,-0.04612552566627548,1.606060606060606,0.05344891082039032,1.5454545454545454,0.06331779938040628,1.0303030303030303,0.01053152113857803,1.6363636363636365,-0.05649287360881386,1.9090909090909092,-0.020668562481984253,1.4545454545454546,0.05759387355742233
2026-06-17,2026-06,266,261,0.09425673575501187,0.012575173408381529,0.06718230301640196,0.014078975263046316,-0.000910908306845452,0.4696623098391753,0.06470999404896437,0.058007977726551634,0.046763919924338815,-0.08029897643607546,0.008730949686934114,0.616951474490074,0.0875537370030971,0.00010977755304299001,0.03951470319888403,0.04205202427310591,0.0011131487180532085,0.2020179325571427,0.05364598691981172,0.003334542349864099,0.042223834474928376,0.0016759090858373409,0.009404594467934731,0.1141924146706095,1.3666666666666667,0.009158506741714862,1.8666666666666667,0.05334131105988497,1.7666666666666666,-0.004306889113623677,1.5666666666666667,-0.0005821243168025675,1.3,-0.0041609083068454514,1.8666666666666667,0.004064283020267448,1.9333333333333333,-0.003720184615280125,1.3333333333333335,0.006071261134601397
2026-06-18,2026-06,262,261,-0.028390839359507546,-0.030222418270579,0.06660139841059473,0.026580276542035573,0.012034791188404,0.5528785388630171,-0.09076461257246266,-0.04196077490946519,0.046340986538866064,-0.016449123847763182,-0.006592124164458556,0.6669751675083087,0.058128507923757004,0.01841972494675476,0.04794923277809271,0.05899058537360914,0.08270131705194096,0.20547964452550962,-0.08553282908697477,-0.004974839528087906,0.04581767669992684,-0.022085730332899324,-0.03711531871153847,0.13083988377967706,1.4615384615384617,-0.03387626442442516,1.6153846153846154,-0.04599923644792673,1.7692307692307694,0.013996648023677836,1.653846153846154,-0.009109454912703291,1.2692307692307694,0.008861714265327076,1.8076923076923077,-0.011111354933689324,1.9615384615384617,0.07779747089809481,1.1923076923076923,-0.0400960879423077
2026-06-22,2026-06,407,404,0.006864441955719846,-0.012924302638123466,0.0656594676772395,-0.07250862727536156,-0.018785250323947754,0.49787343107163906,-0.19940428196255527,-0.051169922130994895,0.11881453709667641,-0.10734141353183797,-0.006758185569561648,0.7447296284139155,-0.0380757064327044,-0.010746649393861584,0.05039035454675364,0.045342588446036725,-0.014733219264031507,0.21242309622466565,-0.0576779776183861,-0.0031566758877538295,0.04258289798602588,-0.11135966714060021,-0.020238086357620578,0.13077606526203453,1.4500000000000002,-0.016549302638123466,1.75,-0.05554492213099489,1.7750000000000001,-0.015184149393861583,1.8,-0.007656675887753829,1.35,-0.022160250323947753,1.8,-0.011258185569561648,2.0,-0.019733219264031508,1.5250000000000001,-0.024050586357620578
2026-06-23,2026-06,286,281,0.09632241955733611,-0.007129786175544741,0.05555806125006421,0.051889830323719924,0.006952163741368735,0.4456697569361755,0.030196050681477463,-0.020817963686359978,0.10875206045605891,-0.028028710471344916,-0.009907440751312264,1.01720196900091,0.0507897880783644,0.05597570493990919,0.04670847203080007,0.04303809156183996,-0.021920762711198832,0.20465227615620407,0.053701112751176935,0.012577047094040169,0.042875412761300545,0.0020716125979283874,-0.00963513647265912,0.10982118693313428,1.4,-0.01062978617554474,1.85,-0.025442963686359978,1.675,0.051788204939909196,1.65,0.008452047094040169,1.25,0.0038271637413687352,1.8,-0.014407440751312263,1.9,-0.026670762711198833,1.4749999999999999,-0.013322636472659119
2026-06-24,2026-06,286,282,0.10469890888301886,0.07925645743277242,0.05270725139321718,-0.06084545247377223,-0.030440970595398277,0.5009431040712765,0.13019561779284547,0.020407769382303546,0.1469654780601891,0.13526435364326167,0.009073176907277544,1.5255845127893346,0.15179071913846473,0.06158684878229985,0.037435278208908,-0.03867942566796851,-0.010456724283560346,0.14740225153842143,0.2046072290491591,0.1475186024617564,0.033931421328427365,0.05741037619766368,0.00839526971820367,0.1240194865635463,1.2142857142857142,0.07622074314705814,1.7857142857142856,0.01594348366801783,1.7142857142857142,0.05730113449658557,1.6785714285714284,0.14332217389032784,1.1785714285714286,-0.03338739916682685,1.75,0.004698176907277543,1.9285714285714284,-0.015278152854988916,1.5,0.004645269718203671
2026-06-25,2026-06,271,264,0.027127800689771605,0.011867426931730497,0.06396346625397671,-0.15368280153389768,-0.05988965905018076,0.5753584206104279,-0.03468518300689754,-0.016408472891104687,0.12985524237576915,-0.1636927473793452,-0.03348104335393996,0.9464435737866622,0.03445421218918072,0.01009569824304616,0.04584990158393913,0.06017413115307624,0.0011305166486864937,0.1954913933116656,-0.05451245688927477,-0.013603993198476579,0.04148681904282649,-0.07395569543930733,-0.03820764252270419,0.13787972855453307,1.1428571428571428,0.00901028407458764,1.8214285714285714,-0.020962044319676115,1.75,0.005720698243046159,1.8214285714285714,-0.01815756462704801,1.1428571428571428,-0.06274680190732362,1.75,-0.03785604335393997,1.9285714285714286,-0.0036909119227420775,1.4642857142857144,-0.04186835680841848
2026-06-26,2026-06,262,259,0.07748653754857109,0.02576571815447053,0.08226361818860875,-0.09441915039345622,-0.04448093488718996,0.5156835598441271,-0.044739717658236554,-0.01067288337920113,0.10849277420226358,-0.09545129262930935,-0.08445974074482826,0.6273136775080974,-0.01774965424322119,-0.01858081950458966,0.05900080618880971,0.06032706225472583,0.0015407069329656225,0.1430984064936638,-0.090850070277316,-0.036051189134497036,0.060638207953760626,0.11150122555765626,0.06950801522782535,0.19115129406922138,1.3846153846153846,0.02230417969293207,1.8076923076923077,-0.015192114148431898,1.8461538461538463,-0.023196204119974275,1.7307692307692308,-0.04037811221142011,1.0384615384615385,-0.047077088733343805,1.8461538461538463,-0.08907512536021288,1.9230769230769231,-0.0032669853747266855,1.4230769230769231,0.06595032292013304
2026-06-29,2026-06,282,280,-0.06074329894121358,-0.07692311513005262,0.07277140329300731,-0.09385990564485425,-0.07885187801457519,0.4957693785961186,0.08490808490809858,0.007183827542757652,0.05040549867281455,0.021700034486756444,-0.046020474071419286,0.6500765721180609,0.0784007089077133,-0.0710167621873952,0.05032335491590631,0.036498205657616516,-0.03716921035789633,0.2433822916022369,-0.04650441642661651,-0.06473498030699398,0.050375979972905764,-0.05819780226836555,-0.04429650443071401,0.17857980289097342,1.5357142857142858,-0.08076240084433833,1.6785714285714286,0.00298739897132908,1.75,-0.0753917621873952,1.75,-0.06910998030699399,1.25,-0.08197687801457519,1.8928571428571428,-0.050752616928562144,1.8928571428571428,-0.04190135321503919,1.5,-0.04804650443071401
2026-06-30,2026-06,293,289,-0.15102651467805786,-0.06803940229439892,0.06636302979966582,-0.1648029074643556,-0.04768177967770366,0.5214189316692024,-0.2506271717640576,-0.04111415339885822,0.1293591628282746,-0.162136985920252,-0.011521884575376638,1.026824482556047,-0.021871341458178484,-0.04223879889153824,0.0578022581243389,0.005664746613031112,0.020278481909908275,0.2269300404807617,-0.0821903496075133,0.017174659462364503,0.049120780991798695,-0.29189283829853413,-0.1161064994922674,0.1466737763378127,1.482758620689655,-0.07174629884612306,1.8620689655172413,-0.04576932581265132,1.793103448275862,-0.046721557512227896,1.793103448275862,0.012691900841674847,1.206896551724138,-0.050699021057014,1.6896551724137931,-0.01574602250641112,1.896551724137931,0.015537102599563448,1.379310344827586,-0.11955477535433635
2026-07-01,2026-07,312,309,-0.14765393426416817,-0.02607534869155323,0.058480667970852815,-0.009113294069582657,0.029365355175808794,0.6571283943710788,-0.18065473167040724,-0.03770949426688637,0.09029881985377008,-0.1884930217919927,-0.038491554606966245,2.788173056417896,-0.09212981218672434,-0.0449706943186834,0.04962983665819111,0.08173555998258339,0.05818388428202542,0.22297752696660256,-0.18283524001962925,-0.02945365593105586,0.04087863540050768,-0.18504629545485077,-0.012083825446083593,0.26916120757138534,1.3870967741935483,-0.0295430906270371,1.8709677419354838,-0.04238691362172508,1.6129032258064515,-0.04900295238319953,1.7741935483870968,-0.0338891398020236,1.4838709677419355,0.025655677756453957,1.8709677419354838,-0.043168973961804954,1.9032258064516128,0.05342581976589639,1.3225806451612903,-0.01539027705898682
2026-07-02,2026-07,289,287,-0.1421936523087937,-0.05048425555065094,0.04728782588507821,-0.017149902557371834,0.004414115195057123,0.5132136172775564,-0.050479482408788856,0.007920365860757962,0.0789572756156316,0.15469777529656764,0.05827282758067359,3.2589287017953805,-0.17112267828023706,-0.0646138474479734,0.042024693536666456,0.0004404804518156147,0.04072191336080189,0.16423625113635226,-0.08720743437629755,-0.02821804183050014,0.04180268696018533,-0.22237551207095413,-0.04387684927693038,0.17206562008580256,1.2258064516129032,-0.0535487716796832,1.8064516129032258,0.0034042368284998977,1.8387096774193548,-0.06921062164152178,1.6774193548387097,-0.03241159021759692,1.3225806451612903,0.0011076635821538972,1.8709677419354838,0.05359540822583488,1.9032258064516128,0.03596384884467285,1.2580645161290323,-0.047022010567252956
2026-07-06,2026-07,352,349,-0.09617970949415709,0.00038996594858763806,0.062485855928469836,-0.008266088648524909,0.022968672349193295,0.5722602312053953,-0.028402290353409243,-0.028070323396949093,0.10279963402915576,-0.03368515763154397,-0.006660655375224422,3.0593470471245903,-0.09775627268545116,-0.0009918142596022222,0.0467523970339936,0.11871410773677063,0.04223347223131262,0.22102635822125843,-0.008728051929185073,0.014019954554920874,0.04820112930760194,-0.24645507152589305,-0.04260599213086683,0.24468343279191426,1.542857142857143,-0.0034671769085552195,1.8285714285714285,-0.032641751968377666,1.857142857142857,-0.005634671402459364,1.6857142857142857,0.009805668840635159,1.3714285714285714,0.019540100920621868,1.8,-0.011160655375224423,1.8285714285714285,0.03766204365988405,1.3142857142857143,-0.045891706416581114
2026-07-07,2026-07,287,287,-0.09708990196795075,0.006002688781099476,0.05190563626929423,0.02463847128481275,0.039988776995538676,0.6064083437467443,0.0682963751441073,0.034527976035167725,0.07692095497626042,0.06819230853835688,0.040109442537741194,2.6068439473365914,-0.1666179560553733,-0.020604185621255808,0.0340972641907775,-0.05693341211633895,-0.004581394694442707,0.19088153900771304,-0.14112615027249173,-0.05387720879652777,0.03433764266254565,-0.31019387116948094,-0.05070617812526998,0.16876818798482418,1.2857142857142856,0.002788403066813762,1.9428571428571428,0.029670833178024866,1.7142857142857142,-0.024889899906970093,1.5999999999999999,-0.057877208796527774,1.3714285714285714,0.03656020556696725,1.9142857142857141,0.03532372825202691,1.8857142857142857,-0.009295680408728422,1.1714285714285715,-0.053634749553841406
2026-07-08,2026-07,270,270,0.002820035635300591,-0.026485427781364278,0.06424407450856008,0.013663043693633962,0.011451655056924637,0.5387665640424799,-0.006613385236608878,0.008704096565743965,0.0829000092722006,-0.03274439637847482,-0.009160679165610598,3.1682127526512853,0.06653286404869879,0.007638616388833218,0.040221663774042016,0.11469597967355138,0.029025151846656765,0.18524232037641386,-0.055193258252285125,-0.006850441504434105,0.04018057846477844,-0.002169516118953011,-0.0031096445593957987,0.19467239640653133,1.3103448275862069,-0.029761289850329796,1.7241379310344827,0.0043937517381577584,1.8275862068965516,0.003069650871591839,1.793103448275862,-0.01133320012512376,1.103448275862069,0.008693034367269464,1.793103448275862,-0.013643437786300254,1.9310344827586206,0.024197565639760214,1.1724137931034482,-0.006040679042154419
2026-07-09,2026-07,285,285,-0.24490402110861711,-0.0688883825179102,0.06005821027784839,-0.15422042745986408,-0.03589380700329227,0.5030242325738072,-0.11473172403594735,0.0024545824246373638,0.09672030744180966,0.03037688774841295,0.004375389374027677,2.9278956758124486,-0.08487094817710088,-0.03466667182188269,0.04614762784714259,-0.005320698574960992,0.013398048609419073,0.282064460750137,-0.1722381992667724,-0.059079237721147225,0.043756126795691117,-0.37446334243962115,-0.12422722123941193,0.14931765411581313,1.357142857142857,-0.07228123966076734,1.7142857142857142,-0.0018311318610769213,1.6428571428571428,-0.03877381467902555,1.5357142857142856,-0.06291852343543294,1.1428571428571428,-0.038750949860435126,1.7142857142857142,8.967508831339219e-05,1.9285714285714284,0.008576620037990503,1.0714285714285714,-0.12690579266798335
2026-07-10,2026-07,252,251,-0.1593423032882586,-0.06188356649013441,0.050233101572759,0.018088384275808493,0.008827709693606196,0.5045982488989831,-0.04367960699405582,0.02326741374478336,0.09710415277070275,-0.00235325041353201,0.012221625751804834,2.3434410572052,-0.24525200534207983,-0.05337638233633642,0.042120848849814665,-0.07709422052051534,0.002861341994590677,0.15116135597229002,-0.15898236528757922,-0.056430989066262316,0.033339580819701425,-0.14906082427301898,-0.05257695902601589,0.11490159779787064,1.4285714285714286,-0.06545499506156298,1.8214285714285714,0.018713842316211933,1.6428571428571428,-0.057483525193479275,1.7857142857142856,-0.06089527478054803,1.3214285714285714,0.005524138265034768,1.7857142857142856,0.0077573400375191195,2.0,-0.002138658005409323,1.2857142857142858,-0.0557912447403016
2026-07-13,2026-07,264,262,-0.26520032087863354,-0.05128261591655679,0.0582666496515178,-0.09266348831597415,-0.014784505767763441,0.6167093151463912,-0.1865016855871556,-0.04671935682996973,0.07195149384897784,-0.129742883540159,-0.05744649109572676,1.495444720181135,-0.08513491986756042,-0.0038559499299675136,0.030441923351761598,-0.009058951666025343,0.023537751295042472,0.1782256023815045,-0.1254873711899545,-0.0610714907253522,0.029451050369394847,-0.0014296056192892408,-0.005467029682453189,0.1258857691517243,1.1923076923076923,-0.054263385147326024,1.7692307692307694,-0.051142433753046654,1.6153846153846154,-0.007894411468429053,1.6923076923076923,-0.06530225995612143,1.1153846153846154,-0.01757296730622498,1.7692307692307694,-0.06186956801880369,1.8846153846153846,0.01882621283350401,1.0384615384615385,-0.008063183528607036
2026-07-14,2026-07,252,249,-0.21857535039589432,-0.07257776940691592,0.04873463703094095,-0.14809424076702787,-0.0520662868671196,0.7305830639600753,-0.10643153544395005,-0.053459596352086934,0.0831069468652002,-0.17534908156051937,-0.018467913655601922,3.044369202852249,-0.005027883946990131,-0.007467294749529459,0.028236028086702992,-0.20504843040786225,-0.013939183505999972,0.19052423655986783,-0.04142211504068424,-0.060275034603826536,0.03278083251401137,-0.11297628983407608,-0.0015228640707863547,0.13560034319758416,1.3076923076923077,-0.07584700017614669,1.6923076923076923,-0.057690365582856167,1.8846153846153848,-0.01217883321106792,1.8076923076923077,-0.06479426537305731,1.0,-0.054566286867119604,1.7692307692307694,-0.022890990578678848,1.9615384615384617,-0.018843029659846126,1.1923076923076923,-0.004503633301555586
2026-07-15,2026-07,268,265,-0.09508449565380565,0.026408124893852733,0.054810552313803794,0.011418618033012749,0.029220741737554845,0.5265327901221238,-0.16261200232401357,-0.05445667628201677,0.07986711954028208,-0.11629589640900614,-0.013908138522758054,2.6316238653201327,-0.07755446068600234,-0.005274356934384404,0.03575096484427743,0.041211385950661046,-0.029551786494258728,0.22683690144465518,-0.11313508893442649,-0.00015060269942505618,0.02965563759766167,-0.006313406028626343,-0.005788380731627291,0.17529363084871033,1.3076923076923077,0.023138894124621962,1.6153846153846154,-0.058495137820478306,1.7307692307692308,-0.009601280011307481,1.7692307692307694,-0.004573679622501979,1.3846153846153846,0.025759203276016385,1.7307692307692308,-0.01823506159968113,1.9230769230769231,-0.03435947880195103,1.0769230769230769,-0.008480688423934983
2026-07-16,2026-07,289,288,0.026176271725728832,0.02977120281083734,0.05457002331633065,0.12224227419162391,0.007265679833533056,0.7522534383782025,0.08606792474718868,0.03796949009846255,0.10371866776126594,0.07315811741860548,0.022903913050383504,2.8103300548832992,-0.025752203832131965,-0.015335239408528534,0.043881004876225815,0.08534681621127152,0.002315706125659172,0.18570447147920213,-0.06729904943721911,-0.020397262222278473,0.04538285888550599,-0.16339140118522053,-0.026961185640633347,0.17878594724782582,1.103448275862069,0.027012582121182165,1.6896551724137931,0.03374535216742807,1.8275862068965518,-0.019904204925769914,1.6896551724137931,-0.024621400153312954,1.4482758620689655,0.003644990178360642,1.793103448275862,0.01842115442969385,1.8620689655172413,-0.002339466288133931,0.9655172413793104,-0.029374978744081622
2026-07-17,2026-07,304,303,0.23894019255247353,0.04940142387535605,0.07030906368792564,0.14027797948043294,0.07595001828893458,0.5685042376319567,0.06209331864547428,0.018273253065325505,0.1041617988225792,0.09152267373777229,0.017402669128045715,2.4525487224260965,-0.028792745538574565,-0.031478187608133396,0.05604842418175779,0.21192731870253462,0.0030451939472269807,0.2068365685641766,0.13123148703127208,-0.022013310000744295,0.04858476403695759,0.2532641659334182,0.03922608453405068,0.2087564485768477,1.2666666666666666,0.04623475720868939,1.6666666666666667,0.014106586398658838,1.7,-0.0357281876081334,1.6666666666666667,-0.02617997666741096,1.2666666666666666,0.07278335162226791,1.6666666666666667,0.013236002461379048,1.9666666666666666,-0.0018714727194396857,1.3,0.03597608453405068
2026-07-20,2026-07,331,331,0.09337747254142716,0.014812548780900006,0.05958044349694887,0.060373325215169936,0.03879393888439185,0.4845307868990031,-0.00921170611004999,0.020721733405754388,0.08507198509433497,-0.027556689851423052,-0.034488708915256495,2.2072526184898433,0.008562125458714837,-0.01861992664686271,0.04972398474525604,0.032958309480713294,0.03321422956842353,0.2036896122224403,-0.017317498502662117,-0.0364663582869392,0.036692822330019775,-0.12373305360965973,-0.007814297655375637,0.16880690086294303,1.2424242424242424,0.011706488174839401,1.7272727272727273,0.01640355158757257,1.8181818181818181,-0.023165381192317258,1.5757575757575757,-0.040405752226333136,1.121212121212121,0.03599090858136155,1.7878787878787878,-0.038958405884953466,1.878787878787879,0.028517259871453832,1.0909090909090908,-0.010541570382648364
2026-07-21,2026-07,337,336,-0.13288575242583364,-0.03423040442542005,0.04707281608004375,-0.08298948906095913,-0.019642604737113295,0.4148140681140563,-0.1626177711607933,-0.03069931023982602,0.09797170446737039,-0.010484183129213747,-0.002243074546787042,2.40718884634621,-0.10034449617796536,-0.039560012218385274,0.032126047113990044,-0.1277420893216222,-0.02228298639824169,0.18201687296523766,-0.09400562227419554,-0.030840293199456373,0.033423328115730594,-0.22861850910733084,-0.006474529212527388,0.13927713858292384,1.1176470588235294,-0.037024522072478874,1.7941176470588236,-0.03518460435747308,1.7058823529411764,-0.043824718100738215,1.5882352941176472,-0.03481088143475049,1.1470588235294117,-0.022510251795936825,1.7058823529411764,-0.006507780429139983,1.911764705882353,-0.027062398162947573,1.1176470588235294,-0.009268646859586211
2026-07-22,2026-07,399,397,-0.2281943172026116,-0.06950693664886654,0.04846667308176818,0.01950835094213319,0.01633178370792859,0.4196080146823078,-0.2961697792708203,-0.07107212483737547,0.0770299122738103,-0.08470112242579132,-0.04203262167103772,2.046537274122238,-0.23973091394292081,-0.08366147035122133,0.040199340117395316,-0.06798164072154203,-0.028307264806340656,0.18636361248791217,-0.2413171232722413,-0.08738001597829523,0.032987464787612775,-0.07286007447293215,-0.002456709356237735,0.15960253719240428,1.2,-0.07250693664886654,1.65,-0.07519712483737548,1.875,-0.08834897035122133,1.65,-0.09150501597829523,1.35,0.01295678370792859,1.9000000000000001,-0.046782621671037715,1.9000000000000001,-0.03305726480634066,1.2,-0.005456709356237735
2026-07-23,2026-07,398,396,-0.27835485065689286,-0.11963352881555418,0.03968116004802848,0.025133433361264473,-0.015127033861469255,0.48169197132810954,-0.1962063285390869,-0.08230863679843903,0.09225540227786844,-0.05218971566045344,-0.04741981403137829,2.441794250905514,-0.24907602010145544,-0.13087842435759786,0.027559393471619287,-0.04692027241566983,-0.0011536267418047973,0.196426017396152,-0.18990362790102744,-0.08673232408071378,0.03144473804838546,0.08329159686862556,0.05652972377370507,0.12090288205072285,1.05,-0.12225852881555418,1.875,-0.08699613679843902,1.875,-0.13556592435759787,1.5750000000000002,-0.09066982408071378,1.1500000000000001,-0.018002033861469254,1.8250000000000002,-0.05198231403137829,1.875,-0.005841126741804797,1.2000000000000002,0.05352972377370507
2026-07-24,2026-07,310,308,-0.11624869036239652,-0.031902848705776525,0.05605291700627091,-0.0554440386017284,0.02715953829313276,0.45540518481885234,-0.14153422828606793,-0.06331649310264667,0.09618902094563946,-0.06430643574767732,-0.01988534672029071,2.6417202536136872,-0.15566290679961373,-0.04579881832908814,0.04639670522363196,0.04246306907927321,-0.01655854289807107,0.26316950878789347,-0.10631316823742618,-0.038611892849149135,0.04194073282377701,0.06096516001796163,-0.006650921277473652,0.16367402804955358,1.225,-0.03496534870577653,1.85,-0.06794149310264667,1.675,-0.049986318329088134,1.65,-0.04273689284914914,1.3,0.023909538293132762,1.95,-0.02476034672029071,1.85,-0.021183542898071072,1.175,-0.009588421277473651
2026-07-27,2026-07,312,310,-0.09591104887633657,-0.037452980145331646,0.04872893111979955,-0.049888617489780386,0.013636704132367502,0.5007965280524185,-0.15563348666703292,-0.0574552145596649,0.08230378402780598,-0.08118169254041845,-0.027242837036327745,2.085206638420782,-0.11668335362899944,-0.006486797059136077,0.04118804966673024,0.004262089882011191,0.01440122363964852,0.19081197246428458,-0.014598459392842846,0.0067432161538437604,0.03284077504742883,0.07044637558387905,0.01623130032802052,0.12639031261806527,1.2258064516129032,-0.04051749627436391,1.8709677419354838,-0.06213263391450361,1.7741935483870968,-0.01092228093010382,1.4516129032258065,0.0031141838957792446,1.3870967741935483,0.010168962196883631,1.8387096774193548,-0.031839611229876136,1.8709677419354838,0.00972380428480981,1.129032258064516,0.01340871968285923
2026-07-28,2026-07,251,248,0.19980538793500416,0.03287917316679865,0.057343658068261805,0.11838704579530583,-0.010528303242563082,0.5914728480577469,0.10561850330563845,0.012111277655616308,0.0933446554304031,0.08031002515969514,0.04140687391408832,1.9008109307289125,0.23202281009729314,0.015055122001005235,0.05463222438656538,0.0540675496238958,-0.011330980167829123,0.18983648627996444,0.06512124172287002,-0.030819140539899988,0.04351376912893094,0.14216470160590308,-0.0038256614075052875,0.25578538827598096,1.1612903225806452,0.029975947360347036,1.870967741935484,0.007433858300777598,1.8387096774193548,0.010458347807456848,1.7419354838709677,-0.03517397924957741,1.2903225806451613,-0.013754109694175985,1.7741935483870968,0.03697139004312058,1.967741935483871,-0.016250335006538802,1.3225806451612903,-0.007132113020408513
2026-07-29,2026-07,259,258,0.19382722871094965,0.0758664925613711,0.06790901099654038,0.09524523245453478,0.05737667711544918,0.5317036730165665,0.19580204401659557,0.06942601024918278,0.09376905511209668,0.08941394657163598,0.0638247089597592,2.307612329721451,0.09005256214558541,0.0494669241816542,0.05091244576647051,0.2822414543344776,0.13614544264793332,0.2360339448429071,0.13641539166583158,0.08181215758152693,0.041256227532932774,0.23244900919319525,0.12480570044320295,0.2558875654895718,1.2692307692307692,0.07269341563829418,1.8461538461538463,0.06481062563379816,1.9615384615384617,0.04456307802780805,1.6153846153846154,0.0777736960430654,1.1153846153846154,0.05458821557698764,1.7307692307692308,0.05949778588283612,1.9230769230769231,0.131337750340241,1.3461538461538463,0.12144031582781833
2026-07-30,2026-07,293,291,0.12128635642391045,0.011390214919736776,0.09470513722235219,0.020338033759485372,0.010919609785773412,0.5095438096543838,-0.016093039261515583,0.01160032793764771,0.1527751648454884,-0.08698897389302977,-0.03656274119939349,3.323641048423175,-0.026710277359810165,-0.04151939503735101,0.06331667258694428,0.2008475651703479,0.06130417496966842,0.18094538280676153,0.10875082652631861,0.027248372055629955,0.06655534883692155,0.2456693837477017,0.09530160188633705,0.3012688418786073,1.4137931034482758,0.007855732161116086,1.9310344827586208,0.006772741730751158,1.5862068965517242,-0.04548491227873032,1.7586206896551724,0.022851820331492023,1.0344827586206897,0.008333402889221688,1.8275862068965518,-0.04113170671663487,1.8620689655172413,0.056649002555875315,1.103448275862069,0.09254298119668188
2026-07-31,2026-07,292,291,0.07081441322811176,0.017060053618138456,0.06519697372313156,-0.026712834856340552,-0.029304556894269626,0.5033125669277947,-0.07547823248598161,8.951268667163961e-05,0.1267899800468343,0.012755232382711404,0.0038248370029237283,3.0012548822781135,0.02897192072425705,0.03932998041944291,0.05775567231611306,-0.04350294712620853,-0.015330296615781988,0.19047312926629495,0.0904024758848488,0.041295544528168186,0.04392454603710811,0.012591981715237574,-0.00865007674194576,0.26309791907411195,1.4827586206896552,0.013353157066414318,1.9655172413793103,-0.004824280416776636,1.7586206896551724,0.03493342869530498,1.793103448275862,0.03681278590747853,1.0344827586206897,-0.03189076379082135,1.9310344827586206,-0.0010027492039728237,1.9655172413793103,-0.020244089719230265,1.3793103448275863,-0.012098352604014725
2026-08-03,2026-08,302,300,-0.039070908917034144,0.011299632812148686,0.07490313884772032,-0.07843350395192211,-0.05227372466593238,0.5578256875276566,-0.21885256041653664,-0.045870762123524395,0.08146729119914575,-0.12708047984060658,-0.06152915399148498,0.4148489182194074,0.046549101246136225,0.0026273470175223745,0.053586804363531325,0.07530403213034775,-0.002236715692126197,0.21911443850646417,0.046646044591607774,0.03368842623394906,0.05636841496916124,-0.3001711559244195,-0.08508130764781188,0.2930151417851448,1.6333333333333333,0.007216299478815352,1.8,-0.05037076212352439,1.8333333333333333,-0.001955986315810958,1.7333333333333334,0.029355092900615727,1.6333333333333333,-0.056357057999265714,1.9666666666666666,-0.06644582065815165,1.9666666666666666,-0.007153382358792863,1.4,-0.08858130764781189
2026-08-04,2026-08,326,325,0.08965229401093644,0.04853197888335324,0.04361097364948273,-0.018029449584579884,0.026352555481708333,0.5187961529009044,0.010759355018758415,0.024740523241140972,0.10142951623714155,0.03339340101314935,0.03663363506544451,0.43719269474968314,-0.0010243710249338662,0.007013427820204175,0.02875618958916821,-0.03265293045447264,-0.005279610075980639,0.22217484982684255,-0.02567387692374872,-0.021415598825841677,0.02393919559137346,0.044308419671733684,0.01843761856954607,0.1646346675697714,1.25,0.04540697888335324,1.96875,0.019818648241140973,1.875,0.0023259278202041747,1.71875,-0.02571247382584168,1.3125,0.023071305481708333,1.71875,0.03233676006544451,1.9375,-0.01012336007598064,1.125,0.01562511856954607
2026-08-05,2026-08,338,338,-0.014990314168381971,0.012474485030425446,0.045589987558584184,-0.08715477084116402,-0.013920603870675273,0.5422823693165008,0.058230910000102346,0.028276551024435617,0.15094536005395792,0.08466176077848103,0.03855281941030839,0.49963615922366866,0.029834880914450815,0.013364838617161642,0.03483792201855519,0.14985885738108226,0.04866040712455623,0.2290201453382478,-0.009948585920527414,0.001847498608376059,0.029041720458633326,0.05311521423735672,-0.002802861575138799,0.15614703686579184,1.1764705882352942,0.00953330855983721,1.8823529411764706,0.02357066867149444,1.8235294117647058,0.008806015087749877,1.7941176470588236,-0.0026377955092709996,1.3529411764705883,-0.017302956811851743,1.7941176470588236,0.03406752529266133,1.911764705882353,0.04388099535985035,1.2058823529411764,-0.00581756745749174
2026-08-06,2026-08,337,337,-0.03742340175232209,-0.006726383984043169,0.04769796692934741,0.003661226926463174,0.013386498004905566,0.5039403467603466,0.07201227814893069,0.04738034734444093,0.148499000487118,-0.0040713273244122015,0.009180609601897226,0.3302252210183617,0.1709219640789312,0.028596314267932008,0.03292935767201152,-0.1352653566474612,-0.04844524532139334,0.18834187451969175,0.0948153438875153,-0.006269512120591306,0.03654696715878483,-0.2335826408241382,-0.07929460229611737,0.16391247280818574,1.4117647058823528,-0.01025579574874905,1.7941176470588236,0.04289505322679387,1.7058823529411764,0.024331608385579066,1.6470588235294117,-0.010387159179414834,1.0294117647058822,0.01081296859314086,1.8235294117647058,0.004621786072485461,1.8529411764705883,-0.05307759826256981,1.1470588235294117,-0.0821622493549409
2026-08-07,2026-08,360,358,-0.024737718188265274,-0.00293164219454033,0.060017425090275314,0.07222921423192671,0.026902572133304912,0.4593445880131589,-0.11850507648505514,-0.02110841684758685,0.21830263698588964,-0.01409258560541331,0.015828480503471708,0.5646377632187473,-0.004063946489292161,0.0272448576574632,0.05065381435165074,0.020619116185253285,-0.0018972038869336984,0.20455914383961094,0.05823412077730298,0.04251582174465679,0.04368655140526171,0.009892823883210531,-0.010683107787451657,0.16837979558234414,1.3888888888888888,-0.006403864416762552,1.7777777777777777,-0.025552861292031295,1.8055555555555556,0.02273096876857431,1.722222222222222,0.038210266189101234,1.1666666666666667,0.023985905466638244,1.7777777777777777,0.011384036059027262,1.722222222222222,-0.006202759442489253,1.0833333333333333,-0.01339144112078499
2026-08-10,2026-08,370,368,0.1608962551932403,0.0179700475879505,0.054816087504487965,-0.07824956443029119,-0.008526038863006267,0.5698626848894197,-0.0005459684337638697,0.020137007227647892,0.09638454494581247,0.08968215613897876,0.016981975749969947,0.4912801106535905,-0.0718047259424473,-0.031051841621834206,0.03898827820715725,-0.039156350173111525,-0.0591589813575095,0.23992487601935863,0.05032903821553035,0.0005831042460198027,0.04816674664180996,0.022604908527251746,-0.033952774440637205,0.17123475086850087,1.4324324324324325,0.01438896650686942,1.7837837837837838,0.015677547768188433,1.7567567567567568,-0.035443733513726094,1.7027027027027026,-0.003673652510736954,1.162162162162162,-0.011431444268411672,1.8108108108108107,0.012454948722942921,2.0,-0.0641589813575095,1.162162162162162,-0.03685817984604261
2026-08-11,2026-08,300,300,0.01531439238213758,-0.0025613280524187897,0.06241013680285838,0.16009555661729574,0.023526772041803683,0.6297850566605727,-0.028069628059013287,0.008261479729858936,0.12455217635832685,0.024401531465377997,0.0748971061397684,0.5976175444821517,0.11438217251104778,0.027652276162994475,0.04695624438343773,0.010994344381604241,0.002438323567653988,0.22711871849993864,0.08856453960599563,-0.01973734099960659,0.048159405093162806,-0.12632229246991633,-0.032471786914861425,0.2161999727288882,1.4324324324324325,-0.006142409133499871,1.864864864864865,0.0035993175676967736,1.9189189189189189,0.02285497886569718,1.864864864864865,-0.024399503161768754,1.2972972972972974,0.02028352879856044,1.7297297297297298,0.07057278181544407,1.945945945945946,-0.0024265412972108774,1.2432432432432432,-0.035579895022969536
2026-08-12,2026-08,306,306,0.0892771996394008,0.01298463361021861,0.04789067148743173,0.18651333871509837,0.03042164469687813,0.5467046355047533,0.12792898444301581,0.02006548031347356,0.08371276396597643,0.1087634171046019,0.0065054509929230436,0.5319274214486922,-0.0008853737327329397,0.0081105502577811,0.03766037173565211,-0.05351421927237281,-0.011673814369396424,0.2136603876828186,-0.06199019806574853,0.0019191755175898967,0.028434015072953372,-0.013220923548572523,0.010916450888785357,0.13309900042030118,1.3225806451612903,0.009678181997315384,1.8064516129032258,0.015549351281215495,1.7741935483870968,0.0036750663868133577,1.8064516129032258,-0.0025969535146681674,1.4193548387096775,0.026873257600103936,1.7741935483870968,0.0020699671219553016,1.8709677419354838,-0.016351233724235133,1.2258064516129032,0.007851934759753099
2026-08-13,2026-08,326,322,0.06422711076282304,0.02706061151808268,0.05745719628199492,-0.007657584718427855,-0.007275196377888062,0.554607261903584,0.011324462862359332,0.004182466178521346,0.10658926421105938,0.14038028544031741,0.0397625500688725,0.5096255042590201,-0.03339207375749122,-0.019431955699403383,0.03060894302939054,0.04536552207852934,0.02515522606417343,0.20044343482004479,-0.0729963565119742,0.001864623217681733,0.03292698412157652,0.1072860229206264,0.00459189161729982,0.19095777720212936,1.3125,0.02377936151808268,1.8125,-0.0003487838214786534,1.9375,-0.024275705699403384,1.75,-0.0025103767823182674,1.21875,-0.010322071377888063,1.9375,0.0349188000688725,1.875,0.02046772606417343,1.1875,0.0016231416172998196
2026-08-14,2026-08,358,355,0.09052460560327834,-0.02063423412826631,0.048627896509855426,0.16186314241854285,0.05587367857409855,0.468723658265339,0.029808393401470828,-0.0051609633412297885,0.10010500903842189,0.0779467125268627,0.03247011509337756,0.3918795363149709,0.0026948925979115336,0.0013609702881168771,0.03477544154773586,0.0715601906563033,0.013522679852995014,0.19420842314139009,-0.08256849121377892,-0.04241853225665059,0.03483598916522254,0.05324046800214305,0.008969229482917347,0.16280635570486385,1.2777777777777777,-0.023828678572710753,1.75,-0.009535963341229789,1.8611111111111112,-0.003291807489660901,1.722222222222222,-0.04672408781220615,1.3611111111111112,0.052470900796320774,1.8333333333333333,0.027886781760044232,1.9444444444444444,0.008661568741883903,1.1944444444444444,0.005983118371806236
2026-08-17,2026-08,376,375,0.24311318281090313,0.08139040493183651,0.05968465172530944,0.1453813584718513,0.021014261378092158,0.4882368357165864,-0.0549304453935258,-0.013674257842906134,0.06887239326583991,0.06429285707261147,0.029811392582532265,0.38415148815042094,-0.07703595880534603,-0.006028342521841835,0.039268404672596326,-0.03338947270043169,-0.01641315801975983,0.21538683252507135,-0.008210171264208704,-0.004962746606426099,0.032585597755084725,-0.0005999210564841233,0.0030039136445708034,0.1280133233062531,1.1842105263157894,0.07842987861604704,1.894736842105263,-0.018411099948169293,1.8157894736842104,-0.010567816206052362,1.7368421052631577,-0.009304851869583994,1.2894736842105263,0.01779057716756584,1.8684210526315788,0.025140339950953317,1.9473684210526314,-0.021281579072391407,1.263157894736842,-0.0001539810922713018
2026-08-18,2026-08,321,321,0.14501763220525918,0.09122308710773532,0.06505242757075874,0.10737541359493818,0.06098884495909797,0.6512516387738287,-0.011852355238789952,-0.045494018942638124,0.06682816930558969,0.0559350984504902,0.030346396629245827,0.33897551253903657,0.07767097370887205,0.07088124282593812,0.04029318230112732,-0.00022058396702850176,0.007155459644237961,0.18444855534471571,-0.0570617759423596,0.024073665498526887,0.04527570979101858,0.1323579990712254,0.06347934357700015,0.16676806984469295,1.131578947368421,0.08839413973931426,1.894736842105263,-0.05023086104790128,1.763157894736842,0.06647334808909601,1.631578947368421,0.019994718130105834,1.1842105263157894,0.05802831864330849,1.9210526315789473,0.02554376505029846,1.9473684210526314,0.002287038591606382,1.2894736842105263,0.060255659366473834
2026-08-19,2026-08,322,320,0.06260422993247808,0.027601157790402644,0.05224321625340735,0.053963821817956246,0.031088854448964462,0.5527533222921193,-0.05765164850360728,-0.021006393922235942,0.06961545688682497,-0.03793779973864984,-0.023467955441373627,0.42028942704200745,-0.04777834058983502,-0.01741557254189147,0.03210128646497222,-0.01741793989041436,0.013243134178331256,0.20785300503484905,-0.0001827716594300831,-0.010673802148965184,0.032806403933926795,0.009930952036281918,-0.0412978355844323,0.1713018945301883,1.3125,0.024319907790402644,1.875,-0.025693893922235943,1.8125,-0.02194682254189147,1.59375,-0.014658177148965184,1.125,0.028276354448964463,1.84375,-0.028077330441373626,1.9375,0.008399384178331255,1.21875,-0.0443447105844323
2026-08-20,2026-08,306,304,-0.025728396768009282,-0.010568461465151942,0.04799982471111122,0.08133564100067324,0.032303075319511744,0.5056877456605434,-0.0875798101711186,-0.006233681170038892,0.14969089723660453,0.13107565279578792,0.034147740220333705,0.6358215992649396,-0.03019379905429621,0.024563568884504432,0.031245360706894126,-0.0586714997848341,-0.027482287121972603,0.19721708099047344,0.04068887018417073,0.03157971572183996,0.02561170467906056,0.14226015284631502,0.00705790104548489,0.13328987099230288,1.03125,-0.013146586465151943,1.9375,-0.011077431170038891,1.875,0.01987606888450443,1.875,0.026892215721839956,1.28125,0.029099950319511743,1.875,0.029460240220333705,1.96875,-0.032404162121972606,1.25,0.00393290104548489
2026-08-21,2026-08,326,323,0.02093371029263414,0.018637416991969455,0.05159675139440383,0.009090145516103753,-0.004890751177053506,0.5551572639960796,-0.004413043513371159,-0.035177006040431016,0.072274687500532,0.04289982662621514,0.018086567175712994,0.4538041886407882,0.0783047222378567,0.013004606387173212,0.03742458052075618,0.0006263989851539803,0.01579914999862608,0.18364488752558827,0.1371228422615826,0.039679555327069266,0.03039562382800339,0.16134891393291798,0.04144599410832356,0.12911085382802412,0.875,0.016449916991969453,1.84375,-0.039786381040431015,1.78125,0.008551481387173213,1.625,0.03561705532706927,1.25,-0.008015751177053505,1.78125,0.013633442175712995,1.90625,0.01103352499862608,1.1875,0.03847724410832356
2026-08-24,2026-08,347,345,0.11925246668531604,0.036866685021624206,0.058888203070098274,0.04753722071182762,0.031411471575776694,0.6001811577555012,-0.011630117079238677,-0.019444602609665886,0.07108265374995792,0.013945398462616701,-0.0009709167510556956,0.42783573505413885,0.06231148389424085,0.03918090897116876,0.040610654893814636,0.05820096398469986,0.02302793118381594,0.19353584430235274,0.13670034849810356,0.03755697920172858,0.04349084787245573,0.02152336235473741,0.018580321652527598,0.1484399935888017,1.0294117647058822,0.0342931556098595,1.8823529411764706,-0.024150484962607063,1.7352941176470589,0.03484267367705111,1.7647058823529411,0.03314521449584623,1.1470588235294117,0.028543824516953163,1.8529411764705883,-0.005603269692232167,1.911764705882353,0.018248519419110057,1.1470588235294117,0.015712674593704068
2026-08-25,2026-08,289,287,-0.042993079584775086,0.007849904054337938,0.06794942704933819,0.03635405480650678,0.023783829802612563,0.5918913139351483,-0.058443680355912186,-0.029371715408491726,0.07251988173994703,-0.13590008281516305,-0.051538241772060144,0.4166095765500233,0.202088553474128,0.05092515848343632,0.04530623799615419,0.01428031658911029,0.0007093673634206554,0.17472065118109356,0.06050516800217404,0.03197637254251719,0.04571126037282977,0.013230322554985484,0.020104645824246134,0.13552573214060273,1.2352941176470589,0.004761668760220291,1.8823529411764706,-0.034077597761432904,1.6764705882352942,0.046733982012848084,1.6470588235294117,0.02785872548369366,1.0,0.021283829802612564,1.8529411764705883,-0.05617059471323661,1.9117647058823528,-0.0040700444012852265,1.1470588235294117,0.017236998765422604
2026-08-26,2026-08,280,279,0.0759513253564637,0.038565099021133045,0.06203841539713646,0.05439729384266438,0.027161398978841785,0.4858386814594269,0.06839754548155229,0.0003952109100134951,0.08179049747648277,0.05997289024236809,0.04892883466928753,0.43986426293849945,-0.01982250679833019,-0.00787329594758255,0.039481338714338746,0.008364630429592441,-0.02435680367322314,0.19274019323555486,0.12513053079173833,0.027897396839310258,0.03890775760877805,0.037063980006666795,-0.0011890869646238485,0.13867956340046866,1.379310344827586,0.03511682315906408,1.8620689655172413,-0.004259961503779608,1.7241379310344827,-0.012183640775168756,1.6896551724137931,0.023673258908275777,1.0344827586206895,0.024575192082290063,1.793103448275862,0.04444607604859788,1.896551724137931,-0.029098182983567967,1.1724137931034482,-0.004120121447382469
2026-08-27,2026-08,276,275,0.0006523879510851729,0.01767717106475028,0.05774453473306512,0.19460966595796292,0.05809264724052475,0.4865833536854812,0.2265559561544004,0.014384363780893444,0.09243068764744676,0.042172048762258225,0.01281357005648966,0.3420309231483511,-0.004678015439277408,0.012138393569037238,0.02697276401963529,-0.12089211055778314,-0.0520114279542529,0.18486405170655676,-0.013412774798290252,0.024534225084185436,0.031069427515726132,-0.10585408313237539,-0.0013792563070915004,0.12193236519981708,0.9642857142857142,0.015266456779035995,1.9285714285714284,0.009562935209464874,1.8214285714285714,0.00758482214046581,1.75,0.020159225084185436,1.2142857142857142,0.05505693295481046,1.8214285714285714,0.008259998627918232,1.75,-0.0563864279542529,1.2142857142857142,-0.004414970592805786
2026-08-28,2026-08,276,275,0.09168590630841456,0.02512427533247499,0.06233029203077167,0.06480215750346029,0.020206521135128868,0.5589684410286802,-0.04376140613200078,-0.030289012148999053,0.07121308408489693,0.04157976927911712,0.01330304020489689,0.39877400680312086,0.016527173218974553,0.0015632995947542881,0.04437046546665546,-0.016424993935588817,0.009889888285528349,0.1644644065360938,0.03391561677424968,0.011048559695910551,0.04004143199712572,-0.17646894308015013,-0.01894145648881638,0.10725274016814573,0.8214285714285714,0.02307070390390356,1.8214285714285714,-0.03484258357757048,1.7142857142857142,-0.002722414690959997,1.7142857142857142,0.006762845410196266,1.1785714285714286,0.017260092563700296,1.7142857142857142,0.009017325919182605,1.9285714285714284,0.0050684597140997776,1.25,-0.022066456488816378
2026-08-31,2026-08,322,319,0.0625670230024472,0.03784362469206345,0.05854690558594837,0.16364099051798053,0.02414833382696159,0.4763555044773966,-0.04382732614035563,0.002828688274210397,0.07027781376887242,-0.036487875937086404,-0.03683185758760563,0.4681157192680985,-0.025254653712465547,0.009920034585560171,0.03268613788903402,0.056685263125545775,0.012842567202267622,0.16699331800919026,0.022210798245715806,0.0014089162128369907,0.03126688668696981,-0.18577235209830634,-0.046085560508700565,0.11790522636147216,1.125,0.035031124692063445,1.9375,-0.002015061725789603,1.875,0.005232534585560171,1.625,-0.0026535837871630094,1.34375,0.02078895882696159,1.84375,-0.04144123258760563,1.75,0.008467567202267622,1.34375,-0.04944493550870056
2026-09-01,2026-09,228,226,-0.03488083654879075,-0.03281442746233897,0.05178636806468019,0.021239737282532648,-0.005183947093426476,0.5760705782019574,0.0786792824830644,-0.0031202396313491434,0.03851510334931393,0.008406996659934673,-0.022735431645202357,0.6377978635870892,0.0942909473441216,0.01728243726226067,0.030783422301749144,0.14495528396429197,0.04088401336984189,0.1897254819455354,0.11796321973846187,0.0062533609330892,0.02859239641861184,0.16274956286316275,0.03410345666696994,0.10679676417139886,1.15625,-0.035705052462338974,1.875,-0.007807739631349143,1.84375,0.01267306226226067,1.4375,0.0026596109330892,1.65625,-0.009324572093426476,1.75,-0.027110431645202358,1.875,0.03619651336984189,1.9375,0.02925970666696994
2026-09-02,2026-09,110,110,-0.06623086806573045,0.008915001596625819,0.05209889039997964,0.09089105786353492,-0.04490263909856587,0.6238062242892656,-0.19789508801323413,-0.07745667348428345,0.03654423821924803,-0.21138383649454442,-0.03520453141495701,0.6095211532982913,-0.04392399071298154,-0.011101184089284632,0.024573751301707913,-0.011230079119987376,-0.04566366065664052,0.1554323976690119,0.013718670330423535,-0.034073628986431355,0.01972567072452333,0.22536347857448774,0.016354347589500023,0.11599371887066148,1.3478260869565217,0.005545436379234514,1.6956521739130435,-0.08169580391906606,1.8695652173913044,-0.015775097132762893,1.8695652173913044,-0.03874754202990961,1.608695652173913,-0.048924378229000656,1.7826086956521738,-0.039661053154087446,2.0,-0.05066366065664052,1.608695652173913,0.01233260845906524
2026-09-03,2026-09,115,115,-0.002517162471395881,-0.05736457713249122,0.048355247670031035,0.15419395565375207,0.02878029700203432,0.5509794683506092,0.3825147607416121,0.11415720506365974,0.028128763203919698,0.03913051197536213,-0.00381455581518262,0.6616604044102132,-0.1211633416780975,-0.02106675990999336,0.025847132752675955,0.07778742207843446,0.012927012664962045,0.19227274941901368,0.07750335358636472,0.022053709767517207,0.024223608949349766,0.24372287540440307,0.036528873130277466,0.14956357679329813,1.1666666666666667,-0.060281243799157884,1.4166666666666667,0.11061553839699308,1.75,-0.02544175990999336,1.3333333333333333,0.018720376434183873,1.3333333333333333,0.025446963668700986,1.5,-0.00756455581518262,1.75,0.008552012664962045,1.0,0.034028873130277464
2026-09-04,2026-09,110,110,0.046457633613596915,-0.00830584655129522,0.047490007633712375,-0.022257286477469964,0.015164506876268885,0.7179590033536608,0.08916028744894813,0.03417879292780935,0.035893511300007994,0.18452847881745946,0.015105901539862313,0.5483485947955739,0.22336181051777382,0.007524717790563297,0.03875620930454496,0.2509163041273133,0.04604728184147737,0.1940537704662843,0.01466537429840182,-0.04650393888819291,0.02336518237965822,0.32977481234361966,0.028996200607582477,0.16499954428185115,0.9166666666666667,-0.010597513217961887,1.5,0.03042879292780935,1.5,0.0037747177905632975,1.25,-0.04962893888819291,1.25,0.012039506876268886,1.25,0.011980901539862313,1.5,0.042297281841477366,0.75,0.027121200607582475
