date,month,n,n_tradable,ic_GBM_EVENT,gross_GBM_EVENT,pred_GBM_EVENT,ic_StockMixer_T1_EVENT,gross_StockMixer_T1_EVENT,pred_StockMixer_T1_EVENT,ic_GBM_SCALAR,gross_GBM_SCALAR,pred_GBM_SCALAR,ic_StockMixer_T1_SCALAR,gross_StockMixer_T1_SCALAR,pred_StockMixer_T1_SCALAR,ic_GBM_TFIDF,gross_GBM_TFIDF,pred_GBM_TFIDF,ic_StockMixer_T1_TFIDF,gross_StockMixer_T1_TFIDF,pred_StockMixer_T1_TFIDF,ic_GBM_SHUFFLE,gross_GBM_SHUFFLE,pred_GBM_SHUFFLE,ic_StockMixer_T1_SHUFFLE,gross_StockMixer_T1_SHUFFLE,pred_StockMixer_T1_SHUFFLE,ic_GBM_SCALAR_SHUFFLE,gross_GBM_SCALAR_SHUFFLE,pred_GBM_SCALAR_SHUFFLE,ic_StockMixer_T1_SCALAR_SHUFFLE,gross_StockMixer_T1_SCALAR_SHUFFLE,pred_StockMixer_T1_SCALAR_SHUFFLE,ic_GBM_NOTEXT,gross_GBM_NOTEXT,pred_GBM_NOTEXT,ic_StockMixer_T1_NOTEXT,gross_StockMixer_T1_NOTEXT,pred_StockMixer_T1_NOTEXT,turnover_GBM_EVENT,net_GBM_EVENT,turnover_GBM_SCALAR,net_GBM_SCALAR,turnover_GBM_TFIDF,net_GBM_TFIDF,turnover_GBM_SHUFFLE,net_GBM_SHUFFLE,turnover_GBM_SCALAR_SHUFFLE,net_GBM_SCALAR_SHUFFLE,turnover_GBM_NOTEXT,net_GBM_NOTEXT,turnover_StockMixer_T1_EVENT,net_StockMixer_T1_EVENT,turnover_StockMixer_T1_SCALAR,net_StockMixer_T1_SCALAR,turnover_StockMixer_T1_TFIDF,net_StockMixer_T1_TFIDF,turnover_StockMixer_T1_SHUFFLE,net_StockMixer_T1_SHUFFLE,turnover_StockMixer_T1_SCALAR_SHUFFLE,net_StockMixer_T1_SCALAR_SHUFFLE,turnover_StockMixer_T1_NOTEXT,net_StockMixer_T1_NOTEXT
2025-08-01,2025-08,372,364,0.06633588373920893,0.002050273903977301,0.01760527164811777,,0.007364347483616085,,0.11974935620176633,0.014798564937187196,0.017280391863171714,-0.025462526831361184,-0.0019475518547833193,0.11230733152478933,0.008769365807759794,0.005201157042356578,0.022014958684141425,0.05851299533884739,0.010624953652330618,0.7423088786502678,0.09961205140712225,0.00523077299519129,0.018166258525453043,-0.028411565354706667,-0.006564227925133775,0.40999564150762224,0.11923150867353836,0.01066466719949705,0.019831918927513063,-0.004801424471157108,-0.009340866596633895,0.1190564877146648,0.03271577228019182,0.005525966254536762,0.019337326694560765,-0.017140485111125994,-0.00029427107171167374,0.11881978318302168,1.0,-0.000449726096022699,1.0,0.012298564937187196,1.0,0.002701157042356578,1.0,0.0027307729951912903,1.0,0.00816466719949705,1.0,0.0030259662545367616,1.0,0.0048643474836160844,1.0,-0.00444755185478332,1.0,0.008124953652330617,1.0,-0.009064227925133774,1.0,-0.011840866596633895,1.0,-0.002794271071711674
2025-08-04,2025-08,396,387,-0.03512536733855268,-0.005948834638457876,0.020828332506310124,,0.0075716683312841305,,0.013384239382752024,-0.004121436530724698,0.02071629115389809,-0.08084757316215724,-0.015353084654072098,0.1145473328920511,0.003395040837892438,-0.007780184959873751,0.020080846783711408,-0.03293265467173907,-0.006644746457657936,0.812534396465008,0.07876637431437118,0.009630966687970428,0.020967292732250627,0.039272893108412144,0.012289463014514567,0.41923497430980206,-0.007449430108935499,-0.0008463314680818386,0.021878001747845918,-0.11946431737472268,-0.017657449572699283,0.13251647926293886,-0.0053069701447910666,0.003110566502535873,0.022111000266338172,-0.12736187273456925,-0.021027018525078257,0.14114479295527324,1.7179487179487178,-0.01024370643332967,1.7692307692307692,-0.008544513453801621,1.8974358974358974,-0.012523774703463494,1.846153846153846,0.005015582072585813,1.846153846153846,-0.0054617160834664535,1.8717948717948718,-0.0015689206769513068,1.3076923076923077,0.004302437562053361,1.6923076923076923,-0.01958385388484133,1.8205128205128205,-0.011196028508939988,1.9743589743589742,0.007353565578617131,1.6153846153846154,-0.021695911111160822,1.435897435897436,-0.024616762114821847
2025-08-05,2025-08,473,454,-0.025560265481764335,-0.00814819908801529,0.02037379125269486,,0.004619417996793024,,-0.03803762940177966,-0.0018267179472076394,0.022214638868103737,0.02704343581604442,-0.010230300490770304,0.11754958741366864,-0.019258256915831558,-0.009469057841603398,0.026480501539979568,0.013022037374763372,-0.008473081196257554,0.9908205336994594,0.00872960754186962,4.6625586275348156e-05,0.019548669203442937,0.045594432999898245,0.004329254355907611,0.42318072997861433,-0.020651441704047254,-0.014081260319504428,0.021713826120710718,0.0030669801174438086,-0.006112989706390868,0.11410136976175839,0.00869434121104955,-0.014479012177483106,0.023215955934631192,0.023493046154272768,-0.00683380907524319,0.10233450987272792,1.8,-0.012648199088015288,1.8222222222222222,-0.006382273502763195,1.8444444444444443,-0.014080168952714509,1.8888888888888888,-0.004675596635946874,1.9111111111111112,-0.018859038097282205,1.8888888888888888,-0.01920123439970533,1.4222222222222223,0.001063862441237468,1.6666666666666667,-0.014396967157436972,1.8888888888888888,-0.013195303418479777,1.9777777777777779,-0.0006151900885368331,1.7555555555555555,-0.010501878595279755,1.4222222222222223,-0.010389364630798745
2025-08-06,2025-08,581,559,0.036404008748477365,-0.000567699918073537,0.022480645184701116,,0.005054630296830927,,0.06133947288834593,-0.004061411240333445,0.02288389388622555,-0.02181915445774497,-0.000874979546058972,0.11668869653450592,-0.0843646260263019,-0.02009714844605826,0.02497445657569778,0.002390512196245283,-0.012689338263626738,1.0160302578338554,0.059151022746478626,0.01918805923383881,0.022703217402837497,0.05204209329383086,0.00580040086392003,0.3781784627187465,0.017659985597664424,-0.012078205169440552,0.02264889432057897,-0.06220336215926674,0.0030787217869933537,0.12562463279547437,0.010591133166934151,-0.008281126195032563,0.02397306365540127,-0.03290871116748816,0.0011074447499970237,0.11878591360125158,1.7678571428571428,-0.004987342775216394,1.7857142857142858,-0.00852569695461916,1.8392857142857142,-0.024695362731772544,1.8035714285714286,0.014679130662410238,1.8392857142857142,-0.016676419455154835,1.875,-0.012968626195032563,1.2321428571428572,0.001974273153973784,1.6428571428571428,-0.004982122403201829,1.7857142857142856,-0.017153623977912452,1.9285714285714286,0.0009789722924914588,1.5892857142857142,-0.0008944924987209319,1.25,-0.0020175552500029765
2025-08-07,2025-08,589,550,0.04809111351369128,-0.013528407360321418,0.02263598537147661,,-0.004517939293914473,,-0.024509175774709756,-0.009525979568525722,0.024676034940550394,0.04947189891466932,0.016786097955836056,0.13616719821637327,-0.03778359350490475,-0.0005607957274197366,0.02602239471116847,0.008067973547089031,0.0007038512659636499,0.8039204776287079,0.027832116415384318,-0.0004045983485801846,0.023078362604734403,0.021088983491298736,0.004579534641286985,0.44480377611788835,0.05317033895368743,-0.0009263313724547587,0.024515247096596374,0.03326981047087765,-0.006144191755278214,0.11579077711159533,0.0019942459444714264,-0.008652282835363559,0.023771913039500395,-0.006366517715831405,-0.012255842850898747,0.10731004838916389,1.75,-0.017903407360321418,1.7678571428571428,-0.013945622425668578,1.8392857142857142,-0.005159010013134022,1.7857142857142856,-0.004868884062865899,1.8392857142857142,-0.005524545658169044,1.8035714285714284,-0.01316121140679213,1.2857142857142856,-0.007732225008200187,1.7142857142857142,0.012500383670121771,1.75,-0.0036711487340363507,1.8214285714285714,2.596321271555648e-05,1.6785714285714284,-0.010340620326706785,1.4464285714285714,-0.015871914279470177
2025-08-08,2025-08,366,353,0.07236721898900475,0.016711225342662735,0.021056989823840837,,-0.005654403482234494,,0.02999502524398027,-0.006261417876414873,0.022144012396890504,-0.22903372860105334,-0.03184369783956634,0.14196581984204906,-0.053770854545293116,0.00833107129030248,0.023109219488392826,0.006336205779236046,-0.0003574819370382523,1.0413583308458327,0.07733414267453409,0.0025037729676286053,0.019987634165947087,-0.0900068594114368,-0.008236803831441548,0.35568551123142245,0.04118057752450511,-0.009029562664532441,0.021282899712729883,-0.20799363133325297,-0.01029890781398627,0.1353978530104671,0.0687494148695641,0.022964300542451396,0.020760333701204746,-0.2474348187640699,-0.02845822532917905,0.1447171031364373,1.709090909090909,0.012438498069935463,1.7636363636363637,-0.010670508785505782,1.8727272727272726,0.0036492531084842995,1.8181818181818181,-0.00204168157782594,1.7636363636363637,-0.01343865357362335,1.8363636363636362,0.018373391451542306,1.2727272727272727,-0.008836221664052676,1.8181818181818181,-0.036389152385020884,1.8181818181818181,-0.0049029364824927976,1.909090909090909,-0.01300953110416882,1.690909090909091,-0.014526180541258997,1.5636363636363635,-0.03236731623826996
2025-08-11,2025-08,398,376,-0.054672524317032484,-0.01195477207166968,0.022937646266117995,,0.004848740561248534,,-0.057424394820468704,-0.013261318220531903,0.022465694400476292,-0.10096647614535616,-0.00523968888619533,0.16941236346764,-0.04229580758880892,-0.015941557737838362,0.02327478400857347,-0.03512139163691773,-0.006188736201891333,0.8277457391745165,0.016580697876834135,-0.002410710226404842,0.02128116737094898,-0.0845217776788423,-0.0050627586264000695,0.36239322961161013,-0.045064817899502,-0.01543187661811762,0.023580511426100806,-0.0961298841002367,-0.006752802427438254,0.18152083103594027,0.0011844988257082702,0.0006591390519843159,0.022366312770114638,-0.17193447074459028,-0.013542576593737053,0.19235899002830448,1.7368421052631577,-0.016296877334827573,1.763157894736842,-0.017669212957374007,1.894736842105263,-0.02067839984310152,1.8684210526315788,-0.007081762857983788,1.7894736842105263,-0.019905560828643934,1.7894736842105263,-0.0038145451585419998,1.3157894736842104,0.0015592668770380074,1.763157894736842,-0.009647583623037435,1.8684210526315788,-0.01085978883347028,1.894736842105263,-0.009799600731663227,1.526315789473684,-0.010568591901122464,1.263157894736842,-0.01670047133057916
2025-08-12,2025-08,266,252,0.02568250587500784,0.032059993924727664,0.02144539284633059,,0.009099497971815586,,0.018119395072278405,0.02580173347824702,0.024976983660836335,-0.10196618883963093,6.428373915723807e-05,0.12951927535235883,0.049514177604502614,0.026239691939027872,0.03128689181011758,-0.005998018217764678,0.008198544694575505,1.3137305319309234,0.10796209964631341,0.018253256764364508,0.02260608649082749,0.018030769848742797,-0.001479792061220099,0.4126026622951031,-0.005642685095612502,0.0288150044661979,0.02599846235228346,0.015461913549282596,0.020888092783451457,0.13476806968450547,0.06785281008108816,0.03154037914043856,0.022849883963686913,0.11813582899412595,0.027752322321000614,0.14104560680687428,1.763157894736842,0.02765209918788556,1.8157894736842104,0.02126225979403649,1.894736842105263,0.021502849833764714,1.868421052631579,0.01358220413278556,1.8421052631578947,0.024209741308303164,1.7894736842105263,0.02706669492991224,1.2894736842105263,0.00587581376128927,1.736842105263158,-0.004277821524000657,1.8421052631578947,0.003593281536680768,1.9210526315789473,-0.006282423640167467,1.5526315789473684,0.017006513836083037,1.368421052631579,0.024331269689421668
2025-08-13,2025-08,336,316,0.05839655514262284,0.005763788924133425,0.01984080593814752,,0.019041524432096994,,0.05722210723792885,0.010779151304007847,0.02096045333938225,0.07760609396896112,0.012529837119685715,0.1295659417519346,-0.05329164343329892,-0.011191201804873409,0.025054356271528584,-0.01297819702519071,-0.01618906208842624,1.0584918651729822,0.061473845915124066,0.011740754708689419,0.01964937687848831,0.15816467879166204,0.02416603247155964,0.3775908383540809,-0.015456999824188756,-0.011575972225829814,0.02059152486976838,0.08695533198953322,0.008175833029817593,0.1418946374906227,-0.017138397969225404,-0.009424437017817006,0.020674475460458572,0.20625788550817556,0.023958663048246343,0.14149875158909708,1.6875,0.0015450389241334246,1.6875,0.006560401304007847,1.875,-0.01587870180487341,1.75,0.007365754708689418,1.8125,-0.016107222225829814,1.84375,-0.014033812017817004,1.25,0.015916524432096995,1.65625,0.008389212119685715,1.71875,-0.02048593708842624,1.90625,0.01940040747155964,1.46875,0.0045039580298175935,1.25,0.020833663048246343
2025-08-14,2025-08,327,311,-0.009564185714330403,0.00047051074658863417,0.018759860840213322,,-2.8352096166218803e-06,,-0.010755762174792408,-0.012505556480659057,0.020997909776160326,-0.11051459835602911,-0.014812072922525442,0.10731928302876412,0.03652217959075931,0.006398974489896233,0.024206400039653866,-0.14579147753521177,0.0032337196967753773,0.9484076471098007,0.01765331508445986,-0.002355326586440062,0.020488221850125405,-0.04834567523295571,-0.002179126037863535,0.4177529076414723,0.03686954468532063,0.021458418361797137,0.020725335130173814,-0.19243891197264354,-0.03112852169705395,0.10728277957006808,-0.017106603880106177,-0.0015066517190588389,0.018252053898711148,-0.06075461246824508,0.014812050608613255,0.07960396079767135,1.6875,-0.003748239253411366,1.71875,-0.016802431480659057,1.78125,0.0019458494898962333,1.8125,-0.006886576586440062,1.78125,0.01700529336179714,1.625,-0.005569151719058839,1.4375,-0.003596585209616622,1.75,-0.019187072922525444,1.875,-0.0014537803032246225,1.9375,-0.007022876037863535,1.6875,-0.03534727169705395,1.25,0.011687050608613254
2025-08-15,2025-08,303,296,0.126642109017303,0.02690255825690486,0.020683358568772604,,-0.010800715888728673,,0.07714877904296173,0.012867833176535393,0.020407415203221597,0.1457133450014194,0.0028836029166797138,0.105036492459476,0.029737779157797344,0.0013400123388446986,0.02429314346525742,0.11495074031517233,0.00456508749377997,0.8090265790621439,0.042719827431418944,0.00926527316086532,0.02115915699329868,0.09536804282466624,0.01331698706930579,0.37820386501650016,0.02290554227330027,0.01896022067022229,0.02180617648142067,0.14476215578303042,0.008289211652992371,0.11335153424491486,0.08587944507061457,0.020857540851427797,0.018074451377133954,0.15625019209818544,0.018983431526807294,0.11798447258770466,1.6774193548387097,0.022709009869808085,1.7096774193548387,0.008593639628148296,1.9032258064516128,-0.0034180521772843335,1.7096774193548387,0.004991079612478223,1.8064516129032258,0.014444091637964226,1.7741935483870968,0.016422056980460054,1.2580645161290323,-0.013945877179051254,1.8064516129032258,-0.0016325261155783503,1.8709677419354838,-0.00011233186105874017,1.9032258064516128,0.008558922553176758,1.6774193548387097,0.0040956632658955975,1.4193548387096775,0.015435044430033101
2025-08-18,2025-08,370,360,-0.06323198202533514,0.004806429855010841,0.017029532373848903,,0.007701243964846425,,-0.05433739892700935,0.0023807124010539566,0.01790400353432294,0.08667222728645461,-0.0034554650710539843,0.08399418751812644,-0.05500246230020232,-0.005571822002943951,0.019298232448208864,-0.10252833214031903,-0.015672180122402214,0.7528600783811675,0.01520722706050372,0.004854513387369619,0.016556210022834535,0.03435529612314092,-0.0049234080226126945,0.34471972648882204,0.04599694306082099,0.0035581153453487996,0.016587398608357555,0.08149780661919089,0.0100287592173401,0.08328159319029914,-0.09516122431320312,1.330833851749709e-05,0.016109985188786348,0.03776285877532084,0.0030184390042456094,0.07719949327616227,1.6944444444444444,0.0005703187438997302,1.6944444444444444,-0.001855398710057154,1.75,-0.009946822002943952,1.6944444444444444,0.0006184022762585088,1.8333333333333333,-0.0010252179879845329,1.75,-0.004361691661482503,1.3611111111111112,0.004298466187068647,1.6388888888888888,-0.007552687293276206,1.8333333333333333,-0.020255513455735546,1.9166666666666665,-0.00971507468927936,1.6666666666666665,0.005862092550673434,1.3333333333333333,-0.00031489432908772324
2025-08-19,2025-08,259,252,-0.11664652129768409,-0.0005963271138120126,0.0158378827905667,,-0.009693873572855671,,-0.06825343104412872,0.0038241207338755995,0.016555942528060596,-0.010953785372390024,0.007383486390662979,0.08455943182110787,0.024672312225914823,0.013660043405708953,0.025394570950507234,0.0002137754998525325,0.017490753355774477,1.2197884035110473,-0.14690293389722178,-0.01564313168139872,0.016949201709169325,0.042592605383303055,0.003498486446419294,0.32327819675207137,-0.040270477479779805,0.001174902007333306,0.016631197338599697,-0.09820418425069588,-0.0027107041837343207,0.08911035642027855,-0.11637645823692336,-0.015259782914894103,0.01678593900047366,-0.15485042926903392,-0.015364410556953671,0.07361853629350662,1.7777777777777777,-0.005040771558256457,1.722222222222222,-0.0004814348216799552,1.8611111111111112,0.009007265627931174,1.9166666666666667,-0.020434798348065386,1.8333333333333333,-0.0034084313260000264,1.8055555555555556,-0.01977367180378299,1.4166666666666667,-0.013235540239522338,1.6666666666666667,0.003216819723996312,1.8333333333333333,0.012907420022441145,1.8055555555555556,-0.0010154024424695951,1.6944444444444444,-0.006946815294845431,1.25,-0.018489410556953672
2025-08-20,2025-08,276,267,0.10554929296100227,0.007857720982177803,0.01614139771755275,,-0.0035245108570021986,,0.06205447981621267,0.010170035845409407,0.017308729658750036,0.05414534609951342,0.00558867561664889,0.10808894500412324,-0.0770774414954892,-0.0071311556394179935,0.021883543136643265,-0.044792077978895097,-0.004010759469760558,0.949115648313805,0.012233272927041567,-0.0022349145143275772,0.017973318995679107,0.029764986230219316,0.00369902465143317,0.3606095218824016,0.043584423738245746,0.008830759679509925,0.019108295310679237,0.18416860490004425,0.01911512330037,0.10853377902121455,0.07523979395271187,0.01096370291156104,0.016831343743369247,0.09251466160585609,0.008844643056916473,0.10809703937007321,1.7777777777777777,0.0034132765377333585,1.7407407407407407,0.005818183993557555,1.8888888888888888,-0.011853377861640216,1.8518518518518519,-0.006864544143957207,1.8518518518518519,0.004201130049880295,1.7777777777777777,0.006519258467116596,1.3703703703703705,-0.006950436782928124,1.7037037037037037,0.0013294163573896308,1.7407407407407407,-0.00836261132161241,1.8888888888888888,-0.0010231975707890523,1.5185185185185186,0.015318827004073705,1.2962962962962963,0.005603902316175732
2025-08-21,2025-08,255,247,-0.017475931920065225,0.0016391657620274502,0.01665922556751537,,0.0014639726458634964,,0.04462107135304199,-0.002878812394490606,0.018779531745984204,0.09340676638282135,0.0038754749712562736,0.11476640261709689,-0.1008241082361404,-0.005888927943713113,0.017351029852960397,-0.09022117662175388,-0.005150418999804275,1.3470345294475554,-0.05429823974186701,-0.006582550687748645,0.017670815439853133,0.06956104815798526,0.00858910414408824,0.3869194483757019,-0.03976348961383595,0.010710659167506895,0.020032099287552535,-0.003614961380711287,0.001435109123333755,0.09733015589416028,-0.02708000499368467,0.007721625012977111,0.01672842755258681,0.04111032507519806,-0.0020586372098684927,0.09736637972295284,1.7037037037037037,-0.002620093497231809,1.7037037037037037,-0.007138071653749866,1.8518518518518519,-0.010518557573342743,1.7777777777777777,-0.01102699513219309,1.8888888888888888,0.005988436945284672,1.8518518518518519,0.0030919953833474815,1.4074074074074074,-0.002054545872655022,1.8518518518518519,-0.0007541546583733558,1.8148148148148149,-0.009687456036841312,1.962962962962963,0.0036816967366808326,1.5925925925925926,-0.0025463723581477266,1.1851851851851851,-0.005021600172831455
2025-08-22,2025-08,232,224,0.028754211601629096,0.0215608043369458,0.015852865108935233,,-0.015128953459804346,,0.027480880818160677,0.00046795886009092305,0.016023528472207647,0.19659650694133451,-0.0025881066317643767,0.10408972686325962,-0.05436749331241657,-0.0006390924322209994,0.019806938458649892,-0.08364340628661134,-0.033523378432468644,1.108547413891012,0.016097784116135456,0.03198760957050218,0.01742113721867996,0.12609242171177942,0.008615491085703288,0.39616755480793386,0.05745845097628433,0.012191896208507962,0.016546033718928804,0.19152432590348825,-0.006214250729318634,0.10180732675574043,0.06579035881980975,0.033742985100671065,0.016471582868244954,0.272375545129726,0.04485560509297632,0.09534111348065463,1.52,0.0177608043369458,1.8,-0.004032041139909077,1.8,-0.005139092432220999,1.8800000000000001,0.02728760957050218,1.76,0.007791896208507961,1.8800000000000001,0.029042985100671066,1.4000000000000001,-0.018628953459804348,1.76,-0.006988106631764377,1.8,-0.03802337843246864,2.0,0.0036154910857032875,1.6400000000000001,-0.010314250729318634,1.2,0.04185560509297632
2025-08-25,2025-08,295,290,0.02045586542564223,0.00964771369347613,0.01603897451070012,,-0.0015162057106044894,,0.09189386901325024,0.005283304790084959,0.01439693205632563,-0.02685340672055682,0.007965099996771752,0.08573850205746189,0.007222887991350811,0.001099639426782503,0.024316830288871855,0.03902912111224697,0.0031405358868646736,0.8389790566830799,0.11340239677010554,0.006975800946056639,0.017410167022970612,-0.018875002191111767,-0.0038229464536153877,0.35584957306755,-0.0194576592052579,-0.016345011142242794,0.01743172011685206,-0.020795456537376817,0.0029924648288502257,0.08815922324770484,0.008656184449631087,0.001485934831440259,0.015038502508370298,-0.06525524841222824,-0.0069898345418868725,0.0710376650094986,1.6206896551724137,0.005595989555545095,1.7586206896551724,0.0008867530659470279,1.8275862068965518,-0.0034693260904588765,1.8620689655172413,0.002320628532263536,1.8275862068965518,-0.020913976659484173,1.6896551724137931,-0.0027382030995942233,1.2413793103448276,-0.004619653986466558,1.7586206896551724,0.0035685482726338204,1.8620689655172413,-0.0015146365269284295,1.8620689655172413,-0.00847811886740849,1.6551724137931034,-0.001145466205632533,1.4482758620689655,-0.010610524197059285
2025-08-26,2025-08,281,274,-0.0346890196376597,-0.005791736062782789,0.012704277444178751,,-0.0021248534262165997,,0.0012793600765974528,0.005329571333614648,0.01268164138744688,-0.08023759158054039,-0.010262312848831192,0.08543616553975475,0.04822485560156814,0.004106451919522887,0.022834013251221797,0.008629663068162713,0.0008763034656041561,1.21238652644334,-0.04936691146550932,-0.0008213607315764307,0.014453803127021568,0.04155391815900887,0.010769793130548669,0.3911071899864409,-0.04232515784162479,-0.0072593945335620545,0.01385134081319802,0.0065982637643157566,-0.0012024870868977905,0.07967211002552951,0.10815554866104016,0.007803624645416606,0.013317218274426253,0.06616003358698508,0.005204319897649253,0.059984891640919226,1.6206896551724137,-0.009843460200713822,1.793103448275862,0.0008468127129249922,1.8620689655172413,-0.0005487204942702158,1.8275862068965516,-0.00539032624881781,1.9310344827586206,-0.012086980740458607,1.8275862068965516,0.0032346591281752265,1.3103448275862069,-0.005400715495182117,1.793103448275862,-0.014745071469520848,1.8620689655172413,-0.003778868948188947,1.9310344827586206,0.005942206923652117,1.6551724137931034,-0.005340418121380549,1.3103448275862069,0.001928457828683736
2025-08-27,2025-08,302,293,-0.029472935762279665,0.005192668644285317,0.016626672734506725,,0.005298913416037024,,-0.1204258617784519,0.007658598033793172,0.015438612723095484,0.0653213596059997,0.0038916994865029926,0.08692460494308636,-0.12596918076154381,-0.000748123647551609,0.02578956732388301,-0.045101640245411766,0.0045935487957902334,1.0167156396241024,0.027346611261547114,-0.00028427416811455304,0.016292232425129293,0.13282241421807767,0.013749924118182747,0.4565637422532871,-0.011734322495744316,0.003007311668730423,0.016004102607271167,0.12586050409422647,0.021843316323296873,0.07833342954259495,-0.05840868105034496,0.004002468407839653,0.015549218651776985,0.1209802615176553,0.007386379800126272,0.049730930027776746,1.7241379310344827,0.0008823238166991102,1.8620689655172413,0.003003425620000069,1.9310344827586206,-0.005575709854448161,1.9310344827586206,-0.005111860375011105,1.8620689655172413,-0.00164786074506268,1.793103448275862,-0.0004802902128500028,1.3448275862068966,0.0019368444505197826,1.7241379310344827,-0.00041864534108321423,1.8275862068965516,2.4583278548854018e-05,1.9310344827586206,0.008922337911286195,1.7241379310344827,0.01753297149571067,1.482758620689655,0.0036794832484021347
2025-08-28,2025-08,280,270,0.03976846350530413,-0.006423555873294736,0.015295484638441298,,0.021457416104133244,,-0.030589548878644315,-0.014669478862064031,0.01476103892172996,-0.0058541478611696725,-0.002349315793463597,0.08961641954051125,0.02572526255326354,0.012634616382997812,0.020717002287845718,-0.1364928375342655,0.0017668008876937278,0.9775602036604174,-0.044152930546078495,-0.0021176242283530607,0.01679501307192431,-0.03413325169963903,0.006410942255664685,0.38639302317191054,0.04578141517202706,-0.003645788134402998,0.01708922567526041,-0.044081039140449106,0.0012620026509093623,0.0844515953902845,-0.012456668905824385,0.00514109977213157,0.015810286028030272,-0.19308711454936178,-0.01530251019798945,0.05059219758819651,1.793103448275862,-0.010906314493984392,1.7241379310344827,-0.01897982368965024,1.8620689655172413,0.007979443969204709,1.9310344827586206,-0.006945210435249613,1.896551724137931,-0.008387167444747826,1.793103448275862,0.0006583411514419144,1.1724137931034482,0.018526381621374623,1.7241379310344827,-0.006659660621049804,1.8275862068965516,-0.0028021646295476516,1.9310344827586206,0.001583356048768133,1.8275862068965516,-0.003306962866332017,1.3103448275862069,-0.018578372266954968
2025-08-29,2025-08,250,245,0.13033140139697705,0.016840536878428045,0.01628387788797793,,0.0012336376830762996,,0.062047376410425945,0.011067878590882008,0.01771582437481644,0.23345863463445438,0.005179617937584558,0.10279329090068737,-0.12615823457215958,-0.009337438096252069,0.023282875222559524,-0.09197357680273677,-0.011343012094147991,0.819614013036092,0.03348344145035611,0.0163088614025737,0.017223758739221006,0.00566678302061936,0.0006985879046796928,0.3959576052147895,0.09235086053925676,0.017698589495870134,0.017551869444665268,0.1870230400023899,0.011473812397642646,0.09084429095188777,0.06611400459964863,0.014463400221890705,0.015747360189823256,0.16076314367644057,0.010970862020344488,0.0686603245170166,1.6666666666666665,0.01267387021176138,1.7777777777777777,0.0066234341464375636,1.8888888888888888,-0.01405966031847429,1.8888888888888888,0.01158663918035148,1.8518518518518516,0.013068959866240504,1.7037037037037035,0.010204140962631447,1.4074074074074074,-0.002284880835442219,1.7037037037037035,0.0009203586783252992,1.9259259259259258,-0.016157826908962804,1.9999999999999998,-0.0043014120953203065,1.6296296296296295,0.007399738323568572,1.2962962962962963,0.007730121279603748
2025-09-02,2025-09,360,351,0.020273047374336738,0.007405319915383356,0.014273546818453407,,-0.004124094084486675,,0.008110659290066538,0.0030062964592015816,0.014150511988667444,-0.02772603698073802,-0.009729574374494551,0.06748396828770638,0.012732980304070067,0.014086910420878085,0.021313485347178685,0.110739980638245,0.017578622115030675,0.7591273690973009,0.08627561426657099,0.01658371461508549,0.01473350169905126,0.024595611591653226,0.0034413863274194894,0.3169343228851046,0.08168864471690883,0.010550433384647128,0.015265966059471473,0.020775366065067375,-0.007558278789636334,0.05568377833281245,0.017342726409926002,0.006854551075139195,0.01514479348649728,0.12477951218759405,0.006325974880576956,0.03655595837959222,1.7428571428571429,0.0030481770582404992,1.7999999999999998,-0.001493703540798418,1.9428571428571428,0.009229767563735228,1.9142857142857141,0.011798000329371203,1.7428571428571429,0.006193290527504271,1.6857142857142857,0.00264026536085348,1.457142857142857,-0.007766951227343817,1.8285714285714285,-0.014301002945923123,1.9142857142857141,0.012792907829316389,1.9428571428571428,-0.0014157565297233674,1.7428571428571429,-0.011915421646779192,1.7142857142857142,0.0020402605948626707
2025-09-03,2025-09,278,273,-0.01665810707670035,-0.0018519215052244624,0.017429382475297333,,-0.0019622479620948186,,-0.012702543217551265,0.003820839384906861,0.016807333533711895,0.12675761335731695,0.006977688110274886,0.0628511251674758,0.02042771635755742,0.007104010753948221,0.021654187100205016,-0.019776825108845656,-0.004244856446499568,1.1754451670028545,0.004795325263022376,-0.002882452993265061,0.01818739657987315,0.041423667866684874,-0.005028297622045885,0.37362328571853815,-0.02763057982634505,0.0025769750792931745,0.01767509162449618,0.029648576468975046,0.006028638278605267,0.0736369597553103,-0.006881463502774117,0.0014216606000539318,0.01834500603044373,0.03637895552895054,0.0007521685570055789,0.05179406398976291,1.6285714285714286,-0.005923350076653034,1.8285714285714285,-0.0007505891865217107,1.8857142857142857,0.0023897250396625064,1.8285714285714285,-0.007453881564693633,1.7714285714285714,-0.001851596349278254,1.7142857142857142,-0.0028640536856603532,1.3142857142857143,-0.005247962247809104,1.6857142857142857,0.002763402395989171,1.857142857142857,-0.008887713589356711,1.9428571428571428,-0.009885440479188741,1.7714285714285714,0.0016000668500338383,1.5714285714285714,-0.00317640287156585
2025-09-04,2025-09,275,267,-0.09183698787514173,-0.004326401546229319,0.015558840403608524,,0.016732379231581312,,-0.1017743872216131,-0.01840351220582009,0.015413828957621622,0.06340559326367477,0.0032671007925530564,0.07454433181771526,-0.047456940573543736,-0.00936282307645247,0.025289408570616446,0.024791086248538832,-0.01113404107263907,1.2372207244237265,-0.14851628545992804,-0.013269211089385363,0.015421487338818849,0.0409647967253158,0.0022847595281890775,0.391603112772659,-0.05812357296303611,-0.007970509639749513,0.017970546675940786,0.10924561278996238,0.007604191487446835,0.06087409546253858,-0.14110391570004122,-0.016900201366016575,0.013596958740499702,0.219004194341916,0.012124163460137713,0.04491625864196706,1.7037037037037037,-0.008585660805488579,1.7407407407407407,-0.022755364057671944,1.6666666666666665,-0.013529489743119138,1.8518518518518516,-0.017898840719014993,1.6666666666666665,-0.01213717630641618,1.9259259259259258,-0.021715016180831388,1.259259259259259,0.013584231083433164,1.5185185185185184,-0.0005291955037432399,1.7777777777777777,-0.015578485517083514,1.9629629629629628,-0.0026226478792183297,1.6666666666666665,0.0034375248207801686,1.5925925925925926,0.008142681978656231
2025-09-05,2025-09,257,245,-0.08855604130847887,0.006789297972237868,0.01636018278125508,,0.0007264676111226888,,-0.020237139172925526,0.0019957310460512467,0.014292137523147418,0.0846953895575061,-0.0038143874822062314,0.06913832994177938,0.2111505234748009,0.01890500468805121,0.022951302889227865,0.13303701458874853,0.009239335020165974,1.0069032398362954,-0.006764800696769523,0.005148136232681593,0.017981435304575705,0.06157248212831418,-0.006418245304802547,0.42421949468553066,-0.029368807121527462,0.009993597254188843,0.016590463130985597,-0.05855770591987417,-0.0061156660308882334,0.056342717725783587,-0.018343221201701204,0.0002644146832681228,0.013737234964856165,0.03744782711971767,0.010243140762964838,0.04717435237641136,1.4814814814814814,0.003085594268534164,1.6296296296296295,-0.002078343028022827,1.7407407407407407,0.014553152836199358,1.8148148148148147,0.0006110991956445565,1.6296296296296295,0.00591952318011477,1.6666666666666665,-0.003902251983398544,1.3333333333333333,-0.002606865722210644,1.4444444444444444,-0.007425498593317342,1.7407407407407407,0.004887483168314123,1.8888888888888888,-0.011140467527024769,1.7037037037037035,-0.010374925290147493,1.5185185185185184,0.0064468444666685425
2025-09-08,2025-09,275,263,0.08656304582272341,0.027890218053743185,0.020624253014194748,,-0.012077721806365247,,0.05401809181391616,0.01582609134906498,0.02000159667324774,0.01889098346325202,0.0038798713082887153,0.07487277228098649,0.002332965136333718,0.026239691895891128,0.021540222529987527,0.02632851849505282,0.030369163108614226,0.7934238801781948,0.02269497612228374,0.027647892164066323,0.019408919963589573,0.0583214900444343,0.004770763501363487,0.3820172526802008,0.042188074312966437,0.013070975377181104,0.0212486809387765,-0.048315425588090086,0.0006880582185744321,0.07887635272569381,-0.005530137924548928,0.010636392761441196,0.01708212415508947,-0.08909038348022803,-0.009842061365111445,0.048067426595550314,1.4615384615384615,0.02423637189989703,1.6923076923076923,0.011595322118295748,1.8076923076923077,0.02172046112666036,1.7692307692307692,0.0232248152409894,1.5769230769230769,0.009128667684873411,1.7307692307692308,0.006309469684518119,1.4230769230769231,-0.015635414114057555,1.4615384615384615,0.00022602515444256196,1.8076923076923077,0.025849932339383458,1.846153846153846,0.00015537888597887215,1.6153846153846154,-0.0033504033198871064,1.5384615384615383,-0.013688215211265292
2025-09-09,2025-09,276,262,0.01571838301394101,-0.006473620344535528,0.01729761524576894,,0.009305489121226465,,0.052785776458669255,-0.011160044520118343,0.017908297956986754,-0.04359526833235827,-0.012439638527909408,0.07371152579211272,0.06004198694990308,0.004684141878916219,0.021080120995292544,0.02033473023794798,-0.01468886358607165,1.0881404154575787,0.07810333756653015,0.005292534145218775,0.018234473365337893,-0.006341804483383513,-0.0003287081740518267,0.3377562312839123,0.09120417802257388,0.003911399225539821,0.015971234728847362,-0.03355146187982477,0.002762942999913104,0.07681109376538259,0.040286525591815184,-0.020141293990547593,0.016168689216024584,0.04615687561535937,-0.01229646684275635,0.051371497030441575,1.7307692307692308,-0.010800543421458605,1.653846153846154,-0.015294659904733728,1.9615384615384617,-0.00021970427492993497,1.8846153846153848,0.0005809956836803128,1.8461538461538463,-0.0007039853898447943,1.7692307692307694,-0.02456437091362452,1.3846153846153846,0.0058439506596880035,1.5384615384615385,-0.016285792374063256,1.8461538461538463,-0.019304248201456264,1.8846153846153848,-0.005040246635590289,1.576923076923077,-0.0011793646923945887,1.4615384615384617,-0.015950312996602503
2025-09-10,2025-09,251,245,0.0285851099109245,0.008379339239910374,0.016921596009978092,,-0.0284177081751132,,0.08309852635064154,0.007758462374877683,0.017794460777996526,-0.06373672072604433,-0.012975838824385433,0.06686789185429613,0.08808456295426986,-0.0012020186840568,0.02109757101715947,-0.007469830971753565,-0.014378398201465836,1.0199400621155899,0.06812298852059524,0.01145842437397839,0.016818321381694257,0.016512249297860417,0.022058049737952255,0.3810879451533159,0.04043410391509714,0.020587156787911922,0.02004245141328448,0.017573149363047644,0.022004521933034954,0.06666242137240867,0.10336262823955035,0.004925092416548024,0.016428546963544465,0.0081722695293285,0.005001848343608752,0.05454195515873531,1.7307692307692308,0.004052416162987297,1.8076923076923077,0.003239231605646914,1.8846153846153846,-0.005913557145595261,1.8846153846153846,0.0067468859124399285,1.846153846153846,0.015971772172527307,1.8076923076923077,0.0004058616473172549,1.5769230769230769,-0.03236001586742089,1.8846153846153846,-0.017687377285923893,1.6153846153846154,-0.018416859739927374,1.8076923076923077,0.017538818968721486,1.6538461538461537,0.017869906548419568,1.4615384615384615,0.001348002189762599
2025-09-11,2025-09,257,250,0.0532149239887793,0.01152465852115478,0.01639812918193653,,0.017131966576710445,,0.06983106732422405,-0.010622848175584365,0.01705408462628702,0.2602479413627726,0.014075208875161985,0.07465230882167817,0.11464384345815455,0.02866908284350439,0.01882508126555915,0.09637865140087341,0.0317004466459173,0.8710285115242005,0.023819959732150935,0.0031821382635603516,0.019872308261577418,0.10240518392000723,-0.005739758860201136,0.3231199130415916,-0.03148824201429735,-0.012386743288634051,0.016336425692219658,0.1459271219799113,0.007930263179025685,0.07812009543180465,0.054970279838928604,0.029306425875114256,0.016185124726876988,0.06349326418423672,0.01969799574523212,0.059118335172533995,1.76,0.007124658521154779,1.72,-0.014922848175584365,1.8399999999999999,0.02406908284350439,1.8,-0.001317861736439648,1.8399999999999999,-0.016986743288634053,1.76,0.024906425875114255,1.44,0.013531966576710446,1.8399999999999999,0.009475208875161985,1.76,0.027300446645917298,2.0,-0.010739758860201136,1.8,0.003430263179025685,1.28,0.016497995745232117
2025-09-12,2025-09,297,289,0.0023550856784658914,-0.008597313974306764,0.01780201977446662,,-0.014284482167570953,,-0.048969200549986006,-0.015692350744037346,0.018640312496030216,-0.016894413124352324,-0.009349376861566457,0.07680157096735363,-0.0686806142953802,-0.006863911079663149,0.019858158852077527,0.05344002030691139,0.01295491409478148,1.1380617854924038,-0.008494615172060673,-0.012203813705849872,0.020655769998621662,0.06229079090043305,-0.004418387239256583,0.343166818906521,-0.06032276102247357,-0.013736924155762945,0.02129299272271313,0.03165887421041497,0.007220383277911949,0.08265893186988502,0.07701700446064684,-0.004291997194464411,0.01765854272821138,0.11682076946006137,0.0034935128920567217,0.05675446813733413,1.7241379310344829,-0.012907658801892971,1.7586206896551724,-0.02008890246817528,1.896551724137931,-0.011605290390007976,1.6896551724137931,-0.016427951636884354,1.793103448275862,-0.0182196827764526,1.6896551724137931,-0.008516135125498894,1.4482758620689655,-0.017905171822743367,1.8275862068965518,-0.013918342378807836,1.896551724137931,0.008213534784436653,1.9310344827586208,-0.009245973446153135,1.6551724137931034,0.0030824522434291903,1.5517241379310345,-0.00038579745277086486
2025-09-15,2025-09,351,342,0.015101704899385714,-0.004889339427445467,0.017178514342913204,,-0.022905420820789963,,0.02205142233123981,-0.010015177637178015,0.018718628250516504,-0.1334916565026405,-0.014817747450574617,0.08591983565951095,-0.039041000524951255,-0.0020589775892805645,0.015104683495722311,0.049555331813951116,0.005388423977392368,0.8042214639923152,-0.06999584235180409,-0.01159591649096857,0.01886716468877934,-0.16569972844514752,-0.011648325760229358,0.3456668915117488,-0.05680042574095542,-0.0074484106238765155,0.01885200262669201,-0.0645085514838324,-0.0030295866895038485,0.07724794789272196,-0.03769272655765955,-0.008476218965934453,0.01671602346019243,0.05833208862887742,0.0035394911943840337,0.05809535343638238,1.5294117647058822,-0.008712868839210172,1.6176470588235294,-0.014059295284236838,1.7941176470588236,-0.006544271706927623,1.7941176470588236,-0.01608121060861563,1.6470588235294117,-0.011566057682700043,1.5294117647058822,-0.01229974837769916,1.3529411764705883,-0.026287773761966435,1.6176470588235294,-0.01886186509763344,1.7941176470588234,0.0009031298597453096,1.9117647058823528,-0.01642773752493524,1.6176470588235294,-0.007073704336562672,1.1764705882352942,0.000598314723795798
2025-09-16,2025-09,349,341,0.06813725351814473,0.018541930488346268,0.016557543261061104,,0.0065674726586943235,,0.10189648114951938,0.025579932143191087,0.017882585166813132,0.09896594068909058,0.018230831176010532,0.06567404693102136,-0.008768732118333991,0.015590182803441517,0.018023206338219612,0.0313246439446834,0.016406517347839183,0.8462917085956125,-0.043289341821107455,0.002667104144842748,0.017967605897827005,0.0010120400299236383,-0.003872630261943148,0.36193574285682506,0.05889423687664968,0.016672144792972188,0.01875312488268989,-0.026242748457944585,-0.012840583394481239,0.05590850410654265,0.10063799455163945,0.02027977093427416,0.01629071274433018,-0.06375089982638645,-0.02920475780527758,0.05280605352976743,1.5588235294117647,0.014644871664816856,1.5,0.021829932143191087,1.8529411764705883,0.010957829862265046,1.6764705882352942,-0.0015240723257454875,1.5294117647058822,0.012848615381207483,1.5294117647058822,0.016456241522509456,1.1764705882352942,0.0036262961881060878,1.5,0.014480831176010532,1.7352941176470589,0.012068282053721537,1.9117647058823528,-0.008652042026649029,1.5588235294117647,-0.016737642218010648,1.2058823529411764,-0.03221946368763052
2025-09-17,2025-09,310,300,0.01653556866255867,-0.008356935019097803,0.018721516797195418,,0.001670839238123034,,-0.006180521498494999,0.0031733581647534898,0.016034562799033952,-0.10915819673864553,-0.019630086902285467,0.0785162997742494,0.026329148597875517,-0.002766088184888952,0.02020119273841678,-0.052213521894908084,0.014315821710395102,1.105746853351593,0.030745108622861707,-0.00909143341428434,0.018443197624702423,-0.1776782612285919,-0.01869638569380538,0.448327536508441,-0.01745719887656177,-0.006289130363923945,0.02098469855741217,-0.026009669463849278,-0.02000679407095414,0.0802301841477553,-0.01257715078099903,0.0029324082097308855,0.015691848103732656,-0.045287369980352925,0.0041976771072878526,0.054254380303124586,1.4411764705882353,-0.01195987619556839,1.4411764705882353,-0.0004295830117170985,1.8235294117647058,-0.007324911714300717,1.8235294117647058,-0.013650256943696105,1.5588235294117647,-0.010186189187453357,1.6764705882352942,-0.00125876826085735,1.2058823529411764,-0.001343866644229907,1.6470588235294117,-0.023747733961108995,1.6176470588235294,0.010271704063336277,1.8529411764705883,-0.023328738634981853,1.6470588235294117,-0.024124441129777668,1.2058823529411764,0.0011829712249349115
2025-09-18,2025-09,306,298,0.07329482334932157,0.014753892525993304,0.017206422965708533,,-0.0004397367100592983,,0.07884411413948823,-0.0015242108931151077,0.016681248172861443,-0.01632685113346882,-0.01254241802601598,0.07204094404975574,-0.045980773656542615,-0.017635788707690416,0.018357757708875044,0.09482816028728704,0.01722593029573698,0.9689234112699827,-0.008546536038455538,0.015636700105720658,0.017567626975912652,-0.07460738767659571,0.0039047255710717692,0.3426741663366556,0.035281972029480344,-0.009147124575319838,0.021297809604754827,-0.0903079018759744,-0.019959816686120787,0.04939122460782528,0.05070439346775182,0.014264354494343594,0.016740330670719502,-0.05106792436630764,-0.0008194754216819707,0.046521623743077126,1.5333333333333332,0.010920559192659971,1.7,-0.005774210893115108,1.8,-0.022135788707690417,1.8666666666666667,0.010970033439053992,1.7333333333333334,-0.013480457908653171,1.6333333333333333,0.010181021161010259,1.3333333333333333,-0.003773070043392631,1.5666666666666667,-0.016459084692682646,1.7333333333333334,0.012892596962403646,1.9,-0.0008452744289282306,1.7333333333333334,-0.024293150019454122,1.3,-0.00406947542168197
2025-09-19,2025-09,322,316,0.034299782489184215,0.0016901719566388765,0.019730347643871386,,-0.0036024440906891955,,-0.061305413544617576,-2.6123812906609506e-05,0.019007441387512446,-0.27783605582783594,-0.06354179819146867,0.08260680292733014,0.04936641921731829,0.01332677381394463,0.01680444457851467,0.026063549935938075,0.012454141696755808,0.9272885415703058,-0.09303147679653996,-0.018146850844827592,0.019540212445743096,-0.10907620175040225,-0.00883716901773349,0.36967905127676204,-0.11957056395560213,-0.01717275400243915,0.020545487937656662,-0.23328470805332763,-0.028073272142852795,0.06762605893891305,-0.02501275537482471,0.0056915810755359605,0.01690353459665083,-0.05282100008248985,0.028909713456746925,0.058514250617008656,1.5,-0.0020598280433611234,1.5,-0.0037761238129066094,1.875,0.00863927381394463,1.75,-0.022521850844827593,1.65625,-0.021313379002439153,1.71875,0.0013947060755359602,1.25,-0.006727444090689196,1.4375,-0.06713554819146868,1.8125,0.007922891696755807,1.90625,-0.01360279401773349,1.71875,-0.032370147142852794,1.28125,0.025706588456746924
2025-09-22,2025-09,364,357,0.06191903127501597,0.004961085590950154,0.020369144574375254,,-0.00760966545667649,,0.018831107798248353,-0.003698185908539823,0.01999930253093881,-0.15842726130826001,-0.0141997288104181,0.08501893499245247,0.07712467341221212,0.0071437965498636,0.014656023179141449,-0.025431039471011746,0.0031098027259738436,0.8600122051106559,-0.014339460581692352,-0.01562676231989933,0.02023305140423978,-0.159338803123328,-0.005963536889014952,0.3574182772491541,0.0478988040539041,-0.002301969603451874,0.020091923525181413,-0.1081892023411959,-0.012619215702661137,0.07827934317497744,0.12972159407974332,0.006268457344335541,0.0178833135286568,-0.026190249737202433,0.006958092791657017,0.06107949889782402,1.472222222222222,0.001280530035394599,1.5277777777777777,-0.007517630352984268,1.8333333333333333,0.0025604632165302675,1.6111111111111112,-0.019654540097677108,1.6388888888888888,-0.006399191825674095,1.6666666666666665,0.0021017906776688742,1.1944444444444444,-0.010595776567787601,1.3611111111111112,-0.017602506588195878,1.722222222222222,-0.001195752829581711,1.9166666666666665,-0.010755203555681618,1.6111111111111112,-0.016646993480438917,1.1666666666666667,0.00404142612499035
2025-09-23,2025-09,316,311,0.0533235216380207,0.016474922018379475,0.021154087306055256,,-0.0072690961326437285,,0.046094812161178014,0.010441937988918838,0.020716917881724903,0.1289283384958823,0.007954901365917824,0.07344698136852633,0.0674316252155918,0.023739456564670584,0.020134761583828285,0.09245410975405065,0.030611355455227196,1.0040357886783537,0.017946655561957243,-0.0008851527784030609,0.02369532687460111,0.03562786293289827,0.007569265065140502,0.39457356208755123,0.028827369305746496,0.010400934416891824,0.020838641644870703,0.01936516810134188,-0.013389835145729232,0.06378457959621184,-0.003917832756230712,0.005589800354470632,0.01853890543757678,-0.20055143248850074,-0.02236806975095628,0.059901847894633965,1.25,0.013349922018379475,1.3888888888888888,0.0069697157666966155,1.9444444444444444,0.018878345453559472,1.5833333333333333,-0.004843486111736394,1.5,0.006650934416891824,1.3611111111111112,0.0021870225766928543,1.3055555555555556,-0.010532985021532618,1.5555555555555556,0.0040660124770289345,1.9166666666666665,0.02581968878856053,1.8888888888888888,0.0028470428429182796,1.75,-0.017764835145729234,1.1944444444444444,-0.025354180862067394
2025-09-24,2025-09,326,321,0.050181364760078104,-0.004409136239022941,0.02034490285609067,,-0.0006123784134482516,,0.025249749968610777,-0.01231314092844836,0.01911164420261652,0.1681823259197042,0.0044704445173476895,0.07330292498227209,0.0030743650140790165,-0.010963440934744256,0.020466217575214732,0.05243115475903527,0.0015662411794722594,1.0407957918941975,0.029950253495027515,0.0023296222951391388,0.02064747999103217,0.0621167159513532,0.006703876624257192,0.3150000525638461,0.02462213871005451,0.00961075431736812,0.02041825192188399,0.11322443077269441,0.013672135501046345,0.0544656403362751,0.04436314515675128,-0.006717292514040147,0.01826779199456935,-0.13940849717064047,-0.01955117418779333,0.0546239476534538,1.3125,-0.007690386239022941,1.53125,-0.01614126592844836,1.84375,-0.015572815934744254,1.625,-0.0017328777048608614,1.46875,0.005938879317368121,1.5625,-0.010623542514040147,1.125,-0.0034248784134482515,1.46875,0.0007985695173476897,1.6875,-0.002652508820527741,1.84375,0.0020945016242571923,1.65625,0.009531510501046345,1.125,-0.02236367418779333
2025-09-25,2025-09,351,343,-0.004771894771894772,-0.004587101564448912,0.016742982519521693,,-0.002222960190272379,,-0.029006826506826507,0.0009897964188463311,0.017332004991099,-0.16224941724941724,-0.012819099105105612,0.07733381671064041,0.09218602349160496,0.024022047408056364,0.020151370577374234,0.21364076811074628,0.052711230119883615,1.093893430688802,-0.0071586746586746585,0.004620009593771171,0.018305199296936,-0.052717837717837716,-0.001090316640178978,0.36561985204325,-0.04668969918969919,-0.004130061969586984,0.01844373911489977,-0.1576859251859252,-0.015829814108933252,0.06576279989060234,-0.018536463536463536,-0.0015406969630415695,0.015169707032861978,0.044745254745254745,0.007867376696484282,0.06631896622917231,1.5,-0.00833710156444891,1.588235294117647,-0.002980791816447786,1.911764705882353,0.01924263564335048,1.6764705882352942,0.0004288331231829352,1.5588235294117647,-0.008027120793116394,1.6176470588235294,-0.005584814610100393,1.3529411764705883,-0.00560531313144885,1.411764705882353,-0.016348510869811494,1.7941176470588236,0.048225936002236555,1.911764705882353,-0.005869728404884861,1.5588235294117647,-0.019726872932462662,1.2352941176470589,0.0047791414023666354
2025-09-26,2025-09,333,328,-0.027413284318123322,0.0038589150547192266,0.019871787876828965,,0.003583400952159248,,-0.007575217178164231,-0.005187531256108619,0.019337812483217445,0.11962083616947541,-0.005330298709477193,0.07753745692245888,0.008769596502083072,0.01257787065657253,0.015017613379865815,-0.005562172580152764,-0.013150201866478767,1.315446756102822,-0.01188603896573817,-0.0022390722083060217,0.01661999877474287,0.056579495339765216,-0.0013534976522336629,0.35573852017070307,0.028886080725306518,-0.004389387703672785,0.0201504574102885,-0.005179648176498095,-0.01449162819273484,0.0686475679729924,-0.02438400988971243,-0.0102030459367272,0.01804928307458597,-0.16368026213961578,-0.026360382911400023,0.061070121994072746,1.2941176470588236,0.0006236209370721678,1.3529411764705883,-0.008569884197285091,1.7058823529411764,0.008313164774219589,1.6470588235294117,-0.0063567192671295505,1.3823529411764706,-0.007845270056613961,1.5294117647058825,-0.014026575348491907,1.2647058823529411,0.0004216362462768951,1.5882352941176472,-0.009300886944771311,1.7352941176470589,-0.017488437160596414,1.9705882352941178,-0.006279968240468958,1.7647058823529411,-0.018903392898617193,1.2647058823529411,-0.029522147617282377
2025-09-29,2025-09,351,342,-0.02120380502989071,0.0014773042522146672,0.015688659137362504,,-0.007628377380638076,,-0.022803039794807085,-0.0011854317974835833,0.01710097404354785,0.02495033783591812,0.02255321842973402,0.0771150717183071,-0.0680710197895515,-0.017215886843862355,0.017480989396795675,0.011435960185111995,0.0053730746148221015,1.1833237225518507,0.04437272909288142,-0.0059879069948076845,0.01820132567785833,-0.1626680941287024,-0.017878454119295836,0.3012993936153019,-0.0006776559597303116,-0.0006385743895964031,0.015129402799536316,-0.039411438316452926,0.0037079219593916276,0.06176146771758795,-0.016086005147772368,-0.0013739054753855607,0.017579048696728668,-0.06560539416364516,-0.007933029844304518,0.06792432195780909,1.3823529411764706,-0.001978578100726509,1.6176470588235294,-0.005229549444542407,1.8823529411764706,-0.021921769196803532,1.5588235294117647,-0.009884965818337095,1.5882352941176472,-0.004609162624890521,1.4705882352941178,-0.005050376063620855,1.3823529411764706,-0.011084259733579252,1.4705882352941178,0.018876747841498724,1.7647058823529411,0.0009613099089397486,1.8823529411764706,-0.02258433647223701,1.6764705882352942,-0.00048325451119660785,1.2647058823529411,-0.011094794550186872
2025-09-30,2025-09,325,322,-0.0180480039711289,-0.005024363538038097,0.01729979393636316,,0.004552444923826098,,-0.061638640535653606,0.0006584653620959023,0.01799134690585752,-0.0342563932618796,-0.00824074173152918,0.10871436726301908,0.10897326320427174,0.01689442943452854,0.01746640322250735,-0.016540661063824402,-0.002214982165298217,1.2646038136444986,0.0037267770116834573,-0.000700872888256189,0.01782450547588581,-0.08070546934502952,0.008856914609016591,0.3446137325372547,-0.0694704304399549,-0.003928671622785793,0.019764593126901257,-0.06611437353153478,-0.00826391832639415,0.10533835046226159,0.022988316898398056,0.011645524996822327,0.015667484428500123,0.0066574059468160205,-0.0024474862165519175,0.10951838921755552,1.6176470588235294,-0.00906848118509692,1.7058823529411764,-0.003606240520257039,1.8529411764705883,0.01226207649335207,1.7352941176470589,-0.005039108182373836,1.6764705882352942,-0.00811984809337403,1.7352941176470589,0.00730728970270468,1.411764705882353,0.0010230331591202157,1.5,-0.01199074173152918,1.7352941176470589,-0.006553217459415864,1.8529411764705883,0.00422456166784012,1.7352941176470589,-0.012602153620511796,1.4411764705882353,-0.006050427393022506
2025-10-01,2025-10,345,334,0.13959070001227375,0.04964286466012237,0.018901219595534466,-0.057896690181592894,-0.0009898434200509044,0.2276621979068626,0.19120469675096582,0.057934642428887365,0.01803887567691417,0.09473135122182154,0.014712531976507922,0.08502889356829904,0.0574461632653247,-0.0030308737447586704,0.019273888493247845,-0.0650214686526377,-0.008597407571902945,0.9331831336021423,0.058527326604206974,0.043297619529449376,0.01854137203209173,-0.052172159652127154,-0.002442111839137844,0.33977582689487573,0.21380678796238392,0.05871696997620127,0.017654202827990736,0.06552774157349339,0.004215949129107014,0.07637568856730606,0.19442320689603076,0.056240181803930055,0.017423005377617387,0.13637293465110434,0.018299840210524578,0.09892425821586089,1.4545454545454546,0.04600650102375873,1.7272727272727273,0.053616460610705546,1.8181818181818181,-0.007576328290213216,1.696969696969697,0.039055195287025134,1.7575757575757576,0.05432303058226188,1.606060606060606,0.05222503028877854,1.878787878787879,-0.005686813117020601,1.8181818181818181,0.010167077431053377,1.7878787878787878,-0.013067104541599914,1.8181818181818181,-0.00698756638459239,1.8181818181818181,-0.000329505416347531,1.4242424242424243,0.014739234149918517
2025-10-02,2025-10,347,343,-0.006240598426531124,0.0045884247236543775,0.01911077408342466,0.01998996064604849,0.00617718265572613,0.2490410914315897,0.0246147266882461,0.00577040492909597,0.02019986816196786,-0.0009285433078357317,0.010517208769273305,0.08543275707565687,-0.06057848169473507,-0.0038381802466075574,0.025308681917288398,0.01642632373701111,-0.0010204098452929501,1.1157899599741485,0.003234679555985131,-0.005669763195125436,0.018722555470096935,0.07591451858454464,0.0007983546852709435,0.3638064081177992,-0.008047567384375455,-0.0006852019656942553,0.020047573122697684,0.008359331038111008,0.004637688215373195,0.05989392282550826,0.03267119694129284,0.013727050005970395,0.019546646230042014,-0.04666267591217796,0.00743029878202386,0.1003448067999938,1.5,0.0008384247236543777,1.7352941176470589,0.001432169634978323,1.7647058823529411,-0.00824994495248991,1.7058823529411764,-0.009934469077478377,1.7647058823529411,-0.005096966671576608,1.7058823529411764,0.009462344123617454,1.0,0.0036771826557261303,1.5588235294117647,0.0066201499457438934,1.7647058823529411,-0.005432174551175303,1.7941176470588236,-0.003686939432376115,1.6764705882352942,0.00044651174478495953,1.2941176470588236,0.0041950046643768005
2025-10-03,2025-10,353,346,-0.0036158269771956555,0.00657308745661948,0.021228667461391987,0.04858722837564643,-0.00213086550366954,0.20100351609289646,-0.0022326788866096404,0.00246025863976578,0.021975083425037595,-0.16791087453614628,-0.029849158792232086,0.07665957467896597,0.07847174523569142,0.010873210289896358,0.021892619767556284,0.02030503903435751,0.01160769420744706,1.0660057153020586,-0.007326183203685956,0.003842447462059676,0.019181752968650753,-0.004415569907040608,-0.00433188268922095,0.3290004262434585,-0.003920555752623062,0.004272115446558665,0.018889935531651244,-0.04399392260660359,-0.015109215791710704,0.06755328801061426,0.06189954895603384,0.015371691631082204,0.01815008878084651,-0.06503332001792106,0.002135359014936415,0.08781271598168783,1.4857142857142858,0.0028588017423337654,1.4857142857142858,-0.0012540270745199345,1.7428571428571429,0.006516067432753501,1.5714285714285714,-8.612396651175303e-05,1.6285714285714286,0.00020068687513009366,1.6285714285714286,0.011300263059653632,1.0285714285714285,-0.004702294075098111,1.5999999999999999,-0.03384915879223209,1.8285714285714285,0.007036265636018488,1.8857142857142857,-0.009046168403506664,1.657142857142857,-0.01925207293456785,1.2571428571428571,-0.0010074981279207277
2025-10-06,2025-10,381,378,0.1350509782309176,0.010342755425567647,0.020827122851795745,0.07777635538737597,0.006614629757941876,0.23902155566764505,0.04222958972233734,0.004868909101851399,0.020225197455796318,0.008046076770026233,0.0039989362320031535,0.11461027481250072,0.024699871091408494,0.00550693815875235,0.021926704323906296,-0.011394958340517274,0.005522466401433341,1.0739115766788783,0.04863642182506189,-0.006373770557082597,0.02036190501102707,-0.09392231867957812,0.0011367107293911213,0.39853307158735235,0.046231256088855525,0.0018773567906518068,0.021378360057018965,-0.09199015802275198,-0.004702194546527197,0.12370115734244647,0.12110449512698984,-0.0002199938950878228,0.01956322047021672,0.01327451869563425,0.01226032444572969,0.12514705681487134,1.368421052631579,0.0069217027939887,1.5526315789473684,0.0009873301544829779,1.7105263157894737,0.0012306223692786656,1.5526315789473684,-0.010255349504451018,1.5789473684210527,-0.002070011630400825,1.5526315789473684,-0.004101572842456244,1.026315789473684,0.004048840284257666,1.4210526315789473,0.00044630465305578503,1.7368421052631577,0.0011803611382754462,1.9473684210526314,-0.003731710323240458,1.631578947368421,-0.008781141914948248,1.026315789473684,0.00969453497204548
2025-10-07,2025-10,342,336,-0.011412965953695658,0.003310780821493423,0.02089128707667804,0.008191674350158117,0.009131953755217451,0.219390583498513,-0.022562090785645063,0.005575422612832441,0.023162364416538184,-0.0057983548853581075,0.011317700253646607,0.07342162218821399,-0.007562408394745077,-0.005172759988564287,0.025001113673375916,0.09048295571673182,0.01230597760589209,1.2372938368250344,-0.021837615164249723,-0.00514443371725168,0.02156198864825932,0.06866783932720665,0.010012074734099667,0.39297456316211643,-0.007207407470738609,0.001936479163353863,0.018733366950897314,0.027183135287497575,0.005692936004747576,0.06885451549554572,-0.012128441877930808,-0.007024441980221059,0.02045922973729368,-0.17158957601076724,-0.004977195224665423,0.0806546882890603,1.4210526315789473,-0.00024185075745394554,1.4736842105263157,0.001891212086516652,1.6052631578947367,-0.009185917883301128,1.6052631578947367,-0.009157591611988522,1.631578947368421,-0.0021424682050671896,1.5,-0.01077444198022106,0.9210526315789473,0.006829322176270082,1.5526315789473684,0.0074361213062781855,1.7368421052631577,0.007963872342734196,1.868421052631579,0.00534102210252072,1.7105263157894737,0.001416620215273891,1.2894736842105263,-0.008200879435191738
2025-10-08,2025-10,314,306,0.045921309041717664,-0.014770257385881497,0.019435439453444663,0.016905096219721482,0.010771011518381984,0.22521156060599512,0.029283083372336746,-0.009603146408244643,0.02067844778890735,0.19945928189146683,0.02262686522748357,0.06948115232010041,-0.06570405481063059,-0.01830296889419623,0.01740537784900275,-0.13043102862962974,-0.015523849432842796,1.1911306025520447,-0.04960516918759527,-0.01250374039759756,0.018846937126527227,-0.05208510786744848,-0.004325825576346854,0.2965644545132114,0.010305234403238106,-0.0003546765037469937,0.01963174464471948,0.0233421611863239,0.0022160775662873455,0.06051942700099561,-0.007123331211160112,-0.0015718532817904506,0.019490476868456987,0.08428128582378598,0.009158524313797843,0.07722085498033032,1.4705882352941175,-0.01844672797411679,1.5588235294117647,-0.013500205231774054,1.6764705882352942,-0.022494145364784467,1.7058823529411764,-0.0167684462799505,1.7352941176470589,-0.004692911797864641,1.5588235294117647,-0.005468912105319862,1.1470588235294117,0.007903364459558453,1.588235294117647,0.01865627699218945,1.7941176470588236,-0.020009143550489855,1.852941176470588,-0.008958178517523323,1.6470588235294117,-0.0019015694925361834,1.2941176470588236,0.005923230196150785
2025-10-09,2025-10,391,385,0.05960263704143865,0.00027597260936378966,0.01861895616598763,0.08647030718641972,0.008084287258616416,0.27728029286586925,-0.015047958982924273,-0.004308898967480566,0.018029769422450923,0.031062324595389997,0.007590001496513501,0.1301358979881594,0.08602246704993764,0.013798234495947331,0.025500823274726213,-0.08733478186588448,-0.0011283044825719278,1.2257003195975957,0.06422258510988894,0.004979230728106467,0.02001643216622882,-0.03788619126580398,-0.010352912802456597,0.40210007435004963,0.022983173202391325,0.0094384556196266,0.01894653482731605,0.03881244805614553,0.012918402172507538,0.10732303471549562,0.043997197541223845,-0.007606601551699141,0.018181492447143868,0.012577338627758795,0.008961199255474565,0.1215564007625768,1.368421052631579,-0.0031450800222151574,1.5,-0.008058898967480566,1.8421052631578947,0.009192971338052594,1.631578947368421,0.0009002833596854143,1.6052631578947367,0.005425297724889758,1.4736842105263157,-0.01129081207801493,1.131578947368421,0.005255339890195363,1.6578947368421053,0.0034452646544082385,1.763157894736842,-0.005536199219414032,1.8157894736842104,-0.014892386486667124,1.6842105263157894,0.008707875856718065,1.3421052631578947,0.005605936097579828
2025-10-10,2025-10,348,331,-0.022244963391085035,0.012422449434346845,0.01810349997578644,0.009301289925415797,0.007172922694377429,0.31347514914743824,0.025303631620400426,0.011059422634018854,0.017290752238825334,-0.12523341493958629,-4.556817435688934e-05,0.16304922013571768,-0.0683756181472966,-0.016583577362532163,0.01734666646238919,-0.05217374220216176,-0.005740132964111938,1.2522003312002528,-0.06495670326657166,0.0024185082734839124,0.018429948826189667,0.04761522397868522,0.017173988732147625,0.41649616594341665,0.025094633065166995,0.0067345371227312475,0.017943830409953565,-0.04788173984748425,-0.003500420375769,0.148540434794444,0.08249662726446283,0.02159412437517862,0.017756004368180336,-0.2684740201128473,-0.030218420828436204,0.14861370402980933,1.3421052631578947,0.009067186276452109,1.4736842105263157,0.007375212107703065,1.6052631578947367,-0.020596735257269003,1.7105263157894737,-0.0018578075159897721,1.5263157894736843,0.002918747649047037,1.5263157894736843,0.01777833490149441,1.131578947368421,0.004343975325956376,1.5789473684210527,-0.003992936595409521,1.6578947368421053,-0.009884869806217202,1.7894736842105263,0.01270030452162131,1.5263157894736843,-0.007316209849453211,1.131578947368421,-0.03304736819685726
2025-10-13,2025-10,420,409,-0.0361467136894028,-0.027370313653267413,0.02066336251348232,-0.10811238938225243,-0.019287902025862048,0.20544468575134509,-0.12373509142586675,-0.03164415396366932,0.01902823269948195,-0.037270058587967635,0.001983269155929241,0.07823765364180252,-0.026279507665173632,0.007597098480456258,0.018377157876763108,0.011153913150303384,0.01185986212617048,1.0127021503157732,-0.19982235076200902,-0.028359593960036338,0.0199654211534891,0.03512605515678466,-0.00745290522815625,0.3030970885259349,-0.08358212001236269,-0.03282676657358874,0.018668533750576984,-0.06018256666219707,0.002757963157201046,0.06912358941101446,-0.0025910419950618776,-0.02532024292202832,0.019984295953533026,-0.03202674975105177,-0.006907369866585832,0.09558565714737263,1.5365853658536586,-0.03121177706790156,1.7073170731707317,-0.035912446646596145,1.6097560975609757,0.003572708236553818,1.7560975609756098,-0.03274983786247536,1.6341463414634148,-0.03691213242724728,1.6097560975609757,-0.02934463316593076,1.0,-0.021787902025862046,1.4878048780487805,-0.00173624303919271,1.6829268292682928,0.007652545052999749,1.7317073170731707,-0.011782173520839177,1.6341463414634148,-0.0013274026964574907,1.4146341463414636,-0.01044395523243949
2025-10-14,2025-10,363,350,-0.092688827997718,-0.005758997391005702,0.022253490702721868,-0.02845873363201339,-0.016527584881115345,0.25042726227215356,-0.026467254493372023,-0.009885453590705171,0.02180521006210854,-0.0062925522493578745,-0.007796271499665724,0.09991571690355028,0.11463157709544249,0.011724109297193358,0.02128437908313783,0.01955296698579018,0.006220962187698152,1.000210027183805,-0.010698618978875175,-0.016307014244550458,0.02252875387748946,0.051976903056762426,-0.013964014086471414,0.38724614168916427,-0.026222647267348423,-0.008989607574406259,0.02042023973717669,0.13189146363430643,-0.01404534991824195,0.07525884950799601,-0.036371965553281475,-0.0065443663624141675,0.01977580694321337,0.20159624403722848,0.008570680394190738,0.12942914334791047,1.3414634146341464,-0.009112655927591067,1.5121951219512195,-0.01366594139558322,1.6341463414634145,0.007638743443534822,1.6585365853658536,-0.020453355707965092,1.6585365853658536,-0.013135949037820893,1.5853658536585367,-0.010507780996560509,0.9268292682926829,-0.01884465805184705,1.5121951219512195,-0.011576759304543773,1.7073170731707317,0.0019526695047713235,1.878048780487805,-0.018659136037690927,1.7073170731707317,-0.01831364260116878,1.2195121951219512,0.00552189990638586
2025-10-15,2025-10,392,383,-0.05879051799001772,0.007673953058309334,0.022540514436324065,0.013754137985242058,0.02431719453515763,0.2554988796381574,0.028351162919044524,0.014288968733336948,0.021624207017310677,-0.0052340271329538186,0.011484335875520306,0.08650325674955782,-0.05367714068152139,-0.004699561013228843,0.016654019401213922,-0.0010143211225565989,0.006935232737896708,0.9597773810750561,0.036836910680740374,0.020830539291345387,0.021283697658021884,0.010869675652884186,0.007544983082282686,0.31900615186283465,-0.024257254435727012,0.007054093787174812,0.021437636648476067,-0.03710057248979011,-0.005495133524948771,0.08121883437821739,-0.02024343116945542,-0.0003739436045080771,0.022512555037720337,-0.04781087457641376,0.0016544181505237024,0.11344216616922304,1.5,0.003923953058309334,1.526315789473684,0.010473179259652738,1.631578947368421,-0.008778508381649897,1.5526315789473684,0.016948960343976967,1.657894736842105,0.0029093569450695496,1.657894736842105,-0.00451868044661334,1.1052631578947367,0.021554036640420788,1.5526315789473684,0.007602756928151884,1.7105263157894737,0.002658916948423023,1.8421052631578947,0.0029397199243879485,1.7105263157894737,-0.009771449314422455,1.263157894736842,-0.0015034765863184028
2025-10-16,2025-10,373,365,-0.01394811855790939,0.005913793786016169,0.02131751113931223,0.02831974823807296,0.028721750470022504,0.24269122257828712,-0.07515859844063981,-0.009963150495237376,0.020277060614453307,0.0342040439126578,0.03054808082650316,0.08734878157782885,-0.1216897882950103,-0.027905534753645767,0.018953716434488694,-0.011577333251417101,-0.009796672056827445,1.0503666007684338,-0.04576371235767424,-0.002259709417942922,0.02041946670870777,0.12155335740089754,0.03150297175327025,0.32803723780024385,-0.07437620702259612,-0.013531915711605884,0.02022203010896856,-0.015341207695785617,0.0035433647266140955,0.07772914739325643,-0.037822560864115375,0.0009279540108366874,0.02109954912592943,-0.15707198538672762,-0.04467421039949111,0.09581739424417417,1.3684210526315788,0.0024927411544372227,1.526315789473684,-0.013778939968921586,1.631578947368421,-0.03198448212206682,1.5789473684210527,-0.006207077838995554,1.526315789473684,-0.017347705185290094,1.526315789473684,-0.002887835462847523,1.1578947368421053,0.025827013627917242,1.5789473684210527,0.026600712405450526,1.6842105263157894,-0.014007198372616918,1.9473684210526314,0.026634550700638672,1.5,-0.00020663527338590434,1.1578947368421053,-0.047568947241596375
2025-10-17,2025-10,389,379,0.07778898280167863,0.008258659884867754,0.0175390818988134,0.03439745837643948,-0.008439705350597874,0.21288913439371082,0.04777903282879473,0.005164686110943094,0.017772129472121957,0.05095866151433773,-0.006038670447091186,0.07653391243595827,-0.02942036448229472,-0.0020124177084196128,0.02121485442813413,0.02995581395384622,-0.00471968558027233,1.0739481072676809,0.05060761191527989,0.011693557913989093,0.01557136322165611,-0.05323528543854119,-0.004026296141383091,0.28424404997770725,0.03559096585476938,0.008037018520160158,0.01682742626765358,0.07669567327801594,-0.0016926639723660042,0.06571814020801531,0.0400946753451211,0.0016684828479490484,0.01525579135730087,-0.013631814512078535,-0.0059172570631803294,0.07362035674190051,1.4473684210526314,0.004640238832236175,1.6052631578947367,0.0011515282162062523,1.7105263157894737,-0.006288733497893297,1.7368421052631577,0.0073514526508311985,1.5789473684210527,0.004089650099107526,1.6052631578947367,-0.0023446750467877933,0.8421052631578947,-0.010544968508492611,1.5789473684210527,-0.009986038868143816,1.8421052631578947,-0.009324948738167067,1.8421052631578947,-0.008631559299277829,1.526315789473684,-0.005508453446050214,1.2894736842105263,-0.009140941273706646
2025-10-20,2025-10,423,411,0.0829905544236723,0.015404833673173544,0.018419806791481617,0.026557218409545252,0.007452847911027156,0.2639205583893671,0.000337391558163558,0.0004388581866153166,0.017473619484745437,0.003929707925217513,0.010361031428996295,0.13287148224871334,-0.0670165222432243,-0.013178890930649468,0.0185210133447879,0.013980402024369405,0.0006852300010224536,0.9205633412774017,-0.024353551486262986,0.007547569885638173,0.01698644270271876,0.09443277372128825,-0.002915463045243696,0.3673607685217043,0.002248061514662166,0.01306179239690926,0.0164700725077642,0.07567630815629432,0.01978723377558597,0.12165550855783427,0.0012282765042730657,0.007702505960222204,0.016746405616072914,0.015863428082940147,0.004742189608699946,0.13325564072626395,1.4634146341463414,0.011746297087807691,1.6341463414634145,-0.0036465076670432204,1.7560975609756098,-0.017569134833088494,1.7560975609756098,0.003157325983199148,1.7073170731707317,0.008793499713982432,1.6829268292682926,0.003495188887051473,1.170731707317073,0.004526018642734473,1.829268292682927,0.005787860697288977,1.8536585365853657,-0.00394891634044096,1.9024390243902438,-0.007671560606219306,1.7073170731707317,0.015518941092659139,1.4146341463414633,0.0012056042428462877
2025-10-21,2025-10,372,358,0.008767626032730241,0.021333699205373122,0.020778687079408862,0.0506516160268614,0.014404143165054607,0.32356990413326353,0.011859558546371886,0.022965753322893308,0.018165020120817284,-0.06924633899418467,-0.011900693492105778,0.07708429400291708,-0.023954223857878425,0.015024218039321382,0.022367655671508453,0.023780087612622992,0.02087182986962614,1.4300012994143698,-0.00042297294383458067,0.012992976386033488,0.01905839274680052,-0.03273896453344889,-0.002617944727013941,0.3332230677414272,-0.011166997251433783,0.00776084219511184,0.018733432359106808,-0.12779282743335293,-0.030060444340995727,0.07141906028199527,-0.06015469455622579,0.009190628723998883,0.016985519301321823,-0.21168645318870746,-0.006596340625807757,0.06806717264569467,1.4390243902439024,0.017736138229763367,1.6341463414634145,0.01888038746923477,1.8048780487804879,0.010512022917370162,1.7317073170731707,0.008663708093350563,1.7073170731707317,0.0034925495121850116,1.6585365853658536,0.005044287260584249,1.121951219512195,0.01159926511627412,1.7317073170731707,-0.016229961784788704,1.7804878048780488,0.016420610357431017,1.975609756097561,-0.007556969117257843,1.829268292682927,-0.034633615072703045,1.3658536585365852,-0.01001097477214922
2025-10-22,2025-10,418,402,-0.1088085685410476,0.004310259056838572,0.016948754964105386,-0.10406552034677234,-0.014498625539808737,0.24329551057890056,-0.06975905456495562,0.010580518744516699,0.01654091169697782,-0.042192623423987115,0.005727703723873728,0.07893662117421626,-0.10339869951727834,0.0012323087619619281,0.018324132115042295,-0.12389787891416344,-0.006749800597462317,1.19208033233881,-0.07907788649714517,0.006914987154494588,0.018945480554742666,0.0928873911766842,-0.0013840656553916093,0.32896951329894364,-0.021752676826971944,0.013970673976160053,0.018628444098412494,0.015506713129421807,-0.01802322932855762,0.07627746919170023,-0.08882113053058491,-0.0072754296653477655,0.01758229374761172,-0.016921067196568426,-0.02077996204269239,0.07837880924344062,1.75,-6.474094316142806e-05,1.825,0.006018018744516699,1.8,-0.0032676912380380715,1.9,0.0021649871544945883,1.875,0.009283173976160054,1.725,-0.011587929665347767,1.15,-0.017373625539808736,1.825,0.0011652037238737284,1.875,-0.011437300597462317,1.925,-0.006196565655391609,1.8,-0.02252322932855762,1.5,-0.02452996204269239
2025-10-23,2025-10,484,467,0.043380364095745035,0.0070537440423222375,0.016729860155746533,0.01448559336277368,0.0027616370383207866,0.18964644616588633,0.015578596070990332,-0.004190261561731301,0.016106617665286878,0.009715626668292413,-0.003908679643375771,0.07859564604277307,0.0030579247396594895,-0.00555351483095477,0.02443685055443539,-0.0847888754830126,-0.007915075156734602,0.9877084078306848,-0.012441095123728357,-0.0058529965632695535,0.017196130305531403,0.004597554434223213,0.01137378057911748,0.314446317745333,0.003965693664585041,-0.014520496660431315,0.017212326265799986,-0.0899896743154635,-0.010417060442830056,0.07097110179986092,-0.01268796602049464,0.0012774851113270484,0.015135552448532682,-0.06064191127193077,-0.013836347471288434,0.10288077204468403,1.7234042553191489,0.0027452334040243657,1.7446808510638299,-0.008551963689390877,1.8510638297872342,-0.010181174405422856,1.8297872340425532,-0.010427464648375937,1.8085106382978724,-0.019041773256175995,1.7446808510638299,-0.0030842170163325267,1.0,0.00026163703832078654,1.6808510638297873,-0.008110807302950239,1.9361702127659575,-0.012755500688649495,1.9148936170212767,0.006586546536564288,1.5531914893617023,-0.014300039166234312,1.297872340425532,-0.017081028322352265
2025-10-24,2025-10,395,387,0.01752086911268128,-0.0007571619438024326,0.01768185650143516,0.042355316434049946,0.003702866165748954,0.2508987598121167,0.044723401852490074,-0.0010038203188478482,0.016304441650932686,0.16850630574848272,0.020895534317382006,0.07522896939936356,0.06987043792537198,0.008351937914757327,0.019355201470079866,0.0104715835360614,0.0008902746269053396,1.3843960578625019,0.035922128626858264,0.018082860871246158,0.016729399319334263,0.08617797846095732,0.006281974852683533,0.3569287446637948,-0.026281058999686514,0.0005841513772903385,0.015581634083769266,0.04467959164997011,-0.0016730960819912764,0.06272112138760395,0.04064467397638314,-0.004694575710357371,0.015232021322186071,0.10075898741965696,0.007572046724610207,0.07915128691074175,1.5319148936170213,-0.004586949177844986,1.6382978723404256,-0.005099564999698912,1.702127659574468,0.004096618765821157,1.7872340425531914,0.013614775764863179,1.7234042553191489,-0.0037243592610075333,1.574468085106383,-0.00863074592312333,1.2340425531914894,0.0006177597827702309,1.680851063829787,0.01669340665780754,1.8085106382978722,-0.003631001968839341,1.8297872340425532,0.0017075067675771504,1.553191489361702,-0.005556074805395531,1.3191489361702127,0.004274174384184675
2025-10-27,2025-10,446,433,-0.06455946122541692,-0.006610628243066432,0.018297754303021954,0.028170503883846305,0.006679679883374001,0.34883121808254436,-0.03596598741480732,-0.0002466741997681505,0.017374750223417876,-0.00911504279640886,0.002848913911698813,0.07148434074465618,0.05224291940739509,0.005459042583637719,0.027950759805833978,-0.04228871165757377,-0.0007737277881634252,1.4098759037117627,-0.07889315550072405,-0.004640849441666233,0.016660216654841988,-0.06455959430540067,-0.008622705826593791,0.38083820703417753,0.01936629571323819,-0.0022461013626436637,0.01698716126557613,0.005352158351173496,0.004749983201793885,0.056117499550414646,0.036177336023516485,0.0013425637882319144,0.016059124433054954,-0.10096254919568637,0.00025965221566674225,0.05948115846272125,1.5116279069767442,-0.010389698010508291,1.813953488372093,-0.004781557920698383,1.7209302325581395,0.0011567170022423702,1.7906976744186045,-0.009117593627712743,1.7674418604651163,-0.0066647060138064545,1.7674418604651163,-0.0030760408629308764,1.2325581395348837,0.0035982845345367913,1.744186046511628,-0.0015115512045802567,1.9534883720930232,-0.005657448718395983,1.813953488372093,-0.013157589547524023,1.5813953488372092,0.0007964948297008619,1.372093023255814,-0.003170580342472793
2025-10-28,2025-10,454,438,-0.03918158633370526,-0.006372994300765935,0.01846434039382691,-0.037269560673320254,-0.00687230510676674,0.2158346695148132,-0.0386891531656383,-0.005893475012260809,0.01818860201857236,-0.04055360260067101,-0.006429911514274246,0.07508665462955832,-0.009945809022036177,-0.007705115482537089,0.028647216755110866,-0.02473325481377264,-0.010892401860554412,1.6410841074856846,-0.07464690522105724,0.0045352190159250235,0.01834317136439569,0.06624078891898495,0.008071166254750503,0.38534486192193895,-0.061907120564387304,0.000419283314489947,0.01912531072229788,0.06128696254335297,0.009088953893493472,0.06657032215629112,0.031247898102247217,-0.00475575444671029,0.016667235662831383,0.06694699450662682,0.005426531715822772,0.06808218724009665,1.4318181818181819,-0.00995253975531139,1.7045454545454546,-0.010154838648624445,1.7272727272727273,-0.012023297300718907,1.7045454545454546,0.0002738553795613866,1.7045454545454546,-0.00384208032187369,1.6590909090909092,-0.008903481719437563,1.2272727272727273,-0.009940486924948559,1.7727272727272727,-0.010861729696092427,1.8863636363636365,-0.015608310951463504,1.9090909090909092,0.003298438982023231,1.7727272727272727,0.0046571357116752905,1.25,0.0023015317158227716
2025-10-29,2025-10,524,507,0.025420453070239143,-0.005640521909168056,0.014921663745008005,-0.08178089417401274,-0.0014650186169742712,0.3105141324009381,0.06623543949397383,0.004364556363200679,0.014596041445091868,-0.12098542551852362,-0.008937928450697252,0.07485273144408769,0.08485849295152408,0.011210284062618299,0.023703587949435237,-0.04672890501553504,-0.00920349976648503,1.2006485581982371,0.038941100162915916,0.003565991003388529,0.015699974082004742,-0.09020311244796322,-0.010839736296678268,0.3902134316078588,0.019181219396969908,0.010922611277923823,0.016300147593992894,-0.16691723086791105,-0.021095954280910583,0.06244086609313301,0.09597507242577683,0.00626184345350881,0.015517633319602655,-0.09423421403308684,-0.004821334761566786,0.06425830747420881,1.5882352941176472,-0.009611110144462174,1.7843137254901962,-9.622795052481158e-05,1.843137254901961,0.006602440925363396,1.7843137254901962,-0.0008947933103369615,1.803921568627451,0.006412807356355196,1.8235294117647058,0.0017030199240970455,1.215686274509804,-0.004504234303248781,1.7058823529411764,-0.013202634333050193,1.9019607843137254,-0.013958401727269344,1.9411764705882353,-0.015692677473148856,1.8235294117647058,-0.025654777810322348,1.3333333333333333,-0.00815466809490012
2025-10-30,2025-10,578,563,0.01108763484349304,0.006579905710147433,0.015075273371596008,-0.019646413831210564,-0.00577975462386269,0.21240954367177828,0.012730224396612295,0.00032687834003587105,0.015505215593450486,-0.04837221780257723,-6.66340495801155e-05,0.07628173723683826,0.04762409586643735,0.0013747220008737465,0.024674129308574183,0.05786506379904937,-0.006810290787401802,1.1161228559379066,0.03820173481742675,0.004339915337293273,0.017900429985495563,-0.010465822227402269,0.010083817866414995,0.3856320098774242,0.07475519390800126,0.0081502743241687,0.014794777063827529,-0.07814104625410255,-0.0042472844488988205,0.06444989500700363,0.04210325786993633,-0.00045133088857202727,0.01662583548678803,-0.07791049210602172,-0.0004672438625519385,0.08100425581713873,1.6071428571428572,0.0025620485672902893,1.7857142857142856,-0.004137407374249843,1.8392857142857142,-0.003223492284840539,1.8214285714285714,-0.0002136560912781556,1.8392857142857142,0.0035520600384544142,1.9107142857142856,-0.005228116602857741,1.2678571428571428,-0.008949397481005546,1.6607142857142856,-0.004218419763865829,1.8035714285714286,-0.011319219358830374,1.9285714285714286,0.005262389294986424,1.6964285714285714,-0.008488355877470249,1.3214285714285714,-0.003770815291123367
2025-10-31,2025-10,426,419,0.046831662582114277,0.010002320275135385,0.018560150271952285,0.18095980798345668,0.020651895517710336,0.23646456757116885,0.029840532854296102,-0.002616870562023933,0.016753819377420747,0.006403785320025971,0.005318078498707672,0.08210667032038882,0.03244968011725156,0.006674210487334832,0.022698473562798492,0.09852892710261399,0.011396906454922515,1.1536379960321246,0.06717746540525074,0.005453114886336959,0.017986726026876364,-0.024723154700338052,-0.007084304692361664,0.37409581487909666,0.0580572046446019,0.017818222583757468,0.017383688023751544,-0.08003004798783896,-0.01522852204533326,0.07261391241280805,0.027930674179026147,0.0025697657374527593,0.017058640543770584,-0.031249022582790862,-0.0065389634350286035,0.1243484199401878,1.6428571428571428,0.005895177417992528,1.8035714285714284,-0.007125799133452504,1.7678571428571428,0.002254567630191975,1.7678571428571428,0.0010334720291941017,1.7857142857142856,0.013353936869471754,1.8035714285714284,-0.0019391628339758115,1.232142857142857,0.017571538374853195,1.5357142857142856,0.001478792784421958,1.8928571428571428,0.006664763597779658,1.8928571428571428,-0.01181644754950452,1.6607142857142856,-0.01938030775961897,1.5178571428571428,-0.010333606292171461
2025-11-03,2025-11,500,493,-0.05349517210341509,-0.0003914529634552735,0.016119697483552863,-0.1439527063594791,-0.015494865211545009,0.18315860305969814,-0.10963577685569703,-0.023414952553878567,0.015712855897418394,-0.052641631200517805,-0.018710854711041516,0.09797965662972051,-0.05690658856452526,0.0011642364490335724,0.017533456443480387,-0.11679115910656328,-0.014997025079001282,1.0286816072707272,-0.058799437543175515,-0.01685397496434683,0.017887229551407095,0.10639873913065698,-0.0139877918983872,0.2880092056430116,-0.08945269927944752,-0.029338460387481752,0.01640407095423045,0.05409555736516478,0.0007186813205191551,0.08694216206061597,-0.03304631690949607,-0.010110492950531976,0.017120847124513165,-0.12467832063608308,-0.009428570554847648,0.09081006293394127,1.5918367346938775,-0.004371044800189967,1.673469387755102,-0.02759862602326632,1.7755102040816326,-0.0032745390611705087,1.8367346938775508,-0.021445811699040706,1.7551020408163265,-0.033726215489522565,1.7142857142857142,-0.014396207236246262,1.4081632653061225,-0.019015273374810314,1.510204081632653,-0.02248636491512315,1.8367346938775508,-0.01958886181369516,1.8775510204081631,-0.01868166944940761,1.6122448979591835,-0.003311930924378804,1.6530612244897958,-0.013561223616072138
2025-11-04,2025-11,577,563,0.011558422779608259,0.0004142117420129097,0.017320192462452685,-0.09264023025830673,-0.009582193696262044,0.15790378623309412,0.0020545926451731224,0.000726021019609795,0.0173858097759371,-0.0961553793145041,-0.018206201025982017,0.08210968312674335,0.006616019812521921,0.007386635174269542,0.022151114102519354,-0.03801944055809321,-0.007326604724964448,1.1906486872051443,0.031665722363677186,-0.0018414659666114615,0.015671390844456352,0.005741434071059554,-0.006808912603087626,0.275703063500779,0.056300105019075106,0.014805644928049738,0.015714025271442996,-0.028102608320060077,-0.006328397737094682,0.0686548457347921,0.007951914891557305,-0.0007736513881235968,0.019285608730605634,-0.13658260752547724,-0.01784371301402743,0.07803268847055733,1.7678571428571428,-0.0040054311151299475,1.7499999999999998,-0.0036489789803902046,1.857142857142857,0.0027437780314124,1.8749999999999998,-0.00652896596661146,1.8749999999999998,0.010118144928049739,1.7678571428571428,-0.005193294245266454,1.2678571428571428,-0.0127518365534049,1.4107142857142856,-0.021732986740267732,1.732142857142857,-0.011656961867821591,1.8928571428571428,-0.011541055460230484,1.5714285714285714,-0.01025696916566611,1.4285714285714284,-0.021415141585456002
2025-11-05,2025-11,673,650,-0.010670581153904105,-0.004362696638995342,0.018028740376716694,0.020703744571834395,-0.004677910721932089,0.18045025860460906,0.0007715819359675615,-0.0025526950450771423,0.01865892866770183,0.04630973799528892,-0.01055149768793297,0.08785785505404839,0.000525008095637216,0.0003453063313115304,0.020305471565699396,-0.007876242690549838,0.004200204151969665,1.134658898298557,-0.01591851571796333,-0.006781395493636307,0.017473270221802287,-0.010280863284820155,-0.0013494759755305532,0.3202545389819603,-0.013301880463024432,-0.0001939915747795626,0.017931438865384702,-0.034907709999869606,-0.0214502133165001,0.07457201109769253,0.029230966022493324,-0.0006608595959563448,0.02027955899855954,0.04561295417551505,-0.00901787478403394,0.09680746759359653,1.7076923076923076,-0.00863192740822611,1.6923076923076923,-0.006783464275846373,1.8615384615384616,-0.004308539822534624,1.8153846153846154,-0.011319857032097846,1.8,-0.004693991574779562,1.7846153846153845,-0.005122398057494806,1.2307692307692308,-0.007754833798855166,1.4615384615384615,-0.014205343841779123,1.7538461538461538,-0.0001844112326457193,1.8923076923076922,-0.006080245206299783,1.6923076923076923,-0.025680982547269332,1.3692307692307693,-0.012440951707110863
2025-11-06,2025-11,661,638,-0.055067373451612264,-0.004501755555377665,0.01743407802352439,-0.13360207881249228,-0.0018676603356750279,0.17394264644826762,-0.051596481066748245,-0.0006957086823013645,0.017135193083834505,-0.17844225723183432,-0.010474108841223718,0.08353306577191688,-0.03620343469747645,-0.020590721253051697,0.023838425159753145,-0.03164714827625504,-0.0334596207890976,1.1572805726900697,0.006810796684710492,-0.017979093033961308,0.017745554760619422,0.033948567644019094,0.02466635808727155,0.36981312013813294,-0.0367251901404701,-0.006452341831081929,0.016494771784020625,-0.130613133827586,-0.003995640240918037,0.0804375478764996,-0.040454693799825865,-0.012589286960928136,0.019035503634507,-0.17600903012067207,-0.03040866016212036,0.09692444631946273,1.7230769230769232,-0.008809447863069975,1.830769230769231,-0.005272631759224442,1.8,-0.025090721253051698,1.830769230769231,-0.022556016110884383,1.8,-0.01095234183108193,1.8615384615384616,-0.017243133114774288,1.2,-0.004867660335675028,1.4307692307692308,-0.014051031918146795,1.830769230769231,-0.03803654386602068,1.8153846153846154,0.02012789654881001,1.7230769230769232,-0.008303332548610345,1.3384615384615386,-0.03375481400827421
2025-11-07,2025-11,436,427,-0.016393590375029434,0.007502656184441427,0.02044595562859973,0.07495253127730676,0.0055914707259931695,0.23773040018196023,0.02113450835426717,0.010763916364295596,0.021646964192398206,0.06847498758376687,0.02794427778718136,0.10825579288567222,0.09059742491663883,0.015105954441205705,0.021971918166455072,0.03054651035646014,0.030407706869772268,1.0327810679757319,-0.014217758849369103,0.013223095028029042,0.02154910887046429,0.03831956685779156,0.009459742181594812,0.29830473886672837,0.023740351833029125,0.0035247580182226797,0.021263218302830858,0.0760014998295698,0.022027201691862872,0.09919842629325251,-0.04172447968644168,0.007972036077658014,0.021816196673137007,0.05729742772134317,0.03155869462580626,0.15922315929864728,1.71875,0.003205781184441427,1.640625,0.006662353864295595,1.828125,0.010535641941205705,1.71875,0.008926220028029041,1.84375,-0.00108461698177732,1.703125,0.0037142235776580134,1.4375,0.0019977207259931694,1.578125,0.02399896528718136,1.765625,0.025993644369772268,1.890625,0.004733179681594812,1.703125,0.017769389191862873,1.546875,0.02769150712580626
2025-11-10,2025-11,455,443,-0.0565772455677235,-0.010921923868343066,0.01887718446379311,-0.22265684840390662,-0.025355509503488114,0.2290222624274479,-0.0977489782197553,-0.013919690511280123,0.02012677481128829,-0.2646525023544155,-0.03887016008514488,0.11797783401032741,-0.04128939244035985,0.004103642618715597,0.017674841485209602,-0.022429457012158403,-0.0030052279122929366,1.0444058071483266,-0.09266023591797529,-0.009524865548632987,0.01891162802192116,-0.08618452461142849,0.001003709944089633,0.30432924001731654,-0.059506609046321275,-0.008133113112294048,0.019110549804243204,-0.2586781015604952,-0.03221193878307688,0.0895490302619609,-0.06402413098915787,-0.013125605139830503,0.021193169482820302,-0.20935550372740253,-0.025205770753983094,0.1729190609079193,1.5454545454545454,-0.014785560231979428,1.5454545454545454,-0.017783326874916485,1.8409090909090908,-0.0004986301085571302,1.7954545454545454,-0.01401350191226935,1.6590909090909092,-0.012280840385021322,1.5909090909090908,-0.017102877867103232,1.0454545454545454,-0.027969145867124477,1.4318181818181819,-0.04244970553969033,1.7727272727272727,-0.007437046094111118,1.8863636363636365,-0.0037121991468194587,1.5,-0.03596193878307688,1.2272727272727273,-0.02827395257216491
2025-11-11,2025-11,364,353,-0.1130303142082275,-0.0016024435824737795,0.019219497917624378,-0.18752369595060617,-0.001253516995989263,0.232167329958507,-0.08396087623216628,0.009042172317006738,0.017793757799837967,-0.1840852910529879,-0.010701532933079218,0.10022798914994513,-0.07300253292704963,0.007163427595558516,0.02135189399455096,0.014059787631306874,0.00397221809707783,1.078196210520608,-0.060088731946057294,-0.003829951818206903,0.016566133177508824,-0.009942486526082065,0.006317228877138767,0.32699733355215616,-0.0344508563945928,-0.007754846526365433,0.01806302476442583,-0.11695913780858877,-0.0037240151384262746,0.0812745202332735,-0.12563876044736838,-0.0153750131316512,0.017476337739726896,-0.1412424525189914,-0.009976169752628371,0.10889151969126293,1.7045454545454546,-0.0058638072188374165,1.6590909090909092,0.004894445044279465,1.8636363636363635,0.002504336686467607,1.8409090909090908,-0.00843222454547963,1.6818181818181819,-0.011959391980910887,1.7272727272727273,-0.01969319494983302,1.1590909090909092,-0.004151244268716536,1.4318181818181819,-0.014281078387624673,1.7727272727272727,-0.000459600084740352,1.9090909090909092,0.001544501604411495,1.5681818181818181,-0.00764446968388082,1.3863636363636362,-0.013442078843537462
2025-11-12,2025-11,400,385,0.05968331748640835,0.012217344319560296,0.017256660373376982,-0.045696735575865656,-0.006585682814015491,0.20375846953768478,0.07629200824173021,-0.016238336257887585,0.021491349694413145,-0.1310397214854787,-0.023159618815146454,0.10851446063698908,-0.0005896225409162909,-0.0015857279490544794,0.018628404711036772,-0.026812585646222985,-0.0036382341543388288,1.1615422901354338,0.029603673866868945,-0.0021903772127700094,0.017975230518162362,0.06965248710174977,0.002428463250655468,0.2738291220249314,0.07463158888998153,0.0004862536545506696,0.016508848517693513,-0.02963845261595506,0.00045652617646792324,0.08462237086343138,0.05486687043397336,-0.004201436277075039,0.020128102350752356,-0.11701507957226973,-0.011803462057455048,0.1119127644127921,1.6842105263157894,0.008006818003770823,1.763157894736842,-0.02064623099472969,1.8157894736842104,-0.006125201633265006,1.8157894736842104,-0.006729850896980536,1.8421052631578947,-0.004119009503344068,1.763157894736842,-0.008609331013917143,0.9473684210526315,-0.00895410386664707,1.394736842105263,-0.02664646092040961,1.8157894736842104,-0.008177707838549354,1.894736842105263,-0.0023083788546076896,1.4736842105263157,-0.0032276843498478657,1.3421052631578947,-0.015158725215349785
2025-11-13,2025-11,401,385,-0.03758625823500949,0.00024794018449431077,0.017061771128094996,-0.18522536941229018,-0.007740830484956423,0.2236757161536891,-0.04598578181412141,-0.009052309106365744,0.019521133354319625,-0.17007220754084937,-0.022443963305085735,0.0965130616371569,-0.11093528011517499,-0.011744056222016127,0.01816420028325623,0.0039666254270025,-0.005375631151251985,1.0781180293936479,0.015609483753303309,0.010623887147492905,0.019658232157256948,-0.045629396657609705,-0.002521116234728015,0.3258894697615975,-0.04278352625897942,-0.001149420904846904,0.017342548196262998,-0.1567413555663081,-0.01343782529275886,0.08598497103115446,-0.06693862359027804,0.008059556334703604,0.018011132381900104,-0.24429262664234935,-0.026181461828741353,0.11782802665900242,1.5789473684210527,-0.003699428236558321,1.5789473684210527,-0.012999677527418376,1.8421052631578947,-0.016349319379910864,1.8421052631578947,0.006018623989598168,1.763157894736842,-0.0055573156416890085,1.5789473684210527,0.004112187913650972,0.9736842105263157,-0.010175041011272212,1.3421052631578947,-0.02579922646298047,1.8157894736842104,-0.009915104835462513,1.9210526315789473,-0.007323747813675383,1.4736842105263157,-0.01712203581907465,1.1052631578947367,-0.028944619723478195
2025-11-14,2025-11,384,379,0.11263065119848253,0.009770011234428957,0.01728121393182876,0.12344392783717278,-0.009322676069130212,0.20541382105530875,0.09752982973339354,-0.002200627042347296,0.02314088706897763,0.29078490988147243,0.017679943070751873,0.09769677120800083,0.06096033406173208,0.02177364508810032,0.019022846166759387,0.10186431463265386,0.01967563682766396,1.030972174123714,0.09462905031665961,0.005646942219355473,0.018679827812106274,0.19385293314374252,0.012188847238995843,0.3063365499439992,0.07467059273081328,0.005949875859829121,0.01781674819162357,0.27369597818869096,0.017433209650038063,0.0800947252121803,0.10361126242008678,-0.0025571088772059387,0.01943574800148542,0.2996774698595106,0.02973760121905035,0.15030497337054266,1.394736842105263,0.0062831691291657995,1.5,-0.005950627042347296,1.7368421052631577,0.017431539824942426,1.6052631578947367,0.0016337843246186316,1.526315789473684,0.002134086386144911,1.6052631578947367,-0.0065702667719427805,0.8421052631578947,-0.011427939227024949,1.131578947368421,0.01485099570233082,1.657894736842105,0.015530899985558698,1.8157894736842104,0.007649373554785317,1.263157894736842,0.014275314913195957,1.1052631578947367,0.026974443324313507
2025-11-17,2025-11,415,406,-0.04558803776980833,-0.0009189447803698673,0.017033467076167926,-0.1261042497750198,-0.010750461971444306,0.1896896342315325,0.024429658433063356,0.004017620417897697,0.018939951127506342,-0.13353346496353305,-0.0032008722821822173,0.10294307686570214,0.013567046141782382,0.012595619438921828,0.015282864083455597,0.03214279930503068,0.007354818910148032,0.8947799885418357,0.0032873134080900145,0.011414419930342194,0.016852368721891983,-0.04165357080495897,0.00467198559390224,0.325018903422283,0.04464026675262925,-0.0011167958593430241,0.01610315885198745,-0.1329010020013163,-0.0051017811225046415,0.08640520338241647,0.08486026400166997,0.018635506640411477,0.018262083111882904,0.04212569340908786,0.0017155486077536052,0.14855481756896508,1.4878048780487805,-0.004638456975491818,1.2682926829268293,0.0008468887105806239,1.7317073170731707,0.008266351146238901,1.5853658536585367,0.007451005296195853,1.6097560975609755,-0.005141186103245463,1.5121951219512195,0.014855018835533428,0.9268292682926829,-0.013067535142176014,1.2926829268292683,-0.006432579599255388,1.7560975609756098,0.0029645750077090076,1.9024390243902438,-8.411196707336973e-05,1.4390243902439024,-0.008699342098114397,1.146341463414634,-0.0011503050507829802
2025-11-18,2025-11,385,378,0.039536411934375966,0.0071159627547371235,0.019129895179844855,0.04723862715186981,0.00864997949470995,0.19524496872174113,0.015438285863894988,0.012094127394024618,0.022269243763298023,0.0800588369504061,0.017148645991330987,0.10317042288615516,0.05337965499002517,-0.020992017749218796,0.018182554895626535,-0.026286540996194957,-0.012679763699069776,1.1296685439975638,0.12867535153142187,0.009168118951569673,0.01925345680502187,0.037607914179662735,0.005838926484833725,0.34536502059353025,0.08640178823959699,0.005377912764785126,0.021095128362412386,0.038472594450885154,0.0026979255747143424,0.08747413229981535,0.07039531996012735,0.013950799730159114,0.02038206228505425,0.056609431365509055,0.00528494425053036,0.15588441888164534,1.4146341463414633,0.003579377388883465,1.4146341463414633,0.00855754202817096,1.8536585365853657,-0.02562616409068221,1.6097560975609755,0.005143728707667234,1.7560975609756098,0.0009876688623461014,1.4634146341463414,0.01029226314479326,0.975609756097561,0.0062109551044660476,1.2682926829268293,0.013977914284013914,1.7804878048780488,-0.017130983211264897,1.951219512195122,0.0009608777043459199,1.4390243902439024,-0.0008996354008954138,1.121951219512195,0.0024800662017498724
2025-11-19,2025-11,328,322,-0.05764261875629548,-0.024062686979376344,0.01612563616493764,-0.07266131220750037,-0.0047086974666512155,0.3739272734965198,0.011101808405217708,0.003698881003700312,0.019021783244621136,-0.023722693516497643,0.009410369368522572,0.09464912733528763,0.08916389827057838,0.00268329789823624,0.017754637950339963,0.013837073130373715,-0.007809164320898121,1.0531979175284505,-0.1786559350772393,-0.028459605685967598,0.01483577447458858,-0.09908957417562798,-0.001749952837742659,0.27931517316028476,-0.0625895649938346,-0.01624523205443739,0.015070062803562748,-0.04585149571414289,-0.014902730888299586,0.06736581167206168,-0.057600450519995565,-0.01493414297273767,0.01828398100098136,-0.007381821817437382,-0.00896398179231047,0.12242765969131142,1.5789473684210527,-0.028010055400428974,1.631578947368421,-0.00038006636472074067,1.9473684210526314,-0.002185123154395339,1.631578947368421,-0.03253855305438865,1.6578947368421053,-0.020389968896542654,1.5789473684210527,-0.018881511393790303,1.0263157894736843,-0.007274486940335426,1.4473684210526316,0.005791948315890993,1.7894736842105263,-0.012282848531424436,1.9210526315789473,-0.006552584416690027,1.4736842105263157,-0.018586941414615376,1.3157894736842106,-0.012253455476520996
2025-11-20,2025-11,342,335,-0.12728392644217007,-0.02778290677358023,0.017783256100488934,-0.2641190822018158,-0.029837470721001853,0.2328378273283734,-0.17539346116454188,-0.03091118919847954,0.020707295786704917,-0.3823653620829691,-0.049835787203453795,0.09561585591119878,-0.0634658238521521,-0.0016309369396183722,0.01922909245642385,-0.09077017509072147,-0.009969848305310992,1.3372799035380867,-0.04061308641562371,-0.0004468655661830981,0.018070221597450985,-0.06255914957655315,0.025545313489091136,0.31988421975470643,-0.06408294841500714,-0.006120824195784427,0.0189202106178306,-0.2739322027262942,-0.021156689553599825,0.07375830392736722,-0.22265537434580696,-0.04668014950585209,0.021107015778906245,-0.4810425489964188,-0.06733986063755165,0.13290215749293566,1.6176470588235294,-0.031827024420639054,1.6764705882352942,-0.03510236566906778,1.7941176470588236,-0.006116231057265431,1.7941176470588236,-0.004932159683830157,1.7647058823529411,-0.01053258890166678,1.5294117647058822,-0.05050367891761679,1.2058823529411764,-0.032852176603354794,1.4705882352941178,-0.05351225779168909,1.8529411764705883,-0.014602201246487463,1.8823529411764706,0.020839431136149958,1.4411764705882353,-0.02475963073007041,1.2941176470588236,-0.07057515475519871
2025-11-21,2025-11,332,327,-0.14298396681229472,-0.01547553275648138,0.017288470947440737,-0.059873695801717385,-0.005092724282683567,0.2985379820633115,-0.18674388799944577,-0.01676981789399941,0.02148788034451795,-0.12133912651824998,-0.01320475954583955,0.10721943787101543,-0.015397018615771342,-0.005229377389845096,0.019059636456487103,0.007079791989887554,0.0017672573527102026,0.9875147703922157,-0.16768964773762277,-0.008300831792129771,0.01920224900100042,-0.04739346439349841,-0.005884903933815678,0.2802054954297615,-0.09931537198974522,-8.317038764767137e-05,0.016887831888007895,-0.043238524707020005,-0.019947751141164483,0.07231139050175747,-0.19948417815692887,-0.015218803167759701,0.01884438720853301,-0.1374076478534087,-0.015728557719262175,0.12158200946269612,1.7941176470588236,-0.019960826874128437,1.5294117647058825,-0.020593347305764113,1.8235294117647058,-0.00978820091925686,1.7352941176470589,-0.01263906708624742,1.6176470588235294,-0.004127288034706495,1.5882352941176472,-0.01918939140305382,1.0,-0.007592724282683568,1.3235294117647058,-0.016513583075251314,1.8235294117647058,-0.002791566176701562,1.911764705882353,-0.01066431569852156,1.5294117647058825,-0.023771280552929187,1.1470588235294117,-0.018596204778085705
2025-11-24,2025-11,343,335,0.06308428376479082,0.02455283737752666,0.01792921868179623,0.016566694550417635,0.004390295653913927,0.21377041459302693,0.0682802962199954,0.019170781552927046,0.02112997244339453,0.11748882097532584,-0.0075494267065780475,0.09468235267216668,0.034485145365036544,-0.022014946616333027,0.018419894520396773,0.05799367577039746,-0.014841189315841326,0.8569137042059618,-0.03640925891177407,0.020834022762235643,0.015390168138942572,-0.03355982313395857,-0.011639764206805741,0.37480459143133726,0.03657162500806788,0.015970566912351665,0.018374536141928577,0.06617102383718958,0.007667467191073491,0.07908690501661861,0.10054713805965822,0.0179151813885947,0.019668920768160975,0.28538071727157227,0.026546515370158955,0.11014408338814974,1.5588235294117647,0.02065577855399725,1.4411764705882353,0.015567840376456457,1.9705882352941178,-0.026941417204568323,1.6470588235294117,0.016716375703412115,1.5882352941176472,0.011999978677057547,1.6470588235294117,0.013797534329771172,1.1764705882352942,0.0014491191833256914,1.3529411764705883,-0.01093177964775452,1.7941176470588236,-0.019326483433488386,1.8235294117647058,-0.016198587736217504,1.6176470588235294,0.003623349544014667,1.5294117647058825,0.022722985958394247
2025-11-25,2025-11,313,305,0.019859865430279847,0.0012674703166126954,0.015926003158540515,-0.03952934445442294,0.0006751983031981984,0.26359350041796764,0.02189835009537,-0.011684548400530008,0.019896108157801844,-0.08406430560133353,-0.014193705756395244,0.09913935406754415,0.006437742629531403,0.003537543769180592,0.02062375915342391,0.0620433657366053,0.0007337775591437596,1.4612240970134736,0.050653159470565354,0.010502830302382343,0.015098099939465896,-0.03606932100147715,0.004256074389007473,0.40582946290572486,0.0088405428732423,0.0043297344579966805,0.0163522790157375,-0.11714653628823338,-0.010252652645700404,0.07765484619885682,0.010487492904540423,-0.0027131507372744096,0.014925477982895985,-0.1613108994359425,-0.012382461289954837,0.07843202762305736,1.5,-0.0024825296833873045,1.4411764705882353,-0.015287489577000596,1.7352941176470589,-0.0008006915249370553,1.8823529411764706,0.0057969479494411665,1.7058823529411764,6.502857564373923e-05,1.5294117647058822,-0.006536680149039116,1.088235294117647,-0.002045389932095919,1.3529411764705883,-0.017576058697571714,1.7058823529411764,-0.0035309283232091817,1.9705882352941175,-0.0006703961992278202,1.5,-0.014002652645700404,1.5,-0.01613246128995484
2025-11-26,2025-11,307,299,-0.1589424504269758,-0.010832858285256259,0.01857400061339738,-0.0466848617859055,0.005106833589391598,0.21033066061014932,-0.04352582467219622,0.0030098610122887177,0.019543275406041068,-0.05077166127632053,-0.001559407918929123,0.10532804057002068,-0.18765906540646232,-0.023419154614223194,0.018834482207972358,-0.08913343285393291,-0.022060062723402413,0.998718973994255,-0.12399439692847167,-0.012962872675912243,0.0159144629049836,0.03074845892220115,-0.008798391899320808,0.32392147080972794,-0.1621079327424049,-0.007823707954232957,0.017015500142409695,-0.054300227347403446,-0.009928293055772993,0.0717927516127626,-0.14553924943940857,-0.01808105528008457,0.018470226395050148,-0.057742735889131674,-0.004147429953182487,0.0905461644132932,1.5,-0.014582858285256258,1.3666666666666667,-0.00040680565437794863,1.9,-0.028169154614223195,1.7666666666666666,-0.01737953934257891,1.6333333333333333,-0.01190704128756629,1.5333333333333332,-0.0219143886134179,1.1,0.0023568335893915976,1.3666666666666667,-0.004976074585595789,1.8333333333333333,-0.026643396056735744,1.8666666666666667,-0.013465058565987474,1.5,-0.013678293055772993,1.1666666666666667,-0.0070640966198491535
2025-11-28,2025-11,361,349,0.08263445683273579,0.009143364236767473,0.017820721045824127,-0.020058110542669254,-0.0014357054892574091,0.17452393118292092,0.022687139439540854,0.0036935931151748343,0.019433023714449826,0.016984745918782,0.004741940542198281,0.10851148648985795,0.06487020011285244,0.005382960423406403,0.018934383539202054,0.033376651729898316,0.011990652911641562,1.0299825189369065,-0.007980571151271664,0.007744157951439637,0.017467251808045335,0.013417816638307328,0.005074635899119457,0.3369046276701348,0.06616929293228381,0.015424570649020022,0.01707161155194222,-0.011235164045842957,0.008533511185365323,0.0782751235046557,-0.00828244856023263,0.010474703595848588,0.016796949384317333,0.004705826537147972,0.0021513292270195464,0.07787170170673302,1.4,0.005643364236767473,1.4857142857142858,-2.069259911088037e-05,1.7714285714285714,0.0009543889948349744,1.6857142857142857,0.0035298722371539222,1.5999999999999999,0.011424570649020022,1.4285714285714286,0.006903275024420017,1.2571428571428571,-0.004578562632114551,1.3428571428571427,0.001384797685055424,1.7142857142857142,0.007704938625927277,1.8857142857142857,0.00036035018483374266,1.5142857142857142,0.004747796899651037,1.1714285714285715,-0.0007772422015518824
2025-12-01,2025-12,319,314,0.020184688681527032,0.004927955115798036,0.017437226308722874,-0.00016930858606167137,0.011491964080070373,0.21157552277849567,-0.0342047704172802,0.009229010271365726,0.01695880555575268,-0.10598902322161569,-0.0034186188191937905,0.06480138346312507,0.005992804903231778,0.008905461452570809,0.01837865438615395,0.00731995939038395,0.0007408115367315993,0.7522946034948672,-0.0795536019758092,-0.0028661800870533258,0.016617117770119438,-0.003640504269727816,-0.0015817069047825102,0.30804664461362746,-0.0737643869555131,-0.01075241632356141,0.01749835968384711,-0.00691559033569589,0.0081460165401746,0.09690368352758308,-0.04786608799850748,0.005223184027895831,0.017988497099793062,-0.010161102849513453,0.010170481925413527,0.058080345061757875,1.5999999999999999,0.0009279551157980355,1.7142857142857142,0.004943295985651441,1.9428571428571428,0.004048318595427952,1.8285714285714285,-0.0074376086584818975,1.8,-0.015252416323561408,1.8857142857142857,0.0005088983136101169,1.5428571428571427,0.007634821222927516,1.6285714285714286,-0.007490047390622362,1.6857142857142857,-0.0034734741775541153,1.8857142857142857,-0.006295992619068224,1.8285714285714285,0.0035745879687460284,1.8857142857142857,0.005456196211127813
2025-12-02,2025-12,313,303,-0.03048217460802502,0.005038282945469197,0.01686352885593665,0.010261298983169312,-0.006558512910084043,0.17558663381884496,-0.006786991658026215,0.005205931489535098,0.01754087090391784,-0.0579179710483798,0.020468188911850007,0.06496252873912454,0.020742373676723748,0.008494657593559003,0.017950114910717525,-0.1623181350506477,-0.01314212780139143,1.0879558734595776,0.04865988854271434,-0.0002483852608898573,0.017050218066339225,0.027410946416121098,0.004777578602241772,0.2918042759100596,-0.0034161934889430806,0.0008980029095271179,0.015418576004398242,-0.09020832734099861,0.0013114920194440133,0.09584788661450147,-0.022206333860281875,0.006649503003848353,0.015586491765984097,-0.10168825585902888,0.003966350182271908,0.05491056355337302,1.4516129032258065,0.0014092506874046808,1.6129032258064515,0.0011736734250189689,1.8064516129032258,0.003978528561300939,1.8064516129032258,-0.004764514293147922,1.5806451612903225,-0.003053609993698689,1.7096774193548387,0.0023753094554612563,1.0,-0.009058512910084042,1.3548387096774193,0.017081092137656458,1.5806451612903225,-0.017093740704617236,1.967741935483871,-0.00014177623646790573,1.6451612903225805,-0.0028014112063624377,1.096774193548387,0.0012244146984009404
2025-12-03,2025-12,303,296,-0.027741281389365633,-0.0031947372937929375,0.016682327164666527,-0.005976959877626683,-0.006942735897724739,0.260126136491696,0.0007372252485196493,-0.0039670915772951395,0.01679234531282052,-0.13460249097152582,-0.006973256710772606,0.07280033587788542,0.05968043021130744,0.0025700824927504737,0.017169260126095154,-0.05047158748026595,0.0006115401982392469,0.8889036814371745,0.05373743408675371,0.004676866064300291,0.01669159075676069,0.06175113428186953,0.015405423047818627,0.3059440021713575,-0.04242172670533781,-0.0007946206720744822,0.016270159534657564,-0.14497907654233677,0.00025059132470162115,0.09424455417320132,-0.04502164278071986,0.009066513161724913,0.016784049008707384,-0.16271756152288228,-0.0048204262027693075,0.06434759895006815,1.4,-0.006694737293792937,1.5666666666666667,-0.007883758243961807,1.8666666666666667,-0.0020965841739161925,1.7333333333333334,0.0003435327309669568,1.6333333333333333,-0.004877954005407816,1.5666666666666667,0.005149846495058247,1.2333333333333334,-0.010026069231058074,1.6333333333333333,-0.01105659004410594,1.8666666666666667,-0.004055126468427419,1.9,0.010655423047818628,1.6,-0.003749408675298379,1.2,-0.007820426202769307
2025-12-04,2025-12,335,330,-0.0026531167898054256,-0.0010984809829256079,0.014382942233226573,-0.09815000004788367,-0.010267360274996471,0.20578393492509017,0.1163920931246606,0.019561565214574556,0.014489511247496228,-0.0981279758589404,-0.022913181754800283,0.07197955953465267,0.10712479668858226,0.015582259779706498,0.01630446571365428,0.1745062021950276,0.04364010488811605,0.7264041094617409,0.04047759301750161,0.011456914677834842,0.015238163274461352,-0.06709685121128593,0.002069554853687299,0.24580106681043454,0.11686098491535168,0.007494500094822637,0.015128700220671957,-0.12171300949690031,-0.02536540610990924,0.09962425821206787,0.09171287224470683,0.006969098740135345,0.014074419952454053,-0.14289389543745715,-0.033842121535785294,0.058338429891701904,1.5454545454545454,-0.004962117346561971,1.7878787878787878,0.015091868244877585,1.878787878787879,0.010885290082736802,1.878787878787879,0.0067599449808651456,1.7575757575757576,0.0031005607008832434,1.7878787878787878,0.0024994017704383755,1.393939393939394,-0.013752208759844956,1.393939393939394,-0.02639803023964877,1.7272727272727273,0.039321923069934234,1.9393939393939394,-0.0027789299947975493,1.696969696969697,-0.029607830352333483,1.2424242424242424,-0.0369481821418459
2025-12-05,2025-12,289,284,0.04193170307308338,-0.0011965062709103315,0.016321774407394886,0.046090668986767724,0.011146109941390734,0.31641772562371834,0.014173694186382636,0.0021541300123801514,0.017517120015322588,0.003445048628160384,0.007442001177958259,0.07627300721859294,0.046043743847944116,-0.004067652613049319,0.01922084852069656,-0.00999189238900198,-0.00039321401254997584,0.9550274554640055,0.03069124213188408,-0.004201401893421346,0.01614884034192685,-0.05405213932825851,-0.0016460963592347267,0.25165941725884167,-0.0016694528167057608,-0.0030418656431424806,0.016091307266371174,-0.035344374359161004,0.001939607467448574,0.0771838618176324,-0.009202125345686504,-0.010082633395226987,0.015767928404340922,-0.042076872883231704,-0.0007120379796335206,0.05488926837486881,1.6666666666666665,-0.005363172937576998,1.696969696969697,-0.0020882942300440906,1.7575757575757576,-0.008461592006988712,1.7272727272727273,-0.008519583711603164,1.7575757575757576,-0.007435805037081874,1.7878787878787878,-0.014552330364923958,1.2727272727272727,0.007964291759572553,1.4242424242424243,0.0038813951173521984,1.7878787878787878,-0.004862910982246946,1.9393939393939394,-0.006494581207719575,1.3939393939393938,-0.0015452410173999102,1.0909090909090908,-0.0034393107069062476
2025-12-08,2025-12,374,367,0.0008516006938968617,0.002097386386209104,0.01597461397527183,-0.005343235222434087,-0.007787288862663174,0.2405120954420921,0.01154655913443876,0.008244765562772262,0.015286406635226926,-0.0001705495261716678,0.010815092219110659,0.06510182399604772,-0.0517613170606072,-0.004193118965065534,0.01586327863067587,0.016436508120020593,0.005860061619898592,0.9268906378262752,0.031058384346738285,0.0036944254059519746,0.01595043121686755,-0.04585213115224154,-0.014507249834449808,0.2593565030476532,0.07113016300841565,0.006932752684956477,0.014968488418277852,-0.06912967556020702,0.02246303394478258,0.0846777749877121,0.022213760376195324,0.004004377751088306,0.015238746265175082,-0.03301263064328827,0.015445040592458985,0.054791596365740165,1.5135135135135136,-0.0016863973975746798,1.7567567567567568,0.00385287367088037,1.864864864864865,-0.008855281127227697,1.7837837837837838,-0.0007650340535074853,1.6486486486486487,0.0028111310633348553,1.7027027027027026,-0.0002523790056684506,1.054054054054054,-0.01042242399779831,1.3513513513513513,0.00743671384073228,1.7567567567567568,0.0014681697280067001,1.8378378378378377,-0.019101844429044404,1.4864864864864864,0.018746817728566362,1.027027027027027,0.012877473024891417
2025-12-09,2025-12,328,321,0.007402568386530937,-8.362277585391778e-05,0.0167147393026829,-0.018157852765473142,-0.0003997065219970425,0.18834788969252259,-0.05002718831966952,0.014456009402042867,0.017894140442235293,0.0002608310342001667,-0.010238920871101755,0.06352050963323563,-0.15071551100396416,-0.022447881960594218,0.021981986359732524,-0.08878132861026404,-0.01894840376563016,0.9242451516911387,0.013348130771996545,0.0191214667878601,0.015314471994245148,0.05423381138753922,0.009150461439112658,0.3517962209880352,-0.06173397887030933,0.012659699924631378,0.018099325428514626,0.038335360696676125,-0.0018667699215895034,0.0832185651815962,0.009154591187312239,0.016412706015785348,0.017075441876579042,0.10322583716730611,0.0004204109399586764,0.048367962474003434,1.5675675675675675,-0.004002541694772837,1.7027027027027026,0.01019925264528611,1.837837837837838,-0.027042476555188814,1.7567567567567568,0.014729574895968208,1.6486486486486487,0.008538078303009757,1.7837837837837838,0.011953246556325889,0.9459459459459459,-0.0027645713868619075,1.4594594594594594,-0.013887569519750403,1.810810810810811,-0.02347543079265719,1.837837837837838,0.004555866844518063,1.5135135135135136,-0.005650553705373287,1.1081081081081081,-0.0023498593303115938
2025-12-10,2025-12,328,316,0.03559322509414965,0.01930920291620334,0.016443511797381974,0.01900257158228145,0.004759690615756162,0.2065899393055588,0.02654048388731287,0.01854462484899682,0.014996309326403511,0.08560287995451271,0.003823621909129382,0.0750450336781796,-0.0736072506006448,-0.016691826067886634,0.0165250077490043,0.055533139192407335,0.006893081676848375,0.9549396485090256,0.014064303016995332,0.00877652021306027,0.01728004380960655,0.0020070720213072016,-0.00953147881236487,0.25305867521092296,0.025872933501371487,0.014416295393213246,0.016137251919210845,0.12419157709883895,0.005319556431323549,0.09474105562549084,0.05083176846101581,0.012798773686072646,0.014164398392453644,0.09186214251367578,0.013013190730673592,0.06330750312190503,1.46875,0.015637327916203342,1.625,0.01448212484899682,1.71875,-0.020988701067886632,1.8125,0.004245270213060271,1.71875,0.010119420393213245,1.65625,0.008658148686072646,1.125,0.0019471906157561619,1.375,0.00038612190912938214,1.59375,0.0029087066768483747,1.84375,-0.014140853812364868,1.40625,0.0018039314313235493,0.90625,0.010747565730673592
2025-12-11,2025-12,348,338,0.0363658832141096,0.01707461126223555,0.015947989332766675,-0.019112972102825566,-0.006424045049975127,0.19264088050626654,0.03701693920115169,0.0023244663829536244,0.015352694272159503,-0.05301272847911527,-0.012199078444051246,0.08933124880251639,-0.005175258677237265,-0.00669313795670286,0.01790347723689312,-0.09497461029401558,-0.002678445608892542,0.9164380989968777,0.13320637764410542,0.008675673011554988,0.015767492320150046,-0.028593501954413767,-0.011503230159264544,0.29935429771156874,-0.046193653777310065,-2.6148695084287146e-05,0.013902282448476994,-0.0879641701381706,-0.021982851204999168,0.09498800693408532,0.06131771425390501,0.019668402736497028,0.014938021913244219,-0.043059103226969854,-0.013871240870031611,0.0810344556127401,1.5,0.01332461126223555,1.6176470588235294,-0.0017196512641051995,1.8235294117647058,-0.011251961486114626,1.8235294117647058,0.0041168494821432235,1.8529411764705883,-0.004658501636260758,1.7647058823529411,0.015256638030614675,1.2058823529411764,-0.009438750932328068,1.411764705882353,-0.015728490208757127,1.8235294117647058,-0.0072372691383043065,1.8823529411764706,-0.01620911251220572,1.4411764705882353,-0.025585792381469755,1.0294117647058822,-0.016444770281796316
2025-12-12,2025-12,305,298,0.028263280827893984,0.020825128841417545,0.01472195456141382,0.1729156863969296,0.03275541286633226,0.2509053220351537,-0.10398935017235651,-0.004596760730261253,0.015686124735945276,-0.033215154645625244,0.00796615939479802,0.07736431301260988,0.021196216156495338,0.02622468054648877,0.016942588714349584,0.01587987212175806,0.020238044736129987,0.9568903692066669,0.02004455967896622,0.01995249594456077,0.015705919867315097,0.030331918925137202,0.014294514900926175,0.301277773330609,0.06248610880549264,0.007359338088877907,0.014248857830906674,0.022389803572441812,0.015662444904978257,0.09583573661123712,-0.02090589092386732,0.007236119846400074,0.014786197961177316,-0.046516231153732664,0.025242132311919182,0.07415853431448341,1.3823529411764706,0.01736924648847637,1.7647058823529411,-0.009008525436143605,1.7941176470588236,0.02173938642884171,1.7941176470588236,0.015467201826913711,1.8823529411764706,0.0026534557359367307,1.7058823529411764,0.002971413964047133,1.0,0.030255412866332262,1.588235294117647,0.003995571159503902,1.7352941176470589,0.01589980944201234,1.9411764705882353,0.009441573724455588,1.588235294117647,0.011691856669684138,1.2352941176470589,0.022153897017801533
2025-12-15,2025-12,352,346,0.04127706571049347,0.005322033051300853,0.015715299234309057,0.04792889672493072,0.015015675068146224,0.27312248945236206,0.08262484289396471,0.005768190745041878,0.01599633989509307,-0.09797225909123926,-0.00130315904313001,0.07068972451878446,0.05436509037027563,0.017028299541681106,0.0187452175795741,-0.11533147420337549,-0.014821540025804752,0.7771567729966982,-0.00845415047570707,-0.0009962236211664525,0.015094825184247998,-0.009626390292112671,0.009462303093428496,0.264238517837865,0.10884339142129511,0.009768387969692722,0.015042550666395565,-0.1392234614614218,-0.020504646509914803,0.07864826946918453,0.016279872158059126,-0.008207385388327552,0.014171030814224744,-0.14012400095969502,-0.01402979556119386,0.06780945988638061,1.4285714285714286,0.0017506044798722815,1.6285714285714286,0.001696762173613307,1.7428571428571429,0.012671156684538248,1.7142857142857142,-0.005281937906880738,1.8,0.005268387969692722,1.6285714285714286,-0.012278813959756123,0.8571428571428571,0.012872817925289081,1.4857142857142858,-0.005017444757415725,1.8285714285714285,-0.019392968597233322,1.8857142857142857,0.004748017379142782,1.542857142857143,-0.02436178936705766,1.3142857142857143,-0.017315509846908144
2025-12-16,2025-12,340,333,0.054543317339911856,0.003557169452733558,0.01515025970063564,0.05614255771599897,-0.0007208484505934695,0.16348091366164613,-0.028083796776178095,-0.005703049960153941,0.01524284305450121,0.21496410257975976,0.017969058556770355,0.06748171619167834,-0.08425918828169235,-0.013349972244741553,0.016911788522636872,-0.09556898045460964,0.0018260803632540248,0.7763892504753489,-0.04293006739681216,-0.013894877474724437,0.013657855911955903,0.13472333110962184,0.01000403070319154,0.2279996613435673,0.025446790451576266,-0.008161777082456053,0.01468995027707468,0.13374723880676762,0.009942104146761508,0.09326286015636993,-0.03512527840918632,-0.0026177700611030325,0.0144805296624205,0.15703117724914167,0.012478843931952352,0.05630395140950427,1.457142857142857,-8.568769012358467e-05,1.542857142857143,-0.009560192817296798,1.8285714285714285,-0.017921400816170125,1.7714285714285714,-0.018323448903295864,1.6571428571428573,-0.012304634225313197,1.7428571428571429,-0.00697491291824589,0.8285714285714286,-0.0027922770220220414,1.6285714285714286,0.013897629985341784,1.8571428571428572,-0.002816776779603118,1.9142857142857144,0.005218316417477254,1.542857142857143,0.00608496128961865,1.2571428571428571,0.00933598678909521
2025-12-17,2025-12,319,313,-0.1122819054498424,-0.005676277611346373,0.01614774011456841,-0.09618539068372153,-0.00373949082138435,0.22943217175141456,-0.06023023564853301,-0.016913918039197454,0.014806220854862566,-0.2506219918730041,-0.030698163342845853,0.056801822787571336,0.04799260792044594,0.0009252769578057835,0.02110522238197545,0.10412960641336849,0.011217405169740367,1.1417612548797362,-0.10769026171397111,-0.02168745106040483,0.014864374635877035,-0.10037559335404696,-0.012500866817880645,0.3035976991297737,-0.03545721035085431,-0.009356886440750306,0.014895142944349866,-0.1699795360260861,-0.02591887351386233,0.06516118999570608,-0.10362184520666828,-0.013075220002327373,0.01359905907619489,-0.24679388038182148,-0.02989372631568804,0.041840624304548386,1.3636363636363635,-0.009085368520437282,1.4545454545454546,-0.02055028167556109,1.8484848484848484,-0.003695935163406338,1.5454545454545454,-0.025551087424041195,1.6363636363636362,-0.013447795531659396,1.7272727272727273,-0.01739340182050919,0.8484848484848484,-0.005860702942596471,1.5151515151515151,-0.03448604213072464,1.7878787878787878,0.0067477082000433975,1.9090909090909092,-0.017273594090607917,1.5757575757575757,-0.029858267453256267,1.1515151515151514,-0.03277251419447592
2025-12-18,2025-12,322,314,0.14472470650486513,0.013241743077162435,0.01803065058693045,-0.006802453347368352,0.0009893091977931793,0.23880845716884058,0.13017988194780677,0.009451534545830422,0.019011304381768776,-0.12921839809246818,-0.008430899008284434,0.05626839756845466,0.10673452606274557,0.0063454557209864735,0.01763839862969189,0.09378215619670864,0.018092091268182824,1.0055239690888311,0.13000340023828483,0.0032194419677629934,0.017783663277899302,-0.13040344940874907,-0.01267497251215054,0.3593794997901686,0.061111015262277926,0.0026160961238924137,0.018733902677664956,-0.08150849089091688,-0.005443628877224601,0.07960214682163731,0.12830310140550757,0.002212773027010331,0.01768574034141681,-0.18828387891708936,-0.01525687688719312,0.04479288135565096,1.4516129032258065,0.009612710819097918,1.5806451612903225,0.005499921642604615,1.7096774193548387,0.0020712621725993766,1.5161290322580645,-0.0005708806128821684,1.6129032258064515,-0.0014161619406237152,1.7741935483870968,-0.002222710843957411,1.032258064516129,-0.0015913359634971433,1.6129032258064515,-0.012463157072800563,1.7419354838709677,0.013737252558505405,1.8709677419354838,-0.01735239186698925,1.5483870967741935,-0.009314596619160086,1.3870967741935483,-0.01872461882267699
2025-12-19,2025-12,320,312,-0.009510224709225676,-0.0004792718521237291,0.01895282454726551,0.006769841502358422,0.0029217821713873795,0.22875529065007164,-0.04230033984706882,-0.0023371040065107342,0.017798472304122185,0.1161431019834178,0.0004183200251449263,0.05889528328853269,0.01741413174470888,-0.0008591329390970183,0.015477060946088186,0.08576504289856439,0.024018919868109858,0.8697162482046312,-0.05031677555444877,-0.02303176412466969,0.0181143077098377,0.02188278205841854,-0.0005508445291384715,0.24374694857866533,-0.05305972226291272,-0.005292726235827499,0.018709407265641097,0.12303123077373802,0.018291980405150753,0.09609937965269051,0.006532168282893388,-0.011915219637625842,0.017412544480984397,0.12096541470131544,0.022135496877857156,0.05070182774215937,1.4838709677419355,-0.004188949271478568,1.5483870967741935,-0.006208071748446218,1.8709677419354838,-0.005536552293935728,1.7741935483870968,-0.027467247995637434,1.8709677419354838,-0.00997014559066621,1.6129032258064515,-0.01594747770214197,1.161290322580645,1.8556364935767237e-05,1.4838709677419355,-0.003291357394209912,1.6451612903225805,0.019906016642303407,1.9032258064516128,-0.005308909045267504,1.6774193548387095,0.01409843201805398,1.3225806451612903,0.01882904526495393
2025-12-22,2025-12,312,304,0.07064789047372277,0.01614072147778651,0.0167610306750341,-0.05691670541249344,-0.015258329767948354,0.2625752279534936,0.05694831449975042,0.00827491637500391,0.01734178766112185,-0.051193485051025715,-0.018833732600109687,0.06117191569258769,-0.03528904732100146,-0.011833984943886051,0.016747515651814662,0.08552028436551783,-0.0014237307329301886,0.762866705780228,0.0745328595788744,-0.003709020229034828,0.01697162030709377,0.029981416820044973,0.009723024673674458,0.25871334162851173,0.030798314168842662,0.003850874361464489,0.016563452696516625,0.03429566211703262,-0.006020833187808531,0.0637976573780179,0.015228072899642902,-0.005965347229775582,0.014428571176659289,0.0368255744383635,0.00024409517973789097,0.053434872658302386,1.4516129032258065,0.012511689219721994,1.5161290322580645,0.004484593794358748,1.7419354838709677,-0.016188823653563472,1.7096774193548387,-0.007983213777421925,1.7419354838709677,-0.0005039643482129298,1.7741935483870968,-0.010400831100743324,0.8709677419354839,-0.017435749122787062,1.5806451612903225,-0.022785345503335493,1.7419354838709677,-0.005778569442607608,1.9032258064516128,0.004964960157545426,1.6451612903225805,-0.010133736413614982,1.4838709677419355,-0.0034655822396169474
2025-12-23,2025-12,288,281,-0.07199522563688317,0.000557099293773245,0.01657406986313514,0.06361396782529367,-0.0020350913226208868,0.19919730649728862,0.0002371106261729943,0.0024727377800951977,0.01587504962317846,-0.13191890816584884,-0.022481882902754928,0.06874458792818977,-0.14959755733929667,-0.023377683472441332,0.021562347259881286,0.03253601689334993,-0.025615175359861783,0.9946379858468261,-0.12387551387587697,-0.0034133979181474633,0.016147482799312187,-0.023534736706734345,0.008524908565355026,0.2869156536513141,-0.11018159057023096,0.0019013192496219744,0.016562200786477965,-0.09885453464025495,-0.0007505996229612644,0.08309718494170477,-0.030113049523970276,-0.005936518265472741,0.015963887211354593,-0.16746641267697898,-0.020644749518994372,0.05430041170412941,1.5333333333333332,-0.0032762340395600877,1.7666666666666666,-0.0019439288865714692,1.8333333333333333,-0.027961016805774664,1.8333333333333333,-0.007996731251480796,1.8,-0.0025986807503780253,1.9333333333333333,-0.010769851598806075,1.1666666666666665,-0.004951757989287553,1.5999999999999999,-0.026481882902754928,1.8333333333333333,-0.030198508693195115,1.8666666666666667,0.00385824189868836,1.5333333333333332,-0.004583932956294597,1.2,-0.02364474951899437
2025-12-24,2025-12,267,263,-0.017896101611749454,0.00011210599627708116,0.01735041888544738,0.015941060003279255,-0.006411088123671906,0.2202552925222195,0.020786108297730553,0.01371707787460787,0.015155130689007635,0.11854449327334776,0.006892880409362696,0.06006475480703207,-0.06428938451628256,-0.0062635559894402455,0.014832423209490709,0.03543982977934192,0.009732754692193517,0.7477474487744844,-0.019641217113663234,-0.004885061653527893,0.015607422914197165,-0.07457623164951162,-0.018528544578923837,0.3096742152881164,0.01486928614504019,0.005772330333165239,0.015514576327051156,0.061008835514626526,0.004047165618869872,0.10035927600872058,-0.039078451009423094,-0.0024902699614972133,0.0163183052918542,0.026928318188256483,-0.0031875615687025566,0.04058569519279095,1.2857142857142858,-0.0031021797180086335,1.7142857142857144,0.009431363588893585,1.7857142857142858,-0.010727841703725961,1.75,-0.009260061653527893,1.6071428571428572,0.001754473190308096,1.6428571428571428,-0.00659741281864007,1.0714285714285714,-0.009089659552243334,1.4285714285714286,0.003321451837934125,1.7142857142857144,0.0054470404064792316,1.9642857142857142,-0.023439258864638123,1.6428571428571428,-5.99772382729848e-05,1.1785714285714286,-0.006133990140131128
2025-12-26,2025-12,293,289,0.20836431319889473,0.018237712065145698,0.01941226316672121,-0.08017386413328034,-0.004013180443304516,0.20034537836909294,0.1766915006516868,0.017089977365579302,0.01595761657657013,0.17516892524508318,0.024086818927398994,0.05365001153329323,0.02247705362690533,-0.0010216071448989495,0.01500905820262762,0.1252987499179057,0.020292197190845317,0.9055218706870901,0.2683507635661553,0.023506386471773735,0.016702232650274283,0.01693915828750472,0.009709768823865868,0.3090855209478016,0.15038431730644375,0.017494207081216705,0.0169538155187572,0.1235878965870907,0.006876432248894001,0.07974277324332246,0.22555584259405834,0.02956586425222828,0.01516755905049209,0.011036584507713637,0.0102150566739031,0.04501971477193051,1.4482758620689655,0.014617022409973285,1.620689655172414,0.013038253227648268,1.8275862068965518,-0.005590572662140329,1.6551724137931034,0.019368455437290977,1.6551724137931034,0.013356276046733947,1.7241379310344829,0.025255519424642076,1.1724137931034484,-0.006944214926063137,1.5517241379310345,0.020207508582571407,1.6551724137931034,0.01615426615636256,1.9310344827586208,0.0048821826169693164,1.7241379310344829,0.002566087421307794,1.4482758620689655,0.0065943670187306866
2025-12-29,2025-12,260,258,0.016027091889160856,-0.005421672423948489,0.016014679567133948,0.03176605935226625,-0.013378288488521286,0.18099583556445745,0.009415250794561139,-0.00948348461320742,0.0161541847343648,-0.2075861386206214,-0.021142640060320867,0.05158474407373712,0.11634343361080662,0.00609019036495811,0.016924067254038506,0.11486931450562442,0.01378585909627661,0.7326419353485107,-0.0036005324158867955,-0.004799219012551622,0.016048947137090708,-0.033546012856357686,-0.005966370454809249,0.29042035484543216,0.03201663201663202,0.0035081323364011857,0.014161943268585202,-0.06275309033929724,-0.007367818333472143,0.062182353128894016,0.024498769326355533,-0.005342629390957314,0.013644255182169461,-0.09670124842538635,-0.02544726477691066,0.042613872076169804,1.620689655172414,-0.009473396561879524,1.7241379310344829,-0.013793829440793626,1.7586206896551724,0.001693638640820179,1.8275862068965518,-0.009368184529793001,1.793103448275862,-0.0009746262842884701,1.8620689655172413,-0.009997801804750416,1.103448275862069,-0.016136909178176458,1.5862068965517242,-0.025108157301700178,1.6551724137931034,0.009647928061793851,1.9655172413793105,-0.010880163558257525,1.6551724137931034,-0.011505749367954902,1.3103448275862069,-0.02872312684587618
2025-12-30,2025-12,263,254,-0.049201101764825166,0.0006467608385454949,0.013170925922231153,0.10839968692517368,0.003193917379895788,0.21886474430561065,-0.06065016790007002,-0.0013003682091973796,0.013118604720550823,0.02856131691966448,0.002689930217158665,0.061475086286664,-0.08922695235801774,-0.01097876587097682,0.016051951932015786,0.014668239503496622,-0.003898027010775946,0.8251129353046418,-0.04500703281271655,-0.007532076709486222,0.014523399684237593,-0.0035964685739430153,0.00353156476313333,0.37369081273674964,-0.01674514976435372,-0.001751357764014725,0.014412740373310343,-0.04985251642307328,0.009842477037534998,0.10170287542045117,-0.08103730280689245,-0.002432546810235991,0.01178440414531384,-0.0926196203456473,0.0029540645718942925,0.057157532870769495,1.653846153846154,-0.00348785454606989,1.8846153846153846,-0.006011906670735841,1.8461538461538463,-0.015594150486361435,1.9230769230769231,-0.01233976901717853,1.7307692307692308,-0.006078280840937802,1.6923076923076923,-0.006663316041005222,1.153846153846154,0.0003093019952804029,1.7692307692307694,-0.0017331467059182588,1.8461538461538463,-0.008513411626160561,1.9230769230769231,-0.001276127544558978,1.8076923076923077,0.005323246268304229,1.4615384615384617,-0.0006997815819518617
2025-12-31,2025-12,238,236,0.015986459198901213,0.003968897668051658,0.018687237099002305,-0.023862412927673056,-0.003958166424547688,0.18684701217959326,0.033061113858180315,0.0023897602067422703,0.015861540684387762,0.010788935032728202,0.004275352738788868,0.0674533584387973,-0.013589352493683106,-0.010497175836904852,0.01916187234477676,0.037465522583134715,-0.007827013732859328,0.7683857915302117,-0.03508885930163737,-0.007163840719644965,0.016628281480826727,-0.012078747075335615,-0.01284465837047195,0.3005449303115408,0.045980597630715866,0.0033998696813967487,0.015839064766906906,-0.024273657347055128,-0.0062293314488157895,0.0840573067155977,0.005347512661120801,0.000528985930798356,0.017253722023317056,-0.0060587340703984575,-0.00589136869118668,0.0685146941881006,1.68,-0.0002311023319483416,1.76,-0.00201023979325773,1.8,-0.014997175836904852,1.96,-0.012063840719644964,1.8,-0.001100130318603251,1.64,-0.0035710140692016444,1.0799999999999998,-0.006658166424547687,1.68,7.535273878886851e-05,1.8,-0.012327013732859327,1.92,-0.01764465837047195,1.72,-0.01052933144881579,1.3199999999999998,-0.00919136869118668
2026-01-02,2026-01,318,316,0.007957990259946835,-0.0033285011102233315,0.013106708442687541,0.09105798486767189,0.014838094498211378,0.17658072407357395,-0.12461211537826436,-0.02510419448457582,0.010531840279894605,0.10262917250596555,-0.0033560829338443003,0.07356154633453116,0.18362384423494146,0.03813936216331203,0.014806563315786718,0.039174318262057126,0.018652968505778588,0.669953403994441,-0.08358176985318601,-0.02267821920457239,0.011394670926617279,-0.009586867776753846,0.001835557395627279,0.28513528109760955,-0.018402772562497997,-0.005850520411418848,0.009468731656028063,0.024277365188928333,0.008871253344401277,0.06806962192058563,-0.03305446188869406,-0.008954369753852588,0.011256955335939445,-0.03418086585755177,-0.006344731292408503,0.06335206818766892,1.5625,-0.0072347511102233315,1.75,-0.02947919448457582,1.875,0.03345186216331203,1.875,-0.02736571920457239,1.84375,-0.010459895411418847,1.8125,-0.013485619753852589,1.4375,0.011244344498211378,1.875,-0.008043582933844301,1.8125,0.014121718505778588,1.875,-0.002851942604372721,1.9375,0.0040275033444012774,1.875,-0.011032231292408504
2026-01-05,2026-01,293,288,0.055215065632519114,0.020666510093745292,0.011490608445288705,0.01725472291864738,0.015609667909186197,0.22497960180044174,-0.04026579085876123,0.007566893391215474,0.011115525580202965,-0.14820274633379582,-0.021780875160525924,0.09465954497713468,-0.10317553567987767,0.0029487199025106086,0.02007624079007703,0.040865425652515865,0.0008010303715584883,0.9248524590812881,0.009533797356952258,0.008496753693918991,0.012729584188269513,0.021626129302842415,0.018647264173933593,0.3563950922468613,-0.021799306266441977,-0.006119563073837205,0.011398363367021543,-0.09757663170090261,5.6616463429781314e-05,0.09268401820084145,-0.037653824259015756,-0.00026175478373911733,0.011065104036082492,-0.058965324891076046,0.017439620816404565,0.08914617060458865,1.59375,0.01668213509374529,1.8125,0.0030356433912154743,1.9375,-0.0018950300974893914,1.875,0.003809253693918991,1.8125,-0.010650813073837206,1.8125,-0.004793004783739117,1.25,0.012484667909186196,1.15625,-0.024671500160525925,1.84375,-0.0038083446284415115,1.78125,0.014194139173933595,1.625,-0.004005883536570219,1.28125,0.014236495816404566
2026-01-06,2026-01,294,294,0.04211730228266546,0.003990926457939957,0.014213251016992098,-0.08191151824870829,-0.025617110313119446,0.2685167671277605,-0.0375686430805377,-0.0016129627332480759,0.014350440902442748,-0.059674914303876184,-0.041002981751478866,0.07752465039234736,-0.05024698121316895,-0.008036967287681593,0.024629525963688288,-0.048607563593816176,-0.008714231179437822,1.1229252291136773,-0.07389818086687522,-0.03202462260296928,0.015547099688488974,-0.02321551601605046,-0.029030766027336022,0.36370847663231964,0.04096697434948267,-0.003061774029372393,0.01441799221320882,-0.09286961958428844,-0.029655913708655446,0.07177485467801833,0.00011262447129067959,-0.004073612393567351,0.014235508331837378,0.04802902453041396,0.0059384151484984365,0.07808016359420686,1.7586206896551724,-0.000405625266197974,1.7586206896551724,-0.006009514457386007,1.8275862068965516,-0.012605932804922972,1.8620689655172413,-0.036679795016762384,1.6551724137931034,-0.007199705063855152,1.793103448275862,-0.008556371014257007,1.5172413793103448,-0.02941021376139531,1.2413793103448276,-0.04410643002734094,1.8275862068965516,-0.013283196696679201,1.7586206896551724,-0.03342731775147395,1.2413793103448276,-0.03275936198451752,1.2413793103448276,0.0028349668726363676
2026-01-07,2026-01,319,314,0.11150004436032412,0.0018234535682319529,0.0158606008693384,0.11157065120955817,0.017224054353169836,0.2009054775680265,-0.014387162122197907,0.007106024874823361,0.016133664070167024,0.040936446442302,0.002721556691347112,0.09021512046456337,0.038269466640645705,-0.0064121185024587045,0.020217480853770235,0.01813687730073598,0.01760804768521507,1.0512793150640303,0.0064640391612977854,0.006697694126962148,0.017677881479656973,0.02469650144910392,0.017862613285397073,0.3842549317426258,-0.06382008931211924,-0.007601952692562213,0.01699990885558138,0.026245046430472586,-0.010306143877393023,0.09469592469113489,0.033175977405808244,-0.007397319016745004,0.01601625928426655,0.09425903471934702,-0.001198102453368757,0.08678073255765822,1.5483870967741935,-0.002047514173703531,1.6774193548387097,0.002912476487726587,1.8709677419354838,-0.011089537857297414,1.7096774193548387,0.002423500578575051,1.7419354838709677,-0.011956791402239632,1.6129032258064515,-0.011429577081261133,1.2903225806451613,0.013998247901556933,1.0,0.00022155669134711186,1.7741935483870968,0.013172563814247328,1.9032258064516128,0.013104548769268042,1.3548387096774193,-0.013693240651586572,1.2580645161290323,-0.004343263743691338
2026-01-08,2026-01,301,299,0.00019933554817275749,0.00016659163057041208,0.01714824218650395,-0.1340098127653957,-0.014707980166603858,0.1745108207066854,0.026288970539702097,-0.010432011104989584,0.015796451318395903,-0.06124969747640316,-0.0039007627804182954,0.08145689194401105,0.055834416694030935,0.03800213273155252,0.01915651838575909,0.1636538715380814,0.003649658777971721,0.9967922920982044,0.07407671428059281,0.05156605683303625,0.01531370903918461,-0.02043783415106378,0.01229587257374705,0.36248652065793674,0.040299663373743154,0.006055120960901902,0.01675057037180116,-0.05401069283404106,-0.0028947511997898653,0.09771286627898614,-0.03420958834789114,-0.000876271430834615,0.012994944818087273,-0.07212822600162813,0.002532186341713516,0.07861472172662616,1.4516129032258065,-0.0034624406274941038,1.5806451612903225,-0.014383624008215391,1.8709677419354838,0.03332471337671381,1.7096774193548387,0.047291863284649155,1.4838709677419355,0.0023454435415470637,1.7741935483870968,-0.005311755301802357,1.3225806451612903,-0.018014431779507085,1.064516129032258,-0.00656205310299894,1.8064516129032258,-0.0008664702542863431,1.967741935483871,0.007376517735037371,1.3870967741935483,-0.006362493135273735,1.1935483870967742,-0.0004516846260284196
2026-01-09,2026-01,276,271,-0.00880581041937187,0.004204200195178288,0.017913270549585348,-0.11594982948302679,0.0005048458402798607,0.1807150592406591,-0.042439462907207376,0.014126152228025343,0.018349811271965,0.02951784363807594,0.002638810893698374,0.08501433857061245,0.09345496737991034,0.020685044795357713,0.016567268568854064,-0.08774188993841557,-0.01880410263623097,0.9862783777493018,0.09570867995605085,0.004609323797937388,0.017779225812974482,-0.028091494128223055,-0.011024855810030366,0.3570994029028548,0.045746493343416905,0.008648476424691534,0.018866920152384857,0.031134258928953638,0.0023080997574872475,0.09748562135630183,0.11416389606312695,0.009135854710987506,0.018444283388198437,0.1175456971219018,-0.009468796017519895,0.08524396505068849,1.6333333333333333,0.00012086686184495463,1.6666666666666665,0.009959485561358675,1.8333333333333333,0.016101711462024382,1.8333333333333333,2.599046460405579e-05,1.7333333333333332,0.004315143091358201,1.7,0.004885854710987505,1.1666666666666665,-0.0024118208263868056,1.0999999999999999,-0.00011118910630162574,1.9,-0.02355410263623097,1.8666666666666667,-0.015691522476697032,1.4,-0.0011919002425127526,1.3,-0.012718796017519894
2026-01-12,2026-01,319,316,-0.007105045904160096,-0.014083497401094373,0.01773883243459907,0.1662514201081124,0.025220578265081423,0.16107925516553223,-0.10899813215293011,-0.01528376684694677,0.017106660516733388,0.1504887168118904,0.005941305063001837,0.061162198428064585,-0.023983133633005745,-0.007126873435951978,0.015974811405872164,0.032622422132990755,0.004318660063283589,1.2919679153710604,-0.031242618162085085,-0.010965509886236225,0.015610844755862729,0.0102544443734885,-0.00229885035220289,0.3140786837320775,-0.03110324413549543,-0.015076951067603983,0.0180191475437303,0.06940321218681754,-0.008800964131444402,0.08198922558221966,-0.10674943318128569,-0.01481188690871946,0.017382260361725528,0.008970952210156355,-0.0081935304803494,0.05262762837810442,1.75,-0.018458497401094374,1.8125,-0.01981501684694677,1.90625,-0.011892498435951977,1.78125,-0.015418634886236224,1.65625,-0.019217576067603985,1.625,-0.01887438690871946,1.125,0.022408078265081424,1.15625,0.0030506800630018373,1.84375,-0.0002907149367164111,1.9375,-0.00714260035220289,1.4375,-0.012394714131444402,1.25,-0.0113185304803494
2026-01-13,2026-01,253,251,0.03457500216747732,0.0031295669137373586,0.015086112967748228,0.06473726214358047,0.012952763168937403,0.18694030590355398,0.06338416940782073,0.019099604883117592,0.013824538858527873,0.16257861239084687,0.012017219017375978,0.06748995497822761,0.0006513760044488297,0.015439054270770516,0.01746732357252681,0.16791380951913545,0.024545524243069536,1.1034386098384856,0.053206753094990365,0.021166953400332644,0.016914966078164284,0.07485916550992328,0.0062302266400254555,0.30833751134574416,0.013167089168518494,-0.013131532507010211,0.015076014694767912,0.02169764972386685,-0.002704077423763756,0.06495216794312,0.007138935058219775,0.007543574385719771,0.014286302800961062,0.024362338375450647,-0.001709289590862896,0.05886149913072586,1.5625,-0.0007766830862626414,1.78125,0.014646479883117593,1.9375,0.010595304270770517,1.875,0.016479453400332644,1.84375,-0.017740907507010212,1.75,0.0031685743857197708,1.28125,0.009749638168937404,1.34375,0.008657844017375979,1.9375,0.019701774243069535,1.9375,0.0013864766400254556,1.625,-0.006766577423763756,1.3125,-0.0049905395908628955
2026-01-14,2026-01,303,296,0.016104638522409228,0.0012568512292507779,0.016542235720392706,-0.12694120143976753,-0.021011519739154834,0.1731556658943494,-0.018031604484951808,-0.010053101801682764,0.013691316028044681,-0.25454801928432647,-0.02085610799264241,0.04480220309148232,-0.04432174311741715,-0.003895835566288929,0.016038963923934165,-0.053583817518719275,0.003806856103155379,0.8957598571976026,-0.0249064826004691,0.008876478119921923,0.013509385710890158,-0.14507849355866226,-0.022544925261965502,0.272632522135973,0.09026198454631103,0.0030473060028583313,0.01199631535281009,-0.11090903443777629,-0.014063292599563175,0.03657203546414772,0.052969347997887974,0.0011508747220700648,0.01363830217883374,-0.11988816954194548,0.020967724323344213,0.0421235832075278,1.7333333333333334,-0.003076482104082556,1.8,-0.014553101801682764,1.8666666666666667,-0.008562502232955595,1.8,0.004376478119921924,1.8333333333333333,-0.0015360273304750012,1.8666666666666667,-0.0035157919445966013,1.2666666666666666,-0.0241781864058215,1.2333333333333334,-0.023939441325975745,1.9,-0.0009431438968446207,1.9666666666666668,-0.027461591928632168,1.7333333333333334,-0.01839662593289651,1.3333333333333333,0.01763439099001088
2026-01-15,2026-01,298,292,0.0697843147346648,0.010378023450014009,0.01627616150913632,-0.08122144486841129,-0.004561603062638232,0.1770180143929761,-0.025714044085690883,0.00852796451941039,0.014133866475598894,-0.14873778694571613,-0.0021348124155860185,0.0672981209153759,-0.07629909945250758,-0.00984125323320987,0.020104694088606476,-0.0273928155903798,-0.003382276514687859,0.9268944679663099,0.03196995746786385,0.012075403425294482,0.01568240926961806,-0.09782482762343182,-0.00816061675026913,0.3072268599965449,-0.013320569988259062,0.009150806984097204,0.016567220263614582,-0.1134845632525969,0.006830454234785531,0.05707183049927498,0.039014888629464256,0.020973751493387573,0.013394824197103677,-0.1354931712551893,-0.007027402962025255,0.05866510488478274,1.7333333333333334,0.006044690116680675,1.7,0.00427796451941039,1.8333333333333333,-0.014424586566543201,1.9333333333333333,0.0072420700919611485,1.8666666666666667,0.004484140317430538,1.8666666666666667,0.016307084826720906,1.3333333333333333,-0.007894936395971565,1.2333333333333334,-0.005218145748919352,1.8,-0.007882276514687859,1.9,-0.012910616750269131,1.5333333333333332,0.0029971209014521983,1.4,-0.010527402962025255
2026-01-16,2026-01,292,287,0.01879038323754237,-0.018997695111901133,0.01793405143530958,-0.02409082233271854,-0.0007137060578679176,0.21634758777659516,0.04101975580460989,-0.016608582055042478,0.016261913967679807,-0.06753643362131412,-0.009482925679586541,0.05574244915925223,-0.07529674775153505,-0.013282303822148685,0.017409056953967352,0.034409526796316516,-0.004796051162095142,0.7125077062639696,0.03132549545260694,-0.0186709059852064,0.01694775496585335,-0.08346186399015397,0.006901865308141554,0.3075840611267706,0.11512548549951848,-0.007357745230046696,0.016980311097093546,0.07090313351315596,0.00362320179431233,0.05225195722847149,0.11277697553227461,0.0021219596784735686,0.015739674710183615,0.07467663293380446,0.016598158890134385,0.04916221911794153,1.6551724137931034,-0.02313562614638389,1.7241379310344827,-0.020918926882628683,1.896551724137931,-0.01802368313249351,1.8620689655172413,-0.023326078398999504,1.896551724137931,-0.012099124540391522,1.8620689655172413,-0.0025332127353195344,1.2758620689655171,-0.0039033612302817105,1.3448275862068966,-0.012844994645103783,1.8620689655172413,-0.009451223575888245,1.793103448275862,0.0024191066874518982,1.6551724137931034,-0.0005147292401704289,1.4137931034482758,0.013063676131513696
2026-01-20,2026-01,397,392,0.008543979752206377,0.0189024365051225,0.01731091093605686,-0.01950137008133228,-0.009202154483956651,0.19248254253314093,0.023495464858424315,0.014421267316068416,0.016118971764368887,-0.1265823683039257,-0.010865606971055616,0.05092721900496727,0.009984672021060825,-0.010446273887074,0.018683853509963398,0.02016784837446506,-0.024772652695980554,0.9104490692798908,0.044167966403267235,0.022659609641796613,0.017106980583295253,-0.07910862222285306,-0.005172935099911549,0.3966762776940297,0.005944442747688277,0.015018582764034498,0.015200025876175954,-0.006408751950383937,-0.006869582962582154,0.05544807155353901,-0.003007174018284983,0.010343405010954905,0.015510073792583297,0.02238321321817918,-0.004894028300344857,0.05187460094785843,1.5128205128205128,0.01512038522307122,1.6153846153846154,0.010382805777606877,1.846153846153846,-0.015061658502458615,1.7692307692307692,0.01823653271871969,1.6923076923076923,0.010787813533265267,1.6153846153846154,0.006304943472493367,1.2307692307692308,-0.012279077560879727,1.3076923076923077,-0.014134837740286385,1.8717948717948718,-0.029452139875467735,1.8717948717948718,-0.00985242227939873,1.7179487179487178,-0.011164454757453948,1.3076923076923077,-0.008163259069575627
2026-01-21,2026-01,360,352,-0.17791946555139773,-0.03197691759698874,0.018712551711029965,-0.031260529273631224,0.010816570763756575,0.18235340480293546,-0.0942862213443005,-0.014679840717066742,0.017431751941299756,-0.04272898196230938,0.002551841146851173,0.06313325752105031,-0.005900035066730032,0.010335774368139483,0.016057209789170527,0.014105066722186492,0.015079948543957892,0.9204430443899971,-0.04730656662130676,-0.007691682377602128,0.01765159761221848,-0.01592630601573572,0.013362859174530907,0.3248298250404852,-0.030216539736674923,-0.008354645038665936,0.01871927847421391,-0.057048279693516155,-0.014421893296517654,0.0729432045349053,-0.10262990712376896,-0.029457830630308178,0.016736235839865977,-0.18302764681826247,-0.01569807763201824,0.06021982104118381,1.5897435897435896,-0.03595127657134771,1.7948717948717947,-0.01916702020424623,1.8974358974358974,0.00559218462454974,1.8974358974358974,-0.012435272121191871,1.7692307692307692,-0.012777721961742858,1.7435897435897436,-0.03381680498928254,1.2307692307692308,0.007739647686833498,1.205128205128205,-0.0004609793659693397,1.8974358974358974,0.010336358800368149,1.923076923076923,0.0085551668668386,1.6666666666666665,-0.01858855996318432,1.358974358974359,-0.019095513529454138
2026-01-22,2026-01,350,342,0.08521833427573197,0.01611861772303616,0.018694129767165224,0.09585455012609224,0.006875555075260579,0.16905545717214837,0.030362139191490094,0.015314403399355735,0.017674424424518262,-0.10347877616345182,-0.01394408135968213,0.05943851961809046,-0.028602490723256616,0.0018884984904007753,0.019537408146147163,-0.01614948477840218,-0.00743026163581473,1.2406344628509354,-0.018726591498234423,-0.001102544365580509,0.018395037939549795,-0.0620074143117728,-0.024000873597753804,0.3457520958584021,0.014328047995357291,0.013109129806046383,0.017618029017307038,-0.0794655638797448,-0.02241523317371431,0.0646760230883956,0.028581226569632235,0.009315585604923142,0.0160440028672738,-0.19244282057879147,-0.02175789750850169,0.05924188389497645,1.6857142857142857,0.011904332008750445,1.7714285714285714,0.010885831970784306,1.8285714285714285,-0.0026829300810277965,1.8857142857142857,-0.005816830079866223,1.8285714285714285,0.008537701234617811,1.8285714285714285,0.0047441570334945705,1.3714285714285714,0.003446983646689151,1.1714285714285715,-0.016872652788253558,1.8571428571428572,-0.012073118778671874,1.9428571428571428,-0.028858016454896662,1.657142857142857,-0.026558090316571453,1.4,-0.02525789750850169
2026-01-23,2026-01,299,289,0.09896163946937218,-0.0030561035945817997,0.016301563735316955,0.08681151938228097,-0.009367884573090013,0.18229200761636782,0.16533635608628314,0.005530001688682664,0.015035508066653915,0.1339305515027721,0.0055722428287374726,0.07218643541223016,-0.10151094363570282,-0.0014724969356939262,0.017106851383346396,-0.019637945929971038,-0.011319125702785371,0.9786642255454228,0.044161073825503355,-0.006690536022673887,0.016351865589877022,0.1387138335839824,-0.0029752852985908016,0.3377594656535778,0.05087113645036026,-0.0005170923736552979,0.01369962770590246,0.09330744539965433,-0.00625671228110874,0.09840018398545938,0.025902448878813045,0.001793746134056879,0.01512940719560059,0.06038472761554174,-0.004095462759585588,0.06944004012721366,1.6764705882352942,-0.007247280065170035,1.7647058823529411,0.0011182369828003115,1.8529411764705883,-0.006104849876870397,1.7647058823529411,-0.011102300728556239,1.7058823529411764,-0.004781798256008239,1.6764705882352942,-0.0023974303365313565,1.3529411764705883,-0.012750237514266485,1.088235294117647,0.002851654593443355,1.8235294117647058,-0.015877949232197135,1.8823529411764706,-0.007681167651531978,1.6470588235294117,-0.01037435933993227,1.3235294117647058,-0.007404286288997353
2026-01-26,2026-01,383,374,0.08683599930026976,-0.008987465152062734,0.014515515863801804,0.10441047026661616,0.013582897677565146,0.18077574353161696,-0.009170635767380685,0.007727730247509706,0.014642947224532785,0.07359576708998926,0.03287688509763975,0.06071393614685213,-0.013656156974640107,-0.0001357772259484545,0.014278731061268327,-0.0015061937839676589,0.00988775070994335,0.9770487957709545,0.0129623471017825,-0.007397894821833381,0.015436130933765196,0.13785109160148643,0.024290625534302106,0.38478521519416087,0.011835641531200617,0.0041943884211789115,0.012444942208224926,0.04706617617061613,-0.0015708902588589067,0.05597723315696458,0.024683183459235442,-0.007176875543125721,0.012496396712198758,-0.1252736399382231,-0.030391695617094254,0.05375448956682875,1.7027027027027026,-0.01324422190881949,1.6756756756756757,0.003538541058320516,1.837837837837838,-0.00473037182054305,1.837837837837838,-0.011992489416427977,1.7837837837837838,-0.0002650710382805484,1.7837837837837838,-0.01163633500258518,1.135135135135135,0.010745059839727308,1.1081081081081081,0.030106614827369482,1.7837837837837838,0.00542829125048389,1.9189189189189189,0.01949332823700481,1.5675675675675675,-0.0054898091777778255,1.3783783783783783,-0.0338376415630402
2026-01-27,2026-01,288,284,-0.05421407425918589,0.0012130856570214642,0.012963172517197532,-0.15193956477077528,-0.018796228148635893,0.19434660759621433,-0.03150816300602667,0.005052066646155096,0.01230596905438168,0.15122622168841757,0.022774783423768003,0.05768969196027943,-0.015504411448415929,-0.004554092043613281,0.019516308962095066,0.006369305161563106,-0.0029006138935399797,0.9863031964216913,-0.01186108698418864,-0.004578428939142378,0.011405883936666486,0.018010405766682103,-0.00010622539540472821,0.2749811666019793,-0.0865692065869415,-0.008160036941698272,0.012589817266025033,0.19909003545176981,0.020457561292691544,0.05077360616996884,-0.05034996511165385,-0.006925164300932076,0.011868402104385448,0.14585806381653413,0.019315805826418373,0.044916586784113734,1.6756756756756757,-0.0029761035321677256,1.864864864864865,0.00038990448399293335,1.864864864864865,-0.009216254205775444,1.9189189189189189,-0.009375726236439674,1.8108108108108107,-0.0126870639687253,1.7837837837837838,-0.011384623760391536,1.4054054054054053,-0.022309741662149406,1.3783783783783783,0.019328837477822058,1.8378378378378377,-0.007495208488134574,1.8108108108108107,-0.004633252422431755,1.7567567567567568,0.01606566940079965,1.5945945945945945,0.015329319339931886
2026-01-28,2026-01,352,343,0.04311501668976608,0.005634606473024675,0.01580785038503283,-0.0031943978900465485,0.00622925543130519,0.20882297186728788,-0.04182336286592254,0.0028977111656472657,0.015844400997212484,0.13955088994315668,0.03051132062406501,0.06978513010065346,0.14414822699270752,0.018351714874738072,0.015744011306960445,0.06574033151696315,0.007248863420762065,1.049490417627727,-0.041078281325771515,0.011649587436709425,0.015612233053470898,0.04259265972213013,0.002721473985856612,0.3104697618195239,0.018433684361709612,0.001645913939459117,0.014910960877752715,0.11011345408991981,0.010565892215989685,0.06436375408049892,-0.021776934039741964,-0.008046127064859255,0.015053895595479308,0.15769567527088277,0.019679776078502742,0.05904850251424839,1.6470588235294117,0.0015169594142011465,1.8235294117647058,-0.0016611123637644987,1.9117647058823528,0.013572303110032189,1.9117647058823528,0.006870175672003543,1.852941176470588,-0.0029864390017173533,1.8823529411764706,-0.012752009417800431,1.3235294117647058,0.002920431901893425,1.2941176470588234,0.02727602650641795,1.9705882352941175,0.002322392832526772,1.9411764705882353,-0.0021314671906139766,1.6470588235294117,0.006448245157166156,1.5,0.015929776078502742
2026-01-29,2026-01,390,378,-0.019349451723223093,0.0033166545872790505,0.016768581056365528,0.011400576345557944,0.02152938143267861,0.26181100279484926,-0.044488761084074444,-0.0027108985284191346,0.016941446589779648,0.040918511535514006,0.016626113797395543,0.05331486502760335,-0.04578769774334804,0.00413702890652474,0.018057732198206954,-0.06878302843684322,-0.010589233498602895,1.2146923691034317,-0.017803898879577614,-5.8871754218779715e-06,0.014836308129431465,0.14137226481148188,0.019098674677377123,0.3215551257231518,-0.07305356938754357,0.004392898144451558,0.016051423002280366,0.008970983459146663,0.013378176478629869,0.03816669738214267,-0.11085882366032432,-0.015132406589840247,0.014675076899974581,-0.21090909458725413,-0.02132017871437081,0.0470000988509702,1.526315789473684,-0.0004991348864051598,1.631578947368421,-0.006789845896840187,1.894736842105263,-0.0005998131987384175,1.7894736842105263,-0.0044795713859481934,1.7368421052631577,5.079288129366307e-05,1.6842105263157894,-0.01934293290562972,1.2105263157894737,0.018503065643204926,1.2105263157894737,0.013599798007921859,1.9210526315789473,-0.015391865077550262,1.8421052631578947,0.014493411519482385,1.4473684210526316,0.00975975542599829,1.3157894736842104,-0.024609652398581337
2026-01-30,2026-01,315,308,-0.10972768778364807,-0.028045265295522266,0.016696849975918433,0.0300232691421882,0.00956981242051478,0.21374254337241572,-0.1278033977577233,-0.021181995382910754,0.015945974023376802,-0.02267423997595062,0.004321465151231061,0.058220494238118974,0.020745783953177596,-0.005890683208988589,0.018483178426424326,0.11273180003436982,0.009625343116207871,1.160349937215928,-0.0919727738628469,-0.026632903463471524,0.014716623751006644,0.042746382667248776,0.012324951263543629,0.3321656306544619,-0.014144428781096495,-0.023372720548083058,0.015469428112147188,-0.08292944515434526,0.005202331917671671,0.03919501296214519,-0.13771131962230013,-0.03095514381358597,0.01400597810428401,-0.26952698363366356,-0.032356383750512516,0.0459482786696284,1.4210526315789473,-0.031597896874469636,1.5526315789473684,-0.025063574330279174,1.894736842105263,-0.010627525314251747,1.763157894736842,-0.031040798200313628,1.7368421052631577,-0.02771482581124095,1.6842105263157894,-0.035165670129375444,1.2894736842105263,0.006346128209988464,1.263157894736842,0.0011635704143889555,1.8421052631578947,0.005020079958313134,1.894736842105263,0.007588109158280471,1.6052631578947367,0.0011891740229348288,1.263157894736842,-0.03551427848735462
2026-02-02,2026-02,404,394,-0.03223950186581934,-0.008818149549595734,0.01913862832604333,-0.08597546272410533,-5.058921797980063e-05,0.20094663353684622,-0.05249917878471056,-0.011501444645733949,0.01691485984715723,-0.17255311966266934,-0.017451595694897064,0.06421047248519385,0.03671443583900549,0.014975545220565845,0.018335698933448823,0.06923408829149079,0.00034579258994195145,0.8880054163627136,0.04548714590828232,0.01114387304265604,0.017424301557065952,-0.17451420907185838,-0.0044706438430111295,0.37263787891238165,0.037593552572792434,-0.001304854799380798,0.01626348329915987,-0.2605462696807315,-0.02377887424213719,0.08081196549420173,0.0031747591632612393,0.00027845433661385834,0.017909528218838382,-0.3040110793544201,-0.034876782656214245,0.06648756359488918,1.5897435897435896,-0.012792508523954709,1.846153846153846,-0.016116829261118563,1.923076923076923,0.010167852912873539,1.8717948717948718,0.006464385863168861,1.8205128205128205,-0.005856136850662849,1.7692307692307692,-0.0041446225864630645,1.641025641025641,-0.004153153320543904,1.6923076923076923,-0.021682364925666296,1.846153846153846,-0.004269592025442664,1.9743589743589742,-0.009406541278908566,1.8717948717948718,-0.02845836142162437,1.846153846153846,-0.03949216727159886
2026-02-03,2026-02,423,418,0.08600036640597856,0.017438228477698117,0.016969493983238146,-0.1362072497325284,-0.014039207219487964,0.4089575828319149,0.03977835372341831,0.01735857533456276,0.016524400790902886,-0.2863869170720756,-0.028040528629758907,0.0695285080887732,-0.08351011133675304,-0.021682844382224554,0.020121119371903397,-0.01758927483740224,-0.009181863896172014,2.1772720969858623,0.011727532267937208,0.007290887331758164,0.015542761477641583,-0.13130651070552252,-0.002229964442748325,0.3032074506793703,0.06919111285585114,0.016288152729094445,0.016029004455525235,-0.2532274164876652,-0.0275942577599756,0.07844495360872575,0.018865704847086162,0.010449765739281126,0.01565037504623357,-0.2580005238447669,-0.03607724643548769,0.06736473333910994,1.5476190476190474,0.013569180858650498,1.6904761904761905,0.013132384858372283,1.880952380952381,-0.026385225334605508,1.7857142857142856,0.0028266016174724497,1.738095238095238,0.01194291463385635,1.738095238095238,0.006104527644043031,1.2142857142857142,-0.017074921505202248,1.5952380952380951,-0.03202862386785414,1.9523809523809523,-0.014062816277124395,1.880952380952381,-0.006932345395129278,1.5238095238095237,-0.03140378156949941,1.2142857142857142,-0.039112960721201975
2026-02-04,2026-02,475,471,0.014149222647086816,-0.008318318314214921,0.016916667027445507,0.06262323716961801,0.017771239151604525,0.2808375838906207,0.014139705182539371,-0.0011778628597954744,0.016622961852621035,-0.04216012854175648,0.00903115608430419,0.0751895350899468,-0.03179618121119314,-0.005621551196374781,0.018126299548778695,0.15649324743304338,0.028873843353839537,2.1426196161736835,-0.020393576293315768,-0.003876279390896624,0.015175633343496447,-0.08870937582228094,-0.023894176798244016,0.32788450358078836,0.01900223380491437,-0.00696513056953426,0.016312246149701164,-0.021909875209244256,-0.0043003139908801506,0.0817922877266686,-0.009004417223251725,0.0003861508616848884,0.016252949625903467,-0.0899103678779973,-0.003837574293827088,0.07456292213990967,1.6382978723404256,-0.012414062995065984,1.6382978723404256,-0.005273607540646538,1.7659574468085106,-0.010036444813396057,1.8297872340425532,-0.008450747476003006,1.7446808510638296,-0.011326832697193834,1.7234042553191489,-0.003922359776612983,1.425531914893617,0.014207409364370482,1.6382978723404256,0.004935411403453127,1.8085106382978722,0.024352566758094857,1.9574468085106382,-0.02878779381952061,1.425531914893617,-0.007864143778114193,1.1489361702127658,-0.006709914719359002
2026-02-05,2026-02,529,524,-0.09349224327223139,-0.022983124235878883,0.01763011385465956,-0.18265602866344866,-0.010004281865062964,0.16567962382060406,-0.056506765616043515,-0.031994027847174214,0.017267412936120486,-0.32997618811191665,-0.03715586808069941,0.07489411146021806,-0.045514929831997744,0.002559591705036787,0.017395861768149407,0.03682559505865674,-0.0018890770720099443,1.3121283501386642,-0.0010756490230072236,-0.006641224843315224,0.017395360512401092,-0.20163452906166604,-0.018820648541305447,0.32721946123414314,-0.07739143298930012,-0.018215322904630144,0.017905691246559403,-0.2904884983514306,-0.042037673102548564,0.09515706872424254,-0.06762016897321667,-0.016269483723440205,0.01570990149364224,-0.32546283217586586,-0.04643995633359922,0.09052374962574014,1.4615384615384615,-0.026636970389725036,1.6153846153846154,-0.03603248938563575,1.8846153846153846,-0.0021519467565016743,1.7884615384615385,-0.011112378689469071,1.7884615384615385,-0.02268647675078399,1.653846153846154,-0.02040409910805559,1.403846153846154,-0.013513897249678348,1.5961538461538463,-0.041146252696084025,1.8846153846153846,-0.006600615533548406,1.903846153846154,-0.02358026392592083,1.3269230769230769,-0.04535498079485625,1.1153846153846154,-0.04922841787206076
2026-02-06,2026-02,404,401,0.1288692330993668,0.02199195256739663,0.020831569286503468,0.013322617949524088,-0.0005919404106108361,0.2095531836152077,0.07424497991639256,0.004391095134836626,0.018572656446703223,0.16848648934417765,0.03811940360155462,0.08659433224238455,-0.043974527793918486,-0.011113453591131646,0.020499679406183975,-0.03498456691834501,-0.01446668764882778,1.4846474170684814,0.05577823920541685,0.017549665245871423,0.019811261488532413,0.0513582267641298,0.0031512804805406674,0.2894597575068474,0.05659717227063434,0.01135068716504458,0.021234150632056963,0.1510715338313095,0.04086970440601363,0.09845360931940376,0.06654721051971406,0.01622324354477785,0.019491433256104525,0.1420129580073661,0.033584983347526305,0.11897676894441246,1.5384615384615385,0.018145798721242782,1.576923076923077,0.00044878744252893274,1.7115384615384617,-0.0153922997449778,1.6923076923076925,0.01331889601510219,1.6153846153846154,0.007312225626583042,1.6923076923076925,0.011992474314008617,1.403846153846154,-0.004101555795226221,1.5384615384615385,0.034273249755400775,1.8653846153846154,-0.01913014918728932,1.9423076923076925,-0.0017044887502285638,1.3461538461538463,0.037504319790629015,1.2884615384615385,0.03036382950137246
2026-02-09,2026-02,426,420,-0.03313015993744531,-0.0029203002359864515,0.015912009319969167,-0.027115751403308956,0.0020589437652276943,0.2078892824106983,-0.014276672571591554,0.008828652568118506,0.016240720048147937,0.07574449590503483,0.010261506327439105,0.07550090453809216,0.09548810844925115,0.005807339593038203,0.016115139875696804,-0.00909288963181639,-0.008176105265183187,0.8944288871827579,-0.027234497718596953,-0.0015479819225909554,0.015619643999182099,0.10221273639910824,0.0013878240043817582,0.3154514028380314,-0.03523513307424101,-0.007607895703598866,0.016871296475276243,0.09768815399630182,0.008964464024158994,0.08903578487003133,-0.05773883416215713,-0.000804756031612737,0.016340632802494603,0.14213892807180595,0.014991994146934928,0.09000231075056253,1.5,-0.006670300235986451,1.7380952380952381,0.004483414472880411,1.8333333333333333,0.0012240062597048702,1.6428571428571428,-0.005655124779733812,1.6666666666666667,-0.011774562370265532,1.6428571428571428,-0.004911898888755594,1.1904761904761905,-0.0009172467109627822,1.5952380952380953,0.006273411089343867,1.8095238095238095,-0.012699914788992711,1.880952380952381,-0.0033145569479991945,1.4761904761904763,0.005273987833682804,1.2380952380952381,0.011896756051696832
2026-02-10,2026-02,440,438,-0.08880051815633862,-0.006337300218840224,0.013787066375123561,-0.10008417469582781,-0.00818333241649283,0.1891950687435879,-0.07219675036580128,-0.005457866572239391,0.013462678869973464,0.01426859880950969,0.008773348262666146,0.06237484590912407,0.05742840887633535,-0.007658435869754845,0.016111159112484643,0.003630885022345001,-0.005706555687928214,1.304328072138808,-0.1407364817020654,-0.022942341477423286,0.014407834620256996,-0.10267305461311044,-0.014618562485481911,0.28545456659048796,-0.11387360053091938,-0.01450260071882696,0.015609801141011986,0.005876345360877573,0.004249944947279993,0.07274073400450023,-0.08109551001726782,-0.01482808408899848,0.01356261054503662,-0.01758832400013539,0.003953797457696975,0.06831088827245614,1.6818181818181819,-0.010541845673385678,1.7954545454545454,-0.009946502935875755,1.8409090909090908,-0.012260708597027572,1.8181818181818181,-0.027487796022877833,1.7272727272727273,-0.01882078253700878,1.7727272727272727,-0.019259902270816663,1.3181818181818181,-0.011478786961947375,1.6136363636363635,0.004739257353575237,1.8636363636363635,-0.010365646597019123,1.8863636363636362,-0.019334471576391003,1.4545454545454546,0.0006135813109163558,1.409090909090909,0.0004310701849697023
2026-02-11,2026-02,465,462,0.05600727250614874,0.018020473363856288,0.013840278970279587,-0.14002695353047723,0.006045268947077298,0.18304784311508032,-0.03159017982516877,-0.004890688392152524,0.014793020795756135,-0.11327775118747084,-0.010179195591481317,0.0605133675524722,-0.0333024930936491,-0.012124205909917824,0.01834366067725792,-0.056270207162062165,-0.026680085212607462,1.214048015034717,-0.07076592650327321,-0.009277248451733305,0.0142717062828629,-0.13021639835321316,-0.01573746867473527,0.28316389809808,0.047772920310028576,0.00570263671193247,0.013904166469504261,-0.16833153218441135,-0.026923197771819687,0.06624730814086355,-0.05725514213620591,-0.007609171577697697,0.014453023422480664,-0.22299139670542972,-0.026843667648431276,0.06560803411285514,1.673913043478261,0.013835690755160635,1.608695652173913,-0.008912427522587307,1.7826086956521738,-0.01658072764904826,1.6304347826086956,-0.013353335408255045,1.673913043478261,0.0015178541032368174,1.7391304347826086,-0.011956997664654218,1.1956521739130435,0.0030561385122946892,1.673913043478261,-0.01436397820017697,1.8043478260869565,-0.031190954777824853,1.7826086956521738,-0.020193990413865704,1.6521739130434783,-0.031053632554428383,1.4130434782608696,-0.03037627634408345
2026-02-12,2026-02,468,461,-0.079361237888997,-0.02659222336553891,0.015061088812028778,-0.023786403177959284,-0.003543965522144822,0.17052933006830837,-0.07321722992077931,-0.0198689728377742,0.016237753009357772,0.0033328663215227944,0.004381064188252853,0.06273023618142243,0.14678480975241986,0.02463194256137835,0.01898096653064105,0.06694783344264035,0.010279039193940116,1.63897157104119,-0.03329711479462188,-0.007376504912235663,0.014934459441260553,-0.11389554667703053,-0.005265325078148744,0.31764339485570137,-0.07402705962232571,-0.024294720835221932,0.01649426970690611,-0.053102198876379555,-0.001620225628854337,0.08483788856993552,-0.12120844237551812,-0.009582233752413911,0.016238240187053582,-0.07873151826612752,-0.00731660237642361,0.0784023000818232,1.6956521739130435,-0.03083135380032152,1.6739130434782608,-0.02405375544646985,1.9130434782608696,0.019849333865726175,1.6739130434782608,-0.011561287520931315,1.717391304347826,-0.028588199096091498,1.6521739130434783,-0.013712668535022607,1.2391304347826086,-0.006641791609101343,1.6304347826086956,0.000304977231731114,1.8695652173913042,0.005605126150461856,1.8478260869565217,-0.009884890295540048,1.6304347826086956,-0.005696312585376076,1.3478260869565217,-0.010686167593814916
2026-02-13,2026-02,359,357,0.023701266113005083,0.007429466700656053,0.015557606591189557,0.03003792607178277,0.01419265203490688,0.16339316136307186,0.09950439081879722,0.014390886103771986,0.017504370971416675,0.02071837784409946,0.007148830754834897,0.0769569325622999,0.027808649632165904,0.012173519834450017,0.017493297261885504,0.0033954992110383094,-0.0013917448309321723,1.491745464089844,0.04208307840501596,0.0059495712034321,0.015735070803948325,-0.026500787543712614,0.0012037772858023831,0.25320578987399733,0.0686741228931316,0.015068361437938535,0.017132990378002907,-0.017669353021105415,0.0013280426951265412,0.09209548834607834,0.04875729731009093,0.0069499098141258785,0.017840300199363997,0.0629409914102902,0.0018792057420617403,0.09891842988630137,1.608695652173913,0.0034077275702212705,1.5869565217391304,0.01042349479942416,1.8043478260869565,0.007662650269232625,1.7391304347826086,0.0016017451164755782,1.6956521739130435,0.010829231003155925,1.608695652173913,0.002928170683691096,1.2608695652173911,0.0110404781218634,1.5652173913043477,0.003235787276574028,1.891304347826087,-0.00612000570049739,1.8478260869565217,-0.0034157879315889214,1.5217391304347825,-0.002476305130960415,1.2608695652173911,-0.0012729681709817376
2026-02-17,2026-02,534,526,0.11070852872858088,0.009464520078710625,0.016440692834716032,0.1290643651336552,0.015753738220467377,0.15476330534888888,0.0665977259085336,-0.0040901774672357505,0.016767965934488465,0.12019262774675922,0.011090264662099527,0.07614942292138091,0.05082378240231328,0.0059537806826687,0.013464426190462854,-0.03554657439096206,-0.010063363866345541,0.8682789169954803,0.06146257625411899,0.012341152050219597,0.01654523610648366,0.10927863417626082,0.010209669460278549,0.283501340603491,0.04156292766388097,-0.00635465435475067,0.015909566014581274,0.12809481553586008,0.016027849007927832,0.07512846379980163,0.05694131880340728,0.005924821906548973,0.016407731784462545,0.12917429943333206,0.02378594416922554,0.0871558238857619,1.660377358490566,0.005313576682484211,1.6981132075471697,-0.008335460486103674,1.8490566037735847,0.0013311391732347385,1.7547169811320753,0.007954359597389408,1.6792452830188678,-0.01055276756229784,1.792452830188679,0.0014436898310772762,1.2830188679245282,0.012546191050656056,1.6226415094339621,0.007033660888514622,1.8679245283018866,-0.014733175187100257,1.8490566037735847,0.005587027950844588,1.5849056603773584,0.012065584856984436,1.3584905660377358,0.0203897177541312
2026-02-18,2026-02,468,460,-0.05717558991872648,0.009555665616616532,0.013381080424027456,0.15441429462331377,0.01960270689051339,0.17021537890009908,-0.00021505761542196073,0.009287797898270563,0.014673828533487223,0.1734604151747557,0.027815193729243622,0.06107474818987691,0.0255054055548146,0.0020539482407719613,0.017400318980800612,-0.06524874444504834,-0.016056534008462527,1.0865927302966947,-0.012098602350655135,0.02115579873730068,0.015663469208309896,0.1165024584117556,0.008444713881148863,0.3222310786823863,0.010004218032598614,0.010629667189802643,0.013305412405516893,0.20271679698315256,0.02051404732117371,0.06657787874017072,-0.03949784338004322,0.0013297598852414095,0.013665058333808877,0.24965168744132596,0.024660727931295163,0.06631025643614323,1.6792452830188678,0.005357552409069362,1.7169811320754715,0.004995345068081884,1.830188679245283,-0.002521523457341247,1.7358490566037734,0.016816176095791245,1.6981132075471697,0.0063843841709347185,1.641509433962264,-0.0027740136996642507,1.2452830188679245,0.016489499343343577,1.6792452830188678,0.023617080521696452,1.792452830188679,-0.020537666083934224,1.8867924528301887,0.003727732749073392,1.5849056603773584,0.016551783170230313,1.4339622641509433,0.021075822270917803
2026-02-19,2026-02,465,461,0.10868314241717031,-0.0041100341561219455,0.01642831408226699,0.047869607106851626,0.00684132900905602,0.19720728715638752,0.09847902607542022,0.012458606715811,0.014766429494403755,-0.014738364139209975,-0.006363162316664379,0.05630873657924974,-0.0035569580861210307,0.00460421283949127,0.017938173583853086,0.0030288627625617405,0.0061641159492464214,1.1952843199605527,0.09351488586786894,-0.004134569292978334,0.015427658074393412,-0.019846568864836652,-0.004265991248368437,0.30617022238995717,0.10347205749356489,0.010659126889645664,0.015556195259814361,-0.008135174077293587,-0.004107367310852504,0.06350407634011429,0.06762720011601177,0.011589764556613414,0.014183119697926476,0.017277846056254872,0.006421909094290778,0.06222231759001379,1.608695652173913,-0.008131773286556728,1.717391304347826,0.008165128454941436,1.8478260869565217,-1.5352377900034776e-05,1.8043478260869565,-0.008645438858195725,1.7826086956521738,0.0062026051505152295,1.717391304347826,0.0072962862957438495,1.108695652173913,0.004069589878621237,1.608695652173913,-0.010384901447099162,1.826086956521739,0.0015988985579420741,1.8695652173913042,-0.008939904291846698,1.5217391304347825,-0.00791171513693946,1.326086956521739,0.0031066917029864308
2026-02-20,2026-02,379,372,0.024191416546611538,0.006734306808763699,0.014460511334308375,-0.06315007302502489,0.008369963944248795,0.1962518384680152,-0.0365094815154356,-0.006196896933634555,0.015045387616224454,-0.01399860766684786,-0.003555764634825962,0.061370398396173045,0.06867635461471823,0.007138693582075105,0.018566762268233856,0.06468337156939631,0.0035551115770886387,1.1557958955700334,-0.07359781899732203,-0.021517353348166325,0.016024568220943093,-0.02817102277301783,-0.010875826120580318,0.26355695865444234,-0.04506627414326688,-0.008387390958046026,0.015974421164949536,-0.03438687056178658,-0.010215507621816357,0.07275879768201628,-0.02510376783558327,-0.0025945166601027986,0.01708586221628743,-0.029402443520986078,0.0012936566719689915,0.06837011712628442,1.6521739130434783,0.0026038720261550036,1.565217391304348,-0.010109940411895425,1.8043478260869565,0.002627824016857713,1.8260869565217392,-0.02608257073947067,1.6956521739130435,-0.012626521392828636,1.6956521739130435,-0.006833647094885408,1.173913043478261,0.005435181335553142,1.8695652173913044,-0.008229677678304223,1.7826086956521738,-0.0009014101620417958,1.8478260869565217,-0.015495391337971624,1.6304347826086958,-0.014291594578338097,1.5434782608695652,-0.0025650389802049215
2026-02-23,2026-02,427,424,0.0529136999457177,0.016023257204400926,0.015728725979749697,0.01342018712551084,0.0024494711691747844,0.1796579831945045,-0.01127216801652569,-0.0015938856652328568,0.016208987111420603,-0.06543181256991928,-0.011970623326114252,0.07131871536728882,-0.15603785588287258,-0.021144591923926745,0.015585768414364886,-0.08747191193436425,-0.01933740356745695,0.7295126840472221,-0.032240017099687816,0.005492089111422677,0.01682829938716458,-0.030296379163598106,0.0006972043234845951,0.3311665294071039,-0.04803048411504726,0.00859200068365633,0.016747753711359347,-0.10143332802082913,-0.014765363243320924,0.06902247070822687,-0.041382198507422654,0.004824145053985593,0.01599783755567436,-0.050925285125799996,-0.013295272091265445,0.07046132428305489,1.619047619047619,0.01197563815678188,1.7857142857142858,-0.006058171379518572,1.8095238095238095,-0.02566840144773627,1.8333333333333333,0.0009087557780893445,1.8333333333333333,0.004008667350322998,1.8571428571428572,0.00018128791112845006,1.1428571428571428,-0.0004076716879680728,1.5238095238095237,-0.01578014713563806,1.880952380952381,-0.024039784519837903,1.880952380952381,-0.004005176628896358,1.6666666666666667,-0.018932029909987592,1.4285714285714286,-0.016866700662694016
2026-02-24,2026-02,478,471,0.08662848468370593,0.011004212295327003,0.016228756230837783,0.04171723441815114,-0.0004383063412741108,0.18213348718796007,0.10620417210251173,0.013436480682387177,0.01664511192260367,-0.039759698638817356,-0.010188188658260095,0.07042167393213257,-0.017158995063176998,-0.0020301913546755344,0.016077705086281313,-0.02130824024481475,-0.007975446046957789,1.0971472509046818,0.07562548291851845,0.021354501246972198,0.01552533398943064,0.0077854788664202595,-0.002430821868459005,0.3329248154099952,0.04154813655306388,0.008542857785509379,0.015808096523156064,0.037541868614914556,-0.00917709006568031,0.08276089645446615,0.06397123863966464,0.00550235240200877,0.01556866545263505,0.18396688538598455,0.006572622822491629,0.07414604690758154,1.6382978723404256,0.0069084676144759395,1.680851063829787,0.009234353022812709,1.8297872340425532,-0.006604659439781917,1.8297872340425532,0.016780033161865816,1.7659574468085106,0.004127964168488102,1.702127659574468,0.0012470332530726,1.1702127659574468,-0.0033638382561677277,1.5319148936170213,-0.014017975892302649,1.7446808510638296,-0.012337148174617363,1.872340425531915,-0.0071116729322887925,1.425531914893617,-0.012740919852914354,1.276595744680851,0.0033811334607895013
2026-02-25,2026-02,563,553,-0.02236017564761219,0.0058818285617414185,0.015975776191259398,0.07313906400924736,0.003003359294543378,0.1599526893008839,-0.0006494820055709801,0.00589366226533012,0.015508528256090868,0.12732819520678113,0.00022997377870746363,0.058721973001956945,-0.005962274497360323,-0.004959644843892875,0.018062537567013273,-0.09729461280602476,0.0050463912508702845,1.1014446410265837,0.0009983134212248354,0.0032861042382992776,0.015008793589780188,-0.012993136830815958,-0.005384143764622505,0.2971361846747724,-0.016481551518604223,0.00011949050916501558,0.016047598218932466,0.1330144661466877,0.012051034405520479,0.06247488807209513,-0.03267146319063172,0.009886284618619474,0.015713222482038956,0.16433158939496786,0.02538497419473955,0.061800428615375,1.5454545454545454,0.002018192198105055,1.690909090909091,0.0016663895380573928,1.8909090909090909,-0.009686917571165602,1.709090909090909,-0.000986623034427995,1.7636363636363637,-0.004289600399925894,1.5636363636363635,0.005977193709528565,1.218181818181818,-4.209525091116665e-05,1.4727272727272727,-0.003451844403110718,1.8545454545454545,0.00041002761450664813,1.8181818181818181,-0.00992959831007705,1.4,0.008551034405520479,1.1636363636363636,0.02247588328564864
2026-02-26,2026-02,607,592,0.02019616278138591,0.0076753101533571025,0.016742815586681486,0.04153937843287887,0.002727441503926044,0.1622735081493097,0.06317984785076948,0.01882012552891781,0.01658266836149238,0.004853941639433016,-0.001068343968186336,0.06687710844611718,0.0006298150391474671,0.004092693355074253,0.018792192104070064,0.016980314803393893,0.014936642942170859,1.2780807558762826,0.02195652901181938,0.0004186985143565386,0.017614193667852864,-0.03904948281882154,-0.00526231216787211,0.3184776090211788,0.06173342263977256,0.007106017228236262,0.0185259982683926,0.04033590652951719,0.011292490740000443,0.07055559040883841,0.008319620932775907,-0.00360088356200507,0.01600930011352693,0.10038456425686573,0.015653011364904018,0.06195154421473458,1.576271186440678,0.0037346321872554072,1.728813559322034,0.014498091630612723,1.8644067796610169,-0.0005683235940782891,1.728813559322034,-0.0039033353839485465,1.6271186440677965,0.003038220618066771,1.7457627118644068,-0.007965290341666088,1.0847457627118644,1.5577097146383077e-05,1.423728813559322,-0.004627666002084641,1.8644067796610169,0.010275625993018317,1.9152542372881356,-0.01005044776109245,1.4745762711864407,0.007606050062034342,1.3050847457627117,0.012390299500497238
2026-02-27,2026-02,445,436,-0.03650739461030901,-0.012972201913596354,0.015086517673628529,0.04436058065288425,-0.003844802587208807,0.20162634054114192,0.05146588312290191,0.0028735708388577105,0.015661726890561396,-0.04066650970008572,0.011318698759728785,0.0686712710779499,0.0629703918613432,0.01014814205298198,0.017144459722018873,-0.0035455869259673482,-0.012687802496534454,1.3924112956632266,0.030580743872129362,-0.005994987466793147,0.015943830964673836,-0.021667516183604255,0.0031166872286061886,0.2659521172331138,-0.0015692346397976084,-0.004447620007408556,0.014528618342559248,-0.03461113118207443,0.007735679469056616,0.07659729036756538,-0.0059533820147619045,-0.012668644156435547,0.01476518215079406,-0.07341923463403682,-0.0017710837507290637,0.06089117464778775,1.6440677966101696,-0.01708237140512178,1.6440677966101696,-0.0012365986526677135,1.8305084745762712,0.005571870866541303,1.7627118644067796,-0.010401767127810095,1.7118644067796611,-0.008727281024357708,1.7457627118644068,-0.017033050936096562,1.3559322033898304,-0.007234633095683383,1.694915254237288,0.007081410624135565,1.864406779661017,-0.017348819445686996,1.864406779661017,-0.001544329720546354,1.7118644067796611,0.0034560184521074634,1.5084745762711864,-0.005542270191407029
2026-03-02,2026-03,430,421,-0.06706631165698469,0.005795276311139772,0.016054167130477803,-0.04591137735830051,-0.003961630762765282,0.16278350202455405,0.0595399896793427,0.007994697882066259,0.017182101239519548,-0.05224557111112599,-0.00639459065051292,0.048870753297316175,0.003676806442576085,0.0008134285205972439,0.014795494293700605,-0.019344042367762517,0.0013951820647048127,1.0612542984031497,-0.01573432589555656,-0.00340991882959113,0.014952158761264291,-0.08137720246429461,-0.015661736481080088,0.27493058969931944,0.13115867523244976,0.01957575288951241,0.016105173343818766,-0.015264097618502392,-0.004068982223742971,0.04807326237538031,-0.014115135923300534,0.0007439398276379676,0.01637041653958678,-0.09447974278652989,-0.009073465006175653,0.09110793329420544,1.7727272727272727,0.0013634581293215904,1.7272727272727273,0.0036765160638844406,1.8636363636363635,-0.003845662388493665,1.7954545454545454,-0.007898555193227493,1.8181818181818181,0.015030298344057865,1.8409090909090908,-0.00385833289963476,1.6136363636363635,-0.007995721671856191,1.659090909090909,-0.010542317923240192,1.8181818181818181,-0.0031502724807497325,1.9318181818181819,-0.020491281935625542,1.6363636363636362,-0.00815989131465206,1.5227272727272727,-0.012880283187993835
2026-03-03,2026-03,391,382,-0.034333935965720916,-0.008643035161823024,0.01644150788835702,-0.06912648349271909,-0.0024626574521143777,0.1506522311093776,0.012645493614443802,-0.000531422918717106,0.013420286977163836,-0.05928053793158766,-0.019594569989352918,0.05350910105105293,-0.008212348264352442,0.01116438550445829,0.02034166000231403,0.11044251334438679,0.028872218511806262,1.140892946014279,0.012357319989665492,0.010800250943286502,0.014966395566626338,-0.06798943998951296,-0.005752338745163046,0.20312470864308507,0.020702162540818587,0.011363351837274209,0.014748447853638606,-0.14715790064309525,-0.011853523125816074,0.04649709268031936,-0.025716675920368644,-0.016983834733085637,0.013498389822188053,-0.2220268151755763,-0.0256058863357919,0.093555717827066,1.619047619047619,-0.01269065420944207,1.7619047619047619,-0.00493618482347901,1.9047619047619047,0.0064024807425535285,1.880952380952381,0.006097869990905549,1.6904761904761905,0.007137161361083733,1.7619047619047619,-0.02138859663784754,1.0476190476190474,-0.005081705071161996,1.619047619047619,-0.023642189036971965,1.8095238095238093,0.02434840898799674,1.9285714285714284,-0.010573767316591617,1.5952380952380951,-0.015841618363911313,1.3333333333333333,-0.028939219669125233
2026-03-04,2026-03,385,371,0.052462401588049254,-0.002582341494877209,0.01587920192960842,0.06586745508377632,0.00617147941467937,0.1464170799464793,0.05288506829957607,0.003935400217050611,0.014807116833460494,0.13246858387726262,0.020142714160946294,0.049499089074497286,-0.03633584779451466,-0.0007853229485190738,0.016136469986088843,-0.07791501282724443,-0.0035982697811113235,0.9702138393311888,-0.007355873527592557,-0.012609284042621939,0.014426593736129003,0.04219012852432542,-0.001503753538223779,0.22191365387894818,0.05551800854585829,0.0011490881878717732,0.015716856247572564,0.10233875580378171,0.0020250381399178757,0.056444643719776255,0.022527925442433216,0.006728175602844872,0.014110380232490297,0.03355742379382276,-0.00418252465240148,0.11103200527361116,1.473684210526316,-0.006266552021192999,1.6578947368421053,-0.00020933662505465134,1.7894736842105263,-0.005259007159045389,1.6842105263157894,-0.016819810358411413,1.6842105263157894,-0.0030614381279177004,1.605263157894737,0.00271501770810803,0.9736842105263158,0.003737268888363581,1.5,0.016392714160946294,1.7894736842105263,-0.00807195399163764,1.9210526315789473,-0.006306385117171147,1.5789473684210527,-0.001922330281134756,1.1842105263157896,-0.007143050968190954
2026-03-05,2026-03,392,376,-0.1032336575221851,-0.015450905160081243,0.015455791364361298,-0.014746725460859908,-0.012046660603938688,0.1744349720446687,-0.06894843955216873,-0.024054315371421626,0.0155720936374283,-0.07334166823259607,-0.01311609278679251,0.04558990741344659,0.00818587054194432,-0.0005967216878153299,0.015192083057476876,0.008177602740478209,-0.014502813384246239,0.9613022247427389,-0.0714087706997495,-0.02530859117196258,0.014304919764180045,0.1027352119246034,0.006861631733673174,0.2581892544403672,0.047987245343022206,0.01374327090701035,0.01563256173947774,-0.01298943398868897,-0.01867611683239484,0.05212645813528644,-0.005735053497433045,-0.01203656395329543,0.014937423476236084,-0.06408505920250622,-0.006093559296460311,0.08628606587942493,1.4210526315789473,-0.01900353673902861,1.605263157894737,-0.02806747326615847,1.8157894736842106,-0.005136195372025856,1.7105263157894737,-0.029584906961436265,1.5263157894736843,0.00992748143332614,1.5526315789473684,-0.015918142900663852,0.8947368421052633,-0.014283502709201847,1.6578947368421053,-0.017260829628897773,1.8421052631578947,-0.019108076542140976,1.9736842105263157,0.001927421207357385,1.4473684210526316,-0.02229453788502642,1.105263157894737,-0.008856717191197154
2026-03-06,2026-03,338,327,-0.0006049085070058093,0.0044045334650041415,0.014128220146323835,-0.14919501951933778,-0.007095130548048069,0.15517691432526617,-0.010739340216210253,0.012282679904907522,0.014374075408185923,-0.06797272830675528,0.006675100217660584,0.04208838823956973,-0.07595022859386745,0.01564504674080145,0.016237417292032007,-0.03923567611520579,0.0036612495109959436,1.0392799539999529,-0.06338008363062428,0.006523615842293854,0.0143432899535323,-0.2192929298580269,-0.020153893429669105,0.2537749850783836,0.06109793457853411,0.02690331260216846,0.014162156459858518,-0.22809463609469377,-0.015063382074181921,0.041178017177365044,0.02532955316016902,0.026406678187708154,0.01225572351424413,-0.20120083583973217,0.009087887846249004,0.07075140041045168,1.5789473684210527,0.0004571650439515098,1.7105263157894737,0.008006364115433838,1.894736842105263,0.010908204635538293,1.736842105263158,0.002181510579135959,1.7105263157894737,0.022626996812694776,1.631578947368421,0.0223277308192871,1.0789473684210527,-0.0097924989691007,1.631578947368421,0.002596152849239531,1.7105263157894737,-0.0006150662784777409,1.9210526315789473,-0.024956525008616472,1.5,-0.01881338207418192,1.3421052631578947,0.005732624688354267
2026-03-09,2026-03,377,367,-0.05667068964478245,0.002638996463535678,0.015329351150385254,0.06907600427579191,-0.005254873941176936,0.14553692856350461,-0.03797671898332192,0.01902569687411402,0.013572158279438837,0.23119724320383897,0.01576296204044155,0.04426305046355402,0.011435847572962513,-0.0027331413487133496,0.013291491095959451,0.04650933362935214,0.013863392773826587,0.821843259237908,-0.04467812405451805,0.005795777845259902,0.012953927870309034,0.07963503399529716,0.0030734250674419486,0.19972146070889524,-0.07016980436023079,0.020072890786161167,0.013755884632391949,0.22521674923527893,0.013567351167936795,0.03825317939894425,-0.102592211786233,-0.0033380406390142474,0.01543979953820863,0.23910330214924436,0.020006764892067885,0.06271923929956313,1.5945945945945947,-0.0013474900229508095,1.6486486486486487,0.014904075252492398,1.7567567567567568,-0.007125033240605242,1.864864864864865,0.00113361568309774,1.7567567567567568,0.015680998894269275,1.7837837837837838,-0.007797500098473707,0.972972972972973,-0.007687306373609369,1.6756756756756757,0.011573772851252362,1.7297297297297298,0.009539068449502263,1.8918918918918919,-0.0016563046622877814,1.4324324324324325,0.009986270086855714,1.2162162162162162,0.016966224351527344
2026-03-10,2026-03,349,341,0.07216184680804053,0.007103385903705253,0.015071424792657493,-0.0591477450807901,0.0024880246255771753,0.17669059642974067,-0.008908917026050315,-0.0030131115876039774,0.014127887823155702,0.12901394053481058,0.002654169281731557,0.04075719372314566,-0.003544995843466545,-0.010613063940164669,0.014291411801073345,-0.012243853429534863,-0.0029250740990181736,1.0513059553854607,-0.06941327691313674,-0.0035526771364123204,0.015724685204877856,-0.012329951326799425,-0.008877955248633836,0.27558562975815115,0.023641794803138425,-0.00237261646876524,0.017072713971205175,0.10101402324826929,0.009680180308157,0.045597983606378824,0.04484128084755053,0.006552977174718651,0.015986645241787258,0.07699804345971221,0.003188263990099785,0.07094019500757842,1.4864864864864864,0.0033871696874890373,1.7297297297297298,-0.007337435911928302,1.8108108108108107,-0.015140090967191697,1.8918918918918919,-0.00828240686614205,1.7297297297297298,-0.006696940793089565,1.5945945945945945,0.0025664906882321642,1.0,-1.1975374422824783e-05,1.5675675675675675,-0.0012647496371873618,1.7297297297297298,-0.007249398423342498,1.8108108108108107,-0.013404982275660862,1.4864864864864864,0.0059639640919407835,1.1891891891891893,0.00021529101712681195
2026-03-11,2026-03,352,345,0.022692886231262657,-0.006868160376327014,0.01840500176287651,0.019859473978033965,0.00068252212485506,0.21458026284680648,-0.02951585739610681,-0.011963108285770966,0.017319335567692537,-0.07376171657788572,-0.007718830019882276,0.056603820172741126,-0.07444876242406288,-0.011055782433447328,0.014933757704057578,0.01492607230977784,0.00040312564337829904,0.9411893982221098,-0.0037721988122115012,-0.0024124779975910433,0.01691098560409068,-0.022729480116451956,-0.014617224880267489,0.3015850745689343,0.008941289990945954,-0.007836296903554196,0.016506599903749284,-0.010595993327256765,-0.00849965295697186,0.047068663489292645,0.06531788392695007,-0.010093502782075598,0.01534576161573469,-0.029549699861357068,-0.010257559254195601,0.08371645077953443,1.5294117647058822,-0.01069168978809172,1.7647058823529411,-0.01637487299165332,1.8823529411764706,-0.015761664786388505,1.7058823529411764,-0.006677183879943985,1.6764705882352942,-0.012027473374142433,1.7058823529411764,-0.014358208664428539,0.9705882352941176,-0.0017439484633802343,1.6764705882352942,-0.011910006490470512,1.7647058823529411,-0.004008639062504054,1.8235294117647058,-0.019176048409679253,1.3823529411764706,-0.011955535309913036,1.1176470588235294,-0.013051676901254425
2026-03-12,2026-03,340,331,0.08344843715270789,0.018731218847325933,0.016006478248280526,-0.005263328228463924,0.00665626244267513,0.186218221474326,0.04307844401619104,0.021850764555747137,0.016152503440023475,0.072233600300922,0.014388250048211692,0.04679485670093334,-0.0025602159717112035,0.009508196925079272,0.016598678101487824,0.019088718510647334,-0.010263996672177818,1.1789130193717552,0.0013745302626029267,0.022395852436169476,0.014895421575615103,-0.014319281507915659,0.002092914116535745,0.2578740539875898,-0.00804078033672637,0.02145689439286829,0.014330204905409672,0.03819187470842579,0.011193086323693278,0.039476652601451584,0.07293765708465876,0.02444727317028331,0.013973380373833375,0.053300395932715905,0.01482828399471093,0.06614371197241725,1.7058823529411764,0.014466512964972991,1.7647058823529411,0.017438999849864786,1.7647058823529411,0.005096432219196919,1.8823529411764706,0.0176899700832283,1.8235294117647058,0.016898070863456526,1.8529411764705883,0.019814920229106837,1.0882352941176472,0.003935674207381012,1.6176470588235294,0.010344132401152867,1.8529411764705883,-0.014896349613354289,1.911764705882353,-0.0026864976481701377,1.5,0.007443086323693279,1.2058823529411764,0.01181357811235799
2026-03-13,2026-03,281,273,-0.033043358100596054,-0.007382205265669959,0.013495922442746994,0.002110893859167487,0.010212732402996166,0.17081889592938954,-0.012665903993810757,0.0056318916653324905,0.013227833923593007,0.008406257559067449,0.013203645220853455,0.039819071207333495,0.05084333939061946,0.019584282105721454,0.014472695350137049,0.11998689526662339,0.01641769571303143,0.9265252222065572,-0.05121855814151499,-0.017054171101149797,0.015102027237324608,-0.030494655228106484,-0.005595264507113154,0.23535533159695288,-0.003408636573764563,0.010335624896844212,0.012907160390526785,-0.004621467595845806,0.0036829033958023505,0.03843889175051892,-0.04283470384140266,0.0022922696817621294,0.01201600522525997,0.09258430223478736,0.00020614164684249663,0.06401965022087097,1.6363636363636362,-0.01147311435657905,1.8181818181818181,0.0010864371198779452,1.8181818181818181,0.015038827560266909,1.9393939393939394,-0.021902655949634645,1.7878787878787878,0.005865927927147242,1.8484848484848484,-0.002328942439449992,1.0,0.007712732402996166,1.6666666666666665,0.009036978554186788,1.8181818181818181,0.011872241167576883,1.9393939393939394,-0.010443749355598003,1.6363636363636362,-0.0004080056951067399,1.1818181818181817,-0.0027484038077029574
2026-03-16,2026-03,331,321,-0.08225433971679742,0.008269424734337439,0.016004159311506123,0.013376112538960483,-0.00182054949752666,0.1790343004395254,-0.03661546596674157,0.005871304405781763,0.015630051435014697,-0.04079874812584748,-0.003475947589982164,0.046365448826691136,0.0737838976975764,-0.005609826741576573,0.014239523150026745,-0.04102021226251089,-0.01212729851927587,0.9639683496206999,-0.02688310186353342,-0.00135661326709818,0.0159496503830992,0.07073062502047853,0.005296462297439089,0.318510370911099,0.09117814554394252,0.011211817315882246,0.015514246042898062,-0.022435588804741353,-0.00356748703247263,0.043291165318805724,-0.025548729016169013,-0.001832655994201477,0.014611925566624486,-0.057121225507766285,-0.0062333193371353,0.07005606312304735,1.6875,0.004050674734337439,1.65625,0.001730679405781763,1.875,-0.010297326741576573,1.78125,-0.0058097382670981796,1.78125,0.006758692315882247,1.8125,-0.006363905994201477,1.1875,-0.00478929949752666,1.53125,-0.007304072589982164,1.9375,-0.01697104851927587,1.96875,0.000374587297439089,1.4375,-0.00716123703247263,1.21875,-0.009280194337135301
2026-03-17,2026-03,288,282,-0.04921703258060756,0.005399455290602607,0.014686592396969393,-0.08660515856270773,0.003715663499958709,0.17402955304299084,0.05725669033754104,0.010536903036526348,0.014921844277632549,-0.10682486768021413,0.014419961475842439,0.04638221144809254,0.054033727645101344,0.005456364567316935,0.01841388995444752,-0.0036945746395961295,0.005588071085971853,1.1171308298196112,0.012681905214501427,0.01834405054947975,0.015003959089366976,0.10259304582665203,0.023405520396136574,0.2530157713086477,0.02481623926471593,0.005548420106388738,0.014078015320756126,-0.1244222940252141,-0.00810006005976867,0.04385345186372953,-0.022718413046710795,0.010799485451355157,0.012350681018359566,-0.03217972985463913,0.007622789841766905,0.06310390438219267,1.71875,0.0011025802906026068,1.6875,0.006318153036526348,1.84375,0.000846989567316935,1.84375,0.013734675549479752,1.75,0.0011734201063887378,1.8125,0.006268235451355158,1.125,0.0009031634999587092,1.5625,0.010513711475842439,1.8125,0.0010568210859718532,1.9375,0.018561770396136573,1.5625,-0.01200631005976867,1.25,0.004497789841766905
2026-03-18,2026-03,308,307,0.043383137213186866,0.0058545795507038475,0.014504259766022619,-0.19119629935227164,-0.00871076933015417,0.19588142624425312,0.0626346867136216,-0.0110648686305826,0.013043579637636988,-0.11470800474943292,-0.0006615074245950349,0.04616994239510067,0.024996847633475972,0.001649441950065709,0.014019932152737885,0.002642098819053112,-0.011158103289681597,0.9440864204399048,0.005275348378553708,-0.004064792899838664,0.012295153126790904,-0.12988573679253923,-0.014582417161794484,0.21922837176750742,-0.01217483945915457,-0.012935419835692106,0.012710379181847479,-0.17756200979375453,-0.011424655385976664,0.036932066052911744,-0.0010627083126481752,-0.012566925732032767,0.013489373539651597,-0.22495160827281885,-0.012608476315472981,0.06346631641950339,1.6451612903225805,0.0017416763248973965,1.6129032258064515,-0.01509712669509873,1.8387096774193548,-0.002947332243482678,1.8387096774193548,-0.00866156709338705,1.6774193548387095,-0.01712896822278888,1.7096774193548385,-0.016841119280419863,1.0,-0.01121076933015417,1.4838709677419355,-0.004371184843949874,1.8709677419354838,-0.015835522644520306,1.9354838709677418,-0.019421126839213838,1.7096774193548385,-0.01569884893436376,1.2903225806451613,-0.015834282767085886
2026-03-19,2026-03,278,267,-0.07748315066123267,-0.014061274538895734,0.01596830268218291,-0.02640989941153884,0.007666703202696405,0.19843794998747333,-0.05172869531025217,0.003439926341018369,0.014313466388914127,-0.08919149844091254,-0.03396575550961187,0.04746415310849746,0.033678242167979384,0.014765083842527681,0.018357032551852885,0.009743680531949826,0.0012438562806002008,1.1355049085837823,-0.0998665792554839,-0.004912880475232948,0.016900785429670533,-0.021819277567713492,-0.007636998321509542,0.29649184188909,-0.04668984691457504,-0.004736907432678791,0.01638676045251314,0.02349796280334034,0.0019301378411363812,0.04269434780710273,0.010569211495378938,-0.0048604069586014684,0.014621060811020815,0.0037726432953057924,-0.010543165744846972,0.06301587895938644,1.6774193548387095,-0.01825482292599251,1.7096774193548385,-0.0008342672073687269,1.8709677419354838,0.010087664487688972,1.7419354838709677,-0.009267719184910367,1.8709677419354838,-0.0094143267875175,1.7419354838709677,-0.009215245668278887,1.193548387096774,0.00468283223495447,1.7096774193548385,-0.03823994905799896,1.9032258064516128,-0.0035142082355288312,1.9032258064516128,-0.012395062837638575,1.7741935483870968,-0.0025053460298313608,1.3548387096774193,-0.013930262519040521
2026-03-20,2026-03,269,266,0.010222740079034813,-0.00924361509370534,0.01399118430369951,0.023588377813534556,-0.0018985925768928505,0.2397697934259971,-0.06156824304746404,-0.015979670975845007,0.01320195330108426,-0.011204818534341921,0.006917881515360049,0.04615497337309298,-0.0369177103317824,0.0014609473269309413,0.01707224970638412,-0.05788090316246485,-0.007616761028738785,0.9685099025567372,-0.17657317140647213,-0.018448315128691425,0.012574538666209679,-0.04544933325935379,-0.0037843145564557083,0.3560359536635655,-0.09930767476126184,-0.025066715189643103,0.01199857157153135,-0.026914991338228313,0.00838535170529104,0.0461428868756802,-0.05787111530328531,-0.013295736207770746,0.01253605593713577,-0.05639645637981098,-0.0015150573483697916,0.06555535596002031,1.7037037037037037,-0.0135028743529646,1.8148148148148147,-0.020516708012882044,1.7407407407407407,-0.0028909045249209103,1.7777777777777777,-0.02289275957313587,1.8518518518518516,-0.029696344819272733,1.8518518518518516,-0.017925365837400377,0.8888888888888888,-0.004120814799115073,1.259259259259259,0.003769733367211901,1.8148148148148147,-0.012153798065775823,1.9259259259259258,-0.008599129371270522,1.6666666666666665,0.0042186850386243735,1.1851851851851851,-0.004478020311332754
2026-03-23,2026-03,260,257,-0.153904188386947,-0.00408176951998682,0.01394247608739661,0.09381112829388691,0.008394828259795963,0.18932003255646962,-0.20666373080166184,-0.011747371597745453,0.014415107298919524,0.10040931420241765,-0.0014129071619534868,0.04374127835035324,-0.06525307881112147,-0.019586033745919273,0.014691464310824916,0.10702332477751526,0.01929537850758218,0.7670004178698246,-0.21078907045177728,-0.019210305655626304,0.013309739308065196,0.037922499991465505,2.520437054974456e-06,0.2525287006910031,-0.2114485440923504,-0.010499596326241256,0.014841069551241592,0.30314513073133764,0.02543099365385902,0.044819620043899,-0.2016065326410154,-0.01683379004792615,0.012726078980631194,0.46241717276200034,0.05160933662822535,0.06731039728038013,1.6296296296296298,-0.008155843594060894,1.7407407407407407,-0.016099223449597307,1.8148148148148149,-0.02412307078295631,1.7407407407407407,-0.023562157507478157,1.7777777777777777,-0.014944040770685701,1.8148148148148149,-0.021370827084963188,1.1111111111111112,0.005617050482018184,1.5925925925925926,-0.0053943886434349685,1.7777777777777777,0.014850934063137734,1.8518518518518519,-0.004627109192574655,1.5185185185185186,0.021634697357562724,1.2592592592592593,0.0484611884800772
2026-03-24,2026-03,328,324,0.03405612473705437,0.008499952108455722,0.013214084078746592,0.08006354481697525,0.015227669181584174,0.15412850183201954,-0.05319370431579202,-0.0018977280490591053,0.01028253621434838,-0.07989691225613971,-0.013403627852052496,0.039882429788121954,-0.017142373768905057,0.001172139011863707,0.013509569255222176,0.013999948168034463,0.015781119994349866,0.8420164159033448,-0.07147027209836461,-0.01383692984477427,0.014104520058963448,0.04139458870960695,-0.0018266807329204542,0.24531047191703692,-0.04115254991198229,-0.004598812812367306,0.012124599341240523,-0.10228093620633977,-0.03044771231295279,0.04299476166488603,-0.11243855105506932,-0.01666589789980256,0.012422035794084824,0.0020172741854622175,-0.012169773099355585,0.05758183573198039,1.5625,0.004593702108455722,1.6875,-0.006116478049059106,2.0,-0.003827860988136293,1.75,-0.01821192984477427,1.53125,-0.008426937812367306,1.78125,-0.02111902289980256,1.09375,0.012493294181584173,1.65625,-0.017544252852052494,1.90625,0.011015494994349867,1.8125,-0.006357930732920454,1.6875,-0.03466646231295279,1.28125,-0.015372898099355584
2026-03-25,2026-03,297,294,0.07479844463062595,0.0054880245894434,0.015895628379794996,-0.0657367552436987,0.0005692059844811994,0.21901714930246619,0.02316564115930137,0.006320160633821108,0.013998906697057362,-0.12164916059249692,-0.0030716018370481207,0.055989792987961196,-0.012868434052039676,-0.005152586293440149,0.01388896486476931,0.061260544263684526,0.01681865241787367,1.3056641945551182,-0.012427703268230412,-0.015174707076605402,0.013880934922313968,-0.09449386596505946,-0.005291973727665039,0.21801298208020883,0.018477912847831242,-0.0025356375161035127,0.015892320018490655,-0.07748951399059145,0.007581080528571465,0.042557096815314784,-0.02758518180237016,0.004340460909640737,0.014653019290266404,0.017998787988167595,0.005463897909709175,0.0659562738548065,1.5625,0.0015817745894433997,1.5,0.0025701606338211077,1.84375,-0.009761961293440148,1.84375,-0.0197840820766054,1.75,-0.006910637516103513,1.8125,-0.00019078909035926284,1.1875,-0.0023995440155188006,1.78125,-0.007524726837048121,1.84375,0.01220927741787367,1.90625,-0.010057598727665039,1.6875,0.0033623305285714646,1.15625,0.002573272909709175
2026-03-26,2026-03,325,319,0.0633581584043977,0.00971973086321649,0.013685290110677154,0.07353137167526391,0.005540456971308564,0.2047837523277849,0.08645361075748645,0.01817113086292095,0.012976733189945952,0.1279945229226337,0.015155434406994229,0.0422039229888469,0.01859474465475479,0.011921760617055438,0.015125421151244364,-0.0634667675508679,0.005354581749358746,1.059751103632152,0.0743506041504392,0.0127684751099954,0.012931105702462826,-0.014264766247598173,-0.005709318505384857,0.2261591269634664,0.024416131335197627,0.016908388754234796,0.014421500438652455,0.1079843836177432,0.007156300882372908,0.03985585903865285,0.08187056104998554,0.011329993762728852,0.014273593234385498,0.10569259658579354,0.013359695287222157,0.06586143627646379,1.40625,0.006204105863216491,1.625,0.01410863086292095,1.90625,0.007156135617055438,1.8125,0.008237225109995399,1.75,0.012533388754234796,1.625,0.007267493762728852,1.28125,0.002337331971308564,1.5,0.011405434406994229,1.84375,0.0007452067493587461,1.90625,-0.010474943505384856,1.71875,0.002859425882372908,1.25,0.010234695287222158
2026-03-27,2026-03,264,260,0.10647822655857665,0.029089182804433074,0.01813410884619924,0.07317402448330061,0.005048732315581697,0.1861002204509882,0.017287010285073273,0.0008079866300329357,0.014649336862880202,0.00829066908412629,0.005242814685509757,0.04723433777689934,-0.0725244028890198,0.005072968329601515,0.013840489632201549,-0.022307875744068922,0.002599243039324236,0.7793039478934728,0.14288306752402166,0.021982344080775415,0.0148716084434002,-0.030710433120936027,0.010920834210749028,0.2370864971039387,-0.11565785266613983,0.00888455379873887,0.01295722773869186,-0.14819962303282483,-0.008072072809439048,0.04843147593335463,0.0032563969073686606,-0.0009555810689405456,0.015381847973729556,-0.07411187707478689,0.0055528846668716925,0.08279616942700857,1.5625,0.025182932804433074,1.59375,-0.0031763883699670644,1.8125,0.0005417183296015154,1.875,0.017294844080775414,1.75,0.00450955379873887,1.78125,-0.005408706068940545,1.125,0.0022362323155816974,1.5,0.001492814685509757,1.875,-0.002088256960675764,2.0,0.005920834210749028,1.71875,-0.012368947809439049,1.34375,0.0021935096668716926
2026-03-30,2026-03,337,328,0.03768552560299776,0.00479094224519452,0.018018903758821536,0.01749876601718324,-0.0010218872829667498,0.20746892126220645,-0.024569916717819777,0.005866162752025441,0.016249434141681757,0.09082928740343628,0.013768671668709404,0.04568918091668324,0.0032069314296316654,0.009230664747769823,0.011971747866896604,-0.050825826079030606,-0.02311631186609163,0.660109230966279,0.06726304951650394,0.012922347293107678,0.016137243586303203,0.01871969765794496,0.022739016757820727,0.24316043604278204,-0.004577553386368927,-0.0037788804090208763,0.01611171840906556,0.023769444586626998,0.014154928632169769,0.053404991148096145,-0.015615007080948928,-0.0010681163907329365,0.015869313200117592,-0.04288890799751782,-0.0008704644890993284,0.07901250650033807,1.5454545454545454,0.000927305881558157,1.787878787878788,0.0013964657823284715,1.878787878787879,0.004533695050800126,1.8181818181818183,0.00837689274765313,1.878787878787879,-0.008475850105990574,1.7575757575757576,-0.00546205578467233,0.8484848484848485,-0.003143099404178871,1.6060606060606062,0.009753520153557887,1.8484848484848486,-0.027737523987303753,1.878787878787879,0.01804204706085103,1.8484848484848486,0.009533716510957647,1.4545454545454546,-0.004506828125462966
2026-03-31,2026-03,296,289,-0.006335919895241929,0.010407337203104858,0.020457438916221857,0.09813341847240152,0.02009513679123945,0.23776851523796033,-0.04263940365635281,0.006321066295356895,0.01709173313671712,0.36744865049949793,0.04136293968268059,0.05386095548626678,0.06846745564091933,0.011848045780803545,0.014919805447195898,0.06496907120313732,0.007121548746659344,1.0233991256561774,-0.04300217012081419,0.00047991391043726225,0.016596468891871198,0.1430942498739109,0.018171565946211738,0.23365428375786748,-0.019841567299194417,0.015213343050484041,0.01772957144119252,0.48715140410055663,0.06648707270328334,0.04982976609006011,-0.09085958069008916,0.011417886887898639,0.018690266628224393,0.41149053521934875,0.05150333197158885,0.09382132264175291,1.5151515151515151,0.0066194584152260705,1.6363636363636365,0.002230157204447804,1.878787878787879,0.007151076083833848,1.7878787878787878,-0.003989783059259708,1.7575757575757576,0.010819403656544647,1.7575757575757576,0.007023947493959245,1.0303030303030303,0.017519379215481874,1.6363636363636365,0.0372720305917715,1.7878787878787878,0.002651851776962374,1.9393939393939394,0.01332308109772689,1.6666666666666667,0.06232040603661668,1.3636363636363635,0.04809424106249794
2026-04-01,2026-04,311,308,-0.021290125685467752,-0.0007925334600315005,0.013110408919604997,-0.0670902058721023,-0.01180471264599375,0.18066443755261358,-0.0672110840942751,-0.019836597083451445,0.011547874253139419,-0.02174012777989329,-0.01713116229752222,0.06352729806976934,0.08283788905864742,-0.0008778493575711237,0.014839777014677565,0.00803455269230694,-0.004284925656412097,0.8536070561216724,-0.11248132094937748,-0.0043218314372154495,0.0113558452817492,0.011991678152781217,-0.001075099856506393,0.18535736710914683,-0.10412402185403226,-0.018532667528893133,0.009913737280397678,-0.11280730694912644,-0.014464665863892529,0.05482850355967398,-0.019380808288375004,0.002382386511486468,0.01253091443714095,-0.05782127975341175,-0.017639569848841855,0.06212336125393068,1.6774193548387097,-0.0049860818471282745,1.7419354838709677,-0.024191435793128865,1.8709677419354838,-0.005555268712409834,1.8387096774193548,-0.008918605630763837,1.8387096774193548,-0.02312944172244152,1.8387096774193548,-0.002214387682061919,1.5483870967741935,-0.015675680387929235,1.7096774193548387,-0.021405355845909316,1.8709677419354838,-0.008962345011250806,1.9032258064516128,-0.005833164372635425,1.6129032258064515,-0.018496923928408657,1.3225806451612903,-0.020946021461745082
2026-04-02,2026-04,279,275,0.0046674181392213415,-0.001469967643611736,0.01232072558287523,0.050322691155831094,0.028023393270635966,0.1487356192831482,-0.053989987733315654,-0.006313417190949258,0.013253705716990107,0.04677695631513223,0.02932125685684533,0.06082821797047343,0.02910285558986896,0.00986496989039358,0.012034916239679632,-0.055716943377977377,-0.017705366333675844,0.909759626856872,-0.004926292785790598,-0.005686150086143531,0.01277898060865856,0.1016996541016035,0.03114017322818342,0.16550911696893827,-0.12135784459989613,-0.017629989897731,0.012227459977341284,0.2010194609289527,0.051768187899589216,0.056433915958872864,-0.04536822781888281,-0.004946379088180526,0.011959173837166347,0.24398103636906143,0.03322707171922733,0.060736788503293476,1.4193548387096773,-0.005018354740385929,1.6129032258064515,-0.010345675255465387,1.8709677419354838,0.0051875505355548695,1.7419354838709677,-0.01004098879582095,1.7419354838709677,-0.02198482860740842,1.6129032258064515,-0.008978637152696655,1.2903225806451613,0.02479758681902306,1.4193548387096773,0.02577286976007114,1.8387096774193548,-0.02230214052722423,1.8709677419354838,0.02646275387334471,1.6451612903225805,0.047655284673782765,1.161290322580645,0.030323845912775715
2026-04-06,2026-04,323,318,-0.025607140898566392,-0.031236052047563988,0.013194410745512933,0.038646274680734234,-0.0016736351224863714,0.1486602628719993,-0.07414137788346968,-0.015315356311273988,0.01251195589699568,0.18229147748598548,0.01646590718839134,0.04987993458053097,0.07944812195292812,-0.001776508891027935,0.014314102919837798,-0.03883359616096544,-0.016348655103954623,0.6427866229787469,-0.015006093404432177,-0.018478515307413994,0.012050139874023515,0.062107884089308237,0.0044240034176919255,0.1407066997489892,-0.05445163063954288,-0.017357182301904934,0.012585345787359929,0.15846379233106922,0.03365739720977973,0.05300123855704442,0.02785256226782532,0.0019842412960481004,0.012608794919896886,0.13548719767591755,0.023047333635520504,0.050995775731280446,1.53125,-0.03506417704756399,1.71875,-0.019612231311273987,1.90625,-0.006542133891027935,1.75,-0.022853515307413995,1.75,-0.021732182301904934,1.6875,-0.0022345087039519,1.03125,-0.004251760122486372,1.3125,0.01318465718839134,1.8125,-0.020879905103954623,1.8125,-0.00010724658230807423,1.5625,0.029751147209779727,1.15625,0.020156708635520503
2026-04-07,2026-04,247,243,-0.19104390371316538,-0.0073982473110538365,0.015378838015025067,0.01874978100701733,0.00029263946496921843,0.15205311682075262,-0.14042148583951558,-0.0077550898182273675,0.013576597688794932,-0.18893599671271624,-0.007258453939520593,0.06105522353512545,0.0723932659310586,0.001549524318288776,0.011566207382904651,0.012921837662804412,0.006411759522071074,0.9864641943325598,-0.12783859812582762,-0.017412989893797866,0.01315613222896284,0.03145535569238414,0.01732611362531075,0.18853484311451515,-0.18514383459101666,-0.025923938983000872,0.014359202278891581,-0.13102389969962125,-0.007812591305429217,0.06948949093930423,-0.1429243765468868,-0.011356298591516906,0.013462583423941684,-0.20682812156579186,-0.01153482183457565,0.06826204232250652,1.59375,-0.011382622311053837,1.8125,-0.012286339818227368,1.90625,-0.003216100681711224,1.8125,-0.021944239893797866,1.78125,-0.03037706398300087,1.90625,-0.016121923591516905,0.9374999999999999,-0.002051110535030781,1.46875,-0.010930328939520593,1.875,0.0017242595220710744,1.875,0.012638613625310751,1.59375,-0.011796966305429217,1.25,-0.014659821834575652
2026-04-08,2026-04,283,278,0.00590287158104071,-0.014327477038885622,0.018315079824602447,0.010085020887583052,0.0149704198492185,0.21645153207438328,0.004411931911813816,-0.0060018711005550085,0.01704747453635095,-0.01658220346958512,0.00035120103104013464,0.055925918743014336,0.06947729130463319,0.02622433859300445,0.015620722532427815,0.13347730918142744,0.022479245825880963,0.7273021931094783,-0.032871905907671646,-0.007663386081747263,0.015260178589420498,0.08690891700784474,0.006686254024551407,0.21071987891835828,-0.027896882659696948,-0.0067512858188406855,0.016108534547381162,0.0625268118312104,-0.008848047009875496,0.06576376953827484,-0.06877171005512063,-0.01685348228490586,0.016163911831796832,-0.06847177492635037,-0.0035474382936331473,0.06116818077862263,1.5,-0.018077477038885622,1.7142857142857142,-0.010287585386269293,1.8928571428571428,0.021492195735861593,1.7142857142857142,-0.011949100367461548,1.75,-0.011126285818840686,1.6785714285714284,-0.02104991085633443,0.9285714285714285,0.012648991277789928,1.2857142857142856,-0.002863084683245579,1.857142857142857,0.01783638868302382,1.9642857142857142,0.0017755397388371213,1.4285714285714284,-0.012419475581304067,0.9285714285714285,-0.005868866865061719
2026-04-09,2026-04,312,308,-0.10562179636867619,-0.004164824996218067,0.014776422216640727,0.03728174412673642,0.011313844720843904,0.13473043374476895,-0.11350905620374845,-0.0032746198488211305,0.014596564126450995,-0.10798220565906401,-0.006493589119930383,0.05942541204633251,0.08464823115584003,0.03190359724461296,0.01760914222002718,0.1778248215732298,0.022712776954532686,1.1550879848580207,-0.041414254759936715,0.0012716612835230049,0.013093141271591276,0.04538434093255882,0.016649532925348362,0.17308006543786295,-0.07768962790957401,0.008620071504265685,0.014659440392601813,-0.01771531820285039,0.012455699510488291,0.056295337455887946,-0.07423751944453913,-0.0159272398191596,0.015183317340953566,-0.00900464140072621,0.010180773291846149,0.05843115093246583,1.2258064516129032,-0.007229341125250326,1.6451612903225805,-0.007387523074627582,1.9032258064516128,0.02714553272848393,1.7419354838709677,-0.003083177426154414,1.6451612903225805,0.004507168278459234,1.5806451612903225,-0.019878852722385407,1.096774193548387,0.008571909236972937,1.3870967741935483,-0.009961331055414253,1.9032258064516128,0.017954712438403655,1.9032258064516128,0.01189146840921933,1.4193548387096773,0.008907312413714098,1.096774193548387,0.007438837807975181
2026-04-10,2026-04,281,274,-0.12949193609449533,-0.010570262442422006,0.014810996421278314,-0.12936213479864575,-0.0023939619980574934,0.1590760370923413,-0.11041413514669475,0.0020148368003303748,0.012906202309672939,-0.250951335330831,-0.03644801405249376,0.06138956395012361,0.13299759605874062,-0.002017430650286758,0.013858220953942275,0.041745665464059674,0.0027806319764672625,0.7059870334687056,-0.1150809028234224,-0.005353085661496089,0.013514382741176438,-0.0484780798061634,0.0020408929210264807,0.18584863917419203,-0.03768591840986936,0.011574669109708429,0.012806404065290072,-0.18706638254605243,-0.034966059974017874,0.0743376458822577,-0.06729576135163251,0.006311651421199003,0.013269442303184045,-0.24400804768034268,-0.018218859169617855,0.06820544910927613,1.4193548387096773,-0.014118649539196199,1.6451612903225805,-0.0020980664254760762,1.8064516129032258,-0.006533559682544822,1.7096774193548385,-0.009627279209883186,1.7096774193548385,0.007300475561321333,1.6451612903225805,0.0021987481953925523,1.096774193548387,-0.005135897481928461,1.3548387096774193,-0.03983511082668731,1.8064516129032258,-0.0017354970557908016,1.9354838709677418,-0.0027978167563928735,1.4838709677419355,-0.03867573739337271,1.0,-0.020718859169617854
2026-04-13,2026-04,304,295,0.11883366507487678,0.01154068680834008,0.01934048714660229,0.026051820022381877,-0.01440233924755123,0.15334468421836694,0.06495570609692548,-0.0031207826482202786,0.017557027788839476,0.1639792754081275,0.00676344180686057,0.07499999379118283,0.005677226341666272,0.0026893386829897874,0.012643242273105045,0.010102875096588942,0.00757167416346672,0.7675561418135961,0.02318211576877013,-0.010985384042775319,0.01452202676900054,-0.019038262756387803,-0.0069747522290072115,0.21560877251128358,0.058718473026259856,0.0036668803953991552,0.015575611075790242,0.18501396731562716,0.015404522232002865,0.07328714871158203,0.05585687559264986,0.001938425842553916,0.016898308051210138,0.21510349481885202,0.013494376834524625,0.0912421341985464,1.2666666666666666,0.008374020141673414,1.6333333333333333,-0.007204115981553612,1.9,-0.0020606613170102124,1.8333333333333333,-0.01556871737610865,1.7333333333333332,-0.0006664529379341779,1.4333333333333333,-0.0016449074907794177,0.9999999999999999,-0.01690233924755123,1.2,0.00376344180686057,1.9,0.00282167416346672,1.9,-0.01172475222900721,1.2,0.012404522232002866,0.8666666666666666,0.011327710167857958
2026-04-14,2026-04,316,309,0.09484392510062975,0.010975833730761775,0.015928977453011268,0.004443975832423094,-0.0015176635743893163,0.1767040177458717,0.015562567199898836,-0.0005584428827405796,0.015646228233567705,-0.12065343995503408,-0.023552217908315264,0.06737073354663388,0.037638543472043685,-0.006635677347800203,0.013025951216815976,0.010907297578795296,-0.006403075585080135,0.9210875832265424,0.03472783162808965,-0.0002016872862844613,0.013873367695613734,-0.11031978428719647,0.002242133757914499,0.23274601166767458,0.13976761301681295,0.0040631644128284496,0.012761202356339114,-0.2569302948386211,-0.04662234806459942,0.07269485883655086,0.02383994993753136,-0.01967884983607292,0.013994011904619918,-0.21697824665178342,-0.03580832674766754,0.08203314761480977,1.3225806451612903,0.007669382117858549,1.4838709677419355,-0.004268120302095418,1.8709677419354838,-0.011313096702638914,1.7419354838709677,-0.00455652599596188,1.8064516129032258,-0.0004529646194296145,1.4516129032258065,-0.023307882094137436,0.8064516129032258,-0.0035337926066473808,1.032258064516129,-0.026132863069605584,1.6774193548387095,-0.010596623972176908,1.9032258064516128,-0.0025159307582145332,1.064516129032258,-0.04928363838718006,0.6774193548387096,-0.037501875134764315
2026-04-15,2026-04,296,292,-0.11505989811074557,-0.009242248829145167,0.018162212910141293,0.00036322917678849884,-0.0007932215986221243,0.13249183536089698,-0.10915476339205153,-0.011939995704406606,0.01866200984199576,0.14686442991527737,0.03645611906518004,0.06773321407622304,-0.05137512034216632,-0.012095477835868194,0.011717734202957575,-0.08772478216030218,-0.004194827282279309,0.8611944060901116,-0.03508311246512648,-0.0009162382785813106,0.01707927421063824,0.016200483997094166,0.010421332087948449,0.2088542228628849,-0.10387660387660387,-0.0059649679765228485,0.01801833884276017,0.06971547819005446,0.018174857371535735,0.07258975730630858,-0.10629891520552771,-0.011103371084733714,0.017396486240546287,0.1201150302845218,0.026463109259130955,0.0704967150914258,1.3548387096774193,-0.012629345603338716,1.6129032258064515,-0.015972253768922737,1.8064516129032258,-0.01661160686812626,1.8709677419354838,-0.005593657633420021,1.6774193548387097,-0.010158516363619623,1.7096774193548387,-0.01537756463312081,1.032258064516129,-0.003373866759912447,1.2580645161290323,0.03331095777485746,1.8387096774193548,-0.008791601475827696,1.8387096774193548,0.005824557894400062,1.3548387096774193,0.014787760597342187,0.7419354838709677,0.024608270549453536
2026-04-16,2026-04,309,301,0.028703617084450156,-0.003080789972946219,0.016054343200784138,0.13187736159862687,0.005379292097326768,0.23717898105581603,-0.049289232533830094,-0.008423080840606983,0.016335668747673414,0.11920963471229679,0.006394407253057557,0.06760241308559974,-0.13583226576269622,-0.007460250287022711,0.016480924705033175,-0.0050143448594980825,0.009940689019710947,1.031175188223521,-0.13708436881001868,-0.03229749653220336,0.01621964347722538,0.028555565949865983,-0.018293917483075038,0.20567223131656645,-0.10768767718344918,-0.024900584923096512,0.01629474076004445,0.17101939713903386,0.02180452348284116,0.06673442386090755,-0.07553414327607876,-0.017058464023318284,0.014611937690548114,0.07417239822501331,-0.004018542772435167,0.05981262729813655,1.3666666666666667,-0.006497456639612886,1.5333333333333332,-0.012256414173940315,1.8,-0.01196025028702271,1.7666666666666666,-0.036714163198870026,1.7,-0.029150584923096513,1.6,-0.021058464023318284,1.1,0.002629292097326768,1.1666666666666667,0.0034777405863908903,1.8666666666666667,0.005274022353044281,1.7333333333333334,-0.022627250816408373,1.4666666666666666,0.018137856816174493,1.0,-0.006518542772435167
2026-04-17,2026-04,303,296,-0.12552068690067494,-0.021754288099393105,0.016925860259260753,0.05087781677795713,-0.010450041362794649,0.21096922792494296,-0.1008723868055667,-0.01139793240295238,0.019810045991092817,0.07868725591411393,-0.016392747153396274,0.07128600558886924,-0.07026862984811191,-0.02395986280304638,0.016433729763302374,-0.03719557215646195,-0.01312452606062634,0.9387195428212483,-0.12852961876290073,-0.016279010483206027,0.01609949979501439,0.07970099455309648,0.007695205478484379,0.21489325650036334,-0.1491369147856701,-0.03318753433145445,0.01715682917950027,0.10002537581933596,-0.019419443980967656,0.07926259934902191,-0.05633971115135183,-0.014646648973980388,0.01402554610349209,0.057587688122660984,-0.018443779527334135,0.06260209002842505,1.3666666666666667,-0.02517095476605977,1.5,-0.01514793240295238,1.7666666666666666,-0.028376529469713047,1.7,-0.020529010483206028,1.6666666666666667,-0.03735420099812112,1.6333333333333333,-0.018729982307313722,0.9,-0.012700041362794649,1.2,-0.019392747153396273,1.6666666666666667,-0.017291192727293007,1.8,0.0031952054784843793,1.3333333333333333,-0.02275277731430099,1.0,-0.020943779527334134
2026-04-20,2026-04,361,355,-0.0892344493336141,-0.03283495371472593,0.019039656931037707,-0.07732997590333425,-0.004996851156491082,0.18690576440551215,-0.00435714287536244,-0.01947318419303891,0.01777950600919575,-0.03598532722826704,0.02110375314173388,0.06722285034548905,0.11156113356652504,0.030968332227941504,0.01206725835740802,-0.08737037666813541,0.01649768386540495,0.8323911836681267,-0.013541658496383517,0.0007421852086081579,0.017357286016292717,-0.06157977930645566,-0.015550973390873142,0.17524810611373848,0.007531516080132699,-0.0232020384761256,0.01684991829954515,-0.10529659919922985,-0.005173061408598495,0.08034822500000396,-0.10503285457136866,-0.02233543602227351,0.0157753832552247,0.015383402810742814,0.012786898721000254,0.06403052744766076,1.5833333333333333,-0.036793287048059266,1.6388888888888888,-0.02357040641526113,1.7777777777777777,0.02652388778349706,1.9166666666666665,-0.004049481458058508,1.8055555555555556,-0.02771592736501449,1.6944444444444444,-0.02657154713338462,1.1944444444444444,-0.007982962267602194,1.4444444444444444,0.01749264203062277,1.972222222222222,0.011567128309849396,1.8888888888888888,-0.020273195613095363,1.5277777777777777,-0.00899250585304294,1.0833333333333333,0.01007856538766692
2026-04-21,2026-04,333,323,0.069204806700894,-0.0003037917514003112,0.015580429987360991,-0.005349282333191201,-0.019991329226360984,0.17533335369080305,0.05321805535932836,0.007311211501209107,0.016766300008343334,-0.09912153055672558,-0.018673164120593576,0.06590005499310791,-0.016813335057425223,0.021404081826065742,0.015419630225441973,0.004384177847231786,0.001758411720897652,1.198138159699738,-0.06376080914069344,-0.002103420842961383,0.016589656358008513,-0.024830835303573603,0.0020844126585837265,0.1641455696662888,-0.0453425650605795,-0.018509370590953884,0.01623523260175637,-0.10666554441309085,-0.023961040483672508,0.07805527473101392,0.028817489477044825,0.0006247289373227903,0.013980065737807442,-0.1319791329079986,-0.025023883257314725,0.06489976192824543,1.2777777777777777,-0.0034982361958447554,1.6111111111111112,0.0032834337234313293,1.8888888888888888,0.01668185960384352,1.722222222222222,-0.006408976398516938,1.6666666666666665,-0.02267603725762055,1.5833333333333333,-0.0033336043960105425,1.0555555555555556,-0.022630218115249873,1.3888888888888888,-0.0221453863428158,1.8055555555555556,-0.0027554771679912373,1.8611111111111112,-0.0025683651191940517,1.3888888888888888,-0.02743326270589473,0.9166666666666666,-0.027315549923981393
2026-04-22,2026-04,410,403,-0.013709255826161674,-0.001270621838637723,0.0157165106366175,-0.013677393069328048,0.015586666397893632,0.20578430513851345,0.04969031750888958,0.01447738854863581,0.015460476769386097,-0.027869378367190414,0.016971779523398674,0.06609739256091415,-0.0698164403396475,0.002159931285974725,0.01274998075716523,0.03967284653999018,0.006262053037399535,0.9081090740859508,0.038544101715679166,0.008960932249419237,0.017483670000377576,-0.05970793343469637,0.012508995027743598,0.20896319532766938,0.0799198904130101,0.029696710494453434,0.015489151138169146,-0.03941379491963142,-0.0025923709897144737,0.06891784183681011,-0.02674817612914414,-0.010419833063485035,0.01588784318334916,-0.07259702797088649,-0.005018043548962861,0.05362809039652348,1.45,-0.004895621838637723,1.675,0.01028988854863581,1.8,-0.0023400687140252745,1.75,0.004585932249419236,1.725,0.025384210494453434,1.575,-0.014357333063485035,1.05,0.012961666397893631,1.25,0.013846779523398675,1.8,0.0017620530373995353,1.9000000000000001,0.007758995027743598,1.475,-0.0062798709897144735,1.025,-0.007580543548962861
2026-04-23,2026-04,403,394,-0.01971535064686599,-0.013111656241921028,0.018217303359502092,0.08312077931477332,0.009681667263547064,0.1734232946466177,-0.06120629842854646,-0.02317411383004177,0.01713735604410977,0.1388865015856813,0.007958333673819751,0.05957453062710089,0.08687119167924494,0.018695863620466605,0.016176354811464132,-0.03615197314304335,0.010173488197953148,0.8576044421165417,-0.06858745973917092,-0.016523051192877135,0.016160751423312157,0.0346176230096366,-0.0060429753151153565,0.2024606658289066,-0.05428649821610001,-0.005481052469896285,0.019507280319527046,0.05927659349968129,0.00858324141413025,0.06432715282799342,-0.030529582078624093,-0.008628097027766827,0.017642326720554623,0.009720945874435257,-0.002558627700437549,0.04947796483070422,1.375,-0.016549156241921027,1.75,-0.02754911383004177,1.825,0.014133363620466605,1.775,-0.020960551192877135,1.7,-0.009731052469896286,1.675,-0.012815597027766827,0.875,0.007494167263547064,1.4,0.004458333673819752,1.8,0.005673488197953149,1.75,-0.010417975315115357,1.55,0.004708241414130249,1.025,-0.005121127700437549
2026-04-24,2026-04,326,325,-0.019169509448287353,-0.004665440249355283,0.01667240280107424,-0.10519953632270206,-0.009542647848384222,0.13485623942688107,0.019939303192054968,-0.0002999798885025169,0.01636446132290134,0.016983432290931157,-0.0005024202370960094,0.053664545645006,0.03189352350832247,0.021904626244610738,0.015039322691634386,0.09174438562677101,0.002016969796641923,0.8420147884171456,0.05876690906384382,0.0003693600628054926,0.015854486003906897,-0.022520924490167637,-0.0033806377999399534,0.1836723042652011,-0.06685497892419237,-0.01087670027846228,0.017006008451856312,0.06064813856701847,0.0029134565425563523,0.05066119460389018,-0.0256614078237368,-0.003562229186230916,0.015468143418832951,-0.024318726101434998,-0.018128432199522006,0.04465581011027098,1.5897435897435896,-0.008639799223714257,1.794871794871795,-0.004787159375682005,1.7692307692307692,0.017481549321533816,1.7179487179487178,-0.003925511732066302,1.7692307692307692,-0.015299777201539203,1.7692307692307692,-0.007985306109307838,1.205128205128205,-0.012555468361204735,1.435897435897436,-0.0040921638268396,1.8974358974358974,-0.00272661994694782,1.8974358974358974,-0.008124227543529696,1.7692307692307692,-0.0015096203805205705,1.3076923076923077,-0.021397662968752777
2026-04-27,2026-04,376,363,-0.0428317625148146,-0.0009267108218902163,0.016279088891722856,0.056856481742762005,0.0003466246949481635,0.19881170033477247,-0.03144759862294712,-0.013337504625431183,0.015068658997659195,0.07907692307692307,0.013425561044254315,0.05196018749848008,-0.03771031610518829,-0.006000088324966676,0.012762330688830854,-0.023698584928206395,-0.0017410829482761318,0.7570749765468969,0.14947432105331182,0.011279941957163402,0.012989255902508736,0.13860985382922286,0.012181159390777407,0.2121413422541486,0.004204977707545573,0.01306788611525345,0.013856680162648502,0.03709735312376545,0.0018752310619894724,0.05610905623891288,0.10712952198205317,0.020770922946682764,0.015310225696316189,0.045823804955132906,0.007708884185256131,0.04705194870216979,1.5833333333333333,-0.004885044155223549,1.8888888888888888,-0.018059726847653404,1.9166666666666665,-0.010791754991633342,1.8333333333333333,0.00669660862383007,1.722222222222222,0.008762330559697894,1.75,0.016395922946682764,0.9444444444444444,-0.0020144864161629476,1.3888888888888888,0.009953338822032093,1.8611111111111112,-0.00639386072605391,1.9166666666666665,0.007389492724110741,1.5555555555555556,-0.002013657826899417,1.0,0.00520888418525613
2026-04-28,2026-04,380,373,-0.00949233866249985,0.007608459348483178,0.016846832221736392,0.13447913511574835,0.00457285299798346,0.14773346408194787,-0.0703926729336586,0.00010910379376059408,0.017104883623861675,-0.0036152021755508587,0.0034151543621220516,0.06154958596704779,-0.033624050690957266,-0.0016594258862449932,0.011820204267149699,0.02807381418552366,0.004282565451223026,0.7657717607311301,-0.05490773726326425,0.002912228445270801,0.01494076653395846,-0.029292738213305896,-0.0029850356689805953,0.18856260693959287,-0.04315979735972803,0.0010493032045356197,0.016328263237344237,-0.005580589747486952,0.002201892385224802,0.058235884920970815,-0.025794317718339645,0.00907586279704852,0.014368311901081697,0.032865732777709135,-0.0014896890292259773,0.0545955749379622,1.3513513513513513,0.004230080970104799,1.6756756756756757,-0.004080085395428596,1.8918918918918919,-0.006389155615974723,1.7297297297297298,-0.0014120958790535235,1.6756756756756757,-0.00313988598465357,1.5945945945945945,0.005089376310562033,1.0810810810810811,0.0018701502952807574,1.2972972972972974,0.00017191111887880813,1.7027027027027026,2.580869446626964e-05,1.9189189189189189,-0.007782332966277892,1.7837837837837838,-0.0022575670742346577,0.9189189189189189,-0.0037869863265232746
2026-04-29,2026-04,512,504,0.032058511004844074,0.005168107791885795,0.014867259415856517,-0.014189968316507963,-0.0008432054386050747,0.14591052770614624,-0.06343610018876573,-0.010992402365445107,0.014161335329545444,-0.04841544429923457,-0.0011119426360956062,0.05330261200666428,0.04047374600330841,-0.010065031635500536,0.013553431238717353,0.07901571520223369,0.014814827808190056,0.7587246523797513,-0.007463948111378703,-0.006109051754827717,0.01398010246842911,-0.04868643785652144,0.0019028749261433327,0.19176929138600826,-0.09341865860379625,-0.016809344770268023,0.01695407225214638,-0.07554349977450361,-0.01235060757911752,0.05608726810663938,-0.0423966335823111,-0.012021596601063927,0.014916547934635677,-0.06930474707443078,-0.0043699734437917595,0.04957513116300106,1.6,0.0011681077918857946,1.74,-0.015342402365445106,1.74,-0.014415031635500536,1.78,-0.010559051754827718,1.74,-0.021159344770268023,1.78,-0.016471596601063926,1.3800000000000001,-0.004293205438605075,1.48,-0.004811942636095606,1.72,0.010514827808190056,1.86,-0.002747125073856667,1.7000000000000002,-0.01660060757911752,1.34,-0.00771997344379176
2026-04-30,2026-04,524,509,0.04707894852071869,-0.002763626390413972,0.014907905699448592,0.06212877222466644,0.0011498916191548005,0.17080147999028364,0.019602119305825172,-0.0006563371566644608,0.015664907550821332,0.08241922805056809,0.013591390776432063,0.05292873362115785,0.011567381833708425,0.004360816627828105,0.013222152096845368,0.006543731801080697,-0.005234467772719837,0.5870863456352085,-0.013265308122454153,-0.010001852915062902,0.014097719788226768,0.02634002723153687,-0.0077500595301692385,0.18997026808267714,0.07662962816232999,-0.002404711431670854,0.016711678571142242,0.10674161942154878,0.007739934220489826,0.05690966400445676,0.059212537349533245,0.003768817678820969,0.015006899952770082,0.1645750650033049,0.013230268854093378,0.045051838727850534,1.607843137254902,-0.006783234233551227,1.803921568627451,-0.005166141078233088,1.8235294117647058,-0.00019800690158365986,1.9019607843137254,-0.014756754875847216,1.803921568627451,-0.0069145153532394815,1.9019607843137256,-0.000986084281963345,1.2549019607843137,-0.0019873632828059837,1.3529411764705883,0.010209037835255591,1.803921568627451,-0.009744271694288466,1.9215686274509804,-0.012553981098796688,1.6862745098039216,0.003524247945980022,1.215686274509804,0.010191053167818868
2026-05-01,2026-05,445,434,-0.01677488247168143,-0.0210151867287801,0.01485281266817745,-0.07955787720514226,-0.012584595489828154,0.12969544547241788,-0.019451303126052935,-0.018185660296484885,0.01406852917789119,0.08028220209883322,0.018936569943618992,0.04062139426986145,0.0010031170327091166,0.00747390900741618,0.016732889258769763,-0.06116596339806591,-0.012733988099069291,0.6814765573240991,0.04020958314701598,-0.010385160926635207,0.01578698321667908,-0.00730507324631653,-0.005330460079698401,0.23836282753320626,-0.019938884491320932,-0.010812945295496276,0.01639914822069015,0.17676210692623617,0.019002163634050644,0.05343785401173802,-0.0801839504705576,-0.015363918083151561,0.01403661881058163,0.2269490734847624,0.03671573041536616,0.06524521069124688,1.607843137254902,-0.025034794571917356,1.7058823529411764,-0.022450366178837826,1.9019607843137254,0.0027190070466318658,1.784313725490196,-0.014845945240360696,1.6666666666666667,-0.014979611962162943,1.7450980392156863,-0.019726663181190776,1.4901960784313726,-0.016310085685906587,1.784313725490196,0.014475785629893503,1.8823529411764706,-0.017439870452010467,1.8823529411764706,-0.010036342432639577,1.8235294117647058,0.01444334010463888,1.8823529411764706,0.03200984806242498
2026-05-04,2026-05,443,434,0.07048883609408774,0.010333635407902475,0.015935065161459382,0.03171852002968772,0.003930267248779109,0.17256329420867353,0.08237387783632,0.006729466123551855,0.015351939073632626,-0.015296720236428347,0.0018644227995196893,0.0634816798143262,0.070679734261855,0.016862598794405728,0.01184815949924332,0.006540051862710326,-0.004451720035044534,0.7537963530698487,0.0359196701780847,-0.0010836109687761444,0.015475230329616632,0.0641469264734083,0.0062487057856656664,0.19819773062197277,0.048691475516888356,0.0035263414996799616,0.018058268196303132,-0.057955745214409576,-0.009101330650897093,0.07113131516894629,0.033698417117552296,4.542546091720369e-05,0.01689514797959655,-0.004459461455293417,-0.005149102736580347,0.07526986273330484,1.4883720930232558,0.0066127051753443345,1.7674418604651163,0.0023108614723890645,1.8372093023255813,0.012269575538591775,1.7906976744186047,-0.005560355154822656,1.744186046511628,-0.0008341236165991081,1.6511627906976745,-0.0040824815158269825,0.8372093023255813,0.0018372439929651555,1.2093023255813953,-0.001158833014433799,1.8604651162790697,-0.009102882825742209,1.9302325581395348,0.0014231243903168296,1.5813953488372092,-0.013054819022990116,1.441860465116279,-0.008753753899371044
2026-05-05,2026-05,554,538,-0.01248048611782451,-0.00767811084027406,0.015531855717078297,0.0422818372756767,0.003611649476661088,0.1455997191714468,-0.05264936580931734,-0.009292094793484015,0.01419577299958048,0.013903603863016157,0.002667426549825008,0.035302688005483814,0.01945124764959055,0.018640130459741933,0.012359549919386321,0.009818854050255921,-0.00043590030009842487,0.5819058622043856,-0.026701827347963197,-0.01406765309674763,0.016285822228089407,0.07421678932673992,0.0009485330146183791,0.22683042888012198,-0.0438875338409124,-0.00831820258565481,0.015699830470578838,0.06814910326877201,0.0064195518583725075,0.06311823204332204,-0.020894733944799057,-0.009044680797324102,0.01563097921453317,0.0561167006840178,0.001184700463013763,0.06567717461277628,1.6666666666666665,-0.011844777506940726,1.574074074074074,-0.0132272799786692,1.8888888888888888,0.013917908237519712,1.8333333333333333,-0.018650986430080962,1.7407407407407407,-0.012670054437506661,1.6666666666666665,-0.013211347463990768,1.3148148148148149,0.00032461243962405044,1.4444444444444444,-0.0009436845612861024,1.8518518518518519,-0.005065529929728054,1.9074074074074074,-0.003819985503900139,1.7037037037037037,0.002160292599113248,1.462962962962963,-0.0024727069443936447
2026-05-06,2026-05,435,427,0.04463879986628555,-0.00742420785868623,0.018854706318223387,-0.04404720025996607,-0.015004118235363753,0.16990299050717853,0.03889264449835004,-0.0036678669920403428,0.01672337393692544,0.03928320520444415,0.013219152939707178,0.058053444442880714,-0.027197495194329582,-0.024651703823184448,0.019292838804273273,0.02367555620617531,-0.007380256553310127,0.7660238801739937,0.021717824275518185,0.006224703002940992,0.018375192153968763,-0.041262104429722765,-0.017478095991149904,0.2599656981264436,0.006012506398183337,-0.010045407457610648,0.02183486735258356,0.03196489356382523,0.0011742717015450722,0.0760278073897542,0.06238343725142383,0.0035034447955313635,0.0172711971731081,0.07933455686667473,0.019525237626400887,0.08706352450386728,1.5185185185185184,-0.011220504154982526,1.5925925925925926,-0.0076493484735218244,1.8148148148148147,-0.029188740860221486,1.7777777777777777,0.0017802585584965475,1.6481481481481481,-0.014165777827981018,1.6111111111111112,-0.0005243329822464142,1.0925925925925926,-0.017735599716845234,1.5,0.009469152939707178,1.8888888888888888,-0.01210247877553235,1.8888888888888888,-0.022200318213372126,1.5925925925925926,-0.0028072097799364095,1.2592592592592593,0.01637708947825274
2026-05-07,2026-05,615,598,-0.031118658357091395,0.0010432906194559454,0.018548708964508612,0.11763222242551367,-0.004902311567496613,0.12209450462833046,-0.03586634437968893,-0.010683730988250753,0.017563472583876943,0.056179679638330156,0.014646019716593127,0.03954986377308766,0.005630319532545471,0.023335595028656907,0.015428234174532107,0.06659651239250065,0.00979471819948355,0.856144094777604,-0.0051487163399334375,-0.00939234349119717,0.01763838537392034,0.07735971059794425,-0.005256624456550551,0.21372031429782506,0.02437855080844257,0.005850259747247236,0.020198208435675928,-0.06131639933748904,-0.002058809105702647,0.05367332308087498,-0.07833835449362613,-0.011818879269301644,0.01627349125963945,-0.22485166348316626,-0.020560575172036646,0.07474519792788972,1.6666666666666667,-0.003123376047210722,1.75,-0.015058730988250753,1.9,0.018585595028656907,1.7333333333333334,-0.013725676824530506,1.7833333333333332,0.001391926413913903,1.7333333333333334,-0.01615221260263498,1.3666666666666667,-0.00831897823416328,1.5333333333333332,0.010812686383259794,1.8666666666666667,0.005128051532816884,1.9,-0.010006624456550551,1.7333333333333334,-0.006392142439035981,1.5666666666666667,-0.024477241838703312
2026-05-08,2026-05,355,347,0.060889582996668246,0.0264465674684696,0.017100501818906585,0.053287270088922,0.004205441667943148,0.17092739386217937,0.02200615174987402,0.01033829396545079,0.019151527400876875,-0.07256811752029918,-0.02506203773411831,0.06329950409542237,0.022833879694458256,-0.004366379183962991,0.026216275033804137,-0.024372925903617913,-0.024916266250708235,0.9795619321720941,0.0673451162107089,0.023455365178131238,0.01712113375372215,-0.04228345659409661,-0.01872064175905043,0.20566320089357237,0.03903323514048848,0.0028816582318842224,0.018079902049588415,0.05974198056305881,0.0024844243761627856,0.07373331621555346,0.03163772402690208,-0.01874750307161896,0.01554378954029316,0.11556491960281097,0.02452103796946109,0.08227296719061478,1.8166666666666667,0.021904900801802935,1.8333333333333333,0.005754960632117458,1.9,-0.009116379183962992,1.8333333333333333,0.018872031844797906,1.8499999999999999,-0.0017433417681157774,1.7666666666666666,-0.023164169738285625,1.4166666666666665,0.0006637750012764812,1.65,-0.02918703773411831,1.8166666666666667,-0.0294579329173749,1.9333333333333333,-0.023553975092383765,1.8333333333333333,-0.002098908957170547,1.6833333333333333,0.020312704636127756
2026-05-11,2026-05,444,429,-0.06395762266728051,-0.018148038658533552,0.020104794247971458,-0.11946212184984087,-0.01704414473489912,0.2181656083395315,0.04505480965074884,0.0035933557823348353,0.020244103932179375,0.07078919999111664,0.017346366458609073,0.08358151321624253,-0.011507839947957042,-0.011113149942216377,0.016217780036152554,-0.062421555024935856,-0.018134895791859895,0.8566384575394697,0.0765189957174005,0.010145941632859224,0.02002592895313087,-0.1368229806605283,-0.027915964918169466,0.24709483244737915,0.046200065423690116,-0.0009975164733216106,0.02003874121444652,0.10389342245140415,0.021289375012573684,0.09685370753800798,0.04822564100947039,0.008875502825210262,0.016566588447785212,0.1658808603352308,0.03196992745702946,0.09950003649519627,1.5581395348837208,-0.022043387495742854,1.7209302325581395,-0.0007089697990605133,1.8604651162790697,-0.01576431273291405,1.7209302325581395,0.005843616051463875,1.744186046511628,-0.00535798158960068,1.6046511627906976,0.004863874918233518,1.0465116279069766,-0.019660423804666562,1.4883720930232558,0.013625436226050933,1.8372093023255813,-0.02272791904767385,1.8372093023255813,-0.03250898817398342,1.6511627906976745,0.017161468035829498,1.4883720930232558,0.028248997224471318
2026-05-12,2026-05,367,365,0.12284680227648166,0.009832408296238736,0.01736426577153332,0.008192230654062074,0.0022749752964148166,0.14285129215568304,0.07788803563015256,0.004247476429540395,0.018361593897366104,0.029137156289337485,0.0025905556999448656,0.046125947976381414,0.16190682269432027,0.010471239523555716,0.017065727324388158,0.02899377421240992,0.009850597757489431,0.9936057854857709,-0.014911548200391015,0.015312460123993659,0.017399311807025218,0.11759688498352648,-0.0023235351671032634,0.20673406237943304,0.0388916459593045,0.019692420857664927,0.01896263532488804,-0.008260811802949259,-0.0016870752645575708,0.0634731684371622,0.05240449770981433,0.008291336824394195,0.016736711309945966,-0.12160627246829221,-0.005833517793612769,0.0774400193347699,1.5348837209302324,0.005995198993913155,1.7209302325581395,-5.4849151854954e-05,1.744186046511628,0.006110774407276647,1.6511627906976742,0.011184553147249473,1.6511627906976742,0.015564513880920741,1.6744186046511627,0.004105290312766289,1.0232558139534884,-0.0002831642384689046,1.441860465116279,-0.001014095462845832,1.697674418604651,0.005606411710977804,1.9069767441860463,-0.007090977027568379,1.6511627906976742,-0.005814982241301756,1.3953488372093024,-0.009321889886636025
2026-05-13,2026-05,406,396,0.06525424351841708,0.030545133752863732,0.020765128959194724,-0.056276341557694856,0.006177980515720732,0.17402706556022168,0.04185269200470927,0.022280929103653146,0.018576484945369013,-0.04686191103158295,-0.015182961190550718,0.07324449181323871,-0.03824994246829152,-0.0034752148850371433,0.01769190387604943,-0.0020356855823772404,0.0015455963920619625,0.8877169851213693,0.0394343520702379,0.007366899411173753,0.019893456447693456,-0.034543277471079596,-0.017273129348351946,0.21381639544852077,0.03283812396535025,0.02054137380365202,0.02285151538266384,-0.05505837476788818,-0.013742893598573377,0.08163604333531112,0.07923732416865258,0.025814925689365886,0.021500327165290607,0.004497825389107222,0.012033215080916622,0.0934476105729118,1.4749999999999999,0.026857633752863732,1.725,0.017968429103653146,1.85,-0.008100214885037142,1.8,0.002866899411173753,1.675,0.01635387380365202,1.575,0.021877425689365886,1.2,0.003177980515720732,1.4,-0.01868296119055072,1.725,-0.002766903607938038,1.925,-0.022085629348351947,1.65,-0.017867893598573378,1.375,0.008595715080916623
2026-05-14,2026-05,376,365,-0.0795226637802735,-0.01042272598070156,0.02197867887439449,-0.08346453431144742,-0.009824006551534871,0.13203372977053127,-0.11485987442067147,-0.03128779276854654,0.019324215643845115,0.040824315188459644,-0.014868945203897668,0.06138765425162596,-0.011720594130074185,-0.0074844000319909945,0.016278946065051342,-0.10976620170511432,-0.02033012817054951,0.7646798435986663,0.006119081902938304,-0.02054528997580287,0.01965370098985348,-0.021317795661030325,-0.010528682798083234,0.19667459879484442,-0.011497940713242342,-0.005906892891820025,0.022301125228940177,0.12046685030006513,0.011742178289190849,0.07014020441824363,-0.05773565425450962,-0.026311807251973025,0.017894050874277402,0.09919984757603988,0.019082239719449334,0.08184092504800194,1.4749999999999999,-0.01411022598070156,1.575,-0.03522529276854654,1.9,-0.012234400031990994,1.625,-0.02460778997580287,1.625,-0.009969392891820025,1.625,-0.030374307251973025,1.025,-0.012386506551534872,1.3,-0.018118945203897667,1.85,-0.024955128170549512,1.875,-0.015216182798083233,1.525,0.007929678289190849,1.525,0.015269739719449334
2026-05-15,2026-05,369,361,-0.05280326024897302,-0.0014013074976384245,0.01902750159906698,-0.052655415714619416,-0.012523235590169867,0.32717615614334744,-0.03476648913559909,-0.01497102918001884,0.01908694594231408,0.06511696337146192,0.004131487390250272,0.09548610134515911,0.03515229593971012,0.008958451292348272,0.01629734786023259,0.0541264705762263,0.006962109156805862,0.6124119141863452,0.1091417623038817,0.011470739153596756,0.01890907293654875,0.04837028462272303,0.009211447841209346,0.1694830840246545,0.0817685841721711,0.016370909495251988,0.019591907074423893,0.12699359714262518,0.022423978507229946,0.10092611700141181,-0.009256327951850997,0.01673759864758648,0.017381010956800717,0.13992470240204652,0.02505125898714832,0.09035235842586392,1.361111111111111,-0.004804085275416202,1.472222222222222,-0.018651584735574395,1.722222222222222,0.004652895736792717,1.611111111111111,0.007442961375818979,1.611111111111111,0.012343131717474212,1.5833333333333333,0.012779265314253148,1.0,-0.015023235590169867,1.3888888888888888,0.0006592651680280498,1.8333333333333333,0.0023787758234725294,1.861111111111111,0.004558670063431569,1.5833333333333333,0.018465645173896615,1.3333333333333333,0.021717925653814987
2026-05-18,2026-05,317,313,-0.01171946516143177,0.005309045652280544,0.019407445481301983,0.07726860742918407,0.02051683551243105,0.16977966300422148,-0.031783822391524316,-0.02133836148430559,0.016854384840501106,-0.030162083480564372,0.034897345355370576,0.07074888140684174,-0.017766170705554096,0.00754503856106703,0.014926901514153285,-0.04949668230653619,-0.021508290759129918,0.7368636785014984,-0.026246378044096335,-0.01451706680453194,0.016346386271752982,0.07493224860786617,0.019128416812395282,0.2158634235421496,0.06312274962536137,0.006688076023714736,0.016987445546493098,-0.024865909880288924,0.018022899355077036,0.0814391294073674,-0.0004882168707558848,-0.004161206115164566,0.015862673011035302,-0.22700351621625897,-0.009385783624750555,0.07611401769663056,1.5555555555555556,0.0014201567633916547,1.5833333333333333,-0.025296694817638923,1.8888888888888888,0.002822816338844808,1.6666666666666665,-0.018683733471198605,1.6944444444444444,0.0024519649126036255,1.6944444444444444,-0.008397317226275677,0.9444444444444444,0.018155724401319937,1.4166666666666665,0.03135567868870391,1.9166666666666665,-0.026299957425796584,1.9166666666666665,0.014336750145728615,1.6666666666666665,0.01385623268841037,1.4444444444444444,-0.012996894735861665
2026-05-19,2026-05,322,316,0.05338495029312651,0.0010820416295792591,0.01508004001083217,0.026488946270353562,0.002110744575826228,0.13547774008475244,0.00047463113648547596,0.002634682274008194,0.013379896204328329,0.19068615919175044,0.010212693913256035,0.0515885414351942,0.017381564654540795,-0.008617201601348195,0.015966155259449378,0.03898747317879855,0.0062047689868388045,0.9114489294588566,0.03203430286542081,0.012207978227204118,0.01263657669966628,-0.06268815188771461,-0.006418587062661095,0.25578012980986387,0.10111224711874099,0.014261895051113301,0.012104917090400156,0.133528421527083,0.010542472830030136,0.04959321171918418,0.03899217891994369,0.00539643522453909,0.013888742018437976,0.19550687316565668,0.02866034540280085,0.06115681608207524,1.40625,-0.002433583370420741,1.75,-0.0017403177259918065,1.875,-0.013304701601348196,1.84375,0.007598603227204118,1.78125,0.009808770051113302,1.5625,0.0014901852245390902,0.9375,-0.00023300542417377173,1.4375,0.006618943913256035,1.8125,0.0016735189868388048,1.875,-0.011106087062661096,1.625,0.006479972830030135,1.46875,0.024988470402800847
2026-05-20,2026-05,329,326,0.05372374575611678,-0.0015264127665168391,0.0161149350553648,0.024767152424463156,-0.00020958502465284919,0.16885852734699394,0.04870602045319945,-0.0013332538529227528,0.015369146518795878,0.1009642622072755,0.007566354276254806,0.04599158447518041,0.008271893519937236,0.019112700220893276,0.012589044247386275,-0.035416827006892186,-0.006730267165479699,0.6880995091615301,0.048898782475547256,0.011767677693882069,0.016182099761194564,0.057497528078226244,0.0021443918577004808,0.2050869292156263,0.06413256459240925,-0.002690432744074881,0.013569584245355919,0.20397766900788503,0.021121933624486038,0.04883632935922254,0.031910178656529904,0.0013329869232343219,0.012189230598036702,0.08646338822065386,0.02695456479178522,0.05976702439401187,1.3333333333333333,-0.004859746099850171,1.606060606060606,-0.005348405368074268,1.7575757575757576,0.014718760826953881,1.8181818181818181,0.007222223148427524,1.9090909090909092,-0.007463160016802153,1.8181818181818181,-0.0032124676222202234,0.9696969696969697,-0.0026338274488952734,1.1818181818181819,0.004611808821709352,1.8484848484848486,-0.01135147928669182,1.8484848484848486,-0.0024768202635116407,1.5151515151515151,0.01733405483660725,1.393939393939394,0.023469716306936735
2026-05-21,2026-05,322,316,0.08184898767064223,0.03621301507530452,0.017470827105742086,-0.016470834129701975,0.013425233312770866,0.18108982755802572,0.04095414705173811,-0.00014115287692446216,0.016750745688297042,0.0012123672602971068,-0.011976183129987626,0.048343079135520384,-0.042470664414805855,-0.0073208752691775285,0.01532587504209931,-0.025785677090927953,-0.016384013834834274,0.8323320923373103,0.13373347853252834,0.030801214104539763,0.014393322154351195,-0.06819233363714429,-0.021812329323439777,0.18034428381361067,0.014800189888415007,0.010983976135079287,0.014918743357187611,-0.005241790080208377,-0.01978379831267392,0.05379300893400796,-0.06369582772954963,-0.005005003768005341,0.01724936953737198,0.02855317194615239,0.007585854452236432,0.062351882515940815,1.4545454545454546,0.03257665143894088,1.606060606060606,-0.004156304392075977,1.9090909090909092,-0.0120936025419048,1.878787878787879,0.026104244407570067,1.7272727272727273,0.006665794316897469,1.7878787878787878,-0.009474700737702312,1.0606060606060606,0.010773718161255715,1.2727272727272727,-0.015158001311805808,1.8484848484848486,-0.021005225956046397,1.9393939393939394,-0.026660814171924625,1.5757575757575757,-0.023723192252067857,1.4545454545454546,0.003949490815872795
2026-05-22,2026-05,262,261,-0.08625610568587358,-0.006200414691560924,0.015279556496704507,-0.06714761505846212,-0.012782180891949768,0.18497140676929402,0.05221673841470902,0.021660460755125125,0.014118898204815225,-0.13870803837044704,-0.006668184310409715,0.0596591447515843,0.023519759984886666,0.0298352202382614,0.019804182607681943,0.03998919700108539,-0.003030769313551353,1.0667592917497342,0.09873848687005025,0.0037044406383949027,0.01437712833595189,0.01477174801854,0.008949414428072879,0.23560317405141318,0.05777386847747495,0.012943870677030383,0.015379511068482114,-0.10135713787665422,-0.018244238507460264,0.06283386012252706,0.07136258591164174,0.01091054255636808,0.016549521656621654,0.03832807713056367,0.013359099599108254,0.06799107249109791,1.65625,-0.010341039691560925,1.84375,0.017051085755125126,1.8125,0.0253039702382614,1.90625,-0.0010611843616050972,1.78125,0.008490745677030384,1.8125,0.006379292556368081,1.0625,-0.015438430891949769,1.25,-0.009793184310409715,1.8125,-0.007562019313551353,1.84375,0.004340039428072879,1.53125,-0.022072363507460266,1.53125,0.009530974599108254
2026-05-26,2026-05,399,397,-0.0741430838402539,-0.021939696645331373,0.01757643223394947,0.07363377035553709,0.0044017700236498505,0.1976717587094754,-0.0036239468016775606,-0.014410993144239784,0.01570610986858971,0.018035289228095365,0.001425131105879668,0.06621301410486921,0.05674757200706287,0.02373793558541307,0.016266012705568808,0.05573887322826821,0.02044618525714452,0.7359264394268394,-0.0011103459017944388,-0.014776939552804385,0.017891266496392298,0.014787093361544565,-0.0011167677273574515,0.2266810243949294,-0.029222429309254446,-0.011718089357749734,0.016865490526850824,0.07018192466089848,0.011544046080653701,0.07132254412863404,-0.018802282087127368,-0.016797734873973357,0.017797468748457657,0.049826387576982656,0.014032608439220788,0.07693640450015664,1.6500000000000001,-0.026064696645331373,1.8250000000000002,-0.018973493144239784,1.85,0.01911293558541307,1.85,-0.019401939552804386,1.7750000000000001,-0.016155589357749734,1.875,-0.021485234873973358,1.2750000000000001,0.0012142700236498502,1.375,-0.002012368894120332,1.85,0.01582118525714452,1.975,-0.0060542677273574515,1.6500000000000001,0.007419046080653701,1.5750000000000002,0.010095108439220787
2026-05-27,2026-05,284,281,0.06310656278653824,0.013426551673123038,0.01694962759812107,0.04022192072938773,0.010275064751027078,0.17907502821513582,0.03459099851362228,0.011640774580491968,0.01610618624983095,-0.059486553249306136,-0.00804802625405622,0.07347797600752008,-0.03056546304706675,-0.017607426974212526,0.013598929955103152,-0.07604617521436532,-0.012112288005907822,0.9894130464111056,0.016806077744091517,0.004220659833847748,0.01594833707352776,0.1207590127956346,0.015215958842784823,0.23418165803221722,0.10070463145120427,0.016229564351887153,0.019603252128923165,0.022909002468652864,0.002518691365082747,0.0825469164410606,0.11886441700419811,0.014417662395838736,0.016542798555855453,-0.027826400373316997,0.002491425295727886,0.08719581448739128,1.45,0.009801551673123039,1.575,0.007703274580491968,1.8,-0.022107426974212526,1.675,3.3159833847747414e-05,1.65,0.012104564351887153,1.6,0.010417662395838736,1.075,0.007587564751027078,1.5,-0.01179802625405622,1.7,-0.016362288005907822,1.95,0.010340958842784822,1.625,-0.0015438086349172531,1.45,-0.0011335747042721142
2026-05-28,2026-05,282,279,-0.13892006621394962,-0.04885792615432413,0.022518681075010864,-0.05261290658316167,-0.013908012897492363,0.18388652987778187,-0.06661554625839547,-0.027309698055747293,0.020712236179244677,-0.0861993358806137,-0.0009640151373874542,0.07124314922839403,0.045140230468220265,0.02861169237316484,0.017133603109911695,-0.02307297551757421,0.004347586508214853,0.766123101647411,0.05355391102718112,-0.010560903526923703,0.019423065438421205,0.025071563666446292,0.007991792882683098,0.1929025100544095,-0.07661934283163362,-0.018028707900432945,0.023552935814429635,-0.019781511089659327,0.016762237678662466,0.06924054039908308,-0.03453650904154318,-0.01814834907157029,0.023338921395733434,-0.04107282223448803,0.013106633422764821,0.09150015862126436,1.5,-0.052607926154324136,1.5,-0.031059698055747292,1.7142857142857142,0.024325978087450555,1.607142857142857,-0.014578760669780845,1.607142857142857,-0.022046565043290087,1.607142857142857,-0.02216620621442743,0.9642857142857142,-0.01631872718320665,1.3214285714285714,-0.0042675865659588825,1.7857142857142856,-0.00011669920607086139,1.9285714285714284,0.0031703643112545267,1.607142857142857,0.012744380535805323,1.5,0.009356633422764821
2026-05-29,2026-05,236,234,-0.05041380034418694,-0.00013279979597034114,0.021741880880120155,-0.0530394810720008,-0.027978408159036162,0.1736275851726532,-0.045563229514258195,0.006324191409571633,0.022071348914128333,0.03130549101416462,0.028840790027578885,0.07031687312637983,-0.0021076383755103934,-0.016072242424758,0.01834873411283179,-0.13371611984321616,-0.03250782957457482,0.9528063023867814,-0.027362423844599974,-0.021741249023452182,0.02022935294226552,-0.10275395198729156,-0.010768987328032983,0.19199259967907617,-0.04713717721062506,-0.0069883342678241,0.021402117418890095,-0.1502791383458029,-0.007008654439519186,0.060936798159357,-0.0301487672721131,-0.005278730267534695,0.01997723025595382,-0.04641045890070161,-0.0034966845037558234,0.0783777249896008,1.4285714285714286,-0.0037042283673989125,1.5714285714285714,0.0023956199810002046,1.6785714285714286,-0.020268670996186573,1.5714285714285714,-0.02566982045202361,1.6785714285714286,-0.011184762839252672,1.7142857142857142,-0.00956444455324898,1.3571428571428572,-0.031371265301893304,1.3214285714285714,0.025537218599007455,1.6785714285714286,-0.03670425814600339,1.8928571428571428,-0.01550113018517584,1.5714285714285714,-0.010937225868090615,1.4642857142857142,-0.007157398789470109
2026-06-01,2026-06,300,299,0.013599268258212326,0.0005807199757549703,0.023105303276586574,0.08009248106867803,0.002257860210270156,0.21197818846752248,0.04600497605750565,-0.00040294763654672924,0.017631002117155632,-0.09577666230810723,-0.021311144898696878,0.12692133821547033,0.06507677716684751,0.0307890486548832,0.013855915422628932,0.03792146961338992,0.008536812859441741,0.8028717269500096,-0.05311306409686185,0.00048698466019971715,0.01728663834393469,0.022650039511569926,-0.011480529857542787,0.23981642946600915,-0.043226282084404495,-0.00849732711775918,0.020167585858390798,-0.06621676517151519,0.0013671001005448533,0.10739096583177646,-0.06254783388608663,-0.005787140418127461,0.01834631376503073,-0.04822944620693871,-0.009664748942650936,0.07629950996488333,1.4333333333333333,-0.0030026133575783635,1.5999999999999999,-0.004402947636546729,1.8,0.0262890486548832,1.7666666666666666,-0.00392968200646695,1.6333333333333333,-0.012580660451092514,1.7666666666666666,-0.010203807084794129,1.5,-0.001492139789729844,1.5333333333333332,-0.025144478232030212,1.8666666666666667,0.003870146192775075,1.9666666666666666,-0.016397196524209453,1.7333333333333334,-0.0029662332327884807,1.8,-0.014164748942650934
2026-06-02,2026-06,262,261,0.05113449649348291,0.02008906342468421,0.022373177533301522,0.04262514725218629,-0.00033820922014249355,0.3579874179111078,0.0032511412356479113,0.016877166293370487,0.0179557275413488,-0.0034039398694012965,-0.013709723648594548,0.12045565354996002,-0.04695135948705185,-0.0035266091551083116,0.015691820294353037,0.049145802805917675,0.02212387950615295,1.071673035621643,-0.03035689502396906,0.012314435662147502,0.018520818621803183,0.03766085976255664,0.009306279997058443,0.22096840722056538,0.09601859472633334,0.0436675640483216,0.020013161989483854,0.08992466493563608,-0.008537964443547225,0.09039718976530892,0.06414840283726472,-0.00030590581403538986,0.019017747438236785,0.1441635092174929,0.026518917108648427,0.07453306406163253,1.4000000000000001,0.01658906342468421,1.5,0.013127166293370487,1.7666666666666666,-0.007943275821774978,1.6666666666666667,0.008147768995480835,1.5333333333333334,0.03983423071498827,1.6,-0.00430590581403539,1.3333333333333333,-0.0036715425534758262,1.4000000000000001,-0.01720972364859455,1.9000000000000001,0.017373879506152948,1.9666666666666668,0.004389613330391776,1.6333333333333333,-0.01262129777688056,1.5333333333333334,0.022685583775315092
2026-06-03,2026-06,251,250,0.0029944981976854487,0.01039883470228919,0.024070775249097055,-0.005088218554354013,-0.020863607389805618,0.25114009380340574,0.056779358755454375,0.016965202141272433,0.022542116057227345,0.1078983115158414,0.02053067479233845,0.13108146466314793,-0.03233896879810017,-0.009797567794812348,0.012110774158579527,0.12560115559760202,0.025655958126270768,1.0911990904808044,-0.009360663282870739,-0.0031431250763583624,0.02138096585333118,-0.08455169797002467,-0.018905742306047305,0.18252164572477342,0.08735578626888213,0.0038565147571051773,0.022758433528520524,0.05625498007968127,0.004696300704218812,0.10294853515923022,0.02392563081009296,-0.00224874722370973,0.022216784816779127,0.00751128818061089,0.0025282614733224624,0.091109424456954,1.2307692307692308,0.007321911625366113,1.5,0.013215202141272434,1.9230769230769231,-0.014605260102504656,1.7307692307692308,-0.00747004815328144,1.5,0.00010651475710517742,1.7307692307692308,-0.006575670300632807,1.3846153846153846,-0.024325145851344078,1.3846153846153846,0.01706913633079999,1.6923076923076923,0.02142518889550154,1.8461538461538463,-0.02352112692143192,1.4615384615384617,0.001042454550372658,1.5,-0.0012217385266775375
2026-06-04,2026-06,254,253,-0.05820473905537441,0.0030628908709156716,0.02034104093968468,-0.0675503041775672,-0.014089397155891767,0.2972534494102001,-0.0003753018433728102,-0.007844552338358592,0.015943484175385495,-0.07181666230340134,-0.014507958619498091,0.10747574597597122,0.14350898309400315,0.03308410756738978,0.013481685325014666,0.04982493484524642,0.025038196051169838,1.0360887598991395,-0.06572361517231012,-0.016177761039961578,0.017613216642022134,-0.04930587466383024,-0.01865815546126707,0.16577120795845984,0.03614284903529119,-0.00636072306394087,0.01879218970916708,0.1467686511285601,0.007822226284514684,0.08513350740075111,-0.11010404099394575,-0.0024626715063503987,0.01675032661363038,0.08338328204208141,-0.022905416029374764,0.0745634789019823,1.2,6.289087091567152e-05,1.52,-0.011644552338358592,1.8800000000000001,0.028384107567389783,1.48,-0.019877761039961576,1.56,-0.01026072306394087,1.48,-0.006162671506350399,1.28,-0.017289397155891766,1.2,-0.017507958619498092,1.8,0.020538196051169837,1.76,-0.02305815546126707,1.28,0.0046222262845146845,1.24,-0.026005416029374763
2026-06-05,2026-06,250,247,-0.151679738875822,-0.014515504673948038,0.018896571961982897,-0.03744712715403446,-0.0063549191151914194,0.30627317070961,0.028441415062641,-0.007996046027595571,0.017623115879518744,0.01808707339317429,0.011494513930070869,0.10833196334540844,-0.1281999144794772,-0.007179724853588001,0.014625907643043766,0.01985263270178898,0.005233833082866179,1.1922242152690887,-0.12810946634848147,-2.430094791041129e-05,0.016304244732076208,-0.022065377046032737,0.01118658318709732,0.19254234492778777,-0.031850621609945756,-0.001286069614428717,0.016678275341585662,-0.129429654874478,-0.016327423984608284,0.08595306620001793,0.02571573945183123,0.0135572098600443,0.01707254508484471,-0.10488091009456152,0.0032408278407274164,0.08307256765663623,1.36,-0.01791550467394804,1.36,-0.011396046027595572,1.84,-0.011779724853588,1.6400000000000001,-0.004124300947910412,1.68,-0.005486069614428717,1.6400000000000001,0.0094572098600443,1.28,-0.00955491911519142,1.2,0.00849451393007087,1.92,0.00043383308286617985,1.8800000000000001,0.00648658318709732,1.28,-0.019527423984608286,1.28,4.0827840727416295e-05
2026-06-08,2026-06,284,282,-0.06349265389622466,-0.024952058198373837,0.020787217017018314,-0.08452171088648312,-0.006708464310410139,0.2027296010138733,-0.07413527098989697,0.0023952877421023555,0.019077065181712385,-0.006355709110530769,0.018962718542263727,0.09562703055728759,0.059256633994530836,0.013849155688003531,0.016559304948916345,0.050418536972294314,0.009326547384130423,0.8384206358875548,-0.1030665571059234,-0.022404520963735415,0.017520373865413785,0.013583678002551294,0.01123840792480076,0.17267464041443809,0.014197141188211658,-0.0001621612736161628,0.015387943448133802,0.009430883235062224,0.01045258777022873,0.09716116370899336,-0.0610953801664366,-0.01477639410269782,0.017492296346611355,-0.017911972485835603,0.015460342453532791,0.08669748782579388,1.5714285714285714,-0.028880629626945264,1.5714285714285714,-0.0015332836864690733,1.8928571428571428,0.009117012830860674,1.7857142857142856,-0.026868806678021127,1.857142857142857,-0.004805018416473305,1.8928571428571428,-0.01950853695984068,1.3571428571428572,-0.010101321453267283,1.5357142857142856,0.015123432827978013,1.8928571428571428,0.004594404526987566,1.8928571428571428,0.0065062650676579025,1.4642857142857142,0.006791873484514445,1.25,0.01233534245353279
2026-06-09,2026-06,273,272,-0.19551144433068005,-0.02716099903795538,0.01845001710120249,-0.034233906926049475,-0.002055370408782578,0.20367085464574675,-0.16000358593746314,-0.020187198659035933,0.016830336351638196,-0.18209130929182454,-0.008320482053624982,0.09428143549572539,-0.01766598805384255,0.0007983547483975482,0.016828569917764182,-0.011088497729357952,-0.011793208922587218,0.9542605236724571,-0.10650538584106124,-0.03436635120416834,0.01654287355631574,-0.18199399355474924,-0.0056368369318531425,0.17685922131770188,-0.08172222929154074,-0.01659800896727092,0.01781509784872698,-0.20620084080796833,-0.003990607192760853,0.08901896962413082,-0.056172412816895424,-0.014014937330388883,0.0178166358777007,-0.2350422763153549,-0.024893523658697694,0.08450503785301137,1.357142857142857,-0.030553856180812522,1.4285714285714284,-0.023758627230464506,1.7142857142857142,-0.003487359537316737,1.6428571428571428,-0.038473494061311196,1.6785714285714284,-0.02079443753869949,1.607142857142857,-0.018032794473246024,1.25,-0.005180370408782578,1.4642857142857142,-0.011981196339339268,1.7857142857142856,-0.016257494636872934,1.8214285714285714,-0.01019040836042457,1.3214285714285714,-0.007294178621332281,1.0714285714285714,-0.027572095087269124
2026-06-10,2026-06,288,286,-0.019265743149128562,-0.012115320890618508,0.01645539094642362,0.03296742353275563,0.0026778991556124735,0.18202783719732843,0.025362300184351223,0.009826783900523085,0.01521179478382888,-0.15512613018455193,-0.01624065143653471,0.09697094990004754,-0.006403082344930573,0.011453157135511562,0.012114302058180796,-0.04582128694661988,0.015363430126567563,0.8211674494989987,-0.043544735312573114,0.003281734010610427,0.014380182367394849,-0.130118993631043,-0.006457683330211871,0.18375206777247888,-0.014572509455855021,-0.018489761301694177,0.014638771753980408,-0.2373457571949225,-0.03247744746109138,0.09979102452253473,0.058980270961719025,-0.011248118925642763,0.01610238392340093,-0.21926506497246587,-0.02848073907331919,0.08401820076436832,1.482758620689655,-0.015822217442342645,1.7586206896551724,0.005430232176385154,1.8275862068965516,0.006884191618270183,1.6896551724137931,-0.0009424039204240552,1.793103448275862,-0.022972519922383833,1.7586206896551724,-0.015644670649780694,1.2413793103448276,-0.00042554912024959533,1.5517241379310345,-0.020119961781362296,1.7241379310344827,0.011053085298981356,1.9310344827586206,-0.011285269537108424,1.6206896551724137,-0.036529171599022414,1.3103448275862069,-0.03175660114228471
2026-06-11,2026-06,315,312,0.19911471085568222,0.030996412134884615,0.017782443869242923,0.051420173195459266,0.010451662738842606,0.1628754149761892,0.23931829843745972,0.04228816120463016,0.016679954475263742,0.23234705742218276,0.020756375389377538,0.11234710197294911,0.10086779716495489,0.014307626131934722,0.015524465217024993,0.09626659197159285,0.015386220800832257,0.9991839701129545,0.15019432709994399,0.020778730605425774,0.01497398862702021,0.07209105940019625,-0.013241205320308093,0.1795461536535332,0.14237917523394664,0.025902979775676547,0.01531883065783269,0.20093644796697943,0.023557943880840624,0.1160156456453185,0.10075790049986182,0.023783831606537915,0.0158919903953567,0.2070929857778275,0.01037552337149825,0.10584990487944695,1.2580645161290323,0.027851250844562032,1.5161290322580645,0.038497838623984995,1.7741935483870968,0.009872142260966981,1.7741935483870968,0.01634324673445803,1.7419354838709677,0.02154814106599913,1.6774193548387097,0.019590283219441142,1.064516129032258,0.007790372416261961,1.5161290322580645,0.016966052808732375,1.6774193548387097,0.011192672413735484,1.9032258064516128,-0.017999269836437126,1.4193548387096775,0.02000955678406643,1.2903225806451613,0.007149716919885347
2026-06-12,2026-06,310,307,0.03755945229868794,0.003083397132358747,0.01853030657360854,0.12853337737393797,0.021087944451079355,0.15456277384392678,-0.07037077691050458,-0.010342082943220218,0.014652119895963833,-0.00042798605873177155,0.0020703905738170027,0.08572588566570513,0.029552081209085583,0.01428723945177379,0.015022023949836422,-0.011541093507771692,-0.01301799207041211,1.0107031724145337,-0.014550921781267906,0.007727630685788805,0.013943248440493217,0.15298678882563646,0.01130319031457052,0.17532814402253397,-0.03991750442839693,-0.00392391641667132,0.015038012737403728,0.04999702927323939,0.0007965938859332781,0.08832103326436012,-0.03507391420681253,-0.005116208604098827,0.01607108986229493,0.005674591625773018,0.002114735967089729,0.07404849245663611,1.2258064516129032,1.888100332648893e-05,1.6129032258064515,-0.014374341007736347,1.935483870967742,0.009448529774354435,1.8387096774193548,0.003130856492240418,1.8064516129032258,-0.008440045448929383,1.8064516129032258,-0.009632337636356892,1.064516129032258,0.018426654128498712,1.3870967741935483,-0.0013973513616668677,1.935483870967742,-0.017856701747831466,1.9032258064516128,0.006545125798441488,1.3870967741935483,-0.0026711480495505923,1.1935483870967742,-0.0008691350006522066
2026-06-15,2026-06,339,332,-0.05093008533293552,0.0014337331728582967,0.016379703102298387,0.05099307644510521,0.00830679472205756,0.17092247250856774,-0.11266184597239572,-0.026930984425705393,0.013266139728316709,0.10573127483307194,0.00876402183260706,0.08147190308029001,0.01662369439066552,0.0047239928908942574,0.013645215690629193,-0.013421199544625057,-0.0077891651229934945,0.7944114741050836,-0.09338167171867093,-0.011424256338715359,0.014740594637232802,-0.03676062738223657,0.011680276721883221,0.17954301393844865,-0.035273947443846654,-0.0033715049926532105,0.014757380546646132,0.04442120909206642,-0.003510374785733024,0.06861040430764356,-0.008642258045190043,-0.002852547814356083,0.013717630592082175,0.08070054741432675,-0.0005994882578257837,0.057657363852768234,1.303030303030303,-0.001823842584717461,1.6363636363636362,-0.031021893516614482,1.9090909090909092,-4.873438183301479e-05,1.6363636363636362,-0.015515165429624448,1.6666666666666667,-0.007538171659319878,1.606060606060606,-0.006867699329507598,1.1818181818181819,0.005352249267512106,1.4848484848484849,0.005051900620485847,1.7878787878787878,-0.012258862092690465,1.9393939393939394,0.006831791873398373,1.4242424242424243,-0.007070980846339085,1.1515151515151514,-0.0034782761366136624
2026-06-16,2026-06,307,301,-0.03197130530920021,0.004410561599992024,0.016105026804433126,-0.0819105932774973,-0.00812389753247271,0.16288956875602406,-0.04409297489577472,-0.006890743944460735,0.012271372608132467,0.07833018532126096,0.018389312228398076,0.0862692316994071,-0.1012394089601552,-0.03411239712673839,0.012897256011506097,0.05149234558566987,0.006464526255350693,0.845912570754687,-0.01316765057524517,-0.00743554254507592,0.012017728983308962,0.05726122845982663,0.008076705159627256,0.14635030403733254,0.03980088154015212,0.010620855581545949,0.013672142045207551,0.032621402549024195,0.011927995290775683,0.06817778516560793,-0.03451860817809904,-0.004042449944495282,0.012728957135170811,-0.004971222051132508,0.001474104461001565,0.05995962582528591,1.2424242424242424,0.0013045009939314182,1.6363636363636365,-0.010981653035369826,1.9090909090909092,-0.03888512439946566,1.7878787878787878,-0.011905239514772889,1.6666666666666667,0.006454188914879281,1.5454545454545454,-0.007906086308131645,1.0909090909090908,-0.010851170259745437,1.4545454545454546,0.014752948592034439,1.9090909090909092,0.0016917989826234206,1.8484848484848484,0.0034554930384151344,1.4242424242424243,0.008367389230169622,1.303030303030303,-0.0017834712965741927
2026-06-17,2026-06,266,261,-0.002675014863850319,0.014986281959534841,0.016584776876586035,0.06158017473193265,-0.004696481923480048,0.18832916866701382,0.11814154848643764,0.023358533411188653,0.014869798578271615,-0.008226523484883504,0.005760457297090956,0.08925712939638358,0.010654819836386756,0.012402270169216604,0.015838897396556383,0.10921564929505,0.006849893341710402,1.0857785378511136,0.015243229371315274,0.006911298399043556,0.016206998600825626,-0.09755053310613825,0.018181634982009934,0.23931938409805298,-0.002289272045919335,0.012991194861696856,0.015808687087784202,0.0443320512432236,0.009261557823319064,0.09047003778127524,0.013763367502920966,-0.02467664273005974,0.013758782973700104,0.09148002505734339,-0.0038694291995825213,0.0644449763573133,1.2,0.011986281959534842,1.7,0.019108533411188653,1.8666666666666667,0.007735603502549938,1.7666666666666666,0.002494631732376889,1.6,0.008991194861696855,1.7666666666666666,-0.029093309396726406,1.2,-0.007696481923480048,1.4333333333333333,0.0021771239637576223,1.8,0.0023498933417104026,1.9666666666666668,0.013264968315343267,1.3666666666666667,0.005844891156652397,1.3,-0.007119429199582521
2026-06-18,2026-06,262,261,0.09616567367065806,0.013120417368478639,0.017519872895023207,0.06923976545755174,0.02895529625874698,0.20894051092461896,0.05547421682815962,0.004811471201256617,0.014724419993414055,-0.04497115093177991,-0.00431741601731328,0.11267229821532965,0.1457570599834307,0.03132624737404703,0.015286188901851887,0.06795109940721512,0.021946788392562654,1.494073118154819,-0.02232929623350288,0.016623131375509873,0.014140399122326036,0.03951544174546718,0.009959953194291181,0.18711078639786977,-0.011258384528912696,0.015474641436877067,0.016306359135589393,-0.0468581130278959,-0.007483271582071705,0.08642533700913191,0.051962852602271924,0.0052451290427784625,0.01548851148420843,-0.002039760653404025,0.010594524797801977,0.07191592483566357,1.1923076923076923,0.010139648137709407,1.653846153846154,0.0006768558166412317,1.7692307692307694,0.026903170450970106,1.8076923076923077,0.012103900606279104,1.7692307692307694,0.011051564513800143,1.653846153846154,0.0011105136581630775,1.1153846153846154,0.026166834720285442,1.3076923076923077,-0.007586646786544049,1.8461538461538463,0.01733140377717804,1.9230769230769231,0.005152260886598873,1.4615384615384617,-0.01113711773591786,1.2692307692307694,0.007421447874725053
2026-06-22,2026-06,407,404,0.08433425705298264,0.013565902368801256,0.018309166385702187,0.04005551929461084,0.004422895235722935,0.1740677436813712,0.06427454782443033,0.0070580057965884905,0.015348737165049578,-0.07545156149796133,-0.012816735741271125,0.10028924918733537,0.016872440247439613,0.0011720583748604683,0.016953948671817536,0.002246080918902587,-0.010164250514017238,0.9400297475978732,-0.022875638274236332,-0.0026510369834347653,0.016962478367050587,-0.013984127020855735,-0.003164729897201352,0.19415066996589303,0.0643399627827416,0.016170835263287255,0.01679979545034887,-0.06796432397623059,-0.013522707086970287,0.09320242246612906,-0.01652727956055178,0.002757757483423165,0.016391210423679612,-0.0971194293146234,-0.01687035329079923,0.07053021970205009,1.425,0.010003402368801257,1.6,0.0030580057965884904,1.7750000000000001,-0.0032654416251395313,1.7750000000000001,-0.007088536983434765,1.7750000000000001,0.011733335263287254,1.7750000000000001,-0.0016797425165768348,1.2,0.0014228952357229346,1.375,-0.016254235741271127,1.675,-0.014351750514017238,1.925,-0.007977229897201352,1.55,-0.017397707086970287,1.5250000000000001,-0.02068285329079923
2026-06-23,2026-06,286,281,0.05003032910606723,0.0019113599634540332,0.016698250291564187,-0.019964887487352187,0.001940694255742459,0.15817646868526936,0.03683530846560371,0.011746549835956889,0.013428706953686115,-0.06959433377918615,-0.01804508761879627,0.10493277878101384,0.0016143478440916277,-0.01957475246031967,0.01585602952889936,0.027433140770998433,0.012725187400821047,1.0057213271835022,0.04700768987307837,0.009321920403924244,0.015991893144348047,-0.08468784104214143,-0.01558954203301421,0.18467844849718468,-0.009323923829700466,0.006841815914405056,0.013843617531020671,-0.041349407973284735,0.0050164921515522785,0.08929798712155648,0.043340741415195845,0.015307964448527283,0.013210520966769411,-0.028484224376393825,-0.008307977192592313,0.06759210835610117,1.4,-0.0015886400365459669,1.6,0.007746549835956889,1.8,-0.02407475246031967,1.725,0.0050094204039242436,1.7,0.002591815914405056,1.8,0.010807964448527285,1.275,-0.0012468057442575407,1.4749999999999999,-0.02173258761879627,1.75,0.008350187400821047,1.875,-0.02027704203301421,1.4,0.0015164921515522785,1.4749999999999999,-0.011995477192592313
2026-06-24,2026-06,286,282,-0.09180678115209566,0.003706083621422473,0.016062586435482445,-0.03324711232285045,0.00023050854474017564,0.16896706726402044,-0.0802671013197329,-0.0027329168936540017,0.01169129157446738,-0.19223113215411033,-0.02694284514669541,0.1034411902406386,0.0391068746080397,0.0027309085961968634,0.01827494508902583,-0.09759354348140546,-0.05131869788175773,0.9907906140599931,-0.04232353555604066,-0.015085439407823352,0.012734280251987246,0.034092993014687496,-0.001938053661383039,0.17782935766237123,-0.048515027975875216,0.009776684570815583,0.011553395589529846,-0.1365774148829348,-0.014298760788881535,0.10092159613434758,-0.06325356286845375,-0.009523676154320669,0.013262978566791558,-0.18760777091970932,-0.011424736582304211,0.08189069892146758,1.2142857142857142,0.0006703693357081879,1.607142857142857,-0.006750774036511144,1.8214285714285714,-0.0018226628323745652,1.6785714285714284,-0.019281867979251924,1.607142857142857,0.005758827427958441,1.6428571428571428,-0.013630819011463527,1.107142857142857,-0.0025373485981169666,1.5357142857142856,-0.030782130860981124,1.8214285714285714,-0.05587226931032916,2.0,-0.006938053661383039,1.357142857142857,-0.01769161793173868,1.2857142857142856,-0.014639022296589924
2026-06-25,2026-06,271,264,-0.13756361093022695,-0.01621712481346576,0.018352568289906574,0.005796734437932614,0.005287791420907048,0.15528710730946982,-0.021075416636519306,0.006068209662486421,0.014343871105922883,-0.2687619082073174,-0.04496678162985605,0.10619376069651201,0.11325128609015511,-0.003613532329165947,0.01867917410811524,0.10186436646272222,0.030729975788091186,1.1150176421954083,0.0360336378267432,0.009095159134739503,0.014793406032461702,-0.03418710657694812,0.010301000836953081,0.1623578418332797,0.007785857270337409,0.0002475800718117205,0.014479297764439925,-0.25115705568820396,-0.04790330220892214,0.107472828302819,0.012904276101584546,-0.001885472867181815,0.01480854709127703,-0.32722427224272244,-0.05523438335750802,0.09533503981163868,1.5357142857142858,-0.020056410527751475,1.7142857142857144,0.0017824953767721355,1.8928571428571428,-0.008345675186308804,1.9642857142857142,0.004184444849025217,1.75,-0.00412741992818828,1.8214285714285714,-0.006439044295753244,1.1071428571428572,0.002519934278049905,1.3928571428571428,-0.048448924486998904,1.6785714285714286,0.026533547216662616,1.9285714285714286,0.00547957226552451,1.3214285714285714,-0.051206873637493565,1.3928571428571428,-0.05871652621465088
2026-06-26,2026-06,262,259,-0.020935734205285828,0.015636446799078933,0.01936772947980994,0.08427906616743583,0.010644104641996395,0.15083917072759226,0.018243410730126766,-0.0072221155899500795,0.01776049771662363,0.17505940960382144,0.020684579966827946,0.12888658190002808,-0.0596451718987505,-0.010431338550652942,0.015287099657070737,-0.1656078542504413,-0.04452467410868961,1.3479558126284525,0.029009387774581098,-0.005488091088496322,0.016486904297971516,0.014023769179468548,0.004238311009909113,0.17265582041671643,0.059946734031469155,0.01850256350938716,0.016891842721678825,0.11467262914561933,0.01693882096303517,0.14451496346065631,0.027530096394871893,-0.006304854543880606,0.01577318632973217,0.143980588581279,0.03434500272225288,0.13018485201665989,1.5384615384615385,0.011790292952925087,1.6923076923076925,-0.011452884820719312,1.8461538461538463,-0.015046723166037557,1.8076923076923077,-0.01000732185772709,1.7307692307692308,0.014175640432464083,1.576923076923077,-0.010247162236188299,1.0,0.008144104641996395,1.3461538461538463,0.017319195351443332,1.7307692307692308,-0.04885159718561269,1.9230769230769231,-0.0005693812977831947,1.4230769230769231,0.01338112865534286,1.3461538461538463,0.030979618106868268
2026-06-29,2026-06,282,280,0.010152826160243086,-0.005132730564423423,0.017238160256656396,0.009430968701673613,-0.02209976242745535,0.18973745512110846,-0.10629284189235126,-0.03517395270169786,0.01618232735945831,0.03234900657644902,-0.021848586626652435,0.135815699385213,0.06367164913084128,0.006665452772162777,0.014315173531305986,0.04234802310382028,-0.02289342434636875,1.2003394748483385,0.007393823648944945,-0.022621650449092326,0.015174759094122367,0.14085236971516832,-0.007805222426760582,0.23778757000608103,0.037398263047213706,-0.003968184892963864,0.015886974966859858,0.04649211521894012,-0.01603707745558314,0.15344021136739422,-0.07132529604717747,-0.02755736184345353,0.015081898347501631,0.04429844979906943,-0.0069731759191507085,0.13876058533787727,1.4285714285714286,-0.008704159135851994,1.7857142857142858,-0.03963823841598357,1.7857142857142858,0.002201167057877062,1.75,-0.026996650449092326,1.8571428571428572,-0.008611042035821007,1.6785714285714286,-0.031753790414882105,0.8571428571428572,-0.024242619570312495,1.4642857142857144,-0.025509300912366722,1.7857142857142858,-0.027357710060654464,1.9285714285714286,-0.012626650998189153,1.4642857142857144,-0.019697791741297425,1.4285714285714286,-0.01054460449057928
2026-06-30,2026-06,293,289,0.03820460333470638,-0.022012557876018087,0.019234284647370432,-0.001815495688645007,0.010383068334689674,0.1527324079953391,0.07087040626337714,-0.0025622842232514045,0.017419724719513408,0.05729318919571387,-0.02315257055537038,0.11143184080719948,-0.043495343007500506,0.0090886863757244,0.016362811722293553,0.06313926298941092,-0.008497519121071733,0.9217460844023474,0.026426670979395547,-0.00792429194493015,0.016431937671264916,-0.019934433674952467,-0.011663004877977601,0.17223621545166806,0.05888374566028948,-0.02426996017855078,0.018503574120803425,0.03373873678854795,-0.017806058649594725,0.11555280151038336,0.037440096215785444,-0.0020073875079570985,0.017208581801628944,0.07185031117586613,-0.005644829680414833,0.09943721636102118,1.482758620689655,-0.025719454427742223,1.6896551724137931,-0.0067864221542858864,1.9310344827586206,0.004261100168827848,1.6896551724137931,-0.012148429875964633,1.8275862068965516,-0.028838925695792158,1.7241379310344827,-0.006317732335543305,1.0344827586206895,0.00779686143813795,1.586206896551724,-0.02711808779674969,1.8275862068965516,-0.013066484638313112,1.9310344827586206,-0.016490591084874155,1.586206896551724,-0.021771575890974035,1.4137931034482758,-0.009179312439035522
2026-07-01,2026-07,312,309,-0.06952773657621464,-0.028537834310602594,0.015743276096799663,-0.04855550436639986,-0.023321003829078205,0.33011206551905603,0.022029556074120143,-0.020060675400250548,0.015497912884273294,0.03000610845550903,-0.0054993591313219625,0.15799413861766937,-0.05463506317595385,-0.00940382689528081,0.014332537740535868,-0.000295560352008206,0.018844352754885878,1.1569733263984805,0.021186789332366045,-0.03349703083769374,0.013978429918567119,-0.012845141565234433,-0.01778272735225977,0.354638590454875,0.03507502021005817,0.003207835451138739,0.014747561283643991,0.09902691434491359,0.0010119016901663485,0.19828806841565716,-0.029292928494720098,-0.02527679502140472,0.015141672803614246,0.05979450934404038,-0.012116539680250372,0.15440601176552232,1.5806451612903225,-0.032489447213828404,1.6774193548387097,-0.02425422378734732,1.8387096774193548,-0.014000601088829197,1.7096774193548387,-0.03777122438608083,1.8064516129032258,-0.0013082935811193253,1.8064516129032258,-0.029792924053662784,1.4516129032258065,-0.02695003608714272,1.8064516129032258,-0.010015488163580027,1.935483870967742,0.014005643077466523,1.9032258064516128,-0.022540791868388803,1.7419354838709677,-0.0033429370195110705,1.6451612903225805,-0.016229442906056823
2026-07-02,2026-07,289,287,0.051276200135226505,0.006287778601012803,0.013955388576595288,-0.0630180368293362,-0.019773303592480217,0.34997500125961056,0.03126914051624707,0.009664362217373906,0.013115452338691568,-0.05306894563099073,-0.007116792678262879,0.11440760847823372,-0.007149882417164874,-0.0038796468356794116,0.0173880299122866,-0.08512593679461188,-0.04045836943184834,0.9151846560938606,0.0372618714109981,0.029671980483993592,0.0115815824607821,0.07893051744024182,0.008946939877755711,0.22630846125459106,0.0784442986119397,0.005621346544847215,0.012899644764324952,-0.025249572445611105,0.011178538860046747,0.14258888132613282,-0.000856600353055573,0.005648703391547714,0.011732724735357337,-0.029394861392832997,-0.0068991464692359505,0.11529142444889094,1.3225806451612903,0.002981326988109577,1.6774193548387097,0.005470813830277132,1.8064516129032258,-0.008395775867937477,1.7419354838709677,0.025317141774316175,1.7419354838709677,0.0012665078351697962,1.7419354838709677,0.001293864681870295,0.967741935483871,-0.022192658431189893,1.2580645161290323,-0.010261953968585459,1.8387096774193548,-0.045055143625396726,1.9032258064516128,0.004188875361626679,1.2580645161290323,0.008033377569724167,1.0,-0.009399146469235951
2026-07-06,2026-07,352,349,0.03590959964027952,0.003729095766030536,0.017703149533199604,-0.04811186940993278,0.007379688712075327,0.21831148671252387,0.07392940036735593,0.012590696118809417,0.015682662852949412,-0.1302497167585724,-0.01677423892828536,0.1748142374413354,-0.024842685084244632,-0.00373911230513471,0.014554456689660995,-0.02994395415058673,0.0051783891857750865,0.8369000511510032,0.10110797655487921,0.005000075145253491,0.015589184031587804,-0.08622054098270127,0.012697642497154748,0.269904311639922,0.06223339176201668,0.008765269108441399,0.017644843676948355,-0.08697539288720968,-0.011991460944271837,0.2000925761248384,0.058017116717479784,0.001100166469849051,0.015984860329416206,-0.08189530973106202,-0.0069806251918789995,0.14753437638282776,1.5714285714285714,-0.00019947566254089298,1.657142857142857,0.008447838975952275,1.8857142857142857,-0.008453398019420424,1.7714285714285714,0.0005715037166820628,1.7714285714285714,0.004336697679869971,1.6285714285714286,-0.0029712621015795205,1.1142857142857143,0.004593974426361041,1.2857142857142856,-0.019988524642571073,1.9142857142857141,0.00039267490006080104,1.8857142857142857,0.007983356782869034,1.3428571428571427,-0.015348603801414694,1.1428571428571428,-0.009837768049021856
2026-07-07,2026-07,287,287,0.09784855615022203,0.005460861114203203,0.015902206222021483,0.10165090266071697,0.01488607719152518,0.2877461698933922,-0.01250020463532979,0.002303181297217627,0.012147840964944975,-0.14675874770031253,-0.001982753477251825,0.13284597494478884,-0.09107745507458014,-0.003270645765465277,0.014265170468185932,-0.04958710938048623,0.0017593729401840646,1.1770250578892643,-0.04684240309071166,-0.016953627721769518,0.011300633582545256,-0.09617035608831745,0.00921896075368574,0.23626239495030765,0.008106985507757743,-0.005857568591894076,0.013135414894184997,-0.1652884926669498,-0.0005223776614610813,0.1618309843129125,0.02887712248081242,0.01054244525990836,0.012891612186150304,-0.2522386470539957,-0.00821690291802448,0.11495773160252078,1.3714285714285714,0.002032289685631775,1.8285714285714285,-0.002268247274210945,1.9428571428571428,-0.008127788622608134,1.8,-0.02145362772176952,1.7714285714285714,-0.010286140020465503,1.6285714285714286,0.006471016688479788,1.0285714285714285,0.012314648620096609,1.3142857142857143,-0.005268467762966111,1.8857142857142857,-0.0029549127741016496,1.8285714285714285,0.004647532182257169,1.2857142857142856,-0.003736663375746795,1.2,-0.01121690291802448
2026-07-08,2026-07,270,270,0.2271609010275889,0.025639496247605476,0.015362514011425622,0.03438455945897749,0.014974762840836401,0.18113812259225934,0.16875921175568634,0.01809054614988168,0.014888882879825744,0.25171355802777357,0.026036432946980388,0.14769289504598687,-0.055785462247073155,-0.00727158292740673,0.014506538409165496,0.10480877314730118,0.001732223767501373,1.2440112553260945,0.10182468757358427,0.002067171805377674,0.014590108439235094,-0.038616899180144215,-0.009372282486134757,0.2588870373589021,0.09816046859353351,0.009789587675480702,0.01459307069866788,0.24211671856495517,0.0263854830743222,0.156275096176951,0.006595731384823142,-0.0022804859737555784,0.014265716303990997,0.27388060497705347,0.03010284669765129,0.13812399714219348,1.482758620689655,0.02193259969588134,1.793103448275862,0.013607787529192023,1.9310344827586206,-0.012099169134303282,1.8620689655172413,-0.002588000608415429,1.8620689655172413,0.0051344152616875985,1.8275862068965516,-0.006849451490996958,1.0,0.0124747628408364,1.3103448275862069,0.02276057087801487,1.8620689655172413,-0.00292294864629173,1.793103448275862,-0.013855041106824412,1.3448275862068966,0.023023414108804957,1.1724137931034482,0.02717181221489267
2026-07-09,2026-07,285,285,-0.10371526175825657,0.014818632270112398,0.01687755300467015,-0.15104324881937928,0.0026305491951539106,0.24277148661868914,-0.10430155463513506,0.009092992989222386,0.015310430429472615,-0.26022902227498224,-0.025105146619963915,0.13062457354473217,0.08592087556584911,0.018000404132063937,0.015479944042467813,-0.049819257141064034,-0.0018840944083618368,1.145812343273844,0.005357772788038676,0.015064927778150917,0.014357189102057466,-0.10312067472927369,-0.003905579176954943,0.28557932548158405,-0.005204062060993121,0.003271878064084504,0.014591882334906624,-0.26620755078872205,-0.03161824137918052,0.12384141968297106,-0.08140036390592358,-0.00559438393962162,0.014350095530072052,-0.2932304167293048,-0.021934322782374248,0.10653086871440921,1.5357142857142856,0.010979346555826684,1.607142857142857,0.005075135846365243,1.8928571428571428,0.01326826127492108,1.7142857142857142,0.010779213492436632,1.607142857142857,-0.0007459790787726385,1.5357142857142856,-0.009433669653907333,1.0357142857142856,4.1263480868196974e-05,1.1785714285714286,-0.028051575191392487,1.8214285714285714,-0.006437665836933265,1.857142857142857,-0.008548436319812086,1.107142857142857,-0.03438609852203766,1.0357142857142856,-0.024523608496659962
2026-07-10,2026-07,252,251,-0.034757263061437664,0.008964586628322177,0.011752270453992384,-0.04844165592476696,-0.008185944813054045,0.24030681520700456,-0.11330173377635702,0.003109596548414733,0.009272209811199333,-0.01727702403261038,0.0017309219253087756,0.09811171412467957,-0.13231818865060296,-0.001568645326053733,0.017039987645598907,-0.0500099365531513,-0.0002150969644880759,1.0587008464336396,-0.15199477939633643,0.004483350528582076,0.010451096645907071,-0.033446488842296916,0.009487327076082996,0.2349798024445772,-0.09500713502099263,-0.008574146288031024,0.010000425115114647,-0.07297817950857964,-0.0009027807635553723,0.10277325049042701,-0.001239536489839625,0.010724008481231152,0.008296001136013366,-0.12696887961048708,-0.0015981873433077876,0.08395198695361614,1.4642857142857142,0.005303872342607892,1.8214285714285714,-0.0014439748801566956,1.8571428571428572,-0.006211502468910876,1.9285714285714286,-0.0003380780428464949,1.7857142857142856,-0.013038432002316738,1.8571428571428572,0.006081151338374009,1.1428571428571428,-0.011043087670196901,1.3928571428571428,-0.0017512209318340812,1.9642857142857142,-0.0051258112502023615,1.9285714285714286,0.004665898504654425,1.3928571428571428,-0.0043849236206982296,1.2142857142857142,-0.004633901629022073
2026-07-13,2026-07,264,262,-0.09936280807935877,-0.0004822725636322474,0.011775219573847234,0.032191561935446,0.0038313699484809217,0.21155053491775808,-0.10675214734329448,-0.010801794237020918,0.011313201747229657,-0.056134195096817954,-0.0029939822986881064,0.12293069035961077,0.047002241559992754,0.00260000898243299,0.014306772876945591,-0.007876209936563832,0.005632493185530351,1.120775577540581,-0.0062910504329180906,-0.004426763052415622,0.010960360976531403,0.035447306119520766,-0.0016875339642982382,0.27962410074766153,-0.14233250070110676,0.0038351287127188147,0.010655587003264046,-0.02221628002530506,0.0003802943525332281,0.12188310448366863,-0.11925597897331881,-0.00849936535461545,0.011648615849353703,-0.03581383821716701,0.0008426047219125404,0.0934093717055825,1.3846153846153846,-0.003943811025170709,1.6153846153846154,-0.014840255775482456,1.8846153846153846,-0.0021115294791054715,1.7692307692307694,-0.008849839975492546,1.653846153846154,-0.00029948667189657035,1.6923076923076923,-0.01273013458538468,1.153846153846154,0.0009467545638655365,1.153846153846154,-0.005878597683303491,1.8461538461538463,0.0010171085701457363,1.8846153846153846,-0.0063990724258367,1.2307692307692308,-0.002696628724389849,1.1923076923076923,-0.0021381645088566904
2026-07-14,2026-07,252,249,-0.2472219160249647,-0.028877770225301212,0.014397880401439914,-0.04749531893131408,-0.004937451443576157,0.19622399866580964,-0.11177574662764339,-0.028402942996268866,0.010933165251386478,-0.07114999441346229,0.001061554742900146,0.10601885020732879,0.09955224841835167,0.006908901306950459,0.01289897650558616,-0.005822647175601949,0.0025928253690353166,1.1951292777061462,-0.12363092229686085,-0.0024805789934482236,0.011626866445233128,0.04886083372139149,0.007109605945363988,0.2413175803422928,-0.08376432159560515,-0.013371904577542075,0.012062475507860528,-0.07153242853918412,-0.0012875907233918225,0.11868057206273078,-0.09431800372385857,-0.017555130950058482,0.010643346833695309,-0.04525020565207643,-0.002979983613544928,0.09611531838774681,1.3461538461538463,-0.03224315484068583,1.8461538461538463,-0.03301832761165348,1.8846153846153846,0.002197362845411998,1.9615384615384617,-0.007384425147294377,1.8846153846153848,-0.01808344303908054,1.8461538461538463,-0.022170515565443097,0.9615384615384616,-0.007341297597422311,1.2307692307692308,-0.002015368334022931,1.7307692307692308,-0.0017340977078877605,1.9230769230769231,0.0023019136376716803,1.2307692307692308,-0.0043645138003149,1.1923076923076923,-0.005960752844314158
2026-07-15,2026-07,268,265,-0.1675602920488901,-0.029670952674322782,0.013387442002110643,0.00533556768217641,-0.00228810633814926,0.19652947052740136,-0.2055301692422643,-0.036369873483238196,0.010997707773316923,0.16331007808843676,0.035701803409032194,0.11328916796124898,-0.18990444947847354,-0.0204837148020164,0.01621081240175771,0.03306479061088315,0.005101542303535093,1.2007829397916794,-0.27785687467366355,-0.03943949633340271,0.011904367000156933,0.11549226978577916,0.020334287227668904,0.20342137564260226,-0.2065874950340469,-0.02264295834025509,0.011527296603361756,0.11062271096525221,0.012246324512412973,0.12470386865047309,-0.24998998626130942,-0.012478597982847024,0.012309023634374722,0.060492314204683366,0.0026984538196193793,0.11242953863424751,1.3461538461538463,-0.033036337289707396,1.8461538461538463,-0.040985258098622815,1.8461538461538463,-0.025099099417401016,1.8461538461538463,-0.04405488094878733,1.8076923076923077,-0.027162189109485858,1.7692307692307694,-0.016901674905923945,0.8076923076923077,-0.00430733710738003,1.2692307692307692,0.03252872648595527,1.8846153846153846,0.00039000384199663115,1.8846153846153846,0.015622748766130443,1.4230769230769231,0.008688632204720664,1.1923076923076923,-0.0002823154111498516
2026-07-16,2026-07,289,288,-0.05950761643399753,-0.0015816597147812403,0.013437978234346408,-0.02725062641689536,-0.0072441564422520525,0.20329709826358433,-0.08677912341407151,-0.0006314365359674154,0.010394831626781328,-0.06933192140953745,-0.00788351375999765,0.12528488348270284,-0.0489680269199893,-0.004806937826123528,0.016329733030971183,0.07087880904462845,-0.00754446234780831,0.8125028620506155,-0.036006564952581324,0.0008408413149925444,0.012044590288558529,0.0360468122340214,0.002779908020070408,0.2886356928482138,-0.021338697982216877,-0.010764027148806036,0.0123729724736246,-0.09044167362685439,-0.004907099244518102,0.1345499581817923,-0.15697460525792467,-0.017844889720325278,0.012162605368548624,-0.1156126953824126,-0.016809937542751507,0.11738865209165318,1.3793103448275863,-0.005029935576850206,1.7586206896551724,-0.005027988260105347,1.793103448275862,-0.009289696446813184,1.793103448275862,-0.0036419173056971114,1.7241379310344829,-0.015074371976392243,1.7241379310344829,-0.022155234547911483,1.0344827586206897,-0.009830363338803777,1.206896551724138,-0.010900755139307994,1.8620689655172413,-0.012199634761601413,1.7586206896551724,-0.001616643704067523,1.1379310344827587,-0.0077519268307249985,1.0,-0.019309937542751506
2026-07-17,2026-07,304,303,0.1520519567055929,0.03235043796300302,0.01815375511067239,0.0619388513484653,0.011090503743277953,0.1697255540949603,0.045265208142902295,0.015223651428216124,0.016424199872447486,0.3773592803628939,0.041861711653122885,0.14635728895664216,-0.10391287626617725,-0.0012548119645093576,0.01447653270853506,-0.13036079382665614,-0.0012000311082452642,1.0174461132536332,-0.009347428085105898,-0.0038634025398631144,0.014599148307483389,-0.16035759745085812,-0.030083105524170612,0.20970206906398137,0.12708164259048857,0.008204558421709234,0.01494799976293524,0.3460430210406718,0.03620696645658021,0.14963386530677478,0.09287666903014719,0.006733032711001473,0.017103933545804376,0.3568952408614459,0.04209709016311477,0.14674395288651187,1.5,0.02860043796300302,1.7666666666666666,0.010806984761549458,1.8666666666666667,-0.005921478631176024,1.9,-0.008613402539863115,1.7666666666666666,0.0037878917550425674,1.8,0.0022330327110014732,1.0666666666666667,0.008423837076611287,1.3,0.03861171165312288,1.8666666666666667,-0.00586669777491193,1.8666666666666667,-0.034749772190837275,1.3,0.03295696645658021,1.3,0.038847090163114766
2026-07-20,2026-07,331,331,-0.02633395650721184,-0.007745081384599698,0.015845086839815888,-0.05425028871321595,0.007319813194978969,0.18044114928466803,0.005604841778539591,-0.005352930421481092,0.015141593809932253,-0.1298934821957426,-0.006330793190837439,0.12827444008805533,-0.03327286844758092,-0.00832277689287735,0.013448745003057712,-0.12152178402977304,0.0035388087512121997,0.8576460002046642,0.000586195662946335,-0.013983754409795754,0.012988392498034497,-0.053109995598984786,-0.0040100967820362555,0.2964109502394091,0.08003626701257102,0.009710892753869537,0.013520196476528006,-0.10029682034923544,-0.002662805228744315,0.1298017929675001,0.06850759257849856,0.003746111187763598,0.013965773534707024,-0.09079195110571371,0.0027557956481648435,0.12074582738745393,1.2727272727272727,-0.010926899566417878,1.606060606060606,-0.009368081936632607,1.878787878787879,-0.013019746589847048,1.7878787878787878,-0.018453451379492725,1.6363636363636365,0.0056199836629604455,1.5454545454545454,-0.0001175251758727654,0.9696969696969697,0.004895570770736545,1.1818181818181819,-0.009285338645382894,1.878787878787879,-0.0011581609457574971,1.9393939393939394,-0.008858581630521105,1.0909090909090908,-0.005390077956017042,0.9393939393939393,0.0004073107996799951
2026-07-21,2026-07,337,336,0.1091554901437757,0.0062652227828646455,0.014191075169404519,0.1398344546501423,0.01911021375530492,0.21966596925631166,0.06880658400085743,0.009430865127615538,0.011763138998765252,0.13754810808505896,0.019752855720803757,0.10258604914826505,0.1408863739669607,0.02652258176581564,0.01322219144691951,0.0779200820876667,0.0027540370991800452,1.1592782385209026,0.13339424409026926,0.011229084250025069,0.012387660159804179,0.019430496843771055,0.002270389344816398,0.2310751852415064,0.0953900659464563,0.014944589965637165,0.012385666247633303,0.22843696842422836,0.02271827670879105,0.10737031128476647,0.09071986132674756,-0.002483862488994574,0.01099816951472267,0.24948032411753157,0.03269128304972885,0.09879149696515764,1.1764705882352942,0.00332404631227641,1.7647058823529411,0.005019100421733185,1.7647058823529411,0.022110817059933285,1.8823529411764706,0.006523201897083893,1.7941176470588236,0.010459295847990106,1.6176470588235294,-0.006527980136053398,1.1470588235294117,0.01624256669648139,1.2352941176470589,0.016664620426686108,1.7647058823529411,-0.0016577276067023076,1.911764705882353,-0.002509022419889485,1.3823529411764706,0.019262394355849873,1.0882352941176472,0.02997069481443473
2026-07-22,2026-07,399,397,0.07617620324636465,0.010935557146252666,0.015074472095617183,-0.037509925097277484,-0.0021278122557762263,0.19704793642740698,0.014293274240864767,-0.00019060657914930172,0.013293607449208133,-0.10341087078453934,-0.012011933182625967,0.10509633356705309,0.05621167439336891,-0.00038346691595632365,0.016540547238421847,0.07359555912169383,0.0032338421660812636,1.2281664825975893,0.023414083805666452,0.0007146568457901733,0.012675380399222353,-0.1352212444215924,-0.004701577163731808,0.26846731752157216,0.020743383445277215,0.005220528302363872,0.01296798779283221,-0.06888503965032798,-0.00726898966834966,0.11437153490260243,-0.0026710625819063045,-0.0035994654922571726,0.012041660768657265,-0.06313429235166401,-0.008825176298768106,0.09922374836169183,1.3,0.007685557146252667,1.7750000000000001,-0.004628106579149301,1.85,-0.005008466915956323,1.825,-0.0038478431542098264,1.725,0.0009080283023638717,1.675,-0.007786965492257172,1.175,-0.005065312255776226,1.275,-0.015199433182625966,1.8,-0.001266157833918736,1.825,-0.009264077163731808,1.3,-0.01051898966834966,1.2,-0.011825176298768107
2026-07-23,2026-07,398,396,0.03493661942408392,-0.010623677537425144,0.01244292179092362,0.06714116405020881,0.009047523965553675,0.20754246264696122,0.12546273345097106,-0.0004883455434196271,0.011026712248647685,-0.06414765442903615,-0.00977041517192611,0.08843114487826824,-0.034799164305768356,0.001924942978682462,0.016816122756102357,0.10458121743981104,0.008467980294810749,1.175975172407925,0.1285108249951675,0.0004738005057351004,0.010902921827185202,0.0027153246964353407,0.008927974015406936,0.27589600849896667,0.050437696331889555,0.0007415593285088062,0.01108426833791586,-0.07529827315018683,-0.017360206420782225,0.10749717997387052,0.06123694360516813,-0.004775527252777442,0.011696658179476363,-0.02689009906257486,-0.006020444407090378,0.08114652999211103,1.2000000000000002,-0.013623677537425145,1.625,-0.004550845543419627,1.8250000000000002,-0.0026375570213175385,1.8,-0.004026199494264899,1.625,-0.003320940671491194,1.6,-0.008775527252777443,0.925,0.006735023965553675,1.3250000000000002,-0.013082915171926111,1.7750000000000001,0.004030480294810749,1.925,0.004115474015406936,1.5250000000000001,-0.021172706420782225,1.125,-0.008832944407090378
2026-07-24,2026-07,310,308,-0.12306965699686714,-0.023148202344865584,0.01433737683180776,-0.052750238413410366,0.029810093678659104,0.2870173319693535,-0.09517181374449535,-0.028286687947417354,0.013207814129374487,0.12395382584290596,0.002387408005178171,0.12997160791870085,-0.21087952554099093,-0.03123575598062036,0.017754924279331983,-0.15166579559013302,-0.026552913055977,0.993210687031669,-0.15382266689372454,-0.022380241725773145,0.01296911250635356,0.08468907568102652,0.00964371049237532,0.2626094005761608,-0.08790591960105658,-0.02050896345305029,0.013169116498311723,0.024852395161038567,-0.009733612871792606,0.13838921715655633,-0.07794039010173984,-0.022953357353822285,0.012309367060368014,-0.03067985333673037,-0.01904975682340377,0.10817985831489486,1.55,-0.027023202344865584,1.75,-0.032661687947417355,1.85,-0.03586075598062036,1.9,-0.027130241725773146,1.8,-0.02500896345305029,1.775,-0.027390857353822285,1.225,0.026747593678659105,1.35,-0.000987591994821829,1.85,-0.031177913055977002,1.875,0.004956210492375321,1.25,-0.012858612871792605,1.125,-0.02186225682340377
2026-07-27,2026-07,312,310,-0.06391007522775016,0.0029638584626686185,0.013706451931296283,-0.029984406828294754,-0.0013832691258946171,0.21781376791336846,-0.00877962934756646,0.009283566069454423,0.012347774424165412,0.26668472337394483,0.02971692546497988,0.10752872894367864,-0.17925157456018065,-0.010701530035328992,0.011282355878806605,0.04275699278785287,-0.010441174434612628,0.9704684922772069,-0.016609014586528466,0.012434995351780847,0.010410079926318917,0.04862568505351524,-0.019265229764977507,0.20318496359452126,0.07315989739287919,0.009233915301045205,0.012687120081127259,0.27035296121120356,0.03172860328383127,0.11986353464664952,-0.05470017220057239,0.009516983106001891,0.011963877539386911,0.19501461032588438,0.02744453898199646,0.09672148399535686,1.4193548387096775,-0.0005845286341055753,1.7096774193548387,0.005009372521067326,1.9032258064516128,-0.015459594551458025,1.6774193548387095,0.008241446964684072,1.5806451612903225,0.005282302397819398,1.4838709677419355,0.005807305686647052,1.2258064516129032,-0.004447785254926876,1.096774193548387,0.02697498998110891,1.8064516129032258,-0.014957303466870693,1.8387096774193548,-0.023862003958525894,0.9354838709677419,0.029389893606411917,0.967741935483871,0.025025184143286784
2026-07-28,2026-07,251,248,-0.171637260481882,-0.011845285186700204,0.015058900784603327,0.0047277556440903055,0.005122565877460871,0.22336231142282487,-0.15916979700246633,0.00449371010404449,0.012756462249224604,-0.010667425535951432,0.0009974986417385211,0.14293411523103713,-0.10960992135401329,0.007165081557876393,0.01302754192919703,-0.09176326493411546,-0.004855712442487357,1.1322090721130371,-0.07425308290646936,0.008788964715772462,0.013504898631263102,-0.00748472775564409,0.002073670625581894,0.27489514485001565,-0.15099222158983114,-0.0022766834405125854,0.014171311292842846,-0.0871280591918042,-0.003641137185717795,0.15069641664624214,-0.16886890533105672,-0.005823186218000038,0.011534049230076608,-0.10956023524947828,-0.0007958765775806054,0.1411740627884865,1.5483870967741935,-0.01571625292863569,1.6451612903225807,0.0003808068782380379,1.8064516129032258,0.002648952525618329,1.8387096774193548,0.004192190522224075,1.7096774193548387,-0.006550876988899682,1.7096774193548387,-0.010097379766387134,1.1290322580645162,0.0022999852322995807,1.3870967741935485,-0.00247024329374535,1.7741935483870968,-0.0092911963134551,1.8709677419354838,-0.002603748729256816,1.3225806451612903,-0.006947588798621021,1.2258064516129032,-0.0038603927066128635
2026-07-29,2026-07,259,258,-0.22420207071369863,-0.04317623182944389,0.017786252646640764,-0.05390417250882367,-0.01297795866379317,0.22578121607120222,-0.23936289982801612,-0.04459830599737026,0.015231873265490579,-0.35273758297014113,-0.053443411676003194,0.14999934328863254,-0.07221731816857825,-0.017485192367275387,0.01503203503153487,-0.045174068540558714,-0.0008453458696411767,1.5179122262276135,-0.07850310365526607,-0.025235522683665797,0.01509448945206037,0.11352663678245073,0.0036953896826956677,0.23297437355638695,-0.14020209834163322,-0.027083314116304782,0.015602159000148701,-0.3730102706846893,-0.06404279291631987,0.16876118372266108,-0.14559129747537836,-0.03647296564710719,0.01606781551776918,-0.3402663332895891,-0.058338841960203065,0.16425391573172352,1.3461538461538463,-0.04654161644482851,1.8461538461538463,-0.04921369061275488,1.8461538461538463,-0.022100576982660002,1.7307692307692308,-0.029562445760588876,1.7307692307692308,-0.03141023719322786,1.7307692307692308,-0.040799888724030266,1.1923076923076923,-0.0159587278945624,1.5384615384615385,-0.05728956552215704,1.8846153846153846,-0.005556884331179638,2.0,-0.0013046103173043324,1.5384615384615385,-0.06788894676247371,1.3461538461538463,-0.06170422657558768
2026-07-30,2026-07,293,291,0.22223563323127185,0.04566493318876535,0.021009487445930432,-0.09183578055094122,0.0165006588672165,0.24037080418703885,0.15572089792483454,0.05261959220345669,0.01973641365047061,0.3129464792602721,0.06536741090311768,0.1902454305311729,-0.08250044193456788,-0.01656401022216362,0.021220642355945743,0.04029098342716873,-0.001186958214564023,1.2071058596002646,0.1809491959316341,0.035173879062642695,0.017750557023925303,-0.02796497532109295,0.006275514817911608,0.2604566234613544,0.13016751887533265,0.05340287298572429,0.018202734510473665,0.2236716183504586,0.052128433793981986,0.20764923057165638,0.14720755757537013,0.04764844897884196,0.020066508692946624,0.23452547132275697,0.05752807081978028,0.19708891261112071,1.3448275862068966,0.04230286422324811,1.6551724137931034,0.04848166116897393,1.8620689655172413,-0.021219182635956724,1.8275862068965518,0.030604913545401315,1.6896551724137931,0.04917873505468981,1.517241379310345,0.0438553455305661,1.2758620689655173,0.013311003694802708,1.3103448275862069,0.06209154883415216,1.9310344827586208,-0.006014544421460575,1.8620689655172413,0.0016203424041185046,1.3448275862068966,0.04876636482846475,1.0344827586206897,0.05494186392322856
2026-07-31,2026-07,292,291,-0.25224691562721563,-0.0462204802253257,0.01663177332548404,-0.05444170406505319,-0.024868436073789593,0.32089444609551593,-0.17910111807157836,-0.034719913866155735,0.014717290094728223,-0.22119472722514175,-0.017620617408664906,0.15163774711304698,-0.157966974111241,-0.01437120072935057,0.01417978308667111,-0.0019942853789618876,0.008313333956598098,1.2435925644019554,-0.10324438171615191,-0.03152307376055685,0.014103657789635144,-0.02008403008965491,0.0018643408826999781,0.286024904071257,-0.1742074763355092,-0.02223270921881125,0.015371800883308473,-0.2707611051638934,-0.03912420968624183,0.16747690621635009,-0.21393788983931908,-0.029638704501881333,0.01374672830900223,-0.32419207676361245,-0.049328935763145926,0.15860512958646847,1.2758620689655171,-0.04941013539773949,1.7241379310344827,-0.039030258693741944,1.7586206896551724,-0.018767752453488502,1.793103448275862,-0.03600583238124651,1.793103448275862,-0.026715467839500906,1.6896551724137931,-0.03386284243291582,1.1724137931034482,-0.027799470556548214,1.5172413793103448,-0.02141372085694077,1.8275862068965516,0.003744368439356719,1.8275862068965516,-0.0027046246345414013,1.4482758620689655,-0.04274489934141424,1.206896551724138,-0.05234617714245627
2026-08-03,2026-08,302,300,0.08054218328039488,0.026989628009498227,0.014960431145892973,0.021222942518229294,0.003158559172841198,0.21233388998856145,0.16004943197989094,0.02457281076016715,0.0111862994385954,0.20339497371884116,0.0034189917448685554,0.13463726633538803,-0.052063011439117256,0.01168570731108666,0.014172448170361653,0.11343014694332747,0.02235065428502695,0.8886992673079173,0.11714124917903898,0.01574281521994082,0.013952634830461033,-0.026406633974875783,0.007597612982982678,0.21310339234769343,0.22857539323710813,0.01632317940681282,0.012052039756059459,0.15973006290530264,0.0008889550640002741,0.14240366769954563,0.2176072109862193,0.027274383124375027,0.011972571430742334,0.21742161235110993,0.005635591156624065,0.17375259473919868,1.4333333333333333,0.023406294676164893,1.7,0.020322810760167148,1.8,0.00718570731108666,1.8333333333333333,0.011159481886607488,1.7666666666666666,0.011906512740146154,1.7333333333333334,0.022941049791041692,1.4333333333333333,-0.0004247741604921358,1.5666666666666667,-0.000497674921798111,1.9,0.01760065428502695,1.9,0.002847612982982678,1.3666666666666667,-0.0025277116026663922,1.2666666666666666,0.0024689244899573984
2026-08-04,2026-08,326,325,-0.06832875714516196,0.02224417177171031,0.016697427782766425,-0.031922449138636455,0.012697620247241456,0.2999614542350173,0.0327067928620298,0.009560940056789886,0.012414530103309201,-0.07920041910023336,0.00011967209608964788,0.10220462665893137,0.04336838389701913,0.018877778720447304,0.022600195138426656,0.09305798628626624,-0.002174876826812725,1.2631411887705326,0.00863970459303986,0.014193547592973865,0.011508839103018809,-0.11502552268466604,-0.005658655141462316,0.21760018321219832,0.07514623047915106,0.01835078223936942,0.011955620955571173,-0.07167116218053349,0.007399645762303921,0.11881332396296784,0.045483982446626145,0.007495675044190259,0.012415428953186987,-0.07107576275809517,-0.008894032532682103,0.10429096448933706,1.3125,0.01896292177171031,1.8125,0.005029690056789886,1.84375,0.014268403720447305,1.9375,0.009349797592973864,1.90625,0.01358515723936942,1.8125,0.0029644250441902597,1.4375,0.009103870247241456,1.5625,-0.003786577903910352,1.84375,-0.006784251826812725,1.875,-0.010346155141462317,1.5,0.0036496457623039213,1.3125,-0.012175282532682102
2026-08-05,2026-08,338,338,-0.01933623879840042,0.001262446565456798,0.01743353608119181,-0.11443965940862462,-0.014677000979863708,0.2185027610291453,-0.05939830680120723,-0.01858823470313582,0.01499458445565854,0.0026220970763268067,-0.006552230292584763,0.12313864960828248,-0.0751743625578657,-0.00285170637986401,0.02311171213102319,0.0005037615073711594,-0.005113168810975285,1.3568956974674675,0.03408727788205569,0.019392790979706184,0.01354019830225386,-0.052352906763588856,-0.006833603876133628,0.2992570302175248,-0.03678285547847767,-0.001027136332317772,0.015505544076399924,-0.024411995701780854,-0.00735954971151699,0.14953265021390774,-0.11696215564193362,-0.014443743896788883,0.015157075978874826,-0.06039229524548946,0.009356358667955242,0.12895871698856354,1.5294117647058822,-0.0025610828463079075,1.7352941176470589,-0.022926469997253465,1.8823529411764706,-0.007557588732805186,1.8823529411764706,0.014686908626765008,1.8529411764705883,-0.005659489273494243,1.8529411764705883,-0.019076096837965354,1.3235294117647058,-0.017985824509275473,1.3235294117647058,-0.009861053821996528,1.7058823529411764,-0.009377874693328226,1.8529411764705883,-0.0114659568173101,1.2058823529411764,-0.010374255593869931,1.1764705882352942,0.006415182197367007
2026-08-06,2026-08,337,337,-0.03789559561643561,-0.008658257830447637,0.01881440286958047,-0.007730998743324696,0.0030854542062211587,0.21705417137812166,0.03429864474717248,0.0008503869452537484,0.01534883983253311,-0.0808831091300847,-0.009460045147000972,0.1244964084642775,-0.09931850072488072,-0.017129113810914726,0.019385535244380803,-0.03130198365713505,-0.012232868270537574,1.3776280248866362,0.13410994572751328,0.01921584010117463,0.015401206507200688,-0.024312340250482227,-0.0031572540061298466,0.23978709936251535,0.027996455724143467,0.012245927764099421,0.015334279508473499,-0.107641702055078,-0.028076487887198416,0.15188435519881108,-0.019696065176549083,-0.019977135754590022,0.014145326620551811,-0.054512367340488775,-0.018743214224264174,0.1359767740701928,1.4117647058823528,-0.012187669595153518,1.588235294117647,-0.003120201290040369,1.7352941176470589,-0.021467349105032372,1.8529411764705883,0.014583487159998158,1.7352941176470589,0.007907692469981773,1.7352941176470589,-0.02431537104870767,1.1470588235294117,0.00021780714739762924,1.2941176470588236,-0.01269533926464803,1.8529411764705883,-0.016865221211714045,1.8529411764705883,-0.007789606947306318,1.1470588235294117,-0.030944134946021946,1.1176470588235294,-0.021537331871323
2026-08-07,2026-08,360,358,-0.07955308297131922,0.0189202630778594,0.017776576531057346,-0.08200654840443727,0.0080697369946658,0.20519301171104115,0.03836346473866825,0.02762984634467884,0.013719556103207992,-0.010018338618867945,0.014946438801528239,0.11906010036667189,-0.05366577862227565,-0.004074182915224061,0.020548643812715595,-0.03754747449402241,0.005876274251862407,1.079669412639406,-0.021317202522458233,0.008348995775116988,0.014092793034324579,-0.05764576372760078,-0.005163742328881602,0.2884362359117303,0.03308101657162992,0.038725710127316335,0.014883601653221681,-0.024089177642831607,0.005456141616211016,0.14363822030524415,-0.034574855258656834,0.009654580147070428,0.012137184211472573,-0.0018963623690512015,0.006844379275530808,0.13543203121258152,1.5277777777777777,0.015100818633414954,1.8055555555555556,0.02311595745578995,1.75,-0.008449182915224061,1.8333333333333333,0.003765662441783655,1.7777777777777777,0.03428126568287189,1.8333333333333333,0.005071246813737096,1.0833333333333333,0.005361403661332467,1.2777777777777777,0.011751994357083795,1.5833333333333333,0.001917940918529074,1.7777777777777777,-0.009608186773326047,1.0277777777777777,0.0028866971717665716,1.0277777777777777,0.004274934831086364
2026-08-10,2026-08,370,368,0.03396297487415757,0.009886394502359142,0.017860496109403247,-0.027699845003112376,-0.014068779938519424,0.2244022132174389,0.011239021547351047,0.00703921069287433,0.014212517420712476,-0.016452413231060264,0.0026123198597252893,0.1287149970193167,0.016392319228983782,-0.012805759731162946,0.019660338042085574,-0.017907147590333124,-0.0005801128030922195,1.2634982337822784,0.00712844002845652,0.004069749599782311,0.014893366517861155,-0.046708374273951817,-0.003185814031184066,0.3138925607844784,0.0033146946170416027,0.0019689671914344953,0.01707092956333892,0.005290978967923285,0.010892875953324515,0.1379270258586149,-0.04033555612018566,0.0009225390174076968,0.015805155763819745,0.018256702564111677,0.005360758063276516,0.1333247068766001,1.4324324324324325,0.006305313421278061,1.6216216216216215,0.0029851566388202754,1.8918918918918919,-0.017535489460892676,1.7027027027027026,-0.00018700715697444591,1.7567567567567568,-0.002422924700457397,1.7837837837837838,-0.003536920442051763,1.1081081081081081,-0.016839050208789695,1.135135135135135,-0.00022551797811254859,1.945945945945946,-0.005444977667957085,1.7837837837837838,-0.007645273490643526,1.2162162162162162,0.007852335412783974,0.9459459459459458,0.0029958931984116516
2026-08-11,2026-08,300,300,-0.02563717374637496,0.01550429203980606,0.01718691148023673,-0.028468760764008488,-0.009388866207585448,0.2704398386180401,0.08465294058822875,0.024662662491321312,0.016019159253369775,-0.031289680996455516,-0.0005492265756444495,0.11236155045529206,0.10177868018370369,0.022186601230989363,0.016607744255272283,0.04162109602701764,0.020686271435013854,1.4273791631062824,-0.0002880034240407951,0.001260903175005627,0.015363451737238474,0.049192991033233706,-0.006986268779638753,0.2587065263961752,0.00868898543317148,0.02481842877471892,0.01526813777970935,0.002850698341092679,0.0022620093783065776,0.14356599394232036,-0.07253236147068301,-0.005932922240499143,0.012704963945864067,0.0546126068067423,0.017784978385024273,0.15419647544622422,1.4324324324324325,0.01192321095872498,1.6756756756756757,0.020473473302132124,1.7567567567567568,0.01779470933909747,1.8108108108108107,-0.0032661238520213997,1.7567567567567568,0.02042653688282703,1.945945945945946,-0.010797787105364009,1.3783783783783783,-0.012834812153531393,1.2702702702702702,-0.003724902251320125,1.837837837837838,0.016091676840419258,1.8918918918918919,-0.011715998509368483,1.3243243243243243,-0.0010488014325042328,1.0810810810810811,0.01508227568232157
2026-08-12,2026-08,306,306,-0.009602367138984606,0.00600201956891035,0.016466158822016273,0.030415348710104,-0.004194421317260368,0.18715795562151938,-0.030346663148625712,0.003769019490212638,0.01389759009010456,-0.08083180727836604,-0.001029390744324524,0.1046869257284749,0.11654580142988849,0.02071916295708116,0.016160229736559308,0.01764873226579031,0.0025178450547442186,0.8589134745059475,-0.03507550020317755,0.007798883862494935,0.01371811085209321,-0.0498031048805489,-0.00476397973787354,0.26797317797618525,-0.03401757135812086,-0.002196200160902915,0.015565024764457817,-0.12222323435702043,-0.006999895341369725,0.11458713975885224,-0.04249018665510739,-0.000764587989137216,0.011550631858464465,-0.12376907830468119,0.00026361584766022546,0.11745786750989576,1.3870967741935483,0.00253427763342648,1.6774193548387097,-0.00042452889688413594,1.9032258064516128,0.01596109844095213,1.8064516129032258,0.003282754830236871,1.6129032258064515,-0.006228458225419044,1.7419354838709677,-0.005119426698814635,1.3870967741935483,-0.007662163252744238,1.3548387096774193,-0.0044164875185180716,1.9354838709677418,-0.0023208646226751356,1.9032258064516128,-0.009522044254002573,1.129032258064516,-0.009822475986531016,1.064516129032258,-0.002397674474920419
2026-08-13,2026-08,326,322,-0.07203871658238287,-0.014053728325227718,0.015082237161570792,-0.06639956219576565,-0.003818634842293535,0.3016199686098844,0.0007787997443835646,-0.0004381698012476537,0.012683561059368253,-0.15583147306938147,-0.007859080881358383,0.11361764936009422,-0.011795019583561125,-0.005007469408784708,0.01577116277255805,0.02381102476293795,0.0011222146329457235,1.0359187703579664,0.01119085667576122,0.003202171945846554,0.012703423028587636,-0.04354126149281108,-0.005967197600013567,0.2223239701706916,-0.04875629300328969,0.0009309157453629077,0.010998635833863318,-0.11574969649847522,-0.011740139931238243,0.12256036221515387,0.04582276597932957,0.004737350968575062,0.012081067034934143,-0.07759474357800518,-0.006889165385813915,0.1241822200245224,1.3125,-0.017334978325227717,1.6875,-0.004656919801247654,1.9375,-0.009851219408784709,1.78125,-0.0012509530541534456,1.875,-0.003756584254637092,1.875,4.985096857506189e-05,1.28125,-0.007021759842293534,1.46875,-0.011530955881358383,1.875,-0.0035652853670542764,1.875,-0.010654697600013568,1.46875,-0.015412014931238243,1.3125,-0.010170415385813914
2026-08-14,2026-08,358,355,0.17029253797391544,0.007869031074587576,0.016481246098736343,0.09994182077057337,0.028430901550008696,0.21449197063015568,0.10961089747051775,0.010076480500006701,0.013751406071137581,0.20081066459667696,0.019754946511617022,0.10350591570345892,-0.08008393536339967,0.0002605621459425985,0.015730299483495646,-0.009725194314675709,0.008230553613936008,1.2315259203314781,0.026106510503778275,0.0008758569024130752,0.015593600304385273,0.0997686823130304,0.0034940957961276265,0.2645410314047088,0.03567292994600931,-7.644612963404046e-05,0.014189024669477093,0.17639291131400975,0.018894076095967514,0.11596139344490236,0.011543392041306338,-0.002842452962847535,0.013335233126137668,0.07085795990327785,0.009730960376498388,0.11287957729978693,1.4444444444444444,0.004257919963476466,1.8055555555555556,0.005562591611117812,1.8611111111111112,-0.004392215631835179,1.8888888888888888,-0.003846365319809147,1.8055555555555556,-0.00459033501852293,1.7777777777777777,-0.007286897407291979,1.25,0.025305901550008697,1.3888888888888888,0.016282724289394798,1.8333333333333333,0.0036472202806026753,1.8611111111111112,-0.0011586819816501517,1.1944444444444444,0.0159079649848564,1.0277777777777777,0.007161515932053945
2026-08-17,2026-08,376,375,0.12132159458987272,0.014662834050104424,0.013706295536530246,0.06135101726177546,-0.001945576625582771,0.19897621693579776,-0.011461940633296808,0.003668808384430549,0.012195643432915182,0.004432081311186273,-0.005096830351274781,0.09519375047009243,-0.05810137766566212,0.002604337073167177,0.014153475014124436,-0.023589918886412733,-0.0002237025359917668,1.1756386943161488,-0.031670003484965015,0.002426617785650985,0.013698108397996608,-0.038537074547545104,0.000623996771098648,0.24180797458087144,-0.015020270061686438,0.007563509976709895,0.013065757368420822,-0.028160974647035233,-0.01019872037442815,0.10562122833768003,0.09610661195175009,0.011331776926032194,0.011853687706936535,-0.01620837396535747,-0.004185101312593096,0.09676727049640918,1.4736842105263157,0.010978623523788634,1.7105263157894737,-0.0006075074050431355,1.9473684210526314,-0.002264083979464402,1.789473684210526,-0.0020470664248753304,1.7105263157894737,0.0032871941872362103,1.8684210526315788,0.006660724294453247,1.131578947368421,-0.004774523994003823,1.3157894736842104,-0.008386304035485306,1.8684210526315788,-0.004894755167570713,1.789473684210526,-0.0038496874394276675,1.131578947368421,-0.013027667742849202,1.131578947368421,-0.007014048681014148
2026-08-18,2026-08,321,321,0.005348073277782833,0.0044569076142748736,0.014119590093206867,0.022460202594419696,0.0008528960222514322,0.25570977898314595,0.053066774999526306,0.002141459885764946,0.013322644848101747,0.1569244642244434,0.020118576864625516,0.1104097159113735,-0.10137996012979104,-0.012371473453546122,0.01424351855112289,0.11913409509144407,0.012868919285533357,0.9845596197992563,-0.006132094168026675,-0.002467422071086099,0.012640215253372705,0.08192663423755568,-0.0003202656738716912,0.2740121679380536,0.012022552898661389,0.011946592523999822,0.014718476362248142,0.12057980573552882,0.008901204087899735,0.13061923900386319,0.005192249556677906,-0.0007950806033100513,0.01347625503772977,0.09373640340530195,0.00943554747658433,0.1183047263766639,1.368421052631579,0.0010358549826959265,1.6842105263157894,-0.0020690664300245278,1.894736842105263,-0.01710831555880928,1.736842105263158,-0.006809527334243995,1.6842105263157894,0.007736066208210348,1.7105263157894737,-0.005071396392783736,1.1842105263157894,-0.002107630293538041,1.394736842105263,0.01663173475936236,1.8421052631578947,0.00826365612763862,1.8421052631578947,-0.0049255288317664285,1.2105263157894737,0.005874888298426051,1.2105263157894737,0.006409231687110646
2026-08-19,2026-08,322,320,0.07367925035237902,0.0018733864434728464,0.012443578472354637,0.02693248646151076,-0.0009451396901919949,0.20688509661704302,0.11555481033128889,0.02700450185850085,0.011913219829246924,0.13295404776252126,0.024430698477642634,0.09213183249812573,-0.04796879134832614,-0.018772588585786714,0.012040850612472292,-0.07667792128493212,-0.011571549592938015,0.8899027360603213,-0.03610795184207095,0.0038008835646045278,0.012490340477828307,0.04881871480815,0.004881883317060045,0.26922276872210205,0.08600923634707631,-0.0018256235875485534,0.01183277432754596,0.1316011423496236,0.031174827459532848,0.11043506616260856,0.04639362107254416,-0.0035831557699186403,0.012396398284974616,0.13124602265038268,0.023081264552943258,0.10939231747761369,1.4375,-0.0017203635565271537,1.5625,0.02309825185850085,1.875,-0.023460088585786715,1.78125,-0.0006522414353954719,1.875,-0.006513123587548553,1.5625,-0.00748940576991864,1.09375,-0.0036795146901919948,1.34375,0.021071323477642633,1.84375,-0.016180924592938014,1.78125,0.0004287583170600453,1.21875,0.028127952459532847,1.0,0.02058126455294326
2026-08-20,2026-08,306,304,0.04931895543500681,0.009761442761225788,0.01341028137912332,-0.0872367358862165,-0.010779507811747233,0.20955482137699924,0.07090674364475325,0.014281497990338156,0.011061349416782898,-0.17483637444938993,-0.016906536571957172,0.08699203853805859,0.11848324819033822,0.009769853423856383,0.016810158829052825,0.1387480562344391,0.019363860188015357,1.0472563415765763,0.006134376432804077,0.006634370999572004,0.012074956519680626,-0.051630810918910204,-0.0002482462036950059,0.25746547964711985,0.090859480439797,0.021300621841611404,0.01259310913263285,-0.14041569423198338,-0.01419060895530843,0.09829538663228353,0.012626625916025619,0.00910824247375045,0.012470843824826612,-0.06841312271157195,-0.004607429108975051,0.09151489535967508,1.5,0.006011442761225788,1.78125,0.009828372990338157,1.90625,0.005004228423856383,1.90625,0.001868745999572004,1.90625,0.016534996841611405,1.84375,0.00449886747375045,1.375,-0.014217007811747232,1.5625,-0.020812786571957172,1.875,0.014676360188015356,1.875,-0.004935746203695006,1.40625,-0.01770623395530843,1.40625,-0.00812305410897505
2026-08-21,2026-08,326,323,-0.020612129325446267,-0.012227263819633297,0.013862720402711158,-0.006248755253913226,0.003846087055069905,0.20470902760280296,0.007420505102812314,-0.017682915474544873,0.011655415634522886,-0.12486270991835682,0.006339061254974295,0.08906664384994656,0.0696643662643639,0.0031657853063288624,0.013822034900762599,-0.013809587131250264,0.011427042287839698,0.9736929340288043,-0.046652151117007525,0.007725739036907063,0.012427062780174988,-0.006148309656461043,-0.003358012094534287,0.34351263369899243,-0.039610374991139265,-0.005866794192165067,0.012983467804124661,-0.08327857893728216,0.006189392470721845,0.09465015458408743,-0.04826047275241796,0.001378282263216752,0.013284719954750954,-0.039078532870836416,0.004551206320847372,0.08502209233120084,1.40625,-0.0157428888196333,1.65625,-0.02182354047454487,1.84375,-0.0014435896936711374,1.84375,0.0031163640369070633,1.8125,-0.010398044192165067,1.625,-0.002684217736783248,1.21875,0.0007992120550699049,1.25,0.003214061254974295,1.9375,0.006583292287839698,1.8125,-0.007889262094534288,1.1875,0.0032206424707218453,1.28125,0.0013480813208473718
2026-08-24,2026-08,347,345,-0.08244290485015368,0.006357718894308841,0.015470668473501877,0.0027365175602544656,0.010488414460747058,0.2429043137030128,-0.001227670477677132,0.008449554987917635,0.014513977115051055,-0.07651636834135321,0.0016646165985528642,0.10472190922454877,-0.07968643320544531,0.00016964245829011442,0.013642281986594822,-0.030861016417891,-0.009008602495887003,0.7765396737000522,0.02114023911797332,0.013611067616002266,0.014645529452292156,0.025252617362153,0.02439773009646069,0.30324754316140623,-0.01379660936628293,0.015127468505283253,0.015740218277027235,-0.09421843171522852,0.0010750251754502796,0.11070011583540369,-0.010336184111798681,0.01295211347588191,0.015565960345109132,-0.08299233370119974,0.007020681558743006,0.10079234389259535,1.4705882352941178,0.0026812483060735465,1.7647058823529411,0.004037790282035282,1.8529411764705883,-0.004462710482886357,1.8235294117647058,0.009052244086590501,1.8235294117647058,0.010568644975871488,1.7352941176470589,0.008613878181764262,1.2058823529411764,0.007473708578394117,1.2352941176470589,-0.001423618695564783,1.8823529411764706,-0.013714484848828179,1.8529411764705883,0.019765377155284217,1.2058823529411764,-0.0019396807069026615,1.1176470588235294,0.004226563911684182
2026-08-25,2026-08,289,287,-0.04168058704211908,-0.003594682641078566,0.014286997200744545,0.05774470031420276,0.015053877980446172,0.23225619855882793,-0.03240961699081255,-0.002734040884676074,0.013716264586676404,-0.043873046175874,0.014272460000833088,0.08940080733134828,0.06434937494175501,0.01231908778738612,0.014372015069909469,-0.05484338677142081,-0.01586990618271515,0.9188370804848343,-0.11537458621052593,-0.008825971480973771,0.013426192905054271,-0.07799735512866404,-0.004406419780750815,0.29223716114487114,0.008415861273515492,0.0029173957303193637,0.01212259597634807,0.02182615439685002,0.02189263843004573,0.09893663182597737,-0.0694979802402737,-0.016753522393304188,0.014752865991080178,0.0629911903909637,0.03243674027798057,0.09114584737810597,1.3529411764705883,-0.006977035582255037,1.6470588235294117,-0.006851687943499603,1.8235294117647058,0.007760264257974355,1.7058823529411764,-0.013090677363326713,1.7058823529411764,-0.0013473101520335776,1.6764705882352942,-0.020944698863892424,1.0294117647058822,0.012480348568681467,1.3235294117647058,0.010963636471421323,1.7058823529411764,-0.020134612065068093,1.9411764705882353,-0.009259360957221404,1.2647058823529411,0.018730873724163377,1.3529411764705883,0.029054387336804096
2026-08-26,2026-08,280,279,-0.00845674283110649,-0.005080941840253804,0.016352553729316963,0.03506896522035188,-0.012869715926942958,0.3153888809361628,0.024370394352296224,-0.0035196351035869265,0.013326614360006017,-0.07309259681144828,-0.01671782696308278,0.08769726693364126,0.07851822501509938,0.018447055130967338,0.013282928244910664,0.13453855807980727,-0.0042106489607739075,1.1011801766497749,0.008192436571345245,0.011469238485168603,0.01263033707131286,-0.1765124796388381,-0.010508578630261901,0.2336881888498153,0.012638920226604716,0.0022100487385381677,0.012828219531036491,-0.09169004866453129,-0.003204058067078273,0.09766115667298436,-0.04876538814708708,-0.007431780449878348,0.012662773136500601,-0.05294592673548091,-0.003406520412438191,0.09650438837707043,1.379310344827586,-0.00852921770232277,1.6896551724137931,-0.007743773034621409,1.8620689655172413,0.013791882717174235,1.793103448275862,0.006986479864478947,1.9655172413793103,-0.002703744364910108,1.7586206896551724,-0.01182833217401628,1.103448275862069,-0.01562833661659813,1.5517241379310345,-0.020597137307910365,1.9310344827586206,-0.00903823516767046,1.9310344827586206,-0.015336164837158453,1.4137931034482758,-0.006738540825698963,1.379310344827586,-0.006854796274507156
2026-08-27,2026-08,276,275,0.010528960849440163,0.009146088209391048,0.015642990073620147,0.05548038062818519,0.005239974785357414,0.3963421053652253,0.006952812738518748,0.006326369516054995,0.011674127077484326,-0.025199415704601463,0.0005144577667240452,0.10355938092938491,0.04156503608770419,-0.0019039780923662134,0.013491085815023306,0.09034712105920377,-0.00277235399983997,1.039829795914037,-0.05350082383508775,-0.009841384270828535,0.012246381990129718,-0.04576476445324235,-0.006630903065668456,0.29180359644150095,-0.016349369493781577,0.006571306193563093,0.011925941642836765,-0.015549437871811045,0.0024210910481162716,0.10071390228612082,0.013992384238919034,-0.0019763045354725195,0.01258241229204873,-0.045298446839863886,0.002779121103821003,0.09158889064565301,1.4642857142857142,0.005485373923676763,1.607142857142857,0.0023085123731978524,1.8214285714285714,-0.006457549520937642,1.8214285714285714,-0.014394955699399963,1.7142857142857142,0.0022855919078488083,1.8214285714285714,-0.006529875964043948,1.3928571428571428,0.0017578319282145574,1.357142857142857,-0.002878399376133097,1.75,-0.00714735399983997,1.75,-0.011005903065668458,1.2857142857142856,-0.0007931946661694422,1.0714285714285714,0.00010054967524957426
2026-08-28,2026-08,276,275,-0.03313452523067021,0.0034082177780750747,0.015673850776352836,0.04976013470127424,0.008487128152270648,0.3031576662656984,0.010234443001669497,0.003739696117077855,0.012412250250677777,0.03547495041452034,0.011899092519955662,0.09053184265004738,0.06775504864625674,0.013809729953146948,0.015587258469511405,0.04138484315178161,0.011063648799331756,0.7494774418217796,-0.14482279567072986,-0.007636656493293762,0.0099033501921813,-0.08110272399081063,-0.006285210044656629,0.22037898802331515,0.061088740172086584,0.00843475799188598,0.01096757028193544,-0.038273426463663475,0.0015629159902072354,0.0941209815043424,-0.0016837659279976029,-0.002575794043434717,0.014107779917609609,-0.1945474522338437,-0.013999584077073435,0.07986957060971431,1.25,0.0002832177780750745,1.7142857142857142,-0.00054601816863643,1.8928571428571428,0.009077587096004092,1.857142857142857,-0.012279513636150905,1.7142857142857142,0.004149043706171696,1.6785714285714284,-0.0067722226148632875,1.357142857142857,0.005094271009413506,1.357142857142857,0.00850623537709852,1.857142857142857,0.006420791656474614,1.857142857142857,-0.010928067187513772,1.1428571428571428,-0.0012942268669356217,1.107142857142857,-0.016767441219930578
2026-08-31,2026-08,322,319,-0.09112811628375223,-0.006160724228903916,0.01370731330458702,-0.019056233455977827,-0.007571228933421867,0.20195537398103625,-0.06839630567682921,0.005476552029875539,0.011731206652943403,-0.1377736834377456,-0.020459398339478265,0.08385364490095526,0.010015497353636011,0.001406739423373972,0.013805732834761596,0.04225063294692596,0.007282315074975398,0.7761931899003685,-0.041611396331312514,0.009668040571497099,0.010970871289552613,-0.02676714733028522,-0.007311340113194748,0.2590386744122952,0.03699948295578202,0.014691404376763952,0.011109682242666825,-0.13979477460053077,-0.01180555559372232,0.08166047581471503,0.08261079833460364,0.01197131580610502,0.011516823574654528,-0.08990045685717987,-0.001641183691974954,0.07926401880104095,1.4375,-0.009754474228903916,1.71875,0.0011796770298755383,1.9375,-0.003437010576626028,1.75,0.0052930405714970985,1.6875,0.010472654376763951,1.71875,0.007674440806105019,1.21875,-0.010618103933421868,1.25,-0.023584398339478264,1.9375,0.0024385650749753985,1.875,-0.011998840113194749,1.15625,-0.014696180593722321,1.09375,-0.004375558691974954
2026-09-01,2026-09,228,226,0.009496019447653433,-0.004539518409845779,0.01433451322050821,-0.11738351708098903,-0.020532921361524716,0.2324940456968287,0.033941258123860334,0.01169563773357387,0.012844258920455227,0.00673904525467334,0.0037201963007437553,0.10442913453216138,-0.032985539406120895,-0.0004193598180080608,0.012655435061004416,-0.09152242658417367,-0.009049136010785927,0.9741984813109688,-0.006914715221715586,-0.006412254208389152,0.012924944172344285,-0.0007148085862078392,-0.008832624381877829,0.2564510913646739,-0.01810308430792658,0.001263561895490494,0.012452721716253865,0.06333548315896796,0.000796219376650328,0.10404904737420703,0.053782272388209706,0.00790871642112715,0.011527418015781596,-0.07304412272433194,-0.009805772906350797,0.153489478904268,1.46875,-0.00821139340984578,1.71875,0.00739876273357387,1.875,-0.005106859818008061,1.65625,-0.010552879208389153,1.59375,-0.002720813104509506,1.625,0.00384621642112715,1.6875,-0.024751671361524716,1.375,0.00028269630074375524,1.8125,-0.013580386010785928,1.875,-0.01352012438187783,1.375,-0.002641280623349672,1.125,-0.012618272906350796
2026-09-02,2026-09,110,110,0.19355318621373668,0.03209331135150448,0.01655424812979561,0.03839686225007326,0.011199218050946955,0.2571184838360006,0.0674300655952032,-0.017277901090242024,0.010318463882392957,0.31502378107882695,0.018575520128373744,0.08718323131853885,0.033167353802473196,-0.002396307244229354,0.01335101929903917,0.024502455880989784,0.021486800155997736,0.9117942696267909,0.013376011541149155,-0.004955633755694432,0.010729432731980442,0.049126524355882155,0.02990532569969943,0.33876787904988637,-0.1796046254761851,-0.01922175024164339,0.00935315729438448,0.048459301670310845,0.02836617672253461,0.09136805141513998,-0.04981178008700945,-0.010041998140717026,0.009422145456174194,0.04558303090413182,0.019526036019125656,0.12012919309464368,1.565217391304348,0.028180267873243608,1.608695652173913,-0.021299640220676805,1.9130434782608696,-0.007178915939881529,1.7391304347826086,-0.009303459842650953,1.6521739130434783,-0.023352185024252084,1.7826086956521738,-0.01449851987984746,1.391304347826087,0.007720957181381738,1.608695652173913,0.014553780997938961,1.7826086956521738,0.0170302784168673,1.6956521739130435,0.02566619526491682,1.5217391304347827,0.024561828896447653,1.3478260869565217,0.01615647080173435
2026-09-03,2026-09,115,115,0.041095241852757834,-0.007653405965785693,0.016753959672135263,0.032115521186775034,-0.012330355941195165,0.3739897363508742,-0.0729345853389095,0.005454895640434519,0.011007821435326057,-0.1646571451116547,-0.025260095580781787,0.07669114756087463,0.21700113824933379,0.0435961673983702,0.012388579991537026,0.04340338397267179,0.009125917757127948,0.8069758241375287,-0.1460427680896394,-0.00820221560550823,0.008876595843502812,-0.17673794681606564,-0.013344266100460089,0.21682537036637467,-0.13496409689891897,-0.007148604916564253,0.008303153555634287,-0.17906573029274836,-0.03728735313152947,0.08786368804673354,-0.10949262210999763,-0.007396263723306866,0.008488730696301149,-0.2959125700307741,-0.036230441417975955,0.11876340536400676,1.4166666666666667,-0.01119507263245236,1.1666666666666667,0.0025382289737678524,1.6666666666666667,0.03942950073170354,1.8333333333333333,-0.01278554893884156,1.75,-0.011523604916564253,1.4166666666666667,-0.010937930389973533,1.0,-0.014830355941195165,1.25,-0.028385095580781786,1.75,0.0047509177571279475,1.9166666666666667,-0.018135932767126755,1.1666666666666667,-0.040204019798196135,0.75,-0.038105441417975956
2026-09-04,2026-09,110,110,0.030967247481008948,0.018901922785899142,0.019369545960878233,0.07956630525437865,0.02622574480676925,0.41058746996251017,-0.08668034172621329,-0.0016873948215826839,0.01320140262432402,0.10536257692220995,0.024904920174837,0.09761787002736871,-0.0290062845450034,-0.008791973674391855,0.010632231695061882,-0.151180718982304,-0.03176736207973928,0.911025646057996,-0.047124856299168225,-0.008867376926236443,0.010262136614549635,-0.0065775533665441924,0.00834912486798667,0.22171964462507857,0.027459820120370577,0.0063680222866699925,0.00879218639304443,0.14063521402970944,0.034472210453743914,0.08752064982598479,0.04459121339855285,-0.007477015106110138,0.010256929760015784,0.04516827085634425,0.03358405607920139,0.12138998707417736,1.25,0.015776922785899143,1.4166666666666667,-0.005229061488249351,1.8333333333333333,-0.013375307007725188,1.75,-0.013242376926236444,1.6666666666666667,0.002201355620003325,1.4166666666666667,-0.011018681772776805,1.1666666666666667,0.023309078140102583,1.1666666666666667,0.02198825350817033,1.6666666666666667,-0.035934028746405944,1.75,0.003974124867986669,1.0,0.03197221045374391,0.6666666666666667,0.031917389412534726
2026-09-08,2026-09,107,107,-0.12121123062755931,-0.0136998000504114,0.018421416262751237,-0.006240326025196419,0.0027367991586590267,0.2610918080264872,0.04024373518289935,-0.005198726820051654,0.012867587282047729,-0.057975273810223556,-0.019765013288713325,0.08665966886011037,-0.07444815349106727,0.003780849552180529,0.010063426448419784,0.05521771394860197,-0.007971592079160417,0.6679950376803225,0.009943376633554733,-0.00016474888935980037,0.01147802920086229,-0.025304179157115147,-0.0014615937727654462,0.22977536510337482,-0.0764121554105684,-0.005589562280781627,0.008092917858756866,-0.15303003585493447,-0.010558280019225118,0.10651179335334084,0.12751033523384078,0.018868497665271745,0.01009524282769389,-0.23223417386704284,-0.018601837815312196,0.1330085936933756,1.0,-0.0161998000504114,0.8181818181818182,-0.0072441813655062,1.9090909090909092,-0.0009918777205467433,1.9090909090909092,-0.004937476162087073,1.5454545454545454,-0.00945319864441799,1.7272727272727273,0.014550315847089927,1.0,0.00023679915865902667,1.1818181818181819,-0.02271955874325878,1.7272727272727273,-0.012289773897342236,1.8181818181818183,-0.006007048318219992,0.9090909090909092,-0.012831007291952391,0.6363636363636364,-0.020192746906221287
2026-09-11,2026-09,83,82,0.12239264930612921,0.015178064331403923,0.017523027838968384,-0.17159229251500777,-0.01562475489278524,0.3797682165168226,0.09434952352965871,0.003304692478889079,0.017387532151949246,-0.27282649762814326,-0.026481387920474067,0.09753540763631463,0.045275177364510304,-0.004990207100483715,0.008379116483437421,0.4532345409512615,0.015527569776639147,0.6935742003843188,-0.037278031988581505,0.008461336271277514,0.013715608528973596,-0.13253012048192772,-0.0030300886113577147,0.3686705550644547,0.13567860291339573,0.019276522562312534,0.016940140934992267,-0.29797237731413456,-0.01464357545955182,0.07712148409336805,0.07505982116619789,0.01959791268646427,0.011153514920618597,-0.4208681415557701,-0.016219182566561186,0.11636483983602375,2.0,0.010178064331403922,2.0,-0.001695307521110921,2.0,-0.009990207100483716,2.0,0.003461336271277514,2.0,0.014276522562312533,2.0,0.014597912686464268,2.0,-0.02062475489278524,2.0,-0.031481387920474065,2.0,0.010527569776639146,2.0,-0.008030088611357716,2.0,-0.01964357545955182,2.0,-0.021219182566561186
