date,month,n,n_tradable,ic_GBM_EVENT,gross_GBM_EVENT,pred_GBM_EVENT,ic_GBM_TFIDF,gross_GBM_TFIDF,pred_GBM_TFIDF,ic_GBM_SHUFFLE,gross_GBM_SHUFFLE,pred_GBM_SHUFFLE,ic_GBM_NOTEXT,gross_GBM_NOTEXT,pred_GBM_NOTEXT,turnover_GBM_EVENT,net_GBM_EVENT,turnover_GBM_TFIDF,net_GBM_TFIDF,turnover_GBM_SHUFFLE,net_GBM_SHUFFLE,turnover_GBM_NOTEXT,net_GBM_NOTEXT
2025-08-01,2025-08,97,95,0.03222964443509362,-0.04032516633668211,0.06873544010405097,0.07270491501025553,-0.00044178680916030517,0.09360303023081293,0.004562907637281717,0.02156691392130424,0.06203164482575038,0.0778061224489796,0.04960260898477621,0.05647594466153265,1.0,-0.04282516633668211,1.0,-0.0029417868091603052,1.0,0.019066913921304243,1.0,0.04710260898477621
2025-08-04,2025-08,101,99,-0.13387342420972373,-0.0921468070447948,0.07020830817133855,0.15266246352510185,0.07495632982509562,0.07711184876346841,-0.043727558903967886,-0.019956502085703574,0.06535277202549708,-0.09397814204507536,-0.02934848116814173,0.054533038182325494,1.4000000000000001,-0.09564680704479481,1.7000000000000002,0.07070632982509562,2.0,-0.024956502085703575,1.8,-0.03384848116814173
2025-08-05,2025-08,102,99,-0.017625006361287186,-0.0944676937856247,0.06626367347806231,0.022782933878404403,-0.07429775606912961,0.08666886027849403,0.017975583966163607,0.029128696259876713,0.07019810726417322,-0.02056533466025072,-0.024239915930548694,0.061878977879241445,1.5,-0.0982176937856247,1.9000000000000001,-0.07904775606912962,1.9000000000000001,0.024378696259876712,1.6,-0.028239915930548695
2025-08-06,2025-08,127,122,-0.08688952943382078,-0.0542623528344486,0.06477958303006112,0.17503682252569536,0.07154420487894698,0.06611600746007046,-0.056500749906261714,-0.07454302778378821,0.07063251798943548,-0.08995945819272591,-0.03253033003564891,0.05828528709203101,1.5833333333333333,-0.058220686167781935,1.9166666666666667,0.06675253821228032,2.0,-0.07954302778378822,1.75,-0.036905330035648914
2025-08-07,2025-08,123,112,0.06662496291805858,0.037050150897282585,0.07954440538630342,0.010179507772684004,0.05213672378867998,0.08269672876722105,0.0755439759580039,-0.0106788988102402,0.0772051233216483,0.17878654989617057,0.10970775546842326,0.06811081941200083,1.6666666666666667,0.03288348423061592,1.9166666666666667,0.04734505712201331,1.75,-0.015053898810240201,1.8333333333333333,0.10512442213508993
2025-08-08,2025-08,79,74,0.04087147030185005,-0.06550327672922492,0.07415268489118712,0.08941961284972849,0.0008339976120967478,0.06459062851406892,-0.14006815968841285,-0.13025726898163148,0.07108239608916228,-0.06703992210321325,0.007120724137639993,0.05986253292997348,1.6363636363636362,-0.069594185820134,1.8181818181818181,-0.0037114569333577974,1.9090909090909092,-0.13502999625435874,1.9090909090909092,0.002347996864912721
2025-08-11,2025-08,102,93,0.04297968346234966,0.0192558523963927,0.08109128125753667,0.21246186504028103,-0.011272893349530445,0.1114934787207144,-0.008374281174548066,0.051953791896081944,0.07437449016346263,-0.12227807589439697,0.002824925790889086,0.0729873278515648,1.8888888888888888,0.014533630174170479,1.8888888888888888,-0.015995115571752667,1.8888888888888888,0.04723156967385972,1.7777777777777777,-0.0016195186535553586
2025-08-12,2025-08,64,62,-0.14693223443223444,-0.00017180719892916085,0.061205512043579005,-0.1368912703277189,0.038411186400742495,0.058838191989392274,-0.15934065934065933,-0.029323498686363712,0.058091495614107265,-0.12980769230769232,-0.10201885452682524,0.05150235471530776,1.6666666666666665,-0.0043384738655958275,1.8888888888888888,0.03368896417852027,1.8888888888888888,-0.03404572090858594,1.7777777777777777,-0.10646329897126969
2025-08-13,2025-08,75,73,0.22654338549075392,0.05360827588269536,0.07089761705785874,-0.12339075647465396,0.0027618679409439247,0.08033065108709592,0.047425320056899006,0.02841155988721105,0.06642586398893613,0.05778093883357041,0.06951131819282332,0.057657420432886144,1.7142857142857142,0.04932256159698108,1.7142857142857142,-0.0015238463447703604,1.857142857142857,0.023768702744353908,1.857142857142857,0.06486846104996617
2025-08-14,2025-08,81,79,-0.08873080397470641,0.009373899751508125,0.06399248093569794,-0.005465838544170533,-0.025847640223172763,0.07446116177900848,-4.516711833785005e-05,0.06361730477926794,0.06296054667850486,0.02082204155374887,0.04450929761933102,0.05571400942211227,1.75,0.004998899751508124,1.875,-0.030535140223172764,1.875,0.058929804779267944,1.75,0.040134297619331016
2025-08-15,2025-08,72,72,-0.012219435333461958,-0.027058115240282107,0.06624299905677758,-0.013282091772381249,0.003792905337123686,0.09069278033908898,0.025017686024824747,0.02242199826100561,0.0614727364605686,-0.13016914271014213,-0.007940372872947927,0.049285962259648416,1.25,-0.030183115240282107,1.75,-0.0005820946628763146,2.0,0.01742199826100561,1.75,-0.012315372872947927
2025-08-18,2025-08,92,91,-0.04750088621056363,-0.02650139840939469,0.06975486108356904,0.15150744519237394,0.04762990646303635,0.07350856219016702,-0.0883744586409383,-0.03573838497549296,0.06607265663036295,-0.08034462031656983,-0.03295832153592968,0.059101088325950756,1.5555555555555554,-0.03039028729828358,1.8888888888888888,0.04290768424081413,1.6666666666666665,-0.03990505164215963,1.8888888888888888,-0.037680543758151906
2025-08-19,2025-08,66,66,-0.0918693247051456,-0.02517005190404953,0.06148651503797216,0.21434535742813207,0.04719218650356321,0.06887165983335035,-0.1464774031938211,0.011098272251923676,0.05789864804150216,-0.21619872664648784,-0.015475254009941843,0.04822233956254088,1.5555555555555554,-0.029058940792938418,1.4444444444444444,0.043581075392452095,1.7777777777777777,0.006653827807479231,1.7777777777777777,-0.01991969845438629
2025-08-20,2025-08,55,54,0.004184704184704185,0.024413124598758062,0.06851429333165877,0.13886784365356716,0.10791487104428854,0.09802501751271342,0.3408369408369408,0.039182869863190486,0.06420203480149228,0.0676046176046176,0.09580570344913315,0.055301945156490145,1.7142857142857144,0.020127410313043777,1.8571428571428572,0.1032720139014314,1.8571428571428572,0.03454001272033334,1.8571428571428572,0.09116284630627601
2025-08-21,2025-08,50,49,-0.06660264105642257,-0.018747394281123063,0.05184376281341603,0.15582981193534345,0.06772899611929602,0.08105327167705523,-0.14285714285714285,-0.01347662914863395,0.059680834888212894,-0.11711884753901561,0.01594151034143252,0.047272311316788565,2.0,-0.023747394281123064,1.8,0.06322899611929601,2.0,-0.01847662914863395,1.6,0.01194151034143252
2025-08-22,2025-08,53,52,-0.007901951298177712,-0.006439702844628203,0.06186007537674365,0.19699627089750718,0.012006809691987,0.08873901010815985,0.08498629253346235,0.05531414353353794,0.06312883514466604,0.0929688759877439,0.05471879440322285,0.048206191456434996,1.4000000000000001,-0.009939702844628202,1.6,0.008006809691986999,1.8,0.05081414353353794,1.8,0.050218794403222855
2025-08-25,2025-08,69,68,-0.10770917062477164,0.01836457242640861,0.06672178947790086,-0.15786734275056577,-0.030161771394782787,0.07372452894231396,0.007891852393131166,-0.011493811679517034,0.052906728876136705,0.003690171720862258,0.00019015036342903344,0.056433737596915515,1.5714285714285714,0.01443600099783718,1.7142857142857144,-0.034447485680497075,1.8571428571428572,-0.016136668822374176,1.7142857142857144,-0.0040955639222852525
2025-08-26,2025-08,64,63,-0.01565934065934066,0.03887123363361498,0.06100572985600808,0.13434373501082564,0.0628381093122892,0.08163388441341322,0.017353479853479854,0.049082569269285836,0.059652566915694316,0.15673076923076923,0.05824467253130699,0.06323467635092254,2.0,0.03387123363361498,1.857142857142857,0.058195252169432055,2.0,0.04408256926928584,2.0,0.05324467253130699
2025-08-27,2025-08,62,61,0.16506761350759236,0.04018564012250725,0.08274634340319842,-0.23275923257888684,-0.040579969029602404,0.08925881098299782,0.061015839439953666,0.017052821610165175,0.07018286764667522,0.020472916824053788,0.029958370420049507,0.060678615434707886,1.5,0.036435640122507246,1.6666666666666665,-0.04474663569626907,1.5,0.013302821610165175,1.5,0.026208370420049507
2025-08-28,2025-08,61,60,-0.14828133262823903,-0.06285164743873758,0.06703248802838573,0.17594796153432188,0.06305384374011909,0.0758753901184275,0.09994711792702274,0.03369413411924077,0.06202970537409268,0.19175039661554732,0.04405199417051703,0.05461754117410572,1.5,-0.06660164743873759,2.0,0.05805384374011909,1.8333333333333333,0.02911080078590744,2.0,0.03905199417051703
2025-08-29,2025-08,51,51,-0.12416289592760181,-0.12524988283386884,0.06553386912185352,0.05004751351338739,0.05268506147201202,0.07929208075767341,-0.2789140271493213,-0.031803797101437166,0.06006163142057153,-0.18226244343891404,-0.08493967043556434,0.050742560427981476,1.5,-0.12899988283386885,1.8333333333333333,0.04810172813867868,1.8333333333333333,-0.0363871304347705,1.8333333333333333,-0.08952300376889767
2025-09-02,2025-09,83,80,0.12650602409638553,0.04004109451438348,0.07197788687697963,0.01676279662679841,-0.05070627608680092,0.10315698266871143,0.06273875991771966,-0.0016616595080077984,0.07575042748000642,-0.06462784937660047,-0.016535158153454507,0.07527773644676687,1.875,0.03535359451438348,1.875,-0.05539377608680092,1.875,-0.006349159508007798,1.875,-0.021222658153454508
2025-09-03,2025-09,62,62,0.09747928785475057,0.007975052583434044,0.06951352027657215,0.19615104551119422,0.053476606035963124,0.062426413843343506,-0.07783737503462516,-0.018840514797610248,0.06988498996135784,-0.13374128075344363,-0.06695248220369303,0.06273150927085278,1.75,0.0036000525834340436,1.75,0.04910160603596313,2.0,-0.02384051479761025,2.0,-0.07195248220369303
2025-09-04,2025-09,68,68,0.1700194678780013,0.05455189843345023,0.0676155189384883,0.23607784089608277,0.059230401941597885,0.08943935430807512,-0.0964232545711341,0.030879367472275203,0.06156005887180163,0.02824750925678513,-0.020985568303909092,0.05892571141369286,1.7142857142857142,0.05026618414773594,1.7142857142857142,0.0549446876558836,1.857142857142857,0.02623651032941806,1.7142857142857142,-0.025271282589623377
2025-09-05,2025-09,61,60,-0.022686409307244845,0.01658152380802515,0.09619726843323759,0.13900971802702153,-0.038279620392160985,0.07548681793527265,0.19561078794288736,0.021426507033763052,0.09052872335050074,0.07525118984664199,0.020635056925938554,0.08302814512782664,1.7142857142857142,0.012295809522310866,1.857142857142857,-0.04292247753501813,1.857142857142857,0.01678364989090591,1.7142857142857142,0.01634934264022427
2025-09-08,2025-09,63,63,0.15351382488479262,0.009686536073535111,0.06947376881112836,0.08921478032972902,0.059196152069897166,0.07904430912063519,0.21423771121351767,0.06565217104050833,0.07527720277851713,0.11621543778801843,0.019676422450883007,0.06456776251919213,1.5,0.005936536073535111,2.0,0.05419615206989717,1.8333333333333333,0.06106883770717499,1.8333333333333333,0.015093089117549675
2025-09-09,2025-09,63,61,-0.10690284178187404,-0.05743801367915248,0.06892343193882856,-0.02904429865868494,-0.051097155587450066,0.10723011202330024,0.14386520737327188,0.02575089540675372,0.07036600793269512,0.07661290322580645,-0.02388773340457532,0.06513213014161164,1.5,-0.061188013679152484,2.0,-0.056097155587450064,2.0,0.02075089540675372,1.6666666666666665,-0.028054400071241985
2025-09-10,2025-09,55,54,-0.04227994227994228,-0.045775571335474254,0.04925286944686014,-0.1807422425090041,-0.021326676005497133,0.06974517838905589,0.23001443001443,0.04873873364379511,0.0647060038868856,0.14884559884559884,0.05496549464042515,0.050557702605161195,1.8333333333333333,-0.05035890466880759,2.0,-0.026326676005497134,1.6666666666666667,0.04457206697712844,1.8333333333333333,0.05038216130709181
2025-09-11,2025-09,56,56,0.012030075187969926,0.16643711709835704,0.08221016800732112,0.09744010395656483,-0.013065675617049452,0.08561003373868789,-0.05044429254955571,0.12203551920477852,0.07089354339915116,0.0032809295967190706,0.13905035859816625,0.08519056468453709,2.0,0.16143711709835704,1.8333333333333333,-0.017649008950382784,2.0,0.11703551920477852,2.0,0.13405035859816625
2025-09-12,2025-09,72,71,0.08865521898514374,0.07349035581897856,0.07725660410285287,0.01320063029270506,0.009196394565760904,0.07346250668165064,0.0865650524149463,0.10368123582132487,0.06003760144478049,0.11994340472056081,0.07519556182146118,0.06126845249370686,1.7142857142857142,0.06920464153326428,1.857142857142857,0.004553537422903761,1.857142857142857,0.09903837867846772,1.7142857142857142,0.0709098475357469
2025-09-15,2025-09,78,76,-0.07371109902755472,0.037157632563099896,0.07312997174920036,0.08544890079071316,-0.057755203943666955,0.06907219477635679,0.13385348828386803,0.06174594574889673,0.07849412882928901,0.15251836770824112,0.06172256091988265,0.07387454503629974,1.25,0.03403263256309989,1.875,-0.06244270394366695,1.25,0.05862094574889673,1.5,0.05797256091988265
2025-09-16,2025-09,74,71,-0.1591558681969641,-0.015772235544470763,0.06548523556002489,0.0022219754107326217,0.005323501544744959,0.06921359051791473,0.021725286930766384,-0.03020748213111684,0.05788008742482506,-0.06686412439837097,-0.03238498088019526,0.060177977792942434,1.625,-0.019834735544470763,1.875,0.000636001544744959,1.75,-0.03458248213111684,1.75,-0.03675998088019526
2025-09-17,2025-09,65,63,-0.09807692307692308,-0.04508117146768999,0.069714962029474,0.025721434894836318,-0.012707417746243971,0.09417445115967307,0.015646853146853146,-0.02807659034180772,0.0793297823171901,0.03990384615384615,0.0020416049647406327,0.0749943473973669,1.857142857142857,-0.04972402861054713,1.7142857142857142,-0.016993132031958257,1.7142857142857142,-0.032362304627522,1.857142857142857,-0.0026012521781165095
2025-09-18,2025-09,73,70,-0.005399234851289646,0.02611758743150975,0.06796325269404585,0.04862509160930067,0.028262183357457418,0.09596049213422886,-0.004288535110452919,-0.0031269513221077634,0.06399772652024106,-0.08333397610682382,0.03037826109796485,0.055213024629550495,1.4285714285714286,0.022546158860081177,2.0,0.023262183357457417,1.7142857142857142,-0.0074126656078220485,1.5714285714285714,0.02644968966939342
2025-09-19,2025-09,72,70,-0.09685510322207216,-0.13843683141147087,0.09108100398172787,-0.024712796154756696,0.077641078293989,0.05966571943662553,-0.023152614316033184,-0.0373305620293471,0.07232311954017615,-0.14396424207344524,-0.0247752990215583,0.08057298589367565,1.7142857142857142,-0.14272254569718515,1.7142857142857142,0.07335536400827472,1.857142857142857,-0.04197341917220424,1.7142857142857142,-0.029061013307272586
2025-09-22,2025-09,77,74,0.11146747988853252,0.051018533597969436,0.0709794362599141,-0.17644661782788884,-0.04433126046199728,0.06013924264872872,0.14666912035333088,0.09002536971569913,0.08257042935196142,0.21123613228876387,0.1049793261016407,0.0654051855825844,1.7142857142857142,0.04673281931225515,2.0,-0.049331260461997276,2.0,0.08502536971569913,1.857142857142857,0.10033646895878355
2025-09-23,2025-09,76,73,-0.039671907040328094,-0.08815182366990992,0.07693833363818686,-0.20238658955559105,-0.011715797429259801,0.065998503741925,-0.040902255639097745,-0.01829726489631895,0.08358851879603214,-0.058072453861927546,-0.004511660340499435,0.0808293262914907,1.4285714285714284,-0.0917232522413385,2.0,-0.016715797429259802,1.857142857142857,-0.022940122039176093,1.5714285714285714,-0.008440231769070864
2025-09-24,2025-09,79,77,-0.17736124634858813,-0.04921274368340106,0.06338748218798704,0.041030447252102115,0.03345867114599256,0.08168421272014051,-0.07183544303797468,-0.07286186417012053,0.06756521832852595,0.019413457969310138,0.026945785245690468,0.07008133505594799,1.625,-0.05327524368340106,1.875,0.02877117114599256,2.0,-0.07786186417012053,2.0,0.021945785245690467
2025-09-25,2025-09,82,80,-0.019666742852167476,-0.02993818897561977,0.0635276410309165,0.11872717704367722,0.01137486352827341,0.06584663667995173,0.01135163962081388,0.07419018512203726,0.059981660812716525,-0.12155940836516799,0.009172892573034733,0.05876016156396071,1.875,-0.03462568897561977,1.75,0.00699986352827341,1.875,0.06950268512203726,1.875,0.004485392573034733
2025-09-26,2025-09,87,86,0.0005103156666909674,0.017488822567551,0.07916978460465211,-0.11696412706303959,-0.03530294732211842,0.07104510881777236,-0.058121309324196256,0.013304702327991635,0.07512085405890381,-0.1122876722315375,0.009460568773580355,0.069741954945568,1.6666666666666665,0.013322155900884335,2.0,-0.04030294732211842,1.5555555555555556,0.009415813439102746,1.6666666666666665,0.0052939021069136885
2025-09-29,2025-09,71,69,0.07246814218645205,-0.08839668226560712,0.07232089610270434,-0.06097090656124788,-0.010234495198484374,0.0605481434083908,-0.0005030181086519115,-0.0029826295122312727,0.06781261529264421,-0.03625083836351442,-0.029662940438170464,0.06752767412300394,1.5555555555555554,-0.09228557115449601,1.8888888888888888,-0.014956717420706596,1.6666666666666665,-0.007149296178897939,1.7777777777777777,-0.03410738488261491
2025-09-30,2025-09,86,85,0.022218029152318505,0.050316377040346846,0.06711587385289551,-0.2530699672718479,0.05382902043086425,0.08150454896380133,-0.10048587197509316,-0.030491103681045892,0.07242078099574904,0.10024057738572574,0.06115034111649924,0.06019291513179195,1.625,0.04625387704034685,2.0,0.048829020430864255,1.875,-0.03517860368104589,1.875,0.05646284111649924
2025-10-01,2025-10,81,80,0.23999548328816622,0.0688743045085919,0.07458091787979143,0.17217159579422128,0.11537889132754224,0.07662032623443929,0.20672990063233965,0.0617883877429455,0.08114371189245363,0.06684733514001806,0.07586308025109952,0.06872252978114235,1.875,0.0641868045085919,1.875,0.11069139132754224,2.0,0.0567883877429455,1.875,0.07117558025109952
2025-10-02,2025-10,72,72,0.15528329796128368,0.011878458950987,0.0612104300964139,0.03196372728033765,0.04624611491584754,0.0663327688373128,0.11306193324329539,0.07664242314887174,0.06933570528194583,0.02286320663708277,-0.015703856506138942,0.052729101181650403,1.625,0.007815958950987,1.75,0.04187111491584754,1.75,0.07226742314887173,1.875,-0.020391356506138943
2025-10-03,2025-10,92,91,0.18721390811152383,0.05673180719636358,0.08767089376513128,-0.0018264277165608602,-0.057198344935653705,0.08039067462962471,0.15913259251267667,0.03284912985935876,0.0966403889276897,0.09745233728403434,0.034969294477350546,0.08325202172558901,1.6666666666666665,0.052565140529696915,1.8888888888888888,-0.06192056715787593,1.5555555555555554,0.028960240970469873,1.6666666666666665,0.03080262781068388
2025-10-06,2025-10,88,87,0.06419287802472615,0.04917899782248898,0.09402489860905985,0.2443103016733558,0.025405610376646546,0.06321402202470874,-0.11271177485822972,0.0035080473010710433,0.097005835035652,-0.11128526645768025,0.012384792675649708,0.07786048516159308,1.5555555555555554,0.045290108933600096,2.0,0.020405610376646545,1.5555555555555554,-0.00038084158781784543,1.6666666666666665,0.008218126008983043
2025-10-07,2025-10,77,77,0.03564856196435144,0.00557404442355415,0.0752256831271825,0.26194576282643073,0.07850645332076626,0.0811428186816036,-0.05512908144487092,-0.027417874059079264,0.0669085403390827,0.006440927493559073,-0.024641883879428395,0.07045765117084586,1.7777777777777777,0.0011295999791097059,2.0,0.07350645332076626,1.8888888888888888,-0.03214009628130149,1.8888888888888888,-0.029364106101650616
2025-10-08,2025-10,74,74,-0.09704553868937431,-0.060623232803150504,0.08009979347451274,0.26442143971992554,0.08127580897793431,0.07107486901121603,0.07089226212513884,0.004074550188655799,0.0710923315574784,0.02918918918918919,-0.04511090425101817,0.05595620028104974,1.625,-0.0646857328031505,2.0,0.0762758089779343,2.0,-0.0009254498113442011,1.875,-0.04979840425101817
2025-10-09,2025-10,84,84,-0.0715399412777159,-0.0999958710698585,0.09844032290587584,0.2558964832799523,0.04807159108475713,0.09719454063491398,-0.07496203300597347,-0.023621807207390863,0.0954638508355964,-0.20599372279032094,-0.1539782336740651,0.08146953309127528,1.375,-0.10343337106985849,1.875,0.04338409108475713,2.0,-0.028621807207390864,1.75,-0.1583532336740651
2025-10-10,2025-10,81,79,0.15133242999096658,0.04938259119160204,0.06911037978940718,-0.112074709008831,0.004541213030104477,0.07424343978575029,0.10747515808491419,0.036185032536138056,0.07550360122701508,0.02931345980126468,-0.0031723346003056513,0.053655557883746076,1.375,0.04594509119160204,1.75,0.00016621303010447633,1.5,0.03243503253613805,1.5,-0.006922334600305651
2025-10-13,2025-10,96,94,-0.1719886055344547,-0.05348416230731715,0.06805829407574362,-0.15184267025531611,-0.017829028638906588,0.06866792233938186,0.10511394465545307,-0.0192502543117282,0.07768659308925664,-0.023507867607162235,-0.05816479104683347,0.06879423342300672,1.7777777777777777,-0.0579286067517616,2.0,-0.02282902863890659,2.0,-0.0242502543117282,1.6666666666666665,-0.062331457713500134
2025-10-14,2025-10,89,89,0.05330268981954375,0.06924343146717249,0.07351281528790699,0.012087266660862319,-0.05499314404780252,0.0651094926475651,0.10849506298944502,0.1644663676750093,0.07240148297205548,0.027306775621382364,0.11381307120961458,0.0711976966398773,1.6666666666666665,0.06507676480050582,1.7777777777777777,-0.059437588492246965,1.7777777777777777,0.16002192323056486,1.7777777777777777,0.10936862676517013
2025-10-15,2025-10,84,84,0.3590563936417941,0.573454549208532,0.09105558462488172,-0.22531475118652602,-0.042878912326951193,0.08196925298897376,0.22998886301508556,0.5686483465669444,0.08725660718184844,0.31622962437987245,0.5823892832171575,0.08899516190601944,1.1111111111111112,0.5706767714307542,2.0,-0.04787891232695119,1.5555555555555556,0.5647594576780555,1.5555555555555556,0.5785003943282686
2025-10-16,2025-10,83,82,0.024138365307921582,0.019193773690857285,0.08525411880887691,-0.08309019543821593,0.017591164038779195,0.0758394726941302,-0.032723227404391084,0.07968714764994363,0.08272561244965693,0.12558246924982158,0.06802784759450227,0.0658300810494324,1.375,0.015756273690857286,1.625,0.013528664038779194,1.625,0.07562464764994363,1.5,0.06427784759450227
2025-10-17,2025-10,92,88,0.0521400058566959,0.0017622218920378963,0.06400590964614544,-0.055165504417723034,-0.025410660335970392,0.08184193954758859,-0.07789405545366275,-0.03545280923200601,0.06344450747733052,-0.057611392814758876,-0.012788624358420205,0.055500126688428075,1.5555555555555556,-0.002126666996850993,1.6666666666666665,-0.029577327002637058,1.8888888888888888,-0.04017503145422824,1.8888888888888888,-0.017510846580642427
2025-10-20,2025-10,91,88,0.029479216435738174,0.007021711331859484,0.06981624947208154,-0.13510328243921468,-0.16773074473397784,0.06281098323236367,0.26580665711100493,0.15204403559582547,0.0729935359871744,0.01847427934384456,0.11766545021453578,0.06372588976713212,1.5555555555555554,0.0031328224429705955,2.0,-0.17273074473397784,1.7777777777777777,0.14759959115138102,1.6666666666666665,0.11349878354786912
2025-10-21,2025-10,80,73,-0.07639474917955931,-0.03371217542152992,0.05777702865467058,0.029270237112224196,0.004422908986554969,0.08511121467931003,0.0692920768870136,0.022439269947050176,0.06396179872007636,-0.1125299609135645,-0.018643147291783718,0.055924294782895,1.4444444444444444,-0.03732328653264103,1.7777777777777777,-2.1535457889475078e-05,1.5555555555555554,0.018550381058161286,1.7777777777777777,-0.023087591736228163
2025-10-22,2025-10,90,85,0.03943696752685517,0.09701142976285501,0.060503052214800145,0.18465679974289254,0.034521716760983645,0.07067979873725037,0.10835082520475779,0.06467178370475417,0.06582290259504495,0.0927439601596905,0.10565697577709963,0.06255554371526073,1.875,0.09232392976285501,2.0,0.029521716760983644,2.0,0.05967178370475417,1.75,0.10128197577709963
2025-10-23,2025-10,117,111,0.09587285887695005,0.047500807474702686,0.06349465480115227,0.2192901774673832,0.056908347599398994,0.09055185624982265,-0.14391044373510767,-0.032766082982183815,0.06568116448183967,-0.027574218106070823,0.014327945916275567,0.06574372649769655,1.5454545454545454,0.043637171111066325,1.8181818181818181,0.05236289305394445,1.8181818181818181,-0.03731153752763836,1.7272727272727273,0.01000976409809375
2025-10-24,2025-10,77,76,-0.022950733477049266,0.0762470693302792,0.0640642951040749,0.3630460218668321,0.12006558228086109,0.060735418268234476,0.22516956727483042,0.1110288857415956,0.058994805930791275,0.042457542457542456,0.0035669854452105437,0.06411551967869147,1.8181818181818181,0.07170161478482465,2.0,0.11506558228086108,1.7272727272727273,0.10671070392341378,1.4545454545454546,-6.937819115309307e-05
2025-10-27,2025-10,109,105,0.08064127513668798,0.01668683846922818,0.05931707751860024,0.003336182990362218,-0.037393174244488125,0.08787232754751911,0.14143267537762952,0.050337786514084534,0.0611306979217046,-0.05054211843202669,-0.023080571551563393,0.05942190335973405,1.8,0.012186838469228179,1.8,-0.04189317424448812,1.8,0.04583778651408454,1.9000000000000001,-0.027830571551563394
2025-10-28,2025-10,112,108,-0.12819899545563262,-0.08358151609573727,0.06743587487727873,0.050265741492233264,-0.06659271586415672,0.10364235208358724,-0.12854067721324358,-0.015017887769330409,0.07611310852748529,-0.08854682748488059,-0.11085789319548736,0.05721466337106229,1.7272727272727273,-0.08789969791391909,1.8181818181818183,-0.07113817040961126,2.0,-0.02001788776933041,1.6363636363636365,-0.11494880228639645
2025-10-29,2025-10,127,124,0.030687570303712036,0.020792457974347457,0.06920906719040787,-0.06104809056218903,0.001344649338885414,0.10553174434188266,-0.01636318897637795,0.01213684312543626,0.07296831579779932,0.08158745781777278,0.003734036289790346,0.06715158234170017,1.5,0.017042457974347457,1.9166666666666667,-0.0034470173277812532,2.0,0.00713684312543626,1.6666666666666667,-0.00043263037687632164
2025-10-30,2025-10,133,131,-0.1787423103212577,-0.08447311219182291,0.06339216932357536,-0.0016387879734673344,-0.055181908890436275,0.06544948068496209,-0.18768937268544494,-0.04192850013612412,0.06844299386465769,-0.1577927178869834,-0.057382928716381065,0.06144256562118896,1.8461538461538463,-0.08908849680720753,1.9230769230769231,-0.059989601198128586,1.9230769230769231,-0.046736192443816424,1.8461538461538463,-0.061998313331765684
2025-10-31,2025-10,99,99,-0.18416821273964132,-0.04793764454311952,0.06190034583253767,0.11459776373979436,0.044116129144693594,0.08266731120526427,-0.13335807050092766,-0.044936227154560894,0.06946112104610576,0.12197897340754484,0.009413819963798708,0.05743942886452193,1.5384615384615385,-0.05178379838927337,2.0,0.0391161291446936,1.7692307692307694,-0.04935930407763782,1.7692307692307694,0.004990743040721784
2025-11-03,2025-11,111,111,-0.036302211302211305,0.0187427911344435,0.08399543078008831,-0.09660814130647238,0.018434547370663384,0.09582039502820588,0.005028080028080028,0.019905161667671513,0.07617243097878756,-0.1291856791856792,-0.07038410233340395,0.07247879486629688,1.7272727272727273,0.014424609316261681,1.7272727272727273,0.014116365552481566,1.9090909090909092,0.01513243439494424,1.6363636363636365,-0.07447501142431304
2025-11-04,2025-11,137,135,-9.334104952676088e-05,-0.0076585716905942835,0.08188432239108928,-0.00941013464635227,-0.005968806969353346,0.06858447834729542,0.05744674893124498,0.026623045448509058,0.07968188125770892,0.1381960908768458,0.04575625771913086,0.07326735737608932,1.6428571428571428,-0.01176571454773714,1.7857142857142856,-0.01043309268363906,1.5714285714285714,0.022694474019937627,1.7857142857142856,0.04129197200484515
2025-11-05,2025-11,151,147,-0.20250609968630184,-0.05950618732670982,0.08015424183549438,0.027947406056110718,-0.03562368530423107,0.08209931699468162,-0.10608922969675845,0.006097164934159831,0.06785926262961742,-0.033987452073893344,-0.06320448955048782,0.06654879191243372,1.6666666666666665,-0.0636728539933765,1.8,-0.04012368530423107,1.7333333333333332,0.0017638316008264975,1.7333333333333332,-0.06753782288382115
2025-11-06,2025-11,162,157,-0.016959725415313574,-0.06360652057540775,0.07374481316214532,0.11512477144578669,0.04685734282761451,0.06731866958982188,0.058057104469481105,-0.09222928017774329,0.07507898098192367,-0.0008736015671198386,-0.04855743354885332,0.06842360147182604,1.75,-0.06798152057540775,1.875,0.04216984282761451,2.0,-0.0972292801777433,1.8125,-0.05308868354885332
2025-11-07,2025-11,102,100,-0.1297080593267779,-0.06674554775173161,0.12708861028718318,0.04262068897332044,0.04336533960481476,0.08561518303787799,-0.09997681664225817,-0.04182608609131204,0.08429020367044601,-0.22248672611407344,-0.06935016916063794,0.11530012019324193,1.6875,-0.0709642977517316,1.875,0.03867783960481476,1.75,-0.046201086091312044,1.6875,-0.07356891916063793
2025-11-10,2025-11,100,97,-0.22743474347434744,-0.07537585816447602,0.08764865883426241,-0.00307873276772139,0.03462620063088363,0.08718636765513577,-0.16066006600660065,-0.005345235011021882,0.07497516513215671,-0.23239193637049202,-0.02227165026288061,0.07943600566390074,1.6,-0.07937585816447602,1.8,0.030126200630883632,1.8,-0.009845235011021882,1.6,-0.02627165026288061
2025-11-11,2025-11,80,79,-0.09345991561181434,0.04115379944017998,0.09878234534407389,-0.09952528880715036,-0.08270746649553543,0.0687336440764055,-0.13924050632911392,0.03412591154108542,0.079914362706826,-0.17165963431786216,-0.09995174079258415,0.07564767034218292,1.8,0.036653799440179984,2.0,-0.08770746649553543,1.8,0.02962591154108542,1.8,-0.10445174079258415
2025-11-12,2025-11,88,88,-0.09621006657039202,0.028307433121948722,0.0817012259888058,-0.07094228739569686,-0.02270847598847275,0.08922031883373771,-0.10881969638265647,-0.12029343428923109,0.0641384364253946,-0.153569793244338,-0.07994375429399954,0.06880205625446947,1.3333333333333333,0.024974099788615388,1.7777777777777777,-0.027152920432917196,2.0,-0.1252934342892311,1.8888888888888888,-0.08466597651622176
2025-11-13,2025-11,90,88,-0.11864016133679055,0.015755345883665006,0.09237071287979404,-0.11208951661544489,-0.00882793452231892,0.07999785853170663,-0.09988887516977404,-0.018360811338562148,0.08726602715820408,0.002955097337119809,0.049286484936387924,0.06751912937472795,1.5555555555555554,0.011866456994776117,2.0,-0.01382793452231892,2.0,-0.02336081133856215,1.6666666666666665,0.04511981826972126
2025-11-14,2025-11,80,78,0.05201593999062353,-0.013492081417493598,0.08477757690512427,-0.02278627905033342,0.02876430855888122,0.08074249986882623,0.09983591186122831,0.02354907216921781,0.07811606668638182,-0.02348804500703235,-0.046321236122938564,0.07319335351246162,1.7777777777777777,-0.017936525861938044,1.7777777777777777,0.024319864114436776,1.6666666666666665,0.019382405502551145,1.7777777777777777,-0.05076568056738301
2025-11-17,2025-11,93,92,-0.08627017994091492,0.013941940344033375,0.09054230906558214,0.001022151596603895,0.07929440597481466,0.10074983928290207,0.028632389364686223,-0.06624767286595114,0.08201354133498501,0.14126704664140133,-0.06577065070721935,0.07243370715185948,1.4444444444444444,0.010330829232922265,1.6666666666666665,0.07512773930814799,1.4444444444444444,-0.06985878397706224,1.5555555555555556,-0.06965953959610824
2025-11-18,2025-11,90,89,0.07130921512943984,0.008008527537045666,0.08449092607509752,-0.08397411724092826,-0.048387361088960135,0.07382286109971717,0.08798617113223854,-0.013273913847085934,0.08175345090697868,0.09501584557764332,-0.047982226601352554,0.07140647560189857,1.3333333333333333,0.004675194203712334,1.7777777777777777,-0.05283180553340458,1.6666666666666665,-0.0174405805137526,1.222222222222222,-0.05103778215690811
2025-11-19,2025-11,80,79,0.024308485700890763,-0.021044121828478174,0.10332187419471664,0.05161086162890731,0.010313085180052486,0.07502332196002577,0.12259728082512893,0.008966448365200108,0.09330982267298232,0.19404594467885608,0.04871492349723287,0.08344242115168954,1.6666666666666665,-0.02521078849514484,1.7777777777777777,0.005868640735608042,1.7777777777777777,0.004522003920755664,1.7777777777777777,0.04427047905278843
2025-11-20,2025-11,83,81,-0.009130599051257293,-0.05231573403233633,0.07613042898430551,-0.04871494839768826,-0.016639205494850123,0.08973092669052411,0.1359724612736661,0.04939967628593078,0.0778532250115084,0.08284706771336216,0.05190605389406819,0.06288139760318448,1.25,-0.05544073403233633,1.625,-0.020701705494850123,1.75,0.04502467628593078,1.75,0.047531053894068184
2025-11-21,2025-11,79,77,0.12670399221032133,0.023349571061050442,0.08926774476560723,0.11577973624901573,0.015294646605293324,0.08582052605343918,0.39554527750730284,0.13155277546283992,0.06635835517553351,0.3958373904576436,0.1368500900494747,0.060070895698283604,1.0,0.020849571061050443,1.75,0.010919646605293324,1.125,0.12874027546283992,1.125,0.13403759004947471
2025-11-24,2025-11,81,79,-0.003139114724480578,0.012120841099872479,0.09710404884768263,-0.0011179556114138236,-0.03469986155645756,0.06082934728334145,0.1482836495031617,-0.014815278348509917,0.0953291823724485,0.2437895212285456,0.07892878691385187,0.07910099111416623,1.5,0.008370841099872479,1.625,-0.038762361556457556,1.75,-0.019190278348509917,1.75,0.07455378691385187
2025-11-25,2025-11,78,76,0.11463220323979818,0.10323855885476524,0.08915473307270802,0.01650509401969932,0.006565796488761572,0.06770751322852514,0.08567381985103505,0.15899106352235343,0.0831718891169361,0.12907345818738225,0.08688705143344003,0.07122745152535657,1.5,0.09948855885476524,1.75,0.002190796488761571,2.0,0.15399106352235342,2.0,0.08188705143344002
2025-11-26,2025-11,72,70,-0.01967972216862821,-0.0230343638148724,0.10826422701345134,0.08904181170951203,-0.016794502999822596,0.09211329198695455,0.13997684738568397,0.016855603255061635,0.06946627416026141,0.18846871181426458,0.05069549127347671,0.08156285024763155,1.625,-0.0270968638148724,1.625,-0.020857002999822596,1.625,0.012793103255061635,1.625,0.04663299127347671
2025-11-28,2025-11,76,76,-0.09386192754613808,-0.01131997868369039,0.10513877127847342,-0.10894276713364599,-0.0077238026650932184,0.07892255071666834,0.07146958304853042,0.045927211236437296,0.083226810125822,-0.09088174982911824,-0.00044356515165640265,0.0764922706653916,1.125,-0.01413247868369039,1.625,-0.011786302665093219,1.75,0.04155221123643729,1.5,-0.0041935651516564025
2025-12-01,2025-12,81,81,-0.07140921409214092,0.4957070289149598,0.09099600175989979,-0.18419373648631152,0.003227439574045851,0.07689661635533288,0.031752484191508584,0.5092412846698977,0.08599181697350279,0.020980126467931345,0.505386729032008,0.07744204494354578,1.625,0.4916445289149598,1.625,-0.000835060425954149,1.5,0.5054912846698977,1.5,0.501636729032008
2025-12-02,2025-12,75,72,0.09007112375533428,0.48249555778927083,0.07952434876334635,-0.1640668905149286,0.45971645601274436,0.05897806625783997,-0.15857752489331436,0.4657956503461955,0.07916969892946943,0.16870554765291607,0.0359735395132683,0.06957493134033571,1.625,0.4784330577892708,2.0,0.45471645601274435,1.625,0.4617331503461955,1.5,0.0322235395132683
2025-12-03,2025-12,83,82,-0.12902481004155997,-0.02713430602890257,0.09470469760770539,-0.13088378830102762,-0.07124695392360143,0.07187284482050608,-0.1606775534192519,-0.02181097883063271,0.06720280373555464,0.10509634356240292,0.022167369000831813,0.06495411543532051,1.5,-0.03088430602890257,1.75,-0.07562195392360144,2.0,-0.02681097883063271,1.875,0.017479869000831812
2025-12-04,2025-12,81,80,-0.14939024390243902,-0.014226222415307896,0.08564604076033029,-0.11724383329000983,-0.056630163463492186,0.08722951831247708,0.13177506775067752,0.02230076962813661,0.0766789331550235,-0.09191508581752485,-0.03480321385301173,0.052999074326700715,1.375,-0.017663722415307895,1.75,-0.06100516346349219,1.5,0.01855076962813661,1.75,-0.039178213853011734
2025-12-05,2025-12,74,72,0.03617919289152166,0.035696293397447273,0.09719813361543438,-0.12901171510027284,-0.03355023496694699,0.08194289937587865,0.015298037763791189,0.00876850326223555,0.08032207388221815,-0.06615327656423547,-0.054986300467774356,0.082063042805794,1.25,0.03257129339744727,1.875,-0.03823773496694699,1.5,0.00501850326223555,1.5,-0.05873630046777435
2025-12-08,2025-12,89,89,-0.04880830779707184,0.0186989775480785,0.08350755862717194,-0.0944525311645517,-0.04253241068867392,0.09084427823896155,0.037197820905686074,-0.006101243891505743,0.07237404267046399,-0.15017024174327545,-0.039045788091564254,0.05914755742105572,1.4444444444444444,0.015087866436967391,1.3333333333333333,-0.04586574402200726,1.5555555555555554,-0.009990132780394631,1.4444444444444444,-0.04265689920267537
2025-12-09,2025-12,73,72,0.37541651240281376,0.138664936892323,0.09383944329046565,-0.16804103914478508,0.004225422689267115,0.06341859117704055,0.042916203875107986,0.04410619534638297,0.05356033664092353,-0.09237319511292114,-0.05385226169657786,0.06093042252876393,1.3333333333333333,0.13533160355898968,2.0,-0.000774577310732885,1.8888888888888888,0.03938397312416075,1.5555555555555554,-0.05774115058546675
2025-12-10,2025-12,73,72,0.24302727384919165,0.070458269793681,0.0776904152723608,0.00836161680086362,-0.043360245273116355,0.09712093637032655,-0.06988152536097741,-0.0438101512003593,0.0559730527091144,-0.04199062075774405,-0.017547903193202763,0.04563063776930726,1.4285714285714284,0.06688684122225243,1.7142857142857142,-0.047645959558830636,2.0,-0.048810151200359295,1.5714285714285714,-0.02147647462177419
2025-12-11,2025-12,88,86,0.03550420908034236,0.012925948316339447,0.08823136217740338,0.18878126112450808,0.00767574764447141,0.06663695048369929,0.14782853721249692,0.030885826555054167,0.05369708361517191,0.06526716212884365,0.017019263796174123,0.06476322512303961,1.6666666666666665,0.008759281649672782,1.7777777777777777,0.003231303200026966,1.8888888888888888,0.026163604332831946,2.0,0.012019263796174122
2025-12-12,2025-12,69,67,0.056229448301059554,0.028433441720907615,0.09122231971946354,-0.25092716116391195,0.03709733546780246,0.07895446539538775,0.17336499817318232,0.020097498042185358,0.06239474044033331,0.07340153452685422,-0.007519991801804599,0.06084009064873008,1.4444444444444444,0.024822330609796505,1.8888888888888888,0.032375113245580234,1.7777777777777777,0.015653053597740912,1.6666666666666665,-0.011686658468471264
2025-12-15,2025-12,77,75,-0.07505652242494348,-0.022283345845880195,0.07140788720154455,-0.06964408959357737,-0.0069892487786609725,0.05635079048457764,0.017088174982911826,0.0267842013203341,0.057117047509204585,0.014091171985908828,0.0342848411689642,0.046763583355904484,1.625,-0.026345845845880195,2.0,-0.011989248778660973,1.875,0.0220967013203341,1.875,0.0295973411689642
2025-12-16,2025-12,84,82,-0.19376328844790927,-0.03996357683822631,0.09686522540876322,0.2212006772988343,0.08345553924341301,0.08412080638359404,-0.03442340791738382,-0.057023634445154917,0.0731108359581622,-0.1895018198962213,-0.04798141154074294,0.0696503279035979,1.5,-0.04371357683822631,2.0,0.078455539243413,1.75,-0.06139863444515492,1.625,-0.052043911540742935
2025-12-17,2025-12,75,74,0.029559032716927454,-0.02943482023010898,0.08026699645490823,0.09915779953822594,0.06181830030839629,0.07719230109197367,0.12196301564722617,0.01226843562705723,0.06291261743110131,-0.03058321479374111,-0.008979216302913144,0.05761093810136404,1.625,-0.033497320230108985,1.75,0.05744330030839628,1.5,0.00851843562705723,1.75,-0.013354216302913145
2025-12-18,2025-12,70,69,-0.05408100778584551,-0.03127839990653276,0.08850464764143239,0.05385826792266008,0.016966161014782988,0.05683760656056195,-0.036549733181698886,-0.04519087910312899,0.08816800122144194,0.2161315720409413,0.01008267591484486,0.07537765228832242,1.5714285714285714,-0.035206971335104184,1.7142857142857142,0.012680446729068703,1.7142857142857142,-0.049476593388843276,1.857142857142857,0.0054398187719877185
2025-12-19,2025-12,82,79,0.0769147048900208,0.06022337938540305,0.07987654910409284,0.03270694904142387,-0.006821125821809618,0.06981253329107596,0.14641764891544498,0.021335971857315228,0.06211652631504503,0.3316354850295491,0.07014425191657185,0.06689484988370697,1.5,0.05647337938540305,1.875,-0.011508625821809618,1.625,0.017273471857315228,1.625,0.06608175191657185
2025-12-22,2025-12,71,70,0.03437290409121395,0.0023246935019512888,0.0993047515845594,0.262397612363654,0.0668230466792191,0.06708631706080984,-0.12682763246143527,-0.06412823653814456,0.07401544295113245,-0.08346747149564052,-0.032874033807812716,0.06835635041590632,1.5,-0.001425306498048711,1.75,0.06244804667921909,1.75,-0.06850323653814457,1.625,-0.03693653380781271
2025-12-23,2025-12,66,65,0.03141634484918067,0.013232446502658438,0.10447132746772542,0.1245211728354785,0.03179371491364434,0.05868303105549342,-0.08928086838534599,0.019424635673544726,0.06686637220735352,0.0053647844692620815,-0.0164168056166975,0.06638315043858575,1.2857142857142856,0.010018160788372723,1.7142857142857142,0.027508000627930056,1.5714285714285714,0.015496064244973297,1.4285714285714286,-0.019988234188126074
2025-12-24,2025-12,66,66,0.09070034443168772,0.06775623672217645,0.08394389693441211,-0.1387430459952318,-0.022371381876008862,0.0672805695475407,0.04089343492328567,0.02676265748861275,0.06123450288564341,0.03763698987579585,0.043559818467068766,0.06407129481734908,1.2857142857142856,0.06454195100789074,2.0,-0.027371381876008863,1.857142857142857,0.022119800345755607,1.4285714285714284,0.03998838989564019
2025-12-26,2025-12,63,62,-0.35834293394777267,-0.03937055489199748,0.10744242067331017,0.12118593488958639,0.009282505011696422,0.06356545239279154,0.17194700460829493,0.00776389401617796,0.06010286169217717,-0.18548387096774194,-0.026531332354470232,0.06227269970315655,1.1428571428571428,-0.042227697749140335,1.857142857142857,0.004639647868839279,1.7142857142857142,0.0034781797304636753,1.5714285714285714,-0.030459903783041663
2025-12-29,2025-12,61,61,0.07556848228450555,-0.0110064675644002,0.10180560322775867,0.34794335954821604,0.07580518185892779,0.06741151157159414,0.047117927022739294,-0.034706774955375774,0.06382072253218765,0.11433104177683766,0.04044853682821496,0.05598876349313207,1.1666666666666665,-0.013923134231066865,2.0,0.07080518185892778,1.5,-0.03845677495537578,1.5,0.03669853682821496
2025-12-30,2025-12,65,63,-0.004370629370629371,-0.009972345013288586,0.07953618404453452,0.08047647777652678,0.06283350849948216,0.08501639386103996,0.07862762237762237,0.0020429256096431234,0.051243005805484354,0.14038461538461539,0.012891044850174158,0.04871566325633157,1.0,-0.012472345013288587,1.8333333333333333,0.058250175166148825,1.8333333333333333,-0.002540407723690209,1.8333333333333333,0.008307711516840826
2025-12-31,2025-12,59,58,0.20935125657510228,0.052644375731863466,0.0725404178104809,-0.1834095593328155,-0.11057616670327602,0.06846444031405807,-0.010520163646990065,0.03419088791512028,0.06442213687396947,0.16709526592635884,0.034999455620633814,0.06382121940132696,1.3333333333333333,0.04931104239853013,2.0,-0.11557616670327603,1.8333333333333333,0.02960755458178695,1.6666666666666665,0.030832788953967148
2026-01-02,2026-01,68,68,-0.08886513722945376,-0.09627864461632094,0.06958057830126449,0.10766705477883486,0.12626407478705642,0.07607109013823002,-0.21895636904989121,0.0011826333055080362,0.06358581543597151,-0.14341336794289422,-0.024943558052397723,0.04562159923937564,1.2857142857142856,-0.09949293033060665,1.7142857142857142,0.12197836050134214,2.0,-0.003817366694491964,1.7142857142857142,-0.029229272338112008
2026-01-05,2026-01,63,62,-0.14472926267281105,-0.043845664452465245,0.07624403856025391,-0.13290129021515018,-0.05892747700120808,0.08643513846493486,0.012528801843317972,0.04205184234909376,0.06707451698898638,0.016561059907834103,0.05414970368301787,0.055313939131948237,1.2857142857142856,-0.047059950166750956,2.0,-0.06392747700120809,1.857142857142857,0.03740898520623662,1.7142857142857142,0.04986398939730359
2026-01-06,2026-01,82,82,-0.08919145416353762,-0.038530832076041854,0.07652525363493823,0.2918675945807803,0.0763995481980853,0.11340304982814177,-0.0006639022213515308,-0.058369114677444586,0.051150243574804875,-0.13620879180679357,-0.02978978903658369,0.06885521293887184,1.375,-0.04196833207604186,1.75,0.07202454819808529,2.0,-0.06336911467744459,1.875,-0.03447728903658369
2026-01-07,2026-01,94,94,-0.1569699815771412,-0.015596598721578238,0.07704232170790185,-0.05197047817423571,0.06533361966486648,0.06640384151818168,-0.06367084492287686,-0.07297891362953408,0.06689756515238643,-0.05725535527218871,-0.01577098933750539,0.07113932882205348,1.5555555555555556,-0.019485487610467127,1.8888888888888888,0.06061139744264425,2.0,-0.07797891362953409,1.8888888888888888,-0.020493211559727612
2026-01-08,2026-01,73,73,-0.028785634950018513,0.044079819669164494,0.09552565623882409,0.15476465976680495,0.04213234815526196,0.06457547120724771,-0.01354436628409231,0.02188170078582511,0.08243483685720404,0.12291743798593113,0.02417014941491952,0.07676200412662444,1.6666666666666665,0.03991315300249783,1.7777777777777777,0.03768790371081752,1.6666666666666665,0.017715034119158445,1.6666666666666665,0.020003482748252855
2026-01-09,2026-01,67,66,-0.06592704924574987,-0.06548567557831124,0.09689860061491803,-0.02390764246458069,0.01793118499380047,0.0641007587065201,-0.20524383430441376,-0.0613055776988696,0.06819467412278493,0.10810918668688642,-0.018215075987839745,0.08014411983086918,1.4285714285714284,-0.06905710414973981,2.0,0.012931184993800467,1.857142857142857,-0.06594843484172674,1.857142857142857,-0.022857933130696888
2026-01-12,2026-01,75,75,-0.17382645803698435,-0.01779513548765306,0.0996093675850904,0.1432971289479646,0.031362101176420853,0.08117136515962915,-0.008762446657183499,-0.04804803391121208,0.09246450848640586,-0.14256045519203414,-0.045454097153606335,0.11687585582948176,1.5,-0.02154513548765306,2.0,0.026362101176420853,2.0,-0.05304803391121208,1.875,-0.05014159715360633
2026-01-13,2026-01,61,61,0.1324167107350608,0.048419387328600114,0.06803716886090413,0.05095591945589163,0.017029372450254543,0.07669736769129223,0.05832892649391856,0.02701403227716189,0.05853347723797017,0.29830777366472766,0.03083480639562569,0.060663106633143976,1.75,0.04404438732860011,1.875,0.012341872450254542,2.0,0.02201403227716189,2.0,0.02583480639562569
2026-01-14,2026-01,76,75,0.11116883116883117,0.024036707097948085,0.06227487610393499,-0.03729680232548497,0.010958161119555554,0.08782804411121323,0.008393711551606288,0.01804012089038061,0.059766321623846416,0.22263841421736158,0.04635230846401127,0.06359367119776088,1.25,0.020911707097948085,1.875,0.006270661119555554,1.875,0.013352620890380609,1.625,0.04228980846401127
2026-01-15,2026-01,87,84,0.022089378143909016,0.028907217380681333,0.07419783959857904,-0.0893362435421289,0.023945557147482782,0.05998109088190009,-0.008456659619450317,0.0163227300497103,0.0721992396695681,-0.11135816869577896,-0.05423167619205936,0.0768163926827295,1.875,0.024219717380681332,1.75,0.019570557147482782,1.875,0.011635230049710298,1.75,-0.058606676192059365
2026-01-16,2026-01,66,65,-0.07809205719653481,-0.04971983136557011,0.09266412479991573,-0.09018412610062333,-0.06567422963608145,0.06391410314553729,0.12865045402358835,0.02957990053176966,0.08300209731444425,-0.06410604321052082,0.011227202080288524,0.08728410593179514,1.875,-0.054407331365570105,1.75,-0.07004922963608146,1.875,0.024892400531769658,2.0,0.006227202080288524
2026-01-20,2026-01,92,92,0.23229505417443708,0.06745837199315086,0.10220419430907893,-0.12374757340774442,-0.024667855385250747,0.04438862788325342,0.19809503259713637,0.057644572692465194,0.07661939160387904,0.11915293682474608,0.04169478371251951,0.08507461964261429,1.5555555555555554,0.06356948310426197,2.0,-0.029667855385250748,1.6666666666666665,0.05347790602579853,1.7777777777777777,0.03725033926807506
2026-01-21,2026-01,91,88,-0.0023889154323936935,0.013472232369916324,0.09198136450171124,-0.08445623127251162,-0.009510393820152768,0.06877879081242821,0.08291129160694378,0.0170864404387545,0.07682449974877643,0.1188246536072623,0.0148498925492336,0.07457436500938712,1.5555555555555554,0.009583343481027434,2.0,-0.014510393820152769,1.8888888888888888,0.012364218216532278,1.222222222222222,0.011794336993678045
2026-01-22,2026-01,88,85,-0.07766545736324891,-0.029881587301633317,0.09704163406838442,0.23904754379937426,0.0585409453405044,0.06987798785381688,-0.01590292698390335,-0.012346082366004929,0.08434281688939524,0.026381599802754393,-0.033357004147590436,0.07089517393608746,1.5555555555555556,-0.0337704761905222,1.7777777777777777,0.054096500896059954,1.8888888888888888,-0.01706830458822715,1.8888888888888888,-0.03807922636981266
2026-01-23,2026-01,68,67,0.16291941825399855,0.04992084838144465,0.08360816838662286,-0.10010879317762611,0.03683649704126864,0.050942415198493365,-0.1977325647974959,-0.049640411466821646,0.06894561987210056,-0.0814215368171928,0.007165800430976525,0.06757162920775418,1.375,0.04648334838144465,1.625,0.03277399704126864,1.625,-0.05370291146682164,1.875,0.0024783004309765254
2026-01-26,2026-01,93,92,0.22438900659484945,0.039016024381963915,0.08180669568901754,-0.04683267701462514,-0.03368521669710396,0.06900526585479766,-0.1024141326728537,-0.045298694843944665,0.06677134703675233,0.005759302915460595,0.004111788245686476,0.06437732974291278,1.222222222222222,0.03596046882640836,2.0,-0.03868521669710396,1.8888888888888888,-0.05002091706616689,1.5555555555555554,0.0002228993567975875
2026-01-27,2026-01,62,60,-0.025509304726650046,-0.03265881155066549,0.07949437691502283,-0.10970081626957026,0.02535052107267346,0.05766678664233518,-0.03376898088690791,0.04177684147295424,0.08745408832106326,-0.3213970940041802,-0.0749949833060576,0.08090716199554163,1.5555555555555554,-0.036547700439554374,2.0,0.020350521072673457,1.8888888888888888,0.037054619250732015,1.8888888888888888,-0.07971720552827982
2026-01-28,2026-01,81,78,0.047289972899729,0.07795684401110306,0.07239835734604005,0.08580075453892946,0.07981370656869524,0.07060705292571913,0.047448057813911475,0.03506898386568566,0.07150292027322212,-0.07314814814814814,-0.059355582623397365,0.07528214160931258,1.5,0.07420684401110306,2.0,0.07481370656869524,1.875,0.03038148386568566,1.875,-0.06404308262339736
2026-01-29,2026-01,94,87,-0.1780948596611639,-0.0449367307392845,0.07414921643172383,-0.22180718694194335,-0.0041476319234657515,0.08292811909956495,-0.1808980240580862,-0.10143737308513744,0.07164237646094665,-0.24762489614564895,-0.01648940829791834,0.06515199629469036,1.4444444444444444,-0.048547841850395616,1.8888888888888888,-0.008869854145687974,2.0,-0.10643737308513744,1.8888888888888888,-0.02121163052014056
2026-01-30,2026-01,75,73,-0.03206258890469417,-0.022152069512081783,0.08241648700955585,-0.06089745870786082,-0.10458923741229034,0.07288417982680026,-0.005007112375533428,0.03056123978211967,0.06399040252991042,-0.04406827880512091,-0.10549334734081349,0.05783945523346494,1.4444444444444444,-0.025763180623192893,1.7777777777777777,-0.10903368185673479,1.7777777777777777,0.026116795337675226,1.6666666666666665,-0.10966001400748016
2026-02-02,2026-02,108,105,0.01875827641068145,0.006173372187824464,0.08132942433127102,-0.07087666847949346,-0.009012661242010764,0.09828401100456506,-0.015357207503310565,0.03653504063840669,0.0614178193731432,0.0881896215000905,0.0075754916077156445,0.06005414595486822,1.6,0.002173372187824464,1.9,-0.013762661242010765,1.8,0.032035040638406696,1.9,0.0028254916077156446
2026-02-03,2026-02,110,108,0.049369970470887904,0.030158078562060625,0.08142217742585206,-0.15160374834345264,-0.033194980610068134,0.0686866240602515,0.050343754930910894,-0.012146332258114487,0.06589101462862713,0.12070869869035007,0.04998207509810006,0.07066487746481692,1.090909090909091,0.027430805834787898,1.7272727272727273,-0.03751316242824995,1.8181818181818183,-0.016691786803569034,1.5454545454545454,0.046118438734463696
2026-02-04,2026-02,109,108,-0.03737373737373737,0.029079079513899785,0.0890509914444803,-0.254317306836642,-0.07570382712309623,0.08567536086800406,0.025790010193679918,0.03506367169410385,0.09810203128979349,-0.092540079696043,-0.030067236786705198,0.07784509372744344,1.1818181818181819,0.026124534059354332,1.6363636363636365,-0.07979473621400532,1.6363636363636365,0.03097276260319476,1.6363636363636365,-0.03415814587761429
2026-02-05,2026-02,126,125,-0.05000674915635545,-0.05133512204492426,0.08323940307680255,0.0165770658301965,0.014040436837675169,0.0764505211816342,0.09124559430071241,-0.0006023411225931456,0.08572975085031614,-0.06702062242219722,-0.03829007427074943,0.06950533820489123,1.5833333333333333,-0.0552934553782576,1.5833333333333333,0.010082103504341836,1.75,-0.004977341122593146,1.6666666666666667,-0.042456740937416096
2026-02-06,2026-02,94,94,-0.09662970053823647,-0.007745488948511445,0.08845202435649491,-0.2561807331695162,-0.08774477917426624,0.07056394353056994,-0.029512697323266987,0.03788091471014973,0.0763543698042442,0.03300942816891233,-0.02044097640700943,0.08935984070662077,1.25,-0.010870488948511444,1.8333333333333333,-0.09232811250759956,1.8333333333333333,0.0332975813768164,1.5,-0.02419097640700943
2026-02-09,2026-02,89,88,0.012461695607763024,0.032521326199089685,0.08563702262753081,0.2144845374687463,0.050860091409217406,0.08695779122863206,0.07902621722846442,0.011269516495433878,0.10191601488620415,-0.18229485869935308,-0.04685736580895418,0.073810138607601,1.4444444444444444,0.028910215087978575,1.7777777777777777,0.04641564696477296,1.6666666666666665,0.007102849828767212,1.7777777777777777,-0.051301810253398625
2026-02-10,2026-02,98,98,0.026260926113650707,-0.0035574012524862923,0.08203440191353592,0.016808973555944722,-0.01710861711227611,0.06684937581278488,-0.015575489802293925,-0.045882642514371304,0.06316556032994408,0.0807974548769836,-0.012359439068491754,0.07204088405541849,1.0,-0.006057401252486293,1.6,-0.02110861711227611,1.7,-0.0501326425143713,1.8,-0.016859439068491754
2026-02-11,2026-02,94,92,-0.22558971209767728,-0.033374390434982346,0.07984946641067071,-0.0768991780967764,-0.01758908521469439,0.07425584560107201,-0.07260051295018603,-0.08821202969321039,0.06891620724434369,-0.20566412599790485,-0.023192637881382445,0.06860799245228473,1.3,-0.03662439043498235,1.6,-0.02158908521469439,1.7,-0.09246202969321039,1.8,-0.027692637881382445
2026-02-12,2026-02,114,110,-0.06185779955853466,0.014617982283739266,0.09387359777581247,-0.15117418333212684,0.025816560409531005,0.07101889437407453,0.11638889451408437,0.03393411925082233,0.07763195232792325,0.13069399161620868,0.05254229233439596,0.07694561284683116,1.3636363636363635,0.011208891374648358,1.8181818181818181,0.02127110586407646,1.9090909090909092,0.029161391978095055,1.6363636363636362,0.04845138324348687
2026-02-13,2026-02,88,87,-0.021961184882533197,-0.029053849003765987,0.08150609120297733,0.12857576875086502,0.04223370815119496,0.08959655068432676,0.11582895988165264,0.0318985671247872,0.0829449027460214,0.06741573033707865,0.03514123482596539,0.06461862083317693,1.4545454545454546,-0.032690212640129626,1.8181818181818181,0.037688253605740414,1.8181818181818181,0.02735311257933265,1.5454545454545454,0.031277598462329026
2026-02-17,2026-02,120,117,0.07006736578929092,0.005996619461386467,0.08062170604736697,0.294648639620016,0.08361973071018994,0.07617848808998234,0.006278213764844781,0.009107997235420617,0.07018842299652073,-0.0076463643308563095,0.008557846161290258,0.07787380018001552,1.25,0.002871619461386467,1.6666666666666665,0.07945306404352327,1.6666666666666665,0.00494133056875395,1.5833333333333333,0.004599512827956925
2026-02-18,2026-02,108,106,0.03310564272580906,0.012283917079657227,0.07992590507708594,0.04917732179487433,0.009506756379595336,0.06715506890481196,-0.10873893699924739,-0.025496689656307015,0.0666226881551805,-0.1823525488963198,-0.0382216131689561,0.06179147408641056,1.25,0.009158917079657228,1.8333333333333333,0.0049234230462620035,1.6666666666666667,-0.029663356322973684,1.6666666666666667,-0.042388279835622766
2026-02-19,2026-02,96,95,0.1444384156266956,0.02702703871474509,0.07102268341900984,-0.04924116711228382,-0.011162925447523425,0.08024979106165511,0.21190992946283232,0.16697527103533263,0.06415595817677056,-0.022653282691264244,-0.040859774361370935,0.04985042743878049,1.3636363636363638,0.02361794780565418,1.9090909090909092,-0.015935652720250697,1.8181818181818183,0.1624298164898781,1.7272727272727273,-0.04517795617955275
2026-02-20,2026-02,90,88,0.14323579042680165,0.03471133060103853,0.07618233468987873,-0.04561207104817818,-0.030424792036676734,0.06849476996097656,0.19265752973618142,-0.010697965956466337,0.06609877164581231,-0.10624356916491748,-0.01096594051565621,0.07199252850889959,1.3,0.03146133060103853,1.8,-0.034924792036676734,1.9,-0.015447965956466338,1.7,-0.015215940515656211
2026-02-23,2026-02,93,92,0.021895877084830064,0.04938917291719781,0.06633424488073676,-0.07969203453562021,-0.06293387970183723,0.09090267144719731,-0.0010295165375490798,0.01563165239062201,0.06991148005060169,-0.12174406069756111,0.036501060597949615,0.04841274893080841,1.3333333333333333,0.04605583958386448,1.8888888888888888,-0.06765610192405945,2.0,0.010631652390622009,1.7777777777777777,0.03205661615350517
2026-02-24,2026-02,110,109,0.2257061064400514,0.02142932268725553,0.07911410401688149,-0.0025969341808710577,-0.041094864891235136,0.06577244814146253,0.09957396929873995,0.0732015935006466,0.09281861360745725,0.13484660640623944,0.06991671828916424,0.0793317688912684,1.3636363636363635,0.01802023177816462,1.9090909090909092,-0.04586759216396241,1.9090909090909092,0.06842886622791933,1.8181818181818181,0.06537126374370969
2026-02-25,2026-02,120,116,0.1073407875546913,0.02073910813950623,0.09059971100267324,-0.08911646422498895,-0.04575393977591356,0.07613409698018381,0.09358983262726578,0.01332936168030808,0.07534220190386018,0.09789568720050003,0.04271865178213848,0.07986247237955266,1.1666666666666667,0.01782244147283956,1.8333333333333333,-0.0503372731092469,1.9166666666666667,0.008537695013641412,1.75,0.038343651782138485
2026-02-26,2026-02,125,121,-0.062285714285714285,-0.0011820375191379517,0.08266188905580527,-0.27012574199736633,-0.07198761315170776,0.07855268318688627,-0.021069124423963134,-0.12396717453839212,0.09303766659764792,-0.03719815668202765,0.015770195984849737,0.07984127848424609,1.3333333333333333,-0.004515370852471284,1.8333333333333333,-0.07657094648504109,1.9166666666666665,-0.1287588412050588,1.9166666666666665,0.010978529318183071
2026-02-27,2026-02,112,110,-0.04839067892165237,-0.041237442745835406,0.07928746829373179,-0.06323904714208091,-0.00631409509018184,0.08195367302587153,-0.025199029623808385,0.00930459284434943,0.07532743535498534,-0.005817131923326614,0.013330676642756112,0.07370348417894415,1.5,-0.04498744274583541,1.9166666666666667,-0.011105761756848506,1.75,0.004929592844349429,1.75,0.008955676642756111
2026-03-02,2026-03,99,96,0.040247371675943104,-0.09965983750783225,0.09858530234390109,-0.014144306585405013,-0.030183318002290058,0.08000055209823209,-0.1609400123685838,-0.054697378774976366,0.07003451411016035,-0.07529993815708101,-0.029829428071280063,0.07638774377285308,1.8181818181818183,-0.1042052920532868,1.9090909090909092,-0.03495604527501733,1.7272727272727273,-0.059015560593158184,1.8181818181818183,-0.03437488261673461
2026-03-03,2026-03,93,90,-0.07573745543284982,-0.08686646045496181,0.07796336719298304,-0.017570168780753934,0.016846071749729824,0.08349551243344974,-0.16632100388297416,-0.10785807406319965,0.0690449399755304,0.06078691754007686,0.02096508963098726,0.06856763208225608,1.4,-0.09036646045496181,2.0,0.011846071749729823,1.7,-0.11210807406319966,1.7,0.01671508963098726
2026-03-04,2026-03,96,94,-0.05237384698860553,-0.026211565979102742,0.08751630025166984,-0.08691670904190235,-0.02759095740536646,0.08316559362830084,-0.19677156809549648,-0.11396795598014857,0.0726299612328038,-0.013741182854042322,-0.020071276384539993,0.07275957265488954,1.5555555555555554,-0.030100454867991632,1.8888888888888888,-0.03231317962758868,1.4444444444444444,-0.11757906709125968,1.5555555555555554,-0.023960165273428882
2026-03-05,2026-03,93,90,0.03276536062785354,-0.07540714263976733,0.09607069345111546,0.1405800617152375,-0.014797940834291909,0.07265385702209434,0.10119065381516516,-0.0293635275787173,0.07734998947937358,0.02854286652144072,-0.03589767242944327,0.07169973779825795,1.222222222222222,-0.0784626981953229,2.0,-0.01979794083429191,1.7777777777777777,-0.03380797202316174,1.3333333333333333,-0.039231005762776605
2026-03-06,2026-03,86,84,-0.02908627765460635,-0.053279429932062375,0.08158540589776718,0.14254647692087694,0.02666829168541593,0.0603691011575197,-0.09308929666493702,-0.07906577432663732,0.06999533183198198,-0.16356431907165433,-0.036180904175397655,0.06327742662477773,1.3333333333333333,-0.05661276326539571,2.0,0.021668291685415928,1.7777777777777777,-0.08351021877108177,1.6666666666666665,-0.04034757084206432
2026-03-09,2026-03,86,81,0.03933204396433794,0.00266660568165962,0.0907452199123075,-0.008736549633742938,0.011666638959027087,0.06317539732088874,0.04763432237369687,0.010846112534506763,0.06439623365414918,-0.014557290438228218,-0.012286629388648218,0.056205473966583326,0.625,0.00110410568165962,1.75,0.0072916389590270865,1.75,0.006471112534506763,1.75,-0.01666162938864822
2026-03-10,2026-03,82,82,0.18420565731761734,0.0076712082180163815,0.09471601630333933,-0.10317110481319697,-0.06520930402834621,0.10882375570687303,0.1114811549721923,0.026395866724298,0.0660000083024408,0.059413806989475515,0.03738802860201637,0.07304200752437974,1.125,0.004858708218016382,2.0,-0.07020930402834621,1.75,0.022020866724298,1.5,0.03363802860201637
2026-03-11,2026-03,81,81,-0.006458897922312556,-0.0009653763562568057,0.08708177900125122,-0.19087033855670493,0.050548193251569645,0.07714136224708805,-0.09279584462511292,-0.04827523134096233,0.06940741527911283,-0.11592140921409214,0.03614564926806835,0.05071471291455245,1.375,-0.004402876356256805,1.875,0.04586069325156965,1.75,-0.052650231340962333,1.625,0.03208314926806835
2026-03-12,2026-03,81,80,0.021883468834688346,-0.01088880579555393,0.0975186915580825,-0.12159786638956759,0.03709189662197125,0.05940793252046865,0.023667570009033422,0.0022365338185949823,0.08965249104733466,0.14096657633242998,0.031072283186730318,0.0679981665796836,1.125,-0.013701305795553929,2.0,0.032091896621971254,1.625,-0.0018259661814050178,1.375,0.02763478318673032
2026-03-13,2026-03,62,62,-0.10437913928130745,-0.04420456621656882,0.07731576930935505,-0.1373813188525704,-0.07204054754235704,0.05429806541206808,-0.025257485331520235,-0.02717438115701935,0.06936015725677494,0.04464757875651583,0.004943623751853532,0.057776409202128606,1.625,-0.048267066216568816,1.625,-0.07610304754235704,2.0,-0.03217438115701935,1.625,0.0008811237518535318
2026-03-16,2026-03,78,76,0.004059231907333173,-0.08068576340057998,0.09142688515016514,-0.01956816043993264,-0.01846913775637414,0.06962520133200818,0.1470554761694002,0.03492146318551902,0.08085639605965902,0.09169311700957271,-0.007690376729730039,0.07628872050932847,1.5,-0.08443576340057998,2.0,-0.02346913775637414,1.75,0.030546463185519016,1.75,-0.01206537672973004
2026-03-17,2026-03,60,60,0.05590441789385941,0.04386728571223458,0.10116597145647313,-0.0707435780744217,-0.007695372719657793,0.06463350131833495,-0.1180883578771881,-0.08023757624571502,0.08549895327132162,-0.08263406501806057,-0.035428019721094106,0.05354757223755881,1.5,0.04011728571223458,1.875,-0.012382872719657793,1.75,-0.08461257624571503,1.375,-0.03886551972109411
2026-03-18,2026-03,71,71,0.11680080482897384,0.08907553187639036,0.09433050795406626,0.024315803814201425,0.06950992526528932,0.07817798143057733,-0.04463447350771294,0.02931723077065884,0.06712790547727258,0.03450704225352113,0.06520805368712286,0.06364388010935781,1.1428571428571428,0.0862183890192475,1.7142857142857142,0.06522421097957504,1.7142857142857142,0.025031516484944553,1.5714285714285714,0.06127948225855143
2026-03-19,2026-03,69,65,-0.14366094263792473,-0.04903283186067311,0.08927906990964887,-0.02004275316484916,0.08853658709107674,0.09419164812354017,-0.20325173547679942,-0.1298226699248315,0.0802868974779334,-0.0422360248447205,-0.09088573522609493,0.06519251051595315,1.5714285714285714,-0.052961403289244535,1.857142857142857,0.0838937299482196,1.7142857142857142,-0.13410838421054577,1.7142857142857142,-0.09517144951180921
2026-03-20,2026-03,57,56,0.24423126782473426,0.03554768965375169,0.07468312677974084,0.40980340069365495,0.0614186136996116,0.07916388178746894,0.10124449053668655,-0.014759220151068436,0.07988641530455287,-0.09541094114596838,-0.035674280615235934,0.04307431244718078,1.8333333333333333,0.03096435632041836,2.0,0.056418613699611604,2.0,-0.019759220151068436,1.8333333333333333,-0.04025761394856927
2026-03-23,2026-03,65,64,0.11350524475524476,0.10685305352996018,0.07009159000987028,0.029658933495665347,-0.05807795517385851,0.06393328611456967,0.09143356643356643,0.023281697090311082,0.07121030846134857,-0.04938811188811189,-0.008864578108019258,0.04877575153705619,1.6666666666666665,0.10268638686329351,2.0,-0.06307795517385852,1.8333333333333333,0.01869836375697775,1.5,-0.012614578108019258
2026-03-24,2026-03,76,75,0.2660013670539986,0.06815571891467707,0.07438485737507439,-0.03304327620278365,0.007335709833892798,0.06680731084758831,0.3831032125768968,0.06450167718642516,0.04350965454705477,-0.028215994531784007,0.03929969853725676,0.05627129142447493,1.5,0.06440571891467707,2.0,0.0023357098338927977,2.0,0.05950167718642516,1.75,0.03492469853725676
2026-03-25,2026-03,73,72,0.1357213377761323,0.05261089250435559,0.07432161675167442,0.031502379694336106,0.03009436853044805,0.06978031768098222,-0.07204121930149328,0.0520377744809239,0.07023122608370078,0.01906701221769715,0.020437516287340522,0.050773203955753604,1.5,0.04886089250435559,1.75,0.02571936853044805,1.75,0.0476627744809239,1.625,0.016375016287340522
2026-03-26,2026-03,75,74,0.08981507823613087,0.014556041514761895,0.07867280310303149,0.03964776524529119,-0.022802235022803586,0.06355626265183872,-0.12480796586059743,-0.05885170251980176,0.07281895557085716,-0.08728307254623044,-0.026550150427269305,0.058593684613382976,1.2857142857142856,0.01134175580047618,1.7142857142857142,-0.02708794930851787,1.857142857142857,-0.0634945596626589,1.857142857142857,-0.031193007570126448
2026-03-27,2026-03,68,67,-0.10409588884223385,-0.09945035990305212,0.07481699297547183,0.04652717006571262,0.03315357470096952,0.041524414592619394,-0.025117379852654883,-0.04876468663212663,0.06202877305835099,-0.15654464251631867,-0.0634511972320614,0.07442090149310016,1.5714285714285714,-0.10337893133162356,1.857142857142857,0.028510717558112374,2.0,-0.05376468663212663,1.857142857142857,-0.06809405437491854
2026-03-30,2026-03,77,75,0.17771701982228297,-0.06686500101127495,0.09055471257434097,-0.09673984518063607,0.016377722761117444,0.06281889800298897,-0.030811293969188705,-0.0017392224979536075,0.08611278484688675,0.10773437089226563,-0.07587765989826899,0.09297876081215709,1.375,-0.07030250101127494,1.625,0.012315222761117444,1.75,-0.006114222497953608,1.625,-0.07994015989826898
2026-03-31,2026-03,77,76,0.0578368999421631,-0.07204327868870833,0.08829572839266459,0.08799616165991409,-0.003755492380790121,0.081890211565422,-0.06291077343708923,-0.017254275744440523,0.0714216054459994,-0.20537357379462642,-0.09154904856344963,0.08496164621843319,1.5,-0.07579327868870833,1.875,-0.008442992380790122,1.75,-0.021629275744440523,1.5,-0.09529904856344963
2026-04-01,2026-04,72,71,-0.021448324651102964,-0.044803755427893124,0.07914899885613697,0.05050448213167039,-0.009856342441428238,0.07554083128510239,-0.15338606984371986,0.02757552899487235,0.05850084481102666,-0.12727506592063798,-0.016537382169107637,0.058426810742790505,1.75,-0.04917875542789313,1.5,-0.013606342441428238,1.875,0.02288802899487235,1.875,-0.021224882169107638
2026-04-02,2026-04,68,67,-0.09008665114326068,-0.175680474834793,0.07887393301936174,0.044492374717443196,0.00578313120358,0.05714097197955208,0.24628774287132113,0.11043064945088735,0.05381940701519389,0.01343665305187617,-0.09127298221253585,0.04521777132281163,1.0,-0.178180474834793,1.857142857142857,0.0011402740607228574,1.857142857142857,0.1057877923080302,1.857142857142857,-0.095915839355393
2026-04-06,2026-04,80,78,-0.1639240506329114,-0.1509811645659312,0.07306423169711614,0.15118909488114196,0.03143200725646968,0.06298932471153505,-0.2254336615096109,-0.12842214048699496,0.07331744194867115,-0.12812939521800282,-0.1389313324376325,0.05483376168949521,1.625,-0.1550436645659312,1.75,0.027057007256469676,1.75,-0.13279714048699495,1.5,-0.1426813324376325
2026-04-07,2026-04,57,57,-0.12503240860772621,-0.13611543418476135,0.09231400717325086,0.17863857712252723,-0.05410672719906532,0.07458465947216664,-0.04595540575576873,-0.09477103135110368,0.06489497844234957,-0.2113041223749028,-0.1780536457264433,0.07395391566614237,1.375,-0.13955293418476136,2.0,-0.05910672719906532,1.75,-0.09914603135110368,1.5,-0.1818036457264433
2026-04-08,2026-04,62,60,-0.3181738057465186,-0.22125404638010382,0.1258819666469683,0.22547168465014764,-0.037450212248706115,0.06864303774386714,-0.1111782629498124,-0.20590792006677985,0.11587718633110142,-0.24393744806224976,-0.22080895852064358,0.07694597684569404,1.3333333333333333,-0.22458737971343715,1.8333333333333333,-0.04203354558203945,1.5,-0.20965792006677986,1.5,-0.2245589585206436
2026-04-09,2026-04,69,69,-0.18615272195834856,-0.16719736580563832,0.09163841720200794,-0.12013411350252465,-0.047760722703247716,0.09789154433801608,0.07756667884545122,0.05965382362477394,0.06906997767369394,-0.2970405553525758,-0.14134631543751305,0.05634229786224979,1.4285714285714284,-0.17076879437706688,1.857142857142857,-0.05240357984610486,1.5714285714285714,0.055725252196202515,1.4285714285714284,-0.1449177440089416
2026-04-10,2026-04,66,65,0.09199457259158751,-0.01757115945318727,0.07275970121496612,0.022424755571447737,0.04457402639344475,0.06778511734127834,0.053167727794593465,0.020316097079271896,0.04523187416630392,-0.08251748251748252,-0.05224522059995383,0.05366901045814777,1.5714285714285714,-0.021499730881758695,1.4285714285714286,0.04100259782201618,1.7142857142857142,0.01603038279355761,1.7142857142857142,-0.05653093488566811
2026-04-13,2026-04,74,72,-0.05380229544613106,-0.09157071650193985,0.08116167823917778,-0.029325513354086872,0.01952361445129743,0.07486802548406477,-0.03614957423176601,-0.13304272827737076,0.06057124121866328,0.03662347278785635,0.010824696701974557,0.05574312696038246,1.1428571428571428,-0.09442785935908271,2.0,0.01452361445129743,1.857142857142857,-0.1376855854202279,1.7142857142857142,0.0065389824162602715
2026-04-14,2026-04,84,83,-0.13080895008605853,-0.195658862487946,0.08315852014553424,-0.02025213936581327,-0.07518087047264883,0.05758420488478211,-0.038594714994431505,0.019103587069223715,0.0588451276617815,-0.011643211501468057,-0.011781483878309074,0.0631133160970379,1.0,-0.198158862487946,1.875,-0.07986837047264883,1.875,0.014416087069223715,1.75,-0.016156483878309074
2026-04-15,2026-04,68,68,-0.25590716494255067,-0.14243656668026383,0.08504055272455745,-0.20428968824280033,-0.11070012397731492,0.04838597698916913,-0.12432721303966103,-0.06748980412913158,0.08065594391869053,-0.09077375271977707,0.0473682969748939,0.05568269069890498,1.125,-0.14524906668026383,2.0,-0.11570012397731493,1.875,-0.07217730412913158,1.875,0.0426807969748939
2026-04-16,2026-04,74,73,-0.2614883376527212,-0.0652997103480235,0.09716020732386746,0.3221865143661125,0.06993677824940697,0.09193479253784581,0.0038356164383561643,0.03457219711012406,0.0881868554882167,0.08709366901147723,0.03265507372958022,0.06837345960900526,1.1428571428571428,-0.06815685320516636,2.0,0.06493677824940697,1.857142857142857,0.02992933996726692,1.7142857142857142,0.028369359443865937
2026-04-17,2026-04,66,64,0.048491806700761926,0.0021585861289884108,0.08627214543988344,-0.012525965337474227,-0.019650464151143337,0.0670628916734481,-0.02168875900219184,0.02210537156012025,0.07292597181643845,0.13199039766203946,0.031815978893836694,0.057204052014895264,1.4285714285714284,-0.0014128424424401601,1.7142857142857142,-0.023936178436857622,1.7142857142857142,0.017819657274405966,1.7142857142857142,0.02753026460812241
2026-04-20,2026-04,87,86,0.01673106364365386,0.05194646212172204,0.10483545145004618,0.0122575824181128,-0.012638795094180016,0.07469277757248548,-0.020850040096230954,0.027798950135163338,0.07356861362355835,0.07408689946781366,0.07057651322889184,0.08819830752688666,1.3333333333333333,0.04861312878838871,1.8888888888888888,-0.017361017316402237,1.6666666666666665,0.023632283468496672,1.7777777777777777,0.0661320687844474
2026-04-21,2026-04,88,85,0.19099362474023457,0.13272767548785985,0.11555253861497163,-0.05459951566937496,0.06458794898580168,0.0658982844161913,0.05452432108766863,0.03874224529749058,0.08175470653995515,0.01292663167905322,-0.004608434739564127,0.08774896940419469,1.2222222222222223,0.1296721199323043,1.6666666666666665,0.06042128231913502,1.5555555555555556,0.034853356408601696,1.0,-0.007108434739564127
2026-04-22,2026-04,100,96,0.127992799279928,0.14517981023877208,0.10841696872334736,-0.10624750574360385,0.007018374319314694,0.058914381141342106,0.23981998199819982,0.08151799953609538,0.0826529891436481,-0.001332133213321332,0.10653971175923305,0.07562467358348413,1.2,0.14217981023877208,1.9000000000000001,0.0022683743193146937,1.7,0.07726799953609538,1.5,0.10278971175923304
2026-04-23,2026-04,92,88,0.19368709831542932,0.12794032689253237,0.10316177508227517,-0.3043050569654191,-0.09014385577893819,0.05855828184987901,0.1847787556062451,0.07736896877820032,0.07157535269785611,0.0036064916850330597,0.10273962859706998,0.07191801985705212,1.2,0.12494032689253237,1.9,-0.09489385577893819,1.7,0.07311896877820032,1.4,0.09923962859706997
2026-04-24,2026-04,63,63,0.07762096774193548,0.0049784593298383695,0.09720737138159043,-0.3032092372422902,-0.12134437799955541,0.056415776498019606,0.27203341013824883,0.0826735902314628,0.07388508963242937,-0.01728110599078341,0.04451447201725578,0.07114189162630824,1.4444444444444444,0.001367348218727259,1.7777777777777777,-0.12578882244399986,1.7777777777777777,0.07822914578701835,1.3333333333333333,0.041181138683922446
2026-04-27,2026-04,87,85,-0.05327331049063206,-0.036687974152853936,0.09981522677464637,-0.016041590570228987,0.04639885519371016,0.060807735953947784,0.004829773274039513,0.04773273869292251,0.0674254365534367,0.09949332944521397,0.07380277968235013,0.0778493735428867,1.375,-0.04012547415285394,1.875,0.041711355193710165,1.75,0.043357738692922504,1.75,0.06942777968235013
2026-04-28,2026-04,80,79,0.2319971870604782,0.052004872567076824,0.09003493925550649,-0.15445977605686306,0.0657116760030987,0.04801957845189097,0.19714017815283638,0.0050725895239607105,0.08665624528125548,0.3456165025785279,0.053433576289425355,0.08492513653525957,1.375,0.04856737256707682,1.75,0.061336676003098695,1.75,0.0006975895239607101,1.625,0.04937107628942536
2026-04-29,2026-04,131,128,-0.0891421555543693,-0.04920051649066981,0.06623771951704628,-0.06213948281741644,0.019678715863522545,0.04852259345447807,-0.054646879837719535,0.00988155674599496,0.07380464604845202,-0.0036726632146479475,0.01785004498214101,0.0593759934579077,1.6923076923076923,-0.05343128572143904,1.8461538461538463,0.01506333124813793,1.8461538461538463,0.005266172130610345,1.6923076923076923,0.01361927575137178
2026-04-30,2026-04,109,107,0.019970345658419052,0.060290396850575356,0.08165799501517423,0.0026815244415180437,-0.03619878275974562,0.05654869572505924,0.21122231489203966,0.08395014030269762,0.06897827330992148,0.11403021036048559,0.09306830909472671,0.06836078625173331,1.4615384615384617,0.0566365506967292,1.6923076923076923,-0.04042955199051485,1.8461538461538463,0.079334755687313,1.7692307692307694,0.0886452321716498
2026-05-01,2026-05,110,108,0.021211369835223048,0.03529699834459383,0.07412080636639212,-0.015662547418584315,-0.005439170296481569,0.0831774807505049,-0.18670062890246378,-0.03338399866350578,0.09151047762754129,-0.056871717422176137,-0.0057277400598797785,0.06785940607040193,1.7272727272727273,0.03097881652641201,1.7272727272727273,-0.009757352114663387,1.8181818181818183,-0.03792945320896033,1.7272727272727273,-0.010045921878061597
2026-05-04,2026-05,125,122,0.06036251920122888,0.05624626762827076,0.08824206605313059,0.03772952181099955,-0.002372206831419487,0.061624165574951255,0.1298863287250384,0.01741605767375997,0.08091679924395843,0.1194715821812596,-0.008036207630348818,0.07999150276499516,1.25,0.053121267628270755,1.75,-0.0067472068314194875,1.75,0.01304105767375997,1.5833333333333333,-0.011994540963682151
2026-05-05,2026-05,130,127,0.09354490707233473,0.08401755797054221,0.09081718292551397,0.10280199485195546,0.04721234570263154,0.05631780686921821,0.035043493697851945,0.03311710747541066,0.09356093560276388,0.15105217878163024,0.026113484948648718,0.08741649216061972,1.2307692307692308,0.08094063489361913,1.9230769230769231,0.042404653394939235,1.8461538461538463,0.028501722860026047,1.5384615384615383,0.02226733110249487
2026-05-06,2026-05,102,100,-0.046542004286093945,-0.012105670794789442,0.10604929939477699,0.031072408058823688,0.0173297180699767,0.07348730667419567,-0.15695133191217467,-0.05136490743630496,0.08541329990366073,-0.05828069957195605,-0.06769548958775018,0.08417407544394222,1.2307692307692308,-0.01518259387171252,1.8461538461538463,0.012714333454592084,1.6153846153846154,-0.0554033689747665,1.3076923076923077,-0.07096472035698095
2026-05-07,2026-05,129,126,0.009984347048300537,0.06910605536427965,0.09457786359742495,-0.06680581120684856,0.010856044829183422,0.06343223056209935,0.0026945438282647586,0.027560080613317002,0.10642266906558916,0.09149709302325582,0.06945927921784524,0.08822258565839201,1.6153846153846154,0.06506759382581812,1.9230769230769231,0.006048352521491114,1.6923076923076925,0.02332931138254777,1.6153846153846154,0.06542081767938371
2026-05-08,2026-05,95,89,0.037891937290033595,0.05294818790899274,0.08363556404919259,0.23061389581947628,0.09087191549177862,0.09022773750683544,0.15323348264277717,-0.0065778340740316014,0.08663149896459862,0.03412653975363942,0.008250408479099783,0.07114891522297555,1.4615384615384615,0.04929434175514659,1.7692307692307692,0.0864488385687017,1.6923076923076923,-0.010808603304800832,1.5384615384615383,0.004404254632945937
2026-05-11,2026-05,117,110,-0.020500831722339612,0.019985861334910326,0.0785168710390052,0.0667754549477162,0.07134514470001066,0.06843083676864499,-0.008691873098652759,-0.0127895935785668,0.08216343383522767,-0.05003072127560731,-0.012279532281090508,0.07586617073840182,1.3636363636363635,0.01657677042581942,1.8181818181818181,0.06679969015455611,1.7272727272727273,-0.01710777539674862,1.4545454545454546,-0.015915895917454143
2026-05-12,2026-05,88,87,0.155630305378465,0.0742854254836386,0.08683225635286265,-0.22143068681414385,-0.054564615873765515,0.08772813664240639,0.12576168504103413,0.1005142130474685,0.08422474214535448,0.16744743052375752,0.07205239388611338,0.07535226863851077,1.3636363636363635,0.0708763345745477,1.8181818181818181,-0.05911007041922006,1.9090909090909092,0.09574148577474123,1.7272727272727273,0.06773421206793157
2026-05-13,2026-05,93,91,0.014995076243621498,0.03164271426969702,0.08193323614456802,0.013230154077316762,0.013408425747306683,0.06406604656298916,-0.04668616275252902,-0.047713175098283905,0.07408420227813038,-0.02539464653397392,0.034063070413640706,0.06910561279564598,1.3333333333333333,0.028309380936363683,2.0,0.008408425747306682,1.7777777777777777,-0.05215761954272835,1.6666666666666665,0.02989640374697404
2026-05-14,2026-05,85,83,-0.06484268125854993,-0.008621558431763487,0.08454171389045984,0.1810754313508861,0.08202481552036431,0.060343304732458226,-0.06583935899941372,0.020887923642559647,0.09085532941600033,-0.08972053937854212,0.0017962657100535628,0.07835296707046543,1.3333333333333333,-0.01195489176509682,1.8888888888888888,0.07730259329814208,2.0,0.015887923642559646,1.5555555555555556,-0.0020926231788353264
2026-05-15,2026-05,85,82,0.06722689075630252,0.009163521189493179,0.06910363304644268,0.03435301082044746,0.1586726705458435,0.06095966444174708,-0.03986710963455149,-0.0005702260206332382,0.07331133464408639,0.06779362907953879,0.017273297014533867,0.0682504870064572,1.375,0.005726021189493179,1.5,0.1549226705458435,1.75,-0.004945226020633239,1.625,0.013210797014533867
2026-05-18,2026-05,71,70,0.10040241448692153,-0.010842896299027682,0.07620528606540057,-0.01648333225251848,-0.037232390306553044,0.050918241148115065,0.15211267605633802,0.04473149012240399,0.05941750577379694,0.16619718309859155,0.12788935644620192,0.0552686105301843,1.25,-0.013967896299027682,1.75,-0.04160739030655304,1.875,0.04004399012240399,1.875,0.12320185644620192
2026-05-19,2026-05,92,92,0.21190450503213476,0.0446168855469634,0.08322409647983803,0.20242550123992337,0.13107653780136677,0.0796984958294637,0.01055746497541729,0.04323357530446156,0.053449400079941374,0.021561888322056626,0.005539766464409915,0.05907618905811163,0.8888888888888888,0.04239466332474118,1.6666666666666665,0.1269098711347001,1.8888888888888888,0.03851135308223934,1.8888888888888888,0.0008175442421876926
2026-05-20,2026-05,82,80,0.2382755956073617,0.014973094543731955,0.08076730963080322,0.13980853196572512,0.011045171949342236,0.06434189848376312,0.17815435182464273,0.046590776525605254,0.07160917660920749,0.13860394752084026,0.05969383182738426,0.05773501522230794,1.0,0.012473094543731954,1.6666666666666665,0.00687850528267557,1.7777777777777777,0.04214633208116081,1.7777777777777777,0.055249387382939816
2026-05-21,2026-05,78,76,0.03764589840539208,0.026012793858610578,0.07709549930395226,0.1369925391446589,0.09626679941698535,0.07518618063075226,0.019107474803677336,0.04424451899536347,0.05131958059603467,-0.08830410096232881,-0.09954835598035895,0.050438943318667384,1.125,0.02320029385861058,1.75,0.09189179941698535,1.75,0.039869518995363465,1.375,-0.10298585598035895
2026-05-22,2026-05,61,61,-0.04986779481755685,-0.1127527290183965,0.07145192582565033,0.03778623940976044,0.09019251244115972,0.07489500193561652,0.1400846113167636,0.001886651580844445,0.06088394221306345,0.13934426229508196,0.05597459778898537,0.06912468537020636,1.25,-0.1158777290183965,1.75,0.08581751244115972,1.875,-0.0028008484191555548,1.875,0.051287097788985374
2026-05-26,2026-05,89,88,-0.04611848825331971,-0.0635018947751011,0.08082305164455524,0.07064051523221554,0.02976418751103492,0.07391463593052683,0.019543752128021792,-0.05753676473234816,0.06348825991164554,-0.07260810350697991,0.03974353274439257,0.07470614933800568,1.222222222222222,-0.06655745033065666,1.8888888888888888,0.0250419652888127,2.0,-0.06253676473234816,1.7777777777777777,0.03529908829994813
2026-05-27,2026-05,63,61,0.14516129032258066,0.12953679595800033,0.1092307594689742,0.03771682515760064,-0.01566163779279508,0.07869234007216849,0.130568356374808,0.06911143649086054,0.10781581298820123,0.021793394777265745,0.032537855529809125,0.08098947427967079,1.6666666666666665,0.12537012929133365,1.7777777777777777,-0.020106082237239524,1.8888888888888888,0.06438921426863832,1.5555555555555554,0.028648966640920235
2026-05-28,2026-05,67,67,0.2302657833825525,0.08771289061060444,0.07071455856283104,0.07917789086680559,0.031022478256384284,0.06285984008837187,0.05323649134009099,-0.02980624842879038,0.07645647809885632,-0.02418389336738766,0.011391718658473174,0.0616846208731299,1.4285714285714284,0.08414146203917587,1.7142857142857142,0.02673676397067,2.0,-0.034806248428790376,1.5714285714285714,0.007463147229901745
2026-05-29,2026-05,58,58,0.1091697683718355,0.03553163105036711,0.11553172491630911,-0.07225913624681325,-0.06669406875218147,0.07536473768141674,0.2328893537174321,0.10469347973641027,0.10228544165166892,0.008643760189485988,0.03157299524069999,0.08361671482697479,1.857142857142857,0.030888773907509964,1.857142857142857,-0.07133692589503861,2.0,0.09969347973641027,1.857142857142857,0.026930138097842844
2026-06-01,2026-06,75,75,-0.03294452347083926,0.004673251977600518,0.09414542341598349,-0.04077045642198505,-0.023843131870879677,0.07510669230999537,-0.22677098150782363,-0.06263912895346226,0.05558353920548188,-0.22261735419630158,0.01973681764081149,0.06372938369774407,1.75,0.0002982519776005173,1.625,-0.027905631870879678,1.875,-0.06732662895346225,2.0,0.01473681764081149
2026-06-02,2026-06,62,61,0.09813401828208809,0.191363158762232,0.12286863480479202,-0.1260387812033994,0.03569511852567249,0.05078314662009027,0.09007579763793408,0.23616201384648403,0.06393545048416484,0.09808365440306212,0.20598269203216882,0.08614612966883231,1.375,0.187925658762232,1.875,0.03100761852567249,2.0,0.23116201384648402,1.75,0.20160769203216883
2026-06-03,2026-06,59,58,-0.18737580362361192,-0.059272637532890415,0.1130094540961867,-0.5070595719475981,-0.19773032074115063,0.09091529719145294,0.03290473407364115,0.024490322519312227,0.08902636058118708,-0.09760374050263004,0.006720878788671426,0.06783010325818706,1.1666666666666665,-0.06218930419955708,1.8333333333333333,-0.20231365407448396,2.0,0.019490322519312226,1.5,0.0029708787886714265
2026-06-04,2026-06,63,63,-0.08995775729646698,-0.060655196041698126,0.11234786143091949,-0.20026167429687358,-0.06912016598405156,0.070675628519661,0.11237519201228878,-0.069741960371965,0.07372209702092673,-0.11511136712749616,0.02411647718557512,0.06386683518264935,1.0,-0.06315519604169813,1.8333333333333333,-0.07370349931738489,1.8333333333333333,-0.07432529370529833,1.5,0.02036647718557512
2026-06-05,2026-06,57,57,-0.1593207155820586,-0.1580888502852737,0.09335476470716934,-0.21700024448845398,-0.0591791602294669,0.059061111654696685,-0.2545372050816697,-0.049228218893350516,0.060759311045157846,0.1639227378791807,0.04272065816120859,0.052690850684085466,1.3333333333333333,-0.16142218361860702,1.8333333333333333,-0.06376249356280023,1.6666666666666665,-0.05339488556001718,1.3333333333333333,0.039387324827875256
2026-06-08,2026-06,71,71,0.010831656606304493,0.022063148213376817,0.09633157471361545,-0.16100821092967418,-0.062242814008505905,0.054616819601551764,0.1613346747149564,-0.00819046263333215,0.06301130608793529,0.3250167672702884,0.1029799328595303,0.06228663413671623,1.4285714285714284,0.018491719641948248,1.5714285714285714,-0.06617138543707733,1.857142857142857,-0.012833319776189293,1.7142857142857142,0.09869421857381602
2026-06-09,2026-06,62,62,0.0725491677368991,-0.027840348316076145,0.11535291217567978,0.19603250708456743,0.03614198622699997,0.07696457031757341,0.1127899070786432,-0.03409088773781551,0.07857705935901785,0.047216136586839916,0.03173257046193635,0.09171031925453992,1.1428571428571428,-0.030697491173219002,1.7142857142857142,0.03185627194128568,1.857142857142857,-0.03873374488067265,1.5714285714285714,0.027803999033364925
2026-06-10,2026-06,73,73,0.0013883746760459089,0.02125602057920057,0.11221953056119874,0.22565091965624712,0.011562373643166066,0.06271207068628985,0.08623349376774034,-0.001337021105468374,0.07092042586199164,0.14368135258546216,0.059661124900082095,0.05468194310644246,1.2857142857142856,0.018041734864914855,1.4285714285714284,0.007990945071737495,1.857142857142857,-0.005979878248325516,1.857142857142857,0.05501826775722495
2026-06-11,2026-06,78,77,0.047939402369782114,0.0064787767797909734,0.11936690155199964,0.33856251337296944,0.12805301321891416,0.06136169642577446,0.018854563158360628,0.0011316316419501538,0.08797976509650357,-0.004413308210776565,0.013149023455357067,0.09180389094251841,1.0,0.003978776779790973,1.875,0.12336551321891416,2.0,-0.0038683683580498463,1.75,0.008774023455357067
2026-06-12,2026-06,64,64,-0.043315018315018314,-0.04825373852927539,0.09972436519952355,0.018343372237530756,-0.00588769082345153,0.07340927265084446,0.09212454212454213,0.0378811037713086,0.06372857201919853,0.017078754578754577,0.002610978043660709,0.0603806605708546,1.5,-0.052003738529275395,2.0,-0.010887690823451531,1.875,0.0331936037713086,1.75,-0.0017640219563392913
2026-06-15,2026-06,87,86,0.15586498505504118,0.02880337487395985,0.08788794013064197,0.21516726518000157,0.08171402771677334,0.05656314512740039,0.02086826565575563,0.020892537997857397,0.07726372066209633,0.1444011081140191,0.1180675120490618,0.08057845044152857,1.3333333333333333,0.025470041540626515,2.0,0.07671402771677334,1.7777777777777777,0.01644809355341295,1.7777777777777777,0.11362306760461735
2026-06-16,2026-06,66,65,-0.060849598163030996,0.030338330804972925,0.08716798327135665,0.1136022044335698,0.005173994978987888,0.06094951812561601,0.1076923076923077,0.017634387690676545,0.07858502140860904,0.018975054795950318,0.03966739019035735,0.08687760490224986,1.3333333333333333,0.02700499747163959,2.0,0.00017399497898788752,1.8888888888888888,0.012912165468454324,1.6666666666666665,0.035500723523690686
2026-06-17,2026-06,59,59,0.052133255406195206,0.04881872885180173,0.10947667203538208,0.013152703117806957,0.07769021073661758,0.06831311414986614,-0.06890707188778492,0.016526621958911226,0.08743282875381736,-0.06925774400935125,-0.030028895018633636,0.10055821090757215,1.3333333333333333,0.0454853955184684,1.6666666666666665,0.07352354406995092,1.8333333333333333,0.011943288625577895,1.6666666666666665,-0.0341955616853003
2026-06-18,2026-06,61,61,-0.04436805922792173,0.03941859510499558,0.12019890205613726,0.09064346821519634,0.06912491719336325,0.05908314590142304,-0.034690639873083025,-0.04185112456590395,0.07034615974460212,0.027921734531993654,0.05712089292450169,0.09153501642352853,1.5,0.03566859510499558,1.8333333333333333,0.06454158386002992,1.5,-0.045601124565903955,1.5,0.05337089292450169
2026-06-22,2026-06,92,92,-0.12175762526393663,0.03679368141974461,0.10206845670584103,-0.13223898454282684,0.0754422868965499,0.0661199191240598,0.14251807098931923,0.1113221760774962,0.08003836387382071,-0.05215541821432425,-0.030277585232159746,0.09512373886850009,1.6666666666666665,0.03262701475307794,1.8888888888888888,0.07072006467432768,1.8888888888888888,0.10659995385527397,1.7777777777777777,-0.03472202967660419
2026-06-23,2026-06,62,62,0.08025484122787137,0.10698570909785837,0.09745704810562839,-0.029238440699947448,-0.05803576816834227,0.0675623254554879,-0.16924781546674725,0.014033447702898695,0.07903259089758749,-0.16894563219259148,0.0015608201714680456,0.10378564222996367,1.4444444444444444,0.10337459798674727,1.8888888888888888,-0.0627579903905645,1.7777777777777777,0.00958900325845425,1.6666666666666665,-0.002605846495198621
2026-06-24,2026-06,69,68,0.18713920350748994,0.14308628831819264,0.0827681981596573,0.09940259802641754,0.027182865425928147,0.07542860310576657,0.09989039093898429,-0.005773568047513104,0.08200595185127763,0.12656192911947386,0.09566014367840163,0.06147177366338383,1.4285714285714284,0.13951485974676409,2.0,0.022182865425928146,1.4285714285714284,-0.009344996618941675,1.4285714285714284,0.09208871510697306
2026-06-25,2026-06,63,59,0.12269585253456221,0.006558392052116483,0.09974411611116402,-0.22018109084025206,-0.10283379169438853,0.05488393390853465,0.013920890937019969,-0.04103906889378255,0.051515065428735116,0.026977726574500767,0.03780510226972513,0.06842244236286486,1.4285714285714284,0.002986963480687912,2.0,-0.10783379169438853,1.857142857142857,-0.045681926036639696,2.0,0.032805102269725134
2026-06-26,2026-06,62,61,0.19790486263251997,0.11587482376334882,0.12947532151916533,0.11299847662069362,0.1277612029697783,0.057230516170312606,-0.1032207700637103,-0.06679751084910761,0.0801696678842051,-0.08916924781546674,-0.01713402851360435,0.0733410838075608,1.3333333333333333,0.11254149043001549,2.0,0.1227612029697783,1.6666666666666665,-0.07096417751577427,1.5,-0.02088402851360435
2026-06-29,2026-06,67,66,0.05175991699257722,-0.08027736669080979,0.1103272891751304,-0.15746931823447932,0.003296548236507456,0.0804318299739723,0.1077500199537074,0.012271143119746659,0.09369179604365337,0.06971825365152845,0.015706583076164682,0.07469542523758073,1.2857142857142856,-0.0834916524050955,1.7142857142857142,-0.0009891660492068292,1.7142857142857142,0.007985428834032374,1.2857142857142856,0.012492297361878967
2026-06-30,2026-06,79,78,-0.12614410905550147,-0.03249428856079299,0.10262979280827086,-0.0808267707008699,-0.0321843758851843,0.08047063110167638,-0.21462999026290167,-0.03778159762390734,0.07639342921046557,-0.06896299902629016,0.012767884662859413,0.06900832410495743,1.0,-0.034994288560792994,2.0,-0.0371843758851843,1.75,-0.042156597623907346,1.625,0.008705384662859413
2026-07-01,2026-07,77,76,-0.06711709343288291,-0.00019525544278584106,0.0910451499092815,-0.2709226221713238,-0.01658729994282089,0.07776130925716965,-0.22598454177401545,-0.04423153072838573,0.06609109923925693,-0.2137862137862138,-0.04587197391357417,0.0662969243268147,1.125,-0.003007755442785841,1.875,-0.02127479994282089,1.75,-0.048606530728385736,1.5,-0.049621973913574174
2026-07-02,2026-07,69,67,-0.020058458165875044,0.012514299434559173,0.0765961346465745,0.1888023102827739,0.08305570368642416,0.07462820502633952,0.10255754475703324,0.020194318798215285,0.053348084018777386,-0.10964559736938254,0.05089680679527559,0.07657312577042238,1.375,0.009076799434559173,2.0,0.07805570368642416,1.75,0.015819318798215284,1.625,0.04683430679527559
2026-07-06,2026-07,81,79,0.021793134598012645,0.04548220179808814,0.09870923527753461,-0.18458081202798235,-0.05111171220204003,0.07695651163346784,-0.04033423667570009,-0.027920925921811876,0.07310422629325973,0.04421860885275519,0.006018509393811405,0.0697573855727116,1.625,0.04141970179808814,1.75,-0.05548671220204003,2.0,-0.032920925921811874,1.875,0.0013310093938114055
2026-07-07,2026-07,61,61,-0.2772607086197779,-0.07846832059910597,0.08906108142500953,-0.015840275161605407,0.0665833987510456,0.06477900779404652,-0.17028027498677947,-0.11351273662113634,0.06977652788595684,-0.15198307773664727,-0.09742805882785674,0.0723836768688971,1.375,-0.08190582059910596,1.875,0.061895898751045605,1.875,-0.11820023662113634,1.75,-0.10180305882785674
2026-07-08,2026-07,51,51,-0.008144796380090498,-0.04525532722112278,0.08716321332001703,-0.07859906334734156,-0.027721225726224666,0.05369701031186692,-0.013031674208144797,-0.034423168608699366,0.06437775021084674,-0.013393665158371041,-0.03383218975574935,0.06848536164871002,1.5,-0.049005327221122774,1.6666666666666667,-0.03188789239289133,1.6666666666666667,-0.03858983527536603,1.8333333333333333,-0.038415523089082686
2026-07-09,2026-07,70,70,-0.0012072434607645875,-0.05649165589404199,0.06328122001485624,-0.15899069203053695,-0.0414886492805237,0.08179805621446426,-0.12945499081445194,-0.004388769812465736,0.04310329678065404,0.10992914005773773,-0.0018676043167290893,0.04374466328415563,1.5714285714285714,-0.060420227322613415,1.8571428571428572,-0.04613150642338084,2.0,-0.009388769812465735,1.8571428571428572,-0.006510461459586232
2026-07-10,2026-07,59,59,-0.09649327878433664,-0.0035566706168402434,0.07882479572925222,0.000584504780573116,0.07319090824557486,0.07421081259582414,-0.09602571595558153,-0.10312528653921887,0.07334604503598334,-0.062419637638807715,-0.06269429193008899,0.044048578433490054,1.4285714285714284,-0.007128099188268814,2.0,0.06819090824557486,2.0,-0.10812528653921888,1.857142857142857,-0.06733714907294613
2026-07-13,2026-07,67,66,-0.01751935509617687,-0.046989403732053694,0.07189284402436596,-0.3645815694369154,-0.04372520008944003,0.07623564331030663,-0.08735733099209833,0.04632425485083919,0.05507142451083499,-0.07027695745869583,-0.012659504940756697,0.03619209398456623,1.4285714285714286,-0.05056083230348227,1.857142857142857,-0.048368057232297174,2.0,0.041324254850839195,1.857142857142857,-0.01730236208361384
2026-07-14,2026-07,60,59,-0.06824117810502918,0.0005497981775525931,0.0985548669260275,-0.44768031918302714,-0.11893997375646313,0.06326072284207543,-0.1313698249513754,0.03252556648120295,0.0714356340561852,0.04945818282856349,0.02004815134104112,0.058190539110077294,1.1428571428571428,-0.002307344679590264,1.5714285714285714,-0.12286854518503457,2.0,0.02752556648120295,2.0,0.015048151341041118
2026-07-15,2026-07,74,73,-0.010410958904109589,0.03021101220955437,0.08115492254340219,-0.1756709874362408,-0.018218764871557255,0.05470980889021748,0.23172158459829692,0.05911154653036556,0.04697944120418427,0.04607182524990744,0.04626909094959873,0.04581781406044363,1.1428571428571428,0.027353869352411513,1.7142857142857142,-0.02250447915727154,1.857142857142857,0.054468689387508415,1.7142857142857142,0.04198337666388445
2026-07-16,2026-07,75,75,-0.2069985775248933,-0.042654774002481216,0.09370368669463258,0.02285242804913675,-0.04180277634122831,0.05893243587724632,-0.21473684210526317,-0.057951127070697064,0.04924547913926363,-0.06503556187766714,-0.06356065982635437,0.06345579025718258,1.25,-0.04577977400248122,1.625,-0.045865276341228306,1.625,-0.06201362707069706,1.5,-0.06731065982635437
2026-07-17,2026-07,74,74,0.0978156238430211,0.07370811578995515,0.11638105741609692,0.10458735984065154,0.028697425562600735,0.07098440054221011,0.11386893743058127,0.0012151838101808546,0.0658956771455096,0.11674194742687893,0.05150658516331652,0.06634276755506349,1.5,0.06995811578995514,1.5,0.024947425562600736,1.625,-0.0028473161898191456,1.5,0.04775658516331652
2026-07-20,2026-07,73,73,-0.06664198445020363,0.0011028348865594262,0.09243785921058204,0.03769218348119578,0.0026651935839658537,0.10161184869893977,-0.03171664815500432,-0.03158636507281048,0.05581924936898403,0.02946439590275207,0.0021237224048690218,0.047206838230913595,0.8571428571428571,-0.0010400222562977164,1.7142857142857142,-0.0016205207017484314,1.857142857142857,-0.03622922221566762,1.5714285714285714,-0.001804849023702407
2026-07-21,2026-07,80,79,-0.10857946554149085,-0.09516818166995067,0.0978367801352217,-0.0295353971319569,-0.022802619780550856,0.0889673091494352,-0.11636193155180496,-0.03941782103526002,0.06622293455176416,-0.12728551336146274,-0.09283794730388396,0.06871503357934716,1.5,-0.09891818166995067,1.75,-0.027177619780550857,1.75,-0.04379282103526003,1.625,-0.09690044730388396
2026-07-22,2026-07,81,81,-0.3352077687443541,-0.16533841599347995,0.07922633946058272,-0.2649257350921679,-0.0961572233446539,0.07194803104837631,-0.2072041553748871,-0.046321793071104025,0.04932664046968453,-0.16041102077687444,-0.04189268882565869,0.05184400786950237,0.875,-0.16752591599347996,1.625,-0.1002197233446539,1.75,-0.05069679307110403,1.625,-0.04595518882565869
2026-07-23,2026-07,86,86,-0.20647200339638663,-0.08364269474579294,0.06054608258799132,-0.38639745752419646,-0.10722838867918033,0.05764142828390176,-0.18696164913439314,-0.08975127259386939,0.06085919116302935,-0.16909288173970471,-0.057964780043543156,0.05622765327545368,1.4444444444444444,-0.08725380585690405,1.7777777777777777,-0.11167283312362478,2.0,-0.0947512725938694,1.6666666666666665,-0.06213144671020982
2026-07-24,2026-07,68,68,-0.14345154025270068,-0.04465235010054325,0.06560722576806845,-0.3024281331794429,-0.06105224331763385,0.07177939931175263,-0.033057220292399894,-0.0556175371467227,0.04884738756872267,-0.26159483910371417,-0.06812765992069551,0.036930641559383165,1.5555555555555554,-0.048541238989432134,1.6666666666666665,-0.06521890998430052,1.7777777777777777,-0.06006198159116714,1.7777777777777777,-0.07257210436513996
2026-07-27,2026-07,66,66,-0.17724663396305188,-0.017930552493244333,0.09389904674567484,0.09666475404271022,0.050537813158724534,0.04769661069376141,-0.0775493163552865,-0.0024505234478549645,0.04930471279532971,0.06101659534495355,0.05878708462448393,0.05015235883724037,1.1428571428571428,-0.02078769535038719,1.857142857142857,0.04589495601586739,2.0,-0.007450523447854965,1.857142857142857,0.05414422748162679
2026-07-28,2026-07,71,70,0.1698524480214621,0.05527718050395283,0.11084364682095066,0.17576631604364062,0.014452416066416151,0.07245869946337327,0.19862508383635144,0.04710092174142905,0.054612793409186,0.0892018779342723,0.048073290513019167,0.041131985189573096,1.4285714285714284,0.05170575193252426,1.857142857142857,0.00980955892355901,2.0,0.04210092174142905,1.7142857142857142,0.04378757622730488
2026-07-29,2026-07,58,58,0.2643268018087299,0.0908308648145747,0.10390032244810812,0.13741867051853296,0.056951337134963656,0.06561097171998286,0.08659140545695038,0.11757380893795759,0.07569834060965924,0.3718662524224061,0.13942227778072164,0.06872861225396264,1.1428571428571428,0.08797372195743183,1.5714285714285714,0.05302276570639223,2.0,0.11257380893795758,1.857142857142857,0.1347794206378645
2026-07-30,2026-07,62,62,0.1471380725743497,0.07337620244311156,0.10259160347595284,0.1696383605123566,0.012094801399995067,0.09028580772317546,0.28070307975120246,0.11633988415528018,0.10268039621424484,0.40867769635617335,0.11637483434298034,0.08766563949587028,1.1666666666666665,0.0704595357764449,1.5,0.008344801399995067,1.8333333333333333,0.11175655082194685,1.8333333333333333,0.111791501009647
2026-07-31,2026-07,73,73,-0.1572565716401333,-0.01903579538651934,0.1057274594156396,-0.10800262257509961,-0.07674559911875067,0.09608313656157022,0.17922374429223745,0.060136801306625576,0.07998375820269411,-0.004072565716401333,0.004151834188404719,0.08165967950935799,1.7142857142857142,-0.023321509672233624,1.5714285714285714,-0.08067417054732211,1.857142857142857,0.05549394416376843,1.857142857142857,-0.0004910229544524232
2026-08-03,2026-08,68,67,0.2012444172996908,0.012408497117584755,0.08047377614568062,-0.21791702877371547,-0.07607854059882468,0.06332133491313269,0.26285452532732756,0.02814691966179715,0.06584980787049674,0.2749551475359774,0.02380251330637812,0.07790820076134987,1.7142857142857142,0.00812278283187047,1.7142857142857142,-0.08036425488453897,1.857142857142857,0.023504062518940008,1.7142857142857142,0.019516799020663837
2026-08-04,2026-08,82,82,-0.004168435258649775,0.03695675486077253,0.09429248060364451,-0.2226963021027312,-0.025803789547769226,0.07459177653412433,-0.09204296862245731,-0.005233924824898914,0.04806235792116553,-0.20336086895005495,-0.009396615843929118,0.056357618640598704,1.125,0.03414425486077253,2.0,-0.030803789547769227,1.875,-0.009921424824898915,1.875,-0.014084115843929119
2026-08-05,2026-08,78,78,-0.046194312017096825,-0.024302575584710218,0.08774363959839435,-0.04862441595394694,0.013175733377361137,0.07145957983087703,-0.1797822430733823,-0.06595844660677323,0.09878222309384879,0.02424158120360652,0.020220162858947704,0.06351337508836027,1.375,-0.027740075584710217,2.0,0.008175733377361136,1.5,-0.06970844660677324,1.875,0.015532662858947704
2026-08-06,2026-08,76,76,0.024989747095010253,0.00020687325386443967,0.09551673016450468,0.01759542825563351,0.04169729750700729,0.061862212588494614,-0.16336295283663704,-0.017385197402497193,0.06357827911401448,0.04257006151742994,0.0006442643734753672,0.06946201309744984,1.625,-0.0038556267461355605,1.875,0.037009797507007294,1.75,-0.021760197402497194,1.875,-0.004043235626524633
2026-08-07,2026-08,85,85,-0.08858706273206957,0.04250882927206032,0.0791165240322317,-0.07833326842527669,-0.07223888795433436,0.0686990934318836,-0.18581199921829197,-0.05373899418118043,0.07256327713530626,-0.2621262458471761,-0.014671443141003285,0.06761973801673445,1.5,0.03875882927206031,1.875,-0.07692638795433436,2.0,-0.05873899418118043,1.875,-0.019358943141003285
2026-08-10,2026-08,81,81,0.16860885275519422,0.028295293103123717,0.07687452167785902,-0.13840107662682552,-0.040665439802637024,0.05787872861174697,-0.03701445347786811,-0.013417205742493943,0.08589687192408112,0.08796296296296297,0.032466987079493234,0.06497711670874892,1.5,0.024545293103123717,2.0,-0.04566543980263702,2.0,-0.018417205742493944,1.25,0.029341987079493235
2026-08-11,2026-08,78,78,0.1120019221285044,0.02585466262202464,0.0951954081644019,0.12336389519419155,0.029877612993717786,0.07877236974662599,0.0807673339318909,-0.009046927439061311,0.05363674236385622,0.07282590826894625,-0.014122249837781167,0.056021078149451384,1.0,0.023354662622024642,1.875,0.025190112993717786,1.875,-0.013734427439061312,1.5,-0.017872249837781167
2026-08-12,2026-08,83,83,0.07801939465177785,0.026838320307973132,0.09297118219710435,-0.01035926826688323,-0.02145239309131415,0.06941237996928588,-0.01945762142647244,0.004995298727680619,0.05175230355597872,0.14040132656059778,0.06047152487578608,0.052968572904798145,1.125,0.024025820307973133,1.75,-0.02582739309131415,2.0,-4.701272319380771e-06,1.875,0.055784024875786084
2026-08-13,2026-08,73,72,0.12467604590892262,-0.004390913885817043,0.07328110137010888,-0.22157596439564847,-0.03331196565825586,0.07615187825860673,-0.16981364926570405,-0.022208911075062066,0.053285513901141265,0.09573614710601012,-0.023692215826249127,0.042623694324941216,1.5,-0.008140913885817043,1.625,-0.03737446565825586,2.0,-0.027208911075062066,1.5,-0.027442215826249127
2026-08-14,2026-08,81,81,0.11235320686540198,0.0632483689470579,0.1159104011607832,0.12388261352278422,0.08553211994187329,0.05573376499627957,-0.08398825654923216,-0.0006507280250857422,0.08051626655318889,-0.19500903342366757,-0.07911413578990402,0.06481416929866549,1.75,0.0588733689470579,2.0,0.08053211994187329,2.0,-0.005650728025085742,1.875,-0.08380163578990402
2026-08-17,2026-08,94,94,0.18831051547881372,0.06045829399116693,0.08523934706146903,0.03999205232979596,-0.03619022913480865,0.05307933106801683,0.05650399161940541,-0.04538717294335745,0.06103512306812302,-0.11006755048224542,-0.057846704979708896,0.06434991407717293,1.2222222222222223,0.057402738435611375,1.8888888888888888,-0.04091245135703087,2.0,-0.05038717294335745,2.0,-0.0628467049797089
2026-08-18,2026-08,81,81,-0.09263775971093044,-0.10624098567369356,0.08136555244347682,0.007170765876838669,0.06013256915601298,0.06196250495181184,0.048170731707317074,-0.019915446273262333,0.06409472581489331,0.014159891598915989,-0.004113457869278622,0.06797309320944683,1.6666666666666665,-0.11040765234036022,2.0,0.05513256915601298,2.0,-0.024915446273262334,1.8888888888888888,-0.008835680091500844
2026-08-19,2026-08,90,88,-0.10013581923694283,-0.023148842054012488,0.057453477251009695,-0.09268170274559329,-0.00885836257782402,0.05331034835063975,0.10118944725686299,0.04530826307532643,0.05564333771883584,-0.0032349672799111,-0.05224438792886485,0.05109016588319426,1.6666666666666665,-0.027315508720679154,1.8888888888888888,-0.01358058480004624,1.7777777777777777,0.04086381863088198,1.7777777777777777,-0.056688832373309295
2026-08-20,2026-08,70,69,-0.057020383168576674,-0.01807876860243488,0.0805202283101129,-0.19146851445593774,-0.07120615089595109,0.06362900202720746,0.030181086519114688,0.042416860968573306,0.05910663400050044,0.01359461114513166,0.008321884074538679,0.05393367146672275,1.4444444444444444,-0.02168987971354599,1.7777777777777777,-0.07565059534039553,2.0,0.03741686096857331,1.7777777777777777,0.0038774396300942345
2026-08-21,2026-08,82,81,-0.08072397993056236,-0.025271670168526217,0.07805447238204478,-0.06647689937105564,-0.006837697267835688,0.0633806451760175,0.018556611268923936,-0.026190845980324715,0.052341745725976246,0.010676853756489373,-0.050942459022998696,0.04465510266710475,1.25,-0.028396670168526216,1.625,-0.010900197267835688,2.0,-0.031190845980324716,1.875,-0.05562995902299869
2026-08-24,2026-08,79,79,0.21859785783836416,0.06497856670298502,0.07491998995470073,-0.05366782929272858,-0.029768384627611777,0.08016924779336934,0.09109055501460565,0.016384753711344888,0.07605098963603504,0.08266796494644596,0.05197021608119408,0.058884983535586785,1.375,0.061541066702985016,1.75,-0.03414338462761178,1.875,0.011697253711344887,1.75,0.047595216081194075
2026-08-25,2026-08,64,64,-0.12472527472527473,0.009007844876577221,0.07136306956933049,-0.012660981075058255,-0.06562961775942729,0.06780728259022441,0.004166666666666667,-0.008250316286994908,0.06365666947792073,-0.08315018315018315,-0.029734400401875437,0.07230564608387673,1.75,0.004632844876577221,1.875,-0.07031711775942728,2.0,-0.013250316286994909,1.75,-0.034109400401875434
2026-08-26,2026-08,58,58,0.0024916177058660676,-0.03956368878313902,0.08102237885583319,0.06473447937963313,0.03496369016879787,0.06293671068016476,-0.18379525669814512,-0.008627560353022534,0.06529452579587236,-0.02162478082992402,-0.08614926226924656,0.05728557548520452,1.8333333333333333,-0.044147022116472354,1.8333333333333333,0.03038035683546454,1.8333333333333333,-0.013210893686355866,1.8333333333333333,-0.09073259560257989
2026-08-27,2026-08,74,73,0.019770455386893742,0.05989810315264928,0.06795657183928733,0.26604255154145656,0.0537267694425899,0.054540124985704125,-0.16336171788226583,-0.06488734739659964,0.0614137858758039,-0.377741577193632,-0.13673409344619036,0.06644957141907248,1.4285714285714284,0.05632667458122071,1.857142857142857,0.04908391229973276,1.5714285714285714,-0.06881591882517107,1.7142857142857142,-0.14101980773190465
2026-08-28,2026-08,62,62,0.013472337639444991,0.031613160953450535,0.07644493571111857,0.19787941525953728,0.044562757532249295,0.04678759354312366,-0.12885598448792526,0.023128018559479713,0.07962178970879524,0.07068570421293847,-0.02446261671783715,0.06095823778388577,1.1428571428571428,0.02875601809630768,1.7142857142857142,0.04027704324653501,1.5714285714285714,0.019199447130908286,1.7142857142857142,-0.028748331003551435
2026-08-31,2026-08,67,66,0.012610743076063533,0.02906009983084774,0.08421798187157743,-0.03765677874629183,-0.043447410113238605,0.0689544998498649,-0.013368983957219251,-0.05397715882511578,0.0596090126734983,-0.04365871178865033,0.020699129636493323,0.04945797738000866,1.0,0.02656009983084774,1.857142857142857,-0.04809026725609575,1.857142857142857,-0.05862001596797292,1.7142857142857142,0.01641341535077904
2026-09-01,2026-09,47,47,-0.1335568917668825,-0.04023151887564806,0.067008545403319,0.027407557418997378,-0.002497782090425525,0.057552562233877815,0.2473404255319149,0.011741635127107486,0.07946926036865311,0.04359389454209066,-0.07770102667800019,0.06529027650215262,1.7142857142857144,-0.04451723316136235,2.0,-0.007497782090425525,1.5714285714285714,0.007813063698536057,1.7142857142857144,-0.08198674096371447
2026-09-02,2026-09,23,23,0.10177865612648221,0.05500691020803816,0.08441769607785363,-0.3231225296442688,-0.10500171234021399,0.07506935397858644,0.11462450592885376,-0.017042769943409475,0.05517530384590877,-0.030632411067193676,0.018065897995554414,0.0655493530765513,1.6,0.05100691020803816,1.8,-0.109501712340214,2.0,-0.022042769943409476,1.8,0.013565897995554414
2026-09-03,2026-09,22,22,0.07058159232072275,-0.023505561943229614,0.11489261698725349,-0.3585544889892716,-0.12210008079345225,0.051481552604880174,-0.18464144551101072,0.008844514116691848,0.05599659214576018,0.15866741953698477,0.007477676204831141,0.04617081253407995,1.0,-0.026005561943229612,1.0,-0.12460008079345225,2.0,0.0038445141166918483,1.5,0.003727676204831141
2026-09-04,2026-09,18,18,0.09803921568627451,,,0.2755417956656347,,,0.02786377708978328,,,-0.06707946336429309,,,,,,,,,,
