date,month,n,n_tradable,ic_GBM_EVENT,gross_GBM_EVENT,pred_GBM_EVENT,ic_StockMixer_T1_EVENT,gross_StockMixer_T1_EVENT,pred_StockMixer_T1_EVENT,ic_GBM_TFIDF,gross_GBM_TFIDF,pred_GBM_TFIDF,ic_StockMixer_T1_TFIDF,gross_StockMixer_T1_TFIDF,pred_StockMixer_T1_TFIDF,ic_GBM_SHUFFLE,gross_GBM_SHUFFLE,pred_GBM_SHUFFLE,ic_StockMixer_T1_SHUFFLE,gross_StockMixer_T1_SHUFFLE,pred_StockMixer_T1_SHUFFLE,ic_GBM_NOTEXT,gross_GBM_NOTEXT,pred_GBM_NOTEXT,ic_StockMixer_T1_NOTEXT,gross_StockMixer_T1_NOTEXT,pred_StockMixer_T1_NOTEXT,turnover_GBM_EVENT,net_GBM_EVENT,turnover_GBM_TFIDF,net_GBM_TFIDF,turnover_GBM_SHUFFLE,net_GBM_SHUFFLE,turnover_GBM_NOTEXT,net_GBM_NOTEXT,turnover_StockMixer_T1_EVENT,net_StockMixer_T1_EVENT,turnover_StockMixer_T1_TFIDF,net_StockMixer_T1_TFIDF,turnover_StockMixer_T1_SHUFFLE,net_StockMixer_T1_SHUFFLE,turnover_StockMixer_T1_NOTEXT,net_StockMixer_T1_NOTEXT
2025-08-01,2025-08,372,364,0.10372964421091253,0.02078806985615153,0.046580202470870906,,0.002108839478243622,,0.02481199738734482,0.015357772631743103,0.07413904635805697,0.0041652894931019716,0.026496548669787717,0.504208803590801,0.08744967508362135,0.01963830678660019,0.048633442264776276,0.04447893912010915,0.00019410947099302332,0.260002621035609,0.12990384563832078,0.025369671544198443,0.047488129390033204,-0.0542983440302312,0.0007351853667709948,0.18031404157065684,1.0,0.018288069856151532,1.0,0.012857772631743102,1.0,0.01713830678660019,1.0,0.022869671544198444,1.0,-0.0003911605217563779,1.0,0.023996548669787718,1.0,-0.002305890529006977,1.0,-0.0017648146332290052
2025-08-04,2025-08,396,387,0.07856497950996982,0.029425687132969523,0.052401641631531964,,0.06462142531443181,,0.03798690984119059,-0.002643356517277309,0.061245600716471234,0.00887747545017023,0.0008880910850927902,0.6041219100738183,0.027330217682205064,0.0037644772125484133,0.044148482887269136,0.06868661435094896,0.0352752560248291,0.30191745198307895,0.04288096873854299,0.020288946084498122,0.05011050805615502,-0.1075160997235742,-0.019216200213003756,0.19928639420332053,1.6923076923076923,0.02519491790220029,1.8717948717948718,-0.007322843696764489,1.8717948717948718,-0.0009150099669387665,1.7692307692307692,0.0158658691614212,1.3076923076923077,0.06135219454520104,1.8974358974358974,-0.003855498658496953,1.7948717948717947,0.030788076537649617,1.6153846153846154,-0.023254661751465296
2025-08-05,2025-08,473,454,0.004027391158608634,0.017401934135256987,0.05233249222700214,,0.022250031753875903,,0.013552126249331005,-0.020323146694985552,0.06482315925727983,-0.027512263140527182,0.014638721057251277,0.5674339830875397,0.016974666761617362,0.007222071740786576,0.048008630168733246,0.09565201417184473,0.04386031215270535,0.35688196801477007,-0.006287384001019662,-0.007967078427256209,0.05516268275577273,-0.03671802319911569,0.0503537131471548,0.17566484378443825,1.5777777777777777,0.013457489690812542,1.9555555555555555,-0.025212035583874443,1.8,0.0027220717407865766,1.8444444444444443,-0.01257818953836732,1.4222222222222223,0.018694476198320348,1.8888888888888888,0.009916498835029056,1.8666666666666667,0.03919364548603868,1.6666666666666667,0.04618704648048813
2025-08-06,2025-08,581,559,0.009123855127992546,0.04238512934778756,0.05236648527358828,,0.026030518118589183,,-0.020376790647636995,-0.02335616776525622,0.07271759039704062,-0.07049610997349749,-0.019097797856206283,0.5929559016866344,0.033364823878317594,0.05059929873134894,0.05055072064138054,0.022005344010749207,0.011083702490184678,0.28419676749035716,-0.016901520309589184,0.004587512040309105,0.05853353568557863,-0.09561649166367364,-0.024498210082847634,0.20937987410330347,1.625,0.03832262934778756,1.75,-0.02773116776525622,1.7142857142857142,0.04631358444563466,1.7142857142857142,0.00030179775459482014,1.2321428571428572,0.02295016097573204,1.8571428571428572,-0.023740654999063426,1.8392857142857142,0.006485488204470393,1.6607142857142858,-0.02864999579713335
2025-08-07,2025-08,589,550,0.005667462973241793,0.028770110026113217,0.05260254231900156,,0.028721903947132903,,0.021119331704641652,0.004195303644685662,0.07471706934003641,0.08146358434429643,0.03215103794336344,0.5225939875976606,-0.021932213430129268,0.009514209473022232,0.05327313040965624,-0.01814377440155223,-0.018509783381218524,0.3475225913253698,-0.05354572247064167,-0.007993199102661299,0.057768741426695566,-0.16993667984115218,-0.03483538787828126,0.18465662679888986,1.625,0.024707610026113217,1.8392857142857142,-0.00040291064102862366,1.75,0.005139209473022231,1.7857142857142856,-0.012457484816947013,1.2857142857142856,0.02550761823284719,1.857142857142857,0.0275081808005063,1.9285714285714284,-0.023331211952647094,1.75,-0.039210387878281266
2025-08-08,2025-08,366,353,0.06282205504674966,0.002540828332358523,0.05978799108066882,,-0.029063991738762514,,-0.04173693711048165,-0.02641290220690097,0.07927023063434867,-0.022165462004484517,0.0005160737527497539,0.5158951222896576,-0.0351699974587746,0.014850679925883185,0.062481081364865486,-0.004789472656860715,-0.02098422319028729,0.3562093446297305,0.0497506227470948,-0.01069757432542116,0.057692817340827734,-0.009249008215323625,0.018361746087467136,0.21371445868696487,1.6545454545454545,-0.001595535304005114,1.8909090909090909,-0.031140174934173696,1.8,0.010350679925883184,1.8545454545454545,-0.015333937961784797,1.2727272727272727,-0.032245809920580695,1.8181818181818181,-0.0040293807927047915,1.8363636363636362,-0.02557513228119638,1.709090909090909,0.014089018814739864
2025-08-11,2025-08,398,376,0.04923407064079663,0.020358274282028514,0.0673692325111307,,-0.008348656343682242,,0.0205950958045855,0.03974353850200135,0.06398135441423193,-0.04044630888802256,0.024204858978349564,0.6200580424384067,0.045482142891982304,0.03254427151387344,0.06440589807223371,0.06149771515756262,-6.893123370073709e-06,0.36709929120383766,0.05698413903157282,0.02940591233385476,0.061951520049865184,0.011337344824220774,-0.02861621965803853,0.2658567573679121,1.7105263157894737,0.01608195849255483,1.894736842105263,0.035006696396738195,1.7894736842105263,0.028070587303347126,1.7894736842105263,0.024932228123328445,1.3157894736842104,-0.011638130027892768,1.8421052631578947,0.019599595820454827,1.894736842105263,-0.004743735228633231,1.5526315789473684,-0.032497798605406955
2025-08-12,2025-08,266,252,-0.0441210084783721,-0.05412089208431284,0.06199442751443506,,0.011482514764171685,,0.021596751782801533,0.007073800927435536,0.06412185871389904,-0.020684280332051184,0.010431861926423897,0.588937435746193,0.005971362580715091,-0.023302369753069496,0.06774850806317914,-0.03591074357507081,0.015553044150447465,0.3860554885864258,-0.07542866069137227,-0.035595695687770594,0.057038169935806654,0.032771880942551415,-0.013582416913364419,0.22943745970726015,1.763157894736842,-0.05852878682115494,1.8421052631578947,0.002468537769540799,1.9473684210526316,-0.028170790805701076,1.868421052631579,-0.04026674831934954,1.2894736842105263,0.008258830553645369,1.894736842105263,0.005695019821160739,1.9210526315789473,0.010750412571500098,1.6052631578947367,-0.017595574808101262
2025-08-13,2025-08,336,316,0.037139452316456566,-0.013208658944283868,0.060952536282950436,,-0.013307127698687159,,-0.10721191974818581,-0.022974141820172038,0.06274146932506604,-0.020089817817384427,-0.009330767521598369,0.5471829692833126,0.0208705373737103,-0.01846477796500517,0.0585748335325413,0.02415582879028953,0.006671588017729244,0.3705593370832503,-0.027803340589341863,-0.059168408987718725,0.06009451676476577,0.1383662880066528,0.0271873913353938,0.21445202128961682,1.71875,-0.01750553394428387,1.84375,-0.027583516820172037,1.84375,-0.02307415296500517,1.8125,-0.06369965898771872,1.25,-0.016432127698687158,1.9375,-0.01417451752159837,1.96875,0.0017497130177292443,1.46875,0.023515516335393803
2025-08-14,2025-08,327,311,0.00531044170942103,-0.027319064810746734,0.06019819723802597,,-0.02041306404687394,,-0.0031704536026689314,-0.0050522159583358765,0.07647567811752126,-0.09389100813065723,0.002753516628612637,0.6227455009375849,-0.010937138437760306,0.009031616886284722,0.0599335207624865,-0.0715997587676044,0.001149419424174616,0.413832655116435,-0.02508470289230925,-0.005687307605659168,0.05272844364888265,0.1005502202416772,-0.0016526353366866737,0.17840569562488987,1.5625,-0.031225314810746734,1.875,-0.009739715958335875,1.8125,0.004500366886284722,1.59375,-0.009671682605659168,1.4375,-0.02400681404687394,1.8125,-0.0017777333713873628,1.875,-0.0035380805758253838,1.375,-0.005090135336686674
2025-08-15,2025-08,303,296,0.09171768971959121,0.03526383862071448,0.05449803436595224,,-0.03345911485143905,,0.12004090113164834,0.05248429207759695,0.06097250594929074,0.03775699374525352,0.021391897645394977,0.44597647587458294,0.014767585293713891,0.006264984655371312,0.05534830850263314,-0.10059739408748973,-0.02036560669735932,0.29590962703029317,-0.025235192781835596,0.002856034225032911,0.045342875719070294,0.09755466801889577,-0.00365425793378719,0.21870941321055093,1.6129032258064515,0.03123158055619835,1.9032258064516128,0.04772622756146792,1.7419354838709677,0.0019101459456938932,1.7096774193548387,-0.0014181593233541859,1.2580645161290323,-0.03660427614176163,1.8387096774193548,0.01679512345184659,1.9032258064516128,-0.025123671213488352,1.4838709677419355,-0.007363935353142028
2025-08-18,2025-08,370,360,0.0444068155987162,0.02251896430127559,0.04046995162426838,,-0.0013924963075046034,,-0.0009139248098810514,0.004983130103431344,0.06786601145578124,0.12332725275382696,-0.00490008631389433,0.536454794721471,0.060014297381991814,0.030682301893497202,0.04641121485415546,-0.09924503426574297,-0.015231794422089516,0.25417329505499864,0.05928272628686802,0.0005196334176501144,0.03960540501819382,0.1347008832512744,0.02494346046215557,0.15785014463795555,1.5555555555555556,0.0186300754123867,1.9166666666666665,0.0001914634367646776,1.8611111111111112,0.026029524115719425,1.8611111111111112,-0.004133144360127664,1.3611111111111112,-0.004795274085282381,1.8055555555555556,-0.009413975202783219,1.8888888888888888,-0.019954016644311737,1.4444444444444444,0.02133234935104446
2025-08-19,2025-08,259,252,-0.08018041041296856,0.00520958503133293,0.0474983434502788,,-0.012688283248470933,,-0.1163397602872267,-0.004417240764559339,0.06066989027957685,-0.07291333183580924,-0.01342470365278619,0.41957135856151584,0.008444478211920072,0.029396645440169015,0.05698971073812581,-0.0040316063571877525,0.02313163100227056,0.3457917851209641,-0.0931579419951513,0.002249954121136988,0.04700541484963998,0.033770315165664005,0.0014934213085792975,0.16342814803123473,1.75,0.0008345850313329298,1.9166666666666665,-0.009208907431226005,1.8611111111111112,0.024743867662391235,1.722222222222222,-0.002055601434418567,1.4166666666666667,-0.0162299499151376,1.8055555555555556,-0.01793859254167508,1.9166666666666665,0.018339964335603892,1.3333333333333333,-0.0018399120247540352
2025-08-20,2025-08,276,267,0.05354204420599021,0.002496435468705649,0.046421873636238356,,0.0017990016126172605,,-0.05705057746859681,-0.04040707665098582,0.05948369643100046,0.06395618884473563,-0.017261880439595978,0.657392093428859,0.08169461052211013,0.04832493033695379,0.05685790506359942,-0.10831295215536307,-0.05059462440899854,0.3505100308469048,0.005874345400322484,-0.001474857190059773,0.041660741883623946,-0.0003738531128265864,0.0018698735674582898,0.19065998232475034,1.7777777777777777,-0.0019480089757387955,1.7407407407407407,-0.04475892850283767,1.8148148148148149,0.04378789329991675,1.7777777777777777,-0.0059193016345042175,1.3703703703703705,-0.0016269243133086655,1.7037037037037037,-0.02152113969885524,1.8148148148148149,-0.05513166144603558,1.6296296296296295,-0.002204200506615784
2025-08-21,2025-08,255,247,-0.0304148332561371,-0.014859000799804734,0.04463662969775781,,0.01707509938540852,,0.04443557461791452,0.005855074385693822,0.04365890841011341,-0.008167022840573235,-0.02197569960157709,0.523120122551918,-0.022557462945808245,0.01145918072526353,0.04411405638576862,0.038361944187123666,-0.006899092879019179,0.3181333511322737,0.03917901806391848,0.020354147159710224,0.0431444526239117,-0.09811617068087078,-0.02450211365156446,0.1699766267836094,1.4814814814814814,-0.018562704503508436,1.8148148148148149,0.001318037348656785,1.6666666666666667,0.007292514058596862,1.6666666666666667,0.016187480493043555,1.4074074074074074,0.013556580866890003,1.8148148148148149,-0.02651273663861413,1.8518518518518519,-0.011528722508648809,1.4814814814814814,-0.028205817355268163
2025-08-22,2025-08,232,224,-0.10830711393091147,-0.0016404285038232082,0.044137070552315937,,-0.025147885683325877,,0.09366985148438482,0.004164291861467445,0.041593809679166746,-0.10455449811622443,-0.02056735318471943,0.41502250798723916,-0.1815817747444209,-0.004875043067406165,0.03561771915134901,0.04220346768815024,0.016051323175589466,0.31615220433609054,-0.1304553815283429,-0.02361682892949008,0.04221866026651657,0.15464482239678332,0.027341107902381846,0.16947447881102562,1.4000000000000001,-0.005140428503823208,1.8,-0.0003357081385325549,1.8,-0.009375043067406164,1.6,-0.02761682892949008,1.4000000000000001,-0.028647885683325876,1.8800000000000001,-0.02526735318471943,1.8800000000000001,0.011351323175589467,1.48,0.023641107902381844
2025-08-25,2025-08,295,290,-0.030139672765861727,0.009404596777719071,0.04483657194691018,,0.004851294059922137,,-0.029526046695699467,-0.017407405174757574,0.06257301414475976,-0.016918994531906022,-0.01146780886846015,0.5530642373808499,-0.05874546107040775,-0.02736713507422544,0.040576216242188975,0.039242714954462264,-0.011190357269047626,0.2688940606754402,-0.11380754272433896,-0.02396021887922104,0.035351191089137986,-0.04347205720830487,0.005747948106454053,0.13917921650512466,1.3793103448275863,0.005956320915650105,1.793103448275862,-0.02189016379544723,1.8275862068965518,-0.031936100591466815,1.6896551724137931,-0.028184356810255523,1.2413793103448276,0.0017478457840600678,1.8620689655172413,-0.016122981282253254,1.8275862068965518,-0.015759322786289005,1.4827586206896552,0.002041051554729915
2025-08-26,2025-08,281,274,-0.08621402070330669,-0.01399178751583929,0.04636058567731764,,0.017588882998128847,,-0.18145955793388607,-0.027065205177148756,0.05095513872788607,-0.16884263984891176,-0.031171542509514392,0.5102523493546027,-0.008964401994613246,-0.009506241261886341,0.04326692339361045,-0.04823091650531645,-0.02087270062511737,0.2512376409161974,-0.07272063516100769,-0.018334084698189812,0.03614663326752121,-0.05712717281960865,-0.009536728241220595,0.12116783995319297,1.5517241379310345,-0.017871097860666877,1.9655172413793103,-0.03197899828059703,1.9310344827586206,-0.014333827468782893,1.793103448275862,-0.022816843318879468,1.3103448275862069,0.014313020929163329,1.8275862068965516,-0.03574050802675577,1.896551724137931,-0.025614079935462195,1.482758620689655,-0.013243624792944733
2025-08-27,2025-08,302,293,0.08042109995994706,0.014078127190870813,0.04678533290727507,,0.006176625140807952,,-0.12329106062333023,-0.03684060888727164,0.06271159378517019,-0.042930916029841934,-0.026395941179719547,0.5748174945855964,0.024998970711348663,-0.00810955163796274,0.046752961579298605,-0.053196469529030885,-0.0042180177398141675,0.2840472084052604,-0.025917379380987177,0.022404488096145307,0.04452294570288917,-0.08315541343748563,-0.013605137253098792,0.12449453334356175,1.5517241379310345,0.010198816846043226,1.896551724137931,-0.04158198819761647,1.8620689655172413,-0.012764724051755843,1.7241379310344827,0.0180941432685591,1.3448275862068966,0.0028145561752907105,1.8620689655172413,-0.03105111359351265,1.793103448275862,-0.008700776360503823,1.586206896551724,-0.017570654494478102
2025-08-28,2025-08,280,270,-0.013761472905084431,-0.020557186220797198,0.04859350268068295,,0.05480751425118346,,0.05942867891899555,0.002237247609828788,0.05726763921995379,0.02554780788415899,0.022887230340949437,0.5222636295689477,-0.03586188725009562,0.010833341326686126,0.042449097044554476,0.016755497974646177,-0.028193327483528503,0.3055333666227482,-0.0615434234766114,-0.0499710441284706,0.0477020091855352,-0.17750517954857295,-0.041700201299791476,0.11358059087285288,1.4482758620689655,-0.02417787587596961,1.9310344827586206,-0.002590338597067764,1.793103448275862,0.00635058270599647,1.793103448275862,-0.05445380274916026,1.1724137931034482,0.05187647976842484,1.8275862068965516,0.018318264823708057,1.9310344827586206,-0.033020913690425056,1.482758620689655,-0.045407097851515615
2025-08-29,2025-08,250,245,-0.05782023352969287,-0.024351231134624493,0.05230154970967998,,-0.013198487333677674,,-0.018732592163958655,-0.0005177593654679636,0.060531153416714806,0.02931749509323061,0.009531736832476828,0.4494379678120216,-0.05005869538421896,-0.025225428280969322,0.042725967516686135,-0.18910973099202505,-0.04329733747381991,0.3901810752383123,-0.11183381122937967,-0.006236998005079838,0.04810060504583184,-0.2802713235896366,-0.06814730953146982,0.14721609589954218,1.4074074074074072,-0.02786974965314301,1.7037037037037035,-0.004777018624727222,1.8518518518518516,-0.02985505791059895,1.7777777777777777,-0.010681442449524282,1.4074074074074074,-0.016717005852196192,1.7777777777777777,0.005087292388032383,1.8888888888888888,-0.04801955969604214,1.5185185185185184,-0.07194360582776611
2025-09-02,2025-09,360,351,-0.025611823136495394,-0.017890501943213233,0.04808875043876276,,0.013504011199575073,,0.0023663185932075795,-0.017319541280260694,0.05519635983548582,-0.06906203697693417,-0.038817434630655574,0.4747148027377469,-0.06006463913460244,-0.029136771467736286,0.04849868012577388,0.04922054439720471,-0.0163635240706419,0.3255037228975977,0.01169041942196056,-0.0015071826891959149,0.03784144561432463,-0.015339367330509238,-0.015336989382487143,0.1490906172032867,1.5714285714285714,-0.02181907337178466,1.8857142857142857,-0.02203382699454641,1.8285714285714285,-0.03370820003916486,1.7999999999999998,-0.0060071826891959145,1.457142857142857,0.009861154056717931,1.857142857142857,-0.04346029177351272,1.8285714285714285,-0.020934952642070473,1.8285714285714285,-0.019908417953915715
2025-09-03,2025-09,278,273,0.0025036451565427524,-0.011747133173915984,0.05618332017197153,,0.004270949496845325,,0.06439777395057387,0.014280068055626026,0.04868431995473826,0.13661682875138925,0.03463627868540151,0.9013789478275511,-0.01798966090898098,-0.02065378926450924,0.045332304868721786,-0.03477986214731487,-0.00483634459742782,0.5867443250285255,0.03393702878619429,-0.03316809464827207,0.057355361852746325,-0.03692576391896847,0.002619315917190955,0.1817320469352934,1.457142857142857,-0.015389990316773126,1.7428571428571429,0.00992292519848317,1.7999999999999998,-0.02515378926450924,1.8285714285714285,-0.037739523219700644,1.3142857142857143,0.0009852352111310394,1.857142857142857,0.02999342154254437,1.857142857142857,-0.009479201740284961,1.4857142857142855,-0.001094969797094759
2025-09-04,2025-09,275,267,-0.005027552580710308,0.04734312142051777,0.051604314462433416,,0.013499407022420779,,0.0150529506326741,0.030995946971630196,0.06272665527678851,-0.005198262941037901,0.015285086000178192,0.5477209869358275,-0.016690228210380544,0.016125309187699992,0.04625924511048876,0.008450996797553446,-0.0011002224974255223,0.2883262947477676,-0.06825134877816566,0.02624583731096765,0.038403585948247984,0.09414500447188483,0.0386495139230889,0.16531564057287243,1.3333333333333333,0.044009788087184434,1.7777777777777777,0.02655150252718575,1.8888888888888888,0.01140308696547777,1.8148148148148147,0.02170880027393061,1.259259259259259,0.01035125887427263,1.8148148148148147,0.010748048963141157,1.7777777777777777,-0.005544666941869967,1.5555555555555554,0.034760625034200014
2025-09-05,2025-09,257,245,-0.019096829472445932,-0.009978798763910536,0.0532422798843718,,-0.025434078773116896,,0.12472116280013436,0.062194309996888165,0.04748490221769541,0.0535473692090479,-0.046676998865695346,0.4700912676441173,-0.03564793344493711,-0.004637734097561623,0.042299586983066434,-0.009926986245588635,-0.04826339618082443,0.4067722518617908,0.07760044339878744,0.04573965252598136,0.0405541393517926,0.019740860555605828,-0.004355589534707674,0.18901548841192078,1.222222222222222,-0.01303435431946609,1.8148148148148147,0.05765727295985113,1.7777777777777777,-0.009082178542006068,1.7777777777777777,0.041295208081536916,1.3333333333333333,-0.02876741210645023,1.8518518518518516,-0.051306628495324975,1.7407407407407407,-0.05261524803267628,1.4814814814814814,-0.008059293238411378
2025-09-08,2025-09,275,263,0.1209330371310695,0.015561855102489282,0.057028598161205056,,-0.018996114087593566,,0.016058384693715722,0.0404826098228982,0.06362805990922564,0.02203534213586267,0.038638374190237156,0.3864351993856522,0.01147976111479761,-0.047729608889128444,0.049879071596530544,-0.07895790658088342,-0.007025051253984769,0.43081496097147465,-0.03747093274862237,-0.04441526099207014,0.04366037347593703,-0.06601194426011944,-0.04006763726460412,0.20678070474129456,1.2692307692307692,0.01238877817941236,1.7692307692307692,0.03605953289982127,1.6153846153846154,-0.051768070427589984,1.7692307692307692,-0.048838337915147065,1.4230769230769231,-0.022553806395285873,1.9230769230769231,0.033830681882544844,1.6923076923076923,-0.011255820484754,1.4230769230769231,-0.04362532957229643
2025-09-09,2025-09,276,262,0.0706713659907821,0.02091236003706446,0.05437273335126059,,-0.03875039385516304,,0.07736045172897833,0.043184940329021995,0.05015527022906546,0.07924008245919405,0.014079846341605178,0.5517233489797666,0.1450615923091284,0.00957512006659086,0.04658539897231412,-0.06368002739686934,-0.02921091808148273,0.35455511696636677,0.07115651888528989,0.07431853410247329,0.05878435721887827,0.0714533183031064,0.02232517131746713,0.19640149326565173,1.5384615384615385,0.017066206190910614,1.6923076923076925,0.03895417109825276,1.8461538461538463,0.004959735451206246,1.8076923076923077,0.06979930333324251,1.3846153846153846,-0.0422119323167015,1.9230769230769231,0.00927215403391287,1.7307692307692308,-0.03353784115840581,1.3846153846153846,0.01886363285592867
2025-09-10,2025-09,251,245,0.0685995067349649,0.054155964277871484,0.05437541322490222,,-0.036587861122050355,,0.09031756218523247,0.021168159659321062,0.060048386110530635,0.01298203828956789,0.03563935236496783,0.7149089227120082,0.060547915110590184,0.012808234346710145,0.046301983070879904,0.06312957693037374,0.05392458636668955,0.334702062420547,0.12486131663820907,0.10536134174988776,0.04929078321873008,0.0735154619616771,0.04553988281229873,0.21930147994620103,1.4230769230769231,0.05059827197017917,1.7307692307692308,0.016841236582397986,1.7692307692307692,0.008385157423633223,1.6923076923076923,0.10113057251911853,1.5769230769230769,-0.040530168814358045,1.7692307692307692,0.03121627544189091,1.846153846153846,0.04930920175130493,1.4615384615384615,0.04188603665845258
2025-09-11,2025-09,257,250,-0.005449168459226141,0.03689688083154502,0.05710135685394252,,-0.025338522531275776,,0.06865212379232298,0.08407383645383222,0.05707541432915261,0.0746288204037278,0.05842305921764882,0.4170760136842728,0.012203363948963895,-0.046505027146120016,0.053307461316769625,0.07370515111754593,0.005361657459843506,0.40660453170537947,-0.0025294661062676615,-0.03359007825934174,0.0613279682945469,0.11175317844538955,0.005427144839239274,0.24424818098545073,1.56,0.03299688083154502,1.68,0.07987383645383223,1.76,-0.05090502714612002,1.64,-0.03769007825934174,1.44,-0.028938522531275775,1.68,0.05422305921764882,1.76,0.0009616574598435056,1.48,0.0017271448392392735
2025-09-12,2025-09,297,289,-0.04991416065241568,0.01764151706079405,0.0609134889005215,,-0.024526933266942944,,-0.033451146970514496,-0.013681357857913155,0.0508526712040378,0.00960736855130611,0.04123575319586961,0.5983030396545755,-0.11303631270074223,-0.007569355129777858,0.05870268438892431,0.01833865592254854,-0.013875567695381067,0.47505851860704096,-0.024473833198665414,-0.010526750469400298,0.05449926626282353,0.2393429121617041,0.029116785235990008,0.20979165709738073,1.6551724137931034,0.013503586026311291,1.8620689655172413,-0.01833653027170626,1.6896551724137931,-0.01179349306081234,1.6896551724137931,-0.01475088840043478,1.4482758620689655,-0.028147622922115357,1.8620689655172413,0.03658058078207651,1.793103448275862,-0.018358326316070723,1.4827586206896552,0.02540988868426587
2025-09-15,2025-09,351,342,-0.06312535125467265,0.05622046437530542,0.05269803879811376,,0.009085870900860164,,-0.0447013094242242,-0.01969095407702744,0.04444714641436896,-0.07062305301395,-0.04452909643270977,0.5426339362474049,-0.03568542816110483,0.051225822305835236,0.05566734669597319,-0.10712343955512844,-0.061518501127982995,0.5825725714950001,0.0270560014330116,0.0360649042568839,0.04876494295761383,0.09791029095281763,-0.0008123584893662827,0.14721957161365185,1.4117647058823528,0.05269105261059954,1.8235294117647058,-0.024249777606439205,1.588235294117647,0.04725523407054112,1.4705882352941175,0.0323884336686486,1.3529411764705883,0.005703517959683693,1.9117647058823528,-0.04930850819741565,1.7941176470588236,-0.06600379524563005,1.4705882352941175,-0.004488829077601576
2025-09-16,2025-09,349,341,-0.013365139904663597,0.042852697375629994,0.05435189727801561,,0.02340226593602583,,-0.009980431997660763,-0.036482856504482894,0.039567942390489205,-0.000202985138219,0.01572356023286301,0.4639275892473319,-0.014668228718223777,-0.0017941314304634262,0.05363230225811799,-0.05423038378477564,-0.023852915360866932,0.42377230130574284,0.016862534757999634,0.01759539075123697,0.05553979430432701,0.14711872062331502,0.018394964943949797,0.16863248404115438,1.1764705882352942,0.039911520905041756,1.7941176470588236,-0.040968150622129954,1.588235294117647,-0.0057647196657575435,1.5588235294117647,0.01369833192770756,1.1764705882352942,0.020461089465437596,1.6470588235294117,0.011605913174039483,1.7941176470588236,-0.028338209478513992,1.2941176470588236,0.015159670826302738
2025-09-17,2025-09,310,300,-0.019258969832521504,0.04456592102567316,0.060997597233890685,,0.014342397012276556,,0.07096701102575635,0.06709294745063814,0.05022019020113791,0.038664680527731365,0.030266042579657867,0.587134558459123,-0.0036311344248824047,0.038905862516325156,0.05341984024757185,-0.06543272411615844,-0.05773530880240027,0.4401759020984173,-0.05557232813338664,0.014236214137558226,0.052475765072601786,0.10311805466741455,0.02719011655411914,0.20987664548059304,1.2647058823529411,0.04140415631979081,1.6470588235294117,0.0629753003918146,1.6764705882352942,0.03471468604573692,1.6176470588235294,0.010192096490499403,1.2058823529411764,0.011327691129923614,1.7352941176470589,0.02592780728554022,1.7352941176470589,-0.06207354409651792,1.3235294117647058,0.023881293024707376
2025-09-18,2025-09,306,298,0.05117179033732359,0.05145354045056299,0.05140048928603643,,-0.004813588581205775,,-0.075840540183786,-0.0465977815266764,0.04352593005076735,0.0769164885701874,0.002357433627301314,0.5023933544754982,-0.005272663879456839,0.03235005041816666,0.052716306339288796,0.01867975042849948,0.01015378067394403,0.39927777033299205,0.028033551221524546,-0.015008712003901324,0.05027908760770534,0.03237540009863079,-0.0032724579804392327,0.16300305357823772,1.4333333333333333,0.047870207117229654,1.9666666666666666,-0.05151444819334307,1.7666666666666666,0.027933383751499993,1.7,-0.019258712003901324,1.3333333333333333,-0.008146921914539107,1.9,-0.0023925663726986858,1.7333333333333334,0.005820447340610696,1.3666666666666667,-0.0066891246471058995
2025-09-19,2025-09,322,316,0.015245885347017183,-0.011920820239243981,0.0637503284654868,,-0.013802656018268765,,-0.17923450917448383,-0.03499666707108805,0.03825101203951278,-0.058998159229018014,-0.02026039860644685,0.4320462269242853,0.04318604192676878,-0.006970134176853309,0.05878738674172561,-0.08210435738700193,0.02832047825103396,0.37317042029462755,-0.08549057468107969,-0.047882246891977946,0.063492957300194,0.038068436382444504,0.02347361767148629,0.21612958860350773,1.40625,-0.01543644523924398,1.78125,-0.03944979207108805,1.625,-0.01103263417685331,1.5625,-0.051788496891977946,1.25,-0.016927656018268764,1.8125,-0.02479164860644685,1.78125,0.023867353251033962,1.5625,0.01956736767148629
2025-09-22,2025-09,364,357,0.08163319131884267,-0.01689045221853628,0.059447436462040336,,-0.015213835888838225,,-0.11605237055276352,-0.02560673436945337,0.0495959151525892,-0.010251304032716197,0.005338501151153934,0.4606178100738261,-0.034785391121045346,-0.04581047218069643,0.058023168923425794,0.004924714446494639,-0.0209538478183864,0.43952824837631654,-0.04418010657960396,-0.029465918748346795,0.06431431419216196,-0.026502266506984132,-0.018663063647386957,0.18917412279794613,1.3333333333333333,-0.020223785551869614,1.8055555555555556,-0.03012062325834226,1.722222222222222,-0.050116027736251983,1.6666666666666665,-0.03363258541501346,1.1944444444444444,-0.018199946999949337,1.722222222222222,0.0010329455955983792,1.8055555555555556,-0.02546773670727529,1.3888888888888888,-0.02213528586960918
2025-09-23,2025-09,316,311,-0.03444209293348773,-0.03285352967381121,0.06961788227477844,,-0.018615988608590647,,-0.03471226976810053,-0.008482939750656785,0.03889403800315571,0.019136731567354157,0.01996815246468938,0.5880862128350043,-0.00977480638064434,-0.019361520248024212,0.07234824967705185,0.03212417499044501,0.013000835158920029,0.5407358243340445,-0.05553685755738225,-0.03340736201066035,0.0664685926079496,-0.0658471238992742,0.009853177369149771,0.19838666963961815,1.222222222222222,-0.03590908522936676,1.861111111111111,-0.013135717528434562,1.5555555555555556,-0.023250409136913102,1.472222222222222,-0.037087917566215906,1.3055555555555556,-0.021879877497479536,1.8055555555555556,0.01545426357580049,1.722222222222222,0.008695279603364473,1.3888888888888888,0.006380955146927549
2025-09-24,2025-09,326,321,0.06928404666700448,0.022386330619463154,0.05535396916132262,,-0.005356036727377722,,0.11534241506461859,0.02858632623926381,0.06313901695910296,0.04071699301964287,0.004958631304522246,0.560169976670295,0.17112578501225337,0.023006500161010444,0.05059148927902767,0.044890672817169464,0.02355743110766963,0.38046455197036266,0.0737251252235607,0.04118714038744572,0.05954608947996292,0.004359856210470393,-0.00970089332753286,0.17657014593714848,1.25,0.019261330619463155,1.875,0.023898826239263808,1.5625,0.019100250161010444,1.65625,0.037046515387445716,1.125,-0.008168536727377721,1.9375,0.0001148813045222458,1.65625,0.019416806107669632,1.25,-0.01282589332753286
2025-09-25,2025-09,351,343,-0.0040698190698190695,0.010674901256687679,0.06112694212502465,,-0.3134158582470021,,0.020153100853168255,-0.28391288489138294,0.04375996223903829,0.1153023218511952,0.0599229420977403,0.453118638957248,0.07565018315018315,0.30557338491438596,0.056044952485951066,-0.007166999666999667,-0.010588752065839735,0.44220778477542544,0.09214785214785215,0.0409750198792454,0.060972048417300265,0.02566017316017316,-0.012921016449264827,0.17690662511021776,1.088235294117647,0.007954313021393562,1.7352941176470589,-0.2882511201855006,1.588235294117647,0.30160279667909184,1.5588235294117647,0.03707796105571599,1.3529411764705883,-0.3167982111881785,1.7058823529411764,0.05565823621538736,1.8235294117647058,-0.015147575595251499,1.2647058823529411,-0.01608278115514718
2025-09-26,2025-09,333,328,-0.06067968264058012,-0.008816846546561098,0.06335449187549132,,-0.44874975479341767,,0.020835157982272378,-0.44273051384413903,0.037541312696169185,0.0008139203289051289,0.005672402806378894,0.5348322046074001,-0.009888071463715356,-0.00686713875054655,0.05931774570315192,-0.10643382723319236,-0.045321927315771934,0.41084257603594754,-0.11663810119909969,-0.4893557781539094,0.05568455096474814,-0.08021794249339159,-0.485040991355389,0.197644486910466,1.2058823529411764,-0.011831552428914038,1.8529411764705883,-0.4473628667853155,1.6470588235294117,-0.010984785809370078,1.5882352941176472,-0.4933263663892035,1.2647058823529411,-0.45191151949930003,1.7941176470588236,0.0011871086887318355,1.8529411764705883,-0.049954280256948404,1.3823529411764706,-0.48849687370833017
2025-09-29,2025-09,351,342,0.08117424805571172,-0.01188324672945934,0.06010640000436961,,0.02002167838060329,,0.012565259491900217,0.0218620336858738,0.044810216641515146,-0.08942037453383436,-0.033583775110771666,0.5500750006998287,0.04305083805083805,-0.0384400763415485,0.05986314909435014,-0.03129370629370629,0.00044849065205768146,0.34290773750228043,0.05142122123856859,0.0038640969550403706,0.049885547265583814,-0.05295815295815296,0.013384601832126267,0.18877383639269016,1.2941176470588236,-0.015118540847106399,1.7941176470588236,0.017376739568226742,1.4705882352941178,-0.042116546929783796,1.3529411764705883,0.0004817440138638997,1.3823529411764706,0.016565796027662113,1.8235294117647058,-0.038142598640183434,1.6470588235294117,-0.0036691564067658474,1.3529411764705883,0.010002248890949795
2025-09-30,2025-09,325,322,0.0726348906717005,0.026329228772234217,0.06138428437282393,,-0.011747326819845718,,-0.03841727309954672,-0.03383406604509727,0.041821672783974015,-0.07785741273735938,-0.11172368840305928,0.572513438295573,0.041735969097932285,0.04397098539238267,0.05436695843333696,-0.03772149686260116,-0.030912249335597292,0.3929454777389765,0.05970880743886879,0.006108213525485434,0.0513286818828825,-0.03835701676192474,-0.004863268952297842,0.22677845836733468,1.411764705882353,0.022799817007528336,1.7647058823529411,-0.03824583075097962,1.6176470588235294,0.03992686774532385,1.5294117647058822,0.0022846841137207285,1.411764705882353,-0.0152767385845516,1.6470588235294117,-0.11584133546188281,1.7058823529411764,-0.03517695521795024,1.4411764705882353,-0.00846621012876843
2025-10-01,2025-10,345,334,0.1398388048884551,0.001933202066548935,0.055504621228604833,0.05074869810692181,0.04121787094157444,0.4033836503372048,0.02719023807958761,0.032415471228264006,0.051558555026205224,0.05272043749500457,0.04045466638424214,0.6473029224258481,0.10758766281609751,-0.010307719874490178,0.05057139482203394,-0.02954844328071211,-0.0057856784817200205,0.3349812117715677,0.1130022735641186,0.024654825896043328,0.042302636308319805,0.1551175648900916,-0.031449871023415024,0.2005570155540199,1.5454545454545454,-0.0019304342970874284,1.9090909090909092,0.027642743955536734,1.7575757575757576,-0.014701659268429573,1.6666666666666667,0.020488159229376662,1.878787878787879,0.03652090124460474,1.9393939393939394,0.035606181535757286,1.8181818181818181,-0.010331133027174566,1.7272727272727273,-0.03576805284159684
2025-10-02,2025-10,347,343,0.1010635884103558,0.0031106835654765366,0.06037131364829364,0.11361428779038876,0.0017210534615237187,0.4174126533462721,0.08012708574598065,0.05346822449205108,0.0549866346515563,0.11034383919271695,0.04491224544102266,0.6472169417230522,0.03987365148696162,0.025045830889599885,0.05122127567014145,-0.06716644676112744,-0.02629478472140034,0.293855676865753,-0.03168018362926281,-0.038642661263910284,0.047033560224245374,0.17805771615699706,0.04809175172301084,0.1703203626744011,1.4705882352941178,-0.0005657870227587574,1.7647058823529411,0.04905645978616873,1.6176470588235294,0.021001713242541062,1.5882352941176472,-0.042613249499204406,1.0588235294117647,-0.0009260053620056934,1.6470588235294117,0.04079459838219913,1.7647058823529411,-0.030706549427282695,1.4411764705882353,0.044488810546540254
2025-10-03,2025-10,353,346,0.09353106980885825,0.034732543886103986,0.0592537321670895,0.10516942605097404,0.013478934451401027,0.37143329914127077,0.12465850332461637,0.026226239131192288,0.05766863568305114,0.03948498451946884,0.019149856981382992,0.6285955829279763,0.08896245974429381,0.02421023752591874,0.05746650198621093,-0.0633498037948991,-0.02416396708738542,0.27558702645557265,0.04245581565886939,0.0030597930930039846,0.04802320741281321,0.23469616581622632,0.05779954741483655,0.13229713844401497,1.4857142857142858,0.03101825817181827,1.8,0.021726239131192288,1.7142857142857142,0.019924523240204457,1.542857142857143,-0.000797349764138873,0.9142857142857143,0.011193220165686742,1.8285714285714285,0.01457842840995442,1.7428571428571429,-0.028521109944528278,1.542857142857143,0.05394240455769369
2025-10-06,2025-10,381,378,0.05806441114122239,0.028728143698592504,0.06066756734186275,-0.01537700457599868,-0.00870360156914488,0.4290995942918878,0.10368540920662238,0.02753041670312988,0.07364669776985122,0.004096339598233424,-0.008866933228910382,0.8183322509652691,-0.029765471931054086,0.006557717599104372,0.05374905664127594,-0.02984531866005038,-0.028696139488077935,0.3418409351847674,0.0124450240082624,0.0024091483662405586,0.050043615263541695,0.008656426902272377,0.03184911623122089,0.23822509811112758,1.2894736842105263,0.02550445948806619,1.7894736842105263,0.023056732492603565,1.5,0.0028077175991043724,1.5,-0.0013408516337594413,0.7894736842105263,-0.010677285779671197,1.657894736842105,-0.013011670071015644,1.7368421052631577,-0.03303824475123583,1.394736842105263,0.028362274125957737
2025-10-07,2025-10,342,336,0.052277590859067594,0.0011756359263375288,0.06189244417935847,-0.06190666684066081,-0.01875572983030866,0.40411965318900694,0.11732405312017238,0.06035266375439565,0.05314144847433791,-0.003430585762663678,-0.025888835330893215,0.6856596838025486,0.11165009297437141,0.025790287219078174,0.053602242674094226,0.012396332863399147,-0.017720110701905923,0.23965046905419407,0.07828911557126103,-0.033291041326067874,0.04791097153457445,0.17649171105392303,0.022584372264645432,0.12546526832396493,1.2894736842105263,-0.002048048284188787,1.6578947368421053,0.05620792691229039,1.6052631578947367,0.02177712932434133,1.6578947368421053,-0.03743577816817314,1.0263157894736843,-0.02132151930399287,1.631578947368421,-0.029967782699314268,1.7894736842105263,-0.022193794912432237,1.4210526315789473,0.019031740685698063
2025-10-08,2025-10,314,306,0.04289406285702657,0.00941273327111225,0.0637994642775213,0.033752632124663624,0.0006279951271549178,0.37997595959853747,0.07122800653596523,0.05779410205049891,0.056631530870559374,-0.05429020263658755,-0.06270253564390013,0.7624261441730684,-0.012121969725600095,0.049610678164698684,0.058758562468238844,-0.04939857223286539,-0.008648526898939905,0.2843134865885781,0.01086959681615875,0.013079315698953792,0.04926844667632657,0.13300211926613506,0.05512307036715115,0.12037336303582115,1.2647058823529411,0.006250968565229897,1.5588235294117647,0.0538970432269695,1.6470588235294117,0.04549303110587515,1.6470588235294117,0.008961668640130264,1.0588235294117647,-0.0020190636963744943,1.6470588235294117,-0.06682018270272366,1.7352941176470589,-0.012986762193057552,1.3235294117647058,0.051814246837739386
2025-10-09,2025-10,391,385,0.03472860716192832,-0.05587115982885582,0.05723871792115158,0.06107453014650676,-0.01887324254566622,0.4150745905445594,0.08240662517944256,0.03974037369670874,0.05654413133952088,0.043072111522205456,0.022867623172867356,0.6585137648017783,-0.0024346862490815723,-0.02690609296232155,0.05200196044892137,0.006253337455383491,-0.02579320463894111,0.3290291503071785,0.005349865967283206,-0.06623293651398714,0.04722213088728175,0.09408211445113163,0.09910537281889295,0.1622889470309019,1.236842105263158,-0.05896326509201372,1.631578947368421,0.03566142632828769,1.7105263157894737,-0.031182408751795232,1.5789473684210527,-0.07018030493503977,1.1052631578947367,-0.02163640044040306,1.7105263157894737,0.018591307383393672,1.8157894736842104,-0.030332678323151636,1.394736842105263,0.09561853071362979
2025-10-10,2025-10,348,331,-0.021150704715023148,0.002968905031146442,0.058068908302242296,0.02378112447454959,0.0019075944410588803,0.4926634228816538,-0.012599304089466922,-0.017639304336141543,0.06040414243962423,-0.002873625403880405,-0.00033534322702143127,0.683864682235501,-0.03803971939531667,0.005633759784720681,0.05766367868147998,0.09415496127975417,0.010878371036914785,0.3358411034851363,-0.11019204443183078,0.003965675336542395,0.04689384720666148,-0.10510802004677125,-0.024370681885408047,0.18794509836218573,1.0263157894736843,0.00040311555746223166,1.6578947368421053,-0.021784041178246807,1.631578947368421,0.0015548124162996285,1.4473684210526316,0.00034725428391081583,0.9736842105263158,-0.0005266160852569093,1.736842105263158,-0.004677448490179327,1.8421052631578947,0.006273107879020048,1.5,-0.028120681885408047
2025-10-13,2025-10,420,409,-0.042954568093599495,-0.02194731367255978,0.06263171269615238,0.019560687499848153,0.02014396909346427,0.38494720273628463,-0.004002537376141311,0.016076864921842144,0.06470486154746323,-0.06902747078360165,-0.02279995873134791,0.7032897526898035,-0.07366578851677974,-0.026481655085957023,0.057430099709876975,0.011835020120781378,0.01684975059097425,0.24457160556098312,-0.013670307492834832,-0.029654313699113005,0.051307328421211496,-0.12457828964044985,-0.02600754965701388,0.15410523993394723,1.3902439024390245,-0.025422923428657342,1.7560975609756098,0.01168662101940312,1.7317073170731707,-0.03081092337863995,1.5365853658536586,-0.033495777113747155,1.0,0.01764396909346427,1.7804878048780488,-0.027251178243543034,1.8048780487804879,0.012337555469023029,1.6341463414634148,-0.030092915510672415
2025-10-14,2025-10,363,350,0.028109509777013545,0.0894975538679874,0.07313638821235231,-0.03201419374196873,0.06421556462829375,0.38828533589839936,-0.15873062270928312,-0.03907624708400765,0.048975730243317896,-0.13715326531843827,0.0021624981815759163,0.6330313405820301,-0.018627156197288067,0.08369517933532299,0.061761969659576664,0.11642400793581105,0.06814099423977489,0.3148969255387783,-0.056173488501295936,0.05795040721578136,0.053294729660134293,-0.1257662478154693,0.03236343817030546,0.2125688602881772,1.2682926829268293,0.08632682216067032,1.5609756097560976,-0.04297868610839789,1.6585365853658536,0.07954883787190835,1.6097560975609757,0.05392601697187892,0.8780487804878049,0.06202044267707424,1.7560975609756098,-0.0022277457208631085,1.6585365853658536,0.06399465277636025,1.5853658536585367,0.028400023536159117
2025-10-15,2025-10,392,383,0.05402320237753249,0.14747685328291157,0.06567673042069191,0.0471579936322355,0.04513285720488969,0.37281654637895134,-0.18946021496044868,-0.06772149065486718,0.04924543769656815,-0.18721104004798284,0.04617843487420187,0.6831690278884611,-0.01439739520102764,0.13026832546730263,0.05567870005653787,0.20601562895320757,0.07882324737833987,0.27460045641974395,0.009528537601565685,0.12372341331418424,0.050343600359157095,-0.22203823447732893,0.03454049164287204,0.17993969695740625,1.1578947368421053,0.14458211644080632,1.7105263157894737,-0.07199780644434087,1.7368421052631577,0.12592622020414473,1.5789473684210527,0.11977604489313161,1.0526315789473684,0.042501278257521265,1.7368421052631577,0.04183632961104397,1.5,0.07507324737833987,1.5526315789473684,0.03065891269550362
2025-10-16,2025-10,373,365,-0.05257364792087615,0.016376873492244384,0.0691851492326119,0.0050719587324681665,0.026887816024534994,0.3740572935591141,-0.22267130366882368,-0.0863461983276062,0.05692210785146044,-0.2160532074762623,-0.08107126729923703,0.6616478382299344,-0.09674217277623581,-0.02118159604834316,0.05874714810598203,0.2872295506458226,0.12013777329704212,0.2801319295540452,-0.009748155405573772,0.025407798547270072,0.05735283538129833,-0.2506094258794301,-0.12651401484412736,0.13312928839069274,1.1578947368421053,0.013482136650139122,1.6052631578947367,-0.09035935622234305,1.5526315789473684,-0.02506317499571158,1.3684210526315788,0.021986745915691126,0.9736842105263157,0.024453605498219205,1.5789473684210527,-0.08501863572028966,1.5526315789473684,0.1162561943496737,1.3684210526315788,-0.1299350674757063
2025-10-17,2025-10,389,379,0.008312047213928607,0.016586352120662,0.05890629512426512,0.03636584362829948,-0.007806933079848154,0.39070470866404083,-0.14278499676513703,-0.056250299136742996,0.05841738252372114,-0.05645113407374958,-0.02927153656046693,0.6420699279559287,0.04692373167150836,0.019553599712458562,0.0465618763480722,0.1432027537211234,0.01369672973920652,0.250080796448808,0.02861859485466688,0.004420927414876055,0.047833111214787304,-0.16904669087080965,-0.06808287257885881,0.11822314776088064,1.263157894736842,0.013428457383819894,1.7105263157894737,-0.06052661492621668,1.8157894736842104,0.015014126028248035,1.657894736842105,0.00027619057277079254,0.9473684210526315,-0.010175354132479733,1.631578947368421,-0.03335048392888798,1.7105263157894737,0.009420413949732837,1.4473684210526314,-0.07170129363149039
2025-10-20,2025-10,423,411,0.08277841302940189,0.037913030607698274,0.057977192541613265,0.10941062390165417,0.008156980323790341,0.4006293128903319,-0.03211763987980171,-0.017040785646599412,0.044372337601235594,0.008213865397596701,-0.013738695918994459,0.6004969215974575,-0.020834562085434896,0.014090088760551948,0.05487064842286325,0.09487504146047414,0.046743466677351034,0.3111026086276624,0.11575399717022354,0.04687677651561757,0.04515382266561763,0.022259914523247354,0.03727928895948743,0.19797251995925497,1.2439024390243902,0.034803274510137296,1.6341463414634145,-0.02112615150025795,1.6829268292682926,0.009882771687381216,1.6829268292682926,0.04266945944244684,1.121951219512195,0.0053521022750098535,1.829268292682927,-0.018311866650701777,1.829268292682927,0.04217029594564371,1.4390243902439024,0.03368172798387767
2025-10-21,2025-10,372,358,0.00677642438365891,0.011174292012712451,0.06534672842219377,0.044092447492035315,0.03854859153001962,0.390712241952618,-0.07411327181435627,-0.018550783441268252,0.051463195084122476,-0.012296070319261497,0.01825925479350024,0.6438555456697941,-0.03282591349440881,0.024695946804436056,0.05811334297345174,0.13482730141428428,0.040342714690933666,0.24099761920256746,-0.048189771585312666,0.010689519107131118,0.046174655231988576,0.08736225990839355,0.03621210102013627,0.1169058927334845,1.3170731707317074,0.007881609085883184,1.7560975609756098,-0.022941027343707277,1.5853658536585367,0.020732532170289714,1.5609756097560976,0.006787080082740874,1.048780487804878,0.03592664031050742,1.8048780487804879,0.01374705967154902,1.8780487804878048,0.03564759273971416,1.4878048780487805,0.032492588825014324
2025-10-22,2025-10,418,402,0.05592723980023938,0.02066113507548755,0.058100247425529675,0.19507336657309682,0.026723746886870656,0.3327881425619125,0.059691302886388395,0.051269148465473445,0.060852142185112326,0.04695827557758736,0.017214671080153426,0.7419421028345823,-0.00991631209309482,0.02184255545470573,0.04744095882399294,0.06621102268588801,-0.013364471725703393,0.2503582089208066,0.01983911266574321,0.04007369872153261,0.04533152705874714,0.17593674657743288,0.04554181313002124,0.13412051452323795,1.3499999999999999,0.01728613507548755,1.775,0.04683164846547345,1.75,0.01746755545470573,1.8,0.03557369872153261,1.175,0.023786246886870657,1.775,0.012777171080153426,1.95,-0.018239471725703393,1.525,0.041729313130021234
2025-10-23,2025-10,484,467,-0.07286465215644956,-0.03815639054217305,0.059673826194494045,0.12510863082559429,0.05000865920318283,0.32378368777163485,0.12767543612808718,0.043889781209495826,0.0622911923859813,0.0822696512074143,0.00938342756842897,0.7465873252838215,-0.10055094920800312,-0.07651174484168907,0.050099792602157606,0.009113717463010483,-0.002629937769358121,0.21851844388119718,-0.0626826472392251,0.002855250206561407,0.047672175536224354,0.0323393081389903,-0.010006530709040463,0.15245912901740125,1.4893617021276595,-0.041879794797492195,1.8297872340425532,0.03931531312438944,1.702127659574468,-0.08076706399062525,1.702127659574468,-0.0014000689423747633,1.0,0.047508659203182826,1.8297872340425532,0.0048089594833225875,1.872340425531915,-0.007310788833187909,1.4680851063829787,-0.01367674347499791
2025-10-24,2025-10,395,387,-0.0072123276068530836,-0.002304259678609255,0.05625778798261692,0.042989296680744346,0.04749184154966955,0.3388654589653015,0.08329673590242494,0.012231143779448487,0.04819083807499314,0.037533422267920266,-0.01900312128306233,0.6302141734422781,-0.0071058201367267745,-0.039081247842263425,0.05099522433500446,-0.05133309578467967,0.01921184683257899,0.23681132858380294,-0.005155389920538028,-0.01234833202720799,0.04347336404635238,-0.08317084615998707,-0.034050726448749125,0.1446701924388225,1.2765957446808511,-0.005495749040311383,1.851063829787234,0.007603484204980402,1.7234042553191489,-0.0433897584805613,1.6382978723404256,-0.016444076708059054,1.1489361702127658,0.04461950112413764,1.7659574468085106,-0.023418014900083606,1.851063829787234,0.014584187258110906,1.425531914893617,-0.037614556235983164
2025-10-27,2025-10,446,433,0.023687585870838086,-0.008412743237919079,0.055769995724554364,0.06408075468610035,0.009506992733607639,0.3868877551583357,-0.02283238881503797,-0.03283575682035818,0.06613739838120838,-0.06582300174702149,-0.03375767423369924,0.6647563431152077,0.02151012291006062,-0.00655472114622601,0.04568693005645795,0.013770782729491346,0.027658430753446095,0.20580747766896737,0.038467227309048446,0.012066344800486559,0.039271830201006164,-0.005568843261690185,0.0014306259810602275,0.10591020231503387,1.4883720930232558,-0.012133673470477219,1.697674418604651,-0.0370799428668698,1.8604651162790697,-0.011205883936923684,1.6744186046511627,0.007880298288858653,1.0930232558139534,0.006774434594072756,1.8604651162790697,-0.038408837024396916,1.9069767441860466,0.02289098889298098,1.4186046511627906,-0.0021158856468467485
2025-10-28,2025-10,454,438,0.11436669640713168,0.006796266479236594,0.05257469578694182,0.025504623450768097,0.004834326577074997,0.3338581386699595,-0.017677313671396556,-0.015048773167137337,0.05850038611132491,0.009430676535774176,-0.008237103186009207,0.6058009906925939,0.11784360576261851,-0.0036910427837974387,0.04777904937060466,-0.03377313528727013,0.01169343233842025,0.2660597082735463,0.12147157915457359,0.039044304212782224,0.0376565366911128,0.13182087626758981,0.06034743515300859,0.12569825414737518,1.2954545454545454,0.0035576301156002303,1.75,-0.019423773167137337,1.7272727272727273,-0.008009224601979257,1.6136363636363635,0.035010213303691314,0.8636363636363636,0.002675235667984088,1.7954545454545454,-0.01272573954964557,1.75,0.00731843233842025,1.4318181818181819,0.056767889698463136
2025-10-29,2025-10,524,507,0.035996338546803425,0.016481612773467064,0.04207925828887696,-0.034781136426663556,0.011274328153931774,0.3453155821006672,-0.11269297319411396,-0.04616928678112661,0.0557069206300331,-0.0689421318178118,-0.00497565014675037,0.6949195961157482,-0.014536803537531014,0.004418446223187187,0.04143073057540182,0.01616919416753025,-0.010269674904790568,0.2917389313818193,0.03740929250131883,0.009865121208275082,0.03402130116243109,-0.11911566313796547,-0.014576322137082438,0.10578107581857371,1.4705882352941178,0.01280514218523177,1.803921568627451,-0.05067909070269524,1.8627450980392157,-0.00023841652191085218,1.7450980392156863,0.005502376110235867,1.1568627450980393,0.008382171291186676,1.8235294117647058,-0.009534473676162135,1.9019607843137254,-0.015024576865574882,1.607843137254902,-0.018595929980219694
2025-10-30,2025-10,578,563,-0.012385884629896428,-0.0033070062555674196,0.04752855488782377,-0.04723647451138445,-0.018048517559524357,0.3177564135985449,-0.03754601274491553,-0.024577137561828413,0.051012657714424425,-0.07405304817099273,-0.027376361920014372,0.5604029473449502,-0.011541410329885551,-0.0020462792448015087,0.044230925324287934,-0.03455928999762579,-0.015533346627194397,0.2861668527392404,-0.029637238583988625,-0.028945282531338604,0.042102046470407814,-0.08138813110352879,0.020198648212927005,0.12871261968809578,1.4107142857142856,-0.006833791969853134,1.8392857142857142,-0.029175351847542698,1.8035714285714286,-0.0065552078162300804,1.6785714285714286,-0.033141711102767174,1.0535714285714286,-0.02068244613095293,1.6785714285714286,-0.031572790491442945,1.8928571428571428,-0.020265489484337255,1.4642857142857142,0.01653793392721272
2025-10-31,2025-10,426,419,-0.02095481358565332,0.014040948229366058,0.05172966402264999,-0.01570751413010367,0.006657045514587437,0.3510475045158749,-0.04918520168161103,-0.007082542492472723,0.05805836038913807,-0.018501319998806217,0.017768033099024288,0.64597007277466,-0.015195279681948974,0.024281841700109535,0.0438070439835571,-0.12089315061050973,-0.023628646159518086,0.23899541946039315,-0.029628338982787758,0.01815337958708358,0.039299112895853104,-0.19662825555066174,-0.012210559469020558,0.184867900308399,1.4285714285714284,0.010469519657937488,1.8214285714285714,-0.01163611392104415,1.8392857142857142,0.01968362741439525,1.6428571428571428,0.014046236729940723,0.9821428571428571,0.004201688371730294,1.8035714285714284,0.013259104527595718,1.875,-0.028316146159518087,1.607142857142857,-0.0162284166118777
2025-11-03,2025-11,500,493,-0.05825687302749211,-0.0062852620134501505,0.05466690541459081,-0.005819639278557115,-0.007764592924899585,0.2822246279909598,-0.07183186450742313,-0.060929375724008805,0.06912630299038677,-0.056807842574702755,-0.0038279580597062463,0.5401275458992744,-0.09242638570554282,-0.006382716090471148,0.0470929819617745,0.07107887631550526,-0.012237413970480011,0.22725284829431652,-0.03279142716570866,-0.04622836789745976,0.058396718630186674,-0.2522670250681003,-0.07878340149000092,0.20859568444441778,1.4693877551020407,-0.009958731401205251,1.7551020408163265,-0.06531713082604962,1.7551020408163265,-0.010770471192511965,1.7755102040816326,-0.05066714340766384,1.2653061224489794,-0.010927858231022033,1.8367346938775508,-0.008419794794400123,1.9183673469387754,-0.01703333233782695,1.673469387755102,-0.08296707495938867
2025-11-04,2025-11,577,563,0.05141892829856211,0.004590939250948958,0.05716096356363767,-0.006554792220048644,0.008991068373970705,0.2810688534019781,-0.043501416066428766,-0.015229289069059865,0.05798726090408762,-0.04823181752901308,-0.006005291088684123,0.48707568678738816,0.021327110472955536,-0.0010387100130126664,0.05080693682673408,-0.015606072548264883,-0.018254886221706075,0.26168391298103544,0.03695551387124461,-0.004468046415120143,0.053006791246823906,0.01720165231287775,0.04292205355128408,0.19576601730659604,1.4642857142857142,0.0009302249652346729,1.8214285714285714,-0.019782860497631293,1.8392857142857142,-0.005636924298726952,1.732142857142857,-0.008798403557977286,0.9999999999999999,0.006491068373970705,1.8749999999999998,-0.010692791088684123,1.8749999999999998,-0.022942386221706072,1.482142857142857,0.03921669640842694
2025-11-05,2025-11,673,650,0.01694639732300718,0.009879649225704381,0.049478835562074164,-0.04052037909885759,-0.012811899866815343,0.2564577285057077,-0.036018743036398515,-0.015521615380652524,0.05752013609051315,-0.008207152476560202,-0.013876672188958016,0.6040467828512192,-0.044147930740808555,-0.0044307602948141026,0.04946280276211791,-0.07240637953851299,0.0070994670082098425,0.3192214860939062,-0.018480329199858654,-0.016604571295966916,0.05180294545819365,0.02407345615130193,0.029739174745124875,0.17459576946611588,1.4461538461538461,0.0062642646103197655,1.7846153846153845,-0.019983153842190987,1.7538461538461538,-0.008815375679429487,1.7846153846153845,-0.021066109757505377,1.169230769230769,-0.015734976789892267,1.7538461538461538,-0.018261287573573398,1.9384615384615385,0.002253313162055996,1.5384615384615383,0.02589302089897103
2025-11-06,2025-11,661,638,-0.03809582118941885,0.0013284159517786519,0.05231814457665435,-0.0976043149689587,-0.017022559143708496,0.2492162035923684,-0.08211839266157155,-0.024414449206831286,0.04940050249815187,-0.09664240415550854,-0.009424484895145292,0.4617350900080055,-0.05270883473721231,-0.006520067191363943,0.04965406688996146,-0.07166955928468056,-0.006444876262587275,0.30845402111299336,-0.011346735635211852,0.0028268568415235756,0.05535766452633217,-0.05944095257366827,0.02217494055903583,0.19762265661847778,1.4615384615384617,-0.0023254302020675023,1.7538461538461538,-0.02879906459144667,1.876923076923077,-0.011212374883671635,1.8,-0.001673143158476424,1.0153846153846153,-0.019561020682170034,1.7692307692307692,-0.013847561818222213,1.9230769230769231,-0.011252568570279583,1.5846153846153848,0.018213402097497368
2025-11-07,2025-11,436,427,-0.07638271918058549,-0.012304473630045474,0.07857604831409543,-0.11246216989750557,-0.043375415421133774,0.28098044228241886,0.01592028190374429,-0.008298007264666188,0.05601393582935481,-0.026344890964957974,-0.04092515329773364,0.45977849859830944,-0.1254030141018973,-0.025460455290643856,0.07301958755197029,-0.07469633392006322,-0.03287752936984107,0.3389065725685552,-0.2122837334797401,-0.04638390764412589,0.07454243817750154,-0.21458776458901532,-0.0387684122969834,0.2399776447997537,1.65625,-0.016445098630045472,1.8125,-0.012829257264666188,1.875,-0.030147955290643857,1.796875,-0.05087609514412589,1.25,-0.04650041542113378,1.859375,-0.04557359079773364,1.890625,-0.037604091869841066,1.75,-0.0431434122969834
2025-11-10,2025-11,455,443,-0.09380629822223499,-0.039473802412915954,0.07370868079765103,-0.15673838601730483,-0.08349049678340958,0.28588096450336953,-0.03726606477857808,-0.0139416599854875,0.06386586421669808,0.017061185737798447,-0.0041058241390143635,0.6506844471124086,-0.0997119015254133,-0.024413623750559853,0.06797645044570998,-0.12779783225635996,-0.03142685704449582,0.27867353324439714,-0.15795347053099984,-0.052262409908468054,0.0730560056357352,-0.20245444396491208,-0.10192423907768483,0.2623115706850182,1.3409090909090908,-0.04282607514018868,1.8181818181818181,-0.018487114530942046,1.6590909090909092,-0.028561351023287124,1.6590909090909092,-0.05641013718119533,0.9545454545454546,-0.08587686041977322,1.8409090909090908,-0.008708096866287091,1.9318181818181819,-0.036256402499041274,1.5,-0.10567423907768483
2025-11-11,2025-11,364,353,-0.12863078747289913,-0.06053452401241298,0.06646510603262121,-0.19246371265494897,-0.08267389450294206,0.30540664834635595,-0.23143759066013192,-0.10791979248736856,0.05033536238533583,-0.1335383724677166,-0.048973853200301426,0.5049069195985794,-0.046514136331547516,-0.06039300430307149,0.054153510855748765,-0.09868998365830849,-0.02825265103082628,0.2480213218501636,-0.06689985400028714,-0.03210462963322233,0.0635871629480739,-0.07117826576774831,-0.02510518675120043,0.19681585941995894,1.4318181818181819,-0.06411406946695844,1.7954545454545454,-0.11240842885100492,1.6818181818181819,-0.06459754975761695,1.6818181818181819,-0.036309175087767785,1.0454545454545454,-0.08528753086657842,1.8863636363636365,-0.053689762291210516,1.9090909090909092,-0.03302537830355355,1.5681818181818181,-0.029025641296654976
2025-11-12,2025-11,400,385,-0.06582388632027884,-0.020635135355916115,0.06715485433387292,-0.12568522892417602,-0.04368541758120783,0.2975487512732415,-0.1856968544778417,-0.05685708069298643,0.056314232157289715,-0.010377696561259312,-0.01891695775047974,0.6940925199734538,-0.06448541210208679,-0.033648938818851434,0.05819547457995009,-0.09456734547875366,-0.0019206385055675589,0.24480768587244184,-0.0289849651233725,-0.0008041486814553411,0.07016397159045445,-0.10544691398603662,-0.03245597699024948,0.21689642769725698,1.4473684210526314,-0.024253556408547695,1.763157894736842,-0.06126497542982853,1.763157894736842,-0.03805683355569354,1.7105263157894737,-0.005080464470929026,0.8684210526315789,-0.04585647021278678,1.7894736842105263,-0.023390641961006056,1.7894736842105263,-0.006394322716093874,1.5526315789473684,-0.0363375559376179
2025-11-13,2025-11,401,385,-0.18125694072919124,-0.014541343624078128,0.06099018762444483,-0.12728626195704767,-0.02865378020775324,0.30142916931378605,-0.13687115137126962,-0.03555461789901067,0.044191394817602134,-0.05542812367698712,-0.028092679579312083,0.47473539882584626,-0.047071872557412436,-0.022084748696674615,0.05461745034858294,-0.11058156846689247,0.004084862428379951,0.21878534675526773,-0.025896080693787918,0.006939372658730021,0.054636847501295195,0.0401996873487922,0.008386591738845303,0.1979070925398877,1.2368421052631577,-0.017633448887236024,1.789473684210526,-0.040028302109536985,1.631578947368421,-0.02616369606509567,1.5789473684210527,0.0029920042376773894,0.7894736842105263,-0.030627464418279553,1.894736842105263,-0.032829521684575244,1.7368421052631577,-0.00025724283477794336,1.4736842105263157,0.004702381212529514
2025-11-14,2025-11,384,379,-0.100684552211811,-0.034898497348389415,0.06071969171207393,-0.026001794191829065,0.000785622168497313,0.2931632151533114,-0.020463719279305032,0.0211272704716222,0.05737511462409616,2.5432616783352535e-06,-0.001993192720231029,0.4928087811720998,0.010030392753381077,0.011871579844805673,0.059468965837967826,0.08070620712806782,0.047179167392341265,0.31445712919690105,0.03712585104116034,0.009804837629802634,0.059959543391287395,-0.008812860027818012,-0.02212560919062586,0.2063659105057779,1.1578947368421053,-0.03779323419049468,1.8157894736842104,0.016587796787411672,1.5526315789473684,0.007990000897437252,1.4736842105263157,0.006120627103486845,0.7105263157894737,-0.0009906936209763712,1.7368421052631577,-0.006335297983388923,1.7105263157894737,0.04290285160286758,1.131578947368421,-0.024954556559046912
2025-11-17,2025-11,415,406,-0.16251520137889372,-0.020323561657377986,0.06818004448010909,-0.11822541000120886,-0.029236921405995327,0.2911609694952282,-0.14851737265246037,-0.011004538130010006,0.06109899613796342,-0.078971044988845,-0.050776603969611055,0.5001492618424137,-0.11974809597860207,-0.02776308968234013,0.06412460762998715,-0.1698563484708063,-0.014485660293098244,0.4072438759229532,-0.05894615250298854,-0.029997534896129146,0.07713548665466752,-0.036640038414527676,-0.026705562786905078,0.23334372261675393,1.2926829268292683,-0.023555268974451156,1.7560975609756098,-0.01539478203244903,1.4878048780487805,-0.03148260187746208,1.5609756097560976,-0.03389997392051939,0.9268292682926829,-0.031553994576727036,1.829268292682927,-0.05534977470131837,1.8780487804878048,-0.019180782244317757,1.2926829268292683,-0.029937270103978248
2025-11-18,2025-11,385,378,-0.08115800591512642,-0.02883671429827535,0.0693635604997172,-0.004211106251261692,0.004231990436646741,0.289268762412432,-0.06400908632786163,-0.026944872075889255,0.04458300670685433,0.08488848551678062,-0.026533515310144785,0.45870184310172735,-0.04325185116493164,-0.013060352984319078,0.062055925859917635,-0.049613501783190905,0.004243930435517237,0.23456503254802602,-0.017413344640895796,-0.015990378930706567,0.06070019834760021,0.012879979476482067,0.030190519889799015,0.23064657790880455,1.3658536585365852,-0.032251348444616815,1.8536585365853657,-0.03157901841735267,1.6341463414634145,-0.017145718837977615,1.4634146341463414,-0.01964891551607242,0.9512195121951219,0.0018539416561589362,1.7560975609756098,-0.03092375921258381,1.9024390243902438,-0.0005121671254583729,1.4634146341463414,0.02653198330443316
2025-11-19,2025-11,328,322,-0.07388708790641262,-0.03945928759131233,0.07424107710422179,-0.05774871947988881,-0.019565772198798456,0.3318868247442879,-0.11765219005516858,-0.04163484496624411,0.049045664299137454,-0.0028450883260102856,0.06368985460178359,0.5822121426463127,-0.05211824416550135,-0.07974388618597937,0.07030444058087744,0.08281535549523533,0.046864584569012664,0.2934884673450142,-0.017806557976904048,-0.05937908352215379,0.07857233698492802,-0.07344890604032779,-0.0007323822450039895,0.19312678929418325,1.3157894736842106,-0.04274876127552286,1.763157894736842,-0.04604273970308621,1.5789473684210527,-0.083691254607032,1.4473684210526316,-0.06299750457478537,0.9736842105263158,-0.021999982725114244,1.763157894736842,0.05928195986494148,1.7894736842105263,0.04239090035848635,1.394736842105263,-0.0042192243502671475
2025-11-20,2025-11,342,335,-0.17672480321037198,-0.034215228722205185,0.07116895568806478,-0.04268241373677776,-0.0047594150344626674,0.2807436345747727,-0.0514158958560151,-0.011695725190604144,0.04997507952218791,0.03526453014577879,0.015134765976720185,0.5357951298356056,-0.16801879616750898,-0.02975026958951394,0.06858727625929427,-0.0904306070100741,-0.06531835309872693,0.3231403046999784,-0.14873004523397787,-0.027834327383462906,0.0869380250089562,-0.04280600957777771,-0.03375282532612034,0.20738789844600594,1.3529411764705883,-0.03759758166338165,1.8823529411764706,-0.01640160754354532,1.6176470588235294,-0.033794387236572763,1.6176470588235294,-0.03187844503052173,1.0588235294117647,-0.0074064738579920795,1.7647058823529411,0.010723001270837832,1.8823529411764706,-0.0700242354516681,1.3823529411764706,-0.037208707679061516
2025-11-21,2025-11,332,327,0.014495643141791355,0.0035990698720646808,0.060236349301727825,0.16168011639929522,0.06062945866048459,0.29046512781783485,0.11917624278063506,0.03502428991506265,0.05566340971419302,-0.03692513177214861,-0.041416233479504606,0.43865329614191345,0.04263203588126317,0.005681779953242191,0.054939104618530056,0.15490491401385734,0.02568191814659777,0.24756253228494618,0.033786166759988356,-0.0027723573545461178,0.060433977094973904,0.03143266296180066,0.03161894345205683,0.18640009686350822,1.411764705882353,6.965810735879829e-05,1.8529411764705883,0.03039193697388618,1.5588235294117647,0.00178472112971278,1.5294117647058825,-0.006595886766310824,1.0588235294117647,0.057982399836955176,1.7352941176470589,-0.045754468773622256,1.8823529411764706,0.020976035793656596,1.4705882352941178,0.027942472863821538
2025-11-24,2025-11,343,335,0.04164956767809414,-0.01471684423662534,0.05357717111908313,-0.0064973182838443996,0.03835615984045721,0.29987304990508534,-0.0672359471346355,-0.05711046982905857,0.04750257523992463,-0.014938017357678711,0.007712973630532645,0.5739077154327841,-0.039372282701018994,-0.04168747276243497,0.051931332895644715,0.03202358054604951,-0.005945086562600533,0.2098388801164487,0.057582409510844895,0.0018834922632774698,0.0707132808956132,-0.041671870706667,-0.008711822741014556,0.1569174708908095,1.3529411764705883,-0.018099197177801812,1.8529411764705883,-0.06174282277023504,1.5882352941176472,-0.045658060997729094,1.4705882352941178,-0.0017929783249578243,0.9411764705882353,0.036003218663986626,1.8529411764705883,0.0030806206893561738,1.9411764705882353,-0.010798027739071122,1.5,-0.012461822741014556
2025-11-25,2025-11,313,305,0.19024964270787514,-0.00021508820139888585,0.062974079535497,-0.030233644786665684,0.00885896331779961,0.30639912349482373,0.0034260889186239997,-0.009905285296158976,0.050953535555671094,-0.010152224672285977,0.0014781496828099108,0.4480106910069783,0.037989192793734826,-0.00819478619227981,0.05908827501778164,0.10435121541936625,0.027172463363396918,0.2375382248312235,0.08651869894009859,0.042898476680532566,0.05978296937948688,-0.051412106137284704,-0.03734521379696876,0.15917312912642956,1.4705882352941175,-0.0038915587896341795,1.7058823529411764,-0.014169991178511917,1.6764705882352942,-0.012385962662868046,1.6176470588235294,0.03885435903347374,0.9411764705882353,0.0065060221413290225,1.7647058823529411,-0.002933615023072442,1.9411764705882353,0.02231952218692633,1.4117647058823528,-0.04087462556167464
2025-11-26,2025-11,307,299,0.1222721966474689,0.05301286147374888,0.05932901386773373,0.03139212451341212,0.006884767207213701,0.2951643803467353,0.04964592173337905,0.008168419194927367,0.051984357328204014,0.017456156904850546,0.01753696577853322,0.5365283941229184,0.09638920233068726,0.029343672452977167,0.05216680805124349,-0.12240821706236536,-0.019516183188193606,0.22050972692668439,0.10526224111202076,0.011670239837930054,0.06148333808435319,-0.031881926593557174,-0.0026467535968493702,0.16137634143233298,1.3666666666666667,0.04959619480708222,1.9333333333333333,0.0033350858615940338,1.7,0.025093672452977167,1.5,0.007920239837930054,1.1333333333333333,0.0040514338738803675,1.9333333333333333,0.012703632445199885,1.9,-0.024266183188193607,1.3333333333333333,-0.0059800869301827025
2025-11-28,2025-11,361,349,0.1956295944863613,0.04815140331556001,0.05649265807476765,-0.014388107517995337,0.0016670980990616535,0.28925681276512993,0.04813996562945589,0.0020799022100605573,0.05724151000977311,0.06651058106511532,0.03198254189716923,0.3606154612132481,0.14176285597153196,0.0380850748571812,0.05451524799761451,0.004058452324472129,0.019191216237322485,0.32037279129560503,0.052804521204432825,0.02578576816075799,0.0538139763393862,-0.07966641669599996,-0.01043150877139791,0.14133760599153383,1.3714285714285714,0.044722831886988584,1.9142857142857141,-0.0027058120756537282,1.7142857142857142,0.033799360571466916,1.5142857142857142,0.022000053875043706,1.1428571428571428,-0.0011900447580812036,1.8,0.02748254189716923,1.8571428571428572,0.014548359094465342,1.542857142857143,-0.014288651628540767
2025-12-01,2025-12,319,314,-0.10392663762851947,0.11835910996250398,0.060349131600257636,-0.15397653338853728,-0.02932967887618722,0.2833957997180762,-0.12006717477117602,-0.055309519379464205,0.0441581599065478,-0.019674786193052532,-0.14471680365068673,0.4087833563286451,0.04968171467439522,0.15943050094451117,0.05758321937934281,0.0645579493700834,0.025673128068366885,0.1720985259500242,0.027634263914355,0.15627583346870622,0.051390002497817125,-0.011544035015082511,-0.04134715213780207,0.09537554039589821,1.6857142857142857,0.11414482424821827,1.857142857142857,-0.05995237652232135,1.657142857142857,0.15528764380165402,1.7428571428571429,0.15191869061156335,1.4857142857142858,-0.033043964590472936,1.7714285714285714,-0.14914537507925815,1.8285714285714285,0.02110169949693831,1.657142857142857,-0.045490009280659216
2025-12-02,2025-12,313,303,-0.10630242958644905,-0.03471842989692808,0.05297567228985948,-0.07514013834601531,-0.12585788509853257,0.2871124437699715,-0.07939152634355673,0.06058326985481476,0.047117480444898,0.0128318581066268,0.10744427196317669,0.42726871669292454,-0.03209974595275169,0.020076996302075142,0.04281728087447356,-0.06350212027243426,-0.00845899247436471,0.1752069159100453,-0.018173372383705914,-0.013417997598014965,0.04272677834204658,-0.07017483442464618,0.10954526936011529,0.07951250864813725,1.3225806451612903,-0.038024881509831306,1.7419354838709677,0.05622843114513734,1.6774193548387097,0.01588344791497837,1.6774193548387097,-0.017611545985111738,0.967741935483871,-0.12827723993724224,1.8064516129032258,0.10292814293091862,1.8064516129032258,-0.012975121506622774,1.2903225806451613,0.10631946290850239
2025-12-03,2025-12,303,296,-0.09234102124677612,-0.030797735231150484,0.043217396631618624,-0.04535811284160832,-0.02294467475474834,0.2704574792335431,-0.0904742718504318,-0.015327816681781688,0.050768858605328766,-0.011608637502018612,0.008424819226895322,0.3947826803972324,-0.0013385662372441497,0.010379426421555815,0.03728729496711361,-0.03241288750694519,-0.011963852815852551,0.16316407335301242,-0.010292681411745217,-0.012562217089264235,0.037261320117484065,0.008260890571455194,0.05153926124733699,0.12313437461853027,1.2333333333333334,-0.03388106856448382,1.7666666666666666,-0.019744483348448354,1.8,0.0058794264215558155,1.5666666666666667,-0.0164788837559309,1.1,-0.025694674754748337,1.9,0.003674819226895322,1.9,-0.01671385281585255,1.2666666666666666,0.04837259458067032
2025-12-04,2025-12,335,330,-0.09276138554447608,-0.02609454128404619,0.05277219310011927,0.0853551957917853,0.0025295945672407505,0.37305276445818675,0.09170560588848675,0.0287813732414672,0.04470373039746685,-0.024278895369041275,-0.011290967054383205,0.4196805048621062,-0.051485834301546164,-0.045047305314812096,0.04263396578770283,0.02578010290719201,0.01096915732759211,0.18240135213868186,-0.11274689427115918,-0.034904730365792905,0.039657096212754095,0.042132260000255356,0.02430041719389008,0.11802604941256117,1.3636363636363635,-0.0295036321931371,1.9090909090909092,0.024008645968739927,1.7272727272727273,-0.049365487132993914,1.7272727272727273,-0.03922291218397472,1.0909090909090908,-0.00019767816003197656,1.8484848484848484,-0.01591217917559533,1.9696969696969697,0.006044914903349686,1.303030303030303,0.02104284143631432
2025-12-05,2025-12,289,284,-0.017046247594540313,-0.043433120956807625,0.05146793952167482,0.07063397367060414,0.006117938398854932,0.3013209172391466,0.02574074335192342,-0.009765055892574658,0.05123408008683273,-0.019559922265266632,-0.0034101010787521147,0.4377145346786295,-0.06372051863341685,-0.0038135058964009864,0.046107619597773895,-0.06647923875432526,-0.020119949467318415,0.205218824491437,-0.10374110090283578,-0.02455117867837321,0.040999377247495146,0.06278735632183909,0.009263236974280767,0.11108571596975837,1.2121212121212122,-0.046463423987110654,1.7878787878787878,-0.014234752862271629,1.7272727272727273,-0.008131687714582805,1.6363636363636362,-0.0286420877692823,1.0909090909090908,0.0033906656715822045,1.9393939393939394,-0.008258585927236963,1.9090909090909092,-0.024892676740045687,1.2727272727272727,0.006081418792462585
2025-12-08,2025-12,374,367,0.04092626863708161,-0.013692494200039908,0.04668054347219629,0.024733467605251157,-0.007290890126628268,0.2944609446300043,-0.09528465740307569,-0.025292552290561647,0.045262233463636115,-0.0927704686363296,-0.032479074183974346,0.42728008239253146,0.045191612747723424,0.011458319835730625,0.03896748045192093,-0.0030584222768661306,0.00937968133716824,0.17205227015388977,-0.03658740586299304,-0.0368708546060451,0.03722981942286385,0.06235609882904048,0.01404452356266396,0.09557920638975259,1.3243243243243243,-0.01700330501085072,1.7567567567567568,-0.02968444418245354,1.7837837837837838,0.006998860376271165,1.6486486486486487,-0.04099247622766672,0.8918918918918919,-0.009520619856357998,1.9189189189189189,-0.03727637148127164,1.8108108108108107,0.004852654310141214,1.3783783783783783,0.010598577616718015
2025-12-09,2025-12,328,321,0.033041706514661616,0.025099433657623543,0.05392809050330381,-0.021223545382884186,0.004963522297021631,0.315658564446494,-0.018105307152972133,-0.0359120550155105,0.03736103005926842,-0.07893798295021319,-0.004082672906667965,0.4435480716638267,0.040247541149737366,0.011282546756972527,0.042150909503185584,-0.05668975264248613,0.004527002786418231,0.20121349662076682,-0.07603681151002414,-0.01533926735447767,0.04589107187689762,0.05651291810316391,0.05520555361058496,0.11238386284094304,1.054054054054054,0.022464298522488407,1.7297297297297298,-0.04023637933983482,1.7567567567567568,0.006890654865080635,1.6756756756756757,-0.01952845654366686,0.8108108108108107,0.002936495269994604,1.7567567567567568,-0.008474564798559858,1.8918918918918919,-0.00020272694331149865,1.1891891891891893,0.05223258063761199
2025-12-10,2025-12,328,316,0.14002695196654955,0.018023013442798323,0.05184375386152436,0.05190501808813298,0.037996352198738564,0.31556083232862875,-0.10459183023915107,0.019517596203561235,0.05151039150243281,-0.007388899970318346,0.04908896460551969,0.44554442586377263,0.023682905745150144,0.009942523735706924,0.04933774880215551,0.03628950806671559,-0.025253081684675875,0.18263570626731962,-0.06708694342178914,-0.010663373083915413,0.04194008579214638,0.06186998444536187,0.028806706615663338,0.10859980236273259,1.21875,0.014976138442798322,1.90625,0.014751971203561236,1.5625,0.006036273735706924,1.5,-0.014413373083915413,0.96875,0.03557447719873857,1.78125,0.04463583960551969,1.9375,-0.030096831684675876,1.25,0.02568170661566334
2025-12-11,2025-12,348,338,0.036738176992113014,0.005761382451596415,0.06163560805420523,0.03250780825783239,0.004206398492174874,0.30641166493296623,0.12785906330288305,0.04914209644780259,0.042894586015341976,-0.11587296573742437,-0.03821240426085196,0.4890621444758247,-0.020671347920091152,0.014517251396389548,0.05828001941861348,-0.11614222945586074,-0.03591740683602627,0.23493856180678396,-0.0649361743081623,-0.0006239504476076158,0.05942238332271168,-0.021488405281682423,-0.012943948526402814,0.12747397082036033,1.2058823529411764,0.0027466765692434744,1.8235294117647058,0.04458327291839083,1.7647058823529411,0.010105486690507195,1.6176470588235294,-0.00466806809466644,0.9411764705882353,0.0018534573157042858,1.8823529411764706,-0.04291828661379314,1.8235294117647058,-0.04047623036543803,1.3529411764705883,-0.016326301467579286
2025-12-12,2025-12,305,298,0.0910724255189565,0.014481739661897832,0.057529015719827825,-0.06758826912991253,-0.006834436120340806,0.36098974210520585,-0.04855146267245071,0.0077143435969161955,0.047531501203237334,-0.1192600609365495,-0.049785482841739184,0.5670777291059494,0.14979700106974075,0.03770557895773924,0.05198680158098984,0.044215347916560926,0.024029506769333686,0.16853605322539808,0.08944957620666903,0.017384611948403718,0.04749430428901417,-0.10957468405826525,-0.007564945794165643,0.16319440559794507,1.2058823529411764,0.011467033779544892,1.7647058823529411,0.0033025788910338427,1.7941176470588236,0.03322028484009218,1.6470588235294117,0.01326696488958019,0.8823529411764706,-0.009040318473281982,1.7352941176470589,-0.054123718135856834,1.9411764705882353,0.0191765655928631,1.3529411764705883,-0.010947298735342115
2025-12-15,2025-12,352,346,0.06049394443549865,-0.0050632354154871405,0.054063537315738916,-0.1235941708704345,-0.015178350776769338,0.29480240690921033,0.046870658869761765,-0.014878083563599515,0.05089068092279514,0.017181689264685423,-0.0011322188106670447,0.4633249776703971,0.074118835591068,-0.004535855843946892,0.04296061268336454,-0.06363661564136529,-0.023056732594832725,0.20402875233973775,0.09826584227722347,0.03602358460570114,0.04405859219233903,-0.04101843512885697,-0.010731350419134734,0.1590140020740884,1.1714285714285715,-0.00799180684405857,1.7714285714285714,-0.019306654992170942,1.6857142857142857,-0.008750141558232605,1.7714285714285714,0.03159501317712971,0.8,-0.01717835077676934,1.7714285714285714,-0.005560790239238473,1.9428571428571428,-0.02791387545197558,1.3142857142857143,-0.01401706470484902
2025-12-16,2025-12,340,333,-0.02968609030304048,-0.006142524090869642,0.04446465436799671,-0.007175820267120161,-0.0012059457933024063,0.2808027397276777,0.13764827119488648,0.06143798750917588,0.04283071628919713,0.012586231420747543,0.04102427520154203,0.43356385962529614,-0.11554054626519901,-0.048013753023547455,0.0379155882264151,0.00303299998015452,0.014350522071883674,0.1917494617854104,-0.06812342667324112,-0.016766430520275523,0.03733562189673389,0.1685152985752472,0.048541248905516234,0.11445274610411038,1.0,-0.008642524090869642,1.8285714285714285,0.05686655893774731,1.7142857142857142,-0.052299467309261743,1.7714285714285714,-0.02119500194884695,0.7714285714285715,-0.003134517221873835,1.8571428571428572,0.03638141805868489,1.8857142857142857,0.00963623635759796,1.3714285714285714,0.04511267747694481
2025-12-17,2025-12,319,313,-0.037752114508783345,-0.009434630467416142,0.0611265766795766,-0.002554415330928018,0.019547753095214816,0.31212181225419044,0.1035111244478998,0.05321813325320972,0.048532128407328234,0.055509463836454755,0.016906594378717388,0.4086425251537754,-0.09035052049446975,-0.021661348665286913,0.04659799815940649,0.0060677530017152655,0.014146110048494254,0.2544088846733493,0.012901091263973503,0.02848664553443559,0.04081566268130137,-0.015838484059856862,0.007775560050590755,0.12154685675857528,1.0303030303030303,-0.012010388043173718,1.7272727272727273,0.0488999514350279,1.5757575757575757,-0.02560074260468085,1.606060606060606,0.024471494019284078,0.9696969696969697,0.01712351067097239,1.7272727272727273,0.01258841256053557,1.9090909090909092,0.009373382775766981,1.303030303030303,0.004517984293014997
2025-12-18,2025-12,322,314,-0.02946362349103468,0.003857860613264849,0.07392990197724496,0.0020489479485271667,-0.007403996961227736,0.36017667910745066,0.12692808809931294,0.0459272715022524,0.04997073967859299,0.07409458234650738,0.02024672108619162,0.5799848249843044,-0.1280129812842356,-0.022296443449939404,0.06757614447846058,0.00023201401645018616,-0.01192508841638637,0.16336482306641917,-0.11178708481667571,-0.020699241974038354,0.05032461255261959,0.033072331043567396,0.021979277882214127,0.1290320208476436,1.096774193548387,0.0011159251293938813,1.7741935483870968,0.04149178763128466,1.5806451612903225,-0.02624805635316521,1.5806451612903225,-0.02465085487726416,1.0,-0.009903996961227736,1.7741935483870968,0.015811237215223876,1.7419354838709677,-0.01627992712606379,1.2580645161290323,0.018834116591891548
2025-12-19,2025-12,320,312,0.031934274742759595,0.0022519864059403934,0.0716739193768573,-0.028059727400852438,0.006069790456970178,0.3206868229373808,0.085647032591306,0.02364290825675763,0.04570536934572014,0.03926287455132108,0.005211500428895338,0.5357929150904379,-0.056236277253002454,0.0005089427764332008,0.053273030428567625,0.06393867957133516,0.0038872813680493534,0.16454595495616237,-0.002407494434225543,-0.013687769488893933,0.05021463171163147,0.08483671271539975,0.0057126785025258635,0.12585727101372135,1.3225806451612903,-0.0010544652069628324,1.8064516129032258,0.019126779224499565,1.5483870967741935,-0.003362024965502283,1.6129032258064515,-0.01772002755341006,1.0,0.003569790456970178,1.8709677419354838,0.0005340810740566276,1.9032258064516128,-0.0008707831480796787,1.4193548387096775,0.0021642914057516697
2025-12-22,2025-12,312,304,-0.005759175129340421,-0.01623638588520679,0.05956392365698111,-0.05986128353427492,0.004654362036627193,0.31129660612593096,-0.002536874170816247,0.008390841510529774,0.04189585110082833,0.022964775835719778,-0.0033811782412584007,0.3886398178214828,-0.08342230797504227,-0.01373758983177498,0.0457225823243827,0.008519833514953862,-0.002186472861122439,0.18184840753674505,-0.04224593605956416,-0.015190958494657396,0.047596270600336055,-0.19492571470114797,-0.020897663701621095,0.1295566315452258,1.129032258064516,-0.01905896653036808,1.7741935483870968,0.003955357639562032,1.6774193548387095,-0.017931138218871753,1.7096774193548387,-0.01946515204304449,0.9354838709677419,0.002315652359207838,1.8387096774193548,-0.007977952434806788,1.9032258064516128,-0.006944537377251471,1.2903225806451613,-0.024123470153234
2025-12-23,2025-12,288,281,-0.012611572606086911,-0.009202166573985919,0.08333731750141846,0.051989016553536764,0.010689109973772062,0.34448976282562527,-0.061701431845157514,-0.003115481113160498,0.047748374546283806,-0.011860530075094109,-0.0014021447977007745,0.4247453766209739,-0.03581174220046699,-0.003722632293969172,0.06863320679425926,0.0812535918241041,-0.0032090217983608074,0.16460386610456876,-0.05725568563149794,0.010330307866139782,0.08004173632527653,-0.2536943041205004,-0.038435453057245335,0.1385016783273646,1.3666666666666667,-0.012618833240652586,1.9,-0.007865481113160499,1.7666666666666666,-0.008139298960635838,1.6666666666666665,0.006163641199473115,1.0999999999999999,0.007939109973772063,1.8666666666666667,-0.006068811464367441,1.9333333333333333,-0.008042355131694141,1.2666666666666666,-0.041602119723912
2025-12-24,2025-12,267,263,-0.010061105208482699,-0.013516405871039219,0.06812802982087438,-0.025979761470761982,-0.0069774403415619884,0.33380422168053114,-0.048969904535796714,0.011552594768951296,0.045352327708890625,0.017234745828225005,0.01241389547128809,0.5550694127495472,-0.09836033017523127,4.701613193568849e-05,0.05268921422050492,0.08828251792736362,0.0034845642367767205,0.20475661998184827,-0.106252672535252,-0.02603554267142427,0.05754823569826097,-0.2922259781538159,-0.014486760456684969,0.09745349520100996,1.1071428571428572,-0.016284263013896363,1.9285714285714286,0.006731166197522725,1.5,-0.0037029838680643114,1.6428571428571428,-0.030142685528567126,0.8214285714285715,-0.009031011770133417,1.7857142857142858,0.007949609757002374,1.9285714285714286,-0.0013368643346518506,1.3214285714285714,-0.017790331885256395
2025-12-26,2025-12,293,289,-0.09659291021621308,-0.03081038079799251,0.061871661312930246,0.07049041879366075,0.03155858318080741,0.29661252580840014,-0.030870282701680123,0.02273781822631102,0.043848423908018956,-0.00213880654279626,-0.0033401271610010606,0.4068251144269417,-0.14645022408645975,-0.04317847523550922,0.05321814787465076,-0.009624440946715116,-0.012485965997348837,0.15851266849143753,-0.10565559944216102,-0.016596339225879015,0.049766435231203714,-0.07989469123155714,0.009396714737186956,0.12545031437586093,1.0689655172413794,-0.03348279459109596,1.6551724137931034,0.01859988719182826,1.620689655172414,-0.04723019937344025,1.6551724137931034,-0.020734270260361773,0.9655172413793104,0.029144790077359137,1.8620689655172413,-0.007995299574794165,1.896551724137931,-0.017227345307693664,1.4827586206896552,0.005689818185462818
2025-12-29,2025-12,260,258,-0.06766554352761249,-0.004539004633699287,0.05987180380408935,0.01378832413315172,0.023920663717910524,0.27728449281018513,-0.11782745300641269,-0.08383377915788977,0.05296227926097749,0.058666731326596964,0.008191475589591046,0.46450374676631045,0.01692082381737554,-0.03408663633770738,0.0395955306362175,0.0304879339362098,-0.012750407613929406,0.20927795774948138,0.009387257663119732,-0.012122082155759578,0.03684282050863332,0.14727049899463693,0.09127324975013781,0.11397715357060616,1.1724137931034484,-0.007470039116457908,1.7241379310344829,-0.08814412398547597,1.7241379310344829,-0.03839698116529359,1.6551724137931034,-0.016260013190242336,1.0689655172413794,0.021248249924807075,1.793103448275862,0.0037087169689013905,1.896551724137931,-0.017491786924274232,1.4482758620689655,0.0876525600949654
2025-12-30,2025-12,263,254,0.01425195853112145,-0.0027396471785141804,0.05797607566773846,0.05083803231279503,-0.005290297718913969,0.3330366462469101,0.11248175507006346,0.020519581323610918,0.04001188663972341,0.10619857314355782,0.03634491150120926,0.49420762598514556,0.03150471129311869,0.008125056007577847,0.03777574263640629,-0.08523535356467177,-0.021746284960315228,0.18696030929684637,0.04171954942569983,-0.013234915891911371,0.04129441365373562,0.18631376605283087,0.03569492663230111,0.12612991563975812,1.0769230769230769,-0.005431954870821872,1.8076923076923077,0.01600035055438015,1.7692307692307694,0.003701979084500923,1.7307692307692308,-0.017561838968834446,1.0,-0.00779029771891397,1.7692307692307694,0.03192183457813234,2.0,-0.02674628496031523,1.4230769230769231,0.0321372343246088
2025-12-31,2025-12,238,236,0.0460429073912283,0.03268242237257061,0.07438356303328084,-0.014160783215886853,0.006515557767496322,0.2879324108362198,-0.04712833021571235,-0.016406880352004875,0.05460218682271251,0.06132121873656152,0.015539379704600537,0.5267731721202532,0.010229041880189972,0.10158329169383623,0.05774406787842839,-0.012708965795947106,-0.04891119653552851,0.15559063215429583,-0.08570574037570115,-0.04031373858619419,0.04777655110454983,0.2816815089999773,0.055824191868127426,0.14929424645379186,1.0799999999999998,0.029982422372570608,1.88,-0.021106880352004875,1.76,0.09718329169383623,1.68,-0.044513738586194194,0.9199999999999999,0.004215557767496322,1.72,0.011239379704600537,1.96,-0.05381119653552851,1.24,0.05272419186812743
2026-01-02,2026-01,318,316,-0.03428274706792723,0.06665807585776719,0.055170449491701065,-0.013078972198811125,0.03794467864114054,0.32732463063439354,0.10485015640312408,0.03887029913288512,0.03145853948931378,0.06574767517068315,0.05397220877984416,0.31743951491080225,-0.05792863282157232,-0.010187710199806091,0.04152824846827788,0.02200328051827039,0.04906045272998444,0.20623387524392456,-0.06368597462906231,0.04678564343627177,0.0314553447323165,0.01873731579270453,0.025757507627850618,0.17446441994979978,1.46875,0.06298620085776718,1.875,0.03418279913288512,1.84375,-0.01479708519980609,1.65625,0.04264501843627177,1.4375,0.03435092864114054,1.875,0.049284708779844165,1.9375,0.04421670272998444,1.75,0.021382507627850617
2026-01-05,2026-01,293,288,-0.014643233390426972,-0.01520336950608752,0.042709239883064944,0.03875967143133844,-0.01931339609217781,0.316651681245401,-0.04784372384083758,-0.057768623031085625,0.04334958426896483,0.08507263134639269,0.06136167387572579,0.3291664804364073,0.06198758039550842,0.010432886963490533,0.03537453627121235,-0.028481643721119287,0.02503705944612967,0.2982868233631397,0.10712761640964343,0.03516940785322494,0.043428337762322994,0.11639160316050307,0.053971349463841814,0.19089236739894438,1.46875,-0.01887524450608752,1.9375,-0.06261237303108562,1.75,0.006057886963490532,1.53125,0.03134128285322494,1.0,-0.02181339609217781,1.84375,0.05675229887572579,1.84375,0.02042768444612967,1.59375,0.049986974463841816
2026-01-06,2026-01,294,294,0.0328393558494891,0.023193831120966853,0.05427833160965532,0.11315592818952074,0.035115512713145,0.34982104933467406,0.06909967720747089,0.0015036915870469715,0.048270443318835204,0.04222862996098993,-0.022229935583131855,0.38350346735839186,0.06875356378451189,0.00510992665382435,0.050883787012175816,0.10420594454013456,0.050695104387399145,0.2365013443190476,-0.004769185381628718,-0.036410859224420916,0.05001349932867652,0.22184158675328752,0.07571764430236284,0.2322934941741927,1.4827586206896552,0.019486934569242713,1.6896551724137931,-0.002720446343987511,1.8620689655172413,0.00045475424003124654,1.8275862068965516,-0.0409798247416623,1.103448275862069,0.03235689202348983,1.9310344827586206,-0.027057521790028405,1.7241379310344827,0.04638475955981294,1.5172413793103448,0.07192454085408698
2026-01-07,2026-01,319,314,-0.061087498991495924,0.0029320342064979993,0.06537165700727364,0.06423707635890459,-0.0048626713639563675,0.31422003911387536,-0.07369464222742214,0.007638595044370408,0.05774084079400925,0.050342528271949,0.02825824721081261,0.4856580618408418,0.0005389779381321346,0.008185675630002727,0.050055838320086116,0.041607396344709294,0.028410323460040857,0.26714144070302287,0.07601067605133968,0.05672511722283768,0.05480787482828112,0.21509544863074467,0.06557698038194909,0.20715413290646767,1.4516129032258065,-0.0006969980515665166,1.8387096774193548,0.003041820850822021,1.7741935483870968,0.003750191759034985,1.6451612903225805,0.052612213997031226,1.2903225806451613,-0.00808847781556927,1.8387096774193548,0.023661473017264224,1.8387096774193548,0.02381354926649247,1.5161290322580645,0.06178665780130393
2026-01-08,2026-01,301,299,0.0036129022037911605,0.0560183291054727,0.049303293251037744,-0.06841433631823282,0.011186244181720748,0.2613754731913408,0.20551402441445962,0.017963450547846344,0.04958818986660995,0.04031330419966827,-0.007417272208806315,0.3510611951351166,-0.026030456102276948,0.041952109478090215,0.04099572353373822,-0.06270577105014191,-0.048698242907113914,0.2714670023570458,-0.09114958966799411,0.005926007262251655,0.03685957782550406,0.08392642626124838,0.06256109238196852,0.186600938004752,1.4516129032258065,0.05238929684740818,1.9354838709677418,0.01312474087042699,1.7096774193548387,0.03767791592970312,1.5161290322580645,0.002135684681606493,1.096774193548387,0.008444308697849779,1.8709677419354838,-0.012094691563645024,1.7741935483870968,-0.053133726778081654,1.4838709677419355,0.05885141496261369
2026-01-09,2026-01,276,271,-0.04441232922080627,0.010977042489450327,0.05818156145600113,0.10259785105806139,0.040956122264244804,0.2808685319291221,0.07635605210174685,-0.002765739279114247,0.054454252971274125,-0.04952575086504699,-0.02382174736176815,0.43204106390476227,0.01659051668783265,0.02335743274262823,0.06292445810740158,0.027322669482456013,0.017806715324647136,0.21149937960284726,-0.03992923045179625,0.0007026878388364313,0.05746396486302387,0.2189786104650333,0.09188517384955416,0.2168113540996004,1.5333333333333332,0.007143709156116994,1.8666666666666667,-0.007432405945780913,1.7333333333333332,0.0190240994092949,1.6333333333333333,-0.0033806454944969025,1.2,0.0379561222642448,1.9,-0.02857174736176815,1.8333333333333333,0.013223381991313805,1.5,0.08813517384955416
2026-01-12,2026-01,319,316,-0.06274804814573845,-0.009008255821568497,0.05514073993663533,-0.060320059738569826,-0.029339847386839583,0.27774211345240474,-0.08255113980284329,-0.013590841091065294,0.04607453190844796,0.027382359060095937,0.017304183268557333,0.5646631987765431,-0.046513097987621634,0.008320270297059822,0.05427992246039587,-0.08056906902466435,-0.03690725973964261,0.19858977932017297,-0.11540486189152423,-0.03455586144549025,0.05140842323553787,0.046747648902821314,0.000666916375994489,0.18885460391175002,1.40625,-0.012523880821568497,1.875,-0.018278341091065294,1.59375,0.004335895297059822,1.59375,-0.03854023644549025,1.3125,-0.03262109738683958,1.90625,0.012538558268557334,1.96875,-0.04182913473964261,1.625,-0.003395583624005511
2026-01-13,2026-01,253,251,-0.13058819671779084,-0.05062055319828467,0.05199773152361155,0.05082689762593905,0.0013188552563077318,0.36014271318912505,-0.03622952134167016,0.006719244670650598,0.0409483926285188,-0.09005765123040733,-0.03769625037803631,0.4013276970386505,0.002494995374217984,0.01072683745703298,0.04663705305123729,0.01214818503418298,0.011777459672134567,0.4028423255681992,-0.018343803862461858,-0.012222460501581697,0.04491310750110144,0.12332919847469659,0.020091160062776513,0.19220153346657753,1.46875,-0.05429242819828467,1.90625,0.0019536196706505977,1.8125,0.006195587457032981,1.6875,-0.016441210501581698,1.34375,-0.002040519743692268,1.90625,-0.042461875378036314,1.875,0.0070899596721345675,1.625,0.016028660062776513
2026-01-14,2026-01,303,296,-0.11107814663125548,-0.012141058346032588,0.04454931447030118,0.09565938730506024,0.028871496204281675,0.2724833817531665,-0.022814856906141993,0.0028545745729085907,0.04888053608518309,0.0683649057623453,0.022104562649093117,0.5007014411191146,-0.06438081544920468,-0.021617318843955447,0.04251548279902745,-0.039482743150578564,-0.015653442303291614,0.22585908261438212,0.05077579037095065,-0.0095658466824463,0.03864275649053582,0.20780259448043095,0.05393796765275753,0.17368633312483628,1.5666666666666667,-0.016057725012699253,1.8,-0.001645425427091409,1.8,-0.026117318843955448,1.7333333333333334,-0.013899180015779635,1.5666666666666667,0.02495482953761501,1.8,0.017604562649093117,1.9666666666666668,-0.02057010896995828,1.6,0.04993796765275753
2026-01-15,2026-01,298,292,-0.1207716549411928,-0.033278746376688,0.0473315783547876,-0.010927211102291348,0.0035721794647923903,0.285278517367511,0.007530005241519294,-0.005705249217155742,0.05170571524016389,0.022198210573779645,0.02535467403884326,0.386647979247159,-0.07936182058165722,-0.03294582320924126,0.043515782069648345,-0.03871649538413472,-0.01033435422499453,0.33908715702850245,-0.08121778957877966,-0.011768058015890849,0.04900384300482255,0.2023636966735887,0.02121713509632811,0.20821061563389054,1.5,-0.037028746376688,1.8333333333333333,-0.010288582550489075,1.9,-0.03769582320924126,1.8,-0.01626805801589085,1.4,7.217946479239025e-05,1.9,0.02060467403884326,1.9,-0.015084354224994531,1.7,0.01696713509632811
2026-01-16,2026-01,292,287,-0.10895210479518466,-0.05813475535471005,0.056053797184691334,0.041574024223839885,-0.019872822760134704,0.3012855018264261,0.02581026570345426,0.03529713162297248,0.0362240995881618,0.06050174996461889,-0.0264745512469928,0.3763325800155771,-0.10572831609276019,-0.012316344346436059,0.05151110770323974,-0.018596127790901286,0.026094239747120215,0.21422200354522672,-0.04277924470031171,-0.04200061488591004,0.051014863272252124,0.06789837535721464,0.007959128705412618,0.17627924770630637,1.6551724137931034,-0.06227268638919281,1.9655172413793103,0.030383338519524204,1.8620689655172413,-0.016971516760229163,1.7586206896551724,-0.04639716661004797,1.4137931034482758,-0.023407305518755393,1.8275862068965516,-0.03104351676423418,1.9310344827586206,0.02126665354022366,1.6206896551724137,0.003907404567481584
2026-01-20,2026-01,397,392,-0.017080863494293077,-0.003880794600393849,0.05296225294541484,-0.04796423150789441,-0.032424690656914945,0.28866555159672713,0.0042376357611967974,0.00715491329338253,0.036000224624712036,-0.030236140094520764,-0.03386014354787183,0.429419319694623,0.05228733664192836,0.013825507196548667,0.05399024934818113,0.03642113322125474,0.0005623113825515666,0.27367014008072704,-0.054393610368002054,-0.01143786262121214,0.045621245622003224,-0.08668734865841304,-0.036892989271665885,0.1690762280844725,1.3846153846153846,-0.00734233306193231,1.8974358974358974,0.0024113235497927868,1.641025641025641,0.009722943093984564,1.641025641025641,-0.015540426723776243,1.1794871794871795,-0.03537340860563289,1.8205128205128205,-0.03841142559915388,1.8717948717948718,-0.004117175796935614,1.3846153846153846,-0.040354527733204346
2026-01-21,2026-01,360,352,-0.008785434144995295,-0.02089849813146392,0.057677235320994155,-0.041370432385023546,0.01049596067828629,0.27805218834962164,0.07449770066067758,0.010534216930557736,0.04734714495927708,-0.06913099265155223,-0.006594008093645708,0.46271025048834935,0.0739702352327003,-0.010761251041065222,0.06344842793726196,-0.08081415237257489,-0.014819697588222186,0.2952875420451164,0.06990925081964619,-0.0014974136757822387,0.04695046565832345,0.006639968929801413,-0.0015243366007143093,0.16989982170718057,1.4615384615384615,-0.024552344285310074,1.8717948717948718,0.005854729751070556,1.794871794871795,-0.015248430528244709,1.7179487179487178,-0.005792285470654033,1.2564102564102564,0.007354935037260649,1.9487179487179487,-0.011465802965440579,1.846153846153846,-0.0194350822036068,1.4871794871794872,-0.0052422853186630276
2026-01-22,2026-01,350,342,-0.005230783591057917,0.021224737431534284,0.05990890213097403,-0.11566010094497133,-0.0076813682119184976,0.2683392907766735,0.03986804998733597,0.00023131360537853932,0.040758661905808374,-0.006977666208615815,-0.018829686409901684,0.31492740332203756,0.1333004654219403,0.03802069458831844,0.053076794212517195,-0.16231508564956854,-0.00879733693476523,0.3723178628612967,-0.001197071080258693,0.02783412362304665,0.05636338720326249,-0.03786545461237276,0.011016304532526477,0.20013412055285537,1.5142857142857142,0.01743902314582,1.8857142857142857,-0.004482972108907175,1.8285714285714285,0.03344926601688987,1.7714285714285714,0.023405552194475224,1.2285714285714286,-0.01075279678334707,1.7714285714285714,-0.02325825783847311,1.7714285714285714,-0.013225908363336657,1.6857142857142857,0.006802018818240762
2026-01-23,2026-01,299,289,-0.11590626473030909,-0.06862572421146422,0.05671256483521783,-0.059386770218401386,0.008796695693906426,0.25327707313258074,0.01472952566580977,-0.004547213836702101,0.041362523646634515,-0.0815874756599087,-0.006003003103649984,0.35152805005681925,-0.004382393212273574,-0.02322968840077203,0.05983081475607297,-0.059384525599874304,-0.00838603734749855,0.20386447359261842,0.05027407356446279,0.002352667385109704,0.054432443974015025,-0.007340351507261341,-0.017780611285330556,0.17779012332702504,1.5294117647058822,-0.07244925362322893,1.8823529411764706,-0.009253096189643277,1.852941176470588,-0.027862041341948498,1.7058823529411764,-0.0019120384972432375,1.2941176470588236,0.005561401576259367,1.7941176470588236,-0.010488297221297044,1.8235294117647058,-0.012944860876910314,1.6764705882352942,-0.021971787755918792
2026-01-26,2026-01,383,374,-0.06263616915468323,-0.0012575104579911761,0.05113614501112235,0.0250041009938075,0.006026647835761061,0.2870581661527221,-0.05516695269974068,-0.005102685462756919,0.042306785030738994,-0.025745119159184572,0.07040574545235802,0.3670613702285934,-0.027048842429927777,0.0038821438365789634,0.04035155625761404,-0.002583412505297117,-0.005969221014489372,0.2017231710456513,0.017347525122192824,0.04055261294236959,0.045470940559892786,-0.13352323212991948,-0.060054602135352735,0.14710032275399645,1.3783783783783783,-0.0047034564039371216,1.7837837837837838,-0.009562144922216378,1.6486486486486487,-0.00023947778504265858,1.5405405405405406,0.03670126159101823,1.1081081081081081,0.0032563775654907904,1.945945945945946,0.06554088058749315,1.864864864864865,-0.010631383176651535,1.5135135135135136,-0.06383838591913651
2026-01-27,2026-01,288,284,-0.1377221248633957,0.012638152670804086,0.0359170638976304,0.039407082775721476,0.003885073549260272,0.28622954471835066,0.04104960019838386,-0.0026725344062527023,0.047177621648143674,-0.07678915690135801,0.013758984057564594,0.4433047090257917,-0.06961910458828012,-0.05199065508223013,0.034798925178413306,0.08551153603478694,0.04914543555241114,0.3040365483611822,-0.10063463521065691,-0.062175590884791375,0.0368876546694394,-0.009607501537200245,-0.036205343607589396,0.13700768737388508,1.4594594594594594,0.008989504022155438,1.864864864864865,-0.007334696568414865,1.8378378378378377,-0.056585249676824725,1.7027027027027026,-0.06643234764154814,1.2162162162162162,0.0008445330087197313,1.945945945945946,0.008894119192699728,1.972972972972973,0.04421300311997871,1.6216216216216215,-0.04025939766164345
2026-01-28,2026-01,352,343,-0.04531835332228053,0.019810901569607582,0.05532742853467338,-0.04455950879463627,0.040451976999895445,0.2708794999429408,-0.09490835542034483,0.006565535278152434,0.053021661224635884,0.02548907512025383,0.026920002617609524,0.4780812951571801,-0.04984774332006967,-0.010433241378719496,0.04952228496296502,-0.013776630986262714,-0.027520243974855193,0.24635047564173446,-0.09442651168655082,0.008349848790741372,0.05123014170491688,-0.039213776465901115,0.0042867084824312176,0.17497716427725904,1.5,0.016060901569607582,1.852941176470588,0.001933182336975964,1.852941176470588,-0.015065594319895965,1.7058823529411764,0.00408514290838843,1.1470588235294117,0.037584329941071914,1.9117647058823528,0.02214059085290364,1.9411764705882353,-0.032373185151325784,1.5588235294117647,0.0003896496589018061
2026-01-29,2026-01,390,378,-0.004690872123817748,0.0029341573400795684,0.055426960129042316,0.017664506973443916,-0.010320953707748607,0.3326486580956139,-0.1928686715882385,-0.0697178647185859,0.061593429258365154,-0.0821718606798801,-0.01156188619415395,0.3309500140971259,-0.07862118507465947,-0.008044020039682125,0.04561189841451492,0.024610590167234193,0.017898117576283727,0.2440022003689879,-0.014003330219976252,0.036038500961321766,0.042644979570761854,-0.1449170504838195,-0.08110107622816612,0.15549710030226332,1.3421052631578947,-0.00042110581781516863,1.894736842105263,-0.07445470682384905,1.7368421052631577,-0.012386125302840018,1.6578947368421053,0.0318937641192165,1.2105263157894737,-0.013347269497222291,1.9473684210526314,-0.016430307246785528,1.7894736842105263,0.013424433365757412,1.526315789473684,-0.08491686570185034
2026-01-30,2026-01,315,308,-0.11527549018478632,-0.0338908611446108,0.0622615896310838,-0.0639230908036842,-0.017042072143845826,0.3082225289676459,-0.1348657237217405,-0.015356383456910278,0.06868590710812786,-0.05722159139765364,-0.00432172874068875,0.3467599790423147,-0.08810003724137401,-0.04611395297169879,0.050175411281571,0.06481918737018309,0.04408343274851392,0.2967778973041042,-0.18940041387836276,-0.05715644852611322,0.050448672825021815,-0.1071718439855181,-0.011662971013094766,0.17024293770232507,1.4210526315789473,-0.03744349272355817,1.7894736842105263,-0.019830067667436592,1.7368421052631577,-0.05045605823485669,1.6578947368421053,-0.061301185368218485,1.1842105263157894,-0.0200025984596353,1.7105263157894737,-0.008598044530162434,1.8157894736842104,0.0395439590643034,1.4210526315789473,-0.015215602592042134
2026-02-02,2026-02,404,394,0.009614452370625724,0.03484025278780532,0.07754241071193162,0.024421532310385713,-0.011744033701180798,0.36707871540998804,0.05301003555809588,0.0016463137995362115,0.045533425777151984,0.060680127299409664,0.04623662025226105,0.37505296885203093,-0.039028885761345056,-0.010118124483332328,0.07166243887854828,-0.10481327702662739,-0.04016689885291204,0.16588931726530576,0.05482742899228604,0.0065849281370384885,0.06996236808503963,-0.15704184148770542,-0.058300844491566195,0.15276808917331391,1.6153846153846154,0.030801791249343784,1.9743589743589742,-0.0032895836363612246,1.7435897435897436,-0.014477098842306687,1.6923076923076923,0.002354158906269258,1.5384615384615383,-0.015590187547334645,1.923076923076923,0.04142892794456875,1.8205128205128205,-0.04471818090419409,1.7692307692307692,-0.06272392141464311
2026-02-03,2026-02,423,418,0.07500186889305221,0.0434642117667001,0.058078929936543525,-0.037173559186972044,0.007542522864742607,0.34084452688694,0.016800959554151867,0.011576340187424846,0.05305012856101604,-0.0735529426408421,-0.01684327549414943,0.5573704246254194,0.019772922620912705,0.015413586381219263,0.054439364291451436,-0.14894942083359705,-0.03779059822526574,0.20081323186362474,0.035051543776516876,0.0027359526181129357,0.05572953083485668,-0.10179728395028484,-0.04040106377762267,0.14105641101265237,1.2142857142857142,0.040428497480985814,1.880952380952381,0.006873959235043893,1.619047619047619,0.011365967333600215,1.6428571428571428,-0.0013711902390299213,1.0714285714285714,0.004863951436171178,1.857142857142857,-0.021486132637006574,1.8095238095238095,-0.04231440774907526,1.380952380952381,-0.04385344473000362
2026-02-04,2026-02,475,471,-0.08713866070067187,-0.040933655771092786,0.054310206881873324,-0.10932241250930752,-0.05190956622731047,0.31213971718828726,-0.09432093234053848,-0.01664544846508348,0.05256763935225557,-0.026201665094140784,-0.01941308656177413,0.49532335521058835,-0.046303362080835825,-0.04419702225562773,0.04843782306124487,0.04832464631422189,0.007071513790163048,0.18934279518013702,-0.024182534449933513,-0.03567021642585605,0.051241085667427036,-0.08471483996663288,-0.04938785265096854,0.14087391438636374,1.3617021276595744,-0.044337911090241724,1.872340425531915,-0.021326299528913267,1.7234042553191489,-0.048505532893925604,1.5319148936170213,-0.0395000036598986,1.1063829787234043,-0.054675523674118987,1.8085106382978724,-0.02393436315751881,1.7446808510638296,0.0027098116625034734,1.3617021276595744,-0.05279210797011748
2026-02-05,2026-02,529,524,-0.016778113693030384,-0.018175003426531576,0.06062929446229017,-0.018430029523284767,0.023527692067539126,0.315148666071204,0.117831714583817,0.01481003371999522,0.052884402754609997,0.09910109594164757,0.04370276847345879,0.4689309806204759,0.023089377742862734,0.012318066269683967,0.05948479612677795,-0.056902041314359796,-0.021239301223470463,0.2127625669639271,0.0032614370633091395,-0.001455219594699136,0.05528051701204627,0.04913146526204548,-0.00047032993948171683,0.15298201888799667,1.4615384615384615,-0.02182884958037773,1.8269230769230769,0.010242726027687528,1.7115384615384615,0.008039220115837815,1.5192307692307692,-0.005253296517776059,1.0192307692307692,0.020979615144462203,1.8461538461538463,0.03908738385807417,1.8846153846153846,-0.025950839685008924,1.3846153846153846,-0.003931868401020178
2026-02-06,2026-02,404,401,0.023624248280907496,-0.01478262815570039,0.05949861539454836,-0.005857244119780051,0.01595597782749079,0.33906699176877736,0.04642207899127093,0.021364130371686094,0.0466437195526453,0.03859857579620367,0.008859936066944438,0.44192619156092405,0.011918495406199015,0.011370523820983832,0.05648703123200376,0.004569505751236828,-0.00409228128578529,0.18651987360790373,0.016428673471151914,-0.005506149864824938,0.056008481755590894,0.0681493128634617,0.004936756681295257,0.2146462569013238,1.4615384615384617,-0.018436474309546546,1.8846153846153848,0.016652591910147632,1.75,0.006995523820983831,1.6730769230769231,-0.009688842172517247,1.0961538461538463,0.013215593212106174,1.7692307692307694,0.004436859143867515,1.826923076923077,-0.008659588978092983,1.3846153846153846,0.0014752182197567956
2026-02-09,2026-02,426,420,-0.027589569338482965,-0.027373253385019846,0.05270894932936693,-0.03757821761814862,-0.016063804543552752,0.33250515158509925,0.05746122288162625,0.01453995511871609,0.05511957256264574,-0.008960792547106543,-0.03958323144718118,0.44190727812903263,0.0128723745703682,0.017477451886601,0.049420844475277566,-0.03802774215204438,-0.02315100556872092,0.15199190323931233,-0.044747171553913646,-0.001094583578094528,0.05368746985904524,0.05233864129812627,0.01762148887248793,0.1421173702748049,1.4523809523809523,-0.031004205765972227,1.7619047619047619,0.010135193213954185,1.619047619047619,0.013429832838981953,1.6428571428571428,-0.005201726435237385,0.9761904761904763,-0.018504280734028943,1.8571428571428572,-0.04422608859003832,1.8095238095238095,-0.027674815092530444,1.4523809523809523,0.01399053649153555
2026-02-10,2026-02,440,438,-0.011116723697043349,-0.02212053968874234,0.04456524029003964,-0.07042225297072302,-0.012988754194031976,0.29848254416984593,-0.0815536406934285,-0.009733562799534605,0.04834582558616216,-0.054640402845432014,-0.03290130614694553,0.4632729965854775,-0.04491986640097692,-0.04527717498498865,0.046718007021627164,-3.395021412407094e-05,0.002657086321395675,0.27130616473203356,0.06882863555462944,0.0030535211104699977,0.04091216343983454,-0.06383591143065326,-0.021770540365326822,0.13060875012623993,1.4545454545454546,-0.025756903325105975,1.9090909090909092,-0.014506290072261877,1.7727272727272727,-0.04970899316680683,1.7272727272727273,-0.0012646607077118205,1.0454545454545454,-0.01560239055766834,1.9318181818181819,-0.037730851601490985,1.8636363636363635,-0.0020020045876952336,1.409090909090909,-0.025293267638054097
2026-02-11,2026-02,465,462,0.05100003819217347,0.013689282530844237,0.05472742503949068,-0.018028257434345267,0.01366194667434757,0.2814064247776633,-0.0004714242564746517,-0.010140125415121753,0.05688486651562549,-0.05166741814039486,-0.004165653706260136,0.467700589934121,0.022561788448830507,0.017450401123666123,0.04732204253261599,-0.046273518024318866,-0.01270232046415589,0.17416961281813437,0.01736753283333413,0.028842113777914406,0.051442632708440184,-0.09382874152014399,-0.016981539818921906,0.13699195942962947,1.3043478260869565,0.010428412965626846,1.8478260869565217,-0.014759690632513058,1.6304347826086956,0.013374314167144383,1.5434782608695652,0.02498341812574049,1.0869565217391304,0.010944555369999744,1.8043478260869565,-0.008676523271477528,1.8695652173913044,-0.01737623350763415,1.3260869565217392,-0.020296757210226255
2026-02-12,2026-02,468,461,-0.04899011595375813,-0.0014683326217686484,0.05447291799410076,-0.030978715851994,-0.008946757124154842,0.28703664469978085,-0.051337153637704434,0.006278030645058736,0.04484218753149148,0.05006914161879372,0.023667502369838653,0.41857934095289395,0.03056633762284707,0.005535616024916869,0.05233467909345037,0.05151818149996423,0.0038542291412361133,0.17305274251038613,-0.027691389863399196,-0.040839669445735305,0.047738699869844275,0.06939453847312839,0.01867930057617066,0.14050892809324939,1.5,-0.005218332621768648,1.8695652173913042,0.001604117601580476,1.826086956521739,0.0009703986336125217,1.6521739130434783,-0.044970104228344,1.0,-0.011446757124154843,1.934782608695652,0.018830545848099522,1.8695652173913042,-0.0008196839022421467,1.4130434782608696,0.015146691880518485
2026-02-13,2026-02,359,357,0.0036120923525414586,0.035201354896961926,0.07087605305376524,0.09839404926782963,0.035708927307998774,0.2818222621248828,0.04925981951272809,-0.004843092681791308,0.047128992325077806,0.044817647118082386,0.03612833326676837,0.48424433720194626,0.008146466253049645,0.01940191523612216,0.06395717528453772,0.10451362412660867,0.027415865677109137,0.20397762628676394,-0.05018829461103935,0.009069189059825027,0.05724349931676899,0.014658709533516959,-0.006345513495647881,0.14879369487365088,1.391304347826087,0.03172309402739671,1.891304347826087,-0.009571353551356524,1.6956521739130435,0.015162784801339549,1.5217391304347825,0.005264841233738071,1.1304347826086956,0.03288284035147703,1.8478260869565217,0.031508768049377064,1.9130434782608694,0.022633256981456962,1.4782608695652173,-0.010041165669560924
2026-02-17,2026-02,534,526,0.017046199731827295,0.00568646580003275,0.055371543891917466,0.04549699857696159,0.010768093269194416,0.2894328436726388,0.07155161531878772,0.014881050507265164,0.04310672432981535,0.047371854737563196,0.04152421347048863,0.3670267164707184,0.018494534876351203,-0.0025936052570766192,0.04979480090746274,0.01136748218345276,-0.002188416955238158,0.18971431771796285,-0.007931148819319436,-0.020493220276795118,0.05174283554333538,0.05775085066095534,0.027242009465764185,0.16158670461121594,1.4339622641509433,0.0021015601396553916,1.811320754716981,0.010352748620472712,1.811320754716981,-0.007121907143869071,1.641509433962264,-0.024596993861700778,1.169811320754717,0.007843564967307624,1.8867924528301885,0.03680723233841316,1.8867924528301885,-0.0069053980873136295,1.5660377358490565,0.023326915126141545
2026-02-18,2026-02,468,460,0.014955402468292635,0.03353373531257528,0.049641791067303195,0.01873576794475513,-0.016908590124268735,0.24659122510448744,0.03769911974899445,0.031300977005761475,0.043403895940158116,0.0684920842567594,0.039992222901524294,0.37466105264004157,0.06720129226567861,0.022636843207929185,0.04597598615421929,0.04124247810527334,0.006819471565686018,0.1641251117233997,0.011908830087742805,0.013705903930548527,0.04219537687648352,0.050287892724531796,0.023897507827643598,0.12290093796732632,1.4150943396226414,0.029995999463518677,1.8679245283018868,0.026631165685006758,1.6792452830188678,0.018438730000382014,1.6792452830188678,0.009507790723001359,1.150943396226415,-0.019785948614834774,1.849056603773585,0.03536958139209033,1.9245283018867925,0.002008150810969036,1.5283018867924527,0.020076753110662465
2026-02-19,2026-02,465,461,0.06075676960790779,-4.978223615084796e-05,0.04923121390277667,0.019471802821918342,0.009779346143448326,0.31197625835952547,0.1021900887261016,0.03823283627597397,0.05012724715062743,0.07742960565063596,0.039677830382590706,0.44560327802015387,0.07429763536099451,0.021474857547005642,0.04193351399519367,0.04186190551082945,-0.01751561862063245,0.20718029003752314,0.01706408611667785,0.01265283647397487,0.03987697730517262,0.11528815145369417,0.021643651825580004,0.12336298309104599,1.4565217391304348,-0.0036910865839769346,1.826086956521739,0.033667618884669626,1.7391304347826086,0.01712703146004912,1.6521739130434783,0.008522401691366175,1.0434782608695652,0.007170650491274412,1.8478260869565217,0.0350582651651994,1.8695652173913042,-0.02218953166411071,1.3043478260869565,0.018382782260362614
2026-02-20,2026-02,379,372,0.11325631581151648,0.044427861844208424,0.053748391015082525,-0.013127145039379451,0.013271273789282874,0.359221329761518,-0.09154267744037242,-0.029508144664076256,0.04726866534897706,-0.02127151412622941,-0.03666436487716441,0.44147208327981263,0.013978990349553648,0.0037538333231660398,0.05372645281874276,-0.035428500891631014,0.013981444253996438,0.1892788972315454,0.021510680835774572,0.015407951386882307,0.047384300962571596,0.117090880234888,0.009452034129849456,0.14638249500579126,1.3478260869565217,0.04105829662681712,1.8695652173913044,-0.03418205770755452,1.673913043478261,-0.0004309492855296129,1.7391304347826086,0.011060125299925786,1.1304347826086958,0.010445186832761135,1.9130434782608696,-0.041446973572816584,1.8478260869565217,0.009361879036605132,1.391304347826087,0.0059737732602842385
2026-02-23,2026-02,427,424,0.012469331558114267,-0.012741853692436399,0.05555695264810953,-0.024419306725110397,0.0019595666690542003,0.377926160714456,0.021108199553268675,0.0035063889503239194,0.0419840009537227,-0.02781523518639857,-0.022799938565659324,0.38804190579269615,0.013290021521038404,-0.0011637987587000305,0.04820678459137259,-0.029459737953526986,0.015689560172531543,0.17834463970003916,0.013165017882884026,-0.006608922695079331,0.049701637534128776,0.16243293075570528,0.043256145668794335,0.12948287486852633,1.4523809523809523,-0.01637280607338878,1.9047619047619047,-0.001255515811580842,1.7619047619047619,-0.005568560663461935,1.619047619047619,-0.010656541742698377,0.8571428571428572,-0.00018329047380294264,1.7857142857142858,-0.02726422427994504,1.8095238095238095,0.01116575064872202,1.5714285714285714,0.03932757424022291
2026-02-24,2026-02,478,471,-0.018859849223280233,-0.009502472209789399,0.05394069466357,-0.010976142315560425,-0.00704688914674725,0.3541703807546738,0.02031434036026351,0.004866580384652966,0.052675929925153867,0.06566950233173544,-0.000700494027933013,0.42714604101282483,0.05369977353084709,0.019721467005283332,0.04773169305208481,-0.042701711124072714,0.044963746824628954,0.17476106203220626,0.0021058120709821996,0.0028414021872969243,0.045052557351499135,0.2953911387564298,0.09412325860679346,0.12670964097723048,1.3404255319148937,-0.012853536039576632,1.7872340425531914,0.00039849527826998823,1.7234042553191489,0.015412956366985461,1.7234042553191489,-0.0014671084510009475,0.9574468085106382,-0.009440506168023846,1.7446808510638296,-0.005062196155592587,1.851063829787234,0.04033608725016087,1.6382978723404256,0.0900275139259424
2026-02-25,2026-02,563,553,0.054606960133125625,0.02486592853813202,0.05479902390074122,0.052516959635434735,-0.00530737321509062,0.26539257006211714,-0.053897323207916535,-0.00798380833555595,0.0548541283836297,0.02986370354644249,-0.0241465444049779,0.5698454373262145,0.06724894331405795,0.01974994451340362,0.04961069156156969,0.015070120907646818,0.003503272796902105,0.19641645442355765,0.05350404317426337,0.025226915064981967,0.057663657363656674,0.0746691477235676,0.02256240962418192,0.12136181010441346,1.4545454545454546,0.021229564901768385,1.8545454545454545,-0.012620171971919586,1.7999999999999998,0.01524994451340362,1.6727272727272726,0.021045096883163784,1.0545454545454545,-0.007943736851454256,1.7272727272727273,-0.02846472622315972,1.8909090909090909,-0.0012239999303706225,1.4545454545454546,0.018926045987818284
2026-02-26,2026-02,607,592,0.1013920625714201,0.03320393905586764,0.0520874227775795,0.0812999632404369,0.004406405197477974,0.252199635793597,0.01485639721176414,0.018068450806194878,0.048621094763779585,0.025851501392176627,0.026237777297988336,0.45217285598865,0.027829608127678526,0.03990032040686973,0.05245000966917353,-0.03693453465724999,-0.017994429688423443,0.17438673309121533,0.0842948133066508,0.024398800815339974,0.05010881996940729,0.04831932175681637,0.020775201408449198,0.13495554112024227,1.3559322033898304,0.029814108547393064,1.8644067796610169,0.013407433857042336,1.847457627118644,0.035281676339073115,1.728813559322034,0.02007676691703489,0.9661016949152542,0.001991150960189838,1.847457627118644,0.021619133230191726,1.8305084745762712,-0.02257070087486412,1.4576271186440677,0.017131133611839027
2026-02-27,2026-02,445,436,-0.047999312034034035,-0.02914635431767911,0.046800282734536555,-0.034102790915734094,-0.01950427739382333,0.31072879500094464,0.020041640507204576,-0.012291110098730629,0.047352113616493545,-0.00023695355359472692,-0.0024023530020664437,0.553874646736817,-0.004274526182536998,-0.013626480909694438,0.048257014365650344,0.005216598103280293,-0.0006236704064271322,0.23215944624759932,-0.004659702509901327,-0.026311617121075444,0.046325474568060826,0.054667210965896995,0.0118386378635701,0.13391114889898084,1.423728813559322,-0.032705676351577416,1.8305084745762712,-0.016867381285171307,1.847457627118644,-0.018245124977491048,1.7457627118644068,-0.03067602390073646,1.1864406779661016,-0.02247037908873858,1.8135593220338984,-0.00693625130715119,1.8983050847457628,-0.005369433118291539,1.5423728813559323,0.00798270566018027
2026-03-02,2026-03,430,421,-0.15044032210168293,-0.05392277089161809,0.055021435789161535,-0.1153802761205772,-0.02621196291002375,0.2988799107926232,-0.02935309611687239,-0.029093756816344164,0.05877888194553192,-0.07635548131797516,-0.007013805050619398,0.5341607225792748,-0.09016952938606206,-0.029177200177778265,0.050895594579034725,-0.015485286310301149,-0.023245542721799274,0.24720778608960764,-0.13795335404357148,-0.07146706008404854,0.05018458408478001,-0.16750276109257387,-0.02085197411290587,0.20975934102066923,1.4318181818181819,-0.05750231634616354,1.8409090909090908,-0.03369602954361689,1.75,-0.03355220017777827,1.659090909090909,-0.07561478735677582,1.4545454545454546,-0.029848326546387385,1.8409090909090908,-0.011616077777892125,1.9090909090909092,-0.028018269994526546,1.9090909090909092,-0.025624701385633143
2026-03-03,2026-03,391,382,-0.08597796865371858,0.012414025603306608,0.0568354519082975,-0.13988339169544609,-0.048764960291203835,0.33525812547457845,0.018734312812778833,-0.01733144213071562,0.0554083866339896,-0.015386374280579804,0.018089153857769994,0.5674834878821122,-0.02099828871159981,0.03686578428315208,0.045941989811693,0.04965857795446038,0.016677150701911427,0.1957460775187141,0.09343389339579287,0.04761275606204529,0.04689470251386514,-0.1826362904039937,-0.002611021986878733,0.22804567413894752,1.4523809523809523,0.008783073222354228,1.8333333333333333,-0.021914775464048953,1.738095238095238,0.03252054618791398,1.738095238095238,0.043267517966807195,1.2857142857142856,-0.051979246005489546,1.6666666666666665,0.013922487191103328,1.857142857142857,0.012034293559054283,1.2857142857142856,-0.005825307701164447
2026-03-04,2026-03,385,371,-0.06321657228770092,0.020614833353441983,0.051990813116943424,-0.10079081824429545,-0.040585496729768675,0.3756566606462002,-0.08970737172053105,-0.019747370489569416,0.04043386470920006,-0.07441554670122826,-0.013248112974526133,0.749316683492145,0.06016989738762176,0.027120628040765395,0.049084213987533466,0.041305283809811896,0.013843920598578564,0.25188300839147054,0.054952063576684584,0.052584925090232465,0.04997248250617714,-0.10602189982479714,-0.013254548288841157,0.2664762554136483,1.3157894736842106,0.017325359669231457,1.631578947368421,-0.02382631785799047,1.7894736842105263,0.02264694383023908,1.736842105263158,0.04824281982707457,1.131578947368421,-0.04341444409818973,1.631578947368421,-0.017327060342947186,1.763157894736842,0.00943602586173646,1.0789473684210527,-0.01595191670989379
2026-03-05,2026-03,392,376,-0.058847338745355776,0.007482466971865446,0.04942990628987644,-0.033723014595815094,-0.010195158674810887,0.3486967437753552,0.1335667974844176,0.012916786225609475,0.03733607421588474,0.036444061339017966,0.00586300798288609,0.5535510989200128,-0.033726401280724704,-0.024608272406021463,0.04386649423092588,0.08495598704134824,0.048248117919177054,0.2715889286053808,0.035997870771275656,-0.0010464300301707453,0.046147300507200506,0.05293010001876622,0.03048709264939393,0.23557254662247082,1.3421052631578947,0.004127203813970709,1.868421052631579,0.008245733594030528,1.6842105263157894,-0.028818798721810937,1.5789473684210527,-0.004993798451223377,0.9210526315789475,-0.012497790253758256,1.763157894736842,0.0014551132460439856,1.7105263157894737,0.04397180212970337,1.0263157894736843,0.02792130317570972
2026-03-06,2026-03,338,327,0.040839916285575636,0.025163371289236902,0.04224656494833908,0.007540295996279497,0.04738771950772881,0.36587522235332115,0.09286398257625823,0.01320264726051587,0.05272700378643716,0.07641896614160094,0.019562571281148206,0.6075763743032109,0.052626385865816375,0.05207801776518801,0.03807038985648241,-0.045535606210927844,0.013867889258971755,0.2629219966404366,0.02932879447717253,0.01818449484712266,0.04057209104722666,0.00706389012893569,0.050407173623707044,0.1813113188201731,1.4473684210526316,0.021544950236605322,1.8157894736842106,0.008663173576305343,1.8157894736842106,0.047538544080977484,1.6842105263157894,0.013973968531333186,1.1578947368421053,0.04449298266562355,1.894736842105263,0.014825729175885049,1.7894736842105263,0.00939420504844544,1.2105263157894737,0.04738085783423336
2026-03-09,2026-03,377,367,0.09548444544776166,0.022235955944147727,0.04734539213343364,-0.012641796941136632,0.02429317527997661,0.3465173996582225,-0.025804982876724628,-0.017957753700691588,0.03705116915681352,0.04453675570407344,-0.013188127875140768,0.44009514072456873,0.03331763597174615,0.03942738859117805,0.03752270088811806,0.06805111005404475,0.022545144027527227,0.2131698225196954,-0.032505238301276454,-0.011962379429603747,0.0371794341438596,0.03294553331237117,0.019529429911889794,0.172593646657628,1.2432432432432432,0.01912784783603962,1.864864864864865,-0.02261991586285375,1.7567567567567568,0.035035496699286156,1.7837837837837838,-0.016421838889063206,1.0540540540540542,0.021658040144841476,1.7837837837837838,-0.01764758733460023,1.837837837837838,0.01795054943293263,1.0540540540540542,0.016894294776754658
2026-03-10,2026-03,349,341,0.10528265877755322,0.019682681264249553,0.06010015391563832,-0.009587985376939038,0.0140501569101558,0.3728051733444719,-0.008937264965820712,-0.02111854650826059,0.042681259555857096,0.027634718877984195,-0.029537593571595418,0.5279660405700698,0.08565176264709626,0.006701125096569916,0.058488733156251076,-0.0267621776504298,0.005941049790782537,0.19950887670411782,0.10241703953590131,0.0005551404663987657,0.061586575425703144,0.00384885739692577,-0.0010425757042942076,0.2221620608778561,1.2702702702702702,0.01650700558857388,1.8108108108108107,-0.025645573535287614,1.7837837837837838,0.002241665637110456,1.7027027027027026,-0.0037016162903579907,1.027027027027027,0.011482589342588233,1.7297297297297298,-0.03386191789591974,1.7837837837837838,0.0014815903313230771,1.2432432432432432,-0.004150683812402316
2026-03-11,2026-03,352,345,-0.017423912253940584,-0.002908421670377744,0.0664673613416924,-0.03159427132514951,0.015291909576366336,0.4038485319298857,-0.0453286424108749,-0.0319320341164049,0.0476222021736438,-0.06815509582064828,-0.013025165473623089,0.5261759372318493,-0.020307949840527743,-0.0003866662643789258,0.04668738780161433,0.012964412043732157,-0.00846673823566784,0.24481498713002486,-0.07489363013442334,-0.006598073759569353,0.048320049155409175,-0.06679125092722826,-0.017346664608596157,0.23225528155179584,1.2941176470588236,-0.006143715788024803,1.7941176470588236,-0.03641732823405196,1.7058823529411764,-0.004651372146731867,1.6764705882352942,-0.010789250230157588,1.1470588235294117,0.012424262517542806,1.8235294117647058,-0.01758398900303485,1.7352941176470589,-0.012804973529785487,1.088235294117647,-0.020067252843890274
2026-03-12,2026-03,340,331,0.03596062046130055,0.01191812845752594,0.05026189779264881,-0.1107744164283937,-0.0010460763818846705,0.36126161468299955,-0.09499501395601075,0.022089958358162486,0.03756399480592883,-0.02515299134072958,-0.015372417809929362,0.7399170259860429,0.044247180357797365,0.011798782899150942,0.04262600073271311,-0.07623961737914484,-0.016266822711744938,0.25282983177087526,-0.042518788326583325,-0.005500019532816011,0.037375207532213996,-0.05965093327186323,-0.017378742930374773,0.2121307569922823,1.2352941176470589,0.008829893163408294,1.6764705882352942,0.01789878188757425,1.6764705882352942,0.007607606428562706,1.7941176470588236,-0.00998531365046307,1.1176470588235294,-0.003840194028943494,1.7058823529411764,-0.019637123692282304,1.8529411764705883,-0.02089917565292141,1.1764705882352942,-0.020319919400963008
2026-03-13,2026-03,281,273,0.034315140552513126,0.0068420533935658005,0.0466739664406803,0.01949777978909738,0.006323287317459044,0.36627926070381095,0.06282612362222971,0.024343072352528763,0.03698964728372334,-0.14275355100173193,-0.020654640790456893,0.5587907048563163,0.04584233943229323,0.008721784905747633,0.03955039486429329,0.06480276487614378,0.025787750367001573,0.2426577493272446,0.04805920670575263,0.020042019680166438,0.03559569299265557,0.0443428328514689,0.013578624856705081,0.20430746619348172,1.4242424242424243,0.0032814473329597395,1.8181818181818181,0.019797617807074216,1.7575757575757576,0.004327845511808239,1.6666666666666665,0.015875353013499773,1.0,0.0038232873174590437,1.8484848484848484,-0.025275852911669013,1.8787878787878787,0.021090780670031877,1.2121212121212122,0.01054832182640205
2026-03-16,2026-03,331,321,-0.007636920185845318,-0.014656043087291237,0.04940297659291119,-0.011764939461223084,0.0017813341029552024,0.3294148736167699,0.0032617406711679823,0.006761018358736683,0.04326955893996888,-0.03980356097990367,-0.015206756238755732,0.5279030962847173,0.08127152940242155,-0.005197751894569568,0.040517466141980915,0.0076405594914676555,0.01297279911331389,0.28506765083875507,0.04460644004195855,0.0010840500893674887,0.038024134285532966,-0.06351756931598958,-0.02888151107262682,0.20742414239794016,1.4375,-0.018249793087291237,1.84375,0.0021516433587366835,1.8125,-0.009729001894569569,1.75,-0.0032909499106325117,1.0625,-0.0008749158970447978,1.90625,-0.01997238123875573,1.90625,0.00820717411331389,1.125,-0.03169401107262682
2026-03-17,2026-03,288,282,-0.0670520719048021,-0.01657921150449756,0.05127131587195277,-0.033985186614100445,0.00327089634885634,0.3474208661355078,-0.09863651565278056,-0.032539758097876355,0.03595500249862842,0.1164667681685739,0.05187294986000431,0.4770872986742428,-0.0008369201339072215,0.014582094848923918,0.042652393452015436,0.028629601051324404,0.00017538438980336038,0.23878723063639234,-0.0005345036149323431,-0.017679447429419667,0.04795980121963851,-0.05033727981867065,-0.03514937395428318,0.20400913711637259,1.4375,-0.02017296150449756,1.71875,-0.03683663309787635,1.875,0.009894594848923917,1.625,-0.021741947429419668,1.0,0.0007708963488563402,1.75,0.047497949860004315,1.8125,-0.004355865610196639,1.34375,-0.038508748954283176
2026-03-18,2026-03,308,307,-0.006953705350340498,-0.02399348896220536,0.062087353182420396,0.018261742052893503,0.006331506236245059,0.35641605106572954,-0.051113383171464216,-0.01639680884491333,0.042672491449569916,0.1280712477614374,0.032243909647725395,0.4451913408214046,-0.004663800674116465,-0.013371867541832214,0.05339427291660161,-0.03419476699891614,-0.009906642104491548,0.27279124324840887,-0.02270191147835751,-0.011199542759461199,0.04907392651581505,-0.06833614189485288,-0.029774530242795333,0.21420591673062694,1.3870967741935483,-0.02746123089768923,1.9032258064516128,-0.02115487336104236,1.7096774193548385,-0.01764606109021931,1.7419354838709677,-0.015554381469138618,1.064516129032258,0.003670215913664414,1.8709677419354838,0.027566490292886686,1.7741935483870968,-0.01434212597545929,1.161290322580645,-0.03267775604924694
2026-03-19,2026-03,278,267,0.11728816550811988,0.0019238498676724704,0.06615489384586845,0.10050857648573118,0.01825724078971689,0.40261409321316965,0.11570051676463859,0.07670325974287334,0.04786040038548833,-0.08355468959500793,-0.11216665201175444,0.5345820743176672,0.04024236067068088,-0.000792080759197844,0.05406454820221428,0.16507720806003387,0.028003502470951357,0.2310215462413099,0.04894857361325246,0.040332378474978337,0.05119844846918582,0.07667465654819804,0.01867479030681869,0.21839904302248248,1.3870967741935483,-0.0015438920678114,1.967741935483871,0.07178390490416367,1.8064516129032258,-0.005308209791455908,1.7741935483870968,0.0358968946040106,1.193548387096774,0.015273369821974955,1.967741935483871,-0.11708600685046411,1.8387096774193548,0.02340672827740297,1.2580645161290323,0.015529629016496108
2026-03-20,2026-03,269,266,0.13218171842152313,0.015648883124538285,0.0578270023922747,0.20548496674002972,0.028681050714830677,0.33446324216546836,0.09660874037357446,0.036221001025521254,0.04875693891147887,0.030343669829648205,0.013139759271124265,0.5810649390849802,-0.011163513288575708,0.005965572662332226,0.05162042089724621,0.03473524570456269,-0.014374158842845994,0.20046173105085338,-0.014983323777642148,0.005773433165989085,0.053153319109030386,0.07154623413292892,0.014285847036646405,0.17477527702296222,1.2962962962962963,0.012408142383797545,1.8148148148148147,0.03168396398848422,1.7777777777777777,0.0015211282178877817,1.7777777777777777,0.0013289887215446406,1.222222222222222,0.025625495159275122,1.8888888888888888,0.008417537048902041,1.8148148148148147,-0.01891119587988303,1.1111111111111112,0.011508069258868627
2026-03-23,2026-03,260,257,0.059060738107313236,0.04709180643991838,0.047075150721382186,0.12332613022268195,0.08031545446546222,0.325930843846156,0.14010221870621023,0.04747927763056701,0.04282690796105769,0.03370570366792094,0.004922507516627633,0.4517693778929802,-0.049074374203844674,0.009305121659352857,0.04212278926369202,0.01020793434586538,-0.0036540336102442797,0.21613924534848103,0.008545415441967167,-0.014471831089144536,0.04597279487998004,0.27352771490702527,0.06652344221175086,0.16156190705414003,1.3703703703703705,0.04366588051399245,1.7777777777777777,0.04303483318612256,1.7037037037037037,0.005045862400093597,1.7037037037037037,-0.018731090348403798,1.0370370370370372,0.07772286187286963,1.6296296296296298,0.000848433442553558,1.8148148148148149,-0.008191070647281317,1.1851851851851851,0.0635604792487879
2026-03-24,2026-03,328,324,0.09490947771918812,0.012610365079662324,0.03963516475039123,0.08660335536737035,0.03711084846763142,0.3262469433248043,-0.009176460126286808,-0.002596566255047998,0.03602744086731531,-0.06560067951115642,-0.043481353100104134,0.5423728586174548,0.012916743996360655,-0.008600642453446654,0.035542262660476415,-0.18137612638500553,-0.033031333536643004,0.16360729420557618,-0.011658157071239154,-0.028608092982092267,0.03228158661632404,0.011635032554558557,-0.022379735464625794,0.1629434886854142,1.21875,0.009563490079662323,1.8125,-0.007127816255047998,1.71875,-0.012897517453446654,1.75,-0.03298309298209227,1.21875,0.034063973467631424,1.875,-0.04816885310010413,1.78125,-0.037484458536643006,1.0625,-0.025035985464625793
2026-03-25,2026-03,297,294,0.07276190162096202,0.03177544523212528,0.05452900002806191,0.06811585838431476,0.0005370925989531469,0.33931917016362323,-0.08242670070368197,-0.020110658503912207,0.04665544792226566,-0.06988260586051065,-0.022595540525918577,0.5768425586665499,0.07870790253340589,0.0007051988478780739,0.046069349305309815,-0.046340422179348355,0.015028393013766787,0.23447412888294664,0.050008061753028195,0.0028499613610459985,0.049045068416132966,-0.011994147900188169,-0.013408189296127554,0.21247484380828924,1.25,0.028650445232125277,1.84375,-0.024720033503912206,1.75,-0.0036698011521219265,1.78125,-0.0016031636389540012,1.15625,-0.002353532401046853,1.75,-0.026970540525918577,1.8125,0.010497143013766787,1.03125,-0.015986314296127555
2026-03-26,2026-03,325,319,0.04023106636603569,0.0018218494513195238,0.04696431260921001,0.06947372100746334,-0.006918297600817698,0.35582264431286603,0.01851582546751297,0.007614193525554095,0.033627245089349805,0.031131448876333873,0.027446147242500923,0.4689832255244255,-0.0521283624351109,0.0004804835143300684,0.04142502007987762,-0.005666893887752784,-0.011447954547494667,0.18925809394568205,-0.06897628161431843,0.0032433906184064533,0.04355091491821779,-0.010822365546291927,-0.020841493805727165,0.1646520891226828,1.09375,-0.000912525548680476,1.9375,0.002770443525554095,1.71875,-0.003816391485669932,1.71875,-0.001053484381593547,1.3125,-0.010199547600817697,1.71875,0.02314927224250092,1.8125,-0.015979204547494668,1.21875,-0.023888368805727166
2026-03-27,2026-03,264,260,0.04621565392065428,0.039704118423791346,0.04894725072510639,-0.04683654103268136,0.0064679220598881735,0.3646953647526411,0.1060736165211955,0.009747413696832647,0.0443598908420429,-0.045132976956386676,-0.02732519812279169,0.5215081239405732,-0.0006482794019003279,0.019496112897425196,0.04193719522769904,0.056969653490207335,-0.00916213991557063,0.23822630010545254,0.039496768386932675,0.041339966427733445,0.044746938189852585,-0.12238389345785859,-0.007576419009717061,0.20332582782094294,1.4375,0.036110368423791346,1.75,0.005372413696832647,1.84375,0.014886737897425197,1.84375,0.036730591427733446,1.03125,0.0038897970598881734,1.625,-0.031387698122791685,1.875,-0.01384963991557063,1.40625,-0.011092044009717061
2026-03-30,2026-03,337,328,0.006600680761831184,0.00451726596666787,0.06673485792665836,0.0019737452686551067,0.0005129919446763085,0.36010847714814276,-0.07692621264469719,-0.014964596344201025,0.03128681641946623,-0.05848796536286633,-0.031169181370239295,0.4397323813402292,0.05367898601203882,0.057253918744169394,0.05704623686327441,-0.008315440551231467,0.027937488764444976,0.20335404981266367,0.00767048518703392,0.042416252992924286,0.05388395404192746,-0.021106375934040852,0.02642495680759287,0.20129823865312518,1.5151515151515151,0.0007293871787890827,1.8181818181818183,-0.019510050889655572,1.9090909090909092,0.05248119147144212,1.7575757575757576,0.03802231359898489,1.2424242424242424,-0.0025930686613842976,1.9090909090909092,-0.035941908642966564,1.787878787878788,0.023467791794748005,1.393939393939394,0.022940108322744384
2026-03-31,2026-03,296,289,-0.01621598861172157,0.04106129259120084,0.069620019857999,0.07419292260591796,0.05791886386539296,0.40358312813372443,0.07426652232427983,-0.03337961008226923,0.047493806866077175,0.13266594897829628,0.04048503175221605,0.5672816278348709,-0.14418165719995585,0.005462291217552935,0.0628307979273563,0.20862660140417152,0.05207003282202898,0.330188620064793,-0.08921626818069302,0.013160318078018221,0.05628523268164044,0.02980746884875676,0.06866707446927069,0.2258189097046852,1.393939393939394,0.03757644410635235,1.6666666666666667,-0.037546276748935896,1.7575757575757576,0.0010683518236135415,1.5757575757575757,0.009220924138624282,1.0303030303030303,0.05534310628963538,1.7272727272727273,0.03616684993403423,1.8181818181818181,0.047524578276574435,1.0606060606060606,0.06601555931775553
2026-04-01,2026-04,311,308,0.07974954720624257,0.043347792306497754,0.05020401844410022,0.15773539291327904,0.07267985652255966,0.3426777156850984,0.14155625197527866,0.06390303040346926,0.03384644402016771,-0.029779729487873004,0.038240090511681174,0.5132494737063685,-0.12163917755882124,-0.021542824784153605,0.037994446629609095,0.10635706477942761,-0.00099525404842924,0.164160230857951,-0.06866308839881474,0.0003104695570357481,0.0335913480625798,-0.03274596474990625,0.007796899080109198,0.15886837099829026,1.5161290322580645,0.03955746972585259,1.7096774193548387,0.05962883685508216,1.7419354838709677,-0.025897663493831026,1.7741935483870968,-0.004125014313931994,1.3870967741935483,0.0692121145870758,1.935483870967742,0.03340138083426182,1.9032258064516128,-0.005753318564558272,1.2580645161290323,0.004651737789786618
2026-04-02,2026-04,279,275,0.07228171379946734,0.06691514678194521,0.04478551681037687,0.11898131264573594,0.0417967172960618,0.4220516229314464,0.12899889020718774,0.03753898045663418,0.04162284363511902,0.14505175964126468,0.06105268571463708,0.6985185412423952,0.0011791508014539537,0.05969282758192834,0.035921845459797486,0.02766247831228105,0.002742449716691058,0.16153479859765085,0.02857695410491883,0.0024721623911239127,0.04176304431123315,0.11015151012830289,0.04347970904557485,0.15570478833147458,1.2258064516129032,0.06385063065291295,1.8387096774193548,0.03294220626308579,1.7419354838709677,0.05533798887225092,1.6774193548387095,-0.0017213859959728612,1.032258064516129,0.039216072134771476,1.8064516129032258,0.056536556682379016,1.9354838709677418,-0.002096259960728296,1.096774193548387,0.04073777356170388
2026-04-06,2026-04,323,318,0.06341069918782304,0.011491223385297955,0.04713718927549806,0.1554171514514795,0.04873797218796861,0.35641622424009256,0.007360624485620394,0.02516811934183288,0.035692009016023346,0.13377565756149254,0.05564431687802984,0.5083441238384694,-0.010044830944952494,-0.039714960502486074,0.03696318537170299,0.08732741267485784,0.024520922924913514,0.1736283950158395,-0.04407064907057518,-0.04005794091129782,0.032922112834214014,-0.04928259563395896,0.018615382870880093,0.14231643039966002,1.3125,0.008209973385297956,1.75,0.02079311934183288,1.84375,-0.04432433550248607,1.625,-0.044120440911297826,1.0625,0.04608172218796861,1.6875,0.05142556687802984,1.8125,0.019989672924913514,1.0,0.016115382870880095
2026-04-07,2026-04,247,243,0.058695307238258214,0.05270860425916301,0.05544682761859258,0.1272449024893759,0.07374487665348378,0.4702033134332548,0.07830138782607941,-0.032150389654022206,0.040809009030560436,0.13943697704712105,0.0013991498912940548,0.5133369366327921,0.09727033156141623,0.015499252810065693,0.044455386187293944,-0.12145831039713431,-0.0003471894369329268,0.18314003575748455,-0.00800598687116915,-0.07094558625567127,0.04751103819320762,-0.07278412404083688,0.0049816392874770105,0.18475968988301855,1.4375,0.04911485425916301,1.8125,-0.036681639654022206,1.90625,0.010733627810065694,1.8125,-0.07547683625567127,1.09375,0.07101050165348378,1.65625,-0.0027414751087059454,1.84375,-0.004956564436932927,1.125,0.0021691392874770106
2026-04-08,2026-04,283,278,0.030378950645456076,0.027416110763136572,0.061918028423776944,0.15492957746478872,0.06780493079482613,0.4093889309026833,0.04806567791286259,0.010889052710942305,0.03635147379737785,0.044167776900460726,-0.04164957884033634,0.5419790968298912,-0.037259201431218865,-0.051943344658722954,0.052000598759210634,-0.006065412851517042,0.013603558424584359,0.19222556869499385,-0.12126272407771946,-0.022681934238575133,0.050993932302794615,-0.03230562988486516,-0.015742189724653584,0.14943556840132388,1.3214285714285714,0.024112539334565142,1.9285714285714284,0.006067624139513734,1.7857142857142856,-0.056407630373008666,1.607142857142857,-0.026699791381432275,0.8928571428571428,0.06557278793768327,1.8928571428571428,-0.0463817216974792,1.9285714285714284,0.008782129853155789,0.9642857142857142,-0.01815290401036787
2026-04-09,2026-04,312,308,-0.020329777574777216,-0.011658459412354558,0.048456172107063364,0.052622803267431024,-0.009245714328266267,0.3705741456379333,0.005890006535608221,0.0030476463917107344,0.043163831041468016,0.19230520785799018,0.025477727429354252,0.4439655639111034,0.048160795442760335,0.018471144442292427,0.04245384859349584,0.020278807926610028,-0.003606365821557808,0.21170261976940016,-0.019939800499265484,0.012456064070730945,0.04044018179368923,0.07483411157532563,0.024048004907510585,0.15302203643706536,1.3225806451612903,-0.014964911025257783,1.9032258064516128,-0.0017104181244182977,1.6129032258064515,0.014438886377776298,1.5161290322580645,0.008665741490085782,1.161290322580645,-0.01214894013471788,1.8064516129032258,0.020961598397096187,1.8709677419354838,-0.008283785176396517,1.129032258064516,0.021225424262349295
2026-04-10,2026-04,281,274,-0.003516533440058843,0.028163059863261633,0.05023886299553012,-0.116917435559065,-0.0003025409253366168,0.3456084461951697,0.02958808031821038,0.027182743481494742,0.031000792716718163,-0.052149218255621875,0.004252266367258117,0.5125394579437044,0.017559951973520536,-0.005407607589414533,0.0376654238587774,0.05133749418598362,0.008680549701965128,0.18608841976081886,0.04450832350809636,0.039197194334486804,0.039639196934988935,0.11250256898398035,-0.01659187404002354,0.14178295819847672,1.2258064516129032,0.025098543734229376,1.7419354838709677,0.02282790477181732,1.7096774193548385,-0.009681801137801628,1.6129032258064515,0.03516493626997068,0.9677419354838709,-0.002721895764046294,1.7096774193548385,-2.1927181128978714e-05,1.8064516129032258,0.0041644206697070635,1.161290322580645,-0.019495099846475152
2026-04-13,2026-04,304,295,0.06472975166369097,0.010291267533607602,0.05751845646816585,-0.08803210346919076,-0.0062303711043933535,0.37564775894085567,-0.1415812513377231,-0.027390907999310623,0.05813755413394203,-0.038763568197845696,-0.026680114915109795,0.450338331113259,0.04423326406980812,-0.01076988306345053,0.04831593010478172,0.1501665826634432,0.04191666551815065,0.159267944128563,-0.03547228320761325,-0.014366339099338363,0.03769025627990272,0.11260005638182455,-0.0011620235237364551,0.17639129360516867,1.1666666666666665,0.007374600866940936,1.8666666666666667,-0.03205757466597729,1.7333333333333332,-0.015103216396783864,1.5666666666666667,-0.018283005766005028,0.8999999999999999,-0.008480371104393354,1.7999999999999998,-0.031180114915109795,1.7999999999999998,0.037416665518150656,1.0,-0.003662023523736455
2026-04-14,2026-04,316,309,0.047674951464433554,0.02055694050612292,0.06889060412808115,-0.04786928387934657,-0.013656652590649347,0.38582449262180635,-0.013633360056835414,0.03347604263631353,0.045032122190833364,0.02851071477853103,0.042462946998055945,0.6100328018468234,0.1135847100219275,0.013381076147301444,0.05203365959386261,0.09040032097173814,0.0015331753054303246,0.2403127205588164,0.03323483924172717,-0.0008289335595040581,0.04984002434490563,0.12680285147641296,-0.013257518418467968,0.21416921024360963,1.1612903225806452,0.017653714699671308,1.7741935483870968,0.029040558765345784,1.6774193548387095,0.009187527760204671,1.5483870967741935,-0.004699901301439542,0.9032258064516129,-0.01591471710677838,1.7741935483870968,0.038027463127088205,1.8064516129032258,-0.0029829537268277395,0.9354838709677419,-0.015596228095887323
2026-04-15,2026-04,296,292,-0.07303034930153575,-0.009751864682129553,0.06742597851355317,-0.03741167978456114,-0.0455041774625608,0.45602388577214603,-0.13814944542358706,-0.0550149714442186,0.04217268345489338,-0.09617940790920305,-0.0002413079529444695,0.7237068101249893,0.01392209655076913,-0.03459197310039514,0.0540523910348181,-0.03297797026610586,-0.0446974465778705,0.1955906000181005,0.0053154084726570305,-0.004121745349854496,0.06165870983145872,0.131218737998399,-0.01334533593322091,0.1855604933767483,1.129032258064516,-0.012574445327290844,1.6774193548387097,-0.05920851983131538,1.6774193548387097,-0.03878552148749192,1.3548387096774193,-0.0075088421240480435,0.9354838709677419,-0.04784288713998016,1.8064516129032258,-0.004757436985202534,1.8064516129032258,-0.04921357561012857,0.967741935483871,-0.015764690771930587
2026-04-16,2026-04,309,301,-0.02962080199787685,0.00978975747361183,0.059071049903228076,-0.0381809233672685,-0.023463172977327525,0.554075475782156,0.01882110474040045,-0.002057094671820841,0.04301162547146501,0.047060936223330414,-0.002508229039223679,0.5187549909576773,0.04697290215728062,-0.006203266045765151,0.05169648646948121,0.06286234905088647,0.010865422472091971,0.2468813248599569,0.03547126221726911,0.04160795851699419,0.05609732903274684,0.051911852632178346,-0.011133692775301128,0.18000190177311498,1.1333333333333333,0.006956424140278496,1.8666666666666667,-0.006723761338487507,1.7333333333333334,-0.010536599379098486,1.3333333333333333,0.03827462518366086,1.1333333333333333,-0.02629650631066086,1.8666666666666667,-0.007174895705890345,1.7,0.006615422472091971,1.1,-0.013883692775301128
2026-04-17,2026-04,303,296,-0.01557749448698791,-0.009553816792473578,0.05872888389686151,-0.010480762262353806,0.00801120954980413,0.5102801308035851,-0.014187713655746394,-0.011240636212417004,0.03884066402643406,0.022654338755042778,-0.0027905945532367797,0.849776308486859,-0.02529299200397558,-0.009402560815105786,0.04869295390819965,0.10300705044362923,0.016192791810592282,0.29932946227490903,0.0524862101887854,-0.006115859960102953,0.04589119781139517,-0.004398331084415517,0.014754858827534707,0.1778152735903859,1.2666666666666666,-0.012720483459140244,1.7666666666666666,-0.015657302879083672,1.4666666666666666,-0.013069227481772453,1.5666666666666667,-0.010032526626769619,1.0333333333333332,0.005427876216470796,1.6333333333333333,-0.0068739278865701135,1.7666666666666666,0.011776125143925616,0.9666666666666667,0.012338192160868039
2026-04-20,2026-04,361,355,-0.01732156651535362,-0.025711066065671324,0.05889692566062661,-0.05510935292729391,0.01721142289375865,0.4814710991664065,0.007777211430149886,-0.013375457545857184,0.050501232030982564,-0.005015050192609199,-0.0007631221717260982,0.39932589874499375,0.019094828042478185,-0.004465810215664106,0.049908103773651076,0.002029353827698401,0.002357152139401039,0.23806125714650586,-0.02717449146110994,-1.3124855657008563e-05,0.05033257429531127,0.0012211577991586343,0.03853346400495086,0.17985144645596546,1.222222222222222,-0.028766621621226878,1.8333333333333333,-0.017958790879190518,1.6388888888888888,-0.008563032437886328,1.6111111111111112,-0.004040902633434786,1.0277777777777777,0.014641978449314207,1.7777777777777777,-0.005207566616170543,1.75,-0.0020178478605989616,1.0833333333333333,0.03582513067161753
2026-04-21,2026-04,333,323,-0.12312236484374137,-0.044240409462181204,0.06351717092990548,0.05956436199564401,0.013087225897045494,0.4435589958447963,0.0669816823314263,0.03006853610507849,0.043670730874813296,-0.06655777440097005,0.05742558875667893,0.5497275865636766,-0.082487601113536,-0.012792378710138965,0.04861337360373358,0.029483852223914267,0.0113224981491572,0.2983516633976251,-0.06337504086584239,-0.009477137173073087,0.04935860731607472,-0.11388262225142681,-0.023430667736914306,0.19888616318348795,1.1944444444444444,-0.04722652057329232,1.7777777777777777,0.025624091660634046,1.75,-0.017167378710138965,1.5,-0.013227137173073087,0.8611111111111112,0.010934448119267717,1.722222222222222,0.05312003320112337,1.6944444444444444,0.00708638703804609,0.9166666666666666,-0.025722334403580974
2026-04-22,2026-04,410,403,-0.09080442498862203,-0.04830869914882871,0.06409037449408907,0.051036736626891906,0.015665032988766828,0.48567844519857317,-0.017288342939504094,-0.01219399158736259,0.03707275304750189,-0.09798026087686881,-0.019845827001903016,0.5118980187922716,0.005496151918852014,0.019299842810892053,0.05155648212955449,0.14386705047069387,0.04499259274548114,0.27878805063664913,-0.04726543983445296,-0.04635385708983014,0.054045366962391206,-0.019067074150119726,0.008812248645069607,0.18996209772303702,1.15,-0.05118369914882871,1.825,-0.01675649158736259,1.7750000000000001,0.014862342810892052,1.55,-0.050228857089830145,1.0,0.013165032988766827,1.725,-0.024158327001903016,1.7750000000000001,0.04055509274548114,1.125,0.005999748645069607
2026-04-23,2026-04,403,394,-0.05337261314178565,0.02359624976725499,0.06774812395626459,0.023978943207457297,0.022311883602305346,0.5632246743219022,-0.15221586970975817,-0.034300690225859604,0.04076971238615027,-0.09843783610844033,-0.004589981356938576,0.42832639168661374,-0.057996306791606146,0.01667429272366731,0.0494623383197592,0.0972367726754528,0.03359925773524884,0.24502994726674682,-0.023022983013830437,0.01612545266885411,0.05233302899490136,-0.04191025561576194,0.02288168163995568,0.19211802860865224,1.175,0.02065874976725499,1.875,-0.0389881902258596,1.8,0.01217429272366731,1.6,0.01212545266885411,1.0,0.019811883602305347,1.85,-0.009214981356938576,1.825,0.02903675773524884,1.075,0.02019418163995568
2026-04-24,2026-04,326,325,0.01082265832703316,0.008078605149025489,0.06619757720227729,0.002485680020435466,0.0017940092636915886,0.3994829875882715,0.04290160605263355,0.038275608348268,0.03735853692414981,0.12928880330078224,0.04339318095868854,0.4227732682484202,-0.027916234325195417,0.01917864589230687,0.04582603195123669,0.005593256296244983,0.005161876529911975,0.24244463141076267,0.03349771183395318,0.020906200364854646,0.03942067627675422,-0.06027163583306995,0.00785394835357536,0.13933114358223975,1.282051282051282,0.004873476943897284,1.8205128205128205,0.03372432629698595,1.7435897435897436,0.01481967153333251,1.7179487179487178,0.01661132856998285,1.1538461538461537,-0.0010906061209237958,1.8205128205128205,0.03884189890740649,1.8205128205128205,0.0006105944786299238,1.358974358974359,0.004456512456139462
2026-04-27,2026-04,376,363,-0.10160415946747348,-0.06253894336170031,0.07209001806888246,-0.03866787282961081,0.017450035737527066,0.5162838302138779,0.09767772857353911,0.017802276179736926,0.03795797183003414,0.021058641552213736,0.009247209918275432,0.4252743133240276,-0.013263786135085066,-0.002113289381669655,0.05273606586143287,0.03190326947927481,0.011634043076281967,0.2568168903494047,-0.01275523593377007,-0.021701336422306414,0.045019653097196105,-0.04422766771418641,0.006996322887204849,0.17130406418194374,1.1111111111111112,-0.06531672113947809,1.8333333333333333,0.013218942846403594,1.7777777777777777,-0.0065577338261140995,1.6944444444444444,-0.025937447533417524,1.0555555555555556,0.014811146848638178,1.8055555555555556,0.004733321029386543,1.8611111111111112,0.006981265298504189,1.1111111111111112,0.0042185451094270705
2026-04-28,2026-04,380,373,-0.002578819856409937,-0.016390656985146357,0.07444754192821058,-0.07492507055559869,-0.026689743483678502,0.42657908636170466,0.07213838439242344,0.02317146290697978,0.04573693281563897,-0.007232538042035774,-0.027406217271755327,0.5692209844552988,0.05864233642090392,0.03769551969882355,0.05683629940776491,-0.11250646509069716,-0.04401874228535206,0.22992859519011266,0.06951702902155978,0.0243470359598928,0.052368078367576766,-0.07174725295152576,-0.02227247841233979,0.202831842609354,1.054054054054054,-0.019025792120281493,1.7837837837837838,0.01871200344752032,1.6216216216216215,0.0336414656447695,1.6756756756756757,0.020157846770703612,0.9189189189189189,-0.0289870407809758,1.7297297297297298,-0.03173054159607965,1.7297297297297298,-0.04834306660967638,1.054054054054054,-0.024907613547474925
2026-04-29,2026-04,512,504,-0.04448224387344761,-0.011772242850973835,0.055291280347167335,-0.07753044140030442,-0.01324756612643713,0.42837089359760283,0.04228514367494282,0.011565342710692813,0.03691916433584505,0.13014367770656804,0.0517775153465489,0.5120196251943707,-0.010045136169028242,-0.015682068958611795,0.04442562828733518,-0.020114319760588688,-0.00894444938221696,0.2444405122846365,0.04046396046086877,0.007202592963910076,0.04180377985208639,0.018422286452432452,-0.029319634011018888,0.1759422229975462,1.1800000000000002,-0.014722242850973837,1.74,0.007215342710692813,1.6800000000000002,-0.019882068958611797,1.6400000000000001,0.0031025929639100754,1.22,-0.01629756612643713,1.8,0.0472775153465489,1.78,-0.013394449382216959,1.32,-0.03261963401101889
2026-04-30,2026-04,524,509,0.08257108642266349,0.020125141976818493,0.05516618559932109,0.0343859663755158,-0.005722591114204877,0.394087762224908,0.08088166939688782,-0.0029343207065825536,0.034901339739891714,0.08656795962375714,0.03740875927432561,0.4852941580591541,0.145922844503873,0.02171785707176052,0.049802269639454666,0.002367600726452331,0.007941200676514154,0.28044252623529997,0.04625649772410241,0.0036828955646993587,0.03814301142255759,0.14532382801178503,0.02494744538150364,0.17707019993195347,1.215686274509804,0.017085926290543983,1.7843137254901962,-0.007395105020308044,1.843137254901961,0.01711001393450562,1.7058823529411764,-0.0005818103176535826,1.1568627450980393,-0.008614747976949975,1.8235294117647058,0.03284993574491385,1.803921568627451,0.003431396754945527,1.1568627450980393,0.022055288518758542
2026-05-01,2026-05,445,434,0.004925246367855507,-0.00364588766609409,0.0545169393877137,0.08158527878763351,0.00459437536818803,0.3514987010248872,0.0398015795594381,0.01518260833792711,0.04482491286179015,-0.0936232008319407,-0.02584283639053786,0.5327715743766275,0.07273378074478484,0.004615440081845107,0.04533120514351156,0.02049659695646688,0.01111799122088996,0.2082279145197813,0.045829313561537216,-0.00352571108909662,0.0412328630164803,0.18313463479178685,0.03204151942439361,0.14323175222028134,1.4509803921568627,-0.007273338646486247,1.8823529411764706,0.010476725984985934,1.7450980392156863,0.00025269498380589214,1.7058823529411764,-0.007790416971449561,1.4705882352941175,0.0009179047799527363,1.784313725490196,-0.03030362070426335,1.7647058823529411,0.006706226515007607,1.7647058823529411,0.027629754718511257
2026-05-04,2026-05,443,434,0.001125769588465031,-0.02582629688743486,0.05879498928982421,0.010178649322876722,0.01569617870523353,0.4150712101092172,0.10417765469002367,0.006941868430448484,0.03727014610530846,-0.0049765950571694475,-0.03515765760495272,0.4708465482433175,-0.007535313326905294,-0.03407488540603294,0.04305723936864453,0.020141765392640624,0.02091428100827454,0.2351117072583631,-0.02941438929861833,-0.03772117197376701,0.04514438209370805,0.10247167226716108,0.05096785537110471,0.15509474719333094,1.2325581395348837,-0.02890769223627207,1.744186046511628,0.002581403314169414,1.697674418604651,-0.03831907145254457,1.5813953488372092,-0.04167466034586003,1.069767441860465,0.013021760100582367,1.744186046511628,-0.03951812272123179,1.813953488372093,0.01637939728734431,1.627906976744186,0.04689808792924424
2026-05-05,2026-05,554,538,0.07588172592019148,0.035743438568743915,0.06324980935888222,0.03824435215926328,0.028114822538668236,0.37408874377056406,0.06670998747614425,0.03656815954717473,0.033301520777503715,0.04250931671169685,0.024631916284568237,0.4552482623192999,0.03919112464825893,0.015053254252208454,0.05036420561170589,-0.08956854962430066,-0.050990921213037645,0.2365841023899891,0.06725133801703476,0.04600887007387664,0.043730635064930835,0.08433524233917233,0.03887801111069081,0.14096495781645732,1.3148148148148149,0.032456401531706876,1.8703703703703702,0.03189223362124881,1.7037037037037037,0.010793994992949195,1.6851851851851851,0.04179590711091368,1.1666666666666667,0.025198155872001568,1.8703703703703702,0.01995599035864231,1.8148148148148147,-0.05552795825007468,1.5555555555555556,0.03498912222180192
2026-05-06,2026-05,435,427,-0.00637267002555155,0.015360962850601711,0.06947778858372552,-0.039119483244069206,0.027619251483878674,0.4091733919326649,-0.03329994552864457,-0.03051168051222495,0.057524094420515474,-0.06562449863143346,-0.044636661512314095,0.6697342780440353,0.08089103524748156,0.02426348443174771,0.056033800842110265,-0.12550839674446776,0.006792525013230543,0.22709731601698452,-0.03061972275222518,-0.01211642805399852,0.056446248732117205,0.018895321979107496,0.007248450911790192,0.19207973405718803,1.2592592592592593,0.012212814702453563,1.8518518518518519,-0.03514131014185458,1.7777777777777777,0.019819039987303264,1.6296296296296295,-0.016190502128072593,1.0925925925925926,0.024887770002397194,1.8703703703703702,-0.04931258743824002,1.7407407407407407,0.0024406731613786916,1.4074074074074074,0.0037299323932716735
2026-05-07,2026-05,615,598,-0.043617771525994296,-0.017092231713617748,0.0630639520249713,-0.050669315589471305,0.024402714811071202,0.34318548596153653,0.021181993045471963,0.028856170204195092,0.04310369358635402,0.04370783126870472,0.004130149038556203,0.7123859486853084,-0.025222142527258882,0.019859174228573716,0.0526121286045679,-0.026813636827937297,0.0037287894076625215,0.2422297232163449,-0.060910865570434965,0.009341698777860926,0.054284499783248966,-0.027477071272256782,0.02508931924410813,0.1671021873752276,1.4166666666666667,-0.020633898380284416,1.9,0.02410617020419509,1.8499999999999999,0.015234174228573715,1.75,0.004966698777860925,1.2333333333333334,0.02131938147773787,1.8666666666666667,-0.0005365176281104632,1.8666666666666667,-0.0009378772590041447,1.75,0.020714319244108128
2026-05-08,2026-05,355,347,0.004975309867201687,-0.019391539652203856,0.0673230012441757,-0.004979601470947184,0.05445344901797831,0.4075127524988992,0.051585709541022304,0.032172428775059964,0.07643314387270099,0.015185379869283854,0.06837925038517055,0.685050487944058,0.014955166152121259,-0.06643468101207534,0.0573853256076686,-0.05369198623468099,-0.02026798266795881,0.257840428927115,0.11417276080027444,-0.046569959511587,0.05212236089339148,0.20573975178436837,0.10265364360513865,0.1695808808718409,1.6666666666666665,-0.023558206318870522,1.9,0.027422428775059963,1.8333333333333333,-0.07101801434540866,1.8166666666666667,-0.05111162617825367,1.5,0.05070344901797831,1.8166666666666667,0.06383758371850388,1.8833333333333333,-0.024976316001292145,1.7833333333333332,0.09819531027180532
2026-05-11,2026-05,444,429,0.01960578665092221,-0.006891238372326816,0.07039275609259121,-0.07817067595229629,-0.005489481020564801,0.40641324126789735,0.00988871852127975,-0.035307222115077225,0.049432619695633256,-0.0006398202895641029,-0.04486703290206469,0.5982169533191726,0.07313283300622067,0.04201196997320052,0.06534218305707809,-0.020491171864361446,0.0064089267358521974,0.288159052733072,0.07604482276634648,0.010570458630894453,0.061570459054039635,0.031627182073307655,-0.0032524995396787035,0.20850216510683992,1.5116279069767442,-0.010670308139768676,1.813953488372093,-0.03984210583600746,1.627906976744186,0.03794220253134006,1.6511627906976745,0.006442551654150266,1.255813953488372,-0.00862901590428573,1.8372093023255813,-0.04946005615787864,1.9302325581395348,0.0015833453405033606,1.6511627906976745,-0.00738040651642289
2026-05-12,2026-05,367,365,0.06672787989389477,-7.15703802834991e-05,0.07294504110924453,-0.05641193989305356,-0.03763478275087273,0.40189921690358055,-0.12574737527766808,-0.023779730795294968,0.05214535959592584,-0.10319434636915098,-0.008394979189189578,0.8425897111495335,-0.09870915104973783,-0.036248154424893424,0.061777737135540925,0.012528380002198261,0.022264114216588915,0.2605063034635451,-0.03947543307784325,-0.026897940873803115,0.055704493658082374,-0.04527909523378624,-0.008305172578864609,0.17019327554023927,1.3488372093023255,-0.003443663403539313,1.8604651162790697,-0.028430893585992642,1.744186046511628,-0.040608619541172494,1.6744186046511627,-0.03108398738543102,1.1395348837209303,-0.040483619960175056,1.697674418604651,-0.012639165235701206,1.7906976744186045,0.017787370030542406,1.5116279069767442,-0.012084242346306468
2026-05-13,2026-05,406,396,0.03180081111115594,0.024418788815999813,0.07486001304333849,0.02009810975328217,-0.009320019606845364,0.41003141831606627,-0.0211627648750846,-0.010352171523892863,0.05242492854164484,-0.008089433443494234,0.001169205186448953,0.6232722052372992,-0.11631076290400412,0.008138812896364686,0.06594001822053819,0.12955283989766747,0.023347701572853888,0.2108785765245557,-0.04908365818051187,-0.010217382211828246,0.05841118037936099,-0.17933177243522072,-0.013592368937320493,0.20346078993752598,1.55,0.020543788815999813,1.85,-0.014977171523892864,1.75,0.0037638128963646857,1.675,-0.014404882211828247,1.15,-0.012195019606845364,1.8,-0.0033307948135510466,1.8,0.018847701572853887,1.525,-0.017404868937320492
2026-05-14,2026-05,376,365,-0.02388848129126926,0.015970883607322968,0.0887529017997124,0.02168587392065015,-0.030159341709101964,0.41697698914342457,-0.02291984500079629,0.015102357370960572,0.040455745371149605,-0.045858890202890225,-0.00234776064859208,0.6885132148551445,-0.1209368474518878,-0.003166959410858143,0.07617836614597684,0.06047497037078842,-0.011499193098735233,0.26649383910828167,-0.13243456176985158,-0.012106325610539863,0.06843036108738312,-0.16986601952706135,-0.026046426859956364,0.20163814237134325,1.3,0.012720883607322968,1.825,0.010539857370960571,1.75,-0.0075419594108581435,1.575,-0.016043825610539863,1.125,-0.032971841709101966,1.825,-0.00691026064859208,1.8,-0.015999193098735234,1.5,-0.029796426859956364
2026-05-15,2026-05,369,361,0.027475805604119496,0.0001966629508010978,0.0691597323587124,0.15848093586693798,0.05520734425569844,0.45288538684447605,-0.018455527619755996,-0.002703631126695312,0.038472153442474406,0.0390159787228417,-0.013520029894917872,0.5765044047600694,-0.03571229183458801,0.0009175354964185249,0.06293293254398469,0.094687264146437,0.009348676105070574,0.3229467041480044,0.032799890229559224,0.028897908623603495,0.05782503225195339,0.06361645314455494,0.00235819276394561,0.21151729300618172,1.25,-0.0029283370491989024,1.722222222222222,-0.007009186682250867,1.75,-0.0034574645035814755,1.4166666666666665,0.02535624195693683,0.9444444444444444,0.05284623314458733,1.6944444444444444,-0.017756141006028982,1.6666666666666665,0.005182009438403907,1.4444444444444444,-0.0012529183471655003
2026-05-18,2026-05,317,313,0.03652133424848882,0.01625199073760224,0.07236209865955996,0.11316196519345217,0.04611125260408122,0.36428810079251567,0.04261311758145403,0.05333670343441583,0.044341717189705344,0.08482766838336848,0.0221359805854787,0.6002160253063324,-0.0020368739353218124,-0.011721493271035156,0.0699586918464443,0.06489893986117463,-0.007041804854352227,0.21789500976522125,-0.020844148065327636,0.017432772532804633,0.0646835921723101,-0.019085663225290237,0.007407036398202254,0.16977616183219418,1.4166666666666665,0.012710324070935574,1.7777777777777777,0.048892258989971384,1.75,-0.016096493271035156,1.6666666666666665,0.013266105866137967,1.1944444444444444,0.04312514149297011,1.8333333333333333,0.017552647252145368,1.7777777777777777,-0.011486249298796672,1.5555555555555556,0.0035181475093133646
2026-05-19,2026-05,322,316,0.006829047723540375,0.04510717786157578,0.054984244664361845,0.2403259984461716,0.1460808264116194,0.42268299649003893,0.0617436455205422,0.07393375335450639,0.03858644342603528,0.1847449500987388,0.07789255986973538,0.7537631894811057,-0.03774980251407173,0.023772271749150156,0.04852151944277534,0.0346588559502588,-0.013696962634359655,0.16995285270968452,-0.05035727636081399,-0.016550672890787585,0.04187698843933582,0.16348319947752835,0.09577016385110103,0.11500173935201019,1.28125,0.04190405286157578,1.71875,0.06963687835450638,1.71875,0.019475396749150158,1.71875,-0.020847547890787584,0.90625,0.1438152014116194,1.71875,0.07359568486973538,1.78125,-0.018150087634359654,1.5625,0.09186391385110103
2026-05-20,2026-05,329,326,0.0893374399342225,0.008816463104108982,0.05299398844323244,0.31498931789538953,0.14737507392339674,0.47048739140683954,0.01399809531746927,0.007525545586670967,0.0407684621375345,0.049075982612083985,0.03958909267940873,0.6609583009373058,0.03773293708450477,0.033557539287910276,0.04443979720857029,0.04789862446842208,-0.02511848037427986,0.21591297768507942,0.0894749256970326,0.01826808021740646,0.04212822736141702,0.21616131662836385,0.1199137076557059,0.1163910310150999,1.1515151515151516,0.005937675225321103,1.8181818181818181,0.0029800910412164216,1.7575757575757576,0.029163599893970882,1.8181818181818181,0.013722625671951915,0.9696969696969697,0.14495083149915433,1.696969696969697,0.03534666843698449,1.8181818181818181,-0.029663934919734403,1.393939393939394,0.11642885917085742
2026-05-21,2026-05,322,316,0.12603532398652054,0.04212473358432692,0.062076173614013436,0.14460506502051193,0.12332897755220527,0.4601345945848152,0.08616618927611547,0.059499974168632785,0.03757310316384295,0.050155966404157676,0.05040703108311001,0.5810100308153778,0.09245638416619027,0.030016139622238175,0.05005293092091359,0.01020447957621424,0.008410017179900142,0.20575308316620067,0.08837969628279893,0.018105129210827686,0.049080164663098946,0.09732094895316068,0.05303610956483448,0.1400717400247231,1.303030303030303,0.03886715782675116,1.9090909090909092,0.05472724689590551,1.7272727272727273,0.025697957804056357,1.6363636363636365,0.014014220119918595,1.0,0.12082897755220527,1.9393939393939394,0.04555854623462516,1.8484848484848486,0.0037888050586880207,1.4848484848484849,0.04932398835271327
2026-05-22,2026-05,262,261,0.19538464951664383,0.0965721478163784,0.05885458195891232,0.08578836869551756,0.0549778463278191,0.3966486995609907,-0.026642560618377064,-0.01474617023221729,0.0404867278264806,0.009938246289573934,-0.024587234137301486,0.5457190103255786,0.24437693802701038,0.10396598136158178,0.047751019653956166,-0.026105529071588782,-0.030207468717301605,0.17663464014633345,0.16094789803600507,0.07258210480863435,0.044414832468625064,0.1583549936928903,0.0509637547315609,0.14061911762333834,1.3125,0.09329089781637841,1.84375,-0.01935554523221729,1.65625,0.09982535636158178,1.71875,0.06828522980863434,1.125,0.0521653463278191,1.78125,-0.029040359137301484,1.9375,-0.0350512187173016,1.5625,0.0470575047315609
2026-05-26,2026-05,399,397,0.10829164620092946,0.014143552902824607,0.05826486731764447,-0.0017389579476329014,0.040548230260663086,0.4232586344704032,0.015811197490123025,-0.042289524763781595,0.034567417901688435,0.010557424191617372,-0.01592701256521214,0.5782033385708928,0.0015201950315579338,0.005281869710625928,0.05042372177253346,-0.025489099633505874,0.0354542619231123,0.2265371927060187,0.04968583753758637,-0.012594943845673286,0.05430070323253578,0.07162579816375109,0.03360148919543529,0.1566093720495701,1.5250000000000001,0.010331052902824607,1.875,-0.04697702476378159,1.725,0.0009693697106259273,1.8,-0.017094943845673286,1.225,0.03748573026066308,1.7000000000000002,-0.02017701256521214,1.9000000000000001,0.030704261923112302,1.7000000000000002,0.02935148919543529
2026-05-27,2026-05,284,281,0.06161821215558181,0.018292742647355968,0.0642883219521714,-0.04814716829898865,-0.02976300471849967,0.5242804289529366,-0.07198763502259152,-0.0275599486798069,0.04457711899874575,-0.15008318825608538,-0.05381142238272172,1.0148924424179964,0.0662655494057894,0.0385394346213425,0.056966775874930986,0.06573276370141998,0.027108767511228538,0.22879739990457892,0.017968551498688992,0.04056936717102811,0.060599679789412206,0.08321515479336873,0.029445343991096825,0.16374165721104614,1.4749999999999999,0.014605242647355968,1.85,-0.032184948679806896,1.8,0.034039434621342506,1.65,0.036444367171028114,1.075,-0.03245050471849967,1.75,-0.05818642238272172,1.875,0.022421267511228537,1.6,0.025445343991096825
2026-05-28,2026-05,282,279,0.07049880658104801,0.03827834279644672,0.0794998064067715,-0.0370156526373609,0.001733343120431937,0.5217410074546933,0.04758255699520129,-0.01784232349536116,0.063838036860302,-0.08347067099138537,-0.028657993103447146,0.6794223093560764,-0.03306068818307884,0.011886126731122151,0.06222430318484609,0.010991868804983759,0.03727177641732077,0.25240180062662276,-0.024366294670269354,0.03514977907762459,0.06799006211053726,0.04851078812740112,-0.019959537002699014,0.2208779202774167,1.107142857142857,0.03551048565358958,1.9285714285714284,-0.02266375206678973,1.5357142857142856,0.008046841016836438,1.4285714285714284,0.03157835050619602,0.9642857142857142,-0.0006773711652823485,1.75,-0.03303299310344715,1.8214285714285714,0.03271820498874934,1.6428571428571428,-0.024066679859841872
2026-05-29,2026-05,236,234,-0.138899058278974,-0.04986877031027465,0.07578869679376654,-0.12847667608539853,-0.03460625482780828,0.4940939649291661,0.023432355523786877,0.013843343855899382,0.040853228266251936,0.012752193636535162,0.0006859526901701767,0.8033691651147344,-0.10947883524218618,-0.06008578848661883,0.0629796875617877,0.08227437268050414,0.046283600705500264,0.20806668917446033,-0.08822688949042987,-0.03721423376049054,0.07025918879478252,-0.03185509456011175,-0.036704656605663494,0.16409635317066443,1.3928571428571428,-0.05335091316741751,1.857142857142857,0.00920048671304224,1.7142857142857142,-0.06437150277233311,1.7142857142857142,-0.041499948046204826,1.25,-0.037731254827808286,1.7857142857142856,-0.0037783330241155373,1.7857142857142856,0.04181931499121455,1.5357142857142856,-0.040543942319949205
2026-06-01,2026-06,300,299,0.03929332548139424,0.002076504659015141,0.07593603310129371,0.05436371515239058,-0.015475890568173944,0.44800601253906885,-0.06538787674355685,-0.013668224196396989,0.04485742918712495,0.00718062354649292,0.005065384829586364,0.44243806650241213,-0.1849905410039137,-0.03181138185490513,0.06592901889168472,0.13403082256469517,0.019766960988177255,0.21009314184387526,-0.22472605251169459,-0.03975625175419227,0.0650564848308248,-0.3800504450049445,-0.11962383746330484,0.1712329192707936,1.5666666666666667,-0.0018401620076515255,1.7666666666666666,-0.018084890863063655,1.8333333333333333,-0.03639471518823847,1.8333333333333333,-0.044339585087525606,1.3666666666666667,-0.01889255723484061,1.7333333333333334,0.00073205149625303,1.8,0.015266960988177255,1.7666666666666666,-0.1240405041299715
2026-06-02,2026-06,262,261,0.06563732261563865,0.01008035321678355,0.08342749864901407,0.09505703422053231,0.01906424931988915,0.5311057226589093,0.020803793238698354,-0.011443228207965055,0.04930660661506775,0.048719393167576744,0.009142842251174885,0.6075779146586473,-0.0091529035322012,0.005877657689433061,0.07097446379073558,0.1535668615348379,0.06407105605082869,0.19015898670141515,-0.05657382320942974,0.009995150844603132,0.07367106331902674,-0.2501662267870506,0.0022682305847226414,0.14712625433905765,1.2333333333333334,0.006997019883450216,1.7333333333333334,-0.01577656154129839,1.7666666666666666,0.0014609910227663938,1.6666666666666667,0.005828484177936464,1.0333333333333334,0.016480915986555815,1.8,0.004642842251174885,1.8666666666666667,0.059404389384162024,1.6666666666666667,-0.001898436081944026
2026-06-03,2026-06,251,250,-0.03188161639157655,-0.04173823660172135,0.08947815952979223,-0.002128628343767786,-0.03793845034126948,0.5149595265090465,-0.022157718542047587,0.03083230435849322,0.046056117684741736,-0.034680128865345945,0.041859044316571475,0.7820357155799866,-0.12954581673306773,0.014331160464957249,0.07433725001569051,0.15644849174729653,0.022533841857476936,0.2014128115773201,-0.05486017833428192,0.010318326925476476,0.0763353114591384,-0.361800796812749,-0.0705745434657897,0.19871290758252144,1.2692307692307692,-0.044911313524798276,1.653846153846154,0.026697688973877833,1.6923076923076923,0.010100391234188018,1.7307692307692308,0.005991403848553399,1.153846153846154,-0.04082306572588487,1.7692307692307694,0.03743596739349455,1.8846153846153846,0.017822303395938474,1.653846153846154,-0.07470915885040509
2026-06-04,2026-06,254,253,-0.0519769348598549,-0.031922920980235595,0.08893636418281117,0.035948058224877205,-0.05893305140190957,0.47634944677352903,-0.2200339740126779,-0.09694553113055698,0.04268001490226116,-0.1746078945126046,-0.04847810465438931,0.47784144356846814,-0.20207972143449518,-0.05820018103959156,0.06463852698919582,-0.01323662140465411,-0.009465389806538587,0.2073764181137085,-0.048658524752529624,-0.00265258067236461,0.06596746689318994,-0.2612587806900794,-0.07160121448614651,0.16032812759280207,1.04,-0.03452292098023559,1.6400000000000001,-0.10104553113055699,1.56,-0.062100181039591563,1.4000000000000001,-0.00615258067236461,0.88,-0.06113305140190957,1.84,-0.05307810465438931,1.68,-0.013665389806538586,1.32,-0.0749012144861465
2026-06-05,2026-06,250,247,0.013373400542101824,0.011472288990137611,0.10135533923358922,0.07704507272116354,0.03181744961780778,0.5153438933938741,0.015947177360775618,0.02184303639070292,0.04701772376962318,0.08391814638743329,0.07483706920464524,0.6887467584013939,-0.039686274600159055,0.020892473868724684,0.06540877920632963,0.007006960111361782,0.01770421306045125,0.18858171328902246,-0.09098028915284363,0.014255614015447393,0.0809834503091999,-0.17124869197907167,-0.036467374651119315,0.16278490498661996,1.08,0.00877228899013761,1.72,0.01754303639070292,1.52,0.017092473868724683,1.36,0.010855614015447393,0.84,0.02971744961780778,1.76,0.07043706920464524,1.8,0.013204213060451251,1.52,-0.04026737465111931
2026-06-08,2026-06,284,282,-0.020691419202212416,0.0037443079765312123,0.0918274653067903,0.09410950843178098,0.011551833624484047,0.4233109150081873,-0.056071902100694224,-0.04528944211214947,0.044228709534080486,-0.07546271783330061,-0.06626525194746394,0.5417324395052023,-0.012144843863514219,-0.007404997027002348,0.07347714825904955,-0.23504418074954045,-0.05181802802867423,0.1577402498972203,-0.04404414787608027,0.0016049062457944643,0.07351546840477104,-0.26211986134473103,-0.056793199776074645,0.13787331152707338,1.25,0.0006193079765312122,1.75,-0.04966444211214947,1.6785714285714286,-0.01160142559843092,1.6785714285714286,-0.002591522325634107,1.0357142857142858,0.008962547910198333,1.6785714285714286,-0.07046168051889251,1.9285714285714286,-0.056639456600102805,1.4642857142857142,-0.06045391406178893
2026-06-09,2026-06,273,272,-0.033567446524626336,0.02422468976743693,0.08009111828289937,0.0800247948702221,0.03392217519309452,0.4261975186290564,-0.08776134447996016,-0.02284919524975972,0.045974895721137936,0.0008310699865735419,-0.004733925999445308,0.6680315218313977,-0.028529435356399718,-0.0007490928553519098,0.05720764071105988,-0.042589495090568516,-0.003793211050920269,0.19320640726773827,0.03106554244381638,0.021536062501099535,0.0666589117764675,-0.12428930022317743,-0.016039930421790367,0.14270959739331845,1.107142857142857,0.02145683262457979,1.7857142857142856,-0.027313480964045435,1.4642857142857142,-0.004409807141066195,1.5357142857142856,0.01769677678681382,1.1428571428571428,0.03106503233595166,1.6785714285714284,-0.008930354570873877,1.857142857142857,-0.008436068193777412,1.1785714285714286,-0.01898635899321894
2026-06-10,2026-06,288,286,0.05506040292731153,0.02672422818292059,0.09421916290502907,0.06050590968094555,0.03325267005943421,0.416603762527992,0.10018637930083522,-0.008484935680641532,0.048651175301080915,-0.01027396615684832,-0.024133775813744384,0.587907844383655,-0.07334329918127808,-0.03994924073423301,0.07963807652223649,0.03835264378348183,0.021243228953237027,0.16132751409092852,-0.04157322900465782,-0.041479651291423864,0.0769686360567532,-0.02778213150396457,-0.008979430888800127,0.13386936370154906,1.2413793103448276,0.023620779907058524,1.6551724137931034,-0.01262286671512429,1.5172413793103448,-0.04374234418250887,1.482758620689655,-0.045186547843148,0.9310344827586207,0.03092508385253766,1.6896551724137931,-0.028357913744778866,2.0,0.016243228953237026,1.482758620689655,-0.012686327440524264
2026-06-11,2026-06,315,312,0.07581038381651137,0.018539971006940686,0.10463796084309523,0.04292778628826359,-0.03167884665051698,0.38707236158511327,0.2410306058331411,0.055089751579470575,0.03933713771459138,0.12005139643480499,0.06825562041884536,0.5964596427736745,-0.01668471626048191,0.015867088099838556,0.07756085847812458,0.07192921835347055,-0.028366127791673933,0.2543488162900171,-0.016576250753465943,-0.0008027166153152,0.06872490315576138,0.10267561995369784,0.016694701876193593,0.14034351358009922,1.1935483870967742,0.015556100039198752,1.8064516129032258,0.05057362254721251,1.6451612903225805,0.011754184874032104,1.6774193548387097,-0.004996265002411974,0.9032258064516129,-0.03393691116664601,1.6774193548387097,0.06406207203174859,1.8064516129032258,-0.032882256823932,1.4516129032258065,0.013065669618129078
2026-06-12,2026-06,310,307,0.14446291777733244,0.052039398861722416,0.07407843125063311,-0.02135720924892978,0.03547143026891259,0.36492475278435216,0.031681258698751304,-0.009221887130492906,0.03695074424132117,-0.059284361640209636,-0.02263022305666153,0.6400301634303984,0.13848220418683266,0.0337526314749267,0.05359706524790325,0.07343978941071859,-0.005297200873846629,0.21385507057270695,0.006919275787167065,0.009391890323479436,0.05410454680741105,0.09049437928426633,0.028972572878329862,0.11567095751243253,1.0,0.049539398861722414,1.8387096774193548,-0.013818661324041293,1.6129032258064515,0.02972037341041057,1.5483870967741935,0.005520922581543952,0.9032258064516129,0.03321336575278356,1.7419354838709677,-0.02698506176633895,1.7741935483870968,-0.009732684744814372,1.4838709677419355,0.025262895458975025
2026-06-15,2026-06,339,332,0.01942066662765017,0.02831754704030902,0.06622982346452502,-0.02014822161780877,-0.0025528490500994214,0.3265235728838227,0.14430539544528456,0.02666154377997776,0.044970669986336184,0.003454467915672512,-0.013225971267330869,0.5912661552429199,0.02214545555353628,0.021344778829690533,0.051417588939489126,-0.04552393508065634,-0.023112303362795565,0.1575312897788756,0.014813384209822361,-0.007167776487580888,0.04471867123124291,-0.03591602007090735,-0.0012502516012211848,0.10374846309423447,1.0909090909090908,0.02559027431303629,1.696969696969697,0.022419119537553517,1.4242424242424243,0.01778417276908447,1.5757575757575757,-0.011107170426974827,0.9090909090909091,-0.004825576322826694,1.696969696969697,-0.01746839550975511,1.8484848484848484,-0.02773351548400769,1.2424242424242424,-0.004356312207281791
2026-06-16,2026-06,307,301,0.039884658026560056,0.051457091822313485,0.05594559149351794,-0.10032730889216807,0.04259637465441834,0.36222550794482233,-0.053301815358322936,-0.04165582869657851,0.043512596700147184,-0.11854695776560267,-0.05240196451790477,0.624735689163208,-0.044196686160967315,0.0061634093150721055,0.04138582360209238,-0.09542887335567926,0.009598876058228772,0.1403162860001127,0.09103351142055875,0.06718143574404264,0.0374142200423959,0.006680137260708251,0.061230237193785966,0.10952883375187715,0.9090909090909091,0.04918436454958621,1.7878787878787878,-0.04612552566627548,1.7878787878787878,0.0016937123453751356,1.5454545454545454,0.06331779938040628,0.9393939393939393,0.04024788980593349,1.6363636363636365,-0.05649287360881386,1.8181818181818181,0.0050534215127742265,1.4545454545454546,0.05759387355742233
2026-06-17,2026-06,266,261,0.11365736792691927,0.060935658696799115,0.060026373167290786,0.027248426344640485,0.007825135975428601,0.42303180264738893,0.06470999404896437,0.058007977726551634,0.046763919924338815,-0.08029897643607546,0.008730949686934114,0.616951474490074,0.09225156951203464,0.05790395197482415,0.04607426900450709,-0.00964707720116488,0.026671214312718964,0.17118270809833822,0.05364598691981172,0.003334542349864099,0.042223834474928376,0.0016759090858373409,0.009404594467934731,0.1141924146706095,1.0,0.05843565869679911,1.8666666666666667,0.05334131105988497,1.5666666666666667,0.05398728530815748,1.5666666666666667,-0.0005821243168025675,0.9,0.005575135975428601,1.8666666666666667,0.004064283020267448,1.8333333333333335,0.022087880979385632,1.3333333333333335,0.006071261134601397
2026-06-18,2026-06,262,261,0.04786532372948646,0.01740552859653182,0.06330658843656564,-0.01314267765459571,-0.007091429951076176,0.4269464041751165,-0.09076461257246266,-0.04196077490946519,0.046340986538866064,-0.016449123847763182,-0.006592124164458556,0.6669751675083087,0.031380425100336624,-0.014402334936791942,0.044903091227407196,-0.012020709208832258,0.0318476054906484,0.16107585868583274,-0.08553282908697477,-0.004974839528087906,0.04581767669992684,-0.022085730332899324,-0.03711531871153847,0.13083988377967706,1.0384615384615385,0.014809374750377973,1.6153846153846154,-0.04599923644792673,1.576923076923077,-0.018344642629099635,1.653846153846154,-0.009109454912703291,0.9230769230769231,-0.009399122258768483,1.8076923076923077,-0.011111354933689324,1.8846153846153848,0.027136067029109937,1.1923076923076923,-0.0400960879423077
2026-06-22,2026-06,407,404,-0.04125286478227655,0.004366723912014165,0.06098497684674754,-0.026278748388281856,-0.045663249647416033,0.393945399299264,-0.19940428196255527,-0.051169922130994895,0.11881453709667641,-0.10734141353183797,-0.006758185569561648,0.7447296284139155,0.006551977178212477,0.04621444982581126,0.04917093373897565,0.026794391398853874,-0.006017351737826321,0.1653383657336235,-0.0576779776183861,-0.0031566758877538295,0.04258289798602588,-0.11135966714060021,-0.020238086357620578,0.13077606526203453,1.35,0.000991723912014165,1.75,-0.05554492213099489,1.7000000000000002,0.041964449825811254,1.8,-0.007656675887753829,1.0,-0.048163249647416036,1.8,-0.011258185569561648,1.9000000000000001,-0.01076735173782632,1.5250000000000001,-0.024050586357620578
2026-06-23,2026-06,286,281,0.0899644758277001,0.04284720076974953,0.06252409699346315,0.08937481004233251,0.0218099198909504,0.37604773031281574,0.030196050681477463,-0.020817963686359978,0.10875206045605891,-0.028028710471344916,-0.009907440751312264,1.01720196900091,0.11023563480254893,0.016332585932712054,0.046224363190765574,0.11352780723769171,0.03363617999011724,0.23845845401020987,0.053701112751176935,0.012577047094040169,0.042875412761300545,0.0020716125979283874,-0.00963513647265912,0.10982118693313428,1.0999999999999999,0.04009720076974953,1.85,-0.025442963686359978,1.675,0.012145085932712053,1.65,0.008452047094040169,1.0,0.019309919890950402,1.8,-0.014407440751312263,1.875,0.02894867999011724,1.4749999999999999,-0.013322636472659119
2026-06-24,2026-06,286,282,0.12083604724364916,0.04390677935691045,0.055814137727076066,0.053118646836943575,0.010041786503628726,0.39875798805483753,0.13019561779284547,0.020407769382303546,0.1469654780601891,0.13526435364326167,0.009073176907277544,1.5255845127893346,0.16573467171271378,0.1022121093250544,0.036398674425675195,-0.09179525119235797,0.006928142011373087,0.23006452806293964,0.2046072290491591,0.1475186024617564,0.033931421328427365,0.05741037619766368,0.00839526971820367,0.1240194865635463,1.0,0.04140677935691045,1.7857142857142856,0.01594348366801783,1.7142857142857142,0.09792639503934011,1.6785714285714284,0.14332217389032784,0.7857142857142857,0.008077500789343012,1.75,0.004698176907277543,1.8928571428571428,0.0021959991542302307,1.5,0.004645269718203671
2026-06-25,2026-06,271,264,-0.11770976533294744,-0.06514842544366697,0.06107034913369826,-0.11627294214118612,-0.04020935992438342,0.39356609591497826,-0.03468518300689754,-0.016408472891104687,0.12985524237576915,-0.1636927473793452,-0.03348104335393996,0.9464435737866622,0.04545499081334477,0.007584647729011091,0.05133132589971294,-0.07301208306200709,-0.01133168997301436,0.1728127719118045,-0.05451245688927477,-0.013603993198476579,0.04148681904282649,-0.07395569543930733,-0.03820764252270419,0.13787972855453307,1.1071428571428572,-0.06791628258652412,1.8214285714285714,-0.020962044319676115,1.6071428571428572,0.0035667905861539477,1.8214285714285714,-0.01815756462704801,1.0,-0.04270935992438342,1.75,-0.03785604335393997,1.8571428571428572,-0.015974547115871505,1.4642857142857144,-0.04186835680841848
2026-06-26,2026-06,262,259,-0.061526764264226694,-0.0418063186547973,0.06868076128184467,-0.012630566845854639,0.03811443333971804,0.4000354596915153,-0.044739717658236554,-0.01067288337920113,0.10849277420226358,-0.09545129262930935,-0.08445974074482826,0.6273136775080974,-0.021473538821850723,0.009073117638576007,0.051639882689111946,0.022625192207541774,-0.02523996721526786,0.17377157817379787,-0.090850070277316,-0.036051189134497036,0.060638207953760626,0.11150122555765626,0.06950801522782535,0.19115129406922138,1.0,-0.044306318654797304,1.8076923076923077,-0.015192114148431898,1.653846153846154,0.004938502253960622,1.7307692307692308,-0.04037811221142011,0.8846153846153847,0.03590289487817958,1.8461538461538463,-0.08907512536021288,1.9230769230769231,-0.03004765952296017,1.4230769230769231,0.06595032292013304
2026-06-29,2026-06,282,280,-0.09040340402032894,-0.08266952823254667,0.0685082927122821,-0.0047653816733336345,-0.06319818719381394,0.42964161307151827,0.08490808490809858,0.007183827542757652,0.05040549867281455,0.021700034486756444,-0.046020474071419286,0.6500765721180609,-0.13120116995457756,-0.07697963659539063,0.056181655239431236,0.004178370983799415,-0.037834205306790034,0.2173120008249368,-0.04650441642661651,-0.06473498030699398,0.050375979972905764,-0.05819780226836555,-0.04429650443071401,0.17857980289097342,1.0714285714285714,-0.0853480996611181,1.6785714285714286,0.00298739897132908,1.7142857142857144,-0.08126535088110491,1.75,-0.06910998030699399,1.0357142857142858,-0.06578747290809965,1.8928571428571428,-0.050752616928562144,1.9285714285714286,-0.04265563387821861,1.5,-0.04804650443071401
2026-06-30,2026-06,293,289,-0.1440116558101103,-0.049646690922866,0.06126444281330125,-0.22021952920679236,-0.05819143473542794,0.40533892669040583,-0.2506271717640576,-0.04111415339885822,0.1293591628282746,-0.162136985920252,-0.011521884575376638,1.026824482556047,-0.0912115434134498,-0.009784323992248566,0.051206356569810915,-0.12260211953311878,-0.014886210749591199,0.19513032444078346,-0.0821903496075133,0.017174659462364503,0.049120780991798695,-0.29189283829853413,-0.1161064994922674,0.1466737763378127,1.2413793103448276,-0.05275013919872807,1.8620689655172413,-0.04576932581265132,1.793103448275862,-0.014267082612938221,1.793103448275862,0.012691900841674847,0.793103448275862,-0.060174193356117595,1.6896551724137931,-0.01574602250641112,1.793103448275862,-0.019368969370280854,1.379310344827586,-0.11955477535433635
2026-07-01,2026-07,312,309,-0.13778914782987386,-0.0500700209822039,0.06751718039741818,-0.06472789715036205,-0.02187386058761191,0.528726706401475,-0.18065473167040724,-0.03770949426688637,0.09029881985377008,-0.1884930217919927,-0.038491554606966245,2.788173056417896,-0.1392670977291002,-0.02244705288246058,0.05857034364497078,0.09025776417884736,0.06202793518271299,0.21195316506970313,-0.18283524001962925,-0.02945365593105586,0.04087863540050768,-0.18504629545485077,-0.012083825446083593,0.26916120757138534,1.3548387096774193,-0.05345711775639745,1.8709677419354838,-0.04238691362172508,1.7096774193548387,-0.026721246430847674,1.7741935483870968,-0.0338891398020236,1.4516129032258065,-0.025502892845676424,1.8709677419354838,-0.043168973961804954,1.935483870967742,0.05718922550529364,1.3225806451612903,-0.01539027705898682
2026-07-02,2026-07,289,287,-0.057836177067175754,-0.015974422702714847,0.0574862202908947,-0.039776478542735555,-0.021385729992798735,0.4537827207160921,-0.050479482408788856,0.007920365860757962,0.0789572756156316,0.15469777529656764,0.05827282758067359,3.2589287017953805,-0.18964129917902667,-0.04993815900090482,0.04042579125008409,-0.022431690729029948,0.009166441117264161,0.1459106919837409,-0.08720743437629755,-0.02821804183050014,0.04180268696018533,-0.22237551207095413,-0.04387684927693038,0.17206562008580256,1.1612903225806452,-0.01887764850916646,1.8064516129032258,0.0034042368284998977,1.8064516129032258,-0.054454288033162886,1.6774193548387097,-0.03241159021759692,0.9354838709677419,-0.02372443967021809,1.8709677419354838,0.05359540822583488,1.9032258064516128,0.004408376601135129,1.2580645161290323,-0.047022010567252956
2026-07-06,2026-07,352,349,-0.1461115118629857,-0.0362160073194813,0.06148956394435978,-0.009366106037494139,0.013874789520547146,0.5230672804372651,-0.028402290353409243,-0.028070323396949093,0.10279963402915576,-0.03368515763154397,-0.006660655375224422,3.0593470471245903,-0.07724267020059183,-0.012889145611750315,0.04799769566027367,0.004005516045176102,0.02761784981724963,0.2391616565840585,-0.008728051929185073,0.014019954554920874,0.04820112930760194,-0.24645507152589305,-0.04260599213086683,0.24468343279191426,1.2571428571428571,-0.03935886446233844,1.8285714285714285,-0.032641751968377666,1.8,-0.017389145611750315,1.6857142857142857,0.009805668840635159,0.8857142857142857,0.011660503806261432,1.8,-0.011160655375224423,1.8,0.02311784981724963,1.3142857142857143,-0.045891706416581114
2026-07-07,2026-07,287,287,-0.09324188175161825,-0.026805004725041014,0.05726860609725243,0.0883618414106219,0.036609434191601835,0.5498346671911662,0.0682963751441073,0.034527976035167725,0.07692095497626042,0.06819230853835688,0.040109442537741194,2.6068439473365914,-0.15569091313574995,-0.04184465534450109,0.03576388253917824,-0.02372170512414415,0.024187329172797107,0.19628089236031318,-0.14112615027249173,-0.05387720879652777,0.03433764266254565,-0.31019387116948094,-0.05070617812526998,0.16876818798482418,1.2571428571428571,-0.029947861867898155,1.9428571428571428,0.029670833178024866,1.7142857142857142,-0.04613036963021537,1.5999999999999999,-0.057877208796527774,0.7714285714285715,0.03468086276303041,1.9142857142857141,0.03532372825202691,1.8285714285714285,0.019615900601368537,1.1714285714285715,-0.053634749553841406
2026-07-08,2026-07,270,270,-0.05314110390174534,-0.008492029157372544,0.0640321751148287,0.11854727469207778,0.03492254049957111,0.5012788746368002,-0.006613385236608878,0.008704096565743965,0.0829000092722006,-0.03274439637847482,-0.009160679165610598,3.1682127526512853,-0.1162890513663501,-0.047759170217451255,0.0468644343043533,0.13494865803676623,0.03456370541351057,0.13631236932619856,-0.055193258252285125,-0.006850441504434105,0.04018057846477844,-0.002169516118953011,-0.0031096445593957987,0.19467239640653133,1.0689655172413792,-0.011164442950475991,1.7241379310344827,0.0043937517381577584,1.896551724137931,-0.052500549527796085,1.793103448275862,-0.01133320012512376,0.6551724137931034,0.03328460946508835,1.793103448275862,-0.013643437786300254,1.9310344827586206,0.029736119206614023,1.1724137931034482,-0.006040679042154419
2026-07-09,2026-07,285,285,-0.16847444623575092,-0.06381850762630148,0.06023487766008505,-0.04441673967248467,-0.025694870876258817,0.4544371864093202,-0.11473172403594735,0.0024545824246373638,0.09672030744180966,0.03037688774841295,0.004375389374027677,2.9278956758124486,-0.026016432536055296,-0.030410034508483237,0.046610963211459425,-0.13435748832338898,-0.03628775652763675,0.17050380226490752,-0.1722381992667724,-0.059079237721147225,0.043756126795691117,-0.37446334243962115,-0.12422722123941193,0.14931765411581313,1.25,-0.06694350762630148,1.7142857142857142,-0.0018311318610769213,1.75,-0.034785034508483234,1.5357142857142856,-0.06291852343543294,0.8571428571428571,-0.027837728019115958,1.7142857142857142,8.967508831339219e-05,1.8928571428571428,-0.04101989938477961,1.0714285714285714,-0.12690579266798335
2026-07-10,2026-07,252,251,-0.1224771533103423,-0.04772975156775224,0.061606690595805674,-0.07166815516027364,0.0005976445311686174,0.5249935084581375,-0.04367960699405582,0.02326741374478336,0.09710415277070275,-0.00235325041353201,0.012221625751804834,2.3434410572052,-0.025191910693383064,0.02271612832663493,0.035721428366727974,0.04702964914293513,-0.0005595482291130965,0.12056685082614421,-0.15898236528757922,-0.056430989066262316,0.033339580819701425,-0.14906082427301898,-0.05257695902601589,0.11490159779787064,1.2857142857142858,-0.05094403728203796,1.8214285714285714,0.018713842316211933,1.75,0.01834112832663493,1.7857142857142856,-0.06089527478054803,0.8571428571428572,-0.0015452126116885256,1.7857142857142856,0.0077573400375191195,1.8214285714285714,-0.005113119657684525,1.2857142857142858,-0.0557912447403016
2026-07-13,2026-07,264,262,-0.0995206386267438,-0.013203201522589681,0.052423644183671736,-0.007723261744353645,-0.0022282872981499117,0.5073824083575835,-0.1865016855871556,-0.04671935682996973,0.07195149384897784,-0.129742883540159,-0.05744649109572676,1.495444720181135,-0.11048795913753408,0.009634703920059433,0.03272884175329189,-0.008507849134866855,-0.024580302481838213,0.20180224641584432,-0.1254873711899545,-0.0610714907253522,0.029451050369394847,-0.0014296056192892408,-0.005467029682453189,0.1258857691517243,1.0,-0.01570320152258968,1.7692307692307694,-0.051142433753046654,1.6153846153846154,0.005596242381597894,1.6923076923076923,-0.06530225995612143,0.6538461538461539,-0.003862902682765296,1.7692307692307694,-0.06186956801880369,1.8846153846153846,-0.029291840943376675,1.0384615384615385,-0.008063183528607036
2026-07-14,2026-07,252,249,-0.06560469959049554,-0.07846264066280047,0.05428833372011047,-0.09238783619521537,-0.027672099693947183,0.5686955335736275,-0.10643153544395005,-0.053459596352086934,0.0831069468652002,-0.17534908156051937,-0.018467913655601922,3.044369202852249,0.027485770729574328,0.003944602050884148,0.0349126667610471,-0.10799489787884037,0.0011091231355819216,0.15722091555595397,-0.04142211504068424,-0.060275034603826536,0.03278083251401137,-0.11297628983407608,-0.0015228640707863547,0.13560034319758416,1.0,-0.08096264066280047,1.6923076923076923,-0.057690365582856167,1.8076923076923077,-0.0005746287183466215,1.8076923076923077,-0.06479426537305731,0.7692307692307693,-0.029595176617024106,1.7692307692307694,-0.022890990578678848,1.9615384615384617,-0.003794723018264232,1.1923076923076923,-0.004503633301555586
2026-07-15,2026-07,268,265,-0.07515054110010493,-0.014974520297865326,0.05581227371136746,0.034262088330329475,-0.0036356788817530905,0.49758071774760115,-0.16261200232401357,-0.05445667628201677,0.07986711954028208,-0.11629589640900614,-0.013908138522758054,2.6316238653201327,-0.05668226315723099,-0.009052263134066037,0.03654664505573272,0.01330135588296353,-0.014943035543480736,0.14233048539608717,-0.11313508893442649,-0.00015060269942505618,0.02965563759766167,-0.006313406028626343,-0.005788380731627291,0.17529363084871033,1.0,-0.017474520297865326,1.6153846153846154,-0.058495137820478306,1.8846153846153846,-0.013763801595604499,1.7692307692307694,-0.004573679622501979,0.9230769230769231,-0.005943371189445398,1.7307692307692308,-0.01823506159968113,1.9230769230769231,-0.019750727851173044,1.0769230769230769,-0.008480688423934983
2026-07-16,2026-07,289,288,0.04412411009028358,0.01692178344541731,0.06238765025873286,0.04679781648967903,-0.0025481156524012026,0.5148076422769448,0.08606792474718868,0.03796949009846255,0.10371866776126594,0.07315811741860548,0.022903913050383504,2.8103300548832992,-0.047059344081531534,-0.0038741368499651974,0.042108746558797074,-0.04203555661615559,-0.047100144761058095,0.21706977666452013,-0.06729904943721911,-0.020397262222278473,0.04538285888550599,-0.16339140118522053,-0.026961185640633347,0.17878594724782582,0.9310344827586208,0.014594197238520758,1.6896551724137931,0.03374535216742807,1.9310344827586208,-0.00870172305686175,1.6896551724137931,-0.024621400153312954,0.9655172413793104,-0.004961908755849479,1.793103448275862,0.01842115442969385,1.8620689655172413,-0.0517553171748512,0.9655172413793104,-0.029374978744081622
2026-07-17,2026-07,304,303,0.09058987511738395,0.014032026282653681,0.06821966527631075,0.1760911164455531,0.022491534452537567,0.4822248632709185,0.06209331864547428,0.018273253065325505,0.1041617988225792,0.09152267373777229,0.017402669128045715,2.4525487224260965,-0.028683402032671942,0.004484619059912452,0.05261648998078364,0.045379253197105736,-0.03345959273569165,0.15602619672815005,0.13123148703127208,-0.022013310000744295,0.04858476403695759,0.2532641659334182,0.03922608453405068,0.2087564485768477,1.0333333333333332,0.011448692949320348,1.6666666666666667,0.014106586398658838,1.8666666666666667,-0.000182047606754214,1.6666666666666667,-0.02617997666741096,0.7333333333333333,0.020658201119204234,1.6666666666666667,0.013236002461379048,1.8,-0.03795959273569165,1.3,0.03597608453405068
2026-07-20,2026-07,331,331,0.07700652822879564,0.011811430500849873,0.058328199752900656,-0.04830693275712021,-0.020964391551836933,0.4458961414568352,-0.00921170611004999,0.020721733405754388,0.08507198509433497,-0.027556689851423052,-0.034488708915256495,2.2072526184898433,0.06041968168070635,-0.026360121136067418,0.04384627910827721,0.005711392673136931,0.019273765622234675,0.18302624898426462,-0.017317498502662117,-0.0364663582869392,0.036692822330019775,-0.12373305360965973,-0.007814297655375637,0.16880690086294303,1.0606060606060606,0.009159915349334722,1.7272727272727273,0.01640355158757257,1.696969696969697,-0.03060254537849166,1.5757575757575757,-0.040405752226333136,0.7272727272727273,-0.022782573370018752,1.7878787878787878,-0.038958405884953466,1.9696969696969697,0.01434952319799225,1.0909090909090908,-0.010541570382648364
2026-07-21,2026-07,337,336,-0.14735759890931388,-0.042636623139491854,0.05445636564533985,-0.17719452389897708,-0.054680891892949446,0.45347290486097336,-0.1626177711607933,-0.03069931023982602,0.09797170446737039,-0.010484183129213747,-0.002243074546787042,2.40718884634621,-0.10808945660855954,-0.031221687281886325,0.038564201336132656,-0.055448137017125275,-0.029867882885164374,0.19824630709584146,-0.09400562227419554,-0.030840293199456373,0.033423328115730594,-0.22861850910733084,-0.006474529212527388,0.13927713858292384,1.0882352941176472,-0.045357211374785975,1.7941176470588236,-0.03518460435747308,1.7058823529411764,-0.035486393164239266,1.5882352941176472,-0.03481088143475049,0.9411764705882353,-0.05703383306942003,1.7058823529411764,-0.006507780429139983,1.8823529411764706,-0.03457376523810555,1.1176470588235294,-0.009268646859586211
2026-07-22,2026-07,399,397,-0.2216881606609264,-0.08616353169644336,0.053714463455817624,-0.03591963746928431,-0.058712434543595385,0.41958111505955453,-0.2961697792708203,-0.07107212483737547,0.0770299122738103,-0.08470112242579132,-0.04203262167103772,2.046537274122238,-0.22758953700440593,-0.05553869954652387,0.04024502451768096,0.03395813815119483,-0.0007533381365382955,0.22602850254625081,-0.2413171232722413,-0.08738001597829523,0.032987464787612775,-0.07286007447293215,-0.002456709356237735,0.15960253719240428,0.975,-0.08860103169644336,1.65,-0.07519712483737548,1.7750000000000001,-0.05997619954652387,1.65,-0.09150501597829523,1.0,-0.06121243454359539,1.9000000000000001,-0.046782621671037715,1.7,-0.005003338136538296,1.2,-0.005456709356237735
2026-07-23,2026-07,398,396,-0.3182744153046627,-0.13677936663602547,0.040606743460006325,-0.056414915642535174,-0.06066177600942048,0.40541542069986464,-0.1962063285390869,-0.08230863679843903,0.09225540227786844,-0.05218971566045344,-0.04741981403137829,2.441794250905514,-0.18117402077299632,-0.07363556662154708,0.0292089033951171,0.21793358270365423,0.08038703315220555,0.17285319920629263,-0.18990362790102744,-0.08673232408071378,0.03144473804838546,0.08329159686862556,0.05652972377370507,0.12090288205072285,1.05,-0.13940436663602546,1.875,-0.08699613679843902,1.75,-0.07801056662154708,1.5750000000000002,-0.09066982408071378,0.8500000000000001,-0.06278677600942048,1.8250000000000002,-0.05198231403137829,1.9000000000000001,0.07563703315220555,1.2000000000000002,0.05352972377370507
2026-07-24,2026-07,310,308,-0.14966704191816801,-0.03523935110016462,0.050048782282090525,-0.035681755174024866,-0.02281602458129796,0.425507316906606,-0.14153422828606793,-0.06331649310264667,0.09618902094563946,-0.06430643574767732,-0.01988534672029071,2.6417202536136872,-0.15167726746281557,-0.0403885323683193,0.03996969847094322,0.11438628454590581,0.003376650540273071,0.2789136446531742,-0.10631316823742618,-0.038611892849149135,0.04194073282377701,0.06096516001796163,-0.006650921277473652,0.16367402804955358,1.25,-0.038364351100164625,1.85,-0.06794149310264667,1.7,-0.0446385323683193,1.65,-0.04273689284914914,1.175,-0.025753524581297958,1.95,-0.02476034672029071,1.825,-0.0011858494597269285,1.175,-0.009588421277473651
2026-07-27,2026-07,312,310,-0.02259693913433782,-0.011473887738369538,0.051335868368085236,-0.0807224888360666,-0.019671160752476748,0.46086446147772575,-0.15563348666703292,-0.0574552145596649,0.08230378402780598,-0.08118169254041845,-0.027242837036327745,2.085206638420782,-0.13280401277402623,-0.05222499230239004,0.03852043949101097,-0.008372456160175873,-0.03190470614551537,0.17032540676694724,-0.014598459392842846,0.0067432161538437604,0.03284077504742883,0.07044637558387905,0.01623130032802052,0.12639031261806527,1.161290322580645,-0.01437711354482115,1.8709677419354838,-0.06213263391450361,1.7419354838709677,-0.05657983101206746,1.4516129032258065,0.0031141838957792446,1.161290322580645,-0.02257438655892836,1.8387096774193548,-0.031839611229876136,1.967741935483871,-0.03682406098422505,1.129032258064516,0.01340871968285923
2026-07-28,2026-07,251,248,0.10469059091075714,-0.0198594445891184,0.067998608738616,0.10679683301021498,0.03914223631414692,0.45557621508836743,0.10561850330563845,0.012111277655616308,0.0933446554304031,0.08031002515969514,0.04140687391408832,1.9008109307289125,0.1551122112192465,-0.015401897685147187,0.05065379176063887,-0.08099299582489158,-0.023320953555393438,0.13335961498320104,0.06512124172287002,-0.030819140539899988,0.04351376912893094,0.14216470160590308,-0.0038256614075052875,0.25578538827598096,1.3548387096774193,-0.02324654136331195,1.870967741935484,0.007433858300777598,1.7096774193548387,-0.019676091233534282,1.7419354838709677,-0.03517397924957741,0.967741935483871,0.036722881475437244,1.7741935483870968,0.03697139004312058,1.967741935483871,-0.028240308394103117,1.3225806451612903,-0.007132113020408513
2026-07-29,2026-07,259,258,0.07297918925825903,0.02691078634317602,0.06000338012345007,0.17774777077102658,0.056659330762469706,0.45182974407306087,0.19580204401659557,0.06942601024918278,0.09376905511209668,0.08941394657163598,0.0638247089597592,2.307612329721451,0.08236854283365912,0.022168458840882796,0.03846602608816335,0.03187849234360862,0.05012974770612446,0.14230025760256326,0.13641539166583158,0.08181215758152693,0.041256227532932774,0.23244900919319525,0.12480570044320295,0.2558875654895718,1.1153846153846154,0.024122324804714483,1.8461538461538463,0.06481062563379816,1.8846153846153848,0.017456920379344334,1.6153846153846154,0.0777736960430654,0.9615384615384616,0.054255484608623554,1.7307692307692308,0.05949778588283612,1.8846153846153846,0.045418209244586,1.3461538461538463,0.12144031582781833
2026-07-30,2026-07,293,291,0.04434427003771727,-0.012900693349891388,0.081267333566469,0.16745494775590353,0.04539634817438033,0.44681639905119763,-0.016093039261515583,0.01160032793764771,0.1527751648454884,-0.08698897389302977,-0.03656274119939349,3.323641048423175,-0.09552931343182135,-0.03573227846936821,0.06416450564124761,0.019572811124543323,-0.010556957801359377,0.18307780538653506,0.10875082652631861,0.027248372055629955,0.06655534883692155,0.2456693837477017,0.09530160188633705,0.3012688418786073,1.1724137931034484,-0.01583172783265001,1.9310344827586208,0.006772741730751158,1.620689655172414,-0.039784002607299244,1.7586206896551724,0.022851820331492023,1.0689655172413794,0.04272393438127688,1.8275862068965518,-0.04113170671663487,1.9310344827586208,-0.015384544008255929,1.103448275862069,0.09254298119668188
2026-07-31,2026-07,292,291,-0.014364982670659736,-0.04073135838247366,0.06476816635482531,-0.16864627882238342,-0.03800053098797495,0.6613867544922335,-0.07547823248598161,8.951268667163961e-05,0.1267899800468343,0.012755232382711404,0.0038248370029237283,3.0012548822781135,0.12117971834923649,0.005404469599987183,0.04766145545857303,-0.07671926941924576,0.00992306850129235,0.1855941528518652,0.0904024758848488,0.041295544528168186,0.04392454603710811,0.012591981715237574,-0.00865007674194576,0.26309791907411195,1.206896551724138,-0.043748599761784,1.9655172413793103,-0.004824280416776636,1.7586206896551724,0.0010079178758492513,1.793103448275862,0.03681278590747853,0.8620689655172413,-0.04015570340176805,1.9310344827586206,-0.0010027492039728237,1.9310344827586206,0.005095482294395798,1.3793103448275863,-0.012098352604014725
2026-08-03,2026-08,302,300,0.06632995323763496,-0.013047770868357421,0.06516782005754974,-0.07655486236837364,-0.05711684583977353,0.38307887042562166,-0.21885256041653664,-0.045870762123524395,0.08146729119914575,-0.12708047984060658,-0.06152915399148498,0.4148489182194074,0.062442640302941374,0.025971338532335533,0.05398102726726005,-0.07410330481025044,-0.03914876513044897,0.14393297949184974,0.046646044591607774,0.03368842623394906,0.05636841496916124,-0.3001711559244195,-0.08508130764781188,0.2930151417851448,1.3,-0.01629777086835742,1.8,-0.05037076212352439,1.7,0.021721338532335533,1.7333333333333334,0.029355092900615727,1.4333333333333333,-0.06070017917310686,1.9666666666666666,-0.06644582065815165,1.9,-0.04389876513044897,1.4,-0.08858130764781189
2026-08-04,2026-08,326,325,0.016777692158556085,0.034098775926964545,0.03868941580248744,-0.10592065670582021,-0.05325826051235001,0.3806971747544594,0.010759355018758415,0.024740523241140972,0.10142951623714155,0.03339340101314935,0.03663363506544451,0.43719269474968314,-0.04519687028918677,-0.019086744871751993,0.028728024344110877,0.04997250737105524,0.006897368310943747,0.1452444315655157,-0.02567387692374872,-0.021415598825841677,0.02393919559137346,0.044308419671733684,0.01843761856954607,0.1646346675697714,1.1875,0.031130025926964545,1.96875,0.019818648241140973,1.84375,-0.02369611987175199,1.71875,-0.02571247382584168,1.09375,-0.05599263551235001,1.71875,0.03233676006544451,1.96875,0.0019754933109437474,1.125,0.01562511856954607
2026-08-05,2026-08,338,338,-0.019825076963417423,0.014693175079405906,0.039877924894753475,-0.06300848285241875,-0.04612929262562475,0.3556106237365919,0.058230910000102346,0.028276551024435617,0.15094536005395792,0.08466176077848103,0.03855281941030839,0.49963615922366866,0.027252100105855787,0.005330431784578872,0.033735196060686576,-0.003890958683677847,0.004096797544500567,0.1348251481540501,-0.009948585920527414,0.001847498608376059,0.029041720458633326,0.05311521423735672,-0.002802861575138799,0.15614703686579184,1.3529411764705883,0.011310822138229436,1.8823529411764706,0.02357066867149444,1.8529411764705883,0.0006980788434024013,1.7941176470588236,-0.0026377955092709996,1.2352941176470589,-0.0492175279197424,1.7941176470588236,0.03406752529266133,1.8235294117647058,-0.0004620259849111973,1.2058823529411764,-0.00581756745749174
2026-08-06,2026-08,337,337,0.028485580842348705,0.013042727488405473,0.04532801449299907,-0.1189743547938024,-0.06059300030147543,0.3904007486999035,0.07201227814893069,0.04738034734444093,0.148499000487118,-0.0040713273244122015,0.009180609601897226,0.3302252210183617,0.06833205460519617,-0.012954724599732875,0.03906391066229227,-0.09399228938146993,-0.028833159506356343,0.11751012200051371,0.0948153438875153,-0.006269512120591306,0.03654696715878483,-0.2335826408241382,-0.07929460229611737,0.16391247280818574,1.4117647058823528,0.009513315723699591,1.7941176470588236,0.04289505322679387,1.7058823529411764,-0.017219430482085817,1.6470588235294117,-0.010387159179414834,1.1176470588235294,-0.06338711794853426,1.8235294117647058,0.004621786072485461,1.7941176470588236,-0.0333184536240034,1.1470588235294117,-0.0821622493549409
2026-08-07,2026-08,360,358,-0.02495390106287497,-0.0021057073500465786,0.054635790268902786,-0.12313958975632487,-0.03133932596253977,0.37621303836608094,-0.11850507648505514,-0.02110841684758685,0.21830263698588964,-0.01409258560541331,0.015828480503471708,0.5646377632187473,0.0027663557843989476,-0.018091037593484103,0.04764256494569177,-0.023891260985248196,-0.018268624817649418,0.16179923397592372,0.05823412077730298,0.04251582174465679,0.04368655140526171,0.009892823883210531,-0.010683107787451657,0.16837979558234414,1.222222222222222,-0.005161262905602134,1.7777777777777777,-0.025552861292031295,1.722222222222222,-0.02239659314903966,1.722222222222222,0.038210266189101234,0.9722222222222222,-0.033769881518095325,1.7777777777777777,0.011384036059027262,1.7777777777777777,-0.022713069262093863,1.0833333333333333,-0.01339144112078499
2026-08-10,2026-08,370,368,0.1258136597227421,0.010978329901981838,0.04950583434202584,-0.023290045746294702,-0.0016990864132587907,0.3519393914454692,-0.0005459684337638697,0.020137007227647892,0.09638454494581247,0.08968215613897876,0.016981975749969947,0.4912801106535905,0.10390624324443114,0.006861151219227401,0.04150635348386067,0.019952607788733284,-0.02061092976536677,0.191215445526649,0.05032903821553035,0.0005831042460198027,0.04816674664180996,0.022604908527251746,-0.033952774440637205,0.17123475086850087,1.3783783783783783,0.007532383956035893,1.7837837837837838,0.015677547768188433,1.6756756756756757,0.0026719620300382114,1.7027027027027026,-0.003673652510736954,1.027027027027027,-0.004266653980826358,1.8108108108108107,0.012454948722942921,1.7297297297297298,-0.024935254089691095,1.162162162162162,-0.03685817984604261
2026-08-11,2026-08,300,300,0.05902821798333551,0.0013566188210741084,0.054448059741577404,-0.059327770308558986,0.011306644424622092,0.47883207922180493,-0.028069628059013287,0.008261479729858936,0.12455217635832685,0.024401531465377997,0.0748971061397684,0.5976175444821517,0.09613916435214967,-0.0038443272709597492,0.04710857755156488,-0.06333581484238714,-0.01969035121481831,0.1248137481044978,0.08856453960599563,-0.01973734099960659,0.048159405093162806,-0.12632229246991633,-0.032471786914861425,0.2161999727288882,1.4324324324324325,-0.002224462260006973,1.864864864864865,0.0035993175676967736,1.837837837837838,-0.008438921865554345,1.864864864864865,-0.024399503161768754,1.2162162162162162,0.008266103884081551,1.7297297297297298,0.07057278181544407,1.7297297297297298,-0.024014675539142636,1.2432432432432432,-0.035579895022969536
2026-08-12,2026-08,306,306,0.051537866499486024,0.0110652485446166,0.04734435453430645,0.07876328296043146,0.010174613256447796,0.43172497338344973,0.12792898444301581,0.02006548031347356,0.08371276396597643,0.1087634171046019,0.0065054509929230436,0.5319274214486922,0.014766140820702581,0.015660092657490195,0.030629893105004052,-0.03113822236322307,0.00800999788029445,0.1323071248574002,-0.06199019806574853,0.0019191755175898967,0.028434015072953372,-0.013220923548572523,0.010916450888785357,0.13309900042030118,1.1612903225806452,0.008162022738164987,1.8064516129032258,0.015549351281215495,1.7419354838709677,0.011305253947812776,1.8064516129032258,-0.0025969535146681674,1.032258064516129,0.0075939680951574735,1.7741935483870968,0.0020699671219553016,1.9032258064516128,0.0032519333641654177,1.2258064516129032,0.007851934759753099
2026-08-13,2026-08,326,322,-0.059105092692173095,0.0047191077680501445,0.04507794966292075,0.05184702841482264,0.007952058269343643,0.3933038730174303,0.011324462862359332,0.004182466178521346,0.10658926421105938,0.14038028544031741,0.0397625500688725,0.5096255042590201,-0.07709873679294006,-0.025989790039536335,0.030460524221529183,0.04243978681306311,0.03154337255446529,0.1551510725694243,-0.0729963565119742,0.001864623217681733,0.03292698412157652,0.1072860229206264,0.00459189161729982,0.19095777720212936,1.25,0.0015941077680501443,1.8125,-0.0003487838214786534,1.9375,-0.030833540039536336,1.75,-0.0025103767823182674,1.0625,0.005295808269343642,1.9375,0.0349188000688725,1.875,0.026855872554465293,1.1875,0.0016231416172998196
2026-08-14,2026-08,358,355,-0.00023263853222479724,-0.010449227445207147,0.042982520715680816,0.12353023561084071,0.025407742112594306,0.3832645368400133,0.029808393401470828,-0.0051609633412297885,0.10010500903842189,0.0779467125268627,0.03247011509337756,0.3918795363149709,-0.036777554445633284,-0.027364698352013935,0.034233295440678234,0.04664237584671441,0.0012650324438582146,0.1584719289999662,-0.08256849121377892,-0.04241853225665059,0.03483598916522254,0.05324046800214305,0.008969229482917347,0.16280635570486385,1.3055555555555556,-0.013713116334096036,1.75,-0.009535963341229789,1.8333333333333333,-0.03194803168534727,1.722222222222222,-0.04672408781220615,1.0555555555555556,0.022768853223705417,1.8333333333333333,0.027886781760044232,1.8611111111111112,-0.0033877453339195636,1.1944444444444444,0.005983118371806236
2026-08-17,2026-08,376,375,0.03865208585228874,0.02418914432381381,0.04786406778002057,0.04780428328960844,0.009248478766289031,0.39893331241450813,-0.0549304453935258,-0.013674257842906134,0.06887239326583991,0.06429285707261147,0.029811392582532265,0.38415148815042094,-0.005882501668266606,0.018409076935137752,0.035384946842833706,-0.09597438861949252,-0.013640411761776248,0.154646392078384,-0.008210171264208704,-0.004962746606426099,0.032585597755084725,-0.0005999210564841233,0.0030039136445708034,0.1280133233062531,1.1578947368421053,0.021294407481708546,1.894736842105263,-0.018411099948169293,1.763157894736842,0.014001182198295648,1.7368421052631577,-0.009304851869583994,0.894736842105263,0.007011636661025874,1.8684210526315788,0.025140339950953317,1.8421052631578947,-0.018245674919670985,1.263157894736842,-0.0001539810922713018
2026-08-18,2026-08,321,321,0.09178796366169385,-0.000610482573511064,0.051265210188012125,0.061527326290125965,0.030762175478904204,0.4187874954659492,-0.011852355238789952,-0.045494018942638124,0.06682816930558969,0.0559350984504902,0.030346396629245827,0.33897551253903657,-0.04977763813900868,0.01888215000273181,0.04016627723051967,-0.01380862889649968,-0.017611746334578775,0.12793809063441586,-0.0570617759423596,0.024073665498526887,0.04527570979101858,0.1323579990712254,0.06347934357700015,0.16676806984469295,1.1842105263157894,-0.0035710088893005374,1.894736842105263,-0.05023086104790128,1.6578947368421053,0.014737413160626548,1.631578947368421,0.019994718130105834,0.9736842105263158,0.028327964952588415,1.9210526315789473,0.02554376505029846,1.9210526315789473,-0.022414377913526143,1.2894736842105263,0.060255659366473834
2026-08-19,2026-08,322,320,-0.0020313359129245406,-0.033806675816255446,0.04589815032927763,0.13301785905394972,0.018426231059858494,0.37024901804397814,-0.05765164850360728,-0.021006393922235942,0.06961545688682497,-0.03793779973864984,-0.023467955441373627,0.42028942704200745,-0.033767660295477744,-0.0261545535131268,0.039173445346948596,0.06524372562651656,0.022728143528483288,0.16141045549011324,-0.0001827716594300831,-0.010673802148965184,0.032806403933926795,0.009930952036281918,-0.0412978355844323,0.1713018945301883,1.15625,-0.03669730081625545,1.875,-0.025693893922235943,1.78125,-0.030607678513126797,1.59375,-0.014658177148965184,0.90625,0.016160606059858494,1.84375,-0.028077330441373626,1.9375,0.017884393528483287,1.21875,-0.0443447105844323
2026-08-20,2026-08,306,304,-0.05710597156040822,-0.0031992124939564937,0.044310053884200215,-0.008258810546165387,0.02255134400950497,0.349605618417263,-0.0875798101711186,-0.006233681170038892,0.14969089723660453,0.13107565279578792,0.034147740220333705,0.6358215992649396,-0.009922554902926982,0.005587882959508808,0.028286736681236716,-0.008998017960855512,-0.02175870633256026,0.13175420941164095,0.04068887018417073,0.03157971572183996,0.02561170467906056,0.14226015284631502,0.00705790104548489,0.13328987099230288,1.28125,-0.006402337493956493,1.9375,-0.011077431170038891,1.8125,0.0010566329595088084,1.875,0.026892215721839956,1.15625,0.01966071900950497,1.875,0.029460240220333705,1.8125,-0.02628995633256026,1.25,0.00393290104548489
2026-08-21,2026-08,326,323,0.03960410614319547,0.022838500365590843,0.04171515908271807,0.0016689541111221755,0.03143154093102102,0.35025314206723124,-0.004413043513371159,-0.035177006040431016,0.072274687500532,0.04289982662621514,0.018086567175712994,0.4538041886407882,0.010705586415610618,0.01693177445381575,0.031147265150339325,-0.04329357365210351,-0.01806426747055513,0.16893832039204426,0.1371228422615826,0.039679555327069266,0.03039562382800339,0.16134891393291798,0.04144599410832356,0.12911085382802412,0.96875,0.020416625365590843,1.84375,-0.039786381040431015,1.8125,0.012400524453815748,1.625,0.03561705532706927,0.90625,0.029165915931021018,1.78125,0.013633442175712995,1.8125,-0.022595517470555132,1.1875,0.03847724410832356
2026-08-24,2026-08,347,345,0.04090760003883051,0.031080514865551422,0.05914373088401716,-0.0009951754811738072,0.027542467902487704,0.35349037169533615,-0.011630117079238677,-0.019444602609665886,0.07108265374995792,0.013945398462616701,-0.0009709167510556956,0.42783573505413885,0.07518501038723477,0.0417037923999078,0.04839886663260102,0.019742385974143243,0.00732313094886097,0.14987050693975212,0.13670034849810356,0.03755697920172858,0.04349084787245573,0.02152336235473741,0.018580321652527598,0.1484399935888017,1.1470588235294117,0.028212867806727892,1.8823529411764706,-0.024150484962607063,1.8235294117647058,0.03714496887049604,1.7647058823529411,0.03314521449584623,0.9117647058823529,0.02526305613778182,1.8529411764705883,-0.005603269692232167,1.7941176470588236,0.002837836831213911,1.1470588235294117,0.015712674593704068
2026-08-25,2026-08,289,287,0.011143260549655969,0.03643199831255149,0.06224572500600799,0.045405778944437813,0.04261940822149443,0.35242837474777783,-0.058443680355912186,-0.029371715408491726,0.07251988173994703,-0.13590008281516305,-0.051538241772060144,0.4166095765500233,0.02969118128862341,0.03792638228908746,0.043188476488733245,0.05139601479537048,0.03156982775826887,0.14466727155678233,0.06050516800217404,0.03197637254251719,0.04571126037282977,0.013230322554985484,0.020104645824246134,0.13552573214060273,0.9117647058823529,0.03415258654784561,1.8823529411764706,-0.034077597761432904,1.6764705882352942,0.033735205818499224,1.6470588235294117,0.02785872548369366,0.9117647058823529,0.04033999645678855,1.8529411764705883,-0.05617059471323661,1.8823529411764706,0.026863945405327695,1.1470588235294117,0.017236998765422604
2026-08-26,2026-08,280,279,0.05304049792551584,0.0370636037306457,0.05690180277664721,-0.07817648159367288,0.006183622363507758,0.3757221464599882,0.06839754548155229,0.0003952109100134951,0.08179049747648277,0.05997289024236809,0.04892883466928753,0.43986426293849945,0.018056269053469395,-0.011801022301513371,0.0362615838801066,-0.011830691877086536,-0.014300057815180223,0.13539686853930885,0.12513053079173833,0.027897396839310258,0.03890775760877805,0.037063980006666795,-0.0011890869646238485,0.13867956340046866,1.1724137931034482,0.034132569247887073,1.8620689655172413,-0.004259961503779608,1.793103448275862,-0.016283780922203027,1.6896551724137931,0.023673258908275777,0.8275862068965517,0.004114656846266379,1.793103448275862,0.04444607604859788,1.896551724137931,-0.01904143712552505,1.1724137931034482,-0.004120121447382469
2026-08-27,2026-08,276,275,-0.056254913065583695,0.002372287798622693,0.05094517091660239,0.0682924045033604,0.03214404704201584,0.4482063727253782,0.2265559561544004,0.014384363780893444,0.09243068764744676,0.042172048762258225,0.01281357005648966,0.3420309231483511,-0.06464236088023005,-0.037263987962518244,0.03798908230177313,-0.11508169118591344,-0.01223660886272487,0.11852607267376568,-0.013412774798290252,0.024534225084185436,0.031069427515726132,-0.10585408313237539,-0.0013792563070915004,0.12193236519981708,1.1785714285714286,-0.0005741407728058786,1.9285714285714284,0.009562935209464874,1.6428571428571428,-0.0413711308196611,1.75,0.020159225084185436,1.1785714285714286,0.029197618470587265,1.8214285714285714,0.008259998627918232,1.8928571428571428,-0.016968751719867725,1.2142857142857142,-0.004414970592805786
2026-08-28,2026-08,276,275,-0.06002654071717013,-0.021025423617507807,0.05002413420423649,0.12380245715671866,0.03152756919284846,0.3987280409117894,-0.04376140613200078,-0.030289012148999053,0.07121308408489693,0.04157976927911712,0.01330304020489689,0.39877400680312086,-0.06538526243875882,-0.0025870622473284956,0.04274140695506054,0.04837773433598265,0.009445461001286095,0.12537422289772493,0.03391561677424968,0.011048559695910551,0.04004143199712572,-0.17646894308015013,-0.01894145648881638,0.10725274016814573,1.107142857142857,-0.023793280760364948,1.8214285714285714,-0.03484258357757048,1.4642857142857142,-0.006247776533042781,1.7142857142857142,0.006762845410196266,1.2857142857142856,0.028313283478562743,1.7142857142857142,0.009017325919182605,1.8214285714285714,0.0048918895727146664,1.25,-0.022066456488816378
2026-08-31,2026-08,322,319,-0.06435593208154919,-0.02364643166643939,0.04812002380037954,0.08458588208696083,0.03045631113280404,0.3632363196229562,-0.04382732614035563,0.002828688274210397,0.07027781376887242,-0.036487875937086404,-0.03683185758760563,0.4681157192680985,0.029830242494164116,0.005877413431595306,0.03226669882766341,-0.02131383146299432,0.004297510801378659,0.12270141679618973,0.022210798245715806,0.0014089162128369907,0.03126688668696981,-0.18577235209830634,-0.046085560508700565,0.11790522636147216,1.15625,-0.02653705666643939,1.9375,-0.002015061725789603,1.625,0.001814913431595306,1.625,-0.0026535837871630094,1.21875,0.027409436132804037,1.84375,-0.04144123258760563,1.8125,-0.0002337391986213409,1.34375,-0.04944493550870056
2026-09-01,2026-09,228,226,-0.05205094988086341,-0.0623647322120562,0.04369669332940442,0.03861890071349237,0.010061792606752749,0.3740801995863085,0.0786792824830644,-0.0031202396313491434,0.03851510334931393,0.008406996659934673,-0.022735431645202357,0.6377978635870892,0.10501057152555562,0.022245139486127698,0.02676664825537583,0.14340113215150296,0.015792384142226983,0.1419024211557015,0.11796321973846187,0.0062533609330892,0.02859239641861184,0.16274956286316275,0.03410345666696994,0.10679676417139886,1.375,-0.0658022322120562,1.875,-0.007807739631349143,1.71875,0.0179482644861277,1.4375,0.0026596109330892,1.40625,0.006546167606752749,1.75,-0.027110431645202358,1.90625,0.011026759142226984,1.9375,0.02925970666696994
2026-09-02,2026-09,110,110,-0.20738453215517436,-0.07148945474185396,0.03917865477706969,-0.013267813267813268,-0.006584050811378009,0.49453928457065066,-0.19789508801323413,-0.07745667348428345,0.03654423821924803,-0.21138383649454442,-0.03520453141495701,0.6095211532982913,-0.08452558331420008,0.032526527856774755,0.020756793526013506,0.13861551292743954,0.011383024349251161,0.13900278373198074,0.013718670330423535,-0.034073628986431355,0.01972567072452333,0.22536347857448774,0.016354347589500023,0.11599371887066148,1.565217391304348,-0.07540249822011483,1.6956521739130435,-0.08169580391906606,1.8695652173913044,0.027852614813296494,1.8695652173913044,-0.03874754202990961,1.2608695652173914,-0.009736224724421488,1.7826086956521738,-0.039661053154087446,1.8260869565217392,0.006817806957946813,1.608695652173913,0.01233260845906524
2026-09-03,2026-09,115,115,-0.05323916988873984,-0.0023194011054037955,0.043599369494321624,0.1328335832083958,0.004879723001141895,0.42248011628786725,0.3825147607416121,0.11415720506365974,0.028128763203919698,0.03913051197536213,-0.00381455581518262,0.6616604044102132,-0.02977990566546011,0.011297749382885296,0.028257240528592385,-0.03171309082300955,-0.03228788269429157,0.1378588688870271,0.07750335358636472,0.022053709767517207,0.024223608949349766,0.24372287540440307,0.036528873130277466,0.14956357679329813,1.25,-0.005444401105403796,1.4166666666666667,0.11061553839699308,1.5833333333333333,0.007339416049551963,1.3333333333333333,0.018720376434183873,1.25,0.0017547230011418944,1.5,-0.00756455581518262,1.6666666666666667,-0.03645454936095824,1.0,0.034028873130277464
2026-09-04,2026-09,110,110,0.10348714018438789,0.014363463230750693,0.05072023865043476,0.04662894754637874,-0.03701570766579112,0.5432563071901148,0.08916028744894813,0.03417879292780935,0.035893511300007994,0.18452847881745946,0.015105901539862313,0.5483485947955739,0.08008493583622861,0.018900233780049236,0.030208273528311153,0.16036336586795302,0.017608811879486565,0.1788949245078997,0.01466537429840182,-0.04650393888819291,0.02336518237965822,0.32977481234361966,0.028996200607582477,0.16499954428185115,0.9166666666666667,0.012071796564084025,1.5,0.03042879292780935,1.3333333333333333,0.015566900446715904,1.25,-0.04962893888819291,1.5,-0.040765707665791115,1.25,0.011980901539862313,1.5833333333333333,0.013650478546153233,0.75,0.027121200607582475
