{
  "status": "ok",
  "result_keys": [
    "all_paths",
    "paths",
    "mean_path",
    "median_path",
    "p05",
    "p25",
    "p75",
    "p95",
    "final_mean",
    "final_median",
    "final_p05",
    "final_p10",
    "final_p25",
    "final_p75",
    "final_p90",
    "final_p95",
    "total_return_pct",
    "annual_return_pct",
    "crash_prob_1y",
    "crash_prob_5y",
    "crash_probs",
    "cvar_95_pct",
    "max_dd_pct",
    "max_drawdown_pct",
    "scenarios",
    "ml_crash_prob",
    "ml_predicted_return",
    "garch_vol",
    "realism_check"
  ],
  "current_price": 6816.89013671875,
  "final_mean": 9559.487819920421,
  "final_median": 8736.504993161801,
  "final_p05": 3857.942336509745,
  "final_p10": 4683.752287533725,
  "final_p25": 6361.071635880475,
  "final_p75": 11822.084082440302,
  "final_p90": 15581.361204115556,
  "final_p95": 18121.238627579834,
  "total_return_pct": 40.23238790997732,
  "annual_return_pct": 6.996523236168128,
  "crash_prob_1y": 24.560000000000002,
  "crash_prob_5y": 81.78,
  "cvar_95_pct": -54.14423238560823,
  "max_dd_pct": -30.74371156131508,
  "max_drawdown_pct": 30.74371156131508
}