{
  "status": "ok",
  "result_keys": [
    "all_paths",
    "paths",
    "mean_path",
    "median_path",
    "p05",
    "p25",
    "p75",
    "p95",
    "final_mean",
    "final_median",
    "final_p05",
    "final_p10",
    "final_p25",
    "final_p75",
    "final_p90",
    "final_p95",
    "total_return_pct",
    "annual_return_pct",
    "crash_prob_1y",
    "crash_prob_5y",
    "crash_probs",
    "cvar_95_pct",
    "max_dd_pct",
    "max_drawdown_pct",
    "scenarios",
    "ml_crash_prob",
    "ml_predicted_return",
    "garch_vol",
    "realism_check"
  ],
  "current_price": 6816.89013671875,
  "final_mean": 9568.670470255425,
  "final_median": 8666.430584589114,
  "final_p05": 3848.6017912688044,
  "final_p10": 4673.35456731339,
  "final_p25": 6321.873876336859,
  "final_p75": 11829.47710407041,
  "final_p90": 15714.373531893236,
  "final_p95": 18473.14982285939,
  "total_return_pct": 40.367092300848206,
  "annual_return_pct": 7.017071081064286,
  "crash_prob_1y": 25.509999999999998,
  "crash_prob_5y": 81.91000000000001,
  "cvar_95_pct": -53.91358156121729,
  "max_dd_pct": -30.70600140697712,
  "max_drawdown_pct": 30.70600140697712
}