{
  "status": "ok",
  "result_keys": [
    "all_paths",
    "paths",
    "mean_path",
    "median_path",
    "p05",
    "p25",
    "p75",
    "p95",
    "final_mean",
    "final_median",
    "final_p05",
    "final_p10",
    "final_p25",
    "final_p75",
    "final_p90",
    "final_p95",
    "total_return_pct",
    "annual_return_pct",
    "crash_prob_1y",
    "crash_prob_5y",
    "crash_probs",
    "cvar_95_pct",
    "max_dd_pct",
    "max_drawdown_pct",
    "scenarios",
    "ml_crash_prob",
    "ml_predicted_return",
    "garch_vol",
    "realism_check"
  ],
  "current_price": 7041.27978515625,
  "final_mean": 9928.940511584857,
  "final_median": 8985.035669723515,
  "final_p05": 3971.6666568101737,
  "final_p10": 4778.476690699983,
  "final_p25": 6523.389453214427,
  "final_p75": 12268.414058224807,
  "final_p90": 16348.198200169943,
  "final_p95": 19260.392941984715,
  "total_return_pct": 41.010452851427594,
  "annual_return_pct": 7.11499243628706,
  "crash_prob_1y": 25.319999999999997,
  "crash_prob_5y": 81.37,
  "cvar_95_pct": -53.58217432276919,
  "max_dd_pct": -30.71150164875201,
  "max_drawdown_pct": 30.71150164875201
}