{
  "status": "ok",
  "result_keys": [
    "all_paths",
    "paths",
    "mean_path",
    "median_path",
    "p05",
    "p25",
    "p75",
    "p95",
    "final_mean",
    "final_median",
    "final_p05",
    "final_p10",
    "final_p25",
    "final_p75",
    "final_p90",
    "final_p95",
    "total_return_pct",
    "annual_return_pct",
    "crash_prob_1y",
    "crash_prob_5y",
    "crash_probs",
    "cvar_95_pct",
    "max_dd_pct",
    "max_drawdown_pct",
    "scenarios",
    "ml_crash_prob",
    "ml_predicted_return",
    "garch_vol",
    "realism_check"
  ],
  "current_price": 6816.89013671875,
  "final_mean": 9572.730332821435,
  "final_median": 8733.648828128591,
  "final_p05": 3851.7636543102676,
  "final_p10": 4632.566031754624,
  "final_p25": 6348.396489369291,
  "final_p75": 11822.891247020589,
  "final_p90": 15548.807490483816,
  "final_p95": 18234.853180235532,
  "total_return_pct": 40.426648234486365,
  "annual_return_pct": 7.02615073082653,
  "crash_prob_1y": 24.84,
  "crash_prob_5y": 82.36,
  "cvar_95_pct": -53.756251243432686,
  "max_dd_pct": -30.791585282412054,
  "max_drawdown_pct": 30.791585282412054
}