{
  "status": "ok",
  "result_keys": [
    "all_paths",
    "paths",
    "mean_path",
    "median_path",
    "p05",
    "p25",
    "p75",
    "p95",
    "final_mean",
    "final_median",
    "final_p05",
    "final_p10",
    "final_p25",
    "final_p75",
    "final_p90",
    "final_p95",
    "total_return_pct",
    "annual_return_pct",
    "crash_prob_1y",
    "crash_prob_5y",
    "crash_probs",
    "cvar_95_pct",
    "max_dd_pct",
    "max_drawdown_pct",
    "scenarios",
    "ml_crash_prob",
    "ml_predicted_return",
    "garch_vol",
    "realism_check"
  ],
  "current_price": 6816.89013671875,
  "final_mean": 9569.986978443163,
  "final_median": 8664.988364097295,
  "final_p05": 3848.601521932902,
  "final_p10": 4664.4509709469,
  "final_p25": 6298.571960523078,
  "final_p75": 11937.075859156514,
  "final_p90": 15630.675251797578,
  "final_p95": 18241.772921376527,
  "total_return_pct": 40.386404746279105,
  "annual_return_pct": 7.0200157137108254,
  "crash_prob_1y": 25.2,
  "crash_prob_5y": 81.94,
  "cvar_95_pct": -54.06198100096741,
  "max_dd_pct": -30.80468219583567,
  "max_drawdown_pct": 30.80468219583567
}