{
  "status": "ok",
  "result_keys": [
    "all_paths",
    "paths",
    "mean_path",
    "median_path",
    "p05",
    "p25",
    "p75",
    "p95",
    "final_mean",
    "final_median",
    "final_p05",
    "final_p10",
    "final_p25",
    "final_p75",
    "final_p90",
    "final_p95",
    "total_return_pct",
    "annual_return_pct",
    "crash_prob_1y",
    "crash_prob_5y",
    "crash_probs",
    "cvar_95_pct",
    "max_dd_pct",
    "max_drawdown_pct",
    "scenarios",
    "ml_crash_prob",
    "ml_predicted_return",
    "garch_vol",
    "realism_check"
  ],
  "current_price": 6957.0400390625,
  "final_mean": 9772.438720310858,
  "final_median": 8861.231172625081,
  "final_p05": 3885.9073580166505,
  "final_p10": 4723.072154092832,
  "final_p25": 6455.133169355218,
  "final_p75": 12082.638585684534,
  "final_p90": 16009.29567844994,
  "final_p95": 18895.320276520404,
  "total_return_pct": 40.468340924307064,
  "annual_return_pct": 7.032505191783245,
  "crash_prob_1y": 25.130000000000003,
  "crash_prob_5y": 82.28,
  "cvar_95_pct": -54.217702620739985,
  "max_dd_pct": -30.808936708756285,
  "max_drawdown_pct": 30.808936708756285
}