date,month,n,n_tradable,ic_GBM_EVENT,gross_GBM_EVENT,pred_GBM_EVENT,ic_StockMixer_T1_EVENT,gross_StockMixer_T1_EVENT,pred_StockMixer_T1_EVENT,ic_GBM_SCALAR,gross_GBM_SCALAR,pred_GBM_SCALAR,ic_StockMixer_T1_SCALAR,gross_StockMixer_T1_SCALAR,pred_StockMixer_T1_SCALAR,ic_GBM_TFIDF,gross_GBM_TFIDF,pred_GBM_TFIDF,ic_StockMixer_T1_TFIDF,gross_StockMixer_T1_TFIDF,pred_StockMixer_T1_TFIDF,ic_GBM_SHUFFLE,gross_GBM_SHUFFLE,pred_GBM_SHUFFLE,ic_StockMixer_T1_SHUFFLE,gross_StockMixer_T1_SHUFFLE,pred_StockMixer_T1_SHUFFLE,ic_GBM_SCALAR_SHUFFLE,gross_GBM_SCALAR_SHUFFLE,pred_GBM_SCALAR_SHUFFLE,ic_StockMixer_T1_SCALAR_SHUFFLE,gross_StockMixer_T1_SCALAR_SHUFFLE,pred_StockMixer_T1_SCALAR_SHUFFLE,ic_GBM_NOTEXT,gross_GBM_NOTEXT,pred_GBM_NOTEXT,ic_StockMixer_T1_NOTEXT,gross_StockMixer_T1_NOTEXT,pred_StockMixer_T1_NOTEXT,turnover_GBM_EVENT,net_GBM_EVENT,turnover_GBM_SCALAR,net_GBM_SCALAR,turnover_GBM_TFIDF,net_GBM_TFIDF,turnover_GBM_SHUFFLE,net_GBM_SHUFFLE,turnover_GBM_SCALAR_SHUFFLE,net_GBM_SCALAR_SHUFFLE,turnover_GBM_NOTEXT,net_GBM_NOTEXT,turnover_StockMixer_T1_EVENT,net_StockMixer_T1_EVENT,turnover_StockMixer_T1_SCALAR,net_StockMixer_T1_SCALAR,turnover_StockMixer_T1_TFIDF,net_StockMixer_T1_TFIDF,turnover_StockMixer_T1_SHUFFLE,net_StockMixer_T1_SHUFFLE,turnover_StockMixer_T1_SCALAR_SHUFFLE,net_StockMixer_T1_SCALAR_SHUFFLE,turnover_StockMixer_T1_NOTEXT,net_StockMixer_T1_NOTEXT
2025-08-01,2025-08,372,364,0.029510663835502823,0.020179631189932414,0.04486813818859084,-0.0048558547071207,-0.016379832598139583,0.24489590111705992,0.16419437125527958,0.0330597864266752,0.04761263689411791,-0.015346608162992237,-0.011172858324063627,0.15614477865811852,0.02481199738734482,0.015357772631743103,0.07413904635805697,0.0041652894931019716,0.026496548669787717,0.504208803590801,0.01834320036980116,-0.03153611399899916,0.047688746375660854,0.003060929775776579,0.0028406037536358106,0.24060264271166587,0.1489263201964254,0.05698418073134892,0.04999375941488597,-0.0003426674868929686,0.005363392046241082,0.1597278220579028,0.12990384563832078,0.025369671544198443,0.047488129390033204,-0.0542983440302312,0.0007351853667709948,0.18031404157065684,1.0,0.017679631189932415,1.0,0.030559786426675204,1.0,0.012857772631743102,1.0,-0.03403611399899916,1.0,0.05448418073134892,1.0,0.022869671544198444,1.0,-0.018879832598139582,1.0,-0.013672858324063628,1.0,0.023996548669787718,1.0,0.00034060375363581053,1.0,0.002863392046241082,1.0,-0.0017648146332290052
2025-08-04,2025-08,396,387,2.2512535158323777e-05,0.01852342559127807,0.050876350975578744,0.02467093654416839,0.01888122952034559,0.2694534231454898,0.11065848247445044,0.03386108603016323,0.04882596641950992,-0.012922871523135822,0.01302015139010354,0.1612774261679405,0.03798690984119059,-0.002643356517277309,0.061245600716471234,0.00887747545017023,0.0008880910850927902,0.6041219100738183,0.03187823288579931,0.013025042746990545,0.047779251842431134,0.0611843361645182,-0.0021552099441224434,0.29549562701812154,0.07005707700625223,0.03997602728296587,0.04723135743516102,-0.02860319043203732,-0.0004265193777782218,0.17892128945543218,0.04288096873854299,0.020288946084498122,0.05011050805615502,-0.1075160997235742,-0.019216200213003756,0.19928639420332053,1.6923076923076923,0.01429265636050884,1.7179487179487178,0.029566214235291436,1.8717948717948718,-0.007322843696764489,1.923076923076923,0.008217350439298238,1.846153846153846,0.03536064266758125,1.7692307692307692,0.0158658691614212,1.2564102564102564,0.015740203879319948,1.5128205128205128,0.009238100108052259,1.8974358974358974,-0.003855498658496953,1.7692307692307692,-0.006578286867199366,1.6153846153846154,-0.004464980916239761,1.6153846153846154,-0.023254661751465296
2025-08-05,2025-08,473,454,-0.0036794906046439054,-0.001472878979064382,0.05346377034770695,-0.07330870209506893,-0.02480883629770298,0.24824435280428991,-0.016948245370133078,0.026738702244674034,0.0566509944116158,-0.022870265751571788,0.02856230963254346,0.14895059880283146,0.013552126249331005,-0.020323146694985552,0.06482315925727983,-0.027512263140527182,0.014638721057251277,0.5674339830875397,0.017031478423135068,0.02223385547353926,0.05153009545152512,0.015551086724305366,0.01911233703680097,0.326888670027256,0.036683550654003146,0.030501378683097925,0.05094406324445967,-0.031408911062194365,0.009221979264950785,0.14013799536559318,-0.006287384001019662,-0.007967078427256209,0.05516268275577273,-0.03671802319911569,0.0503537131471548,0.17566484378443825,1.511111111111111,-0.0052506567568421595,1.7777777777777777,0.02229425780022959,1.9555555555555555,-0.025212035583874443,1.9111111111111112,0.017456077695761484,1.7555555555555555,0.026112489794209034,1.8444444444444443,-0.01257818953836732,1.4666666666666666,-0.028475502964369646,1.5777777777777777,0.024617865188099015,1.8888888888888888,0.009916498835029056,1.8666666666666667,0.014445670370134302,1.6444444444444444,0.005110868153839675,1.6666666666666667,0.04618704648048813
2025-08-06,2025-08,581,559,0.014108274038717462,0.03635372614306892,0.05286656320052364,-0.01934147641299034,0.004719741494029166,0.24190893576347403,0.014217430383766543,0.04589573860902889,0.05681558578416504,-0.014992599517974391,-0.0011951302154044798,0.17225817517776573,-0.020376790647636995,-0.02335616776525622,0.07271759039704062,-0.07049610997349749,-0.019097797856206283,0.5929559016866344,0.030656535032517456,0.02287932653370843,0.0524214368533342,0.04058774328434555,0.020801532713924535,0.3042900719280754,0.062082120570035974,0.04071151302036247,0.05275844029577641,0.015728181121214328,0.006748641275623992,0.17351591420759047,-0.016901520309589184,0.004587512040309105,0.05853353568557863,-0.09561649166367364,-0.024498210082847634,0.20937987410330347,1.5357142857142858,0.03251444042878321,1.6428571428571428,0.04178859575188603,1.75,-0.02773116776525622,1.8392857142857142,0.018281112247994145,1.7321428571428572,0.03638115587750533,1.7142857142857142,0.00030179775459482014,1.4285714285714286,0.0011483129226005947,1.4642857142857142,-0.004855844501118765,1.8571428571428572,-0.023740654999063426,1.8571428571428572,0.016158675571067392,1.6071428571428572,0.0027307841327668487,1.6607142857142858,-0.02864999579713335
2025-08-07,2025-08,589,550,-0.01914004586389956,0.02815145249926782,0.05437005295014444,0.07364783141309786,-0.03355780756247813,0.2387116612358527,-0.007400198470292081,0.01251926974137861,0.05687565803354039,-0.055554151005319824,-0.004017488081966967,0.1544135321947661,0.021119331704641652,0.004195303644685662,0.07471706934003641,0.08146358434429643,0.03215103794336344,0.5225939875976606,-0.025943197815573013,0.013580786251038288,0.05295663350782768,4.6541020007088936e-05,0.04517290598943834,0.27506090937690303,-0.020194809258016054,0.052031133306198116,0.05610676982623798,-0.04263148623623478,-0.004903443072473068,0.1611110396683216,-0.05354572247064167,-0.007993199102661299,0.057768741426695566,-0.16993667984115218,-0.03483538787828126,0.18465662679888986,1.5714285714285714,0.024222881070696388,1.732142857142857,0.008188912598521468,1.8392857142857142,-0.00040291064102862366,1.7857142857142856,0.009116500536752574,1.625,0.04796863330619812,1.7857142857142856,-0.012457484816947013,1.4642857142857142,-0.03721852184819242,1.607142857142857,-0.00803534522482411,1.857142857142857,0.0275081808005063,1.8214285714285714,0.040619334560866915,1.7142857142857142,-0.009189157358187353,1.75,-0.039210387878281266
2025-08-08,2025-08,366,353,0.06513540852264496,0.010881325626713782,0.06266545436877208,0.06247620851853298,0.010319585680999,0.2546354425804956,-0.0032423417970888126,0.010183254895464183,0.06512495064299761,0.035002336544529424,0.013213803719697624,0.19315438164131982,-0.04173693711048165,-0.02641290220690097,0.07927023063434867,-0.022165462004484517,0.0005160737527497539,0.5158951222896576,-0.0012575792370681906,0.015607730298589266,0.06067917005200116,-0.04263335574727242,0.013014775623852858,0.3029915398785046,0.003581824553377949,-0.0005532726610748811,0.06037255044781916,0.07133788330788143,0.006819744170272084,0.1846907039838178,0.0497506227470948,-0.01069757432542116,0.057692817340827734,-0.009249008215323625,0.018361746087467136,0.21371445868696487,1.6363636363636362,0.006790416535804692,1.7818181818181817,0.005728709440918728,1.8909090909090909,-0.031140174934173696,1.8363636363636362,0.011016821207680175,1.7636363636363637,-0.0049623635701657905,1.8545454545454545,-0.015333937961784797,1.5999999999999999,0.006319585680998999,1.5999999999999999,0.009213803719697624,1.8181818181818181,-0.0040293807927047915,1.8181818181818181,0.008469321078398312,1.8181818181818181,0.0022742896248175385,1.709090909090909,0.014089018814739864
2025-08-11,2025-08,398,376,0.05868426899389041,0.03091641782184345,0.06926858317687484,-0.019370160939456156,-0.027564706501238153,0.2692760699673703,0.011670062765774052,0.016474812402628394,0.06883773456307674,0.021283574616495247,-0.0024799586382798135,0.22429578819949375,0.0205950958045855,0.03974353850200135,0.06398135441423193,-0.04044630888802256,0.024204858978349564,0.6200580424384067,0.07996793878142158,0.04038139027050736,0.06531695203469476,0.01224089863918268,0.006665125319802661,0.30982232833967394,0.03288996795924323,0.04314537251185802,0.06773140695618611,-0.010384873096799375,-0.001771709807447697,0.2233490743919423,0.05698413903157282,0.02940591233385476,0.061951520049865184,0.011337344824220774,-0.02861621965803853,0.2658567573679121,1.5526315789473684,0.02703483887447503,1.763157894736842,0.01206691766578629,1.894736842105263,0.035006696396738195,1.7894736842105263,0.035907706059981045,1.7894736842105263,0.038671688301331705,1.7894736842105263,0.024932228123328445,1.394736842105263,-0.03105154860650131,1.394736842105263,-0.0059668007435429715,1.8421052631578947,0.019599595820454827,1.894736842105263,0.0019282832145395036,1.526315789473684,-0.005587499281131907,1.5526315789473684,-0.032497798605406955
2025-08-12,2025-08,266,252,-0.02645143705139465,-0.0214068839750207,0.06467712168379569,-0.003454151596927447,0.0014410865004543943,0.31255963020026684,-0.023276869298537842,-0.024966938336177753,0.06297052773859681,0.08254545628434028,0.024575200393697497,0.19154666185379027,0.021596751782801533,0.007073800927435536,0.06412185871389904,-0.020684280332051184,0.010431861926423897,0.588937435746193,0.04594388238988398,0.006593992031386527,0.06522194482222378,-0.049231303826664394,0.029881417621052536,0.370714972615242,-0.008586125053996025,-0.022773666877654794,0.060498969118452844,0.08620650630179434,0.055328794674373766,0.19084685921669006,-0.07542866069137227,-0.035595695687770594,0.057038169935806654,0.032771880942551415,-0.013582416913364419,0.22943745970726015,1.6842105263157894,-0.025617410290810175,1.868421052631579,-0.0296379909677567,1.8421052631578947,0.002468537769540799,1.9210526315789473,0.0017913604524391587,1.894736842105263,-0.02751050898291795,1.868421052631579,-0.04026674831934954,1.394736842105263,-0.002045755604808763,1.631578947368421,0.020496253025276443,1.894736842105263,0.005695019821160739,1.894736842105263,0.02514457551578938,1.6842105263157894,0.051118268358584296,1.6052631578947367,-0.017595574808101262
2025-08-13,2025-08,336,316,-0.056099553978590365,-0.010218075561048517,0.060976099721462264,0.0051131598619326025,-0.015703488033587554,0.3161635478027165,0.02586063721050575,-0.03385154144094571,0.06081976325065727,0.0726038330825244,0.006561718646821851,0.17967470444273204,-0.10721191974818581,-0.022974141820172038,0.06274146932506604,-0.020089817817384427,-0.009330767521598369,0.5471829692833126,0.08429706626798593,0.00461712869797876,0.05798240034549626,0.024388978503724183,-0.022443537307615204,0.2909666197374463,0.043859035848431475,-0.013618510170652343,0.06347011728837829,0.062101023739199374,0.011820699708821086,0.18554412515368313,-0.027803340589341863,-0.059168408987718725,0.06009451676476577,0.1383662880066528,0.0271873913353938,0.21445202128961682,1.625,-0.014280575561048517,1.8125,-0.03838279144094571,1.84375,-0.027583516820172037,1.8125,8.587869797876003e-05,1.8125,-0.018149760170652344,1.8125,-0.06369965898771872,1.4375,-0.019297238033587554,1.5,0.002811718646821851,1.9375,-0.01417451752159837,1.8125,-0.026974787307615204,1.6875,0.007601949708821085,1.46875,0.023515516335393803
2025-08-14,2025-08,327,311,-0.03306949862768843,0.004218211893918159,0.060583490419387695,-0.08698746159530697,-0.02378386267493702,0.27078701711950764,0.035078910603560734,-0.008574724331899451,0.06211929776744379,-0.0079518489292846,-0.01900238535810972,0.16427289766650047,-0.0031704536026689314,-0.0050522159583358765,0.07647567811752126,-0.09389100813065723,0.002753516628612637,0.6227455009375849,-0.05147303539868357,9.73115643213094e-05,0.061865578609894924,-0.05294260022886038,-0.020893383813263236,0.3024888295800455,0.014588056388115488,0.04200322355242107,0.054475067954640244,-0.021089902653341933,-0.02981594762033791,0.1769606320848388,-0.02508470289230925,-0.005687307605659168,0.05272844364888265,0.1005502202416772,-0.0016526353366866737,0.17840569562488987,1.5,0.00046821189391815874,1.6875,-0.012793474331899451,1.875,-0.009739715958335875,1.8125,-0.00443393843567869,1.875,0.037315723552421076,1.59375,-0.009671682605659168,1.3125,-0.02706511267493702,1.5625,-0.02290863535810972,1.8125,-0.0017777333713873628,1.8125,-0.025424633813263237,1.625,-0.03387844762033791,1.375,-0.005090135336686674
2025-08-15,2025-08,303,296,0.05255868738518722,0.026439561403633297,0.05470558709252539,-0.01170113342462761,0.015989997651676163,0.2688596977541844,0.03430168390633738,0.02507402424408676,0.05972099749412356,0.0035409678789329307,-0.0052797643597827385,0.1888385273516178,0.12004090113164834,0.05248429207759695,0.06097250594929074,0.03775699374525352,0.021391897645394977,0.44597647587458294,0.06914021797108763,0.003474405469178769,0.056032391195464507,-0.0524465290555871,-0.03322185435441752,0.3263854359587034,-0.016281291365124705,0.0030257856837368332,0.05493235810042821,-0.007509431544918615,-0.00044923505906466394,0.21012790861229103,-0.025235192781835596,0.002856034225032911,0.045342875719070294,0.09755466801889577,-0.00365425793378719,0.21870941321055093,1.5161290322580645,0.022649238822988135,1.6129032258064515,0.021041766179570633,1.9032258064516128,0.04772622756146792,1.8064516129032258,-0.001041723563079295,1.7096774193548387,-0.0012484078646502637,1.7096774193548387,-0.0014181593233541859,1.4838709677419355,0.012280320232321324,1.5483870967741935,-0.009150732101718222,1.8387096774193548,0.01679512345184659,1.8387096774193548,-0.0378186285479659,1.6774193548387097,-0.004642783446161438,1.4838709677419355,-0.007363935353142028
2025-08-18,2025-08,370,360,-0.009803597562456284,0.011640927839182476,0.04379324326595756,-0.016289657615014264,-0.009475893853385257,0.3304426476566328,0.016129271076348848,-0.005886631114759074,0.044573787843530374,0.032015593267318995,0.021691240653361053,0.13997150683361623,-0.0009139248098810514,0.004983130103431344,0.06786601145578124,0.12332725275382696,-0.00490008631389433,0.536454794721471,0.0798453703193694,0.018719577811966134,0.04529626958680271,0.012359595148366433,-0.017334476455136107,0.25878419489082366,0.039534571057810816,0.022218047585326934,0.043049595130275384,-0.038850144602560616,-0.004362420779407751,0.14965511413498056,0.05928272628686802,0.0005196334176501144,0.03960540501819382,0.1347008832512744,0.02494346046215557,0.15785014463795555,1.5277777777777777,0.007821483394738031,1.6666666666666665,-0.01005329778142574,1.9166666666666665,0.0001914634367646776,1.8333333333333333,0.014136244478632803,1.8055555555555556,0.017704158696438044,1.8611111111111112,-0.004133144360127664,1.6111111111111112,-0.013503671631163035,1.5,0.017941240653361053,1.8055555555555556,-0.009413975202783219,1.7777777777777777,-0.021778920899580553,1.6388888888888888,-0.008459643001629973,1.4444444444444444,0.02133234935104446
2025-08-19,2025-08,259,252,-0.05180583087559832,0.013444660435334613,0.04971343502095362,-0.06251649042346717,-0.019900281677791138,0.2930251657962799,-0.036814913559099605,0.02946751914486806,0.05289161331630721,-0.11003584724514957,0.012045314766987364,0.14326511710882187,-0.1163397602872267,-0.004417240764559339,0.06066989027957685,-0.07291333183580924,-0.01342470365278619,0.41957135856151584,0.04762434297318018,0.04746984194796865,0.057836236669353364,0.03591631498608243,-0.0005965350424062834,0.26634426429867747,0.023540381679916563,0.02718641301173901,0.04876555361259821,-0.1562912260586679,-0.023258777910108233,0.14907472401857375,-0.0931579419951513,0.002249954121136988,0.04700541484963998,0.033770315165664005,0.0014934213085792975,0.16342814803123473,1.6388888888888888,0.009347438213112392,1.6111111111111112,0.025439741367090284,1.9166666666666665,-0.009208907431226005,1.75,0.04309484194796864,1.722222222222222,0.022880857456183453,1.722222222222222,-0.002055601434418567,1.3888888888888888,-0.02337250390001336,1.5,0.008295314766987364,1.8055555555555556,-0.01793859254167508,1.8611111111111112,-0.005249312820184062,1.6944444444444444,-0.027494889021219344,1.3333333333333333,-0.0018399120247540352
2025-08-20,2025-08,276,267,0.13020419229177665,0.03756480742604445,0.046088364002125834,0.16361581598436095,0.01507415212374846,0.30551636853703745,0.02025884333842268,0.0020567510787837286,0.04860648034193056,-0.016518029137712074,0.004691128387632203,0.166131095615802,-0.05705057746859681,-0.04040707665098582,0.05948369643100046,0.06395618884473563,-0.017261880439595978,0.657392093428859,0.12060044805296728,0.0346654992053222,0.0491833934680041,-0.09880738003167763,-0.01936312347242694,0.5138447704138579,0.03272270658238324,0.015764554529526957,0.048543724499735555,0.008662547623464276,-0.028495810516483085,0.17216902336588613,0.005874345400322484,-0.001474857190059773,0.041660741883623946,-0.0003738531128265864,0.0018698735674582898,0.19065998232475034,1.5925925925925926,0.03358332594456297,1.7037037037037037,-0.002202508180475531,1.7407407407407407,-0.04475892850283767,1.8148148148148149,0.030128462168285162,1.8148148148148149,0.01122751749248992,1.7777777777777777,-0.0059193016345042175,1.2962962962962963,0.01183341138300772,1.5185185185185186,0.0008948320913359071,1.7037037037037037,-0.02152113969885524,1.6296296296296295,-0.023437197546501014,1.7037037037037037,-0.03275506977574234,1.6296296296296295,-0.002204200506615784
2025-08-21,2025-08,255,247,0.03180726030569708,0.012857829625762929,0.04476056684256423,0.15010059634089856,0.01650574123132536,0.32510780736804007,0.006124073645206114,0.03407013474553377,0.04630595580289901,-0.04032972440944882,-0.018543577222237092,0.1636040961742401,0.04443557461791452,0.005855074385693822,0.04365890841011341,-0.008167022840573235,-0.02197569960157709,0.523120122551918,-0.07853824108383511,-0.038476669433760116,0.04392535896528479,0.12823138605836035,0.004755538775779779,0.2927723175287247,-0.03756658175081056,0.019658885981542952,0.04474187904719182,-0.025762071560907828,-0.018436920915888513,0.14813237398862839,0.03917901806391848,0.020354147159710224,0.0431444526239117,-0.09811617068087078,-0.02450211365156446,0.1699766267836094,1.4074074074074074,0.00933931110724441,1.5555555555555556,0.03018124585664488,1.8148148148148149,0.001318037348656785,1.8148148148148149,-0.04301370647079715,1.7037037037037037,0.015399626722283693,1.6666666666666667,0.016187480493043555,1.2592592592592593,0.01335759308317721,1.5185185185185186,-0.02233987351853339,1.8148148148148149,-0.02651273663861413,1.8148148148148149,0.00021850173874274174,1.6666666666666667,-0.02260358758255518,1.4814814814814814,-0.028205817355268163
2025-08-22,2025-08,232,224,0.03694581280788178,-0.0075499758451175875,0.04280989081714495,0.1261827561220783,0.0233585326590735,0.3031377997249365,-0.09376231286842505,-0.01433816040343576,0.04378215100249927,0.1977833473319636,0.036259839334921,0.1627255839041688,0.09366985148438482,0.004164291861467445,0.041593809679166746,-0.10455449811622443,-0.02056735318471943,0.41502250798723916,-0.1871171598861402,-0.06280517781573933,0.04128211481280169,-0.054658084257018694,-0.018271434040017496,0.3181998926976865,-0.13812611836882963,-0.03043613200528367,0.039113281806267094,0.17404750052374737,0.009443096411614489,0.15511300126937302,-0.1304553815283429,-0.02361682892949008,0.04221866026651657,0.15464482239678332,0.027341107902381846,0.16947447881102562,1.4000000000000001,-0.011049975845117587,1.68,-0.01853816040343576,1.8,-0.0003357081385325549,1.9200000000000002,-0.06760517781573933,1.8,-0.03493613200528367,1.6,-0.02761682892949008,1.24,0.0202585326590735,1.52,0.032459839334921005,1.8800000000000001,-0.02526735318471943,1.72,-0.022571434040017498,1.6400000000000001,0.0053430964116144885,1.48,0.023641107902381844
2025-08-25,2025-08,295,290,-0.032552099310079415,0.013228579606800382,0.04281136771575465,-0.11716979502671405,-0.013759098085285358,0.28947079117442,-0.019813589683452704,-0.010207822262975966,0.04229190534190073,-0.012395880551464619,0.006439191057296232,0.12800712446714269,-0.029526046695699467,-0.017407405174757574,0.06257301414475976,-0.016918994531906022,-0.01146780886846015,0.5530642373808499,-0.08182057104300576,-0.021214277322009936,0.04730503312689057,0.022271591036440247,-0.019932223157326102,0.2512739447812582,-0.09693621595167452,-0.036561690983247574,0.03807542351475951,-0.020227034999934113,0.01977461718092629,0.12767684523915424,-0.11380754272433896,-0.02396021887922104,0.035351191089137986,-0.04347205720830487,0.005747948106454053,0.13917921650512466,1.4137931034482758,0.009694096848179692,1.6896551724137931,-0.014431960194010447,1.793103448275862,-0.02189016379544723,1.793103448275862,-0.025697035942699592,1.7586206896551724,-0.0409582427073855,1.6896551724137931,-0.028184356810255523,1.103448275862069,-0.01651771877494053,1.5862068965517242,0.0024736738159169217,1.8620689655172413,-0.016122981282253254,1.7586206896551724,-0.024328774881464035,1.5862068965517242,0.01580909993954698,1.4827586206896552,0.002041051554729915
2025-08-26,2025-08,281,274,-0.10953606853508421,-0.027878349120445938,0.04544489715213677,-0.1236925223636816,-0.018506124806054867,0.31322774566985945,-0.06941611050416986,-0.006697312709725624,0.039842372424788206,-0.07642321712511763,-0.0043531288022083895,0.12032753022180663,-0.18145955793388607,-0.027065205177148756,0.05095513872788607,-0.16884263984891176,-0.031171542509514392,0.5102523493546027,-0.08907723299836114,-0.009370505177962056,0.04411503331951424,-0.09857705329424872,-0.006328353979843935,0.28405290069403477,-0.0399787991216779,-0.0024718154107570642,0.039387298918705814,-0.11464915791409318,-0.0006874919426434339,0.11917531379946955,-0.07272063516100769,-0.018334084698189812,0.03614663326752121,-0.05712717281960865,-0.009536728241220595,0.12116783995319297,1.586206896551724,-0.03184386636182525,1.7241379310344827,-0.011007657537311831,1.9655172413793103,-0.03197899828059703,1.8620689655172413,-0.014025677591755159,1.9655172413793103,-0.00738560851420534,1.793103448275862,-0.022816843318879468,1.1379310344827585,-0.021350952392261764,1.586206896551724,-0.008318646043587698,1.8275862068965516,-0.03574050802675577,1.8620689655172413,-0.010983526393637038,1.7586206896551724,-0.005084043666781365,1.482758620689655,-0.013243624792944733
2025-08-27,2025-08,302,293,0.0001287427712894593,0.026916573327265696,0.04679551158290213,0.015837539257288594,-0.011928355621501078,0.7392113111142454,0.09763298463866578,0.010613551550728134,0.04635565755571963,-0.021942691386152194,-0.02092019099463703,0.12217721484344582,-0.12329106062333023,-0.03684060888727164,0.06271159378517019,-0.042930916029841934,-0.026395941179719547,0.5748174945855964,0.030484153420432564,0.004497002131960987,0.043188393098891956,0.0518423831223722,0.005757463830788161,0.32815083887042673,-0.00934463394247705,0.0013906166844810616,0.045739841384168534,-0.08728694541764788,-0.022632090209172027,0.13763674759659272,-0.025917379380987177,0.022404488096145307,0.04452294570288917,-0.08315541343748563,-0.013605137253098792,0.12449453334356175,1.586206896551724,0.022951056085886386,1.6896551724137931,0.0063894136196936515,1.896551724137931,-0.04158198819761647,1.7241379310344827,0.00018665730437478038,1.7586206896551724,-0.0030059350396568697,1.7241379310344827,0.0180941432685591,1.3448275862068966,-0.01529042458701832,1.5172413793103448,-0.024713294442912894,1.8620689655172413,-0.03105111359351265,1.8275862068965516,0.001188498313546782,1.5517241379310345,-0.026511400553999614,1.586206896551724,-0.017570654494478102
2025-08-28,2025-08,280,270,-0.06505294345955578,-0.016460666978837284,0.04950204660469641,-0.04485516396892818,-0.03435837745181888,0.34309600859328554,-0.05749435579535453,-0.052878588769946014,0.04864848555127209,-0.13010971349853223,-0.054060207558647044,0.11491319137039008,0.05942867891899555,0.002237247609828788,0.05726763921995379,0.02554780788415899,0.022887230340949437,0.5222636295689477,-0.028351673581842336,0.0026624006646008263,0.04725645334762103,-0.015005657871000541,0.01671559526358016,0.31882062471575207,-0.0664250455089624,-0.04456636092967167,0.044124660076192784,-0.13873591682109648,-0.049287879720448895,0.12457656791364705,-0.0615434234766114,-0.0499710441284706,0.0477020091855352,-0.17750517954857295,-0.041700201299791476,0.11358059087285288,1.5172413793103448,-0.020253770427113148,1.7586206896551724,-0.05727514049408394,1.9310344827586206,-0.002590338597067764,1.896551724137931,-0.0020789786457440012,1.793103448275862,-0.04904911955036133,1.793103448275862,-0.05445380274916026,1.2758620689655171,-0.037548032624232675,1.586206896551724,-0.05802572480002635,1.8275862068965516,0.018318264823708057,1.9310344827586206,0.011888009056683609,1.5517241379310345,-0.05316719006527648,1.482758620689655,-0.045407097851515615
2025-08-29,2025-08,250,245,-0.10404001654302807,-0.019817702715048423,0.05486241171638869,-0.10636325549909957,-0.0706570555004867,0.37536037154495716,0.04265735527854589,-0.0033356333657828348,0.05340314825683125,-0.2538893132160789,-0.08644847660407887,0.13189212589835125,-0.018732592163958655,-0.0005177593654679636,0.060531153416714806,0.02931749509323061,0.009531736832476828,0.4494379678120216,-0.08631427931786105,-0.024582379717697556,0.0446995976472224,-0.11874362309310704,-0.016416970613748326,0.3283514140639454,-0.021109985972251007,-0.01402810359221976,0.052057492481339444,-0.22788900524290712,-0.07767522474296758,0.14827783995618424,-0.11183381122937967,-0.006236998005079838,0.04810060504583184,-0.2802713235896366,-0.06814730953146982,0.14721609589954218,1.3333333333333333,-0.023151036048381757,1.7037037037037035,-0.007594892625042093,1.7037037037037035,-0.004777018624727222,1.8888888888888888,-0.029304601939919777,1.7777777777777777,-0.018472548036664205,1.7777777777777777,-0.010681442449524282,1.037037037037037,-0.0732496480930793,1.6296296296296295,-0.09052255067815294,1.7777777777777777,0.005087292388032383,1.8888888888888888,-0.021139192835970547,1.7037037037037037,-0.08193448400222683,1.5185185185185184,-0.07194360582776611
2025-09-02,2025-09,360,351,0.016483409079802572,0.001884487846565367,0.04748057885075414,0.02084172460178448,0.00894767048611218,0.35555066210883,0.031202658456726776,0.007482397043086382,0.044058367688435095,-0.022171467372433428,-0.0074230922341706265,0.13619639820286206,0.0023663185932075795,-0.017319541280260694,0.05519635983548582,-0.06906203697693417,-0.038817434630655574,0.4747148027377469,-0.0028955992190267906,-0.026816840741148838,0.046713934506122594,-0.01232236874255717,-0.04101061477736583,0.34511962064674917,-0.05508324395507167,-0.03106577914133817,0.046294185005663305,-0.05172879420365898,-0.02893959873846786,0.1499745076256139,0.01169041942196056,-0.0015071826891959149,0.03784144561432463,-0.015339367330509238,-0.015336989382487143,0.1490906172032867,1.457142857142857,-0.0017583692962917755,1.7142857142857142,0.0031966827573720966,1.8857142857142857,-0.02203382699454641,1.8285714285714285,-0.03138826931257741,1.7999999999999998,-0.03556577914133817,1.7999999999999998,-0.0060071826891959145,1.3142857142857143,0.005661956200397894,1.7714285714285714,-0.011851663662742054,1.857142857142857,-0.04346029177351272,1.9142857142857141,-0.04579632906308012,1.7714285714285714,-0.03336817016703929,1.8285714285714285,-0.019908417953915715
2025-09-03,2025-09,278,273,0.03660795597829411,-0.002079246571330103,0.05720165195756147,-0.010386845990774633,0.01676292719902218,0.41097574060161907,-0.04766867768158828,-0.04743305892687054,0.04976957293264864,-0.04783232922221673,-0.02303946458579438,0.17760728906702114,0.06439777395057387,0.014280068055626026,0.04868431995473826,0.13661682875138925,0.03463627868540151,0.9013789478275511,-0.01743782567983112,-0.022917941904182764,0.04567925735725073,-0.01103530823879385,0.0016144300637674133,0.4817543669983193,0.023538732772952476,-0.023292561078738824,0.04841757572744951,-0.10761708555596422,-0.022029889659033616,0.16405745126582957,0.03393702878619429,-0.03316809464827207,0.057355361852746325,-0.03692576391896847,0.002619315917190955,0.1817320469352934,1.4285714285714286,-0.005650675142758674,1.7714285714285714,-0.051861630355441966,1.7428571428571429,0.00992292519848317,1.8285714285714285,-0.027489370475611334,1.7428571428571429,-0.027649703935881682,1.8285714285714285,-0.037739523219700644,1.2,0.013762927199022182,1.4857142857142855,-0.026753750300080096,1.857142857142857,0.02999342154254437,1.8285714285714285,-0.0029569985076611585,1.5428571428571427,-0.025887032516176474,1.4857142857142855,-0.001094969797094759
2025-09-04,2025-09,275,267,-0.007696258042179971,0.015278681453992294,0.052649887705023476,0.017609416923920256,0.007953006647553142,0.3574131127809071,-0.038910591154323305,0.011157066788277832,0.043521171991832724,0.043400363520960154,0.01519961473714763,0.15176687665559627,0.0150529506326741,0.030995946971630196,0.06272665527678851,-0.005198262941037901,0.015285086000178192,0.5477209869358275,-0.010765413577219354,-0.0008457477735146733,0.04688597583685541,-0.04009347681832607,-0.02175354332926222,0.31112140306720026,-0.0004448804131444563,0.044106029723063336,0.04275388197056269,-0.03943740803785234,0.010541507392637779,0.15537863528286971,-0.06825134877816566,0.02624583731096765,0.038403585948247984,0.09414500447188483,0.0386495139230889,0.16531564057287243,1.4074074074074074,0.011760162935473776,1.7037037037037037,0.006897807529018573,1.7777777777777777,0.02655150252718575,1.7777777777777777,-0.005290192217959118,1.6666666666666665,0.03993936305639667,1.8148148148148147,0.02170880027393061,1.259259259259259,0.0048048584994049934,1.5185185185185184,0.011403318440851334,1.8148148148148147,0.010748048963141157,1.9629629629629628,-0.026660950736669624,1.4814814814814814,0.006837803688934075,1.5555555555555554,0.034760625034200014
2025-09-05,2025-09,257,245,-0.019814383313727264,0.012920402629253369,0.051991317458224114,-0.005029239435345218,0.02172969270641617,0.4135468810466894,-0.030489322233282056,-0.030663155560750326,0.04374051198686431,0.040498314632159985,-0.00406081098922511,0.17464648730431995,0.12472116280013436,0.062194309996888165,0.04748490221769541,0.0535473692090479,-0.046676998865695346,0.4700912676441173,0.027166659125870962,0.01914273166868046,0.04658149243907658,-0.04136574178807348,-0.06383202475483146,0.4879471532379588,0.05609857139625373,0.011012211106443993,0.044859398073110346,0.0043512747715138906,-0.002517177875223764,0.1763702804843585,0.07760044339878744,0.04573965252598136,0.0405541393517926,0.019740860555605828,-0.004355589534707674,0.18901548841192078,1.259259259259259,0.009772254481105221,1.6296296296296295,-0.034737229634824396,1.8148148148148147,0.05765727295985113,1.7037037037037035,0.014883472409421204,1.6296296296296295,0.00693813703236992,1.7777777777777777,0.041295208081536916,1.3333333333333333,0.018396359373082836,1.5185185185185184,-0.007857107285521405,1.8518518518518516,-0.051306628495324975,1.8148148148148147,-0.0683690617918685,1.5555555555555554,-0.006406066764112653,1.4814814814814814,-0.008059293238411378
2025-09-08,2025-09,275,263,0.10445457430541531,0.04711819457849822,0.05981280047865556,-0.021560255041689506,0.02357393560552545,0.3484955057501793,0.06392891145668042,-0.02490050769523354,0.05019390386701124,-0.10387871094313493,-0.018352257248426557,0.193819068873731,0.016058384693715722,0.0404826098228982,0.06362805990922564,0.02203534213586267,0.038638374190237156,0.3864351993856522,0.02740890337843686,-0.019400375694646296,0.05393548610869435,-0.022494446207553156,0.014072972187359914,0.4234569032604878,0.10013271400132714,-0.008956036723891524,0.04984599010549377,-0.0803190906205822,-0.024376486549389315,0.19558116098722586,-0.03747093274862237,-0.04441526099207014,0.04366037347593703,-0.06601194426011944,-0.04006763726460412,0.20678070474129456,1.3846153846153846,0.043656656116959756,1.5769230769230769,-0.028842815387541233,1.7692307692307692,0.03605953289982127,1.6923076923076923,-0.02363114492541553,1.5769230769230769,-0.012898344416199217,1.7692307692307692,-0.048838337915147065,1.4230769230769231,0.020016243297833143,1.346153846153846,-0.02171764186381117,1.9230769230769231,0.033830681882544844,1.8076923076923077,0.009553741418129143,1.3846153846153846,-0.027838025010927775,1.4230769230769231,-0.04362532957229643
2025-09-09,2025-09,276,262,0.038656982634380214,0.055446207647274925,0.053917044840469185,0.0036392174769195643,0.03257218757725966,0.334324003304713,0.055503774204135214,0.0368758662730173,0.05533162163635297,0.019083061029380288,-0.012553762127092357,0.1907124032194798,0.07736045172897833,0.043184940329021995,0.05015527022906546,0.07924008245919405,0.014079846341605178,0.5517233489797666,0.10589403690015839,0.03070705676803675,0.04351195941799932,-0.040335040881265966,-0.030204205237240076,0.351621738420083,0.07125354946419143,0.029979299370764663,0.053244978879150584,-0.012824588690229876,-0.022137856114398422,0.1890868515206071,0.07115651888528989,0.07431853410247329,0.05878435721887827,0.0714533183031064,0.02232517131746713,0.19640149326565173,1.5384615384615385,0.05160005380112108,1.6923076923076925,0.03264509704224807,1.6923076923076925,0.03895417109825276,1.8461538461538463,0.026091672152652134,1.8076923076923077,0.025460068601533895,1.8076923076923077,0.06979930333324251,1.2692307692307694,0.029399110654182735,1.2692307692307694,-0.01572683905016928,1.9230769230769231,0.00927215403391287,1.8461538461538463,-0.03481958985262469,1.4615384615384617,-0.025791702268244576,1.3846153846153846,0.01886363285592867
2025-09-10,2025-09,251,245,0.07268525896414342,0.04976495165141813,0.057350458746121435,0.06831720736103206,0.08877562423989939,0.4426956530078314,0.024867387592487192,0.020127504938316314,0.04676719178467588,0.06135078732688294,0.04243800761581373,0.1980511482494573,0.09031756218523247,0.021168159659321062,0.060048386110530635,0.01298203828956789,0.03563935236496783,0.7149089227120082,0.1470954278125593,0.0432215325204892,0.04902391653593706,0.08232441661923734,0.04193174090062091,0.38450779641668004,0.014852589641434263,0.013313953807384427,0.04545623795854901,-0.021331056725479036,0.024325406343522097,0.1963407809380442,0.12486131663820907,0.10536134174988776,0.04929078321873008,0.0735154619616771,0.04553988281229873,0.21930147994620103,1.2307692307692306,0.046688028574495055,1.8076923076923077,0.015608274169085546,1.7307692307692308,0.016841236582397986,1.8076923076923077,0.03870230175125843,1.8076923076923077,0.008794723038153658,1.6923076923076923,0.10113057251911853,1.346153846153846,0.08541023962451477,1.4615384615384615,0.03878416146196758,1.7692307692307692,0.03121627544189091,1.9230769230769231,0.0371240485929286,1.5769230769230769,0.020383098651214404,1.4615384615384615,0.04188603665845258
2025-09-11,2025-09,257,250,-0.05052498077097095,-0.044071492348609645,0.05738364847795023,0.12189295651977197,0.037078891589015686,0.30764598861336706,-0.0031211824721744637,-0.030455469036139243,0.05882509261223828,0.12135355397701565,0.01098586563784983,0.21792151525616646,0.06865212379232298,0.08407383645383222,0.05707541432915261,0.0746288204037278,0.05842305921764882,0.4170760136842728,0.06037278866165958,-0.04686659568490035,0.05055271416545027,0.1395037779386481,0.047490113434941625,0.34981265135109424,0.027843209890507647,-0.020481418755843292,0.05347456275003061,0.11514088091575422,0.0013341316528440832,0.20912640929222107,-0.0025294661062676615,-0.03359007825934174,0.0613279682945469,0.11175317844538955,0.005427144839239274,0.24424818098545073,1.48,-0.04777149234860965,1.68,-0.034655469036139246,1.68,0.07987383645383223,1.76,-0.05126659568490035,1.8,-0.024981418755843292,1.64,-0.03769007825934174,1.52,0.03327889158901569,1.5999999999999999,0.006985865637849829,1.68,0.05422305921764882,1.88,0.04279011343494162,1.48,-0.002365868347155917,1.48,0.0017271448392392735
2025-09-12,2025-09,297,289,-0.04599779767565002,0.01669417520406047,0.06045856907735468,0.09370322121999974,0.018832645053817244,0.3825522618817872,-0.059771027891833264,-0.023552449648210304,0.06087767067364884,0.16287260414777194,0.02151793912151707,0.18660254378257127,-0.033451146970514496,-0.013681357857913155,0.0508526712040378,0.00960736855130611,0.04123575319586961,0.5983030396545755,-0.10312814339659977,-0.01078586426732044,0.05910180328882711,0.003257681110030103,-0.04323006379299003,0.47487833004059465,-0.007709509387361736,0.021178511140657538,0.06112598468093686,0.16062493243701298,0.013819961386227764,0.1855560422971331,-0.024473833198665414,-0.010526750469400298,0.05449926626282353,0.2393429121617041,0.029116785235990008,0.20979165709738073,1.3103448275862069,0.01341831313509495,1.6206896551724137,-0.02760417378614134,1.8620689655172413,-0.01833653027170626,1.7586206896551724,-0.015182415991458371,1.5862068965517242,0.017212993899278228,1.6896551724137931,-0.01475088840043478,1.5172413793103448,0.015039541605541383,1.4137931034482758,0.01798345636289638,1.8620689655172413,0.03658058078207651,1.896551724137931,-0.04797144310333486,1.4482758620689655,0.010199271731055351,1.4827586206896552,0.02540988868426587
2025-09-15,2025-09,351,342,-0.06879398856657169,0.05493663999356674,0.05497062558143069,-0.022989928334854668,-0.03663788463350286,0.37582503941238804,0.003462232452424837,0.04311511652534269,0.0516492228393247,0.042821764542524565,0.006310248512267985,0.14735779111437938,-0.0447013094242242,-0.01969095407702744,0.04444714641436896,-0.07062305301395,-0.04452909643270977,0.5426339362474049,0.010236847197028496,0.03309714354410975,0.05587717899592547,-0.07673146830471411,-0.06387387836611547,0.5302093295270905,-0.030942531839170062,0.03854705749934735,0.04898732737741168,-0.014399767898751832,-0.004743076297411289,0.14726791739025538,0.0270560014330116,0.0360649042568839,0.04876494295761383,0.09791029095281763,-0.0008123584893662827,0.14721957161365185,1.2647058823529411,0.05177487528768439,1.3529411764705883,0.03973276358416622,1.8235294117647058,-0.024249777606439205,1.5588235294117647,0.02920008472058034,1.4705882352941175,0.034870586911112056,1.4705882352941175,0.0323884336686486,1.3529411764705883,-0.040020237574679325,1.3823529411764706,0.002854366159326809,1.9117647058823528,-0.04930850819741565,1.8235294117647058,-0.06843270189552723,1.5294117647058822,-0.008566605709175994,1.4705882352941175,-0.004488829077601576
2025-09-16,2025-09,349,341,-0.051468940110378704,0.041891945883358005,0.05357030125479526,-0.05722077152172993,-0.02598295326980986,0.3977348703671904,-0.03210015949863791,0.03530039388551834,0.05230235654683006,0.07138679125439328,0.014976220437961828,0.16752271518549497,-0.009980431997660763,-0.036482856504482894,0.039567942390489205,-0.000202985138219,0.01572356023286301,0.4639275892473319,-0.03767555436362866,0.005842776694045492,0.05116142603016306,-0.10055189351701554,-0.0993811189694705,0.38810227986644297,-0.022953406636837127,-0.00941526367750023,0.05253951621965079,0.07764760681468516,0.026376531802200696,0.13821725936277823,0.016862534757999634,0.01759539075123697,0.05553979430432701,0.14711872062331502,0.018394964943949797,0.16863248404115438,1.3235294117647058,0.03858312235394624,1.4411764705882353,0.03169745270904775,1.7941176470588236,-0.040968150622129954,1.588235294117647,0.0018721884587513749,1.5,-0.01316526367750023,1.5588235294117647,0.01369833192770756,1.0588235294117647,-0.028630012093339274,1.2941176470588236,0.01174092632031477,1.6470588235294117,0.011605913174039483,1.8235294117647058,-0.10393994249888226,1.5,0.022626531802200697,1.2941176470588236,0.015159670826302738
2025-09-17,2025-09,310,300,0.014480027149421515,0.041877513771981345,0.060897250832535284,-0.03285543235151653,-0.027858223369673925,0.3843902043998242,0.008586508066781937,0.06801576066603914,0.05482579095801559,0.023593612635356885,0.008909999030535647,0.20734901912510395,0.07096701102575635,0.06709294745063814,0.05022019020113791,0.038664680527731365,0.030266042579657867,0.587134558459123,0.01563609302100757,0.004920449461917213,0.057481174782382696,-0.07702762171671754,-0.019605277313267,0.36842637633283937,-0.04464206770638746,0.033153285896446116,0.05445671948829639,0.04235772988138241,0.01693936537900735,0.18721596952527764,-0.05557232813338664,0.014236214137558226,0.052475765072601786,0.10311805466741455,0.02719011655411914,0.20987664548059304,1.2058823529411764,0.038862807889628405,1.5294117647058822,0.06419223125427442,1.6470588235294117,0.0629753003918146,1.7647058823529411,0.0005086847560348603,1.6470588235294117,0.02903563883762259,1.6176470588235294,0.010192096490499403,1.1764705882352942,-0.03079939984026216,1.2647058823529411,0.0057482343246532935,1.7352941176470589,0.02592780728554022,1.9117647058823528,-0.024384689077972883,1.3823529411764706,0.013483483026066174,1.3235294117647058,0.023881293024707376
2025-09-18,2025-09,306,298,0.035156327709702985,0.05589960373000906,0.05532659583514638,-0.03022227527204613,-0.02049029930692555,0.37699880165358385,0.012639190348003355,0.02061168947741613,0.05105728669460226,-0.0072084240328266725,-0.0023480127611449205,0.1637977384030819,-0.075840540183786,-0.0465977815266764,0.04352593005076735,0.0769164885701874,0.002357433627301314,0.5023933544754982,0.00023977124357512535,0.008322329085309,0.0532980677944917,0.003536259380133748,0.008589423072582406,0.4911276511847973,-0.03242649545534025,-0.003846587928555252,0.04978137889839147,0.03114576102240971,0.004205113788896383,0.15545929881433646,0.028033551221524546,-0.015008712003901324,0.05027908760770534,0.03237540009863079,-0.0032724579804392327,0.16300305357823772,1.2333333333333334,0.052816270396675725,1.5666666666666667,0.016695022810749464,1.9666666666666666,-0.05151444819334307,1.6666666666666667,0.004155662418642332,1.6,-0.007846587928555252,1.7,-0.019258712003901324,1.2666666666666666,-0.023656965973592216,1.2333333333333334,-0.005431346094478254,1.9,-0.0023925663726986858,1.7,0.004339423072582406,1.4666666666666666,0.0005384471222297164,1.3666666666666667,-0.0066891246471058995
2025-09-19,2025-09,322,316,0.021026644580713443,0.0012815434910808943,0.06370052271918471,-0.004701561969555674,0.01687194228205141,0.4060319361742586,-0.04194815503994108,-0.015800264329660058,0.061431381594704904,0.007178054608999013,0.0021752259464139986,0.20261418807785958,-0.17923450917448383,-0.03499666707108805,0.03825101203951278,-0.058998159229018014,-0.02026039860644685,0.4320462269242853,-0.0027861440775972485,-0.02240314337217715,0.061653626016786145,-0.08023207144231974,-0.014110044916755948,0.38221428892575204,-0.04036413427622166,-0.037394606455115206,0.05551742620943587,-0.047860466712829834,-0.0029867526132791554,0.2018752577714622,-0.08549057468107969,-0.047882246891977946,0.063492957300194,0.038068436382444504,0.02347361767148629,0.21612958860350773,1.28125,-0.0019215815089191055,1.625,-0.019862764329660058,1.78125,-0.03944979207108805,1.71875,-0.02670001837217715,1.65625,-0.04153523145511521,1.5625,-0.051788496891977946,1.34375,0.013512567282051411,1.40625,-0.0013403990535860015,1.8125,-0.02479164860644685,1.84375,-0.018719419916755946,1.46875,-0.006658627613279155,1.5625,0.01956736767148629
2025-09-22,2025-09,364,357,0.024978385560789542,-0.02700327304726744,0.05949825953446787,-0.03346516705369152,-0.01757701273670717,0.3828043750383788,-0.007217813768909421,-0.024043028621407912,0.055631984620516724,-0.025218494159544996,-0.03375238109131368,0.19636258627805447,-0.11605237055276352,-0.02560673436945337,0.0495959151525892,-0.010251304032716197,0.005338501151153934,0.4606178100738261,-0.025653551035113818,-0.03561303097629852,0.061500547826198196,0.04670186890953818,-0.011865257516387688,0.5268357805907726,0.018890575109235454,-0.01321258041872508,0.05863464559570513,-0.006044143032816699,-0.02381193579506233,0.17875897961979112,-0.04418010657960396,-0.029465918748346795,0.06431431419216196,-0.026502266506984132,-0.018663063647386957,0.18917412279794613,1.3055555555555556,-0.03026716193615633,1.5277777777777777,-0.027862473065852357,1.8055555555555556,-0.03012062325834226,1.6666666666666665,-0.039779697642965184,1.6666666666666665,-0.017379247085391746,1.6666666666666665,-0.03363258541501346,1.3055555555555556,-0.02084090162559606,1.1388888888888888,-0.0365996033135359,1.722222222222222,0.0010329455955983792,1.8611111111111112,-0.016518035294165467,1.5,-0.02756193579506233,1.3888888888888888,-0.02213528586960918
2025-09-23,2025-09,316,311,0.0025502801847488987,-0.035831891483379875,0.07168922422003166,-0.08087803264100034,-0.02267775260798678,0.4543504323059272,0.04004350612185137,-0.023278952962547346,0.06361013821493797,-0.06975354770746697,-0.0014676357914214823,0.19451894791376206,-0.03471226976810053,-0.008482939750656785,0.03889403800315571,0.019136731567354157,0.01996815246468938,0.5880862128350043,-0.009415044219181103,-0.009496744295667145,0.07127083646274915,-0.11604307258182593,-0.002580597657601296,0.47819061793627277,-0.02567127398018266,-0.024672495961660847,0.07539486892120076,-0.04678885650015307,-0.00251733514130148,0.1696879145118498,-0.05553685755738225,-0.03340736201066035,0.0664685926079496,-0.0658471238992742,0.009853177369149771,0.19838666963961815,1.1666666666666665,-0.03874855815004654,1.2777777777777777,-0.02647339740699179,1.861111111111111,-0.013135717528434562,1.6111111111111112,-0.013524522073444923,1.472222222222222,-0.028353051517216402,1.472222222222222,-0.037087917566215906,1.1944444444444444,-0.025663863719097894,1.1388888888888888,-0.004314858013643705,1.8055555555555556,0.01545426357580049,1.7777777777777777,-0.00702504210204574,1.5,-0.00626733514130148,1.3888888888888888,0.006380955146927549
2025-09-24,2025-09,326,321,0.0893856248223856,0.030491145052778352,0.059203641121247694,-0.06978627439333474,-0.02076657352342477,0.37678549252450466,0.11776218408794333,0.0364805696442666,0.05400164514497778,-0.06633198672803017,-0.02212846844649051,0.1695214257342741,0.11534241506461859,0.02858632623926381,0.06313901695910296,0.04071699301964287,0.004958631304522246,0.560169976670295,0.11416069174423162,0.021136072615511953,0.05488382499345264,-0.02357682083961187,-0.0018303818158591986,0.3395431761164218,0.04678909362269782,0.04488680398925614,0.053342135216444694,-0.02769889819896108,-0.017368605172796068,0.16813271108549088,0.0737251252235607,0.04118714038744572,0.05954608947996292,0.004359856210470393,-0.00970089332753286,0.17657014593714848,1.21875,0.02744427005277835,1.40625,0.0329649446442666,1.875,0.023898826239263808,1.5625,0.017229822615511953,1.53125,0.04105867898925614,1.65625,0.037046515387445716,1.34375,-0.02412594852342477,1.3125,-0.02540971844649051,1.9375,0.0001148813045222458,1.75,-0.006205381815859199,1.53125,-0.021196730172796066,1.25,-0.01282589332753286
2025-09-25,2025-09,351,343,0.021918914418914418,0.018465629573482863,0.06314600008833081,-0.0375990675990676,-0.02276224614024782,0.36180420504773364,0.02616133866133866,0.36020845775984683,0.053654548846606226,-0.03986430236430236,-0.007567207349623767,0.1670347516260603,0.020153100853168255,-0.28391288489138294,0.04375996223903829,0.1153023218511952,0.0599229420977403,0.453118638957248,0.015722055722055723,0.29115272547593885,0.06472078285179168,-0.0035786435786435786,0.018313473482100624,0.487126619062003,0.083009768009768,0.029638448164735903,0.06269636787323252,-0.0491063137630644,-0.02141432858505838,0.16849233253913767,0.09214785214785215,0.0409750198792454,0.060972048417300265,0.02566017316017316,-0.012921016449264827,0.17690662511021776,1.0294117647058822,0.015892100161718156,1.4411764705882353,0.35660551658337625,1.7352941176470589,-0.2882511201855006,1.5,0.28740272547593887,1.411764705882353,0.02610903640003002,1.5588235294117647,0.03707796105571599,1.2941176470588236,-0.02599754025789488,1.2352941176470589,-0.010655442643741414,1.7058823529411764,0.05565823621538736,1.7647058823529411,0.01390170877621827,1.1764705882352942,-0.024355505055646615,1.2647058823529411,-0.01608278115514718
2025-09-26,2025-09,333,328,-0.040641283372688033,-0.45115985143864235,0.06308000932909,-0.14517887052336226,-0.02691733692656888,0.3675027789943146,0.007952184202094021,-0.01826759473613722,0.06083435916396135,-0.06455860665513649,-0.030860668570884042,0.1872078248610099,0.020835157982272378,-0.44273051384413903,0.037541312696169185,0.0008139203289051289,0.005672402806378894,0.5348322046074001,-0.02053171416853691,-0.009658778061027898,0.057584939642770894,-0.14504043037337894,-0.028777765981454553,0.3671744049272754,-0.03048965566099972,-0.026604729297399404,0.054196941854812164,-0.0733394818958631,-0.4904931602157202,0.18470643116443447,-0.11663810119909969,-0.4893557781539094,0.05568455096474814,-0.08021794249339159,-0.485040991355389,0.197644486910466,1.0294117647058825,-0.45373338085040704,1.4411764705882353,-0.021870535912607805,1.8529411764705883,-0.4473628667853155,1.5294117647058825,-0.013482307472792604,1.6176470588235294,-0.030648846944458227,1.5882352941176472,-0.4933263663892035,1.1764705882352942,-0.029858513397157116,1.2647058823529411,-0.03402243327676639,1.7941176470588236,0.0011871086887318355,1.7647058823529411,-0.033189530687336904,1.2941176470588236,-0.49372845433336726,1.3823529411764706,-0.48849687370833017
2025-09-29,2025-09,351,342,0.060752580752580755,-0.0043476747092248275,0.062038278441599176,-0.10982545232545232,0.03596766022058297,0.3894013933399144,0.01971001221001221,-0.04301191905789163,0.05619521097020552,-0.01978854478854479,0.03122055244261493,0.1743311692467507,0.012565259491900217,0.0218620336858738,0.044810216641515146,-0.08942037453383436,-0.033583775110771666,0.5500750006998287,0.009952269952269952,-0.04503635377333233,0.056084971061851764,-0.049637862137862136,-0.019954041086418784,0.40547664874397654,0.04126845376845377,-0.018118357509934423,0.050111345546635086,-0.07876734376734376,-0.04547102266091762,0.1714692969861276,0.05142122123856859,0.0038640969550403706,0.049885547265583814,-0.05295815295815296,0.013384601832126267,0.18877383639269016,1.2058823529411764,-0.0073623805915777685,1.3823529411764706,-0.04646780141083281,1.7941176470588236,0.017376739568226742,1.5588235294117647,-0.04893341259686174,1.5,-0.021868357509934423,1.3529411764705883,0.0004817440138638997,1.3529411764705883,0.0325853072794065,1.411764705882353,0.027691140677909048,1.8235294117647058,-0.038142598640183434,1.7941176470588236,-0.024439335204065844,1.3823529411764706,-0.048926905013858796,1.3529411764705883,0.010002248890949795
2025-09-30,2025-09,325,322,0.05710310593746176,0.03646137768310638,0.06385856648297578,0.08849632076625942,0.05915626486841252,0.4151432035723701,0.007274570464754514,-0.021494885797701722,0.054712533410535766,0.020645657455473407,0.02838963312051789,0.231152115855366,-0.03841727309954672,-0.03383406604509727,0.041821672783974015,-0.07785741273735938,-0.11172368840305928,0.572513438295573,-0.05083285267334347,0.029715434765466273,0.06019746845779358,-0.07914390086169228,-0.016940267080557646,0.37834461056627333,0.037582018072815616,0.023682865663814334,0.05929812091557583,-0.03937007323510391,-0.0002428948067951936,0.24502562382258475,0.05970880743886879,0.006108213525485434,0.0513286818828825,-0.03835701676192474,-0.004863268952297842,0.22677845836733468,1.3529411764705883,0.03307902474192991,1.5294117647058822,-0.025318415209466427,1.7647058823529411,-0.03824583075097962,1.6176470588235294,0.02567131711840745,1.588235294117647,0.019712277428520216,1.5294117647058822,0.0022846841137207285,1.1764705882352942,0.056215088397824284,1.5,0.024639633120517892,1.6470588235294117,-0.11584133546188281,1.7352941176470589,-0.021278502374675292,1.4705882352941178,-0.003919365395030488,1.4411764705882353,-0.00846621012876843
2025-10-01,2025-10,345,334,0.11371648830780201,0.03048959069006913,0.06118644475005297,0.015643173170774474,0.047419200599234504,0.3376612356214812,0.07786840213446174,-0.006219992951736829,0.049724306663870815,0.08890950747236948,-0.01429384620339976,0.25039448408466397,0.02719023807958761,0.032415471228264006,0.051558555026205224,0.05272043749500457,0.04045466638424214,0.6473029224258481,0.06595264674424449,0.002998115772924838,0.04847983492687283,0.018699626527642215,-0.028614592202156324,0.39640016441769677,0.11870137991899332,0.024201983904282513,0.06082264511467142,0.07259946112439143,-0.07729913730584873,0.2395423361184922,0.1130022735641186,0.024654825896043328,0.042302636308319805,0.1551175648900916,-0.031449871023415024,0.2005570155540199,1.3636363636363638,0.02708049978097822,1.5757575757575757,-0.010159386891130768,1.9090909090909092,0.027642743955536734,1.6666666666666667,-0.0011685508937418296,1.6666666666666667,0.020035317237615848,1.6666666666666667,0.020488159229376662,1.4848484848484849,0.04370707938711329,1.7272727272727273,-0.01861202802158158,1.9393939393939394,0.035606181535757286,1.9696969696969697,-0.03353883462639875,1.606060606060606,-0.08131428882100024,1.7272727272727273,-0.03576805284159684
2025-10-02,2025-10,347,343,0.07655929493899416,0.0045783820419645,0.06052178850031968,0.03967174431141611,0.05506163487022638,0.34388209835571404,0.013694074153641309,-0.029641626727647457,0.05500127436909748,0.16336128632390506,0.06666710756319233,0.21454299044083147,0.08012708574598065,0.05346822449205108,0.0549866346515563,0.11034383919271695,0.04491224544102266,0.6472169417230522,0.030400389454010777,0.007767945618337449,0.054785414146553066,-0.02513385325627736,0.011717300939629017,0.3950847654658205,0.06895460333999848,-0.0010522574592003661,0.056422276208586544,0.0973117912067271,0.02770064325096416,0.1897211682927959,-0.03168018362926281,-0.038642661263910284,0.047033560224245374,0.17805771615699706,0.04809175172301084,0.1703203626744011,1.3529411764705883,0.0011960291007880293,1.6176470588235294,-0.03368574437470628,1.7647058823529411,0.04905645978616873,1.5882352941176472,0.003797357383043331,1.6470588235294117,-0.005169904518023895,1.5882352941176472,-0.042613249499204406,1.1764705882352942,0.052120458399638143,1.5588235294117647,0.06277004873966292,1.6470588235294117,0.04079459838219913,1.7647058823529411,0.007305536233746664,1.6470588235294117,0.02358299619214063,1.4411764705882353,0.044488810546540254
2025-10-03,2025-10,353,346,0.09381151870168532,0.033932409154874714,0.06415273849829872,0.0433896449975338,0.04152619587836314,0.30352181174925397,0.11975658782087936,0.002180178374349674,0.05591953695771469,0.24423006412131107,0.07402061896305166,0.1467766486108303,0.12465850332461637,0.026226239131192288,0.05766863568305114,0.03948498451946884,0.019149856981382992,0.6285955829279763,0.12186268261915259,0.01799002524520526,0.055940268087125364,-0.04473923709171224,-0.012259629793031109,0.3355231379291841,0.040074455361702684,0.02965767626707911,0.05419494255409772,0.2324907681025941,0.051488214028226856,0.15442817376128265,0.04245581565886939,0.0030597930930039846,0.04802320741281321,0.23469616581622632,0.05779954741483655,0.13229713844401497,1.3142857142857143,0.03064669486916043,1.6285714285714286,-0.0018912501970788972,1.8,0.021726239131192288,1.5999999999999999,0.013990025245205259,1.7142857142857142,0.025371961981364825,1.542857142857143,-0.000797349764138873,1.0571428571428572,0.038883338735506,1.657142857142857,0.06987776182019452,1.8285714285714285,0.01457842840995442,1.8,-0.016759629793031108,1.7428571428571429,0.047131071171084,1.542857142857143,0.05394240455769369
2025-10-06,2025-10,381,378,0.05569699902144362,0.011511914388479027,0.06142274186216007,-0.028172442897655154,0.010569869457277366,0.3200106993317604,-0.022864371217857893,-0.013572896176749788,0.0537682131072114,0.003026581583612327,0.00958153215472236,0.25008426204715906,0.10368540920662238,0.02753041670312988,0.07364669776985122,0.004096339598233424,-0.008866933228910382,0.8183322509652691,-0.0248236550720929,0.005791330640547292,0.052863707968782994,-0.02105610317586025,-0.02767745357721251,0.39150006127984904,-0.05020341388161421,-0.023465040699818862,0.054184389741750855,0.04117075266390819,0.02820235551860862,0.23486534672740256,0.0124450240082624,0.0024091483662405586,0.050043615263541695,0.008656426902272377,0.03184911623122089,0.23822509811112758,1.3157894736842104,0.0082224407042685,1.4736842105263157,-0.017257106703065576,1.7894736842105263,0.023056732492603565,1.6052631578947367,0.0017781727458104505,1.5789473684210527,-0.027412409120871492,1.5,-0.0013408516337594413,0.8684210526315789,0.00839881682569842,1.5,0.00583153215472236,1.657894736842105,-0.013011670071015644,1.8421052631578947,-0.03228271673510725,1.7105263157894737,0.023926039729134936,1.394736842105263,0.028362274125957737
2025-10-07,2025-10,342,336,0.034447390845298055,0.0035631406356086,0.06112055036448732,-0.11414630897670293,0.000915649811860729,0.324723034439718,0.04132135953625161,-0.021755427209958232,0.05761232303399012,0.12747876033971456,0.026601127364124514,0.13674874012084567,0.11732405312017238,0.06035266375439565,0.05314144847433791,-0.003430585762663678,-0.025888835330893215,0.6856596838025486,0.12279561792745675,-0.0011994798217328032,0.05617425165300484,0.08807568625315758,0.06024944303131689,0.2655038590378621,0.09495475477250191,-0.013696581697917286,0.057004347429357616,0.1803102825589919,0.04026984138976733,0.13101690492647536,0.07828911557126103,-0.033291041326067874,0.04791097153457445,0.17649171105392303,0.022584372264645432,0.12546526832396493,1.2894736842105263,0.0003394564250822842,1.631578947368421,-0.025834374578379286,1.6578947368421053,0.05620792691229039,1.7105263157894737,-0.005475795611206488,1.6842105263157894,-0.01790710801370676,1.6578947368421053,-0.03743577816817314,1.0526315789473684,-0.001715929135507692,1.631578947368421,0.02252217999570346,1.631578947368421,-0.029967782699314268,1.7105263157894737,0.05597312724184321,1.631578947368421,0.03619089402134628,1.4210526315789473,0.019031740685698063
2025-10-08,2025-10,314,306,0.06947026098854511,-0.02471277290165729,0.06323537218739125,-0.013474346414254027,0.004756393585031757,0.3096364114073015,0.046259306310994314,-0.026986678380246557,0.058646186425197984,0.1163352103422513,0.09348733957737074,0.14503763363726677,0.07122800653596523,0.05779410205049891,0.056631530870559374,-0.05429020263658755,-0.06270253564390013,0.7624261441730684,-0.0036646733742844934,0.02533315406411675,0.06244861101394947,-0.08460571668890587,-0.08182815205383953,0.3374227999198821,0.01565427375646948,0.031763284930803895,0.05770006342748547,0.05321693358566845,0.024344108310012512,0.1333851898389478,0.01086959681615875,0.013079315698953792,0.04926844667632657,0.13300211926613506,0.05512307036715115,0.12037336303582115,1.2352941176470589,-0.02780100819577494,1.4705882352941175,-0.03066314896848185,1.5588235294117647,0.0538970432269695,1.7058823529411764,0.02106844818176381,1.6176470588235294,0.027719167283745072,1.6470588235294117,0.008961668640130264,1.1764705882352942,0.0018152171144435211,1.4705882352941175,0.08981086898913544,1.6470588235294117,-0.06682018270272366,1.7352941176470589,-0.08616638734795717,1.588235294117647,0.020373520074718394,1.3235294117647058,0.051814246837739386
2025-10-09,2025-10,391,385,0.05860140336743752,-0.05778465048984892,0.05965333347733215,0.03535655064701466,-0.01698497834833359,0.3829095432240712,-0.008782576575780814,-0.0573726331746995,0.052383036373282704,0.09052564169480501,0.060660972128246574,0.17093276908915295,0.08240662517944256,0.03974037369670874,0.05654413133952088,0.043072111522205456,0.022867623172867356,0.6585137648017783,0.0005233531539706183,-0.04080318574024188,0.051701741314702176,0.049816314485660484,0.039559472437339815,0.3625935478822181,0.04056057205490892,-0.009216676584425185,0.05048631773744892,0.02161346143808694,0.03886701098501206,0.17018488809270294,0.005349865967283206,-0.06623293651398714,0.04722213088728175,0.09408211445113163,0.09910537281889295,0.1622889470309019,1.2105263157894737,-0.0608109662793226,1.4210526315789473,-0.06092526475364687,1.631578947368421,0.03566142632828769,1.7105263157894737,-0.045079501529715564,1.5789473684210527,-0.013164045005477817,1.5789473684210527,-0.07018030493503977,1.1578947368421053,-0.01987971519043885,1.394736842105263,0.05717413002298342,1.7105263157894737,0.018591307383393672,1.9210526315789473,0.034756840858392445,1.5526315789473684,0.034985432037643635,1.394736842105263,0.09561853071362979
2025-10-10,2025-10,348,331,-0.008910055760456972,-0.0010593113573955752,0.0565698161655314,-0.010705905232564927,0.0018082106265954931,0.4246607025464376,-0.06810133408808176,0.009753011988755063,0.04609790942983639,-0.10826976295755081,-0.02771858887551685,0.21059242150548732,-0.012599304089466922,-0.017639304336141543,0.06040414243962423,-0.002873625403880405,-0.00033534322702143127,0.683864682235501,0.029203695799557346,0.020737333311321174,0.05502484275168612,0.050223135791789664,0.015662733811072662,0.38853658081004117,-0.05144153437925596,0.0013436063156741004,0.05144687192249268,-0.0840421675820554,-0.030339270220534724,0.2109703208235177,-0.11019204443183078,0.003965675336542395,0.04689384720666148,-0.10510802004677125,-0.024370681885408047,0.18794509836218573,1.131578947368421,-0.0038882587258166276,1.4210526315789473,0.006200380409807695,1.6578947368421053,-0.021784041178246807,1.6052631578947367,0.01672417541658433,1.6052631578947367,-0.0026695515790627414,1.4473684210526316,0.00034725428391081583,1.0263157894736843,-0.0007575788470887174,1.5263157894736843,-0.03153437834920106,1.736842105263158,-0.004677448490179327,1.7894736842105263,0.011189049600546347,1.6842105263157894,-0.0345497965363242,1.5,-0.028120681885408047
2025-10-13,2025-10,420,409,-0.06427004364294259,-0.008060144198520976,0.061671437910190856,-0.031821204039867414,0.015450765503290043,0.34309128399302324,-0.06304165961420254,-0.013789610554577732,0.05436010629938018,-0.11348719987884609,-0.03559505241512232,0.15712493521774687,-0.004002537376141311,0.016076864921842144,0.06470486154746323,-0.06902747078360165,-0.02279995873134791,0.7032897526898035,-0.0006313608839700257,0.0033407132846504164,0.05562242603750373,0.022643795356792597,0.0047346456996637636,0.3318700248875269,-0.03162716341929376,-0.024816677028812073,0.05955809723066399,-0.11312778741052144,-0.03684906886670324,0.15610731306781128,-0.013670307492834832,-0.029654313699113005,0.051307328421211496,-0.12457828964044985,-0.02600754965701388,0.15410523993394723,1.3902439024390245,-0.011535753954618536,1.5853658536585367,-0.017753025188724073,1.7560975609756098,0.01168662101940312,1.7804878048780488,-0.001110506227544706,1.7317073170731707,-0.029145945321495,1.5365853658536586,-0.033495777113747155,1.0731707317073171,0.01276783867402175,1.6097560975609757,-0.03961944265902476,1.7804878048780488,-0.027251178243543034,1.7804878048780488,0.0002834261874686411,1.829268292682927,-0.04142223959841056,1.6341463414634148,-0.030092915510672415
2025-10-14,2025-10,363,350,0.022014148583711618,0.08335596855105415,0.07296166009494377,-0.0760204135392483,0.05423722350310838,0.35662107701812473,0.09020336770211206,0.10223906984881662,0.06799670653973182,-0.06680737645077173,0.04563831533026857,0.208488506930215,-0.15873062270928312,-0.03907624708400765,0.048975730243317896,-0.13715326531843827,0.0021624981815759163,0.6330313405820301,-0.045784329042650625,0.0635949739263308,0.06518077045169428,0.06933473357380941,0.07352202050704582,0.33706921658345634,-0.054621169889879084,0.0476525673503375,0.06496965341897909,-0.06590973065106666,0.040023346854732376,0.21732274629175663,-0.056173488501295936,0.05795040721578136,0.053294729660134293,-0.1257662478154693,0.03236343817030546,0.2125688602881772,1.3414634146341464,0.08000231001446878,1.4878048780487805,0.09851955765369466,1.5609756097560976,-0.04297868610839789,1.6585365853658536,0.05944863246291617,1.6585365853658536,0.04350622588692287,1.6097560975609757,0.05392601697187892,0.975609756097561,0.05179819911286448,1.4634146341463414,0.04197977874490271,1.7560975609756098,-0.0022277457208631085,1.5609756097560976,0.06961958148265557,1.6341463414634145,0.03593798100107384,1.5853658536585367,0.028400023536159117
2025-10-15,2025-10,392,383,0.017528086574822428,0.12583935480450853,0.06652731927144281,0.026644444701212713,0.11686575998330646,0.3245994299650192,0.02678967371880714,0.12321689940474093,0.05637891270212382,-0.10044509008382643,0.0957124890125987,0.1951701703824495,-0.18946021496044868,-0.06772149065486718,0.04924543769656815,-0.18721104004798284,0.04617843487420187,0.6831690278884611,0.029371225558156865,0.09870237341484796,0.057423823992467135,0.13016803136787405,0.07998197554875769,0.298736539326216,0.012196050009781544,0.1495734802619491,0.05676377135634783,-0.11121076376119648,0.10406899505404599,0.18952941708266735,0.009528537601565685,0.12372341331418424,0.050343600359157095,-0.22203823447732893,0.03454049164287204,0.17993969695740625,1.2894736842105263,0.12261567059398222,1.5789473684210527,0.1192695309836883,1.7105263157894737,-0.07199780644434087,1.657894736842105,0.0945576365727427,1.657894736842105,0.14542874341984385,1.5789473684210527,0.11977604489313161,1.0526315789473684,0.11423418103593805,1.5,0.0919624890125987,1.7368421052631577,0.04183632961104397,1.631578947368421,0.07590302818033663,1.5526315789473684,0.10018741610667757,1.5526315789473684,0.03065891269550362
2025-10-16,2025-10,373,365,-0.029213825585111278,0.020134106806980273,0.06813505598908673,-0.002919833268663971,0.029645655389734682,0.32664345805015826,-0.009943434733968434,-0.0053071540903255054,0.061812704593382686,-0.0839518545461945,-0.04783780946864333,0.15471912785950634,-0.22267130366882368,-0.0863461983276062,0.05692210785146044,-0.2160532074762623,-0.08107126729923703,0.6616478382299344,-0.11805554632212174,-0.03436828160513594,0.06263495392380275,0.23297157030006738,0.11940139158051832,0.33886206563976073,-0.09617575144026147,-0.014151524578576255,0.05972634603470199,-0.1433689700829818,-0.07389991734618512,0.16653055930510163,-0.009748155405573772,0.025407798547270072,0.05735283538129833,-0.2506094258794301,-0.12651401484412736,0.13312928839069274,1.1578947368421053,0.01723936996487501,1.4736842105263157,-0.008991364616641295,1.6052631578947367,-0.09035935622234305,1.5,-0.038118281605135945,1.5789473684210527,-0.018098892999628885,1.3684210526315788,0.021986745915691126,0.9473684210526315,0.027277234337103103,1.5,-0.05158780946864333,1.5789473684210527,-0.08501863572028966,1.631578947368421,0.11532244421209727,1.5789473684210527,-0.07784728576723775,1.3684210526315788,-0.1299350674757063
2025-10-17,2025-10,389,379,0.05377133939947184,0.009330562816255751,0.05545525463901088,0.052771500399135515,0.01770562825054657,0.32046740560939435,0.06643012270579947,0.029867575024732397,0.05050294308634832,0.0004474761149430577,-0.011783946450190524,0.14034951821361719,-0.14278499676513703,-0.056250299136742996,0.05841738252372114,-0.05645113407374958,-0.02927153656046693,0.6420699279559287,0.054741519333364526,0.03744859684746303,0.04987779020602898,0.11251904130637762,0.03129080712051234,0.33903471949069125,0.04083693526972597,0.011386136526297073,0.050205804374970665,-0.02879513896197471,-0.01459976706038317,0.1277100680101859,0.02861859485466688,0.004420927414876055,0.047833111214787304,-0.16904669087080965,-0.06808287257885881,0.11822314776088064,1.1842105263157894,0.006370036500466278,1.5,0.026117575024732397,1.7105263157894737,-0.06052661492621668,1.789473684210526,0.032974912636936714,1.657894736842105,0.007241399684191811,1.657894736842105,0.00027619057277079254,0.8157894736842105,0.015666154566336046,1.526315789473684,-0.015599735923874734,1.631578947368421,-0.03335048392888798,1.5526315789473684,0.02740922817314392,1.6842105263157894,-0.018810293376172644,1.4473684210526314,-0.07170129363149039
2025-10-20,2025-10,423,411,0.025491453276027507,0.028976873372430864,0.06033408862999516,0.08205733373160756,0.03365994567274227,0.35876571877700525,0.05438218978528072,0.046451051912344304,0.052501131556745545,0.08070935303902897,0.029585111260804334,0.1981930805415642,-0.03211763987980171,-0.017040785646599412,0.044372337601235594,0.008213865397596701,-0.013738695918994459,0.6004969215974575,0.047539071145856523,0.045789961541673876,0.05406319026513265,0.08803223991836646,0.02054290223365534,0.3865711514088439,0.046697019221805136,0.0347799048376934,0.053535500670022274,0.09193317110634619,0.04473413850904894,0.20654004130785059,0.11575399717022354,0.04687677651561757,0.04515382266561763,0.022259914523247354,0.03727928895948743,0.19797251995925497,1.2926829268292683,0.025745166055357694,1.5853658536585367,0.04248763727819796,1.6341463414634145,-0.02112615150025795,1.6585365853658536,0.041643620078259246,1.6097560975609755,0.030755514593790962,1.6829268292682926,0.04266945944244684,1.048780487804878,0.031037994453230074,1.4634146341463414,0.02592657467543848,1.829268292682927,-0.018311866650701777,1.8780487804878048,0.015847780282435827,1.5853658536585367,0.040770723874902604,1.4390243902439024,0.03368172798387767
2025-10-21,2025-10,372,358,-0.0320676159876994,-0.006675984675441882,0.062139795190684737,0.06602176801038166,0.05358401588095298,0.31942128245201373,0.05988825310213146,0.021103135533584935,0.05817831088374445,0.1342256519015831,0.008728543586561336,0.14687412273552683,-0.07411327181435627,-0.018550783441268252,0.051463195084122476,-0.012296070319261497,0.01825925479350024,0.6438555456697941,0.005253302370489756,0.03566871612541802,0.05713185406339945,0.17048593280034163,0.04923811111092663,0.3506550250781907,-0.03148484815284742,0.007676621617323642,0.05147129731366729,0.10789666733723818,0.015140806145509292,0.1224232262207402,-0.048189771585312666,0.010689519107131118,0.046174655231988576,0.08736225990839355,0.03621210102013627,0.1169058927334845,1.2926829268292683,-0.009907691992515053,1.5121951219512195,0.017322647728706887,1.7560975609756098,-0.022941027343707277,1.6829268292682926,0.03146139905224729,1.7317073170731707,0.0033473533246407153,1.5609756097560976,0.006787080082740874,1.121951219512195,0.05077913783217249,1.3902439024390243,0.005252933830463775,1.8048780487804879,0.01374705967154902,1.9024390243902438,0.04448201354995102,1.6585365853658536,0.010994464682094657,1.4878048780487805,0.032492588825014324
2025-10-22,2025-10,418,402,0.06066929124478563,0.0239388896187526,0.056221986307899485,0.23463115520076658,0.052804075978487214,0.28088423889130354,0.0363680233486185,0.029077135094999557,0.05224421234916059,0.20418712249028928,0.049216588828320286,0.14772514561191202,0.059691302886388395,0.051269148465473445,0.060852142185112326,0.04695827557758736,0.017214671080153426,0.7419421028345823,-0.01874926729546237,0.011622285426100293,0.046974988405895785,0.028307801053352885,0.00889366161428315,0.2682820602785796,-0.013720337171849518,0.01492764716897595,0.05258142608212751,0.15540023474477319,0.045970485811942935,0.14351288327015937,0.01983911266574321,0.04007369872153261,0.04533152705874714,0.17593674657743288,0.04554181313002124,0.13412051452323795,1.4,0.0204388896187526,1.6,0.025077135094999557,1.775,0.04683164846547345,1.775,0.007184785426100294,1.575,0.01099014716897595,1.8,0.03557369872153261,1.075,0.05011657597848721,1.55,0.04534158882832029,1.775,0.012777171080153426,1.9,0.004143661614283149,1.825,0.04140798581194294,1.525,0.041729313130021234
2025-10-23,2025-10,484,467,-0.04153272260521354,-0.034186488953007355,0.06012729026393289,0.11003743007328844,0.06573064537797126,0.30182974199031265,-0.03350915007326726,-0.04881398266105037,0.055780593276466825,0.09885106133017792,0.01838132698807035,0.1602138524993937,0.12767543612808718,0.043889781209495826,0.0622911923859813,0.0822696512074143,0.00938342756842897,0.7465873252838215,-0.059476402331216725,-0.04045979003387909,0.048127584823213526,0.07971975866519691,-0.00252842938081101,0.292056549895317,-0.053546754781423296,-0.03948797913905022,0.05464000078344958,0.12974396940820476,0.024341840225663727,0.16342161088547807,-0.0626826472392251,0.002855250206561407,0.047672175536224354,0.0323393081389903,-0.010006530709040463,0.15245912901740125,1.425531914893617,-0.037750318740241394,1.5957446808510638,-0.05280334436317803,1.8297872340425532,0.03931531312438944,1.7446808510638299,-0.04482149216153866,1.6595744680851063,-0.04363691530926299,1.702127659574468,-0.0014000689423747633,1.0851063829787235,0.06301787942052445,1.446808510638298,0.014764305711474607,1.8297872340425532,0.0048089594833225875,1.8297872340425532,-0.007102897465917393,1.5957446808510638,0.02035247852353607,1.4680851063829787,-0.01367674347499791
2025-10-24,2025-10,395,387,-0.0163904676787797,-0.018070886611166275,0.05336203419599267,0.10395382209942385,0.04452180374854539,0.30708773930867517,-0.013488479863857362,-0.019919283728254522,0.051799360556148276,-0.03640277347788753,-0.023706045353620257,0.1631956195984131,0.08329673590242494,0.012231143779448487,0.04819083807499314,0.037533422267920266,-0.01900312128306233,0.6302141734422781,-0.029756863111614767,-0.04345953307004643,0.050658455384587076,0.0932892505339977,0.01593346760389874,0.28867717225773215,-0.03937797300902101,-0.0319397900196208,0.05287482755678595,-0.04373738022777411,-0.022614392441044733,0.1580393240810969,-0.005155389920538028,-0.01234833202720799,0.04347336404635238,-0.08317084615998707,-0.034050726448749125,0.1446701924388225,1.3404255319148937,-0.02142195044095351,1.6170212765957446,-0.023961836919743882,1.851063829787234,0.007603484204980402,1.7659574468085106,-0.047874426687067706,1.6382978723404256,-0.03603553470047186,1.6382978723404256,-0.016444076708059054,0.8936170212765957,0.0422877611953539,1.3404255319148937,-0.02705710918340749,1.7659574468085106,-0.023418014900083606,1.7659574468085106,0.011518573986877462,1.5106382978723403,-0.026390988185725585,1.425531914893617,-0.037614556235983164
2025-10-27,2025-10,446,433,0.025020331712094165,-0.011032737190726637,0.05378664003337236,0.07332435412787015,0.031201620241766474,0.4005716853710108,0.0005440952142954001,-0.001392568203055635,0.04632279450540302,0.03547615770713069,-0.011176067735002747,0.13069205549220705,-0.02283238881503797,-0.03283575682035818,0.06613739838120838,-0.06582300174702149,-0.03375767423369924,0.6647563431152077,0.03841379844400266,0.010646025953155168,0.04845536331167201,-0.08928511164096614,0.014519220145297374,0.2578481681818186,-0.012680563356658302,-0.029008742792906356,0.04410448390239642,0.011531369337850665,-0.00777248861722506,0.12556535196165705,0.038467227309048446,0.012066344800486559,0.039271830201006164,-0.005568843261690185,0.0014306259810602275,0.10591020231503387,1.4651162790697674,-0.014695527888401056,1.627906976744186,-0.0054623356449161,1.697674418604651,-0.0370799428668698,1.8604651162790697,0.005994863162457493,1.7674418604651163,-0.033427347444069146,1.6744186046511627,0.007880298288858653,1.0465116279069766,0.028585341171999033,1.3488372093023255,-0.014548160758258561,1.8604651162790697,-0.038408837024396916,1.813953488372093,0.009984336424367142,1.6046511627906976,-0.011784116524201804,1.4186046511627906,-0.0021158856468467485
2025-10-28,2025-10,454,438,0.05974050647297558,-0.01849848519757188,0.05239802313120244,0.04452868950345392,0.0035260263101899725,0.3161470085721124,0.12216188281188135,-0.019417132770434102,0.047271298634935593,0.1049377614246185,0.04502198305360193,0.14583927994085985,-0.017677313671396556,-0.015048773167137337,0.05850038611132491,0.009430676535774176,-0.008237103186009207,0.6058009906925939,0.11253379464716513,0.01800863748005209,0.04741284237876825,0.012285494358021126,0.003316437772653445,0.2745477370917797,0.0840865643094543,-0.012558558900301407,0.05105566854730281,0.09931158784909114,0.05123708688075333,0.1371662344952876,0.12147157915457359,0.039044304212782224,0.0376565366911128,0.13182087626758981,0.06034743515300859,0.12569825414737518,1.2727272727272727,-0.021680303379390062,1.6590909090909092,-0.023564860043161374,1.75,-0.019423773167137337,1.7954545454545454,0.013520001116415726,1.5454545454545454,-0.01642219526393777,1.6136363636363635,0.035010213303691314,0.9090909090909091,0.0012532990374626999,1.5,0.04127198305360193,1.7954545454545454,-0.01272573954964557,1.7954545454545454,-0.0011721985909829181,1.75,0.04686208688075333,1.4318181818181819,0.056767889698463136
2025-10-29,2025-10,524,507,-0.004391575321471838,0.008787022383458607,0.04213473409664581,-0.07659559916679004,-0.001518934024807031,0.3137436202343773,0.018926126637072004,0.008473190465901281,0.039341541928787825,-0.12436530293520938,-0.02854765929499569,0.12655138764895646,-0.11269297319411396,-0.04616928678112661,0.0557069206300331,-0.0689421318178118,-0.00497565014675037,0.6949195961157482,-0.00911610101106985,0.003846378904113549,0.04279911503046073,0.0066737699414709615,0.029251367261849844,0.3456135776770466,0.010929145876382168,0.0078033374374361225,0.03741015949514999,-0.13412820507474077,-0.03905134600495422,0.1230461560920173,0.03740929250131883,0.009865121208275082,0.03402130116243109,-0.11911566313796547,-0.014576322137082438,0.10578107581857371,1.5098039215686274,0.005012512579537038,1.5882352941176472,0.004502602230607163,1.803921568627451,-0.05067909070269524,1.8823529411764706,-0.0008595034488276272,1.803921568627451,0.003293533515867495,1.7450980392156863,0.005502376110235867,1.0784313725490196,-0.00421501245617958,1.5686274509803921,-0.03246922792244667,1.8235294117647058,-0.009534473676162135,1.8627450980392157,0.024594504516751804,1.7058823529411764,-0.04331605188730716,1.607843137254902,-0.018595929980219694
2025-10-30,2025-10,578,563,-0.08484824550002269,-0.03086890304936745,0.04746044210658146,-0.071905209060256,-0.03071957561327495,0.3164495574310422,-0.026497414235798912,-0.03178257810911229,0.04587779917135363,-0.09512729400988941,0.009196837236646443,0.13284729986584612,-0.03754601274491553,-0.024577137561828413,0.051012657714424425,-0.07405304817099273,-0.027376361920014372,0.5604029473449502,-0.026893084926049755,-0.014162698894060412,0.04500441277603329,-0.0524208977884171,-0.011206203729727417,0.3449555765504816,0.04933849447333431,0.011731775240140645,0.04656697100789811,-0.04763102661008126,0.032328526340754386,0.1247247651086322,-0.029637238583988625,-0.028945282531338604,0.042102046470407814,-0.08138813110352879,0.020198648212927005,0.12871261968809578,1.375,-0.034306403049367454,1.6785714285714286,-0.03597900668054086,1.8392857142857142,-0.029175351847542698,1.7678571428571428,-0.01858234175120327,1.8035714285714286,0.007222846668712073,1.6785714285714286,-0.033141711102767174,1.1607142857142856,-0.03362136132756066,1.4107142857142856,0.005670051522360729,1.6785714285714286,-0.031572790491442945,1.875,-0.015893703729727416,1.7142857142857142,0.0280428120550401,1.4642857142857142,0.01653793392721272
2025-10-31,2025-10,426,419,-0.030086090312366,0.0015529905396019367,0.050406402731734676,-0.12986144446233816,-0.031869873855219916,0.3393485789142904,-0.058371676539468245,0.029429892101088168,0.043910290493596474,-0.2166969803391225,-0.03791158274820575,0.20312193834355902,-0.04918520168161103,-0.007082542492472723,0.05805836038913807,-0.018501319998806217,0.017768033099024288,0.64597007277466,0.0477390863988172,0.04831362274681688,0.04197659773611672,-0.008723895931034616,0.0003809725639900485,0.27294670364686424,0.0021907336012216014,0.03842796616363267,0.04735373332838106,-0.18945604194113572,-0.016490448314026185,0.1796693420924601,-0.029628338982787758,0.01815337958708358,0.039299112895853104,-0.19662825555066174,-0.012210559469020558,0.184867900308399,1.3928571428571428,-0.0019291523175409202,1.5892857142857142,0.025456677815373883,1.8214285714285714,-0.01163611392104415,1.8392857142857142,0.0437154084611026,1.7857142857142856,0.03396368044934696,1.6428571428571428,0.014046236729940723,0.9821428571428571,-0.03432523099807706,1.482142857142857,-0.04161693989106289,1.8035714285714284,0.013259104527595718,1.857142857142857,-0.004261884578867094,1.607142857142857,-0.020508305456883327,1.607142857142857,-0.0162284166118777
2025-11-03,2025-11,500,493,-0.13634579338317354,-0.019685455223125557,0.058739110199376554,-0.044413041652166606,0.019572941080650674,0.2782000371502066,-0.03407610430441722,-0.030388604425327967,0.06082037530483274,-0.19275926703706814,-0.05323814783173739,0.17519398885113852,-0.07183186450742313,-0.060929375724008805,0.06912630299038677,-0.056807842574702755,-0.0038279580597062463,0.5401275458992744,-0.11325602374223957,-0.02400158574652737,0.05542374430869233,-0.005783639134556538,0.0149591325998105,0.2557593502712493,-0.008099840399361598,-0.02360973850385122,0.05612474503605468,-0.22034584138336552,-0.06360146991483343,0.16897204084968082,-0.03279142716570866,-0.04622836789745976,0.058396718630186674,-0.2522670250681003,-0.07878340149000092,0.20859568444441778,1.5510204081632653,-0.023563006243533722,1.4285714285714284,-0.03396003299675654,1.7551020408163265,-0.06531713082604962,1.7755102040816326,-0.028440361256731453,1.693877551020408,-0.02784443238140224,1.7755102040816326,-0.05066714340766384,1.4489795918367345,0.01595049210105884,1.6122448979591835,-0.057268760076635346,1.8367346938775508,-0.008419794794400123,1.8979591836734693,0.010214234640626827,1.7346938775510203,-0.06793820460871097,1.673469387755102,-0.08296707495938867
2025-11-04,2025-11,577,563,-0.047011867337279724,-0.02021314553811981,0.060697633653311434,-0.04458196973626989,-0.015811329457445157,0.24925287312362343,0.02232584181278226,-0.0054427748449665065,0.057687380212152216,-0.09224955991936115,-0.0066738387483510336,0.15330315407897743,-0.043501416066428766,-0.015229289069059865,0.05798726090408762,-0.04823181752901308,-0.006005291088684123,0.48707568678738816,0.014921333482401954,-0.011785582448196838,0.05005035379315349,-0.052774632315064435,-0.017943970937921334,0.24482632082487854,0.10058711619548444,0.01360692809424253,0.05391785551713501,-0.02210551843684844,0.015328547380670042,0.15644946328497358,0.03695551387124461,-0.004468046415120143,0.053006791246823906,0.01720165231287775,0.04292205355128408,0.19576601730659604,1.4642857142857142,-0.023873859823834095,1.5535714285714284,-0.009326703416395077,1.8214285714285714,-0.019782860497631293,1.8749999999999998,-0.016473082448196837,1.7678571428571428,0.009187285237099673,1.732142857142857,-0.008798403557977286,1.1785714285714284,-0.01875775802887373,1.482142857142857,-0.010379195891208176,1.8749999999999998,-0.010692791088684123,1.9285714285714284,-0.022765399509349905,1.5892857142857142,0.011355333094955757,1.482142857142857,0.03921669640842694
2025-11-05,2025-11,673,650,-0.02876440038302144,-0.02345402530868529,0.05402698748234903,-0.06751415022735476,-0.022950099326761692,0.22837133249984337,0.018593294209788835,0.0013740625060089974,0.052530358396836646,-0.06022019303265859,-0.02176143886611954,0.16152667603813683,-0.036018743036398515,-0.015521615380652524,0.05752013609051315,-0.008207152476560202,-0.013876672188958016,0.6040467828512192,-0.04285280105188187,0.011363000617482468,0.050205031680458104,-0.08417853883234327,-0.0024736705725688733,0.28119081642765265,0.02488277168090088,0.022728371512742828,0.05125057547042089,-0.007203175911922787,0.01508306518143124,0.15276861397119668,-0.018480329199858654,-0.016604571295966916,0.05180294545819365,0.02407345615130193,0.029739174745124875,0.17459576946611588,1.4923076923076923,-0.02718479453945452,1.676923076923077,-0.0028182451862986957,1.7846153846153845,-0.019983153842190987,1.8,0.006863000617482468,1.8307692307692307,0.018151448435819752,1.7846153846153845,-0.021066109757505377,1.323076923076923,-0.026257791634454,1.4307692307692308,-0.02533836194304262,1.7538461538461538,-0.018261287573573398,1.9846153846153847,-0.007435209034107335,1.676923076923077,0.010890757489123546,1.5384615384615383,0.02589302089897103
2025-11-06,2025-11,661,638,-0.05696497048205168,0.0018264531198237156,0.05639033496330492,-0.11188780824871888,-0.021667104990270764,0.2189041228266433,-0.0654551188535676,-0.01097082052080451,0.05086309756134345,-0.14830163780212,-0.030566910242023494,0.16938528552418575,-0.08211839266157155,-0.024414449206831286,0.04940050249815187,-0.09664240415550854,-0.009424484895145292,0.4617350900080055,-0.016285654604134087,0.0011375186723035849,0.053909438700632195,-0.008501139111173344,0.008456102474801714,0.29340541260899045,0.00043204370696741534,0.01684160052979687,0.04992774944344316,-0.10332804116506371,0.0018547872932720595,0.15987272292841226,-0.011346735635211852,0.0028268568415235756,0.05535766452633217,-0.05944095257366827,0.02217494055903583,0.19762265661847778,1.4461538461538461,-0.0017889314955608997,1.676923076923077,-0.015163128213112203,1.7538461538461538,-0.02879906459144667,1.8615384615384616,-0.0035163274815425694,1.8615384615384616,0.012187754375950717,1.8,-0.001673143158476424,1.1846153846153846,-0.024628643451809228,1.4615384615384617,-0.03422075639586965,1.7692307692307692,-0.013847561818222213,1.9076923076923078,0.003686871705570944,1.6615384615384616,-0.0022990588605740943,1.5846153846153848,0.018213402097497368
2025-11-07,2025-11,436,427,-0.13704068307615938,-0.02161444119141509,0.08205841863776786,-0.1705957319721019,-0.020618367278521482,0.26062966859357994,-0.09363524757304771,-0.020889022710994014,0.07522756752463211,-0.25856575304449747,-0.05436830960340395,0.22356389991419262,0.01592028190374429,-0.008298007264666188,0.05601393582935481,-0.026344890964957974,-0.04092515329773364,0.45977849859830944,-0.11057482282186375,-0.007401979557090058,0.07845770638344052,-0.07303876090825044,-0.021207811917496204,0.3385095546931721,-0.0972745675909475,-0.008325021871012198,0.07519810056525641,-0.23262227768137717,-0.026844365150570537,0.22536542691117106,-0.2122837334797401,-0.04638390764412589,0.07454243817750154,-0.21458776458901532,-0.0387684122969834,0.2399776447997537,1.671875,-0.02579412869141509,1.703125,-0.025146835210994013,1.8125,-0.012829257264666188,1.890625,-0.012128542057090057,1.8125,-0.012856271871012199,1.796875,-0.05087609514412589,1.21875,-0.023665242278521483,1.625,-0.05843080960340395,1.859375,-0.04557359079773364,1.9375,-0.026051561917496205,1.78125,-0.03129749015057054,1.75,-0.0431434122969834
2025-11-10,2025-11,455,443,-0.15583000269533984,-0.058944064155901865,0.07467317638786229,-0.16522773487092873,-0.043046058742388746,0.26215337528000504,-0.07019463486936492,0.007217293734573443,0.08869201820130143,-0.3192916100599139,-0.1102093602238386,0.2250450843606483,-0.03726606477857808,-0.0139416599854875,0.06386586421669808,0.017061185737798447,-0.0041058241390143635,0.6506844471124086,-0.09352246425465971,-0.022226930639362465,0.07402037352401311,-0.14183022391511946,-0.007510307363533673,0.22722821949388494,-0.12724806320426824,-0.04286510004998193,0.07056684938519188,-0.2445676705923465,-0.11990527979103771,0.235052046620033,-0.15795347053099984,-0.052262409908468054,0.0730560056357352,-0.20245444396491208,-0.10192423907768483,0.2623115706850182,1.4318181818181819,-0.06252360961044733,1.5681818181818181,0.003296839189118898,1.8181818181818181,-0.018487114530942046,1.5681818181818181,-0.02614738518481701,1.5681818181818181,-0.04678555459543648,1.6590909090909092,-0.05641013718119533,0.9545454545454546,-0.045432422378752384,1.5227272727272727,-0.11401617840565678,1.8409090909090908,-0.008708096866287091,1.9545454545454546,-0.01239667099989731,1.5454545454545454,-0.12376891615467407,1.5,-0.10567423907768483
2025-11-11,2025-11,364,353,-0.16583903840108066,-0.08627974785038346,0.06737443727085744,-0.20690033546157094,-0.07138547837106678,0.2542802583958422,-0.038880300202929166,-0.0064354867947614,0.0630983459738648,-0.2366629781590132,-0.0635302885650259,0.16323279961943626,-0.23143759066013192,-0.10791979248736856,0.05033536238533583,-0.1335383724677166,-0.048973853200301426,0.5049069195985794,-0.10848852943373767,-0.04920667315304172,0.057646951926367776,-0.10739161880408646,-0.0477814851202703,0.23325938507914545,-0.06968872159526177,-0.011782130515511816,0.06299203945329465,-0.1477801244695609,-0.06334881126258866,0.1520904956119401,-0.06689985400028714,-0.03210462963322233,0.0635871629480739,-0.07117826576774831,-0.02510518675120043,0.19681585941995894,1.5454545454545454,-0.09014338421401982,1.6590909090909092,-0.010583214067488671,1.7954545454545454,-0.11240842885100492,1.7045454545454546,-0.05346803678940536,1.7045454545454546,-0.01604349415187545,1.6818181818181819,-0.036309175087767785,1.2045454545454546,-0.07439684200743041,1.5909090909090908,-0.06750756129229864,1.8863636363636365,-0.053689762291210516,1.9090909090909092,-0.05255421239299757,1.5227272727272727,-0.06715562944440684,1.5681818181818181,-0.029025641296654976
2025-11-12,2025-11,400,385,-0.18192555181245926,-0.03633420535826096,0.071562855355928,-0.12257336557916151,-0.031982451871423345,0.2643950628116727,0.0019977313294644674,-0.007306076344187097,0.07119403146220396,-0.19942775577164984,-0.03765180858629185,0.1872505462287288,-0.1856968544778417,-0.05685708069298643,0.056314232157289715,-0.010377696561259312,-0.01891695775047974,0.6940925199734538,-0.08776986517586988,-0.015089198726384926,0.0629905426559805,-0.05114563455766766,0.01708964112270435,0.24475471577362012,-0.008754805127913549,0.008581317718494817,0.06659615234094675,-0.07152635664252706,-0.006215392488493083,0.20805695496107404,-0.0289849651233725,-0.0008041486814553411,0.07016397159045445,-0.10544691398603662,-0.03245597699024948,0.21689642769725698,1.4736842105263157,-0.04001841588457675,1.6052631578947367,-0.011319234238923939,1.763157894736842,-0.06126497542982853,1.763157894736842,-0.01949709346322703,1.7368421052631577,0.004239212455336923,1.7105263157894737,-0.005080464470929026,0.9736842105263157,-0.034416662397739134,1.526315789473684,-0.04146759805997606,1.7894736842105263,-0.023390641961006056,1.9210526315789473,0.012287009543756982,1.7368421052631577,-0.010557497751650977,1.5526315789473684,-0.0363375559376179
2025-11-13,2025-11,401,385,-0.1997245691740797,-0.042691567658045285,0.06882250897951515,-0.10031767595935534,-0.03368287246428569,0.24469842744599046,-0.1189647150779767,-0.013778443162186196,0.0683013983519547,-0.034924070420962516,0.004926827528450202,0.17002739806316403,-0.13687115137126962,-0.03555461789901067,0.044191394817602134,-0.05542812367698712,-0.028092679579312083,0.47473539882584626,-0.05457587374846466,0.007965325786785882,0.05785748884926464,-0.05662206424237912,-0.014424907699396517,0.19665235477058512,-0.08031488443071426,-0.014526337493954163,0.05657927466985139,0.04146183049838091,0.02345881070449423,0.16377350570339905,-0.025896080693787918,0.006939372658730021,0.054636847501295195,0.0401996873487922,0.008386591738845303,0.1979070925398877,1.3684210526315788,-0.046112620289624234,1.5789473684210527,-0.017725811583238826,1.789473684210526,-0.040028302109536985,1.789473684210526,0.0034916415762595663,1.7368421052631577,-0.018868442757112056,1.5789473684210527,0.0029920042376773894,0.8157894736842105,-0.03572234614849622,1.5526315789473684,0.0010452485810817807,1.894736842105263,-0.032829521684575244,1.789473684210526,-0.01889859190992283,1.5526315789473684,0.01957723175712581,1.4736842105263157,0.004702381212529514
2025-11-14,2025-11,384,379,-0.10872281134982344,-0.034067676130548695,0.06577077671434543,-0.04941974869870341,-0.024021228531002498,0.25904919986466046,-0.04863010084222856,-0.02399984440063572,0.07705867922362643,-0.043915525905261474,-0.016919640102180434,0.18905955856960072,-0.020463719279305032,0.0211272704716222,0.05737511462409616,2.5432616783352535e-06,-0.001993192720231029,0.4928087811720998,0.019798101475270575,0.012945611525843548,0.05765628482862713,-0.016796653385069846,0.023370993735236982,0.2483421447441766,0.026025003186884443,0.04081820528482152,0.05935027131332285,-0.0300328977554383,-0.01402689305549128,0.16910435278948985,0.03712585104116034,0.009804837629802634,0.059959543391287395,-0.008812860027818012,-0.02212560919062586,0.2063659105057779,1.2105263157894737,-0.03709399192002238,1.3157894736842104,-0.027289318084846245,1.8157894736842104,0.016587796787411672,1.5,0.009195611525843549,1.4473684210526314,0.03719978423218994,1.4736842105263157,0.006120627103486845,0.7894736842105263,-0.025994912741528813,1.2368421052631577,-0.02001174536533833,1.7368421052631577,-0.006335297983388923,1.8157894736842104,0.018831520051026455,1.2368421052631577,-0.017118998318649176,1.131578947368421,-0.024954556559046912
2025-11-17,2025-11,415,406,-0.17462777531530804,-0.054218995405690355,0.07390130406829071,-0.15006161770829135,-0.011500455703402268,0.28161172071335516,-0.17141492390968557,-0.0493339928197364,0.06814112321455734,-0.21891781171508778,-0.041028646861970205,0.20632105357036357,-0.14851737265246037,-0.011004538130010006,0.06109899613796342,-0.078971044988845,-0.050776603969611055,0.5001492618424137,-0.13851224876564167,-0.040042014489351685,0.0685631773708445,-0.11997488280882729,-0.020726547685314848,0.36344757948706785,-0.07734214449772334,-0.03438827771560403,0.06174937096211778,-0.11733757773569194,-0.03670251005320616,0.1883564768586217,-0.05894615250298854,-0.029997534896129146,0.07713548665466752,-0.036640038414527676,-0.026705562786905078,0.23334372261675393,1.2926829268292683,-0.05745070272276353,1.4634146341463414,-0.052992529405102254,1.7560975609756098,-0.01539478203244903,1.5121951219512195,-0.04382250229422974,1.5609756097560976,-0.03829071673999428,1.5609756097560976,-0.03389997392051939,1.024390243902439,-0.014061431313158367,1.3414634146341462,-0.044382305398555574,1.829268292682927,-0.05534977470131837,1.8048780487804879,-0.025238742807266068,1.4634146341463414,-0.04036104663857202,1.2926829268292683,-0.029937270103978248
2025-11-18,2025-11,385,378,-0.06308079873494381,0.0073484826832317385,0.07209481022409593,0.02574082329587511,0.007092972136601445,0.24218426115418734,-0.13504054235919521,-0.024050627444864237,0.07432165351572204,-0.003016915079738914,0.038350628079745146,0.21112794174175512,-0.06400908632786163,-0.026944872075889255,0.04458300670685433,0.08488848551678062,-0.026533515310144785,0.45870184310172735,0.000719584819325752,0.02971586772638387,0.0618634133331486,-0.027740604602651237,0.0011383283538529722,0.22232605252218873,-0.008693476212906264,0.0005305326564072135,0.06653400528559253,0.036769270237534485,0.03252014132694032,0.17944696692651824,-0.017413344640895796,-0.015990378930706567,0.06070019834760021,0.012879979476482067,0.030190519889799015,0.23064657790880455,1.3170731707317074,0.00405579975640247,1.4634146341463414,-0.02770916403023009,1.8536585365853657,-0.03157901841735267,1.5853658536585367,0.025752453092237528,1.7073170731707317,-0.003737760026519615,1.4634146341463414,-0.01964891551607242,1.121951219512195,0.004288094087820957,1.3414634146341462,0.034996969543159784,1.7560975609756098,-0.03092375921258381,1.9024390243902438,-0.0036177692071226375,1.5365853658536586,0.02867867791230617,1.4634146341463414,0.02653198330443316
2025-11-19,2025-11,328,322,-0.06158160811969794,-0.04230978412133115,0.07645742139783297,-0.020027871843928555,-0.005250258892588858,0.2621626168838702,-0.04896412367263574,-0.05100198507900931,0.08455699596696159,-0.06361860598612121,-0.04228974387245221,0.1696259572636336,-0.11765219005516858,-0.04163484496624411,0.049045664299137454,-0.0028450883260102856,0.06368985460178359,0.5822121426463127,-0.08284528134035139,-0.06331264007387802,0.07244367501932238,-0.02824013586333683,0.025566857781883924,0.24226162931881845,-0.041767638055064914,-0.04248300021746152,0.07158629997168828,-0.04336186944033909,0.005726542705956739,0.15772511065006256,-0.017806557976904048,-0.05937908352215379,0.07857233698492802,-0.07344890604032779,-0.0007323822450039895,0.19312678929418325,1.4210526315789473,-0.04586241570027852,1.5,-0.054751985079009316,1.763157894736842,-0.04604273970308621,1.736842105263158,-0.06765474533703592,1.763157894736842,-0.046890894954303625,1.4473684210526316,-0.06299750457478537,0.9473684210526316,-0.007618679945220436,1.526315789473684,-0.04610553334613642,1.763157894736842,0.05928195986494148,1.868421052631579,0.020895805150304977,1.6052631578947367,0.001713384811219897,1.394736842105263,-0.0042192243502671475
2025-11-20,2025-11,342,335,-0.13390904396067072,-0.03500890014496229,0.07376213943222962,-0.018101840873054623,-0.010992114420679502,0.257834425634321,-0.13227709887562283,-0.05306147266409749,0.0752563303427194,-0.049854872383544295,-0.01527153914725769,0.18487001528196476,-0.0514158958560151,-0.011695725190604144,0.04997507952218791,0.03526453014577879,0.015134765976720185,0.5357951298356056,-0.11066852600409996,-0.03575858303796182,0.06624047865795339,-0.06759597539542794,-0.0030693042501245653,0.2185213445850155,-0.12070048842856437,0.0025385111969257225,0.07144185004342454,-0.0493559891709644,-0.0329801300770973,0.1688385515966836,-0.14873004523397787,-0.027834327383462906,0.0869380250089562,-0.04280600957777771,-0.03375282532612034,0.20738789844600594,1.411764705882353,-0.03853831190966817,1.411764705882353,-0.056590884428803376,1.8823529411764706,-0.01640160754354532,1.7352941176470589,-0.04009681833207947,1.588235294117647,-0.0014320770383683947,1.6176470588235294,-0.03187844503052173,1.088235294117647,-0.01371270265597362,1.4411764705882353,-0.01887448032372828,1.7647058823529411,0.010723001270837832,1.7941176470588236,-0.007554598367771624,1.4705882352941178,-0.03665660066533259,1.3823529411764706,-0.037208707679061516
2025-11-21,2025-11,332,327,0.09306598485064616,0.039393418716460085,0.06149866197559177,0.14935614098428499,0.026683526756037124,0.263048331676559,0.10350867010132471,0.02424609172013436,0.07251491884072855,0.21738329163801445,0.0549044362514856,0.17063191544377443,0.11917624278063506,0.03502428991506265,0.05566340971419302,-0.03692513177214861,-0.041416233479504606,0.43865329614191345,0.02197964717529381,0.0032531105515405667,0.05743917181839013,0.09874395926155836,0.003049200854446453,0.21883867635871423,0.0045986185780616355,-0.005539341946210724,0.058312299945998874,0.05174908829405972,0.02779294366277643,0.16159042795047618,0.033786166759988356,-0.0027723573545461178,0.060433977094973904,0.03143266296180066,0.03161894345205683,0.18640009686350822,1.2941176470588236,0.03615812459881303,1.4411764705882353,0.020643150543663773,1.8529411764705883,0.03039193697388618,1.5,-0.0004968894484594331,1.6764705882352942,-0.00973051841679896,1.5294117647058825,-0.006595886766310824,1.2647058823529411,0.02352176205015477,1.411764705882353,0.05137502448677971,1.7352941176470589,-0.045754468773622256,1.8235294117647058,-0.0015096226749653115,1.4705882352941178,0.024116473074541137,1.4705882352941178,0.027942472863821538
2025-11-24,2025-11,343,335,0.039105832925931346,0.008702342326342507,0.05905946957718522,0.030769555592826396,-0.014452396685630892,0.2833622367504765,0.017079361907378795,0.0006672258094758965,0.05733171801716898,0.05846218536374158,-0.0030390419230574423,0.15192579434198492,-0.0672359471346355,-0.05711046982905857,0.04750257523992463,-0.014938017357678711,0.007712973630532645,0.5739077154327841,-0.0273738451491805,-0.01776907421777975,0.053099510789659576,0.03610354790631063,-0.00845305994042966,0.21468939654090824,-0.00541279634777499,-0.011307559599597915,0.05242627358496528,0.008967899102288231,-0.018363213909649914,0.15704821817138614,0.057582409510844895,0.0018834922632774698,0.0707132808956132,-0.041671870706667,-0.008711822741014556,0.1569174708908095,1.4411764705882353,0.005099401149871919,1.6470588235294117,-0.0034504212493476323,1.8529411764705883,-0.06174282277023504,1.5588235294117647,-0.02166613304130916,1.6764705882352942,-0.015498736070186151,1.4705882352941178,-0.0017929783249578243,1.1176470588235294,-0.017246514332689714,1.411764705882353,-0.006568453687763325,1.8529411764705883,0.0030806206893561738,1.8823529411764706,-0.013158942293370836,1.6470588235294117,-0.022480860968473442,1.5,-0.012461822741014556
2025-11-25,2025-11,313,305,0.10382212565725314,-0.004363399616727583,0.06618003826307942,-0.06289906751842814,-0.017213900013951917,0.28484223584334056,0.06406877853836605,0.01790577129605272,0.06943445458900492,0.0008155496037305525,-0.016874063257815347,0.14887518224616847,0.0034260889186239997,-0.009905285296158976,0.050953535555671094,-0.010152224672285977,0.0014781496828099108,0.4480106910069783,0.03471173217413628,-0.0232283221871496,0.06588958578175444,0.07037480843976439,0.016205759716425107,0.2433623301486174,0.06100577146139915,0.0018050644982578017,0.060124422778398585,-0.03819268885608602,-0.03814829063861647,0.14258829082051913,0.08651869894009859,0.042898476680532566,0.05978296937948688,-0.051412106137284704,-0.03734521379696876,0.15917312912642956,1.4705882352941175,-0.008039870204962876,1.5588235294117647,0.01400871247252331,1.7058823529411764,-0.014169991178511917,1.6470588235294117,-0.02734596924597313,1.7058823529411764,-0.0024596413840951396,1.6176470588235294,0.03885435903347374,1.1764705882352942,-0.020155076484540152,1.6176470588235294,-0.02091818090487417,1.7647058823529411,-0.002933615023072442,1.8529411764705883,0.011573406775248636,1.5588235294117647,-0.04204534946214588,1.4117647058823528,-0.04087462556167464
2025-11-26,2025-11,307,299,0.13234402437314874,0.0363282787698825,0.06550504138600578,-0.025793616232397606,-0.028374983755182964,0.2583466902375221,0.14698997751306622,0.03228155584847671,0.058098623407173006,-0.012375278805629447,-0.000222546223173338,0.13668690882623197,0.04964592173337905,0.008168419194927367,0.051984357328204014,0.017456156904850546,0.01753696577853322,0.5365283941229184,0.012446613232204341,0.007685159626122713,0.04840503122858307,-0.038401561394471914,-0.010685390304812078,0.22665361675123374,0.09942857806433204,0.014915649030518265,0.05157530307143089,-0.11423213051877547,-0.02159599239254245,0.13283212333917616,0.10526224111202076,0.011670239837930054,0.06148333808435319,-0.031881926593557174,-0.0026467535968493702,0.16137634143233298,1.4,0.032828278769882493,1.5666666666666667,0.028364889181810043,1.9333333333333333,0.0033350858615940338,1.6666666666666667,0.0035184929594560457,1.6,0.010915649030518264,1.5,0.007920239837930054,1.0333333333333332,-0.030958317088516298,1.4333333333333333,-0.0038058795565066718,1.9333333333333333,0.012703632445199885,1.8,-0.015185390304812078,1.4,-0.02509599239254245,1.3333333333333333,-0.0059800869301827025
2025-11-28,2025-11,361,349,0.14108114864072074,0.032290227274289124,0.06250386536475445,-0.0015426761145375797,-0.015679753194840287,0.27633679679461887,0.1186251103186871,0.04585541762969429,0.05818520080955917,-0.02014993138560271,-0.007533843552218684,0.1394901859973158,0.04813996562945589,0.0020799022100605573,0.05724151000977311,0.06651058106511532,0.03198254189716923,0.3606154612132481,0.08101217714247817,0.03264882608742068,0.053897375401459655,-0.003020563913418323,-0.009954526211658878,0.3017368832337005,0.08629038429163925,0.011910907902256296,0.052489848136432746,-0.15195614800304047,-0.06166129598680624,0.13262258571173463,0.052804521204432825,0.02578576816075799,0.0538139763393862,-0.07966641669599996,-0.01043150877139791,0.14133760599153383,1.4857142857142858,0.02857594156000341,1.542857142857143,0.041998274772551435,1.9142857142857141,-0.0027058120756537282,1.7714285714285714,0.028220254658849253,1.6857142857142857,0.007696622187970581,1.5142857142857142,0.022000053875043706,1.1714285714285715,-0.018608324623411717,1.4285714285714286,-0.011105272123647255,1.8,0.02748254189716923,1.8285714285714285,-0.01452595478308745,1.457142857142857,-0.06530415312966338,1.542857142857143,-0.014288651628540767
2025-12-01,2025-12,319,314,-0.1347141716448808,0.1255016527995166,0.06390255081899979,-0.07654632696516236,-0.04629692808127103,0.3515117781296853,-0.045098923522801204,0.14507649078250556,0.055294892077075594,-0.16061801324895014,-0.053621157922238025,0.10824673508684482,-0.12006717477117602,-0.055309519379464205,0.0441581599065478,-0.019674786193052532,-0.14471680365068673,0.4087833563286451,0.07267514934642456,0.17322885141315736,0.059319482242810376,0.039692139350564856,-0.004238064935814689,0.2645257159827217,0.010040589696575383,0.15041867968150885,0.05712179880356666,-0.30214112497781986,-0.1032910285364371,0.11826041130529297,0.027634263914355,0.15627583346870622,0.051390002497817125,-0.011544035015082511,-0.04134715213780207,0.09537554039589821,1.7428571428571429,0.12114450994237376,1.5714285714285714,0.14114791935393414,1.857142857142857,-0.05995237652232135,1.6857142857142857,0.16901456569887163,1.6285714285714286,0.1463472511100803,1.7428571428571429,0.15191869061156335,1.4285714285714286,-0.049868356652699605,1.6285714285714286,-0.0576925864936666,1.7714285714285714,-0.14914537507925815,1.9142857142857141,-0.009023779221528975,1.5999999999999999,-0.1072910285364371,1.657142857142857,-0.045490009280659216
2025-12-02,2025-12,313,303,-0.1468881538680688,-0.029501039270866426,0.05708790375872051,-0.14080127357227945,-0.04892047850207757,0.3321913762638966,-0.049565770710029065,0.0003737439348931969,0.0452064561803385,-0.1604402089434954,0.06903732683011488,0.10424098279327154,-0.07939152634355673,0.06058326985481476,0.047117480444898,0.0128318581066268,0.10744427196317669,0.42726871669292454,-0.09997782088372721,-0.027645890037251757,0.04553027735360908,-0.063648872240476,-0.02223975742878153,0.30544329142818843,-0.07051334229759577,-0.10339734378458643,0.04215533899635911,-0.22145380717652344,0.07885703603113997,0.09760603901619713,-0.018173372383705914,-0.013417997598014965,0.04272677834204658,-0.07017483442464618,0.10954526936011529,0.07951250864813725,1.3225806451612903,-0.03280749088376965,1.5483870967741935,-0.003497223807042287,1.7419354838709677,0.05622843114513734,1.7741935483870968,-0.032081373908219496,1.6129032258064515,-0.10742960184910255,1.6774193548387097,-0.017611545985111738,1.096774193548387,-0.051662413985948535,1.3870967741935483,0.06556958489463101,1.8064516129032258,0.10292814293091862,1.9032258064516128,-0.02699782194491056,1.4838709677419355,0.07514735861178513,1.2903225806451613,0.10631946290850239
2025-12-03,2025-12,303,296,-0.05396562153448355,0.0003028423823996096,0.04577389899846862,-0.039955102167588664,-0.022709490870745693,0.3291066002100706,-0.04423718162540507,-0.0028886826019936807,0.03980425668177561,-0.09309786416076254,-0.000780666132951198,0.1281616268058618,-0.0904742718504318,-0.015327816681781688,0.050768858605328766,-0.011608637502018612,0.008424819226895322,0.3947826803972324,-0.04591157094099093,0.006890645817317194,0.041623939613997574,-0.05204533611255863,0.011932327841015049,0.22272740192711354,0.056286645569401834,0.012644373573888187,0.03667434230679616,-0.060124185126773394,0.02315170684436714,0.1436895520115892,-0.010292681411745217,-0.012562217089264235,0.037261320117484065,0.008260890571455194,0.05153926124733699,0.12313437461853027,1.4,-0.0031971576176003905,1.6,-0.006888682601993681,1.7666666666666666,-0.019744483348448354,1.8,0.0023906458173171942,1.5666666666666667,0.008727706907221522,1.5666666666666667,-0.0164788837559309,0.9666666666666667,-0.02512615753741236,1.5666666666666667,-0.004697332799617864,1.9,0.003674819226895322,1.8333333333333333,0.007348994507681716,1.5666666666666667,0.019235040177700474,1.2666666666666666,0.04837259458067032
2025-12-04,2025-12,335,330,-0.11044520766569207,-0.026261663898679795,0.053023734924783406,0.04871238333567407,0.01855918601521981,0.3800976584580812,-0.07629336210308593,-0.015271400947680234,0.04541591263270681,0.04398452561827305,0.005976413654874564,0.14451944709501482,0.09170560588848675,0.0287813732414672,0.04470373039746685,-0.024278895369041275,-0.011290967054383205,0.4196805048621062,-0.05003447263256004,-0.0006483285220627646,0.044500730701606914,0.046188858955862264,0.024183147603034492,0.22100109121564665,-0.10431386693563832,-0.01564603857052764,0.043932745879081796,-0.0028120730819810274,0.015870655446208033,0.12540453028949824,-0.11274689427115918,-0.034904730365792905,0.039657096212754095,0.042132260000255356,0.02430041719389008,0.11802604941256117,1.3333333333333333,-0.02959499723201313,1.6666666666666667,-0.019438067614346903,1.9090909090909092,0.024008645968739927,1.8484848484848484,-0.005269540643274886,1.696969696969697,-0.019888462812951882,1.7272727272727273,-0.03922291218397472,1.2424242424242424,0.015453125409159205,1.5151515151515151,0.0021885348669957766,1.8484848484848484,-0.01591217917559533,1.7272727272727273,0.019864965784852674,1.5454545454545454,0.012007019082571669,1.303030303030303,0.02104284143631432
2025-12-05,2025-12,289,284,-0.019605856948984084,-0.030986994929605723,0.048747472488550145,-0.00013671797319333412,-0.005901109286625855,0.35171915168341783,-0.0059072107544843495,0.007593801144326985,0.05346926765153705,0.0234846677007517,0.008742371960005728,0.13377061040539825,0.02574074335192342,-0.009765055892574658,0.05123408008683273,-0.019559922265266632,-0.0034101010787521147,0.4377145346786295,-0.019553904112713447,-0.0029773911915726616,0.05298362423985742,-0.09943771626297578,-0.02558992398308454,0.2089082778298429,-0.08263184584178498,0.003227811910328761,0.04630639776542722,0.04101638627053256,0.031003770563327832,0.11537343676068954,-0.10374110090283578,-0.02455117867837321,0.040999377247495146,0.06278735632183909,0.009263236974280767,0.11108571596975837,1.2121212121212122,-0.03401729795990875,1.606060606060606,0.00357864962917547,1.7878787878787878,-0.014234752862271629,1.7272727272727273,-0.00729557300975448,1.7272727272727273,-0.0010903699078530574,1.6363636363636362,-0.0286420877692823,1.0909090909090908,-0.008628382013898582,1.4848484848484849,0.005030250747884516,1.9393939393939394,-0.008258585927236963,1.7878787878787878,-0.030059620952781512,1.5757575757575757,0.027064376623933892,1.2727272727272727,0.006081418792462585
2025-12-08,2025-12,374,367,0.059971387361981286,0.0032649550813387863,0.04708271749810927,0.03660151318842823,0.007839850847808232,0.3358194781719027,-0.08017342146626852,-0.0462600019062151,0.03496402849683249,0.04869217924859461,-0.005701508828319386,0.11907553164338744,-0.09528465740307569,-0.025292552290561647,0.045262233463636115,-0.0927704686363296,-0.032479074183974346,0.42728008239253146,0.07660346527524868,-0.006525476085055746,0.04011031263954812,0.029516195008885658,0.007607625873935702,0.2423673521828007,-0.07105951576662803,-0.0031179765259643022,0.03393636304014512,0.13647185769218287,0.032225192979800865,0.11722443947518195,-0.03658740586299304,-0.0368708546060451,0.03722981942286385,0.06235609882904048,0.01404452356266396,0.09557920638975259,1.2432432432432432,0.00015684697323067832,1.5135135135135136,-0.050043785689998885,1.7567567567567568,-0.02968444418245354,1.7297297297297298,-0.010849800409380071,1.6216216216216215,-0.0071720305800183565,1.6486486486486487,-0.04099247622766672,0.9189189189189189,0.005542553550510935,1.4864864864864864,-0.009417725044535603,1.9189189189189189,-0.03727637148127164,1.864864864864865,0.00294546371177354,1.4054054054054053,0.028711679466287353,1.3783783783783783,0.010598577616718015
2025-12-09,2025-12,328,321,0.10753104296331159,0.019498830189123698,0.053270217149202895,-0.010087390269067355,0.027557752573970504,0.35547607508488,0.014186213262830955,0.011417626638895867,0.04999168389405419,0.04751204005166289,0.032427029763981235,0.1326239510672167,-0.018105307152972133,-0.0359120550155105,0.03736103005926842,-0.07893798295021319,-0.004082672906667965,0.4435480716638267,-0.023094592798905956,-0.009308404272484347,0.04640199669660272,-0.03069643562780682,0.03146291120733649,0.22147828561719507,-0.05406001900291165,-0.005035595534568196,0.04905077488636747,0.13275989066184407,0.060643083848345276,0.13008334988262504,-0.07603681151002414,-0.01533926735447767,0.04589107187689762,0.05651291810316391,0.05520555361058496,0.11238386284094304,1.2162162162162162,0.016458289648583157,1.5675675675675675,0.007498707719976948,1.7297297297297298,-0.04023637933983482,1.810810810810811,-0.013835431299511375,1.7027027027027026,-0.009292352291324952,1.6756756756756757,-0.01952845654366686,1.054054054054054,0.02492261743883537,1.5135135135135136,0.028643245980197452,1.7567567567567568,-0.008474564798559858,1.837837837837838,0.026868316612741895,1.4864864864864864,0.05692686763212906,1.1891891891891893,0.05223258063761199
2025-12-10,2025-12,328,316,0.18079291247166396,-0.003484974921092388,0.05250705493939649,0.04460889300898251,0.020759074644374025,0.37051309482194483,0.03362882838275972,-0.010866984367323841,0.04217508367589226,0.08399266544741518,0.029718162683263587,0.14370864006923512,-0.10459183023915107,0.019517596203561235,0.05151039150243281,-0.007388899970318346,0.04908896460551969,0.44554442586377263,0.022973187122908845,0.00474291899948821,0.04476222454918094,-0.0031891429033918907,-0.024726014520822175,0.22628039540722966,-0.022236943319769217,-0.016379831064445145,0.04429168623079946,0.15808055629425538,0.030630836331489133,0.131934852397535,-0.06708694342178914,-0.010663373083915413,0.04194008579214638,0.06186998444536187,0.028806706615663338,0.10859980236273259,1.125,-0.006297474921092388,1.5625,-0.014773234367323841,1.90625,0.014751971203561236,1.65625,0.0006022939994882095,1.53125,-0.020207956064445143,1.5,-0.014413373083915413,1.0,0.018259074644374026,1.34375,0.026358787683263586,1.78125,0.04463583960551969,1.71875,-0.029022889520822173,1.4375,0.027037086331489133,1.25,0.02568170661566334
2025-12-11,2025-12,348,338,0.09732980218890332,0.013602318281535998,0.05687874760543213,0.07800569876824714,0.04521347554258215,0.36559255130808144,0.021868106421529122,0.015391467471442502,0.053703968784315395,0.08694707582915312,0.03317199895285296,0.16981045485419388,0.12785906330288305,0.04914209644780259,0.042894586015341976,-0.11587296573742437,-0.03821240426085196,0.4890621444758247,-0.01310654054243367,0.015929962002898552,0.0528562500113844,-0.022956520055455787,-0.02516895984139038,0.3035904073759037,-0.018750069405154404,0.015054678400236648,0.051886240396494844,0.1081191359763006,0.021370855109644836,0.16138330737457557,-0.0649361743081623,-0.0006239504476076158,0.05942238332271168,-0.021488405281682423,-0.012943948526402814,0.12747397082036033,1.3529411764705883,0.010219965340359526,1.5588235294117647,0.01149440864791309,1.8235294117647058,0.04458327291839083,1.7647058823529411,0.011518197297016199,1.6470588235294117,0.01093703134141312,1.6176470588235294,-0.00466806809466644,1.0294117647058822,0.042639946130817445,1.3529411764705883,0.029789646011676486,1.8823529411764706,-0.04291828661379314,1.8235294117647058,-0.029727783370802143,1.5588235294117647,0.017473796286115423,1.3529411764705883,-0.016326301467579286
2025-12-12,2025-12,305,298,0.14108849752152802,0.018393397250560634,0.05373687097761318,0.0241837114483412,0.034893315576578925,0.3615361448377371,-0.003920299785142702,0.002416773592511969,0.04693948588963036,-0.15904684565802163,-0.010055154403065987,0.18587294922520717,-0.04855146267245071,0.0077143435969161955,0.047531501203237334,-0.1192600609365495,-0.049785482841739184,0.5670777291059494,0.11780948309579434,0.019588016038525783,0.047673430830633065,0.03588582111015243,0.038522648249721986,0.21373821472128232,0.11796807592752373,0.02253750083460578,0.04886504882246916,-0.05400023685056421,0.01601344173069577,0.18286726679652932,0.08944957620666903,0.017384611948403718,0.04749430428901417,-0.10957468405826525,-0.007564945794165643,0.16319440559794507,1.2647058823529411,0.01523163254467828,1.4705882352941175,-0.0012596969957233248,1.7647058823529411,0.0033025788910338427,1.7647058823529411,0.01517625133264343,1.6764705882352942,0.018346324364017542,1.6470588235294117,0.01326696488958019,1.1470588235294117,0.032025668517755394,1.5,-0.013805154403065987,1.7352941176470589,-0.054123718135856834,1.7352941176470589,0.034184412955604336,1.5,0.012263441730695771,1.3529411764705883,-0.010947298735342115
2025-12-15,2025-12,352,346,0.0793030599704183,0.016839342201001094,0.052860563365299124,-0.035223258078115764,0.0013000225874748804,0.3110107139817306,0.03713714539277242,-0.01297023624449153,0.05206943604663407,-0.06871119595877041,-0.018768513285005634,0.19249669026051247,0.046870658869761765,-0.014878083563599515,0.05089068092279514,0.017181689264685423,-0.0011322188106670447,0.4633249776703971,0.053537668410080744,-0.0021945344481256093,0.045336042419917774,-0.05271389345032197,-0.021616265258592712,0.2287900862949235,0.12264314276475441,0.021936353827933967,0.044593164292666534,-0.09571555166199165,-0.01338324186583059,0.17528364578528063,0.09826584227722347,0.03602358460570114,0.04405859219233903,-0.04101843512885697,-0.010731350419134734,0.1590140020740884,1.1142857142857143,0.014053627915286809,1.4,-0.01647023624449153,1.7714285714285714,-0.019306654992170942,1.7142857142857142,-0.006480248733839894,1.6285714285714286,0.017864925256505397,1.7714285714285714,0.03159501317712971,1.0,-0.0011999774125251196,1.3714285714285714,-0.022197084713577064,1.7714285714285714,-0.005560790239238473,1.8285714285714285,-0.026187693830021286,1.542857142857143,-0.01724038472297345,1.3142857142857143,-0.01401706470484902
2025-12-16,2025-12,340,333,-0.1316787291565213,-0.030079459209442726,0.041361031834953585,0.028298433275679668,-0.01936107177484449,0.28674114980932436,-0.08727309365082031,-0.027593278205630282,0.03494226852034151,0.11565823640851768,0.011911305002298832,0.13462953438813036,0.13764827119488648,0.06143798750917588,0.04283071628919713,0.012586231420747543,0.04102427520154203,0.43356385962529614,-0.1338156293841337,-0.0490876503411089,0.040090025481136715,0.02365214842587179,0.008241207445452727,0.2282140203610514,-0.07977089156582363,-0.02156205616539461,0.03761774454251063,0.11772430353814378,0.04940198062506024,0.12894340192504,-0.06812342667324112,-0.016766430520275523,0.03733562189673389,0.1685152985752472,0.048541248905516234,0.11445274610411038,1.1428571428571428,-0.03293660206658559,1.542857142857143,-0.03145042106277314,1.8285714285714285,0.05686655893774731,1.7714285714285714,-0.05351622176968033,1.6857142857142857,-0.025776341879680326,1.7714285714285714,-0.02119500194884695,0.9142857142857144,-0.021646786060558778,1.457142857142857,0.00826844785944169,1.8571428571428572,0.03638141805868489,1.8571428571428572,0.003598350302595584,1.7142857142857142,0.045116266339345956,1.3714285714285714,0.04511267747694481
2025-12-17,2025-12,319,313,-0.044223546460046136,-0.022255498377391488,0.057367752523728686,-0.042538963151357426,0.025486396667661324,0.36193809129538074,-0.0477535236656346,0.004162843521974487,0.05338759563591822,-0.10197662210918554,-0.02111636178171332,0.14650220952687726,0.1035111244478998,0.05321813325320972,0.048532128407328234,0.055509463836454755,0.016906594378717388,0.4086425251537754,-0.11070118885668657,-0.019705091702768282,0.046665721506375685,-0.025025876855740228,0.007578321711378647,0.27410172623011375,-0.10052419116342344,-0.024416563045436254,0.045531973835684886,-0.012707754184657243,0.011415352444936643,0.13213373456270464,0.012901091263973503,0.02848664553443559,0.04081566268130137,-0.015838484059856862,0.007775560050590755,0.12154685675857528,1.2424242424242424,-0.025361558983452093,1.393939393939394,0.0006779950371260022,1.7272727272727273,0.0488999514350279,1.6363636363636362,-0.02379600079367737,1.5151515151515151,-0.028204441833315042,1.606060606060606,0.024471494019284078,0.9090909090909091,0.02321366939493405,1.393939393939394,-0.024601210266561806,1.7272727272727273,0.01258841256053557,1.8484848484848484,0.0029571095901665253,1.5151515151515151,0.007627473657057855,1.303030303030303,0.004517984293014997
2025-12-18,2025-12,322,314,-0.10065544408939103,0.0013219983304675151,0.07190983967870777,0.0022114116749957714,0.0030069763858351396,0.4250489148281274,-0.14991214558332366,-0.031005994431849555,0.07625083141095894,0.03495719781702174,0.017986675821325723,0.14480816200375557,0.12692808809931294,0.0459272715022524,0.04997073967859299,0.07409458234650738,0.02024672108619162,0.5799848249843044,-0.06298866042727289,-0.01995919440007608,0.06588209811707407,0.05099473987742585,-0.008755091381478071,0.22588579957523652,-0.11264828634016857,-0.02245937117773579,0.06419906678009987,0.07854564053571124,0.01883658160735767,0.1389615283377709,-0.11178708481667571,-0.020699241974038354,0.05032461255261959,0.033072331043567396,0.021979277882214127,0.1290320208476436,1.3225806451612903,-0.001984453282435711,1.4193548387096775,-0.03455438152862375,1.7741935483870968,0.04149178763128466,1.5483870967741935,-0.023830162142011564,1.6129032258064515,-0.02649162924225192,1.5806451612903225,-0.02465085487726416,1.0,0.0005069763858351396,1.3225806451612903,0.014680224208422497,1.7741935483870968,0.015811237215223876,1.8387096774193548,-0.013351865575026458,1.5806451612903225,0.014884968704131862,1.2580645161290323,0.018834116591891548
2025-12-19,2025-12,320,312,-0.02982780866644908,-0.016042454454820745,0.06488184512829663,-0.06160992126478812,0.0042808666320459975,0.35567602851698477,-0.06429042864405704,-0.026474606422571836,0.07404606789435741,-0.022023227340772528,-0.013705228470409201,0.16139810952928757,0.085647032591306,0.02364290825675763,0.04570536934572014,0.03926287455132108,0.005211500428895338,0.5357929150904379,-0.0322854774495132,0.005068926532721474,0.05597138511653894,0.058851776401482724,0.001147242135345252,0.18589300349835425,0.08294979226022069,0.003969415978092309,0.06016810141660705,0.06732195266695315,0.013135422840350354,0.1457235066881103,-0.002407494434225543,-0.013687769488893933,0.05021463171163147,0.08483671271539975,0.0057126785025258635,0.12585727101372135,1.3225806451612903,-0.01934890606772397,1.3225806451612903,-0.029781058035475063,1.8064516129032258,0.019126779224499565,1.7096774193548387,0.0007947329843343773,1.6129032258064515,-6.284208642381994e-05,1.6129032258064515,-0.01772002755341006,1.1935483870967742,0.0012969956643040619,1.4838709677419355,-0.017414905889764038,1.8709677419354838,0.0005340810740566276,1.8064516129032258,-0.003368886896912812,1.4516129032258065,0.009506390582285838,1.4193548387096775,0.0021642914057516697
2025-12-22,2025-12,312,304,-0.00761541859515006,-0.009098268150637492,0.05829476770300894,0.011993276747804552,0.0021965166597898433,0.37172005424896876,-0.03828492270393588,-0.024777243057556853,0.05718063949603108,-0.1456708593482681,-0.010205000326349762,0.16309086767335734,-0.002536874170816247,0.008390841510529774,0.04189585110082833,0.022964775835719778,-0.0033811782412584007,0.3886398178214828,-0.04058390293084632,-0.007957093445191264,0.04931198430042191,-0.013879548843542146,-0.002588857613112533,0.2205735673507055,-0.0685616839423482,-0.0094489780591035,0.04158798935613636,-0.20294612468677373,-0.024541022055842687,0.13945090075333913,-0.04224593605956416,-0.015190958494657396,0.047596270600336055,-0.19492571470114797,-0.020897663701621095,0.1295566315452258,1.3225806451612903,-0.012404719763540718,1.5483870967741935,-0.028648210799492337,1.7741935483870968,0.003955357639562032,1.7741935483870968,-0.012392577316159007,1.7419354838709677,-0.01380381676878092,1.7096774193548387,-0.01946515204304449,1.3225806451612903,-0.0011099349531133824,1.4193548387096775,-0.013753387423123955,1.8387096774193548,-0.007977952434806788,1.8387096774193548,-0.00718563180666092,1.7096774193548387,-0.028815215604229782,1.2903225806451613,-0.024123470153234
2025-12-23,2025-12,288,281,-0.00821698837354167,0.009018694962819304,0.08068603157598003,-0.004958726675749209,0.013978529975926583,0.31992277396576746,0.08724415160612307,0.01147045192965989,0.08003869216303891,-0.04623255327956147,-0.006762528173435395,0.1454410334782941,-0.061701431845157514,-0.003115481113160498,0.047748374546283806,-0.011860530075094109,-0.0014021447977007745,0.4247453766209739,0.024162175630653985,-0.014226477268222341,0.0697513018056339,0.10599498048860864,-0.019687428898261656,0.23703472489225014,-0.035452559790056626,-0.007005148134548826,0.07453681550143682,-0.15371148459383754,-0.02401310390724735,0.12959847359785012,-0.05725568563149794,0.010330307866139782,0.08004173632527653,-0.2536943041205004,-0.038435453057245335,0.1385016783273646,1.3,0.005768694962819305,1.6666666666666665,0.007303785262993224,1.9,-0.007865481113160499,1.7333333333333334,-0.018559810601555676,1.6666666666666665,-0.011171814801215492,1.6666666666666665,0.006163641199473115,1.2666666666666666,0.010811863309259916,1.4333333333333333,-0.010345861506768729,1.8666666666666667,-0.006068811464367441,1.7666666666666666,-0.024104095564928322,1.4666666666666666,-0.027679770573914016,1.2666666666666666,-0.041602119723912
2025-12-24,2025-12,267,263,-0.05006974401974583,0.008908823265455917,0.06138521180447355,0.048390836283466104,0.00457056178716159,0.29812974518594837,-0.020150265634045792,-0.014362426827939975,0.06142751075263269,-0.10532685037159897,0.009570992749452665,0.10959412687673017,-0.048969904535796714,0.011552594768951296,0.045352327708890625,0.017234745828225005,0.01241389547128809,0.5550694127495472,-0.15772895224324512,-0.040094303180530255,0.04060442824330311,0.16631384866984592,0.039816157310428556,0.22647572344598862,-0.053648510055195366,0.016819122686155884,0.04837071580901849,-0.1682083638906681,-0.007979761322567657,0.1054085623472929,-0.106252672535252,-0.02603554267142427,0.05754823569826097,-0.2922259781538159,-0.014486760456684969,0.09745349520100996,1.25,0.005783823265455917,1.3928571428571428,-0.017844569685082832,1.9285714285714286,0.006731166197522725,1.6785714285714286,-0.04429073175195883,1.5714285714285714,0.012890551257584456,1.6428571428571428,-0.030142685528567126,1.0,0.00207056178716159,1.4642857142857144,0.005910278463738379,1.7857142857142858,0.007949609757002374,1.9285714285714286,0.03499472873899998,1.4642857142857144,-0.011640475608281943,1.3214285714285714,-0.017790331885256395
2025-12-26,2025-12,293,289,-0.0938745566663775,-0.002832052685395315,0.062175092092436865,0.026211979337555365,0.025484274602901244,0.28795191658468083,-0.16878742849741554,-0.0379744545523623,0.05643538772916826,-0.11756950663767586,0.02200030825929739,0.1406440838914493,-0.030870282701680123,0.02273781822631102,0.043848423908018956,-0.00213880654279626,-0.0033401271610010606,0.4068251144269417,-0.133687368112087,-0.03332835223626724,0.04395856508587423,-0.014243447452420267,-0.0034906941235150262,0.18299330436977845,-0.1447098671630129,-0.05101757331225873,0.05301681233156051,-0.11700751638114615,0.01691612091059619,0.13247414838908048,-0.10565559944216102,-0.016596339225879015,0.049766435231203714,-0.07989469123155714,0.009396714737186956,0.12545031437586093,1.206896551724138,-0.00584929406470566,1.620689655172414,-0.042026178690293334,1.6551724137931034,0.01859988719182826,1.7586206896551724,-0.03772490396040517,1.6896551724137931,-0.05524171124329321,1.6551724137931034,-0.020734270260361773,1.1724137931034484,0.022553240120142624,1.4137931034482758,0.0184658255006767,1.8620689655172413,-0.007995299574794165,1.793103448275862,-0.007973452744204683,1.6896551724137931,0.012691982979561707,1.4827586206896552,0.005689818185462818
2025-12-29,2025-12,260,258,-0.024076141317520627,0.012033201903264817,0.04956240334677692,-0.02596192251364665,0.011091786123994196,0.30263017991987556,-0.013797882763400006,-0.033230954264241004,0.047465226897329085,-0.04536321088045226,0.023298890236818207,0.12002789085874191,-0.11782745300641269,-0.08383377915788977,0.05296227926097749,0.058666731326596964,0.008191475589591046,0.46450374676631045,-0.05658983176637284,-0.06899877796954645,0.03728029204139048,-0.048165937821110234,-0.006161699816116396,0.23592884895893243,-0.06665028044338389,-0.0558962580730915,0.05110701885219915,0.10916775054706089,0.06393252942532357,0.115610410960821,0.009387257663119732,-0.012122082155759578,0.03684282050863332,0.14727049899463693,0.09127324975013781,0.11397715357060616,1.4482758620689655,0.008412512248092405,1.6551724137931034,-0.037368885298723765,1.7241379310344829,-0.08814412398547597,1.7586206896551724,-0.07339532969368438,1.793103448275862,-0.06037901669378116,1.6551724137931034,-0.016260013190242336,0.8620689655172414,0.008936613710201092,1.5517241379310345,0.01941957989199062,1.793103448275862,0.0037087169689013905,1.9310344827586208,-0.010989286023012948,1.5517241379310345,0.06005321908049598,1.4482758620689655,0.0876525600949654
2025-12-30,2025-12,263,254,-0.018425628590200617,0.021329834292456072,0.0537692498757473,0.0021062950053168613,-0.017559406780971273,0.351843087375164,0.08500250753373413,0.0007163266461351972,0.05811823368332027,0.09637173699084128,0.031705021431652325,0.14364275611937047,0.11248175507006346,0.020519581323610918,0.04001188663972341,0.10619857314355782,0.03634491150120926,0.49420762598514556,0.005195483702435202,-0.0019426376277465532,0.04409425192798316,-0.055772950237873466,-0.02559295756202762,0.2482201398909092,0.02406836190541528,-0.015369709655829615,0.04559363574561388,0.14971054110606544,-0.0009319322195674648,0.1330709969252348,0.04171954942569983,-0.013234915891911371,0.04129441365373562,0.18631376605283087,0.03569492663230111,0.12612991563975812,1.0769230769230769,0.01863752660014838,1.6923076923076923,-0.0035144425846340335,1.8076923076923077,0.01600035055438015,1.8461538461538463,-0.006558022243131168,1.6923076923076923,-0.019600478886598847,1.7307692307692308,-0.017561838968834446,0.8461538461538461,-0.01967479139635589,1.3461538461538463,0.02833963681626771,1.7692307692307694,0.03192183457813234,1.8461538461538463,-0.030208342177412233,1.5769230769230769,-0.004874239911875157,1.4230769230769231,0.0321372343246088
2025-12-31,2025-12,238,236,-0.02048433376846316,0.01211920286504703,0.07678719528063328,-0.00484102332209829,0.08081601066070926,0.33885544585064054,-0.07247025710342396,-0.025625826544345975,0.06732217184902178,0.131760664649314,0.045628111023870495,0.15508462519695362,-0.04712833021571235,-0.016406880352004875,0.05460218682271251,0.06132121873656152,0.015539379704600537,0.5267731721202532,0.06031989407334985,0.08948450524825449,0.05364789150586002,0.009040701180636442,0.052090936089999734,0.27081647484252847,-0.053928652653794956,0.01609146333865552,0.06359481005579422,0.3054900684917789,0.06360654242447421,0.14173125405795872,-0.08570574037570115,-0.04031373858619419,0.04777655110454983,0.2816815089999773,0.055824191868127426,0.14929424645379186,1.24,0.00901920286504703,1.56,-0.029525826544345976,1.88,-0.021106880352004875,1.8,0.08498450524825449,1.72,0.01179146333865552,1.68,-0.044513738586194194,0.9199999999999999,0.07851601066070926,1.52,0.0418281110238705,1.72,0.011239379704600537,1.92,0.047290936089999736,1.5999999999999999,0.059606542424474204,1.24,0.05272419186812743
2026-01-02,2026-01,318,316,0.01956462884075978,0.039149220092116715,0.050630618173123296,-0.10593842469818654,-0.001831000034355379,0.3963406374095939,-0.003491171502517297,0.04407416111745792,0.04533452452839225,0.038289443511628565,0.03446410494310742,0.15384710219223052,0.10485015640312408,0.03887029913288512,0.03145853948931378,0.06574767517068315,0.05397220877984416,0.31743951491080225,-0.04821161606432111,0.0349854148940527,0.04107206489101649,-0.07055502555359912,0.054819154563886974,0.2125420238589868,-0.038978311299950615,0.06359890673252871,0.03293267845592909,0.06101909518372824,0.04544152833587836,0.12957660586107522,-0.06368597462906231,0.04678564343627177,0.0314553447323165,0.01873731579270453,0.025757507627850618,0.17446441994979978,1.46875,0.03547734509211672,1.625,0.04001166111745792,1.875,0.03418279913288512,1.84375,0.0303760398940527,1.78125,0.05914578173252871,1.65625,0.04264501843627177,1.59375,-0.005815375034355379,1.6875,0.03024535494310742,1.875,0.049284708779844165,1.8125,0.05028790456388697,1.65625,0.04130090333587836,1.75,0.021382507627850617
2026-01-05,2026-01,293,288,0.021844392130895705,0.014143871531750217,0.04035943829358378,-0.06419903039994809,-0.006500307526147497,0.30805867807618503,0.06780378241342823,0.005613888186195629,0.03779363891811284,0.0765766496415762,0.017428811318819556,0.17025272291282129,-0.04784372384083758,-0.057768623031085625,0.04334958426896483,0.08507263134639269,0.06136167387572579,0.3291664804364073,0.09168433222978986,0.019322439002494602,0.03595952417700653,-0.09504837981758696,-0.04138270924763391,0.30570005805327977,0.07184648603468691,0.028190945526638585,0.03319255441339453,0.1069098077306569,0.024344463324468626,0.13537921981307965,0.10712761640964343,0.03516940785322494,0.043428337762322994,0.11639160316050307,0.053971349463841814,0.19089236739894438,1.34375,0.010784496531750218,1.65625,0.001473263186195629,1.9375,-0.06261237303108562,1.6875,0.015103689002494602,1.6875,0.023972195526638585,1.53125,0.03134128285322494,1.3125,-0.009781557526147497,1.40625,0.013913186318819557,1.84375,0.05675229887572579,1.9375,-0.04622645924763391,1.75,0.019969463324468625,1.59375,0.049986974463841816
2026-01-06,2026-01,294,294,0.036920748515753846,-0.006635500262836758,0.05839236902023162,0.09086856585637668,0.02113621231384424,0.3840249394034517,0.03357365390767865,-0.0060314131528834,0.05672344260081155,0.22038667726013295,0.06749400721386041,0.18553057595573624,0.06909967720747089,0.0015036915870469715,0.048270443318835204,0.04222862996098993,-0.022229935583131855,0.38350346735839186,0.017923814403415093,0.014816381652785635,0.05003314062046,0.17743733346870302,0.09813407891619769,0.31915673330940053,0.059466887350763754,0.019523440877353797,0.051481301144267175,0.18403235650713112,0.09687250660835572,0.18335823213745808,-0.004769185381628718,-0.036410859224420916,0.05001349932867652,0.22184158675328752,0.07571764430236284,0.2322934941741927,1.3793103448275863,-0.010083776124905724,1.8275862068965516,-0.01060037867012478,1.6896551724137931,-0.002720446343987511,1.793103448275862,0.010333623032095979,1.793103448275862,0.015040682256664141,1.8275862068965516,-0.0409798247416623,1.206896551724138,0.018118970934533896,1.5172413793103448,0.06370090376558454,1.9310344827586206,-0.027057521790028405,1.896551724137931,0.09339269960585286,1.6896551724137931,0.09264836867732124,1.5172413793103448,0.07192454085408698
2026-01-07,2026-01,319,314,-0.022137650085763294,0.014733488577226835,0.06338669140576436,0.03490713905482936,0.02044022591043715,0.33856700096399556,0.0378885225054711,0.05985371846856669,0.06533747719742566,0.19556470692612526,0.049115369851411766,0.1804256331055395,-0.07369464222742214,0.007638595044370408,0.05774084079400925,0.050342528271949,0.02825824721081261,0.4856580618408418,-0.015838485523607664,0.03312135420684684,0.04877815119703023,0.0700334920447152,0.03497804835151835,0.30665363082962654,-0.06863540249600757,0.002584183036824887,0.06313430082496105,0.1949469894126693,0.06407607369008839,0.17630750361469483,0.07601067605133968,0.05672511722283768,0.05480787482828112,0.21509544863074467,0.06557698038194909,0.20715413290646767,1.2580645161290323,0.011588327286904255,1.5806451612903225,0.055902105565340886,1.8387096774193548,0.003041820850822021,1.8709677419354838,0.028443934852008128,1.7741935483870968,-0.0018513008341428548,1.6451612903225805,0.052612213997031226,1.3870967741935483,0.016972483974953278,1.6451612903225805,0.045002466625605315,1.8387096774193548,0.023661473017264224,1.9032258064516128,0.030219983835389316,1.5483870967741935,0.060205105948152905,1.5161290322580645,0.06178665780130393
2026-01-08,2026-01,301,299,-0.013909046435617172,0.01703072500882647,0.046877080858203225,-0.04234582297419199,0.0033442081862074743,0.3159392060091098,-0.017643616202063762,0.02208977332087625,0.04422663007809796,0.012448130954214428,0.07782845408343558,0.1751620317498843,0.20551402441445962,0.017963450547846344,0.04958818986660995,0.04031330419966827,-0.007417272208806315,0.3510611951351166,-0.003903546623587873,0.03929303754505679,0.03966393620076904,-0.10213504653362962,-0.06348029669510039,0.27580829088886577,-0.038141735055334317,0.022464313905966322,0.04221053893800224,0.1403023035796792,0.09684785139545253,0.15961984694004058,-0.09114958966799411,0.005926007262251655,0.03685957782550406,0.08392642626124838,0.06256109238196852,0.186600938004752,1.4838709677419355,0.013321047589471632,1.6129032258064515,0.01805751525636012,1.9354838709677418,0.01312474087042699,1.6451612903225805,0.035180134319250336,1.7096774193548387,0.018190120357579227,1.5161290322580645,0.002135684681606493,1.3225806451612903,3.775657330424859e-05,1.7419354838709677,0.07347361537375817,1.8709677419354838,-0.012094691563645024,1.8387096774193548,-0.06807707088864877,1.5806451612903225,0.09289623849222672,1.4838709677419355,0.05885141496261369
2026-01-09,2026-01,276,271,0.008417688103765643,0.0313337415467148,0.059603911330522424,0.1165451406229934,0.04700015804575851,0.3581476772066068,0.0012086016478933996,0.04554716011523692,0.0627641116326529,0.2071283229405973,0.11001499964985333,0.20727148141573978,0.07635605210174685,-0.002765739279114247,0.054454252971274125,-0.04952575086504699,-0.02382174736176815,0.43204106390476227,-0.048516730216959555,-0.01971820379790786,0.060527084572012446,0.031338593912758096,0.016350620827272684,0.2857915709416071,-0.07430944193147929,-0.03440947518992507,0.05344255653816872,0.1824985374067151,0.10129048820383188,0.18923724773857328,-0.03992923045179625,0.0007026878388364313,0.05746396486302387,0.2189786104650333,0.09188517384955416,0.2168113540996004,1.4,0.027833741546714797,1.6333333333333333,0.041463826781903586,1.8666666666666667,-0.007432405945780913,1.6333333333333333,-0.023801537131241196,1.6666666666666665,-0.038576141856591736,1.6333333333333333,-0.0033806454944969025,1.2333333333333332,0.043916824712425175,1.5666666666666667,0.10609833298318666,1.9,-0.02857174736176815,1.8666666666666667,0.011683954160606018,1.5,0.09754048820383188,1.5,0.08813517384955416
2026-01-12,2026-01,319,316,-0.04040301354468563,0.014644372000265034,0.05395752101427594,-0.06614198261075294,-0.047126972886435387,0.2936723275342956,-0.006432616667652452,0.00897150058029432,0.05285364781127987,0.03720685219140001,-0.0031894394341096498,0.17906117159873247,-0.08255113980284329,-0.013590841091065294,0.04607453190844796,0.027382359060095937,0.017304183268557333,0.5646631987765431,-0.06105533211095996,-0.031004270961813532,0.05402009273430507,-0.07406436683030697,-0.033382984682772954,0.23952515504788607,-0.006169412077837582,-0.006408588383396072,0.06475464751027254,0.04410599160111196,-0.005602670379336854,0.16084781347308308,-0.11540486189152423,-0.03455586144549025,0.05140842323553787,0.046747648902821314,0.000666916375994489,0.18885460391175002,1.34375,0.011284997000265034,1.59375,0.00498712558029432,1.875,-0.018278341091065294,1.625,-0.03506677096181353,1.5625,-0.010314838383396072,1.59375,-0.03854023644549025,1.375,-0.05056447288643539,1.625,-0.00725193943410965,1.90625,0.012538558268557334,1.8125,-0.037914234682772954,1.625,-0.009665170379336854,1.625,-0.003395583624005511
2026-01-13,2026-01,253,251,-0.059955450232752526,-0.014602536706016526,0.052237630043273316,-0.01395848246241947,-0.01586028671225885,0.3522444981336593,0.05439043439728137,-0.0049593043379205295,0.04419637378398031,0.01118338468560995,0.016687562399856505,0.16394516035914422,-0.03622952134167016,0.006719244670650598,0.0409483926285188,-0.09005765123040733,-0.03769625037803631,0.4013276970386505,0.013553888767856587,0.01759761987246227,0.04960645556005531,0.03340713833695689,0.012152175308874313,0.33804516449570654,-0.033412325435605135,-0.011644677367573943,0.04400330753116543,0.11230439080490433,0.018241690535968594,0.14529810890555384,-0.018343803862461858,-0.012222460501581697,0.04491310750110144,0.12332919847469659,0.020091160062776513,0.19220153346657753,1.46875,-0.018274411706016527,1.65625,-0.00909992933792053,1.90625,0.0019536196706505977,1.78125,0.013144494872462272,1.75,-0.016019677367573943,1.6875,-0.016441210501581698,1.34375,-0.01921966171225885,1.75,0.012312562399856505,1.90625,-0.042461875378036314,1.84375,0.007542800308874313,1.71875,0.013944815535968593,1.625,0.016028660062776513
2026-01-14,2026-01,303,296,-0.03608995441196263,-0.009458107595910984,0.04305178578636651,0.07431523040766956,0.017444844617383184,0.2933564384778341,0.039710510786177954,-0.01002453225376335,0.04467892343330228,0.08287506600084896,0.06443432177054363,0.14336747614045936,-0.022814856906141993,0.0028545745729085907,0.04888053608518309,0.0683649057623453,0.022104562649093117,0.5007014411191146,-0.001638805393261529,0.022449402011410404,0.04494535863452505,0.11262419375433536,0.025349032454448427,0.23640334904193877,-0.031396129330604726,0.0022924479763968553,0.04457291225665678,0.13916645672932576,0.040226209366388155,0.13504828785856565,0.05077579037095065,-0.0095658466824463,0.03864275649053582,0.20780259448043095,0.05393796765275753,0.17368633312483628,1.5666666666666667,-0.01337477426257765,1.7333333333333334,-0.014357865587096685,1.8,-0.001645425427091409,1.8333333333333333,0.017866068678077072,1.8666666666666667,-0.002374218690269811,1.7333333333333334,-0.013899180015779635,1.4,0.013944844617383184,1.7666666666666666,0.060017655103876966,1.8,0.017604562649093117,1.9666666666666668,0.02043236578778176,1.6666666666666667,0.03605954269972149,1.6,0.04993796765275753
2026-01-15,2026-01,298,292,-0.10804574533076851,-0.034406819846792974,0.04433797709192656,-0.005116143137736368,-0.01126687764966065,0.3354864716529846,-0.10152002636406851,-0.032611349781665785,0.0493732543300011,0.12055256613178994,0.015908447797233955,0.18509925490823287,0.007530005241519294,-0.005705249217155742,0.05170571524016389,0.022198210573779645,0.02535467403884326,0.386647979247159,-0.023122523550362137,-0.013526832945697047,0.04423210176387372,-0.023503876728271242,-0.014670393063295317,0.33661937431014816,-0.035843383669470624,-0.004410189387805023,0.04198826809886852,0.1623387473985665,0.00261190133504215,0.1700729748298382,-0.08121778957877966,-0.011768058015890849,0.04900384300482255,0.2023636966735887,0.02121713509632811,0.20821061563389054,1.5,-0.03815681984679298,1.7666666666666666,-0.03702801644833245,1.8333333333333333,-0.010288582550489075,1.8666666666666667,-0.018193499612363714,1.8,-0.008910189387805023,1.8,-0.01626805801589085,1.3666666666666667,-0.014683544316327317,1.7333333333333334,0.01157511446390062,1.9,0.02060467403884326,1.9333333333333333,-0.019503726396628653,1.7666666666666666,-0.0018047653316245168,1.7,0.01696713509632811
2026-01-16,2026-01,292,287,-0.0576462197360122,-0.034221967755069554,0.05446483823147812,0.06138139220805761,0.004867512777830228,0.3437276993846071,-0.029944094011132998,-0.03489453391125019,0.05888779622466628,0.05548617581153816,0.0029434808584585404,0.1629614056698207,0.02581026570345426,0.03529713162297248,0.0362240995881618,0.06050174996461889,-0.0264745512469928,0.3763325800155771,-0.06053165890060702,-0.00789971909115588,0.05308098525057203,0.06982826223904473,0.024416747708604563,0.2420857883989811,-0.012162046875429272,0.04558736526559176,0.05211454980994053,0.1165118595983194,0.026477664807616846,0.14898135384608957,-0.04277924470031171,-0.04200061488591004,0.051014863272252124,0.06789837535721464,0.007959128705412618,0.17627924770630637,1.6551724137931034,-0.038359898789552316,1.8275862068965516,-0.039463499428491575,1.9655172413793103,0.030383338519524204,1.896551724137931,-0.012641098401500708,1.7241379310344827,0.04127702043800555,1.7586206896551724,-0.04639716661004797,1.4482758620689655,0.0012468231226578147,1.7241379310344827,-0.0013668639691276664,1.8275862068965516,-0.03104351676423418,1.793103448275862,0.019933989087914907,1.6896551724137931,0.022253526876582365,1.6206896551724137,0.003907404567481584
2026-01-20,2026-01,397,392,0.005079304865259479,0.02367678051140572,0.053363409811501436,-0.07255248074584049,-0.015398814379960296,0.3300543054460715,0.05433242082483251,0.016299631242870392,0.05458156243226212,-0.059458424862270286,-0.035420539182297234,0.14847207078948998,0.0042376357611967974,0.00715491329338253,0.036000224624712036,-0.030236140094520764,-0.03386014354787183,0.429419319694623,0.037096886093359274,-0.002350425537910674,0.050761526939755705,0.03983776603803691,0.050472701744073666,0.31709508645610934,0.04932014472791405,0.03207126072160112,0.05136393315836217,-0.022684408992523875,-0.022428901029514062,0.12833402563746157,-0.054393610368002054,-0.01143786262121214,0.045621245622003224,-0.08668734865841304,-0.036892989271665885,0.1690762280844725,1.3846153846153846,0.02021524204986726,1.5897435897435896,0.012325272268511418,1.8974358974358974,0.0024113235497927868,1.6666666666666665,-0.006517092204577341,1.5897435897435896,0.02809690174724215,1.641025641025641,-0.015540426723776243,1.2564102564102564,-0.018539840020985937,1.5897435897435896,-0.039394898156656206,1.8205128205128205,-0.03841142559915388,1.8205128205128205,0.045921419692791614,1.6153846153846154,-0.026467362567975602,1.3846153846153846,-0.040354527733204346
2026-01-21,2026-01,360,352,-0.02185845617596303,-0.010963280931964142,0.05641817065199084,-0.03986887758907605,-0.01058798624199646,0.308664718163865,0.04323181506030139,0.00464801266965198,0.06133671481671149,0.03473689354598929,0.00616940323193378,0.1384737745991775,0.07449770066067758,0.010534216930557736,0.04734714495927708,-0.06913099265155223,-0.006594008093645708,0.46271025048834935,0.02607003475721732,0.004988248570011348,0.0656166241871829,-0.13829864942373526,-0.026451292393315454,0.33620433967028346,0.01646296244974646,-0.01003382248414545,0.05824331651983441,0.013892082500636579,0.011850549695186098,0.13142027908137865,0.06990925081964619,-0.0014974136757822387,0.04695046565832345,0.006639968929801413,-0.0015243366007143093,0.16989982170718057,1.4102564102564101,-0.014488921957605167,1.7179487179487178,0.00035314087478018497,1.8717948717948718,0.005854729751070556,1.7948717948717947,0.000501069082831861,1.7435897435897436,-0.01439279684311981,1.7179487179487178,-0.005792285470654033,1.2564102564102564,-0.013729011883022101,1.564102564102564,0.0022591468216773694,1.9487179487179487,-0.011465802965440579,1.923076923076923,-0.03125898470100776,1.6153846153846154,0.0078120881567245596,1.4871794871794872,-0.0052422853186630276
2026-01-22,2026-01,350,342,0.026935498734252036,0.018705129011261458,0.056020462339042294,-0.07194391594641018,-0.007938598873308226,0.3389306778416914,0.03759284595392713,0.0357214361786495,0.05104297198650866,-0.10579511010318082,-0.007112038966715216,0.16635272071203766,0.03986804998733597,0.00023131360537853932,0.040758661905808374,-0.006977666208615815,-0.018829686409901684,0.31492740332203756,0.12375916170872463,0.03551052208606857,0.05462193298789729,-0.18045615629208608,-0.02376402986009081,0.47177735946195964,0.05337783888926259,0.021366704292408688,0.054203367175174794,-0.13809377835810555,-0.012767733752719964,0.14965516241157756,-0.001197071080258693,0.02783412362304665,0.05636338720326249,-0.03786545461237276,0.011016304532526477,0.20013412055285537,1.457142857142857,0.015062271868404316,1.8,0.0312214361786495,1.8857142857142857,-0.004482972108907175,1.8571428571428572,0.03086766494321143,1.7714285714285714,0.01693813286383726,1.7714285714285714,0.023405552194475224,1.4857142857142858,-0.011652884587593941,1.7142857142857142,-0.011397753252429501,1.7714285714285714,-0.02325825783847311,1.8571428571428572,-0.028406887002947953,1.7142857142857142,-0.017053448038434248,1.6857142857142857,0.006802018818240762
2026-01-23,2026-01,299,289,-0.06632646476245971,-0.038174339595509824,0.05498606345341758,-0.045206168211712416,0.014537939480641398,0.2974462439787799,0.005701331058786559,-0.015523832850594617,0.06238636812249623,-0.1582581760229849,-0.03198326231721399,0.15116423227149864,0.01472952566580977,-0.004547213836702101,0.041362523646634515,-0.0815874756599087,-0.006003003103649984,0.35152805005681925,-0.0035794935668664865,-0.026368502246427103,0.05255811728779387,-0.12808601378195775,-0.026732566780215156,0.2619772252851519,0.019811900967430584,-0.014670836189736053,0.05025651919157663,-0.09647011290431191,-0.01111228848321897,0.13455861190269733,0.05027407356446279,0.002352667385109704,0.054432443974015025,-0.007340351507261341,-0.017780611285330556,0.17779012332702504,1.3823529411764706,-0.041630221948451,1.6764705882352942,-0.019715009321182853,1.8823529411764706,-0.009253096189643277,1.852941176470588,-0.031000855187603572,1.7352941176470589,-0.0190090714838537,1.7058823529411764,-0.0019120384972432375,1.3529411764705883,0.011155586539464926,1.588235294117647,-0.035953850552508104,1.7941176470588236,-0.010488297221297044,1.8529411764705883,-0.031364919721391625,1.7058823529411764,-0.015376994365571911,1.6764705882352942,-0.021971787755918792
2026-01-26,2026-01,383,374,-0.033654958790881845,0.0162877258310523,0.045196662186677186,0.0569249979495031,0.0018738437501719524,0.3429090920332316,-0.046555677825926484,0.0020415703167839805,0.04542722373259472,-0.2578260631826446,-0.10750564213327685,0.12927395618847898,-0.05516695269974068,-0.005102685462756919,0.042306785030738994,-0.025745119159184572,0.07040574545235802,0.3670613702285934,-0.04824158105306392,0.0035514625984871817,0.044221458328907025,-0.026613100282968573,-0.00011216422294977463,0.2697689838304713,-0.0219061419217257,0.02033639904287221,0.046167795888234164,-0.2001573329186773,-0.07505199352217942,0.11723694940273827,0.017347525122192824,0.04055261294236959,0.045470940559892786,-0.13352323212991948,-0.060054602135352735,0.14710032275399645,1.2432432432432432,0.013179617722944192,1.5405405405405406,-0.001809781034567371,1.7837837837837838,-0.009562144922216378,1.6216216216216217,-0.0005025914555668726,1.6216216216216217,0.016282344988818157,1.5405405405405406,0.03670126159101823,1.2972972972972974,-0.0013693994930712911,1.5405405405405406,-0.1113569934846282,1.945945945945946,0.06554088058749315,1.945945945945946,-0.00497702908781464,1.6216216216216217,-0.07910604757623348,1.5135135135135136,-0.06383838591913651
2026-01-27,2026-01,288,284,-0.07086192611968593,0.0070436351581619205,0.03540609747532093,0.045088193096463836,0.035248166592324624,0.2716158325118678,-0.06628196472276142,-0.02382025474740173,0.03665365729830017,-0.0842189817103312,-0.010421483843281114,0.11937240577702012,0.04104960019838386,-0.0026725344062527023,0.047177621648143674,-0.07678915690135801,0.013758984057564594,0.4433047090257917,-0.009919965116606184,-0.037422555343566255,0.037190287646542176,0.10262871289118229,0.038695864344087345,0.31371007753270014,-0.08318564154499676,-0.036309631590533666,0.037810597032991014,-0.04734024169208573,-0.030365541174524273,0.1081351102995021,-0.10063463521065691,-0.062175590884791375,0.0368876546694394,-0.009607501537200245,-0.036205343607589396,0.13700768737388508,1.2972972972972974,0.003800391914918677,1.6486486486486487,-0.02794187636902335,1.864864864864865,-0.007334696568414865,1.864864864864865,-0.04208471750572842,1.8378378378378377,-0.04090422618512826,1.7027027027027026,-0.06643234764154814,1.4864864864864864,0.03153195037610841,1.5945945945945945,-0.014407970329767601,1.945945945945946,0.008894119192699728,1.972972972972973,0.033763431911654915,1.7567567567567568,-0.03475743306641617,1.6216216216216215,-0.04025939766164345
2026-01-28,2026-01,352,343,-0.018871984169434593,0.004996023426235986,0.05233839835670338,-0.05243572134506979,0.021541302161232893,0.348178428981234,-0.05753741070783762,0.013244225999291676,0.051199689668315465,-0.13559213842499962,-0.011974307102621243,0.14970644486739354,-0.09490835542034483,0.006565535278152434,0.053021661224635884,0.02548907512025383,0.026920002617609524,0.4780812951571801,-0.01916941390158769,0.020353017286752418,0.050917939998577175,0.028840100723953415,0.011169481540030172,0.32340257921639615,-0.08130773853153457,-0.002235847770440478,0.04480402203776805,-0.024545410522747634,0.002312098685155972,0.13319493008448796,-0.09442651168655082,0.008349848790741372,0.05123014170491688,-0.039213776465901115,0.0042867084824312176,0.17497716427725904,1.4705882352941175,0.0013195528380006926,1.8235294117647058,0.008685402469879911,1.852941176470588,0.001933182336975964,1.9117647058823528,0.015573605522046535,1.8235294117647058,-0.006794671299852242,1.7058823529411764,0.00408514290838843,1.5,0.017791302161232894,1.588235294117647,-0.01594489533791536,1.9117647058823528,0.02214059085290364,1.9411764705882353,0.006316540363559583,1.588235294117647,-0.001658489550138145,1.5588235294117647,0.0003896496589018061
2026-01-29,2026-01,390,378,-0.025853505333317824,-0.01821528240108162,0.05070277267173033,0.009628445440646704,0.00966035548311285,0.3520826189778745,-0.12398797564480922,-0.05182653168492943,0.05125055027592797,-0.18152276326097325,-0.07542150765049953,0.15122397616505623,-0.1928686715882385,-0.0697178647185859,0.061593429258365154,-0.0821718606798801,-0.01156188619415395,0.3309500140971259,-0.054135495164384116,-0.018478834946653054,0.0456693454151349,0.03230942195037948,0.03460819716422224,0.3086976628554495,-0.057977117130694734,-0.014154974974419664,0.04460517705892141,-0.09200475196569846,-0.04276755264654906,0.12031227918831926,-0.014003330219976252,0.036038500961321766,0.042644979570761854,-0.1449170504838195,-0.08110107622816612,0.15549710030226332,1.3421052631578947,-0.021570545558976355,1.5526315789473684,-0.05570811063229785,1.894736842105263,-0.07445470682384905,1.7105263157894737,-0.022755150736126738,1.631578947368421,-0.018233922342840717,1.6578947368421053,0.0318937641192165,1.4736842105263157,0.005976144956797062,1.4473684210526316,-0.0790399287031311,1.9473684210526314,-0.016430307246785528,1.8421052631578947,0.030002934006327503,1.5,-0.046517552646549054,1.526315789473684,-0.08491686570185034
2026-01-30,2026-01,315,308,-0.136249294525518,-0.02238087827664357,0.05602420331872632,-0.048492108284094095,0.018666280684712915,0.3313581066266183,-0.17137366919677652,-0.05466014745502597,0.05532152250767313,-0.2384146692620449,-0.04284209167766696,0.14503366764514677,-0.1348657237217405,-0.015356383456910278,0.06868590710812786,-0.05722159139765364,-0.00432172874068875,0.3467599790423147,-0.08448685609856295,-0.01644802861120752,0.054486304463313866,0.018236371384803215,0.02738584525831111,0.27443235499724267,-0.10186130083735502,-0.050934860034839394,0.05479419523769428,-0.13656104705850736,-0.005332397738639244,0.1178478919450314,-0.18940041387836276,-0.05715644852611322,0.050448672825021815,-0.1071718439855181,-0.011662971013094766,0.17024293770232507,1.5,-0.02613087827664357,1.5789473684210527,-0.0586075158760786,1.7894736842105263,-0.019830067667436592,1.8157894736842104,-0.020987502295418046,1.7105263157894737,-0.05521117582431308,1.6578947368421053,-0.061301185368218485,1.4210526315789473,0.015113649105765547,1.4473684210526314,-0.04646051273029854,1.7105263157894737,-0.008598044530162434,1.8684210526315788,0.022714792626732164,1.526315789473684,-0.009148187212323454,1.4210526315789473,-0.015215602592042134
2026-02-02,2026-02,404,394,-0.02152848866358927,0.03383651653399729,0.07440959727005109,-0.13202193668498363,-0.0023249341472768806,0.2587852420476385,0.025614819546470775,0.017812222813754792,0.06985070199543175,-0.2420094614920549,-0.07339261868204724,0.13381853766548327,0.05301003555809588,0.0016463137995362115,0.045533425777151984,0.060680127299409664,0.04623662025226105,0.37505296885203093,-0.031099812562711635,-0.02148549042272649,0.07421725434035459,-0.02075595483452398,0.0008845969636825787,0.1832972821803429,0.041332288729286494,0.02903426389795726,0.07585465387488033,-0.21138745801792752,-0.08074213103188589,0.1316771237896039,0.05482742899228604,0.0065849281370384885,0.06996236808503963,-0.15704184148770542,-0.058300844491566195,0.15276808917331391,1.7179487179487178,0.029541644739125492,1.564102564102564,0.013901966403498382,1.9743589743589742,-0.0032895836363612246,1.7435897435897436,-0.025844464781700847,1.7692307692307692,0.024611186974880336,1.6923076923076923,0.002354158906269258,1.7692307692307692,-0.0067480110703538035,1.7179487179487178,-0.07768749047691904,1.923076923076923,0.04142892794456875,1.9743589743589742,-0.004051300472214857,1.8717948717948718,-0.08542161821137308,1.7692307692307692,-0.06272392141464311
2026-02-03,2026-02,423,418,0.0834993470172474,0.05806893424261784,0.058234969127217685,-0.07512820840081254,-0.0087960064539273,0.2634996110129924,0.09154513777959862,0.03532618175912531,0.06042710368587437,-0.19639067121817683,-0.05365325331286433,0.13727683990838982,0.016800959554151867,0.011576340187424846,0.05305012856101604,-0.0735529426408421,-0.01684327549414943,0.5573704246254194,0.07702445050399871,0.01362762745727239,0.059469549248538325,-0.0556788844008166,-0.011227726325635137,0.22142412256272065,0.11632319607484262,0.02066751550340395,0.051731151774980416,-0.12175761031638187,-0.020860413611540098,0.12415255371126391,0.035051543776516876,0.0027359526181129357,0.05572953083485668,-0.10179728395028484,-0.04040106377762267,0.14105641101265237,1.3095238095238095,0.05479512471880831,1.4285714285714286,0.03175475318769674,1.880952380952381,0.006873959235043893,1.5952380952380951,0.009639532219177151,1.4285714285714286,0.01709608693197538,1.6428571428571428,-0.0013711902390299213,1.2619047619047619,-0.011950768358689206,1.5,-0.05740325331286433,1.857142857142857,-0.021486132637006574,1.880952380952381,-0.015930107278016088,1.5476190476190474,-0.024729461230587717,1.380952380952381,-0.04385344473000362
2026-02-04,2026-02,475,471,-0.08790934894943987,-0.04524321358338297,0.051368637043708684,-0.00044855250561250484,-0.013932853107842796,0.23176455416498667,-0.03822370520493341,-0.032452262147991996,0.056755739214305385,-0.09512078782212419,-0.02184473227113419,0.14985095725414602,-0.09432093234053848,-0.01664544846508348,0.05256763935225557,-0.026201665094140784,-0.01941308656177413,0.49532335521058835,-0.024379266046144765,-0.031329334946269057,0.05427748570166503,0.01083490558115318,0.024099367477515392,0.256920632054197,-0.05706470196339695,-0.04674744876579644,0.05227662785285696,-0.04539147571087063,-0.020176759195513053,0.13756882906594176,-0.024182534449933513,-0.03567021642585605,0.051241085667427036,-0.08471483996663288,-0.04938785265096854,0.14087391438636374,1.4680851063829787,-0.04891342634934042,1.5744680851063828,-0.03638843236075795,1.872340425531915,-0.021326299528913267,1.702127659574468,-0.035584654095205226,1.6382978723404256,-0.0508431934466475,1.5319148936170213,-0.0395000036598986,1.3404255319148937,-0.01728391693763003,1.5319148936170213,-0.025674519505176744,1.8085106382978724,-0.02393436315751881,1.8085106382978722,0.01957809088177071,1.4468085106382977,-0.023793780472108797,1.3617021276595744,-0.05279210797011748
2026-02-05,2026-02,529,524,0.004453449680675604,-0.01012569863700135,0.05816743998541006,0.04277168730710732,-0.004608252401402005,0.26330369282872057,-0.01808989456485048,-0.0004729096918016165,0.06411114898308728,-0.030072153640971058,-0.022525254928084826,0.17675919443942034,0.117831714583817,0.01481003371999522,0.052884402754609997,0.09910109594164757,0.04370276847345879,0.4689309806204759,0.012534370928738502,0.013015563218794829,0.06281783647592631,-0.06609598002996002,-0.016498767736047935,0.22427555094831264,-0.025700860620092143,-0.03899563885579452,0.059826477601883726,0.028820722876359874,0.003521756448578002,0.1771952988436589,0.0032614370633091395,-0.001455219594699136,0.05528051701204627,0.04913146526204548,-0.00047032993948171683,0.15298201888799667,1.4038461538461537,-0.013635314021616735,1.6153846153846154,-0.004511371230263155,1.8269230769230769,0.010242726027687528,1.6923076923076923,0.008784793988025598,1.653846153846154,-0.0431302542404099,1.5192307692307692,-0.005253296517776059,1.1923076923076923,-0.007589021632171235,1.4807692307692308,-0.026227178005007904,1.8461538461538463,0.03908738385807417,1.8653846153846154,-0.021162229274509475,1.4807692307692308,-0.00018016662834507546,1.3846153846153846,-0.003931868401020178
2026-02-06,2026-02,404,401,0.004547667339107773,-0.0010241570608852703,0.056950067673056014,0.02864799300442865,-0.00399398621100882,0.2651520875282586,0.03383552581891771,-0.015701838853595343,0.06592701935707668,0.0630999080056889,-0.004932558614154259,0.2454746928066015,0.04642207899127093,0.021364130371686094,0.0466437195526453,0.03859857579620367,0.008859936066944438,0.44192619156092405,0.04387282400696645,0.025727069140292505,0.06091659226057701,-0.02019707347078794,-0.008224813212393151,0.17868385668843983,0.058069247784993554,0.01110711592391149,0.06394944448858914,0.0394263413107233,0.0003806954386689314,0.2561246670782566,0.016428673471151914,-0.005506149864824938,0.056008481755590894,0.0681493128634617,0.004936756681295257,0.2146462569013238,1.5576923076923077,-0.00491838783011604,1.5192307692307694,-0.019499915776672268,1.8846153846153848,0.016652591910147632,1.826923076923077,0.02115976144798481,1.6730769230769231,0.0069244236162191814,1.6730769230769231,-0.009688842172517247,1.1346153846153846,-0.006830524672547282,1.326923076923077,-0.008249866306461951,1.7692307692307694,0.004436859143867515,1.8461538461538463,-0.012840197827777766,1.4230769230769231,-0.0031769968690233768,1.3846153846153846,0.0014752182197567956
2026-02-09,2026-02,426,420,-0.027733305434664145,0.015121757814197691,0.05042655433252659,-0.00029670792352960577,-0.022844152376418753,0.24279969232156873,0.06865532636513391,0.03555921472408932,0.05332609272339855,0.03220782748564677,0.015471156848620465,0.15094432181545667,0.05746122288162625,0.01453995511871609,0.05511957256264574,-0.008960792547106543,-0.03958323144718118,0.44190727812903263,-0.06655881802357602,-0.021984284913213234,0.04925326221053464,0.047447423208489124,0.004113097438200555,0.17866982776849044,0.01539218009667185,0.031172048290657534,0.04801515022078004,0.062041913971776656,0.014361061077984131,0.15345154139435008,-0.044747171553913646,-0.001094583578094528,0.05368746985904524,0.05233864129812627,0.01762148887248793,0.1421173702748049,1.4285714285714286,0.01155032924276912,1.619047619047619,0.03151159567647027,1.7619047619047619,0.010135193213954185,1.6666666666666667,-0.0261509515798799,1.5952380952380953,0.027183953052562295,1.6428571428571428,-0.005201726435237385,1.0952380952380953,-0.02558224761451399,1.5,0.011721156848620466,1.8571428571428572,-0.04422608859003832,1.9285714285714286,-0.0007083311332280158,1.5476190476190477,0.010492013458936512,1.4523809523809523,0.01399053649153555
2026-02-10,2026-02,440,438,-0.07838604344732875,-0.007414962845580263,0.043385318260778585,-0.006907812032315114,-0.013781246808692721,0.24687106771902606,-0.0070879172138820215,-0.020893356686099384,0.044575081165426876,-0.0838606915651574,-0.025045803857804104,0.1317837688733231,-0.0815536406934285,-0.009733562799534605,0.04834582558616216,-0.054640402845432014,-0.03290130614694553,0.4632729965854775,-0.040869719993133886,-0.026910588790554385,0.044650167993825485,-0.06615776798332106,0.01934746967123669,0.26099427336488257,0.021056951167230564,0.004440478502961864,0.04163821443456339,-0.07190641264252447,-0.0278542967761811,0.130428674842485,0.06882863555462944,0.0030535211104699977,0.04091216343983454,-0.06383591143065326,-0.021770540365326822,0.13060875012623993,1.5227272727272727,-0.011221781027398445,1.5,-0.024643356686099384,1.9090909090909092,-0.014506290072261877,1.8181818181818181,-0.03145604333600893,1.75,6.547850296186389e-05,1.7272727272727273,-0.0012646607077118205,0.9318181818181818,-0.016110792263238177,1.5,-0.028795803857804104,1.9318181818181819,-0.037730851601490985,1.9090909090909092,0.014574742398509418,1.5454545454545454,-0.03171793313981746,1.409090909090909,-0.025293267638054097
2026-02-11,2026-02,465,462,0.019984890221371385,0.020019323856287345,0.04968129705064671,0.03972821494555228,0.0279883095139644,0.20743533393935015,0.05490220416581132,0.04780027564699624,0.056354137669978835,-0.043978407099925045,-0.005869067544282579,0.1437985075475729,-0.0004714242564746517,-0.010140125415121753,0.05688486651562549,-0.05166741814039486,-0.004165653706260136,0.467700589934121,-0.012716919610248869,0.02167810295391826,0.05022134264583894,-0.023772002272434322,-0.0036877931365423867,0.17557822406777868,0.0016913165824245767,0.021143690885260046,0.05165904397219517,-0.06892672831520001,-0.03930094984344548,0.14620136072778184,0.01736753283333413,0.028842113777914406,0.051442632708440184,-0.09382874152014399,-0.016981539818921906,0.13699195942962947,1.3043478260869565,0.016758454291069952,1.5869565217391304,0.04383288434264841,1.8478260869565217,-0.014759690632513058,1.7173913043478262,0.017384624693048696,1.6304347826086956,0.017067603928738306,1.5434782608695652,0.02498341812574049,1.0869565217391304,0.025270918209616577,1.3043478260869565,-0.00912993710949997,1.8043478260869565,-0.008676523271477528,1.7826086956521738,-0.008144314875672822,1.4782608695652173,-0.042996602017358526,1.3260869565217392,-0.020296757210226255
2026-02-12,2026-02,468,461,-0.041228547980283206,-0.028295751243488668,0.052745716967500446,-0.0028520596771419745,0.003998018821254148,0.2535618774430907,-0.07908395523851434,-0.05620626598251133,0.0521806503107024,0.05721679856359776,0.011376616344395322,0.1432241615231918,-0.051337153637704434,0.006278030645058736,0.04484218753149148,0.05006914161879372,0.023667502369838653,0.41857934095289395,0.061208188989652274,0.014187825679917573,0.05423705424730435,-0.009194561816889152,-0.004897406848469424,0.19267550795136587,-0.046253191767589796,-0.029886578831146263,0.05461430154575311,0.038128064527118505,-0.0015837047049763863,0.1442422114474618,-0.027691389863399196,-0.040839669445735305,0.047738699869844275,0.06939453847312839,0.01867930057617066,0.14050892809324939,1.5434782608695652,-0.03215444689566258,1.7608695652173914,-0.060608439895554804,1.8695652173913042,0.001604117601580476,1.826086956521739,0.009622608288613225,1.6739130434782608,-0.034071361439841914,1.6521739130434783,-0.044970104228344,1.1521739130434783,0.0011175840386454523,1.5,0.007626616344395322,1.934782608695652,0.018830545848099522,1.934782608695652,-0.009734363370208554,1.5869565217391304,-0.005551096009324212,1.4130434782608696,0.015146691880518485
2026-02-13,2026-02,359,357,-0.019471374550660586,0.02688378398747011,0.06856918089754477,0.08926487294004139,0.014179655202799167,0.32992798038240934,0.012081978182723581,0.011964366668897908,0.07291890294808076,0.04776873479508048,-0.0013721277534503985,0.1529547775992089,0.04925981951272809,-0.004843092681791308,0.047128992325077806,0.044817647118082386,0.03612833326676837,0.48424433720194626,-0.02853713946102226,0.006398956658083499,0.06966690435996845,0.034381143565563356,-0.011787399091421364,0.24565858952701092,0.03774710425711811,0.020152356697662816,0.06502429531817816,0.07481883776059092,-0.0008077918235948056,0.15954895819433862,-0.05018829461103935,0.009069189059825027,0.05724349931676899,0.014658709533516959,-0.006345513495647881,0.14879369487365088,1.4565217391304348,0.023242479639644025,1.5652173913043477,0.00805132319063704,1.891304347826087,-0.009571353551356524,1.5652173913043477,0.00248591317982263,1.608695652173913,0.016130617567228035,1.5217391304347825,0.005264841233738071,1.217391304347826,0.011136176941929603,1.608695652173913,-0.005393866883885181,1.8478260869565217,0.031508768049377064,1.934782608695652,-0.016624355613160495,1.5434782608695652,-0.004666487475768718,1.4782608695652173,-0.010041165669560924
2026-02-17,2026-02,534,526,-0.007628533978859122,-0.019060742651470952,0.05143867155136791,0.07674213846638503,0.010601782716323482,0.2219965427516485,0.004783481642843957,0.011969331041221684,0.05244607361638171,0.0055583017239392175,-0.002013696028712245,0.16108627687647656,0.07155161531878772,0.014881050507265164,0.04310672432981535,0.047371854737563196,0.04152421347048863,0.3670267164707184,0.028484134096989237,0.01220396391621891,0.0520834240059943,0.04107874310029298,-0.01020329433583751,0.20712548870382447,-0.01900062631027202,-0.005579395988662323,0.04980380795219999,0.034391427961808274,0.0029056933534251927,0.16548563111222014,-0.007931148819319436,-0.020493220276795118,0.05174283554333538,0.05775085066095534,0.027242009465764185,0.16158670461121594,1.5094339622641508,-0.02283432755713133,1.6981132075471697,0.007724048022353759,1.811320754716981,0.010352748620472712,1.811320754716981,0.0076756620294264576,1.6981132075471697,-0.009824679007530247,1.641509433962264,-0.024596993861700778,1.169811320754717,0.0076772544144366895,1.5471698113207546,-0.005881620557014132,1.8867924528301885,0.03680723233841316,1.9245283018867925,-0.015014615090554493,1.6226415094339621,-0.0011509104201597124,1.5660377358490565,0.023326915126141545
2026-02-18,2026-02,468,460,0.048870591753593394,0.034045243243310826,0.04641287716217324,0.040563940305063384,-0.006572471262277413,0.21764677034124086,-0.011322894999872253,0.012051434860452076,0.046988208066892634,-0.03136832485804968,-0.00784326097692565,0.1183827178876685,0.03769911974899445,0.031300977005761475,0.043403895940158116,0.0684920842567594,0.039992222901524294,0.37466105264004157,0.03218957100512919,0.026365961849780045,0.044038779452827886,0.023982728894998383,0.03666194430495974,0.18662572680446116,-0.009235302722293596,0.03519441092536882,0.04447066393974029,-0.017060847256762754,0.009983648348719305,0.1203709900703119,0.011908830087742805,0.013705903930548527,0.04219537687648352,0.050287892724531796,0.023897507827643598,0.12290093796732632,1.5094339622641508,0.03027165833765045,1.5471698113207546,0.008183510332150189,1.8679245283018868,0.026631165685006758,1.7547169811320753,0.021979169396949855,1.6037735849056602,0.03118497696310467,1.6792452830188678,0.009507790723001359,1.1132075471698113,-0.00935549013020194,1.5283018867924527,-0.01166401569390678,1.849056603773585,0.03536958139209033,1.8867924528301887,0.03194496317288427,1.5283018867924527,0.006162893631738173,1.5283018867924527,0.020076753110662465
2026-02-19,2026-02,465,461,0.05441150090604985,-0.013246303613122144,0.04882395768406576,0.07162053186243338,0.02986530066252735,0.2838254157129837,0.014728871813008493,0.005593591884618759,0.04866036641738539,0.05548433809037757,0.011453510439239955,0.12021104355707116,0.1021900887261016,0.03823283627597397,0.05012724715062743,0.07742960565063596,0.039677830382590706,0.44560327802015387,0.11188815278445276,0.04473752671730882,0.04324806657961744,0.05391637029688361,0.014728105238362587,0.20989819344781013,0.03275671205836458,-0.010477327420440115,0.044070088392500956,0.11104577663324587,0.014838414689784689,0.11938572658792787,0.01706408611667785,0.01265283647397487,0.03987697730517262,0.11528815145369417,0.021643651825580004,0.12336298309104599,1.3043478260869565,-0.016507173178339538,1.608695652173913,0.001571852754183976,1.826086956521739,0.033667618884669626,1.7608695652173914,0.04033535280426535,1.608695652173913,-0.014499066550874897,1.6521739130434783,0.008522401691366175,1.0,0.02736530066252735,1.3478260869565217,0.008083945221848651,1.8478260869565217,0.0350582651651994,1.7608695652173914,0.010325931325319108,1.5434782608695652,0.010979719037610776,1.3043478260869565,0.018382782260362614
2026-02-20,2026-02,379,372,0.09507630637038444,0.04935123491748206,0.05309526380855835,-0.012285771596978374,0.02144145335318154,0.2960089558886515,0.0014325611742637156,0.0039190445188034394,0.05968920499633518,0.04538126318434609,0.013208476537551039,0.13652358440732634,-0.09154267744037242,-0.029508144664076256,0.04726866534897706,-0.02127151412622941,-0.03666436487716441,0.44147208327981263,0.10607389185364467,0.023522804845108887,0.05461174002784865,0.10932740823033837,0.040449993231223356,0.17105589776828484,-0.009412493414715329,0.003866362705384376,0.04848802732217568,0.05598979859499232,0.03182879232299693,0.12586262409348745,0.021510680835774572,0.015407951386882307,0.047384300962571596,0.117090880234888,0.009452034129849456,0.14638249500579126,1.391304347826087,0.04587297404791685,1.5434782608695652,6.034886662952639e-05,1.8695652173913044,-0.03418205770755452,1.6956521739130435,0.019283674410326277,1.673913043478261,-0.0003184199033112768,1.7391304347826086,0.011060125299925786,1.1521739130434783,0.018561018570572844,1.4782608695652175,0.009512824363637994,1.9130434782608696,-0.041446973572816584,1.8043478260869565,0.03593912366600596,1.608695652173913,0.027807053192562145,1.391304347826087,0.0059737732602842385
2026-02-23,2026-02,427,424,0.03695222021205063,-0.012778213489644166,0.05695510911650066,-0.055624002002824476,0.011984312257770378,0.2813608729768367,0.0073803479441205255,-0.003783949078315949,0.056389163320745866,0.062014960223072825,0.049459608686957666,0.11798959296374094,0.021108199553268675,0.0035063889503239194,0.0419840009537227,-0.02781523518639857,-0.022799938565659324,0.38804190579269615,0.01370094479481588,-0.023002939563271603,0.04803369214025789,-0.006514342933437266,-0.007952568772560816,0.21619311223427454,0.006778760766636008,0.00711893728790074,0.04779039150935675,0.02065981073586498,0.040055170283329194,0.12206311302170866,0.013165017882884026,-0.006608922695079331,0.049701637534128776,0.16243293075570528,0.043256145668794335,0.12948287486852633,1.4523809523809523,-0.016409165870596546,1.7142857142857144,-0.008069663364030234,1.9047619047619047,-0.001255515811580842,1.7857142857142858,-0.02746722527755732,1.6904761904761905,0.002892746811710264,1.619047619047619,-0.010656541742698377,1.023809523809524,0.009424788448246568,1.5238095238095237,0.045650084877433855,1.7857142857142858,-0.02726422427994504,1.8333333333333333,-0.01253590210589415,1.6666666666666667,0.03588850361666253,1.5714285714285714,0.03932757424022291
2026-02-24,2026-02,478,471,0.014112584011913124,-0.028467239097930752,0.051047444973471925,-0.007415638276522665,0.025684930380659193,0.28917954727373224,0.014637291986437671,0.01892985830813529,0.05241558424832761,0.1694796076951936,0.06586395377443868,0.1292215682407643,0.02031434036026351,0.004866580384652966,0.052675929925153867,0.06566950233173544,-0.000700494027933013,0.42714604101282483,0.08814470205650035,0.033438502571500654,0.048940111093240465,-0.015815812780226254,-0.0349824000601232,0.19217180654882116,0.007705159280777085,0.013450117237696464,0.049279096378755695,0.22559822758207823,0.059779675268343,0.12297103863130224,0.0021058120709821996,0.0028414021872969243,0.045052557351499135,0.2953911387564298,0.09412325860679346,0.12670964097723048,1.276595744680851,-0.03165872845963288,1.5319148936170213,0.015100071074092735,1.7872340425531914,0.00039849527826998823,1.7659574468085106,0.029023608954479377,1.6595744680851063,0.009301181067483698,1.7234042553191489,-0.0014671084510009475,0.9787234042553191,0.023238121870020896,1.6382978723404256,0.06176820909358762,1.7446808510638296,-0.005062196155592587,1.872340425531915,-0.03966325112395299,1.6382978723404256,0.05568393058749194,1.6382978723404256,0.0900275139259424
2026-02-25,2026-02,563,553,0.11205069194108896,0.02648610035953456,0.05469105165141959,0.041453036864651766,0.008096309033525699,0.2502067668871446,0.0647881920224129,0.03315869590999403,0.05267995623037973,0.053318918780067906,0.026227579009125757,0.11329977078871294,-0.053897323207916535,-0.00798380833555595,0.0548541283836297,0.02986370354644249,-0.0241465444049779,0.5698454373262145,0.1290018146965303,0.02978387970818161,0.04892743284160592,-0.024530865079804974,-0.01169449416588385,0.19332032880999825,0.1004886547678349,0.027641821756531973,0.04875096587818147,0.07504612097233614,0.03353951398341618,0.11397340700707652,0.05350404317426337,0.025226915064981967,0.057663657363656674,0.0746691477235676,0.02256240962418192,0.12136181010441346,1.3818181818181818,0.023031554904989107,1.6545454545454545,0.029022332273630397,1.8545454545454545,-0.012620171971919586,1.8181818181818181,0.025238425162727063,1.6727272727272726,0.02346000357471379,1.6727272727272726,0.021045096883163784,1.0363636363636364,0.005505399942616607,1.3636363636363635,0.022818488100034846,1.7272727272727273,-0.02846472622315972,1.909090909090909,-0.016467221438611124,1.5636363636363635,0.02963042307432527,1.4545454545454546,0.018926045987818284
2026-02-26,2026-02,607,592,0.08300675306067239,0.04216961597138677,0.052317076564218565,0.042303598579345694,0.021744196845498446,0.22603622805011475,0.0844741845222763,0.02344381444546035,0.0509271356244516,0.02481740004883751,0.018132804385895714,0.13230370550211204,0.01485639721176414,0.018068450806194878,0.048621094763779585,0.025851501392176627,0.026237777297988336,0.45217285598865,0.02980832618090806,-0.0030248209775957068,0.05438105054118829,0.018657879426593766,-0.003284263627930625,0.16906817323701867,0.0888362114486189,0.008327014770417768,0.05454182388765266,0.030209589604775447,0.014475306342392589,0.12987571329636088,0.0842948133066508,0.024398800815339974,0.05010881996940729,0.04831932175681637,0.020775201408449198,0.13495554112024227,1.3559322033898304,0.03877978546291219,1.694915254237288,0.01920652630986713,1.8644067796610169,0.013407433857042336,1.8305084745762712,-0.007601092164036385,1.7966101694915253,0.0038354893466889554,1.728813559322034,0.02007676691703489,1.135593220338983,0.018905213794650988,1.4745762711864407,0.014446363707929611,1.847457627118644,0.021619133230191726,1.9152542372881356,-0.008072399221150963,1.576271186440678,0.010534628376290893,1.4576271186440677,0.017131133611839027
2026-02-27,2026-02,445,436,-0.07854939124812614,-0.0073790607431346335,0.04820063996352731,0.010611928439427659,0.010125670038261746,0.2991805785674263,-0.040469403271633377,-0.012180329819202397,0.04571565319811019,0.018751019837610995,-0.004894584706517673,0.12834822382269934,0.020041640507204576,-0.012291110098730629,0.047352113616493545,-0.00023695355359472692,-0.0024023530020664437,0.553874646736817,0.01090722850368701,-0.013316202682735319,0.047146147919395386,-0.0050335082083547466,-0.022942909038981517,0.1840736262754283,0.03160224401908437,0.006428343680602133,0.04444676699146511,-0.0048975355344364445,0.0069049336504231965,0.12152553908526897,-0.004659702509901327,-0.026311617121075444,0.046325474568060826,0.054667210965896995,0.0118386378635701,0.13391114889898084,1.3898305084745763,-0.010853637014321075,1.6101694915254237,-0.016205753548015955,1.8305084745762712,-0.016867381285171307,1.7796610169491527,-0.0177653552251082,1.7118644067796611,0.0021486826636529805,1.7457627118644068,-0.03067602390073646,1.1186440677966103,0.0073290598687702204,1.5423728813559323,-0.008750516909907503,1.8135593220338984,-0.00693625130715119,1.847457627118644,-0.027561553106778127,1.6440677966101696,0.0027947641588977725,1.5423728813559323,0.00798270566018027
2026-03-02,2026-03,430,421,-0.17410734735506764,-0.06198120440084655,0.05307836145320796,-0.09237659227407244,-0.06245675437696471,0.30986126574377215,-0.08897868440306254,-0.005051073714444319,0.04874184874920606,-0.14925626901022143,-0.03662500659644313,0.2003094181418419,-0.02935309611687239,-0.029093756816344164,0.05877888194553192,-0.07635548131797516,-0.007013805050619398,0.5341607225792748,-0.12761572261068707,-0.059084470656365705,0.05283598571392276,0.010293715349561678,-0.01185245743124147,0.2600694267672398,-0.1213698188715725,-0.031807299680527326,0.05435224763908697,-0.18326402459570323,-0.05145988518127045,0.2163281024744113,-0.13795335404357148,-0.07146706008404854,0.05018458408478001,-0.16750276109257387,-0.02085197411290587,0.20975934102066923,1.5227272727272727,-0.06578802258266472,1.5909090909090908,-0.009028346441717048,1.8409090909090908,-0.03369602954361689,1.8181818181818181,-0.06362992520182024,1.75,-0.03618229968052733,1.659090909090909,-0.07561478735677582,1.5681818181818181,-0.06637720892241926,1.8863636363636362,-0.04134091568735222,1.8409090909090908,-0.011616077777892125,1.9545454545454546,-0.016738821067605106,1.8863636363636362,-0.05617579427217954,1.9090909090909092,-0.025624701385633143
2026-03-03,2026-03,391,382,-0.03858303238908141,0.0320326259759527,0.055061204505935366,-0.09323083537002969,0.013070159901875706,0.2991464251750394,0.15323924978148157,0.06754521762677075,0.05179507538583465,-0.14913502851829274,-0.016555513032238012,0.24674367100784653,0.018734312812778833,-0.01733144213071562,0.0554083866339896,-0.015386374280579804,0.018089153857769994,0.5674834878821122,0.07748053872513072,0.03221588218722874,0.049674992608377586,0.026542685170891887,0.02049241660649216,0.1843365405343081,0.07039528913414116,0.043376505923015535,0.053579580791913356,-0.2746198697047533,-0.051694480668150106,0.24881621714877455,0.09343389339579287,0.04761275606204529,0.04689470251386514,-0.1826362904039937,-0.002611021986878733,0.22804567413894752,1.476190476190476,0.028342149785476514,1.6904761904761905,0.06331902715058027,1.8333333333333333,-0.021914775464048953,1.857142857142857,0.027573025044371598,1.738095238095238,0.03903126782777744,1.738095238095238,0.043267517966807195,1.1666666666666665,0.01015349323520904,1.5714285714285714,-0.02048408446080944,1.6666666666666665,0.013922487191103328,1.976190476190476,0.015551940416015972,1.5714285714285714,-0.05562305209672153,1.2857142857142856,-0.005825307701164447
2026-03-04,2026-03,385,371,-0.03659244235775056,0.019516710116762096,0.05054388797088713,-0.03956036330431462,0.028799517056943478,0.3358787201546334,0.04648726453010226,0.06175379638135396,0.04871522598715245,-0.0866651210935628,0.00808143942876171,0.26165982194848963,-0.08970737172053105,-0.019747370489569416,0.04043386470920006,-0.07441554670122826,-0.013248112974526133,0.749316683492145,0.07137141225955891,0.04453932456278225,0.054144716817994105,0.027777733969019832,-0.015906331050537705,0.1945543985411122,-0.019092454186113824,0.028204966284422213,0.048830858982579266,-0.15751440300663463,-0.02654822488949328,0.2666616280739372,0.054952063576684584,0.052584925090232465,0.04997248250617714,-0.10602189982479714,-0.013254548288841157,0.2664762554136483,1.2105263157894737,0.01649039432728841,1.605263157894737,0.05774063848661712,1.631578947368421,-0.02382631785799047,1.7894736842105263,0.04006564035225593,1.736842105263158,0.023862861021264316,1.736842105263158,0.04824281982707457,1.0789473684210527,0.026102148635890846,1.368421052631579,0.004660386797182762,1.631578947368421,-0.017327060342947186,1.8421052631578947,-0.020511594208432442,1.1842105263157896,-0.029508751205282752,1.0789473684210527,-0.01595191670989379
2026-03-05,2026-03,392,376,-0.041419156444522716,-0.00840909159234507,0.05217953153218234,-0.03709435981495154,-0.002236938528432472,0.3582829301686663,-0.005589623834930587,-0.00761038857375973,0.04920923302863468,0.03960449098325025,0.028491642448277146,0.24525613533823112,0.1335667974844176,0.012916786225609475,0.03733607421588474,0.036444061339017966,0.00586300798288609,0.5535510989200128,-0.010111844273056054,-0.02851123147154056,0.048260891128904644,0.036808483765228626,0.01054335510933865,0.2442717084563092,-0.09063744980235705,0.00806878004005607,0.04793886721742373,0.06279889984536795,0.05213163746690469,0.23906933516263962,0.035997870771275656,-0.0010464300301707453,0.046147300507200506,0.05293010001876622,0.03048709264939393,0.23557254662247082,1.3421052631578947,-0.011764354750239805,1.473684210526316,-0.01129459910007552,1.868421052631579,0.008245733594030528,1.7105263157894737,-0.032787547261014245,1.5789473684210527,0.004121411619003439,1.5789473684210527,-0.004993798451223377,0.9473684210526316,-0.004605359581064051,1.3947368421052633,0.025004800343013986,1.763157894736842,0.0014551132460439856,1.7894736842105263,0.0060696708988123346,1.3421052631578947,0.048776374309009954,1.0263157894736843,0.02792130317570972
2026-03-06,2026-03,338,327,0.02105089291915753,0.03264758651645189,0.04125382156846871,0.024588664865564512,0.033289507733938115,0.3304493569514968,-0.027844571109635657,0.02452146591074451,0.04405132894329922,-0.02465392594328284,0.04832027514581929,0.20050001550804483,0.09286398257625823,0.01320264726051587,0.05272700378643716,0.07641896614160094,0.019562571281148206,0.6075763743032109,0.010754871060027255,0.03798396138060896,0.03693802127787013,-0.0835355779311275,0.019472601209547587,0.2880072036024296,0.01934322805219457,0.04458091385547831,0.042876401865202834,0.043022743951735394,0.048590587965620345,0.19508021008787735,0.02932879447717253,0.01818449484712266,0.04057209104722666,0.00706389012893569,0.050407173623707044,0.1813113188201731,1.4473684210526316,0.029029165463820308,1.6578947368421053,0.020376729068639247,1.8157894736842106,0.008663173576305343,1.8421052631578947,0.03337869822271422,1.7894736842105263,0.040107229644951996,1.6842105263157894,0.013973968531333186,1.368421052631579,0.02986845510235917,1.5263157894736843,0.04450448567213508,1.894736842105263,0.014825729175885049,1.894736842105263,0.01473575910428443,1.368421052631579,0.045169535334041395,1.2105263157894737,0.04738085783423336
2026-03-09,2026-03,377,367,0.08580780921206453,0.015219190449066248,0.046582109360875534,-0.025004770235878087,0.04609741514315492,0.2999845338431565,0.027338154630891242,0.035597866020213184,0.041014972815299394,-0.014458069850586359,0.02956076438509072,0.17395974746024287,-0.025804982876724628,-0.017957753700691588,0.03705116915681352,0.04453675570407344,-0.013188127875140768,0.44009514072456873,0.02336788507001273,0.004060176905261484,0.03638162251665424,0.01180308645459049,-0.011957295998117023,0.21332413108541154,0.08244109766486876,0.05666979298525745,0.03816729311695122,0.06486401020516941,0.044436021100265226,0.17499824925451665,-0.032505238301276454,-0.011962379429603747,0.0371794341438596,0.03294553331237117,0.019529429911889794,0.172593646657628,1.2702702702702704,0.012043514773390572,1.7297297297297298,0.03127354169588886,1.864864864864865,-0.02261991586285375,1.810810810810811,-0.0004668501217655434,1.7297297297297298,0.05234546866093313,1.7837837837837838,-0.016421838889063206,1.1891891891891893,0.04312444217018195,1.3783783783783785,0.026114818439144774,1.7837837837837838,-0.01764758733460023,1.918918918918919,-0.01675459329541432,1.2702702702702704,0.04126034542458955,1.0540540540540542,0.016894294776754658
2026-03-10,2026-03,349,341,0.10912755656555677,0.015139323140399648,0.06278678940399365,0.009608875464028117,-0.0005822974194850277,0.3598061521701953,0.1005504962172715,0.037996216999262034,0.059292993355969194,-0.06708428020946547,0.010349516662732615,0.2201827481827315,-0.008937264965820712,-0.02111854650826059,0.042681259555857096,0.027634718877984195,-0.029537593571595418,0.5279660405700698,0.11269693847304756,0.04281764684381911,0.05802183219484861,0.04621790619221703,0.01686328440272814,0.23243707783438045,0.08747541091898133,0.025350893430140485,0.058740561675877614,0.00576764012590512,0.00204627661473589,0.22296852092532551,0.10241703953590131,0.0005551404663987657,0.061586575425703144,0.00384885739692577,-0.0010425757042942076,0.2221620608778561,1.3243243243243243,0.011828512329588838,1.6756756756756757,0.033807027810072846,1.8108108108108107,-0.025645573535287614,1.8108108108108107,0.03829061981679208,1.7567567567567568,0.020959001538248593,1.7027027027027026,-0.0037016162903579907,1.1081081081081081,-0.003352567689755298,1.4054054054054055,0.006836003149219101,1.7297297297297298,-0.03386191789591974,1.837837837837838,0.012268689808133545,1.3513513513513513,-0.0013321017636424883,1.2432432432432432,-0.004150683812402316
2026-03-11,2026-03,352,345,-0.027889210254649348,0.03969085925832818,0.0643272346772456,-0.055701655914120504,0.010250144340050017,0.3532130409251241,0.01916390974464629,-0.011494104790849172,0.0583969049340632,-0.10709431424728875,-0.009529074353621145,0.24453304488869276,-0.0453286424108749,-0.0319320341164049,0.0476222021736438,-0.06815509582064828,-0.013025165473623089,0.5261759372318493,0.0059774581729255954,0.020021526980666754,0.05373122133857379,0.03544433218654182,-0.002627234123585516,0.29306834749877453,-0.01706402662493314,-0.020348318930330754,0.04836681966986402,-0.0727764130738635,-0.011055868533535712,0.23485982615281556,-0.07489363013442334,-0.006598073759569353,0.048320049155409175,-0.06679125092722826,-0.017346664608596157,0.23225528155179584,1.3823529411764706,0.036234976905387004,1.5294117647058822,-0.015317634202613877,1.7941176470588236,-0.03641732823405196,1.7058823529411764,0.015756821098313813,1.6764705882352942,-0.02453949540091899,1.6764705882352942,-0.010789250230157588,1.1470588235294117,0.007382497281226487,1.3235294117647058,-0.01283789788303291,1.8235294117647058,-0.01758398900303485,1.6764705882352942,-0.0068184105941737514,1.2647058823529411,-0.014217633239418066,1.088235294117647,-0.020067252843890274
2026-03-12,2026-03,340,331,-0.01786367987103491,0.0017533608581704674,0.04770977392989522,-0.07506629153620809,0.0008515939277718449,0.35040113363753667,-0.001337280039568834,-0.002134934989514205,0.046435438075921334,-0.06344355716490525,-0.02305472900502826,0.22070249012022308,-0.09499501395601075,0.022089958358162486,0.03756399480592883,-0.02515299134072958,-0.015372417809929362,0.7399170259860429,0.06805413053961933,0.022648526747570025,0.04453044051520039,-0.2063221593103543,-0.03964857087844482,0.22551733210231317,0.010804795278607641,-0.005510659050873304,0.0416428191894012,-0.09018671543566172,-0.014056220110799782,0.21603332121263852,-0.042518788326583325,-0.005500019532816011,0.037375207532213996,-0.05965093327186323,-0.017378742930374773,0.2121307569922823,1.2058823529411764,-0.0012613450241824736,1.7058823529411764,-0.006399640871867146,1.6764705882352942,0.01789878188757425,1.7941176470588236,0.018163232629922966,1.7058823529411764,-0.009775364933226244,1.7941176470588236,-0.00998531365046307,1.1176470588235294,-0.0019425237192869788,1.4705882352941178,-0.026731199593263553,1.7058823529411764,-0.019637123692282304,1.911764705882353,-0.044427982643150704,1.3823529411764706,-0.017512102463740957,1.1764705882352942,-0.020319919400963008
2026-03-13,2026-03,281,273,0.0194104343219553,0.020416211641280338,0.04147842425428917,0.06399907841067545,0.040503728472959626,0.32976115467371764,0.14290124053549122,0.0034618934996267867,0.047345757777914846,0.06570190939084168,0.034692069515135156,0.21984270697942485,0.06282612362222971,0.024343072352528763,0.03698964728372334,-0.14275355100173193,-0.020654640790456893,0.5587907048563163,0.024201187736262085,-0.000363091226305446,0.03875672203905582,0.06008665048927714,0.03179246079529549,0.21176923397514558,0.05569314645009008,0.015153966948220575,0.042455764218644804,0.03711073633986561,0.025498736237680997,0.21711665681666797,0.04805920670575263,0.020042019680166438,0.03559569299265557,0.0443428328514689,0.013578624856705081,0.20430746619348172,1.3333333333333333,0.017082878307947004,1.606060606060606,-0.0005532580155247283,1.8181818181818181,0.019797617807074216,1.7878787878787878,-0.004832788196002416,1.7575757575757576,0.010760027554281182,1.6666666666666665,0.015875353013499773,1.0,0.03800372847295962,1.4545454545454546,0.03105570587877152,1.8484848484848484,-0.025275852911669013,1.9090909090909092,0.02701973352256822,1.3636363636363635,0.02208964532859009,1.2121212121212122,0.01054832182640205
2026-03-16,2026-03,331,321,-0.047515411825825686,-0.005530720019336008,0.04433679616442253,0.08582211295056634,0.047626973854362806,0.3313248264603317,0.015125594385231119,-0.006570906801303376,0.04422748515468738,-0.04036591297902403,-0.011054626963588204,0.21629181038588285,0.0032617406711679823,0.006761018358736683,0.04326955893996888,-0.03980356097990367,-0.015206756238755732,0.5279030962847173,0.05258884449726482,-0.028219423429092214,0.03743489481430468,0.07212999209140876,0.01633669846762477,0.25779477148898877,0.08088966687954785,0.015554398347224403,0.045398337096611105,-0.027270410948931678,-0.021784543524973686,0.20906022313283756,0.04460644004195855,0.0010840500893674887,0.038024134285532966,-0.06351756931598958,-0.02888151107262682,0.20742414239794016,1.34375,-0.008890095019336007,1.625,-0.010633406801303376,1.84375,0.0021516433587366835,1.84375,-0.03282879842909221,1.78125,0.011101273347224404,1.75,-0.0032909499106325117,1.25,0.0445019738543628,1.28125,-0.014257751963588203,1.90625,-0.01997238123875573,1.875,0.011649198467624768,1.4375,-0.025378293524973686,1.125,-0.03169401107262682
2026-03-17,2026-03,288,282,-0.041280859546114,-0.01798891697346466,0.04658203974117943,0.02302032721266412,0.011403585112485919,0.31699655178402153,0.0406092135562977,-0.005371371358807968,0.04461039818989962,-0.013021995024695674,-0.0008654411561172509,0.21226008236408234,-0.09863651565278056,-0.032539758097876355,0.03595500249862842,0.1164667681685739,0.05187294986000431,0.4770872986742428,0.03300258410394287,-0.006434204447353403,0.042936866469587893,0.019061785402826843,-0.0029670015908596446,0.26504822940166506,-0.12252691607489481,-0.06611531629015337,0.041990033176789954,-0.058698945862419576,-0.013401221590960586,0.21246356996042387,-0.0005345036149323431,-0.017679447429419667,0.04795980121963851,-0.05033727981867065,-0.03514937395428318,0.20400913711637259,1.375,-0.02142641697346466,1.5,-0.009121371358807969,1.71875,-0.03683663309787635,1.8125,-0.010965454447353404,1.65625,-0.07025594129015336,1.625,-0.021741947429419668,1.1875,0.008434835112485918,1.34375,-0.00422481615611725,1.75,0.047497949860004315,1.875,-0.007654501590859644,1.34375,-0.016760596590960585,1.34375,-0.038508748954283176
2026-03-18,2026-03,308,307,0.004240154393533477,-0.013847647083924303,0.059661049241048855,0.13520071528989652,0.048858885131929757,0.306679961181456,-0.021994260759638198,-0.015696805106227958,0.056983386795160226,-0.09224101852418477,-0.008206198452614203,0.21625019273450297,-0.051113383171464216,-0.01639680884491333,0.042672491449569916,0.1280712477614374,0.032243909647725395,0.4451913408214046,-0.06851624460033837,-0.02819767484542266,0.058198938451098,-0.14128495077864167,-0.024261316206576053,0.2189197603372797,0.006571746459795541,-0.013819576215071799,0.049316854133742524,-0.00894687362541004,0.0031725184930651504,0.20209735634947018,-0.02270191147835751,-0.011199542759461199,0.04907392651581505,-0.06833614189485288,-0.029774530242795333,0.21420591673062694,1.4193548387096773,-0.017396034180698496,1.5161290322580645,-0.01948712768687312,1.9032258064516128,-0.02115487336104236,1.7741935483870968,-0.0326331587163904,1.6451612903225805,-0.017932479440878252,1.7419354838709677,-0.015554381469138618,0.9677419354838709,0.04643953029322008,1.3548387096774193,-0.01159329522680775,1.8709677419354838,0.027566490292886686,1.9354838709677418,-0.029100025883995406,1.4193548387096773,-0.0003758686037090425,1.161290322580645,-0.03267775604924694
2026-03-19,2026-03,278,267,0.0883492234998627,-0.010033992985095698,0.062357635405032225,0.11779475918508235,0.04392869076594395,0.36682462526692283,0.05710070350613652,0.004607770363907027,0.059542095989176286,0.10027678334798099,0.059189550517409185,0.21495541212735353,0.11570051676463859,0.07670325974287334,0.04786040038548833,-0.08355468959500793,-0.11216665201175444,0.5345820743176672,-0.06761517535709409,-0.007200927464804177,0.05450487514357638,0.09528904185374189,-0.010642204229820016,0.19018763721127202,0.003159926932100529,-0.014770547019261906,0.05408558078581202,0.14549208426434584,0.05329950258096751,0.2094886545781736,0.04894857361325246,0.040332378474978337,0.05119844846918582,0.07667465654819804,0.01867479030681869,0.21839904302248248,1.5161290322580645,-0.01382431556574086,1.6129032258064515,0.0005755122993908977,1.967741935483871,0.07178390490416367,1.8387096774193548,-0.011797701658352564,1.9032258064516128,-0.019528611535390938,1.7741935483870968,0.0358968946040106,1.2903225806451613,0.04070288431433104,1.5483870967741935,0.055318582775473704,1.967741935483871,-0.11708600685046411,1.8387096774193548,-0.015238978423368403,1.3870967741935483,0.04983176064548364,1.2580645161290323,0.015529629016496108
2026-03-20,2026-03,269,266,0.15727496347259984,-0.020845515519197576,0.05521888978807282,0.2903783437212944,0.04013664567235861,0.3331745223797582,0.032322896052574795,0.004679756237860289,0.06316195919608053,0.08522813442083264,0.03450159292025565,0.17131419479846954,0.09660874037357446,0.036221001025521254,0.04875693891147887,0.030343669829648205,0.013139759271124265,0.5810649390849802,-0.057636230249002815,-0.020044406374723153,0.047839666436204645,0.10774627482167848,0.02231135671631085,0.17127392560036647,-0.0011066106888112104,0.00970333261878669,0.052052626457024284,0.09444105371531439,0.03774203160388538,0.16515008166984274,-0.014983323777642148,0.005773433165989085,0.053153319109030386,0.07154623413292892,0.014285847036646405,0.17477527702296222,1.4074074074074074,-0.024364034037716094,1.5555555555555554,0.0007908673489714002,1.8148148148148147,0.03168396398848422,1.8518518518518516,-0.024674036004352782,1.7777777777777777,0.005258888174342246,1.7777777777777777,0.0013289887215446406,1.037037037037037,0.03754405307976602,1.1481481481481481,0.03163122254988528,1.8888888888888888,0.008417537048902041,1.8518518518518516,0.01768172708668122,1.4814814814814814,0.03403832790018168,1.1111111111111112,0.011508069258868627
2026-03-23,2026-03,260,257,0.08499057535965757,0.021543121266810804,0.043624136973477765,0.1440751854544958,0.03348101357087936,0.3253163808526901,-0.14177360384256937,-0.031764007014997354,0.048214065785757876,0.2302271198822923,0.05784626377345342,0.15598617336497855,0.14010221870621023,0.04747927763056701,0.04282690796105769,0.03370570366792094,0.004922507516627633,0.4517693778929802,-0.0510703958979821,0.010485923767485514,0.03788177782222536,-0.03548026996302858,-0.009533119168221749,0.18141604873996514,-0.04476374821202407,0.0029792399633314995,0.04399535396529499,0.29884647815682297,0.0553745782199606,0.16171391702328736,0.008545415441967167,-0.014471831089144536,0.04597279487998004,0.27352771490702527,0.06652344221175086,0.16156190705414003,1.5185185185185186,0.017746824970514507,1.5185185185185186,-0.03556030331129365,1.7777777777777777,0.04303483318612256,1.8518518518518519,0.005856294137855884,1.7037037037037037,-0.00128001929592776,1.7037037037037037,-0.018731090348403798,1.0,0.030981013570879363,1.2962962962962963,0.05460552303271268,1.6296296296296298,0.000848433442553558,1.8888888888888888,-0.01425534139044397,1.3333333333333335,0.052041244886627265,1.1851851851851851,0.0635604792487879
2026-03-24,2026-03,328,324,0.12677932331367256,0.02769771110475077,0.03722884183695284,0.1430414588577441,0.0555608594187557,0.3315801667049527,-0.0010055764091842418,-0.026912402139225654,0.037208979909352374,0.016031071188824603,-0.01224490944009864,0.1657680383650586,-0.009176460126286808,-0.002596566255047998,0.03602744086731531,-0.06560067951115642,-0.043481353100104134,0.5423728586174548,0.037071663988501806,-0.009702183650709635,0.03733957527337971,0.023798528328553132,-0.0037596305323922413,0.1879339951556176,0.0026725820087179428,0.008324222663358052,0.029428233329312454,0.02780995183979335,-0.03060824199408632,0.15866276680026203,-0.011658157071239154,-0.028608092982092267,0.03228158661632404,0.011635032554558557,-0.022379735464625794,0.1629434886854142,1.15625,0.02480708610475077,1.40625,-0.030428027139225655,1.8125,-0.007127816255047998,1.6875,-0.013920933650709635,1.75,0.003949222663358051,1.75,-0.03298309298209227,1.09375,0.052826484418755704,1.375,-0.01568240944009864,1.875,-0.04816885310010413,1.875,-0.008447130532392242,1.28125,-0.03381136699408632,1.0625,-0.025035985464625793
2026-03-25,2026-03,297,294,0.1204714476526557,0.049777655765199574,0.05539967084612962,0.12119196682955072,0.036837197249104114,0.3611716612659651,0.052792114872651785,-0.0014054380900021812,0.05161398746465449,-0.0018990925031193487,-0.01191067120930203,0.22213766788100373,-0.08242670070368197,-0.020110658503912207,0.04665544792226566,-0.06988260586051065,-0.022595540525918577,0.5768425586665499,0.03177361678796154,-0.006789200260224993,0.052839134674943,-0.08991099091770233,-0.020609939102338673,0.23621741720828515,0.04749426058150891,-0.0012185024645922499,0.05525657394111759,-0.03421023219680938,-0.01924792186881763,0.20353936795787564,0.050008061753028195,0.0028499613610459985,0.049045068416132966,-0.011994147900188169,-0.013408189296127554,0.21247484380828924,1.34375,0.04641828076519958,1.59375,-0.005389813090002181,1.84375,-0.024720033503912206,1.78125,-0.011242325260224992,1.71875,-0.00551537746459225,1.78125,-0.0016031636389540012,1.3125,0.033555947249104115,1.34375,-0.01527004620930203,1.75,-0.026970540525918577,1.875,-0.025297439102338674,1.4375,-0.02284167186881763,1.03125,-0.015986314296127555
2026-03-26,2026-03,325,319,0.006890741614667995,-0.015961258846193337,0.048006054695431864,0.10252599933581528,0.010270305137178758,0.33112689075642265,-0.044862531242899344,0.005529499520501951,0.04384214559259625,0.002521105343191233,-0.01612486511436207,0.176702524011489,0.01851582546751297,0.007614193525554095,0.033627245089349805,0.031131448876333873,0.027446147242500923,0.4689832255244255,-0.08438606610385752,-0.010736536697190008,0.04467551399933996,0.02330379459213815,-0.006672204120514745,0.21753186883870512,-0.04135528638596123,0.011336491331881172,0.046393289820877245,-0.028727736703196827,-0.021463402270170934,0.17741438781376928,-0.06897628161431843,0.0032433906184064533,0.04355091491821779,-0.010822365546291927,-0.020841493805727165,0.1646520891226828,1.21875,-0.019008133846193338,1.5,0.001779499520501951,1.9375,0.002770443525554095,1.625,-0.014799036697190009,1.59375,0.007352116331881172,1.71875,-0.001053484381593547,1.15625,0.007379680137178758,1.46875,-0.01979674011436207,1.71875,0.02314927224250092,1.84375,-0.011281579120514744,1.65625,-0.025604027270170936,1.21875,-0.023888368805727166
2026-03-27,2026-03,264,260,0.0284010200288269,0.032737850583970864,0.04860368366891939,-0.0413287766828193,-0.01129585103555933,0.3158647369306821,-0.04985553939567857,-0.007832801954608327,0.05168293022769306,-0.10385902210279856,0.007241665173113908,0.2141850619361951,0.1060736165211955,0.009747413696832647,0.0443598908420429,-0.045132976956386676,-0.02732519812279169,0.5215081239405732,-0.03705953163777476,0.025550237575587935,0.043961500598184156,0.010007239335024686,-0.0004466430979658889,0.27414534337675345,0.021241252470178506,0.0069657153264700965,0.05089307256269567,-0.11925076143456229,0.010176822240236694,0.20361596145308936,0.039496768386932675,0.041339966427733445,0.044746938189852585,-0.12238389345785859,-0.007576419009717061,0.20332582782094294,1.46875,0.029065975583970866,1.71875,-0.012129676954608327,1.75,0.005372413696832647,1.90625,0.020784612575587936,1.78125,0.002512590326470097,1.84375,0.036730591427733446,1.25,-0.014420851035559332,1.40625,0.003726040173113908,1.625,-0.031387698122791685,1.875,-0.005134143097965889,1.5625,0.006270572240236694,1.40625,-0.011092044009717061
2026-03-30,2026-03,337,328,-0.05298541905480961,-0.015518747480144444,0.06343007198440524,-0.09656270458598694,-0.030816312168928703,0.32280442954012845,0.009669941636551663,0.02061515852224982,0.062158228618260696,0.026357259494671045,0.06884382894272886,0.1995797665281729,-0.07692621264469719,-0.014964596344201025,0.03128681641946623,-0.05848796536286633,-0.031169181370239295,0.4397323813402292,0.047490760512016984,0.020822222307462772,0.05934601199830494,0.13585700991544405,0.05117567844494909,0.20298218721467437,-0.0006775637054112288,0.022464194304444976,0.05723861552755204,0.017702880319862745,0.0665022391736023,0.19838031279769813,0.00767048518703392,0.042416252992924286,0.05388395404192746,-0.021106375934040852,0.02642495680759287,0.20129823865312518,1.4545454545454546,-0.01915511111650808,1.575757575757576,0.01667576458285588,1.8181818181818183,-0.019510050889655572,1.8484848484848486,0.01620101018625065,1.878787878787879,0.01776722460747528,1.7575757575757576,0.03802231359898489,1.1515151515151516,-0.03369510004771658,1.5151515151515151,0.06505595015485008,1.9090909090909092,-0.035941908642966564,1.9090909090909092,0.04640295117222182,1.5151515151515151,0.06271436038572352,1.393939393939394,0.022940108322744384
2026-03-31,2026-03,296,289,-0.08247801913755326,0.015705973510895595,0.06573597779625366,-0.031135916093587953,-0.007820067466712901,0.3531223999272133,-0.07198717268738425,0.013263190510494433,0.06592782922951888,0.1086159474516065,0.07086599905612011,0.22155258534797306,0.07426652232427983,-0.03337961008226923,0.047493806866077175,0.13266594897829628,0.04048503175221605,0.5672816278348709,-0.051012651828946216,0.007995865703408107,0.05965024503650991,0.03026069562559833,-0.039968458323606806,0.27616870300523166,-0.0726333505269547,0.03602257492276375,0.06497643766316533,0.08611054268180518,0.09784195715549156,0.21845968324562598,-0.08921626818069302,0.013160318078018221,0.05628523268164044,0.02980746884875676,0.06866707446927069,0.2258189097046852,1.3636363636363635,0.012296882601804686,1.5454545454545454,0.009399554146858068,1.6666666666666667,-0.037546276748935896,1.7878787878787878,0.0035261687337111375,1.6666666666666667,0.03185590825609708,1.5757575757575757,0.009220924138624282,1.0909090909090908,-0.010547340193985628,1.4848484848484849,0.0671538778439989,1.7272727272727273,0.03616684993403423,1.9090909090909092,-0.04474118559633408,1.4545454545454546,0.09420559351912793,1.0606060606060606,0.06601555931775553
2026-04-01,2026-04,311,308,0.05771863754956795,0.05698339392449456,0.04594255619618111,0.12288104489639601,0.044123911557030736,0.33020194790761676,-0.013888003746818919,-0.009604552323979717,0.03854393850542574,0.03993800515426903,0.0074705317113640006,0.14996483309134362,0.14155625197527866,0.06390303040346926,0.03384644402016771,-0.029779729487873004,0.038240090511681174,0.5132494737063685,-0.09431443123820764,-0.012573101806361885,0.035475005971970515,0.11882624687831617,0.020452753722559756,0.20303759513603103,-0.13656660023363829,-0.0297419496302299,0.034038545652522643,-9.734068441671387e-05,0.004377870815235559,0.16640769582121603,-0.06866308839881474,0.0003104695570357481,0.0335913480625798,-0.03274596474990625,0.007796899080109198,0.15886837099829026,1.3870967741935483,0.05351565198901069,1.8064516129032258,-0.014120681356237782,1.7096774193548387,0.05962883685508216,1.7096774193548387,-0.016847295354748982,1.7419354838709677,-0.03409678833990732,1.7741935483870968,-0.004125014313931994,1.5483870967741935,0.040252943815095255,1.6451612903225805,0.0033576284855575496,1.935483870967742,0.03340138083426182,1.9032258064516128,0.015694689206430724,1.5483870967741935,0.0005069030733000747,1.2580645161290323,0.004651737789786618
2026-04-02,2026-04,279,275,0.055638254373459754,0.08191689671666823,0.0439228043299994,0.0956348285426958,0.026418505775049093,0.3743143333787365,-0.017773983578114466,0.04278478345129598,0.03345024855187316,0.08111704185039066,0.005331468217331877,0.16891807610435144,0.12899889020718774,0.03753898045663418,0.04162284363511902,0.14505175964126468,0.06105268571463708,0.6985185412423952,0.03192876477304962,0.052464037812923456,0.03725564583674093,0.09114201726176663,0.03294563759964845,0.20294794254004955,0.05227375703124137,0.06294560749265181,0.034145247714593624,0.11883820132833825,0.04588391256065817,0.15307976305484772,0.02857695410491883,0.0024721623911239127,0.04176304431123315,0.11015151012830289,0.04347970904557485,0.15570478833147458,1.2580645161290323,0.07877173542634565,1.5806451612903225,0.03883317054807017,1.8387096774193548,0.03294220626308579,1.8064516129032258,0.04794790878066539,1.8064516129032258,0.058429478460393744,1.6774193548387095,-0.0017213859959728612,1.129032258064516,0.023595925129887802,1.3870967741935483,0.0018637262818480068,1.8064516129032258,0.056536556682379016,1.8064516129032258,0.028429508567390384,1.3225806451612903,0.04257746094775495,1.096774193548387,0.04073777356170388
2026-04-06,2026-04,323,318,0.058002712984749065,-0.03479842097390694,0.042327612945543755,0.10079654421615888,0.06572155607752063,0.3284497073618695,0.05136954806823381,-0.007995300042894296,0.03608215260774636,0.001270047923699557,0.008160639267979001,0.15265158098191023,0.007360624485620394,0.02516811934183288,0.035692009016023346,0.13377565756149254,0.05564431687802984,0.5083441238384694,0.011310078952086612,0.033566676341168625,0.0384856571165444,0.041973721777244656,-0.0066546427950379405,0.24611172243021429,0.03707479074832413,-0.03397592690024264,0.03297804522091956,0.001919049000649632,-0.017810732492066873,0.13697201979812235,-0.04407064907057518,-0.04005794091129782,0.032922112834214014,-0.04928259563395896,0.018615382870880093,0.14231643039966002,1.34375,-0.038157795973906936,1.5,-0.011745300042894296,1.75,0.02079311934183288,1.75,0.029191676341168624,1.65625,-0.03811655190024264,1.625,-0.044120440911297826,1.09375,0.06298718107752063,1.28125,0.0049575142679790015,1.6875,0.05142556687802984,1.8125,-0.011185892795037941,1.34375,-0.021170107492066874,1.0,0.016115382870880095
2026-04-07,2026-04,247,243,0.00325543087773805,-0.04960412903249299,0.05399495131866206,0.018815482647689768,0.03819995695084662,0.46525585697478766,0.053914501123832614,0.06242572952464099,0.045616998621389106,0.03665385822909172,0.02405048412056055,0.19507269468158484,0.07830138782607941,-0.032150389654022206,0.040809009030560436,0.13943697704712105,0.0013991498912940548,0.5133369366327921,-0.009968564540243958,-0.025722543977468766,0.049257522502208606,-0.15936839225871913,-0.07367366104660465,0.22465182476056117,0.028628759239266575,-0.0629679587158053,0.043138988333676215,-0.04355412940218375,0.030561963893624172,0.18446447979658842,-0.00800598687116915,-0.07094558625567127,0.04751103819320762,-0.07278412404083688,0.0049816392874770105,0.18475968988301855,1.375,-0.053041629032492994,1.625,0.058363229524640986,1.8125,-0.036681639654022206,1.96875,-0.030644418977468765,1.8125,-0.0674992087158053,1.8125,-0.07547683625567127,1.1875,0.03523120695084662,1.28125,0.02084735912056055,1.65625,-0.0027414751087059454,1.8125,-0.07820491104660465,1.375,0.027124463893624173,1.125,0.0021691392874770106
2026-04-08,2026-04,283,278,0.08159346273869061,0.0281349419691113,0.05722852795494009,0.17256671371738438,0.03967227062092846,0.3550571727391798,-0.051324638304225775,-0.011406256776484745,0.055270480545131645,-0.025634522872896352,-0.0035003180356885217,0.16058531909116677,0.04806567791286259,0.010889052710942305,0.03635147379737785,0.044167776900460726,-0.04164957884033634,0.5419790968298912,-0.07519025891307547,-0.03382886742147174,0.05576827738866838,-0.018460435570342586,-0.041730851861920104,0.19573253695853055,-0.1316585325047042,-0.050396152368264543,0.050714689173658664,-0.05135534657459833,-0.06143025291877789,0.15758907236158848,-0.12126272407771946,-0.022681934238575133,0.050993932302794615,-0.03230562988486516,-0.015742189724653584,0.14943556840132388,1.3214285714285714,0.024831370540539868,1.6428571428571428,-0.015513399633627602,1.9285714285714284,0.006067624139513734,1.7142857142857142,-0.03811458170718603,1.6785714285714286,-0.05459258093969312,1.607142857142857,-0.026699791381432275,1.0714285714285714,0.03699369919235703,1.107142857142857,-0.0062681751785456635,1.8928571428571428,-0.0463817216974792,1.8928571428571428,-0.04646299471906296,1.1785714285714286,-0.06437668149020646,0.9642857142857142,-0.01815290401036787
2026-04-09,2026-04,312,308,0.0080630822492076,0.013822154370270477,0.043623706797527445,-0.08524811945705076,-0.01870069850646259,0.32324529922897777,0.07220976736504305,0.03514405316793982,0.038890536547187785,0.1745773667894416,0.03386111814157613,0.15408270818091208,0.005890006535608221,0.0030476463917107344,0.043163831041468016,0.19230520785799018,0.025477727429354252,0.4439655639111034,0.10338246900580722,0.04655097352401184,0.04170014838823253,-0.002391227214789258,-0.008206885205875633,0.23787811254301378,0.006993114751248361,0.02544932164259893,0.04476825365879733,0.13150208738489355,0.016546770869865043,0.1616650009828229,-0.019939800499265484,0.012456064070730945,0.04044018179368923,0.07483411157532563,0.024048004907510585,0.15302203643706536,1.4516129032258065,0.010193122112205962,1.6129032258064515,0.031111795103423694,1.9032258064516128,-0.0017104181244182977,1.7096774193548385,0.04227677997562475,1.7096774193548385,0.021175128094211834,1.5161290322580645,0.008665741490085782,1.161290322580645,-0.0216039243129142,1.3870967741935483,0.030393376206092258,1.8064516129032258,0.020961598397096187,1.8709677419354838,-0.012884304560714342,1.3225806451612903,0.013240319256961817,1.129032258064516,0.021225424262349295
2026-04-10,2026-04,281,274,-0.02347672770933163,0.02328270589210455,0.046187901581532576,-0.08361529059265109,-6.256145252309803e-05,0.30428579808385287,0.03502633884628282,-0.009707475002885074,0.036469174123127564,0.18940605090374152,0.030028724681745333,0.15766402237393237,0.02958808031821038,0.027182743481494742,0.031000792716718163,-0.052149218255621875,0.004252266367258117,0.5125394579437044,0.02857467360382481,0.029208761171296754,0.03737561781737743,0.009254291555344027,-0.010735136915854012,0.1967268324008694,0.05589351967030471,0.009699722900048828,0.03987707998687183,0.1180915964477712,0.009690451139258795,0.15821610791263757,0.04450832350809636,0.039197194334486804,0.039639196934988935,0.11250256898398035,-0.01659187404002354,0.14178295819847672,1.3870967741935483,0.01981496395662068,1.5483870967741935,-0.013578442744820559,1.7419354838709677,0.02282790477181732,1.7419354838709677,0.024853922461619334,1.7419354838709677,0.005344884190371409,1.6129032258064515,0.03516493626997068,1.2580645161290323,-0.0032077227428456787,1.3225806451612903,0.026722273068842107,1.7096774193548385,-2.1927181128978714e-05,1.8064516129032258,-0.015251265948112075,1.3870967741935483,0.006222709203774924,1.161290322580645,-0.019495099846475152
2026-04-13,2026-04,304,295,0.0329133172161047,0.011046197486466118,0.0512368132793891,-0.15838466072664212,-0.08934554001726308,0.325407495846351,0.04650475401293365,0.001636182779084408,0.04996067099454689,0.19099812914854902,0.04074996241110608,0.17994685135781763,-0.1415812513377231,-0.027390907999310623,0.05813755413394203,-0.038763568197845696,-0.026680114915109795,0.450338331113259,0.0027968816990163324,0.021839225016950757,0.0509355866490753,0.07390802928437797,0.009495117528186096,0.24272165571649867,-0.00250728265233771,-0.026513104433140228,0.04772234918498083,0.1624155340469336,-0.001996655219738193,0.18298366566499075,-0.03547228320761325,-0.014366339099338363,0.03769025627990272,0.11260005638182455,-0.0011620235237364551,0.17639129360516867,1.2999999999999998,0.007796197486466119,1.4666666666666666,-0.0020304838875822586,1.8666666666666667,-0.03205757466597729,1.7999999999999998,0.017339225016950757,1.6666666666666665,-0.030679771099806893,1.5666666666666667,-0.018283005766005028,1.0666666666666667,-0.09201220668392975,1.1333333333333333,0.03791662907777275,1.7999999999999998,-0.031180114915109795,1.7999999999999998,0.004995117528186097,1.3,-0.005246655219738192,1.0,-0.003662023523736455
2026-04-14,2026-04,316,309,0.045455911071053026,0.04090717189893618,0.061333562452339965,-0.15136023182982414,-0.06965948398341124,0.34261585772037506,0.0356282432311662,0.020673219961250152,0.06172342338369509,0.19233508840983984,0.02350691849303518,0.20371049354153295,-0.013633360056835414,0.03347604263631353,0.045032122190833364,0.02851071477853103,0.042462946998055945,0.6100328018468234,0.07530742361233916,0.00729450590528645,0.05586908005421368,0.07184100490014318,0.0014317713363809215,0.28107948661331206,0.1206659783268017,0.0013102926005598703,0.05790241151496325,0.1576674786034687,-0.0033488924239234233,0.2237298877969865,0.03323483924172717,-0.0008289335595040581,0.04984002434490563,0.12680285147641296,-0.013257518418467968,0.21416921024360963,1.2580645161290323,0.0377620106086136,1.4838709677419355,0.016963542541895315,1.7741935483870968,0.029040558765345784,1.5483870967741935,0.003423538163350966,1.5806451612903225,-0.0026413203026659365,1.5483870967741935,-0.004699901301439542,0.967741935483871,-0.07207883882212092,1.2258064516129032,0.020442402364002923,1.7741935483870968,0.038027463127088205,1.8709677419354838,-0.0032456480184577885,1.2580645161290323,-0.006494053714246004,0.9354838709677419,-0.015596228095887323
2026-04-15,2026-04,296,292,-0.010332366264569655,-0.01456786346096648,0.06307545760518622,-0.03295344651276855,-0.03404518097937045,0.35874261250639145,-0.005363761295964686,-0.0071898444750600685,0.05773759366352545,0.19352063928335114,-0.0039497725986360685,0.19640649649603614,-0.13814944542358706,-0.0550149714442186,0.04217268345489338,-0.09617940790920305,-0.0002413079529444695,0.7237068101249893,0.010609530948513999,-0.048908912278570055,0.04919278264355434,0.007335841234146319,-0.02021890452272527,0.2030032477502165,-0.060087822799687204,-0.01744301021337577,0.05802831910706345,0.06560613001290967,0.002948384013173412,0.20161525583986578,0.0053154084726570305,-0.004121745349854496,0.06165870983145872,0.131218737998399,-0.01334533593322091,0.1855604933767483,1.3225806451612903,-0.017874315073869707,1.4838709677419355,-0.010899521894414907,1.6774193548387097,-0.05920851983131538,1.6774193548387097,-0.05310246066566683,1.6451612903225805,-0.02155591343918222,1.3548387096774193,-0.0075088421240480435,0.8387096774193549,-0.036141955172918835,1.3225806451612903,-0.007256224211539294,1.8064516129032258,-0.004757436985202534,1.8387096774193548,-0.024815678716273656,1.129032258064516,0.00012580336801212193,0.967741935483871,-0.015764690771930587
2026-04-16,2026-04,309,301,0.005436405123220031,0.002782481420892449,0.0545632548542144,-0.016054193222999988,-0.00440268987591887,0.40351805109142636,-0.0007288671241067107,0.022030114337222663,0.045743158498755446,0.12702990714265378,0.005089029601488913,0.19205793390671413,0.01882110474040045,-0.002057094671820841,0.04301162547146501,0.047060936223330414,-0.002508229039223679,0.5187549909576773,0.10586104606475319,0.020240285053702765,0.05580230305274334,0.014301576907276877,-0.009178664308101596,0.2512145337959131,0.02824360105913504,-0.002377104407180558,0.0475198867201788,0.018511272629656593,-0.019937441021577202,0.19494092228511967,0.03547126221726911,0.04160795851699419,0.05609732903274684,0.051911852632178346,-0.011133692775301128,0.18000190177311498,1.2,-0.00021751857910755085,1.4666666666666666,0.018363447670555998,1.8666666666666667,-0.006723761338487507,1.7666666666666666,0.0158236183870361,1.5333333333333332,-0.006210437740513891,1.3333333333333333,0.03827462518366086,0.9666666666666667,-0.006819356542585537,1.3333333333333333,0.00175569626815558,1.8666666666666667,-0.007174895705890345,1.8666666666666667,-0.013845330974768262,1.2,-0.0229374410215772,1.1,-0.013883692775301128
2026-04-17,2026-04,303,296,-0.09137235176985806,-0.020295720597113702,0.055860169792452334,-0.040914487056931556,-0.01848181635864527,0.4033521310930761,0.048596468221238295,0.008349406644725714,0.049794285402269586,-0.08431975125013373,-0.036655733043490075,0.17594864604373772,-0.014187713655746394,-0.011240636212417004,0.03884066402643406,0.022654338755042778,-0.0027905945532367797,0.849776308486859,-0.0014927840681698342,-0.004484852296845601,0.04923435116666753,0.10933968091824868,0.06228252910005018,0.2718640582635999,0.033337330770372264,-0.005089474488290054,0.05487668993687132,-0.07247583419896539,-0.010627535151841921,0.1891725937525431,0.0524862101887854,-0.006115859960102953,0.04589119781139517,-0.004398331084415517,0.014754858827534707,0.1778152735903859,1.1333333333333333,-0.023129053930447036,1.6,0.004349406644725714,1.7666666666666666,-0.015657302879083672,1.6333333333333333,-0.008568185630178936,1.3,-0.008339474488290054,1.5666666666666667,-0.010032526626769619,1.0666666666666667,-0.02114848302531194,1.3,-0.03990573304349008,1.6333333333333333,-0.0068739278865701135,1.4666666666666666,0.058615862433383514,1.0,-0.013127535151841922,0.9666666666666667,0.012338192160868039
2026-04-20,2026-04,361,355,-0.057372097749505135,-0.05428542739472563,0.0550243512477734,-0.04813708392236405,0.006722205806645664,0.36012355977113153,-0.08099203161057848,-0.04364668174603118,0.04844929710427337,0.017442342062050285,0.04288307181503532,0.1989532449386186,0.007777211430149886,-0.013375457545857184,0.050501232030982564,-0.005015050192609199,-0.0007631221717260982,0.39932589874499375,-0.04532211950961179,-0.04148730998753106,0.04773744308388045,0.000615999182238768,0.0328854865667262,0.21440327260643244,0.05301074701761711,0.007946499113487888,0.04782202701347929,-0.04417849207608887,0.03061235405381021,0.195771936327219,-0.02717449146110994,-1.3124855657008563e-05,0.05033257429531127,0.0012211577991586343,0.03853346400495086,0.17985144645596546,1.222222222222222,-0.057340982950281186,1.5833333333333333,-0.047605015079364515,1.8333333333333333,-0.017958790879190518,1.6666666666666665,-0.04565397665419772,1.6111111111111112,0.003918721335710111,1.6111111111111112,-0.004040902633434786,1.1944444444444444,0.0037360946955345524,1.4166666666666665,0.039341405148368654,1.7777777777777777,-0.005207566616170543,1.8333333333333333,0.028302153233392868,1.3333333333333333,0.027279020720476877,1.0833333333333333,0.03582513067161753
2026-04-21,2026-04,333,323,-0.14190960313173717,-0.06550425045792915,0.06129155320627712,0.006487838390298531,0.030690440590274284,0.42107039043912664,-0.03398900668217456,0.0015451806016698114,0.05165025635905629,-0.0252243802853427,-0.0020218160121329015,0.21311837353277951,0.0669816823314263,0.03006853610507849,0.043670730874813296,-0.06655777440097005,0.05742558875667893,0.5497275865636766,-0.049353592501873045,-0.011755032368385574,0.04946271069803641,-0.013102417762976165,0.017109993413272434,0.23293872276553884,-0.14699191652513924,0.003947049778071362,0.04491411510038507,-0.1314277989121074,-0.028219664474861184,0.21609032049309462,-0.06337504086584239,-0.009477137173073087,0.04935860731607472,-0.11388262225142681,-0.023430667736914306,0.19888616318348795,1.2222222222222223,-0.06855980601348471,1.5555555555555556,-0.002343708287219078,1.7777777777777777,0.025624091660634046,1.7777777777777777,-0.01619947681283002,1.6666666666666665,-0.0002196168885953047,1.5,-0.013227137173073087,1.1944444444444444,0.027704329479163174,1.3333333333333333,-0.005355149345466234,1.722222222222222,0.05312003320112337,1.7777777777777777,0.012665548968827989,1.1388888888888888,-0.031066886697083407,0.9166666666666666,-0.025722334403580974
2026-04-22,2026-04,410,403,-0.055810230295474834,-0.05688955240849383,0.06127624563500854,0.14024218306894934,0.05493166986383971,0.3979308048961684,-0.014209397258906123,-0.04093804995713904,0.05096267133798428,0.02922972655921837,0.03158766248462133,0.2143513595685363,-0.017288342939504094,-0.01219399158736259,0.03707275304750189,-0.09798026087686881,-0.019845827001903016,0.5118980187922716,-0.09627977454223807,-0.001662612030454133,0.05016610216098839,0.14229219453867126,0.06195778007346937,0.3059953085146844,-0.010143674487276214,-0.010086564732744281,0.05121068627725313,-0.02397968444553362,0.015593654950654644,0.2066703592427075,-0.04726543983445296,-0.04635385708983014,0.054045366962391206,-0.019067074150119726,0.008812248645069607,0.18996209772303702,1.175,-0.059827052408493835,1.575,-0.044875549957139035,1.825,-0.01675649158736259,1.7,-0.005912612030454133,1.725,-0.014399064732744282,1.55,-0.050228857089830145,1.25,0.05180666986383971,1.325,0.028275162484621332,1.725,-0.024158327001903016,1.825,0.057395280073469376,1.15,0.012718654950654645,1.125,0.005999748645069607
2026-04-23,2026-04,403,394,-0.057751619760324245,0.040639247970388793,0.06356864609525101,0.1274892275716961,0.038185741663561444,0.557792590596737,-0.0064706074325813386,0.03364340173554279,0.0521108211121111,-0.048256188531337854,0.01995389945526729,0.21284410806420523,-0.15221586970975817,-0.034300690225859604,0.04076971238615027,-0.09843783610844033,-0.004589981356938576,0.42832639168661374,-0.04498990365500817,0.037345090116767746,0.053537717656199954,0.11982907857098068,0.07277594640804702,0.2709971317687096,-0.002738805786804376,0.02323092115149152,0.04914056498960012,-0.04286144884256212,0.02855036851640652,0.19795560464262962,-0.023022983013830437,0.01612545266885411,0.05233302899490136,-0.04191025561576194,0.02288168163995568,0.19211802860865224,1.25,0.03751424797038879,1.525,0.02983090173554279,1.875,-0.0389881902258596,1.8,0.03284509011676775,1.75,0.01885592115149152,1.6,0.01212545266885411,1.2,0.03518574166356144,1.375,0.01651639945526729,1.85,-0.009214981356938576,1.8,0.06827594640804702,1.275,0.025362868516406522,1.075,0.02019418163995568
2026-04-24,2026-04,326,325,0.03159721350299388,0.023731628398351856,0.06217986763740606,0.16529850067757423,0.03625897549662524,0.3841451480984688,-0.014747305938840808,0.013869879739583282,0.04885390820735265,-0.04468179987963857,-0.01924674906066194,0.15519985684659332,0.04290160605263355,0.038275608348268,0.03735853692414981,0.12928880330078224,0.04339318095868854,0.4227732682484202,0.007434700238099203,0.006308170270601533,0.042558070674389784,0.04567240043122297,-0.015957783829776976,0.22806554613634944,0.0012675184330500366,0.0341488820553848,0.039167194767661444,-0.05481848370574661,-0.007543600774446671,0.14465995505452156,0.03349771183395318,0.020906200364854646,0.03942067627675422,-0.06027163583306995,0.00785394835357536,0.13933114358223975,1.3333333333333333,0.020398295065018522,1.6153846153846154,0.009831418201121742,1.8205128205128205,0.03372432629698595,1.6923076923076923,0.002077401039832302,1.6666666666666667,0.029982215388718134,1.7179487179487178,0.01661132856998285,1.3846153846153846,0.03279743703508678,1.6153846153846154,-0.02328521059912348,1.8205128205128205,0.03884189890740649,1.846153846153846,-0.02057316844516159,1.4102564102564101,-0.011069241800087696,1.358974358974359,0.004456512456139462
2026-04-27,2026-04,376,363,-0.15541250383275063,-0.0669511712873888,0.0663701542942442,0.025080649307559686,0.050640057257366096,0.46235533679525054,0.018703539629975743,-0.002804666291883627,0.05064630947099126,0.02180879405207939,0.03099500666484936,0.18085062379638356,0.09767772857353911,0.017802276179736926,0.03795797183003414,0.021058641552213736,0.009247209918275432,0.4252743133240276,-0.023829111339754617,-0.016793439568225633,0.051474980167974166,-0.012379028860490391,0.0030633483524693684,0.2923568495963183,0.0036765056536207327,0.023630238560462185,0.05046014961866886,-0.053856202599255276,0.01719441029744881,0.1778135932981968,-0.01275523593377007,-0.021701336422306414,0.045019653097196105,-0.04422766771418641,0.006996322887204849,0.17130406418194374,1.1666666666666667,-0.06986783795405546,1.5,-0.006554666291883627,1.8333333333333333,0.013218942846403594,1.722222222222222,-0.02109899512378119,1.75,0.019255238560462185,1.6944444444444444,-0.025937447533417524,1.1944444444444444,0.04765394614625498,1.3888888888888888,0.027522784442627138,1.8055555555555556,0.004733321029386543,1.8055555555555556,-0.001450540536419521,1.3888888888888888,0.013722188075226587,1.1111111111111112,0.0042185451094270705
2026-04-28,2026-04,380,373,-0.043662789616927655,-0.01772310088501224,0.06694398764980623,-0.0788016100126076,0.009739196454227458,0.38984807198112076,0.05678410806897992,0.012209497831201396,0.06231486724282015,0.0017998375116316959,-6.350651750324562e-05,0.20108725291651647,0.07213838439242344,0.02317146290697978,0.04573693281563897,-0.007232538042035774,-0.027406217271755327,0.5692209844552988,0.08259331040964081,0.02650046694042135,0.052829546402186435,-0.09397929202746337,-0.0363561854556374,0.23427910095936544,0.009373370059057851,0.026734084875460126,0.0544072907694332,-0.11278682860101451,-0.022887758905115664,0.20416900968632182,0.06951702902155978,0.0243470359598928,0.052368078367576766,-0.07174725295152576,-0.02227247841233979,0.202831842609354,1.162162162162162,-0.020628506290417646,1.4054054054054053,0.008695984317687883,1.7837837837837838,0.01871200344752032,1.8108108108108107,0.021973439913394323,1.7837837837837838,0.022274625416000667,1.6756756756756757,0.020157846770703612,1.2162162162162162,0.006698655913686917,1.2972972972972974,-0.003306749760746489,1.7297297297297298,-0.03173054159607965,1.7567567567567568,-0.04074807734752929,1.2432432432432432,-0.02599586701322377,1.054054054054054,-0.024907613547474925
2026-04-29,2026-04,512,504,-0.10988668048113921,-0.018941496050608964,0.050454708539812106,-0.11377607474737071,-0.015715411371598643,0.3662141638994217,-0.02672487380716678,-0.014265379668490556,0.04966374680203948,0.04240338288643984,-0.03546661180100977,0.172395655810833,0.04228514367494282,0.011565342710692813,0.03691916433584505,0.13014367770656804,0.0517775153465489,0.5120196251943707,0.06258368524049851,0.03102634155102381,0.045582028838901875,-0.0018554698675913527,-0.006796653885282593,0.22268670186400413,-0.0007294742278069603,0.022885069868398448,0.04671156057771326,-0.0539227098854442,-0.049602148881366416,0.1784036150574684,0.04046396046086877,0.007202592963910076,0.04180377985208639,0.018422286452432452,-0.029319634011018888,0.1759422229975462,1.3,-0.022191496050608963,1.58,-0.01821537966849056,1.74,0.007215342710692813,1.74,0.02667634155102381,1.76,0.018485069868398447,1.6400000000000001,0.0031025929639100754,1.28,-0.018915411371598644,1.5,-0.03921661180100977,1.8,0.0472775153465489,1.8,-0.011296653885282592,1.3800000000000001,-0.05305214888136642,1.32,-0.03261963401101889
2026-04-30,2026-04,524,509,0.04958258389263289,0.016467353691839562,0.05167021429993858,-0.07150943199517923,-0.01026292274298347,0.386244911043083,0.10238916076406772,0.0228394493394717,0.05779720564832598,0.15453475982660225,0.030575641852586547,0.17355968065413774,0.08088166939688782,-0.0029343207065825536,0.034901339739891714,0.08656795962375714,0.03740875927432561,0.4852941580591541,0.11788144727239352,0.04476115579237379,0.04593587557173673,0.01768014829302468,0.0002449007899932819,0.23886394223161772,0.07351768639356633,-0.0009987803869328377,0.04716517790849903,0.04628502202918737,-0.008709747733652436,0.1719794025754227,0.04625649772410241,0.0036828955646993587,0.03814301142255759,0.14532382801178503,0.02494744538150364,0.17707019993195347,1.4313725490196079,0.012888922319290542,1.6862745098039216,0.018623763064961895,1.7843137254901962,-0.007395105020308044,1.843137254901961,0.040153312655118886,1.803921568627451,-0.005508584308501465,1.7058823529411764,-0.0005818103176535826,1.1568627450980393,-0.013155079605728568,1.4705882352941178,0.026899171264351252,1.8235294117647058,0.03284993574491385,1.843137254901961,-0.00436294234726162,1.4313725490196079,-0.012288179106201455,1.1568627450980393,0.022055288518758542
2026-05-01,2026-05,445,434,0.01769455492552557,0.006369766032901583,0.04753000386449115,-0.0571479949024904,-0.005604039718660346,0.3453313425876373,0.024052992693190514,-0.006947385768375992,0.04658616821321828,0.19344635765791962,0.04391189087335526,0.13898382370555123,0.0398015795594381,0.01518260833792711,0.04482491286179015,-0.0936232008319407,-0.02584283639053786,0.5327715743766275,-0.01096203561849622,-0.016283883639735958,0.04231025605031601,0.012702989106631589,-0.0043844999800274065,0.22729847640838735,0.08226555045644968,-0.025825511130007906,0.04367765572256738,0.2070154998922672,0.02841116971991158,0.12226639804971773,0.045829313561537216,-0.00352571108909662,0.0412328630164803,0.18313463479178685,0.03204151942439361,0.14323175222028134,1.4901960784313726,0.0026442758368231513,1.6470588235294117,-0.01106503282719952,1.8823529411764706,0.010476725984985934,1.7254901960784315,-0.020597609129932037,1.7647058823529411,-0.03023727583589026,1.7058823529411764,-0.007790416971449561,1.392156862745098,-0.009084431875523092,1.7254901960784315,0.039598165383159176,1.784313725490196,-0.03030362070426335,1.784313725490196,-0.008845284293752895,1.7254901960784315,0.0240974442297155,1.7647058823529411,0.027629754718511257
2026-05-04,2026-05,443,434,-0.00458617218567179,-0.020627276573372145,0.05760256404853387,-0.010491217399517116,0.035142154355679155,0.4492282355853984,0.030519177369684788,-0.017017945012606974,0.051996420436222324,0.08526766031200152,0.04511068538390509,0.151840585868719,0.10417765469002367,0.006941868430448484,0.03727014610530846,-0.0049765950571694475,-0.03515765760495272,0.4708465482433175,0.03929517104044592,-0.028612680218264238,0.044496413080998484,-0.0004560498676175162,-0.0159789838301118,0.24824493430381597,-0.047106196919199594,-0.06869382365263037,0.04710483382162359,0.08057175457767479,0.06132843973523082,0.137144977573392,-0.02941438929861833,-0.03772117197376701,0.04514438209370805,0.10247167226716108,0.05096785537110471,0.15509474719333094,1.255813953488372,-0.023766811457093074,1.372093023255814,-0.02044817757074651,1.744186046511628,0.002581403314169414,1.627906976744186,-0.0326824476601247,1.6046511627906976,-0.07270545155960711,1.5813953488372092,-0.04167466034586003,1.0465116279069768,0.032525875285911714,1.4883720930232558,0.041389755151346956,1.744186046511628,-0.03951812272123179,1.8372093023255813,-0.020572007085925756,1.6511627906976745,0.05720053275848663,1.627906976744186,0.04689808792924424
2026-05-05,2026-05,554,538,0.0857033480389539,0.04264082610556315,0.05791463175740247,0.02819716720918567,0.03601871990685006,0.3399398691814255,0.05995362948925516,0.053513000980147774,0.05325005159386948,0.06551518191604103,0.014748071997968674,0.12938456092443731,0.06670998747614425,0.03656815954717473,0.033301520777503715,0.04250931671169685,0.024631916284568237,0.4552482623192999,0.04852362517833302,0.056165026568865434,0.051498013437422066,-0.029345993619630688,-0.041493597208581603,0.23058881817592514,0.08637818853054424,0.03693085010618949,0.05126172098835301,0.07741123069917111,-0.00034400228128843996,0.1234224723238084,0.06725133801703476,0.04600887007387664,0.043730635064930835,0.08433524233917233,0.03887801111069081,0.14096495781645732,1.4259259259259258,0.039076011290748336,1.5,0.04976300098014777,1.8703703703703702,0.03189223362124881,1.7592592592592593,0.05176687842071728,1.7777777777777777,0.032486405661745044,1.6851851851851851,0.04179590711091368,1.2777777777777777,0.032824275462405614,1.574074074074074,0.01081288681278349,1.8703703703703702,0.01995599035864231,1.8888888888888888,-0.04621581943080383,1.6851851851851851,-0.004556965244251403,1.5555555555555556,0.03498912222180192
2026-05-06,2026-05,435,427,0.0035962487661494,0.008102287224733483,0.06320280024991719,-0.06619135817835163,-0.008786203892897219,0.38218842325515523,0.07056697883941893,0.03499990622177513,0.05904924134975881,-0.011494423376141817,0.0017930095927162389,0.18271218136299489,-0.03329994552864457,-0.03051168051222495,0.057524094420515474,-0.06562449863143346,-0.044636661512314095,0.6697342780440353,0.07498575488607226,0.01660331398946271,0.05821561528272379,-0.06266989762434082,-0.012545072733529637,0.2565447489709355,0.0911833806299544,0.05024404718757648,0.05588170735146766,-0.011864355322148957,0.011185146056653116,0.16826621910860373,-0.03061972275222518,-0.01211642805399852,0.056446248732117205,0.018895321979107496,0.007248450911790192,0.19207973405718803,1.3518518518518519,0.004722657595103853,1.5,0.03124990622177513,1.8518518518518519,-0.03514131014185458,1.7407407407407407,0.01225146213761086,1.5925925925925926,0.046262565706095,1.6296296296296295,-0.016190502128072593,1.0925925925925926,-0.011517685374378701,1.3148148148148149,-0.0014940274443207987,1.8703703703703702,-0.04931258743824002,1.7962962962962963,-0.017035813474270377,1.5555555555555556,0.0072962571677642266,1.4074074074074074,0.0037299323932716735
2026-05-07,2026-05,615,598,-0.04987409835013498,-0.003797185592292136,0.06287534485279536,-0.014151015426140555,0.022875844695824855,0.32970749471957483,-0.051120539372210186,0.01724180577183652,0.056867467052634416,-0.05213176035055752,0.009590832653187043,0.15520981003840764,0.021181993045471963,0.028856170204195092,0.04310369358635402,0.04370783126870472,0.004130149038556203,0.7123859486853084,-0.00021102477678764598,-0.01211797159559611,0.05150612988617269,-0.0431322153654719,-0.037210234600214685,0.23655389702568452,-0.031062353090663214,-0.004885188132792966,0.05322662517953039,-0.055289213051189695,-0.012846249334228683,0.14571600568791232,-0.060910865570434965,0.009341698777860926,0.054284499783248966,-0.027477071272256782,0.02508931924410813,0.1671021873752276,1.4833333333333334,-0.00750551892562547,1.5666666666666667,0.013325139105169855,1.9,0.02410617020419509,1.8666666666666667,-0.01678463826226278,1.8666666666666667,-0.009551854799459632,1.75,0.004966698777860925,1.2833333333333332,0.01966751136249152,1.7,0.005340832653187043,1.8666666666666667,-0.0005365176281104632,1.8499999999999999,-0.04183523460021468,1.7833333333333332,-0.01730458266756202,1.75,0.020714319244108128
2026-05-08,2026-05,355,347,0.05935770785443953,0.058243449277073575,0.06929273294233973,0.014078874312337557,0.041624561986986115,0.34881720904793057,-0.005199009712435727,-0.08911048735981501,0.06749351008995284,0.20664259792232734,0.0255292809857902,0.15929964599864824,0.051585709541022304,0.032172428775059964,0.07643314387270099,0.015185379869283854,0.06837925038517055,0.685050487944058,0.035535015463184744,-0.07895518472176723,0.060990748753913804,-0.07252434814562485,-0.037161938330087754,0.22827908268996647,0.06610464539282927,-0.028123294301450427,0.05844858694003606,0.17014519031921485,0.0368099241794755,0.14764517386044773,0.11417276080027444,-0.046569959511587,0.05212236089339148,0.20573975178436837,0.10265364360513865,0.1695808808718409,1.7,0.05399344927707357,1.7666666666666666,-0.09352715402648168,1.9,0.027422428775059963,1.8166666666666667,-0.0834968513884339,1.7833333333333332,-0.03258162763478376,1.8166666666666667,-0.05111162617825367,1.3833333333333333,0.03816622865365278,1.7833333333333332,0.021070947652456866,1.8166666666666667,0.06383758371850388,1.9166666666666665,-0.04195360499675442,1.8666666666666667,0.03214325751280883,1.7833333333333332,0.09819531027180532
2026-05-11,2026-05,444,429,-0.014980474690514231,-0.01235644392087155,0.07588338839227296,-0.005000963292439993,0.008936686324719494,0.3790892005659813,0.054465629224151456,0.00453130793979159,0.07212170640419845,0.022601743715266603,0.007714403839205932,0.20584191685152609,0.00988871852127975,-0.035307222115077225,0.049432619695633256,-0.0006398202895641029,-0.04486703290206469,0.5982169533191726,0.12073110282712717,0.05854875943500161,0.06473404299454523,0.03601990527892828,0.024606799221455825,0.2858917422072832,0.030119434895398044,0.012316272399335606,0.06520238237132873,0.021648699431816854,-0.04569260509231652,0.19949832433011644,0.07604482276634648,0.010570458630894453,0.061570459054039635,0.031627182073307655,-0.0032524995396787035,0.20850216510683992,1.3488372093023255,-0.015728536944127364,1.5348837209302326,0.0006940986374660086,1.813953488372093,-0.03984210583600746,1.697674418604651,0.054304573388489985,1.5581395348837208,0.008420923562126304,1.6511627906976745,0.006442551654150266,1.1627906976744187,0.006029709580533447,1.627906976744186,0.003644636397345467,1.8372093023255813,-0.04946005615787864,1.9069767441860466,0.019839357360990708,1.627906976744186,-0.049762372534176987,1.6511627906976745,-0.00738040651642289
2026-05-12,2026-05,367,365,0.022620734692292147,0.004409912894328849,0.07803427609724528,0.06771957544505991,-0.015449958930877784,0.4196694851335552,-0.011602109653245842,-0.0523162322371451,0.055287908966049876,-0.014629390809434196,0.007733857455232369,0.16751241497695446,-0.12574737527766808,-0.023779730795294968,0.05214535959592584,-0.10319434636915098,-0.008394979189189578,0.8425897111495335,-0.03357951538132551,-0.019693615365502654,0.06747016184181107,0.035347452431842084,-0.002284669372843169,0.24189197965380219,0.04022472525208283,-0.003325701998128927,0.0641042784834024,-0.008913485851739346,0.003865728666854404,0.1503453523748451,-0.03947543307784325,-0.026897940873803115,0.055704493658082374,-0.04527909523378624,-0.008305172578864609,0.17019327554023927,1.372093023255814,0.000979680336189314,1.627906976744186,-0.056385999679005566,1.8604651162790697,-0.028430893585992642,1.7674418604651163,-0.024112220016665444,1.5581395348837208,-0.007221050835338229,1.6744186046511627,-0.03108398738543102,1.2093023255813953,-0.01847321474483127,1.441860465116279,0.004129206292441671,1.697674418604651,-0.012639165235701206,1.813953488372093,-0.006819553093773401,1.5581395348837208,-2.962017035489789e-05,1.5116279069767442,-0.012084242346306468
2026-05-13,2026-05,406,396,0.027865573942306595,0.0331638542164163,0.07192036653066088,0.10973328904363387,0.006353147845766391,0.383500441769138,-0.1075695489488593,0.01296783520936863,0.07001745244493437,-0.14047930599654737,-0.0277429486872907,0.19614610401913524,-0.0211627648750846,-0.010352171523892863,0.05242492854164484,-0.008089433443494234,0.001169205186448953,0.6232722052372992,-0.05800624251714725,-0.0010414986030944096,0.07033095554115718,0.09737789737789737,0.01733963634989375,0.23873087456449865,-0.03294669649258292,-0.0035008705515443134,0.0723643403436896,-0.16110431972500938,-0.03493697812635378,0.19110018052160738,-0.04908365818051187,-0.010217382211828246,0.05841118037936099,-0.17933177243522072,-0.013592368937320493,0.20346078993752598,1.55,0.0292888542164163,1.65,0.00884283520936863,1.85,-0.014977171523892864,1.65,-0.00516649860309441,1.625,-0.0075633705515443135,1.675,-0.014404882211828247,1.2,0.003353147845766391,1.575,-0.031680448687290697,1.8,-0.0033307948135510466,1.775,0.012902136349893751,1.575,-0.03887447812635378,1.525,-0.017404868937320492
2026-05-14,2026-05,376,365,-0.0034823635645352445,0.03006202773559092,0.08232180197865722,-0.0057917489700321685,-0.006209418163934489,0.38739291951060295,-0.08614955697274113,0.007252171012937875,0.07781918331060603,-0.1723894124950618,-0.06315407726609357,0.19196989263097447,-0.02291984500079629,0.015102357370960572,0.040455745371149605,-0.045858890202890225,-0.00234776064859208,0.6885132148551445,-0.1274433094418421,-0.009680914816593007,0.0822406508050425,0.05425836672498448,-0.02466529474723668,0.25742631716032827,-0.06280580168181049,0.005975994314412116,0.07539317394365681,-0.1721316101360122,-0.04199579176164074,0.17754788096580243,-0.13243456176985158,-0.012106325610539863,0.06843036108738312,-0.16986601952706135,-0.026046426859956364,0.20163814237134325,1.3,0.02681202773559092,1.55,0.0033771710129378747,1.825,0.010539857370960571,1.7,-0.013930914816593008,1.55,0.0021009943144121163,1.575,-0.016043825610539863,0.975,-0.00864691816393449,1.4749999999999999,-0.06684157726609356,1.825,-0.00691026064859208,1.725,-0.02897779474723668,1.525,-0.04580829176164074,1.5,-0.029796426859956364
2026-05-15,2026-05,369,361,-0.015432346450374022,0.02521175341044433,0.06831195096984555,0.0593522207254975,0.04044886018025423,0.5242634873526791,-0.0565176788665654,-0.025538236861957313,0.07056504529595832,0.04974300918097312,0.005391562191455014,0.22010533527160686,-0.018455527619755996,-0.002703631126695312,0.038472153442474406,0.0390159787228417,-0.013520029894917872,0.5765044047600694,-0.013404605307351198,-0.004718516825095241,0.058824766646192975,-0.05467097532314923,-0.042843408882119224,0.2645164925812019,-0.05015954448616167,0.01660763803436057,0.06434645323440302,0.042388915957314685,-0.00036784361050422147,0.2119990314046542,0.032799890229559224,0.028897908623603495,0.05782503225195339,0.06361645314455494,0.00235819276394561,0.21151729300618172,1.3888888888888888,0.02173953118822211,1.611111111111111,-0.02956601463973509,1.722222222222222,-0.007009186682250867,1.7777777777777777,-0.009162961269539686,1.6944444444444444,0.01237152692324946,1.4166666666666665,0.02535624195693683,1.0277777777777777,0.03787941573580979,1.25,0.002266562191455014,1.6944444444444444,-0.017756141006028982,1.5555555555555554,-0.04673229777100811,1.5,-0.004117843610504221,1.4444444444444444,-0.0012529183471655003
2026-05-18,2026-05,317,313,0.08206865323718676,0.04234280964641379,0.07433676350666525,0.011190940261994652,0.020362425322905317,0.33203152350841025,-0.021119146765676243,-0.0017492396319440003,0.08079382196838912,-0.01115100894386184,0.004811649488206675,0.16154571346217586,0.04261311758145403,0.05333670343441583,0.044341717189705344,0.08482766838336848,0.0221359805854787,0.6002160253063324,-0.007811469932094157,0.016386998096144124,0.07167672314176823,0.028426954694529185,-0.012832324532494435,0.2148461975157261,-0.05295420179178605,-0.024439977416663077,0.06663598158257185,-0.03445243991655108,0.012260999728257746,0.14798568333348922,-0.020844148065327636,0.017432772532804633,0.0646835921723101,-0.019085663225290237,0.007407036398202254,0.16977616183219418,1.3611111111111112,0.03894003186863602,1.472222222222222,-0.005429795187499555,1.7777777777777777,0.048892258989971384,1.6666666666666665,0.012220331429477458,1.6944444444444444,-0.028676088527774188,1.6666666666666665,0.013266105866137967,1.25,0.017237425322905318,1.4166666666666665,0.0012699828215400086,1.8333333333333333,0.017552647252145368,1.8333333333333333,-0.017415657865827768,1.6111111111111112,0.008233221950479968,1.5555555555555556,0.0035181475093133646
2026-05-19,2026-05,322,316,0.05698610845779745,0.05125273473147518,0.05091123271053353,0.06305369514088062,0.001971980015596661,0.34477293002419174,0.024427598623443902,-0.017354944335457256,0.046921229502306136,0.09992180537391714,0.03416888759474615,0.10831413144478574,0.0617436455205422,0.07393375335450639,0.03858644342603528,0.1847449500987388,0.07789255986973538,0.7537631894811057,-0.043489043856384274,-0.01847947553863745,0.049040610836028876,0.04138384539641045,-0.01842801744902911,0.12385403411462903,-0.006010616569389149,0.021228608089357184,0.04497695963531887,0.06261123324840533,0.04338704013901027,0.09790515137137845,-0.05035727636081399,-0.016550672890787585,0.04187698843933582,0.16348319947752835,0.09577016385110103,0.11500173935201019,1.4375,0.04765898473147518,1.5625,-0.021261194335457256,1.71875,0.06963687835450638,1.6875,-0.02269822553863745,1.6875,0.017009858089357184,1.71875,-0.020847547890787584,0.9375,-0.0003717699844033389,1.46875,0.030497012594746152,1.71875,0.07359568486973538,1.84375,-0.02303739244902911,1.65625,0.03924641513901027,1.5625,0.09186391385110103
2026-05-20,2026-05,329,326,0.09825615484671012,0.01784197308255559,0.04912366059092755,0.1904518159577838,0.06300380801061407,0.38626596111465583,0.09058559499659655,0.020878839299921848,0.049771324774163905,0.1677589146712136,0.07949755959764773,0.10755190236324613,0.01399809531746927,0.007525545586670967,0.0407684621375345,0.049075982612083985,0.03958909267940873,0.6609583009373058,0.10698751170987808,0.00874236681637261,0.04973044516940667,0.01779800376063998,-0.05564911769051053,0.19623655125950323,0.06846487710525075,0.015979899582292192,0.046398467861871295,0.12087795442751333,0.07862357929998098,0.0981773150463899,0.0894749256970326,0.01826808021740646,0.04212822736141702,0.21616131662836385,0.1199137076557059,0.1163910310150999,1.303030303030303,0.014584397324979834,1.4242424242424243,0.017318233239315785,1.8181818181818181,0.0029800910412164216,1.9393939393939394,0.0038938819678877613,1.7575757575757576,0.011585960188352798,1.8181818181818181,0.013722625671951915,1.2424242424242424,0.05989774740455347,1.303030303030303,0.07623998384007197,1.696969696969697,0.03534666843698449,1.7878787878787878,-0.0601188146602075,1.5151515151515151,0.0748357005121022,1.393939393939394,0.11642885917085742
2026-05-21,2026-05,322,316,0.08916721375348403,0.05091796769252549,0.06042668691791684,-0.03049410700784516,-0.009624437457547458,0.3685795124620199,0.059062911719147765,0.01526669476232996,0.05948901765519848,-0.0012330345427591254,0.0225099615861818,0.12581246998161077,0.08616618927611547,0.059499974168632785,0.03757310316384295,0.050155966404157676,0.05040703108311001,0.5810100308153778,0.036962820800597235,-0.02533621167845196,0.0493035447084918,-0.11546943463542092,-0.07137957330375327,0.1646203011041507,0.07659856431719163,-0.0021704813210383644,0.052219073217094986,-0.03808281369820325,0.009705661145683456,0.10716678010066971,0.08837969628279893,0.018105129210827686,0.049080164663098946,0.09732094895316068,0.05303610956483448,0.1400717400247231,1.3636363636363638,0.04750887678343458,1.4242424242424243,0.0117060887017239,1.9090909090909092,0.05472724689590551,1.8484848484848486,-0.029957423799664082,1.5454545454545454,-0.006034117684674728,1.6363636363636365,0.014014220119918595,1.1515151515151516,-0.012503225336335338,1.303030303030303,0.019252385828606042,1.9393939393939394,0.04555854623462516,1.8181818181818181,-0.07592502784920782,1.5454545454545454,0.005842024782047092,1.4848484848484849,0.04932398835271327
2026-05-22,2026-05,262,261,0.11907878483778081,0.07872862200199883,0.048282764595961404,-0.06159549024141167,-0.010930151788952427,0.3984451649280695,0.15284623963814106,0.0756954920562125,0.04976235943516212,0.1151090057386191,0.035556421841639575,0.13034073721904021,-0.026642560618377064,-0.01474617023221729,0.0404867278264806,0.009938246289573934,-0.024587234137301486,0.5457190103255786,0.1657733957738862,0.08943650394851499,0.04629838820177623,-0.042709858607978685,0.021467052541321547,0.1680127349323951,0.2532889216727369,0.08791242552526574,0.04580150493818641,0.13320528949817026,0.04482081737268816,0.11627708053073058,0.16094789803600507,0.07258210480863435,0.044414832468625064,0.1583549936928903,0.0509637547315609,0.14061911762333834,1.40625,0.07521299700199884,1.75,0.07132049205621249,1.84375,-0.01935554523221729,1.71875,0.08513962894851498,1.75,0.08353742552526573,1.71875,0.06828522980863434,1.125,-0.013742651788952426,1.28125,0.032353296841639574,1.78125,-0.029040359137301484,1.84375,0.016857677541321548,1.53125,0.040992692372688155,1.5625,0.0470575047315609
2026-05-26,2026-05,399,397,0.06295925411641173,0.0351995573580614,0.053072106629729374,-0.0254603846299165,0.03223285597360918,0.38107151854783294,0.027329504666188085,0.020306644073435215,0.05153909137000542,0.07254807873956247,0.037416508368511125,0.14507147883996369,0.015811197490123025,-0.042289524763781595,0.034567417901688435,0.010557424191617372,-0.01592701256521214,0.5782033385708928,-0.05246023349831866,0.008764517775567452,0.053412347988135246,-0.04462708278233272,-0.03509357647228341,0.20478831222280858,0.0680177201798466,-0.017550249261951745,0.049296963229590846,0.019062984093399328,0.016466576931194007,0.13724258127622307,0.04968583753758637,-0.012594943845673286,0.05430070323253578,0.07162579816375109,0.03360148919543529,0.1566093720495701,1.5250000000000001,0.031387057358061396,1.6,0.016306644073435215,1.875,-0.04697702476378159,1.8250000000000002,0.004202017775567451,1.625,-0.021612749261951746,1.8,-0.017094943845673286,1.175,0.029295355973609178,1.5,0.03366650836851112,1.7000000000000002,-0.02017701256521214,1.875,-0.039781076472283405,1.675,0.012279076931194007,1.7000000000000002,0.02935148919543529
2026-05-27,2026-05,284,281,-0.03597010742154246,0.008786323869955454,0.058603547670768114,-0.0964274020541325,-0.04370684706456725,0.510530556419066,-0.06765383073969201,0.005900712744116771,0.059631717304453435,0.10630567859453541,0.09591643247079396,0.1637504531203636,-0.07198763502259152,-0.0275599486798069,0.04457711899874575,-0.15008318825608538,-0.05381142238272172,1.0148924424179964,0.06675799636951334,0.04690997825215065,0.050690003481733636,0.11598488083045418,0.06458060924217296,0.21956534045083181,-0.028666699845717413,0.006536264309967711,0.05127695932833215,0.05956617518014915,0.04071161935989743,0.15996657285307136,0.017968551498688992,0.04056936717102811,0.060599679789412206,0.08321515479336873,0.029445343991096825,0.16374165721104614,1.55,0.004911323869955454,1.7,0.0016507127441167703,1.85,-0.032184948679806896,1.775,0.042472478252150656,1.775,0.0020987643099677116,1.65,0.036444367171028114,1.025,-0.04626934706456725,1.525,0.09210393247079396,1.75,-0.05818642238272172,1.9,0.05983060924217296,1.675,0.036524119359897425,1.6,0.025445343991096825
2026-05-28,2026-05,282,279,0.01717073155070084,0.05687201368294274,0.07205674148971009,-0.03786486500225681,0.012007344955443151,0.49306740492050133,-0.007029412874262792,0.055301088118970776,0.07117409400450592,0.03887246858328956,0.009682349760939624,0.19860148835661154,0.04758255699520129,-0.01784232349536116,0.063838036860302,-0.08347067099138537,-0.028657993103447146,0.6794223093560764,-0.011035747452697347,0.03301539222592273,0.06414591620450186,-0.01315369486306785,0.0054664144184284735,0.24004387310040848,-0.006324143878085853,0.05108154568142936,0.07365302825744702,0.007163189239243243,-0.029162585496657675,0.19702590363366265,-0.024366294670269354,0.03514977907762459,0.06799006211053726,0.04851078812740112,-0.019959537002699014,0.2208779202774167,1.3214285714285714,0.053568442254371317,1.7142857142857142,0.051015373833256494,1.9285714285714284,-0.02266375206678973,1.75,0.02864039222592273,1.5714285714285714,0.047152974252857936,1.4285714285714284,0.03157835050619602,0.9285714285714285,0.00968591638401458,1.5357142857142856,0.00584306404665391,1.75,-0.03303299310344715,1.7142857142857142,0.0011807001327141884,1.6428571428571428,-0.03326972835380053,1.6428571428571428,-0.024066679859841872
2026-05-29,2026-05,236,234,-0.10012644533407587,-0.015535464623662364,0.06572431238948086,-0.03497742699722003,-0.029452580207744147,0.4331935490279094,-0.028482610342954438,0.012384484623107676,0.07923349361021209,-0.025091866871778952,-0.007345540851348116,0.15841872544716235,0.023432355523786877,0.013843343855899382,0.040853228266251936,0.012752193636535162,0.0006859526901701767,0.8033691651147344,-0.11603664632281448,-0.01538440957088414,0.07056038208579245,0.06686812710266722,1.9741486367408356e-05,0.20479491919926976,-0.04334564311375059,0.0028742696820937223,0.06532005582762865,0.014948851264681581,0.0009592445059530448,0.1412769573862138,-0.08822688949042987,-0.03721423376049054,0.07025918879478252,-0.03185509456011175,-0.036704656605663494,0.16409635317066443,1.5357142857142856,-0.01937475033794808,1.6785714285714286,0.008188056051679105,1.857142857142857,0.00920048671304224,1.7857142857142856,-0.019848695285169853,1.6785714285714286,-0.0013221588893348492,1.7142857142857142,-0.041499948046204826,1.3928571428571428,-0.032934723064887005,1.5,-0.011095540851348116,1.7857142857142856,-0.0037783330241155373,1.857142857142857,-0.004623115656489734,1.6785714285714286,-0.0032371840654755266,1.5357142857142856,-0.040543942319949205
2026-06-01,2026-06,300,299,-0.0644856053956155,-0.011058154237621284,0.07469236317061005,0.15996711074567496,-0.007916316442448237,0.45805735122412444,-0.12415737952643918,-0.0011864517732467494,0.06115542265876375,-0.20500805564506272,-0.09094258128246364,0.18960072435438632,-0.06538787674355685,-0.013668224196396989,0.04485742918712495,0.00718062354649292,0.005065384829586364,0.44243806650241213,-0.12376474975214291,-0.04472740114191698,0.07490086076554325,0.11545817175746398,0.04349324008858167,0.23012655178705851,-0.08709497739919135,-0.019175937375417687,0.06391730469527267,-0.33933443704930055,-0.10109586921575031,0.17299095926185448,-0.22472605251169459,-0.03975625175419227,0.0650564848308248,-0.3800504450049445,-0.11962383746330484,0.1712329192707936,1.5,-0.014808154237621284,1.5999999999999999,-0.0051864517732467495,1.7666666666666666,-0.018084890863063655,1.7333333333333334,-0.04906073447525031,1.7333333333333332,-0.023509270708751022,1.8333333333333333,-0.044339585087525606,1.4333333333333333,-0.011499649775781572,1.7,-0.09519258128246365,1.7333333333333334,0.00073205149625303,2.0,0.038493240088581675,1.8,-0.10559586921575032,1.7666666666666666,-0.1240405041299715
2026-06-02,2026-06,262,261,0.0046923828597412905,-0.005425072268829503,0.07597179814553354,0.04704693483809861,0.04486889256391658,0.4420080282367193,-0.09578099232971388,-0.05562759265126357,0.08624778595812008,-0.11829508866151489,-0.03637170006780236,0.17072580862217224,0.020803793238698354,-0.011443228207965055,0.04930660661506775,0.048719393167576744,0.009142842251174885,0.6075779146586473,-0.06782221984980744,0.047327479237557896,0.06414597269882272,0.2534056891097017,0.08590969535846596,0.19366382463620258,-0.06783754380029966,-0.009473686562601502,0.07820191295150994,-0.16891610793448078,-0.029472516475105792,0.12683813309726807,-0.05657382320942974,0.009995150844603132,0.07367106331902674,-0.2501662267870506,0.0022682305847226414,0.14712625433905765,1.4000000000000001,-0.008925072268829503,1.5333333333333334,-0.0594609259845969,1.7333333333333334,-0.01577656154129839,1.7666666666666666,0.04291081257089123,1.6666666666666667,-0.01364035322926817,1.6666666666666667,0.005828484177936464,1.0,0.04236889256391658,1.6666666666666667,-0.04053836673446903,1.8,0.004642842251174885,1.8666666666666667,0.0812430286917993,1.6333333333333333,-0.03355584980843913,1.6666666666666667,-0.001898436081944026
2026-06-03,2026-06,251,250,-0.04498045911591728,-0.009685575856672221,0.08647423110042195,0.022900398406374502,-0.00842107357672034,0.4762583410739899,-0.1280660216277746,0.012587916066986227,0.08218506207222696,-0.29623373173970785,-0.047102519425108576,0.203311258405447,-0.022157718542047587,0.03083230435849322,0.046056117684741736,-0.034680128865345945,0.041859044316571475,0.7820357155799866,-0.14317172133783626,-0.019644677353943596,0.07291266288704062,0.13072434073230885,0.048803801204584704,0.2042659103870392,-0.044624549421362174,-0.013198865149266326,0.07791040449116754,-0.3203027888446215,-0.07744324572277862,0.19083574056625366,-0.05486017833428192,0.010318326925476476,0.0763353114591384,-0.361800796812749,-0.0705745434657897,0.19871290758252144,1.153846153846154,-0.012570191241287606,1.576923076923077,0.008645608374678534,1.653846153846154,0.026697688973877833,1.6923076923076923,-0.02387544658471283,1.8076923076923077,-0.017718095918497094,1.7307692307692308,0.005991403848553399,1.0384615384615385,-0.011017227422874186,1.5384615384615385,-0.05094867327126242,1.7692307692307694,0.03743596739349455,1.8461538461538463,0.044188416589200086,1.7692307692307694,-0.08186632264585554,1.653846153846154,-0.07470915885040509
2026-06-04,2026-06,254,253,-0.08120982668377799,-0.03605142834193875,0.08241752254413859,0.003129468151519423,-0.020685625781413183,0.44649488463997844,-0.16000197719995532,-0.033536379059275895,0.07050088569473041,-0.1955461740265494,-0.06838450968106441,0.15900204584002497,-0.2200339740126779,-0.09694553113055698,0.04268001490226116,-0.1746078945126046,-0.04847810465438931,0.47784144356846814,-0.14894359834713625,-0.04720342931548421,0.07514201394447721,-0.0478654478815584,-0.004691544758797999,0.20417387761175632,-0.14906293537302256,-0.03365401754747947,0.0729094554556918,-0.2765176382712682,-0.08665841868932708,0.13993213534355164,-0.048658524752529624,-0.00265258067236461,0.06596746689318994,-0.2612587806900794,-0.07160121448614651,0.16032812759280207,1.0,-0.038551428341938754,1.4000000000000001,-0.0370363790592759,1.6400000000000001,-0.10104553113055699,1.4000000000000001,-0.050703429315484216,1.48,-0.037354017547479475,1.4000000000000001,-0.00615258067236461,0.88,-0.022885625781413184,1.12,-0.0711845096810644,1.84,-0.05307810465438931,1.76,-0.009091544758798,1.36,-0.09005841868932708,1.32,-0.0749012144861465
2026-06-05,2026-06,250,247,-0.03831344501512024,-0.008109485007685739,0.09186481200838187,0.0584706955311285,0.0014512374111019348,0.5155519174039364,-0.035082417318677096,0.0011742754803778718,0.08065471078001492,-0.12232323717179475,0.009668332233636848,0.1697608107328415,0.015947177360775618,0.02184303639070292,0.04701772376962318,0.08391814638743329,0.07483706920464524,0.6887467584013939,-0.022915955055144675,0.022162659027996585,0.07140553149174661,-0.052464071425142804,-0.01875556603125515,0.19433156579732894,-0.03228531656506504,0.011057162414451628,0.07351030065970823,-0.169765660250564,-0.03287009201498947,0.14616983264684677,-0.09098028915284363,0.014255614015447393,0.0809834503091999,-0.17124869197907167,-0.036467374651119315,0.16278490498661996,1.08,-0.010809485007685738,1.36,-0.002225724519622128,1.72,0.01754303639070292,1.56,0.018262659027996585,1.36,0.007657162414451628,1.36,0.010855614015447393,0.88,-0.0007487625888980653,1.32,0.006368332233636848,1.76,0.07043706920464524,1.68,-0.022955566031255148,1.48,-0.03657009201498947,1.52,-0.04026737465111931
2026-06-08,2026-06,284,282,-0.062305288606046706,0.0019223215256740367,0.08597411352848063,0.08066229934257081,0.00459380486119286,0.4420168290713004,-0.06517038732661434,-0.013152937963053338,0.07946858050287284,-0.116839082063024,-0.010142416563799547,0.1357744059392384,-0.056071902100694224,-0.04528944211214947,0.044228709534080486,-0.07546271783330061,-0.06626525194746394,0.5417324395052023,0.0010529984326825656,0.004529129990403908,0.0745719265812718,-0.2094280293252223,-0.033883905176523996,0.1582481029576489,-0.12078599260622323,-0.013340418772753944,0.07248997543978726,-0.24622141859058466,-0.07319218204067392,0.12010228567357574,-0.04404414787608027,0.0016049062457944643,0.07351546840477104,-0.26211986134473103,-0.056793199776074645,0.13787331152707338,1.2142857142857142,-0.0011133927600402486,1.6428571428571428,-0.017260080820196196,1.75,-0.04966444211214947,1.7142857142857142,0.00024341570468962292,1.7142857142857142,-0.01762613305846823,1.6785714285714286,-0.002591522325634107,0.9642857142857143,0.0021830905754785745,1.4285714285714286,-0.013713845135228117,1.6785714285714286,-0.07046168051889251,1.7857142857142856,-0.03834819089080971,1.3928571428571428,-0.07667432489781677,1.4642857142857142,-0.06045391406178893
2026-06-09,2026-06,273,272,-0.04296578260725964,0.016763840051044428,0.07662255335772435,0.04733319492872949,0.03024570503543799,0.44900128383327415,-0.03619024813743577,-0.02216930510837627,0.06872556221697639,-0.04220436068868873,0.0035680948466056423,0.14240136880565574,-0.08776134447996016,-0.02284919524975972,0.045974895721137936,0.0008310699865735419,-0.004733925999445308,0.6680315218313977,0.000433497374244476,0.015258491783565906,0.06233291201556109,-0.010311929375905332,-0.0037796537504636643,0.15896936561222427,-0.04563165073907677,-0.009126760743948926,0.06819173516916956,-0.11600035859374631,-0.0049275090439358325,0.12912358978280314,0.03106554244381638,0.021536062501099535,0.0666589117764675,-0.12428930022317743,-0.016039930421790367,0.14270959739331845,1.25,0.013638840051044428,1.3928571428571428,-0.025651447965519127,1.7857142857142856,-0.027313480964045435,1.4642857142857142,0.011597777497851621,1.5714285714285714,-0.013055332172520355,1.5357142857142856,0.01769677678681382,0.8214285714285714,0.02819213360686656,1.357142857142857,0.00017523770374849998,1.6785714285714284,-0.008930354570873877,1.8928571428571428,-0.008511796607606521,1.3928571428571428,-0.00840965190107869,1.1785714285714286,-0.01898635899321894
2026-06-10,2026-06,288,286,0.024440479204594318,0.007080529889235836,0.08895256539489993,0.06058528145835092,0.026482766517819507,0.43692539105641437,0.03229677810866097,-0.0015061772504889118,0.09029520035937125,0.033986693673165105,0.024360706779686922,0.13093978667567516,0.10018637930083522,-0.008484935680641532,0.048651175301080915,-0.01027396615684832,-0.024133775813744384,0.587907844383655,-0.03750593247595924,-0.014123123264122153,0.0798308916081709,0.06425798439892456,-0.03638228937646287,0.13973780297513666,-0.049053265495581304,-0.03198975545536414,0.08233140790920099,-0.05970264719948237,0.006645844107529909,0.13190122610279198,-0.04157322900465782,-0.041479651291423864,0.0769686360567532,-0.02778213150396457,-0.008979430888800127,0.13386936370154906,1.3448275862068966,0.003718460923718595,1.482758620689655,-0.005213073802213049,1.6551724137931034,-0.01262286671512429,1.6206896551724137,-0.018174847402053187,1.5172413793103448,-0.03578285890364,1.482758620689655,-0.045186547843148,1.0,0.02398276651781951,1.4482758620689655,0.02074001712451451,1.6896551724137931,-0.028357913744778866,1.9655172413793103,-0.04129608247991115,1.5517241379310345,0.0027665337627023226,1.482758620689655,-0.012686327440524264
2026-06-11,2026-06,315,312,0.07137635671861263,-0.0029053624604812936,0.09867975039171756,0.04741095664259415,-0.01863230374322731,0.38646156226675354,0.05112741541025021,0.037297022941371376,0.08810075076282638,0.1445103527180444,0.031001004487327715,0.14262709165773085,0.2410306058331411,0.055089751579470575,0.03933713771459138,0.12005139643480499,0.06825562041884536,0.5964596427736745,0.028117434744558238,0.03679476811909432,0.07762791629925805,0.09100409655114162,-0.027186968700710773,0.20529316606060152,0.05469337295508383,0.0168366355474907,0.07652268442797575,0.13148163078825015,0.02528263948009495,0.1420583062835278,-0.016576250753465943,-0.0008027166153152,0.06872490315576138,0.10267561995369784,0.016694701876193593,0.14034351358009922,1.2903225806451613,-0.006131168912094196,1.3870967741935483,0.03382928100588751,1.8064516129032258,0.05057362254721251,1.5806451612903225,0.032843155215868516,1.4193548387096775,0.013288248450716508,1.6774193548387097,-0.004996265002411974,1.096774193548387,-0.021374239227098277,1.4193548387096775,0.027452617390553522,1.6774193548387097,0.06406207203174859,1.8387096774193548,-0.03178374289425916,1.5161290322580645,0.021492316899449786,1.4516129032258065,0.013065669618129078
2026-06-12,2026-06,310,307,0.15705034022374104,0.056852670790004715,0.06964619883197493,-0.0708126599283199,0.010613138361849775,0.38664234201273606,0.09776532824825569,0.027735104738378126,0.06282960681955574,0.0484337220789448,0.01957324866102227,0.11827608017671493,0.031681258698751304,-0.009221887130492906,0.03695074424132117,-0.059284361640209636,-0.02263022305666153,0.6400301634303984,0.11837047077459434,0.03967293733024116,0.05635548016922552,0.11467428246878471,0.05013161988085263,0.16776381048464006,0.09399963545658056,0.08292500952727702,0.05306963878761725,0.04596811957024158,0.01874268954643266,0.11487281791144802,0.006919275787167065,0.009391890323479436,0.05410454680741105,0.09049437928426633,0.028972572878329862,0.11567095751243253,1.129032258064516,0.054030090144843425,1.5161290322580645,0.023944782157732963,1.8387096774193548,-0.013818661324041293,1.6451612903225805,0.03556003410443471,1.5483870967741935,0.07905404178534153,1.5483870967741935,0.005520922581543952,0.9354838709677419,0.00827442868443042,1.4516129032258065,0.015944216402957755,1.7419354838709677,-0.02698506176633895,1.9032258064516128,0.045373555364723595,1.5161290322580645,0.014952366965787497,1.4838709677419355,0.025262895458975025
2026-06-15,2026-06,339,332,0.01177271453169423,0.021883871350142997,0.059020577565117444,0.03584301815191176,0.017708343753795004,0.3416443489717714,0.006877889659293575,0.005877318712663676,0.05066394128111899,0.03611007580494627,-0.021620814827168898,0.11144251658609419,0.14430539544528456,0.02666154377997776,0.044970669986336184,0.003454467915672512,-0.013225971267330869,0.5912661552429199,0.029706089431838584,0.00968549672806298,0.05505585141606947,0.045858142178167804,-0.0158254340840981,0.163777264794617,-0.00506331453354238,0.005124180285401816,0.04592050205205226,0.034838240684554704,-0.0061520587289888296,0.09544362816395181,0.014813384209822361,-0.007167776487580888,0.04471867123124291,-0.03591602007090735,-0.0012502516012211848,0.10374846309423447,1.1818181818181819,0.018929325895597544,1.2727272727272727,0.0026955005308454943,1.696969696969697,0.022419119537553517,1.5151515151515151,0.005897617940184192,1.4848484848484849,0.0014120590732806032,1.5757575757575757,-0.011107170426974827,0.8787878787878788,0.015511374056825306,1.4242424242424243,-0.02518142088777496,1.696969696969697,-0.01746839550975511,1.7878787878787878,-0.02029513105379507,1.4545454545454546,-0.009788422365352467,1.2424242424242424,-0.004356312207281791
2026-06-16,2026-06,307,301,0.0863486644287564,0.0080331522895992,0.05398553401712882,-0.007048007239614827,0.02564836119983272,0.3578714494903882,0.08121300045040225,0.025271762313354547,0.04364391281546038,0.053786572372508376,0.0635001051796428,0.10514377256234486,-0.053301815358322936,-0.04165582869657851,0.043512596700147184,-0.11854695776560267,-0.05240196451790477,0.624735689163208,0.05099416136013185,0.04652924809507117,0.03975733980500924,-0.10862408333188175,-0.022594172557950744,0.1459191831449668,0.061157658206901354,0.062315428722333296,0.04207222876810051,-0.015099258536698659,0.046601813167953435,0.15170850834498803,0.09103351142055875,0.06718143574404264,0.0374142200423959,0.006680137260708251,0.061230237193785966,0.10952883375187715,1.1515151515151516,0.005154364410811321,1.3333333333333333,0.021938428980021213,1.7878787878787878,-0.04612552566627548,1.6363636363636362,0.04243833900416208,1.696969696969697,0.058073004479909054,1.5454545454545454,0.06331779938040628,0.8787878787878788,0.023451391502863024,1.4242424242424243,0.05993949911903674,1.6363636363636365,-0.05649287360881386,1.9090909090909092,-0.027366899830678016,1.6363636363636365,0.042510904077044345,1.4545454545454546,0.05759387355742233
2026-06-17,2026-06,266,261,0.10767739786183712,0.08143289851556904,0.060641027397521266,0.11812178315196514,-0.006968999191370584,0.405699501817043,0.033107254037149265,-0.00422304488093285,0.048154058059707856,0.0094137187361025,0.008419825807994928,0.1289969113870309,0.06470999404896437,0.058007977726551634,0.046763919924338815,-0.08029897643607546,0.008730949686934114,0.616951474490074,0.11802711963719917,0.04022832528227938,0.045642970907391535,-0.06756141997988399,0.05285906115603132,0.22880105839039272,0.02390171271432471,0.035224331305631566,0.0451155507781588,0.03825771764582114,-0.023723942596226604,0.10371623718394682,0.05364598691981172,0.003334542349864099,0.042223834474928376,0.0016759090858373409,0.009404594467934731,0.1141924146706095,1.2666666666666666,0.07826623184890237,1.4000000000000001,-0.007723044880932849,1.8666666666666667,0.05334131105988497,1.6,0.036228325282279386,1.5666666666666667,0.0313076646389649,1.5666666666666667,-0.0005821243168025675,1.0,-0.009468999191370585,1.3666666666666667,0.005003159141328262,1.8666666666666667,0.004064283020267448,1.9000000000000001,0.04810906115603132,1.6333333333333333,-0.02780727592955994,1.3333333333333335,0.006071261134601397
2026-06-18,2026-06,262,261,0.07261469068295628,0.031912131726303666,0.06137728826931642,0.09842328903565398,0.005304598361844031,0.38971844143592393,-0.02460924187728075,0.02580662416123088,0.051764546761332964,0.0534137716539,0.018466809846301915,0.1447719093412161,-0.09076461257246266,-0.04196077490946519,0.046340986538866064,-0.016449123847763182,-0.006592124164458556,0.6669751675083087,-0.05210397441391567,0.01260184722821981,0.04742129051695569,-0.01782505265795284,-0.044567973579640006,0.18089206244509953,-0.05772849598011431,-0.021483593255508634,0.04625473457808876,0.026096525651058168,0.008173250114441553,0.12729316555823272,-0.08553282908697477,-0.004974839528087906,0.04581767669992684,-0.022085730332899324,-0.03711531871153847,0.13083988377967706,1.153846153846154,0.02902751634168828,1.4615384615384617,0.022152778007384726,1.6153846153846154,-0.04599923644792673,1.6153846153846154,0.008563385689758271,1.653846153846154,-0.02561820864012402,1.653846153846154,-0.009109454912703291,0.8461538461538463,0.0031892137464594153,1.3461538461538463,0.015101425230917299,1.8076923076923077,-0.011111354933689324,1.8846153846153848,-0.04927951204117847,1.576923076923077,0.0042309424221338605,1.1923076923076923,-0.0400960879423077
2026-06-22,2026-06,407,404,-0.008693310417448348,0.0398201339453685,0.06054407503178858,0.04120676483759648,-0.014144178438751147,0.3558720676228404,-0.015511296444359324,0.02294935374757845,0.05617128684396429,-0.09611357887219957,-0.038457191054227416,0.1406400910578668,-0.19940428196255527,-0.051169922130994895,0.11881453709667641,-0.10734141353183797,-0.006758185569561648,0.7447296284139155,-0.0014087182563932209,0.023613689939081087,0.0549113980692462,-0.004264333878938342,-0.001180916799690155,0.1712564186193049,-0.0012867046335606174,0.02797716399110999,0.04295232832172769,-0.09628142538893046,-0.042120380986713175,0.12167092184536159,-0.0576779776183861,-0.0031566758877538295,0.04258289798602588,-0.11135966714060021,-0.020238086357620578,0.13077606526203453,1.3250000000000002,0.036507633945368496,1.5750000000000002,0.01901185374757845,1.75,-0.05554492213099489,1.675,0.019426189939081087,1.725,0.023664663991109988,1.8,-0.007656675887753829,1.1500000000000001,-0.017019178438751146,1.5,-0.04220719105422742,1.8,-0.011258185569561648,1.9500000000000002,-0.006055916799690156,1.5750000000000002,-0.04605788098671318,1.5250000000000001,-0.024050586357620578
2026-06-23,2026-06,286,281,0.09892982498887505,0.04520319120644941,0.05711006623168735,0.06295193894680416,-0.01739500873058447,0.3684743252981986,0.028617342685215236,0.025554173521725673,0.0545899254307622,-0.027593202689479967,-0.004768464393845238,0.11856602651200124,0.030196050681477463,-0.020817963686359978,0.10875206045605891,-0.028028710471344916,-0.009907440751312264,1.01720196900091,0.13149033251729014,0.0587477749737372,0.048802492174798165,-0.047948713674002504,0.005006366217556477,0.2755823316318648,0.04719260200646593,0.03581578199716494,0.03836037922634768,-0.03854297179072532,-0.03796583856771772,0.1134298510982522,0.053701112751176935,0.012577047094040169,0.042875412761300545,0.0020716125979283874,-0.00963513647265912,0.10982118693313428,1.2249999999999999,0.04214069120644941,1.5,0.021804173521725673,1.85,-0.025442963686359978,1.65,0.0546227749737372,1.675,0.03162828199716494,1.65,0.008452047094040169,1.075,-0.02008250873058447,1.4749999999999999,-0.008455964393845238,1.8,-0.014407440751312263,1.9,0.00025636621755647723,1.55,-0.041840838567717725,1.4749999999999999,-0.013322636472659119
2026-06-24,2026-06,286,282,0.13851670005433706,0.08266028081662823,0.0509932202508014,0.011682798803609683,-0.03070177418259301,0.39064782365624395,0.2238803845551623,0.07882656334633778,0.04263621624437762,-0.05377909045756476,-0.06857193865073301,0.13461728068068624,0.13019561779284547,0.020407769382303546,0.1469654780601891,0.13526435364326167,0.009073176907277544,1.5255845127893346,0.10122074346972026,0.06809851695672728,0.03891347871727666,-0.09671946753111763,-0.02691183305284245,0.20726768446287938,0.13689367588684545,0.07599587171482815,0.0344694382526387,0.042710055375953716,-0.017611931918136675,0.11687049861731273,0.2046072290491591,0.1475186024617564,0.033931421328427365,0.05741037619766368,0.00839526971820367,0.1240194865635463,1.107142857142857,0.07989242367377108,1.4285714285714284,0.07525513477490921,1.7857142857142856,0.01594348366801783,1.6428571428571428,0.06399137409958443,1.6428571428571428,0.0718887288576853,1.6785714285714284,0.14332217389032784,0.8928571428571428,-0.03293391703973587,1.4285714285714284,-0.07214336722216158,1.75,0.004698176907277543,1.8214285714285714,-0.031465404481413876,1.607142857142857,-0.021629789060993818,1.5,0.004645269718203671
2026-06-25,2026-06,271,264,-0.10182270940356462,-0.03718320624500457,0.05426746985525175,-0.200725345488749,-0.060865399285898826,0.373318802851897,-0.0013747196295492367,-0.04776699267271284,0.04976212997509483,-0.11880592335335118,-0.04132623947060514,0.15613427170767236,-0.03468518300689754,-0.016408472891104687,0.12985524237576915,-0.1636927473793452,-0.03348104335393996,0.9464435737866622,0.04067240672406724,-0.021525558255044236,0.04470512495192458,-0.08031678846200227,-0.02730189594846965,0.14229801920457527,0.02622518872247546,-0.02907231637103943,0.04411411468595887,-0.008292332923329234,-0.02047809375115997,0.1312741502546347,-0.05451245688927477,-0.013603993198476579,0.04148681904282649,-0.07395569543930733,-0.03820764252270419,0.13787972855453307,1.1428571428571428,-0.040040349102147425,1.4642857142857144,-0.051427706958427126,1.8214285714285714,-0.020962044319676115,1.7142857142857144,-0.02581127254075852,1.6785714285714286,-0.033268744942468,1.8214285714285714,-0.01815756462704801,0.8571428571428572,-0.06300825642875597,1.3928571428571428,-0.044808382327747996,1.75,-0.03785604335393997,1.8214285714285714,-0.03185546737704108,1.7142857142857144,-0.024763808036874255,1.4642857142857144,-0.04186835680841848
2026-06-26,2026-06,262,259,-0.12047932707248642,-0.06083573947150996,0.06197864355778451,-0.16239247804188348,-0.006967001416828224,0.3792599820746825,-0.0023843910628205474,-0.027041112488698355,0.05764705754441189,0.062139960118915955,0.07203270482688813,0.19854981251634085,-0.044739717658236554,-0.01067288337920113,0.10849277420226358,-0.09545129262930935,-0.08445974074482826,0.6273136775080974,-0.0356250837180965,0.016602057767316693,0.05129467309329092,0.10120300485986072,-0.0029814181926161795,0.18039340970034784,-0.05868230949976496,-0.007598858164439323,0.050788347146380364,0.12386856523846747,0.07576007444618812,0.1738489342566866,-0.090850070277316,-0.036051189134497036,0.060638207953760626,0.11150122555765626,0.06950801522782535,0.19115129406922138,1.3461538461538463,-0.06420112408689457,1.5,-0.030791112488698355,1.8076923076923077,-0.015192114148431898,1.653846153846154,0.012467442382701307,1.7692307692307694,-0.012021935087516247,1.7307692307692308,-0.04037811221142011,0.8461538461538463,-0.00908238603221284,1.3461538461538463,0.06866732021150351,1.8461538461538463,-0.08907512536021288,1.8461538461538463,-0.0075968028080007945,1.576923076923077,0.07181776675388044,1.4230769230769231,0.06595032292013304
2026-06-29,2026-06,282,280,-0.12195911231878594,-0.0840240559000567,0.06589586648887039,-0.1221118686123458,-0.07338942876462298,0.4175797456077167,0.04142706204895626,-0.010499336540575019,0.05743068979545443,-0.056779772799572775,-0.047812013322320206,0.1901950099106346,0.08490808490809858,0.007183827542757652,0.05040549867281455,0.021700034486756444,-0.046020474071419286,0.6500765721180609,-0.06847075688794436,0.02190578563407878,0.058048238154416884,0.024340609608193106,-0.020015859758133806,0.2183633436049734,-0.057337352688811294,-0.09860364353720856,0.05146723616845145,-0.0300951337241922,-0.043417582517711745,0.1793555945956281,-0.04650441642661651,-0.06473498030699398,0.050375979972905764,-0.05819780226836555,-0.04429650443071401,0.17857980289097342,1.3214285714285714,-0.08732762732862813,1.7142857142857144,-0.014785050826289305,1.6785714285714286,0.00298739897132908,1.8571428571428572,0.017262928491221637,1.7142857142857144,-0.10288935782292284,1.75,-0.06910998030699399,1.1071428571428572,-0.07615728590748012,1.4642857142857144,-0.051472727608034494,1.8928571428571428,-0.050752616928562144,1.8214285714285714,-0.024569431186705234,1.7857142857142858,-0.04788186823199746,1.5,-0.04804650443071401
2026-06-30,2026-06,293,289,-0.1430074203696159,-0.06367689420988974,0.05893324885022044,-0.1695650348596122,-0.03954532237431047,0.3597660683866205,-0.11003224048981881,-0.00259199436766408,0.0575043124367656,-0.2710658062841762,-0.10849931704876536,0.1399478422285154,-0.2506271717640576,-0.04111415339885822,0.1293591628282746,-0.162136985920252,-0.011521884575376638,1.026824482556047,-0.047789203109361,-0.01791919170590943,0.05215184945525825,-0.12065614501446004,-0.013743240555723665,0.2667824500722104,-0.10990390826488153,-0.02863610887531848,0.05132475630959527,-0.24443042914486848,-0.08704950968870642,0.12610112538496995,-0.0821903496075133,0.017174659462364503,0.049120780991798695,-0.29189283829853413,-0.1161064994922674,0.1466737763378127,1.379310344827586,-0.0671251700719587,1.586206896551724,-0.00655751160904339,1.8620689655172413,-0.04576932581265132,1.793103448275862,-0.022401950326599085,1.793103448275862,-0.033118867496008134,1.793103448275862,0.012691900841674847,1.0,-0.042045322374310475,1.5517241379310345,-0.11237862739359294,1.6896551724137931,-0.01574602250641112,1.8275862068965516,-0.018312206072965045,1.6206896551724137,-0.09110123382663746,1.379310344827586,-0.11955477535433635
2026-07-01,2026-07,312,309,-0.11459873453031667,-0.054976901293602665,0.06323317868980351,0.03855201946487401,0.04802202230339807,0.44121156272388273,-0.14453490788717768,-0.027871923514993138,0.051794108207236914,-0.053707785080354245,0.017814855037055786,0.2204682185284553,-0.18065473167040724,-0.03770949426688637,0.09029881985377008,-0.1884930217919927,-0.038491554606966245,2.788173056417896,-0.16788439053075271,-0.02063509786273287,0.051509421185663616,0.08755360703112468,0.039574245045070136,0.2007481351855301,-0.14959986850621,0.0025128003446596714,0.047224092697357195,-0.04608090819220536,0.0008566665843502096,0.21008784708476835,-0.18283524001962925,-0.02945365593105586,0.04087863540050768,-0.18504629545485077,-0.012083825446083593,0.26916120757138534,1.4193548387096775,-0.05852528839037686,1.6451612903225805,-0.03198482674079959,1.8709677419354838,-0.04238691362172508,1.7096774193548387,-0.024909291411119965,1.7419354838709677,-0.0018420383650177476,1.7741935483870968,-0.0338891398020236,1.3870967741935483,0.0445542803679142,1.6774193548387097,0.013621306649959013,1.8709677419354838,-0.043168973961804954,1.8709677419354838,0.03489682569023143,1.8064516129032258,-0.0036594624479078545,1.3225806451612903,-0.01539027705898682
2026-07-02,2026-07,289,287,-0.017642087260867835,0.005380968475193308,0.04652882187971227,0.0029342162828620293,0.0012787876150105182,0.3947694584213454,-0.16874825995306844,-0.03898152774113907,0.04215205155382132,-0.10783468559837728,-0.007763658349001508,0.14945916112126975,-0.050479482408788856,0.007920365860757962,0.0789572756156316,0.15469777529656764,0.05827282758067359,3.2589287017953805,-0.09676924203173448,-0.04142489273983267,0.0492735395766483,-0.009844191226186214,0.03521372831671397,0.22845137601011783,-0.16471781410332895,-0.06056597992622074,0.042937833431385505,-0.1258650519031142,-0.023144005275658342,0.15989069370874043,-0.08720743437629755,-0.02821804183050014,0.04180268696018533,-0.22237551207095413,-0.04387684927693038,0.17206562008580256,1.3548387096774193,0.0019938717009997603,1.5806451612903225,-0.042933140644364876,1.8064516129032258,0.0034042368284998977,1.7741935483870968,-0.04586037661080041,1.6774193548387097,-0.06475952831331751,1.6774193548387097,-0.03241159021759692,1.032258064516129,-0.0013018575462798044,1.4838709677419355,-0.011473335768356347,1.8709677419354838,0.05359540822583488,1.935483870967742,0.030375018639294614,1.3548387096774193,-0.02653110204985189,1.2580645161290323,-0.047022010567252956
2026-07-06,2026-07,352,349,-0.08920486186775138,-0.022408726916962586,0.055625342983731556,0.015190585303899752,0.028149455345911067,0.4530222960880824,-0.07391275428015974,-0.010321533639393414,0.05226717693071321,-0.10205123802857514,-0.004579633076588596,0.2045016559106963,-0.028402290353409243,-0.028070323396949093,0.10279963402915576,-0.03368515763154397,-0.006660655375224422,3.0593470471245903,-0.1496796863489863,-0.030950065137091122,0.04915174612695964,0.028998582468837426,0.022189710419695734,0.23200453706085683,-0.06733369785054319,-0.004584528482633653,0.046855058348748965,-0.11965371738742843,-0.010603538020523978,0.21172229158026834,-0.008728051929185073,0.014019954554920874,0.04820112930760194,-0.24645507152589305,-0.04260599213086683,0.24468343279191426,1.3428571428571427,-0.025765869774105443,1.6857142857142857,-0.01453581935367913,1.8285714285714285,-0.032641751968377666,1.8,-0.03545006513709112,1.6857142857142857,-0.008798814196919368,1.6857142857142857,0.009805668840635159,1.0,0.02564945534591107,1.3714285714285714,-0.008008204505160025,1.8,-0.011160655375224423,1.9142857142857141,0.01740399613398145,1.3714285714285714,-0.014032109449095406,1.3142857142857143,-0.045891706416581114
2026-07-07,2026-07,287,287,-0.02193106968375515,-0.0328846646331066,0.049991193185363415,0.13613419101223978,0.057173832410064934,0.4338357512807024,-0.14868058770497794,-0.0358157852310143,0.0361977160507263,-0.05394757681343047,0.01602263526189054,0.1622106569080517,0.0682963751441073,0.034527976035167725,0.07692095497626042,0.06819230853835688,0.040109442537741194,2.6068439473365914,-0.19221032636589788,-0.010729188924847297,0.034339099353300755,-0.017705363741949108,0.02788686614131872,0.17901608713998876,-0.14410893984064715,-0.02916591047882744,0.039716390063194204,-0.08739938922865752,0.001841573283048209,0.16070293879200673,-0.14112615027249173,-0.05387720879652777,0.03433764266254565,-0.31019387116948094,-0.05070617812526998,0.16876818798482418,1.3714285714285714,-0.03631323606167803,1.6857142857142857,-0.04003007094530001,1.9428571428571428,0.029670833178024866,1.6857142857142857,-0.014943474639133012,1.542857142857143,-0.0330230533359703,1.5999999999999999,-0.057877208796527774,0.9714285714285714,0.05474526098149351,1.4285714285714286,0.01245120669046197,1.9142857142857141,0.03532372825202691,1.8571428571428572,0.023244008998461577,1.4285714285714286,-0.0017298552883803623,1.1714285714285715,-0.053634749553841406
2026-07-08,2026-07,270,270,-0.0234665618031645,0.0008055826471319509,0.05662691344591905,0.08874226288731289,0.03172023929317733,0.3732563833947535,-0.034579964453096766,-0.005806542388870474,0.05059964894093537,0.14944969524044682,0.02632866519973337,0.19236745685338974,-0.006613385236608878,0.008704096565743965,0.0829000092722006,-0.03274439637847482,-0.009160679165610598,3.1682127526512853,-0.11575680812570208,-0.02261338769802109,0.046086364979883214,0.028582925234456807,0.016257428183289336,0.15324725162375857,-0.04413564581742472,-0.012689611787761899,0.04258831484257384,0.020343214584562203,0.018113200993982063,0.1736340173692615,-0.055193258252285125,-0.006850441504434105,0.04018057846477844,-0.002169516118953011,-0.0031096445593957987,0.19467239640653133,1.1379310344827585,-0.0020392449390749454,1.793103448275862,-0.01028930100956013,1.7241379310344827,0.0043937517381577584,1.8620689655172413,-0.027268560111814194,1.793103448275862,-0.017172370408451557,1.793103448275862,-0.01133320012512376,0.7241379310344827,0.02990989446559112,1.6206896551724137,0.022276941061802336,1.793103448275862,-0.013643437786300254,1.896551724137931,0.01151604887294451,1.206896551724138,0.015095959614671719,1.1724137931034482,-0.006040679042154419
2026-07-09,2026-07,285,285,-0.16548492278662774,-0.060823019094858294,0.055664938197954414,-0.14753948793978447,-0.002516109902389811,0.4131171012829457,-0.08804528711312871,-0.04360837224811305,0.047771178842633086,-0.33428024903191694,-0.09453530572701098,0.14726229051926304,-0.11473172403594735,0.0024545824246373638,0.09672030744180966,0.03037688774841295,0.004375389374027677,2.9278956758124486,-0.09495639024975719,-0.006868390829632101,0.04634233380547695,-0.19980508742554703,-0.08134649016730476,0.16950638209735708,-0.12026520551353762,-0.0380038672769948,0.04728010664307723,-0.3787068380100256,-0.11101415495049981,0.13707565090485982,-0.1722381992667724,-0.059079237721147225,0.043756126795691117,-0.37446334243962115,-0.12422722123941193,0.14931765411581313,1.2857142857142856,-0.064037304809144,1.5714285714285714,-0.04753694367668448,1.7142857142857142,-0.0018311318610769213,1.75,-0.011243390829632102,1.7142857142857142,-0.04228958156270908,1.5357142857142856,-0.06291852343543294,0.6785714285714285,-0.004212538473818382,1.5357142857142856,-0.09837459144129669,1.7142857142857142,8.967508831339219e-05,1.8214285714285714,-0.0859000615958762,1.2857142857142856,-0.11422844066478552,1.0714285714285714,-0.12690579266798335
2026-07-10,2026-07,252,251,-0.10142229902567568,-0.055088580666046355,0.05007469782942848,-0.06693497045133975,0.025567659402378234,0.4442877436429262,-0.02685212472151672,0.029127578828774633,0.044285725171354415,-0.06490731971417923,0.020828971787270854,0.11548970699310303,-0.04367960699405582,0.02326741374478336,0.09710415277070275,-0.00235325041353201,0.012221625751804834,2.3434410572052,-0.06645880247127432,0.006548441678419281,0.03478874471118211,0.0487948450879336,-0.003952460514550699,0.13807581216096879,-0.12995186579111748,-0.01888088969002133,0.03773276177456479,-0.08100404705289514,-0.002602416422195858,0.10522050186991691,-0.15898236528757922,-0.056430989066262316,0.033339580819701425,-0.14906082427301898,-0.05257695902601589,0.11490159779787064,1.3928571428571428,-0.05857072352318921,1.6785714285714286,0.02493115025734606,1.8214285714285714,0.018713842316211933,1.7857142857142856,0.002084155964133567,1.7857142857142856,-0.023345175404307042,1.7857142857142856,-0.06089527478054803,1.0714285714285714,0.022889087973806805,1.5714285714285714,0.016900400358699427,1.7857142857142856,0.0077573400375191195,1.8928571428571428,-0.008684603371693555,1.5357142857142858,-0.006441702136481573,1.2857142857142858,-0.0557912447403016
2026-07-13,2026-07,264,262,-0.06746668927600127,0.0006475359938311262,0.04709309979460606,-0.03149306393441554,0.00949001982546594,0.43534644908056813,0.005187537908680028,-0.024653480399222227,0.03546042872545275,-0.03195090296030105,0.011574091641227462,0.1305330154987482,-0.1865016855871556,-0.04671935682996973,0.07195149384897784,-0.129742883540159,-0.05744649109572676,1.495444720181135,-0.10709000043860085,0.013886117612661533,0.03614694316722424,-0.01411083356703559,-0.02486329382245407,0.21448858297215057,-0.08667636259285588,0.008733004035202198,0.029980038616010892,-0.011492933495946624,0.01987261630300167,0.12912151847894376,-0.1254873711899545,-0.0610714907253522,0.029451050369394847,-0.0014296056192892408,-0.005467029682453189,0.1258857691517243,1.1153846153846154,-0.0021409255446304125,1.576923076923077,-0.02859578809152992,1.7692307692307694,-0.051142433753046654,1.5384615384615385,0.010039963766507686,1.5,0.004983004035202198,1.6923076923076923,-0.06530225995612143,0.7692307692307693,0.007566942902389016,1.4615384615384617,0.007920245487381308,1.7692307692307694,-0.06186956801880369,1.8846153846153846,-0.029574832283992533,1.5384615384615385,0.016026462456847825,1.0384615384615385,-0.008063183528607036
2026-07-14,2026-07,252,249,-0.13669995343302116,-0.04402391515564234,0.044303286251968554,-0.09848953517756566,-0.01849981566570227,0.446791325211525,-0.02099488363129451,-0.028490083938284245,0.03398260168589873,-0.21897953077582386,-0.028040575897282385,0.13989583492279054,-0.10643153544395005,-0.053459596352086934,0.0831069468652002,-0.17534908156051937,-0.018467913655601922,3.044369202852249,0.036845285308097324,-0.0030939297245181803,0.03406981841207734,-0.0829274657440256,0.00020907827045927967,0.1637023252248764,-0.04501249659746109,-0.02989232357178017,0.0313010760531559,-0.1961737090786112,-0.017019026575482456,0.14576145723462106,-0.04142211504068424,-0.060275034603826536,0.03278083251401137,-0.11297628983407608,-0.0015228640707863547,0.13560034319758416,1.3076923076923077,-0.04729314592487311,1.653846153846154,-0.03262469932289963,1.6923076923076923,-0.057690365582856167,1.8846153846153848,-0.007805468186056643,1.7307692307692308,-0.034219246648703246,1.8076923076923077,-0.06479426537305731,0.8076923076923077,-0.02051904643493304,1.5769230769230769,-0.031982883589590075,1.7692307692307694,-0.022890990578678848,1.8461538461538463,-0.004406306344925335,1.4615384615384617,-0.02067287272932861,1.1923076923076923,-0.004503633301555586
2026-07-15,2026-07,268,265,-0.11448292973958993,-0.012749656576272365,0.04616455295481951,-0.014771387621435032,0.003857302583830713,0.4487770934804128,-0.11855138908024515,0.02925167847518112,0.03381596813407065,-0.04074942941198107,0.03751439700599289,0.15876603670991385,-0.16261200232401357,-0.05445667628201677,0.07986711954028208,-0.11629589640900614,-0.013908138522758054,2.6316238653201327,-0.07684314687212296,-0.005412337596628793,0.03902280340915587,0.013574415213519304,-0.012901861863498693,0.15816173566362032,-0.15314202139962232,-0.009246238327884982,0.03758040304663032,-0.00549048749818428,0.02437860255392385,0.1651438968972518,-0.11313508893442649,-0.00015060269942505618,0.02965563759766167,-0.006313406028626343,-0.005788380731627291,0.17529363084871033,1.1923076923076923,-0.015730425807041596,1.6923076923076923,0.025020909244411887,1.6153846153846154,-0.058495137820478306,1.8461538461538463,-0.010027722212013408,1.8076923076923077,-0.013765469097115752,1.7692307692307694,-0.004573679622501979,0.6923076923076923,0.0021265333530614823,1.653846153846154,0.03337978162137751,1.7307692307692308,-0.01823506159968113,1.8846153846153848,-0.017613400325037155,1.6153846153846154,0.02034014101546231,1.0769230769230769,-0.008480688423934983
2026-07-16,2026-07,289,288,0.07584343503204666,0.04331833058719298,0.05079280536654886,0.07091088971085392,0.009380088813429378,0.4264070193829208,-0.021073956966153603,0.012865465156134714,0.046019556063191414,-0.06430915165254743,-0.027771900999592123,0.17502054250959692,0.08606792474718868,0.03796949009846255,0.10371866776126594,0.07315811741860548,0.022903913050383504,2.8103300548832992,-0.056400687418588634,-0.0007958749039770618,0.03747903244128336,-0.08853756512747087,-0.03316346942990848,0.14937355908854255,0.0028899693751740048,0.011598579717747238,0.03786323044246026,-0.17929692160839994,-0.03818187562553677,0.16849669069051743,-0.06729904943721911,-0.020397262222278473,0.04538285888550599,-0.16339140118522053,-0.026961185640633347,0.17878594724782582,1.1379310344827587,0.04047350300098608,1.5862068965517242,0.008899947914755403,1.6896551724137931,0.03374535216742807,1.8620689655172413,-0.005451047317770165,1.7586206896551724,0.0072020279936093065,1.6896551724137931,-0.024621400153312954,0.896551724137931,0.00713870950308455,1.5517241379310345,-0.03165121134441971,1.793103448275862,0.01842115442969385,1.793103448275862,-0.037646228050598134,1.4827586206896552,-0.04188877217726091,0.9655172413793104,-0.029374978744081622
2026-07-17,2026-07,304,303,0.13829950476891056,0.04892197448681852,0.06109118620089328,0.2722631322666348,0.0528441726959051,0.39827656547228496,0.02568277535259997,0.0015381261771379856,0.05269310615237035,0.3070413210432346,0.029113949627230632,0.19170246347784994,0.06209331864547428,0.018273253065325505,0.1041617988225792,0.09152267373777229,0.017402669128045715,2.4525487224260965,-0.00907726212364344,-0.016399857195917644,0.05434473506618181,0.08836099744573249,-0.006234075664692515,0.14859252894918124,0.016337062542933843,-0.01622943160486067,0.05047466113115359,0.2921560922269966,0.019705092611637984,0.1860534486671289,0.13123148703127208,-0.022013310000744295,0.04858476403695759,0.2532641659334182,0.03922608453405068,0.2087564485768477,1.2333333333333334,0.04583864115348519,1.4666666666666666,-0.002128540489528681,1.6666666666666667,0.014106586398658838,1.7333333333333334,-0.02073319052925098,1.6666666666666667,-0.020396098271527337,1.6666666666666667,-0.02617997666741096,0.9,0.0505941726959051,1.5666666666666667,0.025197282960563967,1.6666666666666667,0.013236002461379048,1.8333333333333333,-0.010817408998025847,1.4666666666666666,0.01603842594497132,1.3,0.03597608453405068
2026-07-20,2026-07,331,331,0.1125331410122621,0.010597310138856814,0.052441726044096165,0.006078364543038951,0.034301928743755046,0.3829813978888772,0.0068933807562104495,-0.05279255293219999,0.04150352310516488,-0.1098397434836848,-0.016969011936916537,0.1600822206925262,-0.00921170611004999,0.020721733405754388,0.08507198509433497,-0.027556689851423052,-0.034488708915256495,2.2072526184898433,-0.04842043662872627,-0.03190941880208273,0.04140110946382555,0.008261665172086314,0.0017407757804119503,0.2083002817675923,0.012027843207036636,-0.03882748463539981,0.041633441065100654,-0.10746286436600563,-0.00967507260984908,0.14712923990957666,-0.017317498502662117,-0.0364663582869392,0.036692822330019775,-0.12373305360965973,-0.007814297655375637,0.16880690086294303,1.2727272727272727,0.007415491957038632,1.606060606060606,-0.056807704447351504,1.7272727272727273,0.01640355158757257,1.7575757575757576,-0.03630335819602212,1.6666666666666667,-0.04299415130206648,1.5757575757575757,-0.040405752226333136,0.9090909090909091,0.03202920147102777,1.606060606060606,-0.02098416345206805,1.7878787878787878,-0.038958405884953466,1.7878787878787878,-0.0027289211892850196,1.5151515151515151,-0.013462951397727869,1.0909090909090908,-0.010541570382648364
2026-07-21,2026-07,337,336,-0.1304271144670534,-0.03411123703600922,0.04730039568941102,-0.15444377651338623,-0.030996198868634747,0.3873865407179383,-0.042227661651017,-0.02863626530502677,0.03737731877239952,-0.2513281825214425,-0.021065892987975305,0.14455356624196558,-0.1626177711607933,-0.03069931023982602,0.09797170446737039,-0.010484183129213747,-0.002243074546787042,2.40718884634621,-0.16317693209428047,-0.038286488926652415,0.035821258200427704,-0.05574490429960626,-0.02169020327114199,0.2301824934890165,-0.10632624600910354,-0.020546363893878906,0.035347477705108585,-0.167124032655062,0.0002623428818891403,0.1383124363115605,-0.09400562227419554,-0.030840293199456373,0.033423328115730594,-0.22861850910733084,-0.006474529212527388,0.13927713858292384,1.2058823529411764,-0.03712594291836216,1.5588235294117647,-0.03253332412855618,1.7941176470588236,-0.03518460435747308,1.7058823529411764,-0.042551194809005356,1.7647058823529411,-0.024958128599761258,1.5882352941176472,-0.03481088143475049,0.9117647058823529,-0.03327561063334063,1.5882352941176472,-0.025036481223269423,1.7058823529411764,-0.006507780429139983,1.911764705882353,-0.02646961503584787,1.5,-0.0034876571181108595,1.1176470588235294,-0.009268646859586211
2026-07-22,2026-07,399,397,-0.23060945995102014,-0.0801705676859643,0.0492477554200588,-0.033203991442361816,-0.023109348918429536,0.3410326074808836,-0.23357218905382043,-0.07716535742320615,0.038041361744044044,-0.017451544255655375,-0.0007664941719569135,0.1567819280549884,-0.2961697792708203,-0.07107212483737547,0.0770299122738103,-0.08470112242579132,-0.04203262167103772,2.046537274122238,-0.29405258266499823,-0.08571929413114861,0.03966807036737188,0.046818587619421766,-0.0052390503620003605,0.19527855222113433,-0.2857184688214067,-0.08954274668430184,0.03905854704369813,0.09035591918029627,0.04438861115625025,0.14594717724248768,-0.2413171232722413,-0.08738001597829523,0.032987464787612775,-0.07286007447293215,-0.002456709356237735,0.15960253719240428,1.05,-0.0827955676859643,1.5,-0.08091535742320616,1.65,-0.07519712483737548,1.8,-0.09021929413114861,1.675,-0.09373024668430184,1.65,-0.09150501597829523,1.025,-0.025671848918429534,1.45,-0.004391494171956913,1.9000000000000001,-0.046782621671037715,1.9000000000000001,-0.00998905036200036,1.275,0.04120111115625025,1.2,-0.005456709356237735
2026-07-23,2026-07,398,396,-0.24806922932153302,-0.14092246949393644,0.03715380191587915,-0.00964044525388469,-0.02062159103624358,0.356177694350481,-0.20787858230934053,-0.08157215737665793,0.028480213934842066,0.1207247445692672,0.07791849525490385,0.1375757928006351,-0.1962063285390869,-0.08230863679843903,0.09225540227786844,-0.05218971566045344,-0.04741981403137829,2.441794250905514,-0.2085603123209307,-0.07281596595863439,0.028226536020782317,0.1574228863595496,0.044915278261381364,0.19461499755270778,-0.2939306051826247,-0.1252076491959177,0.025333544747766907,0.20839097327468853,0.12454014510591975,0.13804801227524877,-0.18990362790102744,-0.08673232408071378,0.03144473804838546,0.08329159686862556,0.05652972377370507,0.12090288205072285,1.1500000000000001,-0.14379746949393643,1.7000000000000002,-0.08582215737665794,1.875,-0.08699613679843902,1.8,-0.0773159659586344,1.725,-0.1295201491959177,1.5750000000000002,-0.09066982408071378,0.9500000000000001,-0.022996591036243578,1.5,0.07416849525490385,1.8250000000000002,-0.05198231403137829,1.9000000000000001,0.04016527826138137,1.475,0.12085264510591975,1.2000000000000002,0.05352972377370507
2026-07-24,2026-07,310,308,-0.10390414964247101,-0.05942535299678848,0.04582582633069554,-0.07136673283164,-0.042072820861881056,0.4621914079593074,-0.15577203707991102,-0.05229711533245653,0.037420701808233474,0.10415610757818428,0.003725653576255643,0.18627795925544155,-0.14153422828606793,-0.06331649310264667,0.09618902094563946,-0.06430643574767732,-0.01988534672029071,2.6417202536136872,-0.16327399532014775,-0.04096378005105704,0.03880193969403465,0.24192070495051143,0.01818035786798057,0.23647673662391402,-0.18852878418010396,-0.060326106604218055,0.0391883050997643,0.2352137095730634,0.026333634823245848,0.1772738639866152,-0.10631316823742618,-0.038611892849149135,0.04194073282377701,0.06096516001796163,-0.006650921277473652,0.16367402804955358,1.3,-0.06267535299678847,1.625,-0.056359615332456536,1.85,-0.06794149310264667,1.75,-0.04533878005105704,1.65,-0.06445110660421806,1.65,-0.04273689284914914,0.95,-0.04444782086188106,1.35,0.00035065357625564285,1.95,-0.02476034672029071,1.875,0.01349285786798057,1.35,0.02295863482324585,1.175,-0.009588421277473651
2026-07-27,2026-07,312,310,0.03138900588640169,-0.02136074221529676,0.04592539107217329,0.0047725765907864265,-0.003552048459178201,0.42864046017489127,-0.04185437852984569,0.009865800703242427,0.03206987914805933,0.08859315078560427,0.0005824989947908268,0.1319934224649783,-0.15563348666703292,-0.0574552145596649,0.08230378402780598,-0.08118169254041845,-0.027242837036327745,2.085206638420782,-0.15891608477953464,-0.041892717703387004,0.040589565133319974,0.1077119053244712,0.013051392824427004,0.16776035047106203,-0.04432304800076494,-0.0013196321464327282,0.02882309958224301,0.19263168542007286,0.020696653833799435,0.13457112050344866,-0.014598459392842846,0.0067432161538437604,0.03284077504742883,0.07044637558387905,0.01623130032802052,0.12639031261806527,1.2580645161290323,-0.02450590350561934,1.6451612903225805,0.005752897477435976,1.8709677419354838,-0.06213263391450361,1.6129032258064515,-0.04592497576790314,1.6451612903225805,-0.005432535372239179,1.4516129032258065,0.0031141838957792446,0.9032258064516129,-0.0058101129753072335,1.1935483870967742,-0.002401371972951109,1.8387096774193548,-0.031839611229876136,1.8387096774193548,0.008454618630878617,1.2580645161290323,0.017551492543476856,1.129032258064516,0.01340871968285923
2026-07-28,2026-07,251,248,0.1537613647811382,0.002393804279577739,0.06143313367572417,0.04601518611557399,-0.011935545412773946,0.4071128875017166,0.2075101892449647,-0.02015330290657593,0.05068595333673584,0.14667655979445526,0.025945365015274162,0.2485528641939163,0.10561850330563845,0.012111277655616308,0.0933446554304031,0.08031002515969514,0.04140687391408832,1.9008109307289125,0.1736862405020408,0.004839763352505438,0.05178233702433209,-0.09527833338613971,-0.03354274043883574,0.17066690981388094,0.20439772506079493,-0.020457738491006953,0.04899222681686476,0.008048189726463763,-0.006796479465078942,0.24482969254255293,0.06512124172287002,-0.030819140539899988,0.04351376912893094,0.14216470160590308,-0.0038256614075052875,0.25578538827598096,1.3225806451612903,-0.0009126473333254869,1.6129032258064515,-0.02418556097109206,1.870967741935484,0.007433858300777598,1.8064516129032258,0.00032363432024737435,1.6129032258064515,-0.024489996555523082,1.7419354838709677,-0.03517397924957741,1.064516129032258,-0.01459683573535459,1.5483870967741935,0.022074397273338677,1.7741935483870968,0.03697139004312058,1.903225806451613,-0.038300804954964775,1.4516129032258065,-0.010425511723143457,1.3225806451612903,-0.007132113020408513
2026-07-29,2026-07,259,258,0.15370732347476534,0.04481976135318856,0.05502142649343092,0.14333303403070846,0.057772218689507694,0.3652386423200369,0.12967760439519269,0.07122599447527789,0.03863008559861617,0.3883776186101767,0.15318844762965525,0.2204576863978918,0.19580204401659557,0.06942601024918278,0.09376905511209668,0.08941394657163598,0.0638247089597592,2.307612329721451,0.05532736604377833,0.0312655783556919,0.042348643227326926,0.047683743032580245,0.04553216580782299,0.14804957477519146,0.07397241350729723,0.05069970235463537,0.03992996183555035,0.2425774100192705,0.1407157104650513,0.22782870554007015,0.13641539166583158,0.08181215758152693,0.041256227532932774,0.23244900919319525,0.12480570044320295,0.2558875654895718,1.3076923076923077,0.041550530583957794,1.7307692307692308,0.06689907139835481,1.8461538461538463,0.06481062563379816,1.7307692307692308,0.026938655278768826,1.7692307692307694,0.046276625431558444,1.6153846153846154,0.0777736960430654,0.9230769230769231,0.055464526381815385,1.6923076923076923,0.14895767839888602,1.7307692307692308,0.05949778588283612,1.9230769230769231,0.040724473500130684,1.6923076923076923,0.13648494123428206,1.3461538461538463,0.12144031582781833
2026-07-30,2026-07,293,291,0.0278752858850773,-0.030482429646768033,0.0784587682781018,0.12098198482721903,0.0390098315350819,0.5023271605886263,0.09746856337560504,-0.02035761175830958,0.0799239894712598,0.3254925047301636,0.1128472910097276,0.2728903318016694,-0.016093039261515583,0.01160032793764771,0.1527751648454884,-0.08698897389302977,-0.03656274119939349,3.323641048423175,-0.07445512170273559,-0.03105257469562606,0.0645591410194301,0.19601292291192973,0.04688623062057888,0.18879763807716038,-0.00018987444433100746,-0.01470437195207975,0.07158893888234656,0.23473442862581473,0.07624295695860354,0.24188490263346968,0.10875082652631861,0.027248372055629955,0.06655534883692155,0.2456693837477017,0.09530160188633705,0.3012688418786073,1.3103448275862069,-0.03375829171573355,1.5517241379310345,-0.024236922103137166,1.9310344827586208,0.006772741730751158,1.6896551724137931,-0.035276712626660545,1.620689655172414,-0.018756096090010783,1.7586206896551724,0.022851820331492023,1.103448275862069,0.03625121084542673,1.5862068965517242,0.10888177376834829,1.8275862068965518,-0.04113170671663487,1.8620689655172413,0.04223105820678578,1.4482758620689655,0.07262226730343113,1.103448275862069,0.09254298119668188
2026-07-31,2026-07,292,291,-0.004744706909274591,-0.011014165085180586,0.06196539028134426,-0.19718971067602434,-0.06412631258927691,0.4268967912628733,0.10268887611080559,0.05024902077332019,0.05843549987889466,0.06661049879671263,0.01956847811394133,0.264856879181903,-0.07547823248598161,8.951268667163961e-05,0.1267899800468343,0.012755232382711404,0.0038248370029237283,3.0012548822781135,0.11252028876012053,-1.579682705789428e-05,0.04627790961637922,-0.09315945714460608,-0.01804934878301444,0.1596301641829055,0.13072188083960684,0.04412973615405581,0.04471005390471078,-0.02675814189102887,-0.009878187734541199,0.2459985445542582,0.0904024758848488,0.041295544528168186,0.04392454603710811,0.012591981715237574,-0.00865007674194576,0.26309791907411195,1.2413793103448276,-0.014117613361042655,1.5862068965517242,0.046283503531940884,1.9655172413793103,-0.004824280416776636,1.8620689655172413,-0.004670969240850998,1.8275862068965516,0.03956077063681443,1.793103448275862,0.03681278590747853,1.1379310344827587,-0.0669711401754838,1.7241379310344827,0.015258133286355122,1.9310344827586206,-0.0010027492039728237,1.9310344827586206,-0.022876934989910995,1.5862068965517242,-0.01384370497592051,1.3793103448275863,-0.012098352604014725
2026-08-03,2026-08,302,300,-0.007435060850586977,-0.022877732130015135,0.0614160423954129,-0.16279592580498506,-0.07386148477868461,0.3683901247878869,0.01600396118025919,0.03028840926370923,0.05427423084098831,-0.11167221538329494,-0.0358284701896424,0.2243139243374268,-0.21885256041653664,-0.045870762123524395,0.08146729119914575,-0.12708047984060658,-0.06152915399148498,0.4148489182194074,0.04508348181770383,0.0006471302226937377,0.05221938051351144,-0.01724520651224657,-0.034364494885056954,0.14675011551007627,0.09660692147848918,0.06334624739564014,0.055484917630511096,-0.16033216927554012,-0.026728751156674335,0.19076612169543902,0.046646044591607774,0.03368842623394906,0.05636841496916124,-0.3001711559244195,-0.08508130764781188,0.2930151417851448,1.4,-0.026377732130015135,1.6666666666666667,0.026121742597042565,1.8,-0.05037076212352439,1.9,-0.004102869777306262,1.6,0.059346247395640137,1.7333333333333334,0.029355092900615727,1.5,-0.07761148477868461,1.8,-0.0403284701896424,1.9666666666666666,-0.06644582065815165,1.8666666666666667,-0.03903116155172362,1.6333333333333333,-0.03081208449000767,1.4,-0.08858130764781189
2026-08-04,2026-08,326,325,-0.023668089789668362,0.012246557775600828,0.037549871934432294,-0.12929363426577362,0.009466784105316043,0.36721684457734227,0.013446191378674548,0.0034082971078653393,0.02766054956813636,0.13310398275108132,0.048925549257523265,0.13164755795150995,0.010759355018758415,0.024740523241140972,0.10142951623714155,0.03339340101314935,0.03663363506544451,0.43719269474968314,-0.06268251212187115,-0.02094558900780508,0.02735271113753643,-0.02803624697472843,-0.00441086304558511,0.18162607387057506,-0.02158764707150664,-0.034388679541549894,0.024668349484069714,0.11043550921977217,0.02345179303850027,0.10652301833033562,-0.02567387692374872,-0.021415598825841677,0.02393919559137346,0.044308419671733684,0.01843761856954607,0.1646346675697714,1.21875,0.009199682775600827,1.75,-0.0009667028921346611,1.96875,0.019818648241140973,1.90625,-0.02571121400780508,1.84375,-0.03899805454154989,1.71875,-0.02571247382584168,0.9375,0.007123034105316043,1.6875,0.044706799257523265,1.71875,0.03233676006544451,1.875,-0.00909836304558511,1.625,0.01938929303850027,1.125,0.01562511856954607
2026-08-05,2026-08,338,338,-0.040856409157973755,-0.04205343529623978,0.038730141116963226,-0.07861023116561412,-0.016820305571654866,0.3837420630049618,0.010280328959339086,-0.019223311231374843,0.03583295752483494,0.09872027688099906,0.033462847639468996,0.12158088868155198,0.058230910000102346,0.028276551024435617,0.15094536005395792,0.08466176077848103,0.03855281941030839,0.49963615922366866,0.03220790069375683,0.0030225841645058777,0.03455782825951889,-0.14658181897851186,-0.03545172143279707,0.1479590475997504,0.02432482554119897,-0.005388173246404895,0.03279101621470688,0.1363451527878367,0.030697993374671002,0.10773792906719096,-0.009948585920527414,0.001847498608376059,0.029041720458633326,0.05311521423735672,-0.002802861575138799,0.15614703686579184,1.3235294117647058,-0.04536225882565155,1.5294117647058822,-0.023046840643139548,1.8823529411764706,0.02357066867149444,1.8235294117647058,-0.0015362393649058868,1.7058823529411764,-0.009652879128757837,1.7941176470588236,-0.0026377955092709996,1.0,-0.019320305571654865,1.588235294117647,0.029492259404174877,1.7941176470588236,0.03406752529266133,1.9705882352941175,-0.040378192021032364,1.5588235294117647,0.02680093455114159,1.2058823529411764,-0.00581756745749174
2026-08-06,2026-08,337,337,-0.0006611028675748486,-0.006697594719216597,0.04321577809504616,-0.21030781019938746,-0.08396778951536932,0.3946918277617763,0.036866238076007536,0.034298894460604995,0.03869123996214621,-0.04455678993455757,-0.035015763308532934,0.12359702565214213,0.07201227814893069,0.04738034734444093,0.148499000487118,-0.0040713273244122015,0.009180609601897226,0.3302252210183617,0.06833504932211307,0.0170458637021024,0.042700215635301034,-0.09117856578482006,-0.018955004604330153,0.18408342722036383,-0.0009262023797663374,-0.02067477476186723,0.0455257969372056,0.011293460020919506,0.0022749784817917215,0.10310507576693506,0.0948153438875153,-0.006269512120591306,0.03654696715878483,-0.2335826408241382,-0.07929460229611737,0.16391247280818574,1.3235294117647058,-0.010006418248628362,1.5588235294117647,0.030401835637075582,1.7941176470588236,0.04289505322679387,1.7352941176470589,0.012707628407984752,1.7352941176470589,-0.025013010055984875,1.6470588235294117,-0.010387159179414834,1.0294117647058822,-0.08654131892713403,1.4411764705882353,-0.03861870448500352,1.8235294117647058,0.004621786072485461,1.8235294117647058,-0.023513828133741917,1.6764705882352942,-0.001916197988796514,1.1470588235294117,-0.0821622493549409
2026-08-07,2026-08,360,358,0.01096703703141675,-0.008065461736518276,0.05295527926552272,-0.08960923628585349,-0.035585388073272425,0.3640852690829585,-0.027043934691107156,-0.008133179198509578,0.04484785102192429,0.07342971225534885,0.019169822565728606,0.14830266446289087,-0.11850507648505514,-0.02110841684758685,0.21830263698588964,-0.01409258560541331,0.015828480503471708,0.5646377632187473,-0.04553689449496126,-0.0009478630410729811,0.04656081023186273,-0.045205470027126715,-0.008521076811505669,0.13677515997551382,-0.004840701553857354,0.007858771336384848,0.046969428199313226,0.08057277194607819,0.011158987427320787,0.14412072694136036,0.05823412077730298,0.04251582174465679,0.04368655140526171,0.009892823883210531,-0.010683107787451657,0.16837979558234414,1.3888888888888888,-0.011537683958740498,1.6111111111111112,-0.012160956976287355,1.7777777777777777,-0.025552861292031295,1.75,-0.0053228630410729815,1.722222222222222,0.003553215780829293,1.722222222222222,0.038210266189101234,1.0277777777777777,-0.03815483251771687,1.5555555555555556,0.015280933676839716,1.7777777777777777,0.011384036059027262,1.8611111111111112,-0.013173854589283447,1.5833333333333333,0.007200654093987454,1.0833333333333333,-0.01339144112078499
2026-08-10,2026-08,370,368,0.04722105100938418,0.023873178800027036,0.042737240559392084,-0.007600237594784584,-0.009699908174795121,0.33213179095371353,0.07892960813266421,-0.006349624321551044,0.04488938382413458,0.03405525245511951,-0.033812959738569154,0.14864129200577736,-0.0005459684337638697,0.020137007227647892,0.09638454494581247,0.08968215613897876,0.016981975749969947,0.4912801106535905,0.051232962777999415,-0.010603200547926257,0.04212200689153006,0.014417968884417412,0.0025443231287281985,0.16081702918116306,0.14588447702821047,0.02046218132097814,0.04303049474054263,0.04211698635097453,-0.02156137044999436,0.15055065863841288,0.05032903821553035,0.0005831042460198027,0.04816674664180996,0.022604908527251746,-0.033952774440637205,0.17123475086850087,1.2972972972972974,0.02062993555678379,1.7567567567567568,-0.010741516213442937,1.7837837837837838,0.015677547768188433,1.7567567567567568,-0.014995092439818149,1.6756756756756757,0.016272992131788948,1.7027027027027026,-0.003673652510736954,0.9459459459459458,-0.012064773039659986,1.5945945945945945,-0.03779944622505564,1.8108108108108107,0.012454948722942921,1.864864864864865,-0.0021178390334339638,1.5945945945945945,-0.02554785693648085,1.162162162162162,-0.03685817984604261
2026-08-11,2026-08,300,300,0.04820698543394795,-0.027425572407517314,0.053343098444625606,-0.017029078100867786,0.00536078976001185,0.4356587036202351,0.043550261669574104,-0.016448375549985603,0.04469938699120419,-0.029288325425838063,-0.0030650283989002575,0.15233382980028787,-0.028069628059013287,0.008261479729858936,0.12455217635832685,0.024401531465377997,0.0748971061397684,0.5976175444821517,0.1001515794956812,0.013901497832220455,0.042095631683097684,0.07150612784586495,0.002950807588909317,0.1381248515099287,0.04234891498794431,0.034572544151171336,0.045679324348343084,-0.022874920832453693,0.0017938310860008827,0.1921323840816816,0.08856453960599563,-0.01973734099960659,0.048159405093162806,-0.12632229246991633,-0.032471786914861425,0.2161999727288882,1.3513513513513513,-0.030803950785895692,1.6756756756756757,-0.020637564739174795,1.864864864864865,0.0035993175676967736,1.7027027027027026,0.009644741075463698,1.7837837837837838,0.030113084691711877,1.864864864864865,-0.024399503161768754,1.135135135135135,0.002522951922174012,1.4864864864864864,-0.006781244615116474,1.7297297297297298,0.07057278181544407,1.7837837837837838,-0.001508651870550143,1.4054054054054055,-0.001719682427512631,1.2432432432432432,-0.035579895022969536
2026-08-12,2026-08,306,306,0.09974781080387517,0.03729835837227017,0.04626428204532569,0.18741672137429757,0.0459568577952281,0.34997444819178314,0.015639995518685928,0.012043537868554968,0.04002957771163829,0.007321503920626295,0.01000634279950207,0.13618793662997986,0.12792898444301581,0.02006548031347356,0.08371276396597643,0.1087634171046019,0.0065054509929230436,0.5319274214486922,0.06672028189562573,0.030906414102034804,0.03358375529211703,0.04455033468505681,0.04196523030124618,0.14726433317146953,0.005455685771932525,0.01644616542839247,0.03568965210233243,-0.035912706514762686,-0.003997111281245673,0.1337330594899193,-0.06199019806574853,0.0019191755175898967,0.028434015072953372,-0.013220923548572523,0.010916450888785357,0.13309900042030118,1.1935483870967742,0.034314487404528235,1.5161290322580645,0.008253215287909805,1.8064516129032258,0.015549351281215495,1.7741935483870968,0.02647093023106706,1.8064516129032258,0.011930036396134405,1.8064516129032258,-0.0025969535146681674,1.096774193548387,0.04321492231135714,1.5161290322580645,0.006216020218856908,1.7741935483870968,0.0020699671219553016,1.935483870967742,0.03712652062382683,1.3870967741935483,-0.007464853216729543,1.2258064516129032,0.007851934759753099
2026-08-13,2026-08,326,322,-0.07159011304449477,-0.028910011973382308,0.045310217965484643,0.09550030090357664,0.02289525915180549,0.36628023674711585,-0.03966229526650532,-0.013904960082556189,0.03371738065586374,0.048149248174013184,-0.01698843281604227,0.14770731516182423,0.011324462862359332,0.004182466178521346,0.10658926421105938,0.14038028544031741,0.0397625500688725,0.5096255042590201,-0.06910999279823055,-0.026141717413091993,0.033581343524365356,0.04645656814058908,0.029754619025701534,0.14845890051219612,-0.13243550056067646,-0.03848039862021037,0.0285741028051694,0.038265063579410404,-0.0028302469150651433,0.12529420503415167,-0.0729963565119742,0.001864623217681733,0.03292698412157652,0.1072860229206264,0.00459189161729982,0.19095777720212936,1.25,-0.03203501197338231,1.65625,-0.018045585082556187,1.8125,-0.0003487838214786534,1.71875,-0.03043859241309199,1.75,-0.04285539862021037,1.75,-0.0025103767823182674,1.0,0.02039525915180549,1.625,-0.02105093281604227,1.9375,0.0349188000688725,1.90625,0.024988994025701535,1.46875,-0.006502121915065143,1.1875,0.0016231416172998196
2026-08-14,2026-08,358,355,-0.03435558096258442,-0.010895054915058152,0.04378571240198041,0.2345729253560094,0.04830938097528352,0.3393345046529753,-0.04768016355569933,-0.036250879141384126,0.03270624867322381,0.026980699377368477,-0.004680451552140055,0.11412771522170967,0.029808393401470828,-0.0051609633412297885,0.10010500903842189,0.0779467125268627,0.03247011509337756,0.3918795363149709,-0.09256488525161653,-0.030701758863854168,0.0381235837765144,0.0435044374575899,-0.02107177469800429,0.1575148292661955,0.000617623062670237,-0.021002331493774243,0.03857221597248208,-0.027297945523893564,-0.07045257150941439,0.12034363320304288,-0.08256849121377892,-0.04241853225665059,0.03483598916522254,0.05324046800214305,0.008969229482917347,0.16280635570486385,1.2222222222222223,-0.013950610470613708,1.6944444444444444,-0.040486990252495234,1.75,-0.009535963341229789,1.75,-0.03507675886385417,1.6666666666666665,-0.02516899816044091,1.722222222222222,-0.04672408781220615,1.0,0.04580938097528352,1.6388888888888888,-0.008777673774362275,1.8333333333333333,0.027886781760044232,1.9166666666666665,-0.025863441364670958,1.6666666666666665,-0.07461923817608106,1.1944444444444444,0.005983118371806236
2026-08-17,2026-08,376,375,0.06434927322035075,0.04779933203848262,0.04535476369020691,0.16461303285885684,0.06160576941511345,0.31821318607973426,-0.022536375928255227,0.009710392295689162,0.039742644054398174,-0.05633704569524791,-0.036758310763517626,0.1234952280984113,-0.0549304453935258,-0.013674257842906134,0.06887239326583991,0.06429285707261147,0.029811392582532265,0.38415148815042094,0.0004985610638256997,0.012224401244473191,0.035438629949390815,-0.04875817470039815,0.005057385855037346,0.1525959527414096,-0.023140475905068212,0.001618953116368508,0.035189848055441265,-0.0846973401091873,-0.029974976362033993,0.1135974030353521,-0.008210171264208704,-0.004962746606426099,0.032585597755084725,-0.0005999210564841233,0.0030039136445708034,0.1280133233062531,1.2368421052631577,0.044707226775324724,1.7368421052631577,0.005368287032531268,1.894736842105263,-0.018411099948169293,1.6842105263157894,0.008013874928683717,1.8157894736842104,-0.0029205205678420184,1.7368421052631577,-0.009304851869583994,0.763157894736842,0.05969787467827134,1.6052631578947367,-0.04077146865825447,1.8684210526315788,0.025140339950953317,1.9210526315789473,0.00025475427608997753,1.7105263157894737,-0.03425129215150768,1.263157894736842,-0.0001539810922713018
2026-08-18,2026-08,321,321,-0.006302426687329722,-0.004612758203572046,0.0485282500713346,0.08627082486793987,0.02713435688520355,0.380642006668495,-0.033096126918523594,0.0006707503690888267,0.04298036507583762,0.07571036744645034,0.03355825289052194,0.1379198107169941,-0.011852355238789952,-0.045494018942638124,0.06682816930558969,0.0559350984504902,0.030346396629245827,0.33897551253903657,0.008149271492424682,0.015246669929032668,0.040271237157428606,0.0041519126951877865,0.039262687852838735,0.14690209555556066,-0.08583510675784294,-0.0014322783995578611,0.03939758673133331,-0.03926249492076392,0.03163785492165872,0.11724744644016027,-0.0570617759423596,0.024073665498526887,0.04527570979101858,0.1323579990712254,0.06347934357700015,0.16676806984469295,1.1842105263157894,-0.0075732845193615195,1.4736842105263157,-0.0030134601572269623,1.894736842105263,-0.05023086104790128,1.763157894736842,0.010838775192190564,1.6052631578947367,-0.005445436294294703,1.631578947368421,0.019994718130105834,1.0789473684210527,0.02443698846415092,1.4210526315789473,0.030005621311574568,1.9210526315789473,0.02554376505029846,1.894736842105263,0.03452584574757558,1.526315789473684,0.02782206544797451,1.2894736842105263,0.060255659366473834
2026-08-19,2026-08,322,320,0.026053682400308524,0.005533261527295472,0.0430299858610338,0.16548974847872328,0.02093570245979531,0.3840127387084067,-0.04960210325771154,-0.01999701287967515,0.03552068214039503,0.0937156657313327,0.018354604493662594,0.11274280119687319,-0.05765164850360728,-0.021006393922235942,0.06961545688682497,-0.03793779973864984,-0.023467955441373627,0.42028942704200745,-0.030413784687758325,-0.020005831011801242,0.04066163853554131,0.006524965626979996,-0.016255978331783928,0.16164984725764953,-0.056730382149121544,-0.04210416350752335,0.03302040734183004,0.027992456581176557,-0.00849676344792688,0.12617813638644293,-0.0001827716594300831,-0.010673802148965184,0.032806403933926795,0.009930952036281918,-0.0412978355844323,0.1713018945301883,1.21875,0.002486386527295472,1.5625,-0.02390326287967515,1.875,-0.025693893922235943,1.75,-0.024380831011801243,1.75,-0.04647916350752335,1.59375,-0.014658177148965184,1.0625,0.01827945245979531,1.625,0.014292104493662593,1.84375,-0.028077330441373626,1.84375,-0.020865353331783926,1.5,-0.01224676344792688,1.21875,-0.0443447105844323
2026-08-20,2026-08,306,304,0.07067641052531218,0.012131415379317933,0.04022844724057256,0.017037160354610153,0.022353668832003105,0.36458244326834877,0.09471215409857006,0.024161241266471463,0.028668624822113967,0.16721688408369167,0.036706931582533554,0.1050477597862482,-0.0875798101711186,-0.006233681170038892,0.14969089723660453,0.13107565279578792,0.034147740220333705,0.6358215992649396,0.01233785597137346,0.019480708523716236,0.030030013077321397,-0.056365088888121063,-0.005420628410084087,0.14478732651720444,0.06379318107335848,0.009770497154930757,0.032209989318376826,0.18855296483948414,0.0400049553219185,0.09612985911468665,0.04068887018417073,0.03157971572183996,0.02561170467906056,0.14226015284631502,0.00705790104548489,0.13328987099230288,1.28125,0.008928290379317933,1.78125,0.019708116266471464,1.9375,-0.011077431170038891,1.875,0.014793208523716236,1.9375,0.004926747154930757,1.875,0.026892215721839956,1.09375,0.019619293832003105,1.5,0.03295693158253356,1.875,0.029460240220333705,1.96875,-0.010342503410084088,1.78125,0.0355518303219185,1.25,0.00393290104548489
2026-08-21,2026-08,326,323,0.004249018642948147,-0.020288766417210516,0.03972757458718925,-0.07273796277454746,0.016819051556467193,0.3525248656515032,0.10086686207359366,0.01561161866962833,0.031114098407586673,0.13401630507726078,0.06500885719161698,0.10389243345707655,-0.004413043513371159,-0.035177006040431016,0.072274687500532,0.04289982662621514,0.018086567175712994,0.4538041886407882,0.05997757294205766,0.020687830796294653,0.03481681981016432,-0.09978308965194765,-0.016081902060557797,0.20448952322476543,0.11012966995856623,0.060415364527860595,0.03242135132098143,0.12878447943681243,0.04781860416777971,0.09741785196820274,0.1371228422615826,0.039679555327069266,0.03039562382800339,0.16134891393291798,0.04144599410832356,0.12911085382802412,1.0,-0.022788766417210515,1.625,0.011549118669628329,1.84375,-0.039786381040431015,1.8125,0.016156580796294652,1.6875,0.056196614527860594,1.625,0.03561705532706927,0.90625,0.014553426556467193,1.3125,0.061727607191616976,1.78125,0.013633442175712995,1.875,-0.020769402060557798,1.40625,0.044302979167779706,1.1875,0.03847724410832356
2026-08-24,2026-08,347,345,0.04217361259900775,0.048254589181825305,0.055978411483140395,-0.07890032678518398,0.011863449989471397,0.3363940132891431,0.05557645791053933,0.01548635711915538,0.04290839039756322,0.0787366182644714,0.03700015668523638,0.11417281474260722,-0.011630117079238677,-0.019444602609665886,0.07108265374995792,0.013945398462616701,-0.0009709167510556956,0.42783573505413885,0.09426422785009354,0.029618957986893554,0.0464594481358393,-0.02482883843347604,0.010749961584127637,0.1983453443766955,0.13699760870676586,0.046351671558547206,0.04852822278116965,0.03888192250096071,0.020151089563493565,0.1087964440093321,0.13670034849810356,0.03755697920172858,0.04349084787245573,0.02152336235473741,0.018580321652527598,0.1484399935888017,1.2352941176470589,0.04516635388770766,1.7647058823529411,0.011074592413273026,1.8823529411764706,-0.024150484962607063,1.7647058823529411,0.025207193281011203,1.6470588235294117,0.042234024499723674,1.7647058823529411,0.03314521449584623,0.8529411764705882,0.009731097048294926,1.4411764705882353,0.033397215508765794,1.8529411764705883,-0.005603269692232167,1.8529411764705883,0.006117608642951166,1.411764705882353,0.016621677798787683,1.1470588235294117,0.015712674593704068
2026-08-25,2026-08,289,287,0.08845529675944874,0.030593483455999444,0.056006521773620255,-0.03709780058067852,0.012338312481542126,0.32387311422619325,0.10965179175118323,0.026481046818448976,0.05381840742486021,0.09422552996857972,0.0685031612262732,0.11125292462007752,-0.058443680355912186,-0.029371715408491726,0.07251988173994703,-0.13590008281516305,-0.051538241772060144,0.4166095765500233,0.04613486434281749,0.03170837868673707,0.04504591223894677,-0.005916159567275186,0.042894145408555226,0.14644312797563858,0.08122067787513956,0.02492433139611376,0.04913208598303535,0.12675744740086703,0.07415433856115583,0.10442870187348333,0.06050516800217404,0.03197637254251719,0.04571126037282977,0.013230322554985484,0.020104645824246134,0.13552573214060273,1.0588235294117647,0.027946424632470032,1.588235294117647,0.02251045858315486,1.8823529411764706,-0.034077597761432904,1.7647058823529411,0.02729661398085472,1.6764705882352942,0.020733154925525524,1.6470588235294117,0.02785872548369366,0.9705882352941176,0.009911841893306832,1.4117647058823528,0.06497374946156732,1.8529411764705883,-0.05617059471323661,1.9117647058823528,0.03811473364384935,1.4117647058823528,0.07062492679644995,1.1470588235294117,0.017236998765422604
2026-08-26,2026-08,280,279,0.08957722988138095,0.027685760200457602,0.05188721482740212,0.0008186147807936922,-0.008274730483342242,0.3688150913055454,-0.052500403499189184,-0.028488876840027044,0.04139077677472475,-0.03829012555145494,-0.02746987786061516,0.12155429579849754,0.06839754548155229,0.0003952109100134951,0.08179049747648277,0.05997289024236809,0.04892883466928753,0.43986426293849945,0.0693701829488647,0.010563401149701918,0.037455896095881805,-0.02433267520713778,-0.024387999306233445,0.14577144420971827,-0.026863422199312325,-0.0315833296102474,0.037076340746476186,-0.02248225047726356,-0.013654631843045273,0.10852503510458128,0.12513053079173833,0.027897396839310258,0.03890775760877805,0.037063980006666795,-0.0011890869646238485,0.13867956340046866,1.206896551724138,0.024668518821147258,1.586206896551724,-0.03245439408140635,1.8620689655172413,-0.004259961503779608,1.7586206896551724,0.006166849425563986,1.7586206896551724,-0.03597988133438533,1.6896551724137931,0.023673258908275777,1.1379310344827585,-0.011119558069549139,1.5172413793103448,-0.03126298130889102,1.793103448275862,0.04444607604859788,1.8275862068965516,-0.028956964823474825,1.7241379310344827,-0.01796497667063148,1.1724137931034482,-0.004120121447382469
2026-08-27,2026-08,276,275,-0.032622251394814575,-0.005977965102347743,0.04577853920031151,0.19234999500577904,0.04522807246980013,0.4236355544334011,-0.12437607910846021,-0.0062225537286533655,0.03875877095506866,-0.05603230547509311,-0.018686993235956975,0.13526537162917002,0.2265559561544004,0.014384363780893444,0.09243068764744676,0.042172048762258225,0.01281357005648966,0.3420309231483511,-0.12022832440009888,-0.04045748469581851,0.037690930735053585,-0.04487493043763645,-0.01006275816306543,0.121495405677706,-0.005850088590358158,0.010891655883588758,0.033294443795399614,-0.10341918637005751,-0.015049596677176352,0.10314648252512727,-0.013412774798290252,0.024534225084185436,0.031069427515726132,-0.10585408313237539,-0.0013792563070915004,0.12193236519981708,1.25,-0.009102965102347742,1.5,-0.009972553728653365,1.9285714285714284,0.009562935209464874,1.75,-0.044832484695818506,1.7142857142857142,0.006605941597874473,1.75,0.020159225084185436,1.3214285714285714,0.041924501041228704,1.3928571428571428,-0.022169136093099832,1.8214285714285714,0.008259998627918232,1.8214285714285714,-0.014616329591636858,1.4285714285714284,-0.01862102524860492,1.2142857142857142,-0.004414970592805786
2026-08-28,2026-08,276,275,-0.0741436655343166,-0.018739682335836373,0.04362849682313586,0.17368074085700833,0.023471979994917687,0.34985883455790046,-0.0574820564775046,-0.01136278851067925,0.04764000645826122,-0.18447796121630686,-0.04443271029233111,0.10542073912386382,-0.04376140613200078,-0.030289012148999053,0.07121308408489693,0.04157976927911712,0.01330304020489689,0.39877400680312086,-0.0797934388732091,-0.016867117937346764,0.043377518635242356,0.021895806281303064,-0.0065537274762538875,0.1466048773644226,0.05028353623429173,0.00898428540722723,0.041338080391161276,-0.17196501191478433,-0.03221883810518627,0.08923672285995313,0.03391561677424968,0.011048559695910551,0.04004143199712572,-0.17646894308015013,-0.01894145648881638,0.10725274016814573,1.107142857142857,-0.021507539478693515,1.4642857142857142,-0.015023502796393536,1.8214285714285714,-0.03484258357757048,1.5714285714285714,-0.02079568936591819,1.6428571428571428,0.004877142550084372,1.7142857142857142,0.006762845410196266,1.1785714285714286,0.020525551423489115,1.357142857142857,-0.04782556743518825,1.7142857142857142,0.009017325919182605,1.8928571428571428,-0.011285870333396744,1.357142857142857,-0.03561169524804341,1.25,-0.022066456488816378
2026-08-31,2026-08,322,319,-0.06128425656594328,-0.005937290312859809,0.042325306556422145,0.11292824407506324,0.0009358055345373706,0.30353669938631356,0.019280519581814204,0.03178781105385582,0.030717596822408374,-0.09473770474420869,-0.036377866826969724,0.09718509460799396,-0.04382732614035563,0.002828688274210397,0.07027781376887242,-0.036487875937086404,-0.03683185758760563,0.4681157192680985,0.01460610004566691,0.008618156026017253,0.037582427822753964,-0.07157441132529917,-0.0015421570552105815,0.14995582975097932,0.06328607419360574,0.030260503800078005,0.03240728181064431,-0.1305246408321878,-0.031843190289955414,0.08600208238931373,0.022210798245715806,0.0014089162128369907,0.03126688668696981,-0.18577235209830634,-0.046085560508700565,0.11790522636147216,1.28125,-0.009140415312859808,1.5,0.028037811053855822,1.9375,-0.002015061725789603,1.71875,0.004321281026017252,1.625,0.026198003800078005,1.625,-0.0026535837871630094,1.1875,-0.0020329444654626294,1.625,-0.04044036682696972,1.84375,-0.04144123258760563,1.875,-0.006229657055210581,1.6875,-0.036061940289955415,1.34375,-0.04944493550870056
2026-09-01,2026-09,228,226,-0.07196482250776316,-0.06045039585277082,0.04168737511800166,0.07322535606276141,0.0315064552833669,0.31588210764786473,-0.006671209312356165,-0.0016647594857749654,0.02825422228290079,0.13222642625068723,0.01145700384523451,0.12551102123182753,0.0786792824830644,-0.0031202396313491434,0.03851510334931393,0.008406996659934673,-0.022735431645202357,0.6377978635870892,0.09667634256948375,0.010799674188600844,0.02506570614735897,0.1374680183906277,0.023885487015164256,0.12637398732097252,0.1736053385874127,0.01617247037023278,0.02990609874401393,0.13557974925000785,0.02385522283129537,0.1088697783972906,0.11796321973846187,0.0062533609330892,0.02859239641861184,0.16274956286316275,0.03410345666696994,0.10679676417139886,1.5,-0.06420039585277082,1.46875,-0.005336634485774965,1.875,-0.007807739631349143,1.6875,0.006580924188600843,1.53125,0.01234434537023278,1.4375,0.0026596109330892,1.71875,0.027209580283366903,1.78125,0.00700387884523451,1.75,-0.027110431645202358,1.875,0.019197987015164255,1.875,0.01916772283129537,1.9375,0.02925970666696994
2026-09-02,2026-09,110,110,-0.16727903883867187,-0.03617733181885147,0.03221295723682427,0.1620314225818813,0.04651690949912381,0.3199770206754858,-0.07696954669431734,-0.02635811620718427,0.031172029895564946,0.22855532763789643,0.03764340469953285,0.12628910724412312,-0.19789508801323413,-0.07745667348428345,0.03654423821924803,-0.21138383649454442,-0.03520453141495701,0.6095211532982913,-0.08485017886588936,-0.0030405397086761647,0.017576522899996568,0.15513378265671843,0.031385460275051624,0.13478540493683383,-0.08491329466760672,-0.0431215116096857,0.020460199018560665,0.25297207132069516,0.03960701139494933,0.11292926493016157,0.013718670330423535,-0.034073628986431355,0.01972567072452333,0.22536347857448774,0.016354347589500023,0.11599371887066148,1.434782608695652,-0.039764288340590606,1.565217391304348,-0.03027115968544514,1.6956521739130435,-0.08169580391906606,1.9130434782608696,-0.00782314840432834,1.8695652173913044,-0.047795424653163956,1.8695652173913044,-0.03874754202990961,1.434782608695652,0.042929952977384674,1.565217391304348,0.03373036122127197,1.7826086956521738,-0.039661053154087446,1.7391304347826086,0.027037634188095103,1.6521739130434783,0.03547657661234063,1.608695652173913,0.01233260845906524
2026-09-03,2026-09,115,115,0.062171545806044344,0.05323892662220066,0.037144679887066434,0.08761934822062653,0.014026514637224373,0.29192114310959977,0.06811331176517005,0.009104355811782308,0.03327299447659058,0.2667245324706068,0.05927832452366505,0.11892893413702647,0.3825147607416121,0.11415720506365974,0.028128763203919698,0.03913051197536213,-0.00381455581518262,0.6616604044102132,-0.04915963071096031,0.001986639838087381,0.02767565658483894,0.022678134616902074,-0.01410608389265422,0.13068451918661594,0.0747810305373629,0.04426575287137824,0.02738634377422134,0.23764696599068888,0.00284991911375616,0.13592910890777907,0.07750335358636472,0.022053709767517207,0.024223608949349766,0.24372287540440307,0.036528873130277466,0.14956357679329813,1.4166666666666667,0.04969725995553399,1.3333333333333333,0.0057710224784489755,1.4166666666666667,0.11061553839699308,1.5,-0.001763360161912619,1.6666666666666667,0.04009908620471157,1.3333333333333333,0.018720376434183873,1.1666666666666667,0.011109847970557706,1.25,0.056153324523665046,1.5,-0.00756455581518262,1.75,-0.01848108389265422,1.0833333333333333,0.00014158578042282668,1.0,0.034028873130277464
2026-09-04,2026-09,110,110,0.10195433131212948,0.027318998775777897,0.04536352482665801,-0.033870567815521946,-0.012630413838405644,0.37582085975869134,0.11643486689358248,0.02757894247541854,0.042431221446777356,0.23252259766021233,0.03424325189343112,0.15043949031017043,0.08916028744894813,0.03417879292780935,0.035893511300007994,0.18452847881745946,0.015105901539862313,0.5483485947955739,0.14361099026475244,0.013972271721356844,0.031211889961524304,0.1664855848342087,0.008147420415034417,0.14647588540207257,0.06766449518743096,0.00372168036276177,0.030683093128392826,0.24566868787052273,0.0629485465687571,0.1624858873811635,0.01466537429840182,-0.04650393888819291,0.02336518237965822,0.32977481234361966,0.028996200607582477,0.16499954428185115,1.0,0.0248189987757779,1.3333333333333333,0.024245609142085206,1.5,0.03042879292780935,1.5,0.010222271721356844,1.3333333333333333,0.0003883470294284374,1.25,-0.04962893888819291,1.25,-0.015755413838405643,1.3333333333333333,0.03090991856009779,1.25,0.011980901539862313,1.5,0.004397420415034417,0.8333333333333334,0.06086521323542377,0.75,0.027121200607582475
