{
  "status": "ok",
  "result_keys": [
    "all_paths",
    "paths",
    "mean_path",
    "median_path",
    "p05",
    "p25",
    "p75",
    "p95",
    "final_mean",
    "final_median",
    "final_p05",
    "final_p10",
    "final_p25",
    "final_p75",
    "final_p90",
    "final_p95",
    "total_return_pct",
    "annual_return_pct",
    "crash_prob_1y",
    "crash_prob_5y",
    "crash_probs",
    "cvar_95_pct",
    "max_dd_pct",
    "max_drawdown_pct",
    "scenarios",
    "ml_crash_prob",
    "ml_predicted_return",
    "garch_vol",
    "realism_check"
  ],
  "current_price": 6816.89013671875,
  "final_mean": 9571.458881865332,
  "final_median": 8753.735037351267,
  "final_p05": 3805.653353432842,
  "final_p10": 4653.039723969266,
  "final_p25": 6364.433965419199,
  "final_p75": 11793.019793316671,
  "final_p90": 15679.365565001766,
  "final_p95": 18437.931445490063,
  "total_return_pct": 40.40799675367028,
  "annual_return_pct": 7.023307535058887,
  "crash_prob_1y": 25.380000000000003,
  "crash_prob_5y": 82.27,
  "cvar_95_pct": -54.83129372452636,
  "max_dd_pct": -30.715299507629297,
  "max_drawdown_pct": 30.715299507629297
}