{
  "status": "ok",
  "result_keys": [
    "all_paths",
    "paths",
    "mean_path",
    "median_path",
    "p05",
    "p25",
    "p75",
    "p95",
    "final_mean",
    "final_median",
    "final_p05",
    "final_p10",
    "final_p25",
    "final_p75",
    "final_p90",
    "final_p95",
    "total_return_pct",
    "annual_return_pct",
    "crash_prob_1y",
    "crash_prob_5y",
    "crash_probs",
    "cvar_95_pct",
    "max_dd_pct",
    "max_drawdown_pct",
    "scenarios",
    "ml_crash_prob",
    "ml_predicted_return",
    "garch_vol",
    "realism_check"
  ],
  "current_price": 6816.89013671875,
  "final_mean": 9558.17470776101,
  "final_median": 8667.710054655905,
  "final_p05": 3784.117479460159,
  "final_p10": 4636.633460010694,
  "final_p25": 6312.402926749615,
  "final_p75": 11896.389374453109,
  "final_p90": 15513.009884907939,
  "final_p95": 18313.535651929065,
  "total_return_pct": 40.21312528239973,
  "annual_return_pct": 6.993583619347055,
  "crash_prob_1y": 25.16,
  "crash_prob_5y": 82.25,
  "cvar_95_pct": -54.57397699397898,
  "max_dd_pct": -30.887118562061705,
  "max_drawdown_pct": 30.887118562061705
}