{
  "status": "ok",
  "result_keys": [
    "all_paths",
    "paths",
    "mean_path",
    "median_path",
    "p05",
    "p25",
    "p75",
    "p95",
    "final_mean",
    "final_median",
    "final_p05",
    "final_p10",
    "final_p25",
    "final_p75",
    "final_p90",
    "final_p95",
    "total_return_pct",
    "annual_return_pct",
    "crash_prob_1y",
    "crash_prob_5y",
    "crash_probs",
    "cvar_95_pct",
    "max_dd_pct",
    "max_drawdown_pct",
    "scenarios",
    "ml_crash_prob",
    "ml_predicted_return",
    "garch_vol",
    "realism_check"
  ],
  "current_price": 7041.27978515625,
  "final_mean": 9887.773966434044,
  "final_median": 9005.301765073611,
  "final_p05": 3921.6883422982205,
  "final_p10": 4781.910710037948,
  "final_p25": 6551.435526508683,
  "final_p75": 12299.857827855958,
  "final_p90": 16154.538359382377,
  "final_p95": 18996.35500754464,
  "total_return_pct": 40.425807071017125,
  "annual_return_pct": 7.026022511994712,
  "crash_prob_1y": 25.35,
  "crash_prob_5y": 82.21000000000001,
  "cvar_95_pct": -54.32432826432616,
  "max_dd_pct": -30.809548547781485,
  "max_drawdown_pct": 30.809548547781485
}