{
  "status": "ok",
  "result_keys": [
    "all_paths",
    "paths",
    "mean_path",
    "median_path",
    "p05",
    "p25",
    "p75",
    "p95",
    "final_mean",
    "final_median",
    "final_p05",
    "final_p10",
    "final_p25",
    "final_p75",
    "final_p90",
    "final_p95",
    "total_return_pct",
    "annual_return_pct",
    "crash_prob_1y",
    "crash_prob_5y",
    "crash_probs",
    "cvar_95_pct",
    "max_dd_pct",
    "max_drawdown_pct",
    "scenarios",
    "ml_crash_prob",
    "ml_predicted_return",
    "garch_vol",
    "realism_check"
  ],
  "current_price": 7041.27978515625,
  "final_mean": 9909.709023560816,
  "final_median": 8951.557052840555,
  "final_p05": 3978.2619215164477,
  "final_p10": 4793.0839715942975,
  "final_p25": 6539.043490569438,
  "final_p75": 12241.61384014228,
  "final_p90": 16227.024982318906,
  "final_p95": 19201.242827150058,
  "total_return_pct": 40.73732795636828,
  "annual_return_pct": 7.073465778936305,
  "crash_prob_1y": 25.56,
  "crash_prob_5y": 82.1,
  "cvar_95_pct": -53.538235497869394,
  "max_dd_pct": -30.713684978865217,
  "max_drawdown_pct": 30.713684978865217
}