{
  "status": "ok",
  "result_keys": [
    "all_paths",
    "paths",
    "mean_path",
    "median_path",
    "p05",
    "p25",
    "p75",
    "p95",
    "final_mean",
    "final_median",
    "final_p05",
    "final_p10",
    "final_p25",
    "final_p75",
    "final_p90",
    "final_p95",
    "total_return_pct",
    "annual_return_pct",
    "crash_prob_1y",
    "crash_prob_5y",
    "crash_probs",
    "cvar_95_pct",
    "max_dd_pct",
    "max_drawdown_pct",
    "scenarios",
    "ml_crash_prob",
    "ml_predicted_return",
    "garch_vol",
    "realism_check"
  ],
  "current_price": 6816.89013671875,
  "final_mean": 9560.794611393914,
  "final_median": 8711.205782273762,
  "final_p05": 3847.5476178377553,
  "final_p10": 4634.192260719416,
  "final_p25": 6306.734275611099,
  "final_p75": 11818.925934173745,
  "final_p90": 15642.32948621493,
  "final_p95": 18139.725691476564,
  "total_return_pct": 40.25155781659579,
  "annual_return_pct": 6.999448382410045,
  "crash_prob_1y": 25.779999999999998,
  "crash_prob_5y": 81.6,
  "cvar_95_pct": -53.84090317893517,
  "max_dd_pct": -30.775312583901076,
  "max_drawdown_pct": 30.775312583901076
}