{
  "status": "ok",
  "result_keys": [
    "all_paths",
    "paths",
    "mean_path",
    "median_path",
    "p05",
    "p25",
    "p75",
    "p95",
    "final_mean",
    "final_median",
    "final_p05",
    "final_p10",
    "final_p25",
    "final_p75",
    "final_p90",
    "final_p95",
    "total_return_pct",
    "annual_return_pct",
    "crash_prob_1y",
    "crash_prob_5y",
    "crash_probs",
    "cvar_95_pct",
    "max_dd_pct",
    "max_drawdown_pct",
    "scenarios",
    "ml_crash_prob",
    "ml_predicted_return",
    "garch_vol",
    "realism_check"
  ],
  "current_price": 6816.89013671875,
  "final_mean": 9569.306631703494,
  "final_median": 8717.77874290922,
  "final_p05": 3841.3009522926895,
  "final_p10": 4663.414109510047,
  "final_p25": 6320.6765178189335,
  "final_p75": 11937.15669927522,
  "final_p90": 15559.176357129545,
  "final_p95": 18187.384189428045,
  "total_return_pct": 40.376424436694755,
  "annual_return_pct": 7.018494023252564,
  "crash_prob_1y": 25.19,
  "crash_prob_5y": 82.08,
  "cvar_95_pct": -54.57798159793621,
  "max_dd_pct": -30.815966436840263,
  "max_drawdown_pct": 30.815966436840263
}