{
  "status": "ok",
  "result_keys": [
    "all_paths",
    "paths",
    "mean_path",
    "median_path",
    "p05",
    "p25",
    "p75",
    "p95",
    "final_mean",
    "final_median",
    "final_p05",
    "final_p10",
    "final_p25",
    "final_p75",
    "final_p90",
    "final_p95",
    "total_return_pct",
    "annual_return_pct",
    "crash_prob_1y",
    "crash_prob_5y",
    "crash_probs",
    "cvar_95_pct",
    "max_dd_pct",
    "max_drawdown_pct",
    "scenarios",
    "ml_crash_prob",
    "ml_predicted_return",
    "garch_vol",
    "realism_check"
  ],
  "current_price": 6816.89013671875,
  "final_mean": 9568.890007710845,
  "final_median": 8694.291742151698,
  "final_p05": 3831.547982597365,
  "final_p10": 4628.984862676885,
  "final_p25": 6330.229001585765,
  "final_p75": 11855.629080183844,
  "final_p90": 15643.033209163821,
  "final_p95": 18365.218390960414,
  "total_return_pct": 40.370312793639144,
  "annual_return_pct": 7.017562142804423,
  "crash_prob_1y": 24.52,
  "crash_prob_5y": 82.09,
  "cvar_95_pct": -54.018422393365576,
  "max_dd_pct": -30.772570264638627,
  "max_drawdown_pct": 30.772570264638627
}