{
  "status": "ok",
  "result_keys": [
    "all_paths",
    "paths",
    "mean_path",
    "median_path",
    "p05",
    "p25",
    "p75",
    "p95",
    "final_mean",
    "final_median",
    "final_p05",
    "final_p10",
    "final_p25",
    "final_p75",
    "final_p90",
    "final_p95",
    "total_return_pct",
    "annual_return_pct",
    "crash_prob_1y",
    "crash_prob_5y",
    "crash_probs",
    "cvar_95_pct",
    "max_dd_pct",
    "max_drawdown_pct",
    "scenarios",
    "ml_crash_prob",
    "ml_predicted_return",
    "garch_vol",
    "realism_check"
  ],
  "current_price": 7026.31005859375,
  "final_mean": 9858.987528236892,
  "final_median": 8971.28314929871,
  "final_p05": 3927.579318910536,
  "final_p10": 4846.01643779568,
  "final_p25": 6557.674954834745,
  "final_p75": 12239.331460127461,
  "final_p90": 16050.812452448445,
  "final_p95": 18881.460635338066,
  "total_return_pct": 40.31529274997687,
  "annual_return_pct": 7.0091714308204045,
  "crash_prob_1y": 25.66,
  "crash_prob_5y": 82.39999999999999,
  "cvar_95_pct": -54.38731189946239,
  "max_dd_pct": -30.788304776104397,
  "max_drawdown_pct": 30.788304776104397
}