{
  "status": "ok",
  "result_keys": [
    "all_paths",
    "paths",
    "mean_path",
    "median_path",
    "p05",
    "p25",
    "p75",
    "p95",
    "final_mean",
    "final_median",
    "final_p05",
    "final_p10",
    "final_p25",
    "final_p75",
    "final_p90",
    "final_p95",
    "total_return_pct",
    "annual_return_pct",
    "crash_prob_1y",
    "crash_prob_5y",
    "crash_probs",
    "cvar_95_pct",
    "max_dd_pct",
    "max_drawdown_pct",
    "scenarios",
    "ml_crash_prob",
    "ml_predicted_return",
    "garch_vol",
    "realism_check"
  ],
  "current_price": 7041.27978515625,
  "final_mean": 9885.452606718762,
  "final_median": 8981.299645700701,
  "final_p05": 3933.4303307043037,
  "final_p10": 4762.635639118987,
  "final_p25": 6497.747844316353,
  "final_p75": 12382.915424142815,
  "final_p90": 16137.557130634767,
  "final_p95": 18817.670744141946,
  "total_return_pct": 40.39283920457648,
  "annual_return_pct": 7.020996724948936,
  "crash_prob_1y": 25.569999999999997,
  "crash_prob_5y": 82.73,
  "cvar_95_pct": -54.529883108634294,
  "max_dd_pct": -30.936023514150264,
  "max_drawdown_pct": 30.936023514150264
}