{
  "status": "ok",
  "result_keys": [
    "all_paths",
    "paths",
    "mean_path",
    "median_path",
    "p05",
    "p25",
    "p75",
    "p95",
    "final_mean",
    "final_median",
    "final_p05",
    "final_p10",
    "final_p25",
    "final_p75",
    "final_p90",
    "final_p95",
    "total_return_pct",
    "annual_return_pct",
    "crash_prob_1y",
    "crash_prob_5y",
    "crash_probs",
    "cvar_95_pct",
    "max_dd_pct",
    "max_drawdown_pct",
    "scenarios",
    "ml_crash_prob",
    "ml_predicted_return",
    "garch_vol",
    "realism_check"
  ],
  "current_price": 7041.27978515625,
  "final_mean": 9880.571869353578,
  "final_median": 9040.49710968311,
  "final_p05": 3915.8939049684036,
  "final_p10": 4836.460813390016,
  "final_p25": 6549.4402914178145,
  "final_p75": 12246.662908977629,
  "final_p90": 16083.488255716535,
  "final_p95": 18822.43503939502,
  "total_return_pct": 40.32352314962475,
  "annual_return_pct": 7.0104267574012225,
  "crash_prob_1y": 24.98,
  "crash_prob_5y": 81.81,
  "cvar_95_pct": -54.79619233521548,
  "max_dd_pct": -30.680857394704063,
  "max_drawdown_pct": 30.680857394704063
}