{
  "status": "ok",
  "result_keys": [
    "all_paths",
    "paths",
    "mean_path",
    "median_path",
    "p05",
    "p25",
    "p75",
    "p95",
    "final_mean",
    "final_median",
    "final_p05",
    "final_p10",
    "final_p25",
    "final_p75",
    "final_p90",
    "final_p95",
    "total_return_pct",
    "annual_return_pct",
    "crash_prob_1y",
    "crash_prob_5y",
    "crash_probs",
    "cvar_95_pct",
    "max_dd_pct",
    "max_drawdown_pct",
    "scenarios",
    "ml_crash_prob",
    "ml_predicted_return",
    "garch_vol",
    "realism_check"
  ],
  "current_price": 6816.89013671875,
  "final_mean": 9573.85664929909,
  "final_median": 8688.680393826078,
  "final_p05": 3802.1770641607236,
  "final_p10": 4636.463206683898,
  "final_p25": 6331.073378723247,
  "final_p75": 11850.755334503086,
  "final_p90": 15784.137721464302,
  "final_p95": 18460.776845357792,
  "total_return_pct": 40.44317067294534,
  "annual_return_pct": 7.028669127146658,
  "crash_prob_1y": 25.5,
  "crash_prob_5y": 81.81,
  "cvar_95_pct": -53.65895799780374,
  "max_dd_pct": -30.690548317498767,
  "max_drawdown_pct": 30.690548317498767
}