{
  "status": "ok",
  "result_keys": [
    "all_paths",
    "paths",
    "mean_path",
    "median_path",
    "p05",
    "p25",
    "p75",
    "p95",
    "final_mean",
    "final_median",
    "final_p05",
    "final_p10",
    "final_p25",
    "final_p75",
    "final_p90",
    "final_p95",
    "total_return_pct",
    "annual_return_pct",
    "crash_prob_1y",
    "crash_prob_5y",
    "crash_probs",
    "cvar_95_pct",
    "max_dd_pct",
    "max_drawdown_pct",
    "scenarios",
    "ml_crash_prob",
    "ml_predicted_return",
    "garch_vol",
    "realism_check"
  ],
  "current_price": 7038.41015625,
  "final_mean": 9871.153336162668,
  "final_median": 8982.347712908228,
  "final_p05": 3971.410471112984,
  "final_p10": 4822.417599398818,
  "final_p25": 6551.203740667559,
  "final_p75": 12199.978339753612,
  "final_p90": 16043.848669585019,
  "final_p95": 18904.269671493366,
  "total_return_pct": 40.24691822481012,
  "annual_return_pct": 6.998740453972663,
  "crash_prob_1y": 25.05,
  "crash_prob_5y": 81.36,
  "cvar_95_pct": -54.16778482913456,
  "max_dd_pct": -30.65404175185915,
  "max_drawdown_pct": 30.65404175185915
}