{
  "status": "ok",
  "result_keys": [
    "all_paths",
    "paths",
    "mean_path",
    "median_path",
    "p05",
    "p25",
    "p75",
    "p95",
    "final_mean",
    "final_median",
    "final_p05",
    "final_p10",
    "final_p25",
    "final_p75",
    "final_p90",
    "final_p95",
    "total_return_pct",
    "annual_return_pct",
    "crash_prob_1y",
    "crash_prob_5y",
    "crash_probs",
    "cvar_95_pct",
    "max_dd_pct",
    "max_drawdown_pct",
    "scenarios",
    "ml_crash_prob",
    "ml_predicted_return",
    "garch_vol",
    "realism_check"
  ],
  "current_price": 6816.89013671875,
  "final_mean": 9576.774708554529,
  "final_median": 8704.145224216427,
  "final_p05": 3822.382537798876,
  "final_p10": 4588.776030764966,
  "final_p25": 6339.194920316094,
  "final_p75": 11935.806226000192,
  "final_p90": 15536.728026303032,
  "final_p95": 18502.586686299062,
  "total_return_pct": 40.48597698486931,
  "annual_return_pct": 7.035192682701341,
  "crash_prob_1y": 25.240000000000002,
  "crash_prob_5y": 81.36,
  "cvar_95_pct": -53.262229090105464,
  "max_dd_pct": -30.66634524720502,
  "max_drawdown_pct": 30.66634524720502
}