{
  "status": "ok",
  "result_keys": [
    "all_paths",
    "paths",
    "mean_path",
    "median_path",
    "p05",
    "p25",
    "p75",
    "p95",
    "final_mean",
    "final_median",
    "final_p05",
    "final_p10",
    "final_p25",
    "final_p75",
    "final_p90",
    "final_p95",
    "total_return_pct",
    "annual_return_pct",
    "crash_prob_1y",
    "crash_prob_5y",
    "crash_probs",
    "cvar_95_pct",
    "max_dd_pct",
    "max_drawdown_pct",
    "scenarios",
    "ml_crash_prob",
    "ml_predicted_return",
    "garch_vol",
    "realism_check"
  ],
  "current_price": 6816.89013671875,
  "final_mean": 9581.791182875366,
  "final_median": 8708.027866651184,
  "final_p05": 3798.1613321129744,
  "final_p10": 4632.604924343579,
  "final_p25": 6330.211439063339,
  "final_p75": 11870.620949490578,
  "final_p90": 15684.019779875944,
  "final_p95": 18482.0217474779,
  "total_return_pct": 40.5595658827425,
  "annual_return_pct": 7.046403697768477,
  "crash_prob_1y": 25.480000000000004,
  "crash_prob_5y": 82.16,
  "cvar_95_pct": -54.2997894670428,
  "max_dd_pct": -30.837830650936038,
  "max_drawdown_pct": 30.837830650936038
}