{
  "status": "ok",
  "result_keys": [
    "all_paths",
    "paths",
    "mean_path",
    "median_path",
    "p05",
    "p25",
    "p75",
    "p95",
    "final_mean",
    "final_median",
    "final_p05",
    "final_p10",
    "final_p25",
    "final_p75",
    "final_p90",
    "final_p95",
    "total_return_pct",
    "annual_return_pct",
    "crash_prob_1y",
    "crash_prob_5y",
    "crash_probs",
    "cvar_95_pct",
    "max_dd_pct",
    "max_drawdown_pct",
    "scenarios",
    "ml_crash_prob",
    "ml_predicted_return",
    "garch_vol",
    "realism_check"
  ],
  "current_price": 7037.3798828125,
  "final_mean": 9881.692066179681,
  "final_median": 8958.442209920762,
  "final_p05": 4033.6930382035785,
  "final_p10": 4790.987032236125,
  "final_p25": 6512.796961951028,
  "final_p75": 12267.769905435556,
  "final_p90": 16265.999053094694,
  "final_p95": 19115.162129985532,
  "total_return_pct": 40.41720399823645,
  "annual_return_pct": 7.024711107424864,
  "crash_prob_1y": 25.979999999999997,
  "crash_prob_5y": 81.83,
  "cvar_95_pct": -53.67354598501275,
  "max_dd_pct": -30.766431848770914,
  "max_drawdown_pct": 30.766431848770914
}