{
  "status": "ok",
  "result_keys": [
    "all_paths",
    "paths",
    "mean_path",
    "median_path",
    "p05",
    "p25",
    "p75",
    "p95",
    "final_mean",
    "final_median",
    "final_p05",
    "final_p10",
    "final_p25",
    "final_p75",
    "final_p90",
    "final_p95",
    "total_return_pct",
    "annual_return_pct",
    "crash_prob_1y",
    "crash_prob_5y",
    "crash_probs",
    "cvar_95_pct",
    "max_dd_pct",
    "max_drawdown_pct",
    "scenarios",
    "ml_crash_prob",
    "ml_predicted_return",
    "garch_vol",
    "realism_check"
  ],
  "current_price": 7041.27978515625,
  "final_mean": 9889.669093392547,
  "final_median": 8993.837501174345,
  "final_p05": 3981.217535094569,
  "final_p10": 4787.575425254031,
  "final_p25": 6542.453543506766,
  "final_p75": 12240.435961824756,
  "final_p90": 16241.099193211594,
  "final_p95": 19062.143621935407,
  "total_return_pct": 40.45272159531281,
  "annual_return_pct": 7.030124797364623,
  "crash_prob_1y": 25.569999999999997,
  "crash_prob_5y": 81.89999999999999,
  "cvar_95_pct": -54.092421669648296,
  "max_dd_pct": -30.793866872423347,
  "max_drawdown_pct": 30.793866872423347
}