{
  "status": "ok",
  "result_keys": [
    "all_paths",
    "paths",
    "mean_path",
    "median_path",
    "p05",
    "p25",
    "p75",
    "p95",
    "final_mean",
    "final_median",
    "final_p05",
    "final_p10",
    "final_p25",
    "final_p75",
    "final_p90",
    "final_p95",
    "total_return_pct",
    "annual_return_pct",
    "crash_prob_1y",
    "crash_prob_5y",
    "crash_probs",
    "cvar_95_pct",
    "max_dd_pct",
    "max_drawdown_pct",
    "scenarios",
    "ml_crash_prob",
    "ml_predicted_return",
    "garch_vol",
    "realism_check"
  ],
  "current_price": 7018.68994140625,
  "final_mean": 9854.58918240498,
  "final_median": 8995.000563635569,
  "final_p05": 3923.4853307561457,
  "final_p10": 4732.672360529956,
  "final_p25": 6497.349918754572,
  "final_p75": 12247.632901299736,
  "final_p90": 15984.431986142581,
  "final_p95": 18757.79704984506,
  "total_return_pct": 40.40496538062679,
  "annual_return_pct": 7.022845409854139,
  "crash_prob_1y": 25.19,
  "crash_prob_5y": 81.97,
  "cvar_95_pct": -54.43474740084523,
  "max_dd_pct": -30.81096046085114,
  "max_drawdown_pct": 30.81096046085114
}