{
  "status": "ok",
  "result_keys": [
    "all_paths",
    "paths",
    "mean_path",
    "median_path",
    "p05",
    "p25",
    "p75",
    "p95",
    "final_mean",
    "final_median",
    "final_p05",
    "final_p10",
    "final_p25",
    "final_p75",
    "final_p90",
    "final_p95",
    "total_return_pct",
    "annual_return_pct",
    "crash_prob_1y",
    "crash_prob_5y",
    "crash_probs",
    "cvar_95_pct",
    "max_dd_pct",
    "max_drawdown_pct",
    "scenarios",
    "ml_crash_prob",
    "ml_predicted_return",
    "garch_vol",
    "realism_check"
  ],
  "current_price": 6816.89013671875,
  "final_mean": 9566.139322475112,
  "final_median": 8664.279466450062,
  "final_p05": 3833.0379822091604,
  "final_p10": 4686.974517156923,
  "final_p25": 6329.51667242773,
  "final_p75": 11838.517778560645,
  "final_p90": 15635.930325215504,
  "final_p95": 18340.21619578751,
  "total_return_pct": 40.329961765816115,
  "annual_return_pct": 7.011408754440085,
  "crash_prob_1y": 25.480000000000004,
  "crash_prob_5y": 81.75,
  "cvar_95_pct": -54.37915609158372,
  "max_dd_pct": -30.663752391980598,
  "max_drawdown_pct": 30.663752391980598
}