{
  "status": "ok",
  "result_keys": [
    "all_paths",
    "paths",
    "mean_path",
    "median_path",
    "p05",
    "p25",
    "p75",
    "p95",
    "final_mean",
    "final_median",
    "final_p05",
    "final_p10",
    "final_p25",
    "final_p75",
    "final_p90",
    "final_p95",
    "total_return_pct",
    "annual_return_pct",
    "crash_prob_1y",
    "crash_prob_5y",
    "crash_probs",
    "cvar_95_pct",
    "max_dd_pct",
    "max_drawdown_pct",
    "scenarios",
    "ml_crash_prob",
    "ml_predicted_return",
    "garch_vol",
    "realism_check"
  ],
  "current_price": 6967.3798828125,
  "final_mean": 9808.699022362807,
  "final_median": 8844.84193824721,
  "final_p05": 3920.5625890631445,
  "final_p10": 4736.238028450707,
  "final_p25": 6439.457296683989,
  "final_p75": 12222.595605074946,
  "final_p90": 16088.718649015085,
  "final_p95": 18924.135595100506,
  "total_return_pct": 40.78031035108942,
  "annual_return_pct": 7.080005212234375,
  "crash_prob_1y": 25.15,
  "crash_prob_5y": 81.88,
  "cvar_95_pct": -54.796127592391564,
  "max_dd_pct": -30.821421183774415,
  "max_drawdown_pct": 30.821421183774415
}