{
  "status": "ok",
  "result_keys": [
    "all_paths",
    "paths",
    "mean_path",
    "median_path",
    "p05",
    "p25",
    "p75",
    "p95",
    "final_mean",
    "final_median",
    "final_p05",
    "final_p10",
    "final_p25",
    "final_p75",
    "final_p90",
    "final_p95",
    "total_return_pct",
    "annual_return_pct",
    "crash_prob_1y",
    "crash_prob_5y",
    "crash_probs",
    "cvar_95_pct",
    "max_dd_pct",
    "max_drawdown_pct",
    "scenarios",
    "ml_crash_prob",
    "ml_predicted_return",
    "garch_vol",
    "realism_check"
  ],
  "current_price": 6816.89013671875,
  "final_mean": 9561.272180762066,
  "final_median": 8697.931511409992,
  "final_p05": 3856.8509941501693,
  "final_p10": 4680.363004374664,
  "final_p25": 6379.973852915755,
  "final_p75": 11824.631616520946,
  "final_p90": 15472.50117735385,
  "final_p95": 18273.263804163034,
  "total_return_pct": 40.258563494530655,
  "annual_return_pct": 7.000517302726306,
  "crash_prob_1y": 25.39,
  "crash_prob_5y": 82.50999999999999,
  "cvar_95_pct": -54.24208125671496,
  "max_dd_pct": -30.867796718727313,
  "max_drawdown_pct": 30.867796718727313
}