{
  "status": "ok",
  "result_keys": [
    "all_paths",
    "paths",
    "mean_path",
    "median_path",
    "p05",
    "p25",
    "p75",
    "p95",
    "final_mean",
    "final_median",
    "final_p05",
    "final_p10",
    "final_p25",
    "final_p75",
    "final_p90",
    "final_p95",
    "total_return_pct",
    "annual_return_pct",
    "crash_prob_1y",
    "crash_prob_5y",
    "crash_probs",
    "cvar_95_pct",
    "max_dd_pct",
    "max_drawdown_pct",
    "scenarios",
    "ml_crash_prob",
    "ml_predicted_return",
    "garch_vol",
    "realism_check"
  ],
  "current_price": 6816.89013671875,
  "final_mean": 9574.472334549093,
  "final_median": 8738.765494199342,
  "final_p05": 3856.2314161046334,
  "final_p10": 4648.4100917161895,
  "final_p25": 6309.532743325303,
  "final_p75": 11819.460679876105,
  "final_p90": 15624.10575941679,
  "final_p95": 18508.730214159106,
  "total_return_pct": 40.45220243431531,
  "annual_return_pct": 7.030045673303675,
  "crash_prob_1y": 24.41,
  "crash_prob_5y": 81.34,
  "cvar_95_pct": -53.71058609473774,
  "max_dd_pct": -30.71343238563581,
  "max_drawdown_pct": 30.71343238563581
}