{
  "status": "ok",
  "result_keys": [
    "all_paths",
    "paths",
    "mean_path",
    "median_path",
    "p05",
    "p25",
    "p75",
    "p95",
    "final_mean",
    "final_median",
    "final_p05",
    "final_p10",
    "final_p25",
    "final_p75",
    "final_p90",
    "final_p95",
    "total_return_pct",
    "annual_return_pct",
    "crash_prob_1y",
    "crash_prob_5y",
    "crash_probs",
    "cvar_95_pct",
    "max_dd_pct",
    "max_drawdown_pct",
    "scenarios",
    "ml_crash_prob",
    "ml_predicted_return",
    "garch_vol",
    "realism_check"
  ],
  "current_price": 6816.89013671875,
  "final_mean": 9574.774133476269,
  "final_median": 8695.244229141852,
  "final_p05": 3858.6504090518547,
  "final_p10": 4690.187129322515,
  "final_p25": 6317.870483390319,
  "final_p75": 11817.390013354257,
  "final_p90": 15742.314766012407,
  "final_p95": 18509.55640794962,
  "total_return_pct": 40.45662965730297,
  "annual_return_pct": 7.030720408047597,
  "crash_prob_1y": 25.240000000000002,
  "crash_prob_5y": 81.91000000000001,
  "cvar_95_pct": -54.18522704412935,
  "max_dd_pct": -30.771554601667855,
  "max_drawdown_pct": 30.771554601667855
}