{
  "status": "ok",
  "result_keys": [
    "all_paths",
    "paths",
    "mean_path",
    "median_path",
    "p05",
    "p25",
    "p75",
    "p95",
    "final_mean",
    "final_median",
    "final_p05",
    "final_p10",
    "final_p25",
    "final_p75",
    "final_p90",
    "final_p95",
    "total_return_pct",
    "annual_return_pct",
    "crash_prob_1y",
    "crash_prob_5y",
    "crash_probs",
    "cvar_95_pct",
    "max_dd_pct",
    "max_drawdown_pct",
    "scenarios",
    "ml_crash_prob",
    "ml_predicted_return",
    "garch_vol",
    "realism_check"
  ],
  "current_price": 6816.89013671875,
  "final_mean": 9587.62965152382,
  "final_median": 8720.979926122121,
  "final_p05": 3812.638225739958,
  "final_p10": 4664.948495296157,
  "final_p25": 6323.824457795445,
  "final_p75": 11906.86976434748,
  "final_p90": 15643.973946374976,
  "final_p95": 18412.692117364477,
  "total_return_pct": 40.6452129818061,
  "annual_return_pct": 7.059445827082733,
  "crash_prob_1y": 24.759999999999998,
  "crash_prob_5y": 81.78999999999999,
  "cvar_95_pct": -54.42314752515066,
  "max_dd_pct": -30.722689306550016,
  "max_drawdown_pct": 30.722689306550016
}