{
  "status": "ok",
  "result_keys": [
    "all_paths",
    "paths",
    "mean_path",
    "median_path",
    "p05",
    "p25",
    "p75",
    "p95",
    "final_mean",
    "final_median",
    "final_p05",
    "final_p10",
    "final_p25",
    "final_p75",
    "final_p90",
    "final_p95",
    "total_return_pct",
    "annual_return_pct",
    "crash_prob_1y",
    "crash_prob_5y",
    "crash_probs",
    "cvar_95_pct",
    "max_dd_pct",
    "max_drawdown_pct",
    "scenarios",
    "ml_crash_prob",
    "ml_predicted_return",
    "garch_vol",
    "realism_check"
  ],
  "current_price": 6816.89013671875,
  "final_mean": 9590.116121100655,
  "final_median": 8678.18620619467,
  "final_p05": 3852.2572674063663,
  "final_p10": 4663.1068312677735,
  "final_p25": 6282.700613809058,
  "final_p75": 11932.714832487789,
  "final_p90": 15709.919232616916,
  "final_p95": 18562.277549002003,
  "total_return_pct": 40.681688112356355,
  "annual_return_pct": 7.0649982410630585,
  "crash_prob_1y": 24.79,
  "crash_prob_5y": 81.96,
  "cvar_95_pct": -53.63581025562998,
  "max_dd_pct": -30.74237546578124,
  "max_drawdown_pct": 30.74237546578124
}