{
  "status": "ok",
  "result_keys": [
    "all_paths",
    "paths",
    "mean_path",
    "median_path",
    "p05",
    "p25",
    "p75",
    "p95",
    "final_mean",
    "final_median",
    "final_p05",
    "final_p10",
    "final_p25",
    "final_p75",
    "final_p90",
    "final_p95",
    "total_return_pct",
    "annual_return_pct",
    "crash_prob_1y",
    "crash_prob_5y",
    "crash_probs",
    "cvar_95_pct",
    "max_dd_pct",
    "max_drawdown_pct",
    "scenarios",
    "ml_crash_prob",
    "ml_predicted_return",
    "garch_vol",
    "realism_check"
  ],
  "current_price": 6816.89013671875,
  "final_mean": 9565.040528263467,
  "final_median": 8702.219887407646,
  "final_p05": 3806.662404894401,
  "final_p10": 4689.846939266736,
  "final_p25": 6343.849107213701,
  "final_p75": 11826.137130601372,
  "final_p90": 15630.460798163367,
  "final_p95": 18207.772289869576,
  "total_return_pct": 40.313843063745125,
  "annual_return_pct": 7.008950313990492,
  "crash_prob_1y": 25.35,
  "crash_prob_5y": 81.95,
  "cvar_95_pct": -54.071567859475586,
  "max_dd_pct": -30.73771874714267,
  "max_drawdown_pct": 30.73771874714267
}