{
  "status": "ok",
  "result_keys": [
    "all_paths",
    "paths",
    "mean_path",
    "median_path",
    "p05",
    "p25",
    "p75",
    "p95",
    "final_mean",
    "final_median",
    "final_p05",
    "final_p10",
    "final_p25",
    "final_p75",
    "final_p90",
    "final_p95",
    "total_return_pct",
    "annual_return_pct",
    "crash_prob_1y",
    "crash_prob_5y",
    "crash_probs",
    "cvar_95_pct",
    "max_dd_pct",
    "max_drawdown_pct",
    "scenarios",
    "ml_crash_prob",
    "ml_predicted_return",
    "garch_vol",
    "realism_check"
  ],
  "current_price": 6816.89013671875,
  "final_mean": 9589.645426896632,
  "final_median": 8684.942674046735,
  "final_p05": 3859.671479954482,
  "final_p10": 4656.644420480331,
  "final_p25": 6293.749832907828,
  "final_p75": 11916.616498437346,
  "final_p90": 15760.264590820228,
  "final_p95": 18485.425491095517,
  "total_return_pct": 40.67478328926866,
  "annual_return_pct": 7.063947245164903,
  "crash_prob_1y": 25.1,
  "crash_prob_5y": 82.35,
  "cvar_95_pct": -53.784940468621656,
  "max_dd_pct": -30.865611444446543,
  "max_drawdown_pct": 30.865611444446543
}