{
  "status": "ok",
  "result_keys": [
    "all_paths",
    "paths",
    "mean_path",
    "median_path",
    "p05",
    "p25",
    "p75",
    "p95",
    "final_mean",
    "final_median",
    "final_p05",
    "final_p10",
    "final_p25",
    "final_p75",
    "final_p90",
    "final_p95",
    "total_return_pct",
    "annual_return_pct",
    "crash_prob_1y",
    "crash_prob_5y",
    "crash_probs",
    "cvar_95_pct",
    "max_dd_pct",
    "max_drawdown_pct",
    "scenarios",
    "ml_crash_prob",
    "ml_predicted_return",
    "garch_vol",
    "realism_check"
  ],
  "current_price": 6967.39990234375,
  "final_mean": 9802.818152751901,
  "final_median": 8910.525245556399,
  "final_p05": 3888.7983133454477,
  "final_p10": 4737.261340842033,
  "final_p25": 6435.790030809851,
  "final_p75": 12279.898061726237,
  "final_p90": 16014.217289732756,
  "final_p95": 18605.13219623569,
  "total_return_pct": 40.69550033225953,
  "annual_return_pct": 7.0671005007769905,
  "crash_prob_1y": 25.45,
  "crash_prob_5y": 81.95,
  "cvar_95_pct": -54.47657710982278,
  "max_dd_pct": -30.857160650459704,
  "max_drawdown_pct": 30.857160650459704
}