{
  "status": "ok",
  "result_keys": [
    "all_paths",
    "paths",
    "mean_path",
    "median_path",
    "p05",
    "p25",
    "p75",
    "p95",
    "final_mean",
    "final_median",
    "final_p05",
    "final_p10",
    "final_p25",
    "final_p75",
    "final_p90",
    "final_p95",
    "total_return_pct",
    "annual_return_pct",
    "crash_prob_1y",
    "crash_prob_5y",
    "crash_probs",
    "cvar_95_pct",
    "max_dd_pct",
    "max_drawdown_pct",
    "scenarios",
    "ml_crash_prob",
    "ml_predicted_return",
    "garch_vol",
    "realism_check"
  ],
  "current_price": 7041.27978515625,
  "final_mean": 9894.055032263723,
  "final_median": 9005.613679071514,
  "final_p05": 3947.092442890272,
  "final_p10": 4828.075389718133,
  "final_p25": 6526.8608857144,
  "final_p75": 12248.167565459964,
  "final_p90": 16153.579698646507,
  "final_p95": 19061.036911192714,
  "total_return_pct": 40.5150105400075,
  "annual_return_pct": 7.0396164057987765,
  "crash_prob_1y": 25.15,
  "crash_prob_5y": 82.52000000000001,
  "cvar_95_pct": -54.15049585451689,
  "max_dd_pct": -30.701941508943953,
  "max_drawdown_pct": 30.701941508943953
}