{
  "status": "ok",
  "result_keys": [
    "all_paths",
    "paths",
    "mean_path",
    "median_path",
    "p05",
    "p25",
    "p75",
    "p95",
    "final_mean",
    "final_median",
    "final_p05",
    "final_p10",
    "final_p25",
    "final_p75",
    "final_p90",
    "final_p95",
    "total_return_pct",
    "annual_return_pct",
    "crash_prob_1y",
    "crash_prob_5y",
    "crash_probs",
    "cvar_95_pct",
    "max_dd_pct",
    "max_drawdown_pct",
    "scenarios",
    "ml_crash_prob",
    "ml_predicted_return",
    "garch_vol",
    "realism_check"
  ],
  "current_price": 7041.27978515625,
  "final_mean": 9881.890960926958,
  "final_median": 8980.010875714805,
  "final_p05": 3948.566818256405,
  "final_p10": 4789.012920100885,
  "final_p25": 6558.386091325285,
  "final_p75": 12234.571058441088,
  "final_p90": 16123.175742362708,
  "final_p95": 19008.589533276037,
  "total_return_pct": 40.34225684028365,
  "annual_return_pct": 7.013283859534747,
  "crash_prob_1y": 25.72,
  "crash_prob_5y": 82.07,
  "cvar_95_pct": -54.439546204637864,
  "max_dd_pct": -30.816126906067332,
  "max_drawdown_pct": 30.816126906067332
}