{
  "status": "ok",
  "result_keys": [
    "all_paths",
    "paths",
    "mean_path",
    "median_path",
    "p05",
    "p25",
    "p75",
    "p95",
    "final_mean",
    "final_median",
    "final_p05",
    "final_p10",
    "final_p25",
    "final_p75",
    "final_p90",
    "final_p95",
    "total_return_pct",
    "annual_return_pct",
    "crash_prob_1y",
    "crash_prob_5y",
    "crash_probs",
    "cvar_95_pct",
    "max_dd_pct",
    "max_drawdown_pct",
    "scenarios",
    "ml_crash_prob",
    "ml_predicted_return",
    "garch_vol",
    "realism_check"
  ],
  "current_price": 7041.27978515625,
  "final_mean": 9885.132397328536,
  "final_median": 8982.781231789908,
  "final_p05": 3982.241228472852,
  "final_p10": 4844.983431004752,
  "final_p25": 6541.256034384603,
  "final_p75": 12252.479957540985,
  "final_p90": 16080.156113582108,
  "final_p95": 18925.05506952041,
  "total_return_pct": 40.38829160243602,
  "annual_return_pct": 7.020303391553018,
  "crash_prob_1y": 24.7,
  "crash_prob_5y": 82.12,
  "cvar_95_pct": -53.414826982024955,
  "max_dd_pct": -30.666562387002745,
  "max_drawdown_pct": 30.666562387002745
}