{
  "status": "ok",
  "result_keys": [
    "all_paths",
    "paths",
    "mean_path",
    "median_path",
    "p05",
    "p25",
    "p75",
    "p95",
    "final_mean",
    "final_median",
    "final_p05",
    "final_p10",
    "final_p25",
    "final_p75",
    "final_p90",
    "final_p95",
    "total_return_pct",
    "annual_return_pct",
    "crash_prob_1y",
    "crash_prob_5y",
    "crash_probs",
    "cvar_95_pct",
    "max_dd_pct",
    "max_drawdown_pct",
    "scenarios",
    "ml_crash_prob",
    "ml_predicted_return",
    "garch_vol",
    "realism_check"
  ],
  "current_price": 7038.85986328125,
  "final_mean": 9882.127069839584,
  "final_median": 8960.943856709922,
  "final_p05": 4005.8304737914614,
  "final_p10": 4853.383085459066,
  "final_p25": 6526.975287904583,
  "final_p75": 12357.635736027667,
  "final_p90": 16185.327051781474,
  "final_p95": 18805.337191765902,
  "total_return_pct": 40.39386011064738,
  "annual_return_pct": 7.021152371160078,
  "crash_prob_1y": 24.62,
  "crash_prob_5y": 81.69999999999999,
  "cvar_95_pct": -53.930728922022375,
  "max_dd_pct": -30.74800090855537,
  "max_drawdown_pct": 30.74800090855537
}