{
  "status": "ok",
  "result_keys": [
    "all_paths",
    "paths",
    "mean_path",
    "median_path",
    "p05",
    "p25",
    "p75",
    "p95",
    "final_mean",
    "final_median",
    "final_p05",
    "final_p10",
    "final_p25",
    "final_p75",
    "final_p90",
    "final_p95",
    "total_return_pct",
    "annual_return_pct",
    "crash_prob_1y",
    "crash_prob_5y",
    "crash_probs",
    "cvar_95_pct",
    "max_dd_pct",
    "max_drawdown_pct",
    "scenarios",
    "ml_crash_prob",
    "ml_predicted_return",
    "garch_vol",
    "realism_check"
  ],
  "current_price": 6816.89013671875,
  "final_mean": 9565.475750975796,
  "final_median": 8710.23065441188,
  "final_p05": 3874.041020352394,
  "final_p10": 4651.754375154761,
  "final_p25": 6317.051245941873,
  "final_p75": 11883.717195237026,
  "final_p90": 15542.668083585888,
  "final_p95": 18415.763246303435,
  "total_return_pct": 40.32022753970998,
  "annual_return_pct": 7.009924107626508,
  "crash_prob_1y": 25.7,
  "crash_prob_5y": 82.24000000000001,
  "cvar_95_pct": -53.9371387749289,
  "max_dd_pct": -30.764436970253655,
  "max_drawdown_pct": 30.764436970253655
}