{
  "status": "ok",
  "result_keys": [
    "all_paths",
    "paths",
    "mean_path",
    "median_path",
    "p05",
    "p25",
    "p75",
    "p95",
    "final_mean",
    "final_median",
    "final_p05",
    "final_p10",
    "final_p25",
    "final_p75",
    "final_p90",
    "final_p95",
    "total_return_pct",
    "annual_return_pct",
    "crash_prob_1y",
    "crash_prob_5y",
    "crash_probs",
    "cvar_95_pct",
    "max_dd_pct",
    "max_drawdown_pct",
    "scenarios",
    "ml_crash_prob",
    "ml_predicted_return",
    "garch_vol",
    "realism_check"
  ],
  "current_price": 6962.31982421875,
  "final_mean": 9777.712125073343,
  "final_median": 8807.249782417593,
  "final_p05": 3943.960620825432,
  "final_p10": 4776.566032043382,
  "final_p25": 6462.768326036878,
  "final_p75": 12221.822983443502,
  "final_p90": 15918.148357910308,
  "final_p95": 18748.135687504124,
  "total_return_pct": 40.43756063979023,
  "annual_return_pct": 7.027814056766957,
  "crash_prob_1y": 24.65,
  "crash_prob_5y": 81.73,
  "cvar_95_pct": -53.64521770421216,
  "max_dd_pct": -30.78263098548203,
  "max_drawdown_pct": 30.78263098548203
}