{
  "status": "ok",
  "result_keys": [
    "all_paths",
    "paths",
    "mean_path",
    "median_path",
    "p05",
    "p25",
    "p75",
    "p95",
    "final_mean",
    "final_median",
    "final_p05",
    "final_p10",
    "final_p25",
    "final_p75",
    "final_p90",
    "final_p95",
    "total_return_pct",
    "annual_return_pct",
    "crash_prob_1y",
    "crash_prob_5y",
    "crash_probs",
    "cvar_95_pct",
    "max_dd_pct",
    "max_drawdown_pct",
    "scenarios",
    "ml_crash_prob",
    "ml_predicted_return",
    "garch_vol",
    "realism_check"
  ],
  "current_price": 6816.89013671875,
  "final_mean": 9566.077079510791,
  "final_median": 8727.819091196889,
  "final_p05": 3875.965462808997,
  "final_p10": 4638.022426122768,
  "final_p25": 6339.989497760751,
  "final_p75": 11887.658922065231,
  "final_p90": 15617.911538168597,
  "final_p95": 18199.580032181664,
  "total_return_pct": 40.32904869602809,
  "annual_return_pct": 7.011269498165262,
  "crash_prob_1y": 25.330000000000002,
  "crash_prob_5y": 81.54,
  "cvar_95_pct": -54.32641201844148,
  "max_dd_pct": -30.744284753786093,
  "max_drawdown_pct": 30.744284753786093
}