{
  "status": "ok",
  "result_keys": [
    "all_paths",
    "paths",
    "mean_path",
    "median_path",
    "p05",
    "p25",
    "p75",
    "p95",
    "final_mean",
    "final_median",
    "final_p05",
    "final_p10",
    "final_p25",
    "final_p75",
    "final_p90",
    "final_p95",
    "total_return_pct",
    "annual_return_pct",
    "crash_prob_1y",
    "crash_prob_5y",
    "crash_probs",
    "cvar_95_pct",
    "max_dd_pct",
    "max_drawdown_pct",
    "scenarios",
    "ml_crash_prob",
    "ml_predicted_return",
    "garch_vol",
    "realism_check"
  ],
  "current_price": 6960.27001953125,
  "final_mean": 9802.148665572124,
  "final_median": 8899.657504106113,
  "final_p05": 3878.7368699601234,
  "final_p10": 4681.2598956288375,
  "final_p25": 6450.262774363785,
  "final_p75": 12231.768358628548,
  "final_p90": 16051.01241755047,
  "final_p95": 18879.73392471461,
  "total_return_pct": 40.830005704753745,
  "annual_return_pct": 7.087563978794842,
  "crash_prob_1y": 25.09,
  "crash_prob_5y": 81.67,
  "cvar_95_pct": -53.98065439339431,
  "max_dd_pct": -30.694105799958304,
  "max_drawdown_pct": 30.694105799958304
}