{
  "status": "ok",
  "result_keys": [
    "all_paths",
    "paths",
    "mean_path",
    "median_path",
    "p05",
    "p25",
    "p75",
    "p95",
    "final_mean",
    "final_median",
    "final_p05",
    "final_p10",
    "final_p25",
    "final_p75",
    "final_p90",
    "final_p95",
    "total_return_pct",
    "annual_return_pct",
    "crash_prob_1y",
    "crash_prob_5y",
    "crash_probs",
    "cvar_95_pct",
    "max_dd_pct",
    "max_drawdown_pct",
    "scenarios",
    "ml_crash_prob",
    "ml_predicted_return",
    "garch_vol",
    "realism_check"
  ],
  "current_price": 7041.27978515625,
  "final_mean": 9900.02757272132,
  "final_median": 9032.2871030791,
  "final_p05": 3944.572633636328,
  "final_p10": 4769.524900016373,
  "final_p25": 6509.224934415559,
  "final_p75": 12222.169327389602,
  "final_p90": 16282.311757319656,
  "final_p95": 19105.846738426782,
  "total_return_pct": 40.59983234285913,
  "annual_return_pct": 7.05253616677648,
  "crash_prob_1y": 25.740000000000002,
  "crash_prob_5y": 81.81,
  "cvar_95_pct": -54.10288097372715,
  "max_dd_pct": -30.659125510592695,
  "max_drawdown_pct": 30.659125510592695
}