{
  "status": "ok",
  "result_keys": [
    "all_paths",
    "paths",
    "mean_path",
    "median_path",
    "p05",
    "p25",
    "p75",
    "p95",
    "final_mean",
    "final_median",
    "final_p05",
    "final_p10",
    "final_p25",
    "final_p75",
    "final_p90",
    "final_p95",
    "total_return_pct",
    "annual_return_pct",
    "crash_prob_1y",
    "crash_prob_5y",
    "crash_probs",
    "cvar_95_pct",
    "max_dd_pct",
    "max_drawdown_pct",
    "scenarios",
    "ml_crash_prob",
    "ml_predicted_return",
    "garch_vol",
    "realism_check"
  ],
  "current_price": 6816.89013671875,
  "final_mean": 9582.4258759896,
  "final_median": 8757.439919522621,
  "final_p05": 3820.9217464997755,
  "final_p10": 4632.009205973661,
  "final_p25": 6310.981277522751,
  "final_p75": 11868.621463803418,
  "final_p90": 15597.09053243857,
  "final_p95": 18332.439139954007,
  "total_return_pct": 40.56887647894551,
  "annual_return_pct": 7.0478218003744875,
  "crash_prob_1y": 24.91,
  "crash_prob_5y": 81.51,
  "cvar_95_pct": -54.48178025734121,
  "max_dd_pct": -30.735491313453302,
  "max_drawdown_pct": 30.735491313453302
}