{
  "status": "ok",
  "result_keys": [
    "all_paths",
    "paths",
    "mean_path",
    "median_path",
    "p05",
    "p25",
    "p75",
    "p95",
    "final_mean",
    "final_median",
    "final_p05",
    "final_p10",
    "final_p25",
    "final_p75",
    "final_p90",
    "final_p95",
    "total_return_pct",
    "annual_return_pct",
    "crash_prob_1y",
    "crash_prob_5y",
    "crash_probs",
    "cvar_95_pct",
    "max_dd_pct",
    "max_drawdown_pct",
    "scenarios",
    "ml_crash_prob",
    "ml_predicted_return",
    "garch_vol",
    "realism_check"
  ],
  "current_price": 6816.89013671875,
  "final_mean": 9582.817213604003,
  "final_median": 8729.024550693746,
  "final_p05": 3810.059419048997,
  "final_p10": 4716.236944708691,
  "final_p25": 6366.1701285506115,
  "final_p75": 11813.57645971691,
  "final_p90": 15624.393027064005,
  "final_p95": 18550.97498968301,
  "total_return_pct": 40.574617184847384,
  "annual_return_pct": 7.048696133355303,
  "crash_prob_1y": 25.27,
  "crash_prob_5y": 82.1,
  "cvar_95_pct": -55.05855765510083,
  "max_dd_pct": -30.64274706690003,
  "max_drawdown_pct": 30.64274706690003
}