{
  "status": "ok",
  "result_keys": [
    "all_paths",
    "paths",
    "mean_path",
    "median_path",
    "p05",
    "p25",
    "p75",
    "p95",
    "final_mean",
    "final_median",
    "final_p05",
    "final_p10",
    "final_p25",
    "final_p75",
    "final_p90",
    "final_p95",
    "total_return_pct",
    "annual_return_pct",
    "crash_prob_1y",
    "crash_prob_5y",
    "crash_probs",
    "cvar_95_pct",
    "max_dd_pct",
    "max_drawdown_pct",
    "scenarios",
    "ml_crash_prob",
    "ml_predicted_return",
    "garch_vol",
    "realism_check"
  ],
  "current_price": 6967.3798828125,
  "final_mean": 9779.78179290177,
  "final_median": 8920.739531452722,
  "final_p05": 3901.1384035835604,
  "final_p10": 4774.042033696785,
  "final_p25": 6506.856913981629,
  "final_p75": 12067.265136651107,
  "final_p90": 15851.2120401227,
  "final_p95": 18767.364546486344,
  "total_return_pct": 40.365272992033205,
  "annual_return_pct": 7.016793668307519,
  "crash_prob_1y": 24.52,
  "crash_prob_5y": 82.39999999999999,
  "cvar_95_pct": -53.9034455893655,
  "max_dd_pct": -30.779336673230297,
  "max_drawdown_pct": 30.779336673230297
}