{
  "status": "ok",
  "result_keys": [
    "all_paths",
    "paths",
    "mean_path",
    "median_path",
    "p05",
    "p25",
    "p75",
    "p95",
    "final_mean",
    "final_median",
    "final_p05",
    "final_p10",
    "final_p25",
    "final_p75",
    "final_p90",
    "final_p95",
    "total_return_pct",
    "annual_return_pct",
    "crash_prob_1y",
    "crash_prob_5y",
    "crash_probs",
    "cvar_95_pct",
    "max_dd_pct",
    "max_drawdown_pct",
    "scenarios",
    "ml_crash_prob",
    "ml_predicted_return",
    "garch_vol",
    "realism_check"
  ],
  "current_price": 7041.27978515625,
  "final_mean": 9886.708499128958,
  "final_median": 8949.290036854476,
  "final_p05": 3975.2811506236785,
  "final_p10": 4812.144614809957,
  "final_p25": 6525.2191933941795,
  "final_p75": 12334.7772662855,
  "final_p90": 16070.860968946226,
  "final_p95": 19040.313851349765,
  "total_return_pct": 40.41067534301317,
  "annual_return_pct": 7.023715872632397,
  "crash_prob_1y": 25.840000000000003,
  "crash_prob_5y": 82.21000000000001,
  "cvar_95_pct": -53.581759348726486,
  "max_dd_pct": -30.754297251415956,
  "max_drawdown_pct": 30.754297251415956
}