{
  "status": "ok",
  "result_keys": [
    "all_paths",
    "paths",
    "mean_path",
    "median_path",
    "p05",
    "p25",
    "p75",
    "p95",
    "final_mean",
    "final_median",
    "final_p05",
    "final_p10",
    "final_p25",
    "final_p75",
    "final_p90",
    "final_p95",
    "total_return_pct",
    "annual_return_pct",
    "crash_prob_1y",
    "crash_prob_5y",
    "crash_probs",
    "cvar_95_pct",
    "max_dd_pct",
    "max_drawdown_pct",
    "scenarios",
    "ml_crash_prob",
    "ml_predicted_return",
    "garch_vol",
    "realism_check"
  ],
  "current_price": 7041.27978515625,
  "final_mean": 9880.04984989647,
  "final_median": 8929.984315056825,
  "final_p05": 4048.758153073012,
  "final_p10": 4824.2189305240845,
  "final_p25": 6561.481651656872,
  "final_p75": 12202.746676009556,
  "final_p90": 16125.313997726458,
  "final_p95": 19221.178547758533,
  "total_return_pct": 40.316109448237555,
  "annual_return_pct": 7.009295998854292,
  "crash_prob_1y": 24.66,
  "crash_prob_5y": 81.93,
  "cvar_95_pct": -53.82833557737145,
  "max_dd_pct": -30.748804676196308,
  "max_drawdown_pct": 30.748804676196308
}