{
  "status": "ok",
  "result_keys": [
    "all_paths",
    "paths",
    "mean_path",
    "median_path",
    "p05",
    "p25",
    "p75",
    "p95",
    "final_mean",
    "final_median",
    "final_p05",
    "final_p10",
    "final_p25",
    "final_p75",
    "final_p90",
    "final_p95",
    "total_return_pct",
    "annual_return_pct",
    "crash_prob_1y",
    "crash_prob_5y",
    "crash_probs",
    "cvar_95_pct",
    "max_dd_pct",
    "max_drawdown_pct",
    "scenarios",
    "ml_crash_prob",
    "ml_predicted_return",
    "garch_vol",
    "realism_check"
  ],
  "current_price": 6816.89013671875,
  "final_mean": 9559.620770048463,
  "final_median": 8756.738031289473,
  "final_p05": 3852.8179165048487,
  "final_p10": 4653.141659098604,
  "final_p25": 6355.641089729402,
  "final_p75": 11836.29861514303,
  "final_p90": 15468.991609394363,
  "final_p95": 18182.30363952838,
  "total_return_pct": 40.23433821466722,
  "annual_return_pct": 6.996820848814278,
  "crash_prob_1y": 24.779999999999998,
  "crash_prob_5y": 81.67,
  "cvar_95_pct": -53.95576464259718,
  "max_dd_pct": -30.68717500206754,
  "max_drawdown_pct": 30.68717500206754
}