{
  "status": "ok",
  "result_keys": [
    "all_paths",
    "paths",
    "mean_path",
    "median_path",
    "p05",
    "p25",
    "p75",
    "p95",
    "final_mean",
    "final_median",
    "final_p05",
    "final_p10",
    "final_p25",
    "final_p75",
    "final_p90",
    "final_p95",
    "total_return_pct",
    "annual_return_pct",
    "crash_prob_1y",
    "crash_prob_5y",
    "crash_probs",
    "cvar_95_pct",
    "max_dd_pct",
    "max_drawdown_pct",
    "scenarios",
    "ml_crash_prob",
    "ml_predicted_return",
    "garch_vol",
    "realism_check"
  ],
  "current_price": 6816.89013671875,
  "final_mean": 9573.418159839834,
  "final_median": 8662.824741153294,
  "final_p05": 3852.2437396201863,
  "final_p10": 4601.371033414953,
  "final_p25": 6287.024944723379,
  "final_p75": 11794.764929386885,
  "final_p90": 15733.498282966395,
  "final_p95": 18618.082595350414,
  "total_return_pct": 40.43673827561367,
  "annual_return_pct": 7.027688711316715,
  "crash_prob_1y": 25.290000000000003,
  "crash_prob_5y": 81.69,
  "cvar_95_pct": -54.20025210867166,
  "max_dd_pct": -30.796719135160156,
  "max_drawdown_pct": 30.796719135160156
}