{
  "status": "ok",
  "result_keys": [
    "all_paths",
    "paths",
    "mean_path",
    "median_path",
    "p05",
    "p25",
    "p75",
    "p95",
    "final_mean",
    "final_median",
    "final_p05",
    "final_p10",
    "final_p25",
    "final_p75",
    "final_p90",
    "final_p95",
    "total_return_pct",
    "annual_return_pct",
    "crash_prob_1y",
    "crash_prob_5y",
    "crash_probs",
    "cvar_95_pct",
    "max_dd_pct",
    "max_drawdown_pct",
    "scenarios",
    "ml_crash_prob",
    "ml_predicted_return",
    "garch_vol",
    "realism_check"
  ],
  "current_price": 6816.89013671875,
  "final_mean": 9580.438064226637,
  "final_median": 8730.40166382667,
  "final_p05": 3819.3773692350105,
  "final_p10": 4671.628385922518,
  "final_p25": 6305.201432645179,
  "final_p75": 11827.597953631588,
  "final_p90": 15716.20703703112,
  "final_p95": 18587.734642557964,
  "total_return_pct": 40.53971638214045,
  "annual_return_pct": 7.043380157284074,
  "crash_prob_1y": 25.53,
  "crash_prob_5y": 82.06,
  "cvar_95_pct": -54.28146338618991,
  "max_dd_pct": -30.85642700863674,
  "max_drawdown_pct": 30.85642700863674
}