{
  "status": "ok",
  "result_keys": [
    "all_paths",
    "paths",
    "mean_path",
    "median_path",
    "p05",
    "p25",
    "p75",
    "p95",
    "final_mean",
    "final_median",
    "final_p05",
    "final_p10",
    "final_p25",
    "final_p75",
    "final_p90",
    "final_p95",
    "total_return_pct",
    "annual_return_pct",
    "crash_prob_1y",
    "crash_prob_5y",
    "crash_probs",
    "cvar_95_pct",
    "max_dd_pct",
    "max_drawdown_pct",
    "scenarios",
    "ml_crash_prob",
    "ml_predicted_return",
    "garch_vol",
    "realism_check"
  ],
  "current_price": 6816.89013671875,
  "final_mean": 9570.84948580932,
  "final_median": 8689.324893776227,
  "final_p05": 3869.5183542921327,
  "final_p10": 4704.872606318033,
  "final_p25": 6314.192655451543,
  "final_p75": 11853.81809720442,
  "final_p90": 15605.270860739216,
  "final_p95": 18356.89372274919,
  "total_return_pct": 40.399057251290316,
  "annual_return_pct": 7.021944707441019,
  "crash_prob_1y": 25.46,
  "crash_prob_5y": 82.09,
  "cvar_95_pct": -53.45033200104587,
  "max_dd_pct": -30.747007314650016,
  "max_drawdown_pct": 30.747007314650016
}