{
  "status": "ok",
  "result_keys": [
    "all_paths",
    "paths",
    "mean_path",
    "median_path",
    "p05",
    "p25",
    "p75",
    "p95",
    "final_mean",
    "final_median",
    "final_p05",
    "final_p10",
    "final_p25",
    "final_p75",
    "final_p90",
    "final_p95",
    "total_return_pct",
    "annual_return_pct",
    "crash_prob_1y",
    "crash_prob_5y",
    "crash_probs",
    "cvar_95_pct",
    "max_dd_pct",
    "max_drawdown_pct",
    "scenarios",
    "ml_crash_prob",
    "ml_predicted_return",
    "garch_vol",
    "realism_check"
  ],
  "current_price": 7038.91015625,
  "final_mean": 9897.992621296753,
  "final_median": 9063.37965954409,
  "final_p05": 3960.592721695855,
  "final_p10": 4784.646743734764,
  "final_p25": 6524.582902314062,
  "final_p75": 12264.159919316819,
  "final_p90": 16202.923443209073,
  "final_p95": 18845.576440588102,
  "total_return_pct": 40.6182548374781,
  "annual_return_pct": 7.055341392618941,
  "crash_prob_1y": 25.430000000000003,
  "crash_prob_5y": 81.73,
  "cvar_95_pct": -54.738373258564025,
  "max_dd_pct": -30.831408082217216,
  "max_drawdown_pct": 30.831408082217216
}