{
  "status": "ok",
  "result_keys": [
    "all_paths",
    "paths",
    "mean_path",
    "median_path",
    "p05",
    "p25",
    "p75",
    "p95",
    "final_mean",
    "final_median",
    "final_p05",
    "final_p10",
    "final_p25",
    "final_p75",
    "final_p90",
    "final_p95",
    "total_return_pct",
    "annual_return_pct",
    "crash_prob_1y",
    "crash_prob_5y",
    "crash_probs",
    "cvar_95_pct",
    "max_dd_pct",
    "max_drawdown_pct",
    "scenarios",
    "ml_crash_prob",
    "ml_predicted_return",
    "garch_vol",
    "realism_check"
  ],
  "current_price": 6816.89013671875,
  "final_mean": 9565.202341805001,
  "final_median": 8702.536421370922,
  "final_p05": 3887.263865434904,
  "final_p10": 4709.024920103169,
  "final_p25": 6355.7424272080425,
  "final_p75": 11824.95815362606,
  "final_p90": 15637.093383105206,
  "final_p95": 18398.58619767444,
  "total_return_pct": 40.31621677871322,
  "annual_return_pct": 7.009312369540699,
  "crash_prob_1y": 25.2,
  "crash_prob_5y": 81.61,
  "cvar_95_pct": -53.748280535706186,
  "max_dd_pct": -30.55286447855936,
  "max_drawdown_pct": 30.55286447855936
}