{
  "status": "ok",
  "result_keys": [
    "all_paths",
    "paths",
    "mean_path",
    "median_path",
    "p05",
    "p25",
    "p75",
    "p95",
    "final_mean",
    "final_median",
    "final_p05",
    "final_p10",
    "final_p25",
    "final_p75",
    "final_p90",
    "final_p95",
    "total_return_pct",
    "annual_return_pct",
    "crash_prob_1y",
    "crash_prob_5y",
    "crash_probs",
    "cvar_95_pct",
    "max_dd_pct",
    "max_drawdown_pct",
    "scenarios",
    "ml_crash_prob",
    "ml_predicted_return",
    "garch_vol",
    "realism_check"
  ],
  "current_price": 7031.1201171875,
  "final_mean": 9872.328099241782,
  "final_median": 8992.850993679607,
  "final_p05": 3943.1994767903625,
  "final_p10": 4821.044111982279,
  "final_p25": 6568.765739379416,
  "final_p75": 12198.944190746519,
  "final_p90": 15959.286531500344,
  "final_p95": 19033.36946119794,
  "total_return_pct": 40.40903774505258,
  "annual_return_pct": 7.0234662297387285,
  "crash_prob_1y": 25.21,
  "crash_prob_5y": 81.89,
  "cvar_95_pct": -54.480562749585346,
  "max_dd_pct": -30.718021996339896,
  "max_drawdown_pct": 30.718021996339896
}