{
  "status": "ok",
  "result_keys": [
    "all_paths",
    "paths",
    "mean_path",
    "median_path",
    "p05",
    "p25",
    "p75",
    "p95",
    "final_mean",
    "final_median",
    "final_p05",
    "final_p10",
    "final_p25",
    "final_p75",
    "final_p90",
    "final_p95",
    "total_return_pct",
    "annual_return_pct",
    "crash_prob_1y",
    "crash_prob_5y",
    "crash_probs",
    "cvar_95_pct",
    "max_dd_pct",
    "max_drawdown_pct",
    "scenarios",
    "ml_crash_prob",
    "ml_predicted_return",
    "garch_vol",
    "realism_check"
  ],
  "current_price": 7032.0400390625,
  "final_mean": 9852.797685997362,
  "final_median": 9007.199461118907,
  "final_p05": 3981.061807262813,
  "final_p10": 4829.601188162028,
  "final_p25": 6532.670749103947,
  "final_p75": 12185.648131984526,
  "final_p90": 15889.77488495045,
  "final_p95": 18901.318361951275,
  "total_return_pct": 40.11293495579871,
  "annual_return_pct": 6.978288635625063,
  "crash_prob_1y": 25.019999999999996,
  "crash_prob_5y": 82.03,
  "cvar_95_pct": -54.003179878180376,
  "max_dd_pct": -30.86446259632996,
  "max_drawdown_pct": 30.86446259632996
}