{
  "status": "ok",
  "result_keys": [
    "all_paths",
    "paths",
    "mean_path",
    "median_path",
    "p05",
    "p25",
    "p75",
    "p95",
    "final_mean",
    "final_median",
    "final_p05",
    "final_p10",
    "final_p25",
    "final_p75",
    "final_p90",
    "final_p95",
    "total_return_pct",
    "annual_return_pct",
    "crash_prob_1y",
    "crash_prob_5y",
    "crash_probs",
    "cvar_95_pct",
    "max_dd_pct",
    "max_drawdown_pct",
    "scenarios",
    "ml_crash_prob",
    "ml_predicted_return",
    "garch_vol",
    "realism_check"
  ],
  "current_price": 6961.77978515625,
  "final_mean": 9794.669526941701,
  "final_median": 8882.129594200811,
  "final_p05": 3943.449068531788,
  "final_p10": 4797.019014072645,
  "final_p25": 6432.576423869801,
  "final_p75": 12158.853293759796,
  "final_p90": 15954.173932113132,
  "final_p95": 18957.048237294508,
  "total_return_pct": 40.69203320429173,
  "annual_return_pct": 7.066572809419602,
  "crash_prob_1y": 25.490000000000002,
  "crash_prob_5y": 81.58999999999999,
  "cvar_95_pct": -53.752294335624974,
  "max_dd_pct": -30.68184927287937,
  "max_drawdown_pct": 30.68184927287937
}