{
  "status": "ok",
  "result_keys": [
    "all_paths",
    "paths",
    "mean_path",
    "median_path",
    "p05",
    "p25",
    "p75",
    "p95",
    "final_mean",
    "final_median",
    "final_p05",
    "final_p10",
    "final_p25",
    "final_p75",
    "final_p90",
    "final_p95",
    "total_return_pct",
    "annual_return_pct",
    "crash_prob_1y",
    "crash_prob_5y",
    "crash_probs",
    "cvar_95_pct",
    "max_dd_pct",
    "max_drawdown_pct",
    "scenarios",
    "ml_crash_prob",
    "ml_predicted_return",
    "garch_vol",
    "realism_check"
  ],
  "current_price": 6816.89013671875,
  "final_mean": 9583.405022973833,
  "final_median": 8733.29448305587,
  "final_p05": 3799.6075350274396,
  "final_p10": 4675.442368421929,
  "final_p25": 6277.014314890251,
  "final_p75": 11985.416217976906,
  "final_p90": 15751.924232630097,
  "final_p95": 18272.217634955246,
  "total_return_pct": 40.58324002250564,
  "annual_return_pct": 7.050009373112709,
  "crash_prob_1y": 25.1,
  "crash_prob_5y": 81.25,
  "cvar_95_pct": -54.74743639421461,
  "max_dd_pct": -30.73978753239785,
  "max_drawdown_pct": 30.73978753239785
}