{
  "status": "ok",
  "result_keys": [
    "all_paths",
    "paths",
    "mean_path",
    "median_path",
    "p05",
    "p25",
    "p75",
    "p95",
    "final_mean",
    "final_median",
    "final_p05",
    "final_p10",
    "final_p25",
    "final_p75",
    "final_p90",
    "final_p95",
    "total_return_pct",
    "annual_return_pct",
    "crash_prob_1y",
    "crash_prob_5y",
    "crash_probs",
    "cvar_95_pct",
    "max_dd_pct",
    "max_drawdown_pct",
    "scenarios",
    "ml_crash_prob",
    "ml_predicted_return",
    "garch_vol",
    "realism_check"
  ],
  "current_price": 6816.89013671875,
  "final_mean": 9570.30189362602,
  "final_median": 8719.886819859836,
  "final_p05": 3832.09181516572,
  "final_p10": 4658.352201887185,
  "final_p25": 6362.46714988286,
  "final_p75": 11879.659973398117,
  "final_p90": 15495.862571303067,
  "final_p95": 18188.042505822574,
  "total_return_pct": 40.39102437746782,
  "annual_return_pct": 7.020720036178418,
  "crash_prob_1y": 24.709999999999997,
  "crash_prob_5y": 81.56,
  "cvar_95_pct": -53.84866063735295,
  "max_dd_pct": -30.571218435498732,
  "max_drawdown_pct": 30.571218435498732
}