{
  "status": "ok",
  "result_keys": [
    "all_paths",
    "paths",
    "mean_path",
    "median_path",
    "p05",
    "p25",
    "p75",
    "p95",
    "final_mean",
    "final_median",
    "final_p05",
    "final_p10",
    "final_p25",
    "final_p75",
    "final_p90",
    "final_p95",
    "total_return_pct",
    "annual_return_pct",
    "crash_prob_1y",
    "crash_prob_5y",
    "crash_probs",
    "cvar_95_pct",
    "max_dd_pct",
    "max_drawdown_pct",
    "scenarios",
    "ml_crash_prob",
    "ml_predicted_return",
    "garch_vol",
    "realism_check"
  ],
  "current_price": 7041.27978515625,
  "final_mean": 9876.527496995177,
  "final_median": 8956.516084276105,
  "final_p05": 3973.1843731213103,
  "final_p10": 4867.667058898651,
  "final_p25": 6603.176918934524,
  "final_p75": 12208.888299492148,
  "final_p90": 16002.031744707183,
  "final_p95": 19017.33819758497,
  "total_return_pct": 40.26608512014995,
  "annual_return_pct": 7.0016648983508345,
  "crash_prob_1y": 24.81,
  "crash_prob_5y": 81.69999999999999,
  "cvar_95_pct": -53.86943175203166,
  "max_dd_pct": -30.690070908685513,
  "max_drawdown_pct": 30.690070908685513
}