{
  "status": "ok",
  "result_keys": [
    "all_paths",
    "paths",
    "mean_path",
    "median_path",
    "p05",
    "p25",
    "p75",
    "p95",
    "final_mean",
    "final_median",
    "final_p05",
    "final_p10",
    "final_p25",
    "final_p75",
    "final_p90",
    "final_p95",
    "total_return_pct",
    "annual_return_pct",
    "crash_prob_1y",
    "crash_prob_5y",
    "crash_probs",
    "cvar_95_pct",
    "max_dd_pct",
    "max_drawdown_pct",
    "scenarios",
    "ml_crash_prob",
    "ml_predicted_return",
    "garch_vol",
    "realism_check"
  ],
  "current_price": 6953.43994140625,
  "final_mean": 9779.637348150796,
  "final_median": 8887.983477076912,
  "final_p05": 3918.517311015306,
  "final_p10": 4764.130403576869,
  "final_p25": 6438.986595086464,
  "final_p75": 12089.14905949096,
  "final_p90": 16005.48133522355,
  "final_p95": 18853.826328948267,
  "total_return_pct": 40.64459361926958,
  "annual_return_pct": 7.0593515348913005,
  "crash_prob_1y": 25.019999999999996,
  "crash_prob_5y": 82.21000000000001,
  "cvar_95_pct": -54.416140052253645,
  "max_dd_pct": -30.77716749342649,
  "max_drawdown_pct": 30.77716749342649
}