{
  "status": "ok",
  "result_keys": [
    "all_paths",
    "paths",
    "mean_path",
    "median_path",
    "p05",
    "p25",
    "p75",
    "p95",
    "final_mean",
    "final_median",
    "final_p05",
    "final_p10",
    "final_p25",
    "final_p75",
    "final_p90",
    "final_p95",
    "total_return_pct",
    "annual_return_pct",
    "crash_prob_1y",
    "crash_prob_5y",
    "crash_probs",
    "cvar_95_pct",
    "max_dd_pct",
    "max_drawdown_pct",
    "scenarios",
    "ml_crash_prob",
    "ml_predicted_return",
    "garch_vol",
    "realism_check"
  ],
  "current_price": 7041.27978515625,
  "final_mean": 9880.052665746667,
  "final_median": 8997.094813925269,
  "final_p05": 3914.4427070682177,
  "final_p10": 4784.896303410391,
  "final_p25": 6517.7280373397625,
  "final_p75": 12263.238748778891,
  "final_p90": 16091.696886555936,
  "final_p95": 19006.202257672678,
  "total_return_pct": 40.31614943883988,
  "annual_return_pct": 7.009302098461423,
  "crash_prob_1y": 25.650000000000002,
  "crash_prob_5y": 81.83,
  "cvar_95_pct": -54.111646883128316,
  "max_dd_pct": -30.81176912792836,
  "max_drawdown_pct": 30.81176912792836
}