{
  "status": "ok",
  "result_keys": [
    "all_paths",
    "paths",
    "mean_path",
    "median_path",
    "p05",
    "p25",
    "p75",
    "p95",
    "final_mean",
    "final_median",
    "final_p05",
    "final_p10",
    "final_p25",
    "final_p75",
    "final_p90",
    "final_p95",
    "total_return_pct",
    "annual_return_pct",
    "crash_prob_1y",
    "crash_prob_5y",
    "crash_probs",
    "cvar_95_pct",
    "max_dd_pct",
    "max_drawdown_pct",
    "scenarios",
    "ml_crash_prob",
    "ml_predicted_return",
    "garch_vol",
    "realism_check"
  ],
  "current_price": 6967.31005859375,
  "final_mean": 9785.520073998818,
  "final_median": 8921.101717648738,
  "final_p05": 3892.608972113151,
  "final_p10": 4781.657209202861,
  "final_p25": 6494.241222430237,
  "final_p75": 12166.840526938837,
  "final_p90": 15944.849925271365,
  "final_p95": 18754.328053700337,
  "total_return_pct": 40.44903975428764,
  "annual_return_pct": 7.029563651902926,
  "crash_prob_1y": 25.77,
  "crash_prob_5y": 82.16,
  "cvar_95_pct": -55.064143879881165,
  "max_dd_pct": -30.75104530400099,
  "max_drawdown_pct": 30.75104530400099
}