{
  "status": "ok",
  "result_keys": [
    "all_paths",
    "paths",
    "mean_path",
    "median_path",
    "p05",
    "p25",
    "p75",
    "p95",
    "final_mean",
    "final_median",
    "final_p05",
    "final_p10",
    "final_p25",
    "final_p75",
    "final_p90",
    "final_p95",
    "total_return_pct",
    "annual_return_pct",
    "crash_prob_1y",
    "crash_prob_5y",
    "crash_probs",
    "cvar_95_pct",
    "max_dd_pct",
    "max_drawdown_pct",
    "scenarios",
    "ml_crash_prob",
    "ml_predicted_return",
    "garch_vol",
    "realism_check"
  ],
  "current_price": 7041.27978515625,
  "final_mean": 9895.284310057004,
  "final_median": 9013.716629929608,
  "final_p05": 3864.4517376417202,
  "final_p10": 4766.6728834759015,
  "final_p25": 6574.152229079359,
  "final_p75": 12346.344280741789,
  "final_p90": 16199.472133544441,
  "final_p95": 18860.406973649908,
  "total_return_pct": 40.53246869862057,
  "annual_return_pct": 7.042276081416565,
  "crash_prob_1y": 25.35,
  "crash_prob_5y": 81.77,
  "cvar_95_pct": -55.208032374399295,
  "max_dd_pct": -30.68337370522352,
  "max_drawdown_pct": 30.68337370522352
}