Date,AAPG,AARD,ABSI,ACVA,ADBE,ALMS,AMD,AMPX,AMSC,AMZN,APLT,ATYR,AVGO,BE,BEAM,BHVN,BMRN,CHYM,COHU,CRSP,CYTK,DAVE,DHR,DKNG,ELF,FSLR,GLXY,HUBS,IMNM,IWM,KLAR,KYMR,KYTX,LLY,MP,MRNA,MRVL,MSTR,MU,NTLA,NVDA,OLMA,ORCL,OUST,PLTR,PRCH,QBTS,QQQ,QS,QUBT,RGTI,RVMD,SLDP,SLNO,SLS,SMH,SOC,SPY,SRRK,TGTX,TSM,TTWO,TVRD,TVTX,XBI,XNCR,ZYME
2025-10-27,34.560001373291016,11.6899995803833,4.5,9.470000267028809,357.79998779296875,4.809999942779541,259.6700134277344,12.630000114440918,57.849998474121094,226.97000122070312,,0.9729999899864197,360.0323181152344,108.52999877929688,26.729999542236328,17.389999389648438,52.66999816894531,18.90999984741211,23.510000228881836,65.72000122070312,60.18000030517578,256.04998779296875,219.77903747558594,32.959999084472656,126.18000030517578,247.69000244140625,40.54999923706055,471.94000244140625,16.600000381469727,248.4296875,39.72999954223633,60.849998474121094,7.809999942779541,822.4074096679688,65.56999969482422,26.65999984741211,88.58001708984375,295.6300048828125,219.88491821289062,14.789999961853027,191.24609375,8.789999961853027,278.7116394042969,37.08000183105469,189.17999267578125,16.43000030517578,35.040000915527344,625.80419921875,16.280000686645508,15.720000267028809,40.2400016784668,57.9900016784668,5.840000152587891,,1.940000057220459,358.823486328125,12.850000381469727,679.6094970703125,30.5,33.689998626708984,295.918212890625,254.27000427246094,4.869999885559082,29.770000457763672,111.11296844482422,14.270000457763672,18.469999313354492
2025-10-28,33.5,12.0,4.400000095367432,9.15999984741211,359.9100036621094,4.809999942779541,258.010009765625,11.899999618530273,57.86000061035156,229.25,,0.9599999785423279,370.8914489746094,113.27999877929688,26.43000030517578,17.200000762939453,53.4900016784668,18.520000457763672,23.479999542236328,64.16999816894531,61.970001220703125,250.99000549316406,215.69192504882812,31.15999984741211,131.6999969482422,239.60000610351562,37.290000915527344,469.6199951171875,16.389999389648438,247.09971618652344,38.900001525878906,61.95000076293945,7.610000133514404,816.1279296875,64.94000244140625,25.350000381469727,88.33038330078125,284.6400146484375,221.69314575195312,13.960000038146973,200.77392578125,8.720000267028809,278.1470947265625,33.099998474121094,189.60000610351562,15.489999771118164,32.0,630.6165161132812,15.59000015258789,14.90999984741211,37.06999969482422,58.16999816894531,5.440000057220459,,2.0,361.983642578125,13.020000457763672,681.41455078125,29.8799991607666,34.54999923706055,299.1725769042969,251.57000732421875,4.71999979019165,29.809999465942383,111.52122497558594,14.25,19.299999237060547
2025-10-29,33.400001525878906,11.470000267028809,4.369999885559082,8.920000076293945,337.8599853515625,4.710000038146973,264.3299865722656,12.5,63.0099983215332,230.3000030517578,,0.968999981880188,383.8289794921875,133.7100067138672,24.770000457763672,18.110000610351562,51.86000061035156,17.860000610351562,24.010000228881836,62.560001373291016,61.9900016784668,243.8699951171875,212.81802368164062,30.649999618530273,126.98999786376953,241.7100067138672,36.43000030517578,466.1199951171875,15.760000228881836,244.9955291748047,37.540000915527344,60.029998779296875,7.170000076293945,809.58984375,64.29000091552734,24.700000762939453,90.01789855957031,275.3599853515625,226.40853881835938,13.119999885559082,206.77627563476562,8.640000343322754,272.669921875,34.650001525878906,198.80999755859375,15.319999694824219,34.2599983215332,633.4561767578125,15.84000015258789,15.520000457763672,39.40999984741211,58.02000045776367,5.519999980926514,,2.0799999237060547,367.4665832519531,13.260000228881836,681.7418212890625,29.270000457763672,33.779998779296875,302.7047424316406,251.72999572753906,4.78000020980835,29.979999542236328,110.48566436767578,14.670000076293945,19.3799991607666
2025-10-30,32.720001220703125,10.460000038146973,4.090000152587891,8.899999618530273,339.239990234375,4.659999847412109,254.83999633789062,12.289999961853027,58.91999816894531,222.86000061035156,,0.8880000114440918,374.3719787597656,127.8499984741211,23.799999237060547,17.389999389648438,51.90999984741211,17.049999237060547,24.059999465942383,61.099998474121094,62.25,224.17999267578125,213.85223388671875,30.139999389648438,123.11000061035156,233.5800018310547,34.130001068115234,477.6199951171875,15.979999542236328,243.02041625976562,36.61000061035156,61.439998626708984,6.75,840.4097290039062,64.91999816894531,28.139999389648438,88.44021606445312,254.57000732421875,223.7910919189453,12.265000343322754,202.63156127929688,8.779999732971191,254.4358367919922,32.33000183105469,194.5500030517578,15.449999809265137,36.11000061035156,623.7715454101562,15.789999961853027,14.970000267028809,42.52000045776367,58.869998931884766,5.329999923706055,,1.909999966621399,362.60174560546875,12.829999923706055,674.2439575195312,29.3700008392334,34.02000045776367,300.849365234375,252.77999877929688,4.659999847412109,29.649999618530273,111.43160247802734,14.130000114440918,19.1200008392334
2025-10-31,33.41999816894531,10.6899995803833,4.28000020980835,9.069999694824219,340.30999755859375,4.75,256.1199951171875,14.09000015258789,59.22999954223633,244.22000122070312,,0.8659999966621399,367.570068359375,132.16000366210938,25.010000228881836,17.200000762939453,53.56999969482422,17.170000076293945,23.790000915527344,63.9900016784668,63.59000015258789,239.32000732421875,214.18040466308594,30.59000015258789,122.13999938964844,266.94000244140625,35.0099983215332,491.9200134277344,16.06999969482422,244.3900909423828,37.56999969482422,61.84000015258789,6.96999979019165,858.6808471679688,63.09000015258789,27.15999984741211,93.6026382446289,269.510009765625,223.55133056640625,12.619999885559082,202.23207092285156,8.970000267028809,260.1011657714844,33.36000061035156,200.47000122070312,15.050000190734863,37.060001373291016,626.7805786132812,18.440000534057617,16.709999084472656,44.27000045776367,58.84000015258789,6.28000020980835,,1.8200000524520874,361.8939208984375,10.460000038146973,676.4556274414062,29.6200008392334,34.779998779296875,298.0811767578125,256.3699951171875,4.650000095367432,35.15999984741211,112.22817993164062,14.710000038146973,19.084999084472656
2025-11-03,34.29999923706055,10.390000343322754,4.110000133514404,9.390000343322754,337.4700012207031,4.559999942779541,259.6499938964844,13.5600004196167,60.630001068115234,254.0,,0.8809999823570251,360.5295104980469,142.3699951171875,24.25,14.850000381469727,52.849998474121094,17.844999313354492,24.209999084472656,61.970001220703125,60.029998779296875,240.11000061035156,212.86773681640625,30.56999969482422,120.94000244140625,265.7099914550781,34.880001068115234,494.5799865722656,17.0,243.60601806640625,37.36000061035156,59.720001220703125,6.880000114440918,892.1878051757812,57.65999984741211,24.90999984741211,90.23758697509766,264.6700134277344,234.4706573486328,13.069999694824219,206.61648559570312,8.420000076293945,255.38665771484375,31.719999313354492,207.17999267578125,15.350000381469727,33.09000015258789,629.7796020507812,16.209999084472656,15.380000114440918,39.119998931884766,59.33000183105469,6.420000076293945,,1.7899999618530273,364.9643859863281,7.269999980926514,677.7251586914062,28.780000686645508,33.689998626708984,302.4765319824219,255.64999389648438,4.510000228881836,34.529998779296875,109.39037322998047,13.9399995803833,18.889999389648438
2025-11-04,33.25,9.800000190734863,3.940000057220459,8.949999809265137,335.3500061035156,4.550000190734863,250.0500030517578,12.100000381469727,56.290000915527344,249.32000732421875,,0.8270000219345093,349.9786682128906,129.0500030517578,22.739999771118164,13.949999809265137,52.52000045776367,17.799999237060547,22.670000076293945,56.40999984741211,59.619998931884766,234.5800018310547,212.6390380859375,28.610000610351562,118.29000091552734,262.70001220703125,31.170000076293945,471.989990234375,15.40999984741211,239.39768981933594,36.90999984741211,59.90999984741211,6.360000133514404,902.4677734375,54.900001525878906,23.75,87.4616470336914,246.99000549316406,217.81692504882812,12.199999809265137,198.43690490722656,8.199999809265137,245.7991180419922,27.68000030517578,190.74000549316406,14.609999656677246,29.739999771118164,616.996337890625,15.4399995803833,13.710000038146973,35.18000030517578,58.56999969482422,5.614999771118164,,1.659999966621399,351.665771484375,5.900000095367432,669.6917114257812,28.049999237060547,33.810001373291016,291.75103759765625,252.42999267578125,4.389999866485596,34.130001068115234,107.5781478881836,13.699999809265137,18.15999984741211
2025-11-05,32.90999984741211,10.5,3.809999942779541,8.149999618530273,335.5299987792969,4.570000171661377,256.3299865722656,13.039999961853027,59.41999816894531,250.1999969482422,,0.8140000104904175,356.9794616699219,141.41000366210938,23.06999969482422,8.34000015258789,52.79999923706055,19.1200008392334,24.079999923706055,56.9900016784668,59.189998626708984,243.47000122070312,211.02804565429688,27.920000076293945,117.83000183105469,277.3900146484375,31.440000534057617,464.7099914550781,15.350000381469727,242.8516845703125,36.68000030517578,59.88999938964844,6.949999809265137,921.3259887695312,54.93000030517578,23.559999465942383,92.76387023925781,255.0,237.26791381835938,13.569999694824219,194.9613494873047,7.949999809265137,247.91868591308594,25.8700008392334,187.89999389648438,15.960000038146973,31.020000457763672,621.0116577148438,17.06999969482422,14.1899995803833,37.290000915527344,59.34000015258789,8.510000228881836,,1.6799999475479126,358.3848571777344,5.679999828338623,672.012451171875,27.989999771118164,34.040000915527344,291.34423828125,254.75999450683594,4.21999979019165,33.720001220703125,108.7431411743164,14.369999885559082,18.049999237060547
2025-11-06,32.36000061035156,9.869999885559082,3.5899999141693115,5.090000152587891,327.3500061035156,4.71999979019165,237.6999969482422,11.260000228881836,36.54999923706055,243.0399932861328,,0.7699999809265137,353.6083068847656,136.86000061035156,23.149999618530273,8.529999732971191,51.84000015258789,18.09000015258789,23.260000228881836,56.61000061035156,60.29999923706055,223.6300048828125,209.49661254882812,27.979999542236328,76.54000091552734,271.9800109863281,30.3799991607666,394.95001220703125,15.5,238.55404663085938,34.869998931884766,61.0,7.090000152587891,932.899658203125,51.95000076293945,24.329999923706055,93.19324493408203,237.1999969482422,238.09710693359375,12.319999694824219,187.84043884277344,8.1899995803833,241.47088623046875,24.1299991607666,175.0500030517578,10.630000114440918,28.389999389648438,609.4439086914062,15.899999618530273,13.149999618530273,34.36000061035156,61.380001068115234,6.75,,1.6200000047683716,350.0009460449219,4.840000152587891,664.8021850585938,28.799999237060547,33.2599983215332,286.9786682128906,252.39999389648438,3.940000057220459,33.29999923706055,108.82280731201172,14.0,17.899999618530273
2025-11-07,31.729999542236328,10.140000343322754,3.3350000381469727,5.400000095367432,326.95001220703125,4.71999979019165,233.5399932861328,12.729999542236328,38.86000061035156,244.41000366210938,,0.8169999718666077,347.4826354980469,135.2100067138672,22.209999084472656,8.260000228881836,51.459999084472656,20.34000015258789,23.93000030517578,55.119998931884766,60.15999984741211,235.4499969482422,208.77069091796875,30.399999618530273,73.73999786376953,267.6400146484375,31.559999465942383,398.3999938964844,15.239999771118164,239.8046112060547,36.16999816894531,58.65999984741211,6.579999923706055,919.8929443359375,58.599998474121094,24.540000915527344,90.78677368164062,241.92999267578125,237.68748474121094,9.520000457763672,187.91030883789062,8.350000381469727,236.97422790527344,25.709999084472656,177.92999267578125,10.720000267028809,29.5,607.5208740234375,16.6200008392334,12.859999656677246,33.77000045776367,61.0099983215332,6.860000133514404,,1.590000033378601,347.0401611328125,5.340000152587891,665.4567260742188,28.950000762939453,32.2400016784668,284.26007080078125,232.0,4.019999980926514,32.34000015258789,108.49420928955078,13.899999618530273,16.459999084472656
2025-11-10,32.400001525878906,10.4399995803833,3.319999933242798,5.579999923706055,328.8500061035156,5.050000190734863,243.97999572753906,13.59000015258789,36.90999984741211,248.39999389648438,,0.7900000214576721,356.39276123046875,139.22999572753906,21.649999618530273,7.789999961853027,52.66999816894531,21.260000228881836,24.31999969482422,54.58000183105469,62.20000076293945,246.97999572753906,209.9938507080078,30.540000915527344,79.8499984741211,272.6400146484375,31.790000915527344,386.3500061035156,16.440000534057617,242.20652770996094,36.70000076293945,61.2599983215332,6.389999866485596,961.958251953125,64.18000030517578,24.760000228881836,93.09339141845703,238.8800048828125,253.05245971679688,9.729999542236328,198.7964630126953,8.699999809265137,238.5292510986328,25.670000076293945,193.61000061035156,10.539999961853027,29.3700008392334,620.9617919921875,16.280000686645508,12.699999809265137,33.08000183105469,62.72999954223633,7.349999904632568,,1.5,357.67706298828125,6.0,675.8407592773438,29.3700008392334,30.299999237060547,292.9615173339844,234.05999755859375,4.190000057220459,34.380001068115234,109.61937713623047,13.739999771118164,18.049999237060547
2025-11-11,32.040000915527344,11.0600004196167,3.450000047683716,5.489999771118164,333.2200012207031,5.300000190734863,237.52000427246094,12.920000076293945,35.31999969482422,249.10000610351562,,0.7870000004768372,349.9985656738281,127.06999969482422,22.479999542236328,8.520000457763672,54.93000030517578,20.389999389648438,23.170000076293945,55.209999084472656,66.5,241.2100067138672,214.58811950683594,30.4950008392334,77.97000122070312,264.1499938964844,30.739999771118164,395.0400085449219,17.520000457763672,242.41497802734375,36.91999816894531,63.369998931884766,7.0,983.831787109375,61.95000076293945,26.40999984741211,89.19911193847656,231.35000610351562,240.87437438964844,10.180000305175781,192.91395568847656,8.1899995803833,233.8939666748047,24.809999465942383,190.9600067138672,10.369999885559082,28.989999771118164,619.307861328125,15.90999984741211,11.9399995803833,31.399999618530273,64.08000183105469,7.099999904632568,,1.5099999904632568,349.9610595703125,7.230000019073486,677.3878784179688,30.790000915527344,31.110000610351562,288.8935546875,240.6999969482422,4.190000057220459,36.11000061035156,113.52262878417969,14.869999885559082,19.68000030517578
2025-11-12,32.95000076293945,10.729999542236328,3.4000000953674316,5.489999771118164,337.04998779296875,5.239999771118164,258.8900146484375,12.369999885559082,35.18000030517578,244.1999969482422,,0.7229999899864197,353.24041748046875,126.72000122070312,21.8700008392334,7.949999809265137,55.31999969482422,20.200000762939453,23.030000686645508,52.189998626708984,65.94000244140625,241.58999633789062,218.17800903320312,31.510000228881836,77.73999786376953,267.5199890136719,31.270000457763672,394.739990234375,17.43000030517578,241.8194580078125,37.650001525878906,63.529998779296875,7.329999923706055,1012.8505859375,59.720001220703125,26.709999084472656,89.19911193847656,224.61000061035156,244.66067504882812,9.489999771118164,193.55313110351562,8.0600004196167,224.82147216796875,24.40999984741211,184.1699981689453,10.170000076293945,26.399999618530273,618.8196411132812,14.640000343322754,11.140000343322754,28.299999237060547,65.83000183105469,6.670000076293945,,1.4900000095367432,354.4271545410156,6.400000095367432,677.7647705078125,30.81999969482422,31.010000228881836,288.347900390625,240.33999633789062,4.239999771118164,36.470001220703125,113.62220001220703,14.390000343322754,19.3700008392334
2025-11-13,33.67399978637695,10.859999656677246,2.640000104904175,6.369999885559082,333.6000061035156,5.28000020980835,247.9600067138672,11.720000267028809,33.630001068115234,237.5800018310547,,0.7129999995231628,338.0853271484375,103.55000305175781,21.65999984741211,8.079999923706055,54.220001220703125,19.190000534057617,22.40999984741211,51.11000061035156,65.5199966430664,216.24000549316406,219.96798706054688,29.690000534057617,74.38999938964844,256.5899963378906,27.239999771118164,390.6099853515625,16.510000228881836,235.02064514160156,34.619998931884766,63.630001068115234,6.480000019073486,1017.9158935546875,57.540000915527344,24.959999084472656,87.39175415039062,208.5399932861328,236.71844482421875,8.670000076293945,186.62197875976562,7.940000057220459,215.49147033691406,22.5,172.13999938964844,10.199999809265137,23.389999389648438,606.185791015625,13.569999694824219,10.029999732971191,25.200000762939453,64.37999725341797,5.849999904632568,,1.4600000381469727,343.7503967285156,5.889999866485596,666.5179443359375,30.06999969482422,30.959999084472656,279.99371337890625,237.5500030517578,4.110000133514404,33.88999938964844,111.43160247802734,13.989999771118164,18.5
2025-11-14,34.29999923706055,9.920000076293945,2.819999933242798,6.239999771118164,331.1099853515625,5.519999980926514,246.80999755859375,11.289999961853027,33.90999984741211,234.69000244140625,,0.753000020980835,340.5514831542969,111.88999938964844,21.719999313354492,8.300000190734863,54.72999954223633,18.899999618530273,22.09000015258789,52.529998779296875,66.44000244140625,205.3000030517578,219.97793579101562,29.579999923706055,73.51000213623047,253.0800018310547,26.34000015258789,396.3599853515625,17.139999389648438,235.70547485351562,34.27000045776367,64.94000244140625,6.880000114440918,1021.8126831054688,58.63999938964844,24.770000457763672,86.32332611083984,199.75,246.5887908935547,8.699999809265137,189.92774963378906,8.399999618530273,220.7210235595703,22.049999237060547,174.00999450683594,9.720000267028809,23.610000610351562,606.6441040039062,13.430000305175781,10.600000381469727,25.479999542236328,67.75,6.050000190734863,,1.4299999475479126,343.909912109375,4.190000057220459,666.408935546875,37.40999984741211,31.0,282.59326171875,235.02999877929688,4.03000020980835,34.5,113.52262878417969,14.930000305175781,18.520000457763672
2025-11-17,32.709999084472656,10.359999656677246,2.859999895095825,6.300000190734863,325.07000732421875,5.574999809265137,240.52000427246094,10.430000305175781,32.130001068115234,232.8699951171875,,0.6800000071525574,340.7404479980469,107.11000061035156,22.020000457763672,8.270000457763672,54.459999084472656,18.450000762939453,21.3799991607666,55.31999969482422,66.94999694824219,194.10000610351562,219.21221923828125,28.81999969482422,72.79000091552734,253.5399932861328,25.040000915527344,369.1000061035156,18.1299991607666,231.020751953125,34.880001068115234,64.0999984741211,7.159999847412109,1018.2448120117188,56.97999954223633,24.760000228881836,83.32772064208984,195.4199981689453,241.71356201171875,8.479999542236328,186.36231994628906,8.520000457763672,217.75958251953125,20.920000076293945,171.25,9.430000305175781,22.829999923706055,601.4630737304688,12.949999809265137,11.5,24.690000534057617,69.13999938964844,5.96999979019165,,1.409999966621399,339.244384765625,4.369999885559082,660.2003173828125,36.470001220703125,30.690000534057617,279.8052062988281,233.5800018310547,4.03000020980835,35.439998626708984,114.33912658691406,15.619999885559082,23.899999618530273
2025-11-18,32.0,9.84000015258789,2.8399999141693115,6.539999961853027,324.4700012207031,6.409999847412109,230.2899932861328,10.670000076293945,31.170000076293945,222.5500030517578,,0.7009999752044678,338.6024169921875,104.97000122070312,21.920000076293945,9.449999809265137,54.15999984741211,18.940000534057617,21.440000534057617,53.470001220703125,66.16000366210938,190.4600067138672,224.2539825439453,29.3700008392334,73.05999755859375,252.19000244140625,25.579999923706055,368.3299865722656,17.860000610351562,231.72544860839844,31.6299991607666,64.30999755859375,7.829999923706055,1026.5665283203125,58.5099983215332,24.920000076293945,78.56471252441406,206.8000030517578,228.27670288085938,8.470000267028809,181.12899780273438,20.139999389648438,218.38357543945312,20.979999542236328,167.3300018310547,9.430000305175781,22.93000030517578,594.1397705078125,12.970000267028809,12.34000015258789,25.709999084472656,70.58000183105469,5.710000038146973,,1.590000033378601,332.25616455078125,4.599999904632568,654.6563110351562,39.80500030517578,31.209999084472656,275.73724365234375,239.08999633789062,4.119999885559082,36.0,114.68762969970703,16.020000457763672,22.989999771118164
2025-11-19,32.20000076293945,10.460000038146973,2.859999895095825,6.639999866485596,318.1099853515625,6.570000171661377,223.5500030517578,10.8100004196167,31.18000030517578,222.69000244140625,,0.675000011920929,352.4448547363281,108.93000030517578,20.979999542236328,9.460000038146973,52.560001373291016,18.43000030517578,21.8799991607666,50.72999954223633,64.79000091552734,190.1199951171875,221.17123413085938,29.020000457763672,71.23999786376953,251.8699951171875,25.760000228881836,361.8999938964844,17.690000534057617,231.6857452392578,30.43000030517578,64.81999969482422,8.229999542236328,1046.0504150390625,63.54999923706055,24.18000030517578,81.20083618164062,186.5,225.69921875,8.239999771118164,186.28240966796875,19.43000030517578,223.3754119873047,20.950000762939453,165.4199981689453,9.149999618530273,23.440000534057617,597.6868286132812,12.460000038146973,11.5600004196167,25.459999084472656,70.52999877929688,5.46999979019165,,1.5199999809265137,338.3870849609375,4.619999885559082,657.1853637695312,39.689998626708984,30.329999923706055,280.1623840332031,240.4600067138672,3.930000066757202,35.43000030517578,114.01052856445312,15.770000457763672,22.600000381469727
2025-11-20,31.280000686645508,9.430000305175781,2.7699999809265137,6.639999866485596,312.3999938964844,6.920000076293945,206.02000427246094,10.300000190734863,29.780000686645508,217.13999938964844,,0.6510000228881836,344.8872375488281,93.37999725341797,20.600000381469727,9.630000114440918,52.47999954223633,17.950000762939453,21.3799991607666,49.290000915527344,63.5,182.50999450683594,220.94252014160156,29.0,68.41999816894531,245.83999633789062,24.030000686645508,357.30999755859375,17.510000228881836,227.3980255126953,28.110000610351562,64.62999725341797,7.440000057220459,1039.76171875,56.68000030517578,22.360000610351562,76.56763458251953,177.1300048828125,201.1732177734375,8.039999961853027,180.40989685058594,22.010000228881836,208.67718505859375,19.719999313354492,155.7449951171875,9.109999656677246,20.510000228881836,583.5385131835938,11.720000267028809,10.270000457763672,22.799999237060547,69.87999725341797,5.019999980926514,,1.4600000381469727,324.091552734375,4.260000228881836,647.1683349609375,38.02000045776367,30.450000762939453,275.3304443359375,235.3699951171875,3.819999933242798,34.72999954223633,113.34339141845703,15.574999809265137,23.81999969482422
2025-11-21,30.639999389648438,9.369999885559082,2.930000066757202,6.75,324.19000244140625,7.300000190734863,203.77999877929688,10.109999656677246,30.3799991607666,220.69000244140625,,0.6650000214576721,338.3041076660156,89.98999786376953,22.209999084472656,9.6899995803833,54.689998626708984,18.459999084472656,22.1299991607666,50.22999954223633,65.44000244140625,194.67999267578125,226.12351989746094,29.989999771118164,70.05000305175781,249.91000366210938,23.420000076293945,355.3500061035156,18.530000686645508,233.83953857421875,29.06999969482422,66.04000091552734,7.090000152587891,1056.1162109375,55.27000045776367,23.719999313354492,77.33650207519531,170.5,207.1673583984375,8.210000038146973,178.6521453857422,23.170000076293945,196.8611602783203,19.93000030517578,154.85000610351562,9.114999771118164,20.40999984741211,587.9224853515625,11.470000267028809,10.199999809265137,23.59000015258789,70.87000274658203,5.019999980926514,,1.5299999713897705,325.1183776855469,4.46999979019165,653.6149291992188,40.209999084472656,31.950000762939453,272.9095153808594,235.47000122070312,3.9200000762939453,34.689998626708984,116.1513442993164,15.869999885559082,24.020000457763672
2025-11-24,32.029998779296875,9.5,2.9600000381469727,7.119999885559082,318.7300109863281,7.300000190734863,215.0500030517578,10.800000190734863,31.270000457763672,226.27999877929688,,0.777999997138977,375.8536682128906,95.55999755859375,23.6200008392334,9.680000305175781,55.5,19.479999542236328,22.81999969482422,51.25,67.20999908447266,203.7899932861328,225.71578979492188,29.440000534057617,71.25,259.8500061035156,24.780000686645508,356.5,18.649999618530273,238.10739135742188,29.290000915527344,65.58999633789062,7.489999771118164,1066.5408935546875,59.040000915527344,24.149999618530273,83.66722106933594,179.0399932861328,223.71116638183594,8.350000381469727,182.31747436523438,25.049999237060547,198.36663818359375,21.3700008392334,162.25,9.449999809265137,23.110000610351562,602.9575805664062,11.829999923706055,11.489999771118164,26.56999969482422,73.66000366210938,5.099999904632568,,1.5499999523162842,338.06805419921875,4.769999980926514,663.235107421875,41.790000915527344,32.029998779296875,282.41461181640625,239.07000732421875,3.9200000762939453,35.790000915527344,119.06881713867188,16.739999771118164,24.989999771118164
2025-11-25,32.369998931884766,9.369999885559082,3.069999933242798,7.590000152587891,319.54998779296875,7.329999923706055,206.1300048828125,10.729999542236328,30.75,229.6699981689453,,0.7670000195503235,382.88427734375,94.29000091552734,24.690000534057617,9.40999984741211,56.290000915527344,19.639999389648438,23.6299991607666,53.56999969482422,67.55000305175781,210.3000030517578,229.48468017578125,31.670000076293945,72.11000061035156,260.3599853515625,25.479999542236328,371.510009765625,18.299999237060547,243.29832458496094,30.280000686645508,66.04000091552734,7.389999866485596,1106.186279296875,58.209999084472656,24.75,83.30774688720703,172.19000244140625,224.3105926513672,8.550000190734863,177.593505859375,26.06999969482422,195.14768981933594,21.780000686645508,163.5500030517578,9.8100004196167,22.59000015258789,606.674072265625,11.859999656677246,11.600000381469727,26.079999923706055,76.31999969482422,5.099999904632568,,1.440000057220459,338.955322265625,4.460000038146973,669.4734497070312,41.470001220703125,32.97999954223633,282.4543151855469,241.83999633789062,3.880000114440918,36.0099983215332,120.85116577148438,17.260000228881836,26.18000030517578
2025-11-26,32.119998931884766,9.670000076293945,3.0899999141693115,7.730000019073486,317.5199890136719,7.639999866485596,214.24000549316406,10.8100004196167,30.5,229.16000366210938,,0.7649999856948853,395.3543701171875,101.13999938964844,25.030000686645508,9.479999542236328,55.52000045776367,20.170000076293945,24.040000915527344,53.29999923706055,68.1500015258789,213.1300048828125,227.18756103515625,32.20000076293945,75.2300033569336,272.2099914550781,26.239999771118164,361.80999755859375,18.6299991607666,245.45211791992188,30.969999313354492,67.86000061035156,7.679999828338623,1100.605224609375,60.150001525878906,25.010000228881836,87.59146118164062,175.63999938964844,230.03497314453125,8.520000457763672,180.03036499023438,28.1200008392334,203.00193786621094,22.3799991607666,165.77000427246094,9.779999732971191,22.40999984741211,612.034423828125,12.079999923706055,11.460000038146973,25.56999969482422,77.58000183105469,5.150000095367432,,1.4600000381469727,346.63140869140625,4.119999885559082,674.09521484375,43.150001525878906,33.40999984741211,287.6930236816406,243.6300048828125,4.019999980926514,36.2599983215332,122.32483673095703,17.3799991607666,27.329999923706055
2025-11-28,32.5,9.979999542236328,3.1700000762939453,7.849999904632568,320.1300048828125,7.670000076293945,217.52999877929688,11.319999694824219,31.09000015258789,233.22000122070312,,0.781000018119812,400.7143249511719,109.23999786376953,25.329999923706055,10.029999732971191,55.93000030517578,21.1299991607666,24.31999969482422,53.470001220703125,68.12999725341797,218.25999450683594,225.51690673828125,33.15999984741211,76.16999816894531,272.9200134277344,26.59000015258789,367.32000732421875,18.420000076293945,246.89126586914062,31.469999313354492,67.87999725341797,7.670000076293945,1071.8328857421875,61.95000076293945,25.979999542236328,89.26899719238281,177.17999267578125,236.24891662597656,8.989999771118164,176.7745361328125,28.31999969482422,200.0206756591797,22.959999084472656,168.4499969482422,9.6899995803833,22.670000076293945,616.996337890625,12.220000267028809,11.699999809265137,25.56999969482422,77.76000213623047,5.199999809265137,,1.6200000047683716,351.187255859375,4.369999885559082,677.7747192382812,44.060001373291016,33.2599983215332,289.23089599609375,246.07000732421875,4.119999885559082,35.40999984741211,122.63351440429688,17.31999969482422,26.709999084472656
2025-12-01,32.5,9.520000457763672,3.0399999618530273,7.739999771118164,322.8500061035156,7.349999904632568,219.75999450683594,10.609999656677246,29.950000762939453,233.8800048828125,,0.7409999966621399,383.92840576171875,98.93000030517578,24.049999237060547,9.319999694824219,55.029998779296875,21.950000762939453,24.0,52.16999816894531,66.05000305175781,203.6999969482422,222.89161682128906,33.869998931884766,76.66000366210938,263.5400085449219,24.799999237060547,373.3999938964844,18.31999969482422,243.78466796875,30.040000915527344,66.86000061035156,6.730000019073486,1054.3123779296875,58.099998474121094,24.15999984741211,90.96650695800781,171.4199981689453,240.2250213623047,8.420000076293945,179.69081115722656,27.950000762939453,199.0203399658203,21.760000228881836,167.49000549316406,9.329999923706055,21.420000076293945,614.923828125,11.729999542236328,10.949999809265137,23.450000762939453,75.80000305175781,4.869999885559082,,1.5,351.8651428222656,4.789999961853027,674.6803588867188,41.9900016784668,31.670000076293945,285.4308776855469,249.33999633789062,3.9100000858306885,35.189998626708984,119.33766174316406,16.510000228881836,26.030000686645508
2025-12-02,32.439998626708984,9.260000228881836,3.0299999713897705,7.699999809265137,322.80999755859375,7.409999847412109,215.24000549316406,10.859999656677246,30.790000915527344,234.4199981689453,,0.7049999833106995,379.4435729980469,105.0,23.3700008392334,8.829999923706055,53.88999938964844,21.889999389648438,24.200000762939453,51.58000183105469,63.5099983215332,202.64999389648438,225.3279571533203,33.61000061035156,74.19999694824219,262.55999755859375,25.360000610351562,373.32000732421875,17.09000015258789,243.33802795410156,30.020000457763672,64.2699966430664,6.559999942779541,1042.582275390625,60.84000015258789,24.059999465942383,92.7538833618164,181.3300018310547,239.25596618652344,8.100000381469727,181.22886657714844,27.149999618530273,199.17881774902344,22.030000686645508,170.69000244140625,9.3100004196167,22.5,619.7362670898438,12.170000076293945,11.0,23.8799991607666,75.30999755859375,4.889999866485596,,1.3899999856948853,358.3150634765625,4.510000228881836,675.9300537109375,41.08000183105469,30.6299991607666,289.8063659667969,246.8300018310547,3.75,33.9900016784668,117.95359802246094,15.989999771118164,25.100000381469727
2025-12-03,30.329999923706055,11.930000305175781,3.2899999618530273,7.900000095367432,326.7799987792969,7.840000152587891,217.60000610351562,11.520000457763672,32.040000915527344,232.3800048828125,,0.7710000276565552,378.4888610839844,102.5,26.739999771118164,9.119999885559082,54.310001373291016,22.530000686645508,25.09000015258789,55.9900016784668,64.66000366210938,203.77000427246094,227.18756103515625,34.54999923706055,80.37000274658203,256.05999755859375,27.049999237060547,374.9700012207031,19.3700008392334,247.7646942138672,30.600000381469727,65.98999786376953,7.179999828338623,1030.064697265625,58.709999084472656,25.18000030517578,100.05316925048828,188.38999938964844,233.93118286132812,9.0600004196167,179.3612518310547,27.25,205.74546813964844,23.8700008392334,176.0800018310547,9.520000457763672,25.079999923706055,621.2507934570312,12.40999984741211,12.069999694824219,26.040000915527344,77.69000244140625,5.070000171661377,,1.5399999618530273,363.23974609375,5.21999979019165,678.2706298828125,43.5099983215332,31.610000610351562,293.14013671875,244.9499969482422,4.119999885559082,34.849998474121094,121.30919647216797,17.309999465942383,26.219999313354492
2025-12-04,30.700000762939453,12.399999618530273,3.7300000190734863,7.889999866485596,328.7300109863281,8.300000190734863,215.97999572753906,12.220000267028809,33.0099983215332,229.11000061035156,,0.828000009059906,378.90655517578125,118.08999633789062,28.90999984741211,9.609999656677246,53.81999969482422,23.770000457763672,25.1299991607666,58.18000030517578,66.54000091552734,210.08999633789062,225.86495971679688,35.189998626708984,81.62000274658203,257.2799987792969,27.56999969482422,377.0400085449219,20.09000015258789,249.93833923339844,32.5,66.2300033569336,7.840000152587891,1011.0591430664062,61.79999923706055,25.489999771118164,98.0461196899414,186.00999450683594,226.4285125732422,9.739999771118164,183.15660095214844,27.639999389648438,212.2824249267578,25.989999771118164,177.9199981689453,9.640000343322754,28.729999542236328,620.6728515625,12.970000267028809,13.579999923706055,30.059999465942383,78.4800033569336,5.409999847412109,,1.7400000095367432,360.47833251953125,5.099999904632568,678.7664794921875,45.20000076293945,31.3799991607666,290.63983154296875,247.50999450683594,4.179999828338623,35.33000183105469,122.72312927246094,18.139999389648438,26.520000457763672
2025-12-05,32.880001068115234,13.5600004196167,3.5799999237060547,8.149999618530273,346.260009765625,11.119999885559082,217.97000122070312,12.180000305175781,32.470001220703125,229.52999877929688,,0.8240000009536743,388.0652160644531,119.18000030517578,27.09000015258789,9.550000190734863,53.400001525878906,24.1200008392334,24.979999542236328,56.880001068115234,65.66999816894531,207.00999450683594,224.98985290527344,34.0,81.4000015258789,257.6099853515625,25.510000228881836,379.8500061035156,19.760000228881836,248.89617919921875,31.34000015258789,66.62000274658203,7.800000190734863,1006.893310546875,62.09000015258789,27.700000762939453,98.76506805419922,178.99000549316406,236.98817443847656,9.609999656677246,182.1877899169922,27.209999084472656,215.50135803222656,24.780000686645508,181.75999450683594,9.359999656677246,27.0,623.2036743164062,12.550000190734863,12.84000015258789,28.110000610351562,79.63999938964844,5.170000076293945,,1.7400000095367432,363.28961181640625,5.639999866485596,680.0557861328125,45.02000045776367,30.760000228881836,292.41583251953125,247.8800048828125,4.179999828338623,35.0,122.8824462890625,17.299999237060547,26.690000534057617
2025-12-08,31.309999465942383,13.819999694824219,3.450000047683716,8.119999885559082,339.1199951171875,11.15999984741211,221.11000061035156,11.800000190734863,32.459999084472656,226.88999938964844,,0.8119999766349792,398.8647155761719,111.79000091552734,27.100000381469727,10.539999961853027,53.29999923706055,23.920000076293945,25.149999618530273,57.36000061035156,64.12999725341797,202.41000366210938,223.22972106933594,35.560001373291016,77.27999877929688,255.8800048828125,26.09000015258789,385.2099914550781,19.639999389648438,248.99542236328125,30.65999984741211,94.30000305175781,8.270000457763672,994.21630859375,61.20000076293945,27.969999313354492,91.86518859863281,183.69000244140625,246.6787109375,9.4399995803833,185.323974609375,27.979999542236328,218.43307495117188,25.510000228881836,181.49000549316406,9.760000228881836,28.440000534057617,622.0079956054688,12.600000381469727,13.010000228881836,28.260000228881836,80.05999755859375,5.309999942779541,,1.8200000524520874,367.4067687988281,5.610000133514404,678.0127563476562,45.25,30.829999923706055,299.5098876953125,247.27999877929688,4.179999828338623,34.290000915527344,123.13137817382812,17.68000030517578,26.40999984741211
2025-12-09,30.059999465942383,13.6899995803833,3.5199999809265137,8.069999694824219,344.32000732421875,11.430000305175781,221.6199951171875,11.699999809265137,32.5099983215332,227.9199981689453,,0.8080000281333923,404.0257873535156,109.44000244140625,26.479999542236328,10.479999542236328,53.7400016784668,24.290000915527344,25.18000030517578,57.040000915527344,61.599998474121094,194.69000244140625,221.98667907714844,34.939998626708984,77.41999816894531,253.4199981689453,29.450000762939453,385.79998779296875,19.059999465942383,249.5115509033203,30.690000534057617,86.87999725341797,7.909999847412109,978.8982543945312,59.81999969482422,28.239999771118164,88.76972961425781,188.99000549316406,252.17332458496094,9.300000190734863,184.7446746826172,26.579999923706055,219.4136199951172,25.309999465942383,181.83999633789062,10.010000228881836,28.329999923706055,622.775146484375,12.75,13.210000038146973,28.219999313354492,77.80999755859375,5.300000190734863,,1.899999976158142,367.8553771972656,5.71999979019165,677.427490234375,44.630001068115234,30.43000030517578,301.0378723144531,248.72999572753906,4.289999961853027,34.5099983215332,120.67193603515625,16.809999465942383,25.80500030517578
2025-12-10,29.479999542236328,13.979999542236328,3.9700000286102295,8.260000228881836,343.1300048828125,12.109999656677246,221.4199981689453,11.039999961853027,33.369998931884766,231.77999877929688,,0.8159999847412109,410.6685485839844,101.29000091552734,27.399999618530273,10.600000381469727,53.70000076293945,26.5,25.350000381469727,57.59000015258789,60.31999969482422,196.88999938964844,229.1366424560547,34.630001068115234,78.62000274658203,262.2300109863281,29.520000457763672,392.4700012207031,20.299999237060547,252.90599060058594,32.150001525878906,89.88999938964844,8.180000305175781,990.2796630859375,58.029998779296875,29.030000686645508,92.33450317382812,184.63999938964844,263.4522705078125,9.369999885559082,183.55612182617188,30.68000030517578,220.87948608398438,25.719999313354492,187.91000366210938,10.069999694824219,26.799999237060547,625.3258666992188,12.470000267028809,12.5600004196167,26.1200008392334,77.87999725341797,5.119999885559082,,1.9600000381469727,372.9395751953125,5.329999923706055,681.92041015625,45.04999923706055,30.600000381469727,307.71527099609375,246.02000427246094,4.53000020980835,34.380001068115234,121.52825927734375,17.15999984741211,25.8700008392334
2025-12-11,29.989999771118164,15.609999656677246,3.8399999141693115,8.100000381469727,350.42999267578125,11.609999656677246,221.42999267578125,11.4399995803833,32.2400016784668,230.27999877929688,,0.7649999856948853,404.1053466796875,108.98999786376953,27.510000228881836,11.4399995803833,52.9900016784668,27.489999771118164,24.90999984741211,58.09000015258789,60.77000045776367,204.35000610351562,231.07577514648438,34.88999938964844,77.98999786376953,272.8299865722656,29.860000610351562,387.19000244140625,19.489999771118164,255.87364196777344,32.33000183105469,87.80999755859375,8.359999656677246,1005.9664306640625,60.0099983215332,29.6299991607666,89.2989501953125,183.3000030517578,258.2074279785156,9.550000190734863,180.70957946777344,31.579999923706055,196.9503173828125,26.389999389648438,187.5399932861328,10.470000267028809,27.979999542236328,623.3033447265625,12.789999961853027,12.829999923706055,26.8799991607666,78.51000213623047,5.199999809265137,,2.009999990463257,369.7395324707031,5.639999866485596,683.5072021484375,46.83000183105469,32.0,303.2831726074219,242.41000366210938,4.489999771118164,35.0099983215332,122.49410247802734,17.059999465942383,24.940000534057617
2025-12-12,30.350000381469727,14.430000305175781,3.640000104904175,7.989999771118164,356.42999267578125,11.489999771118164,210.77999877929688,10.90999984741211,31.06999969482422,226.19000244140625,,0.7760000228881836,357.92413330078125,94.9800033569336,27.360000610351562,11.529999732971191,53.310001373291016,26.190000534057617,23.8799991607666,56.68000030517578,63.349998474121094,197.61000061035156,225.06942749023438,35.52000045776367,76.36000061035156,254.8000030517578,26.75,375.94000244140625,19.56999969482422,251.95315551757812,31.100000381469727,89.68000030517578,8.779999732971191,1024.03515625,56.65999984741211,29.459999084472656,84.30628204345703,176.4499969482422,240.90435791015625,9.020000457763672,174.80679321289062,33.04999923706055,188.15513610839844,24.260000228881836,183.57000732421875,9.920000076293945,26.100000381469727,611.3867797851562,11.800000190734863,12.050000190734863,25.84000015258789,78.91999816894531,4.909999847412109,,2.0299999713897705,353.02154541015625,6.159999847412109,676.1580810546875,46.869998931884766,31.350000381469727,290.53900146484375,241.47000122070312,4.409999847412109,34.83000183105469,122.6036376953125,16.520000457763672,25.479999542236328
2025-12-15,27.600000381469727,14.470000267028809,3.390000104904175,7.809999942779541,351.1499938964844,11.3100004196167,207.5800018310547,10.050000190734863,31.510000228881836,222.5399932861328,,0.7329999804496765,337.916259765625,89.58000183105469,26.829999923706055,11.279999732971191,52.119998931884766,24.6200008392334,23.610000610351562,56.25,62.15999984741211,191.02999877929688,227.2571563720703,35.59000015258789,78.5999984741211,255.88999938964844,24.540000915527344,364.8500061035156,22.639999389648438,250.04750061035156,30.25,85.68000030517578,10.819999694824219,1058.5977783203125,53.2599983215332,29.920000076293945,84.13652801513672,162.0800018310547,237.26791381835938,9.140000343322754,176.07522583007812,35.83000183105469,183.1533660888672,22.09000015258789,183.25,9.3100004196167,23.739999771118164,608.3179931640625,10.829999923706055,10.90999984741211,23.530000686645508,79.0,4.639999866485596,,2.0399999618530273,351.8053283691406,5.599999904632568,675.1365356445312,45.2400016784668,31.40999984741211,286.2610778808594,244.55999755859375,4.21999979019165,34.7599983215332,122.31487274169922,16.790000915527344,25.969999313354492
2025-12-16,29.437000274658203,13.920000076293945,3.549999952316284,8.0,347.8900146484375,11.399999618530273,209.1699981689453,10.279999732971191,31.209999084472656,222.55999755859375,,0.7329999804496765,339.39794921875,87.61000061035156,26.760000228881836,11.029999732971191,51.77000045776367,25.270000457763672,23.229999542236328,55.970001220703125,62.02000045776367,198.92999267578125,223.448486328125,34.540000915527344,78.7699966430664,258.510009765625,24.309999465942383,370.3500061035156,23.479999542236328,248.8644256591797,30.799999237060547,84.19000244140625,10.239999771118164,1050.724609375,53.41999816894531,29.889999389648438,83.94681549072266,167.5,232.2827911376953,9.119999885559082,177.5034942626953,34.279998779296875,186.8477325439453,22.5,187.75,9.270000457763672,25.520000457763672,609.5235595703125,10.84000015258789,11.270000457763672,23.959999084472656,77.55999755859375,4.630000114440918,,2.200000047683716,350.8482971191406,5.429999828338623,673.2918701171875,44.31999969482422,30.790000915527344,285.39556884765625,244.52999877929688,4.199999809265137,35.849998474121094,121.48843383789062,16.549999237060547,25.850000381469727
2025-12-17,28.510000228881836,13.220000267028809,3.390000104904175,7.71999979019165,354.6600036621094,10.579999923706055,198.11000061035156,8.779999732971191,29.040000915527344,221.27000427246094,,0.7099999785423279,324.2030944824219,76.97000122070312,25.600000381469727,10.869999885559082,51.79999923706055,24.700000762939453,22.989999771118164,54.7400016784668,59.81999969482422,196.9499969482422,221.39002990722656,34.04999923706055,78.8499984741211,254.02999877929688,22.809999465942383,387.5799865722656,19.780000686645508,246.21546936035156,29.450000762939453,82.06999969482422,6.909999847412109,1038.266845703125,52.029998779296875,30.510000228881836,81.58027648925781,160.3800048828125,225.29962158203125,8.789999961853027,170.73175048828125,32.599998474121094,176.75509643554688,20.790000915527344,177.2899932861328,8.869999885559082,23.799999237060547,598.224853515625,10.739999771118164,10.220000267028809,22.469999313354492,76.73999786376953,4.320000171661377,,2.109999895095825,338.18768310546875,5.28000020980835,665.8832397460938,44.0099983215332,31.1299991607666,275.5364990234375,240.5500030517578,3.950000047683716,33.88999938964844,120.42300415039062,15.800000190734863,25.59000015258789
2025-12-18,28.65999984741211,13.6899995803833,3.4100000858306885,7.929999828338623,355.80999755859375,11.0600004196167,201.05999755859375,9.149999618530273,30.59000015258789,226.75999450683594,,0.703000009059906,328.0416259765625,80.20999908447266,26.170000076293945,11.130000114440918,51.95000076293945,25.34000015258789,23.299999237060547,54.84000015258789,62.20000076293945,208.77999877929688,223.10044860839844,34.189998626708984,77.26000213623047,261.7900085449219,22.510000228881836,390.0,19.950000762939453,247.6793670654297,30.479999542236328,79.62999725341797,7.0,1053.3057861328125,52.040000915527344,30.950000762939453,84.34622955322266,158.24000549316406,248.30711364746094,8.880000114440918,173.9278564453125,30.809999465942383,178.31008911132812,21.399999618530273,185.69000244140625,9.0,24.889999389648438,606.8931884765625,11.020000457763672,10.34000015258789,22.81999969482422,75.95999908447266,4.510000228881836,,2.3399999141693115,346.1728515625,8.25,670.9114990234375,42.93000030517578,29.93000030517578,283.2168273925781,246.64999389648438,3.890000104904175,34.4900016784668,119.49697875976562,15.6899995803833,26.399999618530273
2025-12-19,29.309999465942383,13.770000457763672,3.380000114440918,7.800000190734863,355.8599853515625,11.289999961853027,213.42999267578125,9.350000381469727,30.649999618530273,227.35000610351562,,0.75,338.46319580078125,88.81999969482422,26.56999969482422,10.850000381469727,61.150001525878906,25.770000457763672,23.520000457763672,55.86000061035156,62.720001220703125,215.25,223.58770751953125,34.209999084472656,80.44000244140625,266.9800109863281,24.0,389.4599914550781,21.440000534057617,249.75074768066406,30.780000686645508,83.98999786376953,7.190000057220459,1067.8165283203125,53.970001220703125,33.79999923706055,83.96678161621094,164.82000732421875,265.6601257324219,9.229999542236328,180.76953125,27.93000030517578,190.1360321044922,22.229999542236328,193.3800048828125,8.9399995803833,26.81999969482422,614.8043212890625,11.430000305175781,10.890000343322754,23.760000228881836,78.77999877929688,4.690000057220459,,2.359999895095825,355.125,7.78000020980835,676.9923095703125,43.900001525878906,30.979999542236328,287.4648742675781,247.39999389648438,3.9800000190734863,34.5099983215332,122.90235137939453,15.550000190734863,27.229999542236328
2025-12-22,26.489999771118164,14.550000190734863,3.6700000762939453,8.210000038146973,357.5299987792969,11.180000305175781,214.9499969482422,9.069999694824219,31.860000610351562,228.42999267578125,,0.7260000109672546,340.19683837890625,92.26000213623047,27.920000076293945,11.0,59.279998779296875,26.790000915527344,23.549999237060547,57.90999984741211,65.5999984741211,218.00999450683594,226.7400665283203,34.900001525878906,79.13999938964844,284.5899963378906,24.610000610351562,401.0,22.030000686645508,252.52919006347656,31.309999465942383,84.3499984741211,8.130000114440918,1072.8394775390625,54.38999938964844,34.900001525878906,84.67574310302734,164.32000732421875,276.3197021484375,9.699999809265137,183.4662322998047,28.18000030517578,196.48480224609375,22.920000076293945,193.97999572753906,9.0600004196167,32.189998626708984,617.7513427734375,11.510000228881836,12.289999961853027,26.8799991607666,80.58000183105469,4.590000152587891,,2.640000104904175,359.70001220703125,7.599999904632568,681.2098999023438,45.20000076293945,31.1200008392334,291.77264404296875,248.5800018310547,3.9800000190734863,36.5,125.78652954101562,15.970000267028809,27.6200008392334
2025-12-23,27.8799991607666,14.149999618530273,3.5199999809265137,8.149999618530273,352.4200134277344,11.449999809265137,214.89999389648438,8.720000267028809,31.770000457763672,232.13999938964844,,0.7200000286102295,348.0379333496094,91.43000030517578,27.770000457763672,10.5,61.13999938964844,26.530000686645508,23.75,56.459999084472656,63.290000915527344,221.02000427246094,229.5443572998047,34.540000915527344,78.45999908447266,269.3900146484375,24.59000015258789,397.0,21.729999542236328,251.035400390625,30.639999389648438,83.52999877929688,8.880000114440918,1068.015869140625,54.209999084472656,32.290000915527344,87.55152130126953,157.8800048828125,276.0,9.420000076293945,188.97952270507812,27.670000076293945,193.47381591796875,22.649999618530273,194.1300048828125,9.039999961853027,29.1200008392334,620.6444702148438,11.430000305175781,11.729999542236328,25.110000610351562,80.2699966430664,4.510000228881836,,2.7699999809265137,363.1600036621094,10.359999656677246,684.3233032226562,45.88999938964844,30.729999542236328,295.42376708984375,249.22999572753906,4.0,35.36000061035156,124.76752471923828,15.470000267028809,26.790000915527344
2025-12-24,27.8799991607666,14.260000228881836,3.559999942779541,8.260000228881836,352.9800109863281,11.399999618530273,215.0399932861328,8.529999732971191,31.34000015258789,232.3800048828125,,0.7379999756813049,348.93463134765625,91.87999725341797,28.139999389648438,10.8100004196167,60.15999984741211,26.6299991607666,23.549999237060547,56.709999084472656,64.18000030517578,228.69000244140625,230.1807861328125,34.459999084472656,79.76000213623047,272.2099914550781,24.43000030517578,397.6000061035156,22.329999923706055,251.66281127929688,30.420000076293945,83.12999725341797,8.989999771118164,1073.3377685546875,54.540000915527344,32.75,86.3632583618164,158.7100067138672,286.3998718261719,9.59000015258789,188.38023376464844,27.450000762939453,195.60330200195312,22.360000610351562,194.1699981689453,9.029999732971191,27.520000457763672,622.4602661132812,11.180000305175781,11.420000076293945,24.510000228881836,81.19000244140625,4.510000228881836,,2.8399999141693115,364.1700134277344,9.859999656677246,686.7305297851562,45.86000061035156,31.06999969482422,297.2642517089844,251.60000610351562,4.019999980926514,40.279998779296875,126.1761474609375,15.449999809265137,26.860000610351562
2025-12-26,27.68000030517578,13.649999618530273,3.569999933242798,8.260000228881836,353.79998779296875,10.970000267028809,214.99000549316406,8.270000457763672,30.579999923706055,232.52000427246094,,0.7429999709129333,350.8376159667969,90.18000030517578,27.979999542236328,11.149999618530273,59.95000076293945,26.489999771118164,23.489999771118164,55.08000183105469,63.11000061035156,229.22000122070312,229.35426330566406,34.880001068115234,80.41999816894531,269.69000244140625,23.399999618530273,398.1600036621094,21.709999084472656,250.3781280517578,29.59000015258789,81.31999969482422,9.399999618530273,1074.105224609375,53.380001068115234,31.200000762939453,86.2134780883789,158.80999755859375,284.51171875,9.4399995803833,190.2978973388672,26.229999542236328,196.09852600097656,21.969999313354492,188.7100067138672,8.930000305175781,25.290000915527344,622.4202880859375,10.920000076293945,10.65999984741211,22.3799991607666,80.75,4.489999771118164,,2.869999885559082,365.8599853515625,8.529999732971191,686.660888671875,45.66999816894531,30.770000457763672,301.2834777832031,256.0899963378906,4.139999866485596,39.63999938964844,124.85743713378906,15.220000267028809,26.8700008392334
2025-12-29,25.920000076293945,13.46500015258789,3.450000047683716,8.270000457763672,353.1600036621094,10.449999809265137,215.61000061035156,7.920000076293945,29.239999771118164,232.07000732421875,,0.7490000128746033,348.1076965332031,88.41000366210938,27.84000015258789,11.539999961853027,60.040000915527344,26.829999923706055,23.450000762939453,53.970001220703125,61.75,227.74000549316406,229.6629638671875,34.540000915527344,79.43000030517578,268.25,23.15999984741211,399.3699951171875,21.600000381469727,248.8445281982422,29.549999237060547,80.3499984741211,9.489999771118164,1075.081787109375,51.93000030517578,31.149999618530273,85.63433837890625,155.38999938964844,294.2011413574219,9.140000343322754,187.99070739746094,25.639999389648438,193.51344299316406,21.3799991607666,184.17999267578125,9.119999885559082,26.149999618530273,619.4074096679688,10.600000381469727,10.569999694824219,22.270000457763672,80.5199966430664,4.369999885559082,,3.3499999046325684,364.2099914550781,8.729999542236328,684.2138671875,45.189998626708984,30.530000686645508,299.3733825683594,255.6999969482422,4.329999923706055,38.880001068115234,123.26899719238281,15.170000076293945,26.739999771118164
2025-12-30,26.06999969482422,13.225000381469727,3.490000009536743,8.140000343322754,352.510009765625,9.880000114440918,215.33999633789062,7.829999923706055,28.950000762939453,232.52999877929688,,0.7450000047683716,348.56597900390625,87.26000213623047,27.81999969482422,11.640000343322754,58.9900016784668,26.329999923706055,23.729999542236328,53.189998626708984,61.369998931884766,221.25,229.7028045654297,34.7599983215332,76.80000305175781,264.29998779296875,22.780000686645508,405.8299865722656,21.18000030517578,247.00218200683594,29.049999237060547,78.12000274658203,9.350000381469727,1076.0985107421875,50.439998626708984,30.40999984741211,86.63287353515625,155.61000061035156,292.4621276855469,9.0600004196167,187.31153869628906,25.06999969482422,195.3259735107422,21.489999771118164,180.83999633789062,9.029999732971191,26.25,617.9707641601562,10.380000114440918,10.399999618530273,22.40999984741211,79.66999816894531,4.28000020980835,,3.309999942779541,363.30999755859375,8.75,683.3783569335938,43.619998931884766,29.75,298.0402526855469,257.9100036621094,4.230000019073486,37.68000030517578,121.5506820678711,15.029999732971191,26.540000915527344
2025-12-31,26.239999771118164,13.125,3.490000009536743,8.020000457763672,349.989990234375,9.760000228881836,214.16000366210938,7.889999866485596,28.780000686645508,230.82000732421875,,0.7829999923706055,344.82977294921875,86.88999938964844,27.719999313354492,11.289999961853027,59.43000030517578,25.170000076293945,23.270000457763672,52.439998626708984,63.540000915527344,221.41000366210938,227.9601287841797,34.459999084472656,76.04000091552734,261.2300109863281,22.360000610351562,401.29998779296875,21.479999542236328,245.1399383544922,28.90999984741211,77.80999755859375,9.399999618530273,1071.045654296875,50.52000045776367,29.489999771118164,84.85547637939453,151.9499969482422,285.24627685546875,8.989999771118164,186.27279663085938,25.0,193.04794311523438,21.639999389648438,177.75,9.130000114440918,26.149999618530273,612.8628540039062,10.420000076293945,10.260000228881836,22.149999618530273,79.6500015258789,4.25,,3.7699999809265137,360.1300048828125,9.020000457763672,678.3152465820312,44.04999923706055,29.809999465942383,302.328125,256.0299987792969,4.300000190734863,38.209999084472656,121.8104248046875,15.3100004196167,26.329999923706055
2026-01-02,26.3700008392334,13.1899995803833,3.609999895095825,8.289999961853027,333.29998779296875,8.954999923706055,223.47000122070312,8.739999771118164,31.579999923706055,226.5,,0.7590000033378601,346.3441467285156,98.69000244140625,27.139999389648438,10.84000015258789,59.45000076293945,26.399999618530273,24.610000610351562,53.77000045776367,61.72999954223633,219.47999572753906,229.4339141845703,35.65999984741211,77.80999755859375,274.3399963378906,24.75,382.2300109863281,20.81999969482422,247.74908447265625,28.56999969482422,72.76000213623047,8.770000457763672,1076.706298828125,54.970001220703125,30.860000610351562,89.25901794433594,157.16000366210938,315.23907470703125,9.210000038146973,188.6199493408203,25.280000686645508,193.84031677246094,23.3700008392334,167.86000061035156,9.220000267028809,28.1299991607666,611.6757202148438,11.0600004196167,11.010000228881836,23.600000381469727,79.0199966430664,4.650000095367432,,4.349999904632568,373.29998779296875,11.729999542236328,679.55859375,42.79999923706055,29.280000686645508,317.96728515625,251.60000610351562,4.079999923706055,39.52000045776367,121.40082550048828,14.920000076293945,26.6200008392334
2026-01-05,26.950000762939453,13.279999732971191,3.740000009536743,8.609999656677246,331.55999755859375,8.3100004196167,221.0800018310547,9.210000038146973,33.209999084472656,233.05999755859375,,0.7459999918937683,342.15960693359375,103.87000274658203,26.84000015258789,9.930000305175781,58.869998931884766,27.81999969482422,25.100000381469727,55.150001525878906,61.2599983215332,230.17999267578125,234.3731231689453,36.2400016784668,76.83999633789062,272.0,26.299999237060547,379.6199951171875,19.709999084472656,251.6826934814453,29.270000457763672,72.41000366210938,8.130000114440918,1037.9876708984375,58.619998931884766,32.16999816894531,90.09778594970703,164.72000122070312,311.970947265625,9.369999885559082,187.89083862304688,25.100000381469727,190.75009155273438,24.799999237060547,174.0399932861328,9.510000228881836,30.639999389648438,616.5341796875,11.329999923706055,11.960000038146973,25.010000228881836,78.33000183105469,5.139999866485596,,5.0,377.5899963378906,10.579999923706055,684.0845336914062,42.7599983215332,29.899999618530273,320.5937194824219,257.30999755859375,4.03000020980835,38.11000061035156,120.03217315673828,14.270000457763672,25.479999542236328
2026-01-06,26.010000228881836,13.3100004196167,3.9000000953674316,8.550000190734863,335.989990234375,16.229999542236328,214.35000610351562,9.1899995803833,30.75,240.92999267578125,,0.7239999771118164,342.50830078125,103.05000305175781,28.34000015258789,9.619999885559082,60.06999969482422,27.0,27.010000228881836,58.189998626708984,64.5999984741211,233.25,235.5979766845703,34.95000076293945,79.12000274658203,268.7799987792969,26.079999923706055,396.0,19.75,255.01881408691406,29.739999771118164,73.45999908447266,7.940000057220459,1060.441650390625,59.81999969482422,35.65999984741211,88.10071563720703,157.97000122070312,343.23297119140625,9.729999542236328,187.0119171142578,25.040000915527344,191.89903259277344,25.700000762939453,179.7100067138672,9.300000190734863,31.270000457763672,621.951416015625,11.3100004196167,12.140000343322754,25.3799991607666,79.8499984741211,5.099999904632568,,4.099999904632568,387.6199951171875,10.109999656677246,688.1529541015625,41.310001373291016,29.40999984741211,325.7471008300781,254.35000610351562,3.930000066757202,35.79999923706055,121.97026824951172,14.0600004196167,24.18000030517578
2026-01-07,28.219999313354492,13.699999809265137,4.019999980926514,8.470000267028809,338.1000061035156,17.920000076293945,210.02000427246094,8.899999618530273,30.75,241.55999755859375,,0.746999979019165,342.2392883300781,108.0,28.93000030517578,11.739999771118164,61.310001373291016,27.229999542236328,26.780000686645508,57.9900016784668,65.41999816894531,234.74000549316406,234.58226013183594,34.65999984741211,82.0999984741211,241.11000061035156,25.510000228881836,398.2200012207031,19.979999542236328,254.4213104248047,31.239999771118164,76.69000244140625,8.699999809265137,1104.3426513671875,62.5,35.88999938964844,84.5159683227539,161.8300018310547,339.355224609375,10.130000114440918,188.87962341308594,27.06999969482422,190.99771118164062,25.700000762939453,181.67999267578125,9.199999809265137,30.200000762939453,622.550048828125,10.90999984741211,11.649999618530273,25.209999084472656,102.70999908447266,5.039999961853027,,4.039999961853027,385.0199890136719,8.609999656677246,685.9347534179688,44.22999954223633,30.34000015258789,317.04205322265625,256.6700134277344,3.890000104904175,36.279998779296875,126.30601501464844,14.949999809265137,24.850000381469727
2026-01-08,27.889999389648438,14.510000228881836,3.440000057220459,8.729999542236328,339.0400085449219,18.18000030517578,204.67999267578125,9.239999771118164,30.579999923706055,246.2899932861328,,0.7250000238418579,331.2597351074219,121.83999633789062,28.0,11.359999656677246,60.349998474121094,27.700000762939453,26.059999465942383,56.400001525878906,63.31999969482422,236.60000610351562,234.01463317871094,35.97999954223633,86.05000305175781,246.25999450683594,25.5,369.8999938964844,20.450000762939453,257.1997375488281,30.729999542236328,74.9800033569336,8.449999809265137,1081.52001953125,61.060001373291016,33.86000061035156,83.32772064208984,166.97000122070312,326.8323974609375,10.520000457763672,184.8145751953125,25.56999969482422,187.8381805419922,27.68000030517578,176.86000061035156,9.390000343322754,29.280000686645508,619.0083618164062,10.890000343322754,11.9399995803833,25.25,107.38999938964844,5.309999942779541,,3.859999895095825,378.9800109863281,9.329999923706055,685.8651123046875,41.66999816894531,30.5,316.37554931640625,252.3800048828125,4.230000019073486,35.599998474121094,123.58867645263672,14.1899995803833,23.100000381469727
2026-01-09,28.780000686645508,14.270000457763672,3.3350000381469727,8.779999732971191,333.95001220703125,19.559999465942383,203.1699981689453,9.479999542236328,30.670000076293945,247.3800048828125,,0.7129999995231628,343.7038879394531,134.07000732421875,27.549999237060547,11.109999656677246,58.95000076293945,27.760000228881836,26.860000610351562,53.84000015258789,62.5099983215332,239.35000610351562,237.37049865722656,35.16999816894531,87.0199966430664,238.66000366210938,24.940000534057617,371.55999755859375,21.06999969482422,259.1516418457031,31.450000762939453,74.7699966430664,8.319999694824219,1059.96337890625,62.0,34.29999923706055,83.15785217285156,157.3300018310547,344.8920593261719,10.380000114440918,184.63479614257812,28.079999923706055,197.14321899414062,27.8700008392334,177.49000549316406,9.949999809265137,28.110000610351562,625.173828125,10.609999656677246,11.720000267028809,24.719999313354492,118.63999938964844,5.329999923706055,,3.4600000381469727,389.2200012207031,9.819999694824219,690.4010009765625,42.18000030517578,28.469999313354492,321.9666442871094,250.7100067138672,4.550000190734863,34.58000183105469,124.3779067993164,13.890000343322754,23.170000076293945
2026-01-12,28.3799991607666,14.84000015258789,3.4000000953674316,8.770000457763672,327.6499938964844,21.09000015258789,207.69000244140625,10.010000228881836,30.469999313354492,246.47000122070312,,0.6830000281333923,350.9173278808594,136.8699951171875,33.689998626708984,11.84000015258789,57.709999084472656,27.93000030517578,27.6200008392334,55.29999923706055,64.63999938964844,215.50999450683594,237.9978790283203,34.959999084472656,86.58000183105469,237.8300018310547,25.489999771118164,375.9599914550781,20.56999969482422,260.4163818359375,30.600000381469727,73.08999633789062,8.229999542236328,1077.3441162109375,65.33999633789062,33.84000015258789,82.82809448242188,162.22999572753906,345.6716003417969,11.430000305175781,184.71470642089844,28.790000915527344,203.26048278808594,27.31999969482422,179.41000366210938,9.680000305175781,28.799999237060547,625.6925659179688,10.720000267028809,12.109999656677246,25.530000686645508,117.16999816894531,5.440000057220459,,4.110000133514404,390.6600036621094,10.670000076293945,691.4852294921875,43.560001373291016,27.719999313354492,330.0647888183594,248.9199981689453,4.489999771118164,34.099998474121094,123.80846405029297,14.170000076293945,23.15999984741211
2026-01-13,27.770000457763672,15.390000343322754,3.309999942779541,8.739999771118164,309.92999267578125,22.110000610351562,220.97000122070312,9.670000076293945,31.559999465942383,242.60000610351562,,0.7059999704360962,353.3085021972656,139.77000427246094,34.54999923706055,10.970000267028809,55.20000076293945,26.719999313354492,27.84000015258789,56.18000030517578,63.33000183105469,211.72000122070312,234.57228088378906,34.04999923706055,87.55999755859375,241.36000061035156,26.81999969482422,358.8900146484375,20.139999389648438,260.2669982910156,30.020000457763672,74.12999725341797,8.65999984741211,1073.5469970703125,63.81999969482422,39.599998474121094,82.98797607421875,172.99000549316406,337.93603515625,11.739999771118164,185.58364868164062,27.889999389648438,200.88705444335938,27.110000610351562,178.9600067138672,9.1899995803833,28.81999969482422,624.7647705078125,10.609999656677246,11.6899995803833,24.469999313354492,119.94999694824219,5.599999904632568,,4.150000095367432,391.5299987792969,10.09000015258789,690.1026000976562,43.75,27.8700008392334,329.5076599121094,247.49000549316406,4.559999942779541,29.110000610351562,123.7285385131836,13.9399995803833,23.920000076293945
2026-01-14,28.31999969482422,14.979999542236328,3.3499999046325684,8.84000015258789,304.44000244140625,24.34000015258789,223.60000610351562,10.359999656677246,31.25,236.64999389648438,,0.7179999947547913,338.642578125,133.4600067138672,35.40999984741211,11.699999809265137,56.08000183105469,25.690000534057617,28.110000610351562,56.88999938964844,64.5999984741211,185.4600067138672,236.9522705078125,34.31999969482422,86.26000213623047,236.4499969482422,28.190000534057617,345.29998779296875,20.760000228881836,262.099365234375,30.1299991607666,75.20999908447266,9.15999984741211,1069.660400390625,69.30000305175781,40.58000183105469,81.14934539794922,179.3300018310547,333.1587829589844,12.020000457763672,182.91690063476562,28.770000457763672,192.26727294921875,27.75,178.39999389648438,9.0,30.149999618530273,618.0905151367188,10.789999961853027,12.510000228881836,25.719999313354492,121.22000122070312,5.789999961853027,,4.110000133514404,388.3500061035156,11.270000457763672,686.7106323242188,45.58000183105469,29.540000915527344,325.4287414550781,245.49000549316406,4.630000114440918,28.93000030517578,126.69563293457031,14.449999809265137,24.6200008392334
2026-01-15,27.299999237060547,15.350000381469727,3.049999952316284,8.979999542236328,304.0899963378906,24.170000076293945,227.9199981689453,10.149999618530273,31.079999923706055,238.17999267578125,,0.7070000171661377,341.76104736328125,139.1699981689453,32.04999923706055,11.920000076293945,55.06999969482422,25.84000015258789,29.139999389648438,54.209999084472656,63.439998626708984,192.05999755859375,238.88414001464844,35.459999084472656,89.18000030517578,243.63999938964844,31.989999771118164,329.239990234375,22.850000381469727,264.4097595214844,28.690000534057617,71.12000274658203,8.720000267028809,1029.4765625,66.69999694824219,39.36000061035156,80.3199691772461,170.91000366210938,336.4368896484375,11.869999885559082,186.82212829589844,29.190000534057617,188.53334045410156,27.399999618530273,177.07000732421875,9.09000015258789,28.719999313354492,620.3153076171875,10.380000114440918,12.180000305175781,24.700000762939453,123.2699966430664,5.630000114440918,,3.8399999141693115,396.4100036621094,11.579999923706055,688.5806884765625,46.529998779296875,30.709999084472656,339.88409423828125,244.33999633789062,4.510000228881836,28.399999618530273,124.2280502319336,13.210000038146973,23.6299991607666
2026-01-16,27.049999237060547,15.369999885559082,3.0199999809265137,8.739999771118164,296.1199951171875,23.860000610351562,231.8300018310547,11.0,32.189998626708984,239.1199951171875,,0.7089999914169312,350.4191589355469,149.5,31.219999313354492,13.140000343322754,54.59000015258789,26.06999969482422,28.25,53.5099983215332,62.58000183105469,194.00999450683594,235.00050354003906,32.619998931884766,89.98999786376953,243.72999572753906,34.310001373291016,311.8800048828125,22.40999984741211,264.6587219238281,29.0,69.54000091552734,8.359999656677246,1034.8883056640625,68.9800033569336,41.83000183105469,80.39990997314453,173.7100067138672,362.54193115234375,12.5,186.0031280517578,27.139999389648438,189.76473999023438,26.360000610351562,170.9600067138672,8.479999542236328,28.829999923706055,619.7965087890625,10.550000190734863,12.699999809265137,25.6200008392334,120.27999877929688,5.599999904632568,,3.9800000190734863,400.3900146484375,11.619999885559082,688.0037231445312,44.970001220703125,30.56999969482422,340.64013671875,240.13999938964844,4.570000171661377,27.8700008392334,124.05821990966797,12.789999961853027,23.469999313354492
2026-01-20,26.010000228881836,15.520000457763672,2.9000000953674316,8.470000267028809,290.3699951171875,26.059999465942383,231.9199981689453,11.170000076293945,31.15999984741211,231.0,,0.7070000171661377,331.3793029785156,151.75,30.96500015258789,12.680000305175781,56.310001373291016,25.670000076293945,28.510000228881836,52.61000061035156,63.779998779296875,185.27000427246094,233.34744262695312,32.25,89.04000091552734,242.11000061035156,32.099998474121094,304.7900085449219,23.8799991607666,261.49188232421875,27.260000228881836,68.13999938964844,9.020000457763672,1037.7685546875,68.37999725341797,43.0,79.74040985107422,160.22999572753906,364.7906494140625,12.829999923706055,177.85308837890625,26.719999313354492,178.6721954345703,24.5,168.52999877929688,7.889999866485596,27.040000915527344,606.6276245117188,10.229999542236328,11.930000305175781,24.989999771118164,116.22000122070312,5.460000038146973,,4.320000171661377,390.3900146484375,11.020000457763672,673.9981689453125,44.7400016784668,30.940000534057617,325.4784851074219,240.61000061035156,4.630000114440918,27.940000534057617,125.16712951660156,12.640000343322754,23.670000076293945
2026-01-21,26.389999389648438,15.819999694824219,3.0199999809265137,8.470000267028809,294.2300109863281,26.68000030517578,249.8000030517578,11.270000457763672,31.809999465942383,231.30999755859375,,0.7089999914169312,327.5932312011719,150.55999755859375,31.1200008392334,12.869999885559082,56.77000045776367,26.3799991607666,29.780000686645508,54.72999954223633,63.040000915527344,186.0,241.03509521484375,31.579999923706055,91.81999969482422,243.72000122070312,32.45000076293945,302.32000732421875,24.8700008392334,266.6802978515625,27.399999618530273,70.73999786376953,9.479999542236328,1074.87255859375,64.6500015258789,49.810001373291016,82.48835754394531,163.80999755859375,388.88677978515625,14.029999732971191,183.09669494628906,26.290000915527344,172.67410278320312,25.290000915527344,165.3300018310547,8.050000190734863,26.040000915527344,614.8282470703125,11.050000190734863,11.640000343322754,23.670000076293945,117.52999877929688,5.260000228881836,,4.579999923706055,401.92999267578125,11.579999923706055,681.77685546875,46.04999923706055,31.56999969482422,324.44384765625,238.22999572753906,4.699999809265137,28.25,128.05429077148438,13.0,23.950000762939453
2026-01-22,26.200000762939453,15.079999923706055,3.1600000858306885,8.619999885559082,299.7300109863281,26.280000686645508,253.72999572753906,11.949999809265137,33.099998474121094,234.33999633789062,,0.7459999918937683,324.2953796386719,145.6300048828125,34.2599983215332,13.760000228881836,57.18000030517578,27.0,29.469999313354492,60.810001373291016,64.93000030517578,190.39999389648438,239.07334899902344,31.6200008392334,93.61000061035156,239.67999267578125,30.920000076293945,319.5,25.81999969482422,268.6719970703125,28.790000915527344,72.7699966430664,10.510000228881836,1083.70263671875,68.37000274658203,51.869998931884766,83.03793334960938,160.97999572753906,397.3518981933594,15.899999618530273,184.6148223876953,26.420000076293945,176.9442596435547,27.239999771118164,165.89999389648438,8.390000343322754,27.43000030517578,619.2976684570312,10.800000190734863,12.0,24.959999084472656,118.80999755859375,5.570000171661377,,4.510000228881836,402.82000732421875,12.399999618530273,685.3379516601562,47.7599983215332,31.6299991607666,325.6874084472656,241.10000610351562,4.829999923706055,29.729999542236328,131.44097900390625,13.109999656677246,23.549999237060547
2026-01-23,26.479999542236328,15.010000228881836,2.9100000858306885,8.5,301.07000732421875,24.520000457763672,259.67999267578125,11.170000076293945,33.279998779296875,239.16000366210938,,0.7229999899864197,318.8753662109375,144.88999938964844,31.559999465942383,13.510000228881836,56.209999084472656,26.459999084472656,28.229999542236328,55.52000045776367,63.40999984741211,182.3699951171875,234.02459716796875,29.969999313354492,94.16000366210938,242.14999389648438,31.899999618530273,322.7799987792969,25.8700008392334,263.712646484375,27.700000762939453,69.93000030517578,9.760000228881836,1060.6907958984375,69.58000183105469,48.709999084472656,80.17008972167969,163.11000061035156,399.4207458496094,14.630000114440918,187.44137573242188,25.229999542236328,175.9313507080078,24.84000015258789,169.60000610351562,8.130000114440918,25.6299991607666,621.2530517578125,10.359999656677246,11.460000038146973,23.450000762939453,117.62999725341797,5.420000076293945,,4.260000228881836,400.0899963378906,10.430000305175781,685.5865478515625,44.290000915527344,31.200000762939453,333.14886474609375,245.72999572753906,4.690000057220459,29.440000534057617,127.9144287109375,12.779999732971191,23.239999771118164
2026-01-26,25.59000015258789,14.760000228881836,2.890000104904175,8.600000381469727,304.7200012207031,26.309999465942383,251.30999755859375,10.899999618530273,31.549999237060547,238.4199981689453,,0.7009999752044678,323.6577453613281,139.6199951171875,30.950000762939453,12.739999771118164,56.779998779296875,26.889999389648438,28.969999313354492,54.650001525878906,63.189998626708984,184.05999755859375,235.71746826171875,30.579999923706055,88.80000305175781,242.97000122070312,31.280000686645508,328.989990234375,25.43000030517578,262.8861083984375,27.110000610351562,71.05999755859375,8.880000114440918,1059.156005859375,63.439998626708984,47.9900016784668,81.70893096923828,160.5800018310547,388.8667907714844,13.949999809265137,186.2428436279297,25.09000015258789,181.17474365234375,24.170000076293945,167.47000122070312,7.96999979019165,23.75,623.9866333007812,9.90999984741211,10.84000015258789,21.760000228881836,97.77999877929688,5.090000152587891,,4.300000190734863,398.82000732421875,10.25,689.0680541992188,44.88999938964844,30.68000030517578,330.9999694824219,245.6300048828125,4.340000152587891,29.940000534057617,127.73461151123047,13.020000457763672,22.90999984741211
2026-01-27,25.59000015258789,14.699999809265137,2.9800000190734863,8.350000381469727,297.4200134277344,26.0,252.02999877929688,11.579999923706055,32.16999816894531,244.67999267578125,,0.7070000171661377,331.568603515625,152.30999755859375,30.700000762939453,12.670000076293945,56.849998474121094,26.6200008392334,28.989999771118164,54.2599983215332,64.01000213623047,177.50999450683594,234.76150512695312,30.110000610351562,86.7300033569336,235.0500030517578,33.18000030517578,319.6600036621094,25.700000762939453,263.63299560546875,25.8700008392334,72.1500015258789,9.279999732971191,1035.99462890625,66.7300033569336,45.45000076293945,82.8680648803711,161.5800018310547,410.0046691894531,14.829999923706055,188.29034423828125,26.100000381469727,173.68701171875,24.40999984741211,165.6999969482422,7.929999828338623,24.690000534057617,629.6432495117188,10.149999618530273,11.3100004196167,22.309999465942383,99.81999969482422,5.190000057220459,,4.400000095367432,407.25,9.869999885559082,691.8134765625,43.9900016784668,30.799999237060547,336.60101318359375,245.52000427246094,4.309999942779541,30.030000686645508,128.40394592285156,13.170000076293945,23.25
2026-01-28,25.299999237060547,13.25,2.940000057220459,8.039999961853027,299.5799865722656,27.709999084472656,252.74000549316406,11.979999542236328,31.81999969482422,243.00999450683594,,0.6740000247955322,332.0169372558594,165.38999938964844,29.020000457763672,12.180000305175781,56.68000030517578,26.219999313354492,28.989999771118164,53.689998626708984,65.13999938964844,174.88999938964844,223.59848022460938,30.1200008392334,84.9800033569336,249.41000366210938,31.899999618530273,317.1099853515625,24.75,262.2088928222656,25.5,71.16000366210938,8.380000114440918,1020.337646484375,67.01000213623047,45.29999923706055,83.55754852294922,158.4499969482422,435.03033447265625,13.819999694824219,191.28668212890625,24.56999969482422,171.60157775878906,23.8799991607666,157.35000610351562,8.069999694824219,24.969999313354492,631.7283325195312,9.930000305175781,11.130000114440918,22.010000228881836,97.33000183105469,4.755000114440918,,3.9700000286102295,416.6300048828125,10.149999618530273,691.7438354492188,43.130001068115234,30.309999465942383,340.5406799316406,243.17999267578125,4.059999942779541,30.280000686645508,125.81649780273438,12.350000381469727,22.309999465942383
2026-01-29,25.0,13.350000381469727,3.0299999713897705,7.880000114440918,291.6499938964844,26.84000015258789,252.17999267578125,13.579999923706055,31.450000762939453,241.72999572753906,,0.8510000109672546,329.51617431640625,156.50999450683594,29.290000915527344,12.100000381469727,56.9900016784668,24.8799991607666,29.360000610351562,53.349998474121094,65.5999984741211,171.39999389648438,218.69912719726562,29.940000534057617,85.02999877929688,224.00999450683594,29.959999084472656,281.5299987792969,25.06999969482422,262.27862548828125,24.139999389648438,73.91000366210938,8.210000038146973,1020.676513671875,62.15999984741211,46.86000061035156,81.27925109863281,143.19000244140625,435.5400390625,13.899999618530273,192.27548217773438,26.059999465942383,167.83786010742188,23.479999542236328,151.86000061035156,8.0,23.219999313354492,627.947265625,9.854999542236328,10.180000305175781,19.850000381469727,98.19999694824219,4.815000057220459,,3.890000104904175,417.5199890136719,10.0,690.3711547851562,44.91999816894531,30.0,337.8048095703125,239.27000427246094,3.9000000953674316,31.989999771118164,126.61570739746094,12.380000114440918,22.3799991607666
2026-01-30,24.18000030517578,12.989999771118164,2.990000009536743,7.809999942779541,293.25,24.510000228881836,236.72999572753906,12.4399995803833,29.920000076293945,239.3000030517578,,0.8830000162124634,330.08404541015625,151.3699951171875,27.6200008392334,11.829999923706055,56.540000915527344,25.420000076293945,28.540000915527344,49.959999084472656,63.189998626708984,163.69000244140625,217.97218322753906,27.510000228881836,84.98999786376953,225.52000427246094,28.260000228881836,280.0,24.6200008392334,258.57403564453125,23.06999969482422,72.69000244140625,8.010000228881836,1033.642578125,58.77000045776367,44.06999969482422,78.8610610961914,149.7100067138672,414.6419982910156,13.149999618530273,190.8971710205078,25.719999313354492,163.43858337402344,20.829999923706055,146.58999633789062,7.889999866485596,21.219999313354492,620.4050903320312,8.850000381469727,9.270000457763672,18.170000076293945,96.94999694824219,4.480000019073486,,3.7699999809265137,403.4599914550781,9.680000305175781,688.3120727539062,44.34000015258789,29.43000030517578,328.86102294921875,220.3000030517578,3.9700000286102295,31.09000015258789,124.6276626586914,12.09000015258789,22.530000686645508
2026-02-02,23.170000076293945,13.300000190734863,3.0199999809265137,7.619999885559082,293.3800048828125,26.420000076293945,246.27000427246094,13.149999618530273,30.020000457763672,242.9600067138672,,0.9700000286102295,329.8947448730469,156.1300048828125,27.920000076293945,11.75,57.95000076293945,24.030000686645508,29.350000381469727,51.310001373291016,65.16000366210938,174.72999572753906,222.48318481445312,27.420000076293945,86.1500015258789,230.5500030517578,26.440000534057617,274.05999755859375,26.139999389648438,261.0935363769531,22.920000076293945,75.62000274658203,8.329999923706055,1040.5989990234375,59.11000061035156,42.54999923706055,78.60125732421875,139.6300048828125,437.5488586425781,13.0600004196167,185.38388061523438,25.649999618530273,158.94993591308594,20.329999923706055,147.75999450683594,7.869999885559082,20.969999313354492,624.6650390625,8.680000305175781,9.34000015258789,17.709999084472656,97.16000366210938,4.28000020980835,,3.9700000286102295,407.9700012207031,9.010000228881836,691.7339477539062,46.61000061035156,29.18000030517578,339.6054992675781,221.80999755859375,3.990000009536743,33.095001220703125,127.22511291503906,12.109999656677246,23.170000076293945
2026-02-03,23.329999923706055,12.90999984741211,3.0899999141693115,7.46999979019165,271.92999267578125,27.040000915527344,242.11000061035156,14.680000305175781,30.0,238.6199951171875,,0.9599999785423279,319.154296875,168.88999938964844,27.889999389648438,11.390000343322754,57.61000061035156,21.860000610351562,29.770000457763672,52.0,64.7300033569336,170.0,215.69180297851562,26.760000228881836,84.80999755859375,239.0399932861328,21.979999542236328,245.16000366210938,26.969999313354492,261.6910400390625,21.59000015258789,77.22000122070312,8.329999923706055,1000.0664672851562,64.61000061035156,42.20000076293945,75.48358154296875,133.25999450683594,419.19940185546875,13.050000190734863,180.12030029296875,26.139999389648438,153.59732055664062,20.270000457763672,157.8800048828125,7.019999980926514,21.399999618530273,615.0676879882812,8.859999656677246,9.649999618530273,18.209999084472656,95.97000122070312,4.429999828338623,,4.159999847412109,397.67999267578125,8.09000015258789,685.885009765625,47.95000076293945,29.729999542236328,334.0243225097656,212.1699981689453,3.950000047683716,32.84000015258789,127.52481842041016,11.989999771118164,23.440000534057617
2026-02-04,24.149999618530273,12.5600004196167,2.9100000858306885,7.53000020980835,279.7099914550781,26.350000381469727,200.19000244140625,12.399999618530273,27.610000610351562,232.99000549316406,,0.8809999823570251,306.9194030761719,147.35000610351562,26.950000762939453,10.989999771118164,57.619998931884766,21.729999542236328,28.690000534057617,50.16999816894531,63.52000045776367,163.0800018310547,218.6094970703125,27.239999771118164,84.62999725341797,238.05999755859375,20.15999984741211,243.92999267578125,26.40999984741211,259.4403991699219,21.719999313354492,77.69999694824219,7.619999885559082,1103.3758544921875,60.54999923706055,42.77000045776367,73.67494201660156,129.08999633789062,379.182373046875,12.359999656677246,173.97781372070312,26.34000015258789,145.65280151367188,19.18000030517578,139.5399932861328,6.829999923706055,20.110000610351562,604.3230590820312,8.489999771118164,9.130000114440918,17.190000534057617,96.51000213623047,4.039999961853027,,3.819999933242798,382.0199890136719,8.270000457763672,682.5626831054688,46.83000183105469,29.1200008392334,324.0657958984375,200.75999450683594,3.859999895095825,31.68000030517578,125.16712951660156,11.529999732971191,23.110000610351562
2026-02-05,24.190000534057617,11.289999961853027,2.5299999713897705,7.050000190734863,269.3900146484375,26.34000015258789,192.5,10.579999923706055,25.950000762939453,222.69000244140625,,0.8109999895095825,309.3703918457031,136.60000610351562,24.729999542236328,10.760000228881836,57.150001525878906,20.770000457763672,28.93000030517578,45.880001068115234,60.2400016784668,155.9199981689453,214.84535217285156,25.520000457763672,76.86000061035156,234.36000061035156,16.84000015258789,223.49000549316406,24.0,254.7698516845703,20.350000381469727,75.94000244140625,7.269999980926514,1017.3876953125,56.54999923706055,40.869998931884766,74.15457153320312,106.98999786376953,382.6703796386719,11.09000015258789,171.67062377929688,25.010000228881836,135.53347778320312,17.299999237060547,130.00999450683594,6.400000095367432,17.209999084472656,595.6236572265625,7.760000228881836,7.809999942779541,14.975000381469727,96.1500015258789,3.75,,3.5299999713897705,381.07000732421875,7.329999923706055,674.0379638671875,44.45000076293945,27.760000228881836,329.0301513671875,193.24000549316406,3.549999952316284,29.469999313354492,120.60161590576172,10.819999694824219,22.020000457763672
2026-02-06,24.520000457763672,12.649999618530273,2.694999933242798,7.369999885559082,268.3800048828125,26.190000534057617,208.44000244140625,12.239999771118164,28.170000076293945,210.32000732421875,,0.8989999890327454,331.6981506347656,143.02999877929688,26.520000457763672,11.600000381469727,58.130001068115234,21.780000686645508,30.850000381469727,48.7400016784668,62.34000015258789,183.22000122070312,215.70175170898438,26.6200008392334,82.08999633789062,218.72999572753906,19.760000228881836,232.5800018310547,24.8799991607666,263.9217529296875,20.520000457763672,79.58999633789062,7.929999828338623,1054.6014404296875,61.2599983215332,41.0099983215332,80.22003936767578,134.92999267578125,394.4635925292969,12.279999732971191,185.18414306640625,25.360000610351562,141.8295135498047,19.420000076293945,135.89999389648438,7.25,20.719999313354492,608.2138671875,8.470000267028809,9.430000305175781,17.709999084472656,97.48999786376953,3.950000047683716,,3.7300000190734863,401.6499938964844,7.940000057220459,686.96923828125,47.619998931884766,28.860000610351562,347.0570373535156,195.58999633789062,3.7200000286102295,29.709999084472656,125.38691711425781,11.609999656677246,22.719999313354492
2026-02-09,23.610000610351562,13.479999542236328,2.759999990463257,7.300000190734863,266.8999938964844,26.1200008392334,216.0,12.489999771118164,28.790000915527344,208.72000122070312,,0.8999999761581421,342.67767333984375,155.1699981689453,27.280000686645508,12.779999732971191,57.810001373291016,22.399999618530273,31.670000076293945,49.70000076293945,63.36000061035156,185.22999572753906,215.75155639648438,27.219999313354492,74.45999908447266,222.1300048828125,21.149999618530273,231.0800018310547,24.5,265.7740783691406,20.3700008392334,79.0199966430664,8.079999923706055,1041.1370849609375,62.79999923706055,41.95000076293945,82.28849792480469,138.44000244140625,383.2799987792969,12.489999771118164,189.80848693847656,24.950000762939453,155.50399780273438,21.059999465942383,142.91000366210938,7.360000133514404,21.209999084472656,612.8728637695312,9.170000076293945,9.4399995803833,17.59000015258789,96.73999786376953,4.019999980926514,,3.809999942779541,406.6499938964844,8.520000457763672,690.2816772460938,47.849998474121094,29.579999923706055,353.5832824707031,205.02999877929688,3.819999933242798,30.06999969482422,125.986328125,11.930000305175781,22.510000228881836
2026-02-10,24.0,12.609999656677246,2.640000104904175,7.289999961853027,264.6700134277344,26.59000015258789,213.57000732421875,11.550000190734863,31.8799991607666,206.9600067138672,,0.8799999952316284,339.1905212402344,148.6999969482422,26.950000762939453,12.199999809265137,59.65999984741211,22.719999313354492,32.529998779296875,48.83000183105469,64.8499984741211,185.52999877929688,218.82858276367188,27.1200008392334,73.26000213623047,226.24000549316406,21.190000534057617,231.9499969482422,24.93000030517578,265.05706787109375,20.739999771118164,79.48999786376953,7.849999904632568,1021.5336303710938,62.34000015258789,41.994998931884766,81.9487533569336,133.0,373.035888671875,11.90999984741211,188.31031799316406,23.3700008392334,158.78111267089844,20.059999465942383,139.50999450683594,7.389999866485596,20.440000534057617,610.029541015625,8.9399995803833,8.960000038146973,16.969999313354492,95.9800033569336,3.869999885559082,,3.759999990463257,404.760009765625,8.149999618530273,688.4613037109375,47.63999938964844,29.139999389648438,360.0498962402344,210.7100067138672,3.7799999713897705,30.31999969482422,125.21707916259766,12.369999885559082,22.729999542236328
2026-02-11,24.600000381469727,12.670000076293945,2.5999999046325684,7.199999809265137,257.1600036621094,25.6299991607666,213.5800018310547,11.109999656677246,34.2599983215332,204.0800018310547,,0.9269999861717224,341.50201416015625,155.5399932861328,25.989999771118164,11.779999732971191,60.310001373291016,20.639999389648438,34.15999984741211,48.31999969482422,66.80000305175781,169.61000061035156,219.0576171875,26.299999237060547,76.81999969482422,227.74000549316406,20.399999618530273,209.3300018310547,23.40999984741211,263.8520812988281,19.110000610351562,82.2699966430664,7.550000190734863,1011.7767333984375,60.58000183105469,40.5099983215332,81.27925109863281,126.06999969482422,410.1046142578125,12.0,189.81849670410156,23.649999618530273,156.07005310058594,18.889999389648438,135.67999267578125,7.590000152587891,19.639999389648438,611.6657104492188,8.819999694824219,8.539999961853027,16.43000030517578,97.98999786376953,3.890000104904175,,3.6700000762939453,414.7799987792969,8.430000305175781,688.3021850585938,47.13999938964844,28.81999969482422,372.1672668457031,203.88999938964844,3.7799999713897705,30.219999313354492,124.52776336669922,12.220000267028809,22.829999923706055
2026-02-12,23.200000762939453,12.279999732971191,2.4200000762939453,6.510000228881836,262.5,26.799999237060547,205.94000244140625,10.1899995803833,31.950000762939453,199.60000610351562,,0.890999972820282,329.9545593261719,139.02999877929688,26.93000030517578,11.5,59.939998626708984,19.34000015258789,32.79999923706055,48.93000030517578,65.04000091552734,170.1199951171875,214.03875732421875,25.15999984741211,74.33000183105469,220.4499969482422,20.149999618530273,228.9499969482422,22.440000534057617,258.4644775390625,17.799999237060547,84.0199966430664,7.360000133514404,1034.7587890625,57.29999923706055,40.11000061035156,78.17157745361328,123.0,413.7325439453125,11.619999885559082,186.7122802734375,23.75,155.39476013183594,18.170000076293945,129.1300048828125,8.539999961853027,18.81999969482422,599.22509765625,7.764999866485596,8.1899995803833,14.989999771118164,97.33000183105469,3.5999999046325684,,3.549999952316284,406.1099853515625,8.239999771118164,677.668701171875,46.65999984741211,28.420000076293945,366.2080993652344,190.36000061035156,3.7200000286102295,30.600000381469727,123.0592041015625,11.619999885559082,23.170000076293945
2026-02-13,23.81999969482422,12.100000381469727,2.549999952316284,6.610000133514404,263.9700012207031,26.540000915527344,207.32000732421875,9.970000267028809,34.2599983215332,198.7899932861328,,0.8939999938011169,323.9765625,139.74000549316406,27.920000076293945,11.359999656677246,59.869998931884766,19.690000534057617,30.600000381469727,53.06999969482422,66.26000213623047,177.27999877929688,211.6886444091797,21.760000228881836,81.5,225.64999389648438,21.65999984741211,243.85000610351562,22.15999984741211,261.87030029296875,18.110000610351562,82.33999633789062,7.260000228881836,1038.2127685546875,58.029998779296875,42.22999954223633,78.5512924194336,133.8800048828125,411.4238586425781,11.869999885559082,182.58729553222656,22.59000015258789,159.02938842773438,18.770000457763672,131.41000366210938,8.359999656677246,19.670000076293945,600.5020751953125,7.730000019073486,8.470000267028809,16.09000015258789,96.30999755859375,3.640000104904175,,3.5899999141693115,407.7200012207031,8.890000343322754,678.1461181640625,45.97999954223633,28.5,364.4770202636719,193.6699981689453,3.7200000286102295,27.81999969482422,122.73951721191406,11.59000015258789,22.600000381469727
2026-02-17,25.0,12.449999809265137,2.6600000858306885,6.429999828338623,260.45001220703125,26.579999923706055,203.0800018310547,9.770000457763672,36.65999984741211,201.14999389648438,,0.9829999804496765,331.31951904296875,145.32000732421875,27.489999771118164,11.479999542236328,59.95000076293945,19.649999618530273,30.270000457763672,53.16999816894531,66.62000274658203,176.61000061035156,205.49472045898438,22.59000015258789,87.27999877929688,226.0500030517578,21.299999237060547,247.30999755859375,22.690000534057617,261.9499816894531,19.219999313354492,84.83999633789062,7.590000152587891,1034.2696533203125,56.95000076293945,43.93000030517578,78.95099639892578,128.6699981689453,399.5506591796875,12.220000267028809,184.7446746826172,22.6200008392334,152.9021759033203,18.600000381469727,133.02000427246094,8.630000114440918,18.440000534057617,599.8834838867188,7.199999809265137,8.050000190734863,15.59000015258789,100.61000061035156,3.5199999809265137,,3.6600000858306885,407.510009765625,8.6899995803833,679.2402954101562,46.45000076293945,29.059999465942383,362.328125,193.8699951171875,3.6500000953674316,28.75,124.50777435302734,11.539999961853027,23.06999969482422
2026-02-18,24.690000534057617,12.649999618530273,2.700000047683716,6.679999828338623,263.1700134277344,27.510000228881836,200.1199951171875,9.90999984741211,34.779998779296875,204.7899932861328,,0.9940000176429749,332.28594970703125,157.27000427246094,27.559999465942383,11.539999961853027,61.83000183105469,20.59000015258789,29.809999465942383,53.52000045776367,66.9800033569336,180.57000732421875,207.6855010986328,23.209999084472656,88.04000091552734,238.57000732421875,21.729999542236328,250.13999938964844,21.989999771118164,262.8960266113281,18.950000762939453,85.11000061035156,7.679999828338623,1018.8062133789062,57.939998626708984,46.599998474121094,79.03092193603516,125.19999694824219,420.70855712890625,12.479999542236328,187.75099182128906,22.40999984741211,155.08692932128906,18.59000015258789,135.3800048828125,8.829999923706055,19.06999969482422,604.3629150390625,7.150000095367432,8.210000038146973,16.18000030517578,99.79000091552734,3.5999999046325684,,3.7899999618530273,412.54998779296875,8.619999885559082,682.662109375,46.959999084472656,29.229999542236328,360.3981018066406,199.1300048828125,3.5999999046325684,27.8700008392334,125.47682189941406,11.34000015258789,22.90999984741211
2026-02-19,23.75,12.40999984741211,2.7799999713897705,6.75,259.2099914550781,29.204999923706055,203.3699951171875,10.350000381469727,33.779998779296875,204.86000061035156,,1.0499999523162842,332.76416015625,159.0,27.8799991607666,11.390000343322754,63.41999816894531,20.6200008392334,30.309999465942383,54.63999938964844,67.83000183105469,178.24000549316406,210.36422729492188,22.489999771118164,91.12999725341797,233.3000030517578,21.6299991607666,239.3699951171875,22.139999389648438,263.5035400390625,13.850000381469727,86.5,8.100000381469727,1021.4616088867188,58.560001373291016,49.70000076293945,79.55054473876953,129.4499969482422,417.110595703125,13.039999961853027,187.6710968017578,23.809999465942383,155.454345703125,19.079999923706055,134.88999938964844,8.15999984741211,19.3799991607666,602.0484008789062,7.170000076293945,8.220000267028809,16.600000381469727,102.73999786376953,3.609999895095825,,4.039999961853027,410.20001220703125,8.930000305175781,680.8616333007812,47.70000076293945,29.459999084472656,358.5377197265625,201.3699951171875,3.5899999141693115,29.299999237060547,126.61570739746094,11.739999771118164,23.31999969482422
2026-02-20,24.93000030517578,12.319999694824219,2.6500000953674316,6.659999847412109,258.6099853515625,27.969999313354492,200.14999389648438,9.520000457763672,34.040000915527344,210.11000061035156,,1.0399999618530273,331.4291076660156,147.5500030517578,27.59000015258789,11.229999542236328,64.08000183105469,20.90999984741211,31.559999465942383,53.459999084472656,67.94000244140625,176.50999450683594,208.62156677246094,22.309999465942383,94.0199966430664,241.8800048828125,21.200000762939453,233.5,21.5,263.5134582519531,13.079999923706055,87.4000015258789,7.679999828338623,1007.7852172851562,55.34000015258789,49.869998931884766,79.42064666748047,131.0500030517578,427.92437744140625,12.640000343322754,189.58877563476562,24.079999923706055,147.0530242919922,18.6200008392334,135.24000549316406,8.050000190734863,18.059999465942383,607.3758544921875,6.880000114440918,7.900000095367432,15.920000076293945,101.83000183105469,3.4700000286102295,,4.150000095367432,415.0299987792969,8.949999809265137,685.7855834960938,48.0,29.530000686645508,368.63555908203125,199.72000122070312,3.640000104904175,30.389999389648438,124.65763092041016,11.40999984741211,22.719999313354492
2026-02-23,25.0,12.579999923706055,2.6500000953674316,5.679999828338623,246.67999267578125,27.649999618530273,196.60000610351562,10.199999809265137,32.5099983215332,205.27000427246094,,1.0099999904632568,329.1275939941406,160.27999877929688,28.329999923706055,11.579999923706055,62.91999816894531,19.360000610351562,30.40999984741211,53.97999954223633,68.26000213623047,165.58999633789062,210.0355987548828,21.809999465942383,90.06999969482422,242.14999389648438,20.34000015258789,217.36000061035156,21.799999237060547,259.4105224609375,12.819999694824219,88.43000030517578,7.909999847412109,1056.740966796875,55.70000076293945,50.290000915527344,77.73190307617188,123.70999908447266,420.7285461425781,13.15999984741211,191.316650390625,24.360000610351562,140.32997131347656,18.059999465942383,130.60000610351562,7.53000020980835,18.049999237060547,599.9932250976562,6.849999904632568,7.880000114440918,16.020000457763672,103.69000244140625,3.4100000858306885,,4.5,412.8800048828125,8.90999984741211,678.7827758789062,47.0099983215332,30.56999969482422,368.1380920410156,195.58999633789062,3.7300000190734863,30.729999542236328,126.8454818725586,11.569999694824219,22.989999771118164
2026-02-24,25.0,12.680000305175781,2.7100000381469727,4.75,255.1699981689453,28.079999923706055,213.83999633789062,10.800000190734863,33.709999084472656,208.55999755859375,,0.9890000224113464,324.2953796386719,166.1999969482422,32.290000915527344,11.859999656677246,62.619998931884766,20.43000030517578,30.600000381469727,56.77000045776367,70.0999984741211,169.30999755859375,208.3128662109375,22.3700008392334,94.83000183105469,243.2100067138672,21.540000915527344,232.60000610351562,22.1200008392334,262.23876953125,14.020000457763672,91.01000213623047,7.949999809265137,1040.359130859375,58.439998626708984,50.52000045776367,78.33145141601562,124.61000061035156,417.7702331542969,13.579999923706055,192.61508178710938,24.690000534057617,145.12648010253906,18.649999618530273,128.83999633789062,7.360000133514404,18.65999984741211,606.4380493164062,7.034999847412109,8.109999656677246,16.479999542236328,104.83000183105469,3.5399999618530273,,4.739999771118164,419.1600036621094,9.350000381469727,683.7164916992188,47.02000045776367,30.510000228881836,383.7673645019531,204.19000244140625,3.740000009536743,30.8799991607666,129.03334045410156,11.8100004196167,23.6299991607666
2026-02-25,25.049999237060547,12.380000114440918,2.740000009536743,4.510000228881836,257.80999755859375,29.389999389648438,210.86000061035156,11.0600004196167,34.68000030517578,210.63999938964844,,1.0199999809265137,331.0903625488281,174.77000427246094,29.610000610351562,11.510000228881836,61.439998626708984,21.110000610351562,31.270000457763672,55.20000076293945,62.88999938964844,172.41000366210938,208.6414794921875,22.940000534057617,93.08999633789062,210.1199951171875,22.829999923706055,245.6999969482422,22.139999389648438,263.48358154296875,14.949999809265137,90.68000030517578,8.09000015258789,1027.06201171875,58.65999984741211,51.369998931884766,80.85955810546875,135.64999389648438,428.75390625,13.420000076293945,195.32176208496094,24.100000381469727,146.8643341064453,19.799999237060547,134.19000244140625,7.480000019073486,19.649999618530273,615.227294921875,7.03000020980835,8.680000305175781,17.6299991607666,103.23999786376953,3.680000066757202,,4.550000190734863,426.1600036621094,9.130000114440918,689.4859008789062,46.970001220703125,29.65999984741211,385.7371826171875,207.30999755859375,3.8499999046325684,29.34000015258789,128.15420532226562,11.979999542236328,24.1200008392334
2026-02-26,24.100000381469727,12.5,2.809999942779541,4.690000057220459,259.0400085449219,29.979999542236328,203.67999267578125,11.520000457763672,34.63999938964844,207.9199981689453,,0.9900000095367432,320.519287109375,168.57000732421875,28.920000076293945,11.149999618530273,61.11000061035156,23.969999313354492,30.729999542236328,61.7400016784668,62.630001068115234,192.3300018310547,208.48214721679688,23.489999771118164,94.6500015258789,200.10000610351562,21.940000534057617,268.5199890136719,21.889999389648438,264.88775634765625,14.140000343322754,95.02999877929688,8.119999885559082,1020.2637329101562,60.0,51.709999084472656,79.23078155517578,133.39999389648438,415.3216247558594,14.279999732971191,184.66476440429688,24.389999389648438,149.26754760742188,19.6299991607666,135.94000244140625,8.1899995803833,20.139999389648438,607.8048095703125,7.260000228881836,9.039999961853027,18.639999389648438,102.1500015258789,3.8499999046325684,,4.920000076293945,412.010009765625,7.909999847412109,685.6561889648438,44.84000015258789,30.899999618530273,374.8733215332031,213.2899932861328,4.050000190734863,29.719999313354492,127.54479217529297,13.550000190734863,23.809999465942383
2026-02-27,24.100000381469727,12.489999771118164,2.740000009536743,4.860000133514404,262.4100036621094,29.690000534057617,200.2100067138672,10.729999542236328,32.58000183105469,210.0,,0.9599999785423279,318.377197265625,155.6699981689453,28.459999084472656,11.520000457763672,61.72999954223633,22.1299991607666,30.200000762939453,60.13999938964844,62.220001220703125,193.27000427246094,209.75677490234375,23.84000015258789,92.05000305175781,197.1999969482422,20.59000015258789,264.510009765625,21.860000610351562,260.3267517089844,13.5600004196167,91.3499984741211,8.210000038146973,1050.18212890625,58.869998931884766,53.56999969482422,81.62899017333984,129.5,412.1334533691406,13.779999732971191,176.97415161132812,24.200000762939453,144.3916015625,18.950000762939453,137.19000244140625,8.210000038146973,18.780000686645508,605.859375,6.920000076293945,8.40999984741211,17.420000076293945,102.0199966430664,3.5399999618530273,,4.929999828338623,406.3699951171875,8.25,682.3637084960938,44.27000045776367,30.09000015258789,372.6547546386719,211.47999572753906,3.990000009536743,29.790000915527344,127.2450942993164,12.770000457763672,23.290000915527344
2026-03-02,23.65999984741211,5.46999979019165,2.799999952316284,4.889999866485596,260.8800048828125,29.719999313354492,198.6199951171875,11.59000015258789,33.0099983215332,208.38999938964844,,0.9900000095367432,317.6498718261719,166.0,28.690000534057617,11.8100004196167,59.7400016784668,22.6200008392334,31.149999618530273,60.77000045776367,61.43000030517578,199.00999450683594,205.13624572753906,23.81999969482422,81.63999938964844,199.86000061035156,21.729999542236328,263.6000061035156,22.209999084472656,262.7167663574219,13.260000228881836,90.0999984741211,8.510000228881836,1016.2206420898438,63.72999954223633,52.845001220703125,80.79960632324219,137.64999389648438,412.43328857421875,15.4399995803833,182.25770568847656,24.020000457763672,148.21490478515625,20.25,145.1699981689453,8.229999542236328,18.940000534057617,606.6575317382812,6.889999866485596,8.59000015258789,17.690000534057617,101.62000274658203,3.5399999618530273,,5.050000190734863,406.3900146484375,8.600000381469727,682.751708984375,43.47999954223633,29.399999618530273,367.2128601074219,213.8800048828125,3.9600000381469727,29.530000686645508,126.42589569091797,12.300000190734863,23.309999465942383
2026-03-03,21.639999389648438,4.900000095367432,2.569999933242798,5.539999961853027,270.989990234375,28.149999618530273,190.9499969482422,11.630000114440918,31.09000015258789,208.72999572753906,,0.9599999785423279,312.68817138671875,153.02000427246094,27.219999313354492,10.670000076293945,58.529998779296875,22.780000686645508,29.549999237060547,58.060001373291016,60.720001220703125,208.75999450683594,203.15457153320312,24.450000762939453,81.08999633789062,197.52999877929688,20.68000030517578,275.3699951171875,21.540000915527344,258.1657409667969,13.380000114440918,86.3499984741211,8.020000457763672,1005.9982299804688,61.400001525878906,49.83000183105469,77.45211791992188,132.67999267578125,379.46221923828125,13.604999542236328,179.83065795898438,23.43000030517578,147.97657775878906,21.719999313354492,147.22000122070312,8.170000076293945,18.239999771118164,600.1629028320312,6.539999961853027,7.730000019073486,16.959999084472656,100.48999786376953,3.3499999046325684,,5.309999942779541,391.05999755859375,9.34000015258789,676.7337036132812,44.310001373291016,28.8799991607666,351.3150329589844,217.0500030517578,3.940000057220459,28.270000457763672,123.3788833618164,12.020000457763672,24.450000762939453
2026-03-04,22.25,5.639999866485596,2.6600000858306885,5.460000038146973,273.1199951171875,28.8700008392334,202.07000732421875,12.550000190734863,31.860000610351562,216.82000732421875,,0.9649999737739563,316.3645935058594,164.77999877929688,27.440000534057617,10.609999656677246,60.43000030517578,22.520000457763672,29.780000686645508,60.0,62.27000045776367,210.6699981689453,203.87155151367188,25.43000030517578,80.30000305175781,197.27000427246094,24.34000015258789,278.5899963378906,22.520000457763672,260.67529296875,13.569999694824219,86.11000061035156,8.869999885559082,1001.8453979492188,61.61000061035156,57.79999923706055,78.03167724609375,146.44000244140625,400.5400695800781,13.819999694824219,182.8170166015625,24.34000015258789,151.31326293945312,22.3799991607666,153.19000244140625,8.210000038146973,18.90999984741211,609.311279296875,7.0,8.149999618530273,17.760000228881836,101.19000244140625,3.3299999237060547,,5.539999961853027,399.1000061035156,10.09000015258789,681.5082397460938,47.43000030517578,29.190000534057617,355.6028747558594,215.77000427246094,4.019999980926514,28.18000030517578,126.2960205078125,12.739999771118164,25.229999542236328
2026-03-05,22.309999465942383,5.739999771118164,2.5899999141693115,5.409999847412109,281.739990234375,27.639999389648438,199.4499969482422,14.890000343322754,30.84000015258789,218.94000244140625,,0.9020000100135803,331.54864501953125,159.99000549316406,25.520000457763672,10.3100004196167,60.56999969482422,23.110000610351562,28.760000228881836,57.33000183105469,62.189998626708984,218.2100067138672,201.15301513671875,25.459999084472656,82.54000091552734,191.8000030517578,22.729999542236328,291.4700012207031,20.950000762939453,255.6959991455078,13.529999732971191,83.5199966430664,8.390000343322754,981.5703125,58.47999954223633,53.83000183105469,75.62348175048828,139.80999755859375,396.8222351074219,13.149999618530273,183.11663818359375,22.559999465942383,153.7164764404297,21.18000030517578,152.6699981689453,8.15999984741211,18.829999923706055,607.4755249023438,6.920000076293945,7.71999979019165,16.969999313354492,99.63999938964844,3.259999990463257,,5.28000020980835,395.3500061035156,13.850000381469727,677.70849609375,46.150001525878906,29.030000686645508,352.041259765625,212.52999877929688,4.019999980926514,27.309999465942383,123.77849578857422,11.15999984741211,24.799999237060547
2026-03-06,23.139999389648438,5.849999904632568,2.380000114440918,5.119999885559082,283.6199951171875,26.899999618530273,192.42999267578125,16.329999923706055,27.700000762939453,213.2100067138672,,0.8240000009536743,329.26708984375,135.19000244140625,26.540000915527344,9.920000076293945,61.119998931884766,22.229999542236328,27.65999984741211,56.5,60.40999984741211,217.3300018310547,194.68026733398438,25.149999618530273,82.44000244140625,189.2100067138672,20.55500030517578,296.55999755859375,21.040000915527344,249.850341796875,13.75,83.48999786376953,8.100000381469727,988.628173828125,58.22999954223633,52.52000045776367,89.50310516357422,133.52999877929688,370.08758544921875,13.4399995803833,177.6033935546875,21.549999237060547,151.89918518066406,20.270000457763672,157.16000366210938,7.820000171661377,18.59000015258789,598.337158203125,6.690000057220459,7.599999904632568,17.010000228881836,98.4000015258789,3.119999885559082,,5.53000020980835,380.55999755859375,14.369999885559082,668.82568359375,45.290000915527344,29.270000457763672,337.1482238769531,211.5,3.930000066757202,27.239999771118164,123.8783950805664,11.319999694824219,24.079999923706055
2026-03-09,23.690000534057617,6.090000152587891,2.509999990463257,5.150000095367432,282.44000244140625,26.84000015258789,202.67999267578125,17.719999313354492,29.040000915527344,213.49000549316406,,0.8999999761581421,344.4810485839844,151.32000732421875,27.6200008392334,10.210000038146973,60.880001068115234,22.6299991607666,28.0,58.779998779296875,62.41999816894531,221.4199981689453,197.9664306640625,25.15999984741211,77.1500015258789,195.3800048828125,21.4950008392334,286.8399963378906,21.329999923706055,252.5690155029297,14.4399995803833,85.04000091552734,8.399999618530273,1006.6571655273438,60.29999923706055,55.7400016784668,92.58080291748047,138.9499969482422,389.0966796875,13.890000343322754,182.427490234375,16.0,150.50888061523438,20.549999237060547,156.42999267578125,7.760000228881836,19.040000915527344,606.3283081054688,6.800000190734863,7.630000114440918,17.600000381469727,99.79000091552734,3.200000047683716,,5.960000038146973,394.3699951171875,14.170000076293945,674.6845703125,44.22999954223633,29.190000534057617,346.9078063964844,214.6300048828125,3.9800000190734863,28.979999542236328,126.9953384399414,11.869999885559082,24.25
2026-03-10,24.489999771118164,5.789999961853027,2.5399999618530273,5.159999847412109,275.1300048828125,28.100000381469727,203.22999572753906,18.0,29.68000030517578,214.3300018310547,,0.9359999895095825,341.3226623535156,154.0,26.079999923706055,10.270000457763672,60.88999938964844,22.309999465942383,28.6200008392334,52.79999923706055,64.19999694824219,225.33999633789062,194.4014434814453,25.139999389648438,80.48999786376953,197.8000030517578,21.829999923706055,269.32000732421875,21.860000610351562,252.31008911132812,15.300000190734863,84.58000183105469,9.229999542236328,999.6292114257812,61.58000183105469,54.97999954223633,93.2303237915039,138.4600067138672,402.8787536621094,13.470000267028809,184.54490661621094,15.760000228881836,148.36386108398438,22.3700008392334,151.13999938964844,7.650000095367432,18.760000228881836,606.3383178710938,6.820000171661377,7.599999904632568,16.989999771118164,98.86000061035156,3.240000009536743,,5.820000171661377,397.3299865722656,14.40999984741211,673.6002807617188,44.779998779296875,29.270000457763672,345.3060607910156,209.0800018310547,3.8299999237060547,28.6299991607666,127.3050308227539,11.979999542236328,25.459999084472656
2026-03-11,24.219999313354492,5.199999809265137,2.450000047683716,5.0,273.7099914550781,26.34000015258789,204.8300018310547,18.59000015258789,30.65999984741211,212.64999389648438,,0.921999990940094,340.3163757324219,159.2100067138672,26.079999923706055,10.460000038146973,60.31999969482422,22.920000076293945,28.639999389648438,49.93000030517578,63.630001068115234,223.30499267578125,194.24209594726562,25.56999969482422,79.94999694824219,200.25,21.459999084472656,259.1000061035156,21.399999618530273,251.80221557617188,16.43000030517578,81.5199966430664,8.789999961853027,998.121826171875,62.25,55.970001220703125,90.3724594116211,138.3300018310547,418.4498291015625,13.010000228881836,185.8134307861328,15.609999656677246,161.98870849609375,24.75,151.60000610351562,7.590000152587891,18.90999984741211,606.2584838867188,7.0,7.619999885559082,16.940000534057617,99.58999633789062,3.259999990463257,,5.480000019073486,401.0299987792969,16.579999923706055,672.7548217773438,43.18000030517578,28.049999237060547,352.7376403808594,211.08999633789062,3.7799999713897705,28.469999313354492,126.25605773925781,12.039999961853027,25.139999389648438
2026-03-12,24.0,5.260000228881836,2.299999952316284,4.860000133514404,269.7799987792969,25.030000686645508,197.74000549316406,18.290000915527344,29.260000228881836,209.52999877929688,,0.8679999709129333,334.7369384765625,157.1699981689453,25.59000015258789,9.90999984741211,59.06999969482422,21.6200008392334,27.479999542236328,48.869998931884766,60.0,212.85000610351562,185.47900390625,25.559999465942383,72.58000183105469,197.55999755859375,20.6299991607666,257.6300048828125,20.989999771118164,246.384765625,14.619999885559082,77.5,8.770000457763672,975.5706176757812,60.029998779296875,53.38999938964844,87.60452270507812,137.33999633789062,405.1174621582031,12.850000381469727,182.9268035888672,14.90999984741211,158.0561981201172,22.559999465942383,153.5,7.170000076293945,17.829999923706055,595.8530883789062,6.900000095367432,7.434999942779541,16.06999969482422,95.06999969482422,3.200000047683716,,5.03000020980835,388.1300048828125,17.450000762939453,662.5390625,41.79999923706055,26.940000534057617,334.9794006347656,209.1999969482422,3.674999952316284,27.549999237060547,122.499755859375,11.609999656677246,23.229999542236328
2026-03-13,24.43000030517578,5.090000152587891,2.390000104904175,4.840000152587891,249.32000732421875,24.809999465942383,193.38999938964844,17.950000762939453,31.020000457763672,207.6699981689453,,0.8500000238418579,320.9776306152344,154.50999450683594,25.15999984741211,9.579999923706055,58.5099983215332,20.610000610351562,27.25,48.75,60.060001373291016,212.02000427246094,186.53456115722656,25.8700008392334,73.41000366210938,196.07000732421875,22.350000381469727,264.29998779296875,20.360000610351562,245.56814575195312,15.90999984741211,79.02999877929688,8.949999809265137,983.38720703125,57.209999084472656,52.560001373291016,87.79438018798828,139.6699981689453,425.8855895996094,12.760000228881836,180.0401611328125,14.710000038146973,154.03427124023438,21.469999313354492,150.9499969482422,7.579999923706055,17.549999237060547,592.3213500976562,6.730000019073486,7.300000190734863,16.170000076293945,94.86000061035156,3.1500000953674316,,5.369999885559082,387.3299865722656,16.829999923706055,658.7890014648438,40.0099983215332,27.959999084472656,336.5711669921875,208.5800018310547,3.9200000762939453,27.799999237060547,121.71052551269531,12.0,22.8799991607666
2026-03-16,24.510000228881836,5.360000133514404,2.5,4.869999885559082,251.86000061035156,26.200000762939453,196.5800018310547,18.690000534057617,30.899999618530273,211.74000549316406,,0.8949999809265137,323.7275085449219,153.67999267578125,25.489999771118164,9.640000343322754,57.43000030517578,20.350000381469727,28.579999923706055,48.41999816894531,60.83000183105469,209.69000244140625,190.58749389648438,24.895000457763672,73.62000274658203,199.47999572753906,23.100000381469727,264.55999755859375,20.360000610351562,247.8885040283203,14.90999984741211,79.5999984741211,9.09000015258789,987.4202270507812,59.36000061035156,53.310001373291016,91.51160430908203,147.52000427246094,441.54656982421875,13.380000114440918,183.0067138671875,16.600000381469727,154.8883056640625,21.299999237060547,152.72000122070312,7.840000152587891,17.459999084472656,598.9656982421875,6.889999866485596,7.369999885559082,16.139999389648438,99.0,3.200000047683716,,5.360000133514404,393.9200134277344,16.1299991607666,665.493408203125,40.2599983215332,28.770000457763672,338.4813232421875,207.69000244140625,3.890000104904175,28.030000686645508,123.78849029541016,12.029999732971191,23.6200008392334
2026-03-17,24.399999618530273,5.329999923706055,3.0299999713897705,5.0,254.1999969482422,26.209999084472656,196.30999755859375,19.3799991607666,31.170000076293945,215.1999969482422,,0.8820000290870667,320.1307373046875,160.0500030517578,25.829999923706055,9.529999732971191,56.04999923706055,19.649999618530273,28.8799991607666,50.09000015258789,62.130001068115234,210.19000244140625,194.39149475097656,25.219999313354492,74.66000366210938,200.4199981689453,23.5,265.54998779296875,20.709999084472656,249.45677185058594,14.800000190734863,81.20999908447266,8.800000190734863,928.751220703125,59.29999923706055,53.93000030517578,90.7221908569336,150.27999877929688,461.4251403808594,13.479999542236328,181.71820068359375,15.055000305175781,153.6171875,21.389999389648438,155.0800018310547,7.559999942779541,17.469999313354492,601.8887939453125,6.960000038146973,7.539999961853027,16.219999313354492,99.12999725341797,3.190000057220459,,5.039999961853027,396.8800048828125,17.229999542236328,667.2440185546875,40.709999084472656,31.510000228881836,345.1716613769531,206.72000122070312,3.640000104904175,27.760000228881836,124.0682144165039,11.739999771118164,24.040000915527344
2026-03-18,24.049999237060547,4.880000114440918,2.859999895095825,4.639999866485596,246.0,25.420000076293945,199.4600067138672,18.899999618530273,30.139999389648438,209.8699951171875,,0.8149999976158142,314.7704772949219,156.5800018310547,25.31999969482422,9.09000015258789,55.43000030517578,18.829999923706055,30.459999084472656,47.689998626708984,62.189998626708984,206.08999633789062,190.69703674316406,25.280000686645508,70.30999755859375,197.80999755859375,21.579999923706055,262.1099853515625,20.6200008392334,245.43634033203125,13.390000343322754,79.13999938964844,8.539999961853027,916.4723510742188,57.540000915527344,52.400001525878906,87.5545654296875,140.55999755859375,461.46514892578125,13.210000038146973,180.1899871826172,14.5649995803833,151.83958435058594,20.739999771118164,152.77000427246094,7.21999979019165,16.489999771118164,593.4986572265625,6.849999904632568,7.25,15.670000076293945,98.11000061035156,3.119999885559082,,4.949999809265137,393.6700134277344,16.860000610351562,657.9335327148438,39.790000915527344,30.040000915527344,338.7766418457031,204.22000122070312,3.440000057220459,26.959999084472656,120.9912338256836,11.59000015258789,23.450000762939453
2026-03-19,22.040000915527344,4.900000095367432,3.0799999237060547,4.730000019073486,245.99000549316406,25.3799991607666,205.27000427246094,19.110000610351562,30.670000076293945,208.75999450683594,,0.828000009059906,318.6661376953125,166.69000244140625,25.170000076293945,8.960000038146973,55.029998779296875,19.25,30.350000381469727,46.95000076293945,62.95000076293945,210.4600067138672,189.3128662109375,24.90999984741211,73.4000015258789,199.64999389648438,21.049999237060547,262.32000732421875,20.829999923706055,247.04251098632812,13.40999984741211,79.56999969482422,8.539999961853027,915.92333984375,53.099998474121094,52.369998931884766,89.463134765625,138.24000549316406,444.01513671875,13.149999618530273,178.3521270751953,14.960000038146973,154.44143676757812,21.059999465942383,155.67999267578125,7.440000057220459,16.100000381469727,591.623046875,6.889999866485596,7.190000057220459,15.40999984741211,99.29000091552734,3.1600000858306885,,5.199999809265137,394.9200134277344,17.139999389648438,656.3121948242188,45.5,30.360000610351562,337.99847412109375,201.75,3.680000066757202,27.719999313354492,122.21003723144531,12.119999885559082,23.895000457763672
2026-03-20,19.110000610351562,4.070000171661377,2.9600000381469727,4.710000038146973,248.14999389648438,25.059999465942383,201.3300018310547,18.200000762939453,28.739999771118164,205.3699951171875,,0.8080000281333923,309.3703918457031,150.1199951171875,24.6299991607666,8.930000305175781,54.130001068115234,19.149999618530273,29.520000457763672,46.2400016784668,61.70000076293945,209.82000732421875,188.55606079101562,23.670000076293945,72.5,192.82000732421875,20.719999313354492,258.80999755859375,20.010000228881836,241.64535522460938,12.609999656677246,77.91000366210938,7.940000057220459,905.1419067382812,50.599998474121094,51.380001068115234,87.84434509277344,135.66000366210938,422.65740966796875,12.84000015258789,172.4989471435547,14.079999923706055,148.6419219970703,20.049999237060547,150.67999267578125,7.099999904632568,15.729999542236328,580.6888427734375,6.590000152587891,6.960000038146973,14.880000114440918,95.77999877929688,3.0399999618530273,,4.760000228881836,384.739990234375,16.280000686645508,646.9034423828125,44.63999938964844,30.06999969482422,328.47076416015625,200.6300048828125,3.5199999809265137,26.84000015258789,120.19200897216797,12.130000114440918,23.31999969482422
2026-03-23,22.31999969482422,4.065000057220459,2.930000066757202,4.809999942779541,247.63999938964844,23.360000610351562,202.67999267578125,18.68000030517578,30.799999237060547,210.13999938964844,,0.8270000219345093,322.0003967285156,141.3300018310547,25.170000076293945,8.739999771118164,54.779998779296875,19.780000686645508,30.239999771118164,46.880001068115234,60.95000076293945,215.36000061035156,189.2033233642578,23.959999084472656,71.91999816894531,189.9199981689453,21.700000762939453,262.05999755859375,20.75,246.86293029785156,13.039999961853027,76.95999908447266,7.889999866485596,908.9852294921875,53.279998779296875,51.279998779296875,90.09266662597656,138.1999969482422,404.1180419921875,13.109999656677246,175.43553161621094,13.970000267028809,153.2696075439453,21.18000030517578,160.83999633789062,7.579999923706055,16.309999465942383,587.3545532226562,7.050000190734863,7.340000152587891,15.880000114440918,96.62999725341797,3.130000114440918,,5.480000019073486,391.3599853515625,15.8100004196167,653.6959228515625,43.65999984741211,30.450000762939453,337.6592712402344,200.83999633789062,3.5999999046325684,27.75,121.58065032958984,12.050000190734863,24.020000457763672
2026-03-24,22.31999969482422,3.7699999809265137,3.009999990463257,4.610000133514404,238.8699951171875,23.06999969482422,205.3699951171875,17.760000228881836,32.209999084472656,207.24000549316406,,0.7900000214576721,317.78704833984375,145.8800048828125,23.950000762939453,8.390000343322754,54.09000015258789,18.530000686645508,31.8799991607666,46.43000030517578,60.02000045776367,206.39999389648438,189.3029022216797,23.309999465942383,67.55999755859375,192.85000610351562,21.299999237060547,237.94000244140625,20.209999084472656,248.18978881835938,13.550000190734863,74.41999816894531,7.639999866485596,901.4682006835938,53.290000915527344,51.34000015258789,92.29102325439453,136.25,395.3031311035156,12.8100004196167,174.99603271484375,13.930000305175781,146.06988525390625,20.56999969482422,154.77999877929688,7.449999809265137,15.930000305175781,583.3389282226562,6.809999942779541,7.449999809265137,15.600000381469727,95.5199966430664,3.0899999141693115,,5.0,394.5899963378906,16.809999465942383,651.5015869140625,42.29999923706055,30.219999313354492,342.4480285644531,191.3699951171875,3.359999895095825,26.790000915527344,119.42276763916016,11.890000343322754,23.600000381469727
2026-03-25,22.3799991607666,3.5399999618530273,2.9200000762939453,4.389999866485596,237.25,24.809999465942383,220.27000427246094,17.93000030517578,33.560001373291016,211.7100067138672,,0.7990000247955322,318.30621337890625,150.22000122070312,23.1200008392334,8.609999656677246,55.59000015258789,17.700000762939453,31.920000076293945,47.09000015258789,62.38999938964844,181.0050048828125,186.3652801513672,21.420000076293945,69.6500015258789,193.50999450683594,21.329999923706055,238.07000732421875,20.299999237060547,251.2225799560547,12.960000038146973,78.93000030517578,7.869999885559082,914.7353515625,53.7400016784668,53.540000915527344,98.37647247314453,139.1300048828125,381.8708190917969,13.260000228881836,178.47198486328125,14.170000076293945,145.00732421875,20.219999313354492,154.9600067138672,7.480000019073486,16.190000534057617,587.1747436523438,6.880000114440918,7.320000171661377,15.140000343322754,94.29000091552734,3.0799999237060547,,5.300000190734863,399.0199890136719,17.690000534057617,655.1322021484375,45.43000030517578,31.81999969482422,346.9375305175781,193.0500030517578,3.2899999618530273,27.559999465942383,123.79846954345703,12.399999618530273,24.229999542236328
2026-03-26,21.29599952697754,3.509999990463257,2.880000114440918,4.329999923706055,240.8800048828125,26.31999969482422,203.77000427246094,17.15999984741211,32.310001373291016,207.5399932861328,,0.7929999828338623,308.9310607910156,133.52000427246094,23.6200008392334,8.920000076293945,55.54999923706055,17.75,30.229999542236328,47.54999923706055,63.47999954223633,179.10000610351562,187.26150512695312,21.270000457763672,66.87999725341797,185.8300018310547,19.610000610351562,245.07000732421875,20.40999984741211,246.85296630859375,12.850000381469727,80.18000030517578,8.029999732971191,895.4585571289062,51.70000076293945,53.56999969482422,97.60704803466797,132.92999267578125,355.256103515625,13.239999771118164,171.04066467285156,14.119999885559082,141.81956481933594,19.309999465942383,147.55999755859375,7.210000038146973,14.649999618530273,573.1600952148438,6.5,7.119999885559082,14.40999984741211,93.20999908447266,3.009999990463257,,4.949999809265137,380.8399963378906,17.920000076293945,643.432373046875,44.209999084472656,31.979999542236328,325.3480529785156,194.72000122070312,3.3299999237060547,27.920000076293945,123.77849578857422,12.3100004196167,24.690000534057617
2026-03-27,23.040000915527344,3.549999952316284,2.7799999713897705,4.150000095367432,234.83999633789062,24.799999237060547,201.99000549316406,16.1200008392334,33.720001220703125,199.33999633789062,,0.7519999742507935,300.2048645019531,133.24000549316406,22.190000534057617,8.369999885559082,54.13999938964844,16.989999771118164,29.979999542236328,45.75,62.5,174.9499969482422,181.14419555664062,20.719999313354492,61.04999923706055,190.2899932861328,18.0,230.7899932861328,19.610000610351562,242.5232696533203,12.270000457763672,78.16000366210938,7.800000190734863,876.7307739257812,51.79999923706055,49.560001373291016,94.80913543701172,126.02999877929688,357.0151062011719,12.369999885559082,167.32498168945312,13.670000076293945,138.69142150878906,17.65999984741211,143.05999755859375,6.760000228881836,13.899999618530273,561.9624633789062,6.260000228881836,6.659999847412109,13.319999694824219,92.51000213623047,2.9200000762939453,,4.369999885559082,374.25,18.450000762939453,632.4606323242188,42.599998474121094,31.75,325.9765930175781,189.69000244140625,3.1700000762939453,27.25,119.47271728515625,11.420000076293945,24.18000030517578
2026-03-30,23.149999618530273,3.640000104904175,2.759999990463257,4.230000019073486,241.1300048828125,20.209999084472656,196.0399932861328,14.720000267028809,32.209999084472656,200.9499969482422,,0.7310000061988831,292.94635009765625,119.51000213623047,21.899999618530273,8.09000015258789,54.790000915527344,17.40999984741211,28.579999923706055,44.34000015258789,62.970001220703125,169.4600067138672,183.50929260253906,20.93000030517578,59.349998474121094,184.6999969482422,17.149999618530273,237.80999755859375,19.299999237060547,239.04153442382812,12.479999542236328,79.4800033569336,7.579999923706055,885.1063842773438,45.59000015258789,48.22999954223633,87.74442291259766,121.44000244140625,321.75048828125,11.649999618530273,164.97772216796875,13.420000076293945,137.83738708496094,16.6299991607666,137.5500030517578,6.900000095367432,12.979999542236328,557.6671752929688,5.960000038146973,6.309999942779541,12.899999618530273,92.70999908447266,2.819999933242798,,4.010000228881836,362.5299987792969,17.84000015258789,630.3460693359375,43.08000183105469,31.510000228881836,315.7605285644531,193.0800018310547,3.200000047683716,27.65999984741211,118.66351318359375,11.350000381469727,24.209999084472656
2026-03-31,23.8700008392334,3.7699999809265137,3.0,4.239999771118164,243.0800018310547,22.030000686645508,203.42999267578125,16.860000610351562,33.849998474121094,208.27000427246094,,0.7799999713897705,309.02093505859375,135.49000549316406,23.829999923706055,8.460000038146973,56.4900016784668,18.729999542236328,30.6200008392334,47.56999969482422,65.91000366210938,174.08999633789062,189.2074737548828,21.6200008392334,60.61000061035156,197.25999450683594,18.450000762939453,244.10000610351562,21.8700008392334,247.41163635253906,13.09000015258789,83.29000091552734,8.630000114440918,918.189453125,48.2599983215332,50.79999923706055,98.97602844238281,124.80000305175781,337.7880554199219,12.819999694824219,174.1969757080078,14.90999984741211,146.08975219726562,18.3700008392334,146.27999877929688,7.170000076293945,14.430000305175781,576.54638671875,6.380000114440918,6.849999904632568,14.039999961853027,97.25,3.0,,4.230000019073486,383.3999938964844,16.520000457763672,648.6688842773438,49.15999984741211,33.220001220703125,337.1604309082031,197.5,3.180000066757202,29.709999084472656,127.60474395751953,12.0600004196167,25.040000915527344
2026-04-01,26.280000686645508,4.090000152587891,3.1500000953674316,4.269999980926514,241.3699951171875,22.729999542236328,210.2100067138672,15.520000457763672,32.650001525878906,210.57000732421875,,0.8510000109672546,312.99462890625,132.4499969482422,24.219999313354492,9.619999885559082,57.2400016784668,18.6299991607666,31.81999969482422,48.810001373291016,66.61000061035156,173.4499969482422,190.39500427246094,22.15999984741211,62.29999923706055,199.4199981689453,17.3700008392334,242.7899932861328,22.450000762939453,248.96792602539062,13.279999732971191,84.93000030517578,8.770000457763672,952.8796997070312,48.40999984741211,50.029998779296875,106.63030242919922,122.77999877929688,367.7934265136719,13.270000457763672,175.54541015625,15.119999885559082,144.22279357910156,18.6200008392334,146.49000549316406,7.320000171661377,13.699999809265137,583.6685791015625,6.210000038146973,6.639999866485596,13.5,98.63999938964844,2.940000057220459,,4.210000038146973,391.9700012207031,14.699999809265137,653.5562744140625,49.349998474121094,33.58000183105469,340.692138671875,198.1999969482422,3.0,31.420000076293945,128.42393493652344,12.529999732971191,25.940000534057617
2026-04-02,27.31999969482422,4.300000190734863,3.059999942779541,4.360000133514404,242.9199981689453,23.3700008392334,217.5,16.0,32.09000015258789,209.77000427246094,,0.847000002861023,314.0529479980469,135.6300048828125,24.65999984741211,9.800000190734863,55.5,19.239999771118164,32.13999938964844,49.5099983215332,66.7300033569336,172.6999969482422,190.7243194580078,23.15999984741211,61.15999984741211,195.32000732421875,17.639999389648438,244.6699981689453,21.84000015258789,250.69381713867188,13.350000381469727,85.4000015258789,8.869999885559082,933.9722290039062,49.72999954223633,49.20000076293945,107.0300064086914,119.83000183105469,366.18365478515625,13.130000114440918,177.18348693847656,15.0600004196167,145.3648223876953,19.489999771118164,148.4600067138672,7.510000228881836,14.319999694824219,584.3378295898438,6.360000133514404,6.869999885559082,14.1899995803833,99.12000274658203,2.940000057220459,,4.130000114440918,392.32000732421875,15.369999885559082,654.144775390625,50.0099983215332,33.529998779296875,338.2478942871094,199.8699951171875,3.0199999809265137,30.440000534057617,128.8335418701172,12.8100004196167,25.799999237060547
2026-04-06,27.40999984741211,4.130000114440918,2.9600000381469727,4.639999866485596,244.36000061035156,21.940000534057617,220.17999267578125,17.559999465942383,32.619998931884766,212.7899932861328,,0.8240000009536743,313.9331359863281,135.0,24.229999542236328,9.149999618530273,56.209999084472656,19.360000610351562,32.47999954223633,49.150001525878906,64.94000244140625,174.02999877929688,191.7222442626953,22.899999618530273,63.220001220703125,195.57000732421875,18.280000686645508,245.13999938964844,21.479999542236328,251.76129150390625,13.170000076293945,85.2699966430664,8.979999542236328,925.4668579101562,51.16999816894531,48.77000045776367,109.42822265625,127.69000244140625,377.701904296875,13.300000190734863,177.43319702148438,15.170000076293945,144.53062438964844,19.309999465942383,147.92999267578125,7.289999961853027,14.140000343322754,587.85400390625,6.340000152587891,6.860000133514404,14.199999809265137,95.36000061035156,2.9100000858306885,,4.53000020980835,395.9800109863281,14.180000305175781,657.23681640625,48.810001373291016,33.689998626708984,340.9615173339844,196.69000244140625,2.9800000190734863,31.829999923706055,128.67369079589844,12.4399995803833,25.84000015258789
2026-04-07,27.329999923706055,4.039999961853027,2.9200000762939453,4.630000114440918,240.13999938964844,22.309999465942383,221.52999877929688,16.700000762939453,31.540000915527344,213.77000427246094,,0.7950000166893005,333.4422607421875,135.91000366210938,24.489999771118164,9.260000228881836,56.220001220703125,19.1299991607666,33.0,49.70000076293945,65.4800033569336,165.5800018310547,190.6145477294922,22.950000762939453,61.13999938964844,192.30999755859375,18.6299991607666,227.61000061035156,21.579999923706055,252.3099822998047,13.0,85.0999984741211,9.329999923706055,929.489990234375,49.4900016784668,50.11000061035156,109.29830932617188,123.72000122070312,377.52191162109375,13.550000190734863,177.89266967773438,15.25,142.1770782470703,19.329999923706055,150.07000732421875,7.380000114440918,13.739999771118164,587.9439086914062,6.210000038146973,6.769999980926514,13.84000015258789,96.29000091552734,2.8399999141693115,,4.510000228881836,399.8999938964844,14.350000381469727,657.5260009765625,49.900001525878906,33.38999938964844,344.5132141113281,198.3300018310547,2.8499999046325684,31.670000076293945,128.72364807128906,12.3100004196167,26.0
2026-04-08,26.559999465942383,3.930000066757202,2.990000009536743,4.579999923706055,239.30999755859375,22.709999084472656,231.82000732421875,16.920000076293945,33.02000045776367,221.25,,0.800000011920929,350.0759582519531,146.77999877929688,25.440000534057617,9.380000114440918,57.20000076293945,20.239999771118164,34.400001525878906,51.7599983215332,65.7699966430664,178.3800048828125,195.78382873535156,23.940000534057617,61.77000045776367,200.77999877929688,19.0,217.97999572753906,21.700000762939453,259.85205078125,13.359999656677246,87.12999725341797,9.220000267028809,951.6618041992188,54.439998626708984,52.099998474121094,114.3645248413086,128.3000030517578,406.6674499511719,13.869999885559082,181.8680419921875,15.6899995803833,142.66368103027344,20.260000228881836,140.75999450683594,7.179999828338623,14.569999694824219,605.4246826171875,6.300000190734863,6.929999828338623,14.529999732971191,96.75,3.0,,4.860000133514404,422.9200134277344,13.720000267028809,674.27294921875,49.9900016784668,34.209999084472656,365.04510498046875,202.1300048828125,3.049999952316284,31.68000030517578,130.52186584472656,12.25,26.709999084472656
2026-04-09,25.8799991607666,3.9000000953674316,2.950000047683716,4.340000152587891,229.94000244140625,22.940000534057617,236.63999938964844,16.149999618530273,36.150001525878906,233.64999389648438,,0.75,354.34918212890625,160.1300048828125,26.329999923706055,9.390000343322754,56.29999923706055,19.790000915527344,35.400001525878906,51.720001220703125,64.58999633789062,181.8800048828125,192.5904541015625,22.25,63.93000030517578,197.25,21.149999618530273,205.0399932861328,22.459999084472656,261.3385009765625,13.100000381469727,87.3499984741211,9.579999923706055,953.5485229492188,53.900001525878906,51.279998779296875,119.8404312133789,128.86000061035156,421.4451904296875,13.829999923706055,183.69590759277344,16.639999389648438,137.38204956054688,20.030000686645508,130.49000549316406,7.019999980926514,13.869999885559082,609.5202026367188,6.179999828338623,6.78000020980835,14.3100004196167,96.22000122070312,2.9600000381469727,,5.050000190734863,430.30999755859375,13.020000457763672,678.162841796875,49.189998626708984,34.630001068115234,364.6360778808594,198.0500030517578,2.9600000381469727,31.440000534057617,131.69073486328125,12.529999732971191,27.350000381469727
2026-04-10,25.329999923706055,3.940000057220459,2.9800000190734863,4.329999923706055,225.35000610351562,23.049999237060547,245.0399932861328,17.219999313354492,37.709999084472656,238.3800048828125,,0.8320000171661377,370.9628601074219,166.6999969482422,27.43000030517578,9.170000076293945,54.529998779296875,19.610000610351562,37.34000015258789,51.220001220703125,65.01000213623047,185.41000366210938,189.2174530029297,22.229999542236328,65.12999725341797,203.47000122070312,21.65999984741211,192.25999450683594,21.670000076293945,260.6800537109375,13.039999961853027,85.05000305175781,8.949999809265137,937.8555297851562,55.2400016784668,50.959999084472656,128.45831298828125,128.63999938964844,420.52532958984375,13.489999771118164,188.41041564941406,16.100000381469727,137.6112518310547,20.690000534057617,128.05999755859375,6.760000228881836,14.25,610.3992309570312,6.360000133514404,7.059999942779541,14.680000305175781,96.43000030517578,2.950000047683716,,4.760000228881836,436.8800048828125,13.140000343322754,677.7140502929688,49.959999084472656,33.72999954223633,369.734130859375,197.07000732421875,2.9000000953674316,28.959999084472656,129.3130645751953,12.420000076293945,26.31999969482422
2026-04-13,25.450000762939453,4.010000228881836,3.049999952316284,4.519999980926514,240.11000061035156,22.520000457763672,246.8300018310547,18.389999389648438,37.810001373291016,239.88999938964844,,0.8100000023841858,379.1499328613281,176.6699981689453,30.18000030517578,10.119999885559082,54.880001068115234,21.280000686645508,37.619998931884766,54.83000183105469,66.72000122070312,195.1300048828125,195.4644775390625,22.510000228881836,65.62000274658203,200.35000610351562,22.5,205.27999877929688,22.6200008392334,264.4411315917969,13.960000038146973,88.52999877929688,9.489999771118164,927.9525756835938,56.79999923706055,50.68000030517578,131.2676239013672,132.36000061035156,426.4944152832031,14.260000228881836,189.08961486816406,15.930000305175781,155.08047485351562,21.8799991607666,132.3699951171875,6.809999942779541,14.649999618530273,616.7122802734375,6.440000057220459,7.269999980926514,15.130000114440918,136.3000030517578,2.9800000190734863,,4.760000228881836,443.3399963378906,12.979999542236328,684.3369750976562,49.52000045776367,33.790000915527344,368.70654296875,201.36000061035156,3.0399999618530273,30.700000762939453,131.92050170898438,12.069999694824219,26.170000076293945
2026-04-14,25.690000534057617,4.639999866485596,3.1500000953674316,4.659999847412109,235.72000122070312,22.889999389648438,255.07000732421875,17.889999389648438,39.45000076293945,249.02000427246094,,0.8410000205039978,380.17828369140625,219.02999877929688,30.299999237060547,10.4399995803833,55.470001220703125,22.260000228881836,38.5099983215332,56.86000061035156,66.3499984741211,213.75999450683594,198.19882202148438,22.959999084472656,68.9000015258789,200.61000061035156,23.719999313354492,206.44000244140625,22.899999618530273,268.0824890136719,14.260000228881836,89.86499786376953,9.359999656677246,920.9147338867188,57.36000061035156,52.84000015258789,133.7969970703125,137.41000366210938,465.5884094238281,14.779999732971191,196.28123474121094,16.299999237060547,162.4348907470703,23.420000076293945,135.6999969482422,7.059999942779541,16.969999313354492,627.909912109375,6.860000133514404,8.109999656677246,16.8700008392334,147.00999450683594,3.1500000953674316,,4.860000133514404,452.0,12.760000228881836,692.675537109375,49.54999923706055,34.560001373291016,379.00244140625,205.10000610351562,3.1600000858306885,42.130001068115234,135.58689880371094,12.510000228881836,26.979999542236328
2026-04-15,27.09000015258789,5.079999923706055,3.1700000762939453,4.909999847412109,244.66000366210938,24.15999984741211,258.1199951171875,18.299999237060547,37.7400016784668,248.5,,0.8429999947547913,396.0931091308594,213.83999633789062,30.68000030517578,10.369999885559082,55.27000045776367,23.40999984741211,38.95000076293945,56.7599983215332,65.37000274658203,230.0,197.7297821044922,23.639999389648438,69.86000061035156,195.1999969482422,24.040000915527344,218.6199951171875,23.389999389648438,268.75091552734375,14.859999656677246,89.0,9.399999618530273,903.4747924804688,59.52000045776367,54.2599983215332,134.56680297851562,143.5399932861328,456.15985107421875,14.9399995803833,198.63848876953125,16.489999771118164,169.22128295898438,24.440000534057617,142.14999389648438,7.440000057220459,20.809999465942383,636.7003173828125,7.170000076293945,9.399999618530273,19.110000610351562,152.5399932861328,3.259999990463257,,4.909999847412109,453.0,12.930000305175781,698.1414184570312,49.31999969482422,34.599998474121094,374.2236328125,214.14999389648438,3.4700000286102295,40.95000076293945,136.31617736816406,12.510000228881836,27.729999542236328
2026-04-16,27.15999984741211,4.989999771118164,3.2300000190734863,4.860000133514404,248.16000366210938,25.0,278.260009765625,19.1299991607666,37.970001220703125,249.6999969482422,,0.8309999704360962,397.8403625488281,210.05999755859375,30.329999923706055,10.010000228881836,54.099998474121094,23.40999984741211,39.369998931884766,55.720001220703125,65.41999816894531,232.9499969482422,193.37881469726562,23.739999771118164,69.25,191.64999389648438,24.43000030517578,222.97999572753906,23.260000228881836,269.3095703125,14.670000076293945,86.13999938964844,9.529999732971191,902.4365234375,62.29999923706055,54.68000030517578,133.33709716796875,148.94000244140625,457.1596984863281,14.15999984741211,198.1190948486328,16.479999542236328,177.72171020507812,24.170000076293945,142.75999450683594,7.710000038146973,21.520000457763672,639.7669067382812,7.039999961853027,9.4399995803833,19.450000762939453,149.27000427246094,3.259999990463257,,4.929999828338623,454.79998779296875,14.369999885559082,699.8569946289062,50.0,34.29999923706055,362.5010681152344,213.92999267578125,3.2200000286102295,39.540000915527344,135.32716369628906,12.449999809265137,27.200000762939453
2026-04-17,27.399999618530273,5.230000019073486,3.5799999237060547,5.019999980926514,244.4499969482422,24.989999771118164,278.3900146484375,18.670000076293945,39.720001220703125,250.55999755859375,,0.8529999852180481,405.8976135253906,207.86000061035156,31.389999389648438,10.979999542236328,54.63999938964844,24.1200008392334,41.2599983215332,57.9900016784668,66.70999908447266,250.7100067138672,194.3468017578125,22.81999969482422,66.81999969482422,190.44000244140625,25.84000015258789,222.49000549316406,24.6299991607666,275.125732421875,15.0600004196167,87.70999908447266,9.930000305175781,925.4369506835938,60.9900016784668,53.720001220703125,139.65554809570312,166.52000427246094,455.0000305175781,14.949999809265137,201.44520568847656,16.81999969482422,174.4530792236328,24.260000228881836,146.38999938964844,8.199999809265137,21.690000534057617,648.1376953125,7.099999904632568,9.569999694824219,19.809999465942383,148.6300048828125,3.369999885559082,,5.21999979019165,464.1600036621094,13.109999656677246,708.3152465820312,49.959999084472656,35.33000183105469,369.6343688964844,212.0399932861328,3.390000104904175,40.77000045776367,138.5340118408203,13.0600004196167,27.799999237060547
2026-04-20,26.360000610351562,5.650000095367432,3.950000047683716,5.099999904632568,248.6300048828125,24.709999084472656,274.95001220703125,19.610000610351562,40.72999954223633,248.27999877929688,,0.8529999852180481,398.9985046386719,218.27000427246094,31.190000534057617,10.819999694824219,54.880001068115234,24.3700008392334,44.27000045776367,57.689998626708984,66.13999938964844,267.3699951171875,195.0952606201172,22.889999389648438,68.41999816894531,192.49000549316406,26.799999237060547,229.8800048828125,24.25,276.6920166015625,14.899999618530273,86.93000030517578,11.25,918.3192138671875,66.2300033569336,54.59000015258789,147.80352783203125,170.80999755859375,448.3510437011719,15.210000038146973,201.82476806640625,16.579999923706055,176.96435546875,27.139999389648438,145.88999938964844,7.980000019073486,21.65999984741211,646.0799560546875,7.179999828338623,9.829999923706055,19.639999389648438,146.22999572753906,3.4000000953674316,,4.989999771118164,463.9599914550781,13.59000015258789,706.8988037109375,47.79999923706055,36.959999084472656,365.3843078613281,216.85000610351562,3.2200000286102295,40.290000915527344,137.6548614501953,12.800000190734863,27.850000381469727
2026-04-21,25.649999618530273,5.369999885559082,3.9000000953674316,4.869999885559082,247.17999267578125,24.979999542236328,284.489990234375,21.43000030517578,41.93000030517578,249.91000366210938,,0.8240000009536743,401.5345153808594,220.91000366210938,30.690000534057617,10.1899995803833,54.619998931884766,23.43000030517578,44.880001068115234,55.540000915527344,65.80000305175781,273.989990234375,194.13723754882812,22.989999771118164,66.9800033569336,186.61000061035156,24.950000762939453,230.4600067138672,23.850000381469727,273.8587646484375,14.550000190734863,88.06999969482422,9.710000038146973,901.4682006835938,65.76000213623047,54.22999954223633,151.27267456054688,163.97000122070312,449.3109130859375,15.3100004196167,199.64732360839844,16.6299991607666,180.54190063476562,27.610000610351562,145.97000122070312,7.949999809265137,20.360000610351562,643.6226806640625,6.980000019073486,9.40999984741211,18.25,148.89999389648438,3.5399999618530273,,5.03000020980835,464.6600036621094,14.079999923706055,702.2708129882812,48.099998474121094,36.279998779296875,367.2200012207031,217.64999389648438,3.1600000858306885,38.779998779296875,136.25624084472656,12.609999656677246,28.270000457763672
2026-04-22,25.1299991607666,5.53000020980835,3.680000066757202,4.96999979019165,255.94000244140625,25.889999389648438,303.4599914550781,22.690000534057617,48.150001525878906,255.36000061035156,,0.843999981880188,421.98211669921875,229.75,31.690000534057617,10.680000305175781,54.150001525878906,23.809999465942383,44.810001373291016,56.41999816894531,66.25,281.94000244140625,183.6589813232422,22.469999313354492,65.58000183105469,188.7100067138672,26.799999237060547,232.75,23.780000686645508,275.8240661621094,14.800000190734863,88.7699966430664,10.229999542236328,919.8964233398438,69.19000244140625,55.599998474121094,157.2812042236328,179.36000061035156,487.4050598144531,16.56999969482422,202.26426696777344,16.239999771118164,186.84996032714844,27.760000228881836,152.6199951171875,8.050000190734863,21.239999771118164,654.390869140625,7.309999942779541,9.859999656677246,18.3799991607666,141.5,3.9600000381469727,,4.78000020980835,476.8299865722656,14.670000076293945,709.3825073242188,47.33000183105469,38.310001373291016,386.5347900390625,218.19000244140625,3.2300000190734863,40.09000015258789,137.1753387451172,12.850000381469727,28.530000686645508
2026-04-23,22.34000015258789,5.369999885559082,3.9700000286102295,5.190000057220459,238.97999572753906,25.989999771118164,305.3299865722656,21.729999542236328,46.150001525878906,255.0800018310547,,0.7919999957084656,419.27642822265625,237.57000732421875,30.15999984741211,10.520000457763672,53.97999954223633,22.579999923706055,45.56999969482422,55.18000030517578,65.4800033569336,274.3500061035156,178.2003173828125,22.170000076293945,66.2300033569336,196.19000244140625,26.280000686645508,214.69000244140625,22.989999771118164,274.8663330078125,13.699999809265137,87.16999816894531,8.949999809265137,916.0730590820312,63.31999969482422,52.849998474121094,165.5191650390625,172.47000122070312,481.64593505859375,15.869999885559082,199.4075927734375,15.350000381469727,175.66885375976562,26.40999984741211,141.57000732421875,7.690000057220459,19.309999465942383,650.7048950195312,7.409999847412109,9.050000190734863,16.860000610351562,134.47999572753906,3.700000047683716,,4.639999866485596,481.8500061035156,14.260000228881836,706.6295776367188,47.47999954223633,36.91999816894531,381.7659606933594,209.89999389648438,3.009999990463257,40.81999969482422,134.3581085205078,12.449999809265137,27.43000030517578
2026-04-24,23.950000762939453,5.389999866485596,3.940000057220459,5.130000114440918,245.44000244140625,24.93000030517578,347.80999755859375,20.65999984741211,49.47999954223633,263.989990234375,,0.7850000262260437,422.09197998046875,231.1699981689453,27.110000610351562,9.880000114440918,53.18000030517578,22.540000915527344,46.93000030517578,48.78499984741211,65.31999969482422,274.55999755859375,176.88304138183594,23.18000030517578,66.27999877929688,193.75999450683594,26.0049991607666,223.32000732421875,23.559999465942383,275.99365234375,14.069999694824219,84.91000366210938,9.0600004196167,882.4409790039062,60.72999954223633,50.72999954223633,164.26947021484375,171.02000427246094,496.64361572265625,13.630000114440918,208.0275421142578,15.529999732971191,172.67926025390625,28.219999313354492,143.08999633789062,7.889999866485596,18.489999771118164,663.1512451171875,7.21999979019165,8.9399995803833,16.610000610351562,135.3000030517578,3.6700000762939453,,4.460000038146973,506.44000244140625,13.579999923706055,712.10546875,46.47999954223633,36.619998931884766,401.5196838378906,210.75,3.0999999046325684,40.5,133.1492919921875,12.979999542236328,28.100000381469727
2026-04-27,23.3700008392334,5.519999980926514,4.849999904632568,5.21999979019165,239.30999755859375,24.75,334.6300048828125,21.420000076293945,49.63999938964844,261.1199951171875,,0.7910000085830688,417.5391845703125,234.67999267578125,29.165000915527344,9.59000015258789,53.810001373291016,22.06999969482422,46.189998626708984,50.9900016784668,61.599998474121094,279.4800109863281,180.24606323242188,23.530000686645508,63.720001220703125,197.47999572753906,25.049999237060547,225.07000732421875,23.489999771118164,276.4825134277344,13.949999809265137,86.68000030517578,8.989999771118164,866.7779541015625,64.91999816894531,48.70000076293945,158.17098999023438,169.1999969482422,524.4793090820312,13.039999961853027,216.3578338623047,15.289999961853027,172.36036682128906,26.920000076293945,143.10000610351562,8.050000190734863,18.799999237060547,663.5008544921875,7.059999942779541,9.100000381469727,16.90999984741211,131.6699981689453,3.569999933242798,,4.880000114440918,506.260009765625,13.460000038146973,713.332275390625,46.290000915527344,35.380001068115234,404.0338134765625,213.77000427246094,3.0399999618530273,40.810001373291016,132.90953063964844,13.100000381469727,28.559999465942383
2026-04-28,23.0,5.590000152587891,4.860000133514404,5.019999980926514,243.1999969482422,24.020000457763672,323.2099914550781,19.690000534057617,47.5,259.70001220703125,,0.7940000295639038,399.19818115234375,226.3699951171875,30.559999465942383,9.609999656677246,53.29999923706055,21.6200008392334,44.150001525878906,52.060001373291016,60.689998626708984,278.5400085449219,178.6094512939453,23.399999618530273,63.0,195.86000061035156,26.360000610351562,225.97000122070312,23.709999084472656,273.2601623535156,13.819999694824219,83.8499984741211,8.699999809265137,872.498046875,61.70000076293945,47.13999938964844,153.19219970703125,165.7100067138672,504.21246337890625,13.199999809265137,212.92184448242188,14.59000015258789,165.3846435546875,26.1299991607666,141.17999267578125,8.59000015258789,18.110000610351562,656.8281860351562,6.96999979019165,8.569999694824219,16.389999389648438,144.8300018310547,3.490000009536743,,4.880000114440918,491.2099914550781,13.140000343322754,709.8612060546875,46.72999954223633,34.58000183105469,391.42333984375,213.00999450683594,3.200000047683716,40.88999938964844,131.0313720703125,12.149999618530273,27.940000534057617
2026-04-29,22.479999542236328,5.210000038146973,4.710000038146973,5.21999979019165,243.57000732421875,22.889999389648438,337.1099853515625,20.34000015258789,47.70000076293945,263.0400085449219,,0.7649999856948853,404.809326171875,287.9700012207031,29.3799991607666,9.199999809265137,54.209999084472656,21.3799991607666,44.709999084472656,50.709999084472656,59.58000183105469,257.2699890136719,178.42982482910156,23.139999389648438,61.08000183105469,190.61000061035156,25.420000076293945,227.25,22.950000762939453,271.4344787597656,13.460000038146973,81.51000213623047,8.399999618530273,849.7472534179688,61.29999923706055,45.720001220703125,156.53138732910156,158.19000244140625,518.3803100585938,12.444999694824219,209.00640869140625,14.140000343322754,163.26202392578125,25.540000915527344,137.97000122070312,10.130000114440918,18.270000457763672,660.84375,6.840000152587891,8.279999732971191,16.079999923706055,140.5500030517578,3.3499999046325684,,4.670000076293945,499.5799865722656,13.9399995803833,709.7515258789062,46.29999923706055,33.58000183105469,392.90985107421875,215.33999633789062,3.059999942779541,40.099998474121094,128.77359008789062,11.619999885559082,27.829999923706055
2026-04-30,22.875,5.429999828338623,4.974999904632568,5.190000057220459,246.10000610351562,24.690000534057617,354.489990234375,21.059999465942383,53.540000915527344,265.05999755859375,,0.8069999814033508,416.7703857421875,283.3599853515625,30.329999923706055,9.59000015258789,53.90999984741211,21.860000610351562,47.349998474121094,52.34000015258789,63.970001220703125,271.989990234375,178.5795135498047,23.31999969482422,63.970001220703125,201.88999938964844,27.440000534057617,221.75999450683594,22.940000534057617,277.310546875,13.920000076293945,81.06999969482422,8.800000190734863,932.993896484375,66.04000091552734,45.939998626708984,165.10926818847656,165.4499969482422,517.0804443359375,13.479999542236328,199.33767700195312,14.40999984741211,160.83047485351562,26.959999084472656,139.11000061035156,9.630000114440918,20.280000686645508,667.0069580078125,7.289999961853027,9.020000457763672,17.450000762939453,144.1199951171875,3.450000047683716,,4.949999809265137,506.7200012207031,14.350000381469727,716.8132934570312,46.61000061035156,33.779998779296875,395.1346435546875,213.75999450683594,3.1500000953674316,42.119998931884766,131.20120239257812,11.930000305175781,27.540000915527344
2026-05-01,23.34000015258789,5.460000038146973,4.920000076293945,5.28000020980835,250.7100067138672,25.18000030517578,360.5400085449219,20.8700008392334,52.5099983215332,268.260009765625,,0.8339999914169312,420.6142883300781,290.5199890136719,30.700000762939453,9.630000114440918,54.060001373291016,22.239999771118164,45.59000015258789,51.630001068115234,63.349998474121094,272.6499938964844,174.78738403320312,23.0,60.4900016784668,211.7100067138672,28.110000610351562,239.88999938964844,22.729999542236328,278.617431640625,14.550000190734863,80.70999908447266,8.869999885559082,961.674560546875,66.62999725341797,45.369998931884766,164.90931701660156,177.1699981689453,542.1266479492188,13.260000228881836,198.21897888183594,14.319999694824219,171.23428344726562,26.450000762939453,144.07000732421875,10.3100004196167,20.489999771118164,673.4099731445312,7.260000228881836,9.210000038146973,17.5,139.47999572753906,3.4200000762939453,,4.929999828338623,509.82000732421875,14.100000381469727,718.7982177734375,46.369998931884766,33.849998474121094,396.74090576171875,216.02999877929688,3.140000104904175,44.119998931884766,130.29209899902344,12.6899995803833,26.610000610351562
2026-05-04,22.020000457763672,5.269999980926514,5.619999885559082,5.300000190734863,253.9600067138672,25.25,341.5400085449219,20.3799991607666,50.29999923706055,272.04998779296875,,0.8429999947547913,415.84185791015625,288.6400146484375,30.079999923706055,10.140000343322754,55.459999084472656,22.079999923706055,46.689998626708984,53.58000183105469,66.05000305175781,279.1700134277344,173.67967224121094,23.56999969482422,61.849998474121094,211.38999938964844,29.170000076293945,247.42999267578125,23.329999923706055,277.22076416015625,14.880000114440918,83.58999633789062,9.0,966.2666625976562,66.19999694824219,47.29999923706055,163.61964416503906,183.8000030517578,576.3613891601562,13.869999885559082,198.24893188476562,14.630000114440918,179.66494750976562,28.149999618530273,146.02999877929688,10.359999656677246,20.920000076293945,672.141357421875,7.190000057220459,9.5,17.700000762939453,147.89999389648438,3.4600000381469727,,5.019999980926514,506.7900085449219,14.5,716.1649780273438,46.47999954223633,35.70500183105469,400.6716613769531,225.17999267578125,3.5399999618530273,44.90999984741211,133.36907958984375,13.359999656677246,26.780000686645508
2026-05-05,21.899999618530273,5.46999979019165,5.610000133514404,5.400000095367432,255.6199951171875,26.1299991607666,355.260009765625,21.399999618530273,55.0099983215332,273.54998779296875,,0.8420000076293945,426.6846923828125,295.25,28.899999618530273,9.710000038146973,53.2400016784668,20.790000915527344,48.45000076293945,52.380001068115234,77.08999633789062,263.80999755859375,174.26846313476562,24.170000076293945,59.41999816894531,219.3800048828125,30.31999969482422,246.0800018310547,23.110000610351562,281.8896484375,14.329999923706055,82.70999908447266,9.210000038146973,987.170654296875,68.05999755859375,46.709999084472656,168.7083740234375,186.89999389648438,640.1015625,13.3100004196167,196.271240234375,14.640000343322754,184.70741271972656,28.600000381469727,135.91000366210938,11.229999542236328,21.540000915527344,680.8617553710938,7.260000228881836,9.5600004196167,18.270000457763672,147.2100067138672,3.509999990463257,,4.869999885559082,522.6900024414062,14.260000228881836,721.9102172851562,47.1349983215332,36.099998474121094,393.488525390625,223.11000061035156,3.690000057220459,44.79999923706055,133.65878295898438,12.850000381469727,26.68000030517578
2026-05-06,21.56999969482422,5.889999866485596,5.949999809265137,5.21999979019165,250.1699981689453,25.5,421.3900146484375,22.190000534057617,57.06999969482422,274.989990234375,,1.0399999618530273,424.7677307128906,285.4700012207031,32.34000015258789,10.039999961853027,54.599998474121094,21.729999542236328,49.619998931884766,55.08000183105469,74.83999633789062,246.3699951171875,174.557861328125,23.920000076293945,61.43000030517578,218.0,31.1200008392334,235.16000366210938,23.270000457763672,286.11956787109375,14.289999961853027,86.26000213623047,9.470000267028809,985.353759765625,72.6500015258789,48.790000915527344,172.10752868652344,186.82000732421875,666.487548828125,13.850000381469727,207.5880584716797,15.1899995803833,193.35731506347656,29.395000457763672,133.7899932861328,11.100000381469727,23.829999923706055,695.0062255859375,7.949999809265137,10.460000038146973,20.09000015258789,151.07000732421875,3.3450000286102295,,5.150000095367432,549.760009765625,13.40999984741211,731.9443359375,47.11000061035156,41.970001220703125,418.5198974609375,222.0,3.6600000858306885,44.7599983215332,137.5449676513672,13.010000228881836,27.610000610351562
2026-05-07,21.700000762939453,5.599999904632568,5.75,6.5,256.510009765625,23.760000228881836,408.4599914550781,16.110000610351562,53.220001220703125,271.1700134277344,,0.921999990940094,411.9080810546875,258.6400146484375,31.469999313354492,9.739999771118164,54.119998931884766,19.010000228881836,47.47999954223633,52.41999816894531,74.29000091552734,249.27000427246094,175.2963409423828,25.219999313354492,61.790000915527344,214.57000732421875,29.299999237060547,243.72000122070312,22.190000534057617,281.5903625488281,14.720000267028809,84.62999725341797,9.300000190734863,973.2846069335938,69.12999725341797,48.540000915527344,159.9705352783203,179.83999633789062,646.5305786132812,13.710000038146973,211.2537841796875,15.130000114440918,193.91537475585938,24.510000228881836,137.0500030517578,11.279999732971191,21.989999771118164,694.1771240234375,7.349999904632568,9.630000114440918,18.34000015258789,142.50999450683594,2.9200000762939453,,4.929999828338623,540.0999755859375,12.829999923706055,729.7001342773438,46.45000076293945,43.025001525878906,413.182373046875,223.5,4.210000038146973,42.65999984741211,133.5289306640625,12.3100004196167,26.600000381469727
2026-05-08,21.5,5.440000057220459,5.900000095367432,6.409999847412109,253.0399932861328,23.65999984741211,455.19000244140625,16.700000762939453,55.189998626708984,272.67999267578125,,0.9459999799728394,429.3205261230469,261.0299987792969,32.31999969482422,9.859999656677246,54.060001373291016,18.424999237060547,49.540000915527344,54.83000183105469,76.91000366210938,256.3299865722656,170.80564880371094,25.520000457763672,60.86000061035156,219.9499969482422,30.229999542236328,197.33999633789062,22.440000534057617,283.495849609375,14.5,86.08000183105469,9.350000381469727,946.8201293945312,67.43000030517578,54.349998474121094,170.08804321289062,187.58999633789062,746.6951293945312,14.09000015258789,214.94947814941406,14.899999618530273,195.27066040039062,25.200000762939453,137.8000030517578,10.970000267028809,22.56999969482422,710.44921875,7.539999961853027,9.600000381469727,18.940000534057617,141.80999755859375,3.075000047683716,,5.010000228881836,566.5399780273438,12.850000381469727,735.724609375,48.38999938964844,42.86000061035156,410.7181396484375,220.4499969482422,4.179999828338623,42.599998474121094,134.57789611816406,12.859999656677246,23.889999389648438
2026-05-11,21.65999984741211,5.71999979019165,5.78000020980835,6.090000152587891,246.14999389648438,23.65999984741211,458.7900085449219,17.68000030517578,58.720001220703125,268.989990234375,,0.949999988079071,427.75299072265625,283.9200134277344,31.75,9.079999923706055,52.58000183105469,18.229999542236328,51.279998779296875,54.0099983215332,74.55999755859375,249.4199981689453,166.17526245117188,24.510000228881836,55.189998626708984,233.27000427246094,31.68000030517578,191.33999633789062,23.0,284.6530456542969,14.390000343322754,84.0999984741211,10.34000015258789,965.3282470703125,67.41000366210938,52.880001068115234,170.79786682128906,195.94000244140625,795.2077026367188,14.420000076293945,219.18453979492188,14.859999656677246,193.16796875,26.799999237060547,136.88999938964844,10.529999732971191,24.030000686645508,712.5069580078125,8.029999732971191,10.180000305175781,20.510000228881836,144.14999389648438,3.1500000953674316,,5.25,576.3099975585938,13.25,737.4002685546875,48.349998474121094,43.13999938964844,403.5948486328125,221.47000122070312,3.9600000381469727,43.5099983215332,134.61785888671875,12.789999961853027,24.030000686645508
2026-05-12,21.15999984741211,6.110000133514404,5.355000019073486,5.840000152587891,240.8300018310547,23.510000228881836,448.2900085449219,18.829999923706055,54.5099983215332,265.82000732421875,,0.5299999713897705,418.6374206542969,280.69000244140625,31.579999923706055,9.199999809265137,52.880001068115234,18.100000381469727,49.31999969482422,52.83000183105469,74.80999755859375,242.25,165.91578674316406,24.610000610351562,55.65999984741211,228.05999755859375,31.3799991607666,179.5800018310547,22.690000534057617,281.8996276855469,14.130000114440918,83.55000305175781,10.229999542236328,988.1689453125,65.58999633789062,53.27000045776367,164.4594268798828,184.4199981689453,766.462158203125,13.989999771118164,220.52297973632812,13.970000267028809,186.18228149414062,27.100000381469727,136.0,10.329999923706055,22.350000381469727,706.463623046875,8.420000076293945,11.779999732971191,19.06999969482422,145.72000122070312,3.0,,5.21999979019165,561.25,14.0,736.2831420898438,49.189998626708984,42.540000915527344,396.351806640625,225.99000549316406,3.9800000190734863,42.84000015258789,134.77769470214844,12.4399995803833,23.899999618530273
2026-05-13,21.3799991607666,6.590000152587891,5.300000190734863,5.650000095367432,236.07000732421875,24.860000610351562,445.5,17.520000457763672,55.72999954223633,270.1300048828125,,0.3959999978542328,416.13140869140625,289.760009765625,31.850000381469727,9.029999732971191,53.54999923706055,17.389999389648438,49.15999984741211,52.75,77.22000122070312,240.07000732421875,165.6463623046875,25.030000686645508,53.7400016784668,234.60000610351562,30.809999465942383,179.0,22.200000762939453,281.9993896484375,13.6899995803833,85.58999633789062,10.779999732971191,1014.0044555664062,63.72999954223633,50.41999816894531,177.90611267089844,178.02999877929688,803.5064086914062,14.279999732971191,225.56710815429688,13.579999923706055,189.10211181640625,34.16999816894531,130.0500030517578,10.239999771118164,21.440000534057617,713.9254760742188,8.65999984741211,11.029999732971191,18.415000915527344,149.94000244140625,3.059999942779541,,6.53000020980835,572.4600219726562,13.119999885559082,740.4025268554688,50.16999816894531,42.650001525878906,398.86590576171875,226.99000549316406,3.950000047683716,44.54999923706055,135.71678161621094,12.380000114440918,24.56999969482422
2026-05-14,20.18000030517578,6.730000019073486,5.539999961853027,5.71999979019165,237.00999450683594,24.6299991607666,449.70001220703125,17.8700008392334,54.70000076293945,267.2200012207031,,0.5600000023841858,439.0950622558594,303.4100036621094,29.530000686645508,9.020000457763672,53.2400016784668,17.8799991607666,48.959999084472656,50.45000076293945,78.63999938964844,234.49000549316406,164.1993408203125,25.149999618530273,55.470001220703125,231.6199951171875,32.040000915527344,183.4600067138672,22.020000457763672,283.7751770019531,16.469999313354492,84.5,10.739999771118164,1004.9700317382812,60.310001373291016,50.029998779296875,182.53497314453125,186.97000122070312,775.8906860351562,13.09000015258789,235.465576171875,13.819999694824219,194.9318389892578,34.86000061035156,133.72999572753906,10.430000305175781,22.1299991607666,718.9998168945312,8.600000381469727,11.729999542236328,19.270000457763672,149.47000122070312,2.9800000190734863,,7.420000076293945,578.3400268554688,13.75,746.2474975585938,51.279998779296875,40.790000915527344,416.7440490722656,242.41000366210938,3.9600000381469727,44.099998474121094,134.71775817871094,11.880000114440918,23.959999084472656
2026-05-15,19.5,4.570000171661377,5.130000114440918,5.920000076293945,247.60000610351562,22.8700008392334,424.1000061035156,16.850000381469727,55.060001373291016,264.1400146484375,,0.5040000081062317,424.51812744140625,275.95001220703125,27.93000030517578,8.760000228881836,51.810001373291016,17.690000534057617,47.13999938964844,48.40999984741211,75.8499984741211,235.7899932861328,161.57479858398438,25.0,56.43000030517578,233.3699951171875,29.610000610351562,198.3800048828125,20.8799991607666,276.94140625,15.170000076293945,82.20999908447266,9.489999771118164,1004.9199829101562,61.27000045776367,49.040000915527344,176.84637451171875,177.4199981689453,724.5485229492188,13.670000076293945,225.05770874023438,13.59000015258789,192.2810516357422,34.86000061035156,133.99000549316406,9.84000015258789,20.350000381469727,708.1517944335938,8.010000228881836,10.505000114440918,17.850000381469727,145.66000366210938,2.880000114440918,,7.079999923706055,556.3400268554688,15.130000114440918,737.2706298828125,49.349998474121094,39.5,403.4053039550781,242.44000244140625,4.0,42.59000015258789,130.5618438720703,11.220000267028809,23.93000030517578
2026-05-18,18.559999465942383,4.360000133514404,4.945000171661377,6.019999980926514,255.63999938964844,21.149999618530273,420.989990234375,15.869999885559082,50.150001525878906,264.8599853515625,,0.5199999809265137,420.0451965332031,258.7099914550781,26.809999465942383,8.489999771118164,49.66999816894531,17.549999237060547,44.20000076293945,48.560001373291016,75.18000030517578,240.55999755859375,163.52076721191406,25.780000686645508,54.86000061035156,233.63999938964844,27.8700008392334,208.50999450683594,19.899999618530273,275.3152770996094,15.550000190734863,79.66999816894531,8.539999961853027,988.0900268554688,56.66999816894531,48.11000061035156,168.88832092285156,166.6300048828125,681.4351806640625,12.6899995803833,222.0612030029297,12.899999618530273,185.96304321289062,30.739999771118164,135.13999938964844,9.970000267028809,19.059999465942383,705.1051025390625,7.570000171661377,9.71500015258789,16.6200008392334,144.3699951171875,2.7200000286102295,,7.289999961853027,546.1599731445312,15.229999542236328,736.751953125,47.380001068115234,39.47999954223633,395.0249328613281,242.16000366210938,4.0,42.88999938964844,127.54479217529297,11.0600004196167,24.43000030517578
2026-05-19,18.989999771118164,4.369999885559082,4.630000114440918,5.920000076293945,254.99000549316406,21.524999618530273,414.04998779296875,15.479999542236328,47.09000015258789,259.3399963378906,,0.4830000102519989,410.4204406738281,261.3399963378906,26.329999923706055,8.390000343322754,49.810001373291016,16.90999984741211,42.77000045776367,47.59000015258789,76.44999694824219,239.11000061035156,166.6941680908203,25.540000915527344,52.97999954223633,221.7100067138672,27.549999237060547,208.19000244140625,19.65999984741211,272.3523254394531,15.130000114440918,78.13999938964844,8.699999809265137,1021.4099731445312,54.93000030517578,45.720001220703125,176.22653198242188,164.6300048828125,698.632568359375,11.9399995803833,220.35317993164062,13.100000381469727,180.83090209960938,29.719999313354492,135.25999450683594,9.770000457763672,18.190000534057617,700.7599487304688,7.300000190734863,9.220000267028809,15.960000038146973,147.3000030517578,2.630000114440918,,7.590000152587891,543.9600219726562,15.239999771118164,731.8446044921875,47.560001373291016,39.43000030517578,391.69268798828125,238.13999938964844,3.7100000381469727,42.2599983215332,126.66566467285156,10.40999984741211,24.399999618530273
2026-05-20,19.780000686645508,4.289999961853027,4.949999809265137,5.960000038146973,253.3699951171875,22.040000915527344,447.5799865722656,15.069999694824219,49.220001220703125,265.010009765625,,0.531000018119812,417.0998840332031,282.30999755859375,27.110000610351562,8.850000381469727,50.20000076293945,17.670000076293945,44.97999954223633,48.54999923706055,78.7699966430664,243.8000030517578,170.76571655273438,25.010000228881836,50.720001220703125,237.86000061035156,27.770000457763672,203.38999938964844,21.530000686645508,279.2060241699219,16.09000015258789,80.6500015258789,8.569999694824219,1018.8699951171875,56.5,48.119998931884766,186.75393676757812,165.80999755859375,731.87744140625,12.260000228881836,223.20985412597656,13.960000038146973,187.50767517089844,30.8700008392334,137.14999389648438,9.739999771118164,19.299999237060547,712.3671875,7.670000076293945,9.5600004196167,16.8799991607666,150.3300018310547,2.7699999809265137,,8.970000267028809,564.6599731445312,15.050000190734863,739.3452758789062,48.380001068115234,39.7599983215332,400.6816711425781,236.6199951171875,3.8499999046325684,43.4900016784668,131.58084106445312,11.319999694824219,24.84000015258789
2026-05-21,20.65999984741211,4.510000228881836,5.090000152587891,5.900000095367432,244.10000610351562,22.170000076293945,449.5899963378906,15.300000190734863,49.41999816894531,268.4599914550781,,0.5289999842643738,413.9149169921875,307.8800048828125,27.670000076293945,9.479999542236328,54.099998474121094,18.1200008392334,45.650001525878906,49.900001525878906,78.05999755859375,240.89999389648438,172.97116088867188,25.399999618530273,53.119998931884766,248.8800048828125,29.56999969482422,198.3699951171875,22.959999084472656,281.8197937011719,15.930000305175781,80.61000061035156,8.899999618530273,1041.6500244140625,61.7400016784668,47.2599983215332,190.64297485351562,164.85000610351562,761.9827880859375,12.369999885559082,219.25445556640625,14.0600004196167,189.11209106445312,35.09000015258789,137.4149932861328,9.739999771118164,25.739999771118164,713.7256469726562,8.380000114440918,11.40999984741211,22.040000915527344,153.72999572753906,2.9700000286102295,,7.559999942779541,567.8800048828125,14.569999694824219,740.8114624023438,47.720001220703125,39.2400016784668,406.19873046875,238.0800018310547,3.5899999141693115,44.7400016784668,132.6497802734375,11.270000457763672,25.110000610351562
2026-05-22,21.010000228881836,4.539999961853027,5.099999904632568,5.949999809265137,244.75999450683594,22.020000457763672,467.510009765625,16.030000686645508,51.84000015258789,266.32000732421875,,0.49000000953674316,413.485595703125,302.489990234375,28.639999389648438,9.449999809265137,54.09000015258789,17.799999237060547,46.529998779296875,50.36000061035156,76.94000244140625,228.4600067138672,171.64390563964844,25.1200008392334,52.900001525878906,257.8500061035156,28.649999618530273,201.97000122070312,21.65999984741211,284.4435729980469,16.56999969482422,78.88999938964844,8.670000076293945,1065.0,64.45999908447266,46.880001068115234,196.28158569335938,159.88999938964844,750.884521484375,12.600000381469727,215.07933044433594,13.680000305175781,191.41407775878906,37.029998779296875,136.8800048828125,9.5600004196167,29.399999618530273,716.7523193359375,8.199999809265137,12.3100004196167,26.420000076293945,151.55999755859375,3.059999942779541,,7.78000020980835,576.3200073242188,14.739999771118164,743.7239990234375,48.130001068115234,38.869998931884766,403.57489013671875,227.5500030517578,3.569999933242798,44.43000030517578,131.5308837890625,11.3100004196167,25.610000610351562
2026-05-26,20.12700080871582,4.199999809265137,5.28000020980835,5.96999979019165,240.49000549316406,22.329999923706055,503.8900146484375,17.829999923706055,53.119998931884766,265.2900085449219,,0.48399999737739563,421.3431701660156,302.3999938964844,29.790000915527344,10.069999694824219,52.880001068115234,17.6200008392334,49.93000030517578,51.59000015258789,76.29000091552734,249.35000610351562,172.4522247314453,23.809999465942383,54.130001068115234,269.95001220703125,29.6200008392334,197.99000549316406,21.90999984741211,289.82080078125,16.979999542236328,80.7699966430664,8.609999656677246,1064.739990234375,66.98999786376953,47.029998779296875,208.20863342285156,159.92999267578125,895.7422485351562,12.609999656677246,214.60987854003906,13.550000190734863,192.3906707763672,42.70000076293945,136.60000610351562,10.210000038146973,27.81999969482422,729.4783935546875,8.710000038146973,11.680000305175781,25.065000534057617,154.88999938964844,3.2300000190734863,,8.119999885559082,602.1400146484375,13.75,748.6613159179688,51.5099983215332,39.72999954223633,411.3566589355469,220.6699981689453,3.440000057220459,44.290000915527344,133.21923828125,11.630000114440918,25.399999618530273
2026-05-27,20.899999618530273,3.990000009536743,5.159999847412109,6.0,238.24000549316406,21.329999923706055,495.5400085449219,17.15999984741211,52.68000030517578,271.8500061035156,,0.4779999852180481,421.193359375,293.79998779296875,31.889999389648438,11.289999961853027,52.380001068115234,17.270000457763672,54.939998626708984,53.529998779296875,77.1500015258789,256.260009765625,172.77157592773438,25.06999969482422,57.36000061035156,273.6700134277344,29.969999313354492,200.72000122070312,22.110000610351562,289.6811218261719,17.25,81.69999694824219,8.59000015258789,1082.9200439453125,65.20999908447266,47.61000061035156,198.65098571777344,154.1999969482422,928.2672119140625,13.4399995803833,212.35250854492188,12.90999984741211,190.2979736328125,44.22999954223633,132.50999450683594,10.170000076293945,27.479999542236328,728.6492919921875,9.109999656677246,11.420000076293945,24.6200008392334,153.0,3.359999895095825,,8.579999923706055,595.5,13.130000114440918,748.5316162109375,50.63999938964844,39.20000076293945,421.7423400878906,218.4600067138672,3.299999952316284,47.7599983215332,134.31814575195312,11.720000267028809,24.790000915527344
2026-05-28,19.8799991607666,4.199999809265137,6.079999923706055,6.309999942779541,241.44000244140625,21.399999618530273,518.0900268554688,20.850000381469727,51.33000183105469,274.0,,0.4869999885559082,425.9059143066406,290.010009765625,32.79999923706055,10.239999771118164,52.7400016784668,18.100000381469727,54.04999923706055,56.380001068115234,76.80999755859375,268.82000732421875,180.25604248046875,24.530000686645508,57.400001525878906,303.3800048828125,30.1299991607666,198.8000030517578,22.540000915527344,291.3371887207031,17.440000534057617,81.45999908447266,8.649999618530273,1126.800048828125,66.83000183105469,47.56999969482422,204.77947998046875,151.63999938964844,923.3779907226562,13.680000305175781,214.00057983398438,12.760000228881836,202.99378967285156,42.33000183105469,143.33999633789062,10.34000015258789,29.489999771118164,734.79248046875,9.130000114440918,12.239999771118164,27.030000686645508,154.6300048828125,3.390000104904175,,9.180000305175781,599.8300170898438,14.6899995803833,752.6609497070312,49.81999969482422,38.81999969482422,423.8673400878906,217.8699951171875,3.490000009536743,47.7599983215332,135.8566436767578,11.970000267028809,25.479999542236328
2026-05-29,20.010000228881836,4.110000133514404,6.75,6.570000171661377,259.2099914550781,21.600000381469727,516.0999755859375,20.280000686645508,50.939998626708984,270.6400146484375,,0.5429999828338623,446.06402587890625,285.0,32.93000030517578,11.010000228881836,57.290000915527344,18.600000381469727,52.75,56.18000030517578,76.76000213623047,282.55999755859375,182.29180908203125,24.489999771118164,56.0,306.7900085449219,29.579999923706055,220.6300048828125,21.829999923706055,289.740966796875,18.290000915527344,81.41999816894531,8.520000457763672,1105.0,64.69999694824219,47.189998626708984,204.94943237304688,159.08999633789062,970.8507080078125,14.069999694824219,210.8942108154297,13.1899995803833,224.9972381591797,46.04999923706055,156.5399932861328,10.420000076293945,30.139999389648438,737.49951171875,8.979999542236328,11.960000038146973,25.540000915527344,157.47999572753906,3.309999942779541,,9.3100004196167,598.9299926757812,14.649999618530273,754.5361328125,49.29999923706055,37.939998626708984,417.47235107421875,224.16000366210938,3.380000114440918,47.18000030517578,136.5559539794922,11.880000114440918,25.1299991607666
2026-06-01,19.079999923706055,3.990000009536743,6.519999980926514,6.539999961853027,274.0299987792969,20.329999923706055,510.1300048828125,21.75,51.150001525878906,261.260009765625,,0.546999990940094,459.2431640625,273.510009765625,31.139999389648438,11.430000305175781,55.029998779296875,19.219999313354492,54.5,54.189998626708984,73.68000030517578,282.55999755859375,179.4976043701172,26.329999923706055,53.4900016784668,303.0,30.809999465942383,262.20001220703125,20.780000686645508,288.29443359375,17.899999618530273,78.47000122070312,8.220000267028809,1082.199951171875,69.29000091552734,46.060001373291016,219.37586975097656,149.77999877929688,1035.3408203125,13.729999542236328,224.09881591796875,12.710000038146973,247.28968811035156,44.93000030517578,160.64999389648438,11.029999732971191,29.18000030517578,741.9246826171875,9.140000343322754,12.390000343322754,25.6299991607666,163.67999267578125,3.4100000858306885,,9.069999694824219,607.8099975585938,13.020000457763672,756.5908203125,47.38999938964844,37.40999984741211,434.6122131347656,226.97999572753906,3.2200000286102295,45.040000915527344,133.48895263671875,11.800000190734863,24.540000915527344
2026-06-02,18.450000762939453,3.9700000286102295,6.349999904632568,6.320000171661377,262.1099853515625,20.040000915527344,521.5399780273438,22.90999984741211,51.16999816894531,256.5199890136719,,0.5199999809265137,480.8090515136719,302.8500061035156,28.959999084472656,10.130000114440918,53.31999969482422,18.600000381469727,57.59000015258789,52.02000045776367,70.91000366210938,266.8299865722656,175.74539184570312,25.299999237060547,51.97999954223633,311.010009765625,29.059999465942383,240.16000366210938,19.34000015258789,290.9680480957031,17.520000457763672,71.29000091552734,7.900000095367432,1064.1500244140625,72.23999786376953,45.63999938964844,290.7182922363281,136.0800018310547,1063.936279296875,13.130000114440918,222.56060791015625,10.6899995803833,243.73207092285156,46.029998779296875,152.1699981689453,10.899999618530273,29.90999984741211,745.3408813476562,9.199999809265137,12.25,26.8799991607666,151.30999755859375,3.630000114440918,,8.329999923706055,632.2100219726562,13.569999694824219,757.6182250976562,44.68000030517578,36.63999938964844,445.6463623046875,222.3800048828125,3.1700000762939453,42.959999084472656,127.63471221923828,11.210000038146973,24.110000610351562
2026-06-03,17.8700008392334,3.809999942779541,5.940000057220459,5.809999942779541,256.239990234375,20.079999923706055,542.52001953125,21.739999771118164,46.66999816894531,250.02000427246094,,0.5,478.4727478027344,287.32000732421875,29.549999237060547,10.8100004196167,54.65999984741211,17.649999618530273,56.119998931884766,52.08000183105469,70.70999908447266,249.3300018310547,177.71131896972656,25.110000610351562,51.9900016784668,318.25,28.489999771118164,222.4499969482422,19.809999465942383,286.9875183105469,16.950000762939453,73.20999908447266,7.820000171661377,1078.780029296875,68.55000305175781,49.060001373291016,301.5755920410156,126.55000305175781,1079.4039306640625,13.020000457763672,214.5,10.510000228881836,229.53146362304688,43.959999084472656,142.1999969482422,9.9399995803833,27.549999237060547,743.39306640625,8.760000228881836,11.199999809265137,24.094999313354492,155.99000549316406,3.319999933242798,,8.1899995803833,637.9000244140625,13.239999771118164,752.3018798828125,44.63999938964844,40.11000061035156,435.66973876953125,215.8000030517578,2.950000047683716,45.20000076293945,129.7026824951172,11.420000076293945,24.350000381469727
2026-06-04,18.280000686645508,3.940000057220459,7.340000152587891,5.869999885559082,258.4200134277344,20.389999389648438,523.2000122070312,22.540000915527344,46.400001525878906,253.7899932861328,,0.5130000114440918,418.248046875,291.3699951171875,32.84000015258789,11.399999618530273,56.470001220703125,18.15999984741211,55.880001068115234,56.95000076293945,72.29000091552734,261.69000244140625,186.25360107421875,25.3700008392334,51.439998626708984,314.95001220703125,28.40999984741211,220.3699951171875,19.68000030517578,291.3172302246094,17.469999313354492,74.61000061035156,7.949999809265137,1125.27001953125,65.45999908447266,51.59000015258789,316.3519592285156,129.3699951171875,995.8468627929688,14.75,218.66000366210938,10.680000305175781,235.5206298828125,47.09000015258789,141.6999969482422,9.649999618530273,27.639999389648438,739.7969970703125,9.079999923706055,11.1899995803833,24.15999984741211,155.69000244140625,3.319999933242798,,9.039999961853027,627.530029296875,13.539999961853027,755.1445922851562,45.33000183105469,40.560001373291016,443.8805236816406,216.64999389648438,3.0799999237060547,46.18000030517578,133.28915405273438,12.010000228881836,25.100000381469727
2026-06-05,17.200000762939453,3.680000066757202,6.400000095367432,5.659999847412109,251.44000244140625,19.059999465942383,466.3800048828125,19.690000534057617,42.34000015258789,246.02999877929688,,0.4699999988079071,385.1204833984375,263.6099853515625,29.399999618530273,10.800000190734863,56.77000045776367,17.479999542236328,49.810001373291016,51.84000015258789,71.4800033569336,258.25,183.91844177246094,24.93000030517578,49.56999969482422,279.010009765625,25.139999389648438,212.63999938964844,18.579999923706055,280.9817810058594,16.360000610351562,74.12999725341797,7.46999979019165,1131.4200439453125,59.18000030517578,47.439998626708984,263.405029296875,120.44000244140625,863.8771362304688,13.539999961853027,205.10000610351562,10.3100004196167,212.93917846679688,39.68000030517578,135.52999877929688,9.260000228881836,23.850000381469727,704.2860107421875,7.670000076293945,9.954999923706055,20.68000030517578,149.22999572753906,2.940000057220459,,8.229999542236328,569.6900024414062,12.25,735.65478515625,44.29999923706055,40.15999984741211,414.20001220703125,214.38999938964844,2.890000104904175,45.810001373291016,128.54380798339844,11.770000457763672,24.040000915527344
2026-06-08,17.1200008392334,3.5899999141693115,6.550000190734863,5.650000095367432,244.99000549316406,18.989999771118164,490.3299865722656,18.829999923706055,43.34000015258789,245.22000122070312,,0.44200000166893005,395.9732971191406,253.57000732421875,29.780000686645508,11.119999885559082,56.54999923706055,17.56999969482422,52.5099983215332,51.599998474121094,67.9000015258789,270.2900085449219,183.15003967285156,24.780000686645508,52.279998779296875,275.3900146484375,30.510000228881836,208.1199951171875,18.610000610351562,283.4359436035156,16.549999237060547,73.94999694824219,7.710000038146973,1149.1500244140625,57.58000183105469,47.599998474121094,288.7787780761719,127.19999694824219,949.134033203125,13.489999771118164,208.63999938964844,9.960000038146973,211.0856475830078,40.880001068115234,136.47000122070312,9.529999732971191,25.829999923706055,715.283935546875,7.659999847412109,10.449999809265137,21.764999389648438,148.49000549316406,2.9549999237060547,,7.980000019073486,598.1599731445312,13.119999885559082,737.3204345703125,43.79999923706055,40.95000076293945,425.8028259277344,212.5500030517578,2.8499999046325684,47.08000183105469,128.30404663085938,11.40999984741211,23.93000030517578
2026-06-09,17.06999969482422,3.5799999237060547,6.829999923706055,5.71999979019165,237.8800048828125,20.010000228881836,475.510009765625,17.420000076293945,40.529998779296875,244.19000244140625,,0.4560000002384186,391.5403137207031,259.6099853515625,30.469999313354492,11.09000015258789,57.90999984741211,17.06999969482422,54.9900016784668,51.47999954223633,68.44999694824219,278.7099914550781,188.0199432373047,27.59000015258789,55.66999816894531,262.19000244140625,32.68000030517578,197.69000244140625,18.389999389648438,284.3437805175781,16.5,76.91000366210938,7.849999904632568,1144.6800537109375,54.29999923706055,47.72999954223633,266.8141784667969,117.0199966430664,935.74609375,12.890000343322754,208.19000244140625,10.449999809265137,205.0964813232422,38.52000045776367,132.07000732421875,9.529999732971191,23.520000457763672,707.052978515625,7.320000171661377,9.505000114440918,19.690000534057617,149.5500030517578,2.799999952316284,,7.679999828338623,591.010009765625,11.829999923706055,735.1560668945312,45.58000183105469,43.369998931884766,426.92022705078125,212.0500030517578,2.7799999713897705,48.56999969482422,131.25115966796875,11.890000343322754,23.260000228881836
2026-06-10,17.06999969482422,3.4800000190734863,6.380000114440918,5.940000057220459,233.3800048828125,20.059999465942383,452.3999938964844,16.43000030517578,36.779998779296875,238.0,,0.46799999475479126,371.51202392578125,234.22999572753906,29.489999771118164,11.069999694824219,56.16999816894531,16.440000534057617,54.470001220703125,49.439998626708984,67.06999969482422,270.8999938964844,183.2498321533203,28.790000915527344,58.119998931884766,249.27000427246094,30.149999618530273,192.7899932861328,18.15999984741211,281.3808288574219,15.779999732971191,78.2300033569336,7.659999847412109,1136.3699951171875,53.45000076293945,45.9900016784668,252.52769470214844,115.3499984741211,891.7428588867188,12.199999809265137,200.4199981689453,9.819999694824219,200.56224060058594,38.38999938964844,130.2100067138672,9.40999984741211,23.25,692.9285278320312,7.0,9.529999732971191,19.44499969482422,144.19000244140625,2.7699999809265137,,7.150000095367432,570.9099731445312,11.880000114440918,723.56591796875,44.09000015258789,46.619998931884766,407.7950134277344,210.4600067138672,2.700000047683716,46.7400016784668,128.72364807128906,11.829999923706055,22.850000381469727
2026-06-11,17.110000610351562,3.640000104904175,6.510000228881836,6.449999809265137,218.8000030517578,20.899999618530273,488.45001220703125,17.100000381469727,39.5099983215332,241.50999450683594,,0.4749999940395355,384.9607238769531,248.8800048828125,29.40999984741211,11.369999885559082,55.540000915527344,17.25,58.56999969482422,50.22999954223633,69.2699966430664,285.42999267578125,180.4156951904297,30.020000457763672,60.68000030517578,271.1700134277344,33.27000045776367,186.42999267578125,18.360000610351562,289.72100830078125,16.399999618530273,82.95999908447266,7.869999885559082,1160.949951171875,57.18000030517578,49.63999938964844,280.6407470703125,120.1500015258789,995.7168579101562,12.350000381469727,204.8699951171875,9.75,183.4617462158203,39.61000061035156,131.0800018310547,9.720000267028809,23.81999969482422,716.332763671875,7.230000019073486,9.90999984741211,20.6299991607666,149.22999572753906,2.8299999237060547,,7.75,609.4500122070312,11.720000267028809,735.8642578125,44.689998626708984,48.04999923706055,421.07000732421875,212.0800018310547,2.7100000381469727,48.90999984741211,132.60983276367188,12.09000015258789,22.96500015258789
2026-06-12,17.600000381469727,3.9000000953674316,6.800000190734863,6.010000228881836,204.02000427246094,24.149999618530273,511.57000732421875,16.309999465942383,40.02000045776367,238.5500030517578,,0.4399999976158142,381.4662780761719,260.2200012207031,29.030000686645508,11.279999732971191,55.95000076293945,16.700000762939453,61.33000183105469,49.79999923706055,70.1500015258789,286.7799987792969,179.72714233398438,29.0,61.150001525878906,267.30999755859375,33.36000061035156,187.97999572753906,18.3799991607666,292.2550048828125,16.229999542236328,86.20500183105469,8.055000305175781,1133.0,57.54999923706055,49.90999984741211,279.6310119628906,123.97000122070312,981.4590454101562,12.109999656677246,205.19000244140625,9.869999885559082,183.49163818359375,39.79999923706055,127.98999786376953,10.279999732971191,23.3700008392334,720.5481567382812,7.090000152587891,9.930000305175781,20.979999542236328,153.8699951171875,2.799999952316284,,7.829999923706055,619.9600219726562,10.880000114440918,739.843994140625,44.18000030517578,49.52000045776367,423.92999267578125,211.75,2.640000104904175,52.040000915527344,133.65878295898438,12.329999923706055,22.8799991607666
2026-06-15,17.34000015258789,3.8399999141693115,7.269999980926514,6.309999942779541,206.36000061035156,23.0,547.260009765625,16.81999969482422,41.06999969482422,246.02000427246094,,0.4429999887943268,393.3175048828125,274.5,31.1200008392334,12.140000343322754,55.650001525878906,17.639999389648438,64.05000305175781,52.61000061035156,71.37999725341797,308.75,180.72506713867188,28.790000915527344,63.9900016784668,273.510009765625,33.630001068115234,186.05999755859375,18.06999969482422,294.6400146484375,17.600000381469727,85.58999633789062,8.149999618530273,1129.3499755859375,58.2599983215332,52.130001068115234,308.8038330078125,131.13999938964844,1087.8226318359375,14.920000076293945,212.4499969482422,9.880000114440918,191.97213745117188,45.18000030517578,134.7100067138672,10.5,26.260000228881836,743.1832885742188,7.230000019073486,11.100000381469727,22.700000762939453,160.05999755859375,2.8399999141693115,,7.730000019073486,647.0999755859375,10.600000381469727,752.890380859375,45.91999816894531,50.29999923706055,441.3999938964844,216.22999572753906,2.6700000762939453,53.79999923706055,136.2662353515625,12.210000038146973,23.260000228881836
2026-06-16,17.010000228881836,3.7200000286102295,7.0,6.269999980926514,207.32000732421875,22.31999969482422,507.2900085449219,15.489999771118164,40.459999084472656,246.0,,0.4480000138282776,376.1147155761719,280.8800048828125,30.989999771118164,12.09000015258789,55.119998931884766,17.049999237060547,62.40999984741211,52.02000045776367,75.20999908447266,298.5199890136719,180.97454833984375,28.510000228881836,66.93000030517578,264.3599853515625,33.18000030517578,182.85000610351562,17.90999984741211,292.0799865722656,17.780000686645508,87.44000244140625,7.920000076293945,1122.5,57.04999923706055,55.400001525878906,278.6012878417969,122.80999755859375,1020.60302734375,14.550000190734863,207.41000366210938,9.1899995803833,187.6770782470703,42.72999954223633,133.25,11.399999618530273,23.940000534057617,729.0587768554688,6.920000076293945,10.119999885559082,20.639999389648438,156.5800018310547,2.740000009536743,,7.53000020980835,616.0,9.989999771118164,748.4019775390625,45.560001373291016,50.540000915527344,425.8299865722656,229.97000122070312,2.630000114440918,53.380001068115234,135.207275390625,12.199999809265137,22.489999771118164
2026-06-17,17.09000015258789,3.819999933242798,7.179999828338623,6.139999866485596,196.27999877929688,23.049999237060547,512.47998046875,15.0,40.130001068115234,237.5,,0.46299999952316284,392.2791442871094,284.989990234375,32.47999954223633,13.619999885559082,55.02000045776367,16.600000381469727,65.44999694824219,53.09000015258789,78.11000061035156,285.8399963378906,177.39198303222656,26.31999969482422,62.279998779296875,254.8000030517578,33.040000915527344,176.7100067138672,18.530000686645508,289.8800048828125,17.860000610351562,89.9000015258789,8.039999961853027,1112.0,60.84000015258789,61.79999923706055,289.4685974121094,116.55999755859375,1043.029541015625,15.199999809265137,204.64999389648438,9.4399995803833,182.8937225341797,40.720001220703125,130.6300048828125,12.25,22.920000076293945,721.7168579101562,6.900000095367432,9.770000457763672,20.2450008392334,157.77000427246094,2.700000047683716,,7.760000228881836,623.969970703125,10.25,739.0560302734375,46.95000076293945,51.5,432.1499938964844,228.02999877929688,2.5799999237060547,54.13999938964844,139.2532958984375,12.779999732971191,23.139999389648438
2026-06-18,17.1200008392334,3.930000066757202,7.409999847412109,6.480000019073486,195.16000366210938,23.40999984741211,537.3699951171875,16.170000076293945,43.400001525878906,244.38999938964844,,0.45100000500679016,410.70001220703125,328.9100036621094,34.13999938964844,13.569999694824219,54.689998626708984,17.600000381469727,69.4000015258789,54.09000015258789,78.77999877929688,314.44000244140625,176.80320739746094,26.389999389648438,64.19999694824219,257.70001220703125,34.20000076293945,176.02999877929688,18.739999771118164,295.5899963378906,18.84000015258789,90.43000030517578,8.069999694824219,1098.5699462890625,60.880001068115234,63.959999084472656,310.5033874511719,112.52999877929688,1133.8155517578125,15.670000076293945,210.69000244140625,9.510000228881836,183.6510772705078,46.56999969482422,128.47000122070312,12.380000114440918,24.690000534057617,739.8070068359375,8.039999961853027,10.760000228881836,21.360000610351562,162.99000549316406,2.869999885559082,,8.050000190734863,659.8800048828125,10.119999885559082,746.739990234375,47.33000183105469,53.220001220703125,462.1199951171875,239.27999877929688,2.630000114440918,55.150001525878906,140.58200073242188,12.640000343322754,23.139999389648438
2026-06-22,17.1299991607666,4.079999923706055,8.399999618530273,6.369999885559082,194.89999389648438,24.600000381469727,551.6300048828125,15.649999618530273,45.33000183105469,232.7899932861328,,0.4699999988079071,392.1300048828125,345.8500061035156,35.529998779296875,15.5,55.900001525878906,16.920000076293945,70.06999969482422,54.36000061035156,79.16999816894531,309.7200012207031,177.8210906982422,25.649999618530273,63.18000030517578,263.1099853515625,33.119998931884766,172.8000030517578,19.18000030517578,298.17999267578125,17.969999313354492,99.44999694824219,8.300000190734863,1102.0799560546875,60.290000915527344,59.345001220703125,307.7840576171875,109.45999908447266,1211.1937255859375,15.75,208.64999389648438,10.0,174.4630584716797,47.68000030517578,119.5,12.260000228881836,24.469999313354492,737.9500122070312,7.610000133514404,10.539999961853027,21.3799991607666,165.80999755859375,2.799999952316284,,8.529999732971191,668.9099731445312,9.369999885559082,744.3900146484375,49.189998626708984,54.400001525878906,467.6700134277344,239.57000732421875,2.680000066757202,55.11000061035156,145.86000061035156,14.010000228881836,23.260000228881836
2026-06-23,17.010000228881836,4.230000019073486,7.409999847412109,6.400000095367432,197.42999267578125,24.510000228881836,519.8499755859375,14.119999885559082,41.630001068115234,234.11000061035156,,0.5370000004768372,380.1499938964844,321.9800109863281,33.20000076293945,14.779999732971191,56.5,16.670000076293945,64.37000274658203,53.9900016784668,80.01000213623047,317.9700012207031,178.59947204589844,25.149999618530273,63.4900016784668,249.24000549316406,31.350000381469727,173.2899932861328,19.329999923706055,295.32000732421875,17.75,98.25,8.430000305175781,1107.0799560546875,58.900001525878906,61.0,278.97119140625,103.83999633789062,1051.6082763671875,15.25,200.0399932861328,10.529999732971191,164.58740234375,45.15999984741211,116.69999694824219,12.899999618530273,25.030000686645508,713.6500244140625,7.420000076293945,10.489999771118164,21.280000686645508,169.50999450683594,2.7300000190734863,,9.069999694824219,622.0499877929688,8.9399995803833,733.5800170898438,51.27000045776367,53.939998626708984,436.3900146484375,242.63999938964844,2.4200000762939453,55.95000076293945,147.02999877929688,14.079999923706055,23.8799991607666
2026-06-24,17.079999923706055,4.960000038146973,10.074999809265137,6.599999904632568,196.57000732421875,24.850000381469727,519.739990234375,12.520000457763672,40.849998474121094,234.27000427246094,,0.5619999766349792,382.07000732421875,326.19000244140625,33.900001525878906,14.960000038146973,57.33000183105469,17.3799991607666,63.65999984741211,53.54999923706055,81.19999694824219,323.2200012207031,188.47897338867188,24.530000686645508,64.54000091552734,248.36000061035156,28.579999923706055,180.72999572753906,19.75,296.69000244140625,18.389999389648438,99.87000274658203,8.619999885559082,1117.260009765625,56.5099983215332,60.41999816894531,276.63177490234375,94.12999725341797,1048.3487548828125,15.5,199.0,11.140000343322754,156.98385620117188,40.709999084472656,113.5,13.149999618530273,22.979999542236328,710.6199951171875,7.119999885559082,9.699999809265137,19.530000686645508,169.77000427246094,2.640000104904175,,9.170000076293945,618.9199829101562,7.929999828338623,733.239990234375,52.33000183105469,53.599998474121094,440.8299865722656,235.77000427246094,2.3499999046325684,57.689998626708984,149.7100067138672,14.449999809265137,24.299999237060547
2026-06-25,17.049999237060547,5.059999942779541,10.210000038146973,6.570000171661377,193.41000366210938,25.030000686645508,532.5700073242188,12.5600004196167,40.279998779296875,227.00999450683594,,0.5600000023841858,378.9100036621094,309.17999267578125,33.93000030517578,15.34000015258789,57.349998474121094,18.270000457763672,67.36000061035156,53.97999954223633,80.80000305175781,322.75,192.80999755859375,23.100000381469727,65.08999633789062,248.63999938964844,28.260000228881836,170.27999877929688,19.399999618530273,298.9100036621094,19.1299991607666,116.45999908447266,8.199999809265137,1127.68994140625,55.619998931884766,59.75,281.1906433105469,85.33000183105469,1213.3734130859375,16.030000686645508,195.74000549316406,11.430000305175781,151.9314422607422,41.81999969482422,107.2699966430664,12.930000305175781,21.90999984741211,716.3800048828125,7.130000114440918,9.09000015258789,18.40999984741211,178.1699981689453,2.5999999046325684,,10.529999732971191,636.8800048828125,7.590000152587891,734.2999877929688,53.790000915527344,53.630001068115234,434.989990234375,238.72000122070312,2.359999895095825,59.029998779296875,151.58999633789062,14.739999771118164,23.770000457763672
2026-06-26,16.770000457763672,4.789999961853027,10.890000343322754,6.929999828338623,202.72999572753906,26.399999618530273,521.5800170898438,12.90999984741211,39.72999954223633,232.69000244140625,,0.527999997138977,365.0199890136719,252.02000427246094,34.810001373291016,15.829999923706055,59.0,20.31999969482422,64.08000183105469,54.91999816894531,82.19000244140625,348.7099914550781,196.19000244140625,25.700000762939453,67.43000030517578,239.07000732421875,29.260000228881836,185.47000122070312,19.959999084472656,299.8299865722656,20.290000915527344,108.12000274658203,8.4399995803833,1208.1199951171875,53.900001525878906,67.2699966430664,266.7041931152344,82.30999755859375,1132.1558837890625,16.68000030517578,192.52999877929688,11.390000343322754,148.0150604248047,42.02000045776367,112.93000030517578,13.890000343322754,22.760000228881836,706.52001953125,7.159999847412109,9.180000305175781,18.360000610351562,182.0800018310547,2.5899999141693115,,12.390000343322754,611.6099853515625,7.360000133514404,728.989990234375,54.7599983215332,55.83000183105469,432.3500061035156,238.52999877929688,1.5,58.849998474121094,155.3800048828125,15.050000190734863,24.149999618530273
2026-06-29,17.700000762939453,5.179999828338623,11.350000381469727,7.199999809265137,206.42999267578125,27.139999389648438,539.489990234375,13.520000457763672,39.83000183105469,240.13999938964844,,0.5659999847412109,372.45001220703125,275.010009765625,34.95000076293945,14.949999809265137,57.66999816894531,21.0,68.12000274658203,56.349998474121094,87.26000213623047,371.6199951171875,192.77999877929688,25.799999237060547,69.91000366210938,232.8000030517578,28.530000686645508,184.47000122070312,21.040000915527344,298.9700012207031,20.239999771118164,109.31999969482422,8.779999732971191,1229.9300537109375,54.7400016784668,69.69999694824219,277.6814880371094,92.68000030517578,1145.1038818359375,16.610000610351562,194.97000122070312,12.199999809265137,147.2477264404297,54.06999969482422,115.69999694824219,14.600000381469727,23.829999923706055,724.0800170898438,7.590000152587891,9.920000076293945,19.440000534057617,192.6199951171875,2.5999999046325684,,15.449999809265137,631.97998046875,6.96999979019165,741.0,54.959999084472656,55.720001220703125,455.1000061035156,247.14999389648438,1.909999966621399,58.29999923706055,158.30999755859375,15.600000381469727,24.100000381469727
2026-06-30,17.559999465942383,5.760000228881836,11.59000015258789,7.190000057220459,205.02000427246094,28.139999389648438,580.9099731445312,13.859999656677246,41.5099983215332,238.33999633789062,,0.597000002861023,377.75,302.70001220703125,34.31999969482422,14.880000114440918,57.220001220703125,20.479999542236328,73.91000366210938,54.540000915527344,85.19000244140625,372.5899963378906,190.47999572753906,25.260000228881836,74.0,235.9600067138672,27.34000015258789,182.50999450683594,21.190000534057617,300.45001220703125,20.239999771118164,114.66999816894531,8.90999984741211,1199.4300537109375,56.0099983215332,70.02999877929688,297.8165283203125,86.93000030517578,1154.112548828125,16.920000076293945,200.08999633789062,12.510000228881836,146.04193115234375,62.52000045776367,116.66999816894531,15.039999961853027,23.989999771118164,736.4000244140625,7.559999942779541,9.699999809265137,19.31999969482422,187.27999877929688,2.5899999141693115,,14.760000228881836,655.8900146484375,3.0799999237060547,746.77001953125,55.0,54.939998626708984,477.57000732421875,249.97999572753906,1.899999976158142,56.810001373291016,158.25,16.100000381469727,26.139999389648438
2026-07-01,17.959999084472656,5.619999885559082,11.109999656677246,7.289999961853027,210.97999572753906,26.639999389648438,540.8800048828125,13.59000015258789,39.91999816894531,241.6999969482422,,0.5899999737739563,369.3399963378906,289.5,33.47999954223633,15.760000228881836,57.81999969482422,21.010000228881836,69.11000061035156,55.619998931884766,85.26000213623047,383.1300048828125,193.72000122070312,25.770000457763672,78.75,232.0800018310547,25.860000610351562,187.72000122070312,21.489999771118164,299.32000732421875,20.440000534057617,114.19999694824219,8.4399995803833,1191.739990234375,54.279998779296875,72.5,271.9828796386719,93.38999938964844,1032.121337890625,17.239999771118164,197.5800018310547,12.079999923706055,142.00596618652344,60.02000045776367,125.7300033569336,15.979999542236328,23.5,725.1699829101562,7.610000133514404,9.430000305175781,18.68000030517578,187.50999450683594,2.5899999141693115,,13.270000457763672,620.4600219726562,4.400000095367432,745.760009765625,52.84000015258789,53.52000045776367,444.2300109863281,250.32000732421875,1.9500000476837158,56.34000015258789,156.5500030517578,15.380000114440918,25.719999313354492
2026-07-02,18.5,5.699999809265137,11.619999885559082,7.300000190734863,219.72000122070312,26.5,517.8200073242188,12.380000114440918,37.11000061035156,242.6699981689453,,0.5929999947547913,360.45001220703125,270.8900146484375,34.790000915527344,15.960000038146973,58.9900016784668,20.8700008392334,59.27000045776367,60.08000183105469,86.48999786376953,387.3599853515625,197.92999267578125,25.889999389648438,76.41999816894531,224.57000732421875,24.59000015258789,192.1199951171875,23.610000610351562,297.5799865722656,19.719999313354492,113.51000213623047,8.890000343322754,1213.9100341796875,53.310001373291016,79.76000213623047,245.2294921875,100.7699966430664,975.4099731445312,17.559999465942383,194.8300018310547,12.640000343322754,139.78370666503906,49.84000015258789,129.3000030517578,15.1899995803833,22.530000686645508,712.5999755859375,7.070000171661377,9.050000190734863,17.940000534057617,189.24000549316406,2.5199999809265137,,14.979999542236328,592.2899780273438,4.25,744.780029296875,54.880001068115234,53.310001373291016,434.1600036621094,254.99000549316406,2.0199999809265137,56.91999816894531,160.4600067138672,15.0,26.309999465942383
2026-07-06,19.3700008392334,5.989999771118164,11.539999961853027,7.429999828338623,218.07000732421875,27.270000457763672,552.0499877929688,13.09000015258789,38.130001068115234,244.16000366210938,,0.6539999842643738,373.8999938964844,295.04998779296875,35.31999969482422,16.049999237060547,58.790000915527344,21.450000762939453,58.70000076293945,61.88999938964844,85.56999969482422,396.0,193.6199951171875,26.209999084472656,73.48999786376953,233.05999755859375,25.399999618530273,193.83999633789062,23.899999618530273,298.8999938964844,19.8799991607666,114.76000213623047,9.15999984741211,1200.06005859375,53.0099983215332,81.80000305175781,249.20852661132812,100.7699966430664,984.75,17.84000015258789,195.5500030517578,12.770000457763672,143.2615966796875,49.83000183105469,132.5399932861328,14.880000114440918,22.559999465942383,722.8200073242188,7.239999771118164,9.369999885559082,17.959999084472656,189.99000549316406,2.619999885559082,,13.9399995803833,604.2999877929688,3.950000047683716,751.280029296875,55.36000061035156,55.470001220703125,451.7900085449219,258.4100036621094,2.009999990463257,57.47999954223633,160.80999755859375,14.890000343322754,25.329999923706055
2026-07-07,18.68000030517578,5.440000057220459,11.329999923706055,7.289999961853027,221.5399932861328,29.270000457763672,516.1099853515625,11.720000267028809,35.54999923706055,245.97999572753906,,0.6060000061988831,370.7799987792969,269.57000732421875,37.91999816894531,15.550000190734863,60.349998474121094,21.1200008392334,50.970001220703125,60.77000045776367,85.55999755859375,383.9599914550781,194.19000244140625,26.90999984741211,75.33999633789062,227.72000122070312,24.729999542236328,205.1999969482422,24.389999389648438,296.19000244140625,19.420000076293945,119.23999786376953,9.680000305175781,1235.56005859375,50.4900016784668,79.7699966430664,230.64309692382812,97.36000061035156,938.3800048828125,17.43000030517578,196.92999267578125,12.630000114440918,141.1090850830078,44.060001373291016,134.3699951171875,14.680000305175781,21.059999465942383,709.4299926757812,6.789999961853027,8.6899995803833,16.549999237060547,190.4600067138672,2.4100000858306885,,13.5,581.4500122070312,4.230000019073486,747.7100219726562,56.560001373291016,58.060001373291016,432.57000732421875,257.7900085449219,3.0999999046325684,57.849998474121094,163.8699951171875,15.670000076293945,26.719999313354492
2026-07-08,18.860000610351562,5.28000020980835,11.100000381469727,6.989999771118164,220.94000244140625,29.739999771118164,517.4099731445312,11.579999923706055,36.0,243.6199951171875,,0.6430000066757202,388.69000244140625,254.2899932861328,36.880001068115234,16.639999389648438,59.75,20.979999542236328,52.119998931884766,59.20000076293945,84.87999725341797,375.510009765625,190.77000427246094,27.170000076293945,74.1500015258789,224.3000030517578,24.860000610351562,197.82000732421875,24.010000228881836,293.4800109863281,19.030000686645508,114.16000366210938,9.90999984741211,1215.8299560546875,53.0,73.80000305175781,231.65286254882812,93.87000274658203,948.7999877929688,16.84000015258789,204.1199951171875,12.270000457763672,140.00294494628906,43.40999984741211,132.22000122070312,14.850000381469727,20.639999389648438,711.4400024414062,6.630000114440918,8.75,16.920000076293945,189.77000427246094,2.380000114440918,,13.760000228881836,593.0,4.119999885559082,745.4000244140625,56.029998779296875,57.22999954223633,436.9800109863281,251.3800048828125,5.0,58.36000061035156,162.97000122070312,16.459999084472656,26.649999618530273
2026-07-09,18.899999618530273,5.0,11.470000267028809,6.920000076293945,222.64999389648438,30.299999237060547,546.719970703125,11.880000114440918,37.16999816894531,247.0399932861328,,0.5820000171661377,401.1099853515625,257.0199890136719,35.81999969482422,16.790000915527344,59.970001220703125,21.309999465942383,55.13999938964844,56.34000015258789,86.06999969482422,390.1400146484375,195.97999572753906,26.290000915527344,75.76000213623047,228.5,25.100000381469727,205.9499969482422,24.170000076293945,297.239990234375,19.989999771118164,119.0,9.8100004196167,1216.949951171875,51.709999084472656,76.55999755859375,243.2100067138672,93.88999938964844,991.6400146484375,15.4399995803833,202.77999877929688,12.279999732971191,143.72000122070312,47.529998779296875,129.0399932861328,15.149999618530273,21.15999984741211,723.280029296875,6.909999847412109,9.149999618530273,16.989999771118164,191.1300048828125,2.4000000953674316,,13.510000228881836,607.72998046875,4.139999866485596,751.7100219726562,57.939998626708984,59.060001373291016,436.9599914550781,246.10000610351562,3.799999952316284,58.470001220703125,164.27999877929688,16.114999771118164,27.06999969482422
2026-07-10,19.969999313354492,7.599999904632568,10.600000381469727,6.670000076293945,223.63999938964844,28.309999465942383,557.8900146484375,11.529999732971191,35.959999084472656,245.33999633789062,,0.5440000295639038,399.9700012207031,244.61000061035156,32.68000030517578,15.550000190734863,59.119998931884766,20.920000076293945,56.16999816894531,53.349998474121094,84.87000274658203,400.75,199.0500030517578,26.475000381469727,76.75,227.8300018310547,24.8799991607666,207.47999572753906,23.350000381469727,295.989990234375,19.6200008392334,119.3499984741211,8.484999656677246,1188.5799560546875,52.209999084472656,68.2699966430664,235.80999755859375,94.63999938964844,979.2999877929688,14.21500015258789,210.9600067138672,11.90999984741211,140.63999938964844,43.279998779296875,126.79000091552734,14.850000381469727,20.09000015258789,725.510009765625,6.579999923706055,8.65999984741211,16.540000915527344,186.8800048828125,2.319999933242798,,12.760000228881836,611.030029296875,3.9200000762939453,754.9500122070312,56.709999084472656,57.119998931884766,434.1099853515625,243.1999969482422,3.2799999713897705,56.59000015258789,159.02999877929688,15.850000381469727,25.8799991607666
2026-07-13,19.600000381469727,5.960000038146973,10.210000038146973,6.809999942779541,230.61000061035156,28.100000381469727,534.3900146484375,11.079999923706055,34.18000030517578,247.30999755859375,,0.5040000081062317,384.04998779296875,233.49000549316406,31.0,15.170000076293945,59.20000076293945,20.950000762939453,52.810001373291016,50.630001068115234,82.23999786376953,389.55999755859375,200.16000366210938,26.450000762939453,75.0999984741211,221.02999877929688,23.350000381469727,217.58999633789062,22.799999237060547,293.4800109863281,19.270000457763672,110.4000015258789,7.769999980926514,1181.8699951171875,49.5,67.01000213623047,217.52999877929688,92.0999984741211,937.0,13.020000457763672,203.52999877929688,11.850000381469727,131.5399932861328,40.029998779296875,130.0399932861328,13.40999984741211,18.65999984741211,711.739990234375,6.28000020980835,8.0,15.359999656677246,183.9499969482422,2.2300000190734863,,12.619999885559082,585.6199951171875,4.429999828338623,749.1699829101562,54.70000076293945,55.0099983215332,421.5799865722656,244.10000610351562,3.309999942779541,56.290000915527344,155.33999633789062,14.960000038146973,24.940000534057617
2026-07-14,19.239999771118164,6.260000228881836,10.229999542236328,7.230000019073486,220.77999877929688,27.280000686645508,548.1300048828125,11.119999885559082,35.459999084472656,247.49000549316406,,0.4860000014305115,389.1099853515625,243.39999389648438,30.889999389648438,14.9399995803833,58.63999938964844,21.459999084472656,55.779998779296875,50.459999084472656,81.93000030517578,417.0,199.0500030517578,25.209999084472656,72.25,220.5800018310547,24.219999313354492,209.67999267578125,22.59000015258789,294.510009765625,19.6299991607666,112.08000183105469,7.940000057220459,1152.5400390625,50.790000915527344,67.44000244140625,222.44000244140625,97.58000183105469,983.1199951171875,13.300000190734863,211.8000030517578,11.850000381469727,127.94000244140625,41.970001220703125,133.72000122070312,13.75,18.950000762939453,719.6900024414062,6.420000076293945,8.319999694824219,16.110000610351562,184.97000122070312,2.369999885559082,,13.390000343322754,600.3099975585938,4.389999866485596,751.8300170898438,53.779998779296875,54.88999938964844,420.3900146484375,237.0399932861328,3.0999999046325684,57.060001373291016,155.4499969482422,14.949999809265137,24.65999984741211
2026-07-15,20.18000030517578,6.670000076293945,9.760000228881836,7.460000038146973,224.55999755859375,28.809999465942383,529.1400146484375,11.34000015258789,35.29999923706055,254.9600067138672,,0.5339999794960022,394.2799987792969,239.3800048828125,30.84000015258789,14.859999656677246,58.95000076293945,22.09000015258789,55.02000045776367,51.369998931884766,82.62000274658203,438.19000244140625,200.7899932861328,25.25,74.22000122070312,223.82000732421875,24.579999923706055,215.3300018310547,22.920000076293945,295.7699890136719,19.579999923706055,114.12000274658203,7.78000020980835,1156.6300048828125,49.459999084472656,68.27999877929688,206.25999450683594,97.47000122070312,904.280029296875,13.039999961853027,212.5,11.819999694824219,132.49000549316406,37.95000076293945,133.75999450683594,13.744999885559082,18.270000457763672,717.739990234375,6.429999828338623,8.039999961853027,15.25,184.44000244140625,2.4200000762939453,,12.789999961853027,590.77001953125,4.159999847412109,754.8099975585938,54.040000915527344,56.40999984741211,419.4800109863281,243.8000030517578,2.930000066757202,56.7400016784668,156.22000122070312,14.979999542236328,24.65999984741211
2026-07-16,20.399999618530273,6.329999923706055,8.229999542236328,7.630000114440918,235.30999755859375,27.229999542236328,500.94000244140625,10.100000381469727,33.09000015258789,249.88999938964844,,0.515999972820282,374.45001220703125,206.72999572753906,28.389999389648438,14.170000076293945,60.0,21.93000030517578,51.5099983215332,48.56999969482422,80.36000061035156,442.5299987792969,205.00999450683594,24.84000015258789,74.48999786376953,211.92999267578125,22.309999465942383,224.57000732421875,22.200000762939453,295.5899963378906,19.219999313354492,113.98999786376953,7.440000057220459,1169.1700439453125,45.459999084472656,63.150001525878906,188.3000030517578,94.02999877929688,853.2000122070312,11.859999656677246,207.39999389648438,11.069999694824219,124.20999908447266,35.13999938964844,134.44000244140625,13.800000190734863,16.920000076293945,705.9400024414062,5.90500020980835,7.639999866485596,14.100000381469727,179.17999267578125,2.3499999046325684,,11.75,568.9199829101562,4.139999866485596,750.719970703125,51.72999954223633,54.93000030517578,409.739990234375,239.57000732421875,3.0799999237060547,55.279998779296875,152.0,14.949999809265137,24.190000534057617
2026-07-17,18.739999771118164,5.860000133514404,8.295000076293945,7.449999809265137,237.25,28.65999984741211,495.760009765625,10.15999984741211,33.029998779296875,247.22999572753906,,0.5099999904632568,370.8299865722656,214.9600067138672,27.530000686645508,15.4399995803833,59.59000015258789,22.329999923706055,51.189998626708984,47.779998779296875,80.18000030517578,440.4200134277344,203.8300018310547,24.940000534057617,73.69000244140625,211.99000549316406,21.6299991607666,224.25999450683594,22.31999969482422,294.0400085449219,18.75,115.7699966430664,7.449999809265137,1179.1099853515625,45.2400016784668,61.81999969482422,188.67999267578125,94.8499984741211,848.9500122070312,11.375,202.80999755859375,11.470000267028809,126.41000366210938,37.040000915527344,132.3800048828125,13.680000305175781,16.729999542236328,695.3300170898438,5.860000133514404,7.800000190734863,14.109999656677246,186.16000366210938,2.309999942779541,,13.1899995803833,556.530029296875,4.349999904632568,743.2899780273438,52.86000061035156,54.869998931884766,398.3699951171875,236.67999267578125,3.200000047683716,56.709999084472656,154.25999450683594,17.469999313354492,24.190000534057617
2026-07-20,18.3700008392334,5.53000020980835,8.15999984741211,7.409999847412109,234.74000549316406,27.979999542236328,503.57000732421875,10.140000343322754,32.5099983215332,249.99000549316406,,0.4860000014305115,378.1600036621094,197.05999755859375,26.329999923706055,14.859999656677246,59.11000061035156,21.93000030517578,51.54999923706055,46.9900016784668,79.11000061035156,438.2799987792969,201.11000061035156,24.31999969482422,79.6500015258789,205.30999755859375,23.65999984741211,231.2100067138672,22.15999984741211,292.30999755859375,18.760000228881836,111.05999755859375,7.239999771118164,1146.9000244140625,45.70000076293945,59.4900016784668,194.94000244140625,97.81999969482422,865.4600219726562,10.920000076293945,203.27999877929688,11.350000381469727,121.37999725341797,34.77000045776367,134.85000610351562,12.899999618530273,16.719999313354492,696.0599975585938,5.889999866485596,7.920000076293945,14.25,180.38999938964844,2.309999942779541,,12.479999542236328,558.8300170898438,4.190000057220459,742.0900268554688,50.65999984741211,53.959999084472656,402.29998779296875,238.97999572753906,2.930000066757202,55.470001220703125,150.94000244140625,18.809999465942383,23.760000228881836
2026-07-21,19.100000381469727,6.079999923706055,8.319999694824219,7.929999828338623,227.16000366210938,30.049999237060547,544.4299926757812,10.880000114440918,34.54999923706055,247.5500030517578,,0.4860000014305115,386.5,226.25999450683594,27.290000915527344,15.510000228881836,59.209999084472656,22.329999923706055,56.220001220703125,48.150001525878906,81.11000061035156,438.8999938964844,179.00999450683594,23.850000381469727,79.9000015258789,206.0500030517578,25.40999984741211,218.55999755859375,22.780000686645508,296.5400085449219,19.030000686645508,113.37000274658203,7.480000019073486,1175.4100341796875,46.29999923706055,59.65999984741211,207.9600067138672,101.94999694824219,970.8200073242188,11.470000267028809,207.2899932861328,11.59000015258789,127.05000305175781,40.68000030517578,132.66000366210938,13.149999618530273,17.799999237060547,708.969970703125,6.050000190734863,8.220000267028809,15.279999732971191,183.2899932861328,2.359999895095825,,12.899999618530273,584.0800170898438,4.190000057220459,748.280029296875,50.880001068115234,53.95000076293945,424.6099853515625,235.92999267578125,2.859999895095825,56.58000183105469,154.5,20.450000762939453,24.049999237060547
2026-07-22,19.235000610351562,6.480000019073486,8.239999771118164,7.679999828338623,218.36000061035156,28.809999465942383,552.3300170898438,10.170000076293945,33.400001525878906,244.85000610351562,,0.4869999885559082,396.80999755859375,218.22000122070312,26.639999389648438,14.75,58.400001525878906,21.81999969482422,55.0099983215332,47.2400016784668,82.19000244140625,423.6600036621094,179.13999938964844,22.829999923706055,79.02999877929688,208.86000061035156,24.790000915527344,204.89999389648438,22.8799991607666,293.7900085449219,17.850000381469727,110.33999633789062,7.400000095367432,1163.010009765625,45.68000030517578,58.06999969482422,210.99000549316406,100.01000213623047,959.47998046875,11.130000114440918,212.05999755859375,11.489999771118164,125.83999633789062,38.86000061035156,124.56999969482422,12.1899995803833,17.350000381469727,705.3499755859375,5.869999885559082,7.909999847412109,15.229999542236328,183.02999877929688,2.3299999237060547,,12.079999923706055,586.9099731445312,4.380000114440918,747.4099731445312,48.29999923706055,52.68000030517578,421.2099914550781,233.5800018310547,2.759999990463257,56.2599983215332,152.11000061035156,19.510000228881836,23.360000610351562
2026-07-23,19.325000762939453,6.389999866485596,8.069999694824219,7.570000171661377,212.1699981689453,28.299999237060547,539.6900024414062,9.90999984741211,33.0,233.66000366210938,,0.49799999594688416,392.4700012207031,217.3000030517578,25.90999984741211,14.649999618530273,58.869998931884766,20.760000228881836,54.5099983215332,47.529998779296875,81.91999816894531,408.5899963378906,192.5,22.809999465942383,76.1500015258789,205.9199981689453,24.31999969482422,190.00999450683594,22.010000228881836,292.0899963378906,17.579999923706055,110.37999725341797,7.289999961853027,1185.8699951171875,44.650001525878906,57.02000045776367,209.32000732421875,93.62999725341797,990.2100219726562,11.100000381469727,208.75999450683594,11.739999771118164,120.04000091552734,37.689998626708984,123.37000274658203,11.630000114440918,17.100000381469727,691.9600219726562,5.114999771118164,7.860000133514404,14.850000381469727,188.75,2.1500000953674316,,12.34000015258789,580.1699829101562,4.659999847412109,738.1799926757812,49.47999954223633,55.5,415.5799865722656,230.25,2.559999942779541,56.68000030517578,152.22999572753906,19.530000686645508,23.1200008392334
2026-07-24,18.290000915527344,6.320000171661377,7.559999942779541,7.730000019073486,225.11000061035156,28.0,521.9500122070312,9.239999771118164,30.520000457763672,232.11000061035156,,0.4729999899864197,381.9200134277344,184.88999938964844,25.100000381469727,14.319999694824219,59.33000183105469,20.690000534057617,50.70000076293945,46.540000915527344,80.73999786376953,402.80999755859375,191.5,23.010000228881836,77.36000061035156,202.82000732421875,22.68000030517578,204.88999938964844,22.209999084472656,291.1700134277344,17.360000610351562,110.56999969482422,7.409999847412109,1196.030029296875,41.29999923706055,54.06999969482422,194.22999572753906,91.66999816894531,920.9500122070312,10.729999542236328,206.83999633789062,11.699999809265137,114.98999786376953,34.040000915527344,122.91999816894531,11.84000015258789,16.209999084472656,684.22998046875,4.885000228881836,7.429999828338623,14.149999618530273,189.22999572753906,2.0799999237060547,,11.319999694824219,561.1900024414062,4.710000038146973,738.9299926757812,47.66999816894531,56.040000915527344,403.4100036621094,231.64999389648438,2.509999990463257,57.36000061035156,150.47999572753906,19.440000534057617,22.860000610351562
2026-07-27,18.889999389648438,6.690000057220459,7.559999942779541,8.039999961853027,237.75,27.079999923706055,494.95001220703125,9.710000038146973,30.530000686645508,231.38999938964844,,0.49000000953674316,383.2200012207031,188.17999267578125,25.06999969482422,14.510000228881836,60.27000045776367,21.860000610351562,47.810001373291016,46.72999954223633,80.62000274658203,405.6499938964844,196.5,24.110000610351562,84.01000213623047,205.8300018310547,22.700000762939453,223.00999450683594,22.579999923706055,292.9100036621094,18.489999771118164,110.05000305175781,7.920000076293945,1197.530029296875,43.130001068115234,55.630001068115234,189.1699981689453,98.6500015258789,900.2000122070312,10.670000076293945,196.50999450683594,12.010000228881836,119.9000015258789,35.13999938964844,131.52999877929688,12.710000038146973,19.510000228881836,682.1199951171875,5.179999828338623,7.960000038146973,15.640000343322754,188.07000732421875,2.140000104904175,,10.84000015258789,548.5499877929688,4.400000095367432,739.0900268554688,48.93000030517578,55.75,399.0899963378906,243.9499969482422,2.5399999618530273,56.68000030517578,150.58999633789062,19.860000610351562,23.0
2026-07-28,18.28499984741211,6.420000076293945,7.130000114440918,8.1899995803833,249.17999267578125,27.030000686645508,454.6199951171875,9.130000114440918,28.75,230.86000061035156,,0.49399998784065247,380.9100036621094,166.83999633789062,26.290000915527344,13.770000457763672,62.06999969482422,22.3700008392334,42.470001220703125,47.54999923706055,79.44999694824219,406.45001220703125,199.0500030517578,24.6200008392334,84.0999984741211,202.58999633789062,20.940000534057617,238.0500030517578,23.219999313354492,293.3699951171875,18.709999084472656,106.16000366210938,7.489999771118164,1220.6600341796875,41.279998779296875,55.80500030517578,174.47000122070312,96.16000366210938,820.530029296875,10.890000343322754,197.00999450683594,11.619999885559082,119.95999908447266,33.90999984741211,123.52999877929688,12.630000114440918,17.635000228881836,675.489990234375,5.170000076293945,7.71999979019165,14.520000457763672,183.86000061035156,2.109999895095825,,10.09000015258789,529.5999755859375,4.139999866485596,740.8599853515625,49.369998931884766,54.869998931884766,392.30999755859375,247.6199951171875,2.440000057220459,55.90999984741211,149.77999877929688,19.969999313354492,22.610000610351562
2026-07-29,18.309999465942383,5.320000171661377,6.900000095367432,8.069999694824219,263.42999267578125,26.3799991607666,429.55999755859375,8.4399995803833,26.639999389648438,226.64999389648438,,0.4830000102519989,370.32000732421875,163.75,26.020000457763672,13.430000305175781,61.369998931884766,22.420000076293945,39.34000015258789,47.63999938964844,78.38999938964844,378.989990234375,196.49000549316406,24.549999237060547,80.9000015258789,199.24000549316406,18.260000228881836,251.1199951171875,23.110000610351562,288.57000732421875,18.6200008392334,105.25,7.070000171661377,1210.02001953125,38.099998474121094,54.4900016784668,163.39999389648438,93.33000183105469,739.0,10.800000190734863,190.00999450683594,11.1899995803833,117.73999786376953,31.299999237060547,123.0,12.359999656677246,16.18000030517578,661.72998046875,4.960000038146973,7.300000190734863,13.220000267028809,180.9199981689453,2.0,,10.100000381469727,504.2200012207031,4.360000133514404,729.4600219726562,49.060001373291016,53.47999954223633,374.6700134277344,246.42999267578125,2.140000104904175,55.560001373291016,147.91000366210938,19.530000686645508,22.010000228881836
2026-07-30,18.06999969482422,6.400000095367432,7.639999866485596,8.029999732971191,247.89999389648438,28.950000762939453,485.3900146484375,9.470000267028809,29.450000762939453,235.5,,0.47999998927116394,387.8399963378906,207.1199951171875,26.489999771118164,13.819999694824219,60.58000183105469,22.600000381469727,46.45000076293945,48.439998626708984,80.41999816894531,377.6400146484375,196.1699981689453,23.719999313354492,82.26000213623047,206.00999450683594,21.520000457763672,233.10000610351562,23.079999923706055,292.5899963378906,19.0,107.01000213623047,7.489999771118164,1154.969970703125,41.65999984741211,57.91999816894531,183.3000030517578,97.73999786376953,874.6599731445312,11.09000015258789,195.0399932861328,11.819999694824219,127.55999755859375,35.529998779296875,122.26000213623047,14.34000015258789,17.979999542236328,683.5499877929688,5.230000019073486,8.020000457763672,14.859999656677246,192.1699981689453,2.065000057220459,,10.289999961853027,538.9000244140625,4.480000019073486,741.6900024414062,48.9900016784668,53.529998779296875,403.30999755859375,247.42999267578125,2.0999999046325684,57.279998779296875,151.4600067138672,21.489999771118164,22.709999084472656
2026-07-31,17.424999237060547,6.599999904632568,7.78000020980835,7.489999771118164,250.41000366210938,28.25,476.1499938964844,9.600000381469727,29.3700008392334,271.5799865722656,,0.4860000014305115,389.2799987792969,205.80999755859375,25.520000457763672,13.5,60.02000045776367,22.989999771118164,47.9900016784668,47.9900016784668,77.12999725341797,372.69000244140625,194.97999572753906,23.479999542236328,82.88999938964844,211.02999877929688,21.010000228881836,237.36000061035156,22.760000228881836,291.20001220703125,18.940000534057617,103.4000015258789,7.300000190734863,1148.8399658203125,41.369998931884766,54.81999969482422,187.55999755859375,93.27999877929688,823.030029296875,10.680000305175781,200.75,11.449999809265137,129.8699951171875,39.0099983215332,123.05999755859375,14.449999809265137,18.079999923706055,687.989990234375,5.21999979019165,8.100000381469727,14.949999809265137,187.52999877929688,2.059999942779541,,10.010000228881836,540.530029296875,5.289999961853027,747.030029296875,47.29499816894531,52.029998779296875,404.25,242.9199981689453,2.0999999046325684,55.88999938964844,147.00999450683594,20.209999084472656,21.940000534057617
2026-08-03,16.80500030517578,7.079999923706055,7.929999828338623,7.789999961853027,251.33999633789062,26.1200008392334,484.6400146484375,10.119999885559082,30.989999771118164,284.0199890136719,,0.492000013589859,392.2300109863281,218.32000732421875,25.90999984741211,13.369999885559082,60.0,24.260000228881836,48.84000015258789,49.56999969482422,76.44999694824219,399.1499938964844,197.5,23.5,82.63999938964844,232.72999572753906,21.8799991607666,239.9199981689453,23.010000228881836,296.2200012207031,19.799999237060547,100.30999755859375,7.510000228881836,1121.3599853515625,43.84000015258789,55.13999938964844,193.77999877929688,94.86000061035156,829.5,10.770000457763672,206.63999938964844,11.279999732971191,141.85000610351562,42.47999954223633,125.6500015258789,16.06999969482422,19.979999542236328,700.0700073242188,5.340000152587891,8.739999771118164,16.020000457763672,182.4499969482422,2.130000114440918,,11.220000267028809,545.4600219726562,4.820000171661377,757.6699829101562,45.849998474121094,46.16999816894531,406.1099853515625,245.14999389648438,2.0199999809265137,54.97999954223633,147.30999755859375,19.399999618530273,21.809999465942383
2026-08-04,16.690000534057617,7.230000019073486,8.479999542236328,8.0,257.489990234375,27.1200008392334,518.5800170898438,10.8100004196167,33.45000076293945,277.4200134277344,,0.5289999842643738,418.1600036621094,228.11000061035156,28.350000381469727,13.75,60.720001220703125,24.950000762939453,52.84000015258789,53.06999969482422,78.61000061035156,429.260009765625,194.77999877929688,23.610000610351562,87.83999633789062,243.6300048828125,22.139999389648438,248.88999938964844,25.059999465942383,301.7099914550781,20.610000610351562,104.38999938964844,7.78000020980835,1115.6800537109375,47.470001220703125,56.9900016784668,218.58999633789062,97.6500015258789,892.6699829101562,11.319999694824219,211.94000244140625,11.760000228881836,145.74000549316406,47.84000015258789,162.66000366210938,16.510000228881836,21.829999923706055,723.8499755859375,5.690000057220459,9.229999542236328,17.450000762939453,193.4600067138672,2.299999952316284,,11.8100004196167,575.7100219726562,4.480000019073486,771.3300170898438,47.790000915527344,48.73500061035156,417.1700134277344,240.22000122070312,2.0299999713897705,56.02000045776367,151.8800048828125,19.920000076293945,22.790000915527344
2026-08-05,16.854999542236328,7.519999980926514,8.399999618530273,7.679999828338623,259.32000732421875,27.1200008392334,482.04998779296875,11.720000267028809,32.939998626708984,272.6499938964844,,0.5289999842643738,418.2799987792969,234.3300018310547,27.06999969482422,13.630000114440918,59.90999984741211,25.920000076293945,51.72999954223633,52.45000076293945,78.8499984741211,430.1600036621094,199.66000366210938,21.760000228881836,86.37000274658203,236.8000030517578,19.065000534057617,250.2100067138672,25.520000457763672,299.7699890136719,20.3700008392334,105.4800033569336,7.639999866485596,1169.8599853515625,47.90999984741211,56.255001068115234,211.02000427246094,98.37000274658203,893.1900024414062,10.970000267028809,219.22000122070312,11.579999923706055,144.38999938964844,45.119998931884766,158.42999267578125,15.760000228881836,21.389999389648438,717.2999877929688,5.519999980926514,8.880000114440918,16.780000686645508,197.3000030517578,2.140000104904175,,11.859999656677246,569.7000122070312,4.630000114440918,769.7899780273438,47.869998931884766,49.880001068115234,414.0,234.91000366210938,2.0,62.7599983215332,153.00999450683594,19.84000015258789,23.5
2026-08-06,17.09000015258789,7.300000190734863,8.300000190734863,7.449999809265137,260.239990234375,27.799999237060547,489.2799987792969,11.1899995803833,32.900001525878906,272.260009765625,,0.5019999742507935,420.57000732421875,228.9600067138672,27.25,14.420000076293945,61.459999084472656,31.25,51.790000915527344,51.63999938964844,81.37000274658203,365.260009765625,199.97999572753906,22.170000076293945,92.30999755859375,244.13999938964844,19.540000915527344,202.42999267578125,25.81999969482422,298.25,20.260000228881836,106.41000366210938,7.75,1191.93994140625,47.4900016784668,53.86000061035156,210.5399932861328,96.8499984741211,881.469970703125,11.239999771118164,218.99000549316406,11.800000190734863,143.47000122070312,45.58000183105469,155.9199981689453,15.4399995803833,19.405000686645508,714.6500244140625,5.53000020980835,8.774999618530273,16.530000686645508,197.80999755859375,2.190000057220459,,11.699999809265137,571.47998046875,4.789999961853027,768.5599975585938,52.63999938964844,49.54999923706055,418.20001220703125,232.47000122070312,1.850000023841858,62.45000076293945,154.5,20.0,23.1299991607666
2026-08-07,18.985000610351562,7.900000095367432,8.930000305175781,7.460000038146973,265.2099914550781,27.600000381469727,483.3599853515625,11.850000381469727,32.77000045776367,274.4800109863281,,0.5109999775886536,427.760009765625,219.33999633789062,27.479999542236328,14.65999984741211,63.810001373291016,29.100000381469727,52.880001068115234,53.52000045776367,76.76000213623047,317.92999267578125,204.75999450683594,24.030000686645508,98.48999786376953,250.0500030517578,20.170000076293945,210.4499969482422,25.030000686645508,301.55999755859375,19.899999618530273,107.5199966430664,7.960000038146973,1185.7099609375,51.11000061035156,59.16999816894531,218.72000122070312,100.01000213623047,877.5700073242188,11.9399995803833,223.9600067138672,12.050000190734863,147.02000427246094,43.400001525878906,172.00999450683594,15.850000381469727,20.760000228881836,723.030029296875,6.079999923706055,9.180000305175781,17.940000534057617,205.14999389648438,2.3299999237060547,,12.010000228881836,582.7000122070312,4.75,773.260009765625,52.91999816894531,49.7599983215332,420.0400085449219,246.5,1.8700000047683716,61.31999969482422,157.3699951171875,20.809999465942383,23.540000915527344
2026-08-10,18.860000610351562,7.559999942779541,9.010000228881836,7.260000228881836,272.9599914550781,27.530000686645508,469.55999755859375,11.8100004196167,30.989999771118164,278.0899963378906,,0.5289999842643738,422.3999938964844,210.6300048828125,27.280000686645508,14.539999961853027,68.87999725341797,30.850000381469727,49.470001220703125,53.5099983215332,77.48999786376953,308.82000732421875,209.3699951171875,24.270000457763672,95.23999786376953,239.3300018310547,19.520000457763672,215.91000366210938,25.690000534057617,299.9800109863281,19.6200008392334,108.58000183105469,7.889999866485596,1231.93994140625,54.65999984741211,59.810001373291016,208.55999755859375,97.33000183105469,861.0,12.020000457763672,217.5500030517578,11.9399995803833,151.0500030517578,42.130001068115234,175.22999572753906,15.430000305175781,20.190000534057617,720.8699951171875,6.190000057220459,8.930000305175781,17.649999618530273,206.97000122070312,2.3499999046325684,,11.039999961853027,569.4099731445312,5.090000152587891,773.030029296875,51.88999938964844,49.15999984741211,418.4700012207031,253.57000732421875,1.7599999904632568,60.88999938964844,158.02999877929688,21.579999923706055,24.15999984741211
