{
  "status": "ok",
  "result_keys": [
    "all_paths",
    "paths",
    "mean_path",
    "median_path",
    "p05",
    "p25",
    "p75",
    "p95",
    "final_mean",
    "final_median",
    "final_p05",
    "final_p10",
    "final_p25",
    "final_p75",
    "final_p90",
    "final_p95",
    "total_return_pct",
    "annual_return_pct",
    "crash_prob_1y",
    "crash_prob_5y",
    "crash_probs",
    "cvar_95_pct",
    "max_dd_pct",
    "max_drawdown_pct",
    "scenarios",
    "ml_crash_prob",
    "ml_predicted_return",
    "garch_vol",
    "realism_check"
  ],
  "current_price": 6816.89013671875,
  "final_mean": 9595.941448871836,
  "final_median": 8748.257143923318,
  "final_p05": 3806.047595745553,
  "final_p10": 4565.069073673713,
  "final_p25": 6295.059177483246,
  "final_p75": 11982.628156703777,
  "final_p90": 15687.192215267416,
  "final_p95": 18385.63975773442,
  "total_return_pct": 40.76714244203381,
  "annual_return_pct": 7.078001988169413,
  "crash_prob_1y": 25.36,
  "crash_prob_5y": 82.49,
  "cvar_95_pct": -54.43171317406983,
  "max_dd_pct": -30.912987061192084,
  "max_drawdown_pct": 30.912987061192084
}