{
  "status": "ok",
  "result_keys": [
    "all_paths",
    "paths",
    "mean_path",
    "median_path",
    "p05",
    "p25",
    "p75",
    "p95",
    "final_mean",
    "final_median",
    "final_p05",
    "final_p10",
    "final_p25",
    "final_p75",
    "final_p90",
    "final_p95",
    "total_return_pct",
    "annual_return_pct",
    "crash_prob_1y",
    "crash_prob_5y",
    "crash_probs",
    "cvar_95_pct",
    "max_dd_pct",
    "max_drawdown_pct",
    "scenarios",
    "ml_crash_prob",
    "ml_predicted_return",
    "garch_vol",
    "realism_check"
  ],
  "current_price": 6816.89013671875,
  "final_mean": 9579.781315646691,
  "final_median": 8695.864177401061,
  "final_p05": 3809.07528784443,
  "final_p10": 4644.337042919704,
  "final_p25": 6353.80073160781,
  "final_p75": 11916.544194430633,
  "final_p90": 15692.878537020599,
  "final_p95": 18261.05646796683,
  "total_return_pct": 40.5300822444798,
  "annual_return_pct": 7.041912530956584,
  "crash_prob_1y": 25.369999999999997,
  "crash_prob_5y": 81.78,
  "cvar_95_pct": -54.379600668035735,
  "max_dd_pct": -30.695563488699605,
  "max_drawdown_pct": 30.695563488699605
}