{
  "status": "ok",
  "result_keys": [
    "all_paths",
    "paths",
    "mean_path",
    "median_path",
    "p05",
    "p25",
    "p75",
    "p95",
    "final_mean",
    "final_median",
    "final_p05",
    "final_p10",
    "final_p25",
    "final_p75",
    "final_p90",
    "final_p95",
    "total_return_pct",
    "annual_return_pct",
    "crash_prob_1y",
    "crash_prob_5y",
    "crash_probs",
    "cvar_95_pct",
    "max_dd_pct",
    "max_drawdown_pct",
    "scenarios",
    "ml_crash_prob",
    "ml_predicted_return",
    "garch_vol",
    "realism_check"
  ],
  "current_price": 6949.740234375,
  "final_mean": 9767.396249223282,
  "final_median": 8887.593141336707,
  "final_p05": 3897.72850626712,
  "final_p10": 4729.948616353828,
  "final_p25": 6441.940642673134,
  "final_p75": 12110.565214265278,
  "final_p90": 15959.594057119511,
  "final_p95": 18748.00479869454,
  "total_return_pct": 40.543328524877985,
  "annual_return_pct": 7.043930396039544,
  "crash_prob_1y": 24.92,
  "crash_prob_5y": 82.17,
  "cvar_95_pct": -54.0179487519686,
  "max_dd_pct": -30.724637392015364,
  "max_drawdown_pct": 30.724637392015364
}