{
  "status": "ok",
  "result_keys": [
    "all_paths",
    "paths",
    "mean_path",
    "median_path",
    "p05",
    "p25",
    "p75",
    "p95",
    "final_mean",
    "final_median",
    "final_p05",
    "final_p10",
    "final_p25",
    "final_p75",
    "final_p90",
    "final_p95",
    "total_return_pct",
    "annual_return_pct",
    "crash_prob_1y",
    "crash_prob_5y",
    "crash_probs",
    "cvar_95_pct",
    "max_dd_pct",
    "max_drawdown_pct",
    "scenarios",
    "ml_crash_prob",
    "ml_predicted_return",
    "garch_vol",
    "realism_check"
  ],
  "current_price": 6816.89013671875,
  "final_mean": 9579.679822986463,
  "final_median": 8662.653371842629,
  "final_p05": 3810.042202985265,
  "final_p10": 4671.14064687456,
  "final_p25": 6298.388258548992,
  "final_p75": 11906.401859718137,
  "final_p90": 15844.425381507506,
  "final_p95": 18385.620171474337,
  "total_return_pct": 40.52859340340722,
  "annual_return_pct": 7.04168571963093,
  "crash_prob_1y": 24.92,
  "crash_prob_5y": 82.54,
  "cvar_95_pct": -54.274562681912165,
  "max_dd_pct": -30.78986288557094,
  "max_drawdown_pct": 30.78986288557094
}