symbol,primary_name,aliases,country,is_adr
A,"Agilent Technologies, Inc.",A|Agilent Technologies,US,
AA,Alcoa Corporation,AA|Alcoa,US,
AADX,"Applied Aerospace & Defense, In","AADX|Applied Aerospace & Defense, In",US,
AAL,"American Airlines Group, Inc.",AAL|American Airlines,US,
AAMI,Acadian Asset Management Inc.,AAMI|Acadian Asset Management,US,
AAOI,"Applied Optoelectronics, Inc.",AAOI|Applied Optoelectronics,US,
AAON,"AAON, Inc.",AAON,US,
AAP,Advance Auto Parts Inc.,AAP|Advance Auto Parts,US,
AAPL,Apple Inc.,AAPL|Apple,US,
AAUC,Allied Gold Corporation,AAUC|Allied Gold,US,
AB,AllianceBernstein Holding L.P.,AB|AllianceBernstein Holding L.P.,US,
ABAT,American Battery Technology Com,ABAT|American Battery Technology Com,US,
ABBV,AbbVie Inc.,ABBV|AbbVie,US,
ABCB,Ameris Bancorp,ABCB|Ameris Bancorp,US,
ABCL,AbCellera Biologics Inc.,ABCL|AbCellera Biologics,US,
ABEO,Abeona Therapeutics Inc.,ABEO|Abeona Therapeutics,US,
ABEV,Ambev S.A.,ABEV|Ambev,US,
ABG,Asbury Automotive Group Inc,ABG|Asbury Automotive,US,
ABM,ABM Industries Incorporated,ABM|ABM Industries Incorporated,US,
ABNB,"Airbnb, Inc.",ABNB|Airbnb,US,
ABSI,Absci Corporation,ABSI|Absci,US,
ABT,Abbott Laboratories,ABT|Abbott Laboratories,US,
ABUS,Arbutus Biopharma Corporation,ABUS|Arbutus Biopharma,US,
ABVX,Abivax SA,ABVX|Abivax SA,US,
ABX,"Abacus Global Management, Inc.",ABX|Abacus Global Management,US,
ACA,"Arcosa, Inc.",ACA|Arcosa,US,
ACAD,ACADIA Pharmaceuticals Inc.,ACAD|ACADIA Pharmaceuticals,US,
ACB,Aurora Cannabis Inc.,ACB|Aurora Cannabis,US,
ACDC,ProFrac Holding Corp.,ACDC|ProFrac Holding,US,
ACEL,"Accel Entertainment, Inc.",ACEL|Accel Entertainment,US,
ACGL,Arch Capital Group Ltd.,ACGL|Arch Capital,US,
ACHC,"Acadia Healthcare Company, Inc.",ACHC|Acadia Healthcare,US,
ACHR,Archer Aviation Inc.,ACHR|Archer Aviation,US,
ACHV,"Achieve Life Sciences, Inc.",ACHV|Achieve Life Sciences,US,
ACI,"Albertsons Companies, Inc.",ACI|Albertsons Companies,US,
ACIW,"ACI Worldwide, Inc.",ACIW|ACI Worldwide,US,
ACLS,"Axcelis Technologies, Inc.",ACLS|Axcelis Technologies,US,
ACM,AECOM,ACM|AECOM,US,
ACMR,"ACM Research, Inc.",ACMR|ACM Research,US,
ACN,Accenture plc,ACN|Accenture,US,
ACNB,ACNB Corporation,ACNB,US,
ACRS,"Aclaris Therapeutics, Inc.",ACRS|Aclaris Therapeutics,US,
ACT,"Enact Holdings, Inc.",ACT|Enact,US,
ACVA,ACV Auctions Inc.,ACVA|ACV Auctions,US,
AD,"Array Digital Infrastructure, I","AD|Array Digital Infrastructure, I",US,
ADBE,Adobe Inc.,ADBE|Adobe,US,
ADC,Agree Realty Corporation,ADC|Agree Realty,US,
ADEA,Adeia Inc.,ADEA|Adeia,US,
ADI,"Analog Devices, Inc.",ADI|Analog Devices,US,
ADM,Archer-Daniels-Midland Company,ADM|Archer-Daniels-Midland,US,
ADMA,ADMA Biologics Inc,ADMA|ADMA Biologics,US,
ADNT,Adient plc,ADNT|Adient,US,
ADP,"Automatic Data Processing, Inc.",ADP|Automatic Data Processing,US,
ADPT,Adaptive Biotechnologies Corpor,ADPT|Adaptive Biotechnologies Corpor,US,
ADSK,"Autodesk, Inc.",ADSK|Autodesk,US,
ADT,ADT Inc.,ADT,US,
ADTN,"ADTRAN Holdings, Inc.",ADTN|ADTRAN,US,
ADUR,Aduro Clean Technologies Inc.,ADUR|Aduro Clean Technologies,US,
ADUS,Addus HomeCare Corporation,ADUS|Addus HomeCare,US,
ADV,Advantage Solutions Inc.,ADV|Advantage Solutions,US,
AEBI,Aebi Schmidt Holding AG,AEBI|Aebi Schmidt Holding,US,
AEE,Ameren Corporation,AEE|Ameren,US,
AEG,Aegon Ltd. New York Registry Sh,AEG|Aegon Ltd. New York Registry Sh,US,
AEHR,Aehr Test Systems,AEHR|Aehr Test Systems,US,
AEIS,"Advanced Energy Industries, Inc",AEIS|Advanced Energy Industries,US,
AEM,Agnico Eagle Mines Limited,AEM|Agnico Eagle Mines,US,
AEO,"American Eagle Outfitters, Inc.",AEO|American Eagle Outfitters,US,
AEP,American Electric Power Company,AEP|American Electric Power,US,
AER,AerCap Holdings N.V.,AER|AerCap,US,
AERO,"Grupo Aeromexico, S.A.B. de C.V","AERO|Grupo Aeromexico, S.A.B. de C.V",US,
AES,The AES Corporation,AES|The AES,US,
AESI,Atlas Energy Solutions Inc.,AESI|Atlas Energy Solutions,US,
AEVA,"Aeva Technologies, Inc.",AEVA|Aeva Technologies,US,
AFG,"American Financial Group, Inc.",AFG|American Financial,US,
AFL,AFLAC Incorporated,AFL|AFLAC Incorporated,US,
AFRM,"Affirm Holdings, Inc.",AFRM|Affirm,US,
AG,First Majestic Silver Corp.,AG|First Majestic Silver,US,
AGCO,AGCO Corporation,AGCO,US,
AGEN,Agenus Inc.,AGEN|Agenus,US,
AGI,Alamos Gold Inc.,AGI|Alamos Gold,US,
AGIO,"Agios Pharmaceuticals, Inc.",AGIO|Agios Pharmaceuticals,US,
AGL,"agilon health, inc.","AGL|agilon health, inc.",US,
AGM,Federal Agricultural Mortgage C,AGM|Federal Agricultural Mortgage C,US,
AGNC,AGNC Investment Corp.,AGNC|AGNC Investment,US,
AGNT,"AGNT, Inc.",AGNT,US,
AGO,Assured Guaranty Ltd.,AGO|Assured Guaranty,US,
AGRO,Adecoagro S.A.,AGRO|Adecoagro,US,
AGX,"Argan, Inc.",AGX|Argan,US,
AGYS,"Agilysys, Inc.",AGYS|Agilysys,US,
AHCO,AdaptHealth Corp.,AHCO|AdaptHealth,US,
AHR,"American Healthcare REIT, Inc.",AHR|American Healthcare REIT,US,
AI,"C3.ai, Inc.",AI|C3.ai,US,
AIBZ,Bitzero Holdings Inc.,AIBZ|Bitzero,US,
AIG,"American International Group, I","AIG|American International Group, I",US,
AIIO,Robo.ai Inc.,AIIO|Robo.ai,US,
AIN,Albany International Corporatio,AIN|Albany International Corporatio,US,
AIOT,"PowerFleet, Inc.",AIOT|PowerFleet,US,
AIP,"Arteris, Inc.",AIP|Arteris,US,
AIR,AAR Corp.,AIR|AAR,US,
AIRJ,AirJoule Technologies Corporati,AIRJ|AirJoule Technologies Corporati,US,
AIT,Applied Industrial Technologies,AIT|Applied Industrial Technologies,US,
AIZ,"Assurant, Inc.",AIZ|Assurant,US,
AJG,Arthur J. Gallagher & Co.,AJG|Arthur J. Gallagher &,US,
AKAM,"Akamai Technologies, Inc.",AKAM|Akamai Technologies,US,
AKTS,"Aktis Oncology, Inc.",AKTS|Aktis Oncology,US,
ALAB,"Astera Labs, Inc.",ALAB|Astera Labs,US,
ALB,Albemarle Corporation,ALB|Albemarle,US,
ALC,Alcon Inc.,ALC|Alcon,US,
ALG,"Alamo Group, Inc.",ALG|Alamo,US,
ALGM,"Allegro MicroSystems, Inc.",ALGM|Allegro MicroSystems,US,
ALGN,"Align Technology, Inc.",ALGN|Align Technology,US,
ALGT,Allegiant Travel Company,ALGT|Allegiant Travel,US,
ALH,Alliance Laundry Holdings Inc.,ALH|Alliance Laundry,US,
ALHC,"Alignment Healthcare, Inc.",ALHC|Alignment Healthcare,US,
ALIT,"Alight, Inc.",ALIT|Alight,US,
ALK,"Alaska Air Group, Inc.",ALK|Alaska Air,US,
ALKS,Alkermes plc,ALKS|Alkermes,US,
ALKT,"Alkami Technology, Inc.",ALKT|Alkami Technology,US,
ALL,Allstate Corporation (The),ALL|Allstate Corporation (The),US,
ALLE,Allegion plc,ALLE|Allegion,US,
ALLO,"Allogene Therapeutics, Inc.",ALLO|Allogene Therapeutics,US,
ALLY,Ally Financial Inc.,ALLY|Ally Financial,US,
ALM,Almonty Industries Inc.,ALM|Almonty Industries,US,
ALMR,"Alamar Biosciences, Inc.",ALMR|Alamar Biosciences,US,
ALMS,Alumis Inc.,ALMS|Alumis,US,
ALMU,"Aeluma, Inc.",ALMU|Aeluma,US,
ALNT,Allient Inc.,ALNT|Allient,US,
ALNY,"Alnylam Pharmaceuticals, Inc.",ALNY|Alnylam Pharmaceuticals,US,
ALOY,REalloys Inc.,ALOY|REalloys,US,
ALRM,"Alarm.com Holdings, Inc.",ALRM|Alarm.com,US,
ALRS,Alerus Financial Corporation,ALRS|Alerus Financial,US,
ALSN,"Allison Transmission Holdings, ","ALSN|Allison Transmission Holdings, ",US,
ALT,"Altimmune, Inc.",ALT|Altimmune,US,
ALTO,"Alto Ingredients, Inc.",ALTO|Alto Ingredients,US,
ALV,"Autoliv, Inc.",ALV|Autoliv,US,
ALX,"Alexander's, Inc.",ALX|Alexander's,US,
AM,Antero Midstream Corporation,AM|Antero Midstream,US,
AMAL,Amalgamated Financial Corp.,AMAL|Amalgamated Financial,US,
AMAT,"Applied Materials, Inc.",AMAT|Applied Materials,US,
AMBA,"Ambarella, Inc.",AMBA|Ambarella,US,
AMBP,Ardagh Metal Packaging S.A.,AMBP|Ardagh Metal Packaging,US,
AMBQ,"Ambiq Micro, Inc.",AMBQ|Ambiq Micro,US,
AMC,"AMC Entertainment Holdings, Inc",AMC|AMC Entertainment,US,
AMCR,Amcor plc,AMCR|Amcor,US,
AMCX,AMC Global Media Inc.,AMCX|AMC Global Media,US,
AMD,"Advanced Micro Devices, Inc.",AMD|Advanced Micro Devices,US,
AME,"AMETEK, Inc.",AME|AMETEK,US,
AMG,"Affiliated Managers Group, Inc.",AMG|Affiliated Managers,US,
AMGN,Amgen Inc.,AMGN|Amgen,US,
AMH,American Homes 4 Rent,AMH|American Homes 4 Rent,US,
AMKR,"Amkor Technology, Inc.",AMKR|Amkor Technology,US,
AMLX,"Amylyx Pharmaceuticals, Inc.",AMLX|Amylyx Pharmaceuticals,US,
AMN,AMN Healthcare Services Inc,AMN|AMN Healthcare Services,US,
AMP,"Ameriprise Financial, Inc.",AMP|Ameriprise Financial,US,
AMPG,"Amplitech Group, Inc.",AMPG|Amplitech,US,
AMPH,"Amphastar Pharmaceuticals, Inc.",AMPH|Amphastar Pharmaceuticals,US,
AMPL,"Amplitude, Inc.",AMPL|Amplitude,US,
AMPX,"Amprius Technologies, Inc.",AMPX|Amprius Technologies,US,
AMR,"Alpha Metallurgical Resources, ","AMR|Alpha Metallurgical Resources, ",US,
AMRC,"Ameresco, Inc.",AMRC|Ameresco,US,
AMRX,"Amneal Pharmaceuticals, Inc.",AMRX|Amneal Pharmaceuticals,US,
AMRZ,Amrize Ltd,AMRZ|Amrize,US,
AMSC,American Superconductor Corpora,AMSC|American Superconductor Corpora,US,
AMSF,"AMERISAFE, Inc.",AMSF|AMERISAFE,US,
AMT,American Tower Corporation (REI,AMT|American Tower Corporation (REI,US,
AMTB,Amerant Bancorp Inc.,AMTB|Amerant Bancorp,US,
AMTM,"Amentum Holdings, Inc.",AMTM|Amentum,US,
AMX,"America Movil, S.A.B. de C.V.","AMX|America Movil, S.A.B. de C.V.",US,
AMZN,"Amazon.com, Inc.",AMZN|Amazon.com,US,
AN,"AutoNation, Inc.",AN|AutoNation,US,
ANAB,"AnaptysBio, Inc.",ANAB|AnaptysBio,US,
ANDE,"The Andersons, Inc.",ANDE|The Andersons,US,
ANDG,Andersen Group Inc.,ANDG|Andersen,US,
ANET,"Arista Networks, Inc.",ANET|Arista Networks,US,
ANF,Abercrombie & Fitch Company,ANF|Abercrombie & Fitch,US,
ANGI,Angi Inc.,ANGI|Angi,US,
ANGO,"AngioDynamics, Inc.",ANGO|AngioDynamics,US,
ANGX,"Angel Studios, Inc.",ANGX|Angel Studios,US,
ANIP,"ANI Pharmaceuticals, Inc.",ANIP|ANI Pharmaceuticals,US,
ANNX,"Annexon, Inc.",ANNX|Annexon,US,
ANRO,"Alto Neuroscience, Inc.",ANRO|Alto Neuroscience,US,
AON,Aon plc,AON|Aon,US,
AORT,"Artivion, Inc.",AORT|Artivion,US,
AOS,A.O. Smith Corporation,AOS|A.O. Smith,US,
AOSL,Alpha and Omega Semiconductor L,AOSL|Alpha and Omega Semiconductor L,US,
APA,APA Corporation,APA,US,
APAM,Artisan Partners Asset Manageme,APAM|Artisan Partners Asset Manageme,US,
APD,"Air Products and Chemicals, Inc",APD|Air Products and Chemicals,US,
APEI,"American Public Education, Inc.",APEI|American Public Education,US,
APG,APi Group Corporation,APG|APi,US,
APGE,"Apogee Therapeutics, Inc.",APGE|Apogee Therapeutics,US,
APH,Amphenol Corporation,APH|Amphenol,US,
APLD,Applied Digital Corporation,APLD|Applied Digital,US,
APLE,"Apple Hospitality REIT, Inc.",APLE|Apple Hospitality REIT,US,
APO,"Apollo Global Management, Inc. ","APO|Apollo Global Management, Inc. ",US,
APOG,"Apogee Enterprises, Inc.",APOG|Apogee Enterprises,US,
APP,Applovin Corporation,APP|Applovin,US,
APPF,"AppFolio, Inc.",APPF|AppFolio,US,
APPN,Appian Corporation,APPN|Appian,US,
APPS,"Digital Turbine, Inc.",APPS|Digital Turbine,US,
APTV,Aptiv PLC,APTV|Aptiv PLC,US,
AQN,Algonquin Power & Utilities Cor,AQN|Algonquin Power & Utilities Cor,US,
AQST,"Aquestive Therapeutics, Inc.","AQST|Aquestive Therapeutics, Inc.",US,
AR,Antero Resources Corporation,AR|Antero Resources Corporation,US,
ARCB,ArcBest Corporation,ARCB|ArcBest Corporation,US,
ARCC,Ares Capital Corporation,ARCC|Ares Capital Corporation,US,
ARCO,Arcos Dorados Holdings Inc.,ARCO|Arcos Dorados Holdings Inc.,US,
ARCT,Arcturus Therapeutics Holdings,ARCT|Arcturus Therapeutics Holdings,US,
ARDT,"Ardent Health, Inc.","ARDT|Ardent Health, Inc.",US,
ARDX,"Ardelyx, Inc.","ARDX|Ardelyx, Inc.",US,
ARE,Alexandria Real Estate Equities,ARE|Alexandria Real Estate Equities,US,
AREC,American Resources Corporation,AREC|American Resources Corporation,US,
ARES,Ares Management Corporation,ARES|Ares Management Corporation,US,
ARGX,argenx SE,ARGX|argenx SE,US,
ARHS,"Arhaus, Inc.","ARHS|Arhaus, Inc.",US,
ARI,Apollo Commercial Real Estate F,ARI|Apollo Commercial Real Estate F,US,
ARIS,Aris Mining Corporation,ARIS|Aris Mining Corporation,US,
ARKO,ARKO Corp.,ARKO|ARKO Corp.,US,
ARLO,"Arlo Technologies, Inc.","ARLO|Arlo Technologies, Inc.",US,
ARLP,"Alliance Resource Partners, L.P","ARLP|Alliance Resource Partners, L.P",US,
ARM,Arm Holdings plc,ARM|Arm Holdings plc,US,
ARMK,Aramark,ARMK|Aramark,US,
AROC,"Archrock, Inc.","AROC|Archrock, Inc.",US,
AROW,Arrow Financial Corporation,AROW|Arrow Financial Corporation,US,
ARQQ,Arqit Quantum Inc.,ARQQ|Arqit Quantum Inc.,US,
ARQT,"Arcutis Biotherapeutics, Inc.","ARQT|Arcutis Biotherapeutics, Inc.",US,
ARR,"ARMOUR Residential REIT, Inc.","ARR|ARMOUR Residential REIT, Inc.",US,
ARRY,"Array Technologies, Inc.","ARRY|Array Technologies, Inc.",US,
ARTV,"Artiva Biotherapeutics, Inc.","ARTV|Artiva Biotherapeutics, Inc.",US,
ARVN,"Arvinas, Inc.","ARVN|Arvinas, Inc.",US,
ARW,"Arrow Electronics, Inc.","ARW|Arrow Electronics, Inc.",US,
ARWR,"Arrowhead Pharmaceuticals, Inc.","ARWR|Arrowhead Pharmaceuticals, Inc.",US,
ARX,Accelerant Holdings,ARX|Accelerant Holdings,US,
ARXS,"Arxis, Inc.","ARXS|Arxis, Inc.",US,
AS,"Amer Sports, Inc.","AS|Amer Sports, Inc.",US,
ASA,ASA Gold and Precious Metals Limited,ASA|ASA Gold and Precious Metals Limited,US,
ASAN,"Asana, Inc.","ASAN|Asana, Inc.",US,
ASB,Associated Banc-Corp,ASB|Associated Banc-Corp,US,
ASC,Ardmore Shipping Corporation,ASC|Ardmore Shipping Corporation,US,
ASH,Ashland Inc.,ASH|Ashland Inc.,US,
ASIX,AdvanSix Inc.,ASIX|AdvanSix Inc.,US,
ASM,Avino Silver & Gold Mines Ltd.,ASM|Avino Silver & Gold Mines Ltd.,US,
ASMB,"Assembly Biosciences, Inc.","ASMB|Assembly Biosciences, Inc.",US,
ASML,ASML Holding N.V. - New York Re,ASML|ASML Holding N.V. - New York Re,US,
ASND,Ascendis Pharma A/S,ASND|Ascendis Pharma A/S,US,
ASO,"Academy Sports and Outdoors, In","ASO|Academy Sports and Outdoors, In",US,
ASPI,ASP Isotopes Inc.,ASPI|ASP Isotopes Inc.,US,
ASPN,"Aspen Aerogels, Inc.","ASPN|Aspen Aerogels, Inc.",US,
ASR,Grupo Aeroportuario del Sureste,ASR|Grupo Aeroportuario del Sureste,US,
ASST,"Strive, Inc.","ASST|Strive, Inc.",US,
ASTE,"Astec Industries, Inc.","ASTE|Astec Industries, Inc.",US,
ASTH,Astrana Health Inc.,ASTH|Astrana Health Inc.,US,
ASTL,Algoma Steel Group Inc.,ASTL|Algoma Steel Group Inc.,US,
ASTS,"AST SpaceMobile, Inc.","ASTS|AST SpaceMobile, Inc.",US,
ASX,"ASE Technology Holding Co., Ltd","ASX|ASE Technology Holding Co., Ltd",US,
ASYS,"Amtech Systems, Inc.","ASYS|Amtech Systems, Inc.",US,
ATAI,AtaiBeckley Inc.,ATAI|AtaiBeckley Inc.,US,
ATAT,Atour Lifestyle Holdings Limite,ATAT|Atour Lifestyle Holdings Limite,US,
ATEC,"Alphatec Holdings, Inc.","ATEC|Alphatec Holdings, Inc.",US,
ATEN,"A10 Networks, Inc.","ATEN|A10 Networks, Inc.",US,
ATEX,Anterix Inc.,ATEX|Anterix Inc.,US,
ATHM,Autohome Inc.,ATHM|Autohome Inc.,US,
ATI,ATI Inc.,ATI|ATI Inc.,US,
ATKR,Atkore Inc.,ATKR|Atkore Inc.,US,
ATLC,Atlanticus Holdings Corporation,ATLC|Atlanticus Holdings Corporation,US,
ATMU,Atmus Filtration Technologies I,ATMU|Atmus Filtration Technologies I,US,
ATO,Atmos Energy Corporation,ATO|Atmos Energy Corporation,US,
ATOM,Atomera Incorporated,ATOM|Atomera Incorporated,US,
ATR,"AptarGroup, Inc.","ATR|AptarGroup, Inc.",US,
ATRC,"AtriCure, Inc.","ATRC|AtriCure, Inc.",US,
ATRO,Astronics Corporation,ATRO|Astronics Corporation,US,
ATS,ATS Corporation,ATS|ATS Corporation,US,
AU,AngloGold Ashanti PLC,AU|AngloGold Ashanti PLC,US,
AUB,Atlantic Union Bankshares Corpo,AUB|Atlantic Union Bankshares Corpo,US,
AUGO,Aura Minerals Inc.,AUGO|Aura Minerals Inc.,US,
AUPH,Aurinia Pharmaceuticals Inc,AUPH|Aurinia Pharmaceuticals Inc,US,
AUR,"Aurora Innovation, Inc.","AUR|Aurora Innovation, Inc.",US,
AURA,"Aura Biosciences, Inc.","AURA|Aura Biosciences, Inc.",US,
AVA,Avista Corporation,AVA|Avista Corporation,US,
AVAH,Aveanna Healthcare Holdings Inc,AVAH|Aveanna Healthcare Holdings Inc,US,
AVAV,"AeroVironment, Inc.","AVAV|AeroVironment, Inc.",US,
AVBH,"Avidbank Holdings, Inc.","AVBH|Avidbank Holdings, Inc.",US,
AVBP,"ArriVent BioPharma, Inc.","AVBP|ArriVent BioPharma, Inc.",US,
AVEX,AEVEX Corp.,AVEX|AEVEX Corp.,US,
AVGO,Broadcom Inc.,AVGO|Broadcom Inc.,US,
AVLN,Avalyn Pharma Inc.,AVLN|Avalyn Pharma Inc.,US,
AVNT,Avient Corporation,AVNT|Avient Corporation,US,
AVO,"Mission Produce, Inc.","AVO|Mission Produce, Inc.",US,
AVPT,"AvePoint, Inc.","AVPT|AvePoint, Inc.",US,
AVR,Anteris Technologies Global Cor,AVR|Anteris Technologies Global Cor,US,
AVT,"Avnet, Inc.","AVT|Avnet, Inc.",US,
AVTR,"Avantor, Inc.","AVTR|Avantor, Inc.",US,
AVTX,"Avalo Therapeutics, Inc.","AVTX|Avalo Therapeutics, Inc.",US,
AVY,Avery Dennison Corporation,AVY|Avery Dennison Corporation,US,
AWI,Armstrong World Industries Inc,AWI|Armstrong World Industries Inc,US,
AWK,"American Water Works Company, I","AWK|American Water Works Company, I",US,
AWR,American States Water Company,AWR|American States Water Company,US,
AX,"Axos Financial, Inc.","AX|Axos Financial, Inc.",US,
AXGN,"AxoGen, Inc.","AXGN|AxoGen, Inc.",US,
AXON,"Axon Enterprise, Inc.","AXON|Axon Enterprise, Inc.",US,
AXP,American Express Company,AXP|American Express Company,US,
AXS,Axis Capital Holdings Limited,AXS|Axis Capital Holdings Limited,US,
AXSM,"Axsome Therapeutics, Inc.","AXSM|Axsome Therapeutics, Inc.",US,
AXTA,Axalta Coating Systems Ltd.,AXTA|Axalta Coating Systems Ltd.,US,
AXTI,AXT Inc,AXTI|AXT Inc,US,
AYA,Aya Gold & Silver Inc.,AYA|Aya Gold & Silver Inc.,US,
AYI,Acuity Inc.,AYI|Acuity Inc.,US,
AZN,AstraZeneca PLC,AZN|AstraZeneca PLC,US,
AZO,"AutoZone, Inc.","AZO|AutoZone, Inc.",US,
AZTA,"Azenta, Inc.","AZTA|Azenta, Inc.",US,
AZZ,AZZ Inc.,AZZ|AZZ Inc.,US,
B,Barrick Mining Corporation,B|Barrick Mining Corporation,US,
BA,Boeing Company (The),BA|Boeing Company (The),US,
BABA,Alibaba Group Holding Limited,BABA|Alibaba Group Holding Limited,US,
BAC,Bank of America Corporation,BAC|Bank of America Corporation,US,
BAH,Booz Allen Hamilton Holding Cor,BAH|Booz Allen Hamilton Holding Cor,US,
BALL,Ball Corporation,BALL|Ball Corporation,US,
BAM,Brookfield Asset Management Inc,BAM|Brookfield Asset Management Inc,US,
BANC,"Banc of California, Inc.","BANC|Banc of California, Inc.",US,
BAND,Bandwidth Inc.,BAND|Bandwidth Inc.,US,
BANF,BancFirst Corporation,BANF|BancFirst Corporation,US,
BANR,Banner Corporation,BANR|Banner Corporation,US,
BAP,Credicorp Ltd.,BAP|Credicorp Ltd.,US,
BAR,GraniteShares Gold Trust Shares,BAR|GraniteShares Gold Trust Shares,US,
BATRA,"Atlanta Braves Holdings, Inc. -","BATRA|Atlanta Braves Holdings, Inc. -",US,
BATRK,"Atlanta Braves Holdings, Inc. -","BATRK|Atlanta Braves Holdings, Inc. -",US,
BAX,Baxter International Inc.,BAX|Baxter International Inc.,US,
BB,BlackBerry Limited,BB|BlackBerry Limited,US,
BBAI,"BigBear.ai, Inc.","BBAI|BigBear.ai, Inc.",US,
BBAR,Banco BBVA Argentina S.A.,BBAR|Banco BBVA Argentina S.A.,US,
BBD,Banco Bradesco Sa,BBD|Banco Bradesco Sa,US,
BBDC,"Barings BDC, Inc.","BBDC|Barings BDC, Inc.",US,
BBIO,"BridgeBio Pharma, Inc.","BBIO|BridgeBio Pharma, Inc.",US,
BBNX,"Beta Bionics, Inc.","BBNX|Beta Bionics, Inc.",US,
BBSI,"Barrett Business Services, Inc.","BBSI|Barrett Business Services, Inc.",US,
BBT,Beacon Financial Corporation,BBT|Beacon Financial Corporation,US,
BBUC,Brookfield Business Corporation,BBUC|Brookfield Business Corporation,US,
BBVA,Banco Bilbao Vizcaya Argentaria,BBVA|Banco Bilbao Vizcaya Argentaria,US,
BBW,"Build-A-Bear Workshop, Inc.","BBW|Build-A-Bear Workshop, Inc.",US,
BBWI,"Bath & Body Works, Inc.","BBWI|Bath & Body Works, Inc.",US,
BBY,"Best Buy Co., Inc.","BBY|Best Buy Co., Inc.",US,
BC,Brunswick Corporation,BC|Brunswick Corporation,US,
BCAL,California BanCorp,BCAL|California BanCorp,US,
BCAX,Bicara Therapeutics Inc.,BCAX|Bicara Therapeutics Inc.,US,
BCC,"Boise Cascade, L.L.C.","BCC|Boise Cascade, L.L.C.",US,
BCE,"BCE, Inc.","BCE|BCE, Inc.",US,
BCH,Banco De Chile,BCH|Banco De Chile,US,
BCO,Brinks Company (The),BCO|Brinks Company (The),US,
BCPC,Balchem Corporation,BCPC|Balchem Corporation,US,
BCRX,"BioCryst Pharmaceuticals, Inc.","BCRX|BioCryst Pharmaceuticals, Inc.",US,
BCS,Barclays PLC,BCS|Barclays PLC,US,
BCSF,"Bain Capital Specialty Finance,","BCSF|Bain Capital Specialty Finance,",US,
BDC,Belden Inc,BDC|Belden Inc,US,
BDX,"Becton, Dickinson and Company","BDX|Becton, Dickinson and Company",US,
BE,Bloom Energy Corporation,BE|Bloom Energy Corporation,US,
BEAM,Beam Therapeutics Inc.,BEAM|Beam Therapeutics Inc.,US,
BEKE,KE Holdings Inc,BEKE|KE Holdings Inc,US,
BELFA,Bel Fuse Inc.,BELFA|Bel Fuse Inc.,US,
BELFB,Bel Fuse Inc.,BELFB|Bel Fuse Inc.,US,
BEN,"Franklin Templeton, Inc.","BEN|Franklin Templeton, Inc.",US,
BEP,Brookfield Renewable Partners L,BEP|Brookfield Renewable Partners L,US,
BEPC,Brookfield Renewable Corporatio,BEPC|Brookfield Renewable Corporatio,US,
BETA,"Beta Technologies, Inc.","BETA|Beta Technologies, Inc.",US,
BETR,Better Home & Finance Holding C,BETR|Better Home & Finance Holding C,US,
BFAM,Bright Horizons Family Solution,BFAM|Bright Horizons Family Solution,US,
BFC,Bank First Corporation,BFC|Bank First Corporation,US,
BFH,"Bread Financial Holdings, Inc.","BFH|Bread Financial Holdings, Inc.",US,
BFLY,"Butterfly Network, Inc.","BFLY|Butterfly Network, Inc.",US,
BFS,"Saul Centers, Inc.","BFS|Saul Centers, Inc.",US,
BFST,"Business First Bancshares, Inc.","BFST|Business First Bancshares, Inc.",US,
BG,Bunge Limited,BG|Bunge Limited,US,
BGC,"BGC Group, Inc.","BGC|BGC Group, Inc.",US,
BGS,"B&G Foods, Inc.","BGS|B&G Foods, Inc.",US,
BGSI,Boyd Group Services Inc.,BGSI|Boyd Group Services Inc.,US,
BH,Biglari Holdings Inc.,BH|Biglari Holdings Inc.,US,
BHB,"Bar Harbor Bankshares, Inc.","BHB|Bar Harbor Bankshares, Inc.",US,
BHC,Bausch Health Companies Inc.,BHC|Bausch Health Companies Inc.,US,
BHE,"Benchmark Electronics, Inc.","BHE|Benchmark Electronics, Inc.",US,
BHF,"Brighthouse Financial, Inc.","BHF|Brighthouse Financial, Inc.",US,
BHP,BHP Group Limited,BHP|BHP Group Limited,US,
BHRB,Burke & Herbert Financial Servi,BHRB|Burke & Herbert Financial Servi,US,
BHVN,Biohaven Ltd.,BHVN|Biohaven Ltd.,US,
BIDU,"Baidu, Inc.","BIDU|Baidu, Inc.",US,
BIIB,Biogen Inc.,BIIB|Biogen Inc.,US,
BILI,Bilibili Inc.,BILI|Bilibili Inc.,US,
BILL,"BILL Holdings, Inc.","BILL|BILL Holdings, Inc.",US,
BIO,"Bio-Rad Laboratories, Inc.","BIO|Bio-Rad Laboratories, Inc.",US,
BIOA,"BioAge Labs, Inc.","BIOA|BioAge Labs, Inc.",US,
BIP,Brookfield Infrastructure Partn,BIP|Brookfield Infrastructure Partn,US,
BIPC,Brookfield Infrastructure Corpo,BIPC|Brookfield Infrastructure Corpo,US,
BIRK,Birkenstock Holding plc,BIRK|Birkenstock Holding plc,US,
BJ,"BJ's Wholesale Club Holdings, I","BJ|BJ's Wholesale Club Holdings, I",US,
BJRI,"BJ's Restaurants, Inc.","BJRI|BJ's Restaurants, Inc.",US,
BKD,Brookdale Senior Living Inc.,BKD|Brookdale Senior Living Inc.,US,
BKE,"Buckle, Inc. (The)","BKE|Buckle, Inc. (The)",US,
BKH,Black Hills Corporation,BKH|Black Hills Corporation,US,
BKKT,"Bakkt, Inc.","BKKT|Bakkt, Inc.",US,
BKNG,Booking Holdings Inc. Common St,BKNG|Booking Holdings Inc. Common St,US,
BKR,Baker Hughes Company,BKR|Baker Hughes Company,US,
BKSY,BlackSky Technology Inc.,BKSY|BlackSky Technology Inc.,US,
BKU,"BankUnited, Inc.","BKU|BankUnited, Inc.",US,
BKV,BKV Corporation,BKV|BKV Corporation,US,
BL,"BlackLine, Inc.","BL|BlackLine, Inc.",US,
BLBD,Blue Bird Corporation,BLBD|Blue Bird Corporation,US,
BLCO,Bausch + Lomb Corporation,BLCO|Bausch + Lomb Corporation,US,
BLDP,"Ballard Power Systems, Inc.","BLDP|Ballard Power Systems, Inc.",US,
BLDR,"Builders FirstSource, Inc.","BLDR|Builders FirstSource, Inc.",US,
BLFS,"BioLife Solutions, Inc.","BLFS|BioLife Solutions, Inc.",US,
BLK,"BlackRock, Inc.","BLK|BlackRock, Inc.",US,
BLKB,"Blackbaud, Inc.","BLKB|Blackbaud, Inc.",US,
BLLN,"BillionToOne, Inc.","BLLN|BillionToOne, Inc.",US,
BLMN,"Bloomin' Brands, Inc.","BLMN|Bloomin' Brands, Inc.",US,
BLSH,Bullish,BLSH|Bullish,US,
BLTE,"Belite Bio, Inc","BLTE|Belite Bio, Inc",US,
BLX,"Bladex, Inc. Class E","BLX|Bladex, Inc. Class E",US,
BLZE,"Backblaze, Inc.","BLZE|Backblaze, Inc.",US,
BMA,Banco Macro S.A.,BMA|Banco Macro S.A.,US,
BMBL,Bumble Inc.,BMBL|Bumble Inc.,US,
BMI,"Badger Meter, Inc.","BMI|Badger Meter, Inc.",US,
BMNP,"BitMine Immersion Technologies,","BMNP|BitMine Immersion Technologies,",US,
BMNR,"BitMine Immersion Technologies,","BMNR|BitMine Immersion Technologies,",US,
BMO,Bank Of Montreal,BMO|Bank Of Montreal,US,
BMRC,Bank of Marin Bancorp,BMRC|Bank of Marin Bancorp,US,
BMRN,BioMarin Pharmaceutical Inc.,BMRN|BioMarin Pharmaceutical Inc.,US,
BMY,Bristol-Myers Squibb Company,BMY|Bristol-Myers Squibb Company,US,
BN,Brookfield Corporation,BN|Brookfield Corporation,US,
BNED,"Barnes & Noble Education, Inc","BNED|Barnes & Noble Education, Inc",US,
BNL,"Broadstone Net Lease, Inc.","BNL|Broadstone Net Lease, Inc.",US,
BNS,Bank Nova Scotia Halifax Pfd 3,BNS|Bank Nova Scotia Halifax Pfd 3,US,
BNTX,BioNTech SE,BNTX|BioNTech SE,US,
BNY,The Bank of New York Mellon Cor,BNY|The Bank of New York Mellon Cor,US,
BOBS,"Bob's Discount Furniture, Inc.","BOBS|Bob's Discount Furniture, Inc.",US,
BOH,Bank of Hawaii Corporation,BOH|Bank of Hawaii Corporation,US,
BOKF,BOK Financial Corporation,BOKF|BOK Financial Corporation,US,
BOOT,"Boot Barn Holdings, Inc.","BOOT|Boot Barn Holdings, Inc.",US,
BORR,Borr Drilling Limited,BORR|Borr Drilling Limited,US,
BOT,"RoboStrategy, Inc.","BOT|RoboStrategy, Inc.",US,
BOW,Bowhead Specialty Holdings Inc.,BOW|Bowhead Specialty Holdings Inc.,US,
BOX,"Box, Inc.","BOX|Box, Inc.",US,
BP,BP p.l.c.,BP|BP p.l.c.,US,
BPOP,"Popular, Inc.","BPOP|Popular, Inc.",US,
BR,"Broadridge Financial Solutions,","BR|Broadridge Financial Solutions,",US,
BRBR,"BellRing Brands, Inc.","BRBR|BellRing Brands, Inc.",US,
BRC,Brady Corporation,BRC|Brady Corporation,US,
BRKR,Bruker Corporation,BRKR|Bruker Corporation,US,
BRO,"Brown & Brown, Inc.","BRO|Brown & Brown, Inc.",US,
BROS,Dutch Bros Inc.,BROS|Dutch Bros Inc.,US,
BRSL,Brightstar Lottery PLC Trading,BRSL|Brightstar Lottery PLC Trading,US,
BRSP,"BrightSpire Capital, Inc.","BRSP|BrightSpire Capital, Inc.",US,
BRUN,Boost Run Inc.,BRUN|Boost Run Inc.,US,
BRX,Brixmor Property Group Inc.,BRX|Brixmor Property Group Inc.,US,
BRZE,"Braze, Inc.","BRZE|Braze, Inc.",US,
BSAC,Banco Santander - Chile,BSAC|Banco Santander - Chile,US,
BSBR,Banco Santander Brasil SA,BSBR|Banco Santander Brasil SA,US,
BSM,"Black Stone Minerals, L.P.","BSM|Black Stone Minerals, L.P.",US,
BSP,Bending Spoons S.p.A.,BSP|Bending Spoons S.p.A.,US,
BSX,Boston Scientific Corporation,BSX|Boston Scientific Corporation,US,
BSY,"Bentley Systems, Incorporated","BSY|Bentley Systems, Incorporated",US,
BTDR,Bitdeer Technologies Group,BTDR|Bitdeer Technologies Group,US,
BTE,Baytex Energy Corp,BTE|Baytex Energy Corp,US,
BTG,B2Gold Corp,BTG|B2Gold Corp,US,
BTGO,"BitGo Holdings, Inc.","BTGO|BitGo Holdings, Inc.",US,
BTI,British American Tobacco  Indus,BTI|British American Tobacco  Indus,US,
BTQ,BTQ Technologies Corp.,BTQ|BTQ Technologies Corp.,US,
BTSG,"BrightSpring Health Services, I","BTSG|BrightSpring Health Services, I",US,
BTU,Peabody Energy Corporation,BTU|Peabody Energy Corporation,US,
BUD,Anheuser-Busch Inbev SA Sponsor,BUD|Anheuser-Busch Inbev SA Sponsor,US,
BULL,Webull Corporation,BULL|Webull Corporation,US,
BUR,Burford Capital Limited,BUR|Burford Capital Limited,US,
BURL,"Burlington Stores, Inc.","BURL|Burlington Stores, Inc.",US,
BUSE,First Busey Corporation,BUSE|First Busey Corporation,US,
BV,"BrightView Holdings, Inc.","BV|BrightView Holdings, Inc.",US,
BVN,Buenaventura Mining Company Inc,BVN|Buenaventura Mining Company Inc,US,
BVS,Bioventus Inc.,BVS|Bioventus Inc.,US,
BW,"Babcock & Wilcox Enterprises, I","BW|Babcock & Wilcox Enterprises, I",US,
BWA,BorgWarner Inc.,BWA|BorgWarner Inc.,US,
BWB,"Bridgewater Bancshares, Inc.","BWB|Bridgewater Bancshares, Inc.",US,
BWFG,"Bankwell Financial Group, Inc.","BWFG|Bankwell Financial Group, Inc.",US,
BWIN,"The Baldwin Insurance Group, In","BWIN|The Baldwin Insurance Group, In",US,
BWLP,BW LPG Limited,BWLP|BW LPG Limited,US,
BWMN,Bowman Consulting Group Ltd.,BWMN|Bowman Consulting Group Ltd.,US,
BWXT,"BWX Technologies, Inc.","BWXT|BWX Technologies, Inc.",US,
BX,Blackstone Inc.,BX|Blackstone Inc.,US,
BXC,Bluelinx Holdings Inc.,BXC|Bluelinx Holdings Inc.,US,
BXP,"BXP, Inc.","BXP|BXP, Inc.",US,
BY,"Byline Bancorp, Inc.","BY|Byline Bancorp, Inc.",US,
BYD,Boyd Gaming Corporation,BYD|Boyd Gaming Corporation,US,
BYND,"Beyond Meat, Inc.","BYND|Beyond Meat, Inc.",US,
BZ,KANZHUN LIMITED - American Depo,BZ|KANZHUN LIMITED - American Depo,US,
BZH,"Beazer Homes USA, Inc.","BZH|Beazer Homes USA, Inc.",US,
C,"Citigroup, Inc.","C|Citigroup, Inc.",US,
CAAP,Corporacion America Airports SA,CAAP|Corporacion America Airports SA,US,
CABA,"Cabaletta Bio, Inc.","CABA|Cabaletta Bio, Inc.",US,
CABO,"Cable One, Inc.","CABO|Cable One, Inc.",US,
CAC,Camden National Corporation,CAC|Camden National Corporation,US,
CACC,Credit Acceptance Corporation,CACC|Credit Acceptance Corporation,US,
CACI,"CACI International, Inc.","CACI|CACI International, Inc.",US,
CADL,"Candel Therapeutics, Inc.","CADL|Candel Therapeutics, Inc.",US,
CAE,CAE Inc,CAE|CAE Inc,US,
CAG,"ConAgra Brands, Inc.","CAG|ConAgra Brands, Inc.",US,
CAH,"Cardinal Health, Inc.","CAH|Cardinal Health, Inc.",US,
CAI,"Caris Life Sciences, Inc.","CAI|Caris Life Sciences, Inc.",US,
CAKE,The Cheesecake Factory Incorpor,CAKE|The Cheesecake Factory Incorpor,US,
CAL,"Caleres, Inc.","CAL|Caleres, Inc.",US,
CALM,"Cal-Maine Foods, Inc.","CALM|Cal-Maine Foods, Inc.",US,
CALX,"Calix, Inc","CALX|Calix, Inc",US,
CALY,Callaway Golf Company,CALY|Callaway Golf Company,US,
CAMT,Camtek Ltd.,CAMT|Camtek Ltd.,US,
CAPR,"Capricor Therapeutics, Inc.","CAPR|Capricor Therapeutics, Inc.",US,
CAR,"Avis Budget Group, Inc.","CAR|Avis Budget Group, Inc.",US,
CARE,"Carter Bankshares, Inc.","CARE|Carter Bankshares, Inc.",US,
CARG,"CarGurus, Inc.","CARG|CarGurus, Inc.",US,
CARR,Carrier Global Corporation,CARR|Carrier Global Corporation,US,
CARS,Cars.com Inc.,CARS|Cars.com Inc.,US,
CART,Maplebear Inc.,CART|Maplebear Inc.,US,
CASH,"Pathward Financial, Inc.","CASH|Pathward Financial, Inc.",US,
CASS,"Cass Information Systems, Inc","CASS|Cass Information Systems, Inc",US,
CASY,"Caseys General Stores, Inc.","CASY|Caseys General Stores, Inc.",US,
CAT,"Caterpillar, Inc.","CAT|Caterpillar, Inc.",US,
CATX,"Perspective Therapeutics, Inc.","CATX|Perspective Therapeutics, Inc.",US,
CATY,Cathay General Bancorp,CATY|Cathay General Bancorp,US,
CAVA,"CAVA Group, Inc.","CAVA|CAVA Group, Inc.",US,
CB,Chubb Limited,CB|Chubb Limited,US,
CBAN,"Colony Bankcorp, Inc.","CBAN|Colony Bankcorp, Inc.",US,
CBC,"Central Bancompany, Inc.","CBC|Central Bancompany, Inc.",US,
CBIO,"Crescent Biopharma, Inc.","CBIO|Crescent Biopharma, Inc.",US,
CBL,"CBL & Associates Properties, In","CBL|CBL & Associates Properties, In",US,
CBLL,"CeriBell, Inc.","CBLL|CeriBell, Inc.",US,
CBOE,"Cboe Global Markets, Inc.","CBOE|Cboe Global Markets, Inc.",US,
CBRE,CBRE Group Inc,CBRE|CBRE Group Inc,US,
CBRL,Cracker Barrel Old Country Stor,CBRL|Cracker Barrel Old Country Stor,US,
CBRS,Cerebras Systems Inc.,CBRS|Cerebras Systems Inc.,US,
CBSH,"Commerce Bancshares, Inc.","CBSH|Commerce Bancshares, Inc.",US,
CBT,Cabot Corporation,CBT|Cabot Corporation,US,
CBU,"Community Financial System, Inc","CBU|Community Financial System, Inc",US,
CBZ,"CBIZ, Inc.","CBZ|CBIZ, Inc.",US,
CC,Chemours Company (The),CC|Chemours Company (The),US,
CCB,Coastal Financial Corporation,CCB|Coastal Financial Corporation,US,
CCBG,Capital City Bank Group,CCBG|Capital City Bank Group,US,
CCC,CCC Intelligent Solutions Holdi,CCC|CCC Intelligent Solutions Holdi,US,
CCCC,"C4 Therapeutics, Inc.","CCCC|C4 Therapeutics, Inc.",US,
CCEP,Coca-Cola Europacific Partners,CCEP|Coca-Cola Europacific Partners,US,
CCI,Crown Castle Inc.,CCI|Crown Castle Inc.,US,
CCJ,Cameco Corporation,CCJ|Cameco Corporation,US,
CCK,"Crown Holdings, Inc.","CCK|Crown Holdings, Inc.",US,
CCL,Carnival Corporation Ltd.,CCL|Carnival Corporation Ltd.,US,
CCNE,CNB Financial Corporation,CCNE|CNB Financial Corporation,US,
CCO,"Clear Channel Outdoor Holdings,","CCO|Clear Channel Outdoor Holdings,",US,
CCOI,"Cogent Communications Holdings,","CCOI|Cogent Communications Holdings,",US,
CCS,"Century Communities, Inc.","CCS|Century Communities, Inc.",US,
CCSI,"Consensus Cloud Solutions, Inc.","CCSI|Consensus Cloud Solutions, Inc.",US,
CCXI,Churchill Capital Corp XI,CCXI|Churchill Capital Corp XI,US,
CDE,"Coeur Mining, Inc.","CDE|Coeur Mining, Inc.",US,
CDNA,"CareDx, Inc.","CDNA|CareDx, Inc.",US,
CDNL,Cardinal Infrastructure Group I,CDNL|Cardinal Infrastructure Group I,US,
CDNS,"Cadence Design Systems, Inc.","CDNS|Cadence Design Systems, Inc.",US,
CDP,COPT Defense Properties,CDP|COPT Defense Properties,US,
CDRE,"Cadre Holdings, Inc.","CDRE|Cadre Holdings, Inc.",US,
CDW,CDW Corporation,CDW|CDW Corporation,US,
CDZI,"Cadiz, Inc.","CDZI|Cadiz, Inc.",US,
CE,Celanese Corporation,CE|Celanese Corporation,US,
CECO,CECO Environmental Corp.,CECO|CECO Environmental Corp.,US,
CEG,Constellation Energy Corporatio,CEG|Constellation Energy Corporatio,US,
CELC,Celcuity Inc.,CELC|Celcuity Inc.,US,
CELH,"Celsius Holdings, Inc.","CELH|Celsius Holdings, Inc.",US,
CENT,Central Garden & Pet Company,CENT|Central Garden & Pet Company,US,
CENTA,Central Garden & Pet Company,CENTA|Central Garden & Pet Company,US,
CENX,Century Aluminum Company,CENX|Century Aluminum Company,US,
CEPU,Central Puerto S.A.,CEPU|Central Puerto S.A.,US,
CERS,Cerus Corporation,CERS|Cerus Corporation,US,
CERT,"Certara, Inc.","CERT|Certara, Inc.",US,
CEVA,"CEVA, Inc.","CEVA|CEVA, Inc.",US,
CF,"CF Industries Holdings, Inc.","CF|CF Industries Holdings, Inc.",US,
CFFN,"Capitol Federal Financial, Inc.","CFFN|Capitol Federal Financial, Inc.",US,
CFG,"Citizens Financial Group, Inc.","CFG|Citizens Financial Group, Inc.",US,
CFR,"Cullen/Frost Bankers, Inc.","CFR|Cullen/Frost Bankers, Inc.",US,
CG,The Carlyle Group Inc.,CG|The Carlyle Group Inc.,US,
CGAU,Centerra Gold Inc.,CGAU|Centerra Gold Inc.,US,
CGBD,"Carlyle Secured Lending, Inc.","CGBD|Carlyle Secured Lending, Inc.",US,
CGEM,"Cullinan Therapeutics, Inc.","CGEM|Cullinan Therapeutics, Inc.",US,
CGNT,Cognyte Software Ltd.,CGNT|Cognyte Software Ltd.,US,
CGNX,Cognex Corporation,CGNX|Cognex Corporation,US,
CGON,"CG Oncology, Inc.","CGON|CG Oncology, Inc.",US,
CHA,Chagee Holdings Limited,CHA|Chagee Holdings Limited,US,
CHCO,City Holding Company,CHCO|City Holding Company,US,
CHD,"Church & Dwight Company, Inc.","CHD|Church & Dwight Company, Inc.",US,
CHDN,"Churchill Downs, Incorporated","CHDN|Churchill Downs, Incorporated",US,
CHE,Chemed Corp,CHE|Chemed Corp,US,
CHEF,"The Chefs' Warehouse, Inc.","CHEF|The Chefs' Warehouse, Inc.",US,
CHH,"Choice Hotels International, In","CHH|Choice Hotels International, In",US,
CHKP,Check Point Software Technologi,CHKP|Check Point Software Technologi,US,
CHMG,Chemung Financial Corp,CHMG|Chemung Financial Corp,US,
CHRD,Chord Energy Corporation,CHRD|Chord Energy Corporation,US,
CHRN,ChronoScale Holdings Corporatio,CHRN|ChronoScale Holdings Corporatio,US,
CHRW,"C.H. Robinson Worldwide, Inc.","CHRW|C.H. Robinson Worldwide, Inc.",US,
CHT,"Chunghwa Telecom Co., Ltd.","CHT|Chunghwa Telecom Co., Ltd.",US,
CHTR,"Charter Communications, Inc.","CHTR|Charter Communications, Inc.",US,
CHWY,"Chewy, Inc.","CHWY|Chewy, Inc.",US,
CHYM,"Chime Financial, Inc.","CHYM|Chime Financial, Inc.",US,
CI,The Cigna Group,CI|The Cigna Group,US,
CIB,Grupo Cibest S.A.,CIB|Grupo Cibest S.A.,US,
CIEN,Ciena Corporation,CIEN|Ciena Corporation,US,
CIFR,Cipher Digital Inc.,CIFR|Cipher Digital Inc.,US,
CIG,Comp En De Mn Cemig,CIG|Comp En De Mn Cemig,US,
CIGI,Colliers International Group In,CIGI|Colliers International Group In,US,
CIM,Chimera Investment Corporation,CIM|Chimera Investment Corporation,US,
CINF,Cincinnati Financial Corporatio,CINF|Cincinnati Financial Corporatio,US,
CION,CION Investment Corporation,CION|CION Investment Corporation,US,
CIVB,"Civista Bancshares, Inc.","CIVB|Civista Bancshares, Inc.",US,
CL,Colgate-Palmolive Company,CL|Colgate-Palmolive Company,US,
CLB,Core Laboratories Inc.,CLB|Core Laboratories Inc.,US,
CLBK,"Columbia Financial, Inc.","CLBK|Columbia Financial, Inc.",US,
CLBT,Cellebrite DI Ltd.,CLBT|Cellebrite DI Ltd.,US,
CLDX,"Celldex Therapeutics, Inc.","CLDX|Celldex Therapeutics, Inc.",US,
CLF,Cleveland-Cliffs Inc.,CLF|Cleveland-Cliffs Inc.,US,
CLFD,"Clearfield, Inc.","CLFD|Clearfield, Inc.",US,
CLH,"Clean Harbors, Inc.","CLH|Clean Harbors, Inc.",US,
CLMB,"Climb Global Solutions, Inc.","CLMB|Climb Global Solutions, Inc.",US,
CLMT,"Calumet, Inc","CLMT|Calumet, Inc",US,
CLOV,"Clover Health Investments, Corp","CLOV|Clover Health Investments, Corp",US,
CLPT,ClearPoint Neuro Inc.,CLPT|ClearPoint Neuro Inc.,US,
CLS,"Celestica, Inc.","CLS|Celestica, Inc.",US,
CLSK,"CleanSpark, Inc.","CLSK|CleanSpark, Inc.",US,
CLVT,Clarivate Plc,CLVT|Clarivate Plc,US,
CLW,Clearwater Paper Corporation,CLW|Clearwater Paper Corporation,US,
CLX,Clorox Company (The),CLX|Clorox Company (The),US,
CLYM,"Climb Bio, Inc.","CLYM|Climb Bio, Inc.",US,
CM,Canadian Imperial Bank of Comme,CM|Canadian Imperial Bank of Comme,US,
CMBT,CMB.TECH NV,CMBT|CMB.TECH NV,US,
CMC,Commercial Metals Company,CMC|Commercial Metals Company,US,
CMCL,Caledonia Mining Corporation Pl,CMCL|Caledonia Mining Corporation Pl,US,
CMCO,Columbus McKinnon Corporation,CMCO|Columbus McKinnon Corporation,US,
CMCSA,Comcast Corporation,CMCSA|Comcast Corporation,US,
CME,CME Group Inc.,CME|CME Group Inc.,US,
CMG,"Chipotle Mexican Grill, Inc.","CMG|Chipotle Mexican Grill, Inc.",US,
CMI,Cummins Inc.,CMI|Cummins Inc.,US,
CMP,Compass Minerals Intl Inc,CMP|Compass Minerals Intl Inc,US,
CMPR,Cimpress PLC,CMPR|Cimpress PLC,US,
CMPS,COMPASS Pathways Plc - American,CMPS|COMPASS Pathways Plc - American,US,
CMPX,"Compass Therapeutics, Inc.","CMPX|Compass Therapeutics, Inc.",US,
CMRE,Costamare Inc.,CMRE|Costamare Inc.,US,
CMS,CMS Energy Corporation,CMS|CMS Energy Corporation,US,
CNA,CNA Financial Corporation,CNA|CNA Financial Corporation,US,
CNC,Centene Corporation,CNC|Centene Corporation,US,
CNH,CNH Industrial N.V.,CNH|CNH Industrial N.V.,US,
CNI,Canadian National Railway Compa,CNI|Canadian National Railway Compa,US,
CNK,Cinemark Holdings Inc Cinemark,CNK|Cinemark Holdings Inc Cinemark,US,
CNM,"Core & Main, Inc.","CNM|Core & Main, Inc.",US,
CNMD,CONMED Corporation,CNMD|CONMED Corporation,US,
CNNE,"Cannae Holdings, Inc.","CNNE|Cannae Holdings, Inc.",US,
CNO,"CNO Financial Group, Inc.","CNO|CNO Financial Group, Inc.",US,
CNOB,"ConnectOne Bancorp, Inc.","CNOB|ConnectOne Bancorp, Inc.",US,
CNP,"CenterPoint Energy, Inc (Holdin","CNP|CenterPoint Energy, Inc (Holdin",US,
CNQ,Canadian Natural Resources Limi,CNQ|Canadian Natural Resources Limi,US,
CNR,"Core Natural Resources, Inc.","CNR|Core Natural Resources, Inc.",US,
CNS,Cohen & Steers Inc,CNS|Cohen & Steers Inc,US,
CNX,CNX Resources Corporation,CNX|CNX Resources Corporation,US,
CNXC,Concentrix Corporation,CNXC|Concentrix Corporation,US,
CNXN,"PC Connection, Inc.","CNXN|PC Connection, Inc.",US,
COAG,"Hemab Therapeutics Holdings, In","COAG|Hemab Therapeutics Holdings, In",US,
COCO,"The Vita Coco Company, Inc.","COCO|The Vita Coco Company, Inc.",US,
CODI,D/B/A Compass Diversified Holdi,CODI|D/B/A Compass Diversified Holdi,US,
COF,Capital One Financial Corporati,COF|Capital One Financial Corporati,US,
COGT,"Cogent Biosciences, Inc.","COGT|Cogent Biosciences, Inc.",US,
COHR,Coherent Corp.,COHR|Coherent Corp.,US,
COHU,"Cohu, Inc.","COHU|Cohu, Inc.",US,
COIN,"Coinbase Global, Inc.","COIN|Coinbase Global, Inc.",US,
COKE,"Coca-Cola Consolidated, Inc.","COKE|Coca-Cola Consolidated, Inc.",US,
COLB,"Columbia Banking System, Inc.","COLB|Columbia Banking System, Inc.",US,
COLL,"Collegium Pharmaceutical, Inc.","COLL|Collegium Pharmaceutical, Inc.",US,
COLM,Columbia Sportswear Company,COLM|Columbia Sportswear Company,US,
COMP,"Compass, Inc.","COMP|Compass, Inc.",US,
CON,Concentra Group Holdings Parent,CON|Concentra Group Holdings Parent,US,
COO,"The Cooper Companies, Inc.","COO|The Cooper Companies, Inc.",US,
COP,ConocoPhillips,COP|ConocoPhillips,US,
COR,"Cencora, Inc.","COR|Cencora, Inc.",US,
CORT,Corcept Therapeutics Incorporat,CORT|Corcept Therapeutics Incorporat,US,
CORZ,"Core Scientific, Inc.","CORZ|Core Scientific, Inc.",US,
COST,Costco Wholesale Corporation,COST|Costco Wholesale Corporation,US,
COTY,Coty Inc.,COTY|Coty Inc.,US,
COUR,"Coursera, Inc.","COUR|Coursera, Inc.",US,
CP,Canadian Pacific Kansas City Li,CP|Canadian Pacific Kansas City Li,US,
CPA,"Copa Holdings, S.A.","CPA|Copa Holdings, S.A.",US,
CPAY,"Corpay, Inc.","CPAY|Corpay, Inc.",US,
CPB,The Campbell's Company,CPB|The Campbell's Company,US,
CPF,Central Pacific Financial Corp,CPF|Central Pacific Financial Corp,US,
CPK,Chesapeake Utilities Corporatio,CPK|Chesapeake Utilities Corporatio,US,
CPNG,"Coupang, Inc.","CPNG|Coupang, Inc.",US,
CPRI,Capri Holdings Limited,CPRI|Capri Holdings Limited,US,
CPRT,"Copart, Inc.","CPRT|Copart, Inc.",US,
CPS,Cooper-Standard Holdings Inc.,CPS|Cooper-Standard Holdings Inc.,US,
CQP,"Cheniere Energy Partners, LP","CQP|Cheniere Energy Partners, LP",US,
CR,Crane Company,CR|Crane Company,US,
CRAI,"CRA International,Inc.","CRAI|CRA International,Inc.",US,
CRBG,Corebridge Financial Inc.,CRBG|Corebridge Financial Inc.,US,
CRBP,Corbus Pharmaceuticals Holdings,CRBP|Corbus Pharmaceuticals Holdings,US,
CRC,California Resources Corporatio,CRC|California Resources Corporatio,US,
CRCL,"Circle Internet Group, Inc.","CRCL|Circle Internet Group, Inc.",US,
CRDO,Credo Technology Group Holding,CRDO|Credo Technology Group Holding,US,
CRGY,Crescent Energy Company,CRGY|Crescent Energy Company,US,
CRH,CRH PLC,CRH|CRH PLC,US,
CRI,"Carter's, Inc.","CRI|Carter's, Inc.",US,
CRK,"Comstock Resources, Inc.","CRK|Comstock Resources, Inc.",US,
CRL,Charles River Laboratories Inte,CRL|Charles River Laboratories Inte,US,
CRM,"Salesforce, Inc.","CRM|Salesforce, Inc.",US,
CRMD,CorMedix Inc.,CRMD|CorMedix Inc.,US,
CRML,Critical Metals Corp.,CRML|Critical Metals Corp.,US,
CRNC,Cerence Inc.,CRNC|Cerence Inc.,US,
CRNX,"Crinetics Pharmaceuticals, Inc.","CRNX|Crinetics Pharmaceuticals, Inc.",US,
CRON,Cronos Group Inc. Common Share,CRON|Cronos Group Inc. Common Share,US,
CROX,"Crocs, Inc.","CROX|Crocs, Inc.",US,
CRS,Carpenter Technology Corporatio,CRS|Carpenter Technology Corporatio,US,
CRSP,CRISPR Therapeutics AG,CRSP|CRISPR Therapeutics AG,US,
CRSR,"Corsair Gaming, Inc.","CRSR|Corsair Gaming, Inc.",US,
CRTO,Criteo S.A.,CRTO|Criteo S.A.,US,
CRUS,"Cirrus Logic, Inc.","CRUS|Cirrus Logic, Inc.",US,
CRVL,CorVel Corp.,CRVL|CorVel Corp.,US,
CRVS,"Corvus Pharmaceuticals, Inc.","CRVS|Corvus Pharmaceuticals, Inc.",US,
CRWD,"CrowdStrike Holdings, Inc.","CRWD|CrowdStrike Holdings, Inc.",US,
CRWV,"CoreWeave, Inc.","CRWV|CoreWeave, Inc.",US,
CSAN,Cosan S.A.,CSAN|Cosan S.A.,US,
CSCO,"Cisco Systems, Inc.","CSCO|Cisco Systems, Inc.",US,
CSGP,"CoStar Group, Inc.","CSGP|CoStar Group, Inc.",US,
CSIQ,Canadian Solar Inc.,CSIQ|Canadian Solar Inc.,US,
CSL,Carlisle Companies Incorporated,CSL|Carlisle Companies Incorporated,US,
CSQ,Calamos Strategic Total Return,CSQ|Calamos Strategic Total Return,US,
CSQR,"Csquare, Inc.","CSQR|Csquare, Inc.",US,
CSR,D/B/A Centerspace,CSR|D/B/A Centerspace,US,
CSTL,"Castle Biosciences, Inc.","CSTL|Castle Biosciences, Inc.",US,
CSTM,Constellium SE,CSTM|Constellium SE,US,
CSV,"Carriage Services, Inc.","CSV|Carriage Services, Inc.",US,
CSW,"CSW Industrials, Inc.","CSW|CSW Industrials, Inc.",US,
CSWC,Capital Southwest Corporation,CSWC|Capital Southwest Corporation,US,
CSX,CSX Corporation,CSX|CSX Corporation,US,
CTAS,Cintas Corporation,CTAS|Cintas Corporation,US,
CTGO,Contango Silver & Gold Inc.,CTGO|Contango Silver & Gold Inc.,US,
CTKB,"Cytek Biosciences, Inc.","CTKB|Cytek Biosciences, Inc.",US,
CTMX,"CytomX Therapeutics, Inc.","CTMX|CytomX Therapeutics, Inc.",US,
CTNM,"Contineum Therapeutics, Inc.","CTNM|Contineum Therapeutics, Inc.",US,
CTO,"CTO Realty Growth, Inc.","CTO|CTO Realty Growth, Inc.",US,
CTOS,"Custom Truck One Source, Inc.","CTOS|Custom Truck One Source, Inc.",US,
CTRI,"Centuri Holdings, Inc.","CTRI|Centuri Holdings, Inc.",US,
CTRN,"Citi Trends, Inc.","CTRN|Citi Trends, Inc.",US,
CTS,CTS Corporation,CTS|CTS Corporation,US,
CTSH,Cognizant Technology Solutions,CTSH|Cognizant Technology Solutions,US,
CTVA,"Corteva, Inc.","CTVA|Corteva, Inc.",US,
CUBE,CubeSmart,CUBE|CubeSmart,US,
CUBI,"Customers Bancorp, Inc","CUBI|Customers Bancorp, Inc",US,
CUE,"Cue Biopharma, Inc.","CUE|Cue Biopharma, Inc.",US,
CURB,Curbline Properties Corp.,CURB|Curbline Properties Corp.,US,
CUZ,Cousins Properties Incorporated,CUZ|Cousins Properties Incorporated,US,
CVBF,CVB Financial Corporation,CVBF|CVB Financial Corporation,US,
CVCO,"Cavco Industries, Inc.","CVCO|Cavco Industries, Inc.",US,
CVE,Cenovus Energy Inc,CVE|Cenovus Energy Inc,US,
CVEO,Civeo Corporation (Canada),CVEO|Civeo Corporation (Canada),US,
CVI,CVR Energy Inc.,CVI|CVR Energy Inc.,US,
CVLG,"Covenant Logistics Group, Inc.","CVLG|Covenant Logistics Group, Inc.",US,
CVLT,"Commvault Systems, Inc.","CVLT|Commvault Systems, Inc.",US,
CVNA,Carvana Co.,CVNA|Carvana Co.,US,
CVS,CVS Health Corporation,CVS|CVS Health Corporation,US,
CVSA,Covista Inc.,CVSA|Covista Inc.,US,
CVX,Chevron Corporation,CVX|Chevron Corporation,US,
CW,Curtiss-Wright Corporation,CW|Curtiss-Wright Corporation,US,
CWBC,Community West Bancshares,CWBC|Community West Bancshares,US,
CWEN,"Clearway Energy, Inc.","CWEN|Clearway Energy, Inc.",US,
CWH,"Camping World Holdings, Inc.","CWH|Camping World Holdings, Inc.",US,
CWK,Cushman & Wakefield Ltd.,CWK|Cushman & Wakefield Ltd.,US,
CWST,"Casella Waste Systems, Inc.","CWST|Casella Waste Systems, Inc.",US,
CWT,California Water Service Group,CWT|California Water Service Group,US,
CX,"Cemex, S.A.B. de C.V. Sponsored","CX|Cemex, S.A.B. de C.V. Sponsored",US,
CXDO,"Crexendo, Inc.","CXDO|Crexendo, Inc.",US,
CXM,"Sprinklr, Inc.","CXM|Sprinklr, Inc.",US,
CXT,"Crane NXT, Co.","CXT|Crane NXT, Co.",US,
CXW,"CoreCivic, Inc.","CXW|CoreCivic, Inc.",US,
CYD,China Yuchai International Limi,CYD|China Yuchai International Limi,US,
CYH,"Community Health Systems, Inc.","CYH|Community Health Systems, Inc.",US,
CYRX,"CryoPort, Inc.","CYRX|CryoPort, Inc.",US,
CYTK,"Cytokinetics, Incorporated","CYTK|Cytokinetics, Incorporated",US,
CZR,"Caesars Entertainment, Inc.","CZR|Caesars Entertainment, Inc.",US,
D,"Dominion Energy, Inc.","D|Dominion Energy, Inc.",US,
DAC,Danaos Corporation,DAC|Danaos Corporation,US,
DAKT,"Daktronics, Inc.","DAKT|Daktronics, Inc.",US,
DAL,"Delta Air Lines, Inc.","DAL|Delta Air Lines, Inc.",US,
DAN,Dana Incorporated,DAN|Dana Incorporated,US,
DAR,Darling Ingredients Inc.,DAR|Darling Ingredients Inc.,US,
DASH,"DoorDash, Inc.","DASH|DoorDash, Inc.",US,
DAVE,Dave Inc.,DAVE|Dave Inc.,US,
DB,Deutsche Bank AG,DB|Deutsche Bank AG,US,
DBD,Diebold Nixdorf Incorporated,DBD|Diebold Nixdorf Incorporated,US,
DBI,Designer Brands Inc.,DBI|Designer Brands Inc.,US,
DBRG,"DigitalBridge Group, Inc.","DBRG|DigitalBridge Group, Inc.",US,
DBVT,DBV Technologies S.A.,DBVT|DBV Technologies S.A.,US,
DBX,"Dropbox, Inc.","DBX|Dropbox, Inc.",US,
DC,Dakota Gold Corp.,DC|Dakota Gold Corp.,US,
DCH,Dauch Corporation,DCH|Dauch Corporation,US,
DCI,"Donaldson Company, Inc.","DCI|Donaldson Company, Inc.",US,
DCO,Ducommun Incorporated,DCO|Ducommun Incorporated,US,
DCOM,"Dime Commercial Bancshares, Inc","DCOM|Dime Commercial Bancshares, Inc",US,
DCTH,"Delcath Systems, Inc.","DCTH|Delcath Systems, Inc.",US,
DD,"DuPont de Nemours, Inc.","DD|DuPont de Nemours, Inc.",US,
DDD,3D Systems Corporation,DDD|3D Systems Corporation,US,
DDOG,"Datadog, Inc.","DDOG|Datadog, Inc.",US,
DDS,"Dillard's, Inc.","DDS|Dillard's, Inc.",US,
DE,Deere & Company,DE|Deere & Company,US,
DEA,"Easterly Government Properties,","DEA|Easterly Government Properties,",US,
DEC,Diversified Energy Company,DEC|Diversified Energy Company,US,
DECK,Deckers Outdoor Corporation,DECK|Deckers Outdoor Corporation,US,
DEI,"Douglas Emmett, Inc.","DEI|Douglas Emmett, Inc.",US,
DELL,Dell Technologies Inc.,DELL|Dell Technologies Inc.,US,
DEO,Diageo plc,DEO|Diageo plc,US,
DFH,"Dream Finders Homes, Inc.","DFH|Dream Finders Homes, Inc.",US,
DFIN,"Donnelley Financial Solutions,","DFIN|Donnelley Financial Solutions,",US,
DFNS,T3 Defense Inc.,DFNS|T3 Defense Inc.,US,
DFTX,"Definium Therapeutics, Inc.","DFTX|Definium Therapeutics, Inc.",US,
DG,Dollar General Corporation,DG|Dollar General Corporation,US,
DGII,Digi International Inc.,DGII|Digi International Inc.,US,
DGX,Quest Diagnostics Incorporated,DGX|Quest Diagnostics Incorporated,US,
DGXX,Digi Power X Inc.,DGXX|Digi Power X Inc.,US,
DHI,"D.R. Horton, Inc.","DHI|D.R. Horton, Inc.",US,
DHR,Danaher Corporation,DHR|Danaher Corporation,US,
DHT,"DHT Holdings, Inc.","DHT|DHT Holdings, Inc.",US,
DIN,"Dine Brands Global, Inc. Common","DIN|Dine Brands Global, Inc. Common",US,
DINO,HF Sinclair Corporation,DINO|HF Sinclair Corporation,US,
DIOD,Diodes Incorporated,DIOD|Diodes Incorporated,US,
DIS,Walt Disney Company (The),DIS|Walt Disney Company (The),US,
DJCO,Daily Journal Corp. (S.C.),DJCO|Daily Journal Corp. (S.C.),US,
DJT,Trump Media & Technology Group,DJT|Trump Media & Technology Group,US,
DK,"Delek US Holdings, Inc.","DK|Delek US Holdings, Inc.",US,
DKL,"Delek Logistics Partners, L.P.","DKL|Delek Logistics Partners, L.P.",US,
DKNG,DraftKings Inc.,DKNG|DraftKings Inc.,US,
DKS,Dick's Sporting Goods Inc,DKS|Dick's Sporting Goods Inc,US,
DLB,Dolby Laboratories,DLB|Dolby Laboratories,US,
DLO,DLocal Limited,DLO|DLocal Limited,US,
DLTR,"Dollar Tree, Inc.","DLTR|Dollar Tree, Inc.",US,
DLX,Deluxe Corporation,DLX|Deluxe Corporation,US,
DMC,Del Monte Corporation,DMC|Del Monte Corporation,US,
DMLP,"Dorchester Minerals, L.P.","DMLP|Dorchester Minerals, L.P.",US,
DMRA,"Damora Therapeutics, Inc.","DMRA|Damora Therapeutics, Inc.",US,
DNA,"Ginkgo Bioworks Holdings, Inc.","DNA|Ginkgo Bioworks Holdings, Inc.",US,
DNLI,Denali Therapeutics Inc.,DNLI|Denali Therapeutics Inc.,US,
DNN,Denison Mines Corp,DNN|Denison Mines Corp,US,
DNOW,DNOW Inc.,DNOW|DNOW Inc.,US,
DNTH,"Dianthus Therapeutics, Inc.","DNTH|Dianthus Therapeutics, Inc.",US,
DNUT,"Krispy Kreme, Inc.","DNUT|Krispy Kreme, Inc.",US,
DOC,"Healthpeak Properties, Inc.","DOC|Healthpeak Properties, Inc.",US,
DOCN,"DigitalOcean Holdings, Inc.","DOCN|DigitalOcean Holdings, Inc.",US,
DOCS,"Doximity, Inc.","DOCS|Doximity, Inc.",US,
DOCU,"DocuSign, Inc.","DOCU|DocuSign, Inc.",US,
DOLE,Dole plc,DOLE|Dole plc,US,
DOMO,"Domo, Inc.","DOMO|Domo, Inc.",US,
DOO,BRP Inc.,DOO|BRP Inc.,US,
DORM,"Dorman Products, Inc.","DORM|Dorman Products, Inc.",US,
DOV,Dover Corporation,DOV|Dover Corporation,US,
DOW,Dow Inc.,DOW|Dow Inc.,US,
DOX,Amdocs Limited,DOX|Amdocs Limited,US,
DPC,DPC Holdings PLC,DPC|DPC Holdings PLC,US,
DPRO,Draganfly Inc.,DPRO|Draganfly Inc.,US,
DPZ,Domino's Pizza Inc,DPZ|Domino's Pizza Inc,US,
DQ,DAQO New Energy Corp.,DQ|DAQO New Energy Corp.,US,
DRD,DRDGOLD Limited,DRD|DRDGOLD Limited,US,
DRH,Diamondrock Hospitality Company,DRH|Diamondrock Hospitality Company,US,
DRI,"Darden Restaurants, Inc.","DRI|Darden Restaurants, Inc.",US,
DRS,"Leonardo DRS, Inc.","DRS|Leonardo DRS, Inc.",US,
DRTS,Alpha Tau Medical Ltd.,DRTS|Alpha Tau Medical Ltd.,US,
DRUG,Bright Minds Biosciences Inc.,DRUG|Bright Minds Biosciences Inc.,US,
DRVN,Driven Brands Holdings Inc.,DRVN|Driven Brands Holdings Inc.,US,
DSGN,"Design Therapeutics, Inc.","DSGN|Design Therapeutics, Inc.",US,
DSGR,"Distribution Solutions Group, I","DSGR|Distribution Solutions Group, I",US,
DSGX,The Descartes Systems Group Inc,DSGX|The Descartes Systems Group Inc,US,
DT,"Dynatrace, Inc.","DT|Dynatrace, Inc.",US,
DTE,DTE Energy Company,DTE|DTE Energy Company,US,
DTM,"DT Midstream, Inc.","DTM|DT Midstream, Inc.",US,
DUK,Duke Energy Corporation (Holdin,DUK|Duke Energy Corporation (Holdin,US,
DUOL,"Duolingo, Inc.","DUOL|Duolingo, Inc.",US,
DUOT,"Duos Technologies Group, Inc.","DUOT|Duos Technologies Group, Inc.",US,
DV,"DoubleVerify Holdings, Inc.","DV|DoubleVerify Holdings, Inc.",US,
DVA,DaVita Inc.,DVA|DaVita Inc.,US,
DVN,Devon Energy Corporation,DVN|Devon Energy Corporation,US,
DX,"Dynex Capital, Inc.","DX|Dynex Capital, Inc.",US,
DXC,DXC Technology Company,DXC|DXC Technology Company,US,
DXCM,"DexCom, Inc.","DXCM|DexCom, Inc.",US,
DXPE,"DXP Enterprises, Inc.","DXPE|DXP Enterprises, Inc.",US,
DXYZ,Destiny Tech100 Inc.,DXYZ|Destiny Tech100 Inc.,US,
DY,"Dycom Industries, Inc.","DY|Dycom Industries, Inc.",US,
DYN,"Dyne Therapeutics, Inc.","DYN|Dyne Therapeutics, Inc.",US,
E,ENI S.p.A.,E|ENI S.p.A.,US,
EAT,"Brinker International, Inc.","EAT|Brinker International, Inc.",US,
EBAY,eBay Inc.,EBAY|eBay Inc.,US,
EBC,"Eastern Bankshares, Inc.","EBC|Eastern Bankshares, Inc.",US,
EBS,Emergent BioSolutions Inc.,EBS|Emergent BioSolutions Inc.,US,
EC,Ecopetrol S.A.,EC|Ecopetrol S.A.,US,
ECC,Eagle Point Credit Company,ECC|Eagle Point Credit Company,US,
ECG,"Everus Construction Group, Inc.","ECG|Everus Construction Group, Inc.",US,
ECHO,EchoStar Corporation,ECHO|EchoStar Corporation,US,
ECL,Ecolab Inc.,ECL|Ecolab Inc.,US,
ECO,Okeanis Eco Tankers Corp.,ECO|Okeanis Eco Tankers Corp.,US,
ECPG,Encore Capital Group Inc,ECPG|Encore Capital Group Inc,US,
ECVT,Ecovyst Inc.,ECVT|Ecovyst Inc.,US,
ED,"Consolidated Edison, Inc.","ED|Consolidated Edison, Inc.",US,
EDIT,"Editas Medicine, Inc.","EDIT|Editas Medicine, Inc.",US,
EDU,New Oriental Education & Techno,EDU|New Oriental Education & Techno,US,
EE,"Excelerate Energy, Inc.","EE|Excelerate Energy, Inc.",US,
EEFT,"Euronet Worldwide, Inc.","EEFT|Euronet Worldwide, Inc.",US,
EFC,Ellington Financial Inc.,EFC|Ellington Financial Inc.,US,
EFOR,"Everforth, Inc.","EFOR|Everforth, Inc.",US,
EFSC,Enterprise Financial Services C,EFSC|Enterprise Financial Services C,US,
EFX,"Equifax, Inc.","EFX|Equifax, Inc.",US,
EFXT,Enerflex Ltd,EFXT|Enerflex Ltd,US,
EG,"Everest Group, Ltd.","EG|Everest Group, Ltd.",US,
EGBN,"Eagle Bancorp, Inc.","EGBN|Eagle Bancorp, Inc.",US,
EGO,Eldorado Gold Corporation,EGO|Eldorado Gold Corporation,US,
EGP,"EastGroup Properties, Inc.","EGP|EastGroup Properties, Inc.",US,
EGY,"VAALCO Energy, Inc.","EGY|VAALCO Energy, Inc.",US,
EH,EHang Holdings Limited,EH|EHang Holdings Limited,US,
EHC,Encompass Health Corporation,EHC|Encompass Health Corporation,US,
EIG,Employers Holdings Inc,EIG|Employers Holdings Inc,US,
EIX,Edison International,EIX|Edison International,US,
EL,"Estee Lauder Companies, Inc. (T","EL|Estee Lauder Companies, Inc. (T",US,
ELAN,Elanco Animal Health Incorporat,ELAN|Elanco Animal Health Incorporat,US,
ELDN,"Eledon Pharmaceuticals, Inc.","ELDN|Eledon Pharmaceuticals, Inc.",US,
ELE,Elemental Royalty Corporation,ELE|Elemental Royalty Corporation,US,
ELF,"e.l.f. Beauty, Inc.","ELF|e.l.f. Beauty, Inc.",US,
ELMT,The Elmet Group Co.,ELMT|The Elmet Group Co.,US,
ELPC,Companhia Paranaense de Energia,ELPC|Companhia Paranaense de Energia,US,
ELS,"Equity Lifestyle Properties, In","ELS|Equity Lifestyle Properties, In",US,
ELV,"Elevance Health, Inc.","ELV|Elevance Health, Inc.",US,
ELVA,Electrovaya Inc.,ELVA|Electrovaya Inc.,US,
ELVN,"Enliven Therapeutics, Inc.","ELVN|Enliven Therapeutics, Inc.",US,
ELVR,Elevra Lithium Limited - Americ,ELVR|Elevra Lithium Limited - Americ,US,
EMA,Emera Incorporated,EMA|Emera Incorporated,US,
EMBC,Embecta Corp.,EMBC|Embecta Corp.,US,
EMBJ,Embraer S.A.,EMBJ|Embraer S.A.,US,
EME,"EMCOR Group, Inc.","EME|EMCOR Group, Inc.",US,
EMN,Eastman Chemical Company,EMN|Eastman Chemical Company,US,
EMR,Emerson Electric Company,EMR|Emerson Electric Company,US,
ENB,Enbridge Inc,ENB|Enbridge Inc,US,
ENLT,Enlight Renewable Energy Ltd.,ENLT|Enlight Renewable Energy Ltd.,US,
ENOV,Enovis Corporation,ENOV|Enovis Corporation,US,
ENPH,"Enphase Energy, Inc.","ENPH|Enphase Energy, Inc.",US,
ENR,"Energizer Holdings, Inc.","ENR|Energizer Holdings, Inc.",US,
ENS,EnerSys,ENS|EnerSys,US,
ENSG,"The Ensign Group, Inc.","ENSG|The Ensign Group, Inc.",US,
ENTG,"Entegris, Inc.","ENTG|Entegris, Inc.",US,
ENVA,"Enova International, Inc.","ENVA|Enova International, Inc.",US,
ENVX,Enovix Corporation,ENVX|Enovix Corporation,US,
EOG,"EOG Resources, Inc.","EOG|EOG Resources, Inc.",US,
EOLS,"Evolus, Inc. Common Stock","EOLS|Evolus, Inc. Common Stock",US,
EOSE,"Eos Energy Enterprises, Inc.","EOSE|Eos Energy Enterprises, Inc.",US,
EPAC,Enerpac Tool Group Corp.,EPAC|Enerpac Tool Group Corp.,US,
EPAM,"EPAM Systems, Inc.","EPAM|EPAM Systems, Inc.",US,
EPC,Edgewell Personal Care Company,EPC|Edgewell Personal Care Company,US,
EPD,Enterprise Products Partners L.,EPD|Enterprise Products Partners L.,US,
EPR,EPR Properties,EPR|EPR Properties,US,
EQBK,"Equity Bancshares, Inc.","EQBK|Equity Bancshares, Inc.",US,
EQH,"Equitable Holdings, Inc.","EQH|Equitable Holdings, Inc.",US,
EQIX,"Equinix, Inc.","EQIX|Equinix, Inc.",US,
EQNR,Equinor ASA,EQNR|Equinor ASA,US,
EQPT,EquipmentShare.com Inc,EQPT|EquipmentShare.com Inc,US,
EQT,EQT Corporation,EQT|EQT Corporation,US,
EQX,Equinox Gold Corp.,EQX|Equinox Gold Corp.,US,
ERAS,"Erasca, Inc.","ERAS|Erasca, Inc.",US,
ERIC,Ericsson,ERIC|Ericsson,US,
ERIE,Erie Indemnity Company,ERIE|Erie Indemnity Company,US,
ERII,"Energy Recovery, Inc.","ERII|Energy Recovery, Inc.",US,
ERO,Ero Copper Corp.,ERO|Ero Copper Corp.,US,
EROC,"ERock, Inc.","EROC|ERock, Inc.",US,
EROK,"EagleRock Land, LLC","EROK|EagleRock Land, LLC",US,
ES,Eversource Energy (D/B/A),ES|Eversource Energy (D/B/A),US,
ESAB,ESAB Corporation,ESAB|ESAB Corporation,US,
ESE,ESCO Technologies Inc.,ESE|ESCO Technologies Inc.,US,
ESEA,Euroseas Ltd.,ESEA|Euroseas Ltd.,US,
ESI,Element Solutions Inc.,ESI|Element Solutions Inc.,US,
ESLT,Elbit Systems Ltd.,ESLT|Elbit Systems Ltd.,US,
ESNT,Essent Group Ltd.,ESNT|Essent Group Ltd.,US,
ESQ,"Esquire Financial Holdings, Inc","ESQ|Esquire Financial Holdings, Inc",US,
ESTA,Establishment Labs Holdings Inc,ESTA|Establishment Labs Holdings Inc,US,
ESTC,Elastic N.V.,ESTC|Elastic N.V.,US,
ET,Energy Transfer LP,ET|Energy Transfer LP,US,
ETD,Ethan Allen Interiors Inc.,ETD|Ethan Allen Interiors Inc.,US,
ETN,"Eaton Corporation, PLC","ETN|Eaton Corporation, PLC",US,
ETON,"Eton Pharmaceuticals, Inc.","ETON|Eton Pharmaceuticals, Inc.",US,
ETOR,eToro Group Ltd.,ETOR|eToro Group Ltd.,US,
ETR,Entergy Corporation,ETR|Entergy Corporation,US,
ETSY,"Etsy, Inc.","ETSY|Etsy, Inc.",US,
EVC,Entravision Communications Corp,EVC|Entravision Communications Corp,US,
EVER,"EverQuote, Inc.","EVER|EverQuote, Inc.",US,
EVH,"Evolent Health, Inc","EVH|Evolent Health, Inc",US,
EVLV,"Evolv Technologies Holdings, In","EVLV|Evolv Technologies Holdings, In",US,
EVMN,"Evommune, Inc.","EVMN|Evommune, Inc.",US,
EVR,Evercore Inc.,EVR|Evercore Inc.,US,
EVRG,"Evergy, Inc.","EVRG|Evergy, Inc.",US,
EVTC,"Evertec, Inc.","EVTC|Evertec, Inc.",US,
EW,Edwards Lifesciences Corporatio,EW|Edwards Lifesciences Corporatio,US,
EWBC,"East West Bancorp, Inc.","EWBC|East West Bancorp, Inc.",US,
EWTX,"Edgewise Therapeutics, Inc.","EWTX|Edgewise Therapeutics, Inc.",US,
EXC,Exelon Corporation,EXC|Exelon Corporation,US,
EXE,Expand Energy Corporation,EXE|Expand Energy Corporation,US,
EXEL,"Exelixis, Inc.","EXEL|Exelixis, Inc.",US,
EXK,Endeavour Silver Corporation,EXK|Endeavour Silver Corporation,US,
EXLS,"ExlService Holdings, Inc.","EXLS|ExlService Holdings, Inc.",US,
EXP,Eagle Materials Inc,EXP|Eagle Materials Inc,US,
EXPD,Expeditors International of Was,EXPD|Expeditors International of Was,US,
EXPE,"Expedia Group, Inc.","EXPE|Expedia Group, Inc.",US,
EXPO,"Exponent, Inc.","EXPO|Exponent, Inc.",US,
EXR,Extra Space Storage Inc,EXR|Extra Space Storage Inc,US,
EXTR,"Extreme Networks, Inc.","EXTR|Extreme Networks, Inc.",US,
EYE,"National Vision Holdings, Inc.","EYE|National Vision Holdings, Inc.",US,
EYPT,"EyePoint, Inc.","EYPT|EyePoint, Inc.",US,
EZPW,"EZCORP, Inc.","EZPW|EZCORP, Inc.",US,
F,Ford Motor Company,F|Ford Motor Company,US,
FA,First Advantage Corporation,FA|First Advantage Corporation,US,
FAF,First American Corporation (New,FAF|First American Corporation (New,US,
FANG,"Diamondback Energy, Inc.","FANG|Diamondback Energy, Inc.",US,
FAST,Fastenal Company,FAST|Fastenal Company,US,
FATE,"Fate Therapeutics, Inc.","FATE|Fate Therapeutics, Inc.",US,
FBIN,"Fortune Brands Innovations, Inc","FBIN|Fortune Brands Innovations, Inc",US,
FBIZ,First Business Financial Servic,FBIZ|First Business Financial Servic,US,
FBK,FB Financial Corporation,FBK|FB Financial Corporation,US,
FBNC,First Bancorp,FBNC|First Bancorp,US,
FBP,First BanCorp. New,FBP|First BanCorp. New,US,
FCBC,"First Community Bankshares, Inc","FCBC|First Community Bankshares, Inc",US,
FCEL,"FuelCell Energy, Inc.","FCEL|FuelCell Energy, Inc.",US,
FCF,First,FCF|First,US,
FCFS,"FirstCash Holdings, Inc.","FCFS|FirstCash Holdings, Inc.",US,
FCN,"FTI Consulting, Inc.","FCN|FTI Consulting, Inc.",US,
FCNCA,"First Citizens BancShares, Inc.","FCNCA|First Citizens BancShares, Inc.",US,
FCX,"Freeport-McMoRan, Inc.","FCX|Freeport-McMoRan, Inc.",US,
FDMT,"4D Molecular Therapeutics, Inc.","FDMT|4D Molecular Therapeutics, Inc.",US,
FDS,FactSet Research Systems Inc.,FDS|FactSet Research Systems Inc.,US,
FDUS,Fidus Investment Corporation,FDUS|Fidus Investment Corporation,US,
FDX,FedEx Corporation,FDX|FedEx Corporation,US,
FDXF,"FedEx Freight Holding Company,","FDXF|FedEx Freight Holding Company,",US,
FE,FirstEnergy Corp.,FE|FirstEnergy Corp.,US,
FEIM,"Frequency Electronics, Inc.","FEIM|Frequency Electronics, Inc.",US,
FELE,"Franklin Electric Co., Inc.","FELE|Franklin Electric Co., Inc.",US,
FER,Ferrovial N.V.,FER|Ferrovial N.V.,US,
FERG,Ferguson Enterprises Inc.,FERG|Ferguson Enterprises Inc.,US,
FET,"Forum Energy Technologies, Inc.","FET|Forum Energy Technologies, Inc.",US,
FFAI,Faraday Future Intelligent Elec,FFAI|Faraday Future Intelligent Elec,US,
FFBC,First Financial Bancorp.,FFBC|First Financial Bancorp.,US,
FFIN,"First Financial Bankshares, Inc","FFIN|First Financial Bankshares, Inc",US,
FFIV,"F5, Inc.","FFIV|F5, Inc.",US,
FG,"F&G Annuities & Life, Inc.","FG|F&G Annuities & Life, Inc.",US,
FHB,"First Hawaiian, Inc.","FHB|First Hawaiian, Inc.",US,
FHI,"Federated Hermes, Inc.","FHI|Federated Hermes, Inc.",US,
FHN,First Horizon Corporation,FHN|First Horizon Corporation,US,
FIBK,"First Interstate BancSystem, In","FIBK|First Interstate BancSystem, In",US,
FICO,Fair Isaac Corporation,FICO|Fair Isaac Corporation,US,
FIG,"Figma, Inc.","FIG|Figma, Inc.",US,
FIGR,"Figure Technology Solutions, In","FIGR|Figure Technology Solutions, In",US,
FIGS,"FIGS, Inc.","FIGS|FIGS, Inc.",US,
FIP,FTAI Infrastructure Inc.,FIP|FTAI Infrastructure Inc.,US,
FIS,Fidelity National Information S,FIS|Fidelity National Information S,US,
FISI,"Financial Institutions, Inc.","FISI|Financial Institutions, Inc.",US,
FISV,"Fiserv, Inc.","FISV|Fiserv, Inc.",US,
FITB,Fifth Third Bancorp,FITB|Fifth Third Bancorp,US,
FIVE,"Five Below, Inc.","FIVE|Five Below, Inc.",US,
FIVN,"Five9, Inc.","FIVN|Five9, Inc.",US,
FIX,"Comfort Systems USA, Inc.","FIX|Comfort Systems USA, Inc.",US,
FIZZ,National Beverage Corp.,FIZZ|National Beverage Corp.,US,
FJET,"Starfighters Space, Inc.","FJET|Starfighters Space, Inc.",US,
FLEX,Flex Ltd.,FLEX|Flex Ltd.,US,
FLG,"Flagstar Bank, N.A.","FLG|Flagstar Bank, N.A.",US,
FLGT,"Fulgent Genetics, Inc.","FLGT|Fulgent Genetics, Inc.",US,
FLNC,"Fluence Energy, Inc.","FLNC|Fluence Energy, Inc.",US,
FLNG,FLEX LNG Ltd.,FLNG|FLEX LNG Ltd.,US,
FLO,"Flowers Foods, Inc.","FLO|Flowers Foods, Inc.",US,
FLOC,Flowco Holdings Inc.,FLOC|Flowco Holdings Inc.,US,
FLR,Fluor Corporation,FLR|Fluor Corporation,US,
FLS,Flowserve Corporation,FLS|Flowserve Corporation,US,
FLUT,Flutter Entertainment plc,FLUT|Flutter Entertainment plc,US,
FLXS,"Flexsteel Industries, Inc.","FLXS|Flexsteel Industries, Inc.",US,
FLY,Firefly Aerospace Inc.,FLY|Firefly Aerospace Inc.,US,
FLYW,Flywire Corporation - Voting,FLYW|Flywire Corporation - Voting,US,
FMBH,"First Mid Bancshares, Inc.","FMBH|First Mid Bancshares, Inc.",US,
FMC,FMC Corporation,FMC|FMC Corporation,US,
FMNB,Farmers National Banc Corp.,FMNB|Farmers National Banc Corp.,US,
FMS,Fresenius Medical Care AG,FMS|Fresenius Medical Care AG,US,
FMX,Fomento Economico Mexicano S.A.,FMX|Fomento Economico Mexicano S.A.,US,
FN,Fabrinet,FN|Fabrinet,US,
FNB,F.N.B. Corporation,FNB|F.N.B. Corporation,US,
FND,"Floor & Decor Holdings, Inc.","FND|Floor & Decor Holdings, Inc.",US,
FNF,"Fidelity National Financial, In","FNF|Fidelity National Financial, In",US,
FNKO,"Funko, Inc.","FNKO|Funko, Inc.",US,
FNV,Franco-Nevada Corporation,FNV|Franco-Nevada Corporation,US,
FOR,Forestar Group Inc,FOR|Forestar Group Inc,US,
FORM,"FormFactor, Inc.","FORM|FormFactor, Inc.",US,
FOSL,"Fossil Group, Inc.","FOSL|Fossil Group, Inc.",US,
FOUR,"Shift4 Payments, Inc.","FOUR|Shift4 Payments, Inc.",US,
FOX,Fox Corporation,FOX|Fox Corporation,US,
FOXA,Fox Corporation,FOXA|Fox Corporation,US,
FOXF,Fox Factory Holding Corp.,FOXF|Fox Factory Holding Corp.,US,
FPI,Farmland Partners Inc.,FPI|Farmland Partners Inc.,US,
FPS,"Forgent Power Solutions, Inc.","FPS|Forgent Power Solutions, Inc.",US,
FRHC,Freedom Holding Corp.,FRHC|Freedom Holding Corp.,US,
FRME,First Merchants Corporation,FRME|First Merchants Corporation,US,
FRMI,Fermi Inc.,FRMI|Fermi Inc.,US,
FRNM,"Freenome, Inc.","FRNM|Freenome, Inc.",US,
FRO,Frontline Plc,FRO|Frontline Plc,US,
FROG,JFrog Ltd.,FROG|JFrog Ltd.,US,
FRPT,"Freshpet, Inc.","FRPT|Freshpet, Inc.",US,
FRSH,Freshworks Inc.,FRSH|Freshworks Inc.,US,
FRVO,Fervo Energy Company,FRVO|Fervo Energy Company,US,
FSBC,Five Star Bancorp,FSBC|Five Star Bancorp,US,
FSCO,FS Credit Opportunities Corp.,FSCO|FS Credit Opportunities Corp.,US,
FSK,FS KKR Capital Corp.,FSK|FS KKR Capital Corp.,US,
FSLR,"First Solar, Inc.","FSLR|First Solar, Inc.",US,
FSLY,"Fastly, Inc.","FSLY|Fastly, Inc.",US,
FSM,Fortuna Mining Corp.,FSM|Fortuna Mining Corp.,US,
FSS,Federal Signal Corporation,FSS|Federal Signal Corporation,US,
FSUN,FirstSun Capital Bancorp,FSUN|FirstSun Capital Bancorp,US,
FSV,FirstService Corporation,FSV|FirstService Corporation,US,
FTAI,FTAI Aviation Ltd.,FTAI|FTAI Aviation Ltd.,US,
FTDR,"frontdoor, inc.","FTDR|frontdoor, inc.",US,
FTH,"Faeth Therapeutics, Inc.","FTH|Faeth Therapeutics, Inc.",US,
FTI,TechnipFMC plc,FTI|TechnipFMC plc,US,
FTK,"Flotek Industries, Inc.","FTK|Flotek Industries, Inc.",US,
FTNT,"Fortinet, Inc.","FTNT|Fortinet, Inc.",US,
FTRE,Fortrea Holdings Inc.,FTRE|Fortrea Holdings Inc.,US,
FTS,Fortis Inc.,FTS|Fortis Inc.,US,
FTV,Fortive Corporation,FTV|Fortive Corporation,US,
FUBO,fuboTV Inc.,FUBO|fuboTV Inc.,US,
FUL,H. B. Fuller Company,FUL|H. B. Fuller Company,US,
FULC,"Fulcrum Therapeutics, Inc.","FULC|Fulcrum Therapeutics, Inc.",US,
FULT,Fulton Financial Corporation,FULT|Fulton Financial Corporation,US,
FUN,Six Flags Entertainment Corpora,FUN|Six Flags Entertainment Corpora,US,
FUTU,Futu Holdings Limited,FUTU|Futu Holdings Limited,US,
FVRR,Fiverr International Ltd.,FVRR|Fiverr International Ltd.,US,
FWDI,"Forward Industries, Inc.","FWDI|Forward Industries, Inc.",US,
FWONA,Liberty Media Corporation - Ser,FWONA|Liberty Media Corporation - Ser,US,
FWONK,Liberty Media Corporation - Ser,FWONK|Liberty Media Corporation - Ser,US,
FWRD,Forward Air Corporation,FWRD|Forward Air Corporation,US,
FWRG,"First Watch Restaurant Group, I","FWRG|First Watch Restaurant Group, I",US,
G,Genpact Limited,G|Genpact Limited,US,
GABC,"German American Bancorp, Inc.","GABC|German American Bancorp, Inc.",US,
GAP,"Gap, Inc. (The)","GAP|Gap, Inc. (The)",US,
GATX,GATX Corporation,GATX|GATX Corporation,US,
GAU,Galiano Gold Inc.,GAU|Galiano Gold Inc.,US,
GBCI,"Glacier Bancorp, Inc.","GBCI|Glacier Bancorp, Inc.",US,
GBDC,"Golub Capital BDC, Inc.","GBDC|Golub Capital BDC, Inc.",US,
GBTG,"Global Business Travel Group, I","GBTG|Global Business Travel Group, I",US,
GBX,"Greenbrier Companies, Inc. (The","GBX|Greenbrier Companies, Inc. (The",US,
GCMG,GCM Grosvenor Inc.,GCMG|GCM Grosvenor Inc.,US,
GCO,Genesco Inc.,GCO|Genesco Inc.,US,
GCT,GigaCloud Technology Inc,GCT|GigaCloud Technology Inc,US,
GD,General Dynamics Corporation,GD|General Dynamics Corporation,US,
GDDY,GoDaddy Inc.,GDDY|GoDaddy Inc.,US,
GDOT,Green Dot Corporation,GDOT|Green Dot Corporation,US,
GDRX,"GoodRx Holdings, Inc.","GDRX|GoodRx Holdings, Inc.",US,
GDS,GDS Holdings Limited,GDS|GDS Holdings Limited,US,
GDYN,"Grid Dynamics Holdings, Inc.","GDYN|Grid Dynamics Holdings, Inc.",US,
GE,GE Aerospace,GE|GE Aerospace,US,
GEF,Greif Inc.,GEF|Greif Inc.,US,
GEHC,GE HealthCare Technologies Inc.,GEHC|GE HealthCare Technologies Inc.,US,
GEMI,"Gemini Space Station, Inc.","GEMI|Gemini Space Station, Inc.",US,
GEN,Gen Digital Inc.,GEN|Gen Digital Inc.,US,
GENB,"Generate Biomedicines, Inc.","GENB|Generate Biomedicines, Inc.",US,
GENI,Genius Sports Limited,GENI|Genius Sports Limited,US,
GEO,Geo Group Inc (The) REIT,GEO|Geo Group Inc (The) REIT,US,
GEV,GE Vernova Inc.,GEV|GE Vernova Inc.,US,
GFF,Griffon Corporation,GFF|Griffon Corporation,US,
GFI,Gold Fields Limited,GFI|Gold Fields Limited,US,
GFL,GFL Environmental Inc. Subordin,GFL|GFL Environmental Inc. Subordin,US,
GFS,GlobalFoundries Inc.,GFS|GlobalFoundries Inc.,US,
GGAL,Grupo Financiero Galicia S.A.,GGAL|Grupo Financiero Galicia S.A.,US,
GGB,Gerdau S.A.,GGB|Gerdau S.A.,US,
GGG,Graco Inc.,GGG|Graco Inc.,US,
GH,"Guardant Health, Inc.","GH|Guardant Health, Inc.",US,
GHC,Graham Holdings Company,GHC|Graham Holdings Company,US,
GHM,Graham Corporation,GHM|Graham Corporation,US,
GHRS,GH Research PLC,GHRS|GH Research PLC,US,
GIB,CGI Inc.,GIB|CGI Inc.,US,
GIC,Global Industrial Company,GIC|Global Industrial Company,US,
GIII,"G-III Apparel Group, LTD.","GIII|G-III Apparel Group, LTD.",US,
GIL,"Gildan Activewear, Inc.","GIL|Gildan Activewear, Inc.",US,
GILD,"Gilead Sciences, Inc.","GILD|Gilead Sciences, Inc.",US,
GILT,Gilat Satellite Networks Ltd.,GILT|Gilat Satellite Networks Ltd.,US,
GIS,"General Mills, Inc.","GIS|General Mills, Inc.",US,
GKOS,Glaukos Corporation,GKOS|Glaukos Corporation,US,
GL,Globe Life Inc.,GL|Globe Life Inc.,US,
GLAS,Glass House Brands Inc. Subordi,GLAS|Glass House Brands Inc. Subordi,US,
GLBE,Global-E Online Ltd.,GLBE|Global-E Online Ltd.,US,
GLIBK,Liberty Capital Corporation - S,GLIBK|Liberty Capital Corporation - S,US,
GLNG,Golar LNG Limited,GLNG|Golar LNG Limited,US,
GLOB,Globant S.A.,GLOB|Globant S.A.,US,
GLP,Global Partners LP,GLP|Global Partners LP,US,
GLPI,"Gaming and Leisure Properties,","GLPI|Gaming and Leisure Properties,",US,
GLUE,"Monte Rosa Therapeutics, Inc.","GLUE|Monte Rosa Therapeutics, Inc.",US,
GLW,Corning Incorporated,GLW|Corning Incorporated,US,
GLXY,Galaxy Digital Inc.,GLXY|Galaxy Digital Inc.,US,
GM,General Motors Company,GM|General Motors Company,US,
GMAB,Genmab A/S,GMAB|Genmab A/S,US,
GME,GameStop Corporation,GME|GameStop Corporation,US,
GMED,"Globus Medical, Inc.","GMED|Globus Medical, Inc.",US,
GMRS,GMR Solutions Inc.,GMRS|GMR Solutions Inc.,US,
GNK,Genco Shipping & Trading Limite,GNK|Genco Shipping & Trading Limite,US,
GNL,"Global Net Lease, Inc.","GNL|Global Net Lease, Inc.",US,
GNRC,Generac Holdlings Inc.,GNRC|Generac Holdlings Inc.,US,
GNTX,Gentex Corporation,GNTX|Gentex Corporation,US,
GNW,Genworth Financial Inc,GNW|Genworth Financial Inc,US,
GO,Grocery Outlet Holding Corp.,GO|Grocery Outlet Holding Corp.,US,
GOGO,Gogo Inc.,GOGO|Gogo Inc.,US,
GOLD,"Gold.com, Inc.","GOLD|Gold.com, Inc.",US,
GOLF,Acushnet Holdings Corp.,GOLF|Acushnet Holdings Corp.,US,
GOOG,Alphabet Inc.,GOOG|Alphabet Inc.,US,
GOOGL,Alphabet Inc.,GOOGL|Alphabet Inc.,US,
GOOGM,Alphabet Inc. - Depositary Shar,GOOGM|Alphabet Inc. - Depositary Shar,US,
GOOGN,Alphabet Inc. - Depositary Shar,GOOGN|Alphabet Inc. - Depositary Shar,US,
GOOS,Canada Goose Holdings Inc. Subo,GOOS|Canada Goose Holdings Inc. Subo,US,
GORO,Goldgroup Mining Inc.,GORO|Goldgroup Mining Inc.,US,
GPC,Genuine Parts Company,GPC|Genuine Parts Company,US,
GPCR,Structure Therapeutics Inc.,GPCR|Structure Therapeutics Inc.,US,
GPGI,"GPGI, Inc.","GPGI|GPGI, Inc.",US,
GPI,"Group 1 Automotive, Inc.","GPI|Group 1 Automotive, Inc.",US,
GPK,Graphic Packaging Holding Compa,GPK|Graphic Packaging Holding Compa,US,
GPN,Global Payments Inc.,GPN|Global Payments Inc.,US,
GPOR,Gulfport Energy Corporation,GPOR|Gulfport Energy Corporation,US,
GPRE,"Green Plains, Inc.","GPRE|Green Plains, Inc.",US,
GPRK,Geopark Ltd,GPRK|Geopark Ltd,US,
GRAB,Grab Holdings Limited,GRAB|Grab Holdings Limited,US,
GRAL,"GRAIL, Inc.","GRAL|GRAIL, Inc.",US,
GRBK,"Green Brick Partners, Inc.","GRBK|Green Brick Partners, Inc.",US,
GRC,Gorman-Rupp Company (The),GRC|Gorman-Rupp Company (The),US,
GRDN,"Guardian Pharmacy Services, Inc","GRDN|Guardian Pharmacy Services, Inc",US,
GRFS,"Grifols, S.A.","GRFS|Grifols, S.A.",US,
GRMN,Garmin Ltd.,GRMN|Garmin Ltd.,US,
GRND,Grindr Inc.,GRND|Grindr Inc.,US,
GRNT,"Granite Ridge Resources, Inc.","GRNT|Granite Ridge Resources, Inc.",US,
GROY,Gold Royalty Corp.,GROY|Gold Royalty Corp.,US,
GRPN,"Groupon, Inc.","GRPN|Groupon, Inc.",US,
GRRR,Gorilla Technology Group Inc.,GRRR|Gorilla Technology Group Inc.,US,
GS,"Goldman Sachs Group, Inc. (The)","GS|Goldman Sachs Group, Inc. (The)",US,
GSAT,"Globalstar, Inc.","GSAT|Globalstar, Inc.",US,
GSBC,"Great Southern Bancorp, Inc.","GSBC|Great Southern Bancorp, Inc.",US,
GSBD,"Goldman Sachs BDC, Inc.","GSBD|Goldman Sachs BDC, Inc.",US,
GSHD,"Goosehead Insurance, Inc.","GSHD|Goosehead Insurance, Inc.",US,
GSIT,"GSI Technology, Inc.","GSIT|GSI Technology, Inc.",US,
GSK,GSK plc,GSK|GSK plc,US,
GSL,Global Ship Lease Inc New,GSL|Global Ship Lease Inc New,US,
GSM,Ferroglobe PLC,GSM|Ferroglobe PLC,US,
GT,The Goodyear Tire & Rubber Comp,GT|The Goodyear Tire & Rubber Comp,US,
GTES,Gates Industrial Corporation Lt,GTES|Gates Industrial Corporation Lt,US,
GTLB,GitLab Inc.,GTLB|GitLab Inc.,US,
GTM,ZoomInfo Technologies Inc.,GTM|ZoomInfo Technologies Inc.,US,
GTN,"Gray Media, Inc.","GTN|Gray Media, Inc.",US,
GTX,Garrett Motion Inc.,GTX|Garrett Motion Inc.,US,
GTY,Getty Realty Corporation,GTY|Getty Realty Corporation,US,
GVA,Granite Construction Incorporat,GVA|Granite Construction Incorporat,US,
GWRE,"Guidewire Software, Inc.","GWRE|Guidewire Software, Inc.",US,
GWW,"W.W. Grainger, Inc.","GWW|W.W. Grainger, Inc.",US,
GXO,"GXO Logistics, Inc.","GXO|GXO Logistics, Inc.",US,
H,Hyatt Hotels Corporation,H|Hyatt Hotels Corporation,US,
HAE,Haemonetics Corporation,HAE|Haemonetics Corporation,US,
HAFC,Hanmi Financial Corporation,HAFC|Hanmi Financial Corporation,US,
HAFN,Hafnia Limited,HAFN|Hafnia Limited,US,
HAL,Halliburton Company,HAL|Halliburton Company,US,
HALO,"Halozyme Therapeutics, Inc.","HALO|Halozyme Therapeutics, Inc.",US,
HAPN,"Happen, Inc.","HAPN|Happen, Inc.",US,
HAS,"Hasbro, Inc.","HAS|Hasbro, Inc.",US,
HASI,HA Sustainable Infrastructure C,HASI|HA Sustainable Infrastructure C,US,
HAWK,"HawkEye 360, Inc.","HAWK|HawkEye 360, Inc.",US,
HAYW,"Hayward Holdings, Inc.","HAYW|Hayward Holdings, Inc.",US,
HBAN,Huntington Bancshares Incorpora,HBAN|Huntington Bancshares Incorpora,US,
HBCP,"Home Bancorp, Inc.","HBCP|Home Bancorp, Inc.",US,
HBM,Hudbay Minerals Inc.,HBM|Hudbay Minerals Inc.,US,
HBNC,"Horizon Bancorp, Inc.","HBNC|Horizon Bancorp, Inc.",US,
HBT,"HBT Financial, Inc.","HBT|HBT Financial, Inc.",US,
HCA,"HCA Healthcare, Inc.","HCA|HCA Healthcare, Inc.",US,
HCC,"Warrior Met Coal, Inc.","HCC|Warrior Met Coal, Inc.",US,
HCI,"HCI Group, Inc.","HCI|HCI Group, Inc.",US,
HCKT,"The Hackett Group, Inc.","HCKT|The Hackett Group, Inc.",US,
HCSG,"Healthcare Services Group, Inc.","HCSG|Healthcare Services Group, Inc.",US,
HD,"Home Depot, Inc. (The)","HD|Home Depot, Inc. (The)",US,
HDB,HDFC Bank Limited,HDB|HDFC Bank Limited,US,
HE,"Hawaiian Electric Industries, I","HE|Hawaiian Electric Industries, I",US,
HEI,Heico Corporation,HEI|Heico Corporation,US,
HELE,Helen of Troy Limited,HELE|Helen of Troy Limited,US,
HELP,Cybin Inc.,HELP|Cybin Inc.,US,
HESM,Hess Midstream LP,HESM|Hess Midstream LP,US,
HFWA,Heritage Financial Corporation,HFWA|Heritage Financial Corporation,US,
HG,"Hamilton Insurance Group, Ltd.","HG|Hamilton Insurance Group, Ltd.",US,
HGV,Hilton Grand Vacations Inc.,HGV|Hilton Grand Vacations Inc.,US,
HHH,Howard Hughes Holdings Inc.,HHH|Howard Hughes Holdings Inc.,US,
HIFS,Hingham Institution for Savings,HIFS|Hingham Institution for Savings,US,
HIG,"The Hartford Insurance Group, I","HIG|The Hartford Insurance Group, I",US,
HII,"Huntington Ingalls Industries,","HII|Huntington Ingalls Industries,",US,
HIMS,"Hims & Hers Health, Inc.","HIMS|Hims & Hers Health, Inc.",US,
HIMX,"Himax Technologies, Inc.","HIMX|Himax Technologies, Inc.",US,
HIPO,Hippo Holdings Inc.,HIPO|Hippo Holdings Inc.,US,
HIVE,HIVE Digital Technologies Ltd,HIVE|HIVE Digital Technologies Ltd,US,
HIW,"Highwoods Properties, Inc.","HIW|Highwoods Properties, Inc.",US,
HL,Hecla Mining Company,HL|Hecla Mining Company,US,
HLF,Herbalife Ltd.,HLF|Herbalife Ltd.,US,
HLI,"Houlihan Lokey, Inc.","HLI|Houlihan Lokey, Inc.",US,
HLIO,"Helios Technologies, Inc.","HLIO|Helios Technologies, Inc.",US,
HLIT,Harmonic Inc.,HLIT|Harmonic Inc.,US,
HLMN,Hillman Solutions Corp.,HLMN|Hillman Solutions Corp.,US,
HLN,Haleon plc,HLN|Haleon plc,US,
HLNE,Hamilton Lane Incorporated,HLNE|Hamilton Lane Incorporated,US,
HLT,Hilton Worldwide Holdings Inc.,HLT|Hilton Worldwide Holdings Inc.,US,
HLX,"Helix Energy Solutions Group, I","HLX|Helix Energy Solutions Group, I",US,
HMC,"Honda Motor Company, Ltd.","HMC|Honda Motor Company, Ltd.",US,
HMH,HMH Holding Inc.,HMH|HMH Holding Inc.,US,
HMN,Horace Mann Educators Corporati,HMN|Horace Mann Educators Corporati,US,
HMY,Harmony Gold Mining Company Lim,HMY|Harmony Gold Mining Company Lim,US,
HNGE,"Hinge Health, Inc.","HNGE|Hinge Health, Inc.",US,
HNI,HNI Corporation,HNI|HNI Corporation,US,
HNRG,Hallador Energy Company,HNRG|Hallador Energy Company,US,
HNST,"The Honest Company, Inc.","HNST|The Honest Company, Inc.",US,
HOG,"Harley-Davidson, Inc.","HOG|Harley-Davidson, Inc.",US,
HOMB,"Home BancShares, Inc.","HOMB|Home BancShares, Inc.",US,
HON,Honeywell International Inc.,HON|Honeywell International Inc.,US,
HONA,Honeywell Aerospace Inc.,HONA|Honeywell Aerospace Inc.,US,
HOOD,"Robinhood Markets, Inc.","HOOD|Robinhood Markets, Inc.",US,
HOPE,"Hope Bancorp, Inc.","HOPE|Hope Bancorp, Inc.",US,
HOV,"Hovnanian Enterprises, Inc.","HOV|Hovnanian Enterprises, Inc.",US,
HP,"Helmerich & Payne, Inc.","HP|Helmerich & Payne, Inc.",US,
HPE,Hewlett Packard Enterprise Comp,HPE|Hewlett Packard Enterprise Comp,US,
HPK,"HighPeak Energy, Inc.","HPK|HighPeak Energy, Inc.",US,
HPP,"Hudson Pacific Properties, Inc.","HPP|Hudson Pacific Properties, Inc.",US,
HPQ,HP Inc.,HPQ|HP Inc.,US,
HQ,Horizon Quantum Holdings Ltd.,HQ|Horizon Quantum Holdings Ltd.,US,
HQH,Abrdn Healthcare Investors,HQH|Abrdn Healthcare Investors,US,
HQY,"HealthEquity, Inc.","HQY|HealthEquity, Inc.",US,
HRB,"H&R Block, Inc.","HRB|H&R Block, Inc.",US,
HRI,Herc Holdings Inc.,HRI|Herc Holdings Inc.,US,
HRL,Hormel Foods Corporation,HRL|Hormel Foods Corporation,US,
HRMY,"Harmony Biosciences Holdings, I","HRMY|Harmony Biosciences Holdings, I",US,
HROW,"Harrow, Inc.","HROW|Harrow, Inc.",US,
HRTG,"Heritage Insurance Holdings, In","HRTG|Heritage Insurance Holdings, In",US,
HSAI,Hesai Group,HSAI|Hesai Group,US,
HSBC,"HSBC Holdings, plc.","HSBC|HSBC Holdings, plc.",US,
HSHP,Himalaya Shipping Ltd.,HSHP|Himalaya Shipping Ltd.,US,
HSIC,"Henry Schein, Inc.","HSIC|Henry Schein, Inc.",US,
HST,"Host Hotels & Resorts, Inc.","HST|Host Hotels & Resorts, Inc.",US,
HSTM,"HealthStream, Inc.","HSTM|HealthStream, Inc.",US,
HSY,The Hershey Company,HSY|The Hershey Company,US,
HTFL,"Heartflow, Inc.","HTFL|Heartflow, Inc.",US,
HTGC,"Hercules Capital, Inc.","HTGC|Hercules Capital, Inc.",US,
HTH,Hilltop Holdings Inc.,HTH|Hilltop Holdings Inc.,US,
HTHT,H World Group Limited,HTHT|H World Group Limited,US,
HTLD,"Heartland Express, Inc.","HTLD|Heartland Express, Inc.",US,
HTO,H2O America,HTO|H2O America,US,
HTZ,"Hertz Global Holdings, Inc","HTZ|Hertz Global Holdings, Inc",US,
HUBB,Hubbell Inc,HUBB|Hubbell Inc,US,
HUBG,"Hub Group, Inc.","HUBG|Hub Group, Inc.",US,
HUBS,"HubSpot, Inc.","HUBS|HubSpot, Inc.",US,
HUM,Humana Inc.,HUM|Humana Inc.,US,
HUN,Huntsman Corporation,HUN|Huntsman Corporation,US,
HURN,Huron Consulting Group Inc.,HURN|Huron Consulting Group Inc.,US,
HUT,Hut 8 Corp.,HUT|Hut 8 Corp.,US,
HWC,Hancock Whitney Corporation,HWC|Hancock Whitney Corporation,US,
HWKN,"Hawkins, Inc.","HWKN|Hawkins, Inc.",US,
HWM,Howmet Aerospace Inc.,HWM|Howmet Aerospace Inc.,US,
HXL,Hexcel Corporation,HXL|Hexcel Corporation,US,
HYLN,Hyliion Holdings Corp.,HYLN|Hyliion Holdings Corp.,US,
HYMC,Hycroft Mining Holding Corporat,HYMC|Hycroft Mining Holding Corporat,US,
HZO,"MarineMax, Inc.  (FL)","HZO|MarineMax, Inc.  (FL)",US,
IA,Innovative Solutions and Suppor,IA|Innovative Solutions and Suppor,US,
IAG,Iamgold Corporation,IAG|Iamgold Corporation,US,
IART,Integra LifeSciences Holdings C,IART|Integra LifeSciences Holdings C,US,
IBCP,Independent Bank Corporation,IBCP|Independent Bank Corporation,US,
IBEX,IBEX Limited,IBEX|IBEX Limited,US,
IBKR,"Interactive Brokers Group, Inc.","IBKR|Interactive Brokers Group, Inc.",US,
IBM,International Business Machines,IBM|International Business Machines,US,
IBN,ICICI Bank Limited,IBN|ICICI Bank Limited,US,
IBOC,International Bancshares Corpor,IBOC|International Bancshares Corpor,US,
IBP,"Installed Building Products, In","IBP|Installed Building Products, In",US,
IBRX,"ImmunityBio, Inc.","IBRX|ImmunityBio, Inc.",US,
IBTA,"Ibotta, Inc.","IBTA|Ibotta, Inc.",US,
ICE,Intercontinental Exchange Inc.,ICE|Intercontinental Exchange Inc.,US,
ICFI,"ICF International, Inc.","ICFI|ICF International, Inc.",US,
ICHR,Ichor Holdings,ICHR|Ichor Holdings,US,
ICL,ICL Group Ltd.,ICL|ICL Group Ltd.,US,
ICLR,ICON plc,ICLR|ICON plc,US,
ICUI,"ICU Medical, Inc.","ICUI|ICU Medical, Inc.",US,
IDA,"IDACORP, Inc.","IDA|IDACORP, Inc.",US,
IDCC,"InterDigital, Inc.","IDCC|InterDigital, Inc.",US,
IDR,"Idaho Strategic Resources, Inc.","IDR|Idaho Strategic Resources, Inc.",US,
IDT,IDT Corporation,IDT|IDT Corporation,US,
IDXX,"IDEXX Laboratories, Inc.","IDXX|IDEXX Laboratories, Inc.",US,
IDYA,"IDEAYA Biosciences, Inc.","IDYA|IDEAYA Biosciences, Inc.",US,
IE,Ivanhoe Electric Inc.,IE|Ivanhoe Electric Inc.,US,
IEP,Icahn Enterprises L.P. - Deposi,IEP|Icahn Enterprises L.P. - Deposi,US,
IESC,"IES Holdings, Inc.","IESC|IES Holdings, Inc.",US,
IEX,IDEX Corporation,IEX|IDEX Corporation,US,
IFF,International Flavors & Fragran,IFF|International Flavors & Fragran,US,
IFS,Intercorp Financial Services In,IFS|Intercorp Financial Services In,US,
IHG,Intercontinental Hotels Group,IHG|Intercontinental Hotels Group,US,
IHS,IHS Holding Limited,IHS|IHS Holding Limited,US,
IIIN,"Insteel Industries, Inc.","IIIN|Insteel Industries, Inc.",US,
IIIV,"i3 Verticals, Inc.","IIIV|i3 Verticals, Inc.",US,
IIPR,Innovative Industrial Propertie,IIPR|Innovative Industrial Propertie,US,
ILMN,"Illumina, Inc.","ILMN|Illumina, Inc.",US,
IMAX,Imax Corporation,IMAX|Imax Corporation,US,
IMCR,Immunocore Holdings plc,IMCR|Immunocore Holdings plc,US,
IMKTA,"Ingles Markets, Incorporated","IMKTA|Ingles Markets, Incorporated",US,
IMMR,Immersion Corporation,IMMR|Immersion Corporation,US,
IMMX,"Immix Biopharma, Inc.","IMMX|Immix Biopharma, Inc.",US,
IMNM,"Immunome, Inc.","IMNM|Immunome, Inc.",US,
IMO,Imperial Oil Limited,IMO|Imperial Oil Limited,US,
IMOS,ChipMOS TECHNOLOGIES INC.,IMOS|ChipMOS TECHNOLOGIES INC.,US,
IMRX,Immuneering Corporation,IMRX|Immuneering Corporation,US,
IMSR,Terrestrial Energy Inc.,IMSR|Terrestrial Energy Inc.,US,
IMTX,Immatics N.V.,IMTX|Immatics N.V.,US,
IMVT,"Immunovant, Inc.","IMVT|Immunovant, Inc.",US,
IMXI,"International Money Express, In","IMXI|International Money Express, In",US,
INBX,"Inhibrx Biosciences, Inc.","INBX|Inhibrx Biosciences, Inc.",US,
INCY,Incyte Corporation,INCY|Incyte Corporation,US,
INDB,Independent Bank Corp.,INDB|Independent Bank Corp.,US,
INDI,"indie Semiconductor, Inc.","INDI|indie Semiconductor, Inc.",US,
INDV,"Indivior Pharmaceuticals, Inc.","INDV|Indivior Pharmaceuticals, Inc.",US,
INFQ,"Infleqtion, Inc.","INFQ|Infleqtion, Inc.",US,
INFY,Infosys Limited,INFY|Infosys Limited,US,
ING,"ING Group, N.V.","ING|ING Group, N.V.",US,
INGM,Ingram Micro Holding Corporatio,INGM|Ingram Micro Holding Corporatio,US,
INGR,Ingredion Incorporated,INGR|Ingredion Incorporated,US,
INIO,INNIO N.V.,INIO|INNIO N.V.,US,
INMD,InMode Ltd.,INMD|InMode Ltd.,US,
INN,"Summit Hotel Properties, Inc.","INN|Summit Hotel Properties, Inc.",US,
INNV,InnovAge Holding Corp.,INNV|InnovAge Holding Corp.,US,
INOD,Innodata Inc.,INOD|Innodata Inc.,US,
INR,"Infinity Natural Resources, Inc","INR|Infinity Natural Resources, Inc",US,
INSM,Insmed Incorporated,INSM|Insmed Incorporated,US,
INSP,"Inspire Medical Systems, Inc.","INSP|Inspire Medical Systems, Inc.",US,
INSW,"International Seaways, Inc.","INSW|International Seaways, Inc.",US,
INTA,"Intapp, Inc.","INTA|Intapp, Inc.",US,
INTC,Intel Corporation,INTC|Intel Corporation,US,
INTR,Inter & Co. Inc.,INTR|Inter & Co. Inc.,US,
INTU,Intuit Inc.,INTU|Intuit Inc.,US,
INVA,"Innoviva, Inc.","INVA|Innoviva, Inc.",US,
INVH,Invitation Homes Inc.,INVH|Invitation Homes Inc.,US,
INVX,"Innovex International, Inc.","INVX|Innovex International, Inc.",US,
IONQ,"IonQ, Inc.","IONQ|IonQ, Inc.",US,
IONS,"Ionis Pharmaceuticals, Inc.","IONS|Ionis Pharmaceuticals, Inc.",US,
IOSP,Innospec Inc.,IOSP|Innospec Inc.,US,
IOT,Samsara Inc.,IOT|Samsara Inc.,US,
IOVA,"Iovance Biotherapeutics, Inc.","IOVA|Iovance Biotherapeutics, Inc.",US,
IP,International Paper Company,IP|International Paper Company,US,
IPAR,"Interparfums, Inc.","IPAR|Interparfums, Inc.",US,
IPGP,IPG Photonics Corporation,IPGP|IPG Photonics Corporation,US,
IPI,"Intrepid Potash, Inc","IPI|Intrepid Potash, Inc",US,
IPX,IperionX Limited,IPX|IperionX Limited,US,
IQMX,IQM Quantum Computers Oyj,IQMX|IQM Quantum Computers Oyj,US,
IQV,"IQVIA Holdings, Inc.","IQV|IQVIA Holdings, Inc.",US,
IR,Ingersoll Rand Inc.,IR|Ingersoll Rand Inc.,US,
IRD,"Opus Genetics, Inc.","IRD|Opus Genetics, Inc.",US,
IRDM,Iridium Communications Inc,IRDM|Iridium Communications Inc,US,
IREN,IREN LIMITED,IREN|IREN LIMITED,US,
IRM,Iron Mountain Incorporated (Del,IRM|Iron Mountain Incorporated (Del,US,
IRMD,iRadimed Corporation,IRMD|iRadimed Corporation,US,
IRON,"Disc Medicine, Inc.","IRON|Disc Medicine, Inc.",US,
IRTC,"iRhythm Holdings, Inc.","IRTC|iRhythm Holdings, Inc.",US,
IRWD,"Ironwood Pharmaceuticals, Inc.","IRWD|Ironwood Pharmaceuticals, Inc.",US,
ISRG,"Intuitive Surgical, Inc.","ISRG|Intuitive Surgical, Inc.",US,
ISTR,Investar Holding Corporation,ISTR|Investar Holding Corporation,US,
IT,"Gartner, Inc.","IT|Gartner, Inc.",US,
ITG,"ITG, Inc.","ITG|ITG, Inc.",US,
ITGR,Integer Holdings Corporation,ITGR|Integer Holdings Corporation,US,
ITIC,Investors Title Company,ITIC|Investors Title Company,US,
ITRG,Integra Resources Corp.,ITRG|Integra Resources Corp.,US,
ITRI,"Itron, Inc.","ITRI|Itron, Inc.",US,
ITRN,Ituran Location and Control Ltd,ITRN|Ituran Location and Control Ltd,US,
ITT,ITT Inc.,ITT|ITT Inc.,US,
ITUB,Itau Unibanco Banco Holding SA,ITUB|Itau Unibanco Banco Holding SA,US,
ITW,Illinois Tool Works Inc.,ITW|Illinois Tool Works Inc.,US,
IVA,Inventiva S.A. - American Depos,IVA|Inventiva S.A. - American Depos,US,
IX,ORIX Corporation,IX|ORIX Corporation,US,
J,Jacobs Solutions Inc.,J|Jacobs Solutions Inc.,US,
JACK,Jack In The Box Inc.,JACK|Jack In The Box Inc.,US,
JAN,"Janus Living, Inc.","JAN|Janus Living, Inc.",US,
JANX,"Janux Therapeutics, Inc.","JANX|Janux Therapeutics, Inc.",US,
JAZZ,Jazz Pharmaceuticals plc,JAZZ|Jazz Pharmaceuticals plc,US,
JBGS,JBG SMITH Properties,JBGS|JBG SMITH Properties,US,
JBHT,"J.B. Hunt Transport Services, I","JBHT|J.B. Hunt Transport Services, I",US,
JBI,"Janus International Group, Inc.","JBI|Janus International Group, Inc.",US,
JBIO,"Jade Biosciences, Inc.","JBIO|Jade Biosciences, Inc.",US,
JBL,Jabil Inc.,JBL|Jabil Inc.,US,
JBLU,JetBlue Airways Corporation,JBLU|JetBlue Airways Corporation,US,
JBS,JBS N.V.,JBS|JBS N.V.,US,
JBSS,"John B. Sanfilippo & Son, Inc.","JBSS|John B. Sanfilippo & Son, Inc.",US,
JBTM,JBT Marel Corporation,JBTM|JBT Marel Corporation,US,
JCAP,"Jefferson Capital, Inc.","JCAP|Jefferson Capital, Inc.",US,
JCI,Johnson Controls International,JCI|Johnson Controls International,US,
JD,"JD.com, Inc.","JD|JD.com, Inc.",US,
JEF,Jefferies Financial Group Inc.,JEF|Jefferies Financial Group Inc.,US,
JHX,James Hardie Industries plc.,JHX|James Hardie Industries plc.,US,
JJSF,J & J Snack Foods Corp.,JJSF|J & J Snack Foods Corp.,US,
JKHY,"Jack Henry & Associates, Inc.","JKHY|Jack Henry & Associates, Inc.",US,
JKS,JinkoSolar Holding Company Limi,JKS|JinkoSolar Holding Company Limi,US,
JLL,Jones Lang LaSalle Incorporated,JLL|Jones Lang LaSalle Incorporated,US,
JMIA,Jumia Technologies AG,JMIA|Jumia Technologies AG,US,
JNJ,Johnson & Johnson,JNJ|Johnson & Johnson,US,
JOBY,"Joby Aviation, Inc.","JOBY|Joby Aviation, Inc.",US,
JOE,St. Joe Company (The),JOE|St. Joe Company (The),US,
JOYY,JOYY Inc.,JOYY|JOYY Inc.,US,
JPM,JP Morgan Chase & Co.,JPM|JP Morgan Chase & Co.,US,
JXN,Jackson Financial Inc.,JXN|Jackson Financial Inc.,US,
KAI,Kadant Inc,KAI|Kadant Inc,US,
KALU,Kaiser Aluminum Corporation,KALU|Kaiser Aluminum Corporation,US,
KARD,"Kardigan, Inc.","KARD|Kardigan, Inc.",US,
KARO,Karooooo Ltd.,KARO|Karooooo Ltd.,US,
KB,KB Financial Group Inc,KB|KB Financial Group Inc,US,
KBDC,"Kayne Anderson BDC, Inc.","KBDC|Kayne Anderson BDC, Inc.",US,
KBH,KB Home,KBH|KB Home,US,
KBR,"KBR, Inc.","KBR|KBR, Inc.",US,
KC,Kingsoft Cloud Holdings Limited,KC|Kingsoft Cloud Holdings Limited,US,
KD,"Kyndryl Holdings, Inc.","KD|Kyndryl Holdings, Inc.",US,
KDK,"Kodiak AI, Inc.","KDK|Kodiak AI, Inc.",US,
KDP,Keurig Dr Pepper Inc.,KDP|Keurig Dr Pepper Inc.,US,
KE,"Kimball Electronics, Inc.","KE|Kimball Electronics, Inc.",US,
KEEL,Keel Infrastructure Corp.,KEEL|Keel Infrastructure Corp.,US,
KELYA,"Kelly Services, Inc.","KELYA|Kelly Services, Inc.",US,
KEP,Korea Electric Power Corporatio,KEP|Korea Electric Power Corporatio,US,
KEX,Kirby Corporation,KEX|Kirby Corporation,US,
KEY,KeyCorp,KEY|KeyCorp,US,
KEYS,Keysight Technologies Inc.,KEYS|Keysight Technologies Inc.,US,
KFRC,"Kforce, Inc.","KFRC|Kforce, Inc.",US,
KFY,Korn Ferry,KFY|Korn Ferry,US,
KGC,Kinross Gold Corporation,KGC|Kinross Gold Corporation,US,
KGS,"Kodiak Gas Services, Inc.","KGS|Kodiak Gas Services, Inc.",US,
KHC,The Kraft Heinz Company,KHC|The Kraft Heinz Company,US,
KIDS,OrthoPediatrics Corp.,KIDS|OrthoPediatrics Corp.,US,
KIM,Kimco Realty Corporation (HC),KIM|Kimco Realty Corporation (HC),US,
KKR,KKR & Co. Inc.,KKR|KKR & Co. Inc.,US,
KLAC,KLA Corporation,KLAC|KLA Corporation,US,
KLAR,Klarna Group plc,KLAR|Klarna Group plc,US,
KLIC,"Kulicke and Soffa Industries, I","KLIC|Kulicke and Soffa Industries, I",US,
KLRA,"Kailera Therapeutics, Inc.","KLRA|Kailera Therapeutics, Inc.",US,
KMB,Kimberly-Clark Corporation,KMB|Kimberly-Clark Corporation,US,
KMI,"Kinder Morgan, Inc.","KMI|Kinder Morgan, Inc.",US,
KMPR,Kemper Corporation,KMPR|Kemper Corporation,US,
KMT,Kennametal Inc.,KMT|Kennametal Inc.,US,
KMTS,"Kestra Medical Technologies, Lt","KMTS|Kestra Medical Technologies, Lt",US,
KMX,CarMax Inc,KMX|CarMax Inc,US,
KN,Knowles Corporation,KN|Knowles Corporation,US,
KNF,Knife Riv Holding Co.,KNF|Knife Riv Holding Co.,US,
KNSA,Kiniksa Pharmaceuticals Interna,KNSA|Kiniksa Pharmaceuticals Interna,US,
KNSL,"Kinsale Capital Group, Inc.","KNSL|Kinsale Capital Group, Inc.",US,
KNTK,Kinetik Holdings Inc.,KNTK|Kinetik Holdings Inc.,US,
KNX,Knight-Swift Transportation Hol,KNX|Knight-Swift Transportation Hol,US,
KO,Coca-Cola Company (The),KO|Coca-Cola Company (The),US,
KOD,Kodiak Sciences Inc,KOD|Kodiak Sciences Inc,US,
KODK,Eastman Kodak Company,KODK|Eastman Kodak Company,US,
KOF,Coca Cola Femsa S.A.B. de C.V.,KOF|Coca Cola Femsa S.A.B. de C.V.,US,
KOP,Koppers Holdings Inc.,KOP|Koppers Holdings Inc.,US,
KOPN,Kopin Corporation,KOPN|Kopin Corporation,US,
KOS,Kosmos Energy Ltd.,KOS|Kosmos Energy Ltd.,US,
KPTI,Karyopharm Therapeutics Inc.,KPTI|Karyopharm Therapeutics Inc.,US,
KR,Kroger Company (The),KR|Kroger Company (The),US,
KRC,Kilroy Realty Corporation,KRC|Kilroy Realty Corporation,US,
KRMN,Karman Holdings Inc.,KRMN|Karman Holdings Inc.,US,
KRNT,Kornit Digital Ltd.,KRNT|Kornit Digital Ltd.,US,
KRNY,Kearny Financial,KRNY|Kearny Financial,US,
KRP,Kimbell Royalty Partners,KRP|Kimbell Royalty Partners,US,
KRT,Karat Packaging Inc.,KRT|Karat Packaging Inc.,US,
KRUS,"Kura Sushi USA, Inc.","KRUS|Kura Sushi USA, Inc.",US,
KRYS,"Krystal Biotech, Inc.","KRYS|Krystal Biotech, Inc.",US,
KSPI,Joint Stock Company Kaspi.kz -,KSPI|Joint Stock Company Kaspi.kz -,US,
KSS,Kohl's Corporation,KSS|Kohl's Corporation,US,
KT,KT Corporation,KT|KT Corporation,US,
KTB,"Kontoor Brands, Inc.","KTB|Kontoor Brands, Inc.",US,
KTOS,Kratos Defense & Security Solut,KTOS|Kratos Defense & Security Solut,US,
KULR,"KULR Technology Group, Inc.","KULR|KULR Technology Group, Inc.",US,
KURA,"Kura Oncology, Inc.","KURA|Kura Oncology, Inc.",US,
KVUE,Kenvue Inc.,KVUE|Kenvue Inc.,US,
KVYO,"Klaviyo, Inc. Series A","KVYO|Klaviyo, Inc. Series A",US,
KWR,Quaker Houghton,KWR|Quaker Houghton,US,
KYIV,Kyivstar Group Ltd.,KYIV|Kyivstar Group Ltd.,US,
KYMR,"Kymera Therapeutics, Inc.","KYMR|Kymera Therapeutics, Inc.",US,
KYTX,"Kyverna Therapeutics, Inc.","KYTX|Kyverna Therapeutics, Inc.",US,
L,Loews Corporation,L|Loews Corporation,US,
LAC,Lithium Americas Corp.,LAC|Lithium Americas Corp.,US,
LAD,"Lithia Motors, Inc.","LAD|Lithia Motors, Inc.",US,
LADR,Ladder Capital Corp,LADR|Ladder Capital Corp,US,
LAES,SEALSQ Corp,LAES|SEALSQ Corp,US,
LAMR,Lamar Advertising Company,LAMR|Lamar Advertising Company,US,
LAND,Gladstone Land Corporation,LAND|Gladstone Land Corporation,US,
LAR,Lithium Argentina AG,LAR|Lithium Argentina AG,US,
LASR,"nLIGHT, Inc.","LASR|nLIGHT, Inc.",US,
LAUR,"Laureate Education, Inc.","LAUR|Laureate Education, Inc.",US,
LAZ,"Lazard, Inc.","LAZ|Lazard, Inc.",US,
LB,LandBridge Company LLC,LB|LandBridge Company LLC,US,
LBRT,Liberty Energy Inc.,LBRT|Liberty Energy Inc.,US,
LBRX,LB Pharmaceuticals Inc,LBRX|LB Pharmaceuticals Inc,US,
LBTYA,Liberty Global Ltd.,LBTYA|Liberty Global Ltd.,US,
LBTYK,Liberty Global Ltd.,LBTYK|Liberty Global Ltd.,US,
LCID,"Lucid Group, Inc.","LCID|Lucid Group, Inc.",US,
LCII,LCI Industries,LCII|LCI Industries,US,
LCLN,"Lincoln International, Inc.","LCLN|Lincoln International, Inc.",US,
LDOS,"Leidos Holdings, Inc.","LDOS|Leidos Holdings, Inc.",US,
LEA,Lear Corporation,LEA|Lear Corporation,US,
LECO,"Lincoln Electric Holdings, Inc.","LECO|Lincoln Electric Holdings, Inc.",US,
LEGN,Legend Biotech Corporation,LEGN|Legend Biotech Corporation,US,
LEN,Lennar Corporation,LEN|Lennar Corporation,US,
LENZ,"LENZ Therapeutics, Inc.","LENZ|LENZ Therapeutics, Inc.",US,
LEU,Centrus Energy Corp.,LEU|Centrus Energy Corp.,US,
LEVI,Levi Strauss & Co,LEVI|Levi Strauss & Co,US,
LFMD,"LifeMD, Inc.","LFMD|LifeMD, Inc.",US,
LFST,"LifeStance Health Group, Inc.","LFST|LifeStance Health Group, Inc.",US,
LFTO,"Liftoff Mobile, Inc.","LFTO|Liftoff Mobile, Inc.",US,
LFUS,"Littelfuse, Inc.","LFUS|Littelfuse, Inc.",US,
LGIH,"LGI Homes, Inc.","LGIH|LGI Homes, Inc.",US,
LGN,Legence Corp.,LGN|Legence Corp.,US,
LGND,Ligand Pharmaceuticals Incorpor,LGND|Ligand Pharmaceuticals Incorpor,US,
LH,Labcorp Holdings Inc.,LH|Labcorp Holdings Inc.,US,
LHX,"L3Harris Technologies, Inc.","LHX|L3Harris Technologies, Inc.",US,
LI,Li Auto Inc.,LI|Li Auto Inc.,US,
LIF,"Life360, Inc.","LIF|Life360, Inc.",US,
LIFE,Ethos Technologies Inc.,LIFE|Ethos Technologies Inc.,US,
LII,"Lennox International, Inc.","LII|Lennox International, Inc.",US,
LILA,Liberty Latin America Ltd.,LILA|Liberty Latin America Ltd.,US,
LILAK,Liberty Latin America Ltd.,LILAK|Liberty Latin America Ltd.,US,
LIME,"Neutron Holdings, Inc.","LIME|Neutron Holdings, Inc.",US,
LIN,Linde plc,LIN|Linde plc,US,
LINC,Lincoln Educational Services Co,LINC|Lincoln Educational Services Co,US,
LIND,Lindblad Expeditions Holdings I,LIND|Lindblad Expeditions Holdings I,US,
LINE,"Lineage, Inc.","LINE|Lineage, Inc.",US,
LION,Lionsgate Studios Corp,LION|Lionsgate Studios Corp,US,
LITE,Lumentum Holdings Inc.,LITE|Lumentum Holdings Inc.,US,
LIVN,LivaNova PLC,LIVN|LivaNova PLC,US,
LKFN,Lakeland Financial Corporation,LKFN|Lakeland Financial Corporation,US,
LKFT,Lakefront Biotherapeutics,LKFT|Lakefront Biotherapeutics,US,
LKQ,LKQ Corporation,LKQ|LKQ Corporation,US,
LLY,Eli Lilly and Company,LLY|Eli Lilly and Company,US,
LLYVA,"Liberty Live Holdings, Inc. - S","LLYVA|Liberty Live Holdings, Inc. - S",US,
LLYVK,"Liberty Live Holdings, Inc. - S","LLYVK|Liberty Live Holdings, Inc. - S",US,
LMAT,"LeMaitre Vascular, Inc.","LMAT|LeMaitre Vascular, Inc.",US,
LMB,"Limbach Holdings, Inc.","LMB|Limbach Holdings, Inc.",US,
LMND,"Lemonade, Inc.","LMND|Lemonade, Inc.",US,
LMRI,"Lumexa Imaging Holdings, Inc.","LMRI|Lumexa Imaging Holdings, Inc.",US,
LMT,Lockheed Martin Corporation,LMT|Lockheed Martin Corporation,US,
LNC,Lincoln National Corporation,LNC|Lincoln National Corporation,US,
LNG,"Cheniere Energy, Inc.","LNG|Cheniere Energy, Inc.",US,
LNN,Lindsay Corporation,LNN|Lindsay Corporation,US,
LNT,Alliant Energy Corporation,LNT|Alliant Energy Corporation,US,
LNTH,"Lantheus Holdings, Inc.","LNTH|Lantheus Holdings, Inc.",US,
LOAR,Loar Holdings Inc.,LOAR|Loar Holdings Inc.,US,
LOB,"Live Oak Bancshares, Inc.","LOB|Live Oak Bancshares, Inc.",US,
LOCO,"El Pollo Loco Holdings, Inc.","LOCO|El Pollo Loco Holdings, Inc.",US,
LODE,Comstock Inc.,LODE|Comstock Inc.,US,
LOGI,Logitech International S.A. - R,LOGI|Logitech International S.A. - R,US,
LOMA,Loma Negra Compania Industrial,LOMA|Loma Negra Compania Industrial,US,
LOPE,"Grand Canyon Education, Inc.","LOPE|Grand Canyon Education, Inc.",US,
LOVE,The Lovesac Company,LOVE|The Lovesac Company,US,
LOW,"Lowe's Companies, Inc.","LOW|Lowe's Companies, Inc.",US,
LPG,Dorian LPG Ltd.,LPG|Dorian LPG Ltd.,US,
LPL,"LG Display Co, Ltd AMERICAN DEP","LPL|LG Display Co, Ltd AMERICAN DEP",US,
LPLA,LPL Financial Holdings Inc.,LPLA|LPL Financial Holdings Inc.,US,
LPTH,"LightPath Technologies, Inc.","LPTH|LightPath Technologies, Inc.",US,
LPX,Louisiana-Pacific Corporation,LPX|Louisiana-Pacific Corporation,US,
LQDA,Liquidia Corporation,LQDA|Liquidia Corporation,US,
LQDT,"Liquidity Services, Inc.","LQDT|Liquidity Services, Inc.",US,
LRCX,Lam Research Corporation,LRCX|Lam Research Corporation,US,
LRMR,"Larimar Therapeutics, Inc.","LRMR|Larimar Therapeutics, Inc.",US,
LRN,"Stride, Inc.","LRN|Stride, Inc.",US,
LSCC,Lattice Semiconductor Corporati,LSCC|Lattice Semiconductor Corporati,US,
LSPD,Lightspeed Commerce Inc. Subord,LSPD|Lightspeed Commerce Inc. Subord,US,
LSTR,"Landstar System, Inc.","LSTR|Landstar System, Inc.",US,
LTBR,Lightbridge Corporation,LTBR|Lightbridge Corporation,US,
LTC,"LTC Properties, Inc.","LTC|LTC Properties, Inc.",US,
LTH,"Life Time Group Holdings, Inc.","LTH|Life Time Group Holdings, Inc.",US,
LTM,LATAM Airlines Group S.A.,LTM|LATAM Airlines Group S.A.,US,
LTRX,"Lantronix, Inc.","LTRX|Lantronix, Inc.",US,
LULU,lululemon athletica inc.,LULU|lululemon athletica inc.,US,
LUMN,"Lumen Technologies, Inc.","LUMN|Lumen Technologies, Inc.",US,
LUNR,"Intuitive Machines, Inc.","LUNR|Intuitive Machines, Inc.",US,
LUV,Southwest Airlines Company,LUV|Southwest Airlines Company,US,
LVS,Las Vegas Sands Corp.,LVS|Las Vegas Sands Corp.,US,
LW,"Lamb Weston Holdings, Inc.","LW|Lamb Weston Holdings, Inc.",US,
LWAY,"Lifeway Foods, Inc.","LWAY|Lifeway Foods, Inc.",US,
LWLG,"Lightwave Logic, Inc.","LWLG|Lightwave Logic, Inc.",US,
LXEO,"Lexeo Therapeutics, Inc.","LXEO|Lexeo Therapeutics, Inc.",US,
LXRX,"Lexicon Pharmaceuticals, Inc.","LXRX|Lexicon Pharmaceuticals, Inc.",US,
LXU,"LSB Industries, Inc.","LXU|LSB Industries, Inc.",US,
LYB,LyondellBasell Industries NV,LYB|LyondellBasell Industries NV,US,
LYFT,"Lyft, Inc.","LYFT|Lyft, Inc.",US,
LYG,Lloyds Banking Group Plc,LYG|Lloyds Banking Group Plc,US,
LYTS,LSI Industries Inc.,LYTS|LSI Industries Inc.,US,
LYV,"Live Nation Entertainment, Inc.","LYV|Live Nation Entertainment, Inc.",US,
LZ,"LegalZoom.com, Inc.","LZ|LegalZoom.com, Inc.",US,
LZB,La-Z-Boy Incorporated,LZB|La-Z-Boy Incorporated,US,
M,Macy's Inc,M|Macy's Inc,US,
MA,Mastercard Incorporated,MA|Mastercard Incorporated,US,
MAA,Mid-America Apartment Communiti,MAA|Mid-America Apartment Communiti,US,
MAC,Macerich Company (The),MAC|Macerich Company (The),US,
MAGN,Magnera Corporation,MAGN|Magnera Corporation,US,
MAIN,Main Street Capital Corporation,MAIN|Main Street Capital Corporation,US,
MAIR,Madison Air Solutions Corporati,MAIR|Madison Air Solutions Corporati,US,
MAMA,"Mama's Creations, Inc.","MAMA|Mama's Creations, Inc.",US,
MAN,ManpowerGroup,MAN|ManpowerGroup,US,
MANE,"Veradermics, Incorporated","MANE|Veradermics, Incorporated",US,
MANH,"Manhattan Associates, Inc.","MANH|Manhattan Associates, Inc.",US,
MANU,Manchester,MANU|Manchester,US,
MAR,Marriott International,MAR|Marriott International,US,
MARA,"MARA Holdings, Inc.","MARA|MARA Holdings, Inc.",US,
MAS,Masco Corporation,MAS|Masco Corporation,US,
MAT,"Mattel, Inc.","MAT|Mattel, Inc.",US,
MATV,"Mativ Holdings, Inc.","MATV|Mativ Holdings, Inc.",US,
MATW,Matthews International Corporat,MATW|Matthews International Corporat,US,
MATX,"Matson, Inc.","MATX|Matson, Inc.",US,
MAX,"MediaAlpha, Inc.","MAX|MediaAlpha, Inc.",US,
MAZE,"Maze Therapeutics, Inc.","MAZE|Maze Therapeutics, Inc.",US,
MBC,"MasterBrand, Inc.","MBC|MasterBrand, Inc.",US,
MBGL,Mobility Global Inc.,MBGL|Mobility Global Inc.,US,
MBIN,Merchants Bancorp,MBIN|Merchants Bancorp,US,
MBLY,Mobileye Global Inc.,MBLY|Mobileye Global Inc.,US,
MBUU,"Malibu Boats, Inc.","MBUU|Malibu Boats, Inc.",US,
MBWM,Mercantile Bank Corporation,MBWM|Mercantile Bank Corporation,US,
MBX,"MBX Biosciences, Inc.","MBX|MBX Biosciences, Inc.",US,
MC,Moelis & Company,MC|Moelis & Company,US,
MCB,Metropolitan Bank Holding Corp.,MCB|Metropolitan Bank Holding Corp.,US,
MCD,McDonald's Corporation,MCD|McDonald's Corporation,US,
MCFT,"MasterCraft Boat Holdings, Inc.","MCFT|MasterCraft Boat Holdings, Inc.",US,
MCHB,Mechanics Bancorp,MCHB|Mechanics Bancorp,US,
MCHP,Microchip Technology Incorporat,MCHP|Microchip Technology Incorporat,US,
MCHPP,Microchip Technology Incorporat,MCHPP|Microchip Technology Incorporat,US,
MCK,McKesson Corporation,MCK|McKesson Corporation,US,
MCO,Moody's Corporation,MCO|Moody's Corporation,US,
MCRI,"Monarch Casino & Resort, Inc.","MCRI|Monarch Casino & Resort, Inc.",US,
MCS,Marcus Corporation (The),MCS|Marcus Corporation (The),US,
MCY,Mercury General Corporation,MCY|Mercury General Corporation,US,
MD,"Pediatrix Medical Group, Inc.","MD|Pediatrix Medical Group, Inc.",US,
MDA,MDA Space Ltd.,MDA|MDA Space Ltd.,US,
MDB,"MongoDB, Inc.","MDB|MongoDB, Inc.",US,
MDGL,"Madrigal Pharmaceuticals, Inc.","MDGL|Madrigal Pharmaceuticals, Inc.",US,
MDLN,Medline Inc.,MDLN|Medline Inc.,US,
MDLZ,"Mondelez International, Inc.","MDLZ|Mondelez International, Inc.",US,
MDT,Medtronic plc.,MDT|Medtronic plc.,US,
MDU,"MDU Resources Group, Inc.","MDU|MDU Resources Group, Inc.",US,
MDXG,"MiMedx Group, Inc","MDXG|MiMedx Group, Inc",US,
MEC,"Mayville Engineering Company, I","MEC|Mayville Engineering Company, I",US,
MEDP,"Medpace Holdings, Inc.","MEDP|Medpace Holdings, Inc.",US,
MEI,"Methode Electronics, Inc.","MEI|Methode Electronics, Inc.",US,
MELI,"MercadoLibre, Inc.","MELI|MercadoLibre, Inc.",US,
MEOH,Methanex Corporation,MEOH|Methanex Corporation,US,
MET,"MetLife, Inc.","MET|MetLife, Inc.",US,
META,"Meta Platforms, Inc.","META|Meta Platforms, Inc.",US,
METC,"Ramaco Resources, Inc.","METC|Ramaco Resources, Inc.",US,
MFA,"MFA Financial, Inc.","MFA|MFA Financial, Inc.",US,
MFC,Manulife Financial Corporation,MFC|Manulife Financial Corporation,US,
MFG,"Mizuho Financial Group, Inc. Sp","MFG|Mizuho Financial Group, Inc. Sp",US,
MFIC,MidCap Financial Investment Cor,MFIC|MidCap Financial Investment Cor,US,
MFP,"Midera Food Processing, Inc.","MFP|Midera Food Processing, Inc.",US,
MGA,"Magna International, Inc.","MGA|Magna International, Inc.",US,
MGEE,MGE Energy Inc.,MGEE|MGE Energy Inc.,US,
MGM,MGM Resorts International,MGM|MGM Resorts International,US,
MGNI,"Magnite, Inc.","MGNI|Magnite, Inc.",US,
MGRC,McGrath RentCorp,MGRC|McGrath RentCorp,US,
MGTX,MeiraGTx Holdings plc,MGTX|MeiraGTx Holdings plc,US,
MGY,Magnolia Oil & Gas Corporation,MGY|Magnolia Oil & Gas Corporation,US,
MH,"McGraw Hill, Inc.","MH|McGraw Hill, Inc.",US,
MHK,"Mohawk Industries, Inc.","MHK|Mohawk Industries, Inc.",US,
MHO,"M/I Homes, Inc.","MHO|M/I Homes, Inc.",US,
MIAX,"Miami International Holdings, I","MIAX|Miami International Holdings, I",US,
MICC,The Magnum Ice Cream Company N.,MICC|The Magnum Ice Cream Company N.,US,
MIDD,The Middleby Corporation,MIDD|The Middleby Corporation,US,
MIR,"Mirion Technologies, Inc.","MIR|Mirion Technologies, Inc.",US,
MIRM,"Mirum Pharmaceuticals, Inc.","MIRM|Mirum Pharmaceuticals, Inc.",US,
MITK,"Mitek Systems, Inc.","MITK|Mitek Systems, Inc.",US,
MKC,"McCormick & Company, Incorporat","MKC|McCormick & Company, Incorporat",US,
MKL,Markel Group Inc.,MKL|Markel Group Inc.,US,
MKSI,MKS Inc.,MKSI|MKS Inc.,US,
MKTX,"MarketAxess Holdings, Inc.","MKTX|MarketAxess Holdings, Inc.",US,
MLAB,"Mesa Laboratories, Inc.","MLAB|Mesa Laboratories, Inc.",US,
MLCO,Melco Resorts & Entertainment L,MLCO|Melco Resorts & Entertainment L,US,
MLI,"Mueller Industries, Inc.","MLI|Mueller Industries, Inc.",US,
MLKN,"MillerKnoll, Inc.","MLKN|MillerKnoll, Inc.",US,
MLM,"Martin Marietta Materials, Inc.","MLM|Martin Marietta Materials, Inc.",US,
MLR,"Miller Industries, Inc.","MLR|Miller Industries, Inc.",US,
MLTX,MoonLake Immunotherapeutics,MLTX|MoonLake Immunotherapeutics,US,
MLYS,"Mineralys Therapeutics, Inc.","MLYS|Mineralys Therapeutics, Inc.",US,
MMED,"MiniMed Group, Inc.","MMED|MiniMed Group, Inc.",US,
MMI,"Marcus & Millichap, Inc.","MMI|Marcus & Millichap, Inc.",US,
MMM,3M Company,MMM|3M Company,US,
MMS,"Maximus, Inc.","MMS|Maximus, Inc.",US,
MMSI,"Merit Medical Systems, Inc.","MMSI|Merit Medical Systems, Inc.",US,
MMYT,MakeMyTrip Limited,MMYT|MakeMyTrip Limited,US,
MNDY,monday.com Ltd.,MNDY|monday.com Ltd.,US,
MNKD,MannKind Corporation,MNKD|MannKind Corporation,US,
MNPR,Monopar Therapeutics Inc.,MNPR|Monopar Therapeutics Inc.,US,
MNR,Mach Natural Resources LP,MNR|Mach Natural Resources LP,US,
MNRO,"Monro, Inc.","MNRO|Monro, Inc.",US,
MNSO,MINISO Group Holding Limited,MNSO|MINISO Group Holding Limited,US,
MNST,Monster Beverage Corporation,MNST|Monster Beverage Corporation,US,
MNTN,"MNTN, Inc.","MNTN|MNTN, Inc.",US,
MNTS,Momentus Inc.,MNTS|Momentus Inc.,US,
MO,"Altria Group, Inc.","MO|Altria Group, Inc.",US,
MOD,Modine Manufacturing Company,MOD|Modine Manufacturing Company,US,
MOH,Molina Healthcare Inc,MOH|Molina Healthcare Inc,US,
MORN,"Morningstar, Inc.","MORN|Morningstar, Inc.",US,
MOS,Mosaic Company (The),MOS|Mosaic Company (The),US,
MOV,Movado Group Inc.,MOV|Movado Group Inc.,US,
MP,MP Materials Corp.,MP|MP Materials Corp.,US,
MPB,Mid Penn Bancorp,MPB|Mid Penn Bancorp,US,
MPC,Marathon Petroleum Corporation,MPC|Marathon Petroleum Corporation,US,
MPLT,"MapLight Therapeutics, Inc.","MPLT|MapLight Therapeutics, Inc.",US,
MPLX,MPLX LP,MPLX|MPLX LP,US,
MPTI,"M-tron Industries, Inc.","MPTI|M-tron Industries, Inc.",US,
MPWR,"Monolithic Power Systems, Inc.","MPWR|Monolithic Power Systems, Inc.",US,
MQ,"Marqeta, Inc.","MQ|Marqeta, Inc.",US,
MRAM,"Everspin Technologies, Inc.","MRAM|Everspin Technologies, Inc.",US,
MRCY,Mercury Systems Inc,MRCY|Mercury Systems Inc,US,
MRK,"Merck & Company, Inc.","MRK|Merck & Company, Inc.",US,
MRLN,"Merlin, Inc.","MRLN|Merlin, Inc.",US,
MRNA,"Moderna, Inc.","MRNA|Moderna, Inc.",US,
MRP,"Millrose Properties, Inc.","MRP|Millrose Properties, Inc.",US,
MRSH,Marsh,MRSH|Marsh,US,
MRTN,"Marten Transport, Ltd.","MRTN|Marten Transport, Ltd.",US,
MRVI,"Maravai LifeSciences Holdings,","MRVI|Maravai LifeSciences Holdings,",US,
MRVL,"Marvell Technology, Inc.","MRVL|Marvell Technology, Inc.",US,
MRX,Marex Group Limited,MRX|Marex Group Limited,US,
MS,Morgan Stanley,MS|Morgan Stanley,US,
MSA,MSA Safety Incorporated,MSA|MSA Safety Incorporated,US,
MSBI,"Midland States Bancorp, Inc.","MSBI|Midland States Bancorp, Inc.",US,
MSCI,MSCI Inc.,MSCI|MSCI Inc.,US,
MSEX,Middlesex Water Company,MSEX|Middlesex Water Company,US,
MSFT,Microsoft Corporation,MSFT|Microsoft Corporation,US,
MSGE,Madison Square Garden Entertain,MSGE|Madison Square Garden Entertain,US,
MSGS,Madison Square Garden Sports Co,MSGS|Madison Square Garden Sports Co,US,
MSI,"Motorola Solutions, Inc.","MSI|Motorola Solutions, Inc.",US,
MSM,"MSC Industrial Direct Company,","MSM|MSC Industrial Direct Company,",US,
MSTR,Strategy Inc,MSTR|Strategy Inc,US,
MT,Arcelor Mittal NY Registry Shar,MT|Arcelor Mittal NY Registry Shar,US,
MTA,Metalla Royalty & Streaming Ltd,MTA|Metalla Royalty & Streaming Ltd,US,
MTB,M&T Bank Corporation,MTB|M&T Bank Corporation,US,
MTCH,"Match Group, Inc.","MTCH|Match Group, Inc.",US,
MTD,"Mettler-Toledo International, I","MTD|Mettler-Toledo International, I",US,
MTDR,Matador Resources Company,MTDR|Matador Resources Company,US,
MTG,MGIC Investment Corporation,MTG|MGIC Investment Corporation,US,
MTH,Meritage Homes Corporation,MTH|Meritage Homes Corporation,US,
MTN,"Vail Resorts, Inc.","MTN|Vail Resorts, Inc.",US,
MTRN,Materion Corporation,MTRN|Materion Corporation,US,
MTSI,MACOM Technology Solutions Hold,MTSI|MACOM Technology Solutions Hold,US,
MTUS,Metallus Inc.,MTUS|Metallus Inc.,US,
MTW,"Manitowoc Company, Inc. (The)","MTW|Manitowoc Company, Inc. (The)",US,
MTX,Minerals Technologies Inc.,MTX|Minerals Technologies Inc.,US,
MTZ,"MasTec, Inc.","MTZ|MasTec, Inc.",US,
MU,"Micron Technology, Inc.","MU|Micron Technology, Inc.",US,
MUFG,"Mitsubishi UFJ Financial Group,","MUFG|Mitsubishi UFJ Financial Group,",US,
MUR,Murphy Oil Corporation,MUR|Murphy Oil Corporation,US,
MUSA,Murphy USA Inc.,MUSA|Murphy USA Inc.,US,
MUX,McEwen Inc.,MUX|McEwen Inc.,US,
MWA,MUELLER WATER PRODUCTS,MWA|MUELLER WATER PRODUCTS,US,
MWH,"SOLV Energy, Inc.","MWH|SOLV Energy, Inc.",US,
MX,Magnachip Semiconductor Corpora,MX|Magnachip Semiconductor Corpora,US,
MXL,"MaxLinear, Inc","MXL|MaxLinear, Inc",US,
MYE,"Myers Industries, Inc.","MYE|Myers Industries, Inc.",US,
MYGN,"Myriad Genetics, Inc.","MYGN|Myriad Genetics, Inc.",US,
MYRG,"MYR Group, Inc.","MYRG|MYR Group, Inc.",US,
MZTI,The Marzetti Company,MZTI|The Marzetti Company,US,
NABL,"N-able, Inc.","NABL|N-able, Inc.",US,
NAMS,NewAmsterdam Pharma Company N.V,NAMS|NewAmsterdam Pharma Company N.V,US,
NAT,Nordic American Tankers Limited,NAT|Nordic American Tankers Limited,US,
NATL,NCR Atleos Corporation,NATL|NCR Atleos Corporation,US,
NAVI,Navient Corporation,NAVI|Navient Corporation,US,
NAVN,"Navan, Inc.","NAVN|Navan, Inc.",US,
NB,NioCorp Developments Ltd.,NB|NioCorp Developments Ltd.,US,
NBBK,"NB Bancorp, Inc.","NBBK|NB Bancorp, Inc.",US,
NBHC,National Bank Holdings Corporat,NBHC|National Bank Holdings Corporat,US,
NBIS,Nebius Group N.V.,NBIS|Nebius Group N.V.,US,
NBIX,"Neurocrine Biosciences, Inc.","NBIX|Neurocrine Biosciences, Inc.",US,
NBN,Northeast Bank,NBN|Northeast Bank,US,
NBR,Nabors Industries Ltd.,NBR|Nabors Industries Ltd.,US,
NBTB,NBT Bancorp Inc.,NBTB|NBT Bancorp Inc.,US,
NBTX,Nanobiotix S.A.,NBTX|Nanobiotix S.A.,US,
NCLH,Norwegian Cruise Line Holdings,NCLH|Norwegian Cruise Line Holdings,US,
NCNO,"nCino, Inc.","NCNO|nCino, Inc.",US,
NDAQ,"Nasdaq, Inc.","NDAQ|Nasdaq, Inc.",US,
NDSN,Nordson Corporation,NDSN|Nordson Corporation,US,
NE,Noble Corporation plc A,NE|Noble Corporation plc A,US,
NEE,"NextEra Energy, Inc.","NEE|NextEra Energy, Inc.",US,
NEM,Newmont Corporation,NEM|Newmont Corporation,US,
NEO,"NeoGenomics, Inc.","NEO|NeoGenomics, Inc.",US,
NEOG,Neogen Corporation,NEOG|Neogen Corporation,US,
NEOV,NeoVolta Inc.,NEOV|NeoVolta Inc.,US,
NESR,National Energy Services Reunit,NESR|National Energy Services Reunit,US,
NET,"Cloudflare, Inc.","NET|Cloudflare, Inc.",US,
NEU,NewMarket Corp,NEU|NewMarket Corp,US,
NEWP,New Pacific Metals Corp.,NEWP|New Pacific Metals Corp.,US,
NEWT,"NewtekOne, Inc.","NEWT|NewtekOne, Inc.",US,
NEXA,Nexa Resources S.A.,NEXA|Nexa Resources S.A.,US,
NEXN,Nexxen International Ltd.,NEXN|Nexxen International Ltd.,US,
NEXT,NextDecade Corporation,NEXT|NextDecade Corporation,US,
NFG,National Fuel Gas Company,NFG|National Fuel Gas Company,US,
NG,Novagold Resources Inc.,NG|Novagold Resources Inc.,US,
NGG,"National Grid Transco, PLC Nati","NGG|National Grid Transco, PLC Nati",US,
NGL,NGL ENERGY PARTNERS LP,NGL|NGL ENERGY PARTNERS LP,US,
NGNE,Neurogene Inc.,NGNE|Neurogene Inc.,US,
NGS,"Natural Gas Services Group, Inc","NGS|Natural Gas Services Group, Inc",US,
NGVC,Natural Grocers by Vitamin Cott,NGVC|Natural Grocers by Vitamin Cott,US,
NGVT,Ingevity Corporation,NGVT|Ingevity Corporation,US,
NHC,National HealthCare Corporation,NHC|National HealthCare Corporation,US,
NHI,"National Health Investors, Inc.","NHI|National Health Investors, Inc.",US,
NHP,"National Healthcare Properties,","NHP|National Healthcare Properties,",US,
NI,NiSource Inc,NI|NiSource Inc,US,
NIC,Nicolet Bankshares Inc.,NIC|Nicolet Bankshares Inc.,US,
NICE,NICE Ltd,NICE|NICE Ltd,US,
NIO,NIO Inc.,NIO|NIO Inc.,US,
NIQ,NIQ Global Intelligence plc,NIQ|NIQ Global Intelligence plc,US,
NJR,NewJersey Resources Corporation,NJR|NewJersey Resources Corporation,US,
NKE,"Nike, Inc.","NKE|Nike, Inc.",US,
NKTR,Nektar Therapeutics,NKTR|Nektar Therapeutics,US,
NLY,Annaly Capital Management Inc.,NLY|Annaly Capital Management Inc.,US,
NMAX,"Newsmax, Inc.","NMAX|Newsmax, Inc.",US,
NMFC,New Mountain Finance Corporatio,NMFC|New Mountain Finance Corporatio,US,
NMIH,NMI Holdings Inc,NMIH|NMI Holdings Inc,US,
NMM,Navios Maritime Partners LP,NMM|Navios Maritime Partners LP,US,
NMR,Nomura Holdings Inc,NMR|Nomura Holdings Inc,US,
NMRK,"Newmark Group, Inc.","NMRK|Newmark Group, Inc.",US,
NN,NextNav Inc.,NN|NextNav Inc.,US,
NNBR,"NN, Inc.","NNBR|NN, Inc.",US,
NNE,Nano Nuclear Energy Inc.,NNE|Nano Nuclear Energy Inc.,US,
NNI,"Nelnet, Inc.","NNI|Nelnet, Inc.",US,
NNN,"NNN REIT, Inc.","NNN|NNN REIT, Inc.",US,
NOC,Northrop Grumman Corporation,NOC|Northrop Grumman Corporation,US,
NOG,"Northern Oil and Gas, Inc.","NOG|Northern Oil and Gas, Inc.",US,
NOK,Nokia Corporation Sponsored,NOK|Nokia Corporation Sponsored,US,
NOMD,Nomad Foods Limited,NOMD|Nomad Foods Limited,US,
NOV,NOV Inc.,NOV|NOV Inc.,US,
NOVT,Novanta Inc.,NOVT|Novanta Inc.,US,
NOW,"ServiceNow, Inc.","NOW|ServiceNow, Inc.",US,
NP,Neptune Insurance Holdings Inc.,NP|Neptune Insurance Holdings Inc.,US,
NPK,"National Presto Industries, Inc","NPK|National Presto Industries, Inc",US,
NPKI,NPK International Inc.,NPKI|NPK International Inc.,US,
NPO,Enpro Inc.,NPO|Enpro Inc.,US,
NRDS,"NerdWallet, Inc.","NRDS|NerdWallet, Inc.",US,
NRG,"NRG Energy, Inc.","NRG|NRG Energy, Inc.",US,
NRGV,"Energy Vault Holdings, Inc.","NRGV|Energy Vault Holdings, Inc.",US,
NRIM,Northrim BanCorp Inc,NRIM|Northrim BanCorp Inc,US,
NRIX,"Nurix Therapeutics, Inc.","NRIX|Nurix Therapeutics, Inc.",US,
NRP,Natural Resource Partners LP Li,NRP|Natural Resource Partners LP Li,US,
NRXP,"NRX Pharmaceuticals, Inc.","NRXP|NRX Pharmaceuticals, Inc.",US,
NSC,Norfolk Southern Corporation,NSC|Norfolk Southern Corporation,US,
NSIT,"Insight Enterprises, Inc.","NSIT|Insight Enterprises, Inc.",US,
NSP,"Insperity, Inc.","NSP|Insperity, Inc.",US,
NSSC,"NAPCO Security Technologies, In","NSSC|NAPCO Security Technologies, In",US,
NTAP,"NetApp, Inc.","NTAP|NetApp, Inc.",US,
NTB,Bank of N.T. Butterfield & Son,NTB|Bank of N.T. Butterfield & Son,US,
NTCT,"NetScout Systems, Inc.","NTCT|NetScout Systems, Inc.",US,
NTES,"NetEase, Inc.","NTES|NetEase, Inc.",US,
NTGR,"NETGEAR, Inc.","NTGR|NETGEAR, Inc.",US,
NTLA,"Intellia Therapeutics, Inc.","NTLA|Intellia Therapeutics, Inc.",US,
NTNX,"Nutanix, Inc.","NTNX|Nutanix, Inc.",US,
NTR,Nutrien Ltd.,NTR|Nutrien Ltd.,US,
NTRA,"Natera, Inc.","NTRA|Natera, Inc.",US,
NTSK,"Netskope, Inc.","NTSK|Netskope, Inc.",US,
NTST,NetSTREIT Corp.,NTST|NetSTREIT Corp.,US,
NU,Nu Holdings Ltd.,NU|Nu Holdings Ltd.,US,
NUAI,"New Era Energy & Digital, Inc.","NUAI|New Era Energy & Digital, Inc.",US,
NUE,Nucor Corporation,NUE|Nucor Corporation,US,
NUTX,Nutex Health Inc.,NUTX|Nutex Health Inc.,US,
NUVB,Nuvation Bio Inc.,NUVB|Nuvation Bio Inc.,US,
NVAX,"Novavax, Inc.","NVAX|Novavax, Inc.",US,
NVCR,NovoCure Limited,NVCR|NovoCure Limited,US,
NVCT,"Nuvectis Pharma, Inc.","NVCT|Nuvectis Pharma, Inc.",US,
NVDA,NVIDIA Corporation,NVDA|NVIDIA Corporation,US,
NVEC,NVE Corporation,NVEC|NVE Corporation,US,
NVGS,Navigator Holdings Ltd.,NVGS|Navigator Holdings Ltd.,US,
NVMI,Nova Ltd.,NVMI|Nova Ltd.,US,
NVO,Novo Nordisk A/S,NVO|Novo Nordisk A/S,US,
NVR,"NVR, Inc.","NVR|NVR, Inc.",US,
NVRI,Enviri Corporation,NVRI|Enviri Corporation,US,
NVS,Novartis AG,NVS|Novartis AG,US,
NVST,Envista Holdings Corporation,NVST|Envista Holdings Corporation,US,
NVT,nVent Electric plc,NVT|nVent Electric plc,US,
NVTS,Navitas Semiconductor Corporati,NVTS|Navitas Semiconductor Corporati,US,
NWBI,"Northwest Bancshares, Inc.","NWBI|Northwest Bancshares, Inc.",US,
NWE,"NorthWestern Energy Group, Inc.","NWE|NorthWestern Energy Group, Inc.",US,
NWG,NatWest Group plc,NWG|NatWest Group plc,US,
NWL,Newell Brands Inc.,NWL|Newell Brands Inc.,US,
NWN,Northwest Natural Holding Compa,NWN|Northwest Natural Holding Compa,US,
NWPX,"NWPX Infrastructure, Inc.","NWPX|NWPX Infrastructure, Inc.",US,
NWS,News Corporation,NWS|News Corporation,US,
NWSA,News Corporation,NWSA|News Corporation,US,
NX,Quanex Building Products Corpor,NX|Quanex Building Products Corpor,US,
NXDR,"Nextdoor Holdings, Inc.","NXDR|Nextdoor Holdings, Inc.",US,
NXE,Nexgen Energy Ltd.,NXE|Nexgen Energy Ltd.,US,
NXPI,NXP Semiconductors N.V.,NXPI|NXP Semiconductors N.V.,US,
NXST,"Nexstar Media Group, Inc.","NXST|Nexstar Media Group, Inc.",US,
NXT,Nextpower Inc.,NXT|Nextpower Inc.,US,
NYT,New York Times Company (The),NYT|New York Times Company (The),US,
O,Realty Income Corporation,O|Realty Income Corporation,US,
OBDC,Blue Owl Capital Corporation,OBDC|Blue Owl Capital Corporation,US,
OBE,Obsidian Energy Ltd.,OBE|Obsidian Energy Ltd.,US,
OBK,"Origin Bancorp, Inc.","OBK|Origin Bancorp, Inc.",US,
OC,Owens Corning Inc,OC|Owens Corning Inc,US,
OCC,Optical Cable Corporation,OCC|Optical Cable Corporation,US,
OCFC,OceanFirst Financial Corp.,OCFC|OceanFirst Financial Corp.,US,
OCS,Oculis Holding AG,OCS|Oculis Holding AG,US,
OCSL,Oaktree Specialty Lending Corpo,OCSL|Oaktree Specialty Lending Corpo,US,
OCTV,Octave Intelligence plc,OCTV|Octave Intelligence plc,US,
OCUL,"Ocular Therapeutix, Inc.","OCUL|Ocular Therapeutix, Inc.",US,
ODC,Oil-Dri Corporation Of America,ODC|Oil-Dri Corporation Of America,US,
ODD,ODDITY Tech Ltd.,ODD|ODDITY Tech Ltd.,US,
ODFL,"Old Dominion Freight Line, Inc.","ODFL|Old Dominion Freight Line, Inc.",US,
ODTX,"Odyssey Therapeutics, Inc.","ODTX|Odyssey Therapeutics, Inc.",US,
OEC,Orion S.A.,OEC|Orion S.A.,US,
OFG,OFG Bancorp,OFG|OFG Bancorp,US,
OFIX,Orthofix Medical Inc.,OFIX|Orthofix Medical Inc.,US,
OFRM,"Once Upon a Farm, PBC","OFRM|Once Upon a Farm, PBC",US,
OGC,OceanaGold Corporation,OGC|OceanaGold Corporation,US,
OGE,OGE Energy Corp,OGE|OGE Energy Corp,US,
OGG,Osisko Gold Group Inc.,OGG|Osisko Gold Group Inc.,US,
OGN,Organon & Co.,OGN|Organon & Co.,US,
OGS,"ONE Gas, Inc.","OGS|ONE Gas, Inc.",US,
OHI,"Omega Healthcare Investors, Inc","OHI|Omega Healthcare Investors, Inc",US,
OI,"O-I Glass, Inc.","OI|O-I Glass, Inc.",US,
OII,"Oceaneering International, Inc.","OII|Oceaneering International, Inc.",US,
OIS,"Oil States International, Inc.","OIS|Oil States International, Inc.",US,
OKE,"ONEOK, Inc.","OKE|ONEOK, Inc.",US,
OKLO,Oklo Inc.,OKLO|Oklo Inc.,US,
OKTA,"Okta, Inc.","OKTA|Okta, Inc.",US,
OLED,Universal Display Corporation,OLED|Universal Display Corporation,US,
OLLI,Ollie's Bargain Outlet Holdings,OLLI|Ollie's Bargain Outlet Holdings,US,
OLMA,"Olema Pharmaceuticals, Inc.","OLMA|Olema Pharmaceuticals, Inc.",US,
OLN,Olin Corporation,OLN|Olin Corporation,US,
OMAB,Grupo Aeroportuario del Centro,OMAB|Grupo Aeroportuario del Centro,US,
OMC,Omnicom Group Inc.,OMC|Omnicom Group Inc.,US,
OMCL,"Omnicell, Inc.","OMCL|Omnicell, Inc.",US,
OMDA,"Omada Health, Inc.","OMDA|Omada Health, Inc.",US,
OMER,Omeros Corporation,OMER|Omeros Corporation,US,
OMF,"OneMain Holdings, Inc.","OMF|OneMain Holdings, Inc.",US,
ON,ON Semiconductor Corporation,ON|ON Semiconductor Corporation,US,
ONB,Old National Bancorp,ONB|Old National Bancorp,US,
ONC,BeOne Medicines Ltd.,ONC|BeOne Medicines Ltd.,US,
ONDS,Ondas Inc,ONDS|Ondas Inc,US,
ONON,On Holding AG,ONON|On Holding AG,US,
ONT,"Onterris, Inc.","ONT|Onterris, Inc.",US,
ONTO,Onto Innovation Inc.,ONTO|Onto Innovation Inc.,US,
OOMA,"Ooma, Inc.","OOMA|Ooma, Inc.",US,
OPCH,"Option Care Health, Inc.","OPCH|Option Care Health, Inc.",US,
OPEN,Opendoor Technologies Inc,OPEN|Opendoor Technologies Inc,US,
OPFI,OppFi Inc.,OPFI|OppFi Inc.,US,
OPLN,"OPENLANE, Inc.","OPLN|OPENLANE, Inc.",US,
OPRA,Opera Limited,OPRA|Opera Limited,US,
OPTX,"Syntec Optics Holdings, Inc.","OPTX|Syntec Optics Holdings, Inc.",US,
OPY,"Oppenheimer Holdings, Inc.","OPY|Oppenheimer Holdings, Inc.",US,
OR,OR Royalties Inc.,OR|OR Royalties Inc.,US,
ORA,"Ormat Technologies, Inc.","ORA|Ormat Technologies, Inc.",US,
ORC,"Orchid Island Capital, Inc.","ORC|Orchid Island Capital, Inc.",US,
ORCL,Oracle Corporation,ORCL|Oracle Corporation,US,
ORI,Old Republic International Corp,ORI|Old Republic International Corp,US,
ORIC,"Oric Pharmaceuticals, Inc.","ORIC|Oric Pharmaceuticals, Inc.",US,
ORKA,"Oruka Therapeutics, Inc.","ORKA|Oruka Therapeutics, Inc.",US,
ORLY,"O'Reilly Automotive, Inc.","ORLY|O'Reilly Automotive, Inc.",US,
ORN,"Orion Group Holdings, Inc.","ORN|Orion Group Holdings, Inc.",US,
ORRF,"Orrstown Financial Services, In","ORRF|Orrstown Financial Services, In",US,
OSBC,"Old Second Bancorp, Inc.","OSBC|Old Second Bancorp, Inc.",US,
OSCR,"Oscar Health, Inc.","OSCR|Oscar Health, Inc.",US,
OSIS,"OSI Systems, Inc.","OSIS|OSI Systems, Inc.",US,
OSK,Oshkosh Corporation (Holding Co,OSK|Oshkosh Corporation (Holding Co,US,
OSPN,OneSpan Inc.,OSPN|OneSpan Inc.,US,
OSS,"One Stop Systems, Inc.","OSS|One Stop Systems, Inc.",US,
OSW,OneSpaWorld Holdings Limited,OSW|OneSpaWorld Holdings Limited,US,
OTEX,Open Text Corporation,OTEX|Open Text Corporation,US,
OTF,Blue Owl Technology Finance Cor,OTF|Blue Owl Technology Finance Cor,US,
OTIS,Otis Worldwide Corporation,OTIS|Otis Worldwide Corporation,US,
OTTR,Otter Tail Corporation,OTTR|Otter Tail Corporation,US,
OUST,"Ouster, Inc.","OUST|Ouster, Inc.",US,
OUT,OUTFRONT Media Inc.,OUT|OUTFRONT Media Inc.,US,
OVID,Ovid Therapeutics Inc.,OVID|Ovid Therapeutics Inc.,US,
OVV,Ovintiv Inc. (DE),OVV|Ovintiv Inc. (DE),US,
OWL,Blue Owl Capital Inc.,OWL|Blue Owl Capital Inc.,US,
OXLC,Oxford Lane Capital Corp.,OXLC|Oxford Lane Capital Corp.,US,
OXM,"Oxford Industries, Inc.","OXM|Oxford Industries, Inc.",US,
OXY,Occidental Petroleum Corporatio,OXY|Occidental Petroleum Corporatio,US,
OZK,Bank OZK,OZK|Bank OZK,US,
P,"Everpure, Inc.","P|Everpure, Inc.",US,
PAA,"Plains All American Pipeline, L","PAA|Plains All American Pipeline, L",US,
PAAS,Pan American Silver Corp.,PAAS|Pan American Silver Corp.,US,
PAC,Grupo Aeroportuario Del Pacific,PAC|Grupo Aeroportuario Del Pacific,US,
PACS,"PACS Group, Inc.","PACS|PACS Group, Inc.",US,
PAG,"Penske Automotive Group, Inc.","PAG|Penske Automotive Group, Inc.",US,
PAGP,"Plains GP Holdings, L.P.","PAGP|Plains GP Holdings, L.P.",US,
PAGS,PagSeguro Digital Ltd.,PAGS|PagSeguro Digital Ltd.,US,
PAHC,Phibro Animal Health Corporatio,PAHC|Phibro Animal Health Corporatio,US,
PAM,Pampa Energia S.A.,PAM|Pampa Energia S.A.,US,
PANW,"Palo Alto Networks, Inc.","PANW|Palo Alto Networks, Inc.",US,
PAR,PAR Technology Corporation,PAR|PAR Technology Corporation,US,
PARR,"Par Pacific Holdings, Inc. Comm","PARR|Par Pacific Holdings, Inc. Comm",US,
PATH,"UiPath, Inc.","PATH|UiPath, Inc.",US,
PATK,"Patrick Industries, Inc.","PATK|Patrick Industries, Inc.",US,
PAX,Patria Investments Limited,PAX|Patria Investments Limited,US,
PAY,"Paymentus Holdings, Inc.","PAY|Paymentus Holdings, Inc.",US,
PAYC,"Paycom Software, Inc.","PAYC|Paycom Software, Inc.",US,
PAYO,Payoneer Global Inc.,PAYO|Payoneer Global Inc.,US,
PAYP,PayPay Corporation - American D,PAYP|PayPay Corporation - American D,US,
PAYS,"Paysign, Inc.","PAYS|Paysign, Inc.",US,
PAYX,"Paychex, Inc.","PAYX|Paychex, Inc.",US,
PB,"Prosperity Bancshares, Inc.","PB|Prosperity Bancshares, Inc.",US,
PBA,Pembina Pipeline Corp.,PBA|Pembina Pipeline Corp.,US,
PBF,PBF Energy Inc.,PBF|PBF Energy Inc.,US,
PBH,Prestige Consumer Healthcare In,PBH|Prestige Consumer Healthcare In,US,
PBI,Pitney Bowes Inc.,PBI|Pitney Bowes Inc.,US,
PBLS,"Parabilis Medicines, Inc.","PBLS|Parabilis Medicines, Inc.",US,
PBR,Petroleo Brasileiro S.A. Petrob,PBR|Petroleo Brasileiro S.A. Petrob,US,
PCAR,PACCAR Inc.,PCAR|PACCAR Inc.,US,
PCG,Pacific Gas & Electric Co.,PCG|Pacific Gas & Electric Co.,US,
PCOR,"Procore Technologies, Inc.","PCOR|Procore Technologies, Inc.",US,
PCRX,"Pacira BioSciences, Inc.","PCRX|Pacira BioSciences, Inc.",US,
PCT,"PureCycle Technologies, Inc.","PCT|PureCycle Technologies, Inc.",US,
PCTY,Paylocity Holding Corporation,PCTY|Paylocity Holding Corporation,US,
PCVX,"Vaxcyte, Inc.","PCVX|Vaxcyte, Inc.",US,
PD,"PagerDuty, Inc.","PD|PagerDuty, Inc.",US,
PDD,PDD Holdings Inc.,PDD|PDD Holdings Inc.,US,
PDEX,"Pro-Dex, Inc.","PDEX|Pro-Dex, Inc.",US,
PDFS,"PDF Solutions, Inc.","PDFS|PDF Solutions, Inc.",US,
PDS,Precision Drilling Corporation,PDS|Precision Drilling Corporation,US,
PDYN,Palladyne AI Corp.,PDYN|Palladyne AI Corp.,US,
PEBO,Peoples Bancorp Inc.,PEBO|Peoples Bancorp Inc.,US,
PECO,"Phillips Edison & Company, Inc.","PECO|Phillips Edison & Company, Inc.",US,
PEG,Public Service Enterprise Group,PEG|Public Service Enterprise Group,US,
PEGA,Pegasystems Inc.,PEGA|Pegasystems Inc.,US,
PEN,"Penumbra, Inc.","PEN|Penumbra, Inc.",US,
PENG,"Penguin Solutions, Inc.","PENG|Penguin Solutions, Inc.",US,
PENN,"PENN Entertainment, Inc.","PENN|PENN Entertainment, Inc.",US,
PEP,"Pepsico, Inc.","PEP|Pepsico, Inc.",US,
PESI,Perma-Fix Environmental Service,PESI|Perma-Fix Environmental Service,US,
PFBC,Preferred Bank,PFBC|Preferred Bank,US,
PFE,"Pfizer, Inc.","PFE|Pfizer, Inc.",US,
PFG,Principal Financial Group Inc,PFG|Principal Financial Group Inc,US,
PFGC,Performance Food Group Company,PFGC|Performance Food Group Company,US,
PFIS,Peoples Financial Services Corp,PFIS|Peoples Financial Services Corp,US,
PFLT,PennantPark Floating Rate Capit,PFLT|PennantPark Floating Rate Capit,US,
PFS,"Provident Financial Services, I","PFS|Provident Financial Services, I",US,
PFSI,"PennyMac Financial Services, In","PFSI|PennyMac Financial Services, In",US,
PG,Procter & Gamble Company (The),PG|Procter & Gamble Company (The),US,
PGC,Peapack-Gladstone Financial Cor,PGC|Peapack-Gladstone Financial Cor,US,
PGEN,"Precigen, Inc.","PGEN|Precigen, Inc.",US,
PGNY,"Progyny, Inc.","PGNY|Progyny, Inc.",US,
PGR,Progressive Corporation (The),PGR|Progressive Corporation (The),US,
PGY,Pagaya Technologies Ltd.,PGY|Pagaya Technologies Ltd.,US,
PH,Parker-Hannifin Corporation,PH|Parker-Hannifin Corporation,US,
PHAT,"Phathom Pharmaceuticals, Inc.","PHAT|Phathom Pharmaceuticals, Inc.",US,
PHG,Koninklijke Philips N.V. NY Reg,PHG|Koninklijke Philips N.V. NY Reg,US,
PHIN,PHINIA Inc.,PHIN|PHINIA Inc.,US,
PHM,"PulteGroup, Inc.","PHM|PulteGroup, Inc.",US,
PHR,"Phreesia, Inc.","PHR|Phreesia, Inc.",US,
PHVS,Pharvaris N.V.,PHVS|Pharvaris N.V.,US,
PI,"Impinj, Inc.","PI|Impinj, Inc.",US,
PICS,PicS N.V.,PICS|PicS N.V.,US,
PII,Polaris Inc.,PII|Polaris Inc.,US,
PINS,"Pinterest, Inc.","PINS|Pinterest, Inc.",US,
PIPR,Piper Sandler Companies,PIPR|Piper Sandler Companies,US,
PJT,PJT Partners Inc.,PJT|PJT Partners Inc.,US,
PK,Park Hotels & Resorts Inc.,PK|Park Hotels & Resorts Inc.,US,
PKE,Park Aerospace Corp.,PKE|Park Aerospace Corp.,US,
PKG,Packaging Corporation of Americ,PKG|Packaging Corporation of Americ,US,
PKOH,Park-Ohio Holdings Corp.,PKOH|Park-Ohio Holdings Corp.,US,
PKX,POSCO Holdings Inc.,PKX|POSCO Holdings Inc.,US,
PL,Planet Labs PBC,PL|Planet Labs PBC,US,
PLAB,"Photronics, Inc.","PLAB|Photronics, Inc.",US,
PLAY,"Dave & Buster's Entertainment,","PLAY|Dave & Buster's Entertainment,",US,
PLBC,Plumas Bancorp,PLBC|Plumas Bancorp,US,
PLD,"Prologis, Inc.","PLD|Prologis, Inc.",US,
PLGO,Pelagos Insurance Capital Limit,PLGO|Pelagos Insurance Capital Limit,US,
PLMR,"Palomar Holdings, Inc.","PLMR|Palomar Holdings, Inc.",US,
PLNT,"Planet Fitness, Inc.","PLNT|Planet Fitness, Inc.",US,
PLOW,"Douglas Dynamics, Inc.","PLOW|Douglas Dynamics, Inc.",US,
PLPC,Preformed Line Products Company,PLPC|Preformed Line Products Company,US,
PLSE,"Pulse Biosciences, Inc","PLSE|Pulse Biosciences, Inc",US,
PLTK,Playtika Holding Corp.,PLTK|Playtika Holding Corp.,US,
PLTR,Palantir Technologies Inc.,PLTR|Palantir Technologies Inc.,US,
PLUG,"Plug Power, Inc.","PLUG|Plug Power, Inc.",US,
PLUS,ePlus inc.,PLUS|ePlus inc.,US,
PLXS,Plexus Corp.,PLXS|Plexus Corp.,US,
PM,Philip Morris International Inc,PM|Philip Morris International Inc,US,
PNC,"PNC Financial Services Group, I","PNC|PNC Financial Services Group, I",US,
PNFP,"Pinnacle Financial Partners, In","PNFP|Pinnacle Financial Partners, In",US,
PNR,Pentair plc.,PNR|Pentair plc.,US,
PNRG,PrimeEnergy Resources Corporati,PNRG|PrimeEnergy Resources Corporati,US,
PNTG,"The Pennant Group, Inc.","PNTG|The Pennant Group, Inc.",US,
PNW,Pinnacle West Capital Corporati,PNW|Pinnacle West Capital Corporati,US,
PODD,Insulet Corporation,PODD|Insulet Corporation,US,
POET,POET Technologies Inc.,POET|POET Technologies Inc.,US,
PONY,Pony AI Inc.,PONY|Pony AI Inc.,US,
POOL,Pool Corporation,POOL|Pool Corporation,US,
POR,Portland General Electric Co,POR|Portland General Electric Co,US,
POST,"Post Holdings, Inc.","POST|Post Holdings, Inc.",US,
POWI,"Power Integrations, Inc.","POWI|Power Integrations, Inc.",US,
POWL,"Powell Industries, Inc.","POWL|Powell Industries, Inc.",US,
PPC,Pilgrim's Pride Corporation,PPC|Pilgrim's Pride Corporation,US,
PPG,"PPG Industries, Inc.","PPG|PPG Industries, Inc.",US,
PPL,PPL Corporation,PPL|PPL Corporation,US,
PPLI,People Incorporated,PPLI|People Incorporated,US,
PPTA,Perpetua Resources Corp.,PPTA|Perpetua Resources Corp.,US,
PR,Permian Resources Corporation,PR|Permian Resources Corporation,US,
PRAA,"PRA Group, Inc.","PRAA|PRA Group, Inc.",US,
PRAX,"Praxis Precision Medicines, Inc","PRAX|Praxis Precision Medicines, Inc",US,
PRCH,"Porch Group, Inc.","PRCH|Porch Group, Inc.",US,
PRCT,PROCEPT BioRobotics Corporation,PRCT|PROCEPT BioRobotics Corporation,US,
PRDO,Perdoceo Education Corporation,PRDO|Perdoceo Education Corporation,US,
PRG,"PROG Holdings, Inc.","PRG|PROG Holdings, Inc.",US,
PRGO,Perrigo Company plc,PRGO|Perrigo Company plc,US,
PRGS,Progress Software Corporation,PRGS|Progress Software Corporation,US,
PRI,"Primerica, Inc.","PRI|Primerica, Inc.",US,
PRIM,Primoris Services Corporation,PRIM|Primoris Services Corporation,US,
PRK,Park National Corporation,PRK|Park National Corporation,US,
PRKS,United Parks & Resorts Inc.,PRKS|United Parks & Resorts Inc.,US,
PRLB,"Proto Labs, Inc.","PRLB|Proto Labs, Inc.",US,
PRM,"Perimeter Solutions, SA","PRM|Perimeter Solutions, SA",US,
PRMB,Primo Brands Corporation,PRMB|Primo Brands Corporation,US,
PRME,"Prime Medicine, Inc.","PRME|Prime Medicine, Inc.",US,
PRSU,Pursuit Attractions and Hospita,PRSU|Pursuit Attractions and Hospita,US,
PRTA,Prothena Corporation plc,PRTA|Prothena Corporation plc,US,
PRU,"Prudential Financial, Inc.","PRU|Prudential Financial, Inc.",US,
PRVA,"Privia Health Group, Inc.","PRVA|Privia Health Group, Inc.",US,
PS,Pershing Square Inc.,PS|Pershing Square Inc.,US,
PSA,Public Storage,PSA|Public Storage,US,
PSEC,Prospect Capital Corporation,PSEC|Prospect Capital Corporation,US,
PSIX,"Power Solutions International,","PSIX|Power Solutions International,",US,
PSKY,Paramount Skydance Corporation,PSKY|Paramount Skydance Corporation,US,
PSMT,"PriceSmart, Inc.","PSMT|PriceSmart, Inc.",US,
PSN,Parsons Corporation,PSN|Parsons Corporation,US,
PSNL,"Personalis, Inc.","PSNL|Personalis, Inc.",US,
PSO,"Pearson, Plc","PSO|Pearson, Plc",US,
PSUS,"Pershing Square USA, Ltd.","PSUS|Pershing Square USA, Ltd.",US,
PSX,Phillips 66,PSX|Phillips 66,US,
PTC,PTC Inc.,PTC|PTC Inc.,US,
PTCT,"PTC Therapeutics, Inc.","PTCT|PTC Therapeutics, Inc.",US,
PTEN,"Patterson-UTI Energy, Inc.","PTEN|Patterson-UTI Energy, Inc.",US,
PTGX,"Protagonist Therapeutics, Inc.","PTGX|Protagonist Therapeutics, Inc.",US,
PTLO,Portillo's Inc.,PTLO|Portillo's Inc.,US,
PTON,"Peloton Interactive, Inc.","PTON|Peloton Interactive, Inc.",US,
PTRN,Pattern Group Inc. - Series A,PTRN|Pattern Group Inc. - Series A,US,
PUBM,"PubMatic, Inc.","PUBM|PubMatic, Inc.",US,
PUK,Prudential Public Limited Compa,PUK|Prudential Public Limited Compa,US,
PUMP,ProPetro Holding Corp.,PUMP|ProPetro Holding Corp.,US,
PURR,Hyperliquid Strategies Inc,PURR|Hyperliquid Strategies Inc,US,
PVH,PVH Corp.,PVH|PVH Corp.,US,
PVLA,"Palvella Therapeutics, Inc.","PVLA|Palvella Therapeutics, Inc.",US,
PWP,Perella Weinberg Partners,PWP|Perella Weinberg Partners,US,
PWR,"Quanta Services, Inc.","PWR|Quanta Services, Inc.",US,
PYPL,"PayPal Holdings, Inc.","PYPL|PayPal Holdings, Inc.",US,
PZZA,"Papa John's International, Inc.","PZZA|Papa John's International, Inc.",US,
Q,"Qnity Electronics, Inc.","Q|Qnity Electronics, Inc.",US,
QBTS,D-Wave Quantum Inc.,QBTS|D-Wave Quantum Inc.,US,
QCOM,QUALCOMM Incorporated,QCOM|QUALCOMM Incorporated,US,
QCRH,"QCR Holdings, Inc.","QCRH|QCR Holdings, Inc.",US,
QDEL,QuidelOrtho Corporation,QDEL|QuidelOrtho Corporation,US,
QFIN,"Qfin Holdings, Inc.","QFIN|Qfin Holdings, Inc.",US,
QGEN,Qiagen N.V.,QGEN|Qiagen N.V.,US,
QLYS,"Qualys, Inc.","QLYS|Qualys, Inc.",US,
QMCO,Quantum Corporation,QMCO|Quantum Corporation,US,
QNST,"QuinStreet, Inc.","QNST|QuinStreet, Inc.",US,
QNT,Quantinuum Inc.,QNT|Quantinuum Inc.,US,
QRVO,"Qorvo, Inc.","QRVO|Qorvo, Inc.",US,
QS,,QS,US,
QSR,Restaurant Brands International,QSR|Restaurant Brands International,US,
QTTB,Q32 Bio Inc.,QTTB|Q32 Bio Inc.,US,
QTWO,"Q2 Holdings, Inc.","QTWO|Q2 Holdings, Inc.",US,
QUBT,Quantum Computing Inc.,QUBT|Quantum Computing Inc.,US,
QUIK,QuickLogic Corporation,QUIK|QuickLogic Corporation,US,
QURE,uniQure N.V.,QURE|uniQure N.V.,US,
QXO,"QXO, Inc.","QXO|QXO, Inc.",US,
R,"Ryder System, Inc.","R|Ryder System, Inc.",US,
RACE,Ferrari N.V.,RACE|Ferrari N.V.,US,
RAL,Ralliant Corporation,RAL|Ralliant Corporation,US,
RAMP,"LiveRamp Holdings, Inc.","RAMP|LiveRamp Holdings, Inc.",US,
RAPP,"Rapport Therapeutics, Inc.","RAPP|Rapport Therapeutics, Inc.",US,
RARE,Ultragenyx Pharmaceutical Inc.,RARE|Ultragenyx Pharmaceutical Inc.,US,
RBA,"RB Global, Inc.","RBA|RB Global, Inc.",US,
RBB,RBB Bancorp,RBB|RBB Bancorp,US,
RBC,RBC Bearings Incorporated,RBC|RBC Bearings Incorporated,US,
RBCAA,"Republic Bancorp, Inc.","RBCAA|Republic Bancorp, Inc.",US,
RBLX,Roblox Corporation,RBLX|Roblox Corporation,US,
RBRK,"Rubrik, Inc.","RBRK|Rubrik, Inc.",US,
RCAT,"Red Cat Holdings, Inc.","RCAT|Red Cat Holdings, Inc.",US,
RCI,"Rogers Communication, Inc.","RCI|Rogers Communication, Inc.",US,
RCKT,"Rocket Pharmaceuticals, Inc.","RCKT|Rocket Pharmaceuticals, Inc.",US,
RCL,Royal Caribbean Cruises Ltd.,RCL|Royal Caribbean Cruises Ltd.,US,
RCUS,"Arcus Biosciences, Inc.","RCUS|Arcus Biosciences, Inc.",US,
RDDT,"Reddit, Inc.","RDDT|Reddit, Inc.",US,
RDN,Radian Group Inc.,RDN|Radian Group Inc.,US,
RDNT,"RadNet, Inc.","RDNT|RadNet, Inc.",US,
RDVT,"Red Violet, Inc.","RDVT|Red Violet, Inc.",US,
RDW,Redwire Corporation,RDW|Redwire Corporation,US,
RDWR,Radware Ltd.,RDWR|Radware Ltd.,US,
RDY,Dr. Reddy's Laboratories Ltd,RDY|Dr. Reddy's Laboratories Ltd,US,
REAL,"The RealReal, Inc.","REAL|The RealReal, Inc.",US,
REAX,Real REMAX Group Inc.,REAX|Real REMAX Group Inc.,US,
REG,Regency Centers Corporation,REG|Regency Centers Corporation,US,
REGN,"Regeneron Pharmaceuticals, Inc.","REGN|Regeneron Pharmaceuticals, Inc.",US,
RELL,"Richardson Electronics, Ltd.","RELL|Richardson Electronics, Ltd.",US,
RELX,RELX PLC PLC,RELX|RELX PLC PLC,US,
RELY,"Remitly Global, Inc.","RELY|Remitly Global, Inc.",US,
REPL,"Replimune Group, Inc.","REPL|Replimune Group, Inc.",US,
REPX,"Riley Exploration Permian, Inc.","REPX|Riley Exploration Permian, Inc.",US,
RERE,ATRenew Inc.,RERE|ATRenew Inc.,US,
RES,"RPC, Inc.","RES|RPC, Inc.",US,
REX,REX American Resources Corporat,REX|REX American Resources Corporat,US,
REXR,"Rexford Industrial Realty, Inc.","REXR|Rexford Industrial Realty, Inc.",US,
REYN,Reynolds Consumer Products Inc.,REYN|Reynolds Consumer Products Inc.,US,
REZI,"Resideo Technologies, Inc.","REZI|Resideo Technologies, Inc.",US,
RF,Regions Financial Corporation,RF|Regions Financial Corporation,US,
RFIL,"RF Industries, Ltd.","RFIL|RF Industries, Ltd.",US,
RGA,"Reinsurance Group of America, I","RGA|Reinsurance Group of America, I",US,
RGEN,Repligen Corporation,RGEN|Repligen Corporation,US,
RGLD,"Royal Gold, Inc.","RGLD|Royal Gold, Inc.",US,
RGNX,REGENXBIO Inc.,RGNX|REGENXBIO Inc.,US,
RGR,"Sturm, Ruger & Company, Inc.","RGR|Sturm, Ruger & Company, Inc.",US,
RGTI,"Rigetti Computing, Inc.","RGTI|Rigetti Computing, Inc.",US,
RH,RH,RH,US,
RHI,Robert Half Inc.,RHI|Robert Half Inc.,US,
RHLD,Resolute Holdings Management,RHLD|Resolute Holdings Management,US,
RHP,"Ryman Hospitality Properties, I","RHP|Ryman Hospitality Properties, I",US,
RIG,Transocean Ltd (Switzerland),RIG|Transocean Ltd (Switzerland),US,
RIGL,"Rigel Pharmaceuticals, Inc.","RIGL|Rigel Pharmaceuticals, Inc.",US,
RILY,"BRC Group Holdings, Inc.","RILY|BRC Group Holdings, Inc.",US,
RIO,Rio Tinto Plc,RIO|Rio Tinto Plc,US,
RIOT,"Riot Platforms, Inc.","RIOT|Riot Platforms, Inc.",US,
RITM,Rithm Capital Corp.,RITM|Rithm Capital Corp.,US,
RIVN,"Rivian Automotive, Inc.","RIVN|Rivian Automotive, Inc.",US,
RJF,"Raymond James Financial, Inc.","RJF|Raymond James Financial, Inc.",US,
RKLB,Rocket Lab Corporation,RKLB|Rocket Lab Corporation,US,
RKT,"Rocket Companies, Inc.","RKT|Rocket Companies, Inc.",US,
RL,Ralph Lauren Corporation,RL|Ralph Lauren Corporation,US,
RLAY,"Relay Therapeutics, Inc.","RLAY|Relay Therapeutics, Inc.",US,
RLI,RLI Corp.,RLI|RLI Corp.,US,
RLMD,"Relmada Therapeutics, Inc.","RLMD|Relmada Therapeutics, Inc.",US,
RMBS,"Rambus, Inc.","RMBS|Rambus, Inc.",US,
RMD,ResMed Inc.,RMD|ResMed Inc.,US,
RMIX,"Suncrete, Inc.","RMIX|Suncrete, Inc.",US,
RNG,"Ringcentral, Inc.","RNG|Ringcentral, Inc.",US,
RNR,RenaissanceRe Holdings Ltd.,RNR|RenaissanceRe Holdings Ltd.,US,
RNST,Renasant Corporation,RNST|Renasant Corporation,US,
RNW,ReNew Energy Global plc,RNW|ReNew Energy Global plc,US,
ROAD,"Construction Partners, Inc.","ROAD|Construction Partners, Inc.",US,
ROCK,"Gibraltar Industries, Inc.","ROCK|Gibraltar Industries, Inc.",US,
ROG,Rogers Corporation,ROG|Rogers Corporation,US,
ROIV,Roivant Sciences Ltd.,ROIV|Roivant Sciences Ltd.,US,
ROK,"Rockwell Automation, Inc.","ROK|Rockwell Automation, Inc.",US,
ROKU,"Roku, Inc.","ROKU|Roku, Inc.",US,
ROL,"Rollins, Inc.","ROL|Rollins, Inc.",US,
ROOT,"Root, Inc.","ROOT|Root, Inc.",US,
ROP,"Roper Technologies, Inc.","ROP|Roper Technologies, Inc.",US,
ROST,"Ross Stores, Inc.","ROST|Ross Stores, Inc.",US,
RPC,"Ridgepost Capital, Inc.","RPC|Ridgepost Capital, Inc.",US,
RPD,"Rapid7, Inc.","RPD|Rapid7, Inc.",US,
RPM,RPM International Inc.,RPM|RPM International Inc.,US,
RPRX,Royalty Pharma plc,RPRX|Royalty Pharma plc,US,
RRBI,"Red River Bancshares, Inc.","RRBI|Red River Bancshares, Inc.",US,
RRC,Range Resources Corporation,RRC|Range Resources Corporation,US,
RRR,"Red Rock Resorts, Inc.","RRR|Red Rock Resorts, Inc.",US,
RRX,Regal Rexnord Corporation,RRX|Regal Rexnord Corporation,US,
RS,"Reliance, Inc.","RS|Reliance, Inc.",US,
RSG,"Republic Services, Inc.","RSG|Republic Services, Inc.",US,
RSI,"Rush Street Interactive, Inc.","RSI|Rush Street Interactive, Inc.",US,
RSKD,Riskified Ltd.,RSKD|Riskified Ltd.,US,
RTO,Rentokil Initial plc,RTO|Rentokil Initial plc,US,
RTX,RTX Corporation,RTX|RTX Corporation,US,
RUM,RUM Group Inc.,RUM|RUM Group Inc.,US,
RUN,Sunrun Inc.,RUN|Sunrun Inc.,US,
RUSHA,"Rush Enterprises, Inc.","RUSHA|Rush Enterprises, Inc.",US,
RUSHB,"Rush Enterprises, Inc.","RUSHB|Rush Enterprises, Inc.",US,
RVLV,"Revolve Group, Inc.","RVLV|Revolve Group, Inc.",US,
RVMD,"Revolution Medicines, Inc.","RVMD|Revolution Medicines, Inc.",US,
RVTY,"Revvity, Inc.","RVTY|Revvity, Inc.",US,
RWAY,Runway Growth Finance Corp.,RWAY|Runway Growth Finance Corp.,US,
RXO,"RXO, Inc.","RXO|RXO, Inc.",US,
RXRX,"Recursion Pharmaceuticals, Inc.","RXRX|Recursion Pharmaceuticals, Inc.",US,
RXST,"RxSight, Inc.","RXST|RxSight, Inc.",US,
RXT,"Rackspace Technology, Inc.","RXT|Rackspace Technology, Inc.",US,
RY,Royal Bank Of Canada,RY|Royal Bank Of Canada,US,
RYAAY,Ryanair Holdings plc,RYAAY|Ryanair Holdings plc,US,
RYAM,Rayonier Advanced Materials Inc,RYAM|Rayonier Advanced Materials Inc,US,
RYAN,"Ryan Specialty Holdings, Inc.","RYAN|Ryan Specialty Holdings, Inc.",US,
RYN,Rayonier Inc. REIT,RYN|Rayonier Inc. REIT,US,
RYTM,"Rhythm Pharmaceuticals, Inc.","RYTM|Rhythm Pharmaceuticals, Inc.",US,
RYZ,Ryerson Holding Corporation,RYZ|Ryerson Holding Corporation,US,
RZLT,"Rezolute, Inc.","RZLT|Rezolute, Inc.",US,
RZLV,Rezolve AI PLC,RZLV|Rezolve AI PLC,US,
S,"SentinelOne, Inc.","S|SentinelOne, Inc.",US,
SA,"Seabridge Gold, Inc.","SA|Seabridge Gold, Inc.",US,
SABR,Sabre Corporation,SABR|Sabre Corporation,US,
SAFE,Safehold Inc. New,SAFE|Safehold Inc. New,US,
SAFT,"Safety Insurance Group, Inc.","SAFT|Safety Insurance Group, Inc.",US,
SAH,"Sonic Automotive, Inc.","SAH|Sonic Automotive, Inc.",US,
SAIA,"Saia, Inc.","SAIA|Saia, Inc.",US,
SAIC,Science Applications Internatio,SAIC|Science Applications Internatio,US,
SAIL,"SailPoint, Inc.","SAIL|SailPoint, Inc.",US,
SAM,"Boston Beer Company, Inc. (The)","SAM|Boston Beer Company, Inc. (The)",US,
SAN,"Banco Santander, S.A. Sponsored","SAN|Banco Santander, S.A. Sponsored",US,
SANA,"Sana Biotechnology, Inc.","SANA|Sana Biotechnology, Inc.",US,
SANM,Sanmina Corporation,SANM|Sanmina Corporation,US,
SAP,SAP  SE,SAP|SAP  SE,US,
SARO,"StandardAero, Inc.","SARO|StandardAero, Inc.",US,
SATA,"Strive, Inc. - Variable Rate Se","SATA|Strive, Inc. - Variable Rate Se",US,
SATL,Satellogic Inc.,SATL|Satellogic Inc.,US,
SB,"Safe Bulkers, Inc","SB|Safe Bulkers, Inc",US,
SBAC,SBA Communications Corporation,SBAC|SBA Communications Corporation,US,
SBCF,Seacoast Banking Corporation of,SBCF|Seacoast Banking Corporation of,US,
SBET,"SharpLink, Inc.","SBET|SharpLink, Inc.",US,
SBGI,"Sinclair, Inc.","SBGI|Sinclair, Inc.",US,
SBH,"Sally Beauty Holdings, Inc. (Na","SBH|Sally Beauty Holdings, Inc. (Na",US,
SBLK,Star Bulk Carriers Corp.,SBLK|Star Bulk Carriers Corp.,US,
SBRA,"Sabra Health Care REIT, Inc.","SBRA|Sabra Health Care REIT, Inc.",US,
SBS,Companhia de saneamento Basico,SBS|Companhia de saneamento Basico,US,
SBSI,"Southside Bancshares, Inc.","SBSI|Southside Bancshares, Inc.",US,
SBSW,D/B/A Sibanye-Stillwater Limite,SBSW|D/B/A Sibanye-Stillwater Limite,US,
SBUX,Starbucks Corporation,SBUX|Starbucks Corporation,US,
SCCO,Southern Copper Corporation,SCCO|Southern Copper Corporation,US,
SCHL,Scholastic Corporation,SCHL|Scholastic Corporation,US,
SCHW,Charles Schwab Corporation (The,SCHW|Charles Schwab Corporation (The,US,
SCI,Service Corporation Internation,SCI|Service Corporation Internation,US,
SCL,Stepan Company,SCL|Stepan Company,US,
SCSC,"ScanSource, Inc.","SCSC|ScanSource, Inc.",US,
SCZM,Santacruz Silver Mining Ltd.,SCZM|Santacruz Silver Mining Ltd.,US,
SD,"SandRidge Energy, Inc.","SD|SandRidge Energy, Inc.",US,
SDGR,"Schrodinger, Inc.","SDGR|Schrodinger, Inc.",US,
SDOT,Sadot Group Inc.,SDOT|Sadot Group Inc.,US,
SDRL,Seadrill Limited,SDRL|Seadrill Limited,US,
SE,Sea Limited,SE|Sea Limited,US,
SEB,Seaboard Corporation,SEB|Seaboard Corporation,US,
SECZ,Securitize Corp.,SECZ|Securitize Corp.,US,
SEDG,"SolarEdge Technologies, Inc.","SEDG|SolarEdge Technologies, Inc.",US,
SEI,"Solaris Energy Infrastructure,","SEI|Solaris Energy Infrastructure,",US,
SEIC,SEI Investments Company,SEIC|SEI Investments Company,US,
SENEA,Seneca Foods Corp.,SENEA|Seneca Foods Corp.,US,
SENS,"Senseonics Holdings, Inc.","SENS|Senseonics Holdings, Inc.",US,
SEPN,"Septerna, Inc.","SEPN|Septerna, Inc.",US,
SERV,Serve Robotics Inc.,SERV|Serve Robotics Inc.,US,
SEZL,Sezzle Inc.,SEZL|Sezzle Inc.,US,
SF,Stifel Financial Corporation,SF|Stifel Financial Corporation,US,
SFBS,"ServisFirst Bancshares, Inc.","SFBS|ServisFirst Bancshares, Inc.",US,
SFD,"Smithfield Foods, Inc.","SFD|Smithfield Foods, Inc.",US,
SFIX,"Stitch Fix, Inc.","SFIX|Stitch Fix, Inc.",US,
SFL,SFL Corporation Ltd,SFL|SFL Corporation Ltd,US,
SFM,"Sprouts Farmers Market, Inc.","SFM|Sprouts Farmers Market, Inc.",US,
SFNC,Simmons First National Corporat,SFNC|Simmons First National Corporat,US,
SFST,"Southern First Bancshares, Inc.","SFST|Southern First Bancshares, Inc.",US,
SG,"Sweetgreen, Inc.","SG|Sweetgreen, Inc.",US,
SGHC,Super Group (SGHC) Limited,SGHC|Super Group (SGHC) Limited,US,
SGI,Somnigroup International Inc.,SGI|Somnigroup International Inc.,US,
SGML,Sigma Lithium Corporation,SGML|Sigma Lithium Corporation,US,
SGMT,Sagimet Biosciences Inc. - Seri,SGMT|Sagimet Biosciences Inc. - Seri,US,
SGRY,"Surgery Partners, Inc.","SGRY|Surgery Partners, Inc.",US,
SHAK,"Shake Shack, Inc.","SHAK|Shake Shack, Inc.",US,
SHAZ,"SharonAI Holdings, Inc.","SHAZ|SharonAI Holdings, Inc.",US,
SHBI,"Shore Bancshares, Inc.","SHBI|Shore Bancshares, Inc.",US,
SHC,Sotera Health Company,SHC|Sotera Health Company,US,
SHEL,Shell PLC,SHEL|Shell PLC,US,
SHEN,Shenandoah Telecommunications C,SHEN|Shenandoah Telecommunications C,US,
SHG,Shinhan Financial Group Co Ltd,SHG|Shinhan Financial Group Co Ltd,US,
SHIP,Seanergy Maritime Holdings Corp,SHIP|Seanergy Maritime Holdings Corp,US,
SHLS,"Shoals Technologies Group, Inc.","SHLS|Shoals Technologies Group, Inc.",US,
SHO,"Sunstone Hotel Investors, Inc.","SHO|Sunstone Hotel Investors, Inc.",US,
SHOE,"Shoe Station Group, Inc.","SHOE|Shoe Station Group, Inc.",US,
SHOO,"Steven Madden, Ltd.","SHOO|Steven Madden, Ltd.",US,
SHOP,Shopify Inc.,SHOP|Shopify Inc.,US,
SHW,Sherwin-Williams Company (The),SHW|Sherwin-Williams Company (The),US,
SIBN,"SI-BONE, Inc.","SIBN|SI-BONE, Inc.",US,
SIDU,"Sidus Space, Inc.","SIDU|Sidus Space, Inc.",US,
SIG,Signet Jewelers Limited,SIG|Signet Jewelers Limited,US,
SIGI,"Selective Insurance Group, Inc.","SIGI|Selective Insurance Group, Inc.",US,
SII,Sprott Inc.,SII|Sprott Inc.,US,
SILC,Silicom Ltd,SILC|Silicom Ltd,US,
SIMO,Silicon Motion Technology Corpo,SIMO|Silicon Motion Technology Corpo,US,
SION,"Sionna Therapeutics, Inc.","SION|Sionna Therapeutics, Inc.",US,
SIRI,SiriusXM Holdings Inc.,SIRI|SiriusXM Holdings Inc.,US,
SITE,"SiteOne Landscape Supply, Inc.","SITE|SiteOne Landscape Supply, Inc.",US,
SITM,SiTime Corporation,SITM|SiTime Corporation,US,
SJM,The J.M. Smucker Company,SJM|The J.M. Smucker Company,US,
SKE,Skeena Resources Limited,SKE|Skeena Resources Limited,US,
SKHY,SK hynix Inc.,SKHY|SK hynix Inc.,US,
SKM,"SK Telecom Co., Ltd.","SKM|SK Telecom Co., Ltd.",US,
SKT,Tanger Inc.,SKT|Tanger Inc.,US,
SKWD,Skyward Specialty Insurance Gro,SKWD|Skyward Specialty Insurance Gro,US,
SKY,"Champion Homes, Inc.","SKY|Champion Homes, Inc.",US,
SKYQ,Sky Quarry Inc.,SKYQ|Sky Quarry Inc.,US,
SKYW,"SkyWest, Inc.","SKYW|SkyWest, Inc.",US,
SLAB,"Silicon Laboratories, Inc.","SLAB|Silicon Laboratories, Inc.",US,
SLB,SLB Limited,SLB|SLB Limited,US,
SLDB,Solid Biosciences Inc.,SLDB|Solid Biosciences Inc.,US,
SLDE,"Slide Insurance Holdings, Inc.","SLDE|Slide Insurance Holdings, Inc.",US,
SLDP,"Solid Power, Inc.","SLDP|Solid Power, Inc.",US,
SLF,Sun Life Financial Inc.,SLF|Sun Life Financial Inc.,US,
SLG,SL Green Realty Corp,SLG|SL Green Realty Corp,US,
SLGL,Sol-Gel Technologies Ltd.,SLGL|Sol-Gel Technologies Ltd.,US,
SLGN,Silgan Holdings Inc.,SLGN|Silgan Holdings Inc.,US,
SLI,Standard Lithium Ltd.,SLI|Standard Lithium Ltd.,US,
SLM,SLM Corporation,SLM|SLM Corporation,US,
SLN,Silence Therapeutics Plc - Amer,SLN|Silence Therapeutics Plc - Amer,US,
SLP,"Simulations Plus, Inc.","SLP|Simulations Plus, Inc.",US,
SLRC,SLR Investment Corp.,SLRC|SLR Investment Corp.,US,
SLS,"SELLAS Life Sciences Group, Inc","SLS|SELLAS Life Sciences Group, Inc",US,
SLVM,Sylvamo Corporation,SLVM|Sylvamo Corporation,US,
SM,SM Energy Company,SM|SM Energy Company,US,
SMA,"SmartStop Self Storage REIT, In","SMA|SmartStop Self Storage REIT, In",US,
SMBC,"Southern Missouri Bancorp, Inc.","SMBC|Southern Missouri Bancorp, Inc.",US,
SMBK,"SmartFinancial, Inc.","SMBK|SmartFinancial, Inc.",US,
SMCI,"Super Micro Computer, Inc.","SMCI|Super Micro Computer, Inc.",US,
SMCIP,"Super Micro Computer, Inc. - De","SMCIP|Super Micro Computer, Inc. - De",US,
SMFG,Sumitomo Mitsui Financial Group,SMFG|Sumitomo Mitsui Financial Group,US,
SMG,Scotts Miracle-Gro Company (The,SMG|Scotts Miracle-Gro Company (The,US,
SMMT,Summit Therapeutics Inc.,SMMT|Summit Therapeutics Inc.,US,
SMP,"Standard Motor Products, Inc.","SMP|Standard Motor Products, Inc.",US,
SMPL,The Simply Good Foods Company,SMPL|The Simply Good Foods Company,US,
SMR,NuScale Power Corporation,SMR|NuScale Power Corporation,US,
SMTC,Semtech Corporation,SMTC|Semtech Corporation,US,
SMWB,Similarweb Ltd.,SMWB|Similarweb Ltd.,US,
SN,"SharkNinja, Inc.","SN|SharkNinja, Inc.",US,
SNA,Snap-On Incorporated,SNA|Snap-On Incorporated,US,
SNAP,Snap Inc.,SNAP|Snap Inc.,US,
SNDA,"Sonida Senior Living, Inc.","SNDA|Sonida Senior Living, Inc.",US,
SNDK,Sandisk Corporation,SNDK|Sandisk Corporation,US,
SNDR,"Schneider National, Inc.","SNDR|Schneider National, Inc.",US,
SNDX,"Syndax Pharmaceuticals, Inc.","SNDX|Syndax Pharmaceuticals, Inc.",US,
SNEX,StoneX Group Inc.,SNEX|StoneX Group Inc.,US,
SNN,"Smith & Nephew SNATS, Inc.","SNN|Smith & Nephew SNATS, Inc.",US,
SNOW,Snowflake Inc.,SNOW|Snowflake Inc.,US,
SNPS,"Synopsys, Inc.","SNPS|Synopsys, Inc.",US,
SNX,TD SYNNEX Corporation,SNX|TD SYNNEX Corporation,US,
SNY,Sanofi,SNY|Sanofi,US,
SO,Southern Company (The),SO|Southern Company (The),US,
SOBO,South Bow Corporation,SOBO|South Bow Corporation,US,
SOC,Sable Offshore Corp.,SOC|Sable Offshore Corp.,US,
SOFI,"SoFi Technologies, Inc.","SOFI|SoFi Technologies, Inc.",US,
SOLS,Solstice Advanced Materials Inc,SOLS|Solstice Advanced Materials Inc,US,
SOLV,Solventum Corporation,SOLV|Solventum Corporation,US,
SON,Sonoco Products Company,SON|Sonoco Products Company,US,
SONO,"Sonos, Inc.","SONO|Sonos, Inc.",US,
SONY,Sony Group Corporation,SONY|Sony Group Corporation,US,
SOUN,"SoundHound AI, Inc.","SOUN|SoundHound AI, Inc.",US,
SPB,"Spectrum Brands Holdings, Inc.","SPB|Spectrum Brands Holdings, Inc.",US,
SPCE,"Virgin Galactic Holdings, Inc.","SPCE|Virgin Galactic Holdings, Inc.",US,
SPCX,Space Exploration Technologies,SPCX|Space Exploration Technologies,US,
SPFI,"South Plains Financial, Inc.","SPFI|South Plains Financial, Inc.",US,
SPG,"Simon Property Group, Inc.","SPG|Simon Property Group, Inc.",US,
SPGI,S&P Global Inc.,SPGI|S&P Global Inc.,US,
SPHR,Sphere Entertainment Co.,SPHR|Sphere Entertainment Co.,US,
SPIR,"Spire Global, Inc.","SPIR|Spire Global, Inc.",US,
SPNT,SiriusPoint Ltd.,SPNT|SiriusPoint Ltd.,US,
SPOT,Spotify Technology S.A.,SPOT|Spotify Technology S.A.,US,
SPRY,"ARS Pharmaceuticals, Inc.","SPRY|ARS Pharmaceuticals, Inc.",US,
SPSC,"SPS Commerce, Inc.","SPSC|SPS Commerce, Inc.",US,
SPT,"Sprout Social, Inc","SPT|Sprout Social, Inc",US,
SPXC,"SPX Technologies, Inc.","SPXC|SPX Technologies, Inc.",US,
SQM,Sociedad Quimica y Minera S.A.,SQM|Sociedad Quimica y Minera S.A.,US,
SR,Spire Inc.,SR|Spire Inc.,US,
SRAD,Sportradar Group AG,SRAD|Sportradar Group AG,US,
SRCE,1st Source Corporation,SRCE|1st Source Corporation,US,
SRE,DBA Sempra,SRE|DBA Sempra,US,
SRPT,"Sarepta Therapeutics, Inc.","SRPT|Sarepta Therapeutics, Inc.",US,
SRRK,Scholar Rock Holding Corporatio,SRRK|Scholar Rock Holding Corporatio,US,
SRTA,"Strata Critical Medical, Inc.","SRTA|Strata Critical Medical, Inc.",US,
SRZN,"Surrozen, Inc.","SRZN|Surrozen, Inc.",US,
SSB,SouthState Bank Corporation,SSB|SouthState Bank Corporation,US,
SSD,"Simpson Manufacturing Company,","SSD|Simpson Manufacturing Company,",US,
SSL,Sasol Ltd.,SSL|Sasol Ltd.,US,
SSNC,"SS&C Technologies Holdings, Inc","SSNC|SS&C Technologies Holdings, Inc",US,
SSRM,SSR Mining Inc.,SSRM|SSR Mining Inc.,US,
SSTK,"Shutterstock, Inc.","SSTK|Shutterstock, Inc.",US,
SSYS,"Stratasys, Ltd.","SSYS|Stratasys, Ltd.",US,
ST,Sensata Technologies Holding pl,ST|Sensata Technologies Holding pl,US,
STAA,STAAR Surgical Company,STAA|STAAR Surgical Company,US,
STAG,"Stag Industrial, Inc.","STAG|Stag Industrial, Inc.",US,
STBA,"S&T Bancorp, Inc.","STBA|S&T Bancorp, Inc.",US,
STC,Stewart Information Services Co,STC|Stewart Information Services Co,US,
STDN,"Standard Nuclear, Inc.","STDN|Standard Nuclear, Inc.",US,
STE,STERIS plc (Ireland),STE|STERIS plc (Ireland),US,
STEP,StepStone Group Inc.,STEP|StepStone Group Inc.,US,
STGW,Stagwell Inc.,STGW|Stagwell Inc.,US,
STLA,Stellantis N.V.,STLA|Stellantis N.V.,US,
STLD,"Steel Dynamics, Inc.","STLD|Steel Dynamics, Inc.",US,
STLN,"Starling Oncology, Inc.","STLN|Starling Oncology, Inc.",US,
STM,STMicroelectronics N.V.,STM|STMicroelectronics N.V.,US,
STN,Stantec Inc,STN|Stantec Inc,US,
STNE,StoneCo Ltd.,STNE|StoneCo Ltd.,US,
STNG,,STNG,US,
STOK,"Stoke Therapeutics, Inc.","STOK|Stoke Therapeutics, Inc.",US,
STRA,"Strategic Education, Inc.","STRA|Strategic Education, Inc.",US,
STRC,Strategy Inc - Variable Rate Se,STRC|Strategy Inc - Variable Rate Se,US,
STRD,Strategy Inc - 10.00% Series A,STRD|Strategy Inc - 10.00% Series A,US,
STRF,Strategy Inc - 10.00% Series A,STRF|Strategy Inc - 10.00% Series A,US,
STRK,Strategy Inc - 8.00% Series A P,STRK|Strategy Inc - 8.00% Series A P,US,
STRL,"Sterling Infrastructure, Inc.","STRL|Sterling Infrastructure, Inc.",US,
STRO,"Sutro Biopharma, Inc.","STRO|Sutro Biopharma, Inc.",US,
STRT,STRATTEC SECURITY CORPORATION,STRT|STRATTEC SECURITY CORPORATION,US,
STRZ,Starz Entertainment Corp.,STRZ|Starz Entertainment Corp.,US,
STT,State Street Corporation,STT|State Street Corporation,US,
STTK,"Shattuck Labs, Inc.","STTK|Shattuck Labs, Inc.",US,
STUB,"StubHub Holdings, Inc.","STUB|StubHub Holdings, Inc.",US,
STVN,Stevanato Group S.p.A.,STVN|Stevanato Group S.p.A.,US,
STX,Seagate Technology Holdings PLC,STX|Seagate Technology Holdings PLC,US,
STZ,"Constellation Brands, Inc.","STZ|Constellation Brands, Inc.",US,
SU,Suncor Energy  Inc.,SU|Suncor Energy  Inc.,US,
SUI,"Sun Communities, Inc.","SUI|Sun Communities, Inc.",US,
SUJA,"Suja Life, Inc.","SUJA|Suja Life, Inc.",US,
SUN,Sunoco LP,SUN|Sunoco LP,US,
SUNB,"Sunbelt Rentals Holdings, Inc.","SUNB|Sunbelt Rentals Holdings, Inc.",US,
SUNC,SunocoCorp LLC,SUNC|SunocoCorp LLC,US,
SUPN,"Supernus Pharmaceuticals, Inc.","SUPN|Supernus Pharmaceuticals, Inc.",US,
SUPV,Grupo Supervielle S.A.,SUPV|Grupo Supervielle S.A.,US,
SUZ,Suzano S.A.,SUZ|Suzano S.A.,US,
SVCO,"Silvaco Group, Inc.","SVCO|Silvaco Group, Inc.",US,
SVM,Silvercorp Metals Inc.,SVM|Silvercorp Metals Inc.,US,
SVRA,"Savara, Inc.","SVRA|Savara, Inc.",US,
SVV,"Savers Value Village, Inc.","SVV|Savers Value Village, Inc.",US,
SW,Smurfit WestRock plc,SW|Smurfit WestRock plc,US,
SWBI,"Smith & Wesson Brands, Inc.","SWBI|Smith & Wesson Brands, Inc.",US,
SWIM,"Latham Group, Inc.","SWIM|Latham Group, Inc.",US,
SWK,"Stanley Black & Decker, Inc.","SWK|Stanley Black & Decker, Inc.",US,
SWKS,"Skyworks Solutions, Inc.","SWKS|Skyworks Solutions, Inc.",US,
SWMR,"Swarmer, Inc","SWMR|Swarmer, Inc",US,
SWX,"Southwest Gas Holdings, Inc.","SWX|Southwest Gas Holdings, Inc.",US,
SXC,"SunCoke Energy, Inc.","SXC|SunCoke Energy, Inc.",US,
SXI,,SXI,US,
SXT,Sensient Technologies Corporati,SXT|Sensient Technologies Corporati,US,
SYBT,"Stock Yards Bancorp, Inc.","SYBT|Stock Yards Bancorp, Inc.",US,
SYF,Synchrony Financial,SYF|Synchrony Financial,US,
SYK,Stryker Corporation,SYK|Stryker Corporation,US,
SYM,Symbotic Inc.,SYM|Symbotic Inc.,US,
SYNA,Synaptics Incorporated,SYNA|Synaptics Incorporated,US,
SYRE,"Spyre Therapeutics, Inc.","SYRE|Spyre Therapeutics, Inc.",US,
SYY,Sysco Corporation,SYY|Sysco Corporation,US,
T,AT&T Inc.,T|AT&T Inc.,US,
TAC,TransAlta Corporation,TAC|TransAlta Corporation,US,
TAK,Takeda Pharmaceutical Company L,TAK|Takeda Pharmaceutical Company L,US,
TAL,TAL Education Group,TAL|TAL Education Group,US,
TALO,"Talos Energy, Inc.","TALO|Talos Energy, Inc.",US,
TAP,Molson Coors Beverage Company,TAP|Molson Coors Beverage Company,US,
TARS,"Tarsus Pharmaceuticals, Inc.","TARS|Tarsus Pharmaceuticals, Inc.",US,
TASK,"TaskUs, Inc.","TASK|TaskUs, Inc.",US,
TATT,TAT Technologies Ltd.,TATT|TAT Technologies Ltd.,US,
TBBB,BBB Foods Inc.,TBBB|BBB Foods Inc.,US,
TBBK,"The Bancorp, Inc.","TBBK|The Bancorp, Inc.",US,
TBCH,Turtle Beach Corporation,TBCH|Turtle Beach Corporation,US,
TBLA,Taboola.com Ltd.,TBLA|Taboola.com Ltd.,US,
TBN,Tamboran Resources Corporation,TBN|Tamboran Resources Corporation,US,
TBPH,"Theravance Biopharma, Inc.","TBPH|Theravance Biopharma, Inc.",US,
TCBI,"Texas Capital Bancshares, Inc.","TCBI|Texas Capital Bancshares, Inc.",US,
TCBK,TriCo Bancshares,TCBK|TriCo Bancshares,US,
TCBX,"Third Coast Bancshares, Inc.","TCBX|Third Coast Bancshares, Inc.",US,
TCMD,"Tactile Systems Technology, Inc","TCMD|Tactile Systems Technology, Inc",US,
TCOM,Trip.com Group Limited,TCOM|Trip.com Group Limited,US,
TD,Toronto Dominion Bank (The),TD|Toronto Dominion Bank (The),US,
TDAY,"USA TODAY Co., Inc.","TDAY|USA TODAY Co., Inc.",US,
TDC,Teradata Corporation,TDC|Teradata Corporation,US,
TDG,Transdigm Group Incorporated,TDG|Transdigm Group Incorporated,US,
TDOC,"Teladoc Health, Inc.","TDOC|Teladoc Health, Inc.",US,
TDS,"Telephone and Data Systems, Inc","TDS|Telephone and Data Systems, Inc",US,
TDUP,ThredUp Inc.,TDUP|ThredUp Inc.,US,
TDW,Tidewater Inc.,TDW|Tidewater Inc.,US,
TDY,Teledyne Technologies Incorpora,TDY|Teledyne Technologies Incorpora,US,
TE,T1 Energy Inc.,TE|T1 Energy Inc.,US,
TEAM,Atlassian Corporation,TEAM|Atlassian Corporation,US,
TECH,Bio-Techne Corp,TECH|Bio-Techne Corp,US,
TECK,Teck Resources Ltd,TECK|Teck Resources Ltd,US,
TECX,"Tectonic Therapeutic, Inc.","TECX|Tectonic Therapeutic, Inc.",US,
TEL,TE Connectivity plc,TEL|TE Connectivity plc,US,
TEM,"Tempus AI, Inc.","TEM|Tempus AI, Inc.",US,
TEN,Tsakos Energy Navigation Ltd,TEN|Tsakos Energy Navigation Ltd,US,
TENB,"Tenable Holdings, Inc.","TENB|Tenable Holdings, Inc.",US,
TEO,Telecom Argentina SA,TEO|Telecom Argentina SA,US,
TER,"Teradyne, Inc.","TER|Teradyne, Inc.",US,
TEVA,Teva Pharmaceutical Industries,TEVA|Teva Pharmaceutical Industries,US,
TEX,Terex Corporation,TEX|Terex Corporation,US,
TFC,Truist Financial Corporation,TFC|Truist Financial Corporation,US,
TFII,TFI International Inc.,TFII|TFI International Inc.,US,
TFIN,"Triumph Financial, Inc.","TFIN|Triumph Financial, Inc.",US,
TFPM,Triple Flag Precious Metals Cor,TFPM|Triple Flag Precious Metals Cor,US,
TFSL,TFS Financial Corporation,TFSL|TFS Financial Corporation,US,
TFX,Teleflex Incorporated,TFX|Teleflex Incorporated,US,
TGB,Trekor Metals Limited,TGB|Trekor Metals Limited,US,
TGLS,Tecnoglass Holdings Inc.,TGLS|Tecnoglass Holdings Inc.,US,
TGS,Transportadora de Gas del Sur S,TGS|Transportadora de Gas del Sur S,US,
TGT,Target Corporation,TGT|Target Corporation,US,
TGTX,"TG Therapeutics, Inc.","TGTX|TG Therapeutics, Inc.",US,
TH,Target Hospitality Corp.,TH|Target Hospitality Corp.,US,
THC,Tenet Healthcare Corporation,THC|Tenet Healthcare Corporation,US,
THFF,First Financial Corporation,THFF|First Financial Corporation,US,
THG,Hanover Insurance Group Inc,THG|Hanover Insurance Group Inc,US,
THO,"Thor Industries, Inc.","THO|Thor Industries, Inc.",US,
THRM,Gentherm Inc,THRM|Gentherm Inc,US,
TIC,"TIC Solutions, Inc.","TIC|TIC Solutions, Inc.",US,
TIGO,Millicom International Cellular,TIGO|Millicom International Cellular,US,
TIGR,UP Fintech Holding Limited,TIGR|UP Fintech Holding Limited,US,
TILE,"Interface, Inc.","TILE|Interface, Inc.",US,
TIMB,TIM S.A.,TIMB|TIM S.A.,US,
TIPT,Tiptree Inc.,TIPT|Tiptree Inc.,US,
TITN,Titan Machinery Inc.,TITN|Titan Machinery Inc.,US,
TJX,"TJX Companies, Inc. (The)","TJX|TJX Companies, Inc. (The)",US,
TK,Teekay Corporation Ltd.,TK|Teekay Corporation Ltd.,US,
TKC,Turkcell Iletisim Hizmetleri AS,TKC|Turkcell Iletisim Hizmetleri AS,US,
TKO,"TKO Group Holdings, Inc.","TKO|TKO Group Holdings, Inc.",US,
TKR,Timken Company (The),TKR|Timken Company (The),US,
TLK,"PT Telekomunikasi Indonesia, Tb","TLK|PT Telekomunikasi Indonesia, Tb",US,
TLN,Talen Energy Corporation,TLN|Talen Energy Corporation,US,
TLRY,"Tilray Brands, Inc.","TLRY|Tilray Brands, Inc.",US,
TM,Toyota Motor Corporation,TM|Toyota Motor Corporation,US,
TMC,TMC the metals company Inc.,TMC|TMC the metals company Inc.,US,
TMDX,"TransMedics Group, Inc.","TMDX|TransMedics Group, Inc.",US,
TME,Tencent Music Entertainment Gro,TME|Tencent Music Entertainment Gro,US,
TMO,Thermo Fisher Scientific Inc,TMO|Thermo Fisher Scientific Inc,US,
TMP,Tompkins Financial Corporation,TMP|Tompkins Financial Corporation,US,
TMQ,Trilogy Metals Inc.,TMQ|Trilogy Metals Inc.,US,
TMUS,"T-Mobile US, Inc.","TMUS|T-Mobile US, Inc.",US,
TNC,Tennant Company,TNC|Tennant Company,US,
TNDM,"Tandem Diabetes Care, Inc.","TNDM|Tandem Diabetes Care, Inc.",US,
TNET,"TriNet Group, Inc.","TNET|TriNet Group, Inc.",US,
TNGX,,TNGX,US,
TNK,Teekay Tankers Ltd.,TNK|Teekay Tankers Ltd.,US,
TNL,Travel   Leisure Co.,TNL|Travel   Leisure Co.,US,
TNXP,Tonix Pharmaceuticals Holding C,TNXP|Tonix Pharmaceuticals Holding C,US,
TOL,"Toll Brothers, Inc.","TOL|Toll Brothers, Inc.",US,
TOST,"Toast, Inc.","TOST|Toast, Inc.",US,
TOWN,Towne Bank,TOWN|Towne Bank,US,
TOYO,"TOYO Co., Ltd","TOYO|TOYO Co., Ltd",US,
TPB,"Turning Point Brands, Inc.","TPB|Turning Point Brands, Inc.",US,
TPC,Tutor Perini Corporation,TPC|Tutor Perini Corporation,US,
TPG,TPG Inc.,TPG|TPG Inc.,US,
TPL,Texas Pacific Land Corporation,TPL|Texas Pacific Land Corporation,US,
TPR,"Tapestry, Inc.","TPR|Tapestry, Inc.",US,
TR,"Tootsie Roll Industries, Inc.","TR|Tootsie Roll Industries, Inc.",US,
TRAX,"First Tracks Biotherapeutics, I","TRAX|First Tracks Biotherapeutics, I",US,
TREE,"LendingTree, Inc.","TREE|LendingTree, Inc.",US,
TREX,"Trex Company, Inc.","TREX|Trex Company, Inc.",US,
TRGP,"Targa Resources, Inc.","TRGP|Targa Resources, Inc.",US,
TRI,Thomson Reuters Corp,TRI|Thomson Reuters Corp,US,
TRIN,Trinity Capital Inc.,TRIN|Trinity Capital Inc.,US,
TRIP,"TripAdvisor, Inc.","TRIP|TripAdvisor, Inc.",US,
TRLV,Trulieve Cannabis Corp. Subordi,TRLV|Trulieve Cannabis Corp. Subordi,US,
TRMB,Trimble Inc.,TRMB|Trimble Inc.,US,
TRMD,TORM plc,TRMD|TORM plc,US,
TRN,"Trinity Industries, Inc.","TRN|Trinity Industries, Inc.",US,
TRNO,Terreno Realty Corporation,TRNO|Terreno Realty Corporation,US,
TRNS,"Transcat, Inc.","TRNS|Transcat, Inc.",US,
TROW,"T. Rowe Price Group, Inc.","TROW|T. Rowe Price Group, Inc.",US,
TROX,Tronox Holdings plc,TROX|Tronox Holdings plc,US,
TRP,TC Energy Corporation,TRP|TC Energy Corporation,US,
TRS,TriMas Corporation,TRS|TriMas Corporation,US,
TRT,Trio-Tech International,TRT|Trio-Tech International,US,
TRU,TransUnion,TRU|TransUnion,US,
TRUP,"Trupanion, Inc.","TRUP|Trupanion, Inc.",US,
TRV,"The Travelers Companies, Inc.","TRV|The Travelers Companies, Inc.",US,
TRVI,"Trevi Therapeutics, Inc.","TRVI|Trevi Therapeutics, Inc.",US,
TS,Tenaris S.A.,TS|Tenaris S.A.,US,
TSAT,Telesat Corporation,TSAT|Telesat Corporation,US,
TSCO,Tractor Supply Company,TSCO|Tractor Supply Company,US,
TSEM,Tower Semiconductor Ltd.,TSEM|Tower Semiconductor Ltd.,US,
TSHA,"Taysha Gene Therapies, Inc.","TSHA|Taysha Gene Therapies, Inc.",US,
TSLA,"Tesla, Inc.","TSLA|Tesla, Inc.",US,
TSLX,"Sixth Street Specialty Lending,","TSLX|Sixth Street Specialty Lending,",US,
TSM,Taiwan Semiconductor Manufactur,TSM|Taiwan Semiconductor Manufactur,US,
TSN,"Tyson Foods, Inc.","TSN|Tyson Foods, Inc.",US,
TSSI,"TSS, Inc.","TSSI|TSS, Inc.",US,
TT,,TT,US,
TTAM,Titan America SA,TTAM|Titan America SA,US,
TTAN,"ServiceTitan, Inc.","TTAN|ServiceTitan, Inc.",US,
TTC,Toro Company (The),TTC|Toro Company (The),US,
TTD,"The Trade Desk, Inc.","TTD|The Trade Desk, Inc.",US,
TTE,TotalEnergies SE,TTE|TotalEnergies SE,US,
TTEK,"Tetra Tech, Inc.","TTEK|Tetra Tech, Inc.",US,
TTI,"Tetra Technologies, Inc.","TTI|Tetra Technologies, Inc.",US,
TTMI,"TTM Technologies, Inc.","TTMI|TTM Technologies, Inc.",US,
TTWO,"Take-Two Interactive Software,","TTWO|Take-Two Interactive Software,",US,
TU,Telus Corporation,TU|Telus Corporation,US,
TVTX,"Travere Therapeutics, Inc.","TVTX|Travere Therapeutics, Inc.",US,
TW,Tradeweb Markets Inc.,TW|Tradeweb Markets Inc.,US,
TWFG,"TWFG, Inc.","TWFG|TWFG, Inc.",US,
TWI,"Titan International, Inc. (DE)","TWI|Titan International, Inc. (DE)",US,
TWLO,Twilio Inc.,TWLO|Twilio Inc.,US,
TWST,Twist Bioscience Corporation,TWST|Twist Bioscience Corporation,US,
TX,Ternium S.A. Ternium S.A.,TX|Ternium S.A. Ternium S.A.,US,
TXG,"10x Genomics, Inc.","TXG|10x Genomics, Inc.",US,
TXN,Texas Instruments Incorporated,TXN|Texas Instruments Incorporated,US,
TXNM,"TXNM Energy, Inc.","TXNM|TXNM Energy, Inc.",US,
TXRH,"Texas Roadhouse, Inc.","TXRH|Texas Roadhouse, Inc.",US,
TXT,Textron Inc.,TXT|Textron Inc.,US,
TYG,Tortoise Energy Infrastructure,TYG|Tortoise Energy Infrastructure,US,
TYL,"Tyler Technologies, Inc.","TYL|Tyler Technologies, Inc.",US,
TYRA,"Tyra Biosciences, Inc.","TYRA|Tyra Biosciences, Inc.",US,
U,Unity Software Inc.,U|Unity Software Inc.,US,
UA,"Under Armour, Inc.","UA|Under Armour, Inc.",US,
UAA,"Under Armour, Inc.","UAA|Under Armour, Inc.",US,
UAL,"United Airlines Holdings, Inc.","UAL|United Airlines Holdings, Inc.",US,
UAMY,United States Antimony Corporat,UAMY|United States Antimony Corporat,US,
UAN,"CVR Partners, LP","UAN|CVR Partners, LP",US,
UBER,"Uber Technologies, Inc.","UBER|Uber Technologies, Inc.",US,
UBS,UBS Group AG Registered,UBS|UBS Group AG Registered,US,
UBSI,"United Bankshares, Inc.","UBSI|United Bankshares, Inc.",US,
UCB,"United Community Banks, Inc.","UCB|United Community Banks, Inc.",US,
UCTT,"Ultra Clean Holdings, Inc.","UCTT|Ultra Clean Holdings, Inc.",US,
UDR,"UDR, Inc.","UDR|UDR, Inc.",US,
UE,Urban Edge Properties,UE|Urban Edge Properties,US,
UEC,Uranium Energy Corp.,UEC|Uranium Energy Corp.,US,
UFCS,"United Fire Group, Inc","UFCS|United Fire Group, Inc",US,
UFPI,"UFP Industries, Inc.","UFPI|UFP Industries, Inc.",US,
UFPT,"UFP Technologies, Inc.","UFPT|UFP Technologies, Inc.",US,
UGI,UGI Corporation,UGI|UGI Corporation,US,
UGP,Ultrapar Participacoes S.A. (Ne,UGP|Ultrapar Participacoes S.A. (Ne,US,
UHAL,U-Haul Holding Company,UHAL|U-Haul Holding Company,US,
UHS,"Universal Health Services, Inc.","UHS|Universal Health Services, Inc.",US,
UI,Ubiquiti Inc.,UI|Ubiquiti Inc.,US,
UL,Unilever PLC,UL|Unilever PLC,US,
ULCC,"Frontier Group Holdings, Inc.","ULCC|Frontier Group Holdings, Inc.",US,
ULS,UL Solutions Inc.,ULS|UL Solutions Inc.,US,
ULTA,"Ulta Beauty, Inc.","ULTA|Ulta Beauty, Inc.",US,
UMAC,"Unusual Machines, Inc.","UMAC|Unusual Machines, Inc.",US,
UMBF,UMB Financial Corporation,UMBF|UMB Financial Corporation,US,
UMC,United Microelectronics Corpora,UMC|United Microelectronics Corpora,US,
UMH,"UMH Properties, Inc.","UMH|UMH Properties, Inc.",US,
UNCY,"Unicycive Therapeutics, Inc.","UNCY|Unicycive Therapeutics, Inc.",US,
UNF,Unifirst Corporation,UNF|Unifirst Corporation,US,
UNFI,"United Natural Foods, Inc.","UNFI|United Natural Foods, Inc.",US,
UNH,UnitedHealth Group Incorporated,UNH|UnitedHealth Group Incorporated,US,
UNIT,Uniti Group Inc.,UNIT|Uniti Group Inc.,US,
UNM,Unum Group,UNM|Unum Group,US,
UNP,Union Pacific Corporation,UNP|Union Pacific Corporation,US,
UNTY,"Unity Bancorp, Inc.","UNTY|Unity Bancorp, Inc.",US,
UPB,"Upstream Bio, Inc.","UPB|Upstream Bio, Inc.",US,
UPBD,"Upbound Group, Inc.","UPBD|Upbound Group, Inc.",US,
UPS,"United Parcel Service, Inc.","UPS|United Parcel Service, Inc.",US,
UPST,"Upstart Holdings, Inc.","UPST|Upstart Holdings, Inc.",US,
UPWK,Upwork Inc.,UPWK|Upwork Inc.,US,
URBN,"Urban Outfitters, Inc.","URBN|Urban Outfitters, Inc.",US,
URGN,UroGen Pharma Ltd.,URGN|UroGen Pharma Ltd.,US,
URI,"United Rentals, Inc.","URI|United Rentals, Inc.",US,
UROY,Uranium Royalty Corp.,UROY|Uranium Royalty Corp.,US,
USAC,"USA Compression Partners, LP","USAC|USA Compression Partners, LP",US,
USAR,"USA Rare Earth, Inc.","USAR|USA Rare Earth, Inc.",US,
USAS,Americas Gold and Silver Corpor,USAS|Americas Gold and Silver Corpor,US,
USAU,U.S. Gold Corp.,USAU|U.S. Gold Corp.,US,
USB,U.S. Bancorp,USB|U.S. Bancorp,US,
USFD,US Foods Holding Corp.,USFD|US Foods Holding Corp.,US,
USLM,"United States Lime & Minerals,","USLM|United States Lime & Minerals,",US,
USPH,"U.S. Physical Therapy, Inc.","USPH|U.S. Physical Therapy, Inc.",US,
UTHR,United Therapeutics Corporation,UTHR|United Therapeutics Corporation,US,
UTI,Universal Technical Institute I,UTI|Universal Technical Institute I,US,
UTL,UNITIL Corporation,UTL|UNITIL Corporation,US,
UTZ,Utz Brands Inc,UTZ|Utz Brands Inc,US,
UUUU,Energy Fuels Inc,UUUU|Energy Fuels Inc,US,
UVE,UNIVERSAL INSURANCE HOLDINGS IN,UVE|UNIVERSAL INSURANCE HOLDINGS IN,US,
UVSP,Univest Financial Corporation,UVSP|Univest Financial Corporation,US,
UVV,Universal Corporation,UVV|Universal Corporation,US,
V,Visa Inc.,V|Visa Inc.,US,
VAC,Marriott Vacations Worldwide Co,VAC|Marriott Vacations Worldwide Co,US,
VAL,Valaris Limited,VAL|Valaris Limited,US,
VALE,VALE S.A.,VALE|VALE S.A.,US,
VC,Visteon Corporation,VC|Visteon Corporation,US,
VCEL,Vericel Corporation,VCEL|Vericel Corporation,US,
VCTR,"Victory Capital Holdings, Inc.","VCTR|Victory Capital Holdings, Inc.",US,
VCYT,"Veracyte, Inc.","VCYT|Veracyte, Inc.",US,
VECO,Veeco Instruments Inc.,VECO|Veeco Instruments Inc.,US,
VEEV,Veeva Systems Inc.,VEEV|Veeva Systems Inc.,US,
VELO,"Velo3D, Inc.","VELO|Velo3D, Inc.",US,
VEON,VEON Ltd.,VEON|VEON Ltd.,US,
VERA,"Vera Therapeutics, Inc.","VERA|Vera Therapeutics, Inc.",US,
VERX,"Vertex, Inc.","VERX|Vertex, Inc.",US,
VET,Vermilion Energy Inc.,VET|Vermilion Energy Inc.,US,
VFC,V.F. Corporation,VFC|V.F. Corporation,US,
VG,"Venture Global, Inc.","VG|Venture Global, Inc.",US,
VGNT,Versigent PLC,VGNT|Versigent PLC,US,
VIA,"Via Transportation, Inc.","VIA|Via Transportation, Inc.",US,
VIAV,Viavi Solutions Inc.,VIAV|Viavi Solutions Inc.,US,
VICI,VICI Properties Inc.,VICI|VICI Properties Inc.,US,
VICR,Vicor Corporation,VICR|Vicor Corporation,US,
VIK,Viking Holdings Ltd,VIK|Viking Holdings Ltd,US,
VIPS,Vipshop Holdings Limited,VIPS|Vipshop Holdings Limited,US,
VIR,"Vir Biotechnology, Inc.","VIR|Vir Biotechnology, Inc.",US,
VIRT,"Virtu Financial, Inc.","VIRT|Virtu Financial, Inc.",US,
VISN,"Vistance Networks, Inc.","VISN|Vistance Networks, Inc.",US,
VIST,Vista Energy S.A.B. de C.V.,VIST|Vista Energy S.A.B. de C.V.,US,
VITL,,VITL,US,
VIV,Telefonica Brasil S.A.,VIV|Telefonica Brasil S.A.,US,
VIVO,VivoPower PLC,VIVO|VivoPower PLC,US,
VKTX,"Viking Therapeutics, Inc.","VKTX|Viking Therapeutics, Inc.",US,
VLO,Valero Energy Corporation,VLO|Valero Energy Corporation,US,
VLRS,Controladora Vuela Compania de,VLRS|Controladora Vuela Compania de,US,
VLTO,Veralto Corp,VLTO|Veralto Corp,US,
VLY,Valley National Bancorp,VLY|Valley National Bancorp,US,
VMC,Vulcan Materials Company (Holdi,VMC|Vulcan Materials Company (Holdi,US,
VMD,"Viemed Healthcare, Inc.","VMD|Viemed Healthcare, Inc.",US,
VMI,"Valmont Industries, Inc.","VMI|Valmont Industries, Inc.",US,
VMRK,Vivmark Residential,VMRK|Vivmark Residential,US,
VNDA,Vanda Pharmaceuticals Inc.,VNDA|Vanda Pharmaceuticals Inc.,US,
VNET,"VNET Group, Inc.","VNET|VNET Group, Inc.",US,
VNOM,"Viper Energy, Inc.","VNOM|Viper Energy, Inc.",US,
VNT,Vontier Corporation,VNT|Vontier Corporation,US,
VOD,Vodafone Group Plc,VOD|Vodafone Group Plc,US,
VOR,Vor Biopharma Inc.,VOR|Vor Biopharma Inc.,US,
VOYA,"Voya Financial, Inc.","VOYA|Voya Financial, Inc.",US,
VOYG,"Voyager Technologies, Inc.","VOYG|Voyager Technologies, Inc.",US,
VPG,"Vishay Precision Group, Inc.","VPG|Vishay Precision Group, Inc.",US,
VRDN,"Viridian Therapeutics, Inc.","VRDN|Viridian Therapeutics, Inc.",US,
VREX,Varex Imaging Corporation,VREX|Varex Imaging Corporation,US,
VRNS,"Varonis Systems, Inc.","VRNS|Varonis Systems, Inc.",US,
VRRM,Verra Mobility Corporation,VRRM|Verra Mobility Corporation,US,
VRSK,"Verisk Analytics, Inc.","VRSK|Verisk Analytics, Inc.",US,
VRSN,"VeriSign, Inc.","VRSN|VeriSign, Inc.",US,
VRT,"Vertiv Holdings, LLC","VRT|Vertiv Holdings, LLC",US,
VRTS,"Virtus Investment Partners, Inc","VRTS|Virtus Investment Partners, Inc",US,
VRTX,Vertex Pharmaceuticals Incorpor,VRTX|Vertex Pharmaceuticals Incorpor,US,
VSAT,"ViaSat, Inc.","VSAT|ViaSat, Inc.",US,
VSEC,VSE Corporation,VSEC|VSE Corporation,US,
VSH,"Vishay Intertechnology, Inc.","VSH|Vishay Intertechnology, Inc.",US,
VSNT,"Versant Media Group, Inc.","VSNT|Versant Media Group, Inc.",US,
VST,Vistra Corp.,VST|Vistra Corp.,US,
VSTM,"Verastem, Inc.","VSTM|Verastem, Inc.",US,
VSTS,Vestis Corporation,VSTS|Vestis Corporation,US,
VSXY,Victorias Secret & Co.,VSXY|Victorias Secret & Co.,US,
VTEX,VTEX,VTEX,US,
VTOL,"Bristow Group, Inc.","VTOL|Bristow Group, Inc.",US,
VTR,"Ventas, Inc.","VTR|Ventas, Inc.",US,
VTRS,Viatris Inc.,VTRS|Viatris Inc.,US,
VTS,"Vitesse Energy, Inc.","VTS|Vitesse Energy, Inc.",US,
VVV,Valvoline Inc.,VVV|Valvoline Inc.,US,
VVX,"V2X, Inc.","VVX|V2X, Inc.",US,
VYX,NCR Voyix Corporation,VYX|NCR Voyix Corporation,US,
VZ,Verizon Communications Inc.,VZ|Verizon Communications Inc.,US,
VZLA,Vizsla Silver Corp.,VZLA|Vizsla Silver Corp.,US,
W,Wayfair Inc.,W|Wayfair Inc.,US,
WAB,Westinghouse Air Brake Technolo,WAB|Westinghouse Air Brake Technolo,US,
WABC,Westamerica Bancorporation,WABC|Westamerica Bancorporation,US,
WAFD,"WaFd, Inc.","WAFD|WaFd, Inc.",US,
WAL,Western Alliance Bancorporation,WAL|Western Alliance Bancorporation,US,
WAT,Waters Corporation,WAT|Waters Corporation,US,
WATT,Energous Corporation,WATT|Energous Corporation,US,
WAY,Waystar Holding Corp.,WAY|Waystar Holding Corp.,US,
WB,Weibo Corporation,WB|Weibo Corporation,US,
WBD,"Warner Bros. Discovery, Inc. -","WBD|Warner Bros. Discovery, Inc. -",US,
WBI,WaterBridge Infrastructure LLC,WBI|WaterBridge Infrastructure LLC,US,
WBTN,,WBTN,US,
WCC,"WESCO International, Inc.","WCC|WESCO International, Inc.",US,
WCN,"Waste Connections, Inc.","WCN|Waste Connections, Inc.",US,
WD,"Walker & Dunlop, Inc","WD|Walker & Dunlop, Inc",US,
WDAY,"Workday, Inc.","WDAY|Workday, Inc.",US,
WDC,Western Digital Corporation,WDC|Western Digital Corporation,US,
WDFC,WD-40 Company,WDFC|WD-40 Company,US,
WDS,,WDS,US,
WEAV,"Weave Communications, Inc.","WEAV|Weave Communications, Inc.",US,
WEC,"WEC Energy Group, Inc.","WEC|WEC Energy Group, Inc.",US,
WELL,Welltower Inc.,WELL|Welltower Inc.,US,
WEN,Wendy's Company (The),WEN|Wendy's Company (The),US,
WERN,"Werner Enterprises, Inc.","WERN|Werner Enterprises, Inc.",US,
WES,"Western Midstream Partners, LP","WES|Western Midstream Partners, LP",US,
WEST,Westrock Coffee Company,WEST|Westrock Coffee Company,US,
WEX,WEX Inc.,WEX|WEX Inc.,US,
WF,Woori Financial Group Inc.,WF|Woori Financial Group Inc.,US,
WFC,Wells Fargo & Company,WFC|Wells Fargo & Company,US,
WFG,West Fraser Timber Co. Ltd,WFG|West Fraser Timber Co. Ltd,US,
WFRD,Weatherford International plc,WFRD|Weatherford International plc,US,
WGO,"Winnebago Industries, Inc.","WGO|Winnebago Industries, Inc.",US,
WGS,GeneDx Holdings Corp.,WGS|GeneDx Holdings Corp.,US,
WH,"Wyndham Hotels & Resorts, Inc.","WH|Wyndham Hotels & Resorts, Inc.",US,
WHD,"Cactus, Inc. Class A Common Sto","WHD|Cactus, Inc. Class A Common Sto",US,
WHK,WhiteHawk Minerals Corp,WHK|WhiteHawk Minerals Corp,US,
WHR,Whirlpool Corporation,WHR|Whirlpool Corporation,US,
WINA,Winmark Corporation,WINA|Winmark Corporation,US,
WING,Wingstop Inc.,WING|Wingstop Inc.,US,
WIX,Wix.com Ltd.,WIX|Wix.com Ltd.,US,
WK,Workiva Inc.,WK|Workiva Inc.,US,
WKC,World Kinect Corporation,WKC|World Kinect Corporation,US,
WLDN,"Willdan Group, Inc.","WLDN|Willdan Group, Inc.",US,
WLFC,Willis Lease Finance Corporatio,WLFC|Willis Lease Finance Corporatio,US,
WLK,Westlake Corporation,WLK|Westlake Corporation,US,
WLTH,Wealthfront Corporation,WLTH|Wealthfront Corporation,US,
WLY,"John Wiley & Sons, Inc.","WLY|John Wiley & Sons, Inc.",US,
WM,"Waste Management, Inc.","WM|Waste Management, Inc.",US,
WMB,"Williams Companies, Inc. (The)","WMB|Williams Companies, Inc. (The)",US,
WMG,Warner Music Group Corp.,WMG|Warner Music Group Corp.,US,
WMK,"Weis Markets, Inc.","WMK|Weis Markets, Inc.",US,
WMS,"Advanced Drainage Systems, Inc.","WMS|Advanced Drainage Systems, Inc.",US,
WMT,Walmart Inc.,WMT|Walmart Inc.,US,
WNC,Wabash National Corporation,WNC|Wabash National Corporation,US,
WOLF,"Wolfspeed, Inc.","WOLF|Wolfspeed, Inc.",US,
WOOF,Petco Health and Wellness Compa,WOOF|Petco Health and Wellness Compa,US,
WOR,"Worthington Enterprises, Inc.","WOR|Worthington Enterprises, Inc.",US,
WPC,W. P. Carey Inc. REIT,WPC|W. P. Carey Inc. REIT,US,
WPM,Wheaton Precious Metals Corp,WPM|Wheaton Precious Metals Corp,US,
WPP,WPP plc,WPP|WPP plc,US,
WRB,W.R. Berkley Corporation,WRB|W.R. Berkley Corporation,US,
WRBY,Warby Parker Inc.,WRBY|Warby Parker Inc.,US,
WRD,WERIDE INC.,WRD|WERIDE INC.,US,
WRLD,World Acceptance Corporation,WRLD|World Acceptance Corporation,US,
WRN,Western Copper and Gold Corpora,WRN|Western Copper and Gold Corpora,US,
WS,"Worthington Steel, Inc.","WS|Worthington Steel, Inc.",US,
WSBC,"WesBanco, Inc.","WSBC|WesBanco, Inc.",US,
WSC,WillScot Holdings Corporation,WSC|WillScot Holdings Corporation,US,
WSE,Wise Group plc,WSE|Wise Group plc,US,
WSFS,WSFS Financial Corporation,WSFS|WSFS Financial Corporation,US,
WSM,"Williams-Sonoma, Inc.","WSM|Williams-Sonoma, Inc.",US,
WSO,"Watsco, Inc.","WSO|Watsco, Inc.",US,
WST,"West Pharmaceutical Services, I","WST|West Pharmaceutical Services, I",US,
WT,"WisdomTree, Inc.","WT|WisdomTree, Inc.",US,
WTI,"W&T Offshore, Inc.","WTI|W&T Offshore, Inc.",US,
WTM,White Mountains Insurance Group,WTM|White Mountains Insurance Group,US,
WTRG,"Essential Utilities, Inc.","WTRG|Essential Utilities, Inc.",US,
WTS,"Watts Water Technologies, Inc.","WTS|Watts Water Technologies, Inc.",US,
WTTR,"Select Water Solutions, Inc.","WTTR|Select Water Solutions, Inc.",US,
WTW,Willis Towers Watson Public Lim,WTW|Willis Towers Watson Public Lim,US,
WU,Western Union Company (The),WU|Western Union Company (The),US,
WULF,TeraWulf Inc.,WULF|TeraWulf Inc.,US,
WVE,"Wave Life Sciences, Inc.","WVE|Wave Life Sciences, Inc.",US,
WWD,"Woodward, Inc.","WWD|Woodward, Inc.",US,
WWW,"Wolverine World Wide, Inc.","WWW|Wolverine World Wide, Inc.",US,
WY,Weyerhaeuser Company,WY|Weyerhaeuser Company,US,
WYFI,"WhiteFiber, Inc.","WYFI|WhiteFiber, Inc.",US,
WYNN,"Wynn Resorts, Limited","WYNN|Wynn Resorts, Limited",US,
XE,"X-Energy, Inc.","XE|X-Energy, Inc.",US,
XEL,Xcel Energy Inc.,XEL|Xcel Energy Inc.,US,
XENE,Xenon Pharmaceuticals Inc.,XENE|Xenon Pharmaceuticals Inc.,US,
XERS,"Xeris Biopharma Holdings, Inc.","XERS|Xeris Biopharma Holdings, Inc.",US,
XHR,"Xenia Hotels & Resorts, Inc.","XHR|Xenia Hotels & Resorts, Inc.",US,
XIFR,"XPLR Infrastructure, LP","XIFR|XPLR Infrastructure, LP",US,
XMAX,"XMAX, Inc.","XMAX|XMAX, Inc.",US,
XMTR,"Xometry, Inc.","XMTR|Xometry, Inc.",US,
XNCR,"Xencor, Inc.","XNCR|Xencor, Inc.",US,
XNDU,Xanadu Quantum Technologies Lim,XNDU|Xanadu Quantum Technologies Lim,US,
XOM,ExxonMobil Holdings Corporation,XOM|ExxonMobil Holdings Corporation,US,
XP,XP Inc.,XP|XP Inc.,US,
XPEL,"XPEL, Inc.","XPEL|XPEL, Inc.",US,
XPEV,XPeng Inc.,XPEV|XPeng Inc.,US,
XPO,"XPO, Inc.","XPO|XPO, Inc.",US,
XPOF,"Xponential Fitness, Inc.","XPOF|Xponential Fitness, Inc.",US,
XPRO,Expro Ltd,XPRO|Expro Ltd,US,
XRAY,DENTSPLY SIRONA Inc.,XRAY|DENTSPLY SIRONA Inc.,US,
XRN,Chiron Real Estate Inc.,XRN|Chiron Real Estate Inc.,US,
XRX,Xerox Holdings Corporation,XRX|Xerox Holdings Corporation,US,
XXI,"Twenty One Capital, Inc.","XXI|Twenty One Capital, Inc.",US,
XYL,Xylem Inc.,XYL|Xylem Inc.,US,
XYZ,"Block, Inc.","XYZ|Block, Inc.",US,
YELP,Yelp Inc.,YELP|Yelp Inc.,US,
YETI,"YETI Holdings, Inc.","YETI|YETI Holdings, Inc.",US,
YEXT,"Yext, Inc.","YEXT|Yext, Inc.",US,
YMM,Full Truck Alliance Co. Ltd.,YMM|Full Truck Alliance Co. Ltd.,US,
YORW,The York Water Company,YORW|The York Water Company,US,
YOU,"Clear Secure, Inc.","YOU|Clear Secure, Inc.",US,
YPF,YPF Sociedad Anonima,YPF|YPF Sociedad Anonima,US,
YSS,York Space Systems Inc.,YSS|York Space Systems Inc.,US,
YSWY,"Yesway, Inc.","YSWY|Yesway, Inc.",US,
YUM,"Yum! Brands, Inc.","YUM|Yum! Brands, Inc.",US,
YUMC,"Yum China Holdings, Inc.","YUMC|Yum China Holdings, Inc.",US,
Z,"Zillow Group, Inc.","Z|Zillow Group, Inc.",US,
ZBH,"Zimmer Biomet Holdings, Inc.","ZBH|Zimmer Biomet Holdings, Inc.",US,
ZBIO,"Zenas BioPharma, Inc.","ZBIO|Zenas BioPharma, Inc.",US,
ZBRA,Zebra Technologies Corporation,ZBRA|Zebra Technologies Corporation,US,
ZD,"Ziff Davis, Inc.","ZD|Ziff Davis, Inc.",US,
ZETA,Zeta Global Holdings Corp.,ZETA|Zeta Global Holdings Corp.,US,
ZG,"Zillow Group, Inc.","ZG|Zillow Group, Inc.",US,
ZGN,Ermenegildo Zegna N.V.,ZGN|Ermenegildo Zegna N.V.,US,
ZIM,ZIM Integrated Shipping Service,ZIM|ZIM Integrated Shipping Service,US,
ZION,Zions Bancorporation N.A.,ZION|Zions Bancorporation N.A.,US,
ZLAB,Zai Lab Limited,ZLAB|Zai Lab Limited,US,
ZM,"Zoom Communications, Inc.","ZM|Zoom Communications, Inc.",US,
ZNTL,"Zentalis Pharmaceuticals, Inc.","ZNTL|Zentalis Pharmaceuticals, Inc.",US,
ZS,"Zscaler, Inc.","ZS|Zscaler, Inc.",US,
ZTO,ZTO Express (Cayman) Inc.,ZTO|ZTO Express (Cayman) Inc.,US,
ZTS,Zoetis Inc.,ZTS|Zoetis Inc.,US,
ZUMZ,Zumiez Inc.,ZUMZ|Zumiez Inc.,US,
ZURA,Zura Bio Limited,ZURA|Zura Bio Limited,US,
ZVRA,,ZVRA,US,
ZWS,Zurn Elkay Water Solutions Corp,ZWS|Zurn Elkay Water Solutions Corp,US,
ZYME,Zymeworks Inc.,ZYME|Zymeworks Inc.,US,
