{
  "status": "ok",
  "result_keys": [
    "all_paths",
    "paths",
    "mean_path",
    "median_path",
    "p05",
    "p25",
    "p75",
    "p95",
    "final_mean",
    "final_median",
    "final_p05",
    "final_p10",
    "final_p25",
    "final_p75",
    "final_p90",
    "final_p95",
    "total_return_pct",
    "annual_return_pct",
    "crash_prob_1y",
    "crash_prob_5y",
    "crash_probs",
    "cvar_95_pct",
    "max_dd_pct",
    "max_drawdown_pct",
    "scenarios",
    "ml_crash_prob",
    "ml_predicted_return",
    "garch_vol",
    "realism_check"
  ],
  "current_price": 7023.240234375,
  "final_mean": 9872.463487675846,
  "final_median": 8980.46525364642,
  "final_p05": 3899.2928685487473,
  "final_p10": 4772.914900437426,
  "final_p25": 6535.065715136547,
  "final_p75": 12285.56082138996,
  "final_p90": 16198.638112005314,
  "final_p95": 19003.16675290614,
  "total_return_pct": 40.56850055271391,
  "annual_return_pct": 7.047764544275847,
  "crash_prob_1y": 25.2,
  "crash_prob_5y": 81.53,
  "cvar_95_pct": -54.41741033044245,
  "max_dd_pct": -30.715844643282114,
  "max_drawdown_pct": 30.715844643282114
}