{
  "status": "ok",
  "result_keys": [
    "all_paths",
    "paths",
    "mean_path",
    "median_path",
    "p05",
    "p25",
    "p75",
    "p95",
    "final_mean",
    "final_median",
    "final_p05",
    "final_p10",
    "final_p25",
    "final_p75",
    "final_p90",
    "final_p95",
    "total_return_pct",
    "annual_return_pct",
    "crash_prob_1y",
    "crash_prob_5y",
    "crash_probs",
    "cvar_95_pct",
    "max_dd_pct",
    "max_drawdown_pct",
    "scenarios",
    "ml_crash_prob",
    "ml_predicted_return",
    "garch_vol",
    "realism_check"
  ],
  "current_price": 6816.89013671875,
  "final_mean": 9600.018350817883,
  "final_median": 8689.832159889615,
  "final_p05": 3811.9742965712885,
  "final_p10": 4651.073428726203,
  "final_p25": 6294.905950589463,
  "final_p75": 11931.523791970198,
  "final_p90": 15745.180539272522,
  "final_p95": 18298.096775863658,
  "total_return_pct": 40.82694833393292,
  "annual_return_pct": 7.087099007945863,
  "crash_prob_1y": 24.62,
  "crash_prob_5y": 81.55,
  "cvar_95_pct": -55.255592901802586,
  "max_dd_pct": -30.755788200503304,
  "max_drawdown_pct": 30.755788200503304
}