{
  "status": "ok",
  "result_keys": [
    "all_paths",
    "paths",
    "mean_path",
    "median_path",
    "p05",
    "p25",
    "p75",
    "p95",
    "final_mean",
    "final_median",
    "final_p05",
    "final_p10",
    "final_p25",
    "final_p75",
    "final_p90",
    "final_p95",
    "total_return_pct",
    "annual_return_pct",
    "crash_prob_1y",
    "crash_prob_5y",
    "crash_probs",
    "cvar_95_pct",
    "max_dd_pct",
    "max_drawdown_pct",
    "scenarios",
    "ml_crash_prob",
    "ml_predicted_return",
    "garch_vol",
    "realism_check"
  ],
  "current_price": 6816.89013671875,
  "final_mean": 9543.25478089059,
  "final_median": 8698.863818935795,
  "final_p05": 3823.2477545562965,
  "final_p10": 4704.723879784998,
  "final_p25": 6330.190414179327,
  "final_p75": 11828.995609431317,
  "final_p90": 15478.263366518486,
  "final_p95": 18105.85294109319,
  "total_return_pct": 39.99425822467708,
  "annual_return_pct": 6.9601602063334544,
  "crash_prob_1y": 25.55,
  "crash_prob_5y": 82.15,
  "cvar_95_pct": -53.926829213833486,
  "max_dd_pct": -30.68652196795267,
  "max_drawdown_pct": 30.68652196795267
}