{
  "status": "ok",
  "result_keys": [
    "all_paths",
    "paths",
    "mean_path",
    "median_path",
    "p05",
    "p25",
    "p75",
    "p95",
    "final_mean",
    "final_median",
    "final_p05",
    "final_p10",
    "final_p25",
    "final_p75",
    "final_p90",
    "final_p95",
    "total_return_pct",
    "annual_return_pct",
    "crash_prob_1y",
    "crash_prob_5y",
    "crash_probs",
    "cvar_95_pct",
    "max_dd_pct",
    "max_drawdown_pct",
    "scenarios",
    "ml_crash_prob",
    "ml_predicted_return",
    "garch_vol",
    "realism_check"
  ],
  "current_price": 6816.89013671875,
  "final_mean": 9572.629835855389,
  "final_median": 8689.175567456583,
  "final_p05": 3778.759208730859,
  "final_p10": 4607.080483095784,
  "final_p25": 6356.230258116334,
  "final_p75": 11897.532423615525,
  "final_p90": 15622.137279583747,
  "final_p95": 18167.021787446956,
  "total_return_pct": 40.42517399969554,
  "annual_return_pct": 7.025926012314043,
  "crash_prob_1y": 25.650000000000002,
  "crash_prob_5y": 81.93,
  "cvar_95_pct": -54.36000381961556,
  "max_dd_pct": -30.785507642079978,
  "max_drawdown_pct": 30.785507642079978
}