{
  "status": "ok",
  "result_keys": [
    "all_paths",
    "paths",
    "mean_path",
    "median_path",
    "p05",
    "p25",
    "p75",
    "p95",
    "final_mean",
    "final_median",
    "final_p05",
    "final_p10",
    "final_p25",
    "final_p75",
    "final_p90",
    "final_p95",
    "total_return_pct",
    "annual_return_pct",
    "crash_prob_1y",
    "crash_prob_5y",
    "crash_probs",
    "cvar_95_pct",
    "max_dd_pct",
    "max_drawdown_pct",
    "scenarios",
    "ml_crash_prob",
    "ml_predicted_return",
    "garch_vol",
    "realism_check"
  ],
  "current_price": 6960.25,
  "final_mean": 9772.7117363885,
  "final_median": 8873.094213033113,
  "final_p05": 3967.5648191905607,
  "final_p10": 4789.466443102776,
  "final_p25": 6393.860395703757,
  "final_p75": 12148.872072459999,
  "final_p90": 15923.207608467255,
  "final_p95": 18648.15218244471,
  "total_return_pct": 40.4074815759276,
  "annual_return_pct": 7.023228998069286,
  "crash_prob_1y": 25.35,
  "crash_prob_5y": 81.97,
  "cvar_95_pct": -53.995890127147405,
  "max_dd_pct": -30.753528045900413,
  "max_drawdown_pct": 30.753528045900413
}