{
  "status": "ok",
  "result_keys": [
    "all_paths",
    "paths",
    "mean_path",
    "median_path",
    "p05",
    "p25",
    "p75",
    "p95",
    "final_mean",
    "final_median",
    "final_p05",
    "final_p10",
    "final_p25",
    "final_p75",
    "final_p90",
    "final_p95",
    "total_return_pct",
    "annual_return_pct",
    "crash_prob_1y",
    "crash_prob_5y",
    "crash_probs",
    "cvar_95_pct",
    "max_dd_pct",
    "max_drawdown_pct",
    "scenarios",
    "ml_crash_prob",
    "ml_predicted_return",
    "garch_vol",
    "realism_check"
  ],
  "current_price": 6816.89013671875,
  "final_mean": 9589.024456504687,
  "final_median": 8715.089454082967,
  "final_p05": 3816.944568477693,
  "final_p10": 4630.254404411805,
  "final_p25": 6299.727044004367,
  "final_p75": 11920.466871515377,
  "final_p90": 15743.755697308543,
  "final_p95": 18444.276131061386,
  "total_return_pct": 40.66567399779571,
  "annual_return_pct": 7.062560639916682,
  "crash_prob_1y": 25.869999999999997,
  "crash_prob_5y": 82.17999999999999,
  "cvar_95_pct": -54.73511188687428,
  "max_dd_pct": -30.7669596573903,
  "max_drawdown_pct": 30.7669596573903
}