{
  "status": "ok",
  "result_keys": [
    "all_paths",
    "paths",
    "mean_path",
    "median_path",
    "p05",
    "p25",
    "p75",
    "p95",
    "final_mean",
    "final_median",
    "final_p05",
    "final_p10",
    "final_p25",
    "final_p75",
    "final_p90",
    "final_p95",
    "total_return_pct",
    "annual_return_pct",
    "crash_prob_1y",
    "crash_prob_5y",
    "crash_probs",
    "cvar_95_pct",
    "max_dd_pct",
    "max_drawdown_pct",
    "scenarios",
    "ml_crash_prob",
    "ml_predicted_return",
    "garch_vol",
    "realism_check"
  ],
  "current_price": 6816.89013671875,
  "final_mean": 9564.324761143032,
  "final_median": 8732.838614818475,
  "final_p05": 3873.270099906767,
  "final_p10": 4653.45095528436,
  "final_p25": 6314.472341355841,
  "final_p75": 11857.099088564353,
  "final_p90": 15718.503408286073,
  "final_p95": 18356.604746692523,
  "total_return_pct": 40.303343156806925,
  "annual_return_pct": 7.007348736229302,
  "crash_prob_1y": 25.369999999999997,
  "crash_prob_5y": 81.67,
  "cvar_95_pct": -53.58953012102352,
  "max_dd_pct": -30.82986181707721,
  "max_drawdown_pct": 30.82986181707721
}