{
  "status": "ok",
  "result_keys": [
    "all_paths",
    "paths",
    "mean_path",
    "median_path",
    "p05",
    "p25",
    "p75",
    "p95",
    "final_mean",
    "final_median",
    "final_p05",
    "final_p10",
    "final_p25",
    "final_p75",
    "final_p90",
    "final_p95",
    "total_return_pct",
    "annual_return_pct",
    "crash_prob_1y",
    "crash_prob_5y",
    "crash_probs",
    "cvar_95_pct",
    "max_dd_pct",
    "max_drawdown_pct",
    "scenarios",
    "ml_crash_prob",
    "ml_predicted_return",
    "garch_vol",
    "realism_check"
  ],
  "current_price": 6816.89013671875,
  "final_mean": 9572.744380634309,
  "final_median": 8671.69423970075,
  "final_p05": 3876.0565148999262,
  "final_p10": 4705.280981464484,
  "final_p25": 6264.457421613664,
  "final_p75": 11936.078372423153,
  "final_p90": 15656.35835517366,
  "final_p95": 18203.115238305512,
  "total_return_pct": 40.426854308115125,
  "annual_return_pct": 7.026182142605686,
  "crash_prob_1y": 24.89,
  "crash_prob_5y": 81.41000000000001,
  "cvar_95_pct": -54.134177338529774,
  "max_dd_pct": -30.673467731022107,
  "max_drawdown_pct": 30.673467731022107
}