{
  "status": "ok",
  "result_keys": [
    "all_paths",
    "paths",
    "mean_path",
    "median_path",
    "p05",
    "p25",
    "p75",
    "p95",
    "final_mean",
    "final_median",
    "final_p05",
    "final_p10",
    "final_p25",
    "final_p75",
    "final_p90",
    "final_p95",
    "total_return_pct",
    "annual_return_pct",
    "crash_prob_1y",
    "crash_prob_5y",
    "crash_probs",
    "cvar_95_pct",
    "max_dd_pct",
    "max_drawdown_pct",
    "scenarios",
    "ml_crash_prob",
    "ml_predicted_return",
    "garch_vol",
    "realism_check"
  ],
  "current_price": 7041.27978515625,
  "final_mean": 9893.87265104428,
  "final_median": 9037.403353674046,
  "final_p05": 3899.3738800518895,
  "final_p10": 4829.823741730554,
  "final_p25": 6514.429413356409,
  "final_p75": 12179.84573896801,
  "final_p90": 16266.552114157326,
  "final_p95": 18984.735176714057,
  "total_return_pct": 40.5124203685471,
  "annual_return_pct": 7.039221781761418,
  "crash_prob_1y": 25.319999999999997,
  "crash_prob_5y": 82.57,
  "cvar_95_pct": -54.81474120455666,
  "max_dd_pct": -30.81672459274544,
  "max_drawdown_pct": 30.81672459274544
}