{
  "status": "ok",
  "result_keys": [
    "all_paths",
    "paths",
    "mean_path",
    "median_path",
    "p05",
    "p25",
    "p75",
    "p95",
    "final_mean",
    "final_median",
    "final_p05",
    "final_p10",
    "final_p25",
    "final_p75",
    "final_p90",
    "final_p95",
    "total_return_pct",
    "annual_return_pct",
    "crash_prob_1y",
    "crash_prob_5y",
    "crash_probs",
    "cvar_95_pct",
    "max_dd_pct",
    "max_drawdown_pct",
    "scenarios",
    "ml_crash_prob",
    "ml_predicted_return",
    "garch_vol",
    "realism_check"
  ],
  "current_price": 6816.89013671875,
  "final_mean": 9569.421647435043,
  "final_median": 8695.181986877673,
  "final_p05": 3847.73956078018,
  "final_p10": 4656.150727921757,
  "final_p25": 6335.60148048663,
  "final_p75": 11915.851355869814,
  "final_p90": 15559.393430076321,
  "final_p95": 18316.197302304652,
  "total_return_pct": 40.378111653728375,
  "annual_return_pct": 7.018751278071056,
  "crash_prob_1y": 25.679999999999996,
  "crash_prob_5y": 81.55,
  "cvar_95_pct": -53.950900855135664,
  "max_dd_pct": -30.699636117337377,
  "max_drawdown_pct": 30.699636117337377
}