{
  "status": "ok",
  "result_keys": [
    "all_paths",
    "paths",
    "mean_path",
    "median_path",
    "p05",
    "p25",
    "p75",
    "p95",
    "final_mean",
    "final_median",
    "final_p05",
    "final_p10",
    "final_p25",
    "final_p75",
    "final_p90",
    "final_p95",
    "total_return_pct",
    "annual_return_pct",
    "crash_prob_1y",
    "crash_prob_5y",
    "crash_probs",
    "cvar_95_pct",
    "max_dd_pct",
    "max_drawdown_pct",
    "scenarios",
    "ml_crash_prob",
    "ml_predicted_return",
    "garch_vol",
    "realism_check"
  ],
  "current_price": 6816.89013671875,
  "final_mean": 9588.096137420782,
  "final_median": 8699.291530985802,
  "final_p05": 3820.484651241529,
  "final_p10": 4656.605097193092,
  "final_p25": 6342.796313540308,
  "final_p75": 11848.13520002563,
  "final_p90": 15681.757068369338,
  "final_p95": 18497.823161361124,
  "total_return_pct": 40.652056071361706,
  "annual_return_pct": 7.0604876017756,
  "crash_prob_1y": 25.319999999999997,
  "crash_prob_5y": 82.11,
  "cvar_95_pct": -54.710572581882545,
  "max_dd_pct": -30.753809973028456,
  "max_drawdown_pct": 30.753809973028456
}