{
  "status": "ok",
  "result_keys": [
    "all_paths",
    "paths",
    "mean_path",
    "median_path",
    "p05",
    "p25",
    "p75",
    "p95",
    "final_mean",
    "final_median",
    "final_p05",
    "final_p10",
    "final_p25",
    "final_p75",
    "final_p90",
    "final_p95",
    "total_return_pct",
    "annual_return_pct",
    "crash_prob_1y",
    "crash_prob_5y",
    "crash_probs",
    "cvar_95_pct",
    "max_dd_pct",
    "max_drawdown_pct",
    "scenarios",
    "ml_crash_prob",
    "ml_predicted_return",
    "garch_vol",
    "realism_check"
  ],
  "current_price": 7031.419921875,
  "final_mean": 9872.824634997785,
  "final_median": 9004.688741355825,
  "final_p05": 3959.372562579774,
  "final_p10": 4753.891796862961,
  "final_p25": 6546.8508531266725,
  "final_p75": 12254.487800168074,
  "final_p90": 16104.154017545901,
  "final_p95": 18931.948280476692,
  "total_return_pct": 40.41011267557884,
  "annual_return_pct": 7.023630097307976,
  "crash_prob_1y": 25.040000000000003,
  "crash_prob_5y": 81.74,
  "cvar_95_pct": -54.25935064143278,
  "max_dd_pct": -30.76244969577652,
  "max_drawdown_pct": 30.76244969577652
}