{
  "status": "ok",
  "result_keys": [
    "all_paths",
    "paths",
    "mean_path",
    "median_path",
    "p05",
    "p25",
    "p75",
    "p95",
    "final_mean",
    "final_median",
    "final_p05",
    "final_p10",
    "final_p25",
    "final_p75",
    "final_p90",
    "final_p95",
    "total_return_pct",
    "annual_return_pct",
    "crash_prob_1y",
    "crash_prob_5y",
    "crash_probs",
    "cvar_95_pct",
    "max_dd_pct",
    "max_drawdown_pct",
    "scenarios",
    "ml_crash_prob",
    "ml_predicted_return",
    "garch_vol",
    "realism_check"
  ],
  "current_price": 7041.27978515625,
  "final_mean": 9883.614252904856,
  "final_median": 8957.337991414795,
  "final_p05": 3986.5036596387804,
  "final_p10": 4863.867380146244,
  "final_p25": 6505.981926645163,
  "final_p75": 12288.00618068477,
  "final_p90": 16156.358649283262,
  "final_p95": 18864.76902521072,
  "total_return_pct": 40.36673097042021,
  "annual_return_pct": 7.017015984726149,
  "crash_prob_1y": 24.88,
  "crash_prob_5y": 81.57,
  "cvar_95_pct": -53.77393079057031,
  "max_dd_pct": -30.741694734432922,
  "max_drawdown_pct": 30.741694734432922
}