{
  "status": "ok",
  "result_keys": [
    "all_paths",
    "paths",
    "mean_path",
    "median_path",
    "p05",
    "p25",
    "p75",
    "p95",
    "final_mean",
    "final_median",
    "final_p05",
    "final_p10",
    "final_p25",
    "final_p75",
    "final_p90",
    "final_p95",
    "total_return_pct",
    "annual_return_pct",
    "crash_prob_1y",
    "crash_prob_5y",
    "crash_probs",
    "cvar_95_pct",
    "max_dd_pct",
    "max_drawdown_pct",
    "scenarios",
    "ml_crash_prob",
    "ml_predicted_return",
    "garch_vol",
    "realism_check"
  ],
  "current_price": 7041.27978515625,
  "final_mean": 9891.77964051937,
  "final_median": 8984.569638134155,
  "final_p05": 3942.9795852229804,
  "final_p10": 4794.362164734845,
  "final_p25": 6560.981129982336,
  "final_p75": 12283.081528493089,
  "final_p90": 16042.236712540014,
  "final_p95": 19072.95141674112,
  "total_return_pct": 40.48269550902195,
  "annual_return_pct": 7.0346926517532715,
  "crash_prob_1y": 24.82,
  "crash_prob_5y": 81.81,
  "cvar_95_pct": -54.50965480810165,
  "max_dd_pct": -30.83509326222214,
  "max_drawdown_pct": 30.83509326222214
}