{
  "status": "ok",
  "result_keys": [
    "all_paths",
    "paths",
    "mean_path",
    "median_path",
    "p05",
    "p25",
    "p75",
    "p95",
    "final_mean",
    "final_median",
    "final_p05",
    "final_p10",
    "final_p25",
    "final_p75",
    "final_p90",
    "final_p95",
    "total_return_pct",
    "annual_return_pct",
    "crash_prob_1y",
    "crash_prob_5y",
    "crash_probs",
    "cvar_95_pct",
    "max_dd_pct",
    "max_drawdown_pct",
    "scenarios",
    "ml_crash_prob",
    "ml_predicted_return",
    "garch_vol",
    "realism_check"
  ],
  "current_price": 6816.89013671875,
  "final_mean": 9588.075259500862,
  "final_median": 8729.562010681497,
  "final_p05": 3812.7589382255146,
  "final_p10": 4659.684076388647,
  "final_p25": 6307.845615720307,
  "final_p75": 11862.56706078455,
  "final_p90": 15641.303349276985,
  "final_p95": 18457.723602470636,
  "total_return_pct": 40.651749803848205,
  "annual_return_pct": 7.06044097724865,
  "crash_prob_1y": 24.73,
  "crash_prob_5y": 81.63,
  "cvar_95_pct": -54.56538294520148,
  "max_dd_pct": -30.72466709547998,
  "max_drawdown_pct": 30.72466709547998
}