{
  "status": "ok",
  "result_keys": [
    "all_paths",
    "paths",
    "mean_path",
    "median_path",
    "p05",
    "p25",
    "p75",
    "p95",
    "final_mean",
    "final_median",
    "final_p05",
    "final_p10",
    "final_p25",
    "final_p75",
    "final_p90",
    "final_p95",
    "total_return_pct",
    "annual_return_pct",
    "crash_prob_1y",
    "crash_prob_5y",
    "crash_probs",
    "cvar_95_pct",
    "max_dd_pct",
    "max_drawdown_pct",
    "scenarios",
    "ml_crash_prob",
    "ml_predicted_return",
    "garch_vol",
    "realism_check"
  ],
  "current_price": 7041.27978515625,
  "final_mean": 9886.704109442577,
  "final_median": 8953.530538437664,
  "final_p05": 3985.671937056612,
  "final_p10": 4857.75820225254,
  "final_p25": 6556.638602803737,
  "final_p75": 12256.105347480898,
  "final_p90": 16194.928200245608,
  "final_p95": 19107.713509480374,
  "total_return_pct": 40.410613000846475,
  "annual_return_pct": 7.0237063689511325,
  "crash_prob_1y": 25.080000000000002,
  "crash_prob_5y": 81.74,
  "cvar_95_pct": -54.576943474268944,
  "max_dd_pct": -30.708280050790528,
  "max_drawdown_pct": 30.708280050790528
}