{
  "status": "ok",
  "result_keys": [
    "all_paths",
    "paths",
    "mean_path",
    "median_path",
    "p05",
    "p25",
    "p75",
    "p95",
    "final_mean",
    "final_median",
    "final_p05",
    "final_p10",
    "final_p25",
    "final_p75",
    "final_p90",
    "final_p95",
    "total_return_pct",
    "annual_return_pct",
    "crash_prob_1y",
    "crash_prob_5y",
    "crash_probs",
    "cvar_95_pct",
    "max_dd_pct",
    "max_drawdown_pct",
    "scenarios",
    "ml_crash_prob",
    "ml_predicted_return",
    "garch_vol",
    "realism_check"
  ],
  "current_price": 6966.08984375,
  "final_mean": 9810.167398215117,
  "final_median": 8904.36110768386,
  "final_p05": 3849.3373827202454,
  "final_p10": 4736.990295325079,
  "final_p25": 6474.085043821528,
  "final_p75": 12116.769992590935,
  "final_p90": 16082.335040321335,
  "final_p95": 18974.872095023813,
  "total_return_pct": 40.82746014274898,
  "annual_return_pct": 7.087176845380161,
  "crash_prob_1y": 25.380000000000003,
  "crash_prob_5y": 81.39999999999999,
  "cvar_95_pct": -55.10654198185057,
  "max_dd_pct": -30.749181557288672,
  "max_drawdown_pct": 30.749181557288672
}