{
  "status": "ok",
  "result_keys": [
    "all_paths",
    "paths",
    "mean_path",
    "median_path",
    "p05",
    "p25",
    "p75",
    "p95",
    "final_mean",
    "final_median",
    "final_p05",
    "final_p10",
    "final_p25",
    "final_p75",
    "final_p90",
    "final_p95",
    "total_return_pct",
    "annual_return_pct",
    "crash_prob_1y",
    "crash_prob_5y",
    "crash_probs",
    "cvar_95_pct",
    "max_dd_pct",
    "max_drawdown_pct",
    "scenarios",
    "ml_crash_prob",
    "ml_predicted_return",
    "garch_vol",
    "realism_check"
  ],
  "current_price": 7031.0,
  "final_mean": 9884.429042230824,
  "final_median": 8975.308595955103,
  "final_p05": 3925.780053974475,
  "final_p10": 4788.696242594059,
  "final_p25": 6488.186858219968,
  "final_p75": 12317.565076659843,
  "final_p90": 16110.917528052276,
  "final_p95": 19163.737368355745,
  "total_return_pct": 40.58354490443499,
  "annual_return_pct": 7.0500558047998485,
  "crash_prob_1y": 25.0,
  "crash_prob_5y": 81.23,
  "cvar_95_pct": -54.66515622307554,
  "max_dd_pct": -30.693854004631078,
  "max_drawdown_pct": 30.693854004631078
}