{
  "status": "ok",
  "result_keys": [
    "all_paths",
    "paths",
    "mean_path",
    "median_path",
    "p05",
    "p25",
    "p75",
    "p95",
    "final_mean",
    "final_median",
    "final_p05",
    "final_p10",
    "final_p25",
    "final_p75",
    "final_p90",
    "final_p95",
    "total_return_pct",
    "annual_return_pct",
    "crash_prob_1y",
    "crash_prob_5y",
    "crash_probs",
    "cvar_95_pct",
    "max_dd_pct",
    "max_drawdown_pct",
    "scenarios",
    "ml_crash_prob",
    "ml_predicted_return",
    "garch_vol",
    "realism_check"
  ],
  "current_price": 6816.89013671875,
  "final_mean": 9570.389392964567,
  "final_median": 8690.96710930976,
  "final_p05": 3858.869678522685,
  "final_p10": 4643.836596047253,
  "final_p25": 6346.488046748227,
  "final_p75": 11906.736400882724,
  "final_p90": 15559.140631553091,
  "final_p95": 18439.49191377858,
  "total_return_pct": 40.392307944267245,
  "annual_return_pct": 7.020915729231203,
  "crash_prob_1y": 26.150000000000002,
  "crash_prob_5y": 81.98,
  "cvar_95_pct": -54.546400467027404,
  "max_dd_pct": -30.724963803962897,
  "max_drawdown_pct": 30.724963803962897
}