{
  "status": "ok",
  "result_keys": [
    "all_paths",
    "paths",
    "mean_path",
    "median_path",
    "p05",
    "p25",
    "p75",
    "p95",
    "final_mean",
    "final_median",
    "final_p05",
    "final_p10",
    "final_p25",
    "final_p75",
    "final_p90",
    "final_p95",
    "total_return_pct",
    "annual_return_pct",
    "crash_prob_1y",
    "crash_prob_5y",
    "crash_probs",
    "cvar_95_pct",
    "max_dd_pct",
    "max_drawdown_pct",
    "scenarios",
    "ml_crash_prob",
    "ml_predicted_return",
    "garch_vol",
    "realism_check"
  ],
  "current_price": 6816.89013671875,
  "final_mean": 9574.405460711,
  "final_median": 8665.682112977041,
  "final_p05": 3887.4489541926,
  "final_p10": 4704.075903180896,
  "final_p25": 6345.431591045315,
  "final_p75": 11904.983233471046,
  "final_p90": 15566.086987695327,
  "final_p95": 18420.336592905507,
  "total_return_pct": 40.45122143217574,
  "annual_return_pct": 7.029896160522342,
  "crash_prob_1y": 26.009999999999998,
  "crash_prob_5y": 81.54,
  "cvar_95_pct": -53.8253441281613,
  "max_dd_pct": -30.76764837174076,
  "max_drawdown_pct": 30.76764837174076
}