date,month,n,n_tradable,ic_GBM_EVENT,gross_GBM_EVENT,pred_GBM_EVENT,ic_StockMixer_T1_EVENT,gross_StockMixer_T1_EVENT,pred_StockMixer_T1_EVENT,ic_GBM_SCALAR,gross_GBM_SCALAR,pred_GBM_SCALAR,ic_StockMixer_T1_SCALAR,gross_StockMixer_T1_SCALAR,pred_StockMixer_T1_SCALAR,ic_GBM_TFIDF,gross_GBM_TFIDF,pred_GBM_TFIDF,ic_StockMixer_T1_TFIDF,gross_StockMixer_T1_TFIDF,pred_StockMixer_T1_TFIDF,ic_GBM_SHUFFLE,gross_GBM_SHUFFLE,pred_GBM_SHUFFLE,ic_StockMixer_T1_SHUFFLE,gross_StockMixer_T1_SHUFFLE,pred_StockMixer_T1_SHUFFLE,ic_GBM_SCALAR_SHUFFLE,gross_GBM_SCALAR_SHUFFLE,pred_GBM_SCALAR_SHUFFLE,ic_StockMixer_T1_SCALAR_SHUFFLE,gross_StockMixer_T1_SCALAR_SHUFFLE,pred_StockMixer_T1_SCALAR_SHUFFLE,ic_GBM_NOTEXT,gross_GBM_NOTEXT,pred_GBM_NOTEXT,ic_StockMixer_T1_NOTEXT,gross_StockMixer_T1_NOTEXT,pred_StockMixer_T1_NOTEXT,turnover_GBM_EVENT,net_GBM_EVENT,turnover_GBM_SCALAR,net_GBM_SCALAR,turnover_GBM_TFIDF,net_GBM_TFIDF,turnover_GBM_SHUFFLE,net_GBM_SHUFFLE,turnover_GBM_SCALAR_SHUFFLE,net_GBM_SCALAR_SHUFFLE,turnover_GBM_NOTEXT,net_GBM_NOTEXT,turnover_StockMixer_T1_EVENT,net_StockMixer_T1_EVENT,turnover_StockMixer_T1_SCALAR,net_StockMixer_T1_SCALAR,turnover_StockMixer_T1_TFIDF,net_StockMixer_T1_TFIDF,turnover_StockMixer_T1_SHUFFLE,net_StockMixer_T1_SHUFFLE,turnover_StockMixer_T1_SCALAR_SHUFFLE,net_StockMixer_T1_SCALAR_SHUFFLE,turnover_StockMixer_T1_NOTEXT,net_StockMixer_T1_NOTEXT
2025-08-01,2025-08,372,364,0.028785001327545127,0.0010684519349292536,0.048984799537872235,-0.02419675361018846,-0.019491535176220206,0.23391994461417198,0.15085225133704425,0.022218900954911892,0.04774733760951439,-0.017958340491664906,-0.015710976221550186,0.1553013849382599,-0.008395822116293722,0.037084936672091486,0.07577143360403547,0.004521150501409187,-0.00033073295240458774,0.4830176482597987,0.07252499083306196,0.005132845022898581,0.05401948902183467,-0.04342086583915188,-0.01896995875511226,0.35859553220992285,0.045899260887210414,0.02466508989188229,0.04566007042044716,-0.03263360010890765,0.0030573327597677507,0.15837538583825034,0.14135756466450172,0.029658329624189184,0.048074912906012665,-0.057866514929462945,-0.009593530819413134,0.18033653621872264,1.0,-0.0014315480650707465,1.0,0.019718900954911894,1.0,0.03458493667209148,1.0,0.002632845022898581,1.0,0.022165089891882293,1.0,0.027158329624189185,1.0,-0.021991535176220205,1.0,-0.018210976221550185,1.0,-0.002830732952404588,1.0,-0.021469958755112258,1.0,0.0005573327597677507,1.0,-0.012093530819413134
2025-08-04,2025-08,396,387,0.05371490888776053,0.021242455720320765,0.0493638826872193,0.022453693381879917,0.012224458449961543,0.24372283655863541,0.1110973319795539,0.04242865826512715,0.048780197269015446,0.009855756003539986,0.012525398855501758,0.1572070846763941,0.04017112961756886,0.00841985146981684,0.060654623890487216,0.02329444687983245,0.011831363685874315,0.49806525386296785,0.03887141859261973,0.030102979973596095,0.05681967763928329,0.026849821438397398,0.06365125294369442,0.2933372303079336,0.0809580716593319,0.023339841504071063,0.04694269961235806,-0.0343456260632161,0.0047556336573190685,0.17024786178118145,0.07968606511272533,0.05132513308794523,0.047288660622465284,-0.11686401931169724,-0.014757049367887807,0.19594175817492682,1.564102564102564,0.017332199310064356,1.641025641025641,0.03832609416256305,1.846153846153846,0.0038044668544322258,1.7692307692307692,0.025679903050519173,1.7948717948717947,0.018852662016891578,1.7692307692307692,0.046902056164868304,1.3333333333333333,0.00889112511662821,1.435897435897436,0.008935655265758168,1.923076923076923,0.007023671378182008,1.6923076923076923,0.05942048371292519,1.5384615384615383,0.0009094798111652226,1.6153846153846154,-0.018795510906349344
2025-08-05,2025-08,473,453,0.025598019280131612,0.01812482786979759,0.053537076105923925,-0.08464892207526536,-0.05178829792189392,0.2324232552614477,-0.0015093078139734463,0.025699863400416315,0.05595287315024319,-0.01694042100956477,0.024699259145997538,0.14271065261628893,-0.02779842133535613,-0.030884614229516043,0.06619737166433132,-0.023676320570550684,-0.011621713510843816,0.49490038735999,0.062442026024050044,0.020443386719274526,0.05863703954740268,-0.04800698794776321,-0.015115160228566661,0.3168004559973876,0.020136502206923267,-0.013667837517426005,0.0537753422367056,-0.06423697969703168,0.019653018442164005,0.1503318804833624,0.02416792031262522,0.014768535068493818,0.055176862268193946,-0.05298271428655666,0.04964030341718416,0.16877632530199158,1.4666666666666666,0.014458161203130924,1.7333333333333334,0.02136653006708298,1.9333333333333333,-0.03571794756284938,1.7333333333333334,0.01611005338594119,1.8888888888888888,-0.01839005973964823,1.8444444444444443,0.010157423957382707,1.5777777777777777,-0.055732742366338364,1.511111111111111,0.02092148136821976,1.9111111111111112,-0.016399491288621594,1.6888888888888889,-0.019337382450788882,1.6222222222222222,0.01559746288660845,1.6666666666666667,0.04547363675051749
2025-08-06,2025-08,581,559,0.005725996770587505,0.031871694195151914,0.053025529853022536,-0.016623764878211746,0.010203870083679529,0.23672359037612165,0.03045498738644589,0.03081626102700131,0.057705491678922624,-0.007498441279209571,0.010667239774651496,0.16947603405320216,-0.028890972710142664,-0.006884542013434411,0.0655551508062661,-0.04444804048792059,-0.017487848186949175,0.5599316704486097,0.07796865181512194,0.03745671486280922,0.054468943899887594,0.050378345437001676,0.036796571779074826,0.3037230633199215,0.03987945076736788,0.021153063759532416,0.055409714887563716,-0.0003833321198052073,-0.007156940316571343,0.17616176997710553,-0.005202150410623507,0.02289726209585831,0.0600374013057475,-0.0913424456038567,-0.029222050831691423,0.20679507278172032,1.6428571428571428,0.027764551338009057,1.5892857142857142,0.026843046741287024,1.8035714285714286,-0.011393470584862984,1.8035714285714286,0.03294778629138065,1.8035714285714286,0.016644135188103842,1.7142857142857142,0.018611547810144024,1.4285714285714286,0.006632441512250958,1.3928571428571428,0.007185096917508639,1.8392857142857142,-0.02208606247266346,1.75,0.03242157177907483,1.6071428571428572,-0.011174797459428485,1.6607142857142858,-0.033373836545977136
2025-08-07,2025-08,589,550,-0.021736418148484305,0.02172554290824079,0.05586679838827757,0.0795239802091727,-0.015605213441484009,0.24336997243491088,-0.009207986785638826,0.025283240276032775,0.05627114285307082,-0.02895650129453041,-0.014242560056106962,0.15483437884937634,-0.028730153199080736,0.0027554645871139833,0.07111206338499944,0.06813444834615369,-0.013753968769110114,0.44068529294295744,0.018583315428988265,0.00904760674108717,0.05846777810817714,-0.032652093190449774,0.0045521083286459985,0.3155694237486883,-0.043723394356098254,0.033493799680156984,0.056098257663121855,-0.04925461106256851,-0.012494750784116302,0.15510664934461768,-0.02719678132284468,0.0005419057173949339,0.058406182881394084,-0.16260777586220623,-0.057276101256518115,0.18283568051728336,1.607142857142857,0.017707685765383646,1.8035714285714284,0.020774311704604205,1.8214285714285714,-0.0017981068414574452,1.8035714285714284,0.0045386781696586,1.7857142857142856,0.02902951396587127,1.7678571428571428,-0.0038777371397479233,1.4107142857142856,-0.019131999155769724,1.5,-0.017992560056106964,1.7857142857142856,-0.018218254483395827,1.75,0.00017710832864599804,1.732142857142857,-0.016825107926973445,1.732142857142857,-0.06160645839937526
2025-08-08,2025-08,366,353,0.054932813560023226,0.008684591221087236,0.05872221737176422,0.06837872936156877,0.016162198405762315,0.2592834454561983,-0.015363613995868105,-0.004777003645422422,0.06413059974140352,0.049464864911501746,0.004324644265297604,0.1932575095977102,-0.03893660617279401,-0.055201566354233206,0.07746850461199992,-0.08952369542247443,0.007837906327979836,0.5512478794370379,-0.053445404252186836,0.002577295919507571,0.059662551912471606,-0.05566782921765573,-0.022853828543148755,0.32552915747676575,0.012818472365534593,0.004077547652240329,0.05438239075257727,0.03026291740148351,0.019949235873659005,0.18579667987568038,0.031001849226456043,-0.0070561914655705125,0.05843652382778759,-0.016117232434581033,0.012253577407186095,0.213433511448758,1.7272727272727273,0.004366409402905417,1.7454545454545454,-0.009140640009058785,1.8727272727272726,-0.05988338453605139,1.8909090909090909,-0.0021499768077651565,1.7272727272727273,-0.00024063416594148884,1.7818181818181817,-0.011510736920115967,1.5272727272727271,0.012344016587580497,1.5454545454545454,0.0004610079016612407,1.909090909090909,0.003065179055252564,1.690909090909091,-0.02708110127042148,1.7454545454545454,0.015585599510022643,1.690909090909091,0.008026304679913368
2025-08-11,2025-08,398,376,0.05515209379144104,0.01697113552515523,0.06544266069187633,0.004942802921198816,-0.026331233354140993,0.26752639189362526,-0.028150164857647715,-0.010722873600436134,0.06512909134775458,0.03428422363537467,0.019778266448383514,0.2200783798961263,0.020592335571853963,0.008964696563957661,0.06634542437658646,0.009977337110325042,0.012268258011011121,0.5960149898340827,0.1077653997799742,0.03991211117018694,0.06795066523405834,0.10019083220266188,0.022617237553153695,0.3676136169876707,0.045376978897297984,0.020169557843510495,0.06727193045973802,0.023180428533285405,0.014619913425754878,0.22466355826901763,0.06315007468309122,-0.010693486471155639,0.061548782027956356,-0.0016703468513162435,-0.029141926193294327,0.26700108498334885,1.631578947368421,0.012892188156734177,1.6842105263157894,-0.014933399916225608,1.9736842105263157,0.004030486037641872,1.8684210526315788,0.035241058538608,1.8157894736842104,0.015630084159299968,1.7894736842105263,-0.015167170681681955,1.4210526315789473,-0.029883864933088363,1.368421052631579,0.016357213816804567,1.8684210526315788,0.007597205379432175,1.7105263157894737,0.01834092176368001,1.5526315789473684,0.010738334478386456,1.5,-0.03289192619329433
2025-08-12,2025-08,266,252,0.00334257309587303,-0.008512676649372108,0.060465276144446994,0.009095560610238761,0.003374544758393487,0.2884931191802025,0.00756151561859918,-0.014643715253582067,0.0606414574901971,0.11444543094008075,0.03438048907294563,0.18806334465742114,-0.015463553565441473,-0.01909930137197187,0.06454757953870849,-0.02996043576866245,0.04805044607510784,0.5281996098160744,-0.06994282398810255,-0.02568690339390666,0.05926908476985144,-0.10993064599170174,-0.005125414494648005,0.29572915509343145,0.011564314644997058,0.014586969297768499,0.06280922864171976,0.024708899660641957,0.04611871636504224,0.18469439655542375,-0.06268575827952327,-0.029776391583679555,0.058653813520652874,0.039427697928306034,0.02452555866259152,0.22964202016592022,1.7105263157894737,-0.012788992438845792,1.8157894736842104,-0.019183188937792594,1.9210526315789473,-0.023901932950919236,1.868421052631579,-0.03035795602548561,1.894736842105263,0.009850127192505342,1.8421052631578947,-0.03438165474157429,1.4210526315789473,-0.0001780868205538814,1.6052631578947367,0.030367331178208785,1.9736842105263157,0.04311623554879205,1.868421052631579,-0.009796467126226952,1.7105263157894737,0.04184240057556855,1.5526315789473684,0.0206439797152231
2025-08-13,2025-08,336,316,-0.0653562619362721,-0.012761189843467625,0.060254593867709975,0.028715376713944456,-0.013165233452861809,0.29708138946443796,0.01693894356290176,-0.04257218029824883,0.0579075234076311,0.07736236495428027,0.022827410944838474,0.17941805883310735,-0.11336275172328142,-0.04346977978418036,0.05453783013112773,-0.01610035830230441,0.022670473120879085,0.5352882221341133,0.01784370364488699,0.0021746799286091432,0.0637241609002616,-0.022815138850620507,-0.014606298451758884,0.32485409593209624,-0.006075495585498709,-0.012687941327548871,0.06287549917556587,0.06451065924426283,0.02033218845826617,0.18329514958895743,-0.029429061589804132,-0.04360139498220156,0.06131704324573383,0.13728563750313477,0.021014936035133523,0.21630393364466727,1.53125,-0.016589314843467623,1.84375,-0.04718155529824883,1.8125,-0.04800102978418036,1.8125,-0.0023565700713908564,1.78125,-0.01714106632754887,1.78125,-0.04805451998220156,1.40625,-0.01668085845286181,1.53125,0.018999285944838476,1.90625,0.017904848120879086,1.75,-0.018981298451758884,1.59375,0.01634781345826617,1.40625,0.01749931103513352
2025-08-14,2025-08,327,311,-0.0004789298740102141,0.01817326083932719,0.05936845922220765,-0.06193175875627889,-0.02122233201934684,0.25084210223247927,-0.005624637552958365,-0.009366237699787588,0.060060707563202004,-0.012049436339349058,-0.0059242471394355695,0.16134987326879655,-0.019551645400977626,-0.02727220498257274,0.06980304395716766,-0.03986801643005381,-0.015926197738772564,0.534290693219631,-0.018009204685550687,-0.012426196213151216,0.06563542703703754,-0.03163837173795529,-0.020590242026273405,0.34723098263625174,-0.03535672768203531,-0.015529213074837452,0.059109136263662376,-0.026915138207990713,-0.02985066231406404,0.16623618177348568,-0.026365512241369696,-0.0056319467396017606,0.05043834677620427,0.08851983127460157,-0.00740639156153575,0.1781610299742991,1.59375,0.014188885839327191,1.625,-0.013428737699787589,1.90625,-0.03203782998257274,1.75,-0.016801196213151216,1.6875,-0.019747963074837453,1.5625,-0.00953819673960176,1.5,-0.02497233201934684,1.4375,-0.00951799713943557,1.8125,-0.020457447738772564,1.65625,-0.024730867026273404,1.625,-0.033913162314064035,1.46875,-0.01107826656153575
2025-08-15,2025-08,303,296,0.06387244319450366,0.02973698666961652,0.05596988715964933,0.021213238220194473,0.01753731772023613,0.26246260963380336,0.03709550475885722,0.02435268110044604,0.05946351027530278,0.005847978443169187,-0.005363130866519247,0.1875996803243955,0.09891311065236516,0.040476992020484215,0.054583375769126724,0.13831536249792054,0.027608630331951003,0.4933261632919312,0.03339816228577028,0.01854812572720595,0.05493435527292594,0.02437265208939162,0.024460216324178587,0.30770946145057676,-0.0060190198958093655,0.017984559305753926,0.051134765469914106,-0.03727819342264818,-0.0024153251910664936,0.20209864030281702,0.0274846143576041,0.009102105806399679,0.04793332634355455,0.0857420233319542,-0.0006260005707556769,0.22356308524807295,1.4838709677419355,0.02602730925026168,1.6774193548387097,0.02015913271334927,1.9032258064516128,0.03571892750435518,1.7419354838709677,0.014193287017528531,1.7741935483870968,0.013549075434786183,1.7741935483870968,0.004666621935431937,1.5483870967741935,0.013666349978300647,1.4516129032258065,-0.008992163124583763,1.8064516129032258,0.02309250129969294,1.7741935483870968,0.020024732453210844,1.6774193548387097,-0.006608873578163268,1.5161290322580645,-0.004416323151400839
2025-08-18,2025-08,370,360,-0.02481679775463575,0.008908132455395307,0.04404101437844762,0.04958822473778755,-0.007517308981159288,0.30456157463292277,0.031534907466798864,0.00942551278262247,0.042134024037639786,0.01661090450782121,0.00012843736416014856,0.13747386561913622,0.057932882242112585,0.018442494562194676,0.0745664838430126,0.049329076805734,0.004740711754783359,0.5778925865888596,0.12697461118998166,0.02360092463703212,0.04593224219513563,-0.1198872792982319,-0.023073561182160144,0.28677516606532866,0.040607289295738445,-0.0020058482143454157,0.04310450229996046,-0.0026740960933321727,0.0004703278934951524,0.14016051859491402,0.04213558111395203,0.0014009403834024502,0.03965526508880586,0.13372577100142677,0.012402797946905502,0.15731571024904648,1.5555555555555556,0.005019243566506418,1.6944444444444444,0.00518940167151136,1.8055555555555556,0.013928605673305786,1.8055555555555556,0.01908703574814323,1.722222222222222,-0.00631140376990097,1.8333333333333333,-0.0031823929499308823,1.6666666666666665,-0.011683975647825955,1.5,-0.0036215626358398513,1.8611111111111112,8.793397700558071e-05,1.6666666666666665,-0.02724022784882681,1.6666666666666665,-0.003696338773171514,1.472222222222222,0.008722242391349947
2025-08-19,2025-08,258,251,-0.09533929912176224,0.006516335999114115,0.04948322159160831,-0.05435137685612756,-0.0217775112421403,0.25669956356287005,0.003037164651498196,0.04382145030540195,0.05110817126062426,-0.12157078675945747,0.0001511172668256797,0.14094266042113304,-0.08500031010533762,0.0025558447206963297,0.05390555697697509,-0.07085496269131898,-0.004028713685644966,0.4626932269334793,-0.005398278043287545,0.0004279741467115316,0.055611482660945635,-0.04019028659332704,-0.02463459606165369,0.24464091002941132,-0.01826456418801003,0.03407965457416055,0.053535222897088314,-0.1597482923154808,0.0018812986999924377,0.1639117640256882,-0.048727049631945116,0.003234321012201946,0.04559224583600949,0.013468967500276884,0.006635373287636227,0.16390370212495328,1.5833333333333333,0.0025580026657807823,1.6944444444444444,0.039585339194290844,1.7777777777777777,-0.0018885997237481147,1.9166666666666667,-0.004363692519955135,1.722222222222222,0.029774099018604998,1.7777777777777777,-0.0012101234322424983,1.5555555555555556,-0.02566640013102919,1.4722222222222223,-0.003529438288729876,1.8888888888888888,-0.008750935907867189,1.75,-0.02900959606165369,1.6944444444444444,-0.002354812411118673,1.3888888888888888,0.0031631510654140053
2025-08-20,2025-08,276,267,0.09352948730754412,0.016012470016501287,0.04673978461116525,0.13270187354632496,0.017712940048643818,0.28626060789382013,0.031159372725845808,-0.008258022585896127,0.049740979931624546,0.004346399166678558,-0.020366387339793554,0.16322841012367495,0.041924477397496475,-0.032074894910187834,0.056210621662584934,-0.04522844966777578,-0.013018942031710258,0.6316734464080246,-0.035457827371184775,0.011771104310797899,0.04515990656318571,-0.038997731196758034,0.005064829914394456,0.2914442483473707,0.0283637505172586,-0.00934047279957604,0.044077654843016546,0.011140822762232274,-0.01030994907918634,0.16281513649004475,0.0014714401906365492,-0.02328054035117039,0.04202392392089205,-0.013194446426278164,0.006496579419537128,0.1887637767250891,1.6666666666666667,0.01184580334983462,1.7407407407407407,-0.012609874437747979,1.8148148148148149,-0.03661193194722487,1.8148148148148149,0.0072340672737608615,1.8518518518518519,-0.01397010242920567,1.7777777777777777,-0.027724984795614836,1.2222222222222223,0.014657384493088262,1.5555555555555556,-0.024255276228682444,1.7037037037037037,-0.01727820129096952,1.5925925925925926,0.0010833484329129742,1.6296296296296295,-0.014384023153260414,1.6296296296296295,0.002422505345463054
2025-08-21,2025-08,255,247,0.04294305812876332,0.008858024892898164,0.044650242125764225,0.14490070634553034,0.0058171418078956025,0.32650397315621377,0.013484251968503938,0.030946780503882807,0.04547011080284019,0.0016775706345530338,-0.011449170543497204,0.15990109071135522,-0.07303097457135053,-0.025462575488791953,0.05231605123805836,-0.0533670016587522,-0.02879934847237665,0.4337921923398972,-0.058464215649646274,0.005177655020584489,0.04901625054111573,-0.07447385942566002,-0.03461450115676745,0.2893827076256275,-0.02493341824918944,-0.014361418524355657,0.039428002262769726,-0.07067218619731357,-0.037721002883705265,0.14279420152306557,0.04154990736452061,0.012160777335835829,0.041303006772371184,-0.09030294696618806,-0.027017509870291348,0.16844280749559404,1.5555555555555556,0.0049691360040092745,1.6296296296296295,0.026872706429808733,1.5925925925925926,-0.029444056970273434,1.7777777777777777,0.0007332105761400443,1.6666666666666667,-0.018528085191022323,1.7407407407407407,0.0078089254839839774,1.2592592592592593,0.0026689936597474543,1.5925925925925926,-0.015430652024978685,1.8148148148148149,-0.03333638550941369,1.6666666666666667,-0.03878116782343412,1.5925925925925926,-0.04170248436518675,1.4444444444444444,-0.030628620981402458
2025-08-22,2025-08,231,223,0.03397165053836718,0.0009235684192397363,0.04524112688828642,0.05722074027921104,0.026415708274510584,0.31158508749848063,-0.08471251387293366,-0.013875345278869067,0.043474395160649854,0.20225471679744544,0.04283840671095083,0.15744080106643113,-0.07892682112513996,0.0004346270456069834,0.041533433721426725,-0.022745372171538734,0.008794183157971943,0.4399874782697721,-0.1103448275862069,0.01772445916633205,0.03986717072328638,-0.045668724079518684,-3.753599409127978e-05,0.3001377306539904,-0.1717264744251251,-0.02745170818625703,0.040898966065093564,0.13847232228041823,0.011470937343823328,0.16292885758660058,-0.07895987071399366,-0.005072987837787656,0.0421216334324216,0.12919546720146421,0.02831508077932466,0.16976845128969711,1.44,-0.0026764315807602636,1.68,-0.018075345278869066,1.72,-0.0038653729543930166,1.92,0.012924459166332052,1.8,-0.031951708186257026,1.6400000000000001,-0.009172987837787656,1.24,0.023315708274510585,1.44,0.03923840671095083,1.8800000000000001,0.004094183157971943,1.6,-0.00403753599409128,1.44,0.007870937343823329,1.4000000000000001,0.02481508077932466
2025-08-25,2025-08,295,290,-0.07409225206047851,0.007531556876659303,0.04443115235983738,-0.1182021228745933,-0.01160646377429377,0.268689822534035,-0.03032664634030216,-0.023104268344648196,0.042612299484942814,-0.016771997061242955,0.007996312277220148,0.12582667300413394,-0.009812874238591713,-0.013172946863897722,0.06714189326136606,-0.01594985062611388,-0.0036726723051758916,0.4946970554261372,0.04048656138962516,0.004861420150179812,0.044683158565665446,0.07776581536429691,0.010164667823556038,0.3010024946054508,-0.016632468031316783,-0.008969191760687941,0.04007361122846137,-0.060238445062314606,-0.006258508332361481,0.13383816863442288,-0.11126867530040593,-0.02482886371158116,0.03598246074420264,-0.03772635926575035,-0.006781135079565685,0.13852622642599302,1.3793103448275863,0.004083281014590337,1.6896551724137931,-0.027328406275682678,1.896551724137931,-0.01791432617424255,1.896551724137931,0.00012004083983498462,1.793103448275862,-0.013451950381377597,1.6551724137931034,-0.02896679474606392,1.2413793103448276,-0.01470991205015584,1.6206896551724137,0.003944588139289114,1.8275862068965518,-0.008241637822417271,1.7241379310344829,0.005854322995969831,1.6551724137931034,-0.01039643936684424,1.4482758620689655,-0.010401824734738099
2025-08-26,2025-08,281,274,-0.07594619736287034,-0.009119406080978183,0.04555147956963853,-0.09502103862670229,-0.01598538659007924,0.2763662095423098,-0.0753036809484148,-0.009686603855273633,0.03995096655443582,-0.08641953942173523,-0.004726504687374862,0.11627886734075016,-0.12992586128267797,-0.021830184883858284,0.05709447626585304,-0.10878232710635324,-0.036989712301914626,0.5106495243531687,-0.11719434499021082,-0.0024414899387116325,0.04375926125614368,-0.09700970264686476,-0.012119651533466193,0.31033610787104676,-0.04275384265919588,-0.02302414460294731,0.04309602298987858,-0.08381594176248526,-0.002546812692854666,0.11313047439411834,-0.05887732695864747,-0.04084193805434733,0.0340073982440093,-0.05172257136367078,-0.008325306637652984,0.12075001194521233,1.482758620689655,-0.012826302632702319,1.7586206896551724,-0.014083155579411564,1.896551724137931,-0.02657156419420311,1.8620689655172413,-0.007096662352504736,1.9310344827586206,-0.027851730809843864,1.793103448275862,-0.04532469667503699,1.2413793103448276,-0.019088834865941307,1.6551724137931034,-0.008864435721857621,1.793103448275862,-0.04147247092260428,1.7241379310344827,-0.0164299963610524,1.6896551724137931,-0.006770950623889148,1.5172413793103448,-0.012118410085928845
2025-08-27,2025-08,302,293,0.04032001401139985,0.017907175668070884,0.04662254088212399,-0.12573855545383675,0.002646482334866187,0.5260308960388448,0.0828238626796133,0.024522483606440236,0.04329830412013397,-0.035080989223732345,-0.028134274664910017,0.11745233011656794,-0.2234403065766788,-0.042865697910253193,0.062149261153808685,-0.08066487632520958,-0.01335963744747339,0.5114975522818237,0.0020243766050642054,-0.014962790772103022,0.04332184565038598,0.0010536866069832736,0.01282906613259344,0.29206393093898375,0.03220987293676945,0.003574317292668036,0.03941690066215801,-0.033547403589421355,-0.002338921682001855,0.12563312079372077,0.002574201909183656,0.03255799352096485,0.0418964496042688,-0.07541821250574449,-0.011332372969493455,0.1251148179430386,1.586206896551724,0.013941658426691574,1.7241379310344827,0.020212138778854027,1.8620689655172413,-0.047520870324046297,1.896551724137931,-0.01970417008244785,1.6896551724137931,-0.0006498206383664462,1.7586206896551724,0.028161441796826916,1.5172413793103448,-0.001146621113409675,1.586206896551724,-0.032099791906289324,1.9310344827586206,-0.018187223654369943,1.7586206896551724,0.008432514408455508,1.6206896551724137,-0.006390645819932889,1.586206896551724,-0.015297890210872765
2025-08-28,2025-08,280,270,-0.028386659450831186,-0.02608643810479052,0.04996695183196549,-0.06743416916760965,-0.027679832482175048,0.31487776394243594,-0.056876636546020085,-0.048893776635944866,0.04786722816119411,-0.130957574167309,-0.02804199499266479,0.11034964397549629,0.08090658943053043,0.011868291116873635,0.05635650283657386,-0.0025392826906163353,0.012810154304674689,0.5051911622285843,-0.11336022872011851,-0.05742294685133055,0.05202853014934715,-0.09415134668262896,-0.018416701691377258,0.3249515072891006,-0.07402955212621153,-0.03943970508959907,0.04602797279473088,-0.10117585319054725,-0.04190724255189743,0.10779263299924356,-0.04508475873416753,-0.048719785196158515,0.045271889325581294,-0.15764796562638372,-0.03958205886028372,0.1122707732849651,1.6206896551724137,-0.030138162242721554,1.7586206896551724,-0.053290328360082795,1.8275862068965516,0.007299325599632256,1.9310344827586206,-0.0622505330582271,1.896551724137931,-0.0441810843999439,1.8275862068965516,-0.05328875071339989,1.482758620689655,-0.031386729033899184,1.5517241379310345,-0.03192130533749238,1.7586206896551724,0.008413602580536757,1.5172413793103448,-0.02220980513965312,1.586206896551724,-0.045872759793276735,1.5517241379310345,-0.04346136920511131
2025-08-29,2025-08,249,244,-0.09161997016712457,-0.04497068554693849,0.05396903960047016,-0.1431800568831034,-0.06636141112176938,0.33856032881885767,-0.004165568725666805,-0.017475542820254392,0.05182981632667849,-0.22946461676230542,-0.0961139468653926,0.12733256964323422,-0.04009683841770485,0.019406138597486453,0.055806458233450554,0.07630108846955033,0.009816156424521633,0.43705059960484505,-0.005285662872650546,-0.022240961081399644,0.054573551149225186,-0.07376220269120198,-0.013990389641158198,0.321951304251949,-0.04227442073411361,-0.010714599592270758,0.0473218824419132,-0.17298031323776172,-0.0656727074462877,0.14578969776630402,-0.09432343126581261,-0.010402718396802785,0.04856256905811039,-0.2777755754183314,-0.059175953431861335,0.14636857885246476,1.259259259259259,-0.04811883369508664,1.6666666666666665,-0.021642209486921058,1.7777777777777777,0.014961694153042007,1.7777777777777777,-0.02668540552584409,1.7777777777777777,-0.015159044036715204,1.7407407407407407,-0.014754570248654637,1.111111111111111,-0.06913918889954716,1.7777777777777777,-0.10055839130983704,1.7037037037037035,0.005556897165262374,1.7037037037037035,-0.018249648900417456,1.6296296296296295,-0.06974678152036178,1.4814814814814814,-0.06287965713556504
2025-09-02,2025-09,360,351,-0.002198062227846408,0.008010880898181675,0.04659650157285349,0.04077011911100137,-0.006291872943119996,0.33001035430601666,0.02873041715856861,-0.014701549332972677,0.045795991091518246,-0.00611553072683174,-0.005102418538662525,0.1414128172610487,0.0488028775037503,-0.022366746948778507,0.05701811530590181,-0.08200232736645265,-0.014381537159891598,0.5371211837444987,-0.05292684871539647,-0.018260718481877783,0.05421003319639687,-0.0411644122768437,-0.042622129342343794,0.3659822395869664,-0.008487719812652875,0.006553988380342439,0.046218317178708924,-0.019296187984989596,-0.015279820524336102,0.15359337904623577,0.007331846696347966,-0.008352565209413309,0.037928611222005665,-0.02075196053467491,-0.011204646362340361,0.13776974688683238,1.5142857142857142,0.004225166612467389,1.7428571428571429,-0.019058692190115533,1.8285714285714285,-0.02693817552020708,1.8285714285714285,-0.022832147053306356,1.8285714285714285,0.0019825598089138674,1.857142857142857,-0.012995422352270452,1.3142857142857143,-0.009577587228834282,1.7999999999999998,-0.009602418538662526,1.7714285714285714,-0.018810108588463027,1.9142857142857141,-0.04740784362805808,1.8285714285714285,-0.019851249095764675,1.7999999999999998,-0.015704646362340362
2025-09-03,2025-09,278,273,0.07791349312537858,0.008506826113045669,0.05788603785769207,-0.011033074088068546,0.011080068693892988,0.3540319677580286,-0.022333408456651473,-0.033418193856364714,0.051057980551660186,-0.03401857528766785,-0.012217567033675304,0.18165746303620162,0.013470920169999002,0.0004931966537395421,0.05448819365665418,-0.0014704426396383718,0.0009244059024539238,0.7174640126802303,0.009177611910704347,-0.026413073366350102,0.050927413746661175,0.02618173308098601,-0.007814988617588328,0.3260520047473687,0.029268770845673524,-0.035550012483503826,0.050365596385961234,-0.09234666534851774,0.0014796994375651153,0.18646308648641463,0.04940126156906081,-0.027586987665196242,0.057991120754351935,-0.03313664428885446,0.0008643618668820116,0.16803517923862846,1.5428571428571427,0.004649683255902812,1.657142857142857,-0.03756105099922186,1.7142857142857142,-0.003792517631974743,1.7428571428571429,-0.03077021622349296,1.7714285714285714,-0.039978583912075254,1.7999999999999998,-0.03208698766519624,1.1142857142857143,0.008294354408178703,1.4285714285714286,-0.015788995605103877,1.7999999999999998,-0.003575594097546076,1.8285714285714285,-0.0123864171890169,1.5142857142857142,-0.00230601484814917,1.4857142857142855,-0.002849923847403702
2025-09-04,2025-09,275,267,-0.029933354490637894,0.0005727459057277458,0.05218197968204386,0.020869565217391306,0.011879179864518292,0.36622130070571546,-0.06641124029889502,-0.01308160834715347,0.04302981736712233,0.05252358558610542,0.029684068304051212,0.15630441255591532,0.08891001502720215,0.020758133487056143,0.058116544520618554,0.006083441977675759,0.036083140853099355,0.5424978755138539,0.008751622861429272,0.023506531100956116,0.04493627103881423,0.058917515363088195,0.03378363722359123,0.36937518376443124,0.01066876470222519,0.005856199588212381,0.04468293745151501,-0.00041487550849658115,0.029679647448518396,0.1590463060333773,-0.09396786013098295,0.014141735093682883,0.03939781564599765,0.10845849802371542,0.04930906852800595,0.15093180923550217,1.3703703703703702,-0.0028531800201981794,1.7407407407407407,-0.017433460199005324,1.8148148148148147,0.016221096450019106,1.7407407407407407,0.019154679249104266,1.7777777777777777,0.0014117551437679366,1.7407407407407407,0.009789883241831032,1.1481481481481481,0.009008809494147922,1.5185185185185184,0.025887772007754915,1.8518518518518516,0.031453511223469725,1.8888888888888888,0.029061415001369006,1.4814814814814814,0.02597594374481469,1.5555555555555554,0.04542017963911706
2025-09-05,2025-09,257,245,-0.02553996810243417,0.008111691530534412,0.04969735592950657,0.0032053094742557236,-0.02224985814043197,0.38484177459031343,0.0017871685820287757,-0.010618616463690188,0.04327332218527434,0.04327238485204959,-0.022787814440483143,0.1785364969012638,0.04017272231110929,0.0019109627337479292,0.04403608142642197,0.07783707972138941,0.04179279042455885,0.5439130471398433,0.080360388829418,0.023657342011161576,0.04695517912661876,-0.0875217740475975,-0.06744355902406568,0.3985550665917496,-0.03895999230838838,-0.001225095052978055,0.038871084409859244,0.014849476291738304,-0.028442412314104173,0.17852985486388206,0.07035633087503393,0.046501117818861536,0.04017381766896355,0.01813042937290743,-0.011300561089792209,0.17661443601051965,1.259259259259259,0.004963543382386264,1.7037037037037035,-0.014877875722949446,1.8518518518518516,-0.0027186668958817,1.8148148148148147,0.01912030497412454,1.7777777777777777,-0.005669539497422499,1.6666666666666665,0.04233445115219487,1.222222222222222,-0.025305413695987523,1.4814814814814814,-0.02649151814418685,1.7777777777777777,0.037348345980114404,1.8888888888888888,-0.0721657812462879,1.4444444444444444,-0.03205352342521529,1.5185185185185184,-0.015096857386088505
2025-09-08,2025-09,275,263,0.10702922593116182,0.027041433680040375,0.05810563862160349,-0.019673985170652896,0.020416393089361922,0.3658149517499484,0.05853495282882779,-0.0022193409683440557,0.050375866492338287,-0.1251821932431263,-0.03599908661368962,0.19672262016683817,0.0032135234596752616,0.024195361587608936,0.0608064520095195,0.019573121880442607,0.01307499899755643,0.4228259717615751,0.15689564640373907,0.02586826104910759,0.04756932902094513,0.07442312685727474,-0.025389781250439176,0.38240486440750265,0.0934704711347047,0.015757914569835614,0.05012256685653634,-0.10051585355298462,-0.021508619231832435,0.19733311579777646,-0.025114105190271487,-0.03473528685345563,0.043442739956121926,-0.08444072588788552,-0.045136723668260194,0.19434092215333995,1.346153846153846,0.02367604906465576,1.5,-0.005969340968344056,1.846153846153846,0.01957997697222432,1.8076923076923077,0.02134903027987682,1.6923076923076923,0.011527145339066383,1.7307692307692308,-0.039062209930378705,1.2307692307692306,0.017339470012438844,1.4230769230769231,-0.03955677892138193,1.846153846153846,0.008459614382171816,1.7692307692307692,-0.0298128581735161,1.4230769230769231,-0.02506631153952474,1.4615384615384615,-0.04879056982210635
2025-09-09,2025-09,276,262,0.09656597365905167,0.028648900595802686,0.054608982514421534,0.007016452390804926,0.025441062385704344,0.33046804655056733,0.08729669953339707,0.016937228446198736,0.05298331721563307,0.025461965439990866,-0.00834136192753632,0.192263332553781,-0.020326785680089252,0.035056092681886,0.05086711264865243,0.00689420757814671,0.0039212993260416724,0.7093508535852799,0.07358742027082947,0.02666808183093377,0.050948457953331264,-0.00048800673506371197,-0.04021868195122833,0.5097102229841627,-0.0015747492187611477,0.033802080244176795,0.04832900038462366,-0.02161555913871092,0.013227304282407593,0.20138992662899768,0.05857393587420271,0.049928036771418674,0.06038686814085533,0.09610992993821435,0.016019972457241616,0.18111566618944588,1.5,0.024898900595802687,1.576923076923077,0.012994920753891043,1.8076923076923077,0.030536861912655235,1.8846153846153848,0.021956543369395308,1.7307692307692308,0.02947515716725372,1.8076923076923077,0.045408806002187906,1.1153846153846154,0.022652600847242806,1.3461538461538463,-0.011706746542920936,1.8461538461538463,-0.0006940852893429425,1.8461538461538463,-0.04483406656661294,1.4230769230769231,0.009669611974715284,1.3461538461538463,0.012654587841857001
2025-09-10,2025-09,251,245,0.08356440903054449,0.022350874445901867,0.057354172820733275,0.08979472585847088,0.07665539047979571,0.5788559985036652,0.05017340163156896,0.012456539789885167,0.04870395261749785,0.06390058812369569,0.04230493055745541,0.2044068304821849,-0.02352061746230945,0.022019352812468085,0.05279686508436836,0.05815981991738574,-0.008732457308097902,0.6538022117068369,0.03280440144185164,0.047700050039972935,0.047971863397068076,-0.012782394232593437,0.049912718551882784,0.3684641095654418,0.06818971732119143,0.032697454142070356,0.051533023585285734,0.03433276418136976,0.013455807517440112,0.20938568523464104,0.12688673875924872,0.08386395244228023,0.04984174812228069,0.10130070195408841,0.03413562711672141,0.2020860625586162,1.4615384615384615,0.018697028292055714,1.846153846153846,0.007841155174500552,1.6923076923076923,0.017788583581698852,1.846153846153846,0.04308466542458832,1.6923076923076923,0.028466684911301124,1.8076923076923077,0.07934472167304946,1.2307692307692306,0.07357846740287263,1.4615384615384615,0.03865108440360926,1.7307692307692308,-0.01305938038502098,1.8461538461538463,0.045297333936498166,1.5384615384615383,0.009609653671286265,1.4615384615384615,0.03048178096287526
2025-09-11,2025-09,257,250,0.008993812777124242,-0.02750413839683966,0.056390631239029605,0.09779021694869243,0.047986398275612345,0.35628379434347157,-0.0206174780562845,-0.031212039583006085,0.060298183175516246,0.12408874196905258,0.009897241114806339,0.22867947444319725,0.08012053784841583,0.05158862030029894,0.05451030417779833,-0.0109799000557994,0.07934593592760271,0.48518154978752137,0.11391361641480409,0.019044052029557553,0.05095264428713778,-0.03976167315175097,-0.05254269554949799,0.38978798270225523,0.004853208985612162,-0.027846593993285502,0.049547488023356685,0.11545123178897837,-0.00437167032165111,0.22150490015745164,-0.018396949371097638,-0.008550229535346905,0.05887930000247079,0.11377222649533979,0.002574310918598551,0.22849915869534015,1.48,-0.031204138396839658,1.68,-0.03541203958300609,1.64,0.04748862030029894,1.72,0.014744052029557553,1.76,-0.0322465939932855,1.72,-0.012850229535346905,1.28,0.044786398275612344,1.52,0.0060972411148063396,1.76,0.07494593592760271,1.8,-0.057042695549497986,1.48,-0.00807167032165111,1.44,-0.0010256890814014487
2025-09-12,2025-09,297,289,-0.03912148878591832,0.0009456097132560237,0.05796744649390381,0.05515109374169777,0.029330784095541615,0.366633752810544,-0.06400528044823346,-0.03811538967542893,0.06170947093111293,0.15304367821146345,0.022892189120272834,0.1897820690325622,-0.02729707953634432,-0.035574359222399855,0.0520528190936931,0.10890305417831243,0.0348574440314214,0.7132824700454186,-0.0527032523676819,0.009141429797357294,0.06010801663035262,0.07457808632305277,0.058521613903540555,0.6192663677422138,-0.06208603356254363,-0.027849065606635706,0.05918363513267694,0.12000240020374249,-0.011016034844507482,0.21462178737695875,-0.031045078024943797,-0.008576719288943505,0.05474002911070001,0.2558456870537407,0.036812360005179054,0.19699599992098482,1.3793103448275863,-0.002502666148812942,1.6206896551724137,-0.04216711381335996,1.896551724137931,-0.040315738532744685,1.7241379310344829,0.0048310849697710875,1.6551724137931034,-0.03198699664111847,1.7586206896551724,-0.012973271013081437,1.3448275862068966,0.025968715130024373,1.5172413793103448,0.01909908567199697,1.896551724137931,0.030116064721076575,1.793103448275862,0.0540388552828509,1.4482758620689655,-0.014636724499679895,1.4482758620689655,0.03319167035000664
2025-09-15,2025-09,351,342,-0.05443307070936512,0.05869440849731232,0.054615059065283814,-0.05856199762473635,-0.024691073828658826,0.38061609360225057,0.008434760269921784,0.044940235695691624,0.05467435714031092,0.06435606507076724,0.008940204054858198,0.1492769700639388,-0.02938672205464371,-0.0466376316694863,0.04724811775064468,-0.05887133347987505,-0.03145330087854886,0.498827106812421,-0.07140263010618775,0.042000235683030594,0.05386567762053127,-0.08338578667067582,0.020808254641017772,0.3678524787811672,0.025526697297611985,0.04546307234065681,0.04988765289767307,0.0233190436868024,-0.009247171671904466,0.16163293211994803,0.0260375753439322,0.04318755133013857,0.047532472046288694,0.13405068085044716,0.012371639274319859,0.13524530921131372,1.3235294117647058,0.05538558496790055,1.4117647058823528,0.04141082393098574,1.8823529411764706,-0.051343514022427476,1.6176470588235294,0.03795611803597177,1.5588235294117647,0.041566013517127395,1.4705882352941175,0.03951108074190327,1.2058823529411764,-0.027705779711011767,1.4705882352941175,0.005263733466622905,1.9117647058823528,-0.03623271264325474,1.6470588235294117,0.016690607582194244,1.4705882352941175,-0.01292364226013976,1.5,0.008621639274319859
2025-09-16,2025-09,349,341,-0.04281959716007735,0.04672291129330232,0.055165168949325966,-0.09273363727469053,-0.03575474239750979,0.40833202344091496,-0.031262015328807145,0.03670216132078373,0.053398497601272195,0.10452693833189831,0.024740011447909868,0.173047155908802,-0.027733020956613695,-0.04877422301674024,0.03981135747025745,0.05381308226889882,0.021615795431159067,0.49022493423784486,-0.06414018942227617,0.033396710711250235,0.04532255888596347,-0.05864891950259009,0.02684053936323308,0.3046793796889046,-0.07482744505765947,-0.001520678728418906,0.05299818358205922,0.038543339873247984,0.035193017952855045,0.16213181253303502,0.019038209098479822,0.031707548151870074,0.054093445964127934,0.18211893234717066,0.038952981956312305,0.15963124007205753,1.2647058823529411,0.04356114658741997,1.4411764705882353,0.03309922014431314,1.7941176470588236,-0.0532595171343873,1.7352941176470589,0.02905847541713259,1.6176470588235294,-0.00556479637547773,1.5,0.027957548151870074,1.0588235294117647,-0.0384018012210392,1.2941176470588236,0.02150471733026281,1.7941176470588236,0.017130501313512007,1.7352941176470589,0.022502304069115433,1.3823529411764706,0.03173713559991387,1.3529411764705883,0.035570629015135836
2025-09-17,2025-09,310,300,-0.009692625447748944,0.05850595516418452,0.06237628222725064,-0.08393259773439286,-0.0058533998249727685,0.37516312599182133,0.02416197812135268,0.04927803990980956,0.05344619706223687,0.0387686891441588,0.022114276035935607,0.2142169648160537,0.06884478408715337,0.03562865521541887,0.048031761787441785,0.11053391254312159,0.019970288905848847,0.5437983319163322,0.04146107391268883,0.005273289430327944,0.050544703457353436,-0.02847446635173606,0.0003933251255880104,0.45025405759612713,0.028470035437245664,0.053767339040780515,0.05060838085878071,0.09852521039291134,0.019109007162779187,0.21382041325171788,-0.04086853980219995,0.04273893656889728,0.05112529802747606,0.12233251394982796,0.027675001077585817,0.19730131526788075,1.1764705882352942,0.05556477869359628,1.5294117647058822,0.04545451049804485,1.8529411764705883,0.030996302274242403,1.6470588235294117,0.001155642371504415,1.7058823529411764,0.049502633158427574,1.6470588235294117,0.03862128951007375,1.2352941176470589,-0.008941635119090416,1.4117647058823528,0.018584864271229726,1.7941176470588236,0.015484994788201787,1.8529411764705883,-0.004239027815588461,1.1764705882352942,0.01616783069219095,1.3823529411764706,0.02421911872464464
2025-09-18,2025-09,306,298,0.016903558561246895,0.059042278105130866,0.055492176116215534,-0.05933825230845262,-0.013960355640473703,0.3479999793072541,-0.007930878871546483,0.004678773255122441,0.05115058435974909,0.007290930469480471,-0.0032928929755421978,0.16752647943794727,0.01521216789282938,-0.011483830151215322,0.04149803451268687,0.0545824972688089,-0.007867175488884291,0.5237948179244996,-0.052907357207848164,-0.01930133515557965,0.051535388627145684,-0.029179427417894054,-0.004440534909334711,0.44521060660481454,-0.0155478563508492,-0.03110971824659322,0.050598607269177046,0.04182259650269036,0.006343245059667751,0.17823773846030236,0.029957165757315902,-0.017821501965133178,0.04968171226427037,0.044752622039898354,0.0020924554787465424,0.15220272913575172,1.3333333333333333,0.05570894477179753,1.5333333333333332,0.0008454399217891085,1.8666666666666667,-0.016150496817881988,1.7333333333333334,-0.023634668488912984,1.7333333333333334,-0.035443051579926554,1.6333333333333333,-0.021904835298466513,1.1333333333333333,-0.016793688973807036,1.3,-0.006542892975542197,1.7666666666666666,-0.012283842155550957,1.7666666666666666,-0.008857201576001377,1.4666666666666666,0.002676578393001084,1.4333333333333333,-0.0014908778545867914
2025-09-19,2025-09,322,316,0.0069717401278610635,-0.006602221602626076,0.06533105139252576,-0.020133453839201586,0.025141472174518276,0.3478206670843065,-0.07485783081170191,-0.012684570215284904,0.0614149810022826,0.013905560085408445,0.010442776646484582,0.2090834790142253,-0.1776702253116317,-0.07695153185044838,0.03886220486091222,-0.10838632457999957,-0.020710020816708266,0.5646701836958528,0.017779527816601522,0.028037166051863745,0.06601420360714347,0.0025133345110751157,-0.01633937682395608,0.6456011881818995,-0.0774241816746374,-0.02749264720541097,0.05466353597431908,0.0455130104823212,0.013586403720815744,0.2134217493585311,-0.0536491334701934,-0.03973549809918034,0.0650634326700213,0.03555743818518019,0.018958259952657815,0.20137687789974734,1.40625,-0.010117846602626076,1.46875,-0.016356445215284905,1.78125,-0.08140465685044838,1.59375,0.024052791051863746,1.59375,-0.03147702220541097,1.5625,-0.04364174809918034,1.1875,0.022172722174518277,1.40625,0.006927151646484582,1.71875,-0.025006895816708265,1.78125,-0.02079250182395608,1.46875,0.009914528720815744,1.5625,0.015052009952657815
2025-09-22,2025-09,363,356,0.03749766290324844,-0.012508500303178818,0.061533617123195175,-0.03353364575740977,-0.012988633792981631,0.33809761413269573,0.016700528044314336,-0.000933040582430985,0.05748315965182431,-0.024219629204273247,-0.01632236631185756,0.19707321893009874,-0.047305170828980295,-0.02578078140973667,0.04847069916344714,-0.023429645740532166,0.005240374398550804,0.4852152603367964,0.08319192630523224,0.0036743302216267516,0.06497748594766825,0.03967993581505994,0.012626745084162885,0.3806377803492877,0.03776999229863516,-0.0027707502796437064,0.057339570904799984,-0.041389426833176125,-0.022288914990893735,0.20418575975216097,-0.03325203383081226,-0.023493450900586514,0.06353852720760814,-0.03225165293343359,-0.030812810564626245,0.17513340121756,1.3055555555555556,-0.015772389192067707,1.5277777777777777,-0.00475248502687543,1.8055555555555556,-0.03029467029862556,1.6388888888888888,-0.0004228920005954701,1.6111111111111112,-0.006798528057421484,1.6388888888888888,-0.027590673122808735,1.1388888888888888,-0.015835856015203854,1.25,-0.019447366311857558,1.75,0.0008653743985508038,1.8055555555555556,0.008112856195273997,1.3055555555555556,-0.025552803879782624,1.3888888888888888,-0.03428503278684847
2025-09-23,2025-09,316,311,-0.02538338819135848,-0.02938337091399875,0.07195264196798039,-0.07349606296218124,-0.02064265907764627,0.4158863047918966,0.025663287716556096,-0.025493216577493257,0.06507117304841618,-0.07536979252827992,-0.0004942236143777971,0.19729388505220413,-0.0006642413856763495,0.0024175277267028585,0.03899112145082864,-0.03622749317522024,-0.02572462012942167,0.5325623457470248,0.02566176896326606,-0.011402305399991444,0.06261443731693354,-0.13785774182691485,-0.03789716732622882,0.5125662293285131,-0.010625913904275123,-0.015126260064543793,0.06575930797571453,0.03539397949812038,0.004856234147954646,0.20239035574899564,-0.025010315590517643,-0.03119052307738749,0.06427717312140255,-0.06391863138259336,0.0020832574713367524,0.1830379216060523,1.1944444444444444,-0.032369482025109864,1.4166666666666665,-0.029034883244159922,1.8333333333333333,-0.002165805606630474,1.6111111111111112,-0.015430083177769222,1.472222222222222,-0.018806815620099348,1.5,-0.034940523077387486,1.0555555555555556,-0.023281547966535157,1.1666666666666665,-0.0034108902810444635,1.8055555555555556,-0.03023850901831056,1.861111111111111,-0.042549945104006594,1.1944444444444444,0.0018701230368435347,1.4166666666666665,-0.001458409195329914
2025-09-24,2025-09,325,320,0.07588068301983684,0.025324448017568585,0.0603718930224256,-0.030822026749875775,-0.014854057915716125,0.3544714539311826,0.11966550247864065,0.0394388077569782,0.059158899184168355,-0.06697011762016651,-0.023514149291802827,0.1710730263730511,0.0869550018523038,0.016629318267300797,0.0584193352576899,0.05814612906255284,0.048321129166392654,0.5514468839392066,0.11726989225173046,0.027156921617060268,0.058127866286952636,-0.018273475704290595,-0.005417151005172347,0.47008805349469185,0.10256973155392986,0.017548502484972358,0.05306684214430736,-0.024831777684016575,-0.024834672341197763,0.1905509190983139,0.05146384614121096,0.031822373318110365,0.05996745540179615,0.05609146735583771,-0.007031923492222501,0.16548611246980727,1.15625,0.022433823017568584,1.40625,0.0359231827569782,1.8125,0.012098068267300796,1.6875,0.022938171617060268,1.40625,0.014032877484972358,1.59375,0.027837998318110367,1.15625,-0.017744682915716126,1.34375,-0.026873524291802828,1.75,0.04394612916639265,1.8125,-0.009948401005172348,1.28125,-0.028037797341197764,1.3125,-0.0103131734922225
2025-09-25,2025-09,351,343,0.04385447885447885,0.020844389911268184,0.06335751551510961,-0.007074314574314574,-0.026686667668156534,0.3541993674109964,0.04617299367299367,0.35390064321474324,0.05424840972963932,-0.0005583305583305583,0.0007186743425213783,0.1703893862774267,0.07669833530728541,-0.2768261085085933,0.046152831367774795,0.07312018690423193,0.026840270061091118,0.5345061162815374,0.16063880563880564,0.008169018420287171,0.055771246733311144,-0.01763736263736264,-0.01812438185362735,0.656492026632323,0.09762348762348762,0.37756183717084835,0.05563145264009166,-0.021276223776223777,-0.019553989773276968,0.18417109833920706,0.07280636030636031,0.04047539604640159,0.055877815388609586,0.08567044067044068,-0.018032241431672542,0.16320779607357347,1.1176470588235294,0.018050272264209362,1.3529411764705883,0.3505182902735668,1.7941176470588236,-0.2813114026262403,1.6176470588235294,0.004124900773228348,1.588235294117647,0.37359124893555423,1.6470588235294117,0.036357748987578056,1.1176470588235294,-0.029480785315215356,1.2352941176470589,-0.002369560951596269,1.7647058823529411,0.022428505355208767,1.7352941176470589,-0.022462617147744997,1.2941176470588236,-0.022789283890924026,1.2352941176470589,-0.02112047672579019
2025-09-26,2025-09,333,328,0.010494478317867683,0.011292541914351443,0.06311345256212912,-0.1366423778948128,-0.03436152321805329,0.3374089739765182,0.0423409124440796,-0.01752530830726401,0.06152682027319104,-0.0490448604581784,-0.03210105503283342,0.1923242709176107,0.0204945756286319,-0.4376770414859712,0.0394605429742375,-0.1320772192737695,0.43681055061093593,0.6984252577478236,-0.016890673228599787,-0.45226692494395027,0.05566251128654462,-0.02391277360615792,-0.01803256835240413,0.3238562554346793,-0.03426328716711806,-0.4704351084542313,0.05684497683674035,-0.08485373765656573,-0.4830333010345544,0.19546950608491898,-0.08903196537566352,-0.47703101764570544,0.054407783626125514,-0.06430089999096564,-0.02733271585047904,0.18329704885907247,1.2058823529411764,0.008277836031998501,1.411764705882353,-0.02105472007196989,1.911764705882353,-0.44245645325067706,1.5294117647058825,-0.456090454355715,1.5882352941176472,-0.4744056966895254,1.5882352941176472,-0.48100160588099955,1.1764705882352942,-0.03730269968864153,1.2647058823529411,-0.03526281973871577,1.8823529411764706,0.43210466825799476,1.7352941176470589,-0.022370803646521775,1.2941176470588236,-0.48626859515220144,1.3823529411764706,-0.030788598203420215
2025-09-29,2025-09,351,342,0.053316128316128315,0.006039545461983022,0.06316569511813054,-0.0911938061938062,-0.020512110847062816,0.37174154993365793,0.028715173715173715,-0.031458567950803054,0.055835699973899006,-0.0026123876123876123,0.04809128205365322,0.1803067728657933,-0.03739204993378025,0.04072196326951782,0.041525411068419255,-0.06867567349501426,-0.015065023600067368,0.6873610466718674,0.07454545454545454,0.036577906860935566,0.05454719276924995,-0.009676434676434677,-0.041625997617802675,0.4710378953639199,0.06351814851814852,-0.015861467172738314,0.05655402714122305,-0.05726773226773227,0.0006584679451765926,0.1841811834670165,0.03811993561993562,-0.0032428795067816554,0.05017998959049441,-0.02481851481851482,0.011887704747830356,0.1767179254332886,1.1470588235294117,0.003171898403159492,1.411764705882353,-0.03498797971550894,1.7941176470588236,0.03623666915187076,1.5882352941176472,0.03260731862564145,1.5294117647058825,-0.01968499658450302,1.3823529411764706,-0.006698761859722832,1.3529411764705883,-0.023894463788239288,1.2941176470588236,0.04485598793600616,1.8235294117647058,-0.019623847129479132,1.8235294117647058,-0.046184821147214436,1.3235294117647058,-0.002650355584235172,1.3823529411764706,0.008431822394889179
2025-09-30,2025-09,325,322,0.08828168423260448,0.04134489282919576,0.06425142362316738,0.10070473493786378,0.060762758008433955,0.3885606594849378,-0.02924789820495342,-0.029830653128561896,0.05488983502556255,0.04049918724765351,0.022423268340249006,0.23731996188871562,0.019208986128221164,0.0010943354700460074,0.04086264645726489,-0.062411289021268974,-0.09736154842834736,0.6781313559040427,0.015141663607921277,-0.010240345145967347,0.05687015559641712,-0.04471116704245539,-0.061054535811150515,0.4295219401246868,0.04136297694579903,0.004379371465591947,0.05229355994165402,-0.0013367591281701712,0.018169323533835532,0.25269713799934834,0.06953419677346058,0.0333853952495861,0.04866019860416465,-0.008718997430653873,0.012111666261286402,0.223056654445827,1.1470588235294117,0.03847724577037223,1.4705882352941178,-0.03350712371679719,1.7941176470588236,-0.0033909586476010512,1.7352941176470589,-0.014578580440084993,1.5,0.000629371465591947,1.588235294117647,0.029414807014291982,1.1470588235294117,0.057895110949610425,1.5588235294117647,0.018526209516719593,1.911764705882353,-0.10214096019305324,1.7941176470588236,-0.06553982992879757,1.5,0.014419323533835533,1.3823529411764706,0.008655783908345226
2025-10-01,2025-10,345,334,0.11433046751258058,0.02225753259775988,0.060278418000405586,0.023614674716681182,0.0025647282591902514,0.32829574540709006,0.08244095454625154,0.020061958837569362,0.051546139632466056,0.1103204614926036,-0.015219782532721429,0.24807616594162854,0.07722503957006295,-0.007532252511278762,0.05318919430007968,0.08928263930312887,0.0662991110385367,0.6920951257149379,0.09290431743397021,-0.0017169304360551696,0.05937291393032966,-0.03821604119300748,-0.00900246691204766,0.36384433592584997,0.10959835648784023,0.015522661784755067,0.048449206418087996,0.03672595077646014,-0.09555504748542959,0.22443667912121973,0.10801562856157618,0.008487069335197286,0.04153160279156605,0.13143918362098692,-0.017601574159546083,0.20211207793291772,1.303030303030303,0.018999956840184122,1.4545454545454546,0.016425595201205727,2.0,-0.012532252511278763,1.7575757575757576,-0.006110869829994563,1.6363636363636365,0.011431752693845975,1.7272727272727273,0.004168887517015468,1.393939393939394,-0.0009201202256582338,1.7575757575757576,-0.01961372192666082,1.8181818181818181,0.06175365649308215,1.9090909090909092,-0.013775194184774932,1.7272727272727273,-0.09987322930361141,1.6363636363636365,-0.021692483250455176
2025-10-02,2025-10,347,343,0.04945433365175119,-0.0053948706256969625,0.0625910471338307,0.0371707376476177,0.03157446525356393,0.35284584125175195,-0.006874896246134899,-0.020894528709183728,0.05715391830987071,0.17876166279606112,0.07767110683288642,0.208695521359058,0.05511462072544092,0.018261263008232772,0.04881588212005741,0.12790974869305813,0.04836412176850216,0.7501669394619324,0.03385750695474005,0.0031939146587681086,0.061665128402690256,-0.03595986901020679,-0.026005860259991055,0.3332906627260587,0.035112605613536456,-0.02202301546552482,0.05933385497965413,0.12207371019226274,0.06574615744017315,0.2001294135389959,-0.03948620798794186,-0.05507901128987939,0.04733925089325951,0.1776895155893593,0.046821902389492576,0.1769913231187007,1.2647058823529411,-0.008556635331579316,1.5882352941176472,-0.024865116944477846,1.8235294117647058,0.013702439478821007,1.7058823529411764,-0.0010707912235848327,1.5882352941176472,-0.025993603700818938,1.6764705882352942,-0.05927018776046762,1.1176470588235294,0.028780347606505108,1.5,0.07392110683288641,1.5882352941176472,0.044393533533208046,1.9411764705882353,-0.030858801436461643,1.5882352941176472,0.06177556920487903,1.411764705882353,0.04329249062478669
2025-10-03,2025-10,353,346,0.06431582912449689,0.012653387611138035,0.06435770965291027,0.06018711506479788,0.020426905427981895,0.3277541213801929,0.1322071000493241,0.024762722626347215,0.0550673171150266,0.23938850137714593,0.07329129650127125,0.1458722991070577,0.04681471632688166,0.041342328687888855,0.05119596540518319,0.017055465014260016,0.020243073782837087,0.7120882630348205,0.1153591600937594,0.03400028542253798,0.06333839914454545,0.060097906127099004,-0.00021138840705106285,0.309671859842326,0.07554196475728621,0.009129790856682096,0.05311413739944572,0.21946980973124922,0.06966472649466299,0.1391776611230203,0.008429289776819426,0.005258450515194628,0.047139806133217686,0.24195946476819863,0.0759202681253285,0.14154870270618372,1.3714285714285714,0.009224816182566606,1.5999999999999999,0.020762722626347214,1.8285714285714285,0.03677090011646028,1.6285714285714286,0.02992885685110941,1.5999999999999999,0.0051297908566820954,1.5142857142857142,0.0014727362294803424,1.0857142857142856,0.01771261971369618,1.6857142857142857,0.06907701078698554,1.7714285714285714,0.01581450235426566,1.8285714285714285,-0.004782816978479635,1.6857142857142857,0.06545044078037728,1.542857142857143,0.07206312526818565
2025-10-06,2025-10,380,377,0.029987197206162202,0.008746477150951951,0.06137556986724221,-0.044268348556138856,-9.631083157861305e-05,0.3362506892728178,-0.013417865191514302,-0.024663684293443424,0.05579964396297478,0.02206452078506157,0.010732294314668732,0.2525153663009405,0.06137838941738794,0.034040060878680806,0.076334302646059,0.07686513927558769,0.017827606203302253,0.8550050258636475,-0.05979265784389089,0.009188167608974344,0.06755761077973774,0.09498637000329131,0.002654104891454798,0.31213152805637373,0.002599157816007619,0.01039207638104164,0.05682711470466488,0.046219521129501916,0.018445520889303308,0.2510731487878059,0.027798851209423013,0.00811742719725931,0.0488154669397841,0.010278974814302913,0.03488931535770607,0.24291325478177322,1.2894736842105263,0.005522792940425635,1.4473684210526314,-0.028282105346075004,1.763157894736842,0.029632166141838702,1.7368421052631577,0.004846062345816449,1.526315789473684,0.006576286907357429,1.4736842105263157,0.004433216670943521,0.8421052631578947,-0.0022015739894733497,1.526315789473684,0.006916504840984522,1.657894736842105,0.01368286936119699,1.7105263157894737,-0.0016222108980188865,1.6052631578947367,0.014432362994566466,1.394736842105263,0.031402473252442914
2025-10-07,2025-10,342,336,0.04114856535077595,-0.021393325722690787,0.06430733123226494,-0.10466242810929412,-0.005128678918206806,0.3405791843200431,0.046880472472101316,-0.02349514734229837,0.05866539479839934,0.12820503590054194,0.0426632239350598,0.13676226593773155,0.1538057700040869,0.05389898496375593,0.04884260894883545,-0.00842579222797896,-0.02727399456159585,0.808961875298444,0.03373956719403155,-0.030930779039825614,0.0574296115534087,-0.002972149987152932,0.020662627818172172,0.3434373874710325,0.08132411344358262,-0.007869561293155997,0.052119106325901554,0.08851397150485886,0.019114813155357378,0.15167257573236437,0.08581046247793762,-0.024788062796636458,0.04901863738532353,0.1810812566157149,0.02600201391778124,0.13030035974567428,1.263157894736842,-0.024551220459532893,1.5526315789473684,-0.02737672628966679,1.5789473684210527,0.0499516165427033,1.7105263157894737,-0.0352070948292993,1.631578947368421,-0.01194850866157705,1.5789473684210527,-0.028735431217689088,1.131578947368421,-0.00795762628662786,1.6052631578947367,0.03865006604032296,1.7105263157894737,-0.03155031035106953,1.7105263157894737,0.016386312028698488,1.6052631578947367,0.015101655260620536,1.4210526315789473,0.02244938233883387
2025-10-08,2025-10,314,306,0.052790173272051946,-0.02429492999018279,0.06509045826957334,-0.03397667159902361,-0.0037605241198824767,0.32744027409822707,0.023261537984478095,-0.01394061809949676,0.06437154648937657,0.10399404628663292,0.09174897948325665,0.14542831660759065,0.038873875137329615,0.008318424456570068,0.0544632949180916,0.025093827860588582,0.015464667281856064,0.7895050803499838,0.007052398297997696,-0.07797405294529702,0.06659836463437452,-0.15837168265079785,-0.10354104250876302,0.3174392939094574,-0.01937922072636466,-0.06217638151372392,0.05887759293705497,0.08053695827652402,0.05156454370544987,0.12732139956806937,-0.0062624459645277296,0.009585505523168864,0.047963043605665015,0.1390585496932539,0.04551124791815046,0.12661352393127256,1.2058823529411764,-0.02730963587253573,1.4117647058823528,-0.01747002986420264,1.6176470588235294,0.004274306809511244,1.588235294117647,-0.08194464118059114,1.5588235294117647,-0.06607344033725333,1.6176470588235294,0.00554138787611004,1.0294117647058822,-0.006334053531647182,1.4411764705882353,0.08814603830678606,1.6470588235294117,0.011347020223032536,1.6764705882352942,-0.10773221897935126,1.5588235294117647,0.047667484881920456,1.3823529411764706,0.042055365565209286
2025-10-09,2025-10,391,385,0.04111704882621945,-0.05659082727497239,0.0587818873555845,0.019105100234073562,-0.029387350790021097,0.404000831081679,-0.022376308382884926,-0.08747128016419266,0.05193278460746881,0.0796582847185697,0.061557795108074166,0.17718578017267742,0.043097908134389816,0.05668318916417838,0.051369719305041306,-0.046547025596954075,0.02216298329216334,0.6805383778716388,0.09375570096378201,-0.015085074477169134,0.051986609138155004,-0.05024591776509935,-0.045672768590155226,0.324328767821977,-0.06643132169255662,-0.09851187965546054,0.04593045024247827,0.021097335255172302,0.0254624260090328,0.1693795807659626,-0.010865952277196124,-0.06648095510619409,0.048265080713473435,0.09842793304612815,0.09232122306270196,0.16196328347646877,1.263157894736842,-0.05974872201181449,1.526315789473684,-0.09128706963787687,1.7105263157894737,0.0524068733747047,1.6842105263157894,-0.019295600792958608,1.6578947368421053,-0.1026566164975658,1.526315789473684,-0.0702967445798783,1.2105263157894737,-0.03241366657949478,1.4210526315789473,0.058005163529126796,1.8157894736842104,0.017623509607952812,1.8421052631578947,-0.05027803174804996,1.5789473684210527,0.02151505758798017,1.3157894736842104,0.08903174937849144
2025-10-10,2025-10,347,330,0.008280204652883367,0.004289609599860187,0.05983408029854505,-0.010487110395261299,-0.00954953549268946,0.4178032570264556,-0.05665406206793157,-0.005436793816531038,0.05125615784537072,-0.10804274113547081,-0.03684284677225767,0.22316326150162652,-0.11225622377687647,-0.011675274438198192,0.06042233792482844,-0.10126865673540597,-0.02056678030378679,0.8603283203009402,-0.07093131701862943,0.0022413127333758866,0.05890783497252198,0.08104318515893225,0.00761637130475035,0.3817346655961239,-0.0906456951264835,0.006917278122645882,0.0491615814248518,-0.06814582580609214,-0.03648729773247741,0.20455159280787816,-0.09497765235088308,0.0067409163890871475,0.047145475581879925,-0.10803441210546964,-0.01574756633042761,0.18783818721545464,1.0789473684210527,0.0015922411788075559,1.4210526315789473,-0.008989425395478406,1.7894736842105263,-0.01614895864872451,1.6578947368421053,-0.0019034241087293761,1.5263157894736843,0.003101488648961671,1.4473684210526316,0.0031224953364555686,1.0526315789473684,-0.01218111444005788,1.4736842105263157,-0.04052705729857346,1.736842105263158,-0.024908885566944684,1.7894736842105263,0.0031426870942240347,1.631578947368421,-0.04056624510089846,1.4210526315789473,-0.01930019790937498
2025-10-13,2025-10,420,409,-0.055281168584531984,-0.014178674336520883,0.06251814091710456,-0.031186279805603043,-0.005337593333792256,0.325933522022352,-0.08257481213450352,-0.033944985266261746,0.05333344870753573,-0.10480493491621673,-0.04207880722796757,0.15701903702645767,-0.01812176515394774,0.015552043920913809,0.06237633661177787,-0.069540614524425,-0.00789402051221904,0.680058140580247,-0.09085215092732142,-0.02704905767487644,0.05453400683734656,-0.0029680279596672483,0.00010393944307587584,0.3353092952108965,-0.11057464692462624,-0.027751352541313612,0.051965250225555384,-0.08880484421275468,-0.03246940523019842,0.15307699616362408,-0.02190237642675237,-0.017871540239244265,0.05120537004871972,-0.12620317737466927,-0.03176132156359257,0.16381543892912748,1.3902439024390245,-0.017654284092618443,1.5121951219512195,-0.0377254730711398,1.7804878048780488,0.011100824408718686,1.7317073170731707,-0.031378325967559365,1.6097560975609757,-0.031775742785216055,1.5853658536585367,-0.021834954873390607,1.0731707317073171,-0.00802052016306055,1.5853658536585367,-0.046042221862113916,1.7560975609756098,-0.012284264414658064,1.6585365853658538,-0.004042402020338759,1.6585365853658538,-0.03661574669361306,1.5609756097560976,-0.03566376058798282
2025-10-14,2025-10,363,350,0.009492767403365092,0.0761651480196015,0.07267940565532528,-0.06797070332981935,0.03816367060723696,0.36571801602840426,0.06932971598968585,0.10602474108888355,0.0662099645072678,-0.05681636294393703,0.051240392014662725,0.20847165541989462,-0.06934459139386684,-0.029879958584204315,0.0518538995133868,-0.12421412654655951,-0.018960270418583305,0.7839770508663995,0.030662958337493745,0.06203676035681675,0.068932886715256,0.05218337664344696,0.05991354790705585,0.2559693599385875,-0.0036977086198582932,0.08475840567079397,0.06186049616061077,-0.03726333937283209,0.026914493193010827,0.19897832913058144,-0.05542775001415911,0.06003353737172859,0.053380137893519614,-0.12413101714960077,0.03369566237395899,0.21565837232129914,1.3170731707317074,0.07287246509277223,1.5121951219512195,0.10224425328400549,1.6341463414634145,-0.03396532443786285,1.6585365853658536,0.05789041889340212,1.5121951219512195,0.08097791786591592,1.5609756097560976,0.05613109834733834,0.8536585365853658,0.03602952426577354,1.4146341463414633,0.04770380664880906,1.6585365853658536,-0.02310661188199794,1.6341463414634145,0.05582818205339732,1.5853658536585367,0.022951078558864486,1.5121951219512195,0.02991517456908094
2025-10-15,2025-10,392,383,0.07280705542125865,0.152075470554408,0.06926930589110207,0.01933139668080973,0.12392946136211569,0.33872611546202713,0.08651545583384367,0.14136328614213986,0.055151099989986026,-0.0931967875102248,0.09022500773699905,0.19904687843824687,-0.1501372066469461,0.02656982889431501,0.04773785291849741,-0.10533121192703591,-0.015369576137422791,0.6409899919833008,0.06959059760645048,0.12771825310730212,0.05881224272821815,0.17372179538924765,0.08515828581508225,0.2916791148385719,0.062235714066575853,0.1478220342972506,0.053977470981316444,-0.11165880225306186,0.11906064258565749,0.2019457998440454,0.06864033366416597,0.16347632839363646,0.050851582234882835,-0.19430367566874077,0.05389414264243207,0.1882909014330883,1.368421052631579,0.14865441792282907,1.4736842105263157,0.13767907561582407,1.7105263157894737,0.022293513104841328,1.7105263157894737,0.12344193731782843,1.631578947368421,0.14374308692882956,1.5789473684210527,0.15952895997258382,0.9736842105263157,0.1214952508357999,1.526315789473684,0.08640921826331484,1.8421052631578947,-0.01997483929531753,1.7368421052631577,0.08081618055192435,1.5789473684210527,0.11511327416460486,1.4736842105263157,0.05020993211611628
2025-10-16,2025-10,372,364,-0.05546749609297861,0.010426176998589679,0.06869575150479224,-0.008020983371768814,0.04555034353341803,0.34980347587002647,-0.010922934082197772,-0.01534641869838052,0.06029484141636629,-0.09096026852076973,-0.05516721793886871,0.15976370653758448,-0.18902784391417432,-0.09993615912485818,0.05152872360373374,-0.11933397404644008,-0.0696402673673173,0.840482300768296,-0.02631639677911211,-0.017833054986945956,0.05929060850001582,0.09638140802769686,0.07227084183103902,0.27089230835230815,-0.09924629470382923,-0.0442486305653096,0.06291506399216992,-0.05521165778101123,-0.010694648287315062,0.15635799523442984,-0.045877815030887864,0.032224361961975465,0.05767335638427794,-0.224681243477371,-0.11138867410888892,0.13731691572401258,1.2105263157894737,0.007399861209115994,1.4210526315789473,-0.01889905027732789,1.7105263157894737,-0.10421247491433186,1.5,-0.021583054986945956,1.4736842105263157,-0.04793284109162539,1.3684210526315788,0.02880330933039652,0.9736842105263157,0.04311613300710224,1.4473684210526314,-0.058785638991500286,1.763157894736842,-0.0740481621041594,1.631578947368421,0.06819189446261796,1.5,-0.014444648287315062,1.394736842105263,-0.11487551621415208
2025-10-17,2025-10,389,379,0.04228098860011282,0.01668835355413848,0.058162562419293226,0.09259075878239417,0.024113471352821422,0.3350088874760427,0.13457900218840302,0.034194091635116726,0.05153143809153482,-0.00570374053846667,-0.02023024234316625,0.13726946329207798,-0.17659088914844673,-0.060626909698836565,0.05995943259221197,-0.0911649359265261,-0.0460679147231536,0.7282216117570275,0.06623655615858379,0.02798915263717694,0.05271088012556084,0.12859281146439938,0.014401407529994865,0.3145719800928706,-0.005989044785784579,0.0076707855160814305,0.04905860181027421,-0.04292651621649879,0.0040378477103892585,0.14053170647668212,0.02263312226013225,-0.0005957608567409428,0.04564593230072023,-0.1563725160170204,-0.05562980249751412,0.1221887979558424,1.3421052631578947,0.013333090396243745,1.526315789473684,0.030378302161432516,1.6052631578947367,-0.06464006759357341,1.6842105263157894,0.023778626321387466,1.6842105263157894,0.003460259200291957,1.6052631578947367,-0.0046089187514777846,0.7894736842105263,0.022139787142295107,1.526315789473684,-0.02404603181685046,1.5526315789473684,-0.049949493670522024,1.7368421052631577,0.010059302266836972,1.631578947368421,-4.1099658031794155e-05,1.4473684210526314,-0.059248223550145696
2025-10-20,2025-10,423,411,0.030732120626355986,0.028354686184897455,0.060498799869191724,0.121822764162676,0.04825312496486504,0.3769681978879905,0.04345834577940301,0.053415318110387744,0.05131106924880929,0.08890378189285536,0.030009182752603267,0.20288542703520962,-0.04564981485903715,-0.03795001665844891,0.04254168006347672,-0.02693734981015701,-0.05459595555933595,0.5626091222937515,0.017657405522440026,0.0303666428518296,0.05016135884070382,0.10225120068898905,0.04711342479557225,0.3452422961410953,0.016262018781039864,0.028805088023942684,0.04971885189940312,0.0787794987706137,0.061211579957453535,0.19605611182930993,0.08828940584207412,0.047655439020250774,0.04511012559012793,0.03483551845094156,0.037542696177568766,0.19555228035442712,1.2195121951219512,0.025305905697092578,1.5121951219512195,0.04963483030550969,1.6829268292682926,-0.04215733373161964,1.6829268292682926,0.026159325778658867,1.6829268292682926,0.024597770950771952,1.6585365853658536,0.04350909755683614,0.975609756097561,0.04581410057462114,1.5121951219512195,0.026228694947725218,1.7317073170731707,-0.05892522385201887,1.8536585365853657,0.042479278454108836,1.5853658536585367,0.05724816532330719,1.4634146341463414,0.03388415959220291
2025-10-21,2025-10,372,358,-0.01446476387529421,-0.00330294625167947,0.0620015606513885,0.0952051494298316,0.05057055879435333,0.3376109939482477,0.0011461877775868889,0.013816688427870039,0.055681536924783906,0.1368336545161127,0.016229784072556472,0.13892171387043264,0.038898587101135036,0.020387079128421724,0.0581414995831204,-0.057139300513112466,0.001779774321596466,0.6851790009273423,-0.07322780884189345,0.015231004498277734,0.05534489845951696,0.0972033437819721,0.047203100987994046,0.26395767233851886,-0.04273203425835683,0.009802376522770127,0.04973692775471874,0.11118021442592822,0.027861029861906746,0.13602852169424295,-0.01953810753838167,0.013777602417308847,0.047278708289866085,0.12631119849002523,0.03539349146832228,0.12308454353155361,1.146341463414634,-0.006168799910216055,1.4390243902439024,0.010219127452260283,1.7804878048780488,0.0159358596162266,1.8048780487804879,0.010718809376326514,1.6341463414634145,0.005717010669111591,1.5853658536585367,0.009814187783162506,1.097560975609756,0.047826656355328935,1.4390243902439024,0.012632223096946716,1.8780487804878048,-0.002915347629623046,1.7560975609756098,0.04281285708555502,1.5121951219512195,0.024080542057028698,1.3658536585365852,0.031978857321980816
2025-10-22,2025-10,418,402,0.04529479840777091,0.02844602879773048,0.057429676424789716,0.24489653575240777,0.05321058425840118,0.2825096283107996,0.05579743762286536,0.03242483379488785,0.05229745977352841,0.21649549072986532,0.04157197521911618,0.14347691279836,0.08398780001071296,0.04403400168799898,0.05985640548654361,0.0393198393950243,0.026277149774835726,0.7254697773605585,0.03421388508793042,-0.015234441231067503,0.05151852980450147,0.10972580604482168,0.019835075993483692,0.2767662761965767,0.017571517918985202,0.023692915395758938,0.05053960648898308,0.16403322968602085,0.037302313681364004,0.14747809385880828,0.04083190379785562,0.018481130399050902,0.04419891981260713,0.15798592697937436,0.04670327119213592,0.14175071208737788,1.3,0.02519602879773048,1.65,0.02829983379488785,1.775,0.03959650168799898,1.775,-0.019671941231067504,1.725,0.019380415395758938,1.85,0.013856130399050901,1.15,0.05033558425840118,1.525,0.037759475219116184,1.8,0.021777149774835726,1.825,0.015272575993483691,1.55,0.03342731368136401,1.425,0.04314077119213592
2025-10-23,2025-10,484,467,-0.052176241508379566,-0.036639102152483886,0.05791553642210536,0.11061097331420464,0.05522526234125902,0.30378607914168787,-0.030445736977663142,-0.040511257079006185,0.05503515220684495,0.10042880797943754,0.019134003662828195,0.1536265352859776,0.10610373225320963,0.04547482441564401,0.058264510965000654,0.07267836384173024,0.007746344029494194,0.7210698942554759,-0.012849951075777244,-0.01699058277852156,0.04722809064820229,0.10914329955118839,0.05898058853553244,0.28108615578806145,-0.04747062562147522,-0.04448808779097822,0.05153833404320998,0.1082216508075275,0.02216879144960726,0.16529506754050863,-0.053716732719218355,-0.04052686008227167,0.0470522231042089,0.018436573409883382,0.0014351238580950342,0.15287508355810286,1.4042553191489362,-0.04014974045035623,1.6808510638297873,-0.04471338473858065,1.7446808510638299,0.04111312228798444,1.7872340425531916,-0.02145866788490454,1.7234042553191489,-0.0487965984292761,1.702127659574468,-0.04478217923120784,1.0638297872340425,0.052565687873173915,1.3617021276595744,0.01572974834367926,1.8297872340425532,0.0031718759443878112,1.9148936170212767,0.05419335449297925,1.5319148936170213,0.018339004215564707,1.4042553191489362,-0.0020755144397773062
2025-10-24,2025-10,395,387,-0.004213567922364427,-0.02032005901393091,0.054317637096971294,0.09275651847135494,0.04540409453024276,0.3428197084711148,-0.004943348540341408,-0.010423262442943056,0.051151557412989754,-0.03440132871476443,-0.0371223143220244,0.16323661498534373,0.088722248262569,0.02597450813459895,0.05355194645400785,0.05140829236089124,0.0122740573243536,0.6690237048344735,-0.043805142140018544,-0.015998549768791843,0.04536937046367265,-0.06433187494036945,-0.0013820317335201879,0.2274040370606459,-0.03964531260039838,-0.022786853906819345,0.04891063793483061,-0.053711697713496855,-0.02375959251216124,0.15886161963527018,0.012436646184746967,-0.013991614660358774,0.04370093304656895,-0.11027358984693689,-0.028938746639785136,0.15188079121976328,1.3191489361702127,-0.023617931354356442,1.5106382978723403,-0.014199858187623907,1.702127659574468,0.02171918898566278,1.7234042553191489,-0.020307060407089714,1.7446808510638296,-0.027148556034478917,1.6595744680851063,-0.01814055083057154,0.9361702127659575,0.043063668998327864,1.3829787234042552,-0.04057976113053503,1.7234042553191489,0.007965546686055727,1.9148936170212765,-0.0061692657760733785,1.425531914893617,-0.027323422299395283,1.425531914893617,-0.032502576427019175
2025-10-27,2025-10,446,433,0.02586491356866607,-0.00999487452212363,0.0567620972923991,0.05685000319558718,0.03580971677696504,0.3812920459827711,0.004429117649346359,0.0010347745026130718,0.04545718077786993,0.035080243053993924,0.0045152781523906844,0.11943406191502892,0.05466719009336331,-0.006047222008624299,0.05874192819497942,-0.06740443809339212,-0.0034058334324296195,0.8056299468112547,0.01374075435470612,-0.013329934104073182,0.046488928436634866,0.05810159126715345,0.0012765278620624834,0.30563281420185123,-0.002480249073195178,-0.018496790452504623,0.04625167873736458,-0.006271804810153378,0.011670107353084169,0.10991101495401803,0.062208444939356546,-0.004110741379775396,0.038390485597232585,-0.008673398478224187,0.006836621192220489,0.11125236494076807,1.4651162790697674,-0.013657665219798049,1.5813953488372092,-0.002918713869479951,1.697674418604651,-0.010291408055135925,1.744186046511628,-0.017690399220352253,1.7209302325581395,-0.02279911603389997,1.744186046511628,-0.008471206496054467,1.0465116279069766,0.0331934377071976,1.3953488372093024,0.0010269060593674287,1.813953488372093,-0.007940717153359853,1.9069767441860466,-0.003490913998402633,1.5116279069767442,0.007891037585642309,1.4186046511627906,0.003290109564313513
2025-10-28,2025-10,454,438,0.08449128255995834,-0.004990019366151075,0.05433436821391793,0.024353818133903905,0.0027850851180054445,0.3282100245017897,0.12611622120622326,-0.007275417341702789,0.047011140339406204,0.12592835294355265,0.03368061155074545,0.1459884521636096,0.06223678072045779,-0.021827661654868973,0.05899132098548996,0.02474157951981236,-0.019351896198503825,0.7249536463482813,0.17304045547474087,0.03599035025850526,0.051742106656885806,0.03074249320420222,0.03381305733362289,0.2768696466968818,0.08352052300472523,-0.0007769521853457709,0.04640457484771084,0.07976764607158165,0.027749467807002232,0.1383045453747565,0.12362238222727764,0.013802177373001809,0.037654344412798774,0.10990389544522053,0.05884166534287444,0.1329089169051837,1.25,-0.008115019366151076,1.5454545454545454,-0.011139053705339151,1.8181818181818181,-0.026373116200323517,1.75,0.03161535025850526,1.6590909090909092,-0.004924679458073043,1.5227272727272727,0.009995359191183627,0.75,0.0009100851180054445,1.4545454545454546,0.030044247914381813,1.7045454545454546,-0.02361325983486746,1.8636363636363638,0.029153966424531975,1.4318181818181819,0.02416992235245678,1.4545454545454546,0.0552053017065108
2025-10-29,2025-10,524,507,0.02491639803324913,0.01562114825538886,0.04230239570930314,-0.07115646457085308,-0.0019805397124130104,0.3196594709274816,-0.025294469662691752,-0.0003364542320199587,0.04129171052056607,-0.11821831518940097,-0.027762621465380527,0.12032963437776939,-0.12205875231620573,-0.043240940234783726,0.05598834621118497,-0.01975974336547363,-0.014077277277063455,0.8235611185139301,0.019483893973904726,0.004910742117056482,0.0424714386657644,-0.03840530785606903,0.01637847091599382,0.33901993360589533,0.006093275311671821,0.009339491751353466,0.040051660123400855,-0.08249545967292964,-0.007154294545989282,0.11584701301420436,-0.004181896657777148,0.006947211391339636,0.03629516606698145,-0.11246849920036031,-0.009149904474333101,0.10704673552776084,1.4313725490196079,0.012042716882839841,1.607843137254902,-0.004356062075157214,1.6862745098039216,-0.047456626509293526,1.843137254901961,0.0003028989798015795,1.7843137254901962,0.004878707437627975,1.7450980392156863,0.002584466293300421,0.8823529411764706,-0.004186422065354187,1.5686274509803921,-0.03168419009283151,1.7843137254901962,-0.018538061590788947,1.8823529411764706,0.011672588563052646,1.6470588235294117,-0.011271941604812812,1.6274509803921569,-0.013218531925313493
2025-10-30,2025-10,578,563,-0.039870735560016184,-0.018866999406693064,0.047091548185852365,-0.05468828286843788,-0.030026332899202812,0.2943619078557406,-0.029669118904217757,-0.016878325774659877,0.04662378251509264,-0.08351531937544435,0.016322524244423084,0.1296168293338269,-0.057950354616381664,-0.054359898503697004,0.04960988034525329,-0.0007008176879772228,0.0005571248750708352,0.6899787381823574,-0.009292978983000796,0.009612271313427236,0.049426912557478,-0.09018069572603878,-0.010773946389569914,0.25371928526354687,-0.019381680496756565,-0.01574470929676612,0.04552245033504397,-0.08271620999803966,0.0024912063797490995,0.12684062795181358,-0.06310319855351197,-0.026019263085569594,0.040631730887498094,-0.08395026505803672,0.01910238093771453,0.12905531167052686,1.3571428571428572,-0.022259856549550205,1.6607142857142856,-0.02103011148894559,1.6964285714285714,-0.05860096993226843,1.875,0.004924771313427236,1.7857142857142856,-0.020208995011051833,1.7142857142857142,-0.03030497737128388,1.1785714285714286,-0.032972761470631384,1.4107142857142856,0.012795738530137369,1.732142857142857,-0.0037732322677863075,1.9285714285714286,-0.015595374960998484,1.6607142857142856,-0.0016605793345366143,1.5357142857142856,0.015263095223428816
2025-10-31,2025-10,426,419,-0.01960654961592118,0.01478052584387608,0.050681343882196264,-0.10797009637380697,-0.023693216437101032,0.3239265541945185,-0.0703801594523748,0.01600063038013073,0.04394279358085525,-0.20409290846331607,-0.027709234912441476,0.20246014477951185,-0.10984332537603356,0.010581908904965841,0.05603859858811579,-0.08908306596886861,-0.011564956500660377,0.6581475528932753,-0.08113227096426194,-0.01366539846514142,0.0494127122466224,-0.01881165488592112,-0.03219679830716461,0.24574076579440207,-0.04224125854451686,0.01746400444253423,0.04208919170710182,-0.18626621833217238,-0.03296447800230283,0.18901957766640753,-0.04478364885552466,0.021992479814099773,0.040303157867216444,-0.19614085671211454,-0.015720378944551576,0.19577553544548293,1.3928571428571428,0.011298382986733222,1.5535714285714284,0.01211670180870216,1.8035714285714284,0.00607298033353727,1.8214285714285714,-0.01821896989371285,1.732142857142857,0.013133647299677087,1.6428571428571428,0.017885336956956915,1.0535714285714286,-0.026327145008529604,1.5714285714285714,-0.0316378063410129,1.7857142857142856,-0.01602924221494609,1.875,-0.03688429830716461,1.6785714285714284,-0.0371609065737314,1.5892857142857142,-0.01969359323026586
2025-11-03,2025-11,500,493,-0.1430832957671822,-0.036756489366532016,0.05878960271189795,-0.022044568178272713,0.0320738489753304,0.2933718160326992,-0.0596189264757059,-0.03303497726320635,0.06035499115748262,-0.18330351721406885,-0.05103049856069701,0.16662054383481034,-0.10022332722915234,-0.03627609650679938,0.07435136081559866,-0.08158166430698253,-0.026052630790490854,0.6199947218505704,-0.04248708296802188,0.0035581350772988553,0.050209898047968535,-0.009090084360337442,0.004608992101888906,0.2611709391052017,-0.030467929871719486,-0.021667812297136376,0.050688946706046206,-0.190561818247273,-0.03026593358702768,0.17629313514548905,-0.021164148656594627,-0.02643610710980621,0.058120510924350464,-0.2495367741470966,-0.06424772594205681,0.19875893604998687,1.4897959183673468,-0.04048097916245039,1.530612244897959,-0.03686150787545125,1.7959183673469385,-0.040765892425166726,1.7959183673469385,-0.0009316608410684908,1.7346938775510203,-0.026004546991013927,1.7346938775510203,-0.03077284180368376,1.4489795918367345,0.028451399995738563,1.5918367346938775,-0.0550100903974317,1.8163265306122447,-0.030593447117021465,1.9387755102040816,-0.0002379466736212978,1.7551020408163265,-0.03465368868906849,1.673469387755102,-0.06843139941144456
2025-11-04,2025-11,577,563,-0.0641345303174996,-0.008608364730577597,0.0636509360330402,-0.0440061742393405,-0.009298315792563914,0.26546716681748095,0.0629946510050708,-0.008315812045600337,0.059541141380158355,-0.10398263861792466,0.004462177882425968,0.1465987825899252,-0.02642844930451895,-0.00017076774887357996,0.05920229711232618,0.035312748441525973,-0.0004500546157077557,0.5350101439149252,-0.015175203167434596,-0.026958150809644504,0.0543865286327186,-0.1149959339030497,-0.01910197033159262,0.3820594744091588,0.03907338559678252,0.007005910347139793,0.05498936816461236,-0.061624048455775675,0.0018509985113577864,0.15935877377965618,-0.003904602537904195,0.0011614636439643694,0.05202895746632145,0.011753911657416329,0.04368645514503442,0.18564495663823827,1.482142857142857,-0.01231372187343474,1.5535714285714284,-0.012199740617028908,1.7857142857142856,-0.004635053463159294,1.7857142857142856,-0.03142243652393022,1.7499999999999998,0.0026309103471397937,1.7142857142857142,-0.0031242506417499157,1.0535714285714284,-0.011932244363992484,1.5178571428571428,0.0006675350252831106,1.8035714285714284,-0.0049589831871363265,1.8214285714285714,-0.02365554176016405,1.6249999999999998,-0.002211501488642213,1.5178571428571428,0.039891812287891563
2025-11-05,2025-11,672,649,-0.01765371200654365,-0.012028384079780744,0.05429105856241974,-0.039852901586514236,-0.012705630560859035,0.2405392168233028,0.024096187348568415,-0.02730910565407347,0.04982740184338637,-0.07778090786031741,-0.021674495453572303,0.15507842669120203,-0.00712378330258175,0.010300562724371605,0.05810544907403659,-0.006872786692192817,-0.020988540515877434,0.5411826302225773,-0.0652195219218426,-0.0013465376164481639,0.05515203338602479,-0.016910354400915383,0.0024651082932258227,0.21664277532925974,0.001793808826790582,0.011799449856981656,0.04793999782313485,-0.0359381806413692,0.024160426117817668,0.16225301881249132,-0.018073999052855654,-0.02139506594920457,0.05121918149585254,0.016847875774141822,0.025676635897528312,0.1667693446748532,1.4923076923076923,-0.015759153310549976,1.676923076923077,-0.031501413346381166,1.7538461538461538,0.005915947339756221,1.8153846153846154,-0.005884999154909703,1.7230769230769232,0.0074917575492893474,1.8,-0.02589506594920457,1.323076923076923,-0.016013322868551342,1.4153846153846152,-0.025212956992033842,1.6923076923076923,-0.025219309746646663,1.9230769230769231,-0.0023425840144664853,1.5846153846153845,0.020198887656279207,1.6,0.021676635897528312
2025-11-06,2025-11,660,637,-0.040167760632224506,-0.018427170311430964,0.05722738878160245,-0.09605231166529517,-0.016472089079854927,0.2143309451494133,-0.06649076190060084,-0.016756620403942723,0.05174914073135887,-0.15742673255156067,-0.02803405639970067,0.16194214776623994,-0.06393796362843411,-0.022950714797699244,0.052623324953247994,-0.009600024193810236,0.005300490292795234,0.40524874738184735,0.005611520637757552,0.003167059832939384,0.05436570803055356,-0.045983576638146555,0.01247397258334491,0.3141409201780334,-0.022364814678387482,0.006048821817425779,0.04919722820228613,-0.1263212266327517,0.013167220451297593,0.1758418589597568,0.009620107233738118,0.006398851398754343,0.054506296092299816,-0.07203697979939432,0.021391686632958318,0.18819488989538513,1.4461538461538461,-0.022042554926815578,1.6615384615384616,-0.020910466557788877,1.8,-0.027450714797699245,1.8153846153846154,-0.001371401705522155,1.8615384615384616,0.001394975663579625,1.7846153846153847,0.0019373129372158805,1.1538461538461537,-0.019356704464470312,1.4,-0.03153405639970067,1.7230769230769232,0.0009927979851029256,1.9384615384615385,0.007627818737191064,1.6923076923076923,0.008936451220528363,1.6153846153846154,0.01735322509449678
2025-11-07,2025-11,436,427,-0.09492340122515044,-0.022128424030771133,0.0835917073374138,-0.15290378059052742,-0.0394754638646107,0.2576952322581133,-0.11137620873446223,-0.03214295186161295,0.07680878830389194,-0.2725805954789602,-0.05706212567996712,0.2174678051541018,-0.11213084647080751,0.0014370307145587418,0.053085618167034734,-0.05528675766646711,-0.03079146575880987,0.401821397071661,-0.08033542960548429,0.00980355255297529,0.08464657918606516,-0.15856625617296105,-0.029348301848464854,0.2011111519017885,-0.15064498716280403,-0.02089879956411317,0.07946799532270195,-0.2559181390443652,-0.05127610571825704,0.23411896790182868,-0.16879865844957753,-0.04742701387334766,0.07604075127025102,-0.22337296670494922,-0.03941473445969846,0.23457941984714464,1.53125,-0.02595654903077113,1.625,-0.03620545186161295,1.859375,-0.003211406785441258,1.9375,0.004959802552975291,1.828125,-0.025469112064113168,1.8125,-0.05195826387334766,1.328125,-0.042795776364610696,1.625,-0.061124625679967126,1.84375,-0.03540084075880987,1.90625,-0.03411392684846486,1.75,-0.05565110571825704,1.765625,-0.04382879695969846
2025-11-10,2025-11,454,442,-0.11933488988290228,-0.037999164948855885,0.07453853510299976,-0.149069303482241,-0.05250028865007515,0.2569090120960027,-0.05997203968739621,0.02211810718007782,0.0828692407643786,-0.3321913015773338,-0.11611998853695954,0.2226063275540417,-0.12347260779823611,-0.06949877449359251,0.06551923677035444,-0.07277436779114761,-0.017797105925899025,0.48428228023377334,-0.09480404104030686,-0.05748820656750322,0.0696986805018347,-0.08980770079727643,-0.00636755780007181,0.24822205186567523,-0.05556091838601668,0.005733547428692254,0.06844077316029688,-0.2691368757872395,-0.09225573016919848,0.2389393641867421,-0.15355319969316567,-0.060538523982821786,0.07091027170866472,-0.23197653223965373,-0.1048160729096621,0.2564593700861389,1.3636363636363635,-0.041408255857946795,1.5681818181818181,0.018197652634623272,1.7954545454545454,-0.07398741085722887,1.6136363636363635,-0.06152229747659413,1.5909090909090908,0.0017562747014195261,1.6136363636363635,-0.0645726148919127,1.0909090909090908,-0.05522756137734788,1.4772727272727273,-0.11981317035514136,1.7045454545454546,-0.02205846956226266,1.9545454545454546,-0.011253921436435447,1.5,-0.09600573016919849,1.5227272727272727,-0.1086228910914803
2025-11-11,2025-11,363,352,-0.1410796725298607,-0.07114306191492382,0.06766251112018803,-0.21296359422619074,-0.08148374430546669,0.274368261226586,-0.014641060511629316,-0.019506251901643443,0.062549741588723,-0.24623858350580807,-0.04806079924934066,0.15612612068653106,-0.1634663451556382,-0.013650521680006127,0.05339966616259732,-0.1893281664886055,-0.03969886124577179,0.5954106326614108,0.08082601487237209,0.015073399278012094,0.0554184313065602,-0.018427956926797304,-0.003803953112856105,0.22907883120434624,-0.09483987225982676,-0.04964519281715125,0.057647871333009096,-0.10810699271264873,-0.050599200641011734,0.15908774701612338,-0.053738705652628845,-0.03255084496056332,0.06328439645015291,-0.10034529134509981,-0.019080414759699252,0.18749606077160152,1.5909090909090908,-0.07512033464219656,1.7272727272727273,-0.02382443371982526,1.7272727272727273,-0.017968703498187945,1.7272727272727273,0.010755217459830275,1.75,-0.054020192817151244,1.7045454545454546,-0.03681220859692696,1.0909090909090908,-0.08421101703273942,1.5227272727272727,-0.05186761743115884,1.8409090909090908,-0.04430113397304451,1.8863636363636365,-0.008519862203765197,1.6363636363636362,-0.05469010973192082,1.6590909090909092,-0.023228142032426524
2025-11-12,2025-11,399,384,-0.17021527610870518,-0.05149890394550334,0.0742114093024058,-0.1207073960359787,-0.03026778777736,0.2609148947522044,-0.02244757834733615,-0.020306301435342268,0.0687524844899162,-0.20442911004406972,-0.042129885011245614,0.1789053539304357,-0.1399989026381697,-0.044838303149159854,0.056991320174241716,-0.05628927162960356,-0.03293962036083711,0.6904164595823539,-0.031482131662271096,-0.021064931626833427,0.06541748810708851,0.08019392451892575,0.04640183341582998,0.23407116042155968,0.032471758816250404,-0.0010072082881931246,0.06193485951158369,-0.12074092836083287,-0.02551836685105057,0.20401703762380702,-0.05068368635316492,0.0006824185175628994,0.06971408063842048,-0.14394425813013664,-0.015930878980845053,0.21442342510348872,1.394736842105263,-0.0549857460507665,1.631578947368421,-0.02438524880376332,1.657894736842105,-0.04898303999126512,1.8421052631578947,-0.025670194784728165,1.6842105263157894,-0.005217734603982598,1.657894736842105,-0.0034623183245423633,0.9736842105263157,-0.03270199830367579,1.4736842105263157,-0.045814095537561404,1.763157894736842,-0.03734751509767922,1.8684210526315788,0.041730780784251034,1.631578947368421,-0.029597314219471624,1.526315789473684,-0.019746668454529263
2025-11-13,2025-11,401,385,-0.1677394201064503,-0.023993024923836016,0.06909068907485404,-0.08777831540551606,-0.04039460791664631,0.2508104712653317,-0.11490285480329028,-0.03018669839804647,0.0636689661927221,-0.05842092529869356,-0.01058105996533363,0.15900960182280915,-0.09657282119011024,-0.02463323794492665,0.05004085741339494,-0.052753483753759885,-0.04861680157353235,0.5573522530888256,-0.06543305914318681,-0.010888357810356054,0.06241647780008276,-0.030379089589459188,0.0035028668551420174,0.22356681898236275,-0.059995533554174266,0.011864737664968983,0.05442423029084527,0.01644303420553095,0.003266431463439294,0.17146845308965758,-0.03847973350206573,0.010585099233120884,0.056136418907148905,0.020447202888301635,0.02759691747345181,0.19253897215974958,1.3157894736842104,-0.027282498608046542,1.526315789473684,-0.03400248787173068,1.789473684210526,-0.029106922155452963,1.6052631578947367,-0.014901515705092896,1.7105263157894737,0.007588421875495298,1.6052631578947367,0.0065719413383840426,0.9736842105263157,-0.0428288184429621,1.5,-0.01433105996533363,1.657894736842105,-0.05276153841563761,1.8421052631578947,-0.0011023963027527199,1.657894736842105,-0.0008783053786659686,1.4736842105263157,0.02391270694713602
2025-11-14,2025-11,384,379,-0.10929523766128937,-0.028979943205084485,0.06639766769752016,-0.021863454499562753,-0.0031441492020430582,0.2585515144624208,-0.04725023041992375,-0.0292143586229716,0.06946776915741017,-0.05094987685859293,-0.018748781334246855,0.18008703758057795,-0.020760857018723867,0.02014055616322021,0.054603797475026986,-0.01491665362038265,0.00041464180352794935,0.5736944985232855,-0.03634223923024039,-0.02641919880939855,0.05871048399842773,-0.01968588291467842,0.012312460451244737,0.2679178962287934,-0.030267715207122178,-0.014632007909614851,0.05967656100558108,0.03580923752357527,0.0017844464551718363,0.18619456573536522,0.046129448220256504,0.0008029926537604544,0.0580397989026676,-0.033141897770061476,-0.01582000169799894,0.2075780116413769,1.2894736842105263,-0.0322036274156108,1.3421052631578947,-0.03256962178086634,1.7105263157894737,0.015864240373746525,1.5526315789473684,-0.03030077775676697,1.5,-0.01838200790961485,1.4473684210526314,-0.0028154283988711245,0.8684210526315789,-0.005315201833622005,1.3157894736842104,-0.02203825501845738,1.657894736842105,-0.0037300950385773133,1.8421052631578947,0.0077071972933499995,1.2368421052631577,-0.0013076588079860584,1.2894736842105263,-0.019043685908525256
2025-11-17,2025-11,414,405,-0.17863685503145332,-0.048780921595644816,0.07715825291582404,-0.13112697130241147,-0.024385403521256798,0.29127081057522447,-0.1853566492520244,-0.03466542342522033,0.06828210259730752,-0.23047608900704408,-0.03614441328768729,0.19927457962185144,-0.1288902936552145,-0.03631022376719417,0.06528727296241407,-0.09133279997265766,-0.0017583620811922225,0.5469299592077732,-0.08688964033371689,-0.01331597984875359,0.06711888977369093,-0.15527595168546593,-0.0089535571382563,0.21266041793860496,-0.06768964477765785,-0.007059039632941556,0.062489818358289775,-0.1444373556971332,-0.046614969620362545,0.20727831209078432,-0.03160146639828077,-0.027608698383817333,0.07623368490986147,-0.05029850954507577,-0.031974662594950395,0.23090156763792036,1.25,-0.05190592159564482,1.6,-0.038665423425220335,1.725,-0.04062272376719417,1.625,-0.01737847984875359,1.525,-0.010871539632941556,1.425,-0.031171198383817333,0.8749999999999999,-0.026572903521256797,1.375,-0.039581913287687294,1.725,-0.006070862081192223,1.925,-0.0137660571382563,1.425,-0.05017746962036255,1.3499999999999999,-0.0353496625949504
2025-11-18,2025-11,385,378,-0.06272857647533814,0.010052740136857143,0.07283643313619889,0.016567904246013055,-0.0012310641778559943,0.2620546436427455,-0.13404086198775317,-0.040156924580185396,0.07121647556479954,-0.004538935805127515,0.02141232885737071,0.19319659197016767,0.00162092507602316,-0.04681090571777384,0.043958676340460155,-0.06721476638220739,0.032880658617780126,0.521826702121057,-0.060729113784040195,-0.046332344606759966,0.06713623322514983,-0.1124209339882915,-0.028392470514356546,0.22896094757475352,-0.07255967801628424,-0.014828566616031907,0.06885668553536806,0.0033092069847251195,0.0281400519734238,0.20036296232750542,-0.022343404209392705,-0.021029664857391574,0.06058047123314727,0.019765030953502457,0.02362479192593322,0.22464032686854662,1.425,0.006490240136857143,1.5,-0.0439069245801854,1.775,-0.05124840571777384,1.675,-0.05051984460675997,1.625,-0.018891066616031908,1.45,-0.024654664857391574,1.125,-0.004043564177855994,1.325,0.01809982885737071,1.7,0.028630658617780125,1.875,-0.033079970514356544,1.45,0.0245150519734238,1.4749999999999999,0.019937291925933222
2025-11-19,2025-11,328,322,-0.07564913578920235,-0.02948411843176144,0.07571085933902195,0.009671829101660137,0.007934606487960613,0.26507760331151076,-0.07581814880082377,-0.004237018764354814,0.08140657654950595,-0.06439089682996883,-0.02793740851016619,0.16074806149117649,0.009024976571319742,-0.024086854482528956,0.04649949908374236,-0.05956763400617208,-0.009325403381707106,0.5757613065652549,-0.11150387841536216,-0.03218097537674393,0.06483252127991906,-0.007530770910174176,0.02801292974306549,0.1827562107355334,-0.04865704369377427,-0.02901980226635667,0.0679373522326105,-0.08019752418042292,-0.012782098232191886,0.1746001630090177,-0.028009910895796165,-0.03714186203288229,0.07498616451575803,-0.07866518488391153,0.0003940652979673165,0.1947695764247328,1.4473684210526316,-0.03310253948439302,1.5789473684210527,-0.008184387185407446,1.868421052631579,-0.028757907114107903,1.6842105263157894,-0.0363915016925334,1.736842105263158,-0.03336190752951457,1.5789473684210527,-0.04108923045393492,1.0789473684210527,0.005237238066907982,1.526315789473684,-0.0317531979838504,1.868421052631579,-0.013996456013286054,1.8157894736842104,0.023473456058854963,1.4736842105263157,-0.016466308758507676,1.4473684210526316,-0.0032243557546642624
2025-11-20,2025-11,341,334,-0.13782476719658385,-0.02597913521059734,0.07565524614394128,0.0011194538009678327,0.02605624415857653,0.26882207207381725,-0.15375163802208644,-0.04576000962448663,0.0743385084471807,-0.04235705703797185,-0.01753882854290333,0.17510198959798523,-0.013775213591665926,0.0011882550485659941,0.053593893669098086,-0.04039801186895678,0.019927527518079722,0.48788117775411316,-0.19588686223061536,-0.01989776900762086,0.067440590470997,-0.027621062315958952,0.0023543460725364354,0.22371058420024137,-0.12305639032893602,-0.025996286574324404,0.06893491576895414,-0.04644779967859964,-0.03752392978640154,0.1846614827712377,-0.17339095539435098,-0.024997561984210465,0.08589292087839975,-0.04700949371877166,-0.025046379924484653,0.21021173352544958,1.4848484848484849,-0.02969125642271855,1.5454545454545454,-0.049623645988122994,1.7575757575757576,-0.0032056843453733995,1.6666666666666667,-0.02406443567428753,1.5454545454545454,-0.02985992293796077,1.5454545454545454,-0.02886119834784683,1.0303030303030303,0.023480486582818955,1.393939393939394,-0.021023677027751816,1.8484848484848486,0.0153063153968676,1.9393939393939394,-0.002494138775948413,1.4242424242424243,-0.0410845358470076,1.393939393939394,-0.02853122840933314
2025-11-21,2025-11,332,327,0.05217801064632499,0.03735748341628907,0.06155437761746291,0.14110922337180845,0.039540236479228,0.2688726463326902,0.12235961073001075,0.011585029538648102,0.06751064843208601,0.19217328200693687,0.03294283626854111,0.15899369910810934,0.14621862258040993,0.059079990892522104,0.0555499696423213,-0.008833055948762627,0.030853644832429923,0.4561039380954974,0.0983334005574023,0.024609778549130948,0.05357035151291267,0.0811142012321352,0.023168199578244626,0.26915531080554833,0.012427926780199921,-0.014037496898323482,0.057324470153551854,0.0715995360555474,0.017342388961889013,0.16229330003261566,0.06710257926476725,-0.004572573822497199,0.061664693882935676,0.09194875361657293,0.040025023375260864,0.18434200729384567,1.5454545454545454,0.03349384705265271,1.5151515151515151,0.007797150750769314,1.878787878787879,0.054383021195552404,1.6060606060606062,0.02059462703397943,1.5757575757575757,-0.01797689083771742,1.4545454545454546,-0.008208937458860836,1.1818181818181819,0.036585691024682544,1.4545454545454546,0.029306472632177474,1.7878787878787878,0.026383947862732952,1.9090909090909092,0.018395472305517354,1.303030303030303,0.014084813204313255,1.4545454545454546,0.036388659738897225
2025-11-24,2025-11,343,335,0.00375553263795464,0.009425085435122398,0.05775791683996821,0.04934322041458654,0.015411951605094851,0.29635384459705916,-0.03157692522716378,-0.011631452341189445,0.05364898732298347,0.041407208100935775,-7.363668818179125e-05,0.1447827774373924,0.05602321532082606,0.0018711977425362042,0.05409503429217151,0.028256500503502063,0.0006101377111997972,0.5477257401627653,-0.05613493867559263,-0.036591772216160695,0.05310835545980842,-0.04121629417635213,-0.02624504146992098,0.16552207377903602,-0.03770520273155599,-0.04623189403011617,0.0481319090084918,-0.0488519590385551,0.005923443816242539,0.1520890411646927,0.05930331132346421,-0.011046011024602013,0.06865643140292477,-0.012902748089968634,0.008427301974052517,0.15824790496160002,1.5,0.005675085435122398,1.6470588235294117,-0.015749099400012973,1.8529411764705883,-0.002761155198640267,1.6470588235294117,-0.040709419274984227,1.5882352941176472,-0.050202482265410284,1.4411764705882353,-0.014648952201072601,1.2058823529411764,0.01239724572274191,1.4411764705882353,-0.0036765778646523795,1.8823529411764706,-0.004095744641741379,1.8823529411764706,-0.03095092382286216,1.5294117647058825,0.0020999144044778328,1.5,0.0046773019740525175
2025-11-25,2025-11,313,305,0.09819115480884676,0.019305142569645335,0.06684286730595379,-0.07509474307056774,0.004469780787299571,0.2729297116398811,0.08286829265238332,0.012403987085086107,0.06404281204135434,-0.0004433866127767351,-0.015584955447178823,0.13903977957864602,-0.017670510011784813,-0.05391681983295211,0.046755756354322636,-0.03650343397335584,-0.017501764701226472,0.5101443618535996,0.15880715304312706,0.005297751618251096,0.05668964647441922,-0.018873868444491754,0.0122177896901374,0.2227228168398142,0.06651934073537215,-0.0016333205003348436,0.05495085968436625,-0.05370417620880574,-0.024409555369757623,0.14464062030116717,0.05701450926924564,0.03410176922054262,0.057508205518844904,-0.0034206905404072737,-0.03163873871927118,0.15729593249658744,1.6470588235294117,0.015187495510821807,1.6470588235294117,0.008286340026262579,1.7941176470588236,-0.05840211395059917,1.7352941176470589,0.0009595163241334489,1.6764705882352942,-0.005824496970923079,1.588235294117647,0.030131180985248505,1.2647058823529411,0.0013080160814172175,1.6176470588235294,-0.019629073094237646,1.7058823529411764,-0.021766470583579414,1.8529411764705883,0.007585436748960929,1.5588235294117647,-0.028306614193287033,1.5,-0.03538873871927117
2025-11-26,2025-11,307,299,0.1700513193136301,0.05262855932452701,0.0646851756547979,-0.03237712022919917,-0.024279464552651543,0.2527744928995768,0.1492735086335393,0.05034044995360414,0.05487060493231743,-0.03848201999188778,0.006273641750232269,0.12835851553827526,0.05438929210416579,0.03273449562763824,0.046938584660506336,0.03288195906260987,0.0011360432198999765,0.4431308011213938,0.017630388302977758,0.009020627163889003,0.05380747993005518,0.01047579233055378,0.0009996932403247422,0.22196658675869307,0.1097007354911168,0.026826926372815786,0.05438713757713102,-0.10066075586290187,0.002361346454542921,0.14838009998202323,0.1389565598226261,0.03654164780207499,0.06106223550619024,-0.007159985699935882,-0.00253895042365003,0.1640689877172311,1.3333333333333333,0.049295225991193674,1.5333333333333332,0.04650711662027081,1.7333333333333334,0.028401162294304907,1.6,0.005020627163889003,1.6333333333333333,0.02274359303948245,1.5333333333333332,0.03270831446874166,1.2666666666666666,-0.027446131219318208,1.3666666666666667,0.0028569750835656022,1.8,-0.003363956780100023,1.9,-0.0037503067596752577,1.4333333333333333,-0.0012219868787904128,1.4,-0.0060389504236500295
2025-11-28,2025-11,360,348,0.14902495061850757,0.03426909515362667,0.06322750534345292,0.026017433262087927,-0.010215383544168392,0.26468991466930936,0.12254647026597427,0.03939934237500381,0.0513863930374642,-0.036123221115389265,-0.021350502767001497,0.13067728126687664,0.043295081125405935,0.01233997916113367,0.05135952842916491,0.07361838216563482,0.002099876572126645,0.4064888232520648,0.1455801029303354,0.059388836458361516,0.04796161389445017,0.001658191807035548,-0.003370286123550153,0.2148887459720884,0.08082572653595578,0.03644023693937045,0.051036320643189664,-0.10900521351759401,-0.014578460417574574,0.1363662976771593,0.023458771544019114,0.00845815580102028,0.053876328499471826,-0.04444684501166418,-0.0034321086572053454,0.13681217687470573,1.4285714285714286,0.0306976665821981,1.5999999999999999,0.035399342375003806,1.8571428571428572,0.007697122018276527,1.7428571428571429,0.05503169360121866,1.7142857142857142,0.03215452265365616,1.5714285714285714,0.004529584372448851,1.2857142857142856,-0.013429669258454107,1.4857142857142858,-0.025064788481287213,1.8,-0.0024001234278733545,1.6285714285714286,-0.007441714694978724,1.542857142857143,-0.01843560327471743,1.4285714285714286,-0.007003537228633916
2025-12-01,2025-12,319,314,-0.16839622641509433,0.1194204036573954,0.06159820068454893,-0.08251944460874194,-0.058240101135654,0.36105199813121747,-0.053625352445118415,0.12855232939602831,0.05437216843438318,-0.1658159342284261,-0.06511067140166926,0.11106210526439453,-0.09369377100577213,-0.027724079330442696,0.04290669609683111,-0.030753382849135622,-0.1279956115910133,0.43381936815116673,0.08193611391880191,0.18528633296041144,0.06192891294492687,0.0399294670846395,0.01970618520576672,0.33595448227659347,-0.02950922694741823,0.16435478367263628,0.06318824425354995,-0.29248462175430295,-0.1230504779193492,0.11684129176841629,0.023414118412491868,0.16975763743926897,0.053518830146530375,-0.0028375820665996333,-0.05707997158651174,0.09782083861289487,1.7428571428571429,0.11506326080025255,1.6285714285714286,0.12448090082459974,1.9142857142857141,-0.03250979361615698,1.6857142857142857,0.18107204724612572,1.5999999999999999,0.16035478367263628,1.8,0.16525763743926897,1.5142857142857142,-0.062025815421368286,1.5999999999999999,-0.06911067140166927,1.857142857142857,-0.13263846873387045,1.8857142857142857,0.014991899491481006,1.6857142857142857,-0.12726476363363493,1.6285714285714286,-0.061151400157940315
2025-12-02,2025-12,313,303,-0.16683859475011467,-0.05411093627342143,0.0547517171577543,-0.11111550279963621,-0.04752190085499838,0.3064500228812297,-0.058835799027288825,0.09616300978149273,0.04422641064737365,-0.19411176316815193,0.013701408588458433,0.10393614582717418,-0.028140175697239773,-0.04415597651347736,0.04006094454730465,0.023927507774751364,0.12703337318681948,0.39475526710351305,-0.12177890405032595,-0.1361686826745777,0.04686852067606189,-0.047968717959153646,0.12451649334971768,0.19058708505084115,-0.0006249677145670308,0.0854539946888973,0.050710507428397264,-0.2090084576094222,0.03747599421796581,0.09320916657646497,-0.044031460491239495,0.0048242541252063245,0.044868119441459894,-0.059888499811374805,0.0874823919698766,0.08154429985831181,1.3225806451612903,-0.05741738788632465,1.5161290322580645,0.09237268720084757,1.7096774193548387,-0.04843017006186445,1.7096774193548387,-0.1404428762229648,1.5806451612903225,0.0815023817856715,1.7419354838709677,0.0004694154155289055,0.9354838709677419,-0.04986061053241774,1.3548387096774193,0.010314311814264884,1.8387096774193548,0.1224365989932711,1.9032258064516128,0.11975842883358864,1.3870967741935483,0.03400825228248194,1.2903225806451613,0.0842565855182637
2025-12-03,2025-12,303,296,-0.0889137218907266,-0.026497980557089226,0.04372747268840281,-0.057765409688406974,-0.030155382603763624,0.3303191812088092,-0.09667312583471661,-0.030889526180006822,0.040569255355534906,-0.11554634898833209,-0.0009629210712602185,0.12090847219030063,-0.1245409497126613,-0.039082016088119204,0.05630153169627912,-0.026859048240456443,-0.01871328077836238,0.495343612258633,0.016578291673712508,0.03144731944913519,0.0393062252244145,0.06047705241071336,0.01603966103339213,0.15889534000307323,0.004352173627958822,0.02804939696083405,0.03860195940710555,-0.09892319399245605,0.033278419794421955,0.14435728142658869,-0.017631716988359695,-0.023185458249368192,0.03902348401526924,0.0051825764660816025,0.028509991493814918,0.12207341951628525,1.3666666666666667,-0.02991464722375589,1.6,-0.03488952618000682,1.7333333333333334,-0.04341534942145254,1.7666666666666666,0.027030652782468523,1.6333333333333333,0.023966063627500714,1.6,-0.027185458249368192,1.1333333333333333,-0.03298871593709696,1.5,-0.004712921071260218,1.8666666666666667,-0.023379947445029046,1.9,0.011289661033392129,1.4666666666666666,0.02961175312775529,1.3666666666666667,0.025093324827148253
2025-12-04,2025-12,335,330,-0.09069047406253591,-0.031668291456426606,0.049277383138503134,0.03741716992454324,0.004708523088311298,0.38316333237471,-0.08286837838182909,0.006597545889189829,0.04553762551972708,0.03628755282611749,-0.007346128666643956,0.1382059891792861,0.10002030920120701,0.026709727449847464,0.045205204832495044,0.0640706327940509,0.011700747917508478,0.36532441752426553,-0.0022793432325115227,0.01936686142448918,0.04650190384184699,-0.025248969012933623,0.018439268395367935,0.2337758330571832,-0.07144357340755589,-0.03099833173026821,0.046019632105419844,0.03361432784750329,0.007025391957851457,0.12940522238160623,-0.11527648328077321,-0.04593750576292652,0.042285293330848434,0.04862907447365397,0.029950416807309272,0.10787347455819449,1.4545454545454546,-0.035304655092790245,1.7272727272727273,0.002279364071008011,1.8181818181818181,0.02216427290439292,1.8181818181818181,0.014821406879034634,1.7272727272727273,-0.03531651354845003,1.8181818181818181,-0.050482960308381064,1.121212121212121,0.0019054927852809956,1.5454545454545454,-0.01120976503028032,1.8787878787878787,0.007003778220538781,1.9696969696969697,0.01351502597112551,1.4848484848484849,0.003313270745730244,1.4848484848484849,0.02623829559518806
2025-12-05,2025-12,289,284,-0.006562214950758581,-0.016468499112870464,0.04678075893620538,0.003805234061170107,0.006008124519957672,0.35051234305969303,-0.06082160044545201,-0.013482202893922022,0.050258757654594755,0.020038380463747365,0.008042111408944095,0.12975575043154614,-0.027108458828869433,-0.013702410374398323,0.0564330552549572,-0.11881151943326494,-0.009162863836724315,0.5105676773403373,-0.0970526452638396,-0.013313304015905653,0.04142879286134333,-0.004368512110726644,0.014735645574406424,0.21148260602993627,-0.03297786660303066,-0.016460790618872765,0.0537722255830921,0.03375840194089806,0.011718445734720499,0.11657101108825632,-0.09799447162232033,-0.010389563462693967,0.040987724157312416,0.07417223481684763,0.00912515021393039,0.10661843937954732,1.4545454545454546,-0.0201048627492341,1.5151515151515151,-0.01727008168180081,1.8181818181818181,-0.01824786491985287,1.8181818181818181,-0.017858758561360197,1.6666666666666665,-0.02062745728553943,1.606060606060606,-0.014404714977845482,1.0,0.0035081245199576716,1.4545454545454546,0.004405747772580458,1.9393939393939394,-0.014011348685209164,1.7878787878787878,0.010265948604709453,1.6666666666666665,0.007551779068053832,1.3939393939393938,0.005640301729081905
2025-12-08,2025-12,374,367,0.09964187464792634,0.006865152315233002,0.047549123540768935,0.0027621684427273315,0.01094159988779217,0.3483173576359814,-0.10511299968321597,-0.033755068433290056,0.03633983201029671,0.0680496089260146,0.0028230862914942496,0.117214408778661,-0.07494438854685066,0.002290513479904891,0.04280999071732801,0.013919911629610995,-0.01562965872397807,0.4892096835616473,-0.065441474126047,-0.02645617837572014,0.03981182045701434,-0.040763518272914766,-0.019629987812786322,0.20324052900478645,-0.027314993466186537,-0.03404385005177728,0.03805737825439744,0.1639283831875321,0.04082716999853919,0.109949725101123,-0.07728348423870549,-0.031146049035773112,0.03714977849825683,0.045838714618498144,-0.0009424335962033784,0.0927940873882255,1.2432432432432432,0.0037570442071248942,1.6216216216216215,-0.03780912248734411,1.7027027027027026,-0.0019662432768518655,1.5945945945945945,-0.030442664862206627,1.6486486486486487,-0.0381654716733989,1.6486486486486487,-0.03526767065739474,1.0,0.008441599887792169,1.4054054054054053,-0.0006904272220192636,1.9189189189189189,-0.020426956021275366,1.7837837837837838,-0.02408944727224578,1.5135135135135136,0.037043386214755405,1.3783783783783783,-0.004388379542149324
2025-12-09,2025-12,328,321,0.11980097952732127,0.05933798819990686,0.05317526895293277,-0.023459482106044954,0.031432849602169466,0.36127460293937474,0.017906539027258687,0.01152164631169782,0.048333841555322374,0.017508999857852234,0.0192469005128173,0.13078632717952132,0.009419588708305317,0.01269769126317057,0.043543050903007335,-0.0043437093964108385,0.0030639846479100785,0.48518188553862274,-0.026348520872345713,-0.005559407037410962,0.04663540892229465,0.04025842327523412,0.02393161641116701,0.18111631920328364,-0.013079634714252388,0.015132305549316227,0.04543688526022311,0.1359806597424609,0.06971310879282563,0.1202702916925773,-0.0449697034824842,-0.005249446100088654,0.048432284117303215,0.0013167371851069952,0.0031072276660543477,0.11619490070734173,1.2432432432432432,0.05622988009179875,1.6216216216216217,0.007467592257643766,1.8918918918918919,0.00796796153344084,1.810810810810811,-0.01008643406443799,1.810810810810811,0.010605278522289199,1.7297297297297298,-0.00957377042441298,0.8918918918918919,0.029203119872439735,1.3243243243243243,0.015936089702006488,1.7837837837837838,-0.0013954748115493814,1.9189189189189189,0.019134319113869713,1.3783783783783785,0.06626716284687968,1.1891891891891893,0.00013425469308137473
2025-12-10,2025-12,328,316,0.2013060590994633,0.016299678072254187,0.052819385897635004,0.01114975777068777,0.019123912881366268,0.3672431043814868,0.045162181077208,-0.0037855534805155792,0.04185404020246458,0.07548012277758091,-0.014893712509898776,0.13679130258969963,0.03694517999426533,0.022304546968909197,0.04835758864420463,0.0329639648543497,0.06476433398951333,0.4318755471613258,0.049151691197797956,0.012794424319191831,0.04250943968769995,-0.016537430090845344,-0.005724329250210811,0.23104892711853608,-0.08132144370438434,-0.053543670995530424,0.04632345636599838,0.15637410298979595,0.016194515004116637,0.13222087250323966,-0.050231551226585576,-0.01982983866681054,0.04255384241010183,-0.004674212967276769,-0.009808395358989367,0.11027435905998573,1.125,0.013487178072254188,1.53125,-0.007613678480515579,1.9375,0.017460796968909197,1.5,0.009044424319191832,1.59375,-0.05752804599553042,1.5,-0.02357983866681054,0.9375,0.01678016288136627,1.34375,-0.018253087509898777,1.75,0.06038933398951332,1.90625,-0.01048995425021081,1.4375,0.012600765004116637,1.3125,-0.013089645358989366
2025-12-11,2025-12,348,338,0.13100020017158379,0.029344762167093967,0.058232636785109954,0.09121616908035252,0.030516208278357767,0.3732888299752684,0.009147955925517112,0.012752118879187507,0.05145919274709242,0.0676719475328354,0.03477977170303694,0.16647463094662218,0.06127776346351153,0.03047723117673964,0.04872360303164764,0.02870965648515592,0.01066736216212744,0.4662121512434062,0.001406326390160328,0.00789091824118874,0.05180065129012415,0.0031808204301439612,-0.058721468807924955,0.2687416732968653,-0.06771395136954904,-0.008673900453219717,0.0576061060803504,0.0976421609761084,0.05122075147558948,0.15372618813725078,-0.056036084416030016,0.0050994016505587145,0.06063757761031736,-0.05568841798104606,-0.011338634017200267,0.13075047315043561,1.2941176470588236,0.02610946804944691,1.5588235294117647,0.008855060055658096,1.7647058823529411,0.026065466470857286,1.7941176470588236,0.0034056241235416807,1.6176470588235294,-0.01271801810027854,1.5294117647058822,0.0012758722387940088,0.9117647058823529,0.028236796513651886,1.4411764705882353,0.031176830526566356,1.8529411764705883,0.0060350092209509685,1.8823529411764706,-0.06342735116086613,1.3529411764705883,0.04783839853441301,1.3823529411764706,-0.014794516370141444
2025-12-12,2025-12,305,298,0.13213681503662725,0.03195205013207629,0.05258215227653931,0.017898712548004535,0.04387032559483632,0.3618861445536216,0.003705865435043733,0.010423202757696048,0.04910854446349183,-0.15872794329120776,0.00040358199493136654,0.18404942055543266,0.023834377473128925,0.019965606102332112,0.04932939725320283,-0.1091510072073405,-0.01995026645039764,0.5487311899662017,0.1155835105042714,0.008216123984108082,0.051370331568187835,-0.023538716608299922,0.007682536465204021,0.2085634161407749,0.08872083777428141,0.03353663774217587,0.04889423758607511,-0.1062541237375019,-0.019011176555645506,0.17686038017272948,0.10256517619990188,0.02861592587002729,0.04861957999234353,-0.07017290091187467,-0.008715514550196136,0.16587117034941912,1.2647058823529411,0.028790285426193937,1.5294117647058822,0.006599673345931342,1.7941176470588236,0.015480311984685052,1.6470588235294117,0.004098476925284553,1.6764705882352942,0.029345461271587634,1.588235294117647,0.024645337634733172,1.088235294117647,0.0411497373595422,1.4117647058823528,-0.0031258297697745155,1.8529411764705883,-0.024582619391574113,1.7941176470588236,0.0031972423475569627,1.4705882352941175,-0.0226876471438808,1.2941176470588236,-0.011950808667843194
2025-12-15,2025-12,352,346,0.06044511089940466,0.02762347919757876,0.05211741362995095,-0.06996034035332781,-0.009165199267578077,0.32700476657067024,0.05052458905660101,-0.001996441907931327,0.050441996901025896,-0.06304712404107031,-0.021449067926544624,0.1895670691771167,0.04505039503018379,-0.016199662720288156,0.051419206165230796,0.008906099306093216,-0.0006096025162419735,0.520913483628205,0.09470441155733786,0.01636495745430674,0.04408654304207692,0.021020156141673657,-0.0009019737671329565,0.2506362424897296,0.10844127896702938,0.020653398943517476,0.042431267041308784,-0.06600696342971593,-0.013789239944443445,0.17221322006412915,0.06450400059815872,0.040383517895902096,0.04523555245264435,-0.037088995553775164,-0.008094211166993387,0.15725282356143,1.1714285714285715,0.02469490776900733,1.4,-0.005496441907931327,1.8285714285714285,-0.020771091291716726,1.8,0.01186495745430674,1.7142857142857142,0.01636768465780319,1.6285714285714286,0.03631208932447352,0.9714285714285714,-0.011593770696149506,1.4,-0.024949067926544624,1.8285714285714285,-0.005181031087670545,1.8571428571428572,-0.0055448309099900995,1.4857142857142858,-0.01750352565872916,1.2857142857142856,-0.0113084968812791
2025-12-16,2025-12,340,333,-0.11893701502608155,-0.029602478424777864,0.04414097789770166,0.028127762147342004,-0.02224765928685691,0.293118307423411,-0.06511668378975394,-0.040974451775205006,0.0366784606261345,0.11200758402652577,0.011940724442514107,0.13409559947974753,0.030968116850032364,0.009847387103482211,0.04114845454889211,0.03316100924996465,0.057975941641910486,0.519542235090877,-0.10117180698986894,-0.046286589617820804,0.03947783349253357,0.17207985210537644,0.02925682900069205,0.24993735151083182,-0.0510248663864892,-0.030840352194965705,0.038288415421214694,0.11395641016638146,0.023819691347680742,0.12553448342915738,-0.07184521746829685,-0.017446251356159417,0.03667885701595796,0.15524477873053044,0.04323961128431033,0.1123824448070743,1.2285714285714286,-0.03267390699620643,1.4857142857142858,-0.04468873748949072,1.8857142857142857,0.005133101389196497,1.7428571428571429,-0.05064373247496366,1.6571428571428573,-0.03498320933782285,1.6285714285714286,-0.02151767992758799,0.8571428571428572,-0.024390516429714054,1.4,0.008440724442514107,1.8857142857142857,0.053261655927624774,1.8571428571428572,0.024613971857834906,1.5142857142857142,0.020033977061966458,1.3714285714285714,0.0398110398557389
2025-12-17,2025-12,319,313,-0.07332724611107826,-0.009588275854083745,0.057370331448135956,-0.04073201928195422,-0.004166005650572476,0.40044680297855406,-0.08631152095946991,-0.0032596540173803505,0.05488463923283156,-0.09416402969184362,-0.018020760618107628,0.1401674394165316,0.10971211372833276,0.03453740296161274,0.05005496635204562,0.0375312528738927,0.009852948654914713,0.4607142238847671,-0.017123824451410658,-0.028309316698860585,0.04561377124432861,0.009310123025965577,0.0208652399251251,0.19344210095943942,-0.06297650381498787,-0.025631352270877313,0.05466896943429542,0.021844871946531022,-0.004310067994998431,0.13381140006165348,-0.035541122020464895,0.0046976428426487304,0.04026694238524926,-0.022486617968888626,-0.0030802799369343227,0.1139653654949319,1.2727272727272727,-0.012770094035901926,1.393939393939394,-0.006744502502228836,1.6666666666666667,0.030370736294946077,1.7272727272727273,-0.0326274985170424,1.5151515151515151,-0.0294192310587561,1.4848484848484849,0.0009855216305275178,1.0303030303030303,-0.0067417632263300515,1.3333333333333333,-0.021354093951440962,1.6363636363636362,0.005762039564005623,1.7272727272727273,0.01654705810694328,1.4545454545454546,-0.007946431631362067,1.303030303030303,-0.00633785569451008
2025-12-18,2025-12,322,314,-0.10209856767738096,-0.0060229993036563685,0.07090730913567865,0.012055922746342245,0.014583016572170083,0.4039705538701627,-0.16730582844011282,-0.027235536573845094,0.07733306045053435,0.036104148593927306,0.0060576358802033065,0.14277588467924826,0.11542320375319441,0.05483245936075701,0.051227456687700894,0.033862982169980585,-0.021603781167488414,0.4061933856817984,-0.12374757809536881,-0.027242231958859057,0.07659950320063756,0.01958676344760375,-0.008515022691906678,0.21101239359667223,-0.15347089194563704,-0.045040604921223956,0.06309767055857743,0.03563365076661004,0.004501750801577381,0.14028056434565975,-0.09983809339472376,-0.028337895356166036,0.04780494652390792,0.008389705910103826,-0.008886840762966966,0.12210439878606028,1.3548387096774193,-0.009410096077849917,1.3225806451612903,-0.03054198818674832,1.7096774193548387,0.05055826581236991,1.7096774193548387,-0.031516425507246155,1.6774193548387095,-0.04923415330832073,1.6451612903225805,-0.03245079858197249,1.032258064516129,0.01200237141087976,1.2580645161290323,0.002912474589880726,1.7741935483870968,-0.026039265038456157,1.967741935483871,-0.013434377530616357,1.4193548387096775,0.0009533637048031876,1.3225806451612903,-0.01219329237587019
2025-12-19,2025-12,320,312,0.02500989008161926,0.0347388998893237,0.06386273254032493,0.026871541733031724,0.02764438099148292,0.330940802611651,-0.08110718376527,-0.04232552082060211,0.07099930623419343,-0.007077462341929243,0.0010318540221568111,0.15703642152009473,0.0738203129009309,0.00758968072695888,0.04252810097627198,0.005256614882354581,0.003052798500964831,0.47421598554618893,-0.13314022840252052,-0.0070842519497777735,0.06509541278712229,0.06404103653731721,0.0019067196326363698,0.20022879540920258,-0.06369551311190015,-0.007237755099780581,0.05753591193163501,0.03941292512130187,0.02577442341878858,0.1366485715393097,-0.018179256344598445,-0.025442801795396534,0.048005173219842406,0.0672195957009711,-0.006605402710111014,0.11917280453828073,1.3548387096774193,0.03135180311513015,1.4516129032258065,-0.04595455307866663,1.7419354838709677,0.003234842017281461,1.6129032258064515,-0.011116510014293902,1.6129032258064515,-0.01127001316429671,1.5483870967741935,-0.02931376953733202,1.161290322580645,0.024741155185031307,1.5161290322580645,-0.0027584685584883506,1.8387096774193548,-0.001543975692583556,1.8064516129032258,-0.0026094093996216943,1.3870967741935483,0.02230668148330471,1.3548387096774193,-0.009992499484304562
2025-12-22,2025-12,312,304,0.021734210841107056,-0.0029416117847751513,0.053592419757458695,0.015435506010072235,-0.0003817187377958692,0.38315371597806613,-0.06876753810277536,-0.03161857499780717,0.0550230006515927,-0.15075715609909132,-0.010517320292708379,0.15859183333814142,0.07349743893761501,0.027805849603922142,0.03982548124569838,-0.06264905906959999,0.0021373658973917534,0.33736353442072864,-0.11508256244202382,-0.037849603710451485,0.05332080925926336,0.02229941862992005,-0.011534605351423702,0.18702033075193567,-0.08845841706448015,-0.006455039151969488,0.04849872256707241,-0.1852240965531084,-0.027636339197511826,0.13644819545249143,-0.02356378199530763,-0.010937274438354922,0.04418120091432047,-0.1857958258623946,-0.026391352893912392,0.12508894292016823,1.3870967741935483,-0.006409353720259022,1.5483870967741935,-0.03548954273974265,1.7096774193548387,0.023531656055535047,1.7419354838709677,-0.042204442420128906,1.6129032258064515,-0.010487297216485617,1.6129032258064515,-0.014969532502871051,1.1935483870967742,-0.003365589705537805,1.3870967741935483,-0.01398506222819225,1.8064516129032258,-0.0023787631348663107,1.8064516129032258,-0.016050734383681767,1.5806451612903225,-0.03158795210073763,1.3225806451612903,-0.02969780450681562
2025-12-23,2025-12,288,281,0.015801011939926616,-0.000276124675187589,0.07826203835352158,0.008857990829043238,0.011868950321279638,0.3291455869163786,0.05643936197147439,0.014860382798879246,0.07524512273682908,-0.08101698355095266,-0.0035559813431482803,0.13883192863847527,-0.12665541041816597,-0.011514946535859185,0.04340096232276293,0.0799241332129952,0.01559215805052604,0.5026453382202557,0.012457852581491707,0.01006330101003737,0.07969258777550324,0.015688484863098755,-0.02392606412927234,0.23727201830063546,-0.04452103653513055,-0.0005371896442531998,0.06999374469927248,-0.18477699544667223,-0.048000635111264595,0.1299482608613159,-0.006204562169200535,-0.0024372001538051115,0.08214160881545843,-0.28504464913655564,-0.04923075623648732,0.1413575370929071,1.4333333333333333,-0.0038594580085209228,1.5999999999999999,0.010860382798879246,1.8333333333333333,-0.016098279869192517,1.6333333333333333,0.005979967676704037,1.6666666666666665,-0.004703856310919866,1.6333333333333333,-0.006520533487138445,1.3,0.008618950321279639,1.4666666666666666,-0.007222648009814947,1.8666666666666667,0.010925491383859374,1.7333333333333332,-0.028259397462605675,1.4,-0.0515006351112646,1.3666666666666667,-0.05264742290315399
2025-12-24,2025-12,267,263,-0.03399125969658483,0.0011214870314100109,0.06278007802146313,0.03754733726831442,0.022868863940867054,0.3503605829408536,-0.03805139149170243,-0.01373874978651982,0.05842412959164495,-0.15335927337618407,0.008320821272244547,0.10541263322990674,-0.04118931820374525,-0.001154269048269669,0.04747198866116908,-0.1406643130559517,-0.029681511006594382,0.5292524729783719,-0.0022075357889214005,-0.031133814777095783,0.05641815462581118,0.04384526066212573,-0.00011739718510710671,0.1775635164231062,-0.048887949511958045,-0.01636359897248119,0.05010524310979127,-0.21909233176839085,-0.01652299665189277,0.10380280970667416,-0.03888957450795848,-0.020558999485539575,0.0570284465185464,-0.32479398723109754,-0.0263580894137441,0.09900627672099149,1.2142857142857144,-0.0019142272543042752,1.5,-0.01748874978651982,1.8928571428571428,-0.005886411905412526,1.6071428571428572,-0.03515167191995293,1.6071428571428572,-0.020381456115338332,1.5357142857142858,-0.02439828519982529,1.1428571428571428,0.020011721083724197,1.5,0.004570821272244547,1.75,-0.03405651100659438,1.75,-0.004492397185107107,1.4285714285714286,-0.020094425223321343,1.4642857142857144,-0.030018803699458384
2025-12-26,2025-12,292,288,-0.09934098741151191,-0.014382536661824654,0.0627781468425884,0.048068841637555836,0.01567483146167259,0.2830846561440106,-0.1817778699449376,-0.035239962456288465,0.0540488139046155,-0.11765828635037538,0.01898086703863649,0.14034884846929846,-0.0886291223253347,0.010865681919309634,0.04250864351262032,-0.012565796074259275,0.005393634373063448,0.4035837655437404,-0.14373155861437165,-0.023268920155650213,0.05162567497716484,0.03429357347349943,0.013917836626112793,0.19449750462482715,-0.19786235118716036,-0.04563059573299956,0.05473873933291807,-0.12097847301056092,0.011551590032741896,0.14333914156103955,-0.07927793101038326,-0.020727301333625027,0.04968502386933042,-0.0684107386842961,0.007841549859185072,0.1277214435153994,1.206896551724138,-0.017399778041135,1.5862068965517242,-0.03920547969766777,1.6551724137931034,0.006727750884826875,1.7586206896551724,-0.027665471879788146,1.6551724137931034,-0.04976852676748232,1.620689655172414,-0.02477902547155606,1.1379310344827587,0.012830003875465693,1.4827586206896552,0.01527397048691235,1.896551724137931,0.0006522550627186203,1.896551724137931,0.009176457315767966,1.6551724137931034,0.007413658998259138,1.5517241379310345,0.003962239514357485
2025-12-29,2025-12,260,258,-0.06858795134657204,-0.017647542331410082,0.05218899850762368,-0.05726507105817451,-0.03120838141087911,0.32315411411512357,-0.007803938838421597,-0.02985293623187857,0.0453545559219904,-0.02959488476729856,0.03205886944250707,0.1202770103342258,0.04342369796708208,-0.05827654494776965,0.04543996093956737,0.08161628730778461,0.032833788258422,0.484723452765208,-0.07969576245438315,-0.037805391232794236,0.048141541957531245,0.014579642165849062,-0.01948146214582075,0.18511321230863148,0.04108845488155833,0.045500760172024785,0.04772104838074583,0.07950254157150709,0.05079046696133525,0.10835676117298695,0.004090411685154429,-0.06235058751344017,0.03707352002045493,0.15885077954043472,0.09959567094281291,0.1152392981144098,1.3103448275862069,-0.0209234044003756,1.7241379310344829,-0.03416328105946478,1.8620689655172413,-0.06293171736156275,1.8620689655172413,-0.04246056364658734,1.7586206896551724,0.041104208447886856,1.7241379310344829,-0.06666093234102638,0.9310344827586208,-0.033535967617775664,1.517241379310345,0.028265765994231206,1.793103448275862,0.028351029637732346,1.8620689655172413,-0.024136634559613852,1.5862068965517242,0.04682494971995593,1.517241379310345,0.09580256749453704
2025-12-30,2025-12,263,254,-0.037970700532741576,0.0046689363607904585,0.054256062420139514,0.006471266521189605,-0.01382527988642563,0.37388101711869237,0.07917307636490291,0.03525763860124996,0.051882933743188,0.09848330927772486,0.025782033908756753,0.14232855305075645,0.041850385371773914,-0.005734403977198467,0.04330604046478815,0.0814877369581149,0.05158961883570901,0.45467616260051724,0.022281016279262218,0.009987364804094234,0.05130291983942581,-0.0945081969375935,-0.029582844473067145,0.19943650379776953,0.010000448568933172,0.006965809413092577,0.04059228153070522,0.18449772153368357,0.048795060037776616,0.13455853991210462,-0.016862233926060007,0.0007587409221536806,0.041165016101095284,0.16577326687476748,0.031668500878575756,0.12679176948964596,1.153846153846154,0.0017843209761750733,1.576923076923077,0.03131533090894227,1.8461538461538463,-0.010349788592583082,1.8076923076923077,0.005468134034863465,1.8076923076923077,0.002446578643861808,1.6923076923076923,-0.00347202830861555,0.8461538461538461,-0.015940664501810246,1.4230769230769231,0.022224341601064446,1.8076923076923077,0.047070388066478244,1.9615384615384617,-0.0344866906269133,1.7307692307692308,0.04446813696085354,1.5384615384615385,0.02782234703242191
2025-12-31,2025-12,238,236,0.03551611842237027,0.028939677152935495,0.07223355304654032,-0.025941778649916616,0.044903316601106205,0.3309945414463679,-0.07041047444877002,-0.02922801560125629,0.06716211203584804,0.13714511809702432,0.030483469534780504,0.15135665610432625,-0.009098439135198155,-0.028763523130135665,0.0511682139825002,0.04250923221428947,-0.017665052003732057,0.5643780815104643,-0.042323014688635904,-0.004983279687386891,0.05892295776447509,-0.051800329262577334,0.03150181554862654,0.18408191855996847,-0.12366128592213327,-0.01833081664575345,0.058210550745836066,0.24043867851679626,0.05143332789001588,0.1428305689090242,-0.09153081284417798,-0.013093034550880026,0.0492678681249524,0.2597084170249849,0.05590274050805685,0.14410050003789365,1.2,0.025939677152935495,1.4,-0.032728015601256294,1.92,-0.033563523130135664,1.8399999999999999,-0.00958327968738689,1.72,-0.02263081664575345,1.5999999999999999,-0.017093034550880026,0.96,0.042503316601106206,1.44,0.026883469534780505,1.72,-0.021965052003732055,1.92,0.026701815548626544,1.5999999999999999,0.04743332789001588,1.44,0.052302740508056854
2026-01-02,2026-01,317,315,-0.04897068070943289,0.04497135346837168,0.05300896464591095,-0.03901365123685374,0.015053502551704387,0.33644571399781853,-0.030418246653491843,0.017227622628879606,0.045047457273913134,0.02722110422902796,0.012404859163449553,0.1630831150105223,0.10907353539675484,0.0949808752263742,0.03345759034958751,0.0022042021310400284,-0.0028678568562045086,0.3007415145402774,-0.10302812495026387,0.01871938308952488,0.04195766361698158,-0.03441062504567615,0.030409877903547364,0.2649946053425083,-0.07321559242924798,0.007850927133958338,0.037562751386028784,-0.016768139931393474,0.0121245596725939,0.15990531782153994,-0.048923031428026065,0.05253465969915905,0.030688385314673737,0.02534772267172162,0.03026823668956863,0.16082396963611245,1.375,0.04153385346837168,1.5625,0.013321372628879606,1.78125,0.0905277502263742,1.84375,0.01411000808952488,1.71875,0.0035540521339583377,1.59375,0.04855028469915905,1.53125,0.011225377551704387,1.6875,0.008186109163449553,1.90625,-0.0076334818562045085,1.90625,0.025644252903547365,1.71875,0.0078276846725939,1.75,0.025893236689568628
2026-01-05,2026-01,293,288,-0.031754600103096074,-0.0019170623403284436,0.038246667540964785,-0.03537771179349294,-0.00841174754562436,0.31401452846054373,0.05121839282255518,-0.013707189157247446,0.03865005659553887,0.05823277461903458,0.006026938729109701,0.18189932598636066,0.10241348843383534,0.022588021566758536,0.03518728171585149,0.07637858675662001,0.03146118897897647,0.4148861758154014,0.025197489744750723,-5.1349529952247897e-05,0.03567385868767832,0.04937975938423431,0.016053357969433666,0.26521540600164184,0.06981463865175787,0.04160056387288358,0.03910281295990955,0.09797044256011816,0.016663935645454382,0.1723249084476767,0.1056808842329896,0.05060884203189282,0.04053964899141081,0.11206313372981153,0.05303689123604323,0.17510642804976168,1.28125,-0.005120187340328443,1.5625,-0.017613439157247446,1.875,0.017900521566758535,1.78125,-0.0045044745299522475,1.65625,0.037459938872883576,1.5625,0.04670259203189282,1.28125,-0.01161487254562436,1.40625,0.0025113137291097013,1.90625,0.02669556397897647,1.9375,0.011209607969433665,1.71875,0.012367060645454382,1.5625,0.04913064123604323
2026-01-06,2026-01,294,294,-0.02662163262945023,-0.002769748448132367,0.05701990564803597,0.09925141341316998,0.03396991964528807,0.3702324542762904,-0.03715308070356042,-0.026600154170579506,0.05880072843399718,0.20431420095081476,0.049501100179772724,0.19348892132783757,0.13303954664314827,0.03990217421557652,0.049171149172840684,-0.017449651946528495,-0.01723469704762299,0.5526019011078209,0.06384814352651455,0.00444547794935625,0.050259163100694865,0.009989575745841809,0.029022213568098056,0.29226515281560095,0.004755962661572988,0.011066159220785805,0.055233063990469004,0.19834581371161294,0.05485897576574093,0.2123974044004391,-0.0418172015324957,-0.051355971590889615,0.04975702314257602,0.21025047723723028,0.08827892846560216,0.21621646963316818,1.4482758620689655,-0.0063904381033047805,1.7241379310344827,-0.03091049899816571,1.7586206896551724,0.03550562249143859,1.8275862068965516,-0.0001234875678851298,1.8275862068965516,0.006497193703544426,1.8620689655172413,-0.05601114400468272,1.2758620689655171,0.030780264472874276,1.5517241379310345,0.04562178983494514,1.7241379310344827,-0.021545041875209198,1.8620689655172413,0.024367041154304953,1.6206896551724137,0.0508072516278099,1.5862068965517242,0.08431341122422285
2026-01-07,2026-01,319,314,0.021633421068196605,0.018248923418184355,0.06573946119987321,0.07930627846454132,0.024001758971868074,0.3050324068434777,0.04411634642052372,0.04019998499615598,0.07330424562400249,0.19871576861654935,0.0717721339566996,0.18407908778998158,0.0023004969103494273,0.017833344647825967,0.056327524055891025,-0.07888782865067633,0.019539955809771345,0.5562035943711957,0.05982729047140238,0.04516329643471169,0.07041120752997293,-0.08586532205595315,0.00248821040278332,0.3070765678139944,0.006806722067782575,0.007836375840818005,0.07029611867849252,0.2328185071272254,0.05074049900926744,0.18787498315495826,0.08043450937481517,0.06116684366368608,0.05531825839188695,0.1867654669663453,0.0674151816429097,0.19152242642256523,1.2580645161290323,0.015103762127861775,1.6774193548387097,0.0360064366090592,1.7741935483870968,0.013397860776858225,1.7419354838709677,0.04080845772503427,1.6451612903225805,0.003723472615011554,1.7096774193548387,0.05689265011529898,1.3225806451612903,0.020695307358964847,1.5161290322580645,0.06798181137605444,1.7096774193548387,0.015265762261384248,1.8064516129032258,-0.002027918629474744,1.6451612903225805,0.04662759578346099,1.4516129032258065,0.06378614938484518
2026-01-08,2026-01,301,299,-0.04067105681624817,0.044464138922193044,0.051594754123884194,-0.05249521462674089,0.00043119791117267325,0.3004076931004723,0.010314844557875515,0.05887266074487068,0.05313902884349413,-0.008679677014807156,0.07154836829547608,0.18506689084072908,0.1308803823270687,0.07025229867386064,0.0527584301100211,-0.009001586700196134,-0.0013469256045490416,0.5007223637153705,-0.08095928372965262,-0.006262909023507984,0.046823997170336626,-0.011965413302237575,0.029055076483189286,0.3630113347123067,-0.08622384545994588,-0.01912166372047562,0.048789891572488475,0.08360696134298476,0.09234073206752515,0.18184942168494067,-0.10063540956194583,0.02379679180704808,0.03759843702783755,0.05004510351807441,0.05959239437835638,0.17732553345461688,1.5161290322580645,0.04067381634154788,1.6451612903225805,0.05475975751906423,1.9354838709677418,0.06541358899644129,1.6774193548387095,-0.010456457410604757,1.5161290322580645,-0.022911986301120783,1.4838709677419355,0.020087114387693242,1.3225806451612903,-0.0028752537017305525,1.5806451612903225,0.06759675539225027,1.9032258064516128,-0.006104990120678074,1.8709677419354838,0.024377657128350577,1.7096774193548387,0.08806653851913805,1.5161290322580645,0.05580207179771122
2026-01-09,2026-01,276,271,-0.027602064411476206,0.03595837713341679,0.050910992089186466,0.10279077067964212,0.02406652014410081,0.3218038112821954,-0.03739387280432642,0.034264459593164286,0.05952745803577619,0.19796121630684493,0.10049506762079792,0.21391267384643908,0.009583749082666739,0.020845897124313666,0.05165491582904547,0.033965606056092244,0.020709327128911433,0.7905681635494586,0.03711334557345761,0.044330588469455194,0.056256497045945236,-0.05371156233501234,-0.008677006635406891,0.42115436604729406,-0.08452105420870136,-0.0024209618632197866,0.06265527663855436,0.21737303976826813,0.10476591133328149,0.2354246878789531,-0.07520726017037428,-0.002350125989924151,0.05150331218573636,0.19752800331045506,0.09178905676351731,0.21020834258309118,1.3666666666666667,0.032541710466750126,1.5,0.030514459593164286,1.9,0.016095897124313665,1.7666666666666666,0.03991392180278853,1.6666666666666665,-0.006587628529886453,1.5333333333333332,-0.006183459323257484,1.1333333333333333,0.021233186810767475,1.5666666666666667,0.09657840095413125,1.7,0.016459327128911433,1.8333333333333333,-0.013260339968740223,1.5666666666666667,0.10084924466661482,1.4666666666666666,0.08812239009685065
2026-01-12,2026-01,319,316,-0.03159712245640895,0.009383805179738317,0.05835825805616096,-0.07795661560300467,-0.05786754210063079,0.2817455034237355,-0.052701913408647307,0.005316787642286162,0.0562917837719577,0.020299653989471818,-0.018099874178202895,0.18347225012257695,0.06216594020150213,0.0037309480996481244,0.05566929766823104,0.017642157826993767,0.010184733048379406,0.5092429374344647,-0.025975557461406517,-0.012581589361049611,0.05498963905731816,0.01950338617140829,0.004473011015152763,0.3291138975182548,-0.09659164842964453,-0.034801842913866066,0.05554022382777685,0.06665619270124801,0.023258978842216567,0.1934695924865082,-0.14685633169693027,-0.04496449817088413,0.0525633247645957,0.04824665818891583,0.010186636087965578,0.18170199950691313,1.375,0.005946305179738317,1.5625,0.0014105376422861617,1.90625,-0.0010346769003518755,1.5625,-0.01648783936104961,1.6875,-0.039020592913866066,1.59375,-0.04894887317088413,1.3125,-0.06114879210063079,1.59375,-0.022084249178202897,1.84375,0.005575358048379406,1.8125,-5.823898484723627e-05,1.6875,0.019040228842216567,1.53125,0.006358511087965578
2026-01-13,2026-01,252,250,-0.05065640893163909,-0.007659204091310573,0.05002085456114859,0.005919480369506352,-0.0027460424581079402,0.35934960812330247,0.012776299282448599,-0.02511059288708374,0.04367223623912536,-0.006134693299079234,0.00625204868884616,0.1711184698343277,-0.0018638734948675747,-0.015455929695157127,0.04076319800665669,-0.06605557428603952,-0.032167608200923514,0.4142739941179752,0.04918857338254402,0.008667878042819783,0.050053101338500175,-0.02973312846862128,-0.0051160139029252875,0.3914593395590782,-0.03345998651732239,-0.016027710504204217,0.0474470226338629,0.05758033178784954,0.003947464104281756,0.18753129199147225,-0.034414572089957504,-0.02210858644526531,0.04397298421040598,0.11360993068943874,0.02275158199152778,0.17520224198698997,1.46875,-0.011331079091310573,1.71875,-0.02940746788708374,1.90625,-0.020221554695157126,1.78125,0.004214753042819783,1.625,-0.020090210504204217,1.65625,-0.026249211445265312,1.3125,-0.0060272924581079405,1.71875,0.00195517368884616,1.9375,-0.037011358200923515,1.90625,-0.009881638902925288,1.84375,-0.0006619108957182434,1.6875,0.01853283199152778
2026-01-14,2026-01,302,295,-0.028925285875268568,-0.007875785287555384,0.044765761768220474,0.11303632178359417,0.008719836521540281,0.28258629540602365,0.024717512124361542,0.005754625640646799,0.04464121534929673,0.03795426736354743,0.04671380378169479,0.14820570560793084,0.01499857203600251,0.010880965755524925,0.05243938396874532,0.07053111663131229,0.0346249323660164,0.5622808863719304,0.056488674501541256,0.04118777627622633,0.049334122584616134,-0.01808301443552201,-0.009340673462602794,0.3529426086694002,-0.06778641605332344,-0.03482911910789214,0.04067708972001889,0.12441404092885582,0.027572703020057914,0.13952918909490108,0.06893835499685753,-0.008013038270688735,0.038872311568666294,0.20335794112732872,0.05041528706752522,0.16312801937262217,1.7,-0.012125785287555384,1.6333333333333333,0.001671292307313465,1.9,0.006130965755524925,1.8333333333333333,0.036604442942892994,1.8,-0.039329119107892135,1.8,-0.012513038270688736,1.5,0.0049698365215402815,1.7333333333333334,0.042380470448361456,1.8666666666666667,0.029958265699349736,1.8666666666666667,-0.01400734012926946,1.7333333333333334,0.02323936968672458,1.6,0.04641528706752522
2026-01-15,2026-01,298,292,-0.066163206930297,-0.014369064649268449,0.047816920156876414,0.03145118668900402,-0.007964326825748444,0.3092103274217967,-0.055028296930835593,-0.008708289184512805,0.05105776507621333,0.08732767734810337,0.007085079325767997,0.18949710359347277,-0.0858225601914178,-0.035596667448935075,0.041779751730562475,0.0631935453430556,0.013197054529911776,0.5426101833581924,-0.12466159254342254,-0.02717728069606637,0.051056905221732424,0.01578556320312959,-0.004888678478614723,0.340735903330918,-0.13541738228052788,-0.04359093266743243,0.04203022396071947,0.16766234770319977,0.01550958954072524,0.20920255934369975,-0.06573716786731085,-0.009464758385770707,0.04999273374165743,0.2051170954001418,0.01655622428066772,0.19148091547961893,1.5333333333333332,-0.01820239798260178,1.6,-0.012708289184512805,1.8666666666666667,-0.04026333411560174,1.9333333333333333,-0.032010614029399705,1.8666666666666667,-0.048257599334099094,1.8,-0.013964758385770708,1.4,-0.011464326825748444,1.7333333333333334,0.002751745992434663,1.8,0.008697054529911777,1.8,-0.009388678478614722,1.8666666666666667,0.010842922874058573,1.7,0.01230622428066772
2026-01-16,2026-01,292,287,-0.0740784833896705,-0.023214841759411107,0.05349858399614664,0.04944973642391575,0.00977432349877717,0.32363719714741257,-0.02883214370234628,-0.00469412963565604,0.05663224269412838,0.04066017169438188,0.001509426266201882,0.16640255985588862,0.03676001697074723,-0.008612683259095491,0.04151963215508888,0.03481511903688593,0.0033705386247961933,0.40948217130940534,-0.07453490992212465,-0.032823199608099665,0.06326980546936226,0.06722262575473567,0.029474566402141012,0.26368571427682863,0.03252032912186773,0.020980323435312056,0.044858339238546145,0.0690937098894171,-0.011257324388825147,0.15899846946884844,-0.05279137122704464,-0.031049229051829285,0.04820998768090338,0.0716299398525015,-0.010704614498705843,0.1635350471940534,1.7586206896551724,-0.02761139348354904,1.6896551724137931,-0.008918267566690521,1.896551724137931,-0.013354062569440318,1.793103448275862,-0.03730595822878932,1.7586206896551724,0.016583771711174124,1.6896551724137931,-0.03527336698286377,1.3448275862068966,0.0064122545332599284,1.6896551724137931,-0.0027147116648326003,1.9310344827586206,-0.0014570475821003587,1.9310344827586206,0.02464698019524446,1.8275862068965516,-0.015826289906066528,1.6896551724137931,-0.014928752429740327
2026-01-20,2026-01,397,392,0.017114233099702007,0.022241987360460923,0.05198939464398286,0.01699149130892229,-0.005376040008947723,0.30150556953576135,0.034917546284203245,0.02692479162190758,0.056864606154561737,-0.07155366942337058,-0.04017503768831476,0.15360598972974682,-0.04115291889186504,-0.022572019201351778,0.04096553155922833,-0.06591609342487814,-0.003996380732378081,0.35579171385138464,-0.05041967168470752,-0.02810508414235044,0.05309879893394487,0.0024862883994815695,-0.02830211887325304,0.34066670321119136,0.06126253740268398,0.011055333605587709,0.05128772373598886,-0.051047927217186616,-0.03991237559662054,0.1663260601269893,-0.015035102234322518,-0.011255236683954563,0.04439791896981238,-0.08112254271893779,-0.03517788331501785,0.15783269359515265,1.4102564102564101,0.018716346334819896,1.5128205128205128,0.023142740339856298,1.9230769230769231,-0.027379711509044086,1.6923076923076923,-0.03233585337311967,1.641025641025641,0.006952769503023606,1.7179487179487178,-0.015550108478826357,1.205128205128205,-0.008388860521768236,1.6153846153846154,-0.0442134992267763,1.8717948717948718,-0.00867586791186526,1.8717948717948718,-0.03298160605274022,1.6923076923076923,-0.04414314482738977,1.3333333333333333,-0.038511216648351186
2026-01-21,2026-01,360,352,-0.03784006751597672,-0.029696873785564022,0.05990811671973716,-0.057932802979446855,-0.01819573519080894,0.2917061838720526,0.006800723385444229,0.01694218967947326,0.05724248030550973,0.039624019732662545,0.0002759066787185859,0.14414705304162842,-0.025470064409088417,-0.01978344325020814,0.04451823649520435,0.006868820387428363,0.007047677398043062,0.4076958417892456,-0.037792991946053386,-0.01075099385491519,0.06420798703673847,-0.025153743470242827,-0.0030365765530974936,0.3522819944258247,0.022644464849265813,0.013978704482671672,0.05555742686731033,0.02575997242777079,0.02040665948421451,0.14484696622405735,0.017849804515583007,-0.001659394988795363,0.04731554827170316,0.014101703459646037,-0.014697962344242994,0.1547591678798199,1.5128205128205128,-0.0334789250676153,1.6666666666666665,0.012775523012806593,1.7948717948717947,-0.02427062273738763,1.7692307692307692,-0.015174070777992113,1.8205128205128205,0.00942742243138962,1.7692307692307692,-0.006082471911872286,1.282051282051282,-0.021400863395937143,1.5897435897435896,-0.0036984522956403885,1.8974358974358974,0.0023040876544533186,1.8974358974358974,-0.007780166296687237,1.8717948717948718,0.01572717230472733,1.4615384615384615,-0.018351808498089147
2026-01-22,2026-01,350,342,0.031837836472449636,0.007300304859346603,0.058402882194245394,-0.10541754431237675,-0.010000770007924473,0.30451775495620337,-0.0018771932979413264,0.011327826256779014,0.04926974353857658,-0.09337084454596233,-0.016428001778990585,0.1698699225397671,0.10526214516068888,0.03855162699765709,0.039754236409855544,0.05016140040152204,0.014312761123457118,0.4151791501790285,0.014777425144656436,0.0063700964455896646,0.05926119871057925,-0.041231359875686074,0.026512151823573096,0.3386495165828177,0.16434705573202776,0.04029305701754676,0.05491626786984129,-0.06750310970490339,-0.011164864704016396,0.17713011220535813,0.015854544528378315,0.039857067018144524,0.05586139012937963,-0.05222009174792752,0.022637134743270098,0.1804724565761931,1.4857142857142858,0.0035860191450608884,1.7714285714285714,0.0068992548282075855,1.9714285714285713,0.03362305556908566,1.8,0.001870096445589665,1.8,0.035793057017546766,1.8,0.035357067018144527,1.3714285714285714,-0.013429341436495901,1.6857142857142857,-0.0206422874932763,1.9142857142857141,0.009527046837742833,1.9714285714285713,0.02158358039500167,1.8,-0.015664864704016394,1.7428571428571429,0.01827999188612724
2026-01-23,2026-01,299,289,-0.05739893605081817,-0.026169122019359056,0.05605417136599481,0.0009090705034679356,0.04135430533213072,0.26158282224988116,0.017285358353347848,-0.01183643036983869,0.06045753189506341,-0.12547552243496218,-0.018843809256463565,0.15371603094812097,0.05666400487695347,-0.002650196592959203,0.03778332295536879,0.007085974797596508,0.005447490228733941,0.4333385424367313,0.016685147359206304,-0.04056566979754319,0.05543554780101454,-0.007703530784943099,0.018496148696108945,0.24670942243317076,0.039742317793091064,-0.0013471468069765555,0.04996859851545165,-0.10047047204327625,-0.021923393943970547,0.162374267547295,0.05106283260340233,-0.006278360328937083,0.05471930450046279,-0.021304572287939666,-0.025505680104711097,0.16655381422104507,1.5,-0.029919122019359055,1.7941176470588236,-0.01632172448748575,1.8823529411764706,-0.007356078945900379,1.852941176470588,-0.04519802273871966,1.7058823529411764,-0.005611852689329497,1.7058823529411764,-0.010543066211290024,1.3823529411764706,0.03789842297918954,1.7058823529411764,-0.023108515138816507,1.8823529411764706,0.0007416078757927647,1.8529411764705883,0.013863795754932474,1.7352941176470589,-0.026261629238088193,1.6764705882352942,-0.029696856575299333
2026-01-26,2026-01,383,374,0.025007306230568706,0.035881940936883634,0.047720950076883095,0.1068086749689008,0.05533535185040816,0.3381221624393318,-0.06773133022569136,0.0021008620210801743,0.043983947485267474,-0.23711775320219267,-0.09831773078794745,0.1361250760587486,0.023621493199637047,0.058089306577030764,0.04001670782036658,0.0904240574508724,0.07785891124487651,0.42871090216008395,-0.09423052873267004,-0.007601477521408537,0.05495420070821132,0.04711465182562574,0.03620753749758702,0.3098061089152218,-0.09755858440528754,-0.011735261861490057,0.04476308733655211,-0.164490434431944,-0.07346488063377427,0.1357042381690966,0.010499612114335708,0.05451850554544764,0.044494223298763944,-0.15228890988749608,-0.07329969344607977,0.13633612946078583,1.3513513513513513,0.032503562558505256,1.5405405405405406,-0.0017504893302711772,1.9189189189189189,0.05329200927973347,1.5945945945945945,-0.011587964007895024,1.5135135135135136,-0.01551904564527384,1.5945945945945945,0.05053201905896115,1.3513513513513513,0.05195697347202978,1.4864864864864864,-0.10203394700416367,1.9189189189189189,0.07306161394757921,1.837837837837838,0.03161294290299242,1.6756756756756757,-0.07765406982296345,1.5405405405405406,-0.07715104479743112
2026-01-27,2026-01,288,284,-0.0634981834284523,0.025644869941448156,0.03527519075939649,0.10841481499342923,0.05979292086138602,0.24594647969518388,-0.11391909705058494,-0.008880628510900782,0.035390199610221246,-0.10508722857866246,-0.02908279288285493,0.12041733294193234,0.04600220793721986,0.007690253899427027,0.045820978419129216,-0.11878044835160048,-0.022216114807884893,0.536983969089176,-0.1039649980420819,-0.04155969620164985,0.038010668775309286,0.09203710178475981,0.04137960497566168,0.3631055459679503,-0.13580159466943162,-0.05485070105790534,0.03301871280384709,-0.07088703487133735,-0.04342231784699013,0.13270526938140392,-0.10209973515948703,-0.056910794360862355,0.034267789335712825,-0.021996029401717646,-0.05254991716537578,0.12577763931559666,1.4864864864864864,0.02192865372523194,1.7567567567567568,-0.013272520402792674,1.8108108108108107,0.0031632268724,1.8918918918918919,-0.04628942593137958,1.8918918918918919,-0.05958043078763507,1.7567567567567568,-0.06130268625275424,1.4324324324324325,0.05621183978030494,1.5675675675675675,-0.03300171180177385,1.7837837837837838,-0.026675574267344352,1.8918918918918919,0.03664987524593195,1.7297297297297298,-0.047746642171314455,1.5675675675675675,-0.0564688360842947
2026-01-28,2026-01,351,341,0.008082750582750584,0.011402880358489825,0.05255974412400106,0.04888916638916639,0.07013687339877658,0.30758918361628756,-0.03254079254079254,0.02007043918947919,0.0502904821695433,-0.16527916527916528,-0.03145230552451127,0.1498248662580462,-0.12404945712564916,-0.014856758769456175,0.05324005076181482,-0.00916237187242269,-0.002753147448149161,0.4121710826807162,-0.05177212395550665,-0.004883687740893096,0.061417434531661125,0.08012099012099012,0.031355088469677855,0.38309250084464164,-0.13677322677322679,-0.02582108628215595,0.043835699365028055,-0.04146631146631147,-0.00674230910288099,0.16869788047145395,-0.06048812298812299,-0.002083868417972111,0.04900913861114138,-0.03356587856587857,-0.02410363194494358,0.15775152876534884,1.4705882352941175,0.007726409770254532,1.7352941176470587,0.015732203895361545,1.9411764705882353,-0.019709699945926765,1.7352941176470587,-0.009221923035010742,1.7647058823529411,-0.030232850988038303,1.7352941176470587,-0.006422103712089757,1.4117647058823528,0.0666074616340707,1.588235294117647,-0.03542289375980538,1.852941176470588,-0.007385500389325631,1.852941176470588,0.026722735528501386,1.7352941176470587,-0.011080544396998637,1.6176470588235294,-0.0281477495920024
2026-01-29,2026-01,389,377,-0.005860000122316927,0.004470761651531964,0.05093495225466345,0.04196021030357023,0.03349553892629576,0.33879624821833876,-0.14267963769726152,-0.06714538836573894,0.05122983344229339,-0.22035374055356563,-0.0859270271007517,0.15850623628418697,-0.23052566866180604,-0.0857917643815761,0.05467251250937033,0.05134994276526766,-0.005206753134825208,0.3680534721597245,-0.07109019400943654,-0.011864616555952449,0.057777933290531644,0.08885652020573707,0.06132585358392183,0.3201840475299641,-0.11915340377429265,-0.03073815778156875,0.047920830652741955,-0.15095315465548417,-0.07704911221907086,0.14847728855123646,-0.03576791586226299,0.020656042526315557,0.040924888691283086,-0.15101125519592115,-0.08931189828586586,0.14328737154995141,1.368421052631579,0.001049709019953017,1.4210526315789473,-0.0706980199446863,1.9473684210526314,-0.09066018543420767,1.7894736842105263,-0.016338300766478762,1.7894736842105263,-0.035211841992095066,1.7105263157894737,0.016379726736841873,1.394736842105263,0.030008696821032604,1.5789473684210527,-0.08987439552180433,1.8421052631578947,-0.009812016292719945,1.894736842105263,0.05658901147865867,1.7368421052631577,-0.08139121748222876,1.4736842105263157,-0.09299610881218165
2026-01-30,2026-01,314,307,-0.13132880021628723,-0.04386659589784027,0.05631331276260008,-0.02225452318450019,0.011432809626185054,0.31587181060064223,-0.14830424793185012,-0.06232094855086549,0.05472914024790315,-0.2675126288687266,-0.059549143296723894,0.15061453261202382,-0.12231138785889197,-0.057010799137895175,0.06430013052234813,0.0574152015389434,0.06498878168268567,0.37701179736083557,-0.0949596239469237,-0.10267126154506612,0.05625282696935882,-0.06677015894980527,-0.019308314331026515,0.2904039512148067,-0.06979507946521235,-0.03542620566581746,0.05848627908725898,-0.10226801206634747,-0.007662737357128909,0.15864434057185728,-0.17733712805038174,-0.06424636652083252,0.04999405253762045,-0.12834923025191844,-0.031330335076084875,0.15178826607523427,1.4473684210526314,-0.047485016950471845,1.5789473684210527,-0.06626831697191812,1.8421052631578947,-0.06161606229578991,1.7368421052631577,-0.10701336680822401,1.7368421052631577,-0.039768310928975356,1.7368421052631577,-0.06858847178399041,1.263157894736842,0.008274914889342948,1.4736842105263157,-0.06323335382303968,1.8684210526315788,0.060317729051106724,1.763157894736842,-0.02371620906786862,1.5526315789473684,-0.01154431630449733,1.4210526315789473,-0.034882966655032245
2026-02-02,2026-02,403,393,0.015024196023542949,0.00011197377426266572,0.07648051227257899,-0.08817348532379256,0.02449624942090596,0.251103872146744,-0.01287576074373483,0.006250530703486981,0.07120395785767558,-0.2320905973046103,-0.07791131687555648,0.136614254460885,0.051840444742532944,0.007357775045387083,0.04441560185301799,0.09137427706331105,0.03192629977818973,0.41965108040051585,-0.014596452423287587,-0.010680330287621734,0.07025766279909064,-0.11249308331447937,-0.02603903218744847,0.23106400553996748,0.015368884394087347,-0.004633738954415944,0.07906740773336655,-0.161413530338627,-0.045399985517674574,0.13359959351901823,0.05787226069001478,0.042041445003611226,0.0685313129434112,-0.16981365926674516,-0.07143929210866493,0.1493653626396106,1.7179487179487178,-0.004182898020609129,1.6153846153846154,0.0022120691650254426,1.8717948717948718,0.0026782878658999035,1.8205128205128205,-0.015231612338903786,1.7435897435897436,-0.008992713313390303,1.8205128205128205,0.037490162952329174,1.6923076923076923,0.020265480190136728,1.6923076923076923,-0.08214208610632572,1.8717948717948718,0.027246812598702555,1.846153846153846,-0.030654416802833085,1.8205128205128205,-0.049951267568956625,1.7692307692307692,-0.07586236903174184
2026-02-03,2026-02,423,418,0.11995199304224939,0.053309957065030965,0.058492956845589986,-0.09175956759972324,-0.004827702408596932,0.26154281398547546,0.08793363310924467,0.03507825479142841,0.06180870126169756,-0.18475367442490293,-0.04681986823238657,0.14247121675206081,0.023274605963558896,-0.006188751378169611,0.05119047981094926,0.032792990771767005,-0.007091752634698419,0.447989852744199,0.10723415994668016,0.0366366165254888,0.05701917219970919,-0.14885326106473565,-0.0336671551154413,0.1960933084289233,0.09335345738762714,0.029821696751437306,0.05754841422797523,-0.12577333105128985,-0.0405301269821986,0.13390834257006645,0.014332244923132875,0.0013455888947685214,0.055662764757282296,-0.11997560253053229,-0.027874328441921004,0.1403780686890795,1.380952380952381,0.049857576112650015,1.476190476190476,0.031387778600952224,1.976190476190476,-0.0111292275686458,1.6428571428571428,0.032529473668345944,1.5714285714285714,0.025893125322865876,1.6428571428571428,-0.0027615539623743355,1.1904761904761905,-0.007803892884787408,1.5238095238095237,-0.05062939204191038,1.9285714285714284,-0.011913181206126989,1.8095238095238095,-0.03819096463925083,1.476190476190476,-0.04422060317267479,1.476190476190476,-0.03156480463239719
2026-02-04,2026-02,475,471,-0.06546828724827707,-0.04196056671912675,0.05296802083448539,-0.07827935437999317,-0.03240765148499765,0.27003143735705537,-0.08084649675696588,-0.053794937561285915,0.05686321112078867,-0.08809533140371405,-0.02127747749700753,0.15422629026022364,-0.02916556593081077,-0.02324203404947324,0.049316915716094076,0.0874097926877014,0.04008889540349634,0.4811193066193385,0.010808256982970936,-0.020670333016231664,0.05069687009263768,0.02123771827185238,0.008476937785933083,0.2161055535791402,-0.017209703335031547,-0.034620335362814524,0.05155385148400007,-0.044440065166639606,-0.043973023325138416,0.14914151614016674,-0.039797222020053855,-0.04436696164632817,0.05158301724658518,-0.0892808715758122,-0.04727319406470745,0.1443600129098334,1.3404255319148937,-0.04531163054891398,1.4893617021276595,-0.05751834181660506,1.851063829787234,-0.027869693623941323,1.680851063829787,-0.024872460675806132,1.702127659574468,-0.03887565451175069,1.5744680851063828,-0.04830313185909413,1.2553191489361701,-0.035545949357338076,1.425531914893617,-0.02484130728424157,1.851063829787234,0.035461235829028256,1.9574468085106382,0.0035833207646564866,1.4680851063829787,-0.047643236091095865,1.4468085106382977,-0.0508902153413032
2026-02-05,2026-02,529,524,-0.005972667732344511,-0.005497953796948317,0.05876117416767662,0.009751156948268785,0.011194548120381483,0.23833659955730233,-0.04018970954351129,-0.005329554134470875,0.06405181418847393,-0.02613551301801502,-0.016171311671067425,0.17925041197584227,0.0714266481518537,0.04606506850014386,0.04823915622480476,-0.007679692710866305,0.01692822330884497,0.3948402880655172,0.0022574473226489138,-0.03660832305523036,0.05975177142828065,-0.0006550191924757544,0.01715318288274203,0.2015887242025481,0.014581908293705809,-0.018711381849156973,0.05774700549084104,0.013247956702668,0.0008694565208126467,0.17374227081353846,0.02538492206290961,-0.020440512053666475,0.057609525716155456,0.03173278394566239,-0.005441733017909155,0.15831113835939994,1.3653846153846154,-0.008911415335409855,1.6153846153846154,-0.009368015672932413,1.8653846153846154,0.04140160696168232,1.653846153846154,-0.04074293843984574,1.6153846153846154,-0.022749843387618512,1.5769230769230769,-0.024382819745974168,1.2692307692307692,0.00802147119730456,1.4615384615384615,-0.019825157824913578,1.8653846153846154,0.01226476177038343,1.8846153846153846,0.01244164442120357,1.4423076923076923,-0.002736312709956584,1.4038461538461537,-0.00895134840252454
2026-02-06,2026-02,403,400,-0.03841185376026844,-0.005746693686818911,0.05889657396961363,0.09601606247806736,0.02908104327413033,0.25308877483475956,0.08379722643202434,-0.00838906902300538,0.0637903946817032,0.06530102845475837,0.004487531790628406,0.24956896491348746,0.05537205614325346,0.02530614627319358,0.044012127606884235,0.01729004519572911,-0.005200091655204536,0.45061785602010784,0.01443639234483798,-0.003939842751825195,0.06306909196915451,-0.030042891700747424,-0.01579471111135302,0.21143980673514307,0.04814599825969042,-0.013738679781847368,0.061822394921519454,0.01478493095781931,-0.0023579375645598373,0.2505797367542982,0.030519038348781363,-0.007233102502870423,0.056435459039869046,0.05922717933805899,-0.005981299965628965,0.22629715865477917,1.4615384615384617,-0.009400539840665065,1.5961538461538463,-0.012379453638389996,1.8461538461538463,0.020690761657808966,1.6153846153846154,-0.007978304290286734,1.7115384615384617,-0.018017525935693522,1.7307692307692308,-0.0115600255797935,1.2115384615384617,0.026052197120284178,1.3653846153846154,0.0010740702521668671,1.8653846153846154,-0.009863553193666075,1.7884615384615385,-0.020265864957506867,1.3461538461538463,-0.005723322179944453,1.326923076923077,-0.009298607657936657
2026-02-09,2026-02,426,420,-0.041558589725430695,-0.009796753640264343,0.049661003137753935,0.003811878018351187,-0.008929292396461837,0.22922106087207794,0.05337304443827866,0.029338335939077562,0.0520750861879688,0.033850703061182916,0.011670314081511176,0.1551091812462324,0.028421207781473643,-0.0085390727368278,0.05111016369002169,-0.03927552123085171,-0.024441871170155,0.48548239966233575,-0.09623248056254527,-0.026901013767642715,0.050040515694751014,-0.012934152649746114,0.003056637473106279,0.22604328580200672,-0.002805725384127329,0.0131621582385772,0.05063999846723277,0.04748281395217981,0.01311108194465386,0.1587863065124977,-0.017891961217643373,0.013051063927994534,0.054664428596093016,0.028957932745945297,0.01689169484615072,0.14837609901137294,1.4523809523809523,-0.013427706021216724,1.5238095238095237,0.025528812129553755,1.8333333333333333,-0.013122406070161134,1.5952380952380953,-0.030889109005737953,1.6666666666666667,0.008995491571910532,1.6904761904761905,0.008824873451804056,1.2380952380952381,-0.012024530491699933,1.4523809523809523,0.008039361700558795,1.880952380952381,-0.029144252122535956,1.7142857142857144,-0.0012290768126080069,1.4285714285714286,0.00953965337322529,1.4761904761904763,0.013201218655674531
2026-02-10,2026-02,440,438,-0.02337430063084712,-0.015161389327739149,0.04474188578265846,0.006865268610466694,0.017290337987817414,0.23445567480203783,0.011214206516405515,-0.008399654932786205,0.046661987434915786,-0.08038889477226226,-0.031434040660591536,0.1412541150454093,-0.07817493959898966,-0.009471431455719135,0.041920810258774865,-0.04704586272380662,-0.0010446005213537238,0.4381736498326063,-0.00597354721874317,-0.025358558394771472,0.03999503585706354,-0.007399949264856367,0.02580325367946546,0.19592096245932308,-0.06001503318298863,-0.003499902384083301,0.042695184074811654,-0.03984987384361048,-0.020263457356285416,0.1451448407870802,0.0539102634561269,0.0045175832902707574,0.04197336906544866,-0.0794410357858149,-0.018945431081760358,0.13573244036259977,1.4772727272727273,-0.018854571145920967,1.6136363636363635,-0.012433745841877114,1.75,-0.013846431455719135,1.8409090909090908,-0.0299608311220442,1.6363636363636362,-0.007590811474992391,1.75,0.00014258329027075703,1.0454545454545454,0.014676701624181051,1.5,-0.03518404066059154,1.8863636363636362,-0.005760509612262815,1.9090909090909092,0.02103052640673819,1.4772727272727273,-0.023956639174467234,1.5,-0.022695431081760357
2026-02-11,2026-02,465,462,0.006892613156248955,0.024049281137718023,0.05276836775810641,0.03209491232509178,0.014244320548677844,0.21479083176540292,0.07204810304248402,0.04396083353800839,0.056864414890155424,-0.04672155995932534,-0.005541238483968933,0.15167986269554365,-0.0007610586300246561,-0.012037538030606736,0.05299191466104461,-0.11538572700966195,-0.027648603040398945,0.45210541238117474,0.06283161548119752,0.01062586334464297,0.0511668622094017,-0.02887185093594695,-0.01691220861013068,0.17774119001367816,-0.008888154219996468,0.02316335607289873,0.05205139107993081,-0.0075668243685162815,-0.009202258871542591,0.1568656297724532,0.018271255138040836,0.03575243887932542,0.05341744680917233,-0.11642084433347497,-0.01653791455850194,0.14432962838074434,1.3695652173913044,0.020625368094239763,1.565217391304348,0.040047790059747526,1.7391304347826086,-0.016385364117563257,1.608695652173913,0.006604124214208187,1.565217391304348,0.019250312594637862,1.5217391304347827,0.03194809105323847,1.108695652173913,0.01147258141824306,1.2391304347826086,-0.008639064570925455,1.7826086956521738,-0.03210512477952938,1.8478260869565217,-0.021531773827521986,1.3478260869565217,-0.012571824088933896,1.3695652173913044,-0.0199618276019802
2026-02-12,2026-02,468,461,-0.017669728398738593,-0.003077959524683921,0.052175014168149514,-0.058765283636644176,-0.015801795538336865,0.21549244314108207,-0.054669942012586396,-0.03706659794138825,0.051416431368093096,0.05716493654746715,0.009329017065063184,0.15113523395974998,0.011269695441370756,0.01920690088277848,0.04918041806598737,0.07124067932199633,0.02501882747555945,0.3910019235766452,-0.06683667574076343,-0.039934731854627516,0.05276659118725473,0.0415120903471442,0.0028551529523464826,0.19383989031548085,-0.019371223979872388,-0.00816472513494679,0.048431146259766744,0.05233181809614422,0.010675233436902697,0.14819189800840357,-0.046839946676950094,-0.020300293788068857,0.04855235460382175,0.06377915818933429,0.01375771946484635,0.14856651417263175,1.4130434782608696,-0.0066105682203360955,1.7391304347826086,-0.041414424028344776,1.8478260869565217,0.014587335665387176,1.8043478260869565,-0.04444560141984491,1.8043478260869565,-0.012675594700164182,1.6521739130434783,-0.024430728570677553,1.2173913043478262,-0.01884527379920643,1.5,0.005579017065063184,1.7826086956521738,0.020562305736429014,1.8695652173913042,-0.0018187600911317775,1.6304347826086956,0.006599146480380958,1.434782608695652,0.01017076294310722
2026-02-13,2026-02,359,357,0.013193850080141921,0.02659765615440191,0.07137403076801292,0.08519579008522536,0.029082202046697248,0.24825356975715196,0.0343668788223028,0.015213831187985295,0.07223259141320099,0.05146019099194431,-0.0017141798543224593,0.15832534701459938,0.02436723619457988,-0.012727242300830326,0.054177949789498685,-0.0009702905896169553,0.009402346606757341,0.5651386514719989,0.003092077620952055,-0.001623763186039536,0.06222692617612451,0.10837288557601034,0.015733504834408395,0.20057662059035566,0.037610681439753504,0.017417009773436028,0.06667064708025898,0.0861040651924703,0.009348965504115625,0.1601574536309474,-0.021634168987929435,0.014273128034722492,0.05757039201962369,0.0057759242256838,-0.01189252232415763,0.15782636341949302,1.4130434782608694,0.023065047458749734,1.6304347826086956,0.011137744231463555,1.7826086956521738,-0.01718376403996076,1.717391304347826,-0.0059172414469091,1.5869565217391304,0.013449618469088202,1.6304347826086956,0.010197041078200752,1.2391304347826086,0.02598437595974073,1.5869565217391304,-0.005681571158670285,1.934782608695652,0.004565390085018211,1.891304347826087,0.011005243964843179,1.5652173913043477,0.005435922025854756,1.4782608695652173,-0.015588174498070673
2026-02-17,2026-02,533,525,0.003689658194857889,-0.011933399350241592,0.052701246573763245,0.06542813174767134,0.01494287720410601,0.20016173423769382,0.044420054711266435,0.02059390097540093,0.05041811940180083,0.01252963764682909,-0.0008366645399887455,0.1709702956275298,0.21099073958892303,0.029767004379819106,0.04703163589358101,0.07473990065508204,0.02179504595008164,0.38185767299280715,-0.031837598603529686,-0.023524069823341143,0.052241822655194524,0.03372395298806284,0.010516228818375863,0.22433483729568812,0.008775152671822271,-0.0016822142702817497,0.05329790629318642,0.05514603381358513,0.010439839211411225,0.1744034794660715,0.009063386167423323,-0.0010355945646561941,0.05346382253522279,0.04103566883564287,0.01943975478279389,0.170921749005524,1.4807692307692308,-0.01563532242716467,1.6153846153846154,0.01655543943693939,1.9615384615384615,0.024863158225972952,1.6730769230769231,-0.02770676213103345,1.6923076923076923,-0.00591298350105098,1.6346153846153846,-0.005122133026194655,1.1538461538461537,0.012058261819490625,1.5192307692307692,-0.004634741463065669,1.8269230769230769,0.017227738257773947,1.75,0.006141228818375862,1.5192307692307692,0.006641762288334302,1.5192307692307692,0.015641677859716967
2026-02-18,2026-02,468,460,0.053414837484124414,0.03075496289434257,0.04742747231651766,0.06470658683896563,0.008942143473573859,0.21409887207024125,0.03185264350530099,0.030635569720599647,0.04724578337365809,-0.027522457833429742,-0.024821681766470045,0.12485713082487168,0.05113633179693959,0.017530470641975594,0.043334878890249236,0.036065887186541995,0.029243322325821587,0.41529312934321555,-0.08232410923979588,0.010545393049406245,0.046991567132664155,0.05569336647351285,0.004567468898053538,0.2335638944464533,-0.0004063500180346356,0.024904151614416715,0.04744139216368441,-0.009015795905757233,0.011994357737138719,0.128243805921596,0.014448430743687917,0.023234306391796522,0.04303076740246144,0.03230113872831761,0.01578992149658503,0.12641987447505412,1.4230769230769231,0.027197270586650262,1.6153846153846154,0.026597108182138108,1.9423076923076923,0.012674701411206364,1.6730769230769231,0.006362700741713937,1.5576923076923077,0.021009920845185947,1.6538461538461537,0.019099691007181136,1.1730769230769231,0.0060094511658815505,1.5192307692307692,-0.028619758689546967,1.9230769230769231,0.02443563001812928,1.8269230769230769,1.6120574584596592e-07,1.5961538461538463,0.008003973121754104,1.5192307692307692,0.011991844573508105
2026-02-19,2026-02,464,460,0.03749594919744799,-0.02768067109534416,0.04919999133392884,0.06360342785480387,0.014882677143522613,0.26416981736522005,0.043606648484116294,0.0007976785892966015,0.04880294473386004,0.06550931320377573,-0.0018977490621017723,0.12890254770931991,0.0647446736258369,0.03917864283674311,0.046844473409800996,0.06244377240502414,-0.0014589209258079336,0.47417087184832146,0.05176558222135415,0.015281195673462122,0.04144550323986708,0.041543159305876216,0.030009207487397535,0.16861114537586336,0.012590423244449676,0.0023801997693962042,0.04091161811762449,0.09053988472913269,-0.0005262274316519093,0.14185102348742276,-0.015318917327115248,-0.0067627952980619235,0.04088265460979802,0.12092257535971093,0.01471205391884359,0.12322519492843877,1.3478260869565217,-0.031050236312735464,1.5652173913043477,-0.0031153648889642675,1.8478260869565217,0.034559077619351806,1.8043478260869565,0.01077032610824473,1.6304347826086956,-0.0016958871871255348,1.5652173913043477,-0.010675838776322793,0.8695652173913043,0.012708764100044352,1.3043478260869565,-0.005158618627319164,1.891304347826087,-0.006187181795373151,1.8695652173913042,0.025335294443919274,1.4565217391304348,-0.004167531779477996,1.3043478260869565,0.0114511843536262
2026-02-20,2026-02,378,371,0.10197155447881269,0.0437249016424373,0.054639991867623014,0.013164172840271467,0.015846059112083182,0.28369681285442533,0.008926717597448196,0.006123541969713068,0.05840842923013978,0.0417158938676544,-0.0013681763942119916,0.1455312930047512,-0.060472123871864965,-0.01810705284172642,0.04972423355968468,-0.023219370561996862,-0.011121005758315318,0.45216094511183536,0.04604688773554209,0.017004847123233555,0.05301350514773448,0.007111268415972265,0.008406404498209775,0.18231818764596372,-0.007947339309362783,-0.008371746735541443,0.04647680425395688,0.05974907430643942,0.02207762581850977,0.13676919048098293,0.015833911839734784,0.01978242601848559,0.048186246428147214,0.1080041179213229,0.012672257518302664,0.14652541601980057,1.4130434782608696,0.04019229294678513,1.5217391304347827,0.002319194143626111,1.8478260869565217,-0.022726618059117725,1.7173913043478262,0.01271136886236399,1.565217391304348,-0.012284790213802313,1.6304347826086958,0.01570633906196385,1.2391304347826086,0.01274823302512666,1.4347826086956523,-0.004955132915951123,1.9565217391304348,-0.016012310106141403,1.7826086956521738,0.00394988275907934,1.5,0.01832762581850977,1.391304347826087,0.009193996648737447
2026-02-23,2026-02,426,423,0.01955563813396391,-0.015143414644496995,0.05699564749976062,-0.05015846477741922,-0.004588768838575355,0.2686787760993909,0.013360006261678326,-0.010244288081294479,0.049610452036522486,0.06971666332485423,0.054913615088337205,0.1286834075692154,-0.04410017969348538,-0.020572733266770473,0.04208926014757211,0.0342523218585161,0.0018527588249708064,0.4452114411674085,0.013077579817681002,-0.007348878974292086,0.04744809847955053,-0.0866018516732741,0.0013189370461958137,0.20420011044258163,-1.4047642774497925e-05,-0.002011291649397829,0.047712254384157174,0.01830050770584968,0.025304782075057347,0.1350301056656809,-0.0031611851693064937,-0.008771713874638931,0.048452700078555136,0.17248215124817,0.04739315712462092,0.1322067809690322,1.4523809523809523,-0.018774367025449375,1.6904761904761905,-0.014470478557484956,1.9761904761904763,-0.025513209457246663,1.8333333333333333,-0.01193221230762542,1.8095238095238095,-0.006535101173207353,1.619047619047619,-0.012819332922257978,1.0,-0.0070887688385753555,1.5476190476190477,0.051044567469289585,1.9047619047619047,-0.002909145936933955,1.7619047619047619,-0.0030858248585660907,1.6428571428571428,0.02119763921791449,1.619047619047619,0.04334553807700187
2026-02-24,2026-02,478,471,0.004202889183470264,-0.0025707002151917693,0.052906705252064326,0.01687292153997266,-0.0014617138040065106,0.27344480087544687,0.024676803637570466,0.02988164845519104,0.05083278598681851,0.18031000063233146,0.06348000645490509,0.1377388154889675,-0.0013747285714542567,-0.02532784111514638,0.044711710073617336,0.005653005224190777,0.0009124994637670406,0.3985311903772836,-0.016739698387777252,0.011437306693382946,0.04737227563667514,0.07340423246745677,0.0018832169217759265,0.2068573267773745,0.0003885734465069291,-0.007031165492486703,0.047520045000817475,0.12197783609584167,0.04453244316976561,0.14074586094059843,-0.027370612541291767,0.018710690268620222,0.04471811379854626,0.29588755465670363,0.08378591369895033,0.1330634318292141,1.2553191489361701,-0.005708998087532195,1.5957446808510638,0.025892286753063383,1.7872340425531914,-0.029795926221529358,1.702127659574468,0.007181987544446776,1.7234042553191489,-0.011339676130784574,1.7446808510638296,0.014348988140960648,1.127659574468085,-0.004280862740176724,1.5319148936170213,0.05965021922086254,1.8085106382978722,-0.00360877713197764,1.872340425531915,-0.002797634142053861,1.7446808510638296,0.04017074104210604,1.6595744680851063,0.07963697752873757
2026-02-25,2026-02,563,553,0.09199236787183232,0.020753081249743954,0.054967705499412045,0.06809017104623206,-0.0077780266768026265,0.22065925963900307,0.05509868170820863,0.02465308608172331,0.05122573568037892,0.05226633899716139,0.03172845323818033,0.1203766243024306,-0.05767656800959556,-0.006035694059378042,0.04633894947500025,0.02561112346897637,0.0010403538978123687,0.46705788478932597,-0.0007469531089729316,0.024465803260679923,0.05803950208862077,-0.08455982026996793,-0.03899836010650066,0.22485654743557626,0.041810105710702594,0.03035331118943569,0.05412243162808804,0.022321442755837185,0.013650777934824714,0.12527038312771102,0.04311740805271278,0.0297353953237094,0.05950231526104131,0.07494992756663449,0.033332751152084235,0.12559798508882522,1.4727272727272727,0.017071263067925772,1.6727272727272726,0.020471267899905127,1.7999999999999998,-0.010535694059378042,1.7999999999999998,0.019965803260679923,1.8181818181818181,0.025807856643981143,1.6545454545454545,0.025599031687345765,1.0363636363636364,-0.010368935767711718,1.3636363636363635,0.028319362329089423,1.8363636363636362,-0.003550555193096722,1.8545454545454545,-0.0436347237428643,1.509090909090909,0.00987805066209744,1.4727272727272727,0.029650932970266053
2026-02-26,2026-02,607,592,0.05263466768376537,0.04455172507510504,0.05488594445793067,0.04077516051523918,0.005872989503340631,0.21427000156145987,0.0695293912050801,0.034139005194532474,0.050509889824439484,0.01978985505807783,0.01875378656310006,0.14078837715215603,0.006483617076315216,0.024007920686779125,0.04686730574839186,0.006501994462503563,0.012695616262600205,0.42977559594911036,-0.004731338478187847,-0.025082475515502124,0.05576604337420875,-0.06776771153932115,-0.025753448466276058,0.20146129782295832,0.06182978921816426,0.009039220259546808,0.05201355840020047,0.038519311272480275,0.03718280756965423,0.14563278392967532,0.08444043504736501,0.016571323664394226,0.051740105662583885,0.05570434000540965,0.023754754250861494,0.14078867754314917,1.3728813559322033,0.04111952168527453,1.711864406779661,0.029859344177583323,1.847457627118644,0.019389276618982515,1.8305084745762712,-0.029658746701942802,1.847457627118644,0.004420576191750198,1.7457627118644068,0.012206916884733209,1.1016949152542372,0.0031187522152050376,1.423728813559322,0.015194464529201757,1.8305084745762712,0.008119345076159527,1.7627118644067796,-0.030160228127293007,1.4745762711864407,0.03349636689168813,1.423728813559322,0.02019543221696319
2026-02-27,2026-02,445,436,-0.10181276370879351,-0.023134412322360656,0.051669567595733885,0.008392857124619749,-0.0020742615236163235,0.2638558032922447,-0.03873879863819247,-0.009608527773637373,0.047166890685848804,0.028903623460687693,0.00376932768659395,0.13794399607418611,-0.04185723243159404,-0.03069789269648279,0.04741255194860375,-0.002842897922323862,0.010756609264928791,0.45556331933899363,-0.003459030906892678,0.0019144360511587667,0.04739495869364827,0.04519630910109272,0.009953251188305312,0.1845221146941185,0.06282243933139062,0.0065417794703391185,0.046943175806101425,-0.002477330880242122,0.004363618260773096,0.1422704357484525,-0.003947156674871263,-0.044321593883059035,0.047119601241205684,0.06705018858974576,0.015780385503092822,0.14029612409120257,1.5084745762711864,-0.02690559876303862,1.576271186440678,-0.013549205739739069,1.9491525423728815,-0.035570774052414995,1.7966101694915255,-0.002577089372570047,1.7796610169491527,0.002092626927966237,1.7796610169491527,-0.048770746425431916,1.2033898305084747,-0.005082736099887511,1.5423728813559323,-8.66045167958805e-05,1.7796610169491525,0.00630745672255591,1.9152542372881356,0.005165115595084973,1.5593220338983051,0.0004653131760273335,1.5593220338983051,0.011882080418347058
2026-03-02,2026-03,429,420,-0.1807699147190562,-0.049968004395001424,0.05553054538683922,-0.14406278355419846,-0.0756965502518534,0.3162979976761909,-0.12038018490963504,-0.02499370716969564,0.05046597264217244,-0.12928490765917414,-0.014646972109072006,0.1853900248450892,-0.0549753253941156,-0.04676006157301259,0.05380148011942372,-0.10086751189484207,-0.02267231676455457,0.510746962257794,-0.07633518985194711,-0.023990508478843563,0.05419325692827569,0.06107839128921502,0.055327969735333334,0.22674831748008728,-0.11444699616836108,-0.02430254609807489,0.05213113520719777,-0.20420765932611185,-0.05173113789727354,0.207245584577322,-0.11361561715832527,-0.04157879215099902,0.050216298730965864,-0.18451567992972034,-0.03502386844120395,0.2046698789511408,1.5227272727272727,-0.053774822576819606,1.5909090909090908,-0.02897097989696837,1.7272727272727273,-0.051078243391194406,1.7727272727272727,-0.028422326660661745,1.6818181818181819,-0.028507091552620344,1.6818181818181819,-0.045783337605544476,1.6363636363636362,-0.07978745934276249,1.8409090909090908,-0.019249244836344735,1.8409090909090908,-0.027274589491827296,1.8409090909090908,0.05072569700806061,1.9318181818181819,-0.05656068335181899,1.9090909090909092,-0.039796595713931224
2026-03-03,2026-03,391,382,-0.07402272683932835,0.027715683133246898,0.05435983046474724,-0.14360748674810273,-0.04261252145708029,0.29449377052093806,0.13508125833744145,0.06511097986965532,0.04984692462059938,-0.11780797717886783,-0.0178363319239857,0.21543875804759172,-0.06931740060127821,-0.010473504554017056,0.04908827021813604,-0.02005450613215564,-0.003031365895092228,0.5687914196597903,0.050686620758302235,0.03626686090346194,0.05422028031206712,0.03882914921403548,0.05071006686942464,0.20989070283739192,0.05740449096480041,0.05506480781585739,0.04814208717358441,-0.27737182903793783,-0.04385286181282009,0.23137121103507907,0.08758134114654399,0.044649830522974804,0.0463539313963124,-0.19766488300836943,-0.01135627360558096,0.2229898279826892,1.4047619047619047,0.024203778371342136,1.738095238095238,0.06076574177441722,1.7142857142857142,-0.014759218839731341,1.7857142857142856,0.03180257518917623,1.738095238095238,0.05071956972061929,1.738095238095238,0.04030459242773671,1.2619047619047619,-0.045767283361842194,1.5,-0.0215863319239857,1.8095238095238093,-0.007555175418901752,1.9047619047619047,0.04594816210751988,1.5238095238095237,-0.0476623856223439,1.2857142857142856,-0.014570559319866675
2026-03-04,2026-03,385,371,-0.05005449196930716,0.014757589518496922,0.04955158339439768,-0.1031669003426163,-0.01837462123513761,0.3393177329688459,0.05446336807719366,0.048404980814156034,0.04922011378637138,-0.07396397973512843,0.015082885199220058,0.23868113323240667,-0.02797534332673829,-0.04787186472990562,0.03860796866383087,-0.05787082601624195,-0.02463333201753112,0.6135508589245178,-0.014068185008258145,0.02515685579565371,0.04788615484168671,-0.010066412330520625,0.023322151061566695,0.2761308137025382,-0.014165755882511065,0.010655111180890159,0.05103196653952531,-0.13720799050788693,-0.024297451198683262,0.2509657118368793,0.05622363917282125,0.04964501654004512,0.049711819482118724,-0.09959641616292349,-0.006499353792967427,0.2606343840425079,1.4210526315789473,0.011204957939549554,1.6578947368421053,0.04426024397205077,1.763157894736842,-0.052279759466747726,1.6578947368421053,0.021012118953548445,1.6578947368421053,0.006510374338784896,1.7105263157894737,0.045368700750571436,1.0,-0.02087462123513761,1.3421052631578947,0.011727622041325322,1.8421052631578947,-0.029238595175425857,1.7894736842105263,0.01884846685104038,1.1578947368421053,-0.027192188040788524,1.0789473684210527,-0.00919672221402006
2026-03-05,2026-03,392,376,-0.021828379542988784,-0.02194961296069235,0.05093647320808295,-0.05479835478831426,-0.02152393332084837,0.35391752539496674,0.0015064771344980076,-0.007614477695170799,0.04746212739372544,0.037130617265160294,0.05361208346741286,0.21609756899507424,-0.021770012347673152,-0.015669592177174042,0.03750274354842679,0.010441533367076317,0.0004405644517262511,0.4968010714081557,-0.06169843875786855,-0.019659926904227687,0.050239056817294764,0.008431650124371023,0.0038073503601498138,0.2755496399967294,-0.0012809637628699007,0.0021683593218975797,0.04452701161823004,0.06640890674225217,0.04005258187483975,0.22192772419044846,0.020757092453165784,0.014091565133901602,0.046090356517191136,0.07047890513656509,0.019616626883607928,0.2299757467484788,1.2894736842105263,-0.025173297171218665,1.5263157894736843,-0.01143026716885501,1.7894736842105263,-0.02014327638770036,1.736842105263158,-0.024002032167385584,1.631578947368421,-0.001910588046523473,1.5526315789473684,0.01020998618653318,0.9473684210526316,-0.02389235437347995,1.3421052631578947,0.05025682030951813,1.8157894736842106,-0.004098909232484275,1.8157894736842106,-0.0007321233240607126,1.2894736842105263,0.03682889766431344,1.0789473684210527,0.016919258462555296
2026-03-06,2026-03,338,327,0.01177511840612559,0.017086544989736795,0.042592892678553776,0.019778301903650097,0.05481511790520956,0.30967577704877564,0.014133840215088081,0.03182469458355864,0.04559048389826499,-0.018963470733281237,0.05540932942520697,0.18021550644753556,0.08673326727276973,0.05229795740125338,0.05487681073019435,0.06433358674331363,0.04167864947826595,0.5800878316389793,-0.0026234961395731047,0.05374508504723064,0.04241881896877356,-0.07415631799485649,0.0019100333288130933,0.21050140938975595,-0.03575203835983995,0.04267471909022849,0.03857576849908656,-0.005258022878358479,0.05536837765976367,0.1812601030775995,0.03083725767357621,0.019865641320159735,0.03965932871513923,0.012102045328790749,0.04004225671419687,0.17432244855797652,1.4210526315789473,0.013533913410789427,1.6842105263157894,0.027614168267769166,1.868421052631579,0.04762690476967443,1.8421052631578947,0.049139821889335904,1.763157894736842,0.03826682435338639,1.6842105263157894,0.015655115004370262,1.2894736842105263,0.05159143369468324,1.5526315789473684,0.051527750477838544,1.868421052631579,0.037007596846687,1.736842105263158,-0.002432071934344802,1.4736842105263157,0.05168416713344788,1.1842105263157894,0.03708173039840739
2026-03-09,2026-03,377,367,0.12996541243056284,0.04942108090647376,0.04690649062843504,-0.001008244221743855,0.04443380742253561,0.31000714084586584,0.025307109129559607,0.02775452152920932,0.040106456428016954,-0.008000335036285146,0.03451220053144436,0.15254805750540784,0.02460455840543026,0.0072700581947328065,0.033649935314130734,-0.04683368730437102,0.009962440359962443,0.4639539698994643,-0.022782692620259958,-0.020175573291662797,0.039790232106846464,0.07918658744043924,0.0025269789807558013,0.2603433146267324,0.02089744037653062,0.045576305730423476,0.033842988564790344,0.02121679983015273,0.03966007004512624,0.1664300947575956,-0.03463370411279435,0.012153169012911361,0.037933252167457174,0.05076337211333543,0.028825202497862357,0.16691219524757284,1.2972972972972974,0.04617783766323052,1.7837837837837838,0.02329506206974986,1.864864864864865,0.0026078960325706443,1.837837837837838,-0.024770167886257393,1.7297297297297298,0.041251981406099154,1.810810810810811,0.007626141985884334,1.0810810810810811,0.04173110471983291,1.3243243243243243,0.03120138972063355,1.7837837837837838,0.005502980900502983,1.7567567567567568,-0.0018649129111360909,1.3243243243243243,0.03634925923431543,1.0810810810810811,0.026122499795159654
2026-03-10,2026-03,349,341,0.1255324854969159,0.01070422036242176,0.05998984205101892,0.036078027298262455,0.012559013593081163,0.3759799582116744,0.14447527771112398,0.033765160520498244,0.05701116029733953,-0.06537552754527362,0.014216024982006796,0.19442740011522,-0.01439058315852899,-0.0071166914276258155,0.04177823682936055,0.030296588590623133,-0.019764121844305788,0.5343664411236257,0.15176930568690275,0.02778583037766256,0.05738542278809488,0.03837932445975129,0.03694705568922304,0.2774537124616258,0.12353945826922806,0.030949296155984525,0.053443754199022656,0.03369994495179753,0.024687299119122673,0.19910354057655613,0.08912416898386664,0.016424841723708995,0.061949724031800074,0.02294634917498271,0.010063481686390097,0.21651467582320466,1.2702702702702702,0.007528544686746084,1.7297297297297298,0.02944083619617392,1.7567567567567568,-0.011508583319517707,1.7567567567567568,0.023393938485770666,1.7837837837837838,0.026489836696525066,1.6486486486486487,0.012303220102087373,1.0810810810810811,0.00985631089037846,1.3513513513513513,0.010837646603628417,1.6756756756756757,-0.023953311033494976,1.945945945945946,0.032082190824358175,1.2432432432432432,0.021579191011014565,1.2702702702702702,0.006887806010714421
2026-03-11,2026-03,352,345,-0.07533110578436357,0.013625728307419639,0.06485305794839724,-0.07796999192183328,-0.0007857697440044999,0.3442566313726061,-0.011630799166209932,-0.02943479947203526,0.05897388015821456,-0.09884968666838355,0.0027969325644292484,0.21147944953511744,-0.12743646290826985,-0.03499743413641095,0.04669343557843039,-0.07004400134931384,0.011091170458559863,0.6150107665316147,0.009684178088508274,0.032084355052035274,0.0548961210953742,0.04030774073266991,0.031003228151932946,0.22633774052647984,-0.03397287320800069,0.0034368143273586825,0.054466769469864756,-0.0734994860348968,-0.04105541900955863,0.21470523242126494,-0.07468177085740825,-0.014237956790001468,0.048748235880926444,-0.05856835955986098,-0.0006368001213951473,0.22677008358432965,1.2352941176470589,0.010537493013301992,1.5,-0.03318479947203526,1.8823529411764706,-0.03970331648935213,1.6176470588235294,0.02804023740497645,1.6470588235294117,-0.0006808327314648463,1.6470588235294117,-0.018355603848824998,1.1176470588235294,-0.0035798873910633236,1.3235294117647058,-0.0005118909649825163,1.8823529411764706,0.006385288105618687,1.7941176470588236,0.026517934034285887,1.2941176470588236,-0.044290713127205686,1.0588235294117647,-0.0032838589449245593
2026-03-12,2026-03,340,331,-0.006958130616843317,-0.0020275230308957294,0.04811491418722905,-0.07376931308687283,0.003959249506662941,0.3615992743747704,0.0132238066378551,-0.00228187852015887,0.04871935659370939,-0.06620055231497525,-0.024728227426274944,0.19038352584748558,-0.2424811614386365,-0.029790457012502575,0.03411028680434667,-0.07353201411098477,-0.002075274004212261,0.6551979157057676,0.06251816148072514,0.025885243041307737,0.04569499375014454,0.00700881291971282,-0.01853663161857387,0.21750420219067373,0.05680631269454295,-0.007135881218538563,0.04382572165308642,-0.051729533585421816,-0.0019286480911168068,0.1835166879675605,-0.01701246143488927,-0.0004947212891705942,0.038246848546576964,-0.05268242194238399,-0.018631729583041278,0.20509451819640218,1.1764705882352942,-0.0049686995014839655,1.6470588235294117,-0.006399525578982399,1.7352941176470589,-0.034128692306620224,1.6470588235294117,0.02176759598248421,1.6470588235294117,-0.011253528277362092,1.6764705882352942,-0.00468589775975883,1.2647058823529411,0.0007974848007805883,1.3823529411764706,-0.02818410977921612,1.6764705882352942,-0.0062664504748004965,1.7941176470588236,-0.02302192573622093,1.411764705882353,-0.005458059855822689,1.0588235294117647,-0.02127878840657069
2026-03-13,2026-03,281,273,-0.017867962047718643,0.0005844780759093372,0.04302016072354485,0.001179569435522493,0.039270772488104656,0.3441155116867136,0.09998649255082523,0.010511826421860326,0.044107854828318506,0.06321432130341129,0.02733549173850399,0.1948745783280443,-0.07696256932888103,0.016563559341708476,0.035779942353840875,-0.03723929425270977,0.016950502027230502,0.592742111602867,0.04703567562539228,0.0025779601107752434,0.03866435144395834,-0.022301758577940284,0.00785259732063143,0.20177566315288897,0.06967464083909042,0.015852010435675187,0.0383437796996238,0.051753135749594274,0.009804401002689069,0.18184314150777126,0.035173722156773536,0.010983602892636602,0.035869159951909174,0.056316463173812996,0.010270603145435573,0.19440129992586594,1.2424242424242424,-0.002521582530151269,1.6666666666666665,0.00634515975519366,1.8484848484848484,0.011942347220496355,1.8484848484848484,-0.002043252010436878,1.7575757575757576,0.011458071041735792,1.6666666666666665,0.0068169362259699355,1.1818181818181817,0.036316227033559204,1.4242424242424243,0.023774885677897928,1.8181818181818181,0.012405047481775957,1.9696969696969697,0.0029283548963890066,1.1515151515151514,0.00692561312390119,1.2424242424242424,0.007164542539374967
2026-03-16,2026-03,331,321,-0.04625335008697399,-0.0028219877947613485,0.043342114039935035,0.014885027613888678,0.018908324675243376,0.3441425416385755,0.007670671700810382,-0.013267662852892444,0.044167042364786746,-0.0559054675168678,-0.020216223613653866,0.19356070959474891,-0.1410891052628017,-0.05814893065002659,0.04319416461374705,0.020318164114919837,-0.010829060619172104,0.4966297763749026,0.06265953680142156,-0.014926777825369764,0.04056669753594337,0.0012944940983378721,0.001247980042841483,0.19823702657595277,0.020832685314176234,-0.015244874570625896,0.03935427899277946,-0.044273551222191704,-0.017172216337751418,0.19789508660323918,0.04872651826752216,0.0027448102049594976,0.0388012287697006,-0.05408946966112183,-0.03416110912075941,0.19900313566904515,1.46875,-0.006493862794761348,1.65625,-0.017408287852892446,1.84375,-0.06275830565002659,1.8125,-0.019458027825369765,1.71875,-0.019541749570625898,1.6875,-0.0014739397950405027,1.34375,0.015548949675243376,1.40625,-0.023731848613653867,1.84375,-0.015438435619172103,1.875,-0.0034395199571585168,1.3125,-0.020453466337751417,1.09375,-0.03689548412075941
2026-03-17,2026-03,288,282,-0.0785840878675717,-0.034576060934013414,0.04945498797062911,0.016842892106627445,0.03392542108105266,0.3654345784868513,0.044311052972121415,-0.012327945071756037,0.04321605704526096,-0.0031738663901715635,-0.0031894651223057357,0.18564784633261816,0.011361137276830587,-0.016793824778459907,0.03368010211911843,0.002143715077396131,0.013815237916056782,0.5395056886066283,-0.06862544156830594,-0.015610094866390593,0.03682316102689494,-0.01642945556988936,-0.015216383859587096,0.32405368903917925,-0.10471649204875637,-0.050535659554988184,0.04626932433575659,-0.03983910637425702,-0.023429376922169686,0.20037014037370682,-0.07630390750274285,-0.02852480822870059,0.04669658657567055,-0.03688878707867652,-0.03114202907637563,0.195460110503648,1.3125,-0.03785731093401341,1.65625,-0.016468570071756037,1.90625,-0.021559449778459906,1.78125,-0.02006321986639059,1.6875,-0.054754409554988184,1.59375,-0.03250918322870059,1.1875,0.030956671081052663,1.34375,-0.006548840122305735,1.75,0.009440237916056781,1.75,-0.019591383859587096,1.3125,-0.026710626922169686,1.34375,-0.03450140407637563
2026-03-18,2026-03,308,307,0.026913316277979,-0.014461647530896059,0.05934031849301928,0.11728150411304011,0.018853057869338878,0.34871532840113484,-0.03285708946503988,-0.028806345833807222,0.05794938911153093,-0.10452859496216758,-0.01690912434880518,0.19385223931843235,0.003529727809033821,-0.003668036142463381,0.03840581919143626,0.02571204725595115,0.029745602278375166,0.5599446425875348,-0.04339176209136046,-0.025075953064612685,0.05017072899310031,-0.03510407558350381,-0.011907063005930781,0.31107196416104993,-0.09167486629127272,-0.011497988454203321,0.04947520803548887,-0.0465381997907851,-0.013638171553700743,0.19700224325060844,-0.049741725969549254,-0.01699974793839694,0.05018325660753771,-0.07843915990400921,-0.026810691810391578,0.20568640073460917,1.4838709677419355,-0.018171324950250898,1.5806451612903225,-0.03275795873703303,1.8709677419354838,-0.00834545549730209,1.7419354838709677,-0.029430791774290102,1.7096774193548385,-0.015772182002590417,1.6774193548387095,-0.021193296325493712,1.161290322580645,0.015949832062887265,1.3225806451612903,-0.020215575961708407,1.7096774193548385,0.02547140872998807,1.8064516129032258,-0.016423192038188844,1.3548387096774193,-0.01702526832789429,1.193548387096774,-0.029794562778133513
2026-03-19,2026-03,278,267,0.0976136893136516,0.025296652503507853,0.061655474624072545,0.14665886948063536,0.05229887706624487,0.37235046426455176,0.06379980445595777,-0.009038633604566602,0.058254598192751,0.06824017902249761,0.02120857280631067,0.19389698544034253,0.0835986182914897,-0.011165768383991602,0.041937094707442196,-0.030510149405299173,-0.009143280427772599,0.5524480262150367,0.033095601011848434,0.045530898664365174,0.06239151159111739,0.047850202428019156,0.0494775831454638,0.2612089133924908,0.025433851125690805,0.011398131038332093,0.050020172848147415,0.1492499257843056,0.03815350824110808,0.19867595781882602,0.04186323702188825,0.021559493473455392,0.050873832732042004,0.06566364469854186,0.0007972935598322961,0.21260727486676642,1.5161290322580645,0.02150632992286269,1.6774193548387095,-0.013232181991663376,1.8387096774193548,-0.01576254257753999,1.8709677419354838,0.040853479309526465,1.8064516129032258,0.006882002006074029,1.8064516129032258,0.017043364441197327,1.3870967741935483,0.048831135130761004,1.3225806451612903,0.017902121193407443,1.8064516129032258,-0.013659409460030664,1.9032258064516128,0.044719518629334765,1.4193548387096773,0.03460512114433389,1.2258064516129032,-0.002267222569199962
2026-03-20,2026-03,269,266,0.1823022434296917,0.010994784364404712,0.05316877274614917,0.28876682264020664,0.04761571357608152,0.3260371706414002,0.07643504904227315,0.015621231534172542,0.06397234589769166,0.06191471391493585,0.019722639349721568,0.15181956992105203,0.18204044048988635,0.013626931815877515,0.03857429898877142,0.022154941896670017,0.05845389260654568,0.5303260949612768,0.05113744338059506,0.0483541116987205,0.048208622007798706,0.015880325756594968,0.023451974601498577,0.18808740170465577,0.03054461745556909,0.03993807606307893,0.04892177305894024,0.12595572324252344,0.035020966618636344,0.15878226332090517,0.020436849211193105,0.010264425735882467,0.053358921131184796,0.06166934842516044,-0.037477513162415,0.16882305730272223,1.2962962962962963,0.0077540436236639716,1.6666666666666665,0.011454564867505877,1.7777777777777777,0.009182487371433071,1.7777777777777777,0.04390966725427606,1.7037037037037037,0.035678816803819666,1.7407407407407407,0.005912573884030615,1.1111111111111112,0.044837935798303745,1.3703703703703702,0.016296713423795642,1.8148148148148147,0.05391685556950865,1.8888888888888888,0.018729752379276356,1.2962962962962963,0.031780225877895606,1.037037037037037,-0.04007010575500759
2026-03-23,2026-03,260,257,0.1040655080353118,-0.0003899837254320894,0.04353385854339485,0.16483106827934413,0.07511046156061417,0.3307440732247554,-0.04837964148308976,-0.017887031190135946,0.05109254077135329,0.19202741961362652,0.0519535395691186,0.1414367319442905,0.1623218728825631,0.0454026393691347,0.043395257929704736,0.07504100649282568,-0.012986000830660746,0.5060566016831077,-0.05681856587042443,-0.028609516246501227,0.038968714039269964,-0.10790601135428722,-0.013832027726426348,0.17036387840142617,-0.06961277306104892,-0.00016835887323168874,0.043521642125793916,0.27254454151005875,0.06426625627429855,0.14678420710305756,-0.022252491218008458,0.014251750894657494,0.047175769317907595,0.24058253023770265,0.05651118788241926,0.15761277566735563,1.6296296296296298,-0.004464057799506164,1.5555555555555556,-0.021775920079024836,1.7407407407407407,0.04105078751728285,1.925925925925926,-0.033424331061316044,1.7407407407407407,-0.00452021072508354,1.7777777777777777,0.00980730645021305,1.1851851851851851,0.07214749859765121,1.4074074074074074,0.04843502105060008,1.6666666666666667,-0.017152667497327412,1.962962962962963,-0.018739435133833755,1.4814814814814814,0.06056255257059485,1.2962962962962963,0.05327044714167852
2026-03-24,2026-03,328,324,0.19014135457139072,0.016745848003152847,0.03673410190163166,0.1711741337318005,0.07407743285655369,0.31696922634728253,0.0050139397488966515,-0.02959909709977398,0.037990460276574274,-0.01865842436344667,-0.02505417961447172,0.14980176510289311,0.06499464033965478,0.02889183234094263,0.035384335304504105,-0.016040482908788307,-0.010775522917307729,0.5251367182936519,0.05700975514537499,0.0243809083742728,0.032035219067928736,-0.04266167267790745,0.0130438848726242,0.21109688782598823,0.04370006921202454,-0.000989503945096313,0.030990347151421977,0.012122687803381757,-0.0303385243286389,0.1501312378095463,0.00022546403763583104,-0.010395476995257901,0.03222897372482049,-0.017198519214773028,-0.025345246559543216,0.1552645661868155,1.15625,0.013855223003152846,1.40625,-0.03311472209977398,1.875,0.02420433234094263,1.71875,0.0200840333742728,1.625,-0.005052003945096313,1.75,-0.014770476995257902,1.0625,0.07142118285655369,1.1875,-0.02802292961447172,1.8125,-0.01530677291730773,1.96875,0.008122009872624202,1.40625,-0.0338541493286389,1.125,-0.028157746559543215
2026-03-25,2026-03,297,294,0.1473120466409057,0.028876822997062776,0.055576110638623104,0.13249491101840094,0.017757833660445123,0.32358383464402163,0.10498555297213015,-0.0033008628097821752,0.05409705677392197,-0.02558965310643163,-0.013256767404166475,0.18931219379963546,-0.008845183335623322,-0.00444109242744967,0.040906371231975734,0.043876387979093864,0.013823241016124609,0.7497336133543787,0.09476728100889174,0.028739552719613114,0.048394342034061615,-0.05877934065853529,0.0061041597066310484,0.17258278550258999,0.04445415519241023,-0.018015493097804227,0.05160944131024682,-0.01367062608673347,-0.006720363538942438,0.18624834507575322,0.07518592417921277,-0.009898373723134526,0.04865047206482785,-0.024250760827942038,-0.015619233960433524,0.2047596751102086,1.375,0.025439322997062776,1.53125,-0.007128987809782175,1.71875,-0.00873796742744967,1.71875,0.024442677719613115,1.65625,-0.022156118097804225,1.8125,-0.014429623723134527,1.0625,0.015101583660445122,1.25,-0.016381767404166477,1.75,0.009448241016124608,1.875,0.0014166597066310486,1.34375,-0.010079738538942437,1.09375,-0.018353608960433525
2026-03-26,2026-03,325,319,0.015627217590407774,0.01489258097753133,0.04760380486941737,0.09763235628266304,-0.007516115683755355,0.2946692252298817,-0.009878873682554664,0.008806644590748765,0.04092877490865461,-0.0038417842098823693,-0.0228733283848876,0.16052561363903806,0.012224094418079399,0.014126458301780661,0.03861553655618054,0.020192058959125035,0.021552257272853786,0.48635510861640796,-0.07905826289988868,-0.02392388148516049,0.04358613460407274,-0.03299005470784612,-0.013055340537758892,0.17528627905994654,-0.017479593798612202,0.02222166049498795,0.04276966251388889,-0.052152482827329455,-0.02166497232458463,0.15886829709052108,-0.08179714400573296,0.006244274927868557,0.044814595614635966,-0.010809081852026637,-0.017631009338712395,0.16050263890065253,1.21875,0.011845705977531328,1.46875,0.005134769590748765,1.84375,0.009517083301780662,1.6875,-0.02814263148516049,1.65625,0.01808103549498795,1.6875,0.002025524927868557,1.28125,-0.010719240683755354,1.5,-0.0266233283848876,1.71875,0.017255382272853788,1.90625,-0.01782096553775889,1.46875,-0.025336847324584633,1.15625,-0.020521634338712395
2026-03-27,2026-03,264,260,0.05449588792726751,0.01982938036385203,0.047754074928040485,-0.027385556548337235,0.005447416697101153,0.3183089970396115,-0.027636650600995245,0.014301544366185389,0.05131830245589252,-0.08267190159721906,-0.006045168012418146,0.18991043504614097,0.03204123723546534,-0.0004771615478468443,0.04606741742183148,-0.03576226030779776,-0.020898754477087916,0.5056278061551543,0.07122596078985949,0.06517115945657015,0.04492455055809008,0.10972159697800253,0.008006518717806214,0.17168891501541322,0.060672159322790256,0.03391033429062659,0.04057254339803387,-0.10486078954405233,0.0074974005820461,0.19816036629848754,0.06197457754240881,0.03346854955365032,0.044299958326777564,-0.10659562118059858,-0.00356895830609006,0.19876195375735944,1.5,0.01607938036385203,1.6875,0.010082794366185388,1.78125,-0.004930286547846844,1.96875,0.06024928445657015,1.78125,0.029457209290626594,1.84375,0.02885917455365032,1.21875,0.002400541697101153,1.46875,-0.009717043012418144,1.84375,-0.025508129477087915,1.78125,0.003553393717806215,1.5625,0.0035911505820461,1.375,-0.00700645830609006
2026-03-30,2026-03,337,328,-0.04638975496085745,-0.011349326694401286,0.06489457304271594,-0.060773482395258246,-0.006305533937739142,0.32450056527600146,-0.005047081428044679,0.012057600140365617,0.05920128035469463,0.03453630938794144,0.060699207715255055,0.18186854514660256,-0.018701950935794433,0.010497958415916912,0.04211744649091831,-0.04051409990210568,-0.024087879828571915,0.44952729683030734,0.021429954371831043,0.004192670588157815,0.05972657213110282,0.13379923545981523,0.02133194852151771,0.20024454492059623,0.023690273433482748,-0.010875154368712763,0.05692841105972176,0.0008750950031479591,0.06259385985584573,0.1785893538458781,0.028981603878887603,0.0525912721438626,0.0554975065122818,-0.02141364684163132,0.013754077626257317,0.19584829777930723,1.5151515151515151,-0.015137205482280074,1.6363636363636365,0.007966691049456525,1.9696969696969697,0.005573715991674488,1.787878787878788,-0.00027702638153915497,1.8181818181818183,-0.01542060891416731,1.7272727272727273,0.04827309032568078,1.1818181818181819,-0.009260079392284596,1.575757575757576,0.05675981377586112,1.8181818181818183,-0.028633334374026462,1.8484848484848486,0.01671073640030559,1.3636363636363638,0.05918476894675482,1.3636363636363638,0.010344986717166407
2026-03-31,2026-03,296,289,-0.04625411770639519,0.05574837535135675,0.07105737209453653,0.05753620232746679,0.05390850788707926,0.33800062472964154,-0.04028328180644785,0.000598486722169507,0.07030566525924416,0.10571728574305722,0.08448793847128068,0.20367610570171782,0.15279091680884577,0.07376361425896062,0.040829253823048056,0.06783129893647719,0.014719595624379623,0.7331220282177473,-0.050899524539838266,0.06080110137026352,0.06382982038056319,0.2364464892218686,0.07494962834887012,0.22957885933333427,-0.08412342436312613,0.007785596750017623,0.06975106189982465,0.06374996688714568,0.09470276209072384,0.20248670310809697,-0.055018121551997846,0.034116180570930216,0.05846884368454459,0.03334953212259263,0.06412690521258979,0.21762648867122059,1.393939393939394,0.052263526866508266,1.5757575757575757,-0.0033409072172244317,1.8484848484848484,0.0691424021377485,1.696969696969697,0.056558677127839276,1.6363636363636365,0.003694687659108532,1.606060606060606,0.030101029055778702,1.121212121212121,0.05110547758404896,1.5454545454545454,0.08062430210764432,1.7272727272727273,0.010401413806197805,1.8484848484848484,0.070328416227658,1.2727272727272727,0.09152094390890567,1.1515151515151516,0.061248117333801914
2026-04-01,2026-04,311,308,0.05484070436357544,0.07128125591167155,0.048086380662420734,0.09839746914220517,0.050941278283387924,0.404040407870085,-0.04849441572594789,-0.02130697430899349,0.03939336194756273,0.06696201319684361,0.0011986444687434683,0.10955320502961835,0.19384901882908442,0.0701101592622973,0.03072957518947979,0.0015112381394484916,0.03176967379974432,0.8524255161323856,-0.0689165716530861,-0.01034079396197184,0.036903139705682826,0.08694358229676143,-0.017262271394476825,0.14510171043296013,-0.09171367477041162,-0.035079116457991534,0.0340312028959828,0.03514876369352046,-0.019102746045724407,0.10742442658351314,-0.0366966401506387,-0.017352014819574598,0.03174086849682657,-0.05247141614738337,0.006909065820736346,0.15971882605264265,1.5806451612903225,0.06732964300844574,1.6774193548387097,-0.025500522696090263,1.6774193548387097,0.06591661087520052,1.8387096774193548,-0.014937568155520227,1.8064516129032258,-0.0395952454902496,1.8387096774193548,-0.021948789013122985,1.5161290322580645,0.04715095570274276,1.6451612903225805,-0.002914258757062983,1.8709677419354838,0.02709225444490561,1.935483870967742,-0.022100981071896182,1.5161290322580645,-0.02289306862636957,1.3548387096774193,0.003521969046542798
2026-04-02,2026-04,278,274,0.05685885669012246,0.059459260200559416,0.04345848961507666,0.03810539550192849,0.056304236579868105,0.4381012988311273,0.016634650816854654,0.03517859941262963,0.0323041113866553,0.10255059024865819,-0.015087590822890445,0.13065373621605061,0.1093662443076012,0.02008686830341549,0.038496386651951,0.2252105318765611,0.09904131769620364,0.8322291867462573,0.0023193312841512585,-0.029255747850077698,0.0394775644256775,0.13845227532891585,0.008610723386398126,0.22386959181339652,-0.003755328100393797,-0.024805487986814527,0.03029691193298806,0.11451502592033745,0.02227372759805368,0.10803330800047627,0.03134820663324936,-0.02813882290859815,0.04269369974887266,0.11184856702968823,0.04576804846343416,0.1623855488443816,1.2903225806451613,0.05623345374894651,1.6129032258064515,0.0311463413481135,1.7741935483870968,0.01565138443244775,1.8387096774193548,-0.033852522043626085,1.5806451612903225,-0.028757100890040334,1.7419354838709677,-0.03249366161827557,1.193548387096774,0.05332036561212617,1.3870967741935483,-0.018555332758374316,1.7096774193548385,0.09476712414781654,1.9354838709677418,0.003772013708978772,1.3870967741935483,0.01880598566256981,1.032258064516129,0.04318740330214384
2026-04-06,2026-04,323,318,0.0772063788704482,-0.0016989068221110043,0.04336431274263826,0.049636029690953716,0.031412041724814876,0.3808879954740405,-0.008241868546211803,-0.05253590035370815,0.03767848807217519,-0.00740341969261567,0.0046212554263781215,0.11042671231552958,0.014632665430918906,0.002490829144238385,0.03316970618805769,0.1329911368003705,0.03726060980698677,0.513710847357288,0.0003388338187488357,0.03217673909393116,0.030888481263611746,-0.04138151942280407,-0.020694361761411477,0.19643081771209836,-0.0039499152737476105,0.004722608085995748,0.03293586028411777,0.00655143885497339,0.01018446468102676,0.10198756598401815,-0.044422662694316606,-0.045081980185798946,0.03507893720199171,-0.04026335021478034,0.02028436321610355,0.1468892427510582,1.3125,-0.004980156822111004,1.5,-0.056285900353708146,1.84375,-0.0021185458557616147,1.8125,0.027645489093931157,1.6875,0.0005038580859957481,1.5625,-0.048988230185798946,1.1875,0.028443291724814877,1.3125,0.0013400054263781216,1.75,0.032885609806986765,1.78125,-0.025147486761411476,1.15625,0.00729383968102676,1.03125,0.01770623821610355
2026-04-07,2026-04,247,243,0.02431579112923006,0.008958413240964053,0.05209219812895578,0.02318499077541694,0.06662061670445459,0.48940048459917307,-0.007821634559966519,0.014815920674777674,0.04668964485958817,0.07524480931779641,0.07440269046428155,0.15176132833585143,0.06058323728488932,-0.025571771537674724,0.05269516884136137,0.0800547263440078,0.006257304589644623,0.49945518452053267,0.07108633083356253,0.018338274525523217,0.047126992041623385,0.1058707849566146,0.08579972028182803,0.22944800804058713,0.015220811663807782,-0.0191482538730898,0.04148405906568375,-0.007578353216241231,0.016605937748180602,0.13011316178987423,-0.015609424743146376,-0.04630714385035143,0.04581890712748869,-0.05819202144698364,0.027019443603345177,0.18990383693017066,1.5,0.005208413240964053,1.6875,0.010597170674777674,1.875,-0.030259271537674725,1.84375,0.013728899525523218,1.90625,-0.023913878873089798,1.75,-0.05068214385035143,1.15625,0.06372999170445459,1.34375,0.07104331546428155,1.90625,0.0014916795896446232,1.84375,0.08119034528182803,1.21875,0.013559062748180601,1.15625,0.024128818603345176
2026-04-08,2026-04,283,278,0.07980550016889548,0.032920551469074674,0.05737271703237135,0.15923826546982064,0.07018902230937867,0.411001500540546,-0.04241500427268521,-0.013864974510658292,0.05727434040350529,-0.05368123332885063,-0.015039883652583685,0.11751159001141787,0.05556959449330476,0.023148675540854004,0.037783464461317584,-0.10082804021908696,-0.046463211968867046,0.6156870520540646,-0.018944885008116513,-0.006221989710878943,0.042131450740787856,-0.0348496512493501,-0.04451017597418373,0.32333951390215326,-0.06949016858840434,-0.04544314489399838,0.06089557775374062,0.003957131254559913,-0.02961533727826665,0.13219161464699677,-0.127058115931133,-0.03950141957929684,0.05110738388346808,-0.02256740200620307,-0.010456552322854213,0.15764736091451986,1.3928571428571428,0.029438408611931817,1.7142857142857142,-0.018150688796372577,1.9642857142857142,0.01823796125513972,1.8214285714285714,-0.01077556113945037,1.7142857142857142,-0.04972885917971266,1.6428571428571428,-0.0436085624364397,1.0714285714285714,0.06751045088080723,1.2142857142857142,-0.01807559793829797,1.75,-0.05083821196886705,1.9285714285714284,-0.049331604545612306,1.1785714285714286,-0.03256176584969522,0.9285714285714285,-0.012777980894282785
2026-04-09,2026-04,312,308,0.0002959400502110302,-0.009519783118982932,0.043539852516920316,-0.11368286131751404,0.006728804295901697,0.3952935270724758,0.15181724575825847,0.0659552977715478,0.03945949471551341,0.16587657126781666,0.009515870545750725,0.11116430884407412,-0.01880210525854327,0.033782215640708706,0.042614742341742555,0.06551698091454806,0.0005413603928998457,0.6269117134112505,0.10849014576342138,0.10349037610504543,0.03427487918188365,0.02180473646321216,0.016090471127424504,0.23743097436043525,0.07369738444655095,0.026424736955586628,0.03756336932604119,0.05723654421044064,0.027696599892475172,0.1100030427257861,0.036356969719778705,0.06723252111599334,0.03982457852882461,0.08093822083528586,0.013759865110860352,0.15507878074722906,1.2903225806451613,-0.012745589570595834,1.4516129032258065,0.062326265513483275,1.8387096774193548,0.02918544144716032,1.7096774193548385,0.09921618255665833,1.5806451612903225,0.02247312405236082,1.5161290322580645,0.06344219853534819,1.2580645161290323,0.0035836430055791162,1.3548387096774193,0.006128773771557177,1.9032258064516128,-0.004216704123229186,1.8064516129032258,0.011574342095166439,1.3548387096774193,0.024309503118281624,1.161290322580645,0.010856639304408739
2026-04-10,2026-04,281,274,-0.021975359387337884,0.02258002741577564,0.05170061191989629,-0.09989507728585491,0.035369258398235556,0.3588013836631069,0.021263074776363185,0.02908026372993794,0.03714204453492036,0.2264610758364071,0.032666930462269254,0.11604728163392455,0.0712234510411478,0.04465523839381314,0.033567583041288915,0.022122489933163195,0.016448191915979404,0.5134586716691653,-0.0290417271167708,-0.049314143693043606,0.037863363838931886,0.03606637172927776,-0.01952734380084735,0.19424019533175008,0.05030747362160178,-0.0033828901097507913,0.039328766052362414,0.16119265757336476,0.00045745284397907815,0.106761133229291,0.08281863513937414,0.09816603512199579,0.03884330789969573,0.10296595961016344,-0.03704922962298484,0.1466513560326011,1.3225806451612903,0.019273575802872412,1.5806451612903225,0.02512865082671213,1.6451612903225805,0.04054233516800669,1.7419354838709677,-0.05366898240272103,1.6129032258064515,-0.00741514817426692,1.5806451612903225,0.09421442221876998,1.2580645161290323,0.03222409710791298,1.3548387096774193,0.029279833688075706,1.7096774193548385,0.01217399836759231,1.8064516129032258,-0.024043472833105414,1.2258064516129032,-0.00260706328505318,1.032258064516129,-0.03962987478427516
2026-04-13,2026-04,304,295,-0.004628008098480254,0.034722756463472976,0.056262523656084376,-0.1596647844249481,-0.04945509238814229,0.386269107957681,0.06809984708565767,0.01816983309842428,0.04981661742460561,0.19750339572352404,0.046590540598627044,0.14309393875300883,-0.012323011161229488,-0.01774633569391405,0.05057049113629774,-0.026812082108133697,0.03327408554343793,0.5077458663533131,-0.04913293686642948,-0.019489563456495614,0.04177895965181419,0.06328987946249327,-0.03485538980243647,0.25662366300821304,0.04111687268813163,-0.013814544925090995,0.045946903531162285,0.13849554498159047,0.009979502485810553,0.12741699256002903,-0.038693735637584464,-0.03907284899746663,0.03638411426011575,0.10491632424674736,-0.018107544611991412,0.17486336988707385,1.3666666666666667,0.03130608979680631,1.5666666666666667,0.014253166431757613,1.7666666666666666,-0.022163002360580716,1.7333333333333332,-0.02382289678982895,1.5333333333333332,-0.01764787825842433,1.5999999999999999,-0.043072848997466634,1.1666666666666665,-0.05237175905480895,1.2666666666666666,0.04342387393196038,1.9333333333333333,0.028440752210104593,1.7333333333333332,-0.03918872313576981,1.0333333333333332,0.007396169152477219,0.9666666666666666,-0.02052421127865808
2026-04-14,2026-04,316,309,-0.006195819381140629,0.025889409188027016,0.06096127103514093,-0.1386506637155521,-0.04459112223211389,0.38202004374996307,0.047850268965949995,0.00932817246859071,0.060574532918566376,0.21515488597707183,-0.009771426402834803,0.15571363294316876,-0.009941498788376092,0.019267587924667925,0.04495888992317318,-0.029924898257981558,0.0003400848386072436,0.6213387258110508,0.02049961342652255,-0.007048694664640382,0.05058468727905196,0.07068984204311442,0.02693853580647836,0.22514302343610793,0.04402827137323803,0.014799123242586955,0.05412952346212763,0.1451609897642721,-0.0003207104203110586,0.16609202109036908,0.012244843630859684,-0.026132790326790473,0.04819799192354564,0.12634725415143097,-0.015231335844171152,0.21517427007277165,1.1935483870967742,0.02290553822028508,1.5161290322580645,0.005537849887945549,1.7096774193548387,0.014993394376280828,1.6774193548387095,-0.011242243051737155,1.5806451612903225,0.010847510339361148,1.5806451612903225,-0.03008440323001628,1.064516129032258,-0.047252412554694534,1.2258064516129032,-0.012835942531867062,1.7419354838709677,-0.0040147538710701754,1.7096774193548387,0.02266434225809126,1.096774193548387,-0.0030626459041820263,1.0,-0.01773133584417115
2026-04-15,2026-04,296,292,-0.03338608253862491,-0.0067393340509710395,0.06578399857038789,-0.04716195394161496,-0.031266198247455676,0.4437741719443222,-0.036907323348001314,-0.032602098981418234,0.056487579102501365,0.2301281250433793,0.006879962076028846,0.1526371757018155,-0.08934759276187819,-0.016421624460455288,0.04059696481289477,-0.046695484296047626,0.00300386980956225,0.8984194300298033,-0.025972739994163056,-0.032707310333186565,0.056576493560841254,-0.05167016014473642,0.008859614278770038,0.31498802748733556,0.007145435938107177,-0.004943541202446229,0.06291307970123428,0.12187935238782696,0.015620223735709017,0.1401788629591465,-0.009011092256866972,-0.026678358918341416,0.06191730979114003,0.12182336419624555,-0.021458710004149166,0.18750998898056045,1.2258064516129032,-0.009803850180003298,1.4838709677419355,-0.03631177640077307,1.8387096774193548,-0.021018398654003675,1.7741935483870968,-0.037142794204154304,1.6129032258064515,-0.008975799266962358,1.3548387096774193,-0.030065455692534965,1.0,-0.03376619824745568,1.2258064516129032,0.003815445946996588,1.7741935483870968,-0.0014316140614054921,1.7419354838709677,0.004504775569092619,1.096774193548387,0.012878288251838049,0.9354838709677419,-0.02379741968156852
2026-04-16,2026-04,309,301,-0.004282501088013146,0.03628511794936414,0.05588009769858035,-0.03473222674600689,-0.01035322931864506,0.45335072875022886,-0.018046375797706835,0.005653571475072011,0.04435755775634304,0.12444836716681378,0.00871642131217052,0.14826648843785128,0.012627599702157917,0.01812173162767563,0.043606213292156026,0.13092024092583193,0.045364337181591066,0.6883129901563128,0.004395988782265695,0.0009374833333605816,0.048443450882994565,0.01354830574999695,-0.004463876416275329,0.2620585229247809,-0.018761413969682054,0.008717834331352396,0.04714474340255999,0.03582715436771184,0.01875684336721046,0.13684114354352156,0.02791821395015883,0.029021742865085888,0.054814754001930616,0.0615018242014797,-0.004624683217466393,0.18267840947955846,1.3333333333333333,0.03295178461603081,1.5666666666666667,0.0017369048084053445,1.9,0.013371731627675628,1.6666666666666667,-0.003229183333306086,1.5666666666666667,0.0048011676646857295,1.3333333333333333,0.025688409531752554,1.0666666666666667,-0.013019895985311726,1.3,0.005466421312170521,1.8,0.04086433718159107,1.8,-0.00896387641627533,1.2,0.01575684336721046,1.0333333333333332,-0.007208016550799726
2026-04-17,2026-04,303,296,-0.030028229382715196,0.01408450273584666,0.05500226010286434,-0.045937022248756766,-0.0352580417211397,0.4643861841410398,0.003489417432506583,-0.02100868912362086,0.04642004062052694,-0.0642680031335305,-0.013616219515296804,0.13848701678216457,-0.019318430239495112,-0.04762986982741724,0.037646614744857074,0.012743847440390293,0.015090578363718164,0.757419106674691,-0.025724157186862485,0.03874296117681786,0.0531914841528206,0.02742529394103579,0.031313899561062106,0.24537295723954836,-0.09788529828932702,-0.02295187660641072,0.04963741374978001,0.03425573474043117,-0.0025140350048475785,0.14979751805464425,0.03175848693269467,0.0004064485159488186,0.04593371201430274,0.006783851964840959,0.015538594779519188,0.1815851466730237,1.1666666666666667,0.011167836069179994,1.7,-0.02525868912362086,1.7333333333333334,-0.05196320316075057,1.6666666666666667,0.03457629451015119,1.5333333333333332,-0.02678520993974405,1.5333333333333332,-0.003426884817384514,1.0666666666666667,-0.037924708387806365,1.3333333333333333,-0.016949552848630138,1.7666666666666666,0.010673911697051498,1.8333333333333333,0.026730566227728774,1.2,-0.0055140350048475785,0.9333333333333333,0.013205261446185855
2026-04-20,2026-04,361,355,-0.054155138467205426,-0.05509037915856596,0.05751937790776376,-0.021955078100215204,0.02888093632581465,0.4104524275494946,-0.06074236573912039,-0.03874757246121537,0.048487660283403386,0.00312246542003142,0.03957319606990696,0.1496062589188417,-0.031797696108185884,-0.04833381866469861,0.04363786772564094,-0.07588641665653238,0.027851191263275295,0.45774633245956564,-0.02140081183101379,-0.019628300958912305,0.04969483116593877,0.08642315483534825,0.07787474255437693,0.24389998563047915,0.047491623909670384,0.025575347245859536,0.04816063689672567,-0.0320600154101825,0.03069659682121584,0.13723190718640885,-0.03181068240784777,-0.010432458948450907,0.049477345592687294,0.0030009235523971453,0.038760215486657784,0.18317799011452332,1.25,-0.058215379158565964,1.6111111111111112,-0.04277535023899315,1.9166666666666665,-0.053125485331365276,1.6944444444444444,-0.023864412070023416,1.5555555555555556,0.021686458356970646,1.5555555555555556,-0.014321347837339796,1.222222222222222,0.025825380770259095,1.3055555555555556,0.036309307181018075,1.8055555555555556,0.023337302374386405,1.75,0.07349974255437693,1.1666666666666667,0.027779930154549173,1.0833333333333333,0.03605188215332445
2026-04-21,2026-04,333,323,-0.19917574482878536,-0.06532035874443784,0.06126467557284833,0.02976983187646199,0.04666034036521913,0.46964289993047714,-0.07307722555540173,0.002090104159720385,0.047356079495181676,-0.021920340367782832,-0.00041097767610394353,0.16556633717846125,0.03334053766312621,0.06801381717466701,0.040254220679521446,-0.009776723107710715,0.03701569167035126,0.5473804686334915,-0.17031325988746598,-0.031606469243938604,0.05114766325776205,0.012484961694975403,0.0037621571436801463,0.3142289111856371,-0.11653768334383009,-0.05565179903686675,0.047218428232868356,-0.1257930248262836,-0.026216315050554256,0.15281559992581606,-0.08782792604306204,-0.037833804978935015,0.04932406507427566,-0.09490299765171709,-0.013040732534059293,0.2025275225751102,1.2222222222222223,-0.0683759142999934,1.5277777777777777,-0.0017293402847240592,1.6944444444444444,0.0637777060635559,1.7777777777777777,-0.03605091368838305,1.6666666666666665,-0.05981846570353341,1.5555555555555556,-0.0417226938678239,1.1111111111111112,0.04388256258744135,1.25,-0.0035359776761039437,1.75,0.03264069167035126,1.8055555555555556,-0.0007517317452087431,1.1388888888888888,-0.02906353727277648,0.9444444444444444,-0.015401843645170403
2026-04-22,2026-04,410,403,-0.12729789457693266,-0.04262032323667675,0.06564336086783941,0.13794301528759403,0.07251436658372619,0.4423850607126951,-0.022117891514094042,-0.026384934603783338,0.05087273818347606,-0.004304867384333187,0.014579394694246916,0.1635324599221349,-0.06460036487853647,-0.009250624168066247,0.035006362515822696,-0.1974551335342241,-0.026811185892750444,0.6928993344772607,-0.03582471250496309,-0.012184389525355832,0.04801280600302786,0.012195513706426483,0.026984486730332508,0.30181894004344945,-0.0639451577532926,-0.035301718953726954,0.046718169632425074,-0.04539685455391487,-0.001870779153721358,0.14155190782621502,-0.056436779913090464,-0.050698629353582075,0.05620163485460456,-0.018832021025937243,0.01441463340779799,0.18861885638907552,1.25,-0.04574532323667675,1.5250000000000001,-0.030197434603783338,1.85,-0.013875624168066248,1.6,-0.016184389525355832,1.625,-0.03936421895372695,1.475,-0.05438612935358207,1.3,0.06926436658372619,1.475,0.010891894694246916,1.825,-0.03137368589275044,1.7750000000000001,0.022546986730332508,1.275,-0.005058279153721357,1.125,0.01160213340779799
2026-04-23,2026-04,403,394,-0.07624726770295637,-0.03670471130239497,0.06768487894016205,0.17040366308398552,0.0377525113956517,0.580330680960264,0.000477705101392702,-0.006749408042514962,0.05622792340557255,-0.07394775624371815,0.01234972149205344,0.1611126589660461,-0.139888662439212,-0.025258810622105783,0.043284008424981146,-0.06459001895796905,0.027623985954057538,0.6406353893570411,-0.04986257153602511,-0.011329860283581156,0.05469192496595422,0.10587561663466076,0.04679547531599862,0.27805392845318866,-0.052813775507397784,0.01653372493512277,0.04955393539062545,-0.10904546622952359,0.009880100123215912,0.1406216559310754,-0.02208169041043951,-0.0007980988720258236,0.05189137051826004,-0.05926568176242831,0.028511491212870773,0.18799195343103164,1.225,-0.039767211302394974,1.55,-0.010624408042514962,1.85,-0.029883810622105784,1.775,-0.015767360283581156,1.725,0.01222122493512277,1.6,-0.004798098872025824,1.2,0.0347525113956517,1.6,0.00834972149205344,1.825,0.023061485954057537,1.825,0.04223297531599862,1.225,0.0068176001232159115,1.0999999999999999,0.025761491212870774
2026-04-24,2026-04,326,325,-0.02548060366717941,0.0014531049768059072,0.06222002800580973,0.08560122266431716,0.029887818700200543,0.4426954258233309,0.01245195284256465,0.016665285257375168,0.050469246108842535,-0.027748072268812967,-0.009773612674700439,0.11348979268223047,0.038452269663021905,0.010260051599221574,0.03811229471309473,0.05660915055854506,0.024117130591633264,0.5414933687425219,-0.007885320301738484,-0.005353140997945968,0.043667395069369674,0.03214585380848678,0.009102588551625906,0.21020161756314337,0.02454455321230804,0.029759547089612266,0.04685669252022891,-0.051364889964541,-0.009174674000307675,0.09705926140304655,0.03629009702516766,0.0220572233964392,0.037927760994958294,-0.0627516008503232,0.009441678957674442,0.1364852735423483,1.205128205128205,-0.0015597155360146057,1.641025641025641,0.012562721154811066,1.794871794871795,0.005772872112042087,1.7435897435897436,-0.009712115356920327,1.7435897435897436,0.025400572730637908,1.7435897435897436,0.017698249037464843,1.3333333333333333,0.02655448536686721,1.6666666666666667,-0.013940279341367106,1.8717948717948718,0.019437643412146086,1.8205128205128205,0.0045513065003438555,1.435897435897436,-0.012764417590051265,1.4615384615384615,0.005787832803828288
2026-04-27,2026-04,376,363,-0.11675478959054084,-0.05023832243909416,0.06585042248207676,-0.010122580852338234,0.031341785127198776,0.4802606225841575,-0.0005397596105739391,-0.003197843165122791,0.05308518205004073,0.04382414604797942,0.030485322544999173,0.13329152121312088,-0.029183580783246746,-0.00023651168108816526,0.039072239501295375,0.07089325068797399,0.02801480299586261,0.5180298764672544,-0.027630914034962283,-0.04617022520934446,0.051927394795764296,-0.019685197792493843,-0.002708276203652382,0.2647511644495858,-0.026920708105463566,-0.040320378405933235,0.050550044487596354,-0.044726115735996226,0.006648024397809834,0.1284562927774257,-0.005609571962840574,-0.010278449882845285,0.04488968257550406,-0.03355618452261332,0.0053151489649090914,0.16717909379965729,1.2222222222222223,-0.05329387799464971,1.4166666666666667,-0.006739509831789458,1.8888888888888888,-0.004958733903310387,1.722222222222222,-0.050475780764900016,1.722222222222222,-0.04462593396148879,1.6388888888888888,-0.014375672105067506,1.25,0.028216785127198777,1.5833333333333333,0.02652698921166584,1.75,0.02363980299586261,1.7777777777777777,-0.007152720648096827,1.2777777777777777,0.00345357995336539,1.1944444444444444,0.00232903785379798
2026-04-28,2026-04,380,373,-0.032624515186539055,-0.018970198465599896,0.06554698741317655,-0.10781376602331041,0.004588756764984487,0.42773275399530253,0.04555622742685563,0.03863335267334594,0.06455881585940604,0.05926845243497458,0.012555184906333266,0.1534313944143218,-0.0071271663877833635,-0.007345173317135715,0.04036839848323235,-0.012782111832662757,-0.0008580976646615415,0.4978788901321791,0.028603207691672485,-0.005324767019014114,0.0576290686662807,-0.05311904405228058,-0.03064564961020097,0.3352572364178864,0.04029296018597592,-7.174856800482021e-05,0.052318458911606844,-0.04955282894873525,-0.02633018485768317,0.13547850818046042,0.05401765065438199,0.010473405438647814,0.050450756431991345,-0.04406649557640179,-0.025977322472145476,0.1959477900653272,1.2972972972972974,-0.02221344170884314,1.4594594594594594,0.03498470402469729,1.8378378378378377,-0.01193976791173031,1.7297297297297298,-0.00964909134333844,1.7027027027027026,-0.004328505324761577,1.7027027027027026,0.0062166486818910575,1.1081081081081081,0.0018184864947142164,1.4594594594594594,0.008906536257684618,1.7567567567567568,-0.005249989556553434,1.7567567567567568,-0.03503754150209286,1.2162162162162162,-0.02937072539822371,1.027027027027027,-0.02854489003971304
2026-04-29,2026-04,511,503,-0.10814093860035426,-0.011979649704084362,0.04974932051916399,-0.14766470372395535,-0.011824828576054615,0.4206389907002449,0.022856711177621735,0.004485086675143992,0.049395620751965574,0.0918978250546794,0.014948580369786678,0.1253052616864443,0.035623844784877914,0.024188263152114944,0.040023276044350756,-0.0035258355972913953,0.02834215053983763,0.6972502005472779,0.015321880380747646,0.0013012540222965274,0.05169608273107604,-0.0507975279152757,-0.020763091827280117,0.3210973019897938,0.03661154958558766,0.01595000520783224,0.04825645129132372,0.016304175779901002,-0.015104560945062942,0.11446793727576732,0.029123079680914193,-0.0005767349821936048,0.042226646804124746,0.04875748244503281,-0.015392750947977806,0.1646926363557577,1.36,-0.015379649704084362,1.62,0.00043508667514399225,1.72,0.019888263152114942,1.78,-0.0031487459777034725,1.74,0.011600005207832241,1.72,-0.004876734982193605,1.32,-0.015124828576054614,1.54,0.011098580369786677,1.8800000000000001,0.02364215053983763,1.9400000000000002,-0.025613091827280117,1.46,-0.01875456094506294,1.32,-0.018692750947977805
2026-04-30,2026-04,523,508,0.06634940016726036,0.033001385522199805,0.055747593115999625,-0.07125059410656355,-0.004559154407708654,0.41018023268849246,0.08334855823150267,0.03683785403125887,0.05521765653975901,0.16896348725495675,0.029767822016840063,0.12696357151749088,-0.016039687069946743,-0.0025849333763829814,0.03439145206622677,0.08751728477229256,0.04953794359354183,0.47979392933056636,0.11218124860359797,0.0353133511267152,0.05247314835348542,0.005913971188620802,0.0006604604118127036,0.333233286790988,0.10154092746220995,0.0449008597589476,0.04788924973677898,0.10231945242038971,0.001265375294198597,0.11421230607026932,0.07312145308105802,0.029992486721379066,0.03620711807027083,0.16116330636806742,0.02794558895439002,0.16657800439233872,1.4901960784313726,0.029275895326121373,1.7843137254901962,0.032377069717533374,1.7843137254901962,-0.007045717690108472,1.8235294117647058,0.030754527597303436,1.8627450980392157,0.040243997013849564,1.8235294117647058,0.025433663191967302,1.1568627450980393,-0.007451311270453753,1.6470588235294117,0.025650174958016535,1.843137254901961,0.044930100456286926,1.9019607843137254,-0.00409444154897161,1.411764705882353,-0.0022640364705072856,1.1568627450980393,0.02505343209164492
2026-05-01,2026-05,445,434,-0.015123465805538437,0.008277773711278486,0.04889495062663518,-0.04793263220163416,0.010504915540327826,0.39091711664615675,0.024954415636184925,-0.006009259770160237,0.04427412499789744,0.11437626608338479,0.008250945986374145,0.15800252322887265,0.0255456044478793,0.001803083532545823,0.053218392671464325,-0.12616280554694664,-0.02232309807730319,0.45363561917356277,0.030156849566645993,-0.0019728255064707795,0.04772911342738109,0.003520989744552237,-0.001507489049956903,0.22614345573928468,0.08083392278068863,0.02859372429584388,0.04234003176146424,0.17803583147687357,0.0040688833456008254,0.13533215683906577,0.021137990122340994,-0.004744258108508403,0.04180869535524971,0.19261506581480314,0.03939098712525373,0.13721188924513583,1.4313725490196079,0.004699342338729467,1.7254901960784315,-0.010322985260356316,1.803921568627451,-0.0027067203890228046,1.7647058823529411,-0.006384590212353132,1.7450980392156863,0.024230979197804668,1.7254901960784315,-0.009057983598704482,1.4509803921568627,0.006877464559935669,1.784313725490196,0.003790161672648655,1.8431372549019607,-0.026930941214558093,1.7647058823529411,-0.005919253755839256,1.7254901960784315,-0.00024484214459525363,1.784313725490196,0.03493020281152824
2026-05-04,2026-05,442,433,-0.0018965739411435341,-0.02768777664731545,0.05810761579510873,0.00535779532711836,0.008880805889297981,0.4569799286248379,0.013073262403529311,-0.031238836024421488,0.04939852032624708,0.0002258239717426813,0.004278765393400623,0.161636448443629,0.066773029887191,0.0028764803773215046,0.03745496105816627,-0.05283546585715436,-0.010869196843643215,0.45855313654295926,0.025336476849342874,-0.05333710252870566,0.04565573471699703,0.008968268987340348,0.016337984157324233,0.2134370383654916,0.008716249737696762,-0.01648271446573775,0.045604380497889466,0.0632575330273639,0.02573979929754041,0.1545747307584036,-0.06068599071411796,-0.030243121237585335,0.04746174097491723,0.11155669461938958,0.060069149902396195,0.14878145587998767,1.2790697674418605,-0.0308854510659201,1.4883720930232558,-0.03495976625697963,1.8372093023255813,-0.0017165428784924486,1.7906976744186047,-0.05781384671475217,1.7209302325581395,-0.020785040047133097,1.6511627906976745,-0.034371028214329524,0.9767441860465116,0.006438945424181702,1.6046511627906976,0.00026713748642387923,1.7906976744186047,-0.015345941029689728,1.7906976744186047,0.01186123997127772,1.5581395348837208,0.021844450460331108,1.5581395348837208,0.05617380106518689
2026-05-05,2026-05,554,538,0.06025463358846872,0.014293559360922779,0.05985119946953951,0.010066416747401987,0.02894607608217764,0.3261162191974344,0.09228372815772842,0.07405289535736256,0.05721907681598149,0.05498603753870399,0.026615173918550773,0.13289507161136027,0.10728258905226995,0.03687466471101028,0.034763468968558565,0.030677558966813102,0.017104632297870587,0.3753561588625113,0.07520264403689894,0.026408418832060354,0.048990251963218864,-0.010397062510575284,-0.027356896264937827,0.23273869455550555,0.05657250202330859,0.03266428503658187,0.052743722817048394,0.07290760250592083,0.03822456038874167,0.13047883287072182,0.07403511645091679,0.025768509793967904,0.043129664173216134,0.10824534197929071,0.03453491727301718,0.13265457480318016,1.4259259259259258,0.010728744546107965,1.462962962962963,0.07039548794995515,1.8703703703703702,0.032198738785084356,1.7592592592592593,0.022010270683912207,1.5925925925925926,0.02868280355510039,1.6851851851851851,0.02155554683100494,1.1851851851851851,0.02598311311921468,1.5185185185185184,0.022818877622254475,1.7777777777777777,0.012660187853426142,1.8518518518518519,-0.03198652589456746,1.6851851851851851,0.03401159742577871,1.537037037037037,0.030692324680424585
2026-05-06,2026-05,435,427,0.018716442571126903,-0.0016201480781361053,0.06397089004514073,-0.05795918786853563,0.009494663205686638,0.3788702094624209,0.053004942618817164,0.019555465372685748,0.05789912666509791,0.015893296902386705,0.009043362754355997,0.1878670556254165,-0.014132219652517878,-0.017621308368484797,0.04786887513614181,-0.024104971208168846,-0.004556300837475585,0.5834399158091739,0.04766830593309689,-0.008708114353254196,0.06270598484702382,-0.059464063735593244,-0.027449623078247356,0.2146467910429766,0.05460035158477938,0.0652626137734473,0.05544768713949341,0.005314263748502554,0.03921636677856649,0.1859156839376272,-0.007129517985234727,-0.013565290795551726,0.05723858862903025,0.01138041873307676,0.008670231122793241,0.17972541020013566,1.4074074074074074,-0.005138666596654623,1.4444444444444444,0.015944354261574638,1.8703703703703702,-0.022297234294410724,1.6851851851851851,-0.01292107731621716,1.5555555555555556,0.06137372488455842,1.6481481481481481,-0.017685661165922097,1.037037037037037,0.006902070613094046,1.3518518518518519,0.005663733124726367,1.9074074074074074,-0.009324819355994104,1.7777777777777777,-0.0318940675226918,1.4814814814814814,0.03551266307486279,1.3888888888888888,0.005198008900571019
2026-05-07,2026-05,615,598,-0.003980580922759167,0.004604287159802235,0.061126833633885935,-0.009607727618373522,-0.0018971478970970998,0.31556722621122996,-0.029443567044630862,0.007646591962018578,0.057009656693757335,-0.04152382534443391,0.006516156782351229,0.16168198169519504,-0.013922283383246232,-0.004365568172359172,0.050592259628337244,0.03947251625724853,0.010025405142423447,0.5962137168118109,0.025575811859887006,0.03910709934222997,0.054352320838736846,0.012785093670133791,0.009572742636312616,0.266120630937318,-0.0029349752080709843,0.01366332388907816,0.053717514378022774,-0.041961093645371074,-0.004857644119033054,0.16509037415186562,-0.04839052661011825,-0.0036193669494435114,0.05403547729681231,-0.025704834610848753,0.017082815257956643,0.15253581482296188,1.45,0.000979287159802235,1.5666666666666667,0.0037299252953519116,1.8333333333333333,-0.008948901505692504,1.8,0.034607099342229976,1.7166666666666666,0.009371657222411494,1.7333333333333334,-0.007952700282776845,1.25,-0.0050221478970971,1.6833333333333333,0.0023078234490178954,1.75,0.005650405142423447,1.8333333333333333,0.004989409302979283,1.7,-0.009107644119033054,1.7166666666666666,0.012791148591289977
2026-05-08,2026-05,355,347,0.010843273313466784,0.06225781255013845,0.06809338598549622,0.0690371518771743,0.06351160363037112,0.37341304676873344,0.020345688681699798,-0.09982648434570303,0.0699000835264025,0.1812451551817092,0.05047023563162553,0.1606885574758053,0.09232460421405551,0.017485387290739625,0.06674913027675719,0.0644933025481512,0.06433496323321015,0.6246277907064983,0.04695055046192087,-0.0867308060501003,0.06098856161544837,0.016847226953417324,-0.04762619961386958,0.22933312127632755,0.11987093001735417,0.00391498509691272,0.060036840144493384,0.1908438634089818,0.08366676224013854,0.16508632131985257,0.08227299427875576,-0.08880948911564435,0.052723717304177097,0.18937882987940838,0.06534889184580661,0.16255337510790144,1.7166666666666666,0.057966145883471785,1.7333333333333334,-0.10415981767903636,1.8833333333333333,0.012777053957406291,1.8,-0.09123080605010031,1.8166666666666667,-0.0006266815697539459,1.7166666666666666,-0.09310115578231101,1.3166666666666667,0.06021993696370445,1.8,0.045970235631625535,1.9,0.05958496323321016,1.8666666666666667,-0.05229286628053625,1.8833333333333333,0.07895842890680521,1.7833333333333332,0.060890558512473276
2026-05-11,2026-05,444,429,-0.05221158131488925,0.003078761771923351,0.07214308942719895,0.024556845204748757,0.009737127416886607,0.3872500282040862,0.06789489627391411,-0.019017815954003703,0.07414838262818262,0.02971691198434166,-0.01700313527761298,0.21254162308435107,0.0016369731383567517,-0.040707919297804145,0.051810999897279955,0.029843791868743984,-0.03679550096226558,0.6108213846766671,0.043194231802812885,-0.0068628509051357894,0.06474573884046773,0.054251478587916485,-0.0021031744130856345,0.3104290497857471,0.06376485258643767,0.000989278030411156,0.06916369537793601,0.03158790318569946,0.011868531351959297,0.20810395167317502,0.08787880522390053,-0.020825547107780666,0.06365426926123963,0.027179687783570192,0.002035991730618046,0.2026705723689046,1.3023255813953487,-0.00017705218156502042,1.5348837209302326,-0.022855025256329285,1.7906976744186045,-0.045184663483850654,1.813953488372093,-0.011397734626066022,1.6046511627906976,-0.003022349876565588,1.6744186046511627,-0.02501159361940857,1.0,0.007237127416886606,1.6046511627906976,-0.021014763184589724,1.7674418604651163,-0.04121410561342837,1.8604651162790697,-0.006754337203783309,1.6511627906976745,0.0077406243752151105,1.627906976744186,-0.002033775711242419
2026-05-12,2026-05,367,365,0.011701279918528018,-0.014461159638423253,0.0739683698681035,-0.02722222495332997,-0.014932340414799072,0.3727465770724747,0.016952774474654774,-0.04066265146124734,0.05702785754446345,-0.019470491625483116,0.006936729212312129,0.17260508073700798,-0.07569897522023265,-0.02483755434627752,0.057792957274036785,-0.06015728904350056,0.006485388949427184,0.5848775102963878,-0.13648705485217727,-0.04536308436121687,0.06266989251366475,0.10385225168601918,0.009798346484469256,0.2431774375339349,0.014705740442443115,-0.002981218687511826,0.06622064012961074,-0.0054413375970173,0.012368271466723119,0.16776166090534794,0.022350781209175666,-0.038402691951115724,0.056442405329783785,-0.04707143017974764,-0.023731651968625967,0.1615932776282231,1.3488372093023255,-0.017833252661679067,1.5116279069767442,-0.0444417212286892,1.8837209302325582,-0.029546856671858912,1.7209302325581395,-0.04966540994261222,1.6744186046511627,-0.007167265199139732,1.6744186046511627,-0.04258873846274363,1.1162790697674418,-0.01772303808921768,1.5348837209302324,0.003099519909986548,1.8837209302325582,0.001776086623845789,1.8372093023255813,0.005205323228655303,1.5813953488372092,0.008414783094630096,1.5348837209302324,-0.027568861270951546
2026-05-13,2026-05,406,396,0.014261552192586676,0.017804835420498544,0.07304359961684533,0.032494922150094564,-0.0009423377709879,0.3622021687217057,-0.07434061916820538,-0.003145238954259902,0.06530527380893622,-0.1375457858216479,-0.025487790620213967,0.19178266432136298,0.02869730507731405,-0.012214724784143493,0.04725165583430696,-0.06813502070530661,-0.01986167299428842,0.6214741230476648,-0.04012404702059875,-0.02702669055375756,0.06355460827196427,0.11080646253060046,0.03071914264973398,0.2988534500822425,-0.06275680068783517,0.037371867491697866,0.06188503663363967,-0.1835249490421904,-0.06217012434030007,0.1985157054848969,-0.02680683370338543,-0.008835185533707712,0.05889593901590941,-0.1869971180316008,-0.029128095888630464,0.19858706323429942,1.6,0.013804835420498544,1.625,-0.007207738954259902,1.825,-0.016777224784143493,1.775,-0.03146419055375756,1.675,0.03318436749169787,1.675,-0.013022685533707713,0.9249999999999999,-0.0032548377709879,1.6,-0.029487790620213967,1.7,-0.02411167299428842,1.725,0.02640664264973398,1.65,-0.06629512434030008,1.575,-0.033065595888630464
2026-05-14,2026-05,376,365,0.002225182008013996,0.028941071722120876,0.08606610889943112,0.004295727749873018,-0.0040929983683773985,0.37336555392377907,-0.07874620463908799,0.0015315689090624682,0.0811599238756172,-0.1646338958180484,-0.05406360179787,0.1854471621207065,-0.1080359185462845,0.012069748000464307,0.04429361452234991,-0.17422104538174152,-0.03170669997077282,0.6924514632361631,-0.09474168971160901,0.006352888116242968,0.07676601750866574,0.17108640442462894,0.05249634777461833,0.242905059363693,-0.027063378294486146,0.014346859928351031,0.06661830899415383,-0.15792742254077544,-0.043603331262880525,0.19968620573894846,-0.11229866245273436,-0.021758093448257528,0.06776056811647291,-0.17746825441616343,-0.010608426552247148,0.19400856499042776,1.3499999999999999,0.025566071722120876,1.6,-0.002468431090937532,1.825,0.007507248000464308,1.7,0.0021028881162429673,1.625,0.010284359928351031,1.65,-0.025883093448257528,0.85,-0.006217998368377399,1.45,-0.057688601797870005,1.75,-0.03608169997077282,1.725,0.04818384777461833,1.575,-0.04754083126288053,1.5,-0.014358426552247148
2026-05-15,2026-05,369,361,0.016854155321811736,0.020431107378061187,0.06855290584872066,0.09277870128877552,0.04055679465307893,0.8964071279495127,-0.08688725841429977,-0.021498272299695167,0.06847136967781126,0.012570576939611935,0.026203298950720513,0.21770349144935608,0.07351429139966065,0.025508846873889893,0.043486010642613225,-0.01653634673185119,-0.012222389652571022,0.6001975567390522,-0.05387994038577284,0.022975522624990495,0.0626144695668291,-0.047999245268598396,-0.017432210342556653,0.32145459323914516,-0.0009142759423559543,0.010989547123227944,0.05935090714875646,0.01825231912718657,-0.009617599204634734,0.22096715215593576,0.04287376179111155,0.01339001271141254,0.06069975806393383,0.07733489056394677,0.0068678357998082605,0.21173166442248556,1.4166666666666665,0.016889440711394522,1.6666666666666665,-0.025664938966361833,1.722222222222222,0.021203291318334337,1.722222222222222,0.01866996706943494,1.7777777777777777,0.0065451026787835,1.5555555555555554,0.00950112382252365,0.9722222222222222,0.03812623909752338,1.5,0.022453298950720513,1.8333333333333333,-0.016805722985904353,1.6388888888888888,-0.021529432564778874,1.4444444444444444,-0.013228710315745844,1.472222222222222,0.0031872802442527055
2026-05-18,2026-05,317,313,0.0480189168968996,0.01940940305751864,0.07290169126456734,0.04374513572504349,0.04247325578078114,0.3496266783725831,-0.049364150265317236,0.007696423284600587,0.0764200366601902,-0.02961660660644823,0.01773160273325717,0.16939878067181957,0.02706675287631294,-0.02407901678252453,0.04635030882244319,0.07740671659683716,0.014155959646246725,0.5443486859721522,-0.09857686289016854,-0.014496974215469999,0.07476386314427043,-0.024164851549674182,-0.015528882632006306,0.22883093549359232,0.007252431478234795,-0.013591448253182205,0.06816459403531683,-0.030849580231435893,-0.001035205747484367,0.154969661106025,0.03125567420263562,0.009123571211919937,0.06151062269556022,-0.003304881641312791,0.0037043514101474124,0.16396344573267047,1.3888888888888888,0.015937180835296418,1.472222222222222,0.004015867729045032,1.75,-0.02845401678252453,1.6388888888888888,-0.01859419643769222,1.5833333333333333,-0.017549781586515538,1.6111111111111112,0.005095793434142159,1.0833333333333333,0.03976492244744781,1.5555555555555556,0.01384271384436828,1.9444444444444444,0.009294848535135614,1.722222222222222,-0.01983443818756186,1.5833333333333333,-0.0049935390808177,1.472222222222222,2.3795854591857415e-05
2026-05-19,2026-05,322,316,0.021764560312030883,0.012886694839482044,0.04802255720930475,0.03242498051424424,0.008578322218092238,0.3584027085453272,-0.00994479020394318,-0.01056785989003381,0.04779073683690897,0.05150044363004938,0.080092079841624,0.10862243082374334,0.13085329296230971,0.06310466314752959,0.03587452035725581,-0.027312295431316694,0.08508995874494966,0.659668090287596,0.010238087471776694,0.025047244806812217,0.04641652467036828,0.10977565816206505,-0.05029027968844604,0.19284530845470726,-0.05744313770595601,-0.03612591095304653,0.04164224929503178,0.05702313004587622,0.006215092304735471,0.11124026251491159,-0.03446871904664743,-0.019075945657947402,0.039692817324441056,0.19188055469840795,0.11255974430030682,0.10683941753813997,1.3125,0.009605444839482044,1.5625,-0.01447410989003381,1.8125,0.05857341314752959,1.71875,0.02075036980681222,1.65625,-0.04026653595304653,1.78125,-0.0235290706579474,0.96875,0.006156447218092238,1.5,0.076342079841624,1.84375,0.08048058374494967,1.84375,-0.05489965468844604,1.71875,0.001918217304735471,1.46875,0.10888786930030682
2026-05-20,2026-05,329,326,0.09526314370631962,0.0027388980784031347,0.05047374530796182,0.09301181434030423,0.029876149000748912,0.37686759188319696,0.03823081433356472,0.0022360125772085265,0.05243828294022443,0.07652093625108675,0.12671454865265525,0.11140140072640145,0.016607141455244702,0.014697305439601904,0.040598274977656446,-0.055160499276710115,-0.006540983114557773,0.6404152837666598,0.02876350669261721,-0.023885892824354264,0.04266748553218131,-0.003356944041946637,-0.08143226797638797,0.19888070970773697,0.09079503255135804,0.01568139368344232,0.04076718595467187,0.141275382635009,0.06761352255796749,0.11076522516933354,0.10047681949602033,0.007712456524553921,0.042930753497545285,0.23650516582535264,0.11564039189343339,0.10889579976598421,1.2727272727272727,-0.0004429201034150468,1.5151515151515151,-0.001551866210670261,1.696969696969697,0.010454881197177662,1.8484848484848486,-0.028507104945566387,1.7575757575757576,0.011287454289502924,1.7272727272727273,0.0033942747063721024,1.0,0.027376149000748914,1.5151515151515151,0.12292666986477646,1.7272727272727273,-0.010859164932739591,1.8181818181818181,-0.08597772252184252,1.4242424242424243,0.06405291649736143,1.303030303030303,0.11238281613585763
2026-05-21,2026-05,322,316,0.05271317021429928,0.030189803158033754,0.058264201653922494,-0.04867673881503242,0.015114603990436612,0.426954873080831,0.05268369671699386,0.01841350164665495,0.061585102634187754,0.04662365812468404,0.0490222868738605,0.12545348634012043,0.018307239571137123,0.007846151248822444,0.04385104135522814,-0.07974259644413753,0.038021945092753875,0.5488104447722435,-0.003737203515038043,0.008692318208796831,0.043681140831723995,-0.030678136649557063,-0.0313898493102414,0.18675349652767181,0.15281091798981403,0.05737453786953668,0.05347415863176673,0.005085795733208059,0.01807477538831126,0.11949775472749025,0.09197114975933272,0.0526140357960307,0.049636864399118796,0.11441773398766894,0.0736980498230619,0.1291543697589077,1.3333333333333333,0.02685646982470042,1.4545454545454546,0.014777138010291313,1.8181818181818181,0.003300696703367899,1.8181818181818181,0.004146863663342286,1.5757575757575757,0.053435143930142745,1.5757575757575757,0.048674641856636766,1.0909090909090908,0.012387331263163884,1.4242424242424243,0.04546168081325444,1.9090909090909092,0.0332492178200266,1.878787878787879,-0.0360868190072111,1.4545454545454546,0.014438411751947622,1.393939393939394,0.07021320133821342
2026-05-22,2026-05,262,261,0.11697861921504925,0.07231438395214494,0.047822675777850016,-0.08008411258916445,0.04815579570333431,0.3793194187948337,0.0938596832165644,0.051494261810990496,0.04666413976789449,0.09619067922283597,0.04971736480375213,0.13154401092861706,-0.06345424124837672,0.03240024139755941,0.05450259364639728,-0.09153742720173365,-0.0059924548313572,0.6569538047680488,0.08173623228054007,0.05446444816674091,0.04801474796885448,0.0033198650435325686,0.027686792057923265,0.20682269549713683,0.2213960648039258,0.10997529358668415,0.04476429634931362,0.09961763668712766,0.031288263401646504,0.1302543101975551,0.15051289262633652,0.08036013141115184,0.042126256132373904,0.1443842702919286,0.053106115380507954,0.13295920608708492,1.34375,0.06895500895214494,1.75,0.04711926181099049,1.75,0.028025241397559412,1.71875,0.05016757316674091,1.5625,0.10606904358668415,1.625,0.07629763141115184,1.15625,0.04526517070333431,1.4375,0.04612361480375213,1.71875,-0.0102893298313572,1.90625,0.022921167057923266,1.46875,0.027616388401646506,1.5625,0.049199865380507954
2026-05-26,2026-05,398,396,0.031867450349389564,0.022397912237491838,0.053388585855242754,-0.007181320515191248,0.057934815228313175,0.40969662126153705,0.02219988135026955,0.03353443735993707,0.052562659805253084,0.004789101470306781,0.015634396317892638,0.1634286379441619,0.11992806981469123,0.05568032335700213,0.041625394191389296,-0.06726093629854175,-0.04381304413236381,0.49088382143527265,0.057288691827706045,0.0013960949159707095,0.04370696989560757,-0.005449588428116226,-0.021458274300413464,0.26179269584827125,0.053336608485915954,-0.004707407714313928,0.0564724282363961,0.04982574660008628,0.022614994668937127,0.14462731312960386,0.07973952450078274,-0.023879553025874918,0.053675476035223234,0.06467509228496986,0.050548627430331665,0.14567601564340293,1.5750000000000002,0.018460412237491838,1.7000000000000002,0.029284437359937066,1.875,0.050992823357002136,1.725,-0.002916405084029291,1.7000000000000002,-0.008957407714313928,1.725,-0.02819205302587492,1.1,0.05518481522831317,1.675,0.011446896317892637,1.8250000000000002,-0.04837554413236381,1.7750000000000001,-0.025895774300413465,1.6500000000000001,0.018489994668937127,1.6500000000000001,0.04642362743033167
2026-05-27,2026-05,284,281,-0.06304421283138668,0.03929583425799543,0.06215383495684254,-0.033191449234742654,0.004028575807021005,0.47927413667951313,-0.05957246173713286,-0.002639908328905753,0.061410209171439877,0.018871196305600014,0.017451273683815896,0.18902047111519746,-0.017757749788281985,-0.00610066186352945,0.04344319830390486,-0.0777307537591396,-0.06126804733582862,1.0766851768961976,-0.011916168762622227,-0.0014098684668468406,0.059564857503318344,0.005962275419300254,-0.022291244813463503,0.2535654364286789,-0.030893712657196665,0.004179590133573656,0.049349423834971866,0.029389130019095416,-0.0049700171838031725,0.16076202371290751,0.029480285095359212,0.03870672274375486,0.06128288974887386,0.09152650700558194,0.05080383723599903,0.15464996805946743,1.45,0.03567083425799543,1.7,-0.0068899083289057535,1.775,-0.01053816186352945,1.7,-0.005659868466846841,1.75,-0.00019540986642634442,1.675,0.034519222743754865,1.125,0.0012160758070210052,1.5,0.013701273683815896,1.725,-0.06558054733582862,1.775,-0.026728744813463504,1.65,-0.009095017183803173,1.575,0.046866337235999034
2026-05-28,2026-05,282,279,0.05739514407848285,0.07941763247272574,0.07217569754169528,-0.060847109400438415,0.038333221945544935,0.46439074392297436,-0.02317033396734412,0.03494625849124757,0.0682312676042411,-0.07473523650724893,-0.05409053392148601,0.22190641006454825,0.011041306580017412,-0.04968192516635805,0.04938221191837855,-0.07318661589491679,-0.024494828242291454,0.9901572008218085,-0.006055789300056602,-0.008026812372718378,0.06933074435436279,-0.006727078289406972,0.030269917732247745,0.2581638755675938,0.06573208714406457,0.06343934753638186,0.07097604094844186,-0.04328013225666547,-0.032659712151861614,0.1964889094233513,-0.035247129092319335,0.03699948538554282,0.0692543943377116,0.036413658994948875,-0.00918619375837712,0.192915593739599,1.357142857142857,0.0760247753298686,1.6428571428571428,0.030839115634104713,1.8214285714285714,-0.054235496594929475,1.607142857142857,-0.01204466951557552,1.5357142857142856,0.05960006182209615,1.4642857142857142,0.03333877109982853,0.9285714285714285,0.03601179337411636,1.5357142857142856,-0.05792981963577172,1.607142857142857,-0.028512685385148596,1.7857142857142856,0.02580563201796203,1.607142857142857,-0.036677569294718756,1.6428571428571428,-0.013293336615519978
2026-05-29,2026-05,236,234,-0.14143070384859427,-0.02542430239555998,0.06790771929628862,-0.07626525218312206,0.016610620216374532,0.47454324753388116,-0.03473549188147918,0.019006932303532863,0.07498959647588799,-0.07954917901829121,-0.051987058473820444,0.19854871313209121,0.08183087449764298,0.04535317656709418,0.04356416979412818,-0.09068231658149538,-0.022231371539192926,0.6914302032926808,-0.14658529125792566,-0.04763309689238459,0.07130902815557925,0.0030502083837364823,-0.015442218852997496,0.20892479513650353,-0.098592667996549,-0.05976983331218101,0.08014245545953212,-0.04264722664755531,-0.024555290558291615,0.15947491270692452,-0.11755538660670024,-0.015943471313990244,0.06827319838058543,-0.025990222169473266,-0.020365936031580444,0.1510347399212744,1.4642857142857142,-0.029085016681274264,1.7142857142857142,0.014721218017818578,1.7142857142857142,0.04106746228137989,1.6785714285714286,-0.05182952546381316,1.75,-0.06414483331218102,1.75,-0.020318471313990245,1.2142857142857142,0.013574905930660247,1.3928571428571428,-0.0554692013309633,1.7142857142857142,-0.02651708582490721,1.7857142857142856,-0.019906504567283212,1.6428571428571428,-0.028662433415434473,1.4642857142857142,-0.02402665031729473
2026-06-01,2026-06,300,299,-0.034545717174635275,0.0075951509050790345,0.07286248084107998,0.10270558561761797,-0.0041703259040969595,0.38363828783233955,-0.05198191091012122,-0.014884044506613264,0.06189095903171471,-0.2570393004366715,-0.052304053553547725,0.1813495555271705,-0.03229269372403639,-0.013980671901955767,0.04437386591172894,-0.03660804601971896,-0.03345937454632588,0.5922488826016584,-0.13703242669723378,-0.013918146544146137,0.06048953109470172,0.007216080178668652,-0.012214920526135903,0.20447390327850978,-0.11604395604395605,-0.023058451469192484,0.061548009345333436,-0.3252996144401604,-0.07797911301949263,0.1648446384817362,-0.19398328803467804,-0.044753002066446466,0.06432627373477409,-0.416588184313159,-0.1046650342877544,0.16979714681704838,1.5,0.0038451509050790346,1.4666666666666666,-0.01855071117327993,1.7333333333333334,-0.018314005235289102,1.8666666666666667,-0.018584813210812803,1.6333333333333333,-0.02714178480252582,1.8333333333333333,-0.0493363353997798,1.5666666666666667,-0.008086992570763625,1.8333333333333333,-0.05688738688688106,1.8333333333333333,-0.038042707879659216,1.9,-0.016964920526135904,1.8666666666666667,-0.0826457796861593,1.7,-0.1089150342877544
2026-06-02,2026-06,262,261,0.041031076485673806,-0.006182508890769184,0.07830326597339282,0.052063931172601954,0.02234389858048859,0.4097135027136224,-0.03455682253785017,-0.004338684385506816,0.080320320754225,-0.14502882654397412,-0.023695854495027695,0.16588290637502304,-0.11991907489465743,-0.04811106214968815,0.057595136623661176,0.023753076903944573,-0.006301533068189723,0.598150697393486,-0.08420268094743898,0.01628131459276172,0.07105634079136536,0.161587783590572,0.07309112413918621,0.16552354180468964,-0.01271397215797233,0.0037320207928610016,0.06667824177130768,-0.12695122557433733,0.02008772215890664,0.1376035881157105,-0.06936619636079269,0.02450609401095872,0.07679480404313735,-0.29730690919596947,-0.008768001218739857,0.1421803071951637,1.2666666666666666,-0.00934917555743585,1.5333333333333334,-0.00817201771884015,1.7,-0.05236106214968815,1.7333333333333334,0.011947981259428385,1.6333333333333333,-0.00035131254047233215,1.6666666666666667,0.020339427344292053,0.9666666666666667,0.01992723191382192,1.4000000000000001,-0.027195854495027694,1.7666666666666666,-0.010718199734856389,1.7333333333333334,0.06875779080585288,1.7666666666666666,0.015671055492239974,1.7333333333333334,-0.013101334552073192
2026-06-03,2026-06,251,250,-0.05633162587744261,-0.03120350003656361,0.09030638453031349,0.11627319294251565,0.015625361800929202,0.5069978395104409,-0.09099525706697022,0.020319738283726282,0.08132103639465346,-0.23380383228988807,-0.06337736624190349,0.20035682499408722,-0.11690774002599598,0.015675693707366607,0.04481951792438488,-0.008089272678200372,-0.01565906074083949,1.5105945715308189,-0.08853424397647505,0.01701167714260933,0.079309143365629,0.08430127110605198,0.022544759267300672,0.14674328699707984,-0.10544640485676342,-0.0019143050467310407,0.07264247776095714,-0.28573477518497437,-0.041724108166555446,0.1941023676097393,-0.024096376399165245,0.010600502447307009,0.08044402173819161,-0.3844674634794157,-0.07050454898977926,0.1941352674365044,1.1923076923076923,-0.03418426926733284,1.5384615384615385,0.016473584437572436,1.6923076923076923,0.011444924476597377,1.7307692307692308,0.012684754065686253,1.576923076923077,-0.005856612739038734,1.7307692307692308,0.0062735793703839315,1.1153846153846154,0.012836900262467664,1.4230769230769231,-0.06693505854959579,1.6923076923076923,-0.019889829971608722,1.9230769230769231,0.017737066959608364,1.8076923076923077,-0.046243338935786214,1.653846153846154,-0.07463916437439465
2026-06-04,2026-06,254,253,-0.1215022325882829,-0.041390810042825445,0.08554474785567108,0.08547911399473113,-0.007243648713407378,0.4356780727207661,-0.1278893207402783,-0.04630946404337627,0.07263300799224909,-0.1785444512995513,-0.048274655471762254,0.16248663470149038,-0.1255613889734021,-0.057306468358044045,0.044320776797527404,-0.10626690342720711,-0.04706759278014008,0.552159128934145,-0.09991853203887761,0.0017231515399812533,0.08615192317980325,-0.02003526006587005,-0.027590558088392458,0.17562666863203047,-0.18876144899464875,-0.0396057120113131,0.06352705918949968,-0.18865673062664423,-0.0726960854339359,0.13492168888449668,-0.09488326281930407,-0.021468761273580307,0.06908073689894142,-0.2655163512605565,-0.07670001508108118,0.15637767598032953,1.12,-0.04419081004282545,1.4000000000000001,-0.04980946404337627,1.6400000000000001,-0.061406468358044045,1.6400000000000001,-0.002376848460018747,1.4000000000000001,-0.0431057120113131,1.48,-0.02516876127358031,1.12,-0.010043648713407379,1.04,-0.05087465547176225,1.84,-0.05166759278014008,1.68,-0.03179055808839246,1.4000000000000001,-0.0761960854339359,1.2,-0.07970001508108118
2026-06-05,2026-06,250,247,-0.07444651743801173,-0.008137121576015972,0.08869181155344978,0.028101185618969904,0.013021795822326238,0.5110616684705018,-0.054032352517640284,-0.011140280881794532,0.08163511960012085,-0.14870445927134834,-0.0364147417533518,0.1655052274465561,0.017726723677384915,0.023565628640551853,0.04379255717647021,0.10894466771701891,0.0552728643980574,0.9595743746310472,-0.100481370994361,-0.02305960263378016,0.08257183742845384,-0.007546104737675803,-0.0150439723331629,0.164989415705204,-0.08521366777971026,-0.014710247170371117,0.07449696751580226,-0.15982450919214708,-0.04060029439643196,0.14663123324513436,-0.06003937215751508,0.011707603996913611,0.08109501377993755,-0.18694916718667498,-0.04014613313801898,0.15835370734333992,1.04,-0.010737121576015972,1.32,-0.014440280881794533,1.6,0.019565628640551853,1.44,-0.026659602633780158,1.56,-0.018610247170371116,1.44,0.008107603996913612,0.88,0.010821795822326237,1.2,-0.0394147417533518,1.92,0.0504728643980574,1.68,-0.019243972333162898,1.52,-0.04440029439643196,1.36,-0.04354613313801898
2026-06-08,2026-06,283,281,-0.16063816029904707,-0.021476662345051682,0.08782705100564941,0.0927609611001618,0.010159502008462901,0.5015467785831009,-0.12605376039366,-0.017937268512596395,0.08156265531911401,-0.16454790603321112,0.0032116616067337407,0.12305653441165176,-0.13045874088297663,-0.020585163506312287,0.04447683969842613,-0.06921320123522089,-0.047690368976878464,0.5915410154099976,-0.038198975587848696,-0.015301878576738301,0.07199839084248794,-0.11771116935388437,-0.0368905740443065,0.12616123285676753,-0.07092658379580012,0.01185243331829406,0.0701034677701077,-0.24504435294025986,-0.050391324314194616,0.12262748421302863,-0.05122220272070053,-0.013767754905565567,0.07388963382038566,-0.2590846525206552,-0.061599370726876025,0.13072509810860666,1.3214285714285714,-0.02478023377362311,1.5714285714285714,-0.021865839941167822,1.75,-0.024960163506312288,1.75,-0.0196768785767383,1.7857142857142856,0.007388147604008346,1.6785714285714286,-0.01796418347699414,1.0,0.007659502008462901,1.5357142857142856,-0.0006276241075519732,1.7142857142857142,-0.051976083262592745,1.8928571428571428,-0.04162271690144936,1.6071428571428572,-0.05440918145705176,1.3928571428571428,-0.06508151358401888
2026-06-09,2026-06,273,272,-0.1014720037369243,0.005426424310181192,0.08348958675034111,0.06833039223550172,0.03437775670552298,0.481530147984072,-0.0026705797422843366,0.003997563366196466,0.0714303292605051,-0.06322986802806468,0.013089421447578357,0.13361710572132357,-0.014538711212953323,-0.03689396694814642,0.0449815360632734,-0.0030323142661281607,0.0005900315579194099,0.7938790693879128,-0.022918747528401718,0.0077926856402158835,0.07205987072951939,-0.03551965424013513,0.00610270462140673,0.15208322278879308,-0.06622247439121634,-0.01494973292916359,0.06595397240793208,-0.10392495010356753,-0.014248232087795302,0.135449697436006,-0.03798262707665885,0.014287596476458424,0.07368131701484121,-0.13559620928663435,-0.013943780429424055,0.1387973720966666,1.1785714285714286,0.0024799957387526207,1.3214285714285714,0.0006939919376250381,1.857142857142857,-0.041536824091003566,1.5,0.004042685640215884,1.5714285714285714,-0.01887830435773502,1.5714285714285714,0.010359025047886996,0.9642857142857142,0.031967042419808696,1.4642857142857142,0.009428707161864072,1.6785714285714284,-0.0036063970135091607,1.857142857142857,0.0014598474785495882,1.4642857142857142,-0.017908946373509586,1.25,-0.017068780429424054
2026-06-10,2026-06,288,286,-0.001991829730457463,-0.015283364839664457,0.09221227769280664,0.06879423218354774,0.00668611497610584,0.4200158629181056,0.022058823529411766,-0.01121855433215635,0.09421248502124258,0.0048959325480550904,0.004306587042487504,0.11698658314758334,0.12109049447595929,0.02218116067531189,0.05535731948667989,0.11823023642772813,0.0064361229125913175,0.8089762753967581,0.11497555989449168,0.017849880117433055,0.07792829283901762,0.016023554328474576,-0.01872888355776136,0.13902383528906725,-0.03654166114078343,-0.03918550439747042,0.08711516679294441,-0.03060836960322149,-0.01429904549114986,0.11915814208573308,-0.0123714478617846,-0.049190530073482105,0.08075523169908161,-0.030392357803953718,0.005890137425659795,0.1295679297683568,1.2758620689655171,-0.018473020012078248,1.5172413793103448,-0.015011657780432211,1.7586206896551724,0.01778460895117396,1.6206896551724137,0.01379815597950202,1.586206896551724,-0.04315102163884973,1.5172413793103448,-0.052983633521757965,1.103448275862069,0.003927494286450668,1.586206896551724,0.00034106980110819394,1.793103448275862,0.0019533642919016617,1.8275862068965516,-0.02329784907500274,1.5172413793103448,-0.018092148939425724,1.4482758620689655,0.0022694477704873813
2026-06-11,2026-06,315,312,0.0858772729598136,0.00619685257080331,0.09573601721879632,0.06544422816292525,-0.00780970655195154,0.4425066716728672,0.05017718447533815,0.00973709504691616,0.09072909417654754,0.1212510030215424,0.013599478007272068,0.13618681063094445,0.21255623224716735,0.06849299066854712,0.0430710210724535,0.10502754717552844,0.04455760170544343,0.7200471635066693,0.028518448735372213,0.01540578828851612,0.08588613059319326,0.06356948971638966,0.017853564731405876,0.13290203038242554,0.046539047772620294,0.01927624693559846,0.07137678532033408,0.12833377485477784,0.033197687042964004,0.1391773160186506,-0.025784852359068276,-0.010777464482348197,0.07382028996842961,0.07127576661560375,0.005799616302120104,0.13602171609959296,1.2903225806451613,0.002971046119190407,1.3870967741935483,0.006269353111432289,1.7741935483870968,0.06405750679757938,1.5483870967741935,0.011534820546580636,1.5806451612903225,0.015324634032372653,1.6129032258064515,-0.014809722546864326,1.0,-0.01030970655195154,1.5161290322580645,0.009809155426626907,1.7741935483870968,0.04012211783447569,1.935483870967742,0.01301485505398652,1.5161290322580645,0.02940736446231884,1.5161290322580645,0.002009293721474942
2026-06-12,2026-06,310,307,0.1984741541736697,0.05157045833084552,0.07330261625996277,0.0032287268270724846,0.023491668716314883,0.501461110288097,0.11932795111492886,0.05913919474859082,0.06450043403473932,0.0724251099924171,0.019986315370223183,0.11275175466172158,0.023741003756210206,0.01627610128049284,0.03702446926332391,0.04416935603467353,-0.00295664000807229,0.8700216311600901,0.17046191276536393,0.07282400952851803,0.05533929234327055,0.10001198360964449,0.05594828131078729,0.2201457219498773,0.09665133637388057,0.05373491963816295,0.05549717022555177,0.07469252978027699,-0.0022175316850514687,0.11738347262144089,0.04456110281433562,0.029295916836072085,0.05739266294043126,0.07244565332323621,0.018682368380492226,0.11239492767039808,1.161290322580645,0.04866723252439391,1.4838709677419355,0.05542951732923598,1.8064516129032258,0.011759972248234773,1.5806451612903225,0.06887239662529222,1.6451612903225805,0.0496220164123565,1.6451612903225805,0.025183013610265634,1.064516129032258,0.020830378393734236,1.5161290322580645,0.01619599278957802,1.8064516129032258,-0.007472769040330354,1.935483870967742,0.051109571633367934,1.5806451612903225,-0.0061691445882772755,1.4838709677419355,0.014972690961137387
2026-06-15,2026-06,339,332,0.016723599949483903,0.01148366394618171,0.06531781202638529,0.04865346882325219,0.000507471566959304,0.3600271682283192,0.002822432842854899,-0.014740219627959537,0.05412532215754909,0.028707619613798287,-0.024212263238508634,0.10591126888087302,0.10843323584069367,0.04576973510284919,0.04610875217464218,0.07414422643027987,0.033295423528296106,0.6879349382537784,0.026909677836678997,0.021438447364347947,0.05596293739690692,0.03593788984410856,-0.0028873212277332073,0.1362021089051709,0.04049389036266028,-0.014465959911752247,0.04562448269992895,0.03635772788457688,0.0016520791282315095,0.10331656817685475,0.006664583390767245,0.00612298796352961,0.04672653489128601,-0.002416763951221165,-0.010990593332457419,0.09964636764065786,1.2121212121212122,0.008453360915878678,1.4242424242424243,-0.0183008256885656,1.878787878787879,0.041072765405879494,1.5151515151515151,0.01765056857646916,1.5454545454545454,-0.01832959627538861,1.5757575757575757,0.0021835940241356714,0.9696969696969697,-0.0019167708572831203,1.303030303030303,-0.027469838996084392,1.7575757575757576,0.02890148413435671,1.8181818181818181,-0.0074327757731877525,1.5454545454545454,-0.002211557235404854,1.303030303030303,-0.014248169090033177
2026-06-16,2026-06,307,301,0.07292535018152953,0.03154562046335578,0.05635636905440004,0.022908304571458434,0.05695731498476,0.33784109453360234,0.046038077653329616,0.023377614122261123,0.04127896094192429,0.01285056515943659,0.04310655246031563,0.09985567163676023,-0.07172653004848442,-0.036734372448752585,0.04162463891678428,-0.10656330674124409,-0.050001771696238595,0.6840707192818324,0.05405697961743181,0.08267660662803637,0.04217731524967462,-0.13313160621074013,0.0240393081364952,0.16103629556794963,0.022355048030464775,0.022056076312202598,0.03921629790962729,0.0009617705536463919,0.04704876399374958,0.10323304161429404,0.0461060941995987,0.056701780414667606,0.039425733668000985,0.02004829174785105,0.05859270504978055,0.10426718375335137,1.0606060606060606,0.02889410531184063,1.3333333333333333,0.02004428078892779,1.8181818181818181,-0.04127982699420713,1.6363636363636362,0.07858569753712728,1.6363636363636365,0.01796516722129351,1.5757575757575757,0.05276238647527367,0.9696969696969697,0.05453307256051757,1.5454545454545454,0.03924291609667927,1.7272727272727273,-0.05431995351442041,1.7878787878787878,0.01956961116679823,1.4545454545454546,0.043412400357385944,1.4848484848484849,0.054880583837659334
2026-06-17,2026-06,266,261,0.13382821055181945,0.07181396509407181,0.06281993981121288,0.13888813617677861,0.027871011343650286,0.4228812487652669,0.020751369626100444,-0.03127655263302834,0.047700759703215155,0.009376100841461297,-0.006250126249656092,0.11564832180738449,0.05027094539064198,0.08065792538791342,0.04716443546433512,0.03324414733487633,0.0356777141331307,0.7081464633632164,-0.040642003771994194,0.027517276073294912,0.03876970304979166,0.05587691934946546,0.03552640798895289,0.16984390496061397,0.07757416823394735,0.05661142875584703,0.0480407332958596,-0.036551522966840465,-0.03547979616812466,0.11181832334169975,0.003565092506547267,0.00984515940292589,0.04595443865852416,0.01950424078002936,-0.00030062564858317556,0.10645445708471996,1.1666666666666667,0.06889729842740515,1.3666666666666667,-0.034693219299695,1.9333333333333333,0.07582459205458009,1.5333333333333334,0.023683942739961578,1.6666666666666667,0.05244476208918036,1.5333333333333334,0.006011826069592556,1.0666666666666667,0.02520434467698362,1.5,-0.010000126249656092,1.8666666666666667,0.031011047466464034,1.8333333333333335,0.030943074655619553,1.6,-0.039479796168124665,1.3333333333333335,-0.003633958981916509
2026-06-18,2026-06,262,261,0.049025317019474664,0.0203018917722161,0.06363893968903339,0.09225696647156066,0.014054236800402686,0.41707685725906724,-0.06090423717405492,0.0149072663898844,0.052609189511711875,0.0641810656231446,0.009119214324128027,0.13316064700484276,-0.12085800490040195,-0.01954673494342844,0.053016816230667674,-0.10651143827002116,-0.0656931803180476,0.7969737419715294,-0.04994213335584444,0.018439897413922327,0.05261803851301379,0.024652279025512532,0.02501160162099488,0.18271226937381121,-0.05600467470171414,0.01861868051326177,0.046265864264185025,0.01814232651817319,-0.012926458165694658,0.11880419761515582,-0.07616242022279235,-0.0059294578775885565,0.047484026147528405,-0.008702845339335524,-0.03403417111857586,0.12552267191215202,1.1153846153846154,0.01751343023375456,1.4615384615384617,0.011253420236038245,1.7692307692307694,-0.02396981186650536,1.576923076923077,0.014497589721614634,1.653846153846154,0.014484065128646383,1.6153846153846154,-0.009967919416050096,1.0,0.011554236800402686,1.4230769230769231,0.005561522016435718,1.7692307692307694,-0.07011625724112452,1.8461538461538463,0.020396217005610263,1.5384615384615385,-0.016772612011848504,1.3461538461538463,-0.03739955573396048
2026-06-22,2026-06,407,404,-0.005249519955402309,0.05379375860067012,0.06259355415376536,0.02896749651313546,0.00045438685288753163,0.3539706816896796,-0.05179782664569683,0.02879107447337761,0.05667777391468482,-0.08606930868594155,-0.0005741709308627746,0.12382284146733583,-0.16249013508481533,-0.024632254288494734,0.10067031033542184,-0.09031883412185984,0.004369038497137764,0.9577349959872663,-0.03331121781736335,-0.029593967215383758,0.04789021425556012,-0.0805490628005841,-0.009876508767564737,0.13522415664047002,0.00419794283891647,0.00929720175021194,0.05234822310126074,-0.1429007509129213,-0.03337419395669587,0.1291477823629975,-0.0775742814282368,-0.008452434629380952,0.047702641459562205,-0.1181886886755041,-0.017088559013638066,0.1272963729687035,1.35,0.05041875860067012,1.425,0.02522857447337761,1.8,-0.029132254288494735,1.725,-0.03390646721538376,1.625,0.005234701750211939,1.75,-0.012827434629380952,1.3250000000000002,-0.002858113147112469,1.5250000000000001,-0.0043866709308627745,1.9000000000000001,-0.0003809615028622362,1.9500000000000002,-0.014751508767564737,1.6500000000000001,-0.037499193956695875,1.55,-0.020963559013638066
2026-06-23,2026-06,286,281,0.039860781067456295,0.03546635406068354,0.06071001568944742,0.03465622952144133,0.006654642807839152,0.3131072163149448,0.0668853611087244,0.03175057559042173,0.05731002717827731,0.023944476576055522,0.009511965405416144,0.10869811734716807,0.008129962442671166,0.007213158273319177,0.10587343021671289,-0.08784396590144918,-0.002823164349058875,1.6082309649458952,-0.02511353219656734,-0.01754402177705012,0.04558394131094465,-0.03501068892596492,-0.018183584821410064,0.13723426737955638,0.08691513877649949,0.0006377578601812527,0.05020875142163057,-0.0018243630567122222,0.0013818181962271352,0.11176613106259278,0.08976517705657629,0.026044585181576093,0.04504104249655783,0.00851856744026192,0.02239966859069309,0.10709058859252504,1.275,0.03227885406068354,1.4749999999999999,0.02806307559042173,1.85,0.0025881582733191773,1.725,-0.02185652177705012,1.625,-0.0034247421398187474,1.625,0.021982085181576093,1.2249999999999999,0.0035921428078391523,1.5,0.005761965405416144,1.775,-0.007260664349058875,1.85,-0.022808584821410065,1.55,-0.002493181803772865,1.5,0.01864966859069309
2026-06-24,2026-06,286,282,0.09209713163564774,0.05481068239251446,0.054467440656610924,0.0366001183155895,-0.012961065787480335,0.31683253501042985,0.18106724624983392,0.06437675369339117,0.04187179116573632,0.006149691919081216,-0.04365011478346501,0.12112667172082833,0.08614850331415794,0.0026803569902401816,0.14703335947165852,0.06836099034854905,-0.024755993235542714,2.88596314777221,0.10181450152088067,0.0983964902466597,0.04430857657582855,0.04736316922655935,-0.027415163949896834,0.13783193060329982,0.207829937434831,0.11503191869298415,0.031259209184056606,0.05533312070896039,0.002762958509525227,0.12631391354703478,0.206036095616336,0.11354686928433871,0.03518156274101941,0.0705307619890721,-0.0028089985879622727,0.1179124959744513,1.0,0.052310682392514456,1.5357142857142856,0.06053746797910546,1.7857142857142856,-0.0017839287240455325,1.7142857142857142,0.09411077596094541,1.6785714285714284,0.11083549012155558,1.607142857142857,0.10952901214148157,1.1428571428571428,-0.015818208644623192,1.4642857142857142,-0.0473108290691793,1.7142857142857142,-0.029041707521257,1.8214285714285714,-0.03196873537846826,1.607142857142857,-0.0012548986333319155,1.4642857142857142,-0.006469712873676558
2026-06-25,2026-06,271,264,-0.049595422424812484,-0.02184825825131767,0.061966276423710984,-0.13728806405711116,-0.06690031393414698,0.3618122171610594,-0.04098171864071582,-0.04543219779268494,0.05041605875930859,-0.06762113209367387,-0.044007027598882684,0.14890705865736192,-0.0769799658181698,-0.02070373956115823,0.1287284603390349,-0.09710388442821108,-0.021926614579607137,2.259849133972938,-0.012194006131069727,-0.001832649424882444,0.04151336291676649,-0.05239309746038637,0.02803454014126229,0.156358723457043,-0.06908930854014422,-0.046181574728494226,0.04487796099136988,-0.040733907339073394,-0.02538302299058897,0.1690541861148981,-0.054097629211586236,-0.02719463128521219,0.041620409508847114,-0.06886079154909196,-0.03311739029374454,0.1371258974361878,1.1785714285714286,-0.024794686822746242,1.5,-0.04918219779268494,1.9285714285714286,-0.0255251681325868,1.7142857142857144,-0.00611836371059673,1.5357142857142858,-0.05002086044277994,1.75,-0.03156963128521219,1.1071428571428572,-0.06966817107700413,1.4285714285714286,-0.047578456170311256,1.6785714285714286,-0.02612304315103571,1.8928571428571428,0.023302397284119432,1.6428571428571428,-0.029490165847731828,1.4285714285714286,-0.03668881886517311
2026-06-26,2026-06,262,259,-0.062439552000042704,-0.04889757783844051,0.06783978249289328,-0.14132429620095477,-0.04701064222537578,0.43983772941506827,-0.03923085622892556,-0.04938890413342075,0.06183046029423358,0.07931544923268781,0.06341423049400957,0.19528309499415067,-0.028194746861754265,-0.035268960227395334,0.11565841975301897,-0.024369208231161475,0.010397324054784902,1.5421146389383538,-0.060757433665253116,0.018068730702743008,0.05124403174682471,-0.009325714758503256,0.004740809168548141,0.1335927599038069,-0.031201927263228166,0.004807799916435807,0.056965114462795965,0.0989917632249965,0.10086382784655872,0.1813083400663275,-0.06472920542581763,-0.04700158918933736,0.06513693518430343,0.09808030997417438,0.062170887985368885,0.19013382150576666,1.1153846153846154,-0.05168603937690205,1.5,-0.05313890413342075,1.8846153846153848,-0.039980498688933795,1.7692307692307694,0.013645653779666084,1.6153846153846154,0.0007693383779742687,1.7307692307692308,-0.05132851226626044,1.0,-0.04951064222537578,1.3846153846153846,0.05995269203247111,1.7307692307692308,0.006070400977861825,1.9230769230769231,-6.68831391441669e-05,1.6153846153846154,0.09682536630809718,1.4615384615384617,0.05851704183152273
2026-06-29,2026-06,282,280,-0.09797514729114283,-0.08373012434283594,0.06870324990161354,-0.0686874745992127,-0.08075077574761283,0.4122243254844632,0.03827154515179738,-0.03586020218416808,0.057562404652901376,-0.025507674616282564,-0.04770291876503025,0.17804388715220348,0.03862508619882272,-0.0015317121910673002,0.05181484212425308,-0.11473273298569753,-0.01632062427595004,1.3117053816094995,0.0067428648025106685,-0.026943405094265363,0.05092618736756767,-0.003113511118555023,-0.025595559507682747,0.16954724663602455,-0.13270535140241776,-0.10147538271964235,0.059387428818977364,-0.006186086669426027,-0.017799826195825853,0.1821923456819994,-0.010668130001731066,-0.06157264232404207,0.05247041144615369,-0.047993341147656736,-0.03731019277754894,0.17722952738404274,1.1071428571428572,-0.08649798148569308,1.6428571428571428,-0.039967345041310935,1.75,-0.005906712191067301,1.8571428571428572,-0.031586262237122506,1.75,-0.10585038271964235,1.75,-0.06594764232404207,1.25,-0.08387577574761283,1.5714285714285714,-0.05163149019360168,1.8928571428571428,-0.021052767133092898,1.75,-0.029970559507682747,1.6071428571428572,-0.021817683338682996,1.5357142857142858,-0.04114947849183465
2026-06-30,2026-06,293,289,-0.12285878398299335,-0.07925670589495035,0.06088929795539243,-0.24434741870940718,-0.07099456071600845,0.4155116228964822,-0.08631606366423328,-0.025757440759813476,0.05776789349019655,-0.2516676033169825,-0.12220622806908024,0.13627027476142192,-0.28938543137349204,-0.09012758690052326,0.12608997823040283,-0.14072113671977568,-0.04319252854931244,1.9568705795140102,-0.08018832875523628,0.009434674268614024,0.05212789209020437,-0.06285368885971332,0.006994066519455999,0.1425269103512682,-0.07325003029403823,0.01091116152557093,0.053509955958121885,-0.22934686053578943,-0.09745569850178351,0.1433094851030358,-0.08325374191006057,-0.003426475761229522,0.0510726164547633,-0.24905802238610159,-0.11390610667658381,0.14194497048597912,1.2758620689655171,-0.08244636106736414,1.8275862068965516,-0.030326406277054855,1.7241379310344827,-0.09443793172810946,1.896551724137931,0.004693294958269196,1.793103448275862,0.006428402904881274,1.7241379310344827,-0.007736820588815729,1.2758620689655171,-0.07418421588842224,1.4137931034482758,-0.12574071082770094,1.793103448275862,-0.04767528717000209,2.0,0.001994066519455999,1.482758620689655,-0.10116259505350765,1.3448275862068966,-0.11726817564210106
2026-07-01,2026-07,312,309,-0.13208171896521342,-0.05340427012793074,0.06575804749072629,-0.023766080133769643,0.039338446796049226,0.45685966559235125,-0.12199961851782877,-0.020962628454840496,0.05434045046759586,-0.053452541725966626,-0.005461359225629896,0.20576231506082318,-0.13711121696083048,-0.019841648511792168,0.08659951645186555,-0.16992112355012948,-0.0574398187693733,3.0446827805811356,-0.13882995930824815,-0.03197826854047659,0.048731601184765765,0.15536062408975715,0.07210259420368315,0.2519262270821679,-0.19386483481487746,-0.030819058993144896,0.050405687749551856,-0.06757310983603577,0.0008107451874462927,0.21185535709223438,-0.16583666479909662,-0.032068672075914254,0.04041609707436372,-0.1803397028271955,-0.009976785593678698,0.2611963351467444,1.3870967741935483,-0.056872012063414606,1.5806451612903225,-0.024914241358066302,1.935483870967742,-0.02468035818921152,1.7419354838709677,-0.03633310725015401,1.6451612903225805,-0.03493196221895135,1.7419354838709677,-0.036423510785591674,1.5161290322580645,0.03554812421540406,1.6774193548387097,-0.009654907612726669,1.9032258064516128,-0.06219788328550233,1.8064516129032258,0.06758646517142508,1.7096774193548387,-0.003463448360940804,1.4516129032258065,-0.013605817851743213
2026-07-02,2026-07,289,287,-0.043092516193935546,-0.014994159581692125,0.04949831670390608,-0.008115578888756313,-0.00312590950608857,0.43351931291921386,-0.13408702223282823,-0.030975916345573215,0.040409548248354535,-0.10454699121027722,-0.004067120595028289,0.13437904931347947,-0.017455587005455124,-0.03423389978039167,0.08111909052502436,0.10585885128881672,0.029342289821339382,3.878492020327469,-0.15957775513507114,-0.034315246280579886,0.04230766803939639,-0.005622340213976057,-0.016222769795615224,0.20186667523250496,-0.15257725808376088,-0.06022621013753891,0.04759658610914214,-0.16697888080181364,-0.017830036215617906,0.155219545009835,-0.0753577132996408,-0.04044216181010668,0.04072002539328487,-0.18553722706120987,-0.035582798635477864,0.17360957772952731,1.2580645161290323,-0.018139320872014704,1.5161290322580645,-0.03476623892621838,1.8064516129032258,-0.03875002881264974,1.7419354838709677,-0.03867008499025731,1.7741935483870968,-0.06466169400850666,1.6774193548387097,-0.04463571019720346,1.032258064516129,-0.005706554667378893,1.4838709677419355,-0.007776798014383128,1.8387096774193548,0.024745515627790995,1.8387096774193548,-0.02081954398916361,1.3870967741935483,-0.021297778151101777,1.129032258064516,-0.038405379280639154
2026-07-06,2026-07,352,349,-0.08666654606278443,-0.019934942651812296,0.05760094449928721,-0.03504124927637676,0.03685308389804541,0.4840929525239127,-0.04822990198344306,-0.005230181367452735,0.05153090732834584,-0.09734080838896703,0.0039154169811551065,0.18944070796881401,-0.010523774282315525,-0.020763414614669188,0.0989752090045049,-0.10147411261149035,-0.031149993672797593,3.8771737635135652,0.0011450031713547554,-0.0065700578936817924,0.04685425122982384,-0.008561591068673222,0.02697050882112651,0.18410099712865693,-0.12069072727712954,-0.01951456951757178,0.0513539643865205,-0.09705631164554678,0.0009472749306737513,0.20865192849721226,0.006561859607185386,0.010885922874583558,0.048758863051834925,-0.26375104278787,-0.03870334205997888,0.2445299514436296,1.2571428571428571,-0.023077799794669437,1.5999999999999999,-0.009230181367452735,1.7142857142857142,-0.025049128900383473,1.7714285714285714,-0.01099862932225322,1.8285714285714285,-0.024085998089000353,1.6285714285714286,0.006814494303154986,0.9142857142857143,0.034567369612331124,1.3714285714285714,0.0004868455525836781,1.7428571428571429,-0.03550713652994045,1.9428571428571428,0.022113365963983653,1.4285714285714286,-0.00262415364075482,1.2857142857142856,-0.04191762777426459
2026-07-07,2026-07,287,287,-0.06954555474321907,-0.028444098139106956,0.05364847092390432,0.11546431211065357,0.07041360605389503,0.477244411049218,-0.09963715146641976,-0.03994411814447882,0.03659813250591186,-0.05141454074380904,0.017359599170326458,0.14860184477834865,0.028002039218532542,0.01858994263064029,0.06921340721632795,-0.012719985074577507,0.008590544630538936,3.5653221093375107,-0.13424180855775972,-0.03421560060001819,0.03668398257382843,0.09477768166792556,0.046255923220756966,0.20304577515043062,-0.10439509677314555,-0.022226766739999612,0.03514142459849169,-0.13001124891368793,0.002603068803086063,0.14619797378264623,-0.15387407308139014,-0.0476723211539737,0.03374714139196366,-0.3292946890507866,-0.04646956979186187,0.16899464664788083,1.2285714285714286,-0.03151552671053553,1.657142857142857,-0.04408697528733596,1.8571428571428572,0.013947085487783149,1.7714285714285714,-0.038644172028589614,1.8285714285714285,-0.026798195311428186,1.542857142857143,-0.051529464011116556,0.9428571428571428,0.06805646319675217,1.4285714285714286,0.013788170598897887,1.9428571428571428,0.003733401773396079,1.8571428571428572,0.04161306607789982,1.4285714285714286,-0.0009683597683425083,1.1714285714285715,-0.049398141220433296
2026-07-08,2026-07,269,269,0.0026700450658726197,-0.0034372415293752517,0.05931771109910827,0.09705931309992787,0.02742139286459684,0.39606292463011217,-0.02913807665513819,-0.016802022767603158,0.049800233684267045,0.1238023019968312,0.02339346163101523,0.17990536642847238,0.044133443216707216,0.01833303088857043,0.07670134459944566,0.0346624270792046,0.00982846541536028,3.7964810088828758,-0.06474262192300079,-0.010248073369053,0.048548272255697994,0.10231864222875708,0.01312905324269124,0.22220838704594859,-0.058263823386167056,-0.01862139585814499,0.04446778413002817,0.02467834310479819,0.014416881980663557,0.18882910272589434,-0.04304253207321509,-0.007412289890783005,0.038738742089906845,0.004925804681672185,0.00723836230664858,0.18802852983827945,1.2413793103448276,-0.00654068980523732,1.7586206896551724,-0.02119857449174109,1.7241379310344827,0.014022686060984222,1.8620689655172413,-0.014903245782846103,1.793103448275862,-0.023104154478834647,1.8275862068965516,-0.011981255408024385,0.8965517241379309,0.025180013554252013,1.5172413793103448,0.019600358182739367,1.8275862068965516,0.005259499898118901,1.9310344827586206,0.008301467035794688,1.482758620689655,0.01070998542893942,1.2758620689655171,0.004048707134234787
2026-07-09,2026-07,284,284,-0.1705092596412564,-0.07149987718705009,0.05795309828809147,-0.025845083519528928,-0.00031036601186409246,0.4189034979790449,-0.12879059740627136,-0.034396435947010535,0.045470934608642655,-0.3504849816773058,-0.08682274103275886,0.1376275650358626,-0.051946381634326674,-0.014071134447421845,0.08630405925977791,-0.02303182110133236,-0.009929506655094664,3.4407590946980884,-0.1695440776935262,-0.04083154160015087,0.044711716127065634,-0.09814520374993124,-0.024003483947897496,0.19707704614847898,-0.11606922546998562,-0.03763194955088362,0.04537490537771922,-0.3587921428515299,-0.10561358224611195,0.14509647246450186,-0.20579672941872923,-0.04593269588372904,0.04326752972038369,-0.3326615448689908,-0.10764468862089961,0.14341120401929533,1.0714285714285714,-0.07417844861562152,1.607142857142857,-0.03841429308986768,1.7857142857142856,-0.01853542016170756,1.7142857142857142,-0.045117255885865154,1.6785714285714284,-0.041828378122312194,1.5,-0.04968269588372903,0.8214285714285714,-0.002363937440435521,1.5,-0.09057274103275886,1.7857142857142856,-0.014393792369380378,1.8928571428571428,-0.028735626805040354,1.357142857142857,-0.10900643938896909,1.107142857142857,-0.11041254576375675
2026-07-10,2026-07,252,251,-0.12000935089106442,-0.04534545966756475,0.04981261312990126,0.0033879164313946925,0.011039910175272685,0.416549956202507,-0.0905304061375428,0.008967822623991553,0.04498312652977324,-0.13800622842715343,-0.019879865537759778,0.10482878208160401,-0.17503826989333215,-0.020505721890143186,0.07266176186202508,0.032724648077408484,0.02733159979283567,2.5228158640861515,-0.09110632401812524,-0.011827483540580677,0.04410433213079492,-0.05332256518814634,-0.004754749236742732,0.1898460641503334,-0.10379037210840433,-0.029664018174353157,0.04202506434790344,-0.16458090093981312,-0.018144451245606777,0.10451131626963615,-0.12659919328895597,-0.035102489459789554,0.03262188108584739,-0.1405242946902396,-0.04845321142696028,0.11486807972192765,1.1785714285714286,-0.04829188823899332,1.6428571428571428,0.004860679766848696,1.6428571428571428,-0.024612864747286044,1.8571428571428572,-0.01647034068343782,1.7142857142857142,-0.03394973246006744,1.7142857142857142,-0.039388203745503836,0.9642857142857143,0.0086291958895584,1.6428571428571428,-0.023987008394902636,1.8214285714285714,0.022778028364264243,1.8928571428571428,-0.009486892093885589,1.3928571428571428,-0.021626594102749634,1.1785714285714286,-0.051399639998388855
2026-07-13,2026-07,264,262,-0.06677927854482844,-0.0025179041097022486,0.04709967774699478,0.01270014152573877,-0.0062416825857942,0.45772562863735056,-0.05255561570218289,-0.026152971864488492,0.0352728618253695,-0.08985906123433923,-0.024859074158020987,0.12008773205945124,-0.15425429325620518,-0.047596485912343965,0.06897009264161152,-0.20265554693229015,-0.04924160891471386,1.8467441883224707,-0.005081883577451753,0.03839733640101273,0.03073193571679269,-0.1203444879963999,-0.04288992637692454,0.1657796842404283,-0.06591055834186618,0.019162779918122503,0.030524176738332166,-0.06261176946305004,-0.009820367259120326,0.12253725815277834,-0.14770822018473875,-0.0495435310346976,0.026028616293762415,0.014320839501985925,0.0037941785348900546,0.12559954428042355,1.0769230769230769,-0.00521021180200994,1.653846153846154,-0.030287587249103878,1.9230769230769231,-0.05240417822003628,1.6153846153846154,0.03435887486255119,1.7307692307692308,0.014835856841199426,1.6923076923076923,-0.05377430026546683,0.8461538461538461,-0.008357067201178816,1.5384615384615385,-0.028705228004174833,1.7692307692307694,-0.053664685837790785,1.9230769230769231,-0.047697618684616847,1.5,-0.013570367259120326,1.1153846153846154,0.001005716996428516
2026-07-14,2026-07,252,249,-0.12678066203096516,-0.05125285057161584,0.04618754413846145,-0.0899515058531168,-0.010374894233044347,0.4397084096074104,-0.027004348500970707,-0.04645871665818229,0.034797765166868465,-0.27559702841185607,-0.029670163233297325,0.13381407052278518,-0.16431773425497798,-0.04900078802954698,0.09068906367583524,-0.14114503658606345,-0.01500785727131888,3.8233346939086914,-0.004262265824711693,-0.009962823929962082,0.0365074973842469,-0.08441146012599329,0.0023697745006622285,0.2070618365705013,-0.05775280207984175,-0.07550617186601855,0.03278545205074547,-0.20133581990502136,0.011984557081420093,0.1437029780447483,-0.06674900248432207,-0.05462240795716912,0.0322647254165859,-0.0861091676958644,0.0021836330835365673,0.13466387234628202,1.153846153846154,-0.05413746595623123,1.653846153846154,-0.05059333204279767,1.7307692307692308,-0.053327711106470055,1.8076923076923077,-0.01448205469919285,1.7307692307692308,-0.07983309494294162,1.6923076923076923,-0.05885317718793835,0.9230769230769231,-0.012682586540736654,1.653846153846154,-0.03380477861791271,1.6923076923076923,-0.01923862650208811,1.9615384615384617,-0.002534071653183925,1.5384615384615385,0.008138403235266246,1.1923076923076923,-0.0007971361472326635
2026-07-15,2026-07,268,265,-0.09142160155581969,0.012202577631960383,0.04356170614735601,-0.03779502720306824,-0.010265187502069837,0.43885982924929035,-0.1064700722609749,0.0224276399822087,0.0348741954700916,-0.06809526154782247,0.014114621632085468,0.1479445662922584,-0.14110488960534978,-0.024066887300706472,0.07207834162266594,-0.05817506901280728,-0.03248194230263185,3.208189574571756,-0.10378659592890055,-0.01800190953260175,0.03469017469383944,0.02139962233026838,-0.005593417219162814,0.15324087254703045,-0.09638994368618875,-0.01653124549586002,0.032928256143480085,0.007781567497710478,0.02838989893872,0.1618643382994028,-0.06840636035078237,0.025236501259313524,0.02951241954315233,0.0018671522717227113,0.0041925156812098775,0.1785924001596868,1.0769230769230769,0.00951026993965269,1.6923076923076923,0.01819687075143947,1.5769230769230769,-0.028009194993014165,1.8846153846153846,-0.022713447994140212,1.8076923076923077,-0.021050476265090788,1.7692307692307694,0.020813424336236598,0.8076923076923077,-0.012284418271300607,1.5384615384615385,0.010268467785931622,1.7692307692307694,-0.036905019225708775,1.8076923076923077,-0.010112647988393583,1.4615384615384617,0.024736052784873848,1.153846153846154,0.0013079002965944923
2026-07-16,2026-07,289,288,0.099922207463585,0.019056484888076423,0.05274642534924602,0.03298631825955534,-0.007538392764646337,0.4341700955711562,-0.02651135504911904,0.01348705908647549,0.0488940987833217,-0.026593882989301196,-0.018613760222469786,0.16732966463113655,0.03836546368559227,0.021777915410718923,0.09073137296107689,0.04031086995481949,0.025001132466719398,3.0555305696766952,-0.08060227551109828,-0.02228823180894231,0.040651584782342064,-0.008868770631985046,0.023502023114359588,0.19808054940196973,-0.034436523087937,-0.0010272014134920845,0.040504168987657664,-0.11710416418088533,-0.030162828902788714,0.16672745488327126,-0.05750208805631786,-0.009346500234222963,0.04572882232921385,-0.15472348168476316,-0.029415532510675566,0.1787742049722322,1.1379310344827587,0.016211657301869527,1.5517241379310345,0.009607748741647904,1.6896551724137931,0.01755377747968444,1.7586206896551724,-0.026684783533080243,1.8275862068965518,-0.005596166930733464,1.6551724137931034,-0.013484431268705722,0.9655172413793104,-0.009952185868094612,1.517241379310345,-0.02240686367074565,1.8275862068965518,0.02043216694947802,1.8275862068965518,0.01893305759711821,1.3448275862068966,-0.03352489786830595,1.0689655172413794,-0.032087946303779015
2026-07-17,2026-07,304,303,0.17466029892694818,0.02814887743837558,0.05790410696068224,0.17842071092355138,0.017280786355610676,0.37589703127741814,0.04363377053812318,-0.0074765553201063956,0.0498731160771604,0.3741386822029917,0.044130909193792214,0.19966790514687696,0.15119283238383396,-0.015747474314897838,0.09511794487142124,0.0974858191044823,-0.022461700342791827,2.916220972935359,0.14829062142708266,0.02616827553723844,0.05462478001698083,0.20958063882315756,0.05311721866795063,0.1713962315271298,0.06978147771636525,0.02914246106669873,0.05035105074846118,0.29521395193876593,0.0170636371188476,0.19202880846957365,0.1911284461528944,0.012808451194277478,0.04579421702641646,0.20786184744445108,0.02279656606076983,0.19207161888480187,1.2,0.025148877438375582,1.5666666666666667,-0.011393221986773061,1.5666666666666667,-0.019664140981564503,1.7333333333333334,0.021834942203905104,1.7,0.02489246106669873,1.6333333333333333,0.008725117860944143,0.9333333333333333,0.014947453022277343,1.5333333333333332,0.04029757586045888,1.6,-0.026461700342791827,1.9,0.048367218667950636,1.4666666666666666,0.013396970452180934,1.3333333333333333,0.019463232727436497
2026-07-20,2026-07,331,331,0.1447300444345399,0.026168323857688226,0.05138144491247621,-0.02264636684612661,-0.024693320814732182,0.3652128760110248,-0.002676843270652788,-0.024224123577122572,0.03946826377817476,-0.10280142817907169,-0.023737094500243302,0.15539177281386926,-0.09253451901574887,-0.04263106544187324,0.08417792456175788,-0.04008406744925512,-0.013933105488487073,2.4710590478145718,-0.041915226967193714,-0.030333413153822535,0.04151465236777041,0.057072563806447985,-0.00463016853301694,0.1813142603319703,-0.01429535775621023,-0.049203088046437984,0.037820246432091385,-0.05418675526053679,-0.02054124088263657,0.15597440765211076,-0.037517827420641095,-0.038275073792510335,0.03328161677668395,-0.12234623746289745,-0.0066380655832556056,0.15971810994387575,1.2424242424242424,0.02306226325162762,1.6363636363636362,-0.02831503266803166,1.696969696969697,-0.046873489684297484,1.7878787878787878,-0.034803110123519505,1.6666666666666667,-0.05336975471310465,1.606060606060606,-0.04229022530766185,0.8181818181818181,-0.026738775360186727,1.4545454545454546,-0.027373458136606937,1.7272727272727273,-0.01825128730666889,1.7575757575757576,-0.009024107926956335,1.5757575757575757,-0.024480634822030507,1.2121212121212122,-0.009668368613558636
2026-07-21,2026-07,337,336,-0.1501213485499467,-0.043082051247802816,0.045138137197722056,-0.1349825525764476,-0.03268756008757145,0.35793042248662776,-0.0320272016359363,-0.025586556576347723,0.036322793967657425,-0.3325259371547866,-0.037890327493964406,0.136432463193641,-0.19230285972756864,-0.05989898236284186,0.09032921702089168,0.0511196992061521,-0.014839700274540735,2.8600207418203354,-0.0802340903016037,-0.023930359195264487,0.036961151900009315,-0.05899837044505155,-0.02374637771274243,0.2212044021443409,-0.11643029534852914,-0.03817621250052345,0.03747985682762221,-0.23865952742514634,-0.024968577606981054,0.13835792583139503,-0.13687433901460866,-0.04029826651001197,0.03506707537960092,-0.2015868192057821,-0.011453774023413486,0.14236786956077113,1.2941176470588236,-0.046317345365449875,1.5294117647058825,-0.029410085988112428,1.6764705882352942,-0.0640901588334301,1.7352941176470589,-0.028268594489382133,1.7352941176470589,-0.0425144477946411,1.5588235294117647,-0.04419532533354138,0.7647058823529412,-0.0345993247934538,1.5588235294117647,-0.04178738631749382,1.7941176470588236,-0.019324994392187794,1.9411764705882353,-0.028599318889213018,1.5588235294117647,-0.028865636430510468,1.1470588235294117,-0.014321421082237017
2026-07-22,2026-07,399,397,-0.22491008732148016,-0.09667846264766222,0.04801405049997772,-0.027784034258890075,-0.027571371369744146,0.35141468998044734,-0.20340479798633287,-0.060627992931398214,0.03781880649761306,-0.1435129663124348,-0.02714326609550362,0.14460637019947173,-0.28616685433745354,-0.08869572776189585,0.06872490385215357,-0.06290787771927792,-0.01761747661100428,2.3732768930494785,-0.260377997235618,-0.07421380315546117,0.03874935010081286,0.05918238085079449,-0.014873823673916408,0.1769549544900656,-0.24983726196004777,-0.09092085002593571,0.035563119780558,-0.023334153064861602,0.011311936189667467,0.14823733856901528,-0.253155840589776,-0.0782620780371967,0.031700695946276475,-0.05129246095574027,-0.001865915387360785,0.16483197244815528,1.2,-0.09967846264766222,1.575,-0.06456549293139821,1.85,-0.09332072776189586,1.75,-0.07858880315546117,1.6,-0.09492085002593571,1.7,-0.0825120780371967,1.0,-0.030071371369744145,1.425,-0.03070576609550362,1.825,-0.02217997661100428,1.925,-0.019686323673916407,1.525,0.0074994361896674674,1.125,-0.004678415387360785
2026-07-23,2026-07,398,396,-0.27047326754666384,-0.11737628557639616,0.037370804880345734,-0.01876696691383697,-0.01633414855001138,0.36476738583296536,-0.2249343748090631,-0.10228141900517293,0.029688437114900934,0.03379361694524105,0.04584832564029723,0.11858800537884236,-0.17729962130124652,-0.06517091934369723,0.08471355520485004,-0.03732408779750096,-0.028573785028171504,2.4528223678469656,-0.17481227748413888,-0.0838857383820886,0.026346112498113083,0.041284909866129135,-0.021941397086584102,0.2229648707434535,-0.2232572601105785,-0.11561155036060727,0.026916375145172988,0.09977826576197725,0.09230543509330139,0.11837934833019972,-0.17694685211314923,-0.09016450029960822,0.029616084154955438,0.05142243344058956,0.053662466211789016,0.12826445852406324,1.125,-0.12018878557639616,1.675,-0.10646891900517293,1.8250000000000002,-0.06973341934369723,1.75,-0.0882607383820886,1.5750000000000002,-0.11954905036060727,1.6,-0.09416450029960823,0.9,-0.01858414855001138,1.6,0.041848325640297224,1.7750000000000001,-0.0330112850281715,1.8250000000000002,-0.026503897086584103,1.475,0.08861793509330139,1.175,0.05072496621178901
2026-07-24,2026-07,310,308,-0.11657214718534156,-0.05099244426069462,0.04520224905613196,-0.0745870009644293,-0.02218855254296162,0.5397573357387897,-0.20646887463208297,-0.06354578784658059,0.038347082300882275,0.0524793536986914,-0.016312283078424333,0.16418154008926883,-0.16079423191693915,-0.07031226843104946,0.10061370498063298,-0.11936687769384018,-0.04535527171352558,2.689383493315789,-0.07352318597317202,-0.03666192171905519,0.035094955772487404,0.14686831492002927,0.0032210878641552067,0.1899122368664511,-0.11411147860854756,-0.07338320222476268,0.03378837999000946,0.18164958733580153,0.029633711250318755,0.16475317519037952,-0.0901685238244278,-0.02034432978373888,0.040693183445439166,-0.0033195609084141126,-0.009931168055804726,0.1678170624279207,1.275,-0.05417994426069462,1.6,-0.0675457878465806,1.8,-0.07481226843104946,1.775,-0.04109942171905519,1.7,-0.07763320222476268,1.625,-0.02440682978373888,1.025,-0.02475105254296162,1.45,-0.019937283078424333,1.875,-0.05004277171352558,1.9,-0.0015289121358447932,1.5,0.025883711250318756,1.2,-0.012931168055804725
2026-07-27,2026-07,312,310,0.026651199288163424,-0.01492523647092149,0.04928661791662413,0.041121047777920895,0.022074637304507438,0.43050525097116343,-0.08472440481323468,-0.0015274655262638333,0.034220881660996814,0.013152144794892604,0.002261321706090764,0.1248785490470548,-0.09459670250843054,-0.05244286001062359,0.07522841290348611,-0.15767141038037283,-0.042263819481812855,2.446766000601553,-0.05749534358679341,-0.017431339980684968,0.03236360960660413,-0.013305843966497533,-0.040586356141965735,0.18668854525012357,-0.05099967679711472,-0.0009618138155915376,0.035961511998559015,0.15583317989757076,0.03358375537468706,0.12636523669765842,0.014932330376994743,0.00938085313948072,0.03886699986317054,0.03332387694899637,0.01658891121089282,0.1303423224918304,1.161290322580645,-0.017828462277373103,1.5483870967741935,-0.005398433268199317,1.9032258064516128,-0.05720092452675263,1.8064516129032258,-0.021947469012943033,1.8064516129032258,-0.005477942847849602,1.5483870967741935,0.005509885397545236,1.064516129032258,0.019413346981926795,1.3548387096774193,-0.0011257750681027837,1.8709677419354838,-0.046941238836651564,1.8709677419354838,-0.045263775496804444,1.3225806451612903,0.030277303761783832,1.064516129032258,0.013927620888312174
2026-07-28,2026-07,251,248,0.11990174917506366,0.03414674652229649,0.061723153549996454,0.05065794928058321,0.022201243434469446,0.44522938400506973,0.18186685294381905,-0.014670030985453726,0.04954639189752304,0.2379344029471496,0.06278563774462911,0.2359488022327423,0.08791941846810458,0.012645575417357877,0.08939205475149353,0.11235559840214764,0.04580788264286864,2.3937195140123366,0.1642273125075561,-0.024938910747144334,0.04932164120467461,-0.0526275948828685,-1.5372855883537262e-05,0.19669008113443853,0.18101957522663487,-0.015086907083256093,0.04707061078708938,0.11882946667225915,0.026110434320526857,0.22583521366119383,0.058447364531847866,-0.054171399865366614,0.04430948955485525,0.12788998821665726,-0.01444787625115402,0.25189636450260877,1.3548387096774195,0.03075964974810294,1.6451612903225807,-0.018782934211260177,1.8387096774193548,0.00804880122380949,1.8387096774193548,-0.02953568494069272,1.6774193548387097,-0.019280455470352866,1.7096774193548387,-0.05844559341375371,1.064516129032258,0.019539953111888803,1.4838709677419355,0.05907596032527428,1.8387096774193548,0.04121110844932026,1.8709677419354838,-0.004692792210722247,1.5806451612903225,0.02215882141730105,1.3225806451612903,-0.017754327864057246
2026-07-29,2026-07,259,258,0.1001115823594255,0.06308663724316986,0.05152366404148828,0.19707074823353893,0.049686490398598966,0.4338431484424151,0.11600384649986126,0.0894102360731113,0.03668109787839228,0.420879811577486,0.17150841994074464,0.22033302643551275,0.25559409749991824,0.030275337024461217,0.07923314795162265,0.051996249436786636,0.06398756953809547,2.0722426221920895,0.1737562549223085,0.06318783419752581,0.039936085032048194,0.02528025086164621,0.07670580042873958,0.18999448877114516,0.1492747924925932,0.026736283830199443,0.0369324814396816,0.2774721821233449,0.12861492025862697,0.23773709713266444,0.16700709468215946,0.0892696749556596,0.04162152369676786,0.1950836090370974,0.10207792227093748,0.23783293473892486,1.3461538461538463,0.05972125262778524,1.6923076923076923,0.08517946684234207,1.6923076923076923,0.026044567793691985,1.8076923076923077,0.058668603428295045,1.653846153846154,0.022601668445584058,1.4615384615384617,0.08561582880181344,0.9230769230769231,0.04737879809090666,1.6153846153846154,0.1674699584022831,1.7307692307692308,0.05966064646117239,1.8846153846153846,0.07199426196720111,1.5769230769230769,0.12467261256631929,1.3461538461538463,0.09871253765555286
2026-07-30,2026-07,292,290,0.01695832668589163,-0.028633407836335376,0.07623781097063123,0.08604384274988637,-0.0011437121651853982,0.3965318010284983,0.06336141365677143,-0.01939982906553548,0.07694155283397511,0.3394041546550809,0.11933907971087437,0.2833408345950061,0.007844370620866537,-0.0020970996790161643,0.13072011950519447,-0.023809764820870487,-0.0040482836056582976,3.652661216670069,0.02349363110666142,-0.0011105352663406676,0.0701743237399232,0.20896230984902636,0.06392539887179088,0.18742167185349712,0.03118016043271138,-0.051428683155825265,0.07118102812163606,0.26111215274447364,0.11552396786945833,0.2746961936354637,0.08436364687978093,0.03943858322300149,0.06404579432175098,0.21754847491219353,0.09701093212758163,0.2696740139789623,1.2758620689655173,-0.03182306300874917,1.6551724137931034,-0.023537760100018238,1.8275862068965518,-0.006666065196257544,1.7586206896551724,-0.005507086990478599,1.6896551724137931,-0.05565282108685975,1.6896551724137931,0.03521444529196701,1.0,-0.0036437121651853983,1.4827586206896552,0.11563218315915023,1.9310344827586208,-0.00887586981255485,1.8620689655172413,0.05927022645799778,1.4827586206896552,0.11181707131773419,1.0689655172413794,0.09433851833447819
2026-07-31,2026-07,292,291,-0.02305453280012416,7.194140896976865e-05,0.06161465769311704,-0.2079486854453079,-0.05324630850250171,0.39886596747513475,0.05221442951936466,0.04676098062605258,0.05283351462926884,0.03756579762311584,0.002373129502336946,0.25803577694399604,-0.07669336490993013,-0.025935896674954773,0.11486813213569945,-0.07623207073848345,-0.002993594414010806,3.8018810954587217,0.1517739291923595,0.0352196955311135,0.046888166233031894,-0.08738714812942196,-0.00511186433957502,0.20252196497187533,0.11902399007486747,0.017324687596945797,0.045874364737653404,-0.03400437550277554,-0.004756484183912684,0.25877771590804227,0.07045991827140198,0.03303242791953542,0.04611486621718976,0.019282481167456247,-0.017341465109609468,0.2524651637429307,1.2413793103448276,-0.0030315068668923003,1.7241379310344827,0.04245063579846637,1.793103448275862,-0.03041865529564443,1.7586206896551724,0.03082314380697557,1.7586206896551724,0.012928135872807864,1.6896551724137931,0.02880828998850094,1.0344827586206897,-0.055832515399053435,1.6551724137931034,-0.0017648015321458125,1.8620689655172413,-0.007648766827803909,1.8275862068965516,-0.0096808298568164,1.7586206896551724,-0.009153035908050614,1.2758620689655171,-0.02053112028202326
2026-08-03,2026-08,302,300,-0.012333814865994903,-0.006861644357870483,0.0625921517114717,-0.17020200842992486,-0.07902995081470854,0.40205001781384153,0.006055482888163449,0.00986102115344735,0.05649200430551352,-0.15991174044248718,-0.040925166590311174,0.2343219380825758,-0.1036990483250249,-0.03780385893149431,0.07555653138573935,-0.15914082268265284,-0.07936239281204409,0.449350944844385,0.17429583447749003,0.06608915997584745,0.04875513362880974,0.12010998244001646,0.0021360710144181505,0.14785437289004524,0.0596862990956859,0.06156371859196862,0.0536127336079887,-0.2505535827834175,-0.04621241672299939,0.2237983570744594,0.07658754652628308,0.026290431492716163,0.05645516527810192,-0.23717218259855952,-0.08041228655054566,0.2672547610787054,1.2666666666666666,-0.01002831102453715,1.6,0.0058610211534473496,1.8333333333333333,-0.04238719226482764,1.8333333333333333,0.06150582664251412,1.6666666666666667,0.05739705192530196,1.8333333333333333,0.02170709815938283,1.5333333333333332,-0.08286328414804187,1.8,-0.04542516659031117,1.8,-0.08386239281204409,1.8333333333333333,-0.002447262318915182,1.5666666666666667,-0.050129083389666054,1.4333333333333333,-0.08399561988387899
2026-08-04,2026-08,326,325,-0.06199497443358492,-4.5421827795679576e-05,0.03652847404304059,-0.1647245758125479,-0.0527357664784298,0.39664104231633246,-0.007949917855467281,-0.01975140220991337,0.028706802622617274,0.14300756372012072,0.03706061044959909,0.14188029640354216,-0.013855105054336792,-0.021062675222665285,0.08809512648241916,-0.005150635303949702,-0.019663328270443637,0.39634879655204713,-0.01642111767509615,-0.017481095496221687,0.030563477288550668,0.03468123703841608,0.013341013393671813,0.18423726517357863,-0.030263369017181404,-0.014363816534636874,0.028777456670685778,0.0764960103216421,0.006801510678143441,0.1543803917011246,-0.02106532854773976,0.00853966358637162,0.023916890182415246,0.07262504816622001,0.006381169063884397,0.15390050064888783,1.28125,-0.0032485468277956794,1.6875,-0.02397015220991337,1.90625,-0.025828300222665284,1.75,-0.021856095496221688,1.78125,-0.018816941534636873,1.78125,0.004086538586371621,0.9375,-0.0550795164784298,1.5625,0.03315436044959909,1.875,-0.024350828270443638,1.9375,0.008497263393671812,1.53125,0.002973385678143441,1.125,0.003568669063884397
2026-08-05,2026-08,338,338,0.01919996743160972,-0.02637787889961352,0.03579710251042104,-0.12469511811400458,-0.018986460676943154,0.39330645310966406,-0.01319004072446633,-0.005656599661948421,0.0352085771432736,0.08806966899736765,0.02959071250962602,0.11843651796088499,0.09724321121690208,0.04291616012952438,0.09869875138540897,0.13344815325832662,0.03376622397206434,0.46455806384191795,0.030276671575261507,0.008385325918591598,0.03541669994891844,0.049326653292289295,0.010790457520754852,0.15992889879271388,0.02184288610634973,0.008142520530771979,0.03110566597776632,0.048933222223758795,0.02117169475811477,0.14213993268854477,-0.0037363523731765566,0.027156939452802425,0.029190333785447227,0.0773112249519826,-0.00458753746321355,0.1452687857672572,1.3235294117647058,-0.029686702429025283,1.6764705882352942,-0.009847776132536658,1.7647058823529411,0.03850439542364203,1.7941176470588236,0.003900031800944539,1.7941176470588236,0.00365722641312492,1.7352941176470589,0.02281870415868478,1.1176470588235294,-0.02178057832400198,1.4705882352941178,0.025914241921390725,1.6764705882352942,0.0295750475014761,1.911764705882353,0.0060110457560489695,1.5,0.01742169475811477,1.2058823529411764,-0.007602243345566491
2026-08-06,2026-08,337,337,0.02145566143511818,-0.003987705128896797,0.044211365251727516,-0.19690139237616983,-0.05098976773436646,0.3974877009716104,0.03303507152514228,0.025657924770997424,0.04002335178409264,-0.03314888717764773,-0.01968342973069416,0.12522105182356694,0.017302945158204068,0.002613871525833795,0.12706779961219955,0.015063550514517215,0.007540055677371045,0.45332113426069126,0.08382068171499808,-0.01815790995148505,0.03338734906655645,-0.06067314903767768,-0.013670452885699555,0.16335102455580935,0.054969824742707646,-0.0009317104090748735,0.04156087267797336,-0.08881320687985833,-0.048501742794099655,0.1502715440138298,0.06688284848932853,0.018323942892013764,0.03618879583721321,-0.18925128740239447,-0.0757662535380024,0.15256823571946693,1.3823529411764706,-0.007443587481837974,1.5294117647058822,0.02183439535923272,1.7058823529411764,-0.0016508343565191461,1.7352941176470589,-0.022496145245602697,1.6470588235294117,-0.005049357467898402,1.6764705882352942,0.014132766421425528,1.0588235294117647,-0.053636826557895874,1.4705882352941175,-0.023359900318929455,1.9117647058823528,0.002760643912665163,1.7941176470588236,-0.018155747003346615,1.5588235294117647,-0.05239880161762907,1.2058823529411764,-0.07878095942035535
2026-08-07,2026-08,360,358,-0.008506368169812031,-0.0009955106612741238,0.052946117899673885,-0.14749291709381257,-0.03316397050463015,0.40872488558913267,-0.01853139418072894,-0.007197475702053669,0.04776837630293626,0.04172010340358238,-0.0038089775585396844,0.1455562976706359,-0.09037893490808567,-0.033450378590484,0.20649863374240204,-0.050158534448337996,-0.020651149583280137,0.5118954655610852,0.041410448851433954,0.01721063344749523,0.044121411207975275,0.02187092633629677,0.016495318732419804,0.18400623853732315,0.013503705886600612,0.012785363708345555,0.04264362933329485,0.054641371631042254,-0.014204895315665194,0.1956690779576699,0.032832945781021125,0.018461030902265085,0.04482243498834821,0.02952685009959253,-0.016829760844173935,0.1620403926871303,1.3055555555555556,-0.004259399550163013,1.722222222222222,-0.011503031257609223,1.6944444444444444,-0.037686489701595105,1.8888888888888888,0.01248841122527301,1.75,0.008410363708345555,1.6944444444444444,0.014224919791153975,1.0833333333333333,-0.035872303837963485,1.5277777777777777,-0.007628422002984129,1.8055555555555556,-0.025165038472169027,1.8611111111111112,0.011842540954642026,1.6944444444444444,-0.018441006426776305,1.1666666666666667,-0.019746427510840603
2026-08-10,2026-08,370,368,0.04386335704128724,0.008879936480242724,0.0462284576196368,-0.03430424250256563,-0.013976548999133722,0.35014076782642184,0.08314680302761014,-0.014706608546786615,0.04622135327613737,0.011051983542729205,-0.042114905316634234,0.1389773120549885,0.05449319347846044,-0.029846070777861205,0.07411337675359167,-0.07866956178408058,-0.015146748550893445,0.43496413267142064,0.053072327247409776,-0.022483278862982764,0.04212701629966098,0.030478300760195573,-0.0008666961352823323,0.20751832692405664,0.11354254143620252,0.010634704614699573,0.04731718901296143,0.015977058800918684,-0.025625999429872114,0.20098549570586233,0.05626819710653912,0.0017721504493241995,0.04696720992360583,0.032069965492609154,-0.03191552303365862,0.15891105495393276,1.2162162162162162,0.005839395939702183,1.5945945945945945,-0.018693095033273103,1.8378378378378377,-0.0344406653724558,1.8378378378378377,-0.02707787345757736,1.7297297297297298,0.006310380290375248,1.5675675675675675,-0.0021467684695947193,0.9729729729729729,-0.016408981431566154,1.4864864864864864,-0.04583112153285045,1.7297297297297298,-0.01947107287521777,1.864864864864865,-0.005528858297444495,1.4864864864864864,-0.02934221564608833,1.135135135135135,-0.034753360871496455
2026-08-11,2026-08,300,300,0.014435939781102077,-0.026306019123311535,0.05399150692275809,-0.0798546650518339,-0.015310193325535112,0.44211222032705944,0.06272848173073982,-0.012456141312689867,0.045193874086925725,-0.08431204791164346,-0.04568163738749506,0.1434561215341091,-0.03907969576984976,0.0013792828392300196,0.11744447315244591,-0.044244276215510976,0.015253672418732614,0.45503040452798205,0.058320673927793366,-0.006028271559997165,0.03973277749340449,0.10642873809708997,0.05515171199823144,0.15443319709350664,0.060125112501250015,-0.016185054000033904,0.045148689219205174,-0.015321948021644684,0.004838028232680494,0.21714155369748672,0.06947188302092246,0.0008208117199042242,0.04596144501291678,-0.10955232835920399,-0.016644493569336463,0.20367174098889035,1.4054054054054055,-0.029819532636825047,1.7297297297297298,-0.016780465637014193,1.8108108108108107,-0.003147744187797007,1.864864864864865,-0.010690433722159328,1.7567567567567568,-0.020576945891925796,1.8108108108108107,-0.0037062153071228026,1.1891891891891893,-0.018283166298508086,1.5675675675675675,-0.04960055630641398,1.7837837837837838,0.010794212959273155,1.9189189189189189,0.050354414700934144,1.5135135135135136,0.0010542444488967104,1.2702702702702702,-0.019820169245012138
2026-08-12,2026-08,306,306,0.10731930514503019,0.02995565844887404,0.044791545422184734,0.13458119083592213,0.030882607272843834,0.38206095705109255,-0.03971470363122555,-0.001274204967186672,0.03819160879908415,-0.012694055034306135,0.031020101666783872,0.12817601246699212,0.09314701307941949,0.025430212331396872,0.07882228660561962,0.1475852895583149,0.052083903279627655,0.4712028872341879,-0.029311581775034463,-0.01727203919154349,0.0340470747068938,-0.014061902862282307,-0.012927472539398504,0.15087496203881118,-0.05728815582408539,0.008454825591114427,0.034192211418393695,-0.08705078229294601,-0.027113314538756372,0.16342138907601755,-0.0638800917496804,0.013421206197267315,0.027255757222556236,-0.04022440075512236,-0.003378042460365359,0.1323216473233075,1.129032258064516,0.02713307780371275,1.4516129032258065,-0.004903237225251188,1.7741935483870968,0.02099472846042913,1.7741935483870968,-0.02170752306251123,1.6774193548387095,0.004261277204017653,1.8064516129032258,0.00890507716500925,1.032258064516129,0.02830196211155351,1.5161290322580645,0.02722977908613871,1.7741935483870968,0.047648419408659916,1.967741935483871,-0.017846827378108183,1.4516129032258065,-0.030742346796820887,1.3548387096774193,-0.006765139234558907
2026-08-13,2026-08,326,322,-0.0274803330288218,-0.026657491131717337,0.04679366103684358,0.05164960103216421,0.014444076155599075,0.380546442233026,-0.0388684293699209,0.018014347607689832,0.034409790572815,0.08449528295760074,-4.888541956205722e-05,0.14480557886417955,-0.10709011583490312,-0.019342252039309997,0.08355750030528336,0.09357225160302014,0.03681996577053162,0.4578720503486693,-0.05382674545536226,0.0022153816436334406,0.02920389779926984,0.054628676327331135,0.028122567593588926,0.15030932813533582,-0.08419567824532084,-0.005023055338625595,0.029405155230121008,0.03546817565841599,-0.025206847545780873,0.19162766227964312,-0.09119257395950141,0.00459642129948858,0.033871093306023836,0.0884490260682077,-0.005312944871685165,0.1730423650733428,1.21875,-0.029704366131717338,1.53125,0.014186222607689833,1.8125,-0.023873502039309998,1.8125,-0.002315868356366559,1.75,-0.009398055338625595,1.6875,0.00037767129948857933,1.09375,0.011709701155599075,1.5,-0.003798885419562057,1.84375,0.03221059077053162,1.96875,0.023200692593588926,1.46875,-0.028878722545780874,1.40625,-0.008828569871685165
2026-08-14,2026-08,358,355,-0.033392720021929966,-0.01615756865863622,0.044624910553270766,0.17760435743989944,0.0364884190349512,0.3392932617312504,-0.02571459339561747,-0.019917854204753168,0.03372010812020707,0.013751299682662315,-0.0042151249588401486,0.10714875658353169,-0.04811007216138941,-0.010137060155437555,0.09329183420129003,0.011807230953022718,-0.01565957482014346,0.5185744501650333,-0.024294318250994706,-0.0019387622204314163,0.03569275680258049,-0.022294714870121964,-0.01660598682197417,0.18014787983459732,-0.046825452765566475,-0.02772900132818807,0.034841182643003614,-0.0010073153613696455,-0.00897234341087507,0.16238799680852228,-0.08714657491200212,-0.041558403330963195,0.03606298462249369,0.03386674537230588,-0.025499110373067214,0.1468103064948486,1.25,-0.01928256865863622,1.6944444444444444,-0.02415396531586428,1.7777777777777777,-0.014581504599882,1.8611111111111112,-0.0065915399982091945,1.8333333333333333,-0.032312334661521405,1.7777777777777777,-0.04600284777540764,0.9722222222222222,0.03405786347939565,1.5,-0.007965124958840148,1.8888888888888888,-0.02038179704236568,1.9166666666666665,-0.021397653488640835,1.472222222222222,-0.012652898966430626,1.3333333333333333,-0.02883244370640055
2026-08-17,2026-08,376,375,0.09818480111315585,0.03789420312451801,0.04645047464120081,0.10421751839466384,0.026918477298196197,0.31491216576020964,-0.0031838145240388094,0.006184947080807912,0.03727537128809195,-0.040507482420845946,-0.013590446428141284,0.11127861677423903,0.04627329332852363,0.027573372002011983,0.06172751006711383,0.09444044802149874,0.0072054591171220855,0.4032700782347667,0.02524252228823571,0.00814366349534459,0.0410654749284392,0.03349263880497101,0.013398707801919298,0.2546774122716957,-0.09705673520910935,-0.03449347068257649,0.03542986001880588,-0.040900055409453996,-0.01379119140804054,0.14452862695447707,-0.023358094140430222,-0.005719576907654274,0.03125165467411055,-0.015049045098374167,-0.00579098003187712,0.12453651178236069,1.2368421052631577,0.03480209786136011,1.631578947368421,0.0021059997123868595,1.8684210526315788,0.022902319370433036,1.8157894736842104,0.0036041898111340643,1.8684210526315788,-0.03916452331415543,1.763157894736842,-0.010127471644496379,0.9210526315789473,0.024615845719248828,1.5526315789473684,-0.017472025375509705,1.8157894736842104,0.002665985432911559,1.8157894736842104,0.00885923411770877,1.526315789473684,-0.01760698088172475,1.4210526315789473,-0.009343611610824488
2026-08-18,2026-08,321,321,0.06466992221512742,0.010755745582668324,0.048423696572970826,0.09370573808556336,0.025192013100065087,0.3759784026769921,-0.049003753011943,-0.008235023181264834,0.043594180357420076,0.015086782376502003,0.025560716284956448,0.13549171679187566,-0.037627667732066626,-0.027894537442787307,0.07056179066003346,-0.006836034322542615,-0.014245919656841122,0.36659602500731125,-0.09285373834213707,0.013160957370654834,0.044605883472453346,0.14928128809427063,0.057073206866660814,0.2240302686986979,-0.09425738795362949,-0.012610252351841659,0.044221106968764815,0.05498418180762756,0.04736615729694242,0.17492182418936864,-0.052820613428467646,0.0354918495837493,0.04665892942886479,0.1037063911302026,0.06379258555279767,0.15895349701168016,1.0526315789473684,0.008124166635299903,1.5,-0.011985023181264834,1.7894736842105263,-0.03236822165331362,1.763157894736842,0.00875306263381273,1.6052631578947367,-0.0166234102465785,1.6578947368421053,0.031347112741644034,1.1052631578947367,0.022428855205328245,1.5,0.021810716284956448,1.8157894736842104,-0.01878539334105165,1.8157894736842104,0.05253373318245029,1.5,0.04361615729694242,1.368421052631579,0.06037153292121872
2026-08-19,2026-08,322,320,0.004378073545201726,-0.0129472198738757,0.04456246414781549,0.13717937347426393,0.014707610204290657,0.37887283839518204,-0.08745632889553441,-0.01658779026091461,0.03825973901119978,0.09291664633624215,0.017934278596858918,0.10937279392965138,-0.009956766136872559,-0.02706032995147526,0.07974901514527732,-0.05246185433957108,-0.029504501922343888,0.40961812116438523,0.048253015128291665,0.018539956794511474,0.04058448274334172,-0.04616502590028756,-0.030827298320260953,0.15656199358636513,-0.009742968615844507,-0.029708226128984928,0.03656923577855163,0.04777780144044561,-0.013414225922249997,0.1633824115851894,-0.020717356298703166,-0.024129584354290634,0.0338515215263378,0.022285021144989852,-0.019951216355761157,0.15710653667338192,1.125,-0.0157597198738757,1.46875,-0.020259665260914612,1.78125,-0.03151345495147526,1.71875,0.014243081794511473,1.6875,-0.03392697612898493,1.625,-0.028192084354290634,1.125,0.011895110204290658,1.46875,0.014262403596858918,1.8125,-0.034035751922343885,1.875,-0.03551479832026095,1.46875,-0.01708610092225,1.25,-0.023076216355761157
2026-08-20,2026-08,306,304,0.038456589202398465,0.005463263199067244,0.039575462066673395,0.01666944131206175,0.028860470319964724,0.35323449249068894,0.011538964921152955,0.016818325128986428,0.028433205937885158,0.134507898316052,0.019657193010502047,0.10594255775213242,0.02062504864596834,0.007889446010667763,0.11894192015382707,0.09387066344319986,0.02039784720441922,0.4284115379055341,0.015778210878584317,0.004859550157322334,0.03184444828854582,-0.05401428366508669,-0.018626206476848716,0.1346477990349134,-0.03650030311692146,0.008151008306200198,0.025299841069623602,0.23117444980875887,0.0425802172265281,0.13608723313858112,0.0131158011343588,0.0107153475057753,0.025986289802706328,0.15830283840988738,0.014922208728358336,0.12407191284000874,1.40625,0.0019476381990672438,1.8125,0.012287075128986427,1.90625,0.0031238210106677633,1.84375,0.00025017515732233403,1.875,0.0034635083062001986,1.75,0.0063403475057753,1.09375,0.026126095319964723,1.625,0.015594693010502047,1.8125,0.01586659720441922,1.9375,-0.023469956476848717,1.5625,0.0386739672265281,1.4375,0.011328458728358337
2026-08-21,2026-08,325,322,0.024972646076940556,-0.011055492320949399,0.040466029745078375,-0.09409504832817717,0.003802493225842706,0.34332569711841643,0.07299512986516465,0.012735351972263467,0.029825865908004214,0.15137398842920316,0.06535130711954465,0.10056316468399018,-0.10674017735865925,-0.057534161303590875,0.06030879693498553,-0.0035585478139164585,-0.007837825604139318,0.6180512914434075,0.12358538475393617,0.02577273480425281,0.03364417957567658,-0.031060073759460263,0.015855409263868723,0.14393050360376947,0.04842780486952266,0.03783487519494569,0.03149349125288911,0.1612969080453743,0.028400794646421732,0.13229277572827414,0.11816615104958664,0.04754667785141249,0.03171942878603395,0.16639260307971965,0.049478175608220924,0.11686650254705455,1.125,-0.013867992320949398,1.6875,0.008516601972263466,1.8125,-0.062065411303590876,1.78125,0.02131960980425281,1.75,0.033459875194945685,1.65625,0.04340605285141249,1.09375,0.0010681182258427064,1.4375,0.06175755711954465,1.875,-0.012525325604139319,1.875,0.011167909263868722,1.4375,0.024807044646421732,1.28125,0.04627505060822092
2026-08-24,2026-08,347,345,0.0845652160177012,0.056083409488841426,0.055775257138856504,-0.0543862682441658,0.017520720633456447,0.3284729072714553,0.0951942071309134,0.03587814982074778,0.04111763751570931,0.05299819231328182,0.031956412332095084,0.11153964051867232,0.08421925788324912,-0.011647800645750578,0.06583677871149402,0.014101358987511164,0.010097570980394054,0.452336536391693,0.12261984487754957,0.05184345307154119,0.04275869635137307,0.04999371014630946,0.018879868062613603,0.2052609145312625,0.15600675283287543,0.048541803455656146,0.04468058497879698,-0.018282508060490584,-0.004805326647363196,0.1460113431162694,0.13594815092661894,0.049408865643624206,0.04521789491033373,0.04499629214560982,0.019000331938164822,0.13373999160659664,1.1470588235294117,0.053215762430017896,1.7058823529411764,0.03161344393839484,1.8529411764705883,-0.016280153586927047,1.7058823529411764,0.047578747189188246,1.7058823529411764,0.044277097573303205,1.7647058823529411,0.044997100937741855,1.0294117647058822,0.014947191221691742,1.5,0.028206412332095084,1.8823529411764706,0.005391688627452878,1.911764705882353,0.01410045629790772,1.411764705882353,-0.008334738412069078,1.2647058823529411,0.01583856723228247
2026-08-25,2026-08,289,287,0.04709611024937358,0.03663243337760444,0.055987297163355376,-0.056526667462116695,0.0246097160781956,0.31672621723906746,0.08124975142186693,0.041792880121375955,0.04962323028729408,0.09642246350873006,0.07640096613868827,0.10636827863495925,-0.019407479143466567,0.0011192620247756089,0.05840497195340142,-0.05069470903672657,0.003112700280096849,0.47571834356620396,0.10098341274786904,0.03223145723397939,0.0510057148197033,-0.03731108061886012,-0.03325670208678912,0.1296529670663435,0.10661018971483116,0.05781077901521177,0.04807664438990246,0.0682859046255419,0.03805635459304384,0.14695221249913348,0.07684371356387941,0.04005859237326773,0.04696308383965517,0.03354263612138567,0.01615433675503622,0.12876379348594566,1.1470588235294117,0.03376478631878091,1.4411764705882353,0.03818993894490537,1.8235294117647058,-0.0034395615046361556,1.6764705882352942,0.028040280763391153,1.6470588235294117,0.05369313195638824,1.6470588235294117,0.0359409453144442,0.9705882352941176,0.022183245489960306,1.4117647058823528,0.07287155437398239,1.8529411764705883,-0.0015196526610796223,1.9117647058823528,-0.038036113851494996,1.3235294117647058,0.03474753106363207,1.2941176470588236,0.012919042637389161
2026-08-26,2026-08,280,279,0.06998541389723703,0.018735644546278924,0.05218438647217456,-0.004078860892749339,-0.0008791766537389681,0.3710239314075027,-0.018493314213189053,-0.031112735246471325,0.03850161437058012,-0.07362285146077707,-0.04861828486210055,0.11774773988872766,0.06572373553186403,-0.007941855639642913,0.05815208687941864,-0.03624557382113247,0.025685791618038186,0.47833770220833166,0.03211594320151948,-0.005849868194808483,0.03951540375828249,0.0830766905386042,0.023786469128965138,0.1572562205671732,0.08041803745921179,-0.03389786875471937,0.04607091153351342,0.012898307681353702,-0.005519865609814795,0.14509606694004365,0.13342739432556383,0.027267128434212525,0.04090145628829921,0.026687661835290855,-0.008262471709857614,0.13405714882537723,1.1724137931034482,0.015804610063520304,1.6206896551724137,-0.03516445938440236,1.7586206896551724,-0.012338407363780845,1.8275862068965516,-0.010418833712049862,1.7241379310344827,-0.03820821358230558,1.6551724137931034,0.023129197399729767,1.0,-0.003379176653738968,1.5517241379310345,-0.052497595206928135,1.8620689655172413,0.021030619204245083,1.793103448275862,0.019303710508275482,1.3103448275862069,-0.008795727678780313,1.206896551724138,-0.011279713089167958
2026-08-27,2026-08,276,275,-0.044245943979109886,-0.011347129167747872,0.04310103082687872,0.15702173199583339,0.05132368475005548,0.46628039124022636,-0.11860732580870707,-0.010755391505296856,0.03808883750393878,-0.11289622008818367,-0.022371670746633866,0.13346577009984426,0.026935931826558127,0.01675545867940681,0.07898422904677528,0.12647681584273296,0.01740475683568046,0.49651675139154705,-0.0008627163693654003,-0.005968738088291875,0.04272110435878121,0.06282729983875801,0.022913106978012437,0.13893950906848268,0.0009919951187904268,-0.013681354398334629,0.03159057835466513,-0.08718597051982706,0.017575153894027577,0.13651022128760815,0.007060121188427467,0.0068453949089025,0.03031906761666614,-0.11025870064639488,-0.02467808259787308,0.11663018366588013,1.357142857142857,-0.014739986310605014,1.3928571428571428,-0.014237534362439713,1.8214285714285714,0.012201887250835382,1.8928571428571428,-0.010700880945434732,1.607142857142857,-0.01769921154119177,1.6428571428571428,0.0027382520517596426,1.25,0.048198684750055475,1.4642857142857142,-0.02603238503234815,1.75,0.013029756835680459,1.7857142857142856,0.018448821263726725,1.5,0.013825153894027577,1.2857142857142856,-0.027892368312158796
2026-08-28,2026-08,276,275,-0.06964055878198085,-0.008819585218452176,0.04406800565283017,0.17328177394728955,0.03557160644059314,0.3845025704109243,-0.06925985645182003,-0.014972557016128816,0.045028849026936074,-0.21737874744938002,-0.046665946249877285,0.11079446811761176,0.0639218765344825,0.016047511694958508,0.05927676549356362,-0.050563494954471454,-0.01284770113300162,0.5143609258479306,-0.002235985351799198,-0.01523669306121291,0.04598573250276599,0.13623892353134232,0.009815896643067167,0.21381967301879612,-0.024081277379032835,-0.012824380867048684,0.04295195836965815,-0.19514048030136558,-0.01471652795488476,0.11323313827493361,-0.011412508383156633,-0.0034395718356742613,0.03949096234880972,-0.16932749247299553,-0.02526165454352065,0.10277269594371319,1.1428571428571428,-0.011676728075595033,1.4285714285714284,-0.018543985587557387,1.75,0.011672511694958507,1.75,-0.01961169306121291,1.607142857142857,-0.01684223800990583,1.5714285714285714,-0.00736814326424569,1.107142857142857,0.032803749297735996,1.4285714285714284,-0.05023737482130586,1.6785714285714284,-0.01704412970443019,1.8214285714285714,0.005262325214495738,1.4642857142857142,-0.018377242240599046,1.1785714285714286,-0.028208083114949222
2026-08-31,2026-08,321,318,-0.035149599443101406,0.005495076502060322,0.04045909380807477,0.11030286759157137,-0.008310794051822418,0.3303103670477867,0.03622874634090919,0.03468272363754167,0.03186864135099006,-0.13421228304405874,-0.04135744063553683,0.09749671572353691,0.11056624806765483,0.04626458971755078,0.060748560576653655,-0.04402905690685502,-0.014746732670488708,0.5057180691510439,0.05161127178250926,0.021184167050912403,0.03563535307490891,0.009793492772972659,-0.005167243697640888,0.15401070736697875,0.07146630937865638,0.024191282202592375,0.03191888411939258,-0.1506029778835549,-0.047560037138103764,0.10207337728934363,0.0005650651167254106,-0.0032554785500261314,0.03160285962059121,-0.16073859348696812,-0.03626860894757296,0.11397688422584906,1.3125,0.002213826502060322,1.53125,0.03085459863754167,1.84375,0.04165521471755078,1.75,0.016809167050912403,1.75,0.019816282202592374,1.625,-0.007317978550026132,1.21875,-0.011357669051822419,1.625,-0.045419940635536823,1.8125,-0.01927798267048871,1.90625,-0.009932868697640887,1.6875,-0.051778787138103764,1.34375,-0.039627983947572956
2026-09-01,2026-09,228,226,-0.0996145501008933,-0.04242025047012657,0.04089391695193406,-0.06164464698479361,-0.0072168161772868,0.3245651323510253,0.056413179612363154,0.015720620761460993,0.028328908047836096,0.14091550172779158,0.01737283270321616,0.11762905914498413,-0.041625923122555024,-0.03510565871381488,0.050454438818738394,-0.016372490890813617,-0.009186165020088413,0.8597137761180815,-0.012223647285062603,0.0018827919876027912,0.03257963815295564,0.06526830127663194,0.014209961845252589,0.19856569916009903,0.07664959123762659,0.021390637832131312,0.027465588277828207,0.12302807496782855,0.04417797470207038,0.12417920192946559,0.06789368786238063,-0.038744270969942214,0.026619453021514167,0.17544095893698042,0.015252991222970127,0.10152883233462015,1.40625,-0.04593587547012657,1.375,0.012283120761460993,1.84375,-0.03971503371381488,1.78125,-0.0025703330123972084,1.59375,0.017406262832131314,1.59375,-0.04272864596994221,1.65625,-0.0113574411772868,1.84375,0.012763457703216161,1.9375,-0.014029915020088414,1.9375,0.00936621184525259,1.90625,0.03941234970207038,1.90625,0.010487366222970126
2026-09-02,2026-09,110,110,-0.19762865450938846,-0.09401754575438095,0.03261433074042977,0.030128710862655818,0.016371580067256163,0.4296508499167182,-0.10295516534048645,-0.029058684359778847,0.03431617835453918,0.2653878231859883,0.0463975164798513,0.13100883263078603,-0.11069609966914869,-0.032610098680919665,0.0375864824101826,-0.06500927576888181,-0.007693851753183753,0.3733278682286089,-0.03552960800667223,-0.027037836064659704,0.022872429186329618,-0.07733922412821495,-0.03732361080976738,0.14843545379963788,-0.03962310934787999,0.0005677653304919233,0.024928984823829076,0.19900818249442104,0.07470619481932361,0.1124119528315284,0.0035750593401333757,-0.040364710440109294,0.021637524968204917,0.24255798751211596,0.048823939277698195,0.10305296490498056,1.4782608695652173,-0.097713197928294,1.6956521739130435,-0.03329781479456145,1.7826086956521738,-0.0370666204200501,2.0,-0.0320378360646597,1.8260869565217392,-0.003997452060812425,1.7391304347826086,-0.04471253652706582,1.391304347826087,0.012893319197690946,1.7826086956521738,0.04194099474072086,1.9130434782608696,-0.012476460448835928,1.9130434782608696,-0.042106219505419554,1.6956521739130435,0.070467064384541,1.4782608695652173,0.04512828710378515
2026-09-03,2026-09,115,115,0.047691943501933245,0.020223509745830776,0.037458584506857635,-0.017817407085930718,0.025531642180460955,0.3767007559848328,0.04372287540440306,-0.001206717619946101,0.033412328472161426,0.29240116783713405,0.026628273617855375,0.12145176529884338,0.051818929651583606,0.067399694707264,0.022236307234564927,-0.004095328839526708,-0.024276813575914824,0.46088817839821183,0.05891264893868855,0.02615152737452069,0.02585169260940317,0.2629921881164681,0.04834402782464816,0.27760533305505913,-0.010920855361792789,0.005270540066309431,0.026515931856685916,0.08843999053105027,0.027164616689501653,0.13932223618030548,0.10410321155211867,0.024084821611696037,0.02466894853079255,0.265777637497041,0.017737424258612737,0.13593937520636246,1.25,0.017098509745830777,1.25,-0.004331717619946101,1.8333333333333333,0.06281636137393067,1.8333333333333333,0.021568194041187358,1.3333333333333333,0.0019372067329760981,1.5,0.020334821611696037,1.1666666666666667,0.022614975513794287,1.3333333333333333,0.02329494028452204,1.6666666666666667,-0.02844348024258149,1.8333333333333333,0.043760694491314825,1.25,0.024039616689501653,1.0,0.015237424258612737
2026-09-04,2026-09,110,110,0.16760363365867953,0.03261562833879971,0.04546715523468868,0.013763722020602755,-0.003200661180754672,0.4016287812793796,0.06425624957735049,0.010989858312625354,0.04162845985629884,0.22263147217275658,0.033032649020182395,0.16177598420869221,0.07172676206263663,0.01845208747352281,0.033449705280526584,0.11706204297413092,0.02666053848691879,0.4167111258615147,0.06121768140116764,-0.027121807950844987,0.02713565223324909,-0.0029619277325699345,-0.018925421149614,0.17413776164705103,0.07437746405235868,-0.00416349947702602,0.029813864066637583,0.13529743254513896,0.022458724774537395,0.17508642443201758,-0.04616470068469832,-0.0412539655701403,0.024012991808113757,0.32081238870229695,0.04271113887138056,0.15213089730505916,0.9166666666666667,0.030323961672133044,1.1666666666666667,0.008073191645958688,1.6666666666666667,0.014285420806856143,1.5833333333333333,-0.03108014128417832,1.4166666666666667,-0.007705166143692687,1.1666666666666667,-0.044170632236806964,1.3333333333333333,-0.006533994514088004,1.5833333333333333,0.02907431568684906,1.6666666666666667,0.022493871820252122,1.75,-0.023300421149614,1.25,0.019333724774537396,0.6666666666666667,0.0410444722047139
2026-09-08,2026-09,107,107,0.15932914046121593,0.039923061190821445,0.03642888017498691,0.020827210564470306,0.014537837101666602,0.5022375773299823,-0.03569819157898862,0.0074353385352871155,0.031795914759720705,0.15109034267912771,0.023375122191538245,0.11381235617128285,0.16614786278156468,0.029183839563717312,0.02499432369622663,0.037686959205228736,0.010818742315751015,0.3546356870369478,0.04658213959471345,0.019497133960449133,0.017817753464963094,0.1501302925214052,0.03464303925473507,0.2106123986569318,0.020797923146878287,-0.022374561139686833,0.020142788942195382,0.051176551264719136,0.012295239872891616,0.11808612468567761,-0.02027866013902352,-0.023427625378871095,0.016243236418120737,-0.07828327357510922,-0.0023020043618669356,0.10403025599027221,1.1818181818181819,0.03696851573627599,1.6363636363636365,0.0033444294443780243,1.7272727272727273,0.024865657745535494,1.8181818181818183,0.014951679414994586,1.7272727272727273,-0.02669274295786865,1.6363636363636365,-0.027518534469780184,1.0,0.012037837101666601,1.0909090909090908,0.020647849464265518,1.5454545454545454,0.0069551059521146515,1.7272727272727273,0.03032485743655325,1.0909090909090908,0.009567967145618889,0.8181818181818182,-0.004347458907321481
2026-09-11,2026-09,83,82,0.023571638470257335,0.050475366314664746,0.03953316724518593,0.06548843457453507,-0.023814398266563216,0.33785394625738263,-0.07969858528189412,0.02468905692824619,0.025424048008109025,-0.029259896729776247,0.019292014840609065,0.1692014834843576,-0.1673313462910877,-0.03554820884282697,0.015498292442703069,-0.06712564543889846,0.009856523875592313,0.3078231308609247,-0.10154905335628227,-0.019158751560749074,0.023876052604446876,0.19827043365098024,0.012952375398585625,0.17620358057320118,-0.20987783888165903,0.005930295580375056,0.02056678009967009,-0.0012803828554636665,0.006201268158713122,0.11823357548564672,-0.19957180638932034,-0.06403044778886288,0.019705931020916605,-0.0331220351790437,0.012041890653503876,0.13302813237532973,1.9090909090909092,0.04570263904193747,2.0,0.019689056928246188,2.0,-0.04054820884282697,2.0,-0.024158751560749075,2.0,0.0009302955803750556,2.0,-0.06903044778886289,2.0,-0.028814398266563217,2.0,0.014292014840609064,2.0,0.004856523875592313,2.0,0.007952375398585624,2.0,0.0012012681587131218,2.0,0.0070418906535038754
2026-09-14,2026-09,499,490,0.009320713716589806,-0.0033959962032511027,0.0541456958398169,-0.03436714392640703,0.015046562649778843,0.45436178026150686,0.013637202115073521,-0.0015362942317681972,0.05016562487160632,-0.04856488881377212,-0.018514737544124787,0.10210987416153051,-0.025444338752453975,-0.0043599600918189044,0.019213482408243034,0.047409332686224416,0.0038527463898558566,0.2557323219596731,0.0603840289844506,0.012919794816560387,0.030323838174977007,-0.024112997078494337,-0.0031274643964102553,0.26205750083436774,-0.0005264505421880453,-0.00526077661792542,0.031816596592940324,0.026043991597653138,-0.002956426558182821,0.1529673707424378,0.012371297706591363,0.010688259862302665,0.026205675704855776,0.0859871067436077,0.0014436119069099463,0.12889198765006601,1.9591836734693877,-0.008293955386924571,2.0,-0.006536294231768197,1.9795918367346939,-0.00930893968365564,2.0,0.007919794816560386,2.0,-0.01026077661792542,2.0,0.005688259862302665,1.9795918367346939,0.010097583057942108,1.9795918367346939,-0.023463717135961522,2.0,-0.0011472536101441435,2.0,-0.008127464396410256,2.0,-0.007956426558182822,1.9795918367346939,-0.0035053676849267886
2026-09-15,2026-09,101,98,0.03662212178851226,0.010779832135628109,0.046439731598456144,0.0025626166645905525,0.0014719036259440502,0.31120706126093867,0.044391509585248165,0.016249012713056097,0.03259324914361725,0.04897509893759536,-0.003615010022256615,0.19733663387596606,0.08864324007970048,0.025828744168806917,0.012905271086378971,-0.05411780465312594,0.03661236367628895,0.2309384122490883,0.10139284851104592,0.05960543092819137,0.029347243875387327,-0.04053593633079602,-0.011249396274085822,0.20242357179522513,0.13510231538297057,0.08931567017833587,0.02591012339027841,0.009143882189561744,0.015128954137311787,0.12034183628857137,0.15264459127784955,0.05491080194313972,0.02022072228356705,0.00772279476647062,0.04373473567102611,0.10816793721169234,1.9387755102040816,0.005932893360117905,2.0,0.011249012713056096,1.9591836734693877,0.020930784985133448,1.9591836734693877,0.0547074717445179,1.9183673469387754,0.08451975181098893,1.8775510204081634,0.05021692439211931,1.9795918367346939,-0.003477075965892685,1.9795918367346939,-0.00856398961409335,1.9795918367346939,0.03166338408445221,1.9591836734693877,-0.01614735545775929,1.9183673469387754,0.01033303576996485,1.8775510204081634,0.039040858120005704
2026-09-16,2026-09,73,68,0.040324571146488956,0.06831290431448846,0.05321822900672134,-0.13078489448352462,-0.042266857306811075,0.3415838618363653,-0.06926446994940146,0.050893387199026835,0.0459055330452343,0.2820560286313711,0.0381890610209331,0.19234842487743922,-0.06272368258669629,-0.028429139279246934,0.01262645855413097,-0.0928976922127607,-0.013882325430775028,0.22127210029533928,-0.11659262001727755,-0.0248361996319544,0.02248930365815803,0.11825866962853264,-0.06358170473665038,0.25963866284915377,-0.06793780081451314,0.004654269189831474,0.02431659094753358,0.05106133530791065,-0.047822155335048314,0.1828320047685078,0.1037270146859188,0.058983549966008186,0.025356764739502782,0.10425151178575837,-0.0682304777759403,0.17160319909453392,1.8,0.06381290431448845,2.0,0.04589338719902684,1.9,-0.033179139279246934,1.9,-0.0295861996319544,1.9,-9.573081016852562e-05,2.0,0.05398354996600819,2.0,-0.04726685730681107,2.0,0.0331890610209331,1.9,-0.01863232543077503,1.9,-0.06833170473665039,2.0,-0.05282215533504831,1.8,-0.0727304777759403
2026-09-17,2026-09,86,84,-0.15293246347858006,-0.027095635494547174,0.04876565174692593,-0.11088258880135855,-0.03212253725670913,0.3781217969954014,-0.10354261993490259,0.020644862017265578,0.03994686683645825,-0.15318647105995567,-0.004608665731062708,0.18658722937107086,0.041294400679277324,-0.02956510379775361,0.01116307354694729,-0.0830510873154394,-0.03065485255207616,0.2362422589212656,0.08262692875665664,-0.004965923187973148,0.02172300668022055,0.16707391858106516,0.052348014131819734,0.22749178484082222,-0.10024105024428828,0.0007127682978189526,0.024924868930530957,0.08640973630831643,0.07871539317122649,0.15436669858172536,-0.05803103919996226,0.03268279464562247,0.018234690371701508,0.0993726119156564,0.07074005941442386,0.13816435227636248,1.75,-0.03147063549454718,1.5,0.016894862017265578,1.875,-0.034252603797753606,1.75,-0.009340923187973148,1.875,-0.003974731702181047,1.75,0.028307794645622473,1.875,-0.03681003725670913,1.75,-0.008983665731062709,2.0,-0.035654852552076156,1.75,0.04797301413181973,1.875,0.07402789317122649,1.75,0.06636505941442386
2026-09-18,2026-09,241,238,0.05231861575332934,-0.01237260333617094,0.05026404926946039,-0.05439285346867392,-0.015416576865578282,0.4389555503924688,-0.014191474527510212,0.0036610155412053515,0.03687547784819958,0.028963341449195844,0.026474186459669088,0.1784036049308876,-0.013348307671204691,0.011622550019484212,0.024123487422413444,0.0411079866945578,0.001387754486323934,0.35776322878276307,-0.07746143495784365,0.004226199219020528,0.029571856290022548,0.018122663831830185,0.00841322494373054,0.17901355462769666,-0.03612016822986439,-0.01271775225055334,0.025642114434108784,0.13386886595109906,0.03272784275390884,0.13962192352240282,-0.06446755275349206,-0.011720586543412598,0.022472988261905472,0.2134400397791571,0.06616101237687069,0.12646704008996795,1.8333333333333333,-0.016955936669504273,1.7083333333333333,-0.0006098177921279816,1.9583333333333333,0.006726716686150879,2.0,-0.0007738007809794719,2.0,-0.017717752250553342,1.9166666666666665,-0.016512253210079264,1.875,-0.02010407686557828,1.875,0.021786686459669087,1.9166666666666665,-0.0034039121803427323,2.0,0.00341322494373054,1.875,0.028040342753908837,1.8333333333333333,0.06157767904353736
2026-09-21,2026-09,214,210,0.0009232533415128624,-0.00942466431818793,0.04577065579380892,-0.008248666089123308,-0.017655946112296334,0.40664724384744955,0.01068047056518638,-0.008034441320445122,0.03637564694458452,0.0347303556177316,-0.0016007764741305264,0.13433096469158218,0.06817929966235142,0.012977674535722912,0.019632574555570863,0.09197082079523435,0.01924932891831814,0.22528781972470738,-0.002526705043770303,0.0020877263852554133,0.023010548803489142,0.04125679965469846,0.03086461225234301,0.1865586578136399,-0.044035130146232754,-0.014399730243838258,0.02288615148478848,0.01610243945743577,-0.015922583766276432,0.11501834789911906,-0.03649177199438505,-0.016219232684031047,0.024818019979050074,0.05958349532098044,0.010145110146856293,0.08728262170084886,1.5416666666666665,-0.013278830984854596,1.6666666666666665,-0.012201107987111787,1.75,0.008602674535722912,1.7083333333333333,-0.0021831069480779198,1.7916666666666665,-0.018878896910504924,1.6666666666666665,-0.020385899350697713,1.875,-0.022343446112296335,1.9166666666666665,-0.006392443140797193,1.7083333333333333,0.014978495584984807,1.875,0.02617711225234301,1.5833333333333333,-0.019880917099609763,1.625,0.006082610146856293
2026-09-22,2026-09,221,219,0.01019822784528667,0.0013381979235589057,0.04225953406066637,-0.03017332429097135,0.0030969340430807976,0.5802908258681947,-0.06573093043681279,0.02067827943683216,0.037104243340332334,0.0037533214003802238,0.006028325903469734,0.16471611691469495,-0.08468764939353175,-0.02308741125370364,0.023421935079903346,-0.10730541318776612,0.0038717095200382114,0.4097971167754043,-0.01666648600467173,0.010143124748130429,0.026531794493621016,-0.07928224398812635,-0.005619531757490517,0.18183516406200148,-0.16886166297931005,-0.012434722941242992,0.02540618862134319,-0.09549067784361902,-0.0024171710540211878,0.12552148052914575,-0.11231286886327509,-0.014388562835748187,0.02249685529103513,-0.06120382002734944,-0.026748190606273724,0.09798875226459296,1.5454545454545454,-0.0025254384400774576,1.7272727272727273,0.016360097618650343,1.8181818181818181,-0.027632865799158184,1.9090909090909092,0.005370397475403157,1.9090909090909092,-0.017207450213970264,1.8636363636363635,-0.019047653744839094,1.7272727272727273,-0.0012212477751010207,1.8636363636363635,0.0013692349943788254,1.9090909090909092,-0.0009010177526890609,1.9545454545454546,-0.010505895393854154,1.7272727272727273,-0.006735352872203006,1.5454545454545454,-0.030611826969910088
