{
  "status": "ok",
  "result_keys": [
    "all_paths",
    "paths",
    "mean_path",
    "median_path",
    "p05",
    "p25",
    "p75",
    "p95",
    "final_mean",
    "final_median",
    "final_p05",
    "final_p10",
    "final_p25",
    "final_p75",
    "final_p90",
    "final_p95",
    "total_return_pct",
    "annual_return_pct",
    "crash_prob_1y",
    "crash_prob_5y",
    "crash_probs",
    "cvar_95_pct",
    "max_dd_pct",
    "max_drawdown_pct",
    "scenarios",
    "ml_crash_prob",
    "ml_predicted_return",
    "garch_vol",
    "realism_check"
  ],
  "current_price": 6816.89013671875,
  "final_mean": 9563.728516616284,
  "final_median": 8701.653406211051,
  "final_p05": 3847.42714876925,
  "final_p10": 4671.161506159584,
  "final_p25": 6351.2529495552335,
  "final_p75": 11814.981856749082,
  "final_p90": 15585.25813483321,
  "final_p95": 18517.610141626727,
  "total_return_pct": 40.294596580071925,
  "annual_return_pct": 7.006014525218052,
  "crash_prob_1y": 25.590000000000003,
  "crash_prob_5y": 82.0,
  "cvar_95_pct": -53.4829518092916,
  "max_dd_pct": -30.689378088793738,
  "max_drawdown_pct": 30.689378088793738
}