{
  "status": "ok",
  "result_keys": [
    "all_paths",
    "paths",
    "mean_path",
    "median_path",
    "p05",
    "p25",
    "p75",
    "p95",
    "final_mean",
    "final_median",
    "final_p05",
    "final_p10",
    "final_p25",
    "final_p75",
    "final_p90",
    "final_p95",
    "total_return_pct",
    "annual_return_pct",
    "crash_prob_1y",
    "crash_prob_5y",
    "crash_probs",
    "cvar_95_pct",
    "max_dd_pct",
    "max_drawdown_pct",
    "scenarios",
    "ml_crash_prob",
    "ml_predicted_return",
    "garch_vol",
    "realism_check"
  ],
  "current_price": 6816.89013671875,
  "final_mean": 9572.246563191728,
  "final_median": 8734.164790974959,
  "final_p05": 3763.811231915987,
  "final_p10": 4628.71783745489,
  "final_p25": 6347.668740377394,
  "final_p75": 11853.410013486355,
  "final_p90": 15574.893066352948,
  "final_p95": 18375.155318008463,
  "total_return_pct": 40.419551602151,
  "annual_return_pct": 7.025068969486448,
  "crash_prob_1y": 25.72,
  "crash_prob_5y": 82.09,
  "cvar_95_pct": -54.98792943055081,
  "max_dd_pct": -30.86779285506418,
  "max_drawdown_pct": 30.86779285506418
}