{
  "status": "ok",
  "result_keys": [
    "all_paths",
    "paths",
    "mean_path",
    "median_path",
    "p05",
    "p25",
    "p75",
    "p95",
    "final_mean",
    "final_median",
    "final_p05",
    "final_p10",
    "final_p25",
    "final_p75",
    "final_p90",
    "final_p95",
    "total_return_pct",
    "annual_return_pct",
    "crash_prob_1y",
    "crash_prob_5y",
    "crash_probs",
    "cvar_95_pct",
    "max_dd_pct",
    "max_drawdown_pct",
    "scenarios",
    "ml_crash_prob",
    "ml_predicted_return",
    "garch_vol",
    "realism_check"
  ],
  "current_price": 6816.89013671875,
  "final_mean": 9598.962915279692,
  "final_median": 8691.676101143952,
  "final_p05": 3779.9138361946366,
  "final_p10": 4666.466080098749,
  "final_p25": 6330.7483059850365,
  "final_p75": 11932.045559920742,
  "final_p90": 15720.396846512636,
  "final_p95": 18538.354133025576,
  "total_return_pct": 40.81146567956966,
  "annual_return_pct": 7.084744252016462,
  "crash_prob_1y": 25.2,
  "crash_prob_5y": 81.53,
  "cvar_95_pct": -54.77522412341087,
  "max_dd_pct": -30.657926250146637,
  "max_drawdown_pct": 30.657926250146637
}