{
  "status": "ok",
  "result_keys": [
    "all_paths",
    "paths",
    "mean_path",
    "median_path",
    "p05",
    "p25",
    "p75",
    "p95",
    "final_mean",
    "final_median",
    "final_p05",
    "final_p10",
    "final_p25",
    "final_p75",
    "final_p90",
    "final_p95",
    "total_return_pct",
    "annual_return_pct",
    "crash_prob_1y",
    "crash_prob_5y",
    "crash_probs",
    "cvar_95_pct",
    "max_dd_pct",
    "max_drawdown_pct",
    "scenarios",
    "ml_crash_prob",
    "ml_predicted_return",
    "garch_vol",
    "realism_check"
  ],
  "current_price": 6816.89013671875,
  "final_mean": 9581.383194244758,
  "final_median": 8690.208477036373,
  "final_p05": 3778.284954119696,
  "final_p10": 4619.502819025169,
  "final_p25": 6286.999547187916,
  "final_p75": 11978.559052629296,
  "final_p90": 15698.001036208048,
  "final_p95": 18448.68004805677,
  "total_return_pct": 40.55358091566181,
  "annual_return_pct": 7.045492084090288,
  "crash_prob_1y": 25.4,
  "crash_prob_5y": 81.89,
  "cvar_95_pct": -54.597419924180016,
  "max_dd_pct": -30.9097510293364,
  "max_drawdown_pct": 30.9097510293364
}