date,ticker,sym_root,sym_suffix,n_quotes,quoted_spread_bps_mean,quoted_spread_bps_median,mid_price_mean
2026-07-15,AAPL,AAPL,,1448245,1.3217,1.2296,325.6071
2026-07-15,ABBV,ABBV,,24058,8.9449,8.1867,246.4175
2026-07-15,ABNB,ABNB,,35268,7.7231,6.7481,149.3873
2026-07-15,ABT,ABT,,109012,2.9911,2.2586,88.9784
2026-07-15,ACN,ACN,,36993,12.4406,11.6195,137.9624
2026-07-15,ADBE,ADBE,,59275,6.6528,5.7733,226.2594
2026-07-15,AEP,AEP,,156894,3.8723,3.0139,133.5287
2026-07-15,AMAT,AMAT,,139496,13.8919,13.1118,574.9225
2026-07-15,AMD,AMD,,271677,7.8017,7.5732,525.7573
2026-07-15,AMGN,AMGN,,28793,8.3508,8.0824,358.2691
2026-07-15,AMT,AMT,,21033,8.9391,8.314,169.0227
2026-07-15,AMZN,AMZN,,1233973,2.0955,1.963,254.6938
2026-07-15,AON,AON,,15425,11.6424,10.0716,356.6054
2026-07-15,APD,APD,,13818,9.6777,9.1973,294.7359
2026-07-15,AVB,AVB,,12030,11.2839,10.5003,191.7719
2026-07-15,AVGO,AVGO,,220256,4.722,4.389,391.6521
2026-07-15,AXON,AXON,,16267,26.5941,21.6902,541.132
2026-07-15,AXP,AXP,,29469,6.0677,5.5325,360.4788
2026-07-15,BA,BA,,20098,9.2251,9.0404,219.076
2026-07-15,BAC,BAC,,392295,1.6746,1.6235,61.5985
2026-07-15,BKNG,BKNG,,310269,2.0072,1.6549,180.3982
2026-07-15,BLK,BLK,,20683,15.6625,14.6473,1095.9512
2026-07-15,BMY,BMY,,245420,2.5671,1.7107,58.5661
2026-07-15,BRK-B,BRK,B,31426,5.023,4.2661,490.0577
2026-07-15,C,C,,119179,3.9402,3.7209,134.0234
2026-07-15,CAT,CAT,,47510,10.965,10.1904,908.0578
2026-07-15,CB,CB,,29412,7.6928,6.5003,338.648
2026-07-15,CCI,CCI,,26954,7.567,7.4757,79.5505
2026-07-15,CDNS,CDNS,,25007,13.3682,12.4113,373.8545
2026-07-15,CEG,CEG,,37791,9.3424,8.1561,259.3596
2026-07-15,CHTR,CHTR,,16890,21.1775,19.5533,131.7796
2026-07-15,CI,CI,,15326,12.4454,10.6379,301.7415
2026-07-15,CL,CL,,29429,6.5743,5.4798,91.4736
2026-07-15,CMCSA,CMCS,A,114013,4.3089,4.24,23.5731
2026-07-15,CME,CME,,24508,5.3153,4.1031,245.6205
2026-07-15,CMG,CMG,,217999,2.9634,2.772,35.9486
2026-07-15,COIN,COIN,,82292,18.3164,18.5644,163.9825
2026-07-15,COP,COP,,177534,4.0726,3.6179,110.7147
2026-07-15,COST,COST,,30503,6.6413,6.3065,921.9652
2026-07-15,CRM,CRM,,48360,7.0265,6.3676,168.9906
2026-07-15,CRWD,CRWD,,84518,7.9188,6.7555,208.4582
2026-07-15,CSCO,CSCO,,379924,3.0142,2.696,112.036
2026-07-15,CSX,CSX,,147923,2.2373,2.0298,49.2802
2026-07-15,CVX,CVX,,87614,2.5842,2.2364,179.9228
2026-07-15,D,D,,196437,2.7259,2.8121,70.997
2026-07-15,DD,DD,,7193,17.4534,16.5103,134.0852
2026-07-15,DE,DE,,13443,11.4693,11.2045,583.4291
2026-07-15,DHI,DHI,,26784,12.0648,10.5374,151.473
2026-07-15,DIS,DIS,,127883,2.4382,2.0566,97.2951
2026-07-15,DKNG,DKNG,,88890,5.1244,3.9378,25.6567
2026-07-15,DLR,DLR,,16866,12.4573,12.012,174.1664
2026-07-15,DOW,DOW,,132405,4.3793,3.3962,29.6517
2026-07-15,DUK,DUK,,91313,4.4364,4.012,125.5274
2026-07-15,DXCM,DXCM,,37744,6.956,5.4682,73.9816
2026-07-15,EA,EA,,54213,2.276,2.41,207.0587
2026-07-15,ECL,ECL,,8439,9.788,8.8443,270.9907
2026-07-15,ELV,ELV,,37323,11.921,10.4346,388.572
2026-07-15,EMR,EMR,,13208,11.2684,11.0217,136.1051
2026-07-15,ENPH,ENPH,,25066,25.5195,23.3863,43.7271
2026-07-15,EOG,EOG,,36465,6.6142,5.8806,136.6475
2026-07-15,EQIX,EQIX,,10441,16.0784,15.1895,1018.0245
2026-07-15,ETN,ETN,,29873,13.3727,12.1665,408.6867
2026-07-15,EXC,EXC,,162959,2.5344,2.1503,46.5307
2026-07-15,F,F,,98368,7.0374,7.0299,14.2188
2026-07-15,FCX,FCX,,190493,4.1432,3.3462,60.8583
2026-07-15,FDX,FDX,,18123,10.8556,10.5379,316.4514
2026-07-15,FSLR,FSLR,,17676,26.9179,24.9599,223.89
2026-07-15,FTNT,FTNT,,32967,11.5852,10.12,165.1452
2026-07-15,GD,GD,,13636,8.7031,7.9085,367.7329
2026-07-15,GE,GE,,48899,4.9012,4.2276,357.2715
2026-07-15,GEHC,GEHC,,58841,6.2911,6.3032,63.2494
2026-07-15,GILD,GILD,,50768,4.3663,3.7789,131.9744
2026-07-15,GIS,GIS,,194820,3.2578,2.6994,37.0513
2026-07-15,GM,GM,,44496,4.112,3.8662,77.3102
2026-07-15,GOOGL,GOOG,L,452854,1.7223,1.6185,369.6553
2026-07-15,GS,GS,,51014,9.9538,8.8716,1138.6273
2026-07-15,HAL,HAL,,134179,3.8734,2.8814,34.9393
2026-07-15,HCA,HCA,,32544,13.2755,11.5215,374.5905
2026-07-15,HD,HD,,37078,4.7676,4.3688,343.2577
2026-07-15,HON,HON,,24163,9.0758,8.4567,222.9982
2026-07-15,ICE,ICE,,19691,7.9003,7.1139,139.999
2026-07-15,INTC,INTC,,2287783,2.2791,1.9753,102.0527
2026-07-15,INTU,INTU,,61539,9.931,9.1132,282.5375
2026-07-15,ISRG,ISRG,,67174,5.7308,5.1235,389.5838
2026-07-15,IWM,IWM,,2398658,0.5217,0.3395,295.6973
2026-07-15,JNJ,JNJ,,47884,8.4277,7.65,250.7451
2026-07-15,JPM,JPM,,84804,4.6827,4.0492,347.2946
2026-07-15,KHC,KHC,,126718,4.0784,3.9208,25.4757
2026-07-15,KMI,KMI,,105044,3.3248,3.1013,32.2843
2026-07-15,KO,KO,,329183,1.5777,1.2085,82.8468
2026-07-15,KR,KR,,61375,2.9841,3.4112,57.8101
2026-07-15,LIN,LIN,,27520,7.5985,7.5328,516.0742
2026-07-15,LLY,LLY,,23803,8.7234,7.8634,1146.1214
2026-07-15,LMT,LMT,,9843,10.6967,9.2707,515.1982
2026-07-15,LOW,LOW,,12314,11.8328,11.005,210.5972
2026-07-15,LULU,LULU,,20967,12.5467,11.6289,118.6498
2026-07-15,MA,MA,,53688,6.8126,6.3383,537.8727
2026-07-15,MCD,MCD,,61284,3.6269,3.3421,267.3885
2026-07-15,MDLZ,MDLZ,,233851,2.7029,1.7151,58.6872
2026-07-15,MDT,MDT,,128625,4.8139,4.8948,81.0628
2026-07-15,META,META,,159219,5.0705,4.73,675.4171
2026-07-15,MLM,MLM,,10894,15.8678,14.764,572.1148
2026-07-15,MNST,MNST,,94756,3.8904,4.0441,98.5005
2026-07-15,MO,MO,,71651,4.3719,4.2161,70.8687
2026-07-15,MPC,MPC,,22945,13.8848,13.3627,297.9959
2026-07-15,MRK,MRK,,45694,4.2389,3.2433,123.5813
2026-07-15,MS,MS,,86893,11.72,10.9163,228.2246
2026-07-15,MSFT,MSFT,,254337,2.0818,2.0152,395.5381
2026-07-15,MU,MU,,900891,4.3519,4.1929,909.1446
2026-07-15,NEE,NEE,,178064,2.4973,2.2502,89.0172
2026-07-15,NEM,NEM,,99660,4.1211,4.1837,94.8346
2026-07-15,NFLX,NFLX,,428422,1.8425,1.3531,74.1566
2026-07-15,NKE,NKE,,203866,2.6974,2.3226,43.0903
2026-07-15,NOC,NOC,,10174,11.7953,10.3525,530.3285
2026-07-15,NOW,NOW,,192431,6.1539,5.6781,105.6406
2026-07-15,NSC,NSC,,12356,11.0331,9.8226,326.181
2026-07-15,NUE,NUE,,11815,15.9703,15.3081,235.786
2026-07-15,NVDA,NVDA,,1064071,1.4168,1.4282,209.5209
2026-07-15,O,O,,209020,2.3273,1.5722,63.8675
2026-07-15,OKE,OKE,,32824,6.3462,5.5258,90.8652
2026-07-15,ORCL,ORCL,,126222,5.3212,4.542,131.9856
2026-07-15,ORLY,ORLY,,117978,4.8222,4.7388,84.092
2026-07-15,PANW,PANW,,57815,13.9206,13.2009,356.4176
2026-07-15,PCG,PCG,,64360,5.7395,5.7225,17.4602
2026-07-15,PEP,PEP,,83854,3.045,2.9384,136.0446
2026-07-15,PFE,PFE,,116770,4.0591,4.0478,24.6814
2026-07-15,PG,PG,,76708,4.659,4.7299,147.7272
2026-07-15,PGR,PGR,,33846,11.6973,10.691,207.5258
2026-07-15,PLD,PLD,,27552,6.2894,5.6267,142.7441
2026-07-15,PLTR,PLTR,,1177164,3.532,3.0026,133.9012
2026-07-15,PLUG,PLUG,,44908,45.6132,45.5581,2.1956
2026-07-15,PM,PM,,23637,8.3588,7.2697,179.0531
2026-07-15,PPG,PPG,,6772,14.8526,13.8247,115.8173
2026-07-15,PSA,PSA,,16283,10.4197,9.7756,317.7338
2026-07-15,PSX,PSX,,42739,11.8584,11.2411,196.5068
2026-07-15,QCOM,QCOM,,88761,10.3517,10.1192,177.1628
2026-07-15,RBLX,RBLX,,55541,7.2866,7.0348,56.512
2026-07-15,ROST,ROST,,23943,10.6881,9.7479,225.7725
2026-07-15,RTX,RTX,,20017,7.2664,6.6737,194.8017
2026-07-15,SBUX,SBUX,,73612,4.4762,3.8073,106.2849
2026-07-15,SCHW,SCHW,,71741,3.0122,2.9113,102.7922
2026-07-15,SHW,SHW,,16313,7.9072,7.2497,332.8202
2026-07-15,SLB,SLB,,130685,2.8206,2.1207,47.3793
2026-07-15,SNPS,SNPS,,23863,11.6219,10.6359,424.7926
2026-07-15,SO,SO,,57754,5.2941,4.1845,95.4574
2026-07-15,SOC,SOC,,17949,24.3219,23.7248,4.2134
2026-07-15,SPG,SPG,,6485,15.7251,14.8358,222.089
2026-07-15,SPGI,SPGI,,19105,9.5221,8.4869,445.7944
2026-07-15,SPOT,SPOT,,16915,18.8373,17.4825,487.5967
2026-07-15,SRE,SRE,,14831,7.8309,6.4627,93.1906
2026-07-15,STZ,STZ,,6680,17.4652,15.9205,132.2044
2026-07-15,SYK,SYK,,19815,8.3002,7.0137,314.8984
2026-07-15,SYY,SYY,,26477,5.9477,6.0757,81.56
2026-07-15,T,T,,138326,4.6607,4.6566,21.4826
2026-07-15,TJX,TJX,,27255,4.839,3.9846,150.9548
2026-07-15,TMO,TMO,,23152,9.0166,7.6386,537.4007
2026-07-15,TMUS,TMUS,,32303,10.6882,10.074,188.3023
2026-07-15,TSLA,TSLA,,374705,2.7388,2.5347,396.2404
2026-07-15,TT,TT,,24383,17.8427,17.269,478.1793
2026-07-15,TTWO,TTWO,,17405,13.0015,11.9496,243.0025
2026-07-15,TXN,TXN,,49745,11.8867,11.6401,299.8768
2026-07-15,UBER,UBER,,156625,3.1692,2.7356,73.2202
2026-07-15,UNH,UNH,,53091,5.3828,4.5382,420.2614
2026-07-15,UPS,UPS,,33099,6.7455,5.3018,114.1759
2026-07-15,V,V,,62205,4.0277,3.6251,357.5987
2026-07-15,VICI,VICI,,95128,3.9245,3.7786,26.4765
2026-07-15,VLO,VLO,,28493,13.3885,12.7946,291.4787
2026-07-15,VMC,VMC,,12437,11.9068,10.9985,290.1561
2026-07-15,VRTX,VRTX,,16520,10.4495,9.9923,476.9327
2026-07-15,VST,VST,,32105,17.278,16.3153,162.2042
2026-07-15,VZ,VZ,,135608,2.5775,2.328,42.9539
2026-07-15,WBD,WBD,,92453,3.7252,3.6771,27.2127
2026-07-15,WEC,WEC,,25680,7.4748,6.1788,113.9191
2026-07-15,WELL,WELL,,21475,12.8285,12.385,234.4313
2026-07-15,WFC,WFC,,250606,2.693,2.3039,86.8244
2026-07-15,WM,WM,,14246,12.5786,11.8896,234.6419
2026-07-15,WMB,WMB,,59193,3.4889,2.6828,74.9706
2026-07-15,WMT,WMT,,383213,1.714,1.7487,113.9191
2026-07-15,XEL,XEL,,302045,2.7494,2.5107,79.7616
2026-07-15,XOM,XOM,,151705,2.3272,2.0974,143.4287
2026-07-15,YUM,YUM,,19236,12.6891,11.6535,154.6959
2026-07-15,ZTS,ZTS,,23479,8.5451,6.7336,74.9867
2026-07-16,AAPL,AAPL,,1571194,1.2547,1.2079,331.1666
2026-07-16,ABBV,ABBV,,31776,7.3172,6.7537,251.4304
2026-07-16,ABNB,ABNB,,32390,9.034,8.1301,147.8898
2026-07-16,ABT,ABT,,270351,4.6038,4.0044,99.3836
2026-07-16,ACN,ACN,,45521,11.5215,10.4701,141.6066
2026-07-16,ADBE,ADBE,,84442,6.0076,5.1103,230.5959
2026-07-16,AEP,AEP,,106887,3.3898,3.0091,133.0937
2026-07-16,AMAT,AMAT,,101129,12.3417,11.4808,569.2886
2026-07-16,AMD,AMD,,173976,8.2345,7.8385,502.5657
2026-07-16,AMGN,AMGN,,30797,8.1146,7.0721,367.9074
2026-07-16,AMT,AMT,,12995,9.9972,9.4546,169.03
2026-07-16,AMZN,AMZN,,1282144,1.9696,1.9558,254.9216
2026-07-16,AON,AON,,13689,10.2337,9.1124,364.2942
2026-07-16,APD,APD,,16577,11.92,10.4583,295.0233
2026-07-16,AVB,AVB,,11664,9.948,9.2405,194.7441
2026-07-16,AVGO,AVGO,,187122,3.9577,3.4557,379.0644
2026-07-16,AXON,AXON,,13795,25.6249,22.1015,536.3391
2026-07-16,AXP,AXP,,20197,6.2895,5.5565,360.9001
2026-07-16,BA,BA,,23232,7.0105,6.5041,215.8979
2026-07-16,BAC,BAC,,356237,1.7366,1.6254,61.5261
2026-07-16,BKNG,BKNG,,304308,1.8477,1.1033,182.2865
2026-07-16,BLK,BLK,,18669,14.7207,13.2999,1094.4514
2026-07-16,BMY,BMY,,281892,2.6997,1.6777,59.8761
2026-07-16,BRK-B,BRK,B,23269,4.0729,3.4834,488.9535
2026-07-16,C,C,,128334,4.0268,3.774,132.5585
2026-07-16,CAT,CAT,,48599,8.7639,7.7128,882.7572
2026-07-16,CB,CB,,31523,4.2934,3.504,342.1288
2026-07-16,CCI,CCI,,21047,7.4637,6.3335,78.9343
2026-07-16,CDNS,CDNS,,30511,12.3029,10.4542,364.3432
2026-07-16,CEG,CEG,,52558,10.5569,9.8276,251.6183
2026-07-16,CHTR,CHTR,,22584,21.2314,19.1995,134.4019
2026-07-16,CI,CI,,34347,10.5885,9.1199,284.1441
2026-07-16,CL,CL,,30786,4.798,4.2531,93.8875
2026-07-16,CMCSA,CMCS,A,173388,4.1965,4.1606,23.9991
2026-07-16,CME,CME,,25246,6.0393,4.8884,244.702
2026-07-16,CMG,CMG,,188056,3.2928,2.9066,34.415
2026-07-16,COIN,COIN,,85345,17.9779,18.2149,162.7246
2026-07-16,COP,COP,,193126,3.4858,3.5486,112.3965
2026-07-16,COST,COST,,49061,5.7626,5.3365,936.7247
2026-07-16,CRM,CRM,,59007,7.744,6.9372,171.231
2026-07-16,CRWD,CRWD,,80700,9.0206,8.2574,203.7811
2026-07-16,CSCO,CSCO,,660067,3.2427,2.7694,108.6641
2026-07-16,CSX,CSX,,173183,2.2471,1.9714,50.6734
2026-07-16,CVX,CVX,,72074,2.4481,2.1782,183.8364
2026-07-16,D,D,,209788,2.3388,2.7851,71.4986
2026-07-16,DD,DD,,8311,16.0932,14.9399,133.6124
2026-07-16,DE,DE,,14732,11.5399,10.9003,595.2447
2026-07-16,DHI,DHI,,25377,12.0675,10.3862,153.27
2026-07-16,DIS,DIS,,99842,2.589,2.034,98.708
2026-07-16,DKNG,DKNG,,97698,5.917,4.012,25.0127
2026-07-16,DLR,DLR,,15269,11.3253,10.3205,173.4909
2026-07-16,DOW,DOW,,107206,4.3706,3.3767,29.6425
2026-07-16,DUK,DUK,,65016,3.9812,3.9738,125.6223
2026-07-16,DXCM,DXCM,,46832,7.7434,6.4671,77.6884
2026-07-16,EA,EA,,38702,1.6489,1.4474,207.3274
2026-07-16,ECL,ECL,,9520,8.9379,7.297,273.6032
2026-07-16,ELV,ELV,,38177,12.8721,11.6717,375.6398
2026-07-16,EMR,EMR,,13146,11.2067,10.2261,137.391
2026-07-16,ENPH,ENPH,,41729,18.0702,16.4261,41.7028
2026-07-16,EOG,EOG,,33602,6.3406,5.7624,138.8457
2026-07-16,EQIX,EQIX,,8310,21.4387,20.3084,1007.3805
2026-07-16,ETN,ETN,,33815,13.3161,12.1568,397.2742
2026-07-16,EXC,EXC,,149036,2.6543,2.1577,46.4132
2026-07-16,F,F,,84184,7.0708,7.0646,14.1554
2026-07-16,FCX,FCX,,164761,3.135,3.3698,58.3986
2026-07-16,FDX,FDX,,16734,12.1986,11.3647,316.6317
2026-07-16,FSLR,FSLR,,19362,23.535,22.1087,214.7693
2026-07-16,FTNT,FTNT,,37172,11.6556,9.9237,161.5559
2026-07-16,GD,GD,,12278,9.4909,7.6234,367.0773
2026-07-16,GE,GE,,55147,7.353,6.4698,342.5352
2026-07-16,GEHC,GEHC,,47096,5.1149,4.6321,64.6596
2026-07-16,GILD,GILD,,91199,3.8218,3.0035,134.2171
2026-07-16,GIS,GIS,,183864,2.8894,2.5757,38.7853
2026-07-16,GM,GM,,43793,4.6073,3.904,77.0936
2026-07-16,GOOGL,GOOG,L,590053,2.1885,1.8896,366.1182
2026-07-16,GS,GS,,50422,9.7354,9.0106,1104.8402
2026-07-16,HAL,HAL,,117076,3.1933,2.8567,35.0465
2026-07-16,HCA,HCA,,28539,13.2101,12.3248,387.5027
2026-07-16,HD,HD,,40284,6.2012,5.4594,347.0374
2026-07-16,HON,HON,,21095,9.2859,8.9218,224.3115
2026-07-16,ICE,ICE,,21672,6.4402,5.6429,141.2517
2026-07-16,INTC,INTC,,717645,2.8182,3.0167,97.7983
2026-07-16,INTU,INTU,,59556,9.5061,7.9044,290.6393
2026-07-16,ISRG,ISRG,,55499,6.4263,5.2275,400.2689
2026-07-16,IWM,IWM,,2562960,0.4873,0.3389,296.2183
2026-07-16,JNJ,JNJ,,59660,5.2619,4.424,250.1978
2026-07-16,JPM,JPM,,81114,3.7599,3.1901,344.192
2026-07-16,KHC,KHC,,124184,3.941,3.8307,26.0939
2026-07-16,KMI,KMI,,106603,3.3592,3.0727,32.5622
2026-07-16,KO,KO,,371406,1.552,1.1863,84.4237
2026-07-16,KR,KR,,50870,4.6205,3.4656,57.8211
2026-07-16,LIN,LIN,,28412,7.2467,6.6301,515.7155
2026-07-16,LLY,LLY,,35704,11.0128,10.0144,1173.3231
2026-07-16,LMT,LMT,,10326,11.8698,11.9735,515.8151
2026-07-16,LOW,LOW,,11722,12.9689,12.5672,214.6772
2026-07-16,LULU,LULU,,20473,14.389,12.6877,118.6694
2026-07-16,MA,MA,,34693,7.4786,6.2073,546.8361
2026-07-16,MCD,MCD,,58459,4.1595,3.6776,271.1068
2026-07-16,MDLZ,MDLZ,,303665,2.6268,1.6693,60.5612
2026-07-16,MDT,MDT,,94403,4.075,3.5922,83.7416
2026-07-16,META,META,,109640,4.9528,4.5956,671.2548
2026-07-16,MLM,MLM,,10869,17.2511,15.8361,575.8613
2026-07-16,MNST,MNST,,122413,4.82,4.0112,99.2964
2026-07-16,MO,MO,,76726,4.7764,4.1457,72.2038
2026-07-16,MPC,MPC,,15375,13.0438,11.7894,306.6361
2026-07-16,MRK,MRK,,49238,3.9964,3.1464,127.6563
2026-07-16,MS,MS,,79424,6.9102,6.0025,218.7031
2026-07-16,MSFT,MSFT,,218312,2.0146,1.9785,400.1088
2026-07-16,MU,MU,,493155,5.5173,5.2874,855.5173
2026-07-16,NEE,NEE,,170932,2.2688,2.2401,89.2932
2026-07-16,NEM,NEM,,116900,3.8289,3.2972,91.7407
2026-07-16,NFLX,NFLX,,569592,1.7264,1.3568,73.7234
2026-07-16,NKE,NKE,,181909,2.9719,2.2658,44.1393
2026-07-16,NOC,NOC,,11533,13.6405,12.9793,522.7974
2026-07-16,NOW,NOW,,374370,5.8756,5.7543,102.8383
2026-07-16,NSC,NSC,,24272,9.5409,8.0001,337.927
2026-07-16,NUE,NUE,,11255,14.6928,13.929,236.4294
2026-07-16,NVDA,NVDA,,1098127,1.3545,1.4447,207.262
2026-07-16,O,O,,165806,2.3164,1.5448,65.0551
2026-07-16,OKE,OKE,,26080,6.0347,5.3599,93.0677
2026-07-16,ORCL,ORCL,,144357,4.7957,4.022,126.0423
2026-07-16,ORLY,ORLY,,101972,3.3264,2.3549,85.5817
2026-07-16,PANW,PANW,,53985,14.3612,12.9545,353.703
2026-07-16,PCG,PCG,,54330,5.71,5.7094,17.533
2026-07-16,PEP,PEP,,92348,3.212,2.8837,138.4497
2026-07-16,PFE,PFE,,126366,3.9797,3.9769,25.163
2026-07-16,PG,PG,,48917,4.0705,3.9788,150.2435
2026-07-16,PGR,PGR,,26922,7.3491,5.8494,204.8377
2026-07-16,PLD,PLD,,26433,13.1069,12.3069,148.5751
2026-07-16,PLTR,PLTR,,279970,3.3889,3.0028,132.854
2026-07-16,PLUG,PLUG,,53087,46.5367,46.62,2.1502
2026-07-16,PM,PM,,25801,8.3076,7.0004,186.6204
2026-07-16,PPG,PPG,,8426,16.2385,14.4515,117.9317
2026-07-16,PSA,PSA,,17080,7.7915,7.1966,321.0432
2026-07-16,PSX,PSX,,23672,10.7839,9.9211,201.414
2026-07-16,QCOM,QCOM,,109803,8.2444,7.5782,171.4056
2026-07-16,RBLX,RBLX,,49019,11.224,8.9969,55.4688
2026-07-16,ROST,ROST,,20633,11.33,9.8999,232.6967
2026-07-16,RTX,RTX,,17881,8.6267,7.7147,193.7229
2026-07-16,SBUX,SBUX,,47240,4.9677,4.6085,108.2607
2026-07-16,SCHW,SCHW,,78504,3.2999,2.9091,102.766
2026-07-16,SHW,SHW,,14048,8.0386,6.8228,337.0237
2026-07-16,SLB,SLB,,146977,3.0608,2.1261,47.1864
2026-07-16,SNPS,SNPS,,23372,12.4451,11.4641,419.9411
2026-07-16,SO,SO,,83794,4.4376,4.1824,95.5925
2026-07-16,SOC,SOC,,24212,25.9412,25.413,3.9803
2026-07-16,SPG,SPG,,7379,11.1368,9.6933,227.3488
2026-07-16,SPGI,SPGI,,21981,8.7869,7.932,453.0868
2026-07-16,SPOT,SPOT,,17222,16.992,15.6199,478.1774
2026-07-16,SRE,SRE,,11035,7.6103,6.4662,92.8717
2026-07-16,STZ,STZ,,10851,14.6161,14.1269,135.1642
2026-07-16,SYK,SYK,,24882,10.0378,9.1158,330.7335
2026-07-16,SYY,SYY,,14261,6.0081,4.8662,82.318
2026-07-16,T,T,,159185,4.5696,4.5527,21.9151
2026-07-16,TJX,TJX,,23083,7.1356,6.4445,154.6794
2026-07-16,TMO,TMO,,23205,8.1136,7.0565,539.0114
2026-07-16,TMUS,TMUS,,31159,8.4493,7.7646,192.2195
2026-07-16,TSLA,TSLA,,284551,2.7712,2.5739,390.547
2026-07-16,TT,TT,,19165,13.5121,11.9674,474.6978
2026-07-16,TTWO,TTWO,,19073,15.4347,13.7234,241.4715
2026-07-16,TXN,TXN,,61313,10.7126,10.0136,290.3182
2026-07-16,UBER,UBER,,194412,3.4098,2.7222,73.6623
2026-07-16,UNH,UNH,,99468,7.3634,6.4126,436.2905
2026-07-16,UPS,UPS,,38722,5.1214,4.2806,116.4641
2026-07-16,V,V,,53681,3.4372,3.0393,361.5818
2026-07-16,VICI,VICI,,91256,3.8995,3.7071,26.941
2026-07-16,VLO,VLO,,23606,13.5111,13.0132,301.0072
2026-07-16,VMC,VMC,,12762,10.7743,9.5524,292.1721
2026-07-16,VRTX,VRTX,,15023,12.0242,10.998,482.5143
2026-07-16,VST,VST,,45257,9.9259,8.6027,151.489
2026-07-16,VZ,VZ,,217566,2.5266,2.2849,43.7283
2026-07-16,WBD,WBD,,71485,3.7051,3.6962,27.038
2026-07-16,WEC,WEC,,14535,6.2526,4.4051,113.7301
2026-07-16,WELL,WELL,,11886,10.1341,9.276,239.4051
2026-07-16,WFC,WFC,,202963,2.6251,2.2704,88.0633
2026-07-16,WM,WM,,12848,13.3399,11.6187,241.614
2026-07-16,WMB,WMB,,56637,3.7786,2.6856,74.8507
2026-07-16,WMT,WMT,,714092,1.807,1.7403,114.6659
2026-07-16,XEL,XEL,,290110,2.2763,2.4907,80.0824
2026-07-16,XOM,XOM,,110785,1.8617,2.046,146.0434
2026-07-16,YUM,YUM,,23002,12.0933,11.1831,151.6416
2026-07-16,ZTS,ZTS,,26259,7.3683,6.4737,77.0097
2026-07-17,AAPL,AAPL,,1506825,1.4171,1.2137,332.0369
2026-07-17,ABBV,ABBV,,23751,8.179,7.4021,257.3716
2026-07-17,ABNB,ABNB,,28800,9.1707,8.2082,146.2011
2026-07-17,ABT,ABT,,204444,4.5157,3.9773,100.6938
2026-07-17,ACN,ACN,,44293,9.3322,7.6722,142.6083
2026-07-17,ADBE,ADBE,,90785,6.3961,5.1014,236.286
2026-07-17,AEP,AEP,,160136,3.5139,3.0255,133.5888
2026-07-17,AMAT,AMAT,,131065,13.4322,12.8409,534.2145
2026-07-17,AMD,AMD,,227792,10.5879,10.0891,491.1052
2026-07-17,AMGN,AMGN,,41319,7.5221,6.724,368.2612
2026-07-17,AMT,AMT,,14265,8.795,7.683,170.0865
2026-07-17,AMZN,AMZN,,1205570,2.2529,2.0189,248.1205
2026-07-17,AON,AON,,17669,11.1854,10.361,368.6984
2026-07-17,APD,APD,,18546,10.7509,9.1249,298.2658
2026-07-17,AVB,AVB,,19433,10.6386,10.1958,194.0212
2026-07-17,AVGO,AVGO,,180830,4.799,4.3243,370.8422
2026-07-17,AXON,AXON,,22229,23.7955,21.3205,516.5067
2026-07-17,AXP,AXP,,29245,6.2027,5.604,356.1334
2026-07-17,BA,BA,,36519,10.1138,9.7704,215.0016
2026-07-17,BAC,BAC,,287797,1.6988,1.6227,61.569
2026-07-17,BKNG,BKNG,,279662,2.6194,2.2041,180.8274
2026-07-17,BLK,BLK,,14546,16.3891,14.7748,1076.2744
2026-07-17,BMY,BMY,,325818,2.621,1.6503,61.4164
2026-07-17,BRK-B,BRK,B,51412,5.2422,5.0863,494.8499
2026-07-17,C,C,,115450,3.2126,3.067,130.1719
2026-07-17,CAT,CAT,,48536,11.5944,10.9791,879.9644
2026-07-17,CB,CB,,31052,6.2485,5.6537,351.9369
2026-07-17,CCI,CCI,,23727,7.0406,6.3056,79.193
2026-07-17,CDNS,CDNS,,56012,13.7006,11.5533,328.2237
2026-07-17,CEG,CEG,,43670,9.5302,8.6932,251.8151
2026-07-17,CHTR,CHTR,,23041,21.9678,20.1847,133.5555
2026-07-17,CI,CI,,24509,7.7159,6.7757,284.2712
2026-07-17,CL,CL,,37300,5.7532,5.3697,93.5821
2026-07-17,CMCSA,CMCS,A,167631,4.2497,4.1658,24.0435
2026-07-17,CME,CME,,28064,8.0077,6.9682,244.7058
2026-07-17,CMG,CMG,,173145,3.2489,2.8748,34.8638
2026-07-17,COIN,COIN,,75579,16.5116,15.9535,157.4817
2026-07-17,COP,COP,,204396,3.6763,3.5014,114.2279
2026-07-17,COST,COST,,39225,7.1063,6.5076,942.7171
2026-07-17,CRM,CRM,,51141,6.7745,5.8517,171.2876
2026-07-17,CRWD,CRWD,,91373,8.9684,7.3251,205.6715
2026-07-17,CSCO,CSCO,,345655,3.1999,2.6808,112.1855
2026-07-17,CSX,CSX,,136503,2.0883,1.9695,50.8214
2026-07-17,CVX,CVX,,90041,2.4198,2.1486,186.5578
2026-07-17,D,D,,259991,2.2863,2.7461,71.7464
2026-07-17,DD,DD,,10891,14.8418,12.5809,135.119
2026-07-17,DE,DE,,14870,13.4325,12.556,601.7084
2026-07-17,DHI,DHI,,28721,12.0594,10.6952,151.2337
2026-07-17,DIS,DIS,,126660,2.6274,2.0553,98.0546
2026-07-17,DKNG,DKNG,,130554,4.9493,4.0891,24.581
2026-07-17,DLR,DLR,,17990,11.0058,9.7592,174.2195
2026-07-17,DOW,DOW,,128630,4.2573,3.3518,30.0066
2026-07-17,DUK,DUK,,56031,4.328,3.9986,125.9058
2026-07-17,DXCM,DXCM,,36167,7.254,5.2528,76.4969
2026-07-17,EA,EA,,16716,0.7936,0.9566,209.0016
2026-07-17,ECL,ECL,,11447,12.295,11.2321,275.1233
2026-07-17,ELV,ELV,,23090,11.642,10.2742,368.635
2026-07-17,EMR,EMR,,30180,11.4642,10.0438,140.6348
2026-07-17,ENPH,ENPH,,34340,19.8157,17.3375,41.4009
2026-07-17,EOG,EOG,,61412,6.0598,5.7278,139.6428
2026-07-17,EQIX,EQIX,,8580,24.2337,22.493,1016.0286
2026-07-17,ETN,ETN,,25895,14.1039,12.5442,399.671
2026-07-17,EXC,EXC,,166716,2.5251,2.1475,46.8139
2026-07-17,F,F,,93918,6.9707,6.9662,14.3607
2026-07-17,FCX,FCX,,154768,3.3159,3.4054,58.5129
2026-07-17,FDX,FDX,,19624,10.3742,9.5259,315.466
2026-07-17,FSLR,FSLR,,20287,30.2473,27.5026,210.2143
2026-07-17,FTNT,FTNT,,46693,10.9663,9.89,162.1965
2026-07-17,GD,GD,,13745,12.1175,11.4373,370.2313
2026-07-17,GE,GE,,58078,6.1005,5.0961,353.1075
2026-07-17,GEHC,GEHC,,60793,5.8377,4.7729,63.647
2026-07-17,GILD,GILD,,49678,5.9197,5.2074,136.6818
2026-07-17,GIS,GIS,,189867,3.037,2.6147,38.5083
2026-07-17,GM,GM,,56922,4.3234,3.8923,77.0048
2026-07-17,GOOGL,GOOG,L,525176,1.6559,1.4498,345.7191
2026-07-17,GS,GS,,46946,9.7643,8.9039,1075.7272
2026-07-17,HAL,HAL,,123479,3.2129,2.8454,35.1454
2026-07-17,HCA,HCA,,31635,13.1975,11.457,376.7603
2026-07-17,HD,HD,,41510,5.2167,4.7071,343.9698
2026-07-17,HON,HON,,19313,8.4713,7.4655,227.4472
2026-07-17,ICE,ICE,,22547,7.5185,6.462,140.4929
2026-07-17,INTC,INTC,,1893260,2.9476,3.1271,94.8988
2026-07-17,INTU,INTU,,47277,10.2313,8.4926,293.1105
2026-07-17,ISRG,ISRG,,118187,6.3119,5.3397,352.8049
2026-07-17,IWM,IWM,,1636353,0.7595,0.6805,294.4721
2026-07-17,JNJ,JNJ,,58468,4.3763,3.5673,253.5154
2026-07-17,JPM,JPM,,76481,3.7765,3.1914,343.3395
2026-07-17,KHC,KHC,,154105,3.9255,3.79,26.3705
2026-07-17,KMI,KMI,,130565,3.1739,3.0783,32.4707
2026-07-17,KO,KO,,479080,1.7707,1.2284,82.4778
2026-07-17,KR,KR,,102195,5.1563,5.0188,59.155
2026-07-17,LIN,LIN,,31410,7.1632,6.6938,518.1122
2026-07-17,LLY,LLY,,30117,9.4418,8.1664,1178.8268
2026-07-17,LMT,LMT,,14885,12.6588,11.4387,516.4403
2026-07-17,LOW,LOW,,20931,13.1342,12.2077,213.066
2026-07-17,LULU,LULU,,20027,12.9918,11.1746,117.2842
2026-07-17,MA,MA,,43689,5.8236,4.9743,543.2681
2026-07-17,MCD,MCD,,52246,4.5205,4.0994,270.2048
2026-07-17,MDLZ,MDLZ,,332217,2.659,1.6476,61.4177
2026-07-17,MDT,MDT,,146960,3.4743,3.5768,83.3919
2026-07-17,META,META,,179755,5.4136,4.662,640.836
2026-07-17,MLM,MLM,,12452,21.0931,19.5907,570.9688
2026-07-17,MNST,MNST,,201212,4.5567,4.1144,97.8251
2026-07-17,MO,MO,,109210,3.9278,4.0179,74.3454
2026-07-17,MPC,MPC,,22935,12.746,11.5622,310.2359
2026-07-17,MRK,MRK,,70798,4.4564,3.9182,129.1347
2026-07-17,MS,MS,,46522,6.296,5.584,215.8336
2026-07-17,MSFT,MSFT,,190523,2.1085,1.7882,393.3824
2026-07-17,MU,MU,,619930,5.9929,5.7492,867.99
2026-07-17,NEE,NEE,,149445,2.8832,2.2581,89.3993
2026-07-17,NEM,NEM,,80270,4.007,3.3331,90.3095
2026-07-17,NFLX,NFLX,,679217,2.2354,1.4748,68.2042
2026-07-17,NKE,NKE,,196778,2.6425,2.2839,44.0906
2026-07-17,NOC,NOC,,18359,14.3461,13.6094,530.2081
2026-07-17,NOW,NOW,,227752,5.8425,4.848,103.6724
2026-07-17,NSC,NSC,,15620,11.4323,11.1481,340.3198
2026-07-17,NUE,NUE,,14422,16.76,15.6531,236.2942
2026-07-17,NVDA,NVDA,,1358182,1.3488,1.4626,203.796
2026-07-17,O,O,,185579,2.2074,1.5275,66.055
2026-07-17,OKE,OKE,,30072,7.1024,6.4378,93.2865
2026-07-17,ORCL,ORCL,,107369,5.4022,4.6985,126.331
2026-07-17,ORLY,ORLY,,66560,3.8682,3.4688,86.2614
2026-07-17,PANW,PANW,,46737,14.1766,12.4818,361.4055
2026-07-17,PCG,PCG,,63478,5.7274,5.7159,17.5234
2026-07-17,PEP,PEP,,87038,3.9478,3.6056,138.1582
2026-07-17,PFE,PFE,,121586,3.9666,3.9612,25.2337
2026-07-17,PG,PG,,95334,3.8566,3.9367,151.2326
2026-07-17,PGR,PGR,,22155,8.0121,6.7308,208.4395
2026-07-17,PLD,PLD,,30646,9.0749,8.0225,149.9041
2026-07-17,PLTR,PLTR,,241539,3.667,3.0485,132.1894
2026-07-17,PLUG,PLUG,,44563,45.5124,45.3515,2.201
2026-07-17,PM,PM,,32636,8.6592,7.8503,192.0475
2026-07-17,PPG,PPG,,17364,13.4999,11.9058,118.2752
2026-07-17,PSA,PSA,,28964,9.3271,8.3779,321.1036
2026-07-17,PSX,PSX,,34598,10.4857,9.7343,205.3278
2026-07-17,QCOM,QCOM,,120354,10.2423,9.6148,169.015
2026-07-17,RBLX,RBLX,,42202,8.4476,5.8852,51.8971
2026-07-17,ROST,ROST,,25257,10.1991,9.3031,233.8724
2026-07-17,RTX,RTX,,24226,8.4462,7.649,195.8588
2026-07-17,SBUX,SBUX,,54278,4.2619,3.7474,106.6001
2026-07-17,SCHW,SCHW,,105697,3.0888,2.9353,102.1346
2026-07-17,SHW,SHW,,20807,9.201,8.5673,334.866
2026-07-17,SLB,SLB,,151618,2.7693,2.1365,46.8562
2026-07-17,SNPS,SNPS,,59625,13.4277,11.4033,377.5141
2026-07-17,SO,SO,,63838,4.7289,4.1728,96.1965
2026-07-17,SOC,SOC,,19817,24.2909,23.015,4.3456
2026-07-17,SPG,SPG,,10480,13.4636,12.7509,229.1616
2026-07-17,SPGI,SPGI,,24910,8.0641,6.8896,451.517
2026-07-17,SPOT,SPOT,,22722,20.2968,17.2745,470.5953
2026-07-17,SRE,SRE,,26959,6.9499,6.4123,93.0124
2026-07-17,STZ,STZ,,14550,16.2394,14.8181,134.2962
2026-07-17,SYK,SYK,,31115,11.3706,9.3662,321.456
2026-07-17,SYY,SYY,,25539,6.6479,6.0698,82.4472
2026-07-17,T,T,,181527,4.5307,4.5177,22.1251
2026-07-17,TJX,TJX,,39599,6.6239,5.7824,154.8073
2026-07-17,TMO,TMO,,21490,10.5996,9.3752,534.2616
2026-07-17,TMUS,TMUS,,41016,9.7949,8.8966,193.4222
2026-07-17,TSLA,TSLA,,494771,2.8031,2.6165,381.7794
2026-07-17,TT,TT,,17310,13.1645,12.0448,470.7404
2026-07-17,TTWO,TTWO,,24414,18.0495,16.3917,236.7702
2026-07-17,TXN,TXN,,58240,14.1441,13.3744,284.6879
2026-07-17,UBER,UBER,,187237,3.2414,2.7689,72.4248
2026-07-17,UNH,UNH,,71061,7.6868,6.9792,430.9018
2026-07-17,UPS,UPS,,38321,5.5805,4.2913,117.5421
2026-07-17,V,V,,63293,4.0695,3.618,358.8645
2026-07-17,VICI,VICI,,98619,3.9009,3.714,27.0031
2026-07-17,VLO,VLO,,24815,11.3164,10.1688,304.9591
2026-07-17,VMC,VMC,,12125,11.2476,9.5894,291.4477
2026-07-17,VRTX,VRTX,,15728,11.9294,10.7332,487.6224
2026-07-17,VST,VST,,37704,11.1699,10.3593,154.7595
2026-07-17,VZ,VZ,,200882,2.4349,2.2617,44.1433
2026-07-17,WBD,WBD,,122593,3.7108,3.7044,27.0889
2026-07-17,WEC,WEC,,30549,6.6059,6.1655,113.9984
2026-07-17,WELL,WELL,,16771,9.4614,8.5615,244.0273
2026-07-17,WFC,WFC,,175037,2.0754,2.2399,88.3113
2026-07-17,WM,WM,,22262,12.3664,11.5581,239.974
2026-07-17,WMB,WMB,,75433,3.5893,2.7431,73.5489
2026-07-17,WMT,WMT,,373100,2.042,1.7476,115.4427
2026-07-17,XEL,XEL,,263921,2.4213,2.4947,79.7069
2026-07-17,XOM,XOM,,121671,2.5093,2.0365,148.0767
2026-07-17,YUM,YUM,,22727,13.9082,12.0676,152.6002
2026-07-17,ZTS,ZTS,,25108,7.2857,6.5561,76.472
2026-07-20,AAPL,AAPL,,1608048,1.2697,1.2283,326.331
2026-07-20,ABBV,ABBV,,27345,6.7203,5.5196,253.8968
2026-07-20,ABNB,ABNB,,29079,8.8512,7.5319,145.4514
2026-07-20,ABT,ABT,,135704,3.4786,2.9462,101.562
2026-07-20,ACN,ACN,,31988,8.9678,7.6259,143.4253
2026-07-20,ADBE,ADBE,,59436,5.7468,4.781,232.1874
2026-07-20,AEP,AEP,,115972,3.2796,3.0504,131.5827
2026-07-20,AMAT,AMAT,,83825,9.7747,8.493,532.8998
2026-07-20,AMD,AMD,,142440,8.019,7.6797,512.5209
2026-07-20,AMGN,AMGN,,22787,6.5536,5.4822,365.5962
2026-07-20,AMT,AMT,,19788,9.461,8.6251,168.0302
2026-07-20,AMZN,AMZN,,772187,1.7407,1.5955,250.6083
2026-07-20,AON,AON,,14013,8.4379,7.1484,363.5411
2026-07-20,APD,APD,,14133,10.2192,9.4391,296.6285
2026-07-20,AVB,AVB,,16128,10.1824,9.8956,192.0099
2026-07-20,AVGO,AVGO,,119451,4.0194,3.6586,380.0751
2026-07-20,AXON,AXON,,21823,26.6379,24.1352,518.1346
2026-07-20,AXP,AXP,,33983,5.7303,4.5294,353.0165
2026-07-20,BA,BA,,28436,6.8547,6.1908,210.0685
2026-07-20,BAC,BAC,,251182,1.6925,1.6462,60.7576
2026-07-20,BKNG,BKNG,,241773,2.2954,1.6737,179.1723
2026-07-20,BLK,BLK,,13828,15.5325,14.2596,1061.4313
2026-07-20,BMY,BMY,,174836,2.5439,1.6566,60.7466
2026-07-20,BRK-B,BRK,B,22479,4.4618,3.8615,490.7971
2026-07-20,C,C,,108256,2.8511,2.3322,129.684
2026-07-20,CAT,CAT,,35293,9.5134,8.9366,870.034
2026-07-20,CB,CB,,26606,5.6755,4.8035,353.0341
2026-07-20,CCI,CCI,,23997,7.0339,6.4041,78.1411
2026-07-20,CDNS,CDNS,,29444,10.0644,8.7795,331.6228
2026-07-20,CEG,CEG,,36400,7.3372,6.29,253.789
2026-07-20,CHTR,CHTR,,18527,20.2996,19.2463,129.8653
2026-07-20,CI,CI,,21635,7.7324,6.3396,284.206
2026-07-20,CL,CL,,41443,3.8437,3.2803,91.5501
2026-07-20,CMCSA,CMCS,A,127836,4.2576,4.192,23.7623
2026-07-20,CME,CME,,27280,4.1333,3.6556,244.8608
2026-07-20,CMG,CMG,,212207,3.3482,3.028,33.0403
2026-07-20,COIN,COIN,,60823,15.3556,14.1709,159.9618
2026-07-20,COP,COP,,112547,3.1798,2.5854,115.9897
2026-07-20,COST,COST,,27706,7.2368,6.6044,938.4627
2026-07-20,CRM,CRM,,63323,7.5504,6.9112,171.9707
2026-07-20,CRWD,CRWD,,68279,8.6593,7.3944,203.8674
2026-07-20,CSCO,CSCO,,267067,2.2127,1.7912,111.9441
2026-07-20,CSX,CSX,,92618,2.1567,1.9902,50.2649
2026-07-20,CVX,CVX,,78010,2.5084,2.63,189.4307
2026-07-20,D,D,,206516,2.0689,1.4224,70.6667
2026-07-20,DD,DD,,10519,15.9239,14.6477,136.7462
2026-07-20,DE,DE,,13632,13.7249,12.8682,588.4731
2026-07-20,DHI,DHI,,38528,11.2105,9.6545,145.5501
2026-07-20,DIS,DIS,,113803,1.884,1.0412,96.4985
2026-07-20,DKNG,DKNG,,65215,6.0607,4.0825,24.6817
2026-07-20,DLR,DLR,,22977,8.669,7.9505,175.6951
2026-07-20,DOW,DOW,,97142,3.5596,3.2998,30.2825
2026-07-20,DUK,DUK,,83091,2.6886,2.3907,125.9029
2026-07-20,DXCM,DXCM,,35555,7.0431,5.2335,76.421
2026-07-20,EA,EA,,54409,1.2049,0.9568,209.0676
2026-07-20,ECL,ECL,,8582,10.5748,9.655,269.2824
2026-07-20,ELV,ELV,,19301,12.3612,10.1914,383.2647
2026-07-20,EMR,EMR,,15612,10.673,8.7996,136.7971
2026-07-20,ENPH,ENPH,,43091,15.1863,12.6662,39.9242
2026-07-20,EOG,EOG,,28685,6.1035,5.677,140.9147
2026-07-20,EQIX,EQIX,,7915,21.0405,20.5824,1019.5572
2026-07-20,ETN,ETN,,24168,10.9822,9.4199,402.5784
2026-07-20,EXC,EXC,,134008,2.5002,2.177,46.0969
2026-07-20,F,F,,84067,7.1092,7.0998,14.0811
2026-07-20,FCX,FCX,,149717,3.3402,3.3939,58.8602
2026-07-20,FDX,FDX,,20044,9.6318,8.3952,307.727
2026-07-20,FSLR,FSLR,,21178,24.9407,22.1922,206.6692
2026-07-20,FTNT,FTNT,,28563,11.2684,9.831,162.9854
2026-07-20,GD,GD,,12119,8.6123,7.2895,371.7606
2026-07-20,GE,GE,,51393,6.0561,5.2344,343.6306
2026-07-20,GEHC,GEHC,,40749,5.6078,4.7782,62.9731
2026-07-20,GILD,GILD,,41936,5.3447,4.4796,133.5199
2026-07-20,GIS,GIS,,90731,3.4006,2.6706,37.4852
2026-07-20,GM,GM,,54749,3.9139,3.9388,75.9404
2026-07-20,GOOGL,GOOG,L,543205,1.6319,1.4179,354.9804
2026-07-20,GS,GS,,42336,7.7541,6.8021,1060.0275
2026-07-20,HAL,HAL,,142676,3.158,2.8054,35.6518
2026-07-20,HCA,HCA,,23941,11.3811,9.7161,370.4088
2026-07-20,HD,HD,,36538,4.6074,4.1938,333.3396
2026-07-20,HON,HON,,20245,7.8323,7.0856,226.1848
2026-07-20,ICE,ICE,,20188,7.3045,5.6318,141.034
2026-07-20,INTC,INTC,,1829079,2.684,3.0286,98.3823
2026-07-20,INTU,INTU,,46818,10.9435,10.2536,289.0666
2026-07-20,ISRG,ISRG,,88162,6.4209,5.5424,350.2774
2026-07-20,IWM,IWM,,1712569,0.6171,0.6802,293.7535
2026-07-20,JNJ,JNJ,,39259,4.4427,3.9656,250.6783
2026-07-20,JPM,JPM,,58485,3.4488,2.9608,339.7972
2026-07-20,KHC,KHC,,96276,4.2239,3.8647,25.9081
2026-07-20,KMI,KMI,,117744,3.1062,3.052,32.7847
2026-07-20,KO,KO,,276700,1.4794,1.2263,81.7611
2026-07-20,KR,KR,,59787,4.468,3.4412,58.1944
2026-07-20,LIN,LIN,,20450,6.353,5.6399,513.4275
2026-07-20,LLY,LLY,,18143,9.8661,9.0558,1165.0373
2026-07-20,LMT,LMT,,13485,10.7147,9.573,511.3348
2026-07-20,LOW,LOW,,15224,9.324,8.2949,204.5499
2026-07-20,LULU,LULU,,20125,12.2647,11.1717,116.7064
2026-07-20,MA,MA,,32487,6.3679,5.4995,545.261
2026-07-20,MCD,MCD,,60103,3.6517,3.3677,267.6388
2026-07-20,MDLZ,MDLZ,,184735,2.3912,1.6699,60.0568
2026-07-20,MDT,MDT,,138160,2.9075,2.3906,83.6212
2026-07-20,META,META,,104483,4.4797,4.1646,646.6824
2026-07-20,MLM,MLM,,10511,19.5519,18.5125,553.2607
2026-07-20,MNST,MNST,,64462,4.2446,4.1421,96.297
2026-07-20,MO,MO,,83899,3.2171,2.6954,74.29
2026-07-20,MPC,MPC,,18204,13.1773,12.0113,316.9316
2026-07-20,MRK,MRK,,49519,2.8672,2.3978,125.6965
2026-07-20,MS,MS,,55362,5.4531,4.6845,212.0696
2026-07-20,MSFT,MSFT,,249784,1.8578,1.7417,398.1633
2026-07-20,MU,MU,,755575,5.3793,5.3014,880.7651
2026-07-20,NEE,NEE,,145435,2.3346,2.2691,88.3172
2026-07-20,NEM,NEM,,80521,3.5384,3.3339,89.9554
2026-07-20,NFLX,NFLX,,408435,2.0542,1.4823,67.5667
2026-07-20,NKE,NKE,,165246,2.6623,2.3188,43.1538
2026-07-20,NOC,NOC,,13353,12.9257,11.3486,529.5987
2026-07-20,NOW,NOW,,268965,5.1493,4.8116,102.8409
2026-07-20,NSC,NSC,,21602,10.8918,10.0236,337.7801
2026-07-20,NUE,NUE,,11561,14.1958,13.3768,232.351
2026-07-20,NVDA,NVDA,,1345788,1.2834,1.455,205.2265
2026-07-20,O,O,,61692,2.4864,1.5379,65.3116
2026-07-20,OKE,OKE,,24686,4.7355,4.2553,94.1168
2026-07-20,ORCL,ORCL,,150820,4.9837,4.888,122.2697
2026-07-20,ORLY,ORLY,,62948,2.9982,2.3613,84.8838
2026-07-20,PANW,PANW,,37524,14.3502,13.1448,358.8713
2026-07-20,PCG,PCG,,50834,5.7596,5.7587,17.3738
2026-07-20,PEP,PEP,,106923,2.8616,2.9225,135.4159
2026-07-20,PFE,PFE,,89834,4.021,4.0169,24.8903
2026-07-20,PG,PG,,53903,3.7853,3.3581,149.1686
2026-07-20,PGR,PGR,,17094,9.602,8.0858,209.1546
2026-07-20,PLD,PLD,,14667,8.6956,7.4832,147.327
2026-07-20,PLTR,PLTR,,192378,3.7068,2.9864,134.5506
2026-07-20,PLUG,PLUG,,30819,46.9119,46.8384,2.1352
2026-07-20,PM,PM,,24091,7.8331,6.2565,192.3111
2026-07-20,PPG,PPG,,7007,12.0911,10.3761,115.8306
2026-07-20,PSA,PSA,,20618,7.5014,6.6748,314.7435
2026-07-20,PSX,PSX,,19985,9.57,8.6067,209.2071
2026-07-20,QCOM,QCOM,,80820,8.7834,8.1466,172.039
2026-07-20,RBLX,RBLX,,56860,9.0671,7.428,54.0513
2026-07-20,ROST,ROST,,55601,8.2773,8.4937,235.2195
2026-07-20,RTX,RTX,,20646,7.0401,6.0892,196.2685
2026-07-20,SBUX,SBUX,,44860,5.3257,4.7762,104.739
2026-07-20,SCHW,SCHW,,130002,2.9928,2.937,101.7556
2026-07-20,SHW,SHW,,19283,7.618,6.7307,326.5411
2026-07-20,SLB,SLB,,119382,2.699,2.1379,46.8185
2026-07-20,SNPS,SNPS,,33778,11.0189,10.0251,378.9231
2026-07-20,SO,SO,,50293,3.8478,3.1691,95.0163
2026-07-20,SOC,SOC,,22977,23.6747,23.5571,4.2468
2026-07-20,SPG,SPG,,9771,11.5614,10.9536,228.5956
2026-07-20,SPGI,SPGI,,19386,8.9885,7.5704,448.3881
2026-07-20,SPOT,SPOT,,17087,17.56,16.3282,489.0241
2026-07-20,SRE,SRE,,19861,6.4971,5.4744,91.4333
2026-07-20,STZ,STZ,,9133,14.2774,12.6918,133.6425
2026-07-20,SYK,SYK,,17954,7.5649,5.9263,320.1495
2026-07-20,SYY,SYY,,18858,6.3278,4.9389,81.2804
2026-07-20,T,T,,125732,4.5799,4.5714,21.8516
2026-07-20,TJX,TJX,,24487,5.1494,4.5046,155.2464
2026-07-20,TMO,TMO,,19371,9.9438,8.7325,527.5921
2026-07-20,TMUS,TMUS,,28533,8.9512,7.7413,193.6205
2026-07-20,TSLA,TSLA,,443522,2.506,2.403,373.8321
2026-07-20,TT,TT,,15497,13.6568,12.8167,466.2864
2026-07-20,TTWO,TTWO,,14264,13.504,12.0906,240.0457
2026-07-20,TXN,TXN,,54612,10.9065,10.4293,288.0874
2026-07-20,UBER,UBER,,134725,3.3241,2.7693,72.4716
2026-07-20,UNH,UNH,,49285,5.3043,4.7158,422.2515
2026-07-20,UPS,UPS,,39915,6.2699,5.2905,113.6886
2026-07-20,V,V,,54705,3.33,3.0375,360.8407
2026-07-20,VICI,VICI,,71291,3.7976,3.7306,26.8149
2026-07-20,VLO,VLO,,24681,10.042,9.189,313.6938
2026-07-20,VMC,VMC,,18793,13.92,13.1348,281.8137
2026-07-20,VRTX,VRTX,,14962,12.0035,11.1274,484.4414
2026-07-20,VST,VST,,22518,9.3586,8.3264,157.1718
2026-07-20,VZ,VZ,,188267,2.4708,2.3018,43.4269
2026-07-20,WBD,WBD,,229411,3.8502,3.8175,26.2443
2026-07-20,WEC,WEC,,31338,5.4555,4.4629,112.6092
2026-07-20,WELL,WELL,,14380,7.5455,6.5806,244.2049
2026-07-20,WFC,WFC,,146765,2.1073,1.1603,86.7938
2026-07-20,WM,WM,,15408,10.8076,9.6297,239.1375
2026-07-20,WMB,WMB,,76751,4.4145,4.0282,74.6421
2026-07-20,WMT,WMT,,364636,1.8332,1.7621,113.1239
2026-07-20,XEL,XEL,,163779,2.6625,2.5371,78.9343
2026-07-20,XOM,XOM,,100658,1.9322,2.0162,148.4453
2026-07-20,YUM,YUM,,17872,12.2176,11.4799,147.6584
2026-07-20,ZTS,ZTS,,23306,6.0121,5.2625,75.9494
2026-07-21,AAPL,AAPL,,979228,1.3582,1.2243,326.934
2026-07-21,ABBV,ABBV,,16096,7.6166,7.0358,255.5559
2026-07-21,ABNB,ABNB,,17557,10.1258,8.3501,143.7738
2026-07-21,ABT,ABT,,64458,3.5569,2.9746,100.5662
2026-07-21,ACN,ACN,,36018,7.9204,6.3905,141.7774
2026-07-21,ADBE,ADBE,,59181,6.1476,5.2406,228.1475
2026-07-21,AEP,AEP,,99533,3.3437,3.0656,130.1932
2026-07-21,AMAT,AMAT,,67149,8.5262,7.4977,564.8562
2026-07-21,AMD,AMD,,170515,5.9815,5.4733,535.4046
2026-07-21,AMGN,AMGN,,25549,6.6863,5.4802,365.3582
2026-07-21,AMT,AMT,,13685,7.0331,6.105,164.4993
2026-07-21,AMZN,AMZN,,393201,1.7038,1.6123,247.8318
2026-07-21,AON,AON,,17213,9.8325,9.1849,358.2429
2026-07-21,APD,APD,,14055,10.0829,8.6922,298.9445
2026-07-21,AVB,AVB,,13619,10.9046,9.9625,191.019
2026-07-21,AVGO,AVGO,,108528,3.2269,2.623,384.7283
2026-07-21,AXON,AXON,,13474,23.4611,19.885,519.3406
2026-07-21,AXP,AXP,,31504,6.9719,6.2621,351.0271
2026-07-21,BA,BA,,32631,7.7843,7.242,207.3737
2026-07-21,BAC,BAC,,223175,1.7011,1.6387,61.0751
2026-07-21,BKNG,BKNG,,212455,2.262,1.6869,178.1383
2026-07-21,BLK,BLK,,14986,17.3254,16.2868,1048.5327
2026-07-21,BMY,BMY,,162070,2.3849,1.6577,60.436
2026-07-21,BRK-B,BRK,B,23014,3.7861,3.4679,489.69
2026-07-21,C,C,,83508,2.9583,2.2697,132.526
2026-07-21,CAT,CAT,,31676,7.859,6.8397,887.6673
2026-07-21,CB,CB,,27005,5.009,3.6727,353.6942
2026-07-21,CCI,CCI,,25008,7.1258,6.5202,77.0214
2026-07-21,CDNS,CDNS,,33375,10.4261,8.7555,341.9091
2026-07-21,CEG,CEG,,32788,8.7518,7.6182,261.4437
2026-07-21,CHTR,CHTR,,18146,18.7882,16.4197,128.8901
2026-07-21,CI,CI,,21219,8.9978,7.636,287.5083
2026-07-21,CL,CL,,32462,3.9372,3.3343,90.2829
2026-07-21,CMCSA,CMCS,A,86638,4.2798,4.2061,23.7771
2026-07-21,CME,CME,,31411,5.1827,4.1728,240.5608
2026-07-21,CMG,CMG,,135368,3.4262,2.9873,33.4623
2026-07-21,COIN,COIN,,110933,9.5047,9.0462,178.2707
2026-07-21,COP,COP,,124995,3.4799,3.4147,116.8876
2026-07-21,COST,COST,,24457,5.8734,5.165,929.0675
2026-07-21,CRM,CRM,,52503,6.9682,6.4386,170.2666
2026-07-21,CRWD,CRWD,,109942,7.2986,5.7913,192.1048
2026-07-21,CSCO,CSCO,,258553,1.935,1.795,111.4218
2026-07-21,CSX,CSX,,128316,2.168,2.009,49.7666
2026-07-21,CVX,CVX,,60390,2.3019,2.1046,190.1415
2026-07-21,D,D,,140418,2.5757,1.4287,70.2268
2026-07-21,DD,DD,,11526,13.4104,11.5249,138.5502
2026-07-21,DE,DE,,11669,11.3163,10.0879,588.9695
2026-07-21,DHI,DHI,,20326,19.5356,17.4685,144.1254
2026-07-21,DIS,DIS,,102964,2.2785,2.0747,96.3801
2026-07-21,DKNG,DKNG,,74379,5.3056,4.1623,24.071
2026-07-21,DLR,DLR,,15550,6.8216,6.1184,179.0883
2026-07-21,DOW,DOW,,102560,4.1346,3.2557,30.7963
2026-07-21,DUK,DUK,,73695,2.3157,2.3913,125.242
2026-07-21,DXCM,DXCM,,28030,7.8023,6.6742,74.7216
2026-07-21,EA,EA,,19716,0.8505,0.9564,209.0961
2026-07-21,ECL,ECL,,9450,9.8332,8.6491,266.0338
2026-07-21,ELV,ELV,,14194,10.5029,8.7406,389.4241
2026-07-21,EMR,EMR,,15490,11.579,10.1163,138.7822
2026-07-21,ENPH,ENPH,,27678,13.2585,12.4146,40.2385
2026-07-21,EOG,EOG,,36043,5.9595,5.5925,142.8208
2026-07-21,EQIX,EQIX,,8377,19.3414,17.7487,1027.7246
2026-07-21,ETN,ETN,,19309,11.495,9.6065,405.3225
2026-07-21,EXC,EXC,,127609,2.4625,2.1856,45.7534
2026-07-21,F,F,,76150,7.0263,7.0102,14.2824
2026-07-21,FCX,FCX,,97578,3.1649,3.2041,61.9471
2026-07-21,FDX,FDX,,27784,8.7541,6.9713,314.7357
2026-07-21,FSLR,FSLR,,14417,23.2387,21.3758,206.0841
2026-07-21,FTNT,FTNT,,42849,9.9591,8.2323,157.5601
2026-07-21,GD,GD,,14417,11.4301,10.192,370.5398
2026-07-21,GE,GE,,42481,5.0484,4.1014,342.228
2026-07-21,GEHC,GEHC,,44492,4.6822,4.7699,62.4303
2026-07-21,GILD,GILD,,61351,4.4187,3.7817,130.4359
2026-07-21,GIS,GIS,,114391,3.2107,2.6849,37.3298
2026-07-21,GM,GM,,67764,7.5539,6.3,79.1553
2026-07-21,GOOGL,GOOG,L,425462,1.2981,1.1458,349.0939
2026-07-21,GS,GS,,35888,8.9984,7.6076,1078.9545
2026-07-21,HAL,HAL,,166857,3.5593,3.0253,33.0609
2026-07-21,HCA,HCA,,19392,9.9424,8.3341,371.505
2026-07-21,HD,HD,,32410,4.7793,3.9454,330.6345
2026-07-21,HON,HON,,19490,9.7746,9.135,230.3798
2026-07-21,ICE,ICE,,14467,8.9636,7.149,139.6826
2026-07-21,INTC,INTC,,1042579,2.3697,1.9412,103.7478
2026-07-21,INTU,INTU,,41502,9.4459,8.2903,290.3927
2026-07-21,ISRG,ISRG,,79305,5.9466,5.04,357.2023
2026-07-21,IWM,IWM,,1251619,0.6237,0.6762,295.001
2026-07-21,JNJ,JNJ,,30578,4.5409,4.0049,249.7771
2026-07-21,JPM,JPM,,50817,3.3244,2.9022,343.7369
2026-07-21,KHC,KHC,,121134,4.1242,3.8827,25.7688
2026-07-21,KMI,KMI,,114411,3.2009,3.1051,32.2201
2026-07-21,KO,KO,,188136,1.7797,1.2202,82.0192
2026-07-21,KR,KR,,58190,3.6289,3.465,57.5135
2026-07-21,LIN,LIN,,24755,6.4036,5.7191,506.8668
2026-07-21,LLY,LLY,,18653,9.9711,9.2074,1161.3418
2026-07-21,LMT,LMT,,13846,15.2993,14.2471,504.1905
2026-07-21,LOW,LOW,,14577,8.5891,6.9204,203.215
2026-07-21,LULU,LULU,,19296,11.5701,10.3261,115.6106
2026-07-21,MA,MA,,49004,5.4499,4.8243,540.9308
2026-07-21,MCD,MCD,,53193,3.1719,3.0183,264.8516
2026-07-21,MDLZ,MDLZ,,158154,2.6706,1.678,59.6305
2026-07-21,MDT,MDT,,73029,3.4126,2.4328,82.4563
2026-07-21,META,META,,75279,4.9377,4.4688,647.5921
2026-07-21,MLM,MLM,,6445,21.7362,20.1414,551.353
2026-07-21,MNST,MNST,,52753,4.601,4.2088,94.6016
2026-07-21,MO,MO,,78605,3.2418,2.727,73.3667
2026-07-21,MPC,MPC,,22837,13.4173,11.9931,317.7153
2026-07-21,MRK,MRK,,34696,3.9213,3.1867,125.7369
2026-07-21,MS,MS,,45585,6.4442,5.5876,215.6083
2026-07-21,MSFT,MSFT,,148979,1.8604,1.5069,399.1694
2026-07-21,MU,MU,,611423,4.0897,3.823,954.3319
2026-07-21,NEE,NEE,,119678,2.0743,2.274,87.817
2026-07-21,NEM,NEM,,73268,3.3877,3.249,92.0395
2026-07-21,NFLX,NFLX,,390732,1.8197,1.4833,67.5158
2026-07-21,NKE,NKE,,121536,2.6568,2.3188,43.1547
2026-07-21,NOC,NOC,,25494,19.2436,17.3476,509.2533
2026-07-21,NOW,NOW,,217007,4.7807,3.9304,102.374
2026-07-21,NSC,NSC,,17868,11.1548,10.1821,334.2258
2026-07-21,NUE,NUE,,8248,17.1405,16.1239,234.188
2026-07-21,NVDA,NVDA,,981081,1.1944,0.9755,205.8145
2026-07-21,O,O,,41605,2.9028,3.0807,64.8639
2026-07-21,OKE,OKE,,25906,6.0423,5.4251,92.1616
2026-07-21,ORCL,ORCL,,110930,5.499,4.8012,125.8089
2026-07-21,ORLY,ORLY,,80048,3.6943,3.4054,87.9076
2026-07-21,PANW,PANW,,42971,14.6638,12.9184,339.5904
2026-07-21,PCG,PCG,,53814,5.7317,5.7094,17.4798
2026-07-21,PEP,PEP,,98938,2.5419,2.2263,134.81
2026-07-21,PFE,PFE,,73866,4.0275,4.0185,24.8784
2026-07-21,PG,PG,,43450,3.4403,3.3819,147.6361
2026-07-21,PGR,PGR,,17573,7.3733,6.2797,207.0641
2026-07-21,PLD,PLD,,17911,8.0135,7.3843,148.957
2026-07-21,PLTR,PLTR,,161850,3.6889,3.0082,133.4847
2026-07-21,PLUG,PLUG,,31934,44.5402,44.5434,2.2492
2026-07-21,PM,PM,,27935,6.9454,6.2933,190.0497
2026-07-21,PPG,PPG,,6928,13.7277,11.9884,115.8722
2026-07-21,PSA,PSA,,40246,8.1999,7.6804,311.1547
2026-07-21,PSX,PSX,,26462,9.2457,8.0958,210.5915
2026-07-21,QCOM,QCOM,,78067,6.4922,5.226,172.915
2026-07-21,RBLX,RBLX,,30033,7.8102,5.6727,53.0358
2026-07-21,ROST,ROST,,23350,9.9898,8.8666,235.2117
2026-07-21,RTX,RTX,,22983,8.1113,7.2005,195.5407
2026-07-21,SBUX,SBUX,,39631,5.2755,4.7689,104.7171
2026-07-21,SCHW,SCHW,,139298,6.7203,5.8697,101.5545
2026-07-21,SHW,SHW,,16144,7.247,6.2588,321.1289
2026-07-21,SLB,SLB,,121041,2.9956,2.1723,46.1833
2026-07-21,SNPS,SNPS,,40465,8.8699,7.4774,386.0709
2026-07-21,SO,SO,,45382,3.9769,3.2074,93.6637
2026-07-21,SOC,SOC,,16590,24.5451,23.2288,4.3115
2026-07-21,SPG,SPG,,6119,13.8502,12.2394,227.6982
2026-07-21,SPGI,SPGI,,30894,10.5249,9.4786,434.3162
2026-07-21,SPOT,SPOT,,22482,13.326,11.2072,490.1329
2026-07-21,SRE,SRE,,20090,6.9978,5.5479,90.1245
2026-07-21,STZ,STZ,,8759,13.6165,12.1221,131.7616
2026-07-21,SYK,SYK,,15358,11.0114,9.4955,315.3437
2026-07-21,SYY,SYY,,19870,4.9128,4.9068,81.1524
2026-07-21,T,T,,148675,4.5422,4.5424,22.0625
2026-07-21,TJX,TJX,,27065,7.6025,6.4893,154.0656
2026-07-21,TMO,TMO,,33067,10.9842,10.1102,518.8479
2026-07-21,TMUS,TMUS,,27946,8.8671,8.3346,191.7731
2026-07-21,TSLA,TSLA,,228593,2.4365,2.119,380.2538
2026-07-21,TT,TT,,11196,13.5083,10.8683,469.8105
2026-07-21,TTWO,TTWO,,10687,12.9939,11.8514,236.7276
2026-07-21,TXN,TXN,,50398,7.8667,7.1429,293.257
2026-07-21,UBER,UBER,,88565,3.5022,2.7941,71.8317
2026-07-21,UNH,UNH,,43825,4.236,3.6888,432.9924
2026-07-21,UPS,UPS,,26901,5.9141,4.3169,115.77
2026-07-21,V,V,,56405,3.3136,2.7936,357.5289
2026-07-21,VICI,VICI,,66041,3.8212,3.7573,26.6197
2026-07-21,VLO,VLO,,36526,13.2513,12.2081,312.6965
2026-07-21,VMC,VMC,,11382,11.813,10.3959,278.4972
2026-07-21,VRTX,VRTX,,11797,8.7654,7.2917,481.0569
2026-07-21,VST,VST,,33794,11.2577,10.5606,162.5402
2026-07-21,VZ,VZ,,181310,2.397,2.3071,43.3724
2026-07-21,WBD,WBD,,68554,3.8945,3.8722,25.8069
2026-07-21,WEC,WEC,,25648,5.4624,4.5047,111.2794
2026-07-21,WELL,WELL,,18248,10.5626,9.7529,246.1518
2026-07-21,WFC,WFC,,98977,2.0572,1.1509,87.5595
2026-07-21,WM,WM,,14171,10.7277,10.2345,233.9219
2026-07-21,WMB,WMB,,57324,4.6195,4.0925,73.2878
2026-07-21,WMT,WMT,,282094,1.3737,0.9072,110.6647
2026-07-21,XEL,XEL,,189603,2.629,2.5452,78.4315
2026-07-21,XOM,XOM,,87943,1.9091,1.9841,150.7872
2026-07-21,YUM,YUM,,15785,12.3052,10.897,146.7771
2026-07-21,ZTS,ZTS,,25022,5.581,5.2812,75.221
2026-07-22,AAPL,AAPL,,701169,1.0043,0.9244,324.7692
2026-07-22,ABBV,ABBV,,19583,5.8015,5.4354,254.8946
2026-07-22,ABNB,ABNB,,22335,9.6487,8.5124,141.0489
2026-07-22,ABT,ABT,,72992,2.4521,1.9928,100.4384
2026-07-22,ACN,ACN,,30998,9.2302,7.8518,140.2442
2026-07-22,ADBE,ADBE,,58070,6.1123,5.4066,221.5473
2026-07-22,AEP,AEP,,110304,3.1769,3.0175,132.5831
2026-07-22,AMAT,AMAT,,57555,8.8674,8.0407,559.4389
2026-07-22,AMD,AMD,,189997,6.3081,5.9079,553.4439
2026-07-22,AMGN,AMGN,,20554,7.4614,6.5586,367.8017
2026-07-22,AMT,AMT,,13618,6.6969,6.0216,165.5322
2026-07-22,AMZN,AMZN,,380585,1.3887,1.232,243.8942
2026-07-22,AON,AON,,16865,9.4132,8.5429,353.0186
2026-07-22,APD,APD,,16004,9.9948,8.3789,297.4447
2026-07-22,AVB,AVB,,11876,9.8869,9.4612,190.2945
2026-07-22,AVGO,AVGO,,127364,3.6264,3.2753,392.8228
2026-07-22,AXON,AXON,,16229,20.2122,17.5491,496.8943
2026-07-22,AXP,AXP,,24691,6.4066,5.4483,348.3071
2026-07-22,BA,BA,,28699,6.5116,6.2328,207.3246
2026-07-22,BAC,BAC,,231604,1.6579,1.6235,61.6091
2026-07-22,BKNG,BKNG,,264422,2.3446,1.6782,179.1616
2026-07-22,BLK,BLK,,13894,17.332,16.4546,1045.9631
2026-07-22,BMY,BMY,,143561,2.3556,1.643,61.1168
2026-07-22,BRK-B,BRK,B,20278,4.4746,3.8836,489.5562
2026-07-22,C,C,,71258,2.8034,2.2637,132.9831
2026-07-22,CAT,CAT,,29422,8.649,7.9672,895.9744
2026-07-22,CB,CB,,42623,7.514,7.0245,341.3462
2026-07-22,CCI,CCI,,24160,6.4123,5.1968,77.2717
2026-07-22,CDNS,CDNS,,29473,10.7614,9.8383,339.9741
2026-07-22,CEG,CEG,,40566,6.648,5.9069,272.431
2026-07-22,CHTR,CHTR,,24956,17.0359,14.8154,128.422
2026-07-22,CI,CI,,20187,10.2424,9.4649,289.2792
2026-07-22,CL,CL,,32531,4.1762,3.2789,91.7068
2026-07-22,CMCSA,CMCS,A,144731,4.2402,4.199,23.7927
2026-07-22,CME,CME,,37156,8.4646,7.2144,251.5222
2026-07-22,CMG,CMG,,234401,3.34,3.0558,32.6906
2026-07-22,COIN,COIN,,61376,10.5019,9.9932,170.0053
2026-07-22,COP,COP,,160295,3.1884,2.5288,119.1243
2026-07-22,COST,COST,,30602,5.8816,5.4197,924.2096
2026-07-22,CRM,CRM,,50302,5.4963,4.8733,164.2078
2026-07-22,CRWD,CRWD,,82563,7.5115,6.8927,187.6784
2026-07-22,CSCO,CSCO,,210550,2.3334,1.777,112.878
2026-07-22,CSX,CSX,,133403,2.1817,2.0042,49.8677
2026-07-22,CVX,CVX,,56204,2.5535,2.5906,192.7755
2026-07-22,D,D,,160262,2.2788,1.4135,70.8808
2026-07-22,DD,DD,,7019,15.7924,14.1723,140.6109
2026-07-22,DE,DE,,14054,11.7868,11.1378,604.5092
2026-07-22,DHI,DHI,,27438,12.5739,11.2573,142.519
2026-07-22,DIS,DIS,,66367,2.105,2.0674,96.5654
2026-07-22,DKNG,DKNG,,125777,5.2918,4.3545,22.9891
2026-07-22,DLR,DLR,,18715,7.6935,7.2357,179.6079
2026-07-22,DOW,DOW,,92411,4.3377,3.1964,31.363
2026-07-22,DUK,DUK,,74889,2.3241,2.3532,127.3802
2026-07-22,DXCM,DXCM,,41118,7.4724,6.8658,72.3619
2026-07-22,EA,EA,,11215,0.8752,0.957,208.9403
2026-07-22,ECL,ECL,,10470,7.8832,7.1998,265.0891
2026-07-22,ELV,ELV,,17243,11.6811,11.1024,391.391
2026-07-22,EMR,EMR,,15726,10.4713,9.3107,139.6977
2026-07-22,ENPH,ENPH,,27892,17.8968,17.3332,40.2018
2026-07-22,EOG,EOG,,33078,6.0781,5.5291,145.0713
2026-07-22,EQIX,EQIX,,11988,21.2839,19.5566,1031.1984
2026-07-22,ETN,ETN,,19501,11.81,10.5525,407.9533
2026-07-22,EXC,EXC,,130200,2.3601,2.1503,46.5123
2026-07-22,F,F,,87082,6.9198,6.9276,14.4614
2026-07-22,FCX,FCX,,285932,2.655,1.5599,64.3758
2026-07-22,FDX,FDX,,23515,7.9253,6.2521,319.6601
2026-07-22,FSLR,FSLR,,15430,19.9355,18.6055,210.0994
2026-07-22,FTNT,FTNT,,40789,9.8428,8.9922,155.5112
2026-07-22,GD,GD,,11916,10.8121,9.1133,372.8529
2026-07-22,GE,GE,,40929,5.0244,4.3641,342.9891
2026-07-22,GEHC,GEHC,,28237,5.4527,4.8674,61.8519
2026-07-22,GILD,GILD,,37602,4.7904,4.5541,131.5384
2026-07-22,GIS,GIS,,116198,3.1235,2.6987,37.1787
2026-07-22,GM,GM,,60424,4.7876,3.6903,82.4712
2026-07-22,GOOGL,GOOG,L,474473,1.3584,1.1539,347.3824
2026-07-22,GS,GS,,31658,7.9992,7.3722,1097.5292
2026-07-22,HAL,HAL,,125616,3.4071,3.0381,33.0289
2026-07-22,HCA,HCA,,21609,11.4464,10.7101,373.7047
2026-07-22,HD,HD,,30130,5.0364,4.2085,332.7529
2026-07-22,HON,HON,,20310,7.8274,6.8983,234.1102
2026-07-22,ICE,ICE,,21435,7.2904,5.6286,142.1941
2026-07-22,INTC,INTC,,1158119,2.5947,2.8271,105.1893
2026-07-22,INTU,INTU,,38445,11.2783,10.4228,288.2598
2026-07-22,ISRG,ISRG,,61357,4.8319,4.0923,344.002
2026-07-22,IWM,IWM,,1348497,0.4732,0.34,294.7231
2026-07-22,JNJ,JNJ,,47350,3.9592,3.5357,254.5838
2026-07-22,JPM,JPM,,52518,3.3772,2.8762,347.4131
2026-07-22,KHC,KHC,,109048,4.1103,3.8439,26.0258
2026-07-22,KMI,KMI,,79354,3.2132,3.0717,32.5431
2026-07-22,KO,KO,,152458,1.7645,1.2141,82.425
2026-07-22,KR,KR,,41571,4.3958,3.4771,57.9476
2026-07-22,LIN,LIN,,25082,5.0174,4.3136,508.1614
2026-07-22,LLY,LLY,,24204,10.9593,11.1862,1162.2837
2026-07-22,LMT,LMT,,12689,11.7375,11.6212,516.3529
2026-07-22,LOW,LOW,,13677,10.4307,9.3387,203.5848
2026-07-22,LULU,LULU,,17815,11.0204,10.5328,113.2845
2026-07-22,MA,MA,,37458,6.1733,5.5971,534.5293
2026-07-22,MCD,MCD,,54592,2.7157,2.6455,263.6966
2026-07-22,MDLZ,MDLZ,,166839,2.5259,1.6549,60.5326
2026-07-22,MDT,MDT,,72590,3.1356,2.4495,82.0301
2026-07-22,META,META,,95941,3.6358,3.3524,629.2568
2026-07-22,MLM,MLM,,7645,19.1778,16.6377,552.8936
2026-07-22,MNST,MNST,,43097,3.9885,3.1734,95.0664
2026-07-22,MO,MO,,103438,4.486,4.1229,72.808
2026-07-22,MPC,MPC,,19380,13.638,12.8319,319.4928
2026-07-22,MRK,MRK,,47777,3.4469,3.1267,128.0395
2026-07-22,MS,MS,,23093,5.9301,5.488,218.5821
2026-07-22,MSFT,MSFT,,209735,1.4143,1.2854,389.4536
2026-07-22,MU,MU,,399489,4.8231,4.7101,970.7228
2026-07-22,NEE,NEE,,134600,1.9553,2.2329,89.2306
2026-07-22,NEM,NEM,,63573,3.2243,3.1213,95.9249
2026-07-22,NFLX,NFLX,,396268,1.9797,1.4446,69.799
2026-07-22,NKE,NKE,,161820,2.7169,2.3812,42.0023
2026-07-22,NOC,NOC,,17996,14.6458,12.4427,527.8891
2026-07-22,NOW,NOW,,287948,3.264,3.0933,96.7066
2026-07-22,NSC,NSC,,15433,11.4425,10.8264,331.6082
2026-07-22,NUE,NUE,,9915,16.1788,15.2925,236.0277
2026-07-22,NVDA,NVDA,,1423989,1.0038,0.9411,211.2542
2026-07-22,O,O,,49078,2.3687,1.5365,65.2053
2026-07-22,OKE,OKE,,25532,5.2013,4.3568,92.027
2026-07-22,ORCL,ORCL,,79010,5.5265,4.7542,126.3618
2026-07-22,ORLY,ORLY,,63565,3.1448,2.3087,87.2415
2026-07-22,PANW,PANW,,40918,11.657,10.9408,335.0462
2026-07-22,PCG,PCG,,57476,5.6211,5.6132,17.8497
2026-07-22,PEP,PEP,,104853,2.5798,2.2198,135.472
2026-07-22,PFE,PFE,,76323,4.006,3.9976,24.9965
2026-07-22,PG,PG,,52039,3.5939,3.339,149.7342
2026-07-22,PGR,PGR,,16976,7.4177,6.3581,204.6541
2026-07-22,PLD,PLD,,29979,11.6541,10.3096,146.1977
2026-07-22,PLTR,PLTR,,256056,2.4267,2.3655,125.8088
2026-07-22,PLUG,PLUG,,27201,43.7142,43.7637,2.2893
2026-07-22,PM,PM,,43109,14.058,12.5484,193.3811
2026-07-22,PPG,PPG,,5756,13.4549,11.9679,117.3624
2026-07-22,PSA,PSA,,12807,7.1641,5.7954,310.3452
2026-07-22,PSX,PSX,,21215,10.2402,9.4643,212.7982
2026-07-22,QCOM,QCOM,,62441,8.4619,7.894,176.5191
2026-07-22,RBLX,RBLX,,39946,7.8224,6.009,50.2282
2026-07-22,ROST,ROST,,15608,9.9548,9.6357,236.8533
2026-07-22,RTX,RTX,,22322,5.3935,4.6405,194.9281
2026-07-22,SBUX,SBUX,,35994,4.5535,3.8428,104.1999
2026-07-22,SCHW,SCHW,,101325,4.8813,4.0092,100.0953
2026-07-22,SHW,SHW,,23224,5.8964,4.9917,320.9199
2026-07-22,SLB,SLB,,110953,2.526,2.1033,47.581
2026-07-22,SNPS,SNPS,,30713,8.4025,6.9271,380.038
2026-07-22,SO,SO,,37350,4.2594,3.1481,95.2546
2026-07-22,SOC,SOC,,23193,23.4026,22.9621,4.3627
2026-07-22,SPG,SPG,,11292,9.9768,8.8527,226.2884
2026-07-22,SPGI,SPGI,,21630,9.6085,8.5894,430.2248
2026-07-22,SPOT,SPOT,,16340,15.404,12.9745,479.1207
2026-07-22,SRE,SRE,,24707,6.8969,6.4475,92.8454
2026-07-22,STZ,STZ,,9250,12.4189,11.3813,131.9028
2026-07-22,SYK,SYK,,15585,8.2569,7.047,311.534
2026-07-22,SYY,SYY,,25435,5.7233,4.8274,82.4649
2026-07-22,T,T,,240325,4.3804,4.3621,22.9445
2026-07-22,TJX,TJX,,20902,6.1511,5.7735,155.3674
2026-07-22,TMO,TMO,,27593,9.7947,8.0458,523.0087
2026-07-22,TMUS,TMUS,,30449,7.7424,7.3096,191.1741
2026-07-22,TSLA,TSLA,,247992,2.3255,2.1218,377.108
2026-07-22,TT,TT,,7744,14.1482,13.2432,474.05
2026-07-22,TTWO,TTWO,,14527,13.552,12.01,233.531
2026-07-22,TXN,TXN,,64042,6.961,6.4482,292.8986
2026-07-22,UBER,UBER,,113982,3.2639,2.8345,70.5733
2026-07-22,UNH,UNH,,48724,4.5796,4.1431,433.5136
2026-07-22,UPS,UPS,,28578,5.9697,5.1524,116.5262
2026-07-22,V,V,,46958,3.25,2.8145,354.8173
2026-07-22,VICI,VICI,,76107,3.9175,3.7474,26.693
2026-07-22,VLO,VLO,,27051,12.7018,11.8614,312.6817
2026-07-22,VMC,VMC,,12771,11.7565,10.7708,278.5165
2026-07-22,VRTX,VRTX,,14967,9.1297,7.9763,474.9365
2026-07-22,VST,VST,,23685,9.4173,8.9694,166.8178
2026-07-22,VZ,VZ,,188066,2.4621,2.249,44.5597
2026-07-22,WBD,WBD,,71989,3.9121,3.8662,25.8955
2026-07-22,WEC,WEC,,27058,4.9344,4.4203,113.1533
2026-07-22,WELL,WELL,,10897,9.4533,8.151,245.6037
2026-07-22,WFC,WFC,,128172,2.6469,2.3113,86.6296
2026-07-22,WM,WM,,12285,8.7033,8.1164,235.1966
2026-07-22,WMB,WMB,,36535,4.1595,4.0142,74.5995
2026-07-22,WMT,WMT,,341785,1.69,1.8253,109.2042
2026-07-22,XEL,XEL,,146475,2.3555,2.495,79.9155
2026-07-22,XOM,XOM,,112644,2.0412,1.9448,154.1038
2026-07-22,YUM,YUM,,21198,12.8333,10.7744,148.2127
2026-07-22,ZTS,ZTS,,24389,6.7151,5.4113,74.5075
2026-07-23,AAPL,AAPL,,1295161,1.2972,1.2473,320.8641
2026-07-23,ABBV,ABBV,,21648,7.1706,6.2544,256.196
2026-07-23,ABNB,ABNB,,32831,8.9371,8.7464,136.8521
2026-07-23,ABT,ABT,,88595,3.7486,2.9894,100.8014
2026-07-23,ACN,ACN,,35448,8.3403,7.249,137.9123
2026-07-23,ADBE,ADBE,,58124,5.8912,5.0977,213.9176
2026-07-23,AEP,AEP,,153409,3.9832,3.7171,134.4122
2026-07-23,AMAT,AMAT,,90392,11.55,10.9814,563.9231
2026-07-23,AMD,AMD,,344232,9.6818,9.4413,540.7596
2026-07-23,AMGN,AMGN,,25273,8.8858,8.1742,366.9649
2026-07-23,AMT,AMT,,29667,7.4018,6.6998,165.8703
2026-07-23,AMZN,AMZN,,728085,1.6511,1.7042,233.9347
2026-07-23,AON,AON,,13208,10.547,10.1821,352.9217
2026-07-23,APD,APD,,14156,11.463,10.5304,295.7105
2026-07-23,AVB,AVB,,20254,11.7758,10.9922,190.6794
2026-07-23,AVGO,AVGO,,124848,4.763,4.361,391.4848
2026-07-23,AXON,AXON,,12490,26.8484,23.8093,492.26
2026-07-23,AXP,AXP,,37683,6.1097,5.0216,340.9678
2026-07-23,BA,BA,,30260,8.4988,8.0862,208.4478
2026-07-23,BAC,BAC,,285707,1.7001,1.6389,61.0379
2026-07-23,BKNG,BKNG,,264246,2.4674,1.7408,172.6364
2026-07-23,BLK,BLK,,14508,16.198,15.2615,1045.4031
2026-07-23,BMY,BMY,,151335,2.6766,1.6243,61.5345
2026-07-23,BRK-B,BRK,B,22680,3.7666,3.2714,488.9581
2026-07-23,C,C,,92477,3.1551,3.0344,131.682
2026-07-23,CAT,CAT,,40279,8.609,7.5011,901.5124
2026-07-23,CB,CB,,35388,5.6276,4.5784,349.4855
2026-07-23,CCI,CCI,,41233,9.2057,8.0494,75.913
2026-07-23,CDNS,CDNS,,25519,11.3648,9.3,334.4307
2026-07-23,CEG,CEG,,37684,8.049,7.3481,274.2912
2026-07-23,CHTR,CHTR,,32346,15.3079,14.3529,126.5142
2026-07-23,CI,CI,,17617,11.2203,9.8156,286.9081
2026-07-23,CL,CL,,46541,4.8561,4.4648,89.7318
2026-07-23,CMCSA,CMCS,A,179255,4.5275,4.4179,22.7593
2026-07-23,CME,CME,,32203,6.0636,5.0758,253.8324
2026-07-23,CMG,CMG,,165310,3.4002,3.1333,31.9418
2026-07-23,COIN,COIN,,63564,12.5109,11.8624,162.0578
2026-07-23,COP,COP,,176427,3.0152,2.4792,121.4717
2026-07-23,COST,COST,,27000,6.8823,6.5253,921.0556
2026-07-23,CRM,CRM,,69825,7.285,6.4226,157.6498
2026-07-23,CRWD,CRWD,,70126,7.9442,7.0637,183.4253
2026-07-23,CSCO,CSCO,,215688,2.5588,2.6489,112.8206
2026-07-23,CSX,CSX,,313329,2.291,1.9031,52.5565
2026-07-23,CVX,CVX,,79408,2.2729,2.0457,196.3179
2026-07-23,D,D,,180169,2.073,1.4038,71.3771
2026-07-23,DD,DD,,10382,15.9955,15.2213,137.3454
2026-07-23,DE,DE,,15197,13.8248,13.2493,610.5945
2026-07-23,DHI,DHI,,37976,8.6466,7.8715,140.0297
2026-07-23,DIS,DIS,,108830,2.2315,2.1498,93.0536
2026-07-23,DKNG,DKNG,,106640,5.6148,4.4258,22.7061
2026-07-23,DLR,DLR,,18362,7.4066,6.6607,180.121
2026-07-23,DOW,DOW,,148587,4.8743,3.2326,31.3004
2026-07-23,DUK,DUK,,87721,2.348,2.3212,128.9779
2026-07-23,DXCM,DXCM,,30061,7.1428,5.6786,70.6267
2026-07-23,EA,EA,,13436,0.8489,0.9568,208.9915
2026-07-23,ECL,ECL,,13345,8.7772,7.5686,263.3474
2026-07-23,ELV,ELV,,19843,12.8484,11.8892,379.1112
2026-07-23,EMR,EMR,,27933,11.4306,10.4011,144.3025
2026-07-23,ENPH,ENPH,,37818,14.9743,12.9853,38.4615
2026-07-23,EOG,EOG,,43982,6.0616,6.1139,146.5504
2026-07-23,EQIX,EQIX,,7036,18.9923,18.3871,1034.8773
2026-07-23,ETN,ETN,,30506,13.2804,12.3156,413.5113
2026-07-23,EXC,EXC,,148858,2.4714,2.1225,47.087
2026-07-23,F,F,,103330,7.1021,7.0897,14.1096
2026-07-23,FCX,FCX,,203156,5.058,4.7315,63.1925
2026-07-23,FDX,FDX,,21800,9.0735,7.9038,316.2532
2026-07-23,FSLR,FSLR,,14485,28.5914,26.1008,206.0308
2026-07-23,FTNT,FTNT,,37940,10.5597,9.216,152.2462
2026-07-23,GD,GD,,24831,9.5459,8.6231,382.305
2026-07-23,GE,GE,,43891,6.0645,5.1842,348.1132
2026-07-23,GEHC,GEHC,,43285,4.7711,4.8477,61.6917
2026-07-23,GILD,GILD,,51257,4.7726,3.0812,129.7926
2026-07-23,GIS,GIS,,171149,3.2176,2.7906,35.9166
2026-07-23,GM,GM,,48894,4.3561,3.7648,79.7799
2026-07-23,GOOGL,GOOG,L,847995,1.4282,1.2597,318.9473
2026-07-23,GS,GS,,41371,11.0463,10.5898,1074.2901
2026-07-23,HAL,HAL,,119605,3.356,3.0262,33.2368
2026-07-23,HCA,HCA,,29969,11.429,10.394,374.7538
2026-07-23,HD,HD,,47506,4.8876,4.3028,324.8459
2026-07-23,HON,HON,,37693,14.5026,13.8645,246.4467
2026-07-23,ICE,ICE,,17899,7.6161,6.3142,142.9248
2026-07-23,INTC,INTC,,1658613,2.5473,2.0094,101.2367
2026-07-23,INTU,INTU,,31936,11.6492,10.653,281.3042
2026-07-23,ISRG,ISRG,,50886,5.6999,4.8229,331.3027
2026-07-23,IWM,IWM,,2496396,0.5592,0.6841,291.5588
2026-07-23,JNJ,JNJ,,39842,4.798,3.8761,257.8635
2026-07-23,JPM,JPM,,56454,4.3938,4.0171,347.6787
2026-07-23,KHC,KHC,,142274,4.1013,3.9254,25.503
2026-07-23,KMI,KMI,,136515,3.4115,3.068,32.576
2026-07-23,KO,KO,,205735,1.889,1.2346,81.2468
2026-07-23,KR,KR,,85516,3.7839,3.5945,55.5397
2026-07-23,LIN,LIN,,24580,6.34,5.7278,507.0132
2026-07-23,LLY,LLY,,25021,10.0141,8.7917,1179.9828
2026-07-23,LMT,LMT,,26595,13.4255,12.5324,568.6976
2026-07-23,LOW,LOW,,17568,8.9938,7.9184,201.0363
2026-07-23,LULU,LULU,,25353,9.9624,9.0318,110.603
2026-07-23,MA,MA,,42217,5.8571,5.3026,527.019
2026-07-23,MCD,MCD,,60072,3.7803,3.4336,262.4716
2026-07-23,MDLZ,MDLZ,,191177,2.3941,1.6724,59.9975
2026-07-23,MDT,MDT,,151435,2.9994,2.4384,82.1484
2026-07-23,META,META,,120288,3.8697,3.3359,604.7295
2026-07-23,MLM,MLM,,9955,19.0026,17.8016,547.3708
2026-07-23,MNST,MNST,,58872,3.8641,3.2115,93.5293
2026-07-23,MO,MO,,93056,4.4587,4.167,71.9917
2026-07-23,MPC,MPC,,28156,12.1227,11.1406,315.6993
2026-07-23,MRK,MRK,,48905,3.2691,3.0616,130.2095
2026-07-23,MS,MS,,28079,6.7602,6.0528,215.1636
2026-07-23,MSFT,MSFT,,223115,1.7738,1.5751,381.8209
2026-07-23,MU,MU,,670136,5.3209,5.1436,991.2935
2026-07-23,NEE,NEE,,170619,1.9773,2.2126,89.9866
2026-07-23,NEM,NEM,,104149,3.5593,3.1862,94.123
2026-07-23,NFLX,NFLX,,398877,1.9433,1.4574,68.734
2026-07-23,NKE,NKE,,148354,2.6493,2.4411,41.0631
2026-07-23,NOC,NOC,,16109,15.8742,15.1352,536.0309
2026-07-23,NOW,NOW,,303694,5.262,5.1656,94.5666
2026-07-23,NSC,NSC,,39669,14.6477,13.2236,350.8898
2026-07-23,NUE,NUE,,14712,14.1509,12.8601,240.9435
2026-07-23,NVDA,NVDA,,2432204,1.228,1.4277,208.4524
2026-07-23,O,O,,63474,2.6973,3.0647,64.9165
2026-07-23,OKE,OKE,,29836,5.4414,5.3588,93.0311
2026-07-23,ORCL,ORCL,,103763,4.3763,4.1276,121.0963
2026-07-23,ORLY,ORLY,,80033,2.9994,2.3343,85.8784
2026-07-23,PANW,PANW,,40554,12.77,11.4539,324.5964
2026-07-23,PCG,PCG,,69725,5.6775,5.6322,17.7494
2026-07-23,PEP,PEP,,118792,2.6493,2.2378,134.6705
2026-07-23,PFE,PFE,,92441,4.0126,4.004,24.9713
2026-07-23,PG,PG,,75024,3.559,3.4166,146.4147
2026-07-23,PGR,PGR,,16411,8.3126,7.7441,205.7264
2026-07-23,PLD,PLD,,47285,7.9955,6.943,143.902
2026-07-23,PLTR,PLTR,,229857,3.0921,2.4664,122.2717
2026-07-23,PLUG,PLUG,,34319,45.0085,45.1467,2.2252
2026-07-23,PM,PM,,28330,10.8295,9.995,191.5799
2026-07-23,PPG,PPG,,19444,15.7326,14.9998,113.7482
2026-07-23,PSA,PSA,,18540,6.9369,5.736,314.3128
2026-07-23,PSX,PSX,,21539,9.7492,9.4648,210.9944
2026-07-23,QCOM,QCOM,,91336,7.6593,7.0326,170.0514
2026-07-23,RBLX,RBLX,,38134,7.0279,6.2979,47.7184
2026-07-23,ROST,ROST,,32719,9.6074,8.9208,233.9892
2026-07-23,RTX,RTX,,45589,7.5352,7.1457,209.6767
2026-07-23,SBUX,SBUX,,56794,5.2003,4.856,102.7677
2026-07-23,SCHW,SCHW,,76392,4.4368,3.9189,101.9262
2026-07-23,SHW,SHW,,27047,7.1605,6.1323,310.228
2026-07-23,SLB,SLB,,148417,2.7474,2.1081,47.785
2026-07-23,SNPS,SNPS,,27548,8.213,6.9103,374.2923
2026-07-23,SO,SO,,64499,4.1501,4.1404,96.2138
2026-07-23,SOC,SOC,,28297,22.7772,21.7628,4.5868
2026-07-23,SPG,SPG,,7460,13.3728,12.3732,226.057
2026-07-23,SPGI,SPGI,,23886,8.4941,7.5705,420.6893
2026-07-23,SPOT,SPOT,,17264,15.2101,13.0491,469.8759
2026-07-23,SRE,SRE,,22770,7.5431,6.4226,93.5661
2026-07-23,STZ,STZ,,10334,12.5378,10.8653,129.3953
2026-07-23,SYK,SYK,,21140,8.7131,7.2584,315.7377
2026-07-23,SYY,SYY,,26979,6.0166,4.9328,81.2829
2026-07-23,T,T,,221737,4.4028,4.3735,22.8575
2026-07-23,TJX,TJX,,28824,5.7616,5.2206,153.1943
2026-07-23,TMO,TMO,,42313,10.2773,9.5841,574.7252
2026-07-23,TMUS,TMUS,,44772,12.1242,11.0378,178.0317
2026-07-23,TSLA,TSLA,,702090,1.9248,1.8332,323.377
2026-07-23,TT,TT,,13932,14.6713,12.9867,477.227
2026-07-23,TTWO,TTWO,,14954,11.922,11.19,230.6568
2026-07-23,TXN,TXN,,68502,11.7544,10.5727,282.9291
2026-07-23,UBER,UBER,,146907,2.9537,2.8994,69.016
2026-07-23,UNH,UNH,,41613,4.6615,4.0083,423.4004
2026-07-23,UPS,UPS,,32407,5.9207,5.2342,114.7023
2026-07-23,V,V,,54418,2.7788,2.2836,350.2687
2026-07-23,VICI,VICI,,60170,4.0425,3.79,26.4056
2026-07-23,VLO,VLO,,19691,15.0267,14.5187,311.1746
2026-07-23,VMC,VMC,,13422,12.0231,10.9,274.8659
2026-07-23,VRTX,VRTX,,117366,6.7103,5.4967,474.0019
2026-07-23,VST,VST,,30151,10.0835,9.6659,167.0786
2026-07-23,VZ,VZ,,229205,2.3666,2.2658,44.1747
2026-07-23,WBD,WBD,,76050,3.8747,3.8425,26.0066
2026-07-23,WEC,WEC,,32348,4.656,4.3651,114.4255
2026-07-23,WELL,WELL,,13538,10.2362,9.2978,247.8135
2026-07-23,WFC,WFC,,119832,2.385,2.321,86.0099
2026-07-23,WM,WM,,14653,12.7051,11.8383,237.4541
2026-07-23,WMB,WMB,,51057,4.3141,3.9896,75.2166
2026-07-23,WMT,WMT,,474178,1.6879,1.8512,107.7678
2026-07-23,XEL,XEL,,199053,2.3865,2.4704,80.7392
2026-07-23,XOM,XOM,,149744,1.9656,1.903,157.5652
2026-07-23,YUM,YUM,,11355,10.0327,8.758,147.6239
2026-07-23,ZTS,ZTS,,29065,5.7914,5.3923,74.1792
2026-07-24,AAPL,AAPL,,1415677,1.1896,1.2022,331.2391
2026-07-24,ABBV,ABBV,,25702,5.9966,5.775,259.044
2026-07-24,ABNB,ABNB,,29145,9.5248,8.4228,141.0144
2026-07-24,ABT,ABT,,78946,3.0743,2.8856,103.2797
2026-07-24,ACN,ACN,,41056,8.3172,7.5656,145.636
2026-07-24,ADBE,ADBE,,67855,6.825,5.8491,222.6739
2026-07-24,AEP,AEP,,102008,3.773,3.6866,135.6829
2026-07-24,AMAT,AMAT,,127438,12.4388,11.7341,543.3485
2026-07-24,AMD,AMD,,261967,9.6428,9.4495,528.4775
2026-07-24,AMGN,AMGN,,28400,6.9142,5.847,376.5999
2026-07-24,AMT,AMT,,22601,6.8647,6.5152,167.8729
2026-07-24,AMZN,AMZN,,613304,1.7675,1.7149,232.7303
2026-07-24,AON,AON,,13612,10.5027,8.8943,359.989
2026-07-24,APD,APD,,15535,8.7794,8.0898,296.7703
2026-07-24,AVB,AVB,,20513,11.0503,10.5686,189.7224
2026-07-24,AVGO,AVGO,,164151,4.9114,4.4723,382.6011
2026-07-24,AXON,AXON,,18374,20.9371,18.0941,497.6195
2026-07-24,AXP,AXP,,49647,8.8561,7.8334,322.4945
2026-07-24,BA,BA,,24656,8.164,7.5955,210.5871
2026-07-24,BAC,BAC,,244638,1.638,1.6151,61.936
2026-07-24,BKNG,BKNG,,348618,1.8427,1.6831,177.4953
2026-07-24,BLK,BLK,,12166,14.1652,13.6092,1047.8462
2026-07-24,BMY,BMY,,143743,2.3459,1.6094,62.2692
2026-07-24,BRK-B,BRK,B,26326,3.6973,3.242,494.3324
2026-07-24,C,C,,81276,3.1992,3.0234,132.2617
2026-07-24,CAT,CAT,,38892,10.655,10.1211,890.9527
2026-07-24,CB,CB,,27365,5.6873,4.7612,357.5147
2026-07-24,CCI,CCI,,27791,7.8656,6.6265,75.7115
2026-07-24,CDNS,CDNS,,32654,12.3806,11.9883,331.6846
2026-07-24,CEG,CEG,,35596,10.0315,9.3689,276.5352
2026-07-24,CHTR,CHTR,,40131,25.9895,24.1315,122.4126
2026-07-24,CI,CI,,16754,9.2404,7.6462,288.4171
2026-07-24,CL,CL,,46273,4.5698,4.417,90.5788
2026-07-24,CMCSA,CMCS,A,171827,4.6195,4.4873,22.2894
2026-07-24,CME,CME,,22884,6.2254,4.7672,253.0231
2026-07-24,CMG,CMG,,183883,3.6263,3.1245,32.0153
2026-07-24,COIN,COIN,,54042,11.1453,10.781,157.1429
2026-07-24,COP,COP,,136396,4.0819,3.3333,120.3505
2026-07-24,COST,COST,,36559,5.5082,4.9295,932.3498
2026-07-24,CRM,CRM,,59910,6.5956,6.1095,162.5577
2026-07-24,CRWD,CRWD,,65126,8.0044,7.0735,183.1874
2026-07-24,CSCO,CSCO,,378700,2.3832,1.779,113.361
2026-07-24,CSX,CSX,,182728,2.1674,1.8855,53.0351
2026-07-24,CVX,CVX,,90844,2.7594,2.5676,195.1659
2026-07-24,D,D,,167126,2.771,2.8086,71.1254
2026-07-24,DD,DD,,8691,15.2957,14.4949,137.9312
2026-07-24,DE,DE,,12710,12.3666,11.1989,620.0309
2026-07-24,DHI,DHI,,28316,9.6846,8.9652,145.0465
2026-07-24,DIS,DIS,,127691,2.0914,2.0938,95.2888
2026-07-24,DKNG,DKNG,,89750,5.3345,4.3375,23.1079
2026-07-24,DLR,DLR,,52825,10.9075,9.8416,203.3265
2026-07-24,DOW,DOW,,100483,4.2746,3.3698,29.6915
2026-07-24,DUK,DUK,,89752,2.4271,2.3069,130.1541
2026-07-24,DXCM,DXCM,,42304,8.7161,7.0932,71.17
2026-07-24,EA,EA,,25198,0.7352,0.4784,209.0502
2026-07-24,ECL,ECL,,15596,6.5917,5.5917,267.644
2026-07-24,ELV,ELV,,19529,9.4371,7.9388,377.9866
2026-07-24,EMR,EMR,,24177,8.7197,8.064,147.7756
2026-07-24,ENPH,ENPH,,37279,18.0485,16.1812,37.387
2026-07-24,EOG,EOG,,28537,8.1062,6.8493,146.5184
2026-07-24,EQIX,EQIX,,17236,20.091,18.9272,1096.76
2026-07-24,ETN,ETN,,24405,13.4352,11.9439,407.8051
2026-07-24,EXC,EXC,,156006,2.3442,2.1077,47.4962
2026-07-24,F,F,,109204,6.9689,6.9662,14.3681
2026-07-24,FCX,FCX,,133608,4.7068,4.7927,62.1649
2026-07-24,FDX,FDX,,16702,10.0234,9.1817,316.7489
2026-07-24,FSLR,FSLR,,15458,24.8607,23.2231,203.0758
2026-07-24,FTNT,FTNT,,38523,9.519,8.4699,153.0405
2026-07-24,GD,GD,,18373,8.549,7.0014,386.0469
2026-07-24,GE,GE,,44252,6.9255,6.25,355.3979
2026-07-24,GEHC,GEHC,,105654,5.2246,4.9128,61.0327
2026-07-24,GILD,GILD,,51934,5.3544,4.6079,130.102
2026-07-24,GIS,GIS,,147430,3.1229,2.7836,35.9153
2026-07-24,GM,GM,,41497,4.2995,3.6326,82.8762
2026-07-24,GOOGL,GOOG,L,627584,1.4478,1.2525,320.1661
2026-07-24,GS,GS,,44704,10.3321,9.6043,1066.6403
2026-07-24,HAL,HAL,,144660,3.5345,2.9999,33.3725
2026-07-24,HCA,HCA,,36450,19.1757,17.1491,385.2625
2026-07-24,HD,HD,,37214,5.4318,4.9086,329.0962
2026-07-24,HON,HON,,31950,12.6246,11.6091,242.3962
2026-07-24,ICE,ICE,,20636,5.0746,4.1408,144.1315
2026-07-24,INTC,INTC,,1218242,2.9957,3.0965,95.7524
2026-07-24,INTU,INTU,,42185,7.6527,6.4552,292.9088
2026-07-24,ISRG,ISRG,,38589,7.5197,6.4933,338.1616
2026-07-24,IWM,IWM,,2064110,0.624,0.6831,292.2005
2026-07-24,JNJ,JNJ,,40706,3.7584,3.4228,262.6966
2026-07-24,JPM,JPM,,59961,3.2022,2.8339,351.9479
2026-07-24,KHC,KHC,,116648,4.1543,3.9208,25.4883
2026-07-24,KMI,KMI,,108640,3.1331,3.0391,32.883
2026-07-24,KO,KO,,179815,1.8669,1.2217,81.9691
2026-07-24,KR,KR,,80215,3.7077,3.5361,56.5196
2026-07-24,LIN,LIN,,22798,7.1792,6.6707,510.8831
2026-07-24,LLY,LLY,,22495,8.1755,7.3056,1198.4869
2026-07-24,LMT,LMT,,22698,10.8035,9.839,581.9481
2026-07-24,LOW,LOW,,16804,10.8211,10.187,205.7586
2026-07-24,LULU,LULU,,24062,10.9605,9.6597,113.7546
2026-07-24,MA,MA,,41243,5.4427,4.8504,535.9294
2026-07-24,MCD,MCD,,59258,3.2775,3.0211,265.2284
2026-07-24,MDLZ,MDLZ,,205959,2.3429,1.6607,60.2917
2026-07-24,MDT,MDT,,119192,3.1472,2.4067,83.1573
2026-07-24,META,META,,123541,4.7286,4.3181,603.3561
2026-07-24,MLM,MLM,,9690,17.928,15.7348,557.9195
2026-07-24,MNST,MNST,,54383,3.5265,3.2074,93.5157
2026-07-24,MO,MO,,117923,3.3292,2.7446,72.9744
2026-07-24,MPC,MPC,,21146,13.8683,11.5897,311.8066
2026-07-24,MRK,MRK,,46723,3.5137,3.0502,131.1333
2026-07-24,MS,MS,,29068,7.5027,6.5359,214.249
2026-07-24,MSFT,MSFT,,199844,1.6915,1.5596,383.6101
2026-07-24,MU,MU,,604515,5.4696,5.2993,929.3953
2026-07-24,NEE,NEE,,149142,2.9768,2.2447,89.3525
2026-07-24,NEM,NEM,,70326,5.0135,4.2699,93.9448
2026-07-24,NFLX,NFLX,,380004,1.8754,1.434,69.7728
2026-07-24,NKE,NKE,,177502,2.6767,2.3955,41.614
2026-07-24,NOC,NOC,,13536,14.4626,12.7671,541.104
2026-07-24,NOW,NOW,,242842,5.0562,4.1233,97.1667
2026-07-24,NSC,NSC,,19857,14.3914,12.7477,351.3879
2026-07-24,NUE,NUE,,14818,13.9838,12.9542,246.0471
2026-07-24,NVDA,NVDA,,1996847,1.216,0.975,208.4397
2026-07-24,O,O,,117944,2.3014,1.5336,65.3106
2026-07-24,OKE,OKE,,33148,5.9971,5.3296,94.2912
2026-07-24,ORCL,ORCL,,147151,4.2508,4.2246,117.304
2026-07-24,ORLY,ORLY,,75998,2.633,2.3108,86.6255
2026-07-24,PANW,PANW,,44288,8.8678,7.6713,325.637
2026-07-24,PCG,PCG,,79806,5.628,5.607,17.8249
2026-07-24,PEP,PEP,,134098,2.3311,2.2042,135.9905
2026-07-24,PFE,PFE,,89989,4.0727,4.0626,24.6115
2026-07-24,PG,PG,,56298,3.306,2.7287,147.066
2026-07-24,PGR,PGR,,14435,9.0556,8.3987,213.0079
2026-07-24,PLD,PLD,,30068,7.8286,7.4533,147.0382
2026-07-24,PLTR,PLTR,,192999,3.8973,3.2497,123.5126
2026-07-24,PLUG,PLUG,,37910,47.2336,47.0588,2.1192
2026-07-24,PM,PM,,30385,8.3108,7.7174,194.2106
2026-07-24,PPG,PPG,,10590,13.9553,12.8838,116.155
2026-07-24,PSA,PSA,,19548,5.7335,4.6747,321.0666
2026-07-24,PSX,PSX,,20207,10.1314,9.5561,208.1538
2026-07-24,QCOM,QCOM,,113348,9.1336,8.7984,167.8999
2026-07-24,RBLX,RBLX,,34476,8.1228,6.2979,47.8962
2026-07-24,ROST,ROST,,41013,10.4159,10.1006,237.8955
2026-07-24,RTX,RTX,,30893,6.5083,6.0988,213.2533
2026-07-24,SBUX,SBUX,,58937,5.2873,4.801,104.3005
2026-07-24,SCHW,SCHW,,83461,4.0997,2.957,101.578
2026-07-24,SHW,SHW,,24799,6.5219,5.9594,317.2397
2026-07-24,SLB,SLB,,186468,3.328,1.9691,51.8428
2026-07-24,SNPS,SNPS,,32041,11.4139,10.4349,373.7166
2026-07-24,SO,SO,,61529,4.3776,4.119,97.2434
2026-07-24,SOC,SOC,,29020,22.5394,21.7155,4.6386
2026-07-24,SPG,SPG,,8651,9.946,8.7501,228.6375
2026-07-24,SPGI,SPGI,,30404,7.7205,7.0598,424.031
2026-07-24,SPOT,SPOT,,18916,15.2288,13.2391,480.9777
2026-07-24,SRE,SRE,,17168,7.4354,6.4419,93.3469
2026-07-24,STZ,STZ,,11235,11.7122,10.7304,130.3828
2026-07-24,SYK,SYK,,23438,9.5576,8.2477,328.6813
2026-07-24,SYY,SYY,,24765,4.4692,3.6291,82.9171
2026-07-24,T,T,,222770,4.2127,4.2061,23.7804
2026-07-24,TJX,TJX,,22596,6.0134,5.1696,154.3864
2026-07-24,TMO,TMO,,27085,10.7689,9.3052,562.6325
2026-07-24,TMUS,TMUS,,54045,7.4055,6.1348,179.3406
2026-07-24,TSLA,TSLA,,517915,2.2517,1.943,310.7813
2026-07-24,TT,TT,,11630,13.2634,12.0439,481.5916
2026-07-24,TTWO,TTWO,,20918,12.1902,11.1149,232.4995
2026-07-24,TXN,TXN,,71646,9.3431,8.2166,279.8665
2026-07-24,UBER,UBER,,149551,4.8827,4.3156,67.9115
2026-07-24,UNH,UNH,,35594,4.779,4.2865,420.9147
2026-07-24,UPS,UPS,,32581,4.452,3.4916,114.6745
2026-07-24,V,V,,43092,2.8587,2.2622,354.1056
2026-07-24,VICI,VICI,,79103,3.8975,3.746,26.6987
2026-07-24,VLO,VLO,,19334,15.2915,13.6951,304.5971
2026-07-24,VMC,VMC,,11650,11.9984,10.1545,278.5675
2026-07-24,VRTX,VRTX,,14378,10.6721,9.3869,479.6575
2026-07-24,VST,VST,,23536,10.8321,10.1121,166.4291
2026-07-24,VZ,VZ,,209940,2.5294,2.2097,45.3433
2026-07-24,WBD,WBD,,169046,3.8588,3.8161,26.1909
2026-07-24,WEC,WEC,,26552,5.8529,5.1975,115.6936
2026-07-24,WELL,WELL,,18320,7.756,7.1822,250.1804
2026-07-24,WFC,WFC,,90764,2.1924,2.3092,86.4364
2026-07-24,WM,WM,,13648,11.3182,10.4859,238.0905
2026-07-24,WMB,WMB,,50762,4.7312,4.025,74.9995
2026-07-24,WMT,WMT,,444079,1.4877,0.9192,109.0551
2026-07-24,XEL,XEL,,246216,2.3479,2.4489,81.5678
2026-07-24,XOM,XOM,,126675,2.206,1.9152,157.232
2026-07-24,YUM,YUM,,13562,12.6996,11.4128,148.4814
2026-07-24,ZTS,ZTS,,33745,7.2603,6.623,75.3253
2026-07-27,AAPL,AAPL,,2000472,1.3591,1.4736,336.9011
2026-07-27,ABBV,ABBV,,22977,5.9747,5.4039,259.7815
2026-07-27,ABNB,ABNB,,34683,6.2395,5.4552,145.7655
2026-07-27,ABT,ABT,,106765,3.123,2.8454,105.0748
2026-07-27,ACN,ACN,,42494,6.4349,5.7969,154.7699
2026-07-27,ADBE,ADBE,,83309,5.5479,5.0165,238.0774
2026-07-27,AEP,AEP,,121617,3.6531,3.6877,134.4956
2026-07-27,AMAT,AMAT,,147332,11.5664,10.7419,508.7484
2026-07-27,AMD,AMD,,225352,7.9438,7.6634,487.8308
2026-07-27,AMGN,AMGN,,34182,7.5511,7.0804,378.552
2026-07-27,AMT,AMT,,23763,7.639,7.168,166.8075
2026-07-27,AMZN,AMZN,,930733,1.5739,1.7044,232.8134
2026-07-27,AON,AON,,13364,10.4619,9.241,367.8115
2026-07-27,APD,APD,,16870,9.7265,8.891,292.9827
2026-07-27,AVB,AVB,,19824,9.8828,8.9907,189.1278
2026-07-27,AVGO,AVGO,,189161,5.0382,4.7178,380.7192
2026-07-27,AXON,AXON,,17396,22.2953,18.3405,525.1422
2026-07-27,AXP,AXP,,35601,7.6111,6.8764,333.8375
2026-07-27,BA,BA,,26269,7.8473,7.0401,212.8784
2026-07-27,BAC,BAC,,256798,1.6207,1.606,62.3064
2026-07-27,BKNG,BKNG,,266316,2.3369,1.6295,185.2297
2026-07-27,BLK,BLK,,13892,16.5064,16.3854,1057.3009
2026-07-27,BMY,BMY,,158857,2.306,1.5943,62.9168
2026-07-27,BRK-B,BRK,B,22217,4.4486,4.0369,495.7732
2026-07-27,C,C,,70697,3.2495,3.023,132.5058
2026-07-27,CAT,CAT,,52134,9.1338,8.4082,857.1972
2026-07-27,CB,CB,,20655,5.375,4.9793,359.2543
2026-07-27,CCI,CCI,,29692,6.1606,5.3792,74.4783
2026-07-27,CDNS,CDNS,,43055,11.3133,10.3028,339.1884
2026-07-27,CEG,CEG,,41483,12.3337,11.5137,270.9324
2026-07-27,CHTR,CHTR,,34885,16.4131,15.1814,129.6732
2026-07-27,CI,CI,,14592,11.087,8.8963,291.1546
2026-07-27,CL,CL,,36429,4.9454,4.364,91.8404
2026-07-27,CMCSA,CMCS,A,162116,4.3911,4.3412,22.9969
2026-07-27,CME,CME,,21115,5.9311,5.0921,255.5982
2026-07-27,CMG,CMG,,170874,3.216,3.0234,33.087
2026-07-27,COIN,COIN,,75423,12.8066,12.2948,164.5609
2026-07-27,COP,COP,,131021,4.046,3.4409,117.1699
2026-07-27,COST,COST,,37484,6.5016,6.0924,949.7329
2026-07-27,CRM,CRM,,63295,6.2057,5.6734,174.0677
2026-07-27,CRWD,CRWD,,76171,9.506,8.6923,183.253
2026-07-27,CSCO,CSCO,,327145,2.8283,2.6426,113.6383
2026-07-27,CSX,CSX,,200026,2.2649,1.934,51.9531
2026-07-27,CVX,CVX,,93974,2.8112,2.6114,191.5167
2026-07-27,D,D,,173413,2.7847,2.8209,70.6028
2026-07-27,DD,DD,,7025,16.8626,15.8856,138.4202
2026-07-27,DE,DE,,14124,11.1842,10.6458,618.3998
2026-07-27,DHI,DHI,,21281,9.7255,8.171,147.7974
2026-07-27,DIS,DIS,,88058,2.0291,2.0633,96.7524
2026-07-27,DKNG,DKNG,,61672,6.1056,4.1365,24.2521
2026-07-27,DLR,DLR,,20447,13.0648,12.3769,194.266
2026-07-27,DOW,DOW,,133109,4.4501,3.4752,28.8645
2026-07-27,DUK,DUK,,98707,3.4566,3.0977,129.5627
2026-07-27,DXCM,DXCM,,28911,7.6721,6.7746,73.7744
2026-07-27,EA,EA,,16547,0.9393,0.9567,209.0405
2026-07-27,ECL,ECL,,19422,7.7698,7.3555,271.0889
2026-07-27,ELV,ELV,,17078,8.4867,6.607,377.3559
2026-07-27,EMR,EMR,,21650,11.0774,10.7117,148.2968
2026-07-27,ENPH,ENPH,,32251,20.1366,16.5153,37.1004
2026-07-27,EOG,EOG,,31704,9.0836,8.4116,142.2982
2026-07-27,EQIX,EQIX,,11733,16.3547,14.8673,1054.2653
2026-07-27,ETN,ETN,,37988,14.8775,12.9687,392.9792
2026-07-27,EXC,EXC,,191543,2.3775,2.1104,47.4133
2026-07-27,F,F,,114461,6.8958,6.9085,14.5197
2026-07-27,FCX,FCX,,417952,4.8433,4.8422,61.9847
2026-07-27,FDX,FDX,,21023,9.8829,8.7126,311.719
2026-07-27,FSLR,FSLR,,18640,22.8658,20.8706,202.3738
2026-07-27,FTNT,FTNT,,38998,10.5261,9.8487,153.4889
2026-07-27,GD,GD,,14715,6.4268,5.8782,390.4069
2026-07-27,GE,GE,,45926,6.7866,6.149,359.8951
2026-07-27,GEHC,GEHC,,86719,4.7043,4.8112,62.0996
2026-07-27,GILD,GILD,,38888,6.1995,5.3343,131.7324
2026-07-27,GIS,GIS,,89764,3.4888,2.7371,36.4851
2026-07-27,GM,GM,,53811,4.0461,3.5094,85.3479
2026-07-27,GOOGL,GOOG,L,738939,1.6959,1.5365,327.6251
2026-07-27,GS,GS,,50488,12.0551,11.7821,1048.4329
2026-07-27,HAL,HAL,,149320,3.8966,3.0736,32.6747
2026-07-27,HCA,HCA,,30175,16.3797,15.8698,389.5378
2026-07-27,HD,HD,,31080,5.243,4.4636,338.0258
2026-07-27,HON,HON,,19695,10.642,10.2172,244.6862
2026-07-27,ICE,ICE,,25573,4.9874,4.0942,147.7427
2026-07-27,INTC,INTC,,1220864,2.8399,2.2766,89.9664
2026-07-27,INTU,INTU,,51450,7.9714,7.1165,306.7472
2026-07-27,ISRG,ISRG,,99043,5.0909,4.7626,356.0756
2026-07-27,IWM,IWM,,2070468,0.737,0.6848,292.5583
2026-07-27,JNJ,JNJ,,56583,4.6386,4.1147,267.1975
2026-07-27,JPM,JPM,,61537,3.612,3.1043,355.1784
2026-07-27,KHC,KHC,,160516,4.007,3.819,26.129
2026-07-27,KMI,KMI,,129825,3.1882,3.1304,31.9598
2026-07-27,KO,KO,,250151,1.8455,1.2013,83.5877
2026-07-27,KR,KR,,93739,4.6827,3.4423,58.1643
2026-07-27,LIN,LIN,,24633,7.7052,7.0688,509.1741
2026-07-27,LLY,LLY,,19413,10.6198,9.5207,1198.874
2026-07-27,LMT,LMT,,12098,10.4442,9.1133,582.3012
2026-07-27,LOW,LOW,,21129,13.2152,12.747,211.3356
2026-07-27,LULU,LULU,,21770,10.7582,9.3853,117.3793
2026-07-27,MA,MA,,53012,4.7383,4.3573,551.4671
2026-07-27,MCD,MCD,,95022,3.1118,2.5956,269.7938
2026-07-27,MDLZ,MDLZ,,244020,2.6971,1.6585,60.6485
2026-07-27,MDT,MDT,,148693,3.3348,3.5305,84.6617
2026-07-27,META,META,,127565,4.2175,3.8448,600.9359
2026-07-27,MLM,MLM,,9651,17.2981,15.5273,571.345
2026-07-27,MNST,MNST,,45290,4.1792,4.1933,95.1594
2026-07-27,MO,MO,,119724,3.6725,2.7454,72.8137
2026-07-27,MPC,MPC,,21964,15.2236,13.3596,309.9801
2026-07-27,MRK,MRK,,41520,3.8808,3.7831,131.6708
2026-07-27,MS,MS,,68889,6.6864,6.1106,213.4674
2026-07-27,MSFT,MSFT,,224758,1.7083,1.5314,391.6118
2026-07-27,MU,MU,,699413,5.8406,5.6366,880.8721
2026-07-27,NEE,NEE,,83404,2.3237,2.2474,89.0805
2026-07-27,NEM,NEM,,53813,7.1777,6.4475,93.2359
2026-07-27,NFLX,NFLX,,375048,2.2152,1.4185,70.7969
2026-07-27,NKE,NKE,,139833,2.6295,2.3795,41.9869
2026-07-27,NOC,NOC,,12246,12.6083,11.6994,548.6331
2026-07-27,NOW,NOW,,379893,4.7515,4.6427,105.0094
2026-07-27,NSC,NSC,,14508,11.6942,11.4748,344.8962
2026-07-27,NUE,NUE,,15763,13.6658,12.9555,247.047
2026-07-27,NVDA,NVDA,,2130637,1.1373,1.0163,198.3708
2026-07-27,O,O,,126951,2.3492,1.522,65.8473
2026-07-27,OKE,OKE,,30586,5.7358,4.4361,90.6658
2026-07-27,ORCL,ORCL,,123652,6.3603,5.7954,120.2237
2026-07-27,ORLY,ORLY,,113217,2.7615,2.2063,90.6615
2026-07-27,PANW,PANW,,54511,13.548,12.9177,323.1601
2026-07-27,PCG,PCG,,69895,5.6584,5.6577,17.6941
2026-07-27,PEP,PEP,,139320,2.9554,2.8629,139.3345
2026-07-27,PFE,PFE,,97719,4.0481,4.0363,24.7635
2026-07-27,PG,PG,,72502,3.3926,3.3536,148.8598
2026-07-27,PGR,PGR,,14458,10.0255,9.3273,215.4057
2026-07-27,PLD,PLD,,23746,8.1613,7.5042,146.6396
2026-07-27,PLTR,PLTR,,275307,3.1346,2.3584,129.5754
2026-07-27,PLUG,PLUG,,35802,48.3878,48.4262,2.0688
2026-07-27,PM,PM,,24190,8.9315,7.687,195.2926
2026-07-27,PPG,PPG,,9837,13.6741,12.7135,118.3596
2026-07-27,PSA,PSA,,16988,7.2662,6.7377,325.826
2026-07-27,PSX,PSX,,23576,10.3861,9.6168,206.6844
2026-07-27,QCOM,QCOM,,107161,9.1368,8.4368,168.1829
2026-07-27,RBLX,RBLX,,48488,10.5597,10.304,47.6515
2026-07-27,ROST,ROST,,22949,9.5973,9.0412,242.4685
2026-07-27,RTX,RTX,,35758,5.9976,5.4837,218.7585
2026-07-27,SBUX,SBUX,,41776,5.457,4.7955,104.6229
2026-07-27,SCHW,SCHW,,63683,4.0643,3.8543,103.7334
2026-07-27,SHW,SHW,,28230,6.0602,4.9167,326.182
2026-07-27,SLB,SLB,,111458,3.2474,3.7994,52.341
2026-07-27,SNPS,SNPS,,39757,11.5162,10.7739,390.9173
2026-07-27,SO,SO,,65945,4.4552,4.1173,97.0499
2026-07-27,SOC,SOC,,24978,23.6333,22.805,4.3895
2026-07-27,SPG,SPG,,6205,13.7453,12.9915,230.5162
2026-07-27,SPGI,SPGI,,26659,8.9666,8.1861,439.0837
2026-07-27,SPOT,SPOT,,18324,11.9696,9.9443,491.8746
2026-07-27,SRE,SRE,,13896,9.0285,7.6465,91.9731
2026-07-27,STZ,STZ,,13792,15.5722,14.6148,129.9461
2026-07-27,SYK,SYK,,19873,7.8004,6.8362,336.4948
2026-07-27,SYY,SYY,,17521,6.627,5.9513,83.7778
2026-07-27,T,T,,210550,4.113,4.1059,24.3409
2026-07-27,TJX,TJX,,42819,5.2273,4.4596,156.3749
2026-07-27,TMO,TMO,,21819,10.895,10.1248,562.673
2026-07-27,TMUS,TMUS,,48161,9.4582,8.8525,180.8243
2026-07-27,TSLA,TSLA,,551498,2.7611,2.605,308.3536
2026-07-27,TT,TT,,11378,14.8138,12.7346,478.6029
2026-07-27,TTWO,TTWO,,21485,13.5294,12.4275,240.1312
2026-07-27,TXN,TXN,,101188,9.5514,8.6694,277.9696
2026-07-27,UBER,UBER,,153562,3.2869,2.9573,67.4791
2026-07-27,UNH,UNH,,34052,5.6096,4.7842,417.3917
2026-07-27,UPS,UPS,,40743,4.7639,4.3613,113.3636
2026-07-27,V,V,,60425,2.9798,2.4929,362.5622
2026-07-27,VICI,VICI,,88999,3.8362,3.7195,26.9325
2026-07-27,VLO,VLO,,21697,15.9921,15.0083,302.7404
2026-07-27,VMC,VMC,,15376,9.7787,8.4528,284.4652
2026-07-27,VRTX,VRTX,,17829,10.7225,9.7566,482.6719
2026-07-27,VST,VST,,28288,11.6739,10.902,157.1686
2026-07-27,VZ,VZ,,285593,2.2437,2.1144,47.272
2026-07-27,WBD,WBD,,112260,3.9378,3.9162,25.5287
2026-07-27,WEC,WEC,,13150,8.4388,7.8644,114.5433
2026-07-27,WELL,WELL,,16058,10.574,9.5797,250.0055
2026-07-27,WFC,WFC,,93070,2.5326,2.2886,87.4468
2026-07-27,WM,WM,,14793,11.6186,11.691,239.1301
2026-07-27,WMB,WMB,,55732,4.4818,4.1938,71.5751
2026-07-27,WMT,WMT,,501387,1.8509,1.7913,111.5134
2026-07-27,XEL,XEL,,216760,2.4081,2.4558,81.1468
2026-07-27,XOM,XOM,,147874,2.6819,2.5875,154.6199
2026-07-27,YUM,YUM,,11869,9.7429,8.0634,149.3925
2026-07-27,ZTS,ZTS,,22763,6.4679,5.1968,77.0772
2026-07-28,AAPL,AAPL,,1707734,1.2064,1.1787,338.7075
2026-07-28,ABBV,ABBV,,32971,4.9541,4.5114,265.4762
2026-07-28,ABNB,ABNB,,48179,5.5027,4.6301,151.2139
2026-07-28,ABT,ABT,,133807,3.0449,2.7761,108.1207
2026-07-28,ACN,ACN,,59627,6.3194,6.0357,165.071
2026-07-28,ADBE,ADBE,,93973,4.5797,3.9507,250.6439
2026-07-28,AEP,AEP,,114357,3.2679,2.9795,134.7517
2026-07-28,AMAT,AMAT,,150668,10.6542,9.9665,476.1245
2026-07-28,AMD,AMD,,318912,6.9428,6.645,455.6307
2026-07-28,AMGN,AMGN,,44879,6.2882,5.6246,392.8646
2026-07-28,AMT,AMT,,21101,14.7531,13.805,174.9813
2026-07-28,AMZN,AMZN,,876293,1.6063,1.7262,230.4056
2026-07-28,AON,AON,,14039,9.0951,7.6295,379.6817
2026-07-28,APD,APD,,16783,8.7008,7.4564,295.6337
2026-07-28,AVB,AVB,,18921,8.5184,7.8949,190.4879
2026-07-28,AVGO,AVGO,,273456,4.432,3.9275,379.6001
2026-07-28,AXON,AXON,,21246,27.1806,25.4921,537.7596
2026-07-28,AXP,AXP,,27362,5.873,5.3611,334.9507
2026-07-28,BA,BA,,52164,12.5067,10.5193,220.2967
2026-07-28,BAC,BAC,,212840,1.6243,1.6032,62.3628
2026-07-28,BKNG,BKNG,,280591,2.2353,2.0223,196.2676
2026-07-28,BLK,BLK,,19505,15.2232,14.7138,1091.2979
2026-07-28,BMY,BMY,,147756,2.5647,1.5757,64.0216
2026-07-28,BRK-B,BRK,B,35637,3.4228,3.1262,510.2828
2026-07-28,C,C,,87992,2.9807,3.0193,131.942
2026-07-28,CAT,CAT,,57999,8.6087,8.2055,834.1102
2026-07-28,CB,CB,,21710,5.347,4.6908,363.2465
2026-07-28,CCI,CCI,,35323,7.9939,6.5415,77.0325
2026-07-28,CDNS,CDNS,,46772,15.6147,13.0611,345.5523
2026-07-28,CEG,CEG,,44652,12.1705,11.0571,261.5929
2026-07-28,CHTR,CHTR,,35083,17.0512,16.5283,138.2315
2026-07-28,CI,CI,,24913,9.5308,8.6571,299.5429
2026-07-28,CL,CL,,43097,3.9732,3.205,94.0495
2026-07-28,CMCSA,CMCS,A,179382,4.1946,4.1693,23.9613
2026-07-28,CME,CME,,23572,6.3167,5.3998,260.152
2026-07-28,CMG,CMG,,197645,3.2946,3.0008,33.3773
2026-07-28,COIN,COIN,,47833,12.6603,11.8487,164.7598
2026-07-28,COP,COP,,178978,3.7789,3.5075,114.5608
2026-07-28,COST,COST,,51486,5.4982,5.1443,977.4746
2026-07-28,CRM,CRM,,74636,4.8192,4.3783,182.1915
2026-07-28,CRWD,CRWD,,113466,7.1139,6.0494,180.7105
2026-07-28,CSCO,CSCO,,444065,2.5521,2.5834,115.1118
2026-07-28,CSX,CSX,,151459,2.1596,1.9374,51.6595
2026-07-28,CVX,CVX,,102070,2.6716,2.6526,188.7613
2026-07-28,D,D,,171150,2.7332,2.7968,71.2983
2026-07-28,DD,DD,,9026,14.0882,12.785,141.2082
2026-07-28,DE,DE,,20425,10.3187,9.3989,637.0078
2026-07-28,DHI,DHI,,27414,9.6428,8.5942,150.7732
2026-07-28,DIS,DIS,,100430,2.0416,2.0249,98.6651
2026-07-28,DKNG,DKNG,,135504,5.0741,4.0992,24.4382
2026-07-28,DLR,DLR,,18214,11.5604,10.2135,194.996
2026-07-28,DOW,DOW,,114475,3.9798,3.4524,29.041
2026-07-28,DUK,DUK,,52751,3.2449,3.0604,131.2768
2026-07-28,DXCM,DXCM,,38760,7.0095,6.6011,75.5177
2026-07-28,EA,EA,,19442,1.1214,0.9566,209.1595
2026-07-28,ECL,ECL,,17632,12.8088,11.4115,282.2971
2026-07-28,ELV,ELV,,17020,11.6326,9.9536,380.4862
2026-07-28,EMR,EMR,,19996,9.9551,9.2324,151.1021
2026-07-28,ENPH,ENPH,,59501,13.1318,10.9589,36.4258
2026-07-28,EOG,EOG,,31259,7.0352,6.4755,140.5645
2026-07-28,EQIX,EQIX,,10824,18.4866,17.6784,1044.8515
2026-07-28,ETN,ETN,,49850,10.077,8.7703,382.8229
2026-07-28,EXC,EXC,,191996,2.204,2.0822,48.0109
2026-07-28,F,F,,110220,6.7497,6.7408,14.8329
2026-07-28,FCX,FCX,,215852,4.6683,4.8243,61.4008
2026-07-28,FDX,FDX,,24775,9.1119,8.0222,310.7898
2026-07-28,FSLR,FSLR,,19365,26.9224,25.5851,199.9671
2026-07-28,FTNT,FTNT,,46546,9.2756,7.9782,150.3552
2026-07-28,GD,GD,,15861,7.1606,6.8612,392.3753
2026-07-28,GE,GE,,47514,5.7798,4.9717,362.5443
2026-07-28,GEHC,GEHC,,93771,4.1762,3.2216,62.7865
2026-07-28,GILD,GILD,,55465,5.3652,4.4557,134.2836
2026-07-28,GIS,GIS,,167583,3.0126,2.6417,37.9932
2026-07-28,GM,GM,,56457,4.2505,3.385,89.6733
2026-07-28,GOOGL,GOOG,L,674810,1.3304,1.2147,331.2506
2026-07-28,GS,GS,,42365,10.4877,9.3841,1033.7212
2026-07-28,HAL,HAL,,134296,3.4331,3.1711,31.621
2026-07-28,HCA,HCA,,38718,9.2315,8.5876,409.0226
2026-07-28,HD,HD,,42464,5.8957,5.2335,345.4553
2026-07-28,HON,HON,,21460,9.3626,8.8923,248.2769
2026-07-28,ICE,ICE,,33931,4.7804,3.9409,152.3754
2026-07-28,INTC,INTC,,1779425,2.4305,2.3164,85.9824
2026-07-28,INTU,INTU,,65058,5.5332,4.4801,315.9472
2026-07-28,ISRG,ISRG,,65073,6.491,5.9339,365.7606
2026-07-28,IWM,IWM,,2296279,0.6127,0.6823,292.2362
2026-07-28,JNJ,JNJ,,69247,4.5927,4.1164,269.9907
2026-07-28,JPM,JPM,,66108,3.0354,2.2474,355.9976
2026-07-28,KHC,KHC,,188333,3.7826,3.6677,27.2972
2026-07-28,KMI,KMI,,94545,3.3082,3.1471,31.8459
2026-07-28,KO,KO,,286934,2.2311,2.2422,88.8917
2026-07-28,KR,KR,,109347,4.6828,4.9517,59.9846
2026-07-28,LIN,LIN,,33472,6.3023,5.967,518.3524
2026-07-28,LLY,LLY,,24430,8.1192,7.0212,1222.8554
2026-07-28,LMT,LMT,,13501,9.5815,8.7955,582.7865
2026-07-28,LOW,LOW,,18630,10.0896,9.209,217.902
2026-07-28,LULU,LULU,,25007,8.8918,7.5172,120.5164
2026-07-28,MA,MA,,59142,4.9039,4.4552,560.5692
2026-07-28,MCD,MCD,,56024,3.7672,3.6066,274.9069
2026-07-28,MDLZ,MDLZ,,288696,2.3447,1.6042,62.7435
2026-07-28,MDT,MDT,,208157,2.351,2.281,87.5443
2026-07-28,META,META,,101832,4.2307,4.0221,593.4198
2026-07-28,MLM,MLM,,9829,15.3378,13.1438,580.2916
2026-07-28,MNST,MNST,,65535,3.8485,4.0441,98.2249
2026-07-28,MO,MO,,154123,4.0379,3.9399,75.71
2026-07-28,MPC,MPC,,24581,14.93,14.3038,309.0618
2026-07-28,MRK,MRK,,57986,3.9595,3.7823,132.5716
2026-07-28,MS,MS,,42578,5.8801,4.797,210.9769
2026-07-28,MSFT,MSFT,,249734,1.8169,1.5258,396.2836
2026-07-28,MU,MU,,743069,4.7175,4.4947,814.7467
2026-07-28,NEE,NEE,,212574,2.1609,2.2117,90.1232
2026-07-28,NEM,NEM,,84951,5.8061,5.4127,91.7614
2026-07-28,NFLX,NFLX,,447226,1.8358,1.3686,73.2231
2026-07-28,NKE,NKE,,181515,2.4665,2.3259,42.952
2026-07-28,NOC,NOC,,18246,12.3111,11.9258,555.2496
2026-07-28,NOW,NOW,,277678,3.9886,3.6222,110.3282
2026-07-28,NSC,NSC,,19724,12.6586,11.4222,344.0298
2026-07-28,NUE,NUE,,18155,20.6115,19.2981,262.9616
2026-07-28,NVDA,NVDA,,2302182,1.3394,1.5165,196.2016
2026-07-28,O,O,,159097,2.0012,1.5176,66.1153
2026-07-28,OKE,OKE,,28363,5.7364,4.5465,88.7765
2026-07-28,ORCL,ORCL,,119078,5.3176,4.3344,118.9189
2026-07-28,ORLY,ORLY,,111350,2.4297,2.169,92.2475
2026-07-28,PANW,PANW,,56074,12.7298,11.5378,317.0274
2026-07-28,PCG,PCG,,82906,5.5111,5.484,18.1832
2026-07-28,PEP,PEP,,159810,2.5115,2.1126,143.4076
2026-07-28,PFE,PFE,,120963,3.9602,3.9565,25.284
2026-07-28,PG,PG,,123405,2.9845,2.6488,151.2814
2026-07-28,PGR,PGR,,15663,9.3969,9.0135,221.242
2026-07-28,PLD,PLD,,25432,6.5554,6.071,148.1428
2026-07-28,PLTR,PLTR,,309415,3.4245,3.2425,121.578
2026-07-28,PLUG,PLUG,,50350,50.1347,50.1253,1.9969
2026-07-28,PM,PM,,33716,9.9038,9.4106,203.8131
2026-07-28,PPG,PPG,,15074,15.6031,14.2498,121.299
2026-07-28,PSA,PSA,,20214,8.0747,7.5042,333.3007
2026-07-28,PSX,PSX,,24256,10.5767,10.1949,207.0774
2026-07-28,QCOM,QCOM,,129026,7.8804,7.2477,164.9992
2026-07-28,RBLX,RBLX,,42053,10.1988,9.979,49.4875
2026-07-28,ROST,ROST,,28169,8.238,7.9634,250.7424
2026-07-28,RTX,RTX,,40426,5.9979,5.52,218.1298
2026-07-28,SBUX,SBUX,,49535,6.4591,5.8095,103.8756
2026-07-28,SCHW,SCHW,,51978,2.7746,2.8247,105.6365
2026-07-28,SHW,SHW,,29491,9.0172,8.2047,353.9667
2026-07-28,SLB,SLB,,135033,2.9692,1.9934,50.8498
2026-07-28,SNPS,SNPS,,36856,11.7761,10.634,386.0798
2026-07-28,SO,SO,,49708,4.6864,4.0891,97.9395
2026-07-28,SOC,SOC,,23660,24.7514,23.8379,4.236
2026-07-28,SPG,SPG,,11100,11.2701,10.5568,236.5025
2026-07-28,SPGI,SPGI,,55013,12.8045,11.9824,425.2141
2026-07-28,SPOT,SPOT,,22465,15.2903,13.9231,507.937
2026-07-28,SRE,SRE,,18736,8.5295,7.6132,91.8155
2026-07-28,STZ,STZ,,12660,13.295,12.6493,133.2961
2026-07-28,SYK,SYK,,24055,9.4186,8.9372,346.8816
2026-07-28,SYY,SYY,,28851,5.1699,3.5242,85.7031
2026-07-28,T,T,,179778,4.0188,4.0331,24.9093
2026-07-28,TJX,TJX,,29447,5.925,5.0132,160.131
2026-07-28,TMO,TMO,,26361,8.1897,6.9787,576.5562
2026-07-28,TMUS,TMUS,,37366,9.1668,8.6768,184.3237
2026-07-28,TSLA,TSLA,,494605,2.4756,2.2979,305.3304
2026-07-28,TT,TT,,20850,14.6759,13.2278,466.0707
2026-07-28,TTWO,TTWO,,18896,12.212,11.7647,245.9932
2026-07-28,TXN,TXN,,125112,11.3465,10.3481,278.3372
2026-07-28,UBER,UBER,,172544,3.0864,2.8653,69.8234
2026-07-28,UNH,UNH,,45996,4.1185,3.4969,425.1638
2026-07-28,UPS,UPS,,83388,6.7625,5.6668,106.4902
2026-07-28,V,V,,83641,2.3888,2.1616,368.2167
2026-07-28,VICI,VICI,,91777,3.707,3.6744,27.306
2026-07-28,VLO,VLO,,18984,16.2393,15.6318,301.2297
2026-07-28,VMC,VMC,,16589,8.0165,7.3085,287.6001
2026-07-28,VRTX,VRTX,,17927,11.5778,10.2383,486.6924
2026-07-28,VST,VST,,44865,11.8425,10.8203,148.8836
2026-07-28,VZ,VZ,,240326,2.1581,2.0642,48.5297
2026-07-28,WBD,WBD,,93128,3.9297,3.9131,25.5407
2026-07-28,WEC,WEC,,38034,5.8002,5.2138,115.1334
2026-07-28,WELL,WELL,,20961,17.0964,15.0141,245.5399
2026-07-28,WFC,WFC,,99512,2.5825,2.3031,86.8818
2026-07-28,WM,WM,,16630,8.6439,7.5268,240.9531
2026-07-28,WMB,WMB,,57986,3.8178,2.8843,69.9597
2026-07-28,WMT,WMT,,585038,1.7824,1.7403,114.5496
2026-07-28,XEL,XEL,,175841,2.7287,2.4597,81.7019
2026-07-28,XOM,XOM,,194992,2.0519,1.9579,153.8509
2026-07-28,YUM,YUM,,13604,11.574,10.7016,150.3502
2026-07-28,ZTS,ZTS,,42804,6.0001,5.1184,78.2989
2026-07-29,AAPL,AAPL,,1672929,1.3525,1.4549,341.9023
2026-07-29,ABBV,ABBV,,27002,6.8668,6.3795,265.7564
2026-07-29,ABNB,ABNB,,34475,8.8546,8.4391,154.4315
2026-07-29,ABT,ABT,,124803,3.5715,2.7885,108.8478
2026-07-29,ACN,ACN,,51592,8.8603,8.5844,173.3009
2026-07-29,ADBE,ADBE,,116427,5.5022,4.9416,261.9892
2026-07-29,AEP,AEP,,179374,3.6404,3.0805,131.0777
2026-07-29,AMAT,AMAT,,188280,13.6844,13.0904,452.2004
2026-07-29,AMD,AMD,,403602,8.3864,7.976,437.3044
2026-07-29,AMGN,AMGN,,45557,6.2207,5.6351,390.7409
2026-07-29,AMT,AMT,,33983,12.8194,11.5181,175.7125
2026-07-29,AMZN,AMZN,,1327833,1.6666,1.7291,229.6151
2026-07-29,AON,AON,,20307,14.5493,13.2816,376.0199
2026-07-29,APD,APD,,17686,10.8631,10.0497,293.653
2026-07-29,AVB,AVB,,19842,9.0856,8.3203,191.8144
2026-07-29,AVGO,AVGO,,266781,5.3549,4.8411,377.0791
2026-07-29,AXON,AXON,,25073,27.0237,24.9995,546.6448
2026-07-29,AXP,AXP,,36805,5.9003,5.3804,334.1892
2026-07-29,BA,BA,,44736,9.6632,8.9726,213.8323
2026-07-29,BAC,BAC,,405930,1.7111,1.6198,61.6975
2026-07-29,BKNG,BKNG,,270138,2.4566,1.9863,201.5435
2026-07-29,BLK,BLK,,19576,16.062,15.1903,1098.7482
2026-07-29,BMY,BMY,,114723,2.763,1.5822,63.5506
2026-07-29,BRK-B,BRK,B,26577,5.7875,4.7266,509.4453
2026-07-29,C,C,,142888,3.5855,3.1226,128.4243
2026-07-29,CAT,CAT,,77892,9.1617,8.5282,790.7189
2026-07-29,CB,CB,,23336,7.8646,7.1957,363.5368
2026-07-29,CCI,CCI,,44753,10.5428,7.9135,77.3677
2026-07-29,CDNS,CDNS,,41046,16.2563,14.4468,341.4622
2026-07-29,CEG,CEG,,42928,11.6756,11.0272,259.2475
2026-07-29,CHTR,CHTR,,36178,17.9732,17.3136,143.5105
2026-07-29,CI,CI,,20353,10.4948,9.7376,297.9629
2026-07-29,CL,CL,,52043,5.2549,4.3169,92.8001
2026-07-29,CMCSA,CMCS,A,254362,4.1356,4.0659,24.5687
2026-07-29,CME,CME,,27586,5.5751,4.8943,264.5495
2026-07-29,CMG,CMG,,182658,3.3994,2.9287,34.1662
2026-07-29,COIN,COIN,,59045,14.3581,13.9238,164.8846
2026-07-29,COP,COP,,209215,4.5428,4.2307,118.1685
2026-07-29,COST,COST,,42367,7.5858,7.231,973.7004
2026-07-29,CRM,CRM,,72662,6.6255,5.9413,187.2914
2026-07-29,CRWD,CRWD,,92557,9.7596,8.8481,180.2458
2026-07-29,CSCO,CSCO,,286796,3.2635,2.6512,115.2927
2026-07-29,CSX,CSX,,183503,2.3904,1.9777,50.6389
2026-07-29,CVX,CVX,,117515,2.6172,2.5988,191.9832
2026-07-29,D,D,,209362,3.1007,2.8369,70.6219
2026-07-29,DD,DD,,11708,18.0658,16.0169,138.2024
2026-07-29,DE,DE,,21328,13.7134,12.8396,615.7532
2026-07-29,DHI,DHI,,24258,13.0602,11.2669,149.288
2026-07-29,DIS,DIS,,122569,2.3253,2.0261,98.7595
2026-07-29,DKNG,DKNG,,105765,5.5436,4.0975,24.4455
2026-07-29,DLR,DLR,,19342,11.5213,11.1167,188.3492
2026-07-29,DOW,DOW,,146456,3.9597,3.3173,30.1807
2026-07-29,DUK,DUK,,121670,3.1653,3.0862,129.4122
2026-07-29,DXCM,DXCM,,37564,6.3881,5.3121,75.5027
2026-07-29,EA,EA,,22694,1.5187,1.4359,208.8738
2026-07-29,ECL,ECL,,16483,11.3253,9.837,280.9993
2026-07-29,ELV,ELV,,11883,12.6362,11.8286,380.2249
2026-07-29,EMR,EMR,,29257,10.5539,9.5122,147.1913
2026-07-29,ENPH,ENPH,,48199,22.4964,19.244,36.3661
2026-07-29,EOG,EOG,,36554,9.3233,8.2999,145.1467
2026-07-29,EQIX,EQIX,,18014,17.3416,16.3867,1012.6626
2026-07-29,ETN,ETN,,73767,11.3692,10.835,366.1592
2026-07-29,EXC,EXC,,245324,2.384,2.1238,47.1325
2026-07-29,F,F,,263939,6.4567,6.3796,15.7127
2026-07-29,FCX,FCX,,377971,5.3028,5.0205,59.7419
2026-07-29,FDX,FDX,,25059,9.8737,9.0404,309.9731
2026-07-29,FSLR,FSLR,,17050,32.8759,32.5793,201.3037
2026-07-29,FTNT,FTNT,,64809,11.105,9.859,149.2378
2026-07-29,GD,GD,,26315,11.0286,9.7531,389.2509
2026-07-29,GE,GE,,55152,8.3945,7.3877,354.3061
2026-07-29,GEHC,GEHC,,127279,5.0417,4.231,71.231
2026-07-29,GILD,GILD,,54069,5.1782,4.4719,133.7594
2026-07-29,GIS,GIS,,230505,3.0768,2.6236,38.1377
2026-07-29,GM,GM,,57393,5.1857,4.4199,90.6423
2026-07-29,GOOGL,GOOG,L,675437,1.7673,1.7652,336.2585
2026-07-29,GS,GS,,58750,11.2146,10.4509,992.9703
2026-07-29,HAL,HAL,,139048,3.6496,3.1985,31.3329
2026-07-29,HCA,HCA,,29747,10.5663,9.7632,410.8179
2026-07-29,HD,HD,,60402,4.9918,4.4157,340.442
2026-07-29,HON,HON,,21776,9.6241,9.4633,242.5328
2026-07-29,ICE,ICE,,35948,5.4487,4.5527,154.2791
2026-07-29,INTC,INTC,,1918255,2.9765,2.4114,84.3481
2026-07-29,INTU,INTU,,68984,7.564,6.7227,330.8943
2026-07-29,ISRG,ISRG,,41029,8.43,7.3782,355.3503
2026-07-29,IWM,IWM,,3136000,0.8467,0.6919,290.6302
2026-07-29,JNJ,JNJ,,51580,5.7651,5.2395,266.9499
2026-07-29,JPM,JPM,,76463,4.5107,4.0126,348.8514
2026-07-29,KHC,KHC,,195290,3.796,3.616,27.704
2026-07-29,KMI,KMI,,139569,3.3056,3.1382,31.9252
2026-07-29,KO,KO,,148671,2.2167,2.2173,89.8124
2026-07-29,KR,KR,,99527,5.1271,4.978,59.9848
2026-07-29,LIN,LIN,,30205,6.7384,6.0727,509.6425
2026-07-29,LLY,LLY,,26208,9.994,9.2839,1218.9802
2026-07-29,LMT,LMT,,19651,10.3456,9.5538,575.0305
2026-07-29,LOW,LOW,,32140,9.6908,8.7973,217.2581
2026-07-29,LULU,LULU,,24676,10.3377,9.3023,119.3732
2026-07-29,MA,MA,,56262,5.9735,5.299,565.6318
2026-07-29,MCD,MCD,,62568,4.2594,3.6872,271.9004
2026-07-29,MDLZ,MDLZ,,218972,3.6678,3.0698,65.2777
2026-07-29,MDT,MDT,,185852,3.756,3.4174,87.7717
2026-07-29,META,META,,133115,4.5329,4.0885,591.3688
2026-07-29,MLM,MLM,,16518,21.2259,20.084,573.925
2026-07-29,MNST,MNST,,58624,4.1064,4.0535,97.9265
2026-07-29,MO,MO,,173347,4.6145,3.9838,75.2693
2026-07-29,MPC,MPC,,26902,14.1043,13.2701,309.9884
2026-07-29,MRK,MRK,,51246,3.7659,3.064,130.9573
2026-07-29,MS,MS,,43661,7.929,7.2966,205.4525
2026-07-29,MSFT,MSFT,,392299,1.9721,1.7724,395.2295
2026-07-29,MU,MU,,951574,6.4211,6.1852,781.1263
2026-07-29,NEE,NEE,,181406,3.2027,3.3623,89.0731
2026-07-29,NEM,NEM,,98388,6.7037,5.5658,90.7964
2026-07-29,NFLX,NFLX,,481584,2.1284,1.3853,72.726
2026-07-29,NKE,NKE,,227462,2.6965,2.3416,42.9384
2026-07-29,NOC,NOC,,16930,13.6489,12.7158,542.4798
2026-07-29,NOW,NOW,,352499,5.1687,5.1401,115.3103
2026-07-29,NSC,NSC,,18651,11.9401,11.0075,336.7393
2026-07-29,NUE,NUE,,18602,17.7833,16.6254,257.6346
2026-07-29,NVDA,NVDA,,3493355,1.4262,1.549,192.916
2026-07-29,O,O,,91125,3.3584,3.0516,65.6643
2026-07-29,OKE,OKE,,27428,6.8075,5.5869,90.1687
2026-07-29,ORCL,ORCL,,106195,6.9921,6.5974,118.7224
2026-07-29,ORLY,ORLY,,99800,3.7508,3.3027,90.8634
2026-07-29,PANW,PANW,,59253,13.748,12.7226,315.041
2026-07-29,PCG,PCG,,86182,5.6534,5.6227,17.7812
2026-07-29,PEP,PEP,,227913,3.3087,3.4439,144.311
2026-07-29,PFE,PFE,,132279,3.9757,3.9659,25.2172
2026-07-29,PG,PG,,72885,4.0372,3.4479,144.9869
2026-07-29,PGR,PGR,,19133,11.1347,10.4292,220.9042
2026-07-29,PLD,PLD,,27548,8.9415,8.2821,145.0695
2026-07-29,PLTR,PLTR,,247226,4.0554,3.9731,124.7313
2026-07-29,PLUG,PLUG,,38790,52.285,52.4934,1.9163
2026-07-29,PM,PM,,28422,10.7426,9.9644,200.3749
2026-07-29,PPG,PPG,,15473,17.068,15.1955,111.9957
2026-07-29,PSA,PSA,,17470,10.3622,9.6111,332.4592
2026-07-29,PSX,PSX,,28726,11.5974,10.5965,208.5542
2026-07-29,QCOM,QCOM,,130875,8.3784,8.0883,160.7027
2026-07-29,RBLX,RBLX,,47880,10.0406,8.15,49.7634
2026-07-29,ROST,ROST,,23085,8.6696,7.5813,252.5277
2026-07-29,RTX,RTX,,34463,7.0013,6.4635,217.5088
2026-07-29,SBUX,SBUX,,70624,4.0644,3.8259,103.9124
2026-07-29,SCHW,SCHW,,94115,3.673,2.8421,105.8777
2026-07-29,SHW,SHW,,47338,10.121,9.0698,343.1629
2026-07-29,SLB,SLB,,236105,2.8523,2.0257,49.7144
2026-07-29,SNPS,SNPS,,34117,15.0225,14.1762,381.4659
2026-07-29,SO,SO,,79031,4.4957,4.1451,96.5824
2026-07-29,SOC,SOC,,29092,23.8823,23.175,4.3063
2026-07-29,SPG,SPG,,15945,11.672,10.9695,236.7978
2026-07-29,SPGI,SPGI,,32107,11.4329,10.6621,420.2813
2026-07-29,SPOT,SPOT,,25852,11.231,9.603,517.647
2026-07-29,SRE,SRE,,20194,7.3788,6.6759,89.6561
2026-07-29,STZ,STZ,,13076,9.3399,8.3441,132.2223
2026-07-29,SYK,SYK,,23418,10.4356,9.4092,350.7368
2026-07-29,SYY,SYY,,33920,6.0264,4.6877,85.4754
2026-07-29,T,T,,316960,4.1453,4.1051,24.198
2026-07-29,TJX,TJX,,26332,5.9305,5.5393,162.0206
2026-07-29,TMO,TMO,,25323,8.0005,7.4131,576.3719
2026-07-29,TMUS,TMUS,,62394,10.4555,9.3775,181.0016
2026-07-29,TSLA,TSLA,,568454,3.0143,2.966,303.2109
2026-07-29,TT,TT,,24088,13.3184,11.658,450.9754
2026-07-29,TTWO,TTWO,,22038,9.9477,9.2759,248.467
2026-07-29,TXN,TXN,,149289,10.8023,10.1959,273.9109
2026-07-29,UBER,UBER,,103138,4.2055,4.209,70.6847
2026-07-29,UNH,UNH,,47568,5.018,4.461,424.4511
2026-07-29,UPS,UPS,,39898,6.6079,5.7214,104.928
2026-07-29,V,V,,85645,3.9048,3.2332,370.2719
2026-07-29,VICI,VICI,,104975,3.8334,3.6948,27.0828
2026-07-29,VLO,VLO,,24771,15.1321,14.1259,304.293
2026-07-29,VMC,VMC,,27265,16.269,14.7762,287.2837
2026-07-29,VRTX,VRTX,,17846,11.188,10.4131,489.0258
2026-07-29,VST,VST,,41380,12.1126,11.7863,144.0808
2026-07-29,VZ,VZ,,452540,2.381,2.084,47.6225
2026-07-29,WBD,WBD,,114873,3.9575,3.9055,25.6116
2026-07-29,WEC,WEC,,30266,7.2955,6.2211,112.0713
2026-07-29,WELL,WELL,,16427,12.5496,11.2695,240.8384
2026-07-29,WFC,WFC,,172561,3.0807,2.3793,84.8793
2026-07-29,WM,WM,,17976,10.2,8.8583,239.5485
2026-07-29,WMB,WMB,,62325,3.711,2.8604,70.2576
2026-07-29,WMT,WMT,,625334,2.1885,1.7657,113.6708
2026-07-29,XEL,XEL,,232421,2.586,2.5192,79.372
2026-07-29,XOM,XOM,,135656,2.6313,2.5387,157.3093
2026-07-29,YUM,YUM,,12871,12.1965,11.1486,152.4506
2026-07-29,ZTS,ZTS,,51093,7.3968,6.4255,78.1303
2026-07-30,AAPL,AAPL,,1714721,1.4664,1.5057,332.0989
2026-07-30,ABBV,ABBV,,35528,7.3677,6.5872,257.3987
2026-07-30,ABNB,ABNB,,35807,9.6825,8.6422,150.8611
2026-07-30,ABT,ABT,,121360,4.2048,3.7882,105.3578
2026-07-30,ACN,ACN,,48843,8.6107,7.9777,162.7997
2026-07-30,ADBE,ADBE,,92223,4.8311,4.0622,246.4432
2026-07-30,AEP,AEP,,112592,4.6554,3.9137,128.2829
2026-07-30,AMAT,AMAT,,187540,9.7376,9.0324,499.2625
2026-07-30,AMD,AMD,,425377,6.3778,6.06,486.3927
2026-07-30,AMGN,AMGN,,36902,7.794,7.0109,383.1232
2026-07-30,AMT,AMT,,23600,10.37,9.7597,173.8617
2026-07-30,AMZN,AMZN,,738963,1.7449,1.6824,237.6789
2026-07-30,AON,AON,,23214,9.4198,7.7054,362.1659
2026-07-30,APD,APD,,26670,15.8942,14.4172,300.6589
2026-07-30,AVB,AVB,,22794,12.8925,12.8604,187.7967
2026-07-30,AVGO,AVGO,,267645,4.0138,3.6141,385.3751
2026-07-30,AXON,AXON,,21870,31.6773,30.1211,516.6719
2026-07-30,AXP,AXP,,26137,6.2297,5.6643,334.8486
2026-07-30,BA,BA,,30664,9.2186,8.6307,219.3811
2026-07-30,BAC,BAC,,260990,1.6482,1.6256,61.5378
2026-07-30,BKNG,BKNG,,291090,2.8867,2.0876,192.8245
2026-07-30,BLK,BLK,,20096,14.7503,14.288,1092.4853
2026-07-30,BMY,BMY,,164822,3.2357,3.0774,64.3894
2026-07-30,BRK-B,BRK,B,32698,4.0924,3.5843,505.1574
2026-07-30,C,C,,101642,2.7207,2.3009,131.2304
2026-07-30,CAT,CAT,,44789,10.4699,9.8153,809.0355
2026-07-30,CB,CB,,23522,9.1268,8.6056,350.2161
2026-07-30,CCI,CCI,,54799,8.6371,7.875,76.2109
2026-07-30,CDNS,CDNS,,30629,12.5524,11.1542,332.404
2026-07-30,CEG,CEG,,48658,8.1858,7.1285,266.871
2026-07-30,CHTR,CHTR,,23929,15.963,14.3072,139.378
2026-07-30,CI,CI,,28010,16.5923,15.3696,288.299
2026-07-30,CL,CL,,42935,4.564,4.3687,91.3568
2026-07-30,CMCSA,CMCS,A,179406,4.2817,4.2436,23.5791
2026-07-30,CME,CME,,27627,6.6785,6.0327,264.2584
2026-07-30,CMG,CMG,,202800,3.4005,2.614,38.4279
2026-07-30,COIN,COIN,,45434,12.8502,12.2249,162.2232
2026-07-30,COP,COP,,167933,3.7335,3.4034,117.4616
2026-07-30,COST,COST,,55957,7.4714,7.0232,953.2988
2026-07-30,CRM,CRM,,56884,6.958,6.2022,178.8076
2026-07-30,CRWD,CRWD,,101000,7.709,6.6116,182.1825
2026-07-30,CSCO,CSCO,,341925,2.5643,2.6366,113.4051
2026-07-30,CSX,CSX,,165689,2.2885,1.9986,50.0785
2026-07-30,CVX,CVX,,161781,2.539,2.1094,190.8089
2026-07-30,D,D,,199191,3.1117,2.8699,69.7687
2026-07-30,DD,DD,,9240,18.0932,17.1111,139.6946
2026-07-30,DE,DE,,19664,14.1587,13.5965,600.6321
2026-07-30,DHI,DHI,,31446,11.6924,10.3196,145.0486
2026-07-30,DIS,DIS,,160312,1.9983,2.0822,95.5184
2026-07-30,DKNG,DKNG,,119926,5.0754,4.2653,23.4816
2026-07-30,DLR,DLR,,17385,12.5596,11.9211,193.3164
2026-07-30,DOW,DOW,,111798,4.2558,3.3653,29.7981
2026-07-30,DUK,DUK,,130557,2.9837,3.1561,126.3868
2026-07-30,DXCM,DXCM,,50268,6.339,5.4157,73.8282
2026-07-30,EA,EA,,42489,1.6155,1.4354,209.2595
2026-07-30,ECL,ECL,,18450,10.793,9.3357,277.45
2026-07-30,ELV,ELV,,14126,13.4043,11.9702,374.5341
2026-07-30,EMR,EMR,,22019,9.2979,8.1114,148.4981
2026-07-30,ENPH,ENPH,,37043,22.3842,19.4634,36.3485
2026-07-30,EOG,EOG,,28107,8.9788,7.6786,143.9712
2026-07-30,EQIX,EQIX,,11253,21.5387,20.5403,1053.2288
2026-07-30,ETN,ETN,,40327,10.0793,8.3076,384.9905
2026-07-30,EXC,EXC,,238748,2.6292,2.2175,45.202
2026-07-30,F,F,,110665,6.7759,6.759,14.7876
2026-07-30,FCX,FCX,,271225,3.6525,3.1746,62.9776
2026-07-30,FDX,FDX,,20587,9.4155,8.1366,306.4874
2026-07-30,FSLR,FSLR,,18011,31.7697,29.4695,203.8654
2026-07-30,FTNT,FTNT,,86593,14.2047,12.3133,155.5125
2026-07-30,GD,GD,,15727,11.3101,9.9568,378.3161
2026-07-30,GE,GE,,38710,8.0179,7.069,353.2088
2026-07-30,GEHC,GEHC,,80591,5.6613,5.7554,69.0927
2026-07-30,GILD,GILD,,68845,4.4576,3.0867,129.9007
2026-07-30,GIS,GIS,,177141,3.1104,2.7628,36.2571
2026-07-30,GM,GM,,52443,4.774,4.5553,87.3963
2026-07-30,GOOGL,GOOG,L,734184,1.6487,1.5034,333.2558
2026-07-30,GS,GS,,45079,8.4363,7.8581,1015.9268
2026-07-30,HAL,HAL,,104858,3.8393,3.1934,31.3645
2026-07-30,HCA,HCA,,40048,9.903,9.0186,397.2771
2026-07-30,HD,HD,,52452,4.3886,3.6065,332.6693
2026-07-30,HON,HON,,24441,8.7259,7.9218,239.231
2026-07-30,ICE,ICE,,40103,10.3979,9.2063,153.4546
2026-07-30,INTC,INTC,,1553568,2.281,2.1687,92.1382
2026-07-30,INTU,INTU,,56636,8.7888,7.7528,310.5797
2026-07-30,ISRG,ISRG,,36618,6.2312,5.4238,350.5613
2026-07-30,IWM,IWM,,2517166,0.6176,0.6872,290.6375
2026-07-30,JNJ,JNJ,,57412,4.2105,3.9038,255.9292
2026-07-30,JPM,JPM,,65139,3.5528,3.1327,349.5417
2026-07-30,KHC,KHC,,192003,3.8676,3.7872,26.4487
2026-07-30,KMI,KMI,,114421,3.2306,3.1791,31.5059
2026-07-30,KO,KO,,297235,1.9576,2.2637,87.9621
2026-07-30,KR,KR,,91446,5.2363,5.172,57.9342
2026-07-30,LIN,LIN,,33816,6.5001,6.0792,506.372
2026-07-30,LLY,LLY,,34592,7.6194,6.628,1163.1779
2026-07-30,LMT,LMT,,16989,11.7016,10.5285,562.53
2026-07-30,LOW,LOW,,17808,11.8081,10.5309,210.5185
2026-07-30,LULU,LULU,,19409,11.4216,10.3102,116.9834
2026-07-30,MA,MA,,69929,7.1942,6.6165,574.8321
2026-07-30,MCD,MCD,,64949,3.6266,2.9951,267.9463
2026-07-30,MDLZ,MDLZ,,166591,2.9769,3.1686,62.9194
2026-07-30,MDT,MDT,,188314,2.5406,2.3367,85.686
2026-07-30,META,META,,288055,2.4849,2.0675,532.8788
2026-07-30,MLM,MLM,,13298,22.0123,19.4572,544.7393
2026-07-30,MNST,MNST,,99991,3.9785,3.1268,96.3993
2026-07-30,MO,MO,,134587,4.6655,4.3665,68.547
2026-07-30,MPC,MPC,,26167,14.3601,12.4631,313.1715
2026-07-30,MRK,MRK,,55162,3.8256,3.1116,128.8254
2026-07-30,MS,MS,,47054,6.0021,5.2526,209.0286
2026-07-30,MSFT,MSFT,,674744,2.0774,1.7971,451.1522
2026-07-30,MU,MU,,811274,3.8024,3.5298,852.4156
2026-07-30,NEE,NEE,,250868,2.8473,2.2944,87.5786
2026-07-30,NEM,NEM,,126183,5.3889,4.3015,94.2429
2026-07-30,NFLX,NFLX,,570396,1.9783,1.4044,71.9463
2026-07-30,NKE,NKE,,160529,2.8353,2.4036,41.7156
2026-07-30,NOC,NOC,,13607,14.6834,13.0782,526.4625
2026-07-30,NOW,NOW,,283460,4.3354,3.7478,108.7149
2026-07-30,NSC,NSC,,26820,10.1255,8.7591,331.6436
2026-07-30,NUE,NUE,,10598,16.5857,14.4449,257.5784
2026-07-30,NVDA,NVDA,,1851116,1.1629,1.0335,194.3953
2026-07-30,O,O,,185312,2.1597,1.566,64.0074
2026-07-30,OKE,OKE,,26070,5.8426,4.5305,88.6916
2026-07-30,ORCL,ORCL,,140851,5.4643,4.7748,126.2421
2026-07-30,ORLY,ORLY,,96925,8.3791,6.9005,87.7448
2026-07-30,PANW,PANW,,58639,15.7398,15.1817,319.3775
2026-07-30,PCG,PCG,,89560,5.7012,5.7029,17.5569
2026-07-30,PEP,PEP,,200901,3.0698,2.8578,140.1137
2026-07-30,PFE,PFE,,124381,4.0541,4.0543,24.7038
2026-07-30,PG,PG,,72918,3.1193,2.7964,143.1092
2026-07-30,PGR,PGR,,17945,9.5953,8.93,212.6789
2026-07-30,PLD,PLD,,23949,5.7623,4.8465,145.1841
2026-07-30,PLTR,PLTR,,247153,3.6709,3.2765,121.8548
2026-07-30,PLUG,PLUG,,39207,48.6449,48.4262,2.0584
2026-07-30,PM,PM,,30094,9.1654,8.326,192.9621
2026-07-30,PPG,PPG,,13540,12.8473,10.7479,111.6807
2026-07-30,PSA,PSA,,17272,15.8075,14.5782,314.0375
2026-07-30,PSX,PSX,,29674,11.9326,10.9323,209.8121
2026-07-30,QCOM,QCOM,,127154,8.1347,7.2874,151.217
2026-07-30,RBLX,RBLX,,92139,10.1677,8.3577,48.3992
2026-07-30,ROST,ROST,,25902,8.2871,7.5359,250.4298
2026-07-30,RTX,RTX,,29671,6.7994,6.1418,211.6044
2026-07-30,SBUX,SBUX,,125456,7.5754,6.5059,106.7546
2026-07-30,SCHW,SCHW,,76651,3.324,2.88,103.9526
2026-07-30,SHW,SHW,,28146,10.0471,9.6175,342.5456
2026-07-30,SLB,SLB,,164890,2.7844,2.0561,48.7213
2026-07-30,SNPS,SNPS,,32697,9.8122,9.0529,372.7621
2026-07-30,SO,SO,,83604,5.8802,5.3008,94.393
2026-07-30,SOC,SOC,,17980,23.6087,22.6501,4.4058
2026-07-30,SPG,SPG,,11612,13.7083,12.9514,230.1657
2026-07-30,SPGI,SPGI,,47235,7.8048,7.4014,410.3725
2026-07-30,SPOT,SPOT,,22421,10.4325,9.5601,515.4069
2026-07-30,SRE,SRE,,20853,7.6867,6.7257,88.9826
2026-07-30,STZ,STZ,,10860,12.9859,12.3925,129.4125
2026-07-30,SYK,SYK,,23855,9.6713,7.773,347.1365
2026-07-30,SYY,SYY,,37994,5.4318,4.7455,84.2204
2026-07-30,T,T,,169528,4.3077,4.3057,23.2374
2026-07-30,TJX,TJX,,33470,5.5054,4.4342,158.7568
2026-07-30,TMO,TMO,,27257,8.4845,7.6957,568.1166
2026-07-30,TMUS,TMUS,,55213,8.3631,6.8934,176.0438
2026-07-30,TSLA,TSLA,,458980,2.7336,2.6125,306.7779
2026-07-30,TT,TT,,22018,15.9917,14.0988,448.0967
2026-07-30,TTWO,TTWO,,24987,12.5542,11.5004,244.8494
2026-07-30,TXN,TXN,,92144,10.5288,10.2724,280.4702
2026-07-30,UBER,UBER,,198370,2.3337,1.4496,69.3129
2026-07-30,UNH,UNH,,48342,5.6256,5.203,422.1783
2026-07-30,UPS,UPS,,42123,5.4482,4.8405,103.5187
2026-07-30,V,V,,76561,3.8604,3.0375,363.7757
2026-07-30,VICI,VICI,,109184,4.1055,3.819,26.1785
2026-07-30,VLO,VLO,,25579,17.4684,14.9307,308.1935
2026-07-30,VMC,VMC,,32817,13.6915,12.0859,274.0812
2026-07-30,VRTX,VRTX,,21922,9.7351,9.0459,475.1912
2026-07-30,VST,VST,,30055,9.88,9.4156,149.2666
2026-07-30,VZ,VZ,,261875,2.3497,2.1723,46.0761
2026-07-30,WBD,WBD,,82994,3.9239,3.9131,25.5574
2026-07-30,WEC,WEC,,27452,7.5014,6.3813,110.0075
2026-07-30,WELL,WELL,,29472,10.0966,9.3462,235.8276
2026-07-30,WFC,WFC,,121877,2.2177,2.3449,84.7903
2026-07-30,WM,WM,,21904,10.8395,9.7244,226.562
2026-07-30,WMB,WMB,,55820,3.8638,2.8559,70.3529
2026-07-30,WMT,WMT,,556749,1.7935,1.7921,111.3819
2026-07-30,XEL,XEL,,165170,3.1713,2.5549,78.7411
2026-07-30,XOM,XOM,,158147,2.5407,2.5607,155.6762
2026-07-30,YUM,YUM,,15938,17.1481,15.3984,157.2503
2026-07-30,ZTS,ZTS,,31348,6.4407,5.2798,75.7941
2026-07-31,AAPL,AAPL,,1674889,1.4761,1.3264,302.5267
2026-07-31,ABBV,ABBV,,28082,9.3526,8.2565,252.3195
2026-07-31,ABNB,ABNB,,29492,8.4352,7.249,151.667
2026-07-31,ABT,ABT,,114054,3.7563,2.8462,105.2009
2026-07-31,ACN,ACN,,29743,10.8933,9.7466,164.0898
2026-07-31,ADBE,ADBE,,72309,6.7656,5.7241,247.1007
2026-07-31,AEP,AEP,,101225,3.6342,3.1187,128.417
2026-07-31,AMAT,AMAT,,148925,15.1352,14.1146,513.744
2026-07-31,AMD,AMD,,419225,8.5622,8.1969,489.7044
2026-07-31,AMGN,AMGN,,27662,7.7643,6.7906,383.623
2026-07-31,AMT,AMT,,18796,10.6387,9.291,172.0838
2026-07-31,AMZN,AMZN,,786827,1.6697,1.4768,269.9889
2026-07-31,AON,AON,,16734,13.6044,10.9951,362.6985
2026-07-31,APD,APD,,20049,13.7749,12.5891,293.7711
2026-07-31,AVB,AVB,,17504,12.0538,11.3156,186.0757
2026-07-31,AVGO,AVGO,,183531,5.1887,4.6697,386.1401
2026-07-31,AXON,AXON,,14721,27.571,25.4655,521.9404
2026-07-31,AXP,AXP,,24630,6.1923,5.3517,337.362
2026-07-31,BA,BA,,36337,6.8758,6.4866,214.2782
2026-07-31,BAC,BAC,,254388,1.7137,1.6123,61.9623
2026-07-31,BKNG,BKNG,,227655,2.9181,2.0714,193.6324
2026-07-31,BLK,BLK,,10661,14.8799,13.4361,1094.0809
2026-07-31,BMY,BMY,,120078,3.2601,3.0783,64.6601
2026-07-31,BRK-B,BRK,B,27434,3.481,2.737,511.0495
2026-07-31,C,C,,88427,3.1011,3.0046,132.9801
2026-07-31,CAT,CAT,,47642,11.204,10.1485,817.4545
2026-07-31,CB,CB,,18719,8.9928,7.9736,351.5062
2026-07-31,CCI,CCI,,24645,8.621,7.8927,75.6635
2026-07-31,CDNS,CDNS,,27388,12.6447,11.5097,337.5577
2026-07-31,CEG,CEG,,32147,8.3197,7.5563,263.2912
2026-07-31,CHTR,CHTR,,23590,16.2168,13.7684,144.5221
2026-07-31,CI,CI,,23358,9.5037,8.4878,282.7972
2026-07-31,CL,CL,,42482,5.1427,4.3874,91.1465
2026-07-31,CMCSA,CMCS,A,168158,4.2926,4.185,23.8688
2026-07-31,CME,CME,,33330,5.5192,4.4761,268.2677
2026-07-31,CMG,CMG,,238647,3.0664,2.6613,37.5842
2026-07-31,COIN,COIN,,134284,7.8998,7.482,144.3111
2026-07-31,COP,COP,,92505,4.533,4.1575,119.2732
2026-07-31,COST,COST,,34181,6.9985,6.2947,950.7084
2026-07-31,CRM,CRM,,54222,7.268,6.094,182.2458
2026-07-31,CRWD,CRWD,,85427,9.2412,7.9862,188.4918
2026-07-31,CSCO,CSCO,,244043,3.1689,2.6225,115.0743
2026-07-31,CSX,CSX,,119647,2.1954,1.991,50.2609
2026-07-31,CVX,CVX,,99748,2.8725,2.5538,195.067
2026-07-31,D,D,,79859,3.7896,4.2909,69.6677
2026-07-31,DD,DD,,16039,11.7307,9.4659,137.7497
2026-07-31,DE,DE,,16861,12.3096,11.0958,594.8035
2026-07-31,DHI,DHI,,27473,10.3702,9.0319,143.6882
2026-07-31,DIS,DIS,,128746,2.5251,2.0818,96.0898
2026-07-31,DKNG,DKNG,,94500,5.4305,4.2635,23.491
2026-07-31,DLR,DLR,,17933,11.0429,10.4707,190.5426
2026-07-31,DOW,DOW,,138884,4.0413,3.3328,30.0325
2026-07-31,DUK,DUK,,92172,3.0339,2.3926,125.6932
2026-07-31,DXCM,DXCM,,66135,9.161,7.3593,82.9477
2026-07-31,EA,EA,,16455,0.6158,0.4765,209.8697
2026-07-31,ECL,ECL,,11792,9.5387,8.0096,276.8927
2026-07-31,ELV,ELV,,12525,10.6707,8.7418,377.3713
2026-07-31,EMR,EMR,,17911,9.5909,8.6508,149.5849
2026-07-31,ENPH,ENPH,,41203,18.4695,15.9109,37.4152
2026-07-31,EOG,EOG,,23041,10.05,8.2628,146.7156
2026-07-31,EQIX,EQIX,,9325,22.0253,21.7955,1030.3668
2026-07-31,ETN,ETN,,51880,14.2035,11.715,409.4654
2026-07-31,EXC,EXC,,208145,2.5063,2.1775,45.9043
2026-07-31,F,F,,119872,6.875,6.8705,14.5717
2026-07-31,FCX,FCX,,391668,3.9453,3.2305,62.2
2026-07-31,FDX,FDX,,16823,10.0278,9.0774,308.9701
2026-07-31,FSLR,FSLR,,29395,34.9903,31.991,212.5351
2026-07-31,FTNT,FTNT,,48541,11.5319,9.6138,158.6465
2026-07-31,GD,GD,,16130,10.2968,8.3418,380.9796
2026-07-31,GE,GE,,33166,6.842,6.1951,359.3112
2026-07-31,GEHC,GEHC,,89246,4.629,4.4147,67.8592
2026-07-31,GILD,GILD,,64955,4.111,3.0755,130.1167
2026-07-31,GIS,GIS,,166488,3.199,2.7797,36.015
2026-07-31,GM,GM,,38758,4.6729,3.4151,88.2615
2026-07-31,GOOGL,GOOG,L,567825,1.7855,1.7055,350.8047
2026-07-31,GS,GS,,42395,10.1326,9.5146,1021.216
2026-07-31,HAL,HAL,,126939,3.7414,3.1294,31.9291
2026-07-31,HCA,HCA,,37165,9.1444,8.5887,398.9551
2026-07-31,HD,HD,,47981,4.1348,3.3205,331.5605
2026-07-31,HON,HON,,17417,9.9448,9.5189,242.925
2026-07-31,ICE,ICE,,37305,8.4998,7.8385,153.2485
2026-07-31,INTC,INTC,,1757466,2.8943,3.2087,92.6685
2026-07-31,INTU,INTU,,33282,10.3272,8.6112,314.8543
2026-07-31,ISRG,ISRG,,28324,7.6114,6.8162,352.1618
2026-07-31,IWM,IWM,,2894792,0.5857,0.6861,290.2815
2026-07-31,JNJ,JNJ,,40908,4.9029,4.2744,256.2791
2026-07-31,JPM,JPM,,57287,3.7794,3.3925,352.6615
2026-07-31,KHC,KHC,,186510,4.0757,3.8395,26.07
2026-07-31,KMI,KMI,,128471,3.242,3.1216,31.9996
2026-07-31,KO,KO,,291021,1.7933,1.145,87.579
2026-07-31,KR,KR,,73082,3.8568,3.4507,57.8886
2026-07-31,LIN,LIN,,51522,9.1606,8.3399,478.0458
2026-07-31,LLY,LLY,,26737,8.3205,7.2936,1138.3867
2026-07-31,LMT,LMT,,12796,12.3039,11.2072,577.5913
2026-07-31,LOW,LOW,,16796,9.7224,9.0859,208.5348
2026-07-31,LULU,LULU,,21433,10.2247,9.2317,118.9968
2026-07-31,MA,MA,,49550,6.3014,5.5878,571.4845
2026-07-31,MCD,MCD,,60718,3.1236,2.6068,269.5353
2026-07-31,MDLZ,MDLZ,,264753,3.1393,3.1837,62.4457
2026-07-31,MDT,MDT,,141935,4.6596,3.5738,84.7483
2026-07-31,META,META,,186404,3.7006,3.2597,548.8964
2026-07-31,MLM,MLM,,15817,16.647,15.662,534.0166
2026-07-31,MNST,MNST,,76945,3.6214,3.1067,96.5824
2026-07-31,MO,MO,,93540,4.5701,4.3206,68.8915
2026-07-31,MPC,MPC,,17722,12.1649,10.546,313.4369
2026-07-31,MRK,MRK,,49155,3.9281,3.0656,130.3004
2026-07-31,MS,MS,,46653,5.4331,4.7436,210.8253
2026-07-31,MSFT,MSFT,,364244,2.3435,2.1548,459.6655
2026-07-31,MU,MU,,789921,6.6719,6.2439,843.1829
2026-07-31,NEE,NEE,,252867,2.1572,2.2789,87.6035
2026-07-31,NEM,NEM,,71604,6.7655,5.418,93.2613
2026-07-31,NFLX,NFLX,,385309,2.0283,1.3991,71.6372
2026-07-31,NKE,NKE,,187452,2.6608,2.3966,41.7715
2026-07-31,NOC,NOC,,9914,15.7869,14.3428,538.7116
2026-07-31,NOW,NOW,,261994,5.6408,5.4103,110.6141
2026-07-31,NSC,NSC,,19143,9.9631,9.2244,335.4493
2026-07-31,NUE,NUE,,10159,14.7581,12.339,257.908
2026-07-31,NVDA,NVDA,,1111752,1.4939,1.5164,197.581
2026-07-31,O,O,,78959,2.6749,1.5784,63.7003
2026-07-31,OKE,OKE,,27237,5.1766,4.4529,89.6933
2026-07-31,ORCL,ORCL,,99707,6.6464,5.4852,128.2078
2026-07-31,ORLY,ORLY,,78203,3.9056,3.3748,88.9332
2026-07-31,PANW,PANW,,33849,14.9427,13.6795,327.6881
2026-07-31,PCG,PCG,,104740,5.7322,5.7094,17.5264
2026-07-31,PEP,PEP,,112953,2.6298,2.1522,139.5398
2026-07-31,PFE,PFE,,136464,4.0111,4.004,24.9717
2026-07-31,PG,PG,,102084,3.191,2.7851,143.5676
2026-07-31,PGR,PGR,,11315,11.1988,9.8844,212.7222
2026-07-31,PLD,PLD,,23421,9.3633,8.9695,144.5267
2026-07-31,PLTR,PLTR,,223382,4.0502,3.3319,121.5975
2026-07-31,PLUG,PLUG,,45890,48.7601,48.8998,2.0512
2026-07-31,PM,PM,,28252,8.8191,7.3795,191.6853
2026-07-31,PPG,PPG,,10074,12.1021,10.8162,110.6392
2026-07-31,PSA,PSA,,15963,9.9888,8.7516,321.6379
2026-07-31,PSX,PSX,,24119,11.3061,10.8708,210.4762
2026-07-31,QCOM,QCOM,,112150,8.1806,6.7485,148.3032
2026-07-31,RBLX,RBLX,,161783,7.8867,5.836,34.7104
2026-07-31,ROST,ROST,,18990,6.7371,5.9624,251.5174
2026-07-31,RTX,RTX,,22434,7.1803,6.5171,214.2417
2026-07-31,SBUX,SBUX,,78798,5.5333,4.7432,105.6151
2026-07-31,SCHW,SCHW,,84470,3.1006,2.8494,105.0906
2026-07-31,SHW,SHW,,21478,8.6059,7.6334,340.1779
2026-07-31,SLB,SLB,,152217,2.8083,2.0323,49.23
2026-07-31,SNPS,SNPS,,32302,10.0078,8.2647,383.9516
2026-07-31,SO,SO,,46264,4.8981,4.215,94.6808
2026-07-31,SOC,SOC,,51738,20.4937,20.0602,4.9609
2026-07-31,SPG,SPG,,11177,14.3731,13.8139,230.8153
2026-07-31,SPGI,SPGI,,43221,7.1088,6.2784,413.8586
2026-07-31,SPOT,SPOT,,19105,13.6954,12.0485,507.0853
2026-07-31,SRE,SRE,,16367,7.8665,6.7084,89.2783
2026-07-31,STZ,STZ,,8816,12.1232,10.8008,129.8178
2026-07-31,SYK,SYK,,36326,10.1126,8.989,323.6618
2026-07-31,SYY,SYY,,27950,4.7654,3.5342,85.1047
2026-07-31,T,T,,190262,4.3182,4.3039,23.2568
2026-07-31,TJX,TJX,,24581,6.4043,5.0736,157.8463
2026-07-31,TMO,TMO,,24708,8.0068,7.0044,570.5702
2026-07-31,TMUS,TMUS,,44709,7.8519,7.0266,171.6975
2026-07-31,TSLA,TSLA,,433751,3.167,2.9569,307.589
2026-07-31,TT,TT,,26261,13.2212,11.154,455.5059
2026-07-31,TTWO,TTWO,,22612,12.73,11.312,240.6976
2026-07-31,TXN,TXN,,150990,8.8008,7.9704,276.4836
2026-07-31,UBER,UBER,,155432,2.6673,2.8535,69.9587
2026-07-31,UNH,UNH,,37717,5.9536,5.241,418.7212
2026-07-31,UPS,UPS,,41088,5.9023,4.7886,104.5397
2026-07-31,V,V,,59344,3.0367,2.4758,364.8603
2026-07-31,VICI,VICI,,106058,4.063,3.8088,26.2551
2026-07-31,VLO,VLO,,26721,13.1023,11.605,309.0552
2026-07-31,VMC,VMC,,19304,9.7021,8.1316,271.1148
2026-07-31,VRTX,VRTX,,18387,11.1411,9.5088,474.4286
2026-07-31,VST,VST,,28724,11.1627,10.1211,148.0976
2026-07-31,VZ,VZ,,257879,2.3207,2.154,46.4169
2026-07-31,WBD,WBD,,204007,3.8813,3.8351,25.9721
2026-07-31,WEC,WEC,,32754,5.5631,4.5627,109.8141
2026-07-31,WELL,WELL,,18592,10.2949,9.4156,235.7813
2026-07-31,WFC,WFC,,191240,2.6437,2.3175,86.1475
2026-07-31,WM,WM,,15616,9.6031,8.7604,226.5505
2026-07-31,WMB,WMB,,49936,4.1434,4.185,71.2419
2026-07-31,WMT,WMT,,530858,1.8904,1.7942,111.373
2026-07-31,XEL,XEL,,171924,2.7017,2.5445,78.5671
2026-07-31,XOM,XOM,,136557,2.8275,2.5892,153.9828
2026-07-31,YUM,YUM,,14587,13.7933,11.7088,153.9586
2026-07-31,ZTS,ZTS,,21929,10.5706,9.0844,76.5451
2026-08-03,AAPL,AAPL,,746368,0.7153,0.6519,305.4781
2026-08-03,ABBV,ABBV,,41230,9.2178,8.5146,246.1369
2026-08-03,ABNB,ABNB,,29911,8.8484,7.9271,151.0953
2026-08-03,ABT,ABT,,154441,4.0959,3.7369,107.1644
2026-08-03,ACN,ACN,,31918,11.546,10.2222,167.1368
2026-08-03,ADBE,ADBE,,66612,6.63,5.8989,254.1401
2026-08-03,AEP,AEP,,114727,3.604,3.1243,127.9325
2026-08-03,AMAT,AMAT,,121741,12.0405,11.1094,510.0431
2026-08-03,AMD,AMD,,384830,6.8229,6.3935,479.1178
2026-08-03,AMGN,AMGN,,40299,7.2657,5.9816,379.8737
2026-08-03,AMT,AMT,,19966,10.3304,9.2902,173.2205
2026-08-03,AMZN,AMZN,,573613,1.822,1.7489,284.6212
2026-08-03,AON,AON,,19673,11.6272,10.0348,359.317
2026-08-03,APD,APD,,12160,9.5003,8.2576,291.621
2026-08-03,AVB,AVB,,32369,9.6211,9.1053,187.3071
2026-08-03,AVGO,AVGO,,206465,4.3246,3.8977,386.0623
2026-08-03,AXON,AXON,,22104,20.5025,19.6314,567.0033
2026-08-03,AXP,AXP,,37393,3.5436,2.6181,343.5458
2026-08-03,BA,BA,,53583,6.239,5.726,228.8776
2026-08-03,BAC,BAC,,215957,1.648,1.6097,62.1352
2026-08-03,BKNG,BKNG,,275912,2.1979,1.5595,192.6722
2026-08-03,BLK,BLK,,16690,11.3266,10.6237,1115.3372
2026-08-03,BMY,BMY,,262843,3.755,3.0826,65.0036
2026-08-03,BRK-B,BRK,B,26415,4.1004,3.709,514.0364
2026-08-03,C,C,,74696,2.8307,2.2754,132.1375
2026-08-03,CAT,CAT,,41843,8.4173,7.2839,826.0755
2026-08-03,CB,CB,,24820,6.7439,5.7416,348.1582
2026-08-03,CCI,CCI,,30868,7.1167,6.4437,77.6174
2026-08-03,CDNS,CDNS,,25031,12.1568,10.0803,336.3858
2026-08-03,CEG,CEG,,50524,9.2308,8.4455,271.3138
2026-08-03,CHTR,CHTR,,30707,23.8428,22.462,145.8966
2026-08-03,CI,CI,,19340,10.9252,9.2728,281.1622
2026-08-03,CL,CL,,60797,3.7671,3.3136,91.1065
2026-08-03,CMCSA,CMCS,A,229718,4.1249,4.0543,24.6713
2026-08-03,CME,CME,,22976,6.6377,6.3114,266.3103
2026-08-03,CMG,CMG,,268417,2.9328,2.6871,37.437
2026-08-03,COIN,COIN,,81230,9.4651,8.6837,148.716
2026-08-03,COP,COP,,258534,3.3007,2.5326,118.6439
2026-08-03,COST,COST,,28861,6.8076,6.1071,952.8978
2026-08-03,CRM,CRM,,60570,7.9295,7.4286,189.0667
2026-08-03,CRWD,CRWD,,116423,4.7832,3.5653,198.6152
2026-08-03,CSCO,CSCO,,213341,2.0809,1.7327,115.4677
2026-08-03,CSX,CSX,,162831,2.2883,2.0046,50.0151
2026-08-03,CVX,CVX,,137443,2.4775,2.077,194.0064
2026-08-03,D,D,,137568,3.0221,2.9099,68.6797
2026-08-03,DD,DD,,12922,10.6566,9.3569,139.3487
2026-08-03,DE,DE,,20040,12.8471,11.964,610.6188
2026-08-03,DHI,DHI,,20950,11.4876,9.5838,145.5232
2026-08-03,DIS,DIS,,123337,2.6192,2.0519,97.9863
2026-08-03,DKNG,DKNG,,142540,4.973,4.2872,23.4007
2026-08-03,DLR,DLR,,14555,10.9009,10.125,190.9446
2026-08-03,DOW,DOW,,103525,4.3369,3.325,30.1531
2026-08-03,DUK,DUK,,107586,3.0347,3.1824,124.7109
2026-08-03,DXCM,DXCM,,51493,6.159,4.6674,86.4584
2026-08-03,EA,EA,,7408,0.5304,0.4763,209.9348
2026-08-03,ECL,ECL,,19773,8.1258,6.843,277.4569
2026-08-03,ELV,ELV,,14168,12.1177,10.7932,378.7126
2026-08-03,EMR,EMR,,22831,6.9685,5.8922,152.7719
2026-08-03,ENPH,ENPH,,43649,13.3491,10.3708,38.6874
2026-08-03,EOG,EOG,,40776,6.2716,5.4716,145.9984
2026-08-03,EQIX,EQIX,,8545,20.7709,19.4492,1023.7577
2026-08-03,ETN,ETN,,44974,11.8396,10.4682,430.2229
2026-08-03,EXC,EXC,,202888,2.4512,2.1927,45.7113
2026-08-03,F,F,,111294,6.8184,6.8423,14.6736
2026-08-03,FCX,FCX,,360133,3.1387,3.1641,62.948
2026-08-03,FDX,FDX,,17998,9.0209,8.1231,308.278
2026-08-03,FSLR,FSLR,,50707,22.8783,21.8167,236.1239
2026-08-03,FTNT,FTNT,,53908,7.3182,6.1406,162.6998
2026-08-03,GD,GD,,17433,7.8777,6.2928,382.8947
2026-08-03,GE,GE,,34765,5.3829,4.6687,365.9565
2026-08-03,GEHC,GEHC,,96362,4.441,4.3162,69.4111
2026-08-03,GILD,GILD,,65524,4.4712,3.8392,129.8696
2026-08-03,GIS,GIS,,111899,3.4056,2.7851,36.0619
2026-08-03,GM,GM,,40325,4.1897,3.4128,88.1392
2026-08-03,GOOGL,GOOG,L,678759,1.2599,1.0824,372.8529
2026-08-03,GS,GS,,37327,8.7334,8.066,1016.9562
2026-08-03,HAL,HAL,,96049,3.8288,3.1412,31.8239
2026-08-03,HCA,HCA,,37139,9.7905,8.4102,406.1381
2026-08-03,HD,HD,,39574,5.8475,5.0741,337.0224
2026-08-03,HON,HON,,22744,9.3849,8.5823,245.925
2026-08-03,ICE,ICE,,33951,7.3286,6.5441,152.1396
2026-08-03,INTC,INTC,,1324474,2.4504,2.2188,89.5159
2026-08-03,INTU,INTU,,45598,8.7458,7.9301,322.2135
2026-08-03,ISRG,ISRG,,81856,5.9061,5.3527,372.8466
2026-08-03,IWM,IWM,,1747673,0.4328,0.3384,295.5184
2026-08-03,JNJ,JNJ,,60799,4.9724,3.9689,252.8389
2026-08-03,JPM,JPM,,61610,3.5415,3.1196,352.6226
2026-08-03,KHC,KHC,,161782,4.1346,3.8132,26.2519
2026-08-03,KMI,KMI,,105030,3.4549,3.1691,31.531
2026-08-03,KO,KO,,348619,1.8352,1.1529,87.0595
2026-08-03,KR,KR,,83992,3.6175,3.4188,58.2535
2026-08-03,LIN,LIN,,35394,5.855,5.1742,479.5808
2026-08-03,LLY,LLY,,34589,8.4701,7.3405,1118.9491
2026-08-03,LMT,LMT,,11206,9.4021,7.9355,582.9941
2026-08-03,LOW,LOW,,15817,12.2064,10.5097,209.7555
2026-08-03,LULU,LULU,,24268,10.2888,9.0737,121.8201
2026-08-03,MA,MA,,59038,5.7992,5.2409,574.7357
2026-08-03,MCD,MCD,,103593,3.3415,2.9785,269.4326
2026-08-03,MDLZ,MDLZ,,263504,2.5519,1.624,61.999
2026-08-03,MDT,MDT,,216142,2.4817,2.3167,86.4005
2026-08-03,META,META,,199197,3.4394,3.0401,591.1918
2026-08-03,MLM,MLM,,10156,16.967,15.1577,540.6124
2026-08-03,MNST,MNST,,67829,3.5939,3.2108,94.0154
2026-08-03,MO,MO,,176436,3.2524,2.9334,68.1453
2026-08-03,MPC,MPC,,23974,15.4542,14.4238,312.3983
2026-08-03,MRK,MRK,,72077,4.0497,3.1429,127.7591
2026-08-03,MS,MS,,60963,5.8029,4.7477,210.107
2026-08-03,MSFT,MSFT,,491444,1.9551,1.6539,487.7191
2026-08-03,MU,MU,,585162,5.3919,5.1453,813.0755
2026-08-03,NEE,NEE,,262164,2.0825,2.3132,86.2802
2026-08-03,NEM,NEM,,79961,4.2772,4.2172,94.4915
2026-08-03,NFLX,NFLX,,451749,1.8838,1.3735,72.9958
2026-08-03,NKE,NKE,,143866,2.6146,2.3627,42.4054
2026-08-03,NOC,NOC,,12137,14.0962,12.6488,548.0534
2026-08-03,NOW,NOW,,149636,4.4448,4.3131,115.8784
2026-08-03,NSC,NSC,,18199,11.5703,10.7694,335.6713
2026-08-03,NUE,NUE,,11491,15.4902,13.8884,257.3492
2026-08-03,NVDA,NVDA,,1269296,1.2115,0.9778,205.4769
2026-08-03,O,O,,186608,1.9727,1.5812,63.4214
2026-08-03,OKE,OKE,,31706,4.9298,4.5239,88.1607
2026-08-03,ORCL,ORCL,,148010,5.4424,4.3966,138.7285
2026-08-03,ORLY,ORLY,,70559,3.4422,3.3302,89.9623
2026-08-03,PANW,PANW,,71832,11.527,10.1438,339.6703
2026-08-03,PCG,PCG,,112629,5.8542,5.8497,17.1251
2026-08-03,PEP,PEP,,165951,2.6899,2.158,139.6221
2026-08-03,PFE,PFE,,157071,4.0079,4.0056,24.987
2026-08-03,PG,PG,,68741,3.1545,2.7651,145.1309
2026-08-03,PGR,PGR,,16212,9.3764,7.6089,210.7316
2026-08-03,PLD,PLD,,30172,7.296,6.2641,143.7639
2026-08-03,PLTR,PLTR,,659420,2.2634,2.3793,125.5366
2026-08-03,PLUG,PLUG,,60773,48.6023,48.6618,2.0584
2026-08-03,PM,PM,,30674,9.5638,8.9807,189.2741
2026-08-03,PPG,PPG,,11526,10.9206,9.6699,112.763
2026-08-03,PSA,PSA,,13756,9.8121,8.5905,326.9665
2026-08-03,PSX,PSX,,30401,11.4312,10.078,208.3562
2026-08-03,QCOM,QCOM,,119367,6.0311,4.8786,148.5068
2026-08-03,RBLX,RBLX,,76013,7.3821,5.4025,37.1598
2026-08-03,ROST,ROST,,17551,9.3754,8.6451,253.7321
2026-08-03,RTX,RTX,,31466,6.5916,6.43,216.1995
2026-08-03,SBUX,SBUX,,70331,5.0957,4.7571,104.8851
2026-08-03,SCHW,SCHW,,84658,2.989,2.8357,105.7517
2026-08-03,SHW,SHW,,27576,7.3026,5.7187,350.7569
2026-08-03,SLB,SLB,,164840,2.6442,2.0327,49.1941
2026-08-03,SNPS,SNPS,,25877,7.9315,7.1609,389.5613
2026-08-03,SO,SO,,46365,4.5733,3.2277,94.018
2026-08-03,SOC,SOC,,41994,20.9011,19.7824,5.0345
2026-08-03,SPG,SPG,,8781,13.4315,12.2436,229.1522
2026-08-03,SPGI,SPGI,,44140,6.886,6.2717,413.6071
2026-08-03,SPOT,SPOT,,31671,16.2054,15.4679,494.4197
2026-08-03,SRE,SRE,,18539,8.1589,6.8205,88.0883
2026-08-03,STZ,STZ,,15236,13.5072,11.4447,131.5904
2026-08-03,SYK,SYK,,33265,9.3245,7.9334,336.9071
2026-08-03,SYY,SYY,,123800,7.601,7.0872,84.0654
2026-08-03,T,T,,183605,4.2563,4.249,23.5403
2026-08-03,TJX,TJX,,38693,6.5978,6.2794,156.7192
2026-08-03,TMO,TMO,,24981,8.2395,6.961,576.7985
2026-08-03,TMUS,TMUS,,36835,7.9556,7.3573,176.5723
2026-08-03,TSLA,TSLA,,403651,2.2429,1.8752,321.1058
2026-08-03,TT,TT,,19655,13.4432,11.5206,460.5213
2026-08-03,TTWO,TTWO,,19616,12.0404,10.9919,246.4736
2026-08-03,TXN,TXN,,79666,8.0971,7.3678,268.692
2026-08-03,UBER,UBER,,175463,2.5813,2.7964,71.3934
2026-08-03,UNH,UNH,,46377,5.2637,4.794,415.7774
2026-08-03,UPS,UPS,,48263,4.7572,4.6814,106.404
2026-08-03,V,V,,60838,3.1718,2.4566,366.7789
2026-08-03,VICI,VICI,,104772,3.8526,3.8001,26.3425
2026-08-03,VLO,VLO,,33487,12.8144,11.1894,309.3711
2026-08-03,VMC,VMC,,20493,8.6563,7.5451,278.934
2026-08-03,VRTX,VRTX,,21604,9.6455,8.0551,471.681
2026-08-03,VST,VST,,34083,9.7808,8.924,153.744
2026-08-03,VZ,VZ,,233477,2.1653,2.1086,47.4159
2026-08-03,WBD,WBD,,71865,3.8377,3.8045,26.2903
2026-08-03,WEC,WEC,,23369,5.512,5.4695,109.4489
2026-08-03,WELL,WELL,,16574,10.8214,9.8541,234.2206
2026-08-03,WFC,WFC,,151732,2.0787,2.2873,87.0299
2026-08-03,WM,WM,,12462,11.2789,10.1772,225.8063
2026-08-03,WMB,WMB,,67738,4.167,2.8445,70.6478
2026-08-03,WMT,WMT,,566603,1.6522,1.7968,110.8242
2026-08-03,XEL,XEL,,312340,2.4301,2.5589,77.8764
2026-08-03,XOM,XOM,,138217,2.8427,2.584,154.8396
2026-08-03,YUM,YUM,,23872,15.0085,14.0023,150.4797
2026-08-03,ZTS,ZTS,,54335,7.1712,6.4164,77.6619
2026-08-04,AAPL,AAPL,,629221,0.9318,0.9684,307.3196
2026-08-04,ABBV,ABBV,,39838,6.6068,5.773,243.9729
2026-08-04,ABNB,ABNB,,32913,8.0026,7.3719,149.371
2026-08-04,ABT,ABT,,99988,3.7016,3.7729,105.6788
2026-08-04,ACN,ACN,,44038,10.3731,9.6374,166.2728
2026-08-04,ADBE,ADBE,,66352,5.3677,4.3335,254.0861
2026-08-04,AEP,AEP,,94441,3.4941,3.1252,127.8821
2026-08-04,AMAT,AMAT,,137202,7.3917,6.765,545.7948
2026-08-04,AMD,AMD,,486642,4.4176,4.0023,521.6602
2026-08-04,AMGN,AMGN,,41288,7.8348,6.851,386.0565
2026-08-04,AMT,AMT,,19813,11.8688,10.8315,174.153
2026-08-04,AMZN,AMZN,,991686,1.5399,1.4395,277.9689
2026-08-04,AON,AON,,13743,9.4133,8.1763,353.8002
2026-08-04,APD,APD,,15835,7.8355,7.4214,294.7784
2026-08-04,AVB,AVB,,18159,10.4848,9.5531,188.0403
2026-08-04,AVGO,AVGO,,259332,2.4293,1.9425,415.7087
2026-08-04,AXON,AXON,,18240,18.2859,17.2257,597.7834
2026-08-04,AXP,AXP,,26650,4.6564,3.7425,347.1383
2026-08-04,BA,BA,,44539,6.2493,5.4925,236.2885
2026-08-04,BAC,BAC,,221093,1.6007,1.5819,63.1802
2026-08-04,BKNG,BKNG,,333819,2.5748,2.076,193.0753
2026-08-04,BLK,BLK,,13634,12.6564,11.3548,1135.7536
2026-08-04,BMY,BMY,,190751,3.3361,3.0409,65.2844
2026-08-04,BRK-B,BRK,B,30897,3.1459,2.7124,514.5141
2026-08-04,C,C,,91538,2.3902,2.1879,136.992
2026-08-04,CAT,CAT,,54691,10.4639,9.1809,883.4535
2026-08-04,CB,CB,,17474,6.0211,5.1729,346.8741
2026-08-04,CCI,CCI,,28493,10.4831,9.0774,77.2539
2026-08-04,CDNS,CDNS,,25309,10.73,9.3693,341.7472
2026-08-04,CEG,CEG,,60269,9.1586,8.2175,267.4464
2026-08-04,CHTR,CHTR,,30698,19.8866,17.2987,148.4299
2026-08-04,CI,CI,,28882,9.1696,8.3793,274.2932
2026-08-04,CL,CL,,72413,2.9255,2.2121,91.4284
2026-08-04,CMCSA,CMCS,A,164163,4.088,4.056,24.6596
2026-08-04,CME,CME,,25586,6.9498,6.0641,262.9429
2026-08-04,CMG,CMG,,567820,3.5283,2.8748,35.4186
2026-08-04,COIN,COIN,,58802,10.7897,10.5464,149.6593
2026-08-04,COP,COP,,276740,3.5335,3.3838,117.9255
2026-08-04,COST,COST,,82916,4.5386,4.0325,943.7017
2026-08-04,CRM,CRM,,56041,5.4474,4.737,189.2109
2026-08-04,CRWD,CRWD,,104446,5.6515,4.7427,210.2364
2026-08-04,CSCO,CSCO,,244337,2.375,2.4717,120.5263
2026-08-04,CSX,CSX,,143283,2.1823,1.9847,50.3547
2026-08-04,CVX,CVX,,159472,2.3536,2.0981,190.3626
2026-08-04,D,D,,179164,2.7687,2.8986,68.6868
2026-08-04,DD,DD,,14287,19.4675,15.9213,139.7115
2026-08-04,DE,DE,,16860,18.8092,14.3819,614.3092
2026-08-04,DHI,DHI,,37321,10.921,10.0519,148.6672
2026-08-04,DIS,DIS,,206102,1.7714,2.0311,98.2139
2026-08-04,DKNG,DKNG,,150080,4.9532,4.258,23.5477
2026-08-04,DLR,DLR,,15355,11.4226,10.4134,193.278
2026-08-04,DOW,DOW,,150389,4.0836,3.3608,29.7689
2026-08-04,DUK,DUK,,72311,3.6177,3.2258,123.7823
2026-08-04,DXCM,DXCM,,41696,6.6808,5.7389,87.0046
2026-08-04,EA,EA,,13430,0.5172,0.4764,209.9215
2026-08-04,ECL,ECL,,15837,10.1134,9.5988,280.3837
2026-08-04,ELV,ELV,,13540,11.3448,10.2664,379.0234
2026-08-04,EMR,EMR,,26950,10.0224,9.1312,154.6314
2026-08-04,ENPH,ENPH,,63358,13.457,11.8638,41.2808
2026-08-04,EOG,EOG,,48463,6.8556,6.2533,143.5988
2026-08-04,EQIX,EQIX,,11649,21.1634,20.0455,1045.5534
2026-08-04,ETN,ETN,,38418,9.6168,8.5768,440.9077
2026-08-04,EXC,EXC,,148760,2.4861,2.2009,45.4685
2026-08-04,F,F,,110267,7.0693,7.0597,14.1649
2026-08-04,FCX,FCX,,402538,2.845,2.9691,66.9185
2026-08-04,FDX,FDX,,17289,7.6946,6.4098,313.1602
2026-08-04,FSLR,FSLR,,35722,32.2222,28.771,241.6111
2026-08-04,FTNT,FTNT,,48937,7.4806,6.5678,167.0552
2026-08-04,GD,GD,,16730,7.134,5.4309,384.8884
2026-08-04,GE,GE,,42707,5.4292,4.5062,374.4816
2026-08-04,GEHC,GEHC,,48980,4.7009,4.3032,69.6844
2026-08-04,GILD,GILD,,82376,3.6864,3.0428,131.6946
2026-08-04,GIS,GIS,,120261,3.1975,2.7875,35.9591
2026-08-04,GM,GM,,40948,4.3959,3.4505,87.4509
2026-08-04,GOOGL,GOOG,L,577401,1.2202,1.0618,377.092
2026-08-04,GS,GS,,44382,6.9432,6.4301,1058.2837
2026-08-04,HAL,HAL,,110094,3.4096,3.1003,32.2132
2026-08-04,HCA,HCA,,29239,9.5981,8.2431,398.6859
2026-08-04,HD,HD,,45985,4.6255,4.0076,347.5525
2026-08-04,HON,HON,,24282,8.1291,7.6462,248.3319
2026-08-04,ICE,ICE,,28658,9.3174,8.714,148.784
2026-08-04,INTC,INTC,,1519586,2.0058,1.9968,99.4965
2026-08-04,INTU,INTU,,51447,6.6182,5.0064,320.3265
2026-08-04,ISRG,ISRG,,51822,5.734,4.9284,366.7185
2026-08-04,IWM,IWM,,1758423,0.4702,0.334,300.5362
2026-08-04,JNJ,JNJ,,55054,4.7016,4.3381,253.0638
2026-08-04,JPM,JPM,,72867,3.3542,2.7883,359.8795
2026-08-04,KHC,KHC,,150989,3.9032,3.7886,26.3994
2026-08-04,KMI,KMI,,157606,3.2918,3.1995,31.2085
2026-08-04,KO,KO,,260565,1.6683,1.162,86.1977
2026-08-04,KR,KR,,68926,3.2414,3.4518,57.5433
2026-08-04,LIN,LIN,,35866,5.7332,5.3636,483.0248
2026-08-04,LLY,LLY,,38217,8.9494,8.0879,1121.8097
2026-08-04,LMT,LMT,,11346,11.0821,10.1747,586.9743
2026-08-04,LOW,LOW,,16475,11.6313,10.7615,216.0704
2026-08-04,LULU,LULU,,18377,10.4071,9.019,123.0488
2026-08-04,MA,MA,,32226,4.8687,4.0304,570.4429
2026-08-04,MCD,MCD,,83160,4.9035,4.4489,267.7722
2026-08-04,MDLZ,MDLZ,,183972,2.4218,1.6301,61.5225
2026-08-04,MDT,MDT,,198508,2.7955,2.3272,85.7708
2026-08-04,META,META,,138613,3.1999,2.8847,585.0255
2026-08-04,MLM,MLM,,10090,18.2904,16.2902,549.956
2026-08-04,MNST,MNST,,64328,2.9872,3.1822,93.3855
2026-08-04,MO,MO,,165918,2.7972,2.939,67.8984
2026-08-04,MPC,MPC,,20288,19.557,18.2403,311.378
2026-08-04,MRK,MRK,,74111,5.8162,5.406,128.6759
2026-08-04,MS,MS,,39857,6.4535,5.0641,217.1139
2026-08-04,MSFT,MSFT,,312421,1.8281,1.6105,495.4913
2026-08-04,MU,MU,,466337,4.7769,4.5789,888.5174
2026-08-04,NEE,NEE,,275647,1.9652,1.1665,86.4762
2026-08-04,NEM,NEM,,100645,5.203,4.111,97.7749
2026-08-04,NFLX,NFLX,,487068,1.8148,1.3698,73.13
2026-08-04,NKE,NKE,,210281,2.65,2.3966,41.7376
2026-08-04,NOC,NOC,,11716,13.8165,13.1658,550.7024
2026-08-04,NOW,NOW,,150880,3.3625,2.6025,116.1067
2026-08-04,NSC,NSC,,9216,11.3961,10.0041,338.9576
2026-08-04,NUE,NUE,,16894,13.036,12.0228,269.8592
2026-08-04,NVDA,NVDA,,1291275,0.9591,0.9489,210.9137
2026-08-04,O,O,,136394,2.2722,1.5948,62.8137
2026-08-04,OKE,OKE,,40841,7.7306,6.9268,86.2162
2026-08-04,ORCL,ORCL,,145048,5.2672,4.755,145.9068
2026-08-04,ORLY,ORLY,,76269,3.015,2.2269,90.5972
2026-08-04,PANW,PANW,,56317,9.3924,8.8879,361.1251
2026-08-04,PCG,PCG,,135661,5.7633,5.7389,17.4017
2026-08-04,PEP,PEP,,141277,2.1283,2.1647,138.474
2026-08-04,PFE,PFE,,175074,3.969,3.9362,25.295
2026-08-04,PG,PG,,69616,2.6502,2.7054,146.8564
2026-08-04,PGR,PGR,,12471,10.062,8.6306,209.1802
2026-08-04,PLD,PLD,,61934,3.8603,3.547,140.6097
2026-08-04,PLTR,PLTR,,964033,2.0416,1.8653,159.6123
2026-08-04,PLUG,PLUG,,48660,46.1477,45.977,2.1687
2026-08-04,PM,PM,,28256,7.3035,6.4886,185.4737
2026-08-04,PPG,PPG,,10807,12.1936,11.0258,117.4291
2026-08-04,PSA,PSA,,11293,11.6503,10.8096,324.5906
2026-08-04,PSX,PSX,,24904,10.6393,9.7623,205.2891
2026-08-04,QCOM,QCOM,,113671,5.5219,4.9322,161.1531
2026-08-04,RBLX,RBLX,,131235,6.6041,5.3376,37.5888
2026-08-04,ROST,ROST,,27487,8.6418,8.2871,252.5007
2026-08-04,RTX,RTX,,30635,5.5623,5.0391,217.0796
2026-08-04,SBUX,SBUX,,74658,4.8329,3.917,104.1491
2026-08-04,SCHW,SCHW,,87213,2.785,1.885,106.2581
2026-08-04,SHW,SHW,,23789,6.552,5.5667,360.2397
2026-08-04,SLB,SLB,,176954,2.7669,1.9863,50.3916
2026-08-04,SNPS,SNPS,,23638,9.7911,8.9787,401.3871
2026-08-04,SO,SO,,68577,3.3971,3.2284,92.5526
2026-08-04,SOC,SOC,,20433,22.2154,22.0507,4.5617
2026-08-04,SPG,SPG,,11895,10.032,8.9015,226.2227
2026-08-04,SPGI,SPGI,,21236,7.1057,6.2732,415.1302
2026-08-04,SPOT,SPOT,,34503,17.0276,15.4765,486.2885
2026-08-04,SRE,SRE,,29711,5.7805,4.6393,86.7296
2026-08-04,STZ,STZ,,16410,13.7596,12.9618,131.1585
2026-08-04,SYK,SYK,,21804,8.4932,7.1715,335.3052
2026-08-04,SYY,SYY,,50075,12.2347,9.6829,82.7509
2026-08-04,T,T,,157001,4.3064,4.3131,23.2368
2026-08-04,TJX,TJX,,25784,6.5816,5.7101,157.5925
2026-08-04,TMO,TMO,,26517,11.106,9.8743,565.9519
2026-08-04,TMUS,TMUS,,37483,6.5233,6.2191,175.9219
2026-08-04,TSLA,TSLA,,325351,2.3041,2.1493,325.2966
2026-08-04,TT,TT,,17504,11.6631,10.594,468.4457
2026-08-04,TTWO,TTWO,,18176,10.4518,9.5505,241.7205
2026-08-04,TXN,TXN,,94192,7.3141,6.8026,281.8184
2026-08-04,UBER,UBER,,281915,2.0525,1.3971,71.7242
2026-08-04,UNH,UNH,,47333,4.6453,4.1489,409.1659
2026-08-04,UPS,UPS,,32681,5.2363,4.6102,108.2632
2026-08-04,V,V,,66862,2.7544,2.1881,368.0189
2026-08-04,VICI,VICI,,105297,3.9055,3.7587,26.598
2026-08-04,VLO,VLO,,41096,14.02,12.8062,307.3863
2026-08-04,VMC,VMC,,15503,10.2749,9.186,283.6155
2026-08-04,VRTX,VRTX,,23241,14.021,12.1108,478.4089
2026-08-04,VST,VST,,69198,11.1925,10.3538,145.4837
2026-08-04,VZ,VZ,,197585,2.1982,2.154,46.5112
2026-08-04,WBD,WBD,,135278,3.8842,3.8543,25.9132
2026-08-04,WEC,WEC,,21845,5.8528,5.5091,108.5672
2026-08-04,WELL,WELL,,17050,10.2394,9.5478,229.138
2026-08-04,WFC,WFC,,166204,2.0073,2.2424,88.7393
2026-08-04,WM,WM,,14965,8.1356,6.7242,224.4425
2026-08-04,WMB,WMB,,90521,5.5424,4.1984,71.4371
2026-08-04,WMT,WMT,,410543,1.4272,0.9109,110.1516
2026-08-04,XEL,XEL,,299651,2.1309,1.3,77.4902
2026-08-04,XOM,XOM,,109060,2.9565,2.6128,153.3126
2026-08-04,YUM,YUM,,20333,13.2878,11.3884,148.8767
2026-08-04,ZTS,ZTS,,46506,7.9894,6.602,75.7706
2026-08-05,AAPL,AAPL,,680002,0.8972,0.652,308.9169
2026-08-05,ABBV,ABBV,,40987,6.7325,5.6966,246.3566
2026-08-05,ABNB,ABNB,,29245,9.2027,7.272,152.2607
2026-08-05,ABT,ABT,,98186,4.3069,3.8186,104.6846
2026-08-05,ACN,ACN,,34145,10.2919,8.94,169.4949
2026-08-05,ADBE,ADBE,,58431,6.7776,6.1612,257.8869
2026-08-05,AEP,AEP,,145040,3.8199,3.9562,126.0437
2026-08-05,AMAT,AMAT,,112939,11.2707,10.6598,540.9747
2026-08-05,AMD,AMD,,507257,5.1427,4.7294,487.1147
2026-08-05,AMGN,AMGN,,45668,9.6753,8.3174,408.2286
2026-08-05,AMT,AMT,,35210,10.0276,9.5923,165.7997
2026-08-05,AMZN,AMZN,,715546,1.7469,1.4739,273.2582
2026-08-05,AON,AON,,12720,11.7234,10.3692,358.5411
2026-08-05,APD,APD,,12553,7.4151,6.4173,295.4824
2026-08-05,AVB,AVB,,27329,10.8071,10.0319,189.385
2026-08-05,AVGO,AVGO,,176407,4.4007,4.0413,420.994
2026-08-05,AXON,AXON,,18952,18.127,15.8906,603.5465
2026-08-05,AXP,AXP,,27684,4.6703,3.7358,348.5393
2026-08-05,BA,BA,,38827,5.4918,5.0075,239.0871
2026-08-05,BAC,BAC,,224480,1.6106,1.5782,63.358
2026-08-05,BKNG,BKNG,,335156,3.7431,2.9112,206.3721
2026-08-05,BLK,BLK,,14334,14.7307,13.5323,1128.4175
2026-08-05,BMY,BMY,,191868,2.6969,1.5747,63.7148
2026-08-05,BRK-B,BRK,B,24579,3.9332,3.4919,515.7087
2026-08-05,C,C,,110829,2.6586,2.1715,138.378
2026-08-05,CAT,CAT,,47787,8.9054,8.3557,891.9871
2026-08-05,CB,CB,,20373,6.0662,5.1377,350.4008
2026-08-05,CCI,CCI,,57390,9.0337,7.1301,72.1698
2026-08-05,CDNS,CDNS,,27535,11.0104,10.0523,337.8943
2026-08-05,CEG,CEG,,43308,7.6434,6.3974,265.6943
2026-08-05,CHTR,CHTR,,26457,16.8951,15.2667,150.848
2026-08-05,CI,CI,,33073,9.5308,8.8571,270.6229
2026-08-05,CL,CL,,59327,3.4674,3.2295,92.7561
2026-08-05,CMCSA,CMCS,A,147021,4.123,4.0758,24.5283
2026-08-05,CME,CME,,19936,5.566,4.5603,262.3298
2026-08-05,CMG,CMG,,340980,3.1665,2.8723,34.7857
2026-08-05,COIN,COIN,,52591,11.6772,10.6645,151.3336
2026-08-05,COP,COP,,308554,3.182,2.5982,115.6081
2026-08-05,COST,COST,,30653,5.5531,5.2063,940.9858
2026-08-05,CRM,CRM,,47966,5.8987,5.2007,192.43
2026-08-05,CRWD,CRWD,,79214,8.1874,6.5678,212.948
2026-08-05,CSCO,CSCO,,198046,2.838,2.4589,122.2397
2026-08-05,CSX,CSX,,136163,2.1979,1.9621,50.9389
2026-08-05,CVX,CVX,,114425,2.436,2.141,187.271
2026-08-05,D,D,,166251,2.9779,2.9295,68.242
2026-08-05,DD,DD,,10758,14.5373,13.5694,146.0607
2026-08-05,DE,DE,,12373,9.9929,8.5657,616.1377
2026-08-05,DHI,DHI,,20037,11.7597,10.589,150.9487
2026-08-05,DIS,DIS,,236850,3.2371,2.9814,100.7849
2026-08-05,DKNG,DKNG,,229184,5.3497,4.5735,22.0564
2026-08-05,DLR,DLR,,17772,9.957,9.2538,193.4722
2026-08-05,DOW,DOW,,110795,3.9695,3.395,29.5453
2026-08-05,DUK,DUK,,75924,3.3464,3.2486,123.0058
2026-08-05,DXCM,DXCM,,43151,8.7314,7.1565,83.0728
2026-08-05,ECL,ECL,,14246,7.3072,6.6738,283.9515
2026-08-05,ELV,ELV,,14624,11.7411,9.4502,388.2611
2026-08-05,EMR,EMR,,26777,13.9853,11.573,163.3611
2026-08-05,ENPH,ENPH,,64193,10.5852,10.0175,39.6934
2026-08-05,EOG,EOG,,49896,8.7582,8.0009,135.7139
2026-08-05,EQIX,EQIX,,9498,17.9755,17.2085,1047.6877
2026-08-05,ETN,ETN,,37285,11.0396,10.2095,450.1826
2026-08-05,EXC,EXC,,192218,2.5326,2.1985,45.4929
2026-08-05,F,F,,92545,7.0248,7.02,14.2661
2026-08-05,FCX,FCX,,538788,3.0158,2.886,69.4438
2026-08-05,FDX,FDX,,16044,8.8621,8.0421,311.0196
2026-08-05,FSLR,FSLR,,30654,31.6135,28.0445,235.8913
2026-08-05,FTNT,FTNT,,34783,8.6509,7.7559,166.5689
2026-08-05,GD,GD,,12646,7.9444,6.5338,383.7454
2026-08-05,GE,GE,,37254,5.4377,4.9705,381.8508
2026-08-05,GEHC,GEHC,,43903,5.2599,5.6481,70.1219
2026-08-05,GILD,GILD,,69434,8.0534,6.8784,131.3523
2026-08-05,GIS,GIS,,118945,3.2211,2.796,35.8347
2026-08-05,GM,GM,,33498,3.6714,3.3672,88.998
2026-08-05,GOOGL,GOOG,L,593409,2.4594,2.1939,367.2213
2026-08-05,GS,GS,,39023,7.5361,6.8066,1071.7469
2026-08-05,HAL,HAL,,106274,3.9775,3.1373,31.9317
2026-08-05,HCA,HCA,,26332,8.5373,7.7841,408.7142
2026-08-05,HD,HD,,42388,4.8226,4.258,351.8221
2026-08-05,HON,HON,,15332,8.421,7.6914,248.5166
2026-08-05,ICE,ICE,,30357,7.5548,6.6908,148.9631
2026-08-05,INTC,INTC,,1510843,2.5811,2.0389,100.825
2026-08-05,INTU,INTU,,35366,9.1023,7.998,324.3102
2026-08-05,ISRG,ISRG,,74256,5.4147,4.5484,373.0297
2026-08-05,IWM,IWM,,2154813,0.5216,0.333,301.2392
2026-08-05,JNJ,JNJ,,40526,4.0794,3.4979,257.5843
2026-08-05,JPM,JPM,,54701,3.0994,2.5022,360.4728
2026-08-05,KHC,KHC,,191171,4.2324,3.9009,25.6506
2026-08-05,KMI,KMI,,143263,3.2945,3.2139,31.0956
2026-08-05,KO,KO,,235205,1.6737,1.154,86.716
2026-08-05,KR,KR,,114506,4.0269,3.5205,56.8861
2026-08-05,LIN,LIN,,24440,5.0124,4.476,491.2438
2026-08-05,LLY,LLY,,41276,13.4454,12.4168,1160.6677
2026-08-05,LMT,LMT,,15096,9.9792,9.1075,583.0377
2026-08-05,LOW,LOW,,16901,12.5599,10.9409,218.9903
2026-08-05,LULU,LULU,,17895,10.1018,8.921,123.359
2026-08-05,MA,MA,,31802,5.4234,4.7276,571.7276
2026-08-05,MCD,MCD,,67472,4.9252,4.3722,273.1751
2026-08-05,MDLZ,MDLZ,,246006,2.6683,1.6204,62.2883
2026-08-05,MDT,MDT,,165920,3.0096,2.34,85.575
2026-08-05,META,META,,141208,4.1129,3.7619,587.4153
2026-08-05,MLM,MLM,,7515,19.206,17.6822,556.9419
2026-08-05,MNST,MNST,,41498,3.6033,3.1728,94.6084
2026-08-05,MO,MO,,120215,2.511,1.4753,68.0763
2026-08-05,MPC,MPC,,27103,15.0089,12.6827,303.616
2026-08-05,MRK,MRK,,57324,4.2704,3.849,129.3408
2026-08-05,MS,MS,,45637,5.2798,4.1282,218.6147
2026-08-05,MSFT,MSFT,,238397,2.3095,2.0461,489.4784
2026-08-05,MU,MU,,586351,5.1305,4.9139,916.5125
2026-08-05,NEE,NEE,,272479,2.1448,2.328,85.7076
2026-08-05,NEM,NEM,,146037,4.3115,3.8267,104.6528
2026-08-05,NFLX,NFLX,,389476,1.7016,1.359,73.8256
2026-08-05,NKE,NKE,,164364,2.6305,2.3932,41.8236
2026-08-05,NOC,NOC,,9298,13.9669,12.4588,554.1016
2026-08-05,NOW,NOW,,122338,3.9758,3.4209,116.9555
2026-08-05,NSC,NSC,,14205,9.0564,8.2367,340.2723
2026-08-05,NUE,NUE,,18786,13.4082,12.7922,275.3074
2026-08-05,NVDA,NVDA,,1466298,1.0636,0.91,220.5189
2026-08-05,O,O,,141169,2.246,1.604,62.435
2026-08-05,OKE,OKE,,40316,6.3934,5.7415,86.698
2026-08-05,ORCL,ORCL,,109229,5.7533,4.8518,144.428
2026-08-05,ORLY,ORLY,,65776,3.6127,3.226,93.2797
2026-08-05,PANW,PANW,,40164,13.9916,12.5394,366.6018
2026-08-05,PCG,PCG,,95419,5.8119,5.782,17.3071
2026-08-05,PEP,PEP,,143638,2.3864,2.1674,138.5243
2026-08-05,PFE,PFE,,154087,3.9268,3.9239,25.4926
2026-08-05,PG,PG,,87420,1.9551,1.379,145.9965
2026-08-05,PGR,PGR,,12052,10.4238,9.4375,211.9871
2026-08-05,PLD,PLD,,33839,3.573,2.8582,140.394
2026-08-05,PLTR,PLTR,,485156,2.4907,2.4719,160.3673
2026-08-05,PLUG,PLUG,,74765,47.8349,47.9616,2.0916
2026-08-05,PM,PM,,24061,7.7803,7.3984,188.0997
2026-08-05,PPG,PPG,,11700,11.1361,8.4246,118.6646
2026-08-05,PSA,PSA,,9829,11.778,10.7337,325.4401
2026-08-05,PSX,PSX,,28595,13.445,11.3594,202.5972
2026-08-05,QCOM,QCOM,,113143,6.0149,5.0807,158.7499
2026-08-05,RBLX,RBLX,,71944,7.4954,5.5788,36.1658
2026-08-05,ROST,ROST,,14026,10.2241,9.4746,252.7249
2026-08-05,RTX,RTX,,35834,5.1357,4.5284,220.7917
2026-08-05,SBUX,SBUX,,41585,4.2111,2.8586,105.6018
2026-08-05,SCHW,SCHW,,85219,3.2687,2.7746,108.0548
2026-08-05,SHW,SHW,,26961,6.8115,5.754,365.953
2026-08-05,SLB,SLB,,151273,2.7675,1.993,50.3122
2026-08-05,SNPS,SNPS,,19156,11.1126,10.1544,403.8832
2026-08-05,SO,SO,,78378,4.1987,3.2494,92.5284
2026-08-05,SOC,SOC,,20267,22.2209,21.9058,4.5715
2026-08-05,SPG,SPG,,11161,9.4533,8.0458,224.2783
2026-08-05,SPGI,SPGI,,19070,8.6546,7.0824,412.0424
2026-08-05,SPOT,SPOT,,27305,12.4706,11.0448,491.3429
2026-08-05,SRE,SRE,,35153,6.4947,5.9084,84.7416
2026-08-05,STZ,STZ,,8155,14.6299,12.9855,130.731
2026-08-05,SYK,SYK,,24687,9.0143,7.7707,334.4895
2026-08-05,SYY,SYY,,22707,5.0454,3.5543,84.5119
2026-08-05,T,T,,226668,4.3936,4.3754,22.8529
2026-08-05,TJX,TJX,,25497,5.1512,4.3946,159.2649
2026-08-05,TMO,TMO,,22242,9.1214,8.3224,575.3042
2026-08-05,TMUS,TMUS,,34059,8.9033,8.0696,172.7055
2026-08-05,TSLA,TSLA,,317571,2.9233,2.7825,323.3285
2026-08-05,TT,TT,,20950,10.4521,7.8556,482.7861
2026-08-05,TTWO,TTWO,,26993,14.1484,11.881,236.4508
2026-08-05,TXN,TXN,,60638,9.1513,8.5875,279.7326
2026-08-05,UBER,UBER,,332739,2.2745,1.4898,67.6203
2026-08-05,UNH,UNH,,56607,4.7545,4.1128,413.1155
2026-08-05,UPS,UPS,,26665,5.2734,4.6402,107.615
2026-08-05,V,V,,58850,3.3623,2.7162,368.4953
2026-08-05,VICI,VICI,,107376,3.8986,3.7872,26.4146
2026-08-05,VLO,VLO,,31628,13.4742,11.4634,304.7086
2026-08-05,VMC,VMC,,12361,8.9897,7.67,287.0531
2026-08-05,VRTX,VRTX,,17819,10.3716,8.9113,483.9084
2026-08-05,VST,VST,,42765,8.703,7.7989,141.3639
2026-08-05,VZ,VZ,,286201,2.3852,2.1918,45.6519
2026-08-05,WBD,WBD,,94143,3.9313,3.8797,25.7811
2026-08-05,WEC,WEC,,20184,6.1283,5.5417,108.1089
2026-08-05,WELL,WELL,,12914,10.7402,10.1411,236.0449
2026-08-05,WFC,WFC,,143133,2.158,2.2394,89.2289
2026-08-05,WM,WM,,15153,9.6433,8.9742,223.9658
2026-08-05,WMB,WMB,,54504,5.2666,4.1797,71.721
2026-08-05,WMT,WMT,,522978,1.6996,1.7814,112.0874
2026-08-05,XEL,XEL,,253565,2.3033,2.5836,77.1535
2026-08-05,XOM,XOM,,112054,2.7234,2.6295,152.0545
2026-08-05,YUM,YUM,,16239,11.0795,9.2324,151.7724
2026-08-05,ZTS,ZTS,,88170,7.0276,5.4326,74.1319
2026-08-06,AAPL,AAPL,,530244,1.0017,0.9597,312.1623
2026-08-06,ABBV,ABBV,,23631,9.2035,8.5912,243.5562
2026-08-06,ABNB,ABNB,,46790,7.8579,7.2908,150.4183
2026-08-06,ABT,ABT,,133664,3.6734,2.8173,106.7864
2026-08-06,ACN,ACN,,33733,11.7004,10.706,168.3003
2026-08-06,ADBE,ADBE,,65615,7.3561,6.2194,255.9257
2026-08-06,AEP,AEP,,131439,3.4906,3.1959,125.3386
2026-08-06,AMAT,AMAT,,116837,13.1899,12.592,531.6724
2026-08-06,AMD,AMD,,474998,6.5154,6.2878,490.0213
2026-08-06,AMGN,AMGN,,32153,7.9344,6.6674,403.6926
2026-08-06,AMT,AMT,,19245,8.8853,7.7053,170.8122
2026-08-06,AMZN,AMZN,,367624,1.796,1.8233,272.9121
2026-08-06,AON,AON,,18277,14.879,13.3586,358.8587
2026-08-06,APD,APD,,12227,7.8318,6.6964,298.6813
2026-08-06,AVB,AVB,,28047,11.5131,10.6763,187.6592
2026-08-06,AVGO,AVGO,,171806,4.6051,4.2362,423.3545
2026-08-06,AXON,AXON,,28392,20.5997,16.4072,540.3864
2026-08-06,AXP,AXP,,24248,4.847,4.0818,345.3434
2026-08-06,BA,BA,,44946,7.2333,6.7566,234.5271
2026-08-06,BAC,BAC,,225218,1.6077,1.5864,63.1099
2026-08-06,BKNG,BKNG,,216437,2.4163,1.9221,207.9942
2026-08-06,BLK,BLK,,13690,14.8285,13.4235,1126.5521
2026-08-06,BMY,BMY,,143380,2.7516,1.5792,63.6959
2026-08-06,BRK-B,BRK,B,35593,3.3893,3.0654,520.9419
2026-08-06,C,C,,142550,2.7918,2.9375,135.2694
2026-08-06,CAT,CAT,,39908,10.1317,9.2542,869.3867
2026-08-06,CB,CB,,24095,5.1597,4.5328,352.7054
2026-08-06,CCI,CCI,,38752,6.1478,5.2998,75.3566
2026-08-06,CDNS,CDNS,,25178,10.4708,9.4381,339.0601
2026-08-06,CEG,CEG,,58823,13.1006,11.2795,266.0689
2026-08-06,CHTR,CHTR,,25813,18.0132,16.5584,155.0519
2026-08-06,CI,CI,,25832,8.8356,8.0242,272.6508
2026-08-06,CL,CL,,47946,4.118,3.2427,92.8848
2026-08-06,CMCSA,CMCS,A,146254,4.0358,3.996,25.0089
2026-08-06,CME,CME,,22503,6.4704,5.3113,264.1593
2026-08-06,CMG,CMG,,266544,3.1731,2.9757,33.6406
2026-08-06,COIN,COIN,,51295,12.2185,11.5305,147.9115
2026-08-06,COP,COP,,155677,4.123,3.4341,116.2277
2026-08-06,COST,COST,,29194,7.0677,6.3272,946.5214
2026-08-06,CRM,CRM,,63127,6.9324,6.4409,185.1227
2026-08-06,CRWD,CRWD,,87409,6.7039,5.4258,205.5152
2026-08-06,CSCO,CSCO,,216021,2.751,2.4778,121.2395
2026-08-06,CSX,CSX,,157827,2.1484,1.9617,50.9638
2026-08-06,CVX,CVX,,91488,2.2907,2.1197,188.616
2026-08-06,D,D,,288857,2.4118,1.5027,67.1219
2026-08-06,DD,DD,,9190,14.4667,13.6129,145.7186
2026-08-06,DE,DE,,9784,11.3509,9.6274,613.6628
2026-08-06,DHI,DHI,,24164,10.8005,9.5772,146.44
2026-08-06,DIS,DIS,,200062,2.935,1.9387,103.5267
2026-08-06,DKNG,DKNG,,161804,4.9904,4.6436,21.5811
2026-08-06,DLR,DLR,,15123,9.4414,8.7848,193.2013
2026-08-06,DOW,DOW,,149498,4.2808,3.29,30.4526
2026-08-06,DUK,DUK,,69377,3.2952,3.2389,123.2393
2026-08-06,DXCM,DXCM,,41071,4.4001,3.6082,82.9842
2026-08-06,ECL,ECL,,13263,8.9998,7.4756,282.4567
2026-08-06,ELV,ELV,,16433,10.2301,9.0019,389.2155
2026-08-06,EMR,EMR,,26310,11.0409,10.101,158.3159
2026-08-06,ENPH,ENPH,,36695,14.7453,12.663,39.3996
2026-08-06,EOG,EOG,,38321,5.4082,5.1205,135.8665
2026-08-06,EQIX,EQIX,,9125,18.2438,16.2025,1049.9623
2026-08-06,ETN,ETN,,37576,9.443,8.8398,451.3756
2026-08-06,EXC,EXC,,227570,2.4659,2.2107,45.2703
2026-08-06,F,F,,105032,7.1634,7.1608,13.9645
2026-08-06,FCX,FCX,,487211,2.7384,2.8939,68.7774
2026-08-06,FDX,FDX,,27886,8.6122,7.913,316.3979
2026-08-06,FSLR,FSLR,,26520,36.83,32.0667,247.6575
2026-08-06,FTNT,FTNT,,37548,9.4393,8.7325,160.1931
2026-08-06,GD,GD,,12509,8.6801,7.4822,386.8541
2026-08-06,GE,GE,,43271,6.2624,5.6967,378.5157
2026-08-06,GEHC,GEHC,,39450,4.8847,4.294,70.0766
2026-08-06,GILD,GILD,,55497,5.2611,4.5917,130.3664
2026-08-06,GIS,GIS,,191049,3.128,2.7782,35.9934
2026-08-06,GM,GM,,48954,3.5885,3.4292,87.4316
2026-08-06,GOOGL,GOOG,L,633344,1.4214,1.391,359.0908
2026-08-06,GS,GS,,38700,9.602,8.9382,1049.2561
2026-08-06,HAL,HAL,,109495,3.569,3.0764,32.4908
2026-08-06,HCA,HCA,,24414,9.9387,9.4636,408.0619
2026-08-06,HD,HD,,33050,5.4523,4.8685,349.4414
2026-08-06,HON,HON,,26178,9.0392,8.5441,243.2658
2026-08-06,ICE,ICE,,23361,7.7188,6.7281,148.6162
2026-08-06,INTC,INTC,,1809861,2.5658,2.925,100.7272
2026-08-06,INTU,INTU,,39479,7.17,6.5422,319.4172
2026-08-06,ISRG,ISRG,,62150,6.8492,6.1518,374.0439
2026-08-06,IWM,IWM,,2283134,0.5087,0.3351,299.7322
2026-08-06,JNJ,JNJ,,36064,5.6629,5.06,256.6561
2026-08-06,JPM,JPM,,61833,3.7472,3.3673,357.173
2026-08-06,KHC,KHC,,209563,4.0843,4.0008,24.9814
2026-08-06,KMI,KMI,,132389,3.3064,3.2036,31.2259
2026-08-06,KO,KO,,276176,1.6673,1.1556,86.7952
2026-08-06,KR,KR,,138852,3.1647,3.4868,56.8765
2026-08-06,LIN,LIN,,24566,5.5353,4.8779,491.8901
2026-08-06,LLY,LLY,,29196,10.4737,9.4073,1183.6672
2026-08-06,LMT,LMT,,12441,11.5852,10.2859,581.405
2026-08-06,LOW,LOW,,14518,12.6949,11.9733,217.7109
2026-08-06,LULU,LULU,,21441,10.2248,9.5519,124.9583
2026-08-06,MA,MA,,29644,6.8786,6.144,570.3691
2026-08-06,MCD,MCD,,50742,3.7859,3.2845,274.454
2026-08-06,MDLZ,MDLZ,,216034,2.705,1.5973,62.7811
2026-08-06,MDT,MDT,,160494,3.4859,3.4764,86.1531
2026-08-06,META,META,,96907,3.7417,3.3941,590.0997
2026-08-06,MLM,MLM,,10548,17.0787,14.4209,541.6218
2026-08-06,MNST,MNST,,78043,4.1216,3.2232,93.5309
2026-08-06,MO,MO,,184275,2.5818,2.9159,68.2124
2026-08-06,MPC,MPC,,22527,15.6906,14.4085,299.2467
2026-08-06,MRK,MRK,,50244,4.5459,3.8945,128.5744
2026-08-06,MS,MS,,48629,5.3827,4.6581,216.6037
2026-08-06,MSFT,MSFT,,257041,1.9136,1.6173,496.383
2026-08-06,MU,MU,,673738,5.8061,5.6985,893.0957
2026-08-06,NEE,NEE,,462009,1.8509,1.1888,84.8741
2026-08-06,NEM,NEM,,141065,3.9618,3.789,105.3733
2026-08-06,NFLX,NFLX,,441088,1.7874,1.3605,73.642
2026-08-06,NKE,NKE,,167228,2.7249,2.3745,42.1752
2026-08-06,NOC,NOC,,13357,14.0527,12.6928,564.432
2026-08-06,NOW,NOW,,103250,4.3204,3.5119,115.3341
2026-08-06,NSC,NSC,,12565,9.9069,9.3649,341.9086
2026-08-06,NUE,NUE,,12201,16.3049,15.3801,273.0381
2026-08-06,NVDA,NVDA,,1306393,1.2033,1.3529,219.5678
2026-08-06,O,O,,100022,2.822,3.1781,62.625
2026-08-06,OKE,OKE,,42182,6.6256,5.7527,87.3844
2026-08-06,ORCL,ORCL,,107966,5.6491,4.8748,144.4551
2026-08-06,ORLY,ORLY,,68277,3.74,3.2163,93.3505
2026-08-06,PANW,PANW,,35584,14.3264,13.4831,355.6011
2026-08-06,PCG,PCG,,94679,5.8919,5.8703,17.0392
2026-08-06,PEP,PEP,,164591,2.2258,2.1773,137.8592
2026-08-06,PFE,PFE,,154553,3.8565,3.8543,25.9537
2026-08-06,PG,PG,,74818,2.6617,2.712,146.7189
2026-08-06,PGR,PGR,,12492,11.3722,10.2665,213.9307
2026-08-06,PLD,PLD,,27492,4.1524,3.5881,139.9194
2026-08-06,PLTR,PLTR,,327456,2.8193,2.5674,155.8137
2026-08-06,PLUG,PLUG,,57432,48.1834,48.1928,2.0764
2026-08-06,PM,PM,,27015,8.2181,7.4345,188.2878
2026-08-06,PPG,PPG,,17530,9.4832,8.4782,117.9975
2026-08-06,PSA,PSA,,12164,11.9691,10.7209,326.7015
2026-08-06,PSX,PSX,,20242,14.6999,14.1178,204.0462
2026-08-06,QCOM,QCOM,,112470,7.1091,6.8274,160.4488
2026-08-06,RBLX,RBLX,,49492,7.275,5.4526,36.6472
2026-08-06,ROST,ROST,,20262,9.4439,9.1033,252.4777
2026-08-06,RTX,RTX,,32773,5.8435,5.3838,222.6499
2026-08-06,SBUX,SBUX,,44641,4.6728,3.8484,104.8315
2026-08-06,SCHW,SCHW,,96687,3.6393,2.795,107.5387
2026-08-06,SHW,SHW,,25271,6.5585,5.7738,366.0589
2026-08-06,SLB,SLB,,174105,2.4495,1.9281,51.8293
2026-08-06,SNPS,SNPS,,18338,10.1994,8.4414,406.3696
2026-08-06,SO,SO,,48060,4.1109,3.2557,92.4911
2026-08-06,SOC,SOC,,24056,21.1293,20.5128,4.864
2026-08-06,SPG,SPG,,14647,10.6669,9.4554,222.5764
2026-08-06,SPGI,SPGI,,35085,6.437,5.9167,405.8803
2026-08-06,SPOT,SPOT,,21722,14.324,12.2141,476.5368
2026-08-06,SRE,SRE,,27927,8.4068,7.0822,84.7935
2026-08-06,STZ,STZ,,13070,12.2154,11.3118,132.7235
2026-08-06,SYK,SYK,,23458,8.4678,7.1407,335.832
2026-08-06,SYY,SYY,,20883,5.8107,4.7545,84.3875
2026-08-06,T,T,,178207,4.2579,4.2508,23.5031
2026-08-06,TJX,TJX,,22690,6.0158,5.5823,160.6144
2026-08-06,TMO,TMO,,18970,7.0208,6.4337,573.9413
2026-08-06,TMUS,TMUS,,37531,7.8779,7.2502,178.6633
2026-08-06,TSLA,TSLA,,342089,3.052,3.1117,319.679
2026-08-06,TT,TT,,17469,12.2122,11.3443,482.5679
2026-08-06,TTWO,TTWO,,43754,12.2218,11.0846,233.2615
2026-08-06,TXN,TXN,,138945,9.4814,9.2284,281.0267
2026-08-06,UBER,UBER,,380495,2.3403,1.45,69.9503
2026-08-06,UNH,UNH,,59384,4.7173,4.4337,405.4091
2026-08-06,UPS,UPS,,57844,3.8713,3.8421,103.845
2026-08-06,V,V,,61353,3.3524,2.7189,367.913
2026-08-06,VICI,VICI,,88874,4.1288,3.7829,26.4472
2026-08-06,VLO,VLO,,26302,13.9603,13.2679,301.0551
2026-08-06,VMC,VMC,,19353,8.0082,7.0877,281.9934
2026-08-06,VRTX,VRTX,,20901,9.9867,8.278,484.0835
2026-08-06,VST,VST,,43523,8.3074,7.1008,141.5962
2026-08-06,VZ,VZ,,240323,2.2201,2.1384,46.7753
2026-08-06,WBD,WBD,,115550,3.8159,3.7829,26.4188
2026-08-06,WEC,WEC,,24217,6.3579,5.5715,107.986
2026-08-06,WELL,WELL,,13245,10.8335,9.8242,234.9386
2026-08-06,WFC,WFC,,183123,2.0088,2.2642,87.9851
2026-08-06,WM,WM,,16718,10.2761,8.9091,226.173
2026-08-06,WMB,WMB,,61420,5.1793,4.185,71.8968
2026-08-06,WMT,WMT,,529507,1.6273,1.777,112.0679
2026-08-06,XEL,XEL,,516133,2.8715,2.6045,76.9119
2026-08-06,XOM,XOM,,93557,3.0376,2.6236,153.3021
2026-08-06,YUM,YUM,,11742,12.0306,10.6252,151.7366
2026-08-06,ZTS,ZTS,,81532,11.3055,9.0738,76.7312
2026-08-07,AAPL,AAPL,,507062,0.9215,0.9558,312.7771
2026-08-07,ABBV,ABBV,,20375,7.2213,6.1384,244.8572
2026-08-07,ABNB,ABNB,,83530,7.8034,6.8831,175.0134
2026-08-07,ABT,ABT,,127970,4.6798,3.7313,107.4623
2026-08-07,ACN,ACN,,30897,11.5685,9.7452,173.8038
2026-08-07,ADBE,ADBE,,66002,5.6276,4.8991,266.1562
2026-08-07,AEP,AEP,,101309,3.6195,3.1852,125.7903
2026-08-07,AMAT,AMAT,,109895,11.7483,10.4114,537.4222
2026-08-07,AMD,AMD,,445093,5.561,5.2124,481.7172
2026-08-07,AMGN,AMGN,,25011,7.4248,6.4191,407.0894
2026-08-07,AMT,AMT,,14399,9.3204,8.1,172.9828
2026-08-07,AMZN,AMZN,,317040,2.1086,1.8234,275.7311
2026-08-07,AON,AON,,12474,14.0792,13.3283,358.0993
2026-08-07,APD,APD,,12584,8.2971,7.2862,301.3543
2026-08-07,AVB,AVB,,13037,9.2476,8.5575,187.3747
2026-08-07,AVGO,AVGO,,191072,4.5832,4.0053,425.1094
2026-08-07,AXON,AXON,,21480,20.5365,18.5261,552.1502
2026-08-07,AXP,AXP,,19901,4.5978,3.8228,340.9865
2026-08-07,BA,BA,,28559,7.5359,7.2748,232.6721
2026-08-07,BAC,BAC,,195588,1.6309,1.5889,62.9174
2026-08-07,BKNG,BKNG,,200660,2.054,1.4159,213.6419
2026-08-07,BLK,BLK,,10825,14.8113,14.0958,1137.0608
2026-08-07,BMY,BMY,,104680,2.7032,1.5599,64.2941
2026-08-07,BRK-B,BRK,B,21536,3.3788,2.8851,520.1683
2026-08-07,C,C,,62252,2.9076,2.2442,134.4772
2026-08-07,CAT,CAT,,38037,10.1078,9.1169,844.2419
2026-08-07,CB,CB,,21088,6.3465,5.6779,351.2284
2026-08-07,CCI,CCI,,20823,7.5493,6.5621,75.8158
2026-08-07,CDNS,CDNS,,22244,11.37,9.4826,341.0843
2026-08-07,CEG,CEG,,47816,10.2841,9.2968,267.9966
2026-08-07,CHTR,CHTR,,30774,16.8153,14.3923,153.4333
2026-08-07,CI,CI,,23417,9.9757,8.8525,280.6347
2026-08-07,CL,CL,,66089,4.5047,4.2808,93.0836
2026-08-07,CMCSA,CMCS,A,111157,3.9826,3.944,25.3473
2026-08-07,CME,CME,,16181,5.2142,4.1359,264.9538
2026-08-07,CMG,CMG,,198902,3.137,3.0234,33.0909
2026-08-07,COIN,COIN,,74270,11.1079,10.4275,152.1534
2026-08-07,COP,COP,,164455,3.463,3.3847,117.762
2026-08-07,COST,COST,,36141,6.6774,6.1315,946.0533
2026-08-07,CRM,CRM,,58494,5.2469,4.1962,192.0033
2026-08-07,CRWD,CRWD,,82826,6.9135,5.6732,212.7018
2026-08-07,CSCO,CSCO,,192164,2.3842,1.658,121.0253
2026-08-07,CSX,CSX,,148112,2.2221,1.9839,50.4694
2026-08-07,CVX,CVX,,74048,2.3267,2.1387,186.9312
2026-08-07,D,D,,152547,2.4429,1.4944,67.1647
2026-08-07,DD,DD,,8316,17.0769,14.5273,144.322
2026-08-07,DE,DE,,11896,12.1304,10.763,623.3706
2026-08-07,DHI,DHI,,22242,10.9226,10.0324,149.6751
2026-08-07,DIS,DIS,,195789,2.1082,1.9082,104.7811
2026-08-07,DKNG,DKNG,,255617,6.2558,4.2928,23.3736
2026-08-07,DLR,DLR,,11613,9.0425,8.2326,194.3889
2026-08-07,DOW,DOW,,106888,3.7948,3.3619,29.6993
2026-08-07,DUK,DUK,,61485,2.8652,2.4063,124.7722
2026-08-07,DXCM,DXCM,,42595,5.8284,4.7704,83.9295
2026-08-07,ECL,ECL,,13732,6.9636,5.6275,285.3027
2026-08-07,ELV,ELV,,14336,11.83,10.1828,393.3448
2026-08-07,EMR,EMR,,19406,11.2642,10.6817,158.6218
2026-08-07,ENPH,ENPH,,42431,12.6625,11.7911,41.5258
2026-08-07,EOG,EOG,,33161,6.4578,5.9158,135.2454
2026-08-07,EQIX,EQIX,,9033,15.7611,14.6492,1054.3832
2026-08-07,ETN,ETN,,24266,11.2081,9.5987,449.3978
2026-08-07,EXC,EXC,,169968,2.4425,2.1899,45.6084
2026-08-07,F,F,,81417,7.1632,7.1352,13.9723
2026-08-07,FCX,FCX,,533812,2.9588,2.8777,69.4741
2026-08-07,FDX,FDX,,15497,9.343,8.4556,317.8824
2026-08-07,FSLR,FSLR,,39172,26.7707,23.6397,254.4836
2026-08-07,FTNT,FTNT,,33258,10.9355,10.3941,160.6057
2026-08-07,GD,GD,,14715,8.2892,6.942,387.9473
2026-08-07,GE,GE,,33043,7.5788,6.7662,371.1942
2026-08-07,GEHC,GEHC,,44883,5.2356,4.2726,71.0854
2026-08-07,GILD,GILD,,54304,4.3181,3.7533,133.1955
2026-08-07,GIS,GIS,,134934,3.6406,2.7491,36.4335
2026-08-07,GM,GM,,25956,3.6189,3.4245,87.3599
2026-08-07,GOOGL,GOOG,L,375788,1.4257,1.13,355.2687
2026-08-07,GS,GS,,27147,9.1087,8.0218,1039.3594
2026-08-07,HAL,HAL,,112024,3.3449,3.1051,32.2008
2026-08-07,HCA,HCA,,24816,9.8621,9.0104,411.0007
2026-08-07,HD,HD,,38006,4.907,3.9722,353.8526
2026-08-07,HON,HON,,22973,6.4097,5.2812,244.8716
2026-08-07,ICE,ICE,,21603,7.4248,5.989,151.5756
2026-08-07,INTC,INTC,,1394459,2.4694,2.0125,100.2298
2026-08-07,INTU,INTU,,37879,9.1475,8.0541,329.2759
2026-08-07,ISRG,ISRG,,59939,5.6911,5.2867,377.6052
2026-08-07,IWM,IWM,,1940222,0.4932,0.3327,300.9241
2026-08-07,JNJ,JNJ,,35254,4.8007,3.9026,256.8947
2026-08-07,JPM,JPM,,46873,2.646,2.2379,356.8413
2026-08-07,KHC,KHC,,152452,4.1043,3.9612,25.2353
2026-08-07,KMI,KMI,,95118,3.3394,3.2263,30.9938
2026-08-07,KO,KO,,221346,1.7279,1.1523,86.9093
2026-08-07,KR,KR,,123891,2.9327,1.777,56.5459
2026-08-07,LIN,LIN,,19280,5.8569,5.0911,490.8093
2026-08-07,LLY,LLY,,21797,7.8652,6.7226,1181.6099
2026-08-07,LMT,LMT,,10282,9.8307,8.685,582.9505
2026-08-07,LOW,LOW,,15474,12.0692,10.3336,222.2952
2026-08-07,LULU,LULU,,25502,8.411,7.1616,127.1496
2026-08-07,MA,MA,,42564,5.5387,4.9825,565.7086
2026-08-07,MCD,MCD,,58794,2.9364,2.546,274.7802
2026-08-07,MDLZ,MDLZ,,167486,2.7255,1.595,62.8099
2026-08-07,MDT,MDT,,133692,2.8373,2.3132,86.312
2026-08-07,META,META,,98669,3.5578,3.2114,593.3022
2026-08-07,MLM,MLM,,6329,19.2157,17.2484,550.4395
2026-08-07,MNST,MNST,,64836,5.8925,5.4434,90.8322
2026-08-07,MO,MO,,111521,3.2191,2.9283,68.3055
2026-08-07,MPC,MPC,,21450,13.1265,12.0337,297.0935
2026-08-07,MRK,MRK,,39328,3.8863,3.1412,127.951
2026-08-07,MS,MS,,25783,7.0103,6.0467,214.8692
2026-08-07,MSFT,MSFT,,217673,1.6787,1.4021,502.0779
2026-08-07,MU,MU,,616087,5.0312,4.8188,866.6486
2026-08-07,NEE,NEE,,214579,1.8253,1.181,84.7878
2026-08-07,NEM,NEM,,180693,3.3597,3.5283,112.6211
2026-08-07,NFLX,NFLX,,362147,1.6805,1.35,74.0941
2026-08-07,NKE,NKE,,136856,2.6071,2.3841,42.0053
2026-08-07,NOC,NOC,,10309,16.0437,14.925,567.0843
2026-08-07,NOW,NOW,,155706,3.7613,3.217,124.736
2026-08-07,NSC,NSC,,30676,11.1425,10.6597,337.7995
2026-08-07,NUE,NUE,,10875,14.2869,12.5949,271.086
2026-08-07,NVDA,NVDA,,2213685,0.9109,0.897,222.801
2026-08-07,O,O,,69848,2.4694,1.5976,62.7036
2026-08-07,OKE,OKE,,29791,6.2528,5.6796,87.3285
2026-08-07,ORCL,ORCL,,106420,6.1095,5.4987,145.0129
2026-08-07,ORLY,ORLY,,49416,3.9428,3.2343,93.0382
2026-08-07,PANW,PANW,,31412,11.6123,9.8939,364.3199
2026-08-07,PCG,PCG,,85626,5.7518,5.7225,17.4005
2026-08-07,PEP,PEP,,133255,2.2665,2.166,138.5021
2026-08-07,PFE,PFE,,147217,3.7815,3.7814,26.4598
2026-08-07,PG,PG,,94978,2.7153,2.7427,145.4266
2026-08-07,PGR,PGR,,14094,9.6034,8.3713,214.5074
2026-08-07,PLD,PLD,,25475,4.4384,3.582,139.9683
2026-08-07,PLTR,PLTR,,976302,2.2864,2.3422,169.6141
2026-08-07,PLUG,PLUG,,62234,46.721,46.4037,2.1414
2026-08-07,PM,PM,,17832,10.048,8.9778,189.1349
2026-08-07,PPG,PPG,,10062,11.4511,9.2208,119.3833
2026-08-07,PSA,PSA,,8419,7.9766,7.288,328.0902
2026-08-07,PSX,PSX,,27274,11.065,9.7352,203.8435
2026-08-07,QCOM,QCOM,,97271,5.3538,4.2508,165.8638
2026-08-07,RBLX,RBLX,,71667,4.9596,5.3348,36.9515
2026-08-07,ROST,ROST,,19539,8.8569,7.4755,254.1291
2026-08-07,RTX,RTX,,25110,6.2317,5.8451,222.0062
2026-08-07,SBUX,SBUX,,34394,4.6682,3.7908,106.1771
2026-08-07,SCHW,SCHW,,52286,3.4344,2.8015,107.0646
2026-08-07,SHW,SHW,,26934,6.223,5.1438,369.5439
2026-08-07,SLB,SLB,,143170,2.632,1.9606,51.1307
2026-08-07,SNPS,SNPS,,21034,11.0251,9.4689,412.2512
2026-08-07,SO,SO,,43560,3.6215,3.2218,93.096
2026-08-07,SOC,SOC,,18091,20.905,20.6825,4.8199
2026-08-07,SPG,SPG,,7644,11.2763,10.3396,222.2642
2026-08-07,SPGI,SPGI,,35432,8.1304,7.0621,408.9171
2026-08-07,SPOT,SPOT,,16911,16.5605,14.7953,488.2788
2026-08-07,SRE,SRE,,25724,4.2629,3.516,84.9926
2026-08-07,STZ,STZ,,8744,11.6148,10.3608,135.6478
2026-08-07,SYK,SYK,,24812,7.3754,5.9145,338.0123
2026-08-07,SYY,SYY,,16043,5.4162,4.7664,83.6505
2026-08-07,T,T,,143672,4.2057,4.199,23.7978
2026-08-07,TJX,TJX,,22355,5.9504,4.952,161.6084
2026-08-07,TMO,TMO,,20811,6.9164,5.4779,585.7612
2026-08-07,TMUS,TMUS,,28347,8.2316,7.3299,177.8744
2026-08-07,TSLA,TSLA,,422741,2.3299,2.1363,328.5022
2026-08-07,TT,TT,,13529,11.4922,10.4008,481.1998
2026-08-07,TTWO,TTWO,,35953,14.7102,12.0036,241.9227
2026-08-07,TXN,TXN,,95013,8.4978,8.0429,284.1942
2026-08-07,UBER,UBER,,282395,2.2151,1.3533,74.6923
2026-08-07,UNH,UNH,,36580,4.8059,4.1605,408.3458
2026-08-07,UPS,UPS,,33360,3.649,2.88,104.5491
2026-08-07,V,V,,56410,3.631,3.2639,364.5895
2026-08-07,VICI,VICI,,81249,3.8803,3.7502,26.6481
2026-08-07,VLO,VLO,,31018,11.1451,9.7268,298.1123
2026-08-07,VMC,VMC,,14728,6.78,5.6286,285.0529
2026-08-07,VRTX,VRTX,,13860,9.7299,8.3093,491.7017
2026-08-07,VST,VST,,49480,11.5074,11.2565,140.1715
2026-08-07,VZ,VZ,,206322,2.2617,2.1393,46.7337
2026-08-07,WBD,WBD,,80774,3.7728,3.7502,26.6665
2026-08-07,WEC,WEC,,16514,6.1675,5.5443,108.0515
2026-08-07,WELL,WELL,,10816,9.5787,7.6168,236.7991
2026-08-07,WFC,WFC,,70488,2.2985,2.3004,86.8763
2026-08-07,WM,WM,,12671,11.5317,10.8679,229.5018
2026-08-07,WMB,WMB,,109977,3.1508,2.8102,71.1101
2026-08-07,WMT,WMT,,422021,1.4494,0.8984,111.6774
2026-08-07,XEL,XEL,,249565,2.5752,2.57,77.7078
2026-08-07,XOM,XOM,,108875,2.1606,1.963,152.7426
2026-08-07,YUM,YUM,,10122,11.5886,10.5444,151.1945
2026-08-07,ZTS,ZTS,,67232,8.3695,6.8752,73.8321
2026-08-10,AAPL,AAPL,,420312,0.9072,0.6548,306.5783
2026-08-10,ABBV,ABBV,,22390,7.9437,7.3399,245.6243
2026-08-10,ABNB,ABNB,,56174,7.1965,6.0795,182.9338
2026-08-10,ABT,ABT,,139288,5.0405,4.6,108.6015
2026-08-10,ACN,ACN,,17334,13.7133,11.7994,177.7449
2026-08-10,ADBE,ADBE,,53975,5.5157,4.4331,270.3654
2026-08-10,AEP,AEP,,94729,3.0762,3.2473,122.8046
2026-08-10,AMAT,AMAT,,95808,9.3431,8.4799,532.9813
2026-08-10,AMD,AMD,,254292,5.4496,5.0433,476.8676
2026-08-10,AMGN,AMGN,,29134,6.8141,6.076,412.7246
2026-08-10,AMT,AMT,,10980,10.0729,8.2757,169.4218
2026-08-10,AMZN,AMZN,,471411,1.7176,1.4504,277.5152
2026-08-10,AON,AON,,18906,15.4678,13.6744,357.0202
2026-08-10,APD,APD,,9789,7.9217,6.2162,305.5349
2026-08-10,AVB,AVB,,16629,10.3796,9.8061,183.7914
2026-08-10,AVGO,AVGO,,158329,3.6285,3.265,426.5018
2026-08-10,AXON,AXON,,20978,20.4936,19.2321,590.5807
2026-08-10,AXP,AXP,,22296,4.5143,3.5623,338.2745
2026-08-10,BA,BA,,25391,6.426,5.5788,234.5585
2026-08-10,BAC,BAC,,197846,1.5832,1.569,63.7407
2026-08-10,BKNG,BKNG,,150250,2.1022,1.4262,210.8275
2026-08-10,BLK,BLK,,13265,11.4386,10.7163,1130.295
2026-08-10,BMY,BMY,,122114,2.3793,1.5443,64.8873
2026-08-10,BRK-B,BRK,B,40961,4.2584,3.7775,532.558
2026-08-10,C,C,,78030,3.0555,2.9516,135.5206
2026-08-10,CAT,CAT,,33002,9.0466,7.9693,841.4034
2026-08-10,CB,CB,,20448,6.4707,5.7136,347.7489
2026-08-10,CCI,CCI,,20727,7.487,6.7664,73.8641
2026-08-10,CDNS,CDNS,,23103,8.4816,7.761,338.0343
2026-08-10,CEG,CEG,,32242,9.6845,8.4551,272.7095
2026-08-10,CHTR,CHTR,,20149,17.3936,16.3212,151.3539
2026-08-10,CI,CI,,19783,8.8447,6.8209,279.828
2026-08-10,CL,CL,,45820,3.9555,3.2298,92.9789
2026-08-10,CMCSA,CMCS,A,105441,4.051,4.0024,24.9859
2026-08-10,CME,CME,,20278,4.8578,4.1664,265.8962
2026-08-10,CMG,CMG,,172653,3.1679,3.0821,32.5026
2026-08-10,COIN,COIN,,47707,9.7038,8.7651,149.6034
2026-08-10,COP,COP,,375217,3.1457,3.2666,121.807
2026-08-10,COST,COST,,24281,5.6655,5.1837,945.7338
2026-08-10,CRM,CRM,,46934,6.1736,5.1608,196.0241
2026-08-10,CRWD,CRWD,,96063,5.68,4.4537,224.9397
2026-08-10,CSCO,CSCO,,271848,2.4734,2.4144,123.8442
2026-08-10,CSX,CSX,,106768,2.1635,1.9899,50.2607
2026-08-10,CVX,CVX,,106514,1.9606,2.0539,193.2011
2026-08-10,D,D,,153648,2.5493,2.9762,67.0148
2026-08-10,DD,DD,,5918,15.6853,13.345,142.1456
2026-08-10,DE,DE,,19129,10.3874,9.7412,609.8922
2026-08-10,DHI,DHI,,20520,9.582,7.5155,146.5155
2026-08-10,DIS,DIS,,141309,2.5407,1.9423,103.1829
2026-08-10,DKNG,DKNG,,297207,5.3032,4.0791,24.7095
2026-08-10,DLR,DLR,,13492,8.6012,7.3222,191.2499
2026-08-10,DOW,DOW,,84760,3.8455,3.3217,30.0757
2026-08-10,DUK,DUK,,107604,1.8253,1.6411,121.8606
2026-08-10,DXCM,DXCM,,37925,6.1885,4.5579,87.4355
2026-08-10,ECL,ECL,,14714,8.0616,7.3872,283.4761
2026-08-10,ELV,ELV,,11092,10.1158,8.0645,397.0462
2026-08-10,EMR,EMR,,17228,10.6787,9.397,159.0279
2026-08-10,ENPH,ENPH,,24373,11.2132,9.6852,41.2432
2026-08-10,EOG,EOG,,36076,6.3338,5.6358,141.1579
2026-08-10,EQIX,EQIX,,6756,13.5172,12.4351,1040.8567
2026-08-10,ETN,ETN,,21474,9.487,8.5137,447.1572
2026-08-10,EXC,EXC,,163545,2.4982,2.2389,44.6705
2026-08-10,F,F,,85014,7.1714,7.1454,13.9491
2026-08-10,FCX,FCX,,443619,3.0841,2.8317,70.3514
2026-08-10,FDX,FDX,,21795,7.4086,6.4658,323.8078
2026-08-10,FSLR,FSLR,,24467,19.9664,18.4085,237.3201
2026-08-10,FTNT,FTNT,,34819,8.7678,7.8805,165.0785
2026-08-10,GD,GD,,12006,8.1632,7.0787,395.6716
2026-08-10,GE,GE,,31618,5.9006,4.6553,367.2397
2026-08-10,GEHC,GEHC,,35200,4.4302,4.102,72.8867
2026-08-10,GILD,GILD,,64786,3.6051,3.0062,133.2273
2026-08-10,GIS,GIS,,153442,3.3365,2.698,37.0813
2026-08-10,GM,GM,,27307,4.5223,4.5101,88.2522
2026-08-10,GOOGL,GOOG,L,277689,1.2905,1.1285,354.6706
2026-08-10,GS,GS,,32130,7.6818,6.6284,1036.3813
2026-08-10,HAL,HAL,,137765,3.2486,2.9954,33.3737
2026-08-10,HCA,HCA,,27699,8.8982,7.7628,413.0713
2026-08-10,HD,HD,,33734,4.7822,4.0209,348.7583
2026-08-10,HON,HON,,16922,7.3526,6.5687,243.3184
2026-08-10,ICE,ICE,,13483,7.3555,5.9644,151.3088
2026-08-10,INTC,INTC,,1454674,1.8248,2.0222,98.2132
2026-08-10,INTU,INTU,,34882,6.4284,5.4051,331.0566
2026-08-10,ISRG,ISRG,,61639,4.4573,3.5819,387.6285
2026-08-10,IWM,IWM,,1380100,0.4443,0.3336,300.1446
2026-08-10,JNJ,JNJ,,32547,4.7657,4.2401,259.9567
2026-08-10,JPM,JPM,,60107,3.0667,2.788,358.3664
2026-08-10,KHC,KHC,,145407,4.1313,4.0282,24.8875
2026-08-10,KMI,KMI,,98942,3.2511,3.2149,31.1617
2026-08-10,KO,KO,,262526,1.5203,1.1509,87.0619
2026-08-10,KR,KR,,86150,2.7271,1.7723,56.5857
2026-08-10,LIN,LIN,,21576,4.9832,4.0988,488.8136
2026-08-10,LLY,LLY,,23489,7.6263,7.0067,1216.2141
2026-08-10,LMT,LMT,,12009,11.7848,11.2796,602.4178
2026-08-10,LOW,LOW,,16473,10.013,8.699,218.2938
2026-08-10,LULU,LULU,,22168,9.1278,7.8256,126.9633
2026-08-10,MA,MA,,41148,4.4931,4.0969,562.4242
2026-08-10,MCD,MCD,,55629,3.6339,3.3021,272.4611
2026-08-10,MDLZ,MDLZ,,177845,2.3338,1.6283,61.5333
2026-08-10,MDT,MDT,,144456,2.1092,2.2462,88.6099
2026-08-10,META,META,,119060,2.8753,2.5063,597.786
2026-08-10,MLM,MLM,,6339,19.2619,18.8522,547.3644
2026-08-10,MNST,MNST,,49796,4.3845,3.2915,91.6719
2026-08-10,MO,MO,,180304,2.3296,1.5171,66.5308
2026-08-10,MPC,MPC,,30129,10.5276,9.5129,313.7024
2026-08-10,MRK,MRK,,41308,3.8187,3.0748,130.2029
2026-08-10,MS,MS,,31413,5.6539,4.6527,215.8037
2026-08-10,MSFT,MSFT,,235507,1.5863,1.3784,508.3459
2026-08-10,MU,MU,,327974,5.3186,5.0563,877.6587
2026-08-10,NEE,NEE,,250917,1.7648,1.1883,84.3191
2026-08-10,NEM,NEM,,169877,3.0869,2.6036,115.5371
2026-08-10,NFLX,NFLX,,376276,1.8679,1.335,74.9664
2026-08-10,NKE,NKE,,128378,2.4847,2.3972,41.662
2026-08-10,NOC,NOC,,10843,14.5896,13.4601,578.4996
2026-08-10,NOW,NOW,,98588,3.9221,3.9119,126.4791
2026-08-10,NSC,NSC,,14503,8.3588,7.7344,336.0437
2026-08-10,NUE,NUE,,13067,11.5299,10.5453,275.123
2026-08-10,NVDA,NVDA,,1775894,0.9527,0.9125,219.5986
2026-08-10,O,O,,133777,2.0398,1.6275,61.5273
2026-08-10,OKE,OKE,,42110,5.4382,4.5017,88.908
2026-08-10,ORCL,ORCL,,145153,4.7859,4.0096,150.1441
2026-08-10,ORLY,ORLY,,52022,3.522,3.2572,92.1391
2026-08-10,PANW,PANW,,42070,9.882,8.8678,380.6092
2026-08-10,PCG,PCG,,84712,5.8166,5.8055,17.2203
2026-08-10,PEP,PEP,,110996,2.4318,2.1768,137.8795
2026-08-10,PFE,PFE,,141030,3.7096,3.7044,26.9913
2026-08-10,PG,PG,,106715,2.5044,2.0607,145.6166
2026-08-10,PGR,PGR,,12876,10.8373,9.7522,214.0071
2026-08-10,PLD,PLD,,27488,4.8562,4.3579,137.7613
2026-08-10,PLTR,PLTR,,428017,2.5107,2.2594,177.2305
2026-08-10,PLUG,PLUG,,87277,47.3385,47.5059,2.1167
2026-08-10,PM,PM,,19167,9.616,8.636,186.4267
2026-08-10,PPG,PPG,,8002,13.0341,11.994,116.2668
2026-08-10,PSA,PSA,,12708,9.1044,8.637,323.0208
2026-08-10,PSX,PSX,,31391,8.898,8.0089,212.518
2026-08-10,QCOM,QCOM,,107585,4.6769,4.2619,164.667
2026-08-10,RBLX,RBLX,,58485,5.6885,5.2002,38.1751
2026-08-10,ROST,ROST,,20463,8.6254,7.4896,255.1465
2026-08-10,RTX,RTX,,23563,5.8529,5.3121,225.0109
2026-08-10,SBUX,SBUX,,35813,4.7917,3.8296,105.0656
2026-08-10,SCHW,SCHW,,75705,2.7312,2.7461,108.6024
2026-08-10,SHW,SHW,,24164,6.3735,5.2337,362.8564
2026-08-10,SLB,SLB,,163410,2.4861,1.9115,52.3248
2026-08-10,SNPS,SNPS,,57649,5.7374,4.8264,415.4009
2026-08-10,SO,SO,,156986,2.114,2.1865,91.3869
2026-08-10,SOC,SOC,,27133,20.0791,19.98,5.0061
2026-08-10,SPG,SPG,,10923,11.5628,10.9479,219.4055
2026-08-10,SPGI,SPGI,,39268,7.8325,7.5269,410.8854
2026-08-10,SPOT,SPOT,,23943,10.761,9.6015,510.821
2026-08-10,SRE,SRE,,25968,4.7977,4.7048,84.6543
2026-08-10,STZ,STZ,,7446,10.6657,9.0158,133.4908
2026-08-10,SYK,SYK,,24517,8.9035,7.6853,340.7727
2026-08-10,SYY,SYY,,18580,5.2105,4.736,84.1538
2026-08-10,T,T,,149760,4.2021,4.199,23.8079
2026-08-10,TJX,TJX,,22031,5.1558,4.4185,159.633
2026-08-10,TMO,TMO,,22178,7.4398,5.5516,594.9133
2026-08-10,TMUS,TMUS,,27666,5.8942,5.1074,175.5576
2026-08-10,TSLA,TSLA,,310740,2.1975,2.1202,329.704
2026-08-10,TT,TT,,7928,10.664,8.3707,479.3423
2026-08-10,TTWO,TTWO,,31287,11.0397,9.1406,252.692
2026-08-10,TXN,TXN,,95634,7.4552,7.1067,282.6227
2026-08-10,UBER,UBER,,234541,1.9446,1.2968,77.3333
2026-08-10,UNH,UNH,,35530,4.6079,4.1259,410.3545
2026-08-10,UPS,UPS,,25404,3.7833,2.8853,104.2034
2026-08-10,V,V,,52316,2.8467,2.5009,360.4341
2026-08-10,VICI,VICI,,74467,3.8876,3.8307,26.1329
2026-08-10,VLO,VLO,,30794,9.6867,8.8971,312.8019
2026-08-10,VMC,VMC,,13884,6.7638,5.2708,284.0971
2026-08-10,VRTX,VRTX,,32163,9.6393,8.6496,527.9969
2026-08-10,VST,VST,,42830,11.0611,10.4708,143.5353
2026-08-10,VZ,VZ,,156091,2.1785,2.1411,46.6352
2026-08-10,WBD,WBD,,83645,3.7228,3.7085,26.9732
2026-08-10,WEC,WEC,,30771,6.5448,5.6556,106.2533
2026-08-10,WELL,WELL,,10740,10.5991,9.3112,235.3892
2026-08-10,WFC,WFC,,130639,1.9433,2.2802,87.4815
2026-08-10,WM,WM,,10976,10.3762,9.2697,226.4114
2026-08-10,WMB,WMB,,125352,2.7572,2.7882,71.2777
2026-08-10,WMT,WMT,,382223,1.3878,0.8991,111.5237
2026-08-10,XEL,XEL,,284714,2.6607,2.6038,76.7662
2026-08-10,XOM,XOM,,137863,2.2971,1.8995,158.6275
2026-08-10,YUM,YUM,,13050,9.4367,8.2006,146.7937
2026-08-10,ZTS,ZTS,,58086,7.8367,6.9209,73.5861
2026-08-11,AAPL,AAPL,,516656,0.7664,0.6554,305.8229
2026-08-11,ABBV,ABBV,,18287,5.429,4.8037,249.1952
2026-08-11,ABNB,ABNB,,47061,5.1059,4.3316,184.6576
2026-08-11,ABT,ABT,,41793,4.1602,3.6433,109.6772
2026-08-11,ACN,ACN,,33863,12.3245,11.7453,178.6589
2026-08-11,ADBE,ADBE,,55782,6.4423,5.298,266.6542
2026-08-11,AEP,AEP,,89894,3.0405,3.2339,123.2068
2026-08-11,AMAT,AMAT,,86399,7.1441,6.4309,527.7941
2026-08-11,AMD,AMD,,307929,5.1787,4.8907,468.9359
2026-08-11,AMGN,AMGN,,28620,6.1033,5.3208,414.444
2026-08-11,AMT,AMT,,14769,10.1109,9.3952,170.3513
2026-08-11,AMZN,AMZN,,330945,1.4221,1.4557,272.9884
2026-08-11,AON,AON,,10035,13.394,11.8031,357.1721
2026-08-11,APD,APD,,10964,9.8723,9.666,309.0474
2026-08-11,AVB,AVB,,15946,8.8926,8.1898,183.1339
2026-08-11,AVGO,AVGO,,112198,3.3573,2.8529,418.305
2026-08-11,AXON,AXON,,25396,18.6987,17.5983,627.2733
2026-08-11,AXP,AXP,,19451,5.4601,4.6936,341.4347
2026-08-11,BA,BA,,24411,6.1638,5.568,234.357
2026-08-11,BAC,BAC,,175775,1.585,1.5631,63.9793
2026-08-11,BKNG,BKNG,,153675,1.9617,1.4068,213.3025
2026-08-11,BLK,BLK,,10998,13.5234,12.1056,1146.9383
2026-08-11,BMY,BMY,,109275,2.6423,1.5695,63.8515
2026-08-11,BRK-B,BRK,B,38131,3.9506,3.4513,520.7235
2026-08-11,C,C,,44042,3.1123,2.9384,136.1283
2026-08-11,CAT,CAT,,29367,7.4675,6.7399,851.0264
2026-08-11,CB,CB,,12166,6.4305,5.7422,348.2909
2026-08-11,CCI,CCI,,14585,9.0414,6.759,74.0418
2026-08-11,CDNS,CDNS,,26582,8.6244,7.6355,326.5224
2026-08-11,CEG,CEG,,48551,9.5286,8.954,278.1544
2026-08-11,CHTR,CHTR,,20582,16.1461,14.6735,155.3187
2026-08-11,CI,CI,,21296,7.2991,6.2318,272.9584
2026-08-11,CL,CL,,35982,4.3312,4.3036,92.4857
2026-08-11,CMCSA,CMCS,A,113052,3.9442,3.9239,25.4482
2026-08-11,CME,CME,,20389,4.8561,3.8558,260.6241
2026-08-11,CMG,CMG,,166241,3.2829,3.1314,31.9614
2026-08-11,COIN,COIN,,44011,9.7924,8.824,148.5712
2026-08-11,COP,COP,,250364,2.683,2.3852,125.2823
2026-08-11,COST,COST,,31107,4.7337,4.1419,942.8609
2026-08-11,CRM,CRM,,48065,6.4273,5.5774,197.5151
2026-08-11,CRWD,CRWD,,64338,6.9035,5.8081,222.3934
2026-08-11,CSCO,CSCO,,234939,2.0493,1.6598,120.9745
2026-08-11,CSX,CSX,,92390,2.2718,1.9994,50.0877
2026-08-11,CVX,CVX,,111264,2.0064,2.0359,196.237
2026-08-11,D,D,,245550,3.1701,2.9568,67.6288
2026-08-11,DD,DD,,8043,13.511,12.4292,144.6643
2026-08-11,DE,DE,,10630,11.1984,10.3655,617.7874
2026-08-11,DHI,DHI,,24739,9.4226,8.0273,149.7236
2026-08-11,DIS,DIS,,105507,2.5618,1.9406,103.4889
2026-08-11,DKNG,DKNG,,184843,5.0688,3.9675,25.2064
2026-08-11,DLR,DLR,,12097,8.9743,7.8701,191.5423
2026-08-11,DOW,DOW,,97827,3.552,3.2077,31.1719
2026-08-11,DUK,DUK,,79737,2.626,2.4491,122.3589
2026-08-11,DXCM,DXCM,,34650,5.4613,4.4758,88.7808
2026-08-11,ECL,ECL,,13178,7.8982,7.0131,284.7551
2026-08-11,ELV,ELV,,13078,12.7468,11.3121,392.4399
2026-08-11,EMR,EMR,,19605,8.7315,7.3719,162.6422
2026-08-11,ENPH,ENPH,,28473,11.525,9.5443,41.9476
2026-08-11,EOG,EOG,,19985,7.2292,6.2851,142.5565
2026-08-11,EQIX,EQIX,,6742,18.0955,17.3104,1040.4201
2026-08-11,ETN,ETN,,29667,8.0472,7.556,459.6405
2026-08-11,EXC,EXC,,145592,2.6197,2.2389,44.7244
2026-08-11,F,F,,83339,7.1051,7.0998,14.0829
2026-08-11,FCX,FCX,,357115,2.828,2.9015,68.8211
2026-08-11,FDX,FDX,,19995,9.1241,8.3928,323.0242
2026-08-11,FSLR,FSLR,,23694,21.6545,20.255,241.8324
2026-08-11,FTNT,FTNT,,27376,9.4002,8.0408,162.1707
2026-08-11,GD,GD,,10000,9.9524,9.6684,394.0285
2026-08-11,GE,GE,,32272,6.2991,5.7183,368.5626
2026-08-11,GEHC,GEHC,,41058,4.9259,4.1354,72.7189
2026-08-11,GILD,GILD,,44351,5.3538,4.4046,135.6222
2026-08-11,GIS,GIS,,145183,3.1608,2.6621,37.5352
2026-08-11,GM,GM,,28089,3.9177,3.3585,89.3143
2026-08-11,GOOGL,GOOG,L,287588,1.2539,1.1472,348.2656
2026-08-11,GS,GS,,35818,6.8691,6.3302,1035.5772
2026-08-11,HAL,HAL,,107462,3.1888,2.9599,33.7979
2026-08-11,HCA,HCA,,26046,9.071,6.8136,412.36
2026-08-11,HD,HD,,32507,4.5233,4.2009,355.8447
2026-08-11,HON,HON,,42634,12.1126,10.777,235.0442
2026-08-11,ICE,ICE,,26239,8.0685,7.3078,150.6118
2026-08-11,INTC,INTC,,1194179,1.565,1.0316,97.3258
2026-08-11,INTU,INTU,,31139,7.6608,5.9701,334.8726
2026-08-11,ISRG,ISRG,,71488,4.6958,4.2563,399.3379
2026-08-11,IWM,IWM,,1542650,0.4386,0.332,301.3235
2026-08-11,JNJ,JNJ,,44043,4.5027,3.8519,259.8234
2026-08-11,JPM,JPM,,53703,3.2591,2.7649,361.604
2026-08-11,KHC,KHC,,119706,4.1339,4.0543,24.6891
2026-08-11,KMI,KMI,,94772,3.2056,3.1681,31.5519
2026-08-11,KO,KO,,209932,1.8271,1.1596,86.5601
2026-08-11,KR,KR,,102076,2.8885,1.7891,56.2049
2026-08-11,LIN,LIN,,19916,6.5165,6.0877,492.2923
2026-08-11,LLY,LLY,,23124,9.0459,8.3503,1222.0379
2026-08-11,LMT,LMT,,13006,9.9717,9.0671,596.45
2026-08-11,LOW,LOW,,15594,10.1632,9.0037,222.0285
2026-08-11,LULU,LULU,,20338,9.2374,7.1705,125.3685
2026-08-11,MA,MA,,46160,5.2949,4.9464,564.9531
2026-08-11,MCD,MCD,,43576,3.5482,3.2965,272.4246
2026-08-11,MDLZ,MDLZ,,166266,2.4039,1.6317,61.414
2026-08-11,MDT,MDT,,110622,3.2396,2.2277,90.127
2026-08-11,META,META,,100269,3.4987,3.125,605.6815
2026-08-11,MLM,MLM,,7991,20.6069,18.3561,551.7181
2026-08-11,MNST,MNST,,63322,3.8991,4.3554,45.5971
2026-08-11,MO,MO,,139127,2.4591,1.5421,65.0267
2026-08-11,MPC,MPC,,25593,11.2122,10.9526,331.0597
2026-08-11,MRK,MRK,,39202,3.9176,3.8027,130.6006
2026-08-11,MS,MS,,27668,5.8392,4.6501,215.2513
2026-08-11,MSFT,MSFT,,164730,1.9567,1.7921,502.1368
2026-08-11,MU,MU,,309147,4.2698,3.983,856.4505
2026-08-11,NEE,NEE,,237680,1.9536,1.1793,85.3554
2026-08-11,NEM,NEM,,111219,3.7801,3.4232,116.9332
2026-08-11,NFLX,NFLX,,341596,1.9072,1.3372,75.6571
2026-08-11,NKE,NKE,,164251,2.5466,2.434,41.1439
2026-08-11,NOC,NOC,,10037,13.7469,11.6089,575.8619
2026-08-11,NOW,NOW,,117308,3.9118,3.1643,126.946
2026-08-11,NSC,NSC,,18640,8.3142,7.167,334.7349
2026-08-11,NUE,NUE,,7264,15.6603,14.2828,273.7702
2026-08-11,NVDA,NVDA,,1382654,0.9231,0.9142,218.5606
2026-08-11,O,O,,65035,2.0846,1.6172,61.9041
2026-08-11,OKE,OKE,,24122,5.9182,5.4678,91.1702
2026-08-11,ORCL,ORCL,,154184,4.6572,4.1396,145.4969
2026-08-11,ORLY,ORLY,,44476,3.7618,3.2249,93.2568
2026-08-11,PANW,PANW,,39921,10.4534,9.1461,383.2402
2026-08-11,PCG,PCG,,66214,5.8277,5.8394,17.1721
2026-08-11,PEP,PEP,,121860,2.1208,2.1757,137.6481
2026-08-11,PFE,PFE,,130094,3.7441,3.753,26.7277
2026-08-11,PG,PG,,70765,2.5071,2.0773,144.7788
2026-08-11,PGR,PGR,,10425,8.4363,7.0184,213.6581
2026-08-11,PLD,PLD,,22379,4.4097,3.596,139.3265
2026-08-11,PLTR,PLTR,,351326,2.2172,1.7209,175.3207
2026-08-11,PLUG,PLUG,,79086,45.4078,45.1467,2.2098
2026-08-11,PM,PM,,20938,9.1436,8.0738,186.1844
2026-08-11,PPG,PPG,,12650,13.5956,11.1958,116.2682
2026-08-11,PSA,PSA,,8531,12.0013,11.0507,324.7124
2026-08-11,PSX,PSX,,25179,12.2143,12.0538,221.7924
2026-08-11,QCOM,QCOM,,94337,4.6361,3.6937,162.8493
2026-08-11,RBLX,RBLX,,56639,5.6815,5.4289,36.7882
2026-08-11,ROST,ROST,,15902,8.679,7.8849,253.3234
2026-08-11,RTX,RTX,,17332,5.3265,4.9003,224.0865
2026-08-11,SBUX,SBUX,,39422,4.428,3.7683,106.2572
2026-08-11,SCHW,SCHW,,66229,3.7321,2.7846,107.8192
2026-08-11,SHW,SHW,,25621,6.7718,5.2217,364.8759
2026-08-11,SLB,SLB,,120042,2.6176,1.8728,53.535
2026-08-11,SNPS,SNPS,,18190,12.3636,11.2067,409.7933
2026-08-11,SO,SO,,107657,2.5094,2.1784,91.7628
2026-08-11,SOC,SOC,,45888,22.6301,22.2469,4.5024
2026-08-11,SPG,SPG,,7469,15.6169,14.4118,221.9723
2026-08-11,SPGI,SPGI,,29535,7.861,6.585,409.8683
2026-08-11,SPOT,SPOT,,16459,10.2035,8.9954,504.0991
2026-08-11,SRE,SRE,,22496,5.6759,5.8333,84.7834
2026-08-11,STZ,STZ,,11712,11.2351,10.5964,132.4814
2026-08-11,SYK,SYK,,21761,7.4905,6.3222,347.7138
2026-08-11,SYY,SYY,,13361,6.6603,5.9266,84.2338
2026-08-11,T,T,,122580,4.1187,4.1127,24.3039
2026-08-11,TJX,TJX,,32164,5.2774,4.4804,156.53
2026-08-11,TMO,TMO,,18414,6.9984,5.6721,601.5577
2026-08-11,TMUS,TMUS,,32818,6.6277,6.0876,180.1171
2026-08-11,TSLA,TSLA,,280159,2.0583,1.8091,333.0911
2026-08-11,TT,TT,,19762,12.0984,10.9372,484.7264
2026-08-11,TTWO,TTWO,,16223,10.9397,9.6308,251.151
2026-08-11,TXN,TXN,,39234,7.6931,7.1745,282.4157
2026-08-11,UBER,UBER,,180450,1.9779,1.2808,78.3807
2026-08-11,UNH,UNH,,40113,5.0109,4.4435,404.3845
2026-08-11,UPS,UPS,,31848,3.5173,2.8831,104.2908
2026-08-11,V,V,,49451,2.5581,2.1993,363.2768
2026-08-11,VICI,VICI,,60600,3.9723,3.8366,26.0599
2026-08-11,VLO,VLO,,21912,12.9464,12.1158,321.4614
2026-08-11,VMC,VMC,,16970,11.4401,10.5259,286.0185
2026-08-11,VRTX,VRTX,,18374,8.1547,6.7774,529.9705
2026-08-11,VST,VST,,29782,9.6923,8.9559,145.2001
2026-08-11,VZ,VZ,,132822,2.1836,2.1189,47.2058
2026-08-11,WBD,WBD,,107637,3.7108,3.688,27.1062
2026-08-11,WEC,WEC,,18657,5.2408,4.6959,106.378
2026-08-11,WELL,WELL,,23574,8.8106,7.4934,227.9661
2026-08-11,WFC,WFC,,172993,2.1338,2.2782,87.6684
2026-08-11,WM,WM,,12512,9.7218,8.3394,228.2923
2026-08-11,WMB,WMB,,54291,3.1953,2.7674,72.25
2026-08-11,WMT,WMT,,316245,1.5265,0.8897,112.6586
2026-08-11,XEL,XEL,,253785,2.6115,2.5893,77.1844
2026-08-11,XOM,XOM,,106844,2.055,1.8667,160.4179
2026-08-11,YUM,YUM,,15013,8.9746,8.3091,144.3017
2026-08-11,ZTS,ZTS,,29150,7.0667,6.6511,75.0334
2026-08-12,AAPL,AAPL,,509770,0.9051,0.6646,301.9284
2026-08-12,ABBV,ABBV,,20697,6.6767,6.0191,248.6373
2026-08-12,ABNB,ABNB,,35785,6.2893,5.5494,180.498
2026-08-12,ABT,ABT,,92394,3.3768,2.7067,110.4815
2026-08-12,ACN,ACN,,29857,10.4457,9.5653,177.0216
2026-08-12,ADBE,ADBE,,59657,5.8427,5.4211,256.8057
2026-08-12,AEP,AEP,,83142,3.6324,3.2313,124.0376
2026-08-12,AMAT,AMAT,,79919,6.4795,5.65,549.8742
2026-08-12,AMD,AMD,,268348,5.1279,4.7179,487.328
2026-08-12,AMGN,AMGN,,23589,6.2558,5.2974,415.9203
2026-08-12,AMT,AMT,,13664,8.8464,8.1542,171.0153
2026-08-12,AMZN,AMZN,,575600,1.486,1.4862,269.0894
2026-08-12,AON,AON,,14568,12.342,11.6246,352.3454
2026-08-12,APD,APD,,7867,9.1819,7.5322,305.8095
2026-08-12,AVB,AVB,,23212,8.232,7.7683,180.6369
2026-08-12,AVGO,AVGO,,115383,3.1899,2.6264,419.5872
2026-08-12,AXON,AXON,,27924,23.5989,22.2572,608.1739
2026-08-12,AXP,AXP,,20626,5.2489,4.4063,341.3173
2026-08-12,BA,BA,,27157,6.873,6.4676,230.8618
2026-08-12,BAC,BAC,,195557,1.5612,1.5495,64.493
2026-08-12,BKNG,BKNG,,124128,2.2122,1.4331,210.9129
2026-08-12,BLK,BLK,,10778,12.5227,11.1892,1153.692
2026-08-12,BMY,BMY,,92730,2.2931,1.5705,63.7714
2026-08-12,BRK-B,BRK,B,35468,3.3531,3.1305,509.9403
2026-08-12,C,C,,90113,2.7732,2.8921,137.793
2026-08-12,CAT,CAT,,30674,8.8058,7.9741,863.3166
2026-08-12,CB,CB,,23162,5.8756,5.478,345.7984
2026-08-12,CCI,CCI,,18734,8.2162,6.76,74.0428
2026-08-12,CDNS,CDNS,,25607,8.5262,7.0696,325.6325
2026-08-12,CEG,CEG,,43408,8.5966,7.7838,280.7703
2026-08-12,CHTR,CHTR,,21123,15.8504,14.6951,150.5085
2026-08-12,CI,CI,,15117,9.4448,7.2051,275.6277
2026-08-12,CL,CL,,40976,3.9882,3.2455,92.6084
2026-08-12,CMCSA,CMCS,A,111894,4.0011,3.9518,25.2845
2026-08-12,CME,CME,,20659,5.4079,4.6481,261.7432
2026-08-12,CMG,CMG,,172853,3.2242,3.0548,32.729
2026-08-12,COIN,COIN,,37956,9.6158,8.7746,148.8515
2026-08-12,COP,COP,,202900,2.4829,2.3673,126.1182
2026-08-12,COST,COST,,26539,5.4698,4.945,947.7692
2026-08-12,CRM,CRM,,52972,5.4093,4.6825,192.6247
2026-08-12,CRWD,CRWD,,73821,8.2306,6.8038,221.5863
2026-08-12,CSCO,CSCO,,338704,2.1899,1.6288,123.3707
2026-08-12,CSX,CSX,,124468,2.2112,2.001,49.974
2026-08-12,CVX,CVX,,66073,2.1051,2.033,196.6541
2026-08-12,D,D,,187127,2.8904,2.936,68.0654
2026-08-12,DD,DD,,7332,12.4302,10.5101,143.9264
2026-08-12,DE,DE,,12183,14.9968,12.8113,618.3476
2026-08-12,DHI,DHI,,21473,10.5829,10.2414,146.2227
2026-08-12,DIS,DIS,,100010,1.8559,1.9385,103.0101
2026-08-12,DKNG,DKNG,,150370,4.8534,3.9116,25.5221
2026-08-12,DLR,DLR,,13119,10.0656,8.6941,196.4936
2026-08-12,DOW,DOW,,85547,3.8627,3.2621,30.7334
2026-08-12,DUK,DUK,,58325,2.8359,2.4346,123.3252
2026-08-12,DXCM,DXCM,,37428,6.0703,4.4341,89.7428
2026-08-12,ECL,ECL,,12708,6.2055,4.9957,280.4986
2026-08-12,ELV,ELV,,11732,10.8594,9.0947,394.6148
2026-08-12,EMR,EMR,,17686,10.9466,10.3058,164.1823
2026-08-12,ENPH,ENPH,,24331,10.2786,9.5215,41.1677
2026-08-12,EOG,EOG,,19881,7.1003,5.6263,142.4673
2026-08-12,EQIX,EQIX,,11081,13.4734,12.3072,1062.1544
2026-08-12,ETN,ETN,,20846,8.9254,7.5028,464.483
2026-08-12,EXC,EXC,,94968,2.6804,2.2235,45.0
2026-08-12,F,F,,82494,7.2203,7.2176,13.8616
2026-08-12,FCX,FCX,,367266,2.6559,2.8873,69.1134
2026-08-12,FDX,FDX,,15034,8.823,7.4386,324.663
2026-08-12,FSLR,FSLR,,31429,16.74,15.97,228.4672
2026-08-12,FTNT,FTNT,,33803,9.7436,8.1085,162.6563
2026-08-12,GD,GD,,11443,9.4938,8.6721,392.6479
2026-08-12,GE,GE,,26122,7.5917,6.8579,366.0369
2026-08-12,GEHC,GEHC,,34635,4.1314,4.1331,72.2382
2026-08-12,GILD,GILD,,37919,3.8346,2.9433,136.3027
2026-08-12,GIS,GIS,,131008,3.3703,2.6361,37.8573
2026-08-12,GM,GM,,30840,4.7839,4.5501,87.3634
2026-08-12,GOOGL,GOOG,L,345384,1.2172,1.1658,342.712
2026-08-12,GS,GS,,42758,6.8029,6.0395,1042.3308
2026-08-12,HAL,HAL,,98497,3.4105,2.9828,33.5249
2026-08-12,HCA,HCA,,28271,9.5438,8.4622,412.1496
2026-08-12,HD,HD,,45111,4.8761,4.074,345.2711
2026-08-12,HON,HON,,20847,10.1992,8.5404,232.7608
2026-08-12,ICE,ICE,,16869,7.4602,5.9435,151.2457
2026-08-12,INTC,INTC,,1241398,1.5378,0.9931,101.4505
2026-08-12,INTU,INTU,,28278,7.6168,6.9445,331.4314
2026-08-12,ISRG,ISRG,,47607,4.5762,3.5073,400.5209
2026-08-12,IWM,IWM,,1389921,0.4524,0.3314,302.0569
2026-08-12,JNJ,JNJ,,34591,4.6876,4.2174,260.0778
2026-08-12,JPM,JPM,,51802,2.6766,2.4604,364.941
2026-08-12,KHC,KHC,,100792,4.1556,4.0992,24.3623
2026-08-12,KMI,KMI,,93774,3.2188,3.1531,31.6951
2026-08-12,KO,KO,,215434,1.6849,1.158,86.712
2026-08-12,KR,KR,,79155,2.6591,1.7859,56.0501
2026-08-12,LIN,LIN,,29414,4.4463,3.7449,483.2587
2026-08-12,LLY,LLY,,19019,9.0567,7.961,1216.619
2026-08-12,LMT,LMT,,14379,8.8062,8.0757,602.2274
2026-08-12,LOW,LOW,,17162,11.5209,9.7759,216.3469
2026-08-12,LULU,LULU,,20167,9.4475,8.1156,121.9108
2026-08-12,MA,MA,,41454,5.2378,4.6488,558.2579
2026-08-12,MCD,MCD,,58420,4.0821,3.6378,274.3291
2026-08-12,MDLZ,MDLZ,,151658,2.2781,1.6251,61.7098
2026-08-12,MDT,MDT,,141249,3.2667,2.2264,89.9834
2026-08-12,META,META,,137161,2.8139,2.417,583.6151
2026-08-12,MLM,MLM,,8452,18.4982,16.618,544.2413
2026-08-12,MNST,MNST,,48414,3.8556,4.3687,45.5958
2026-08-12,MO,MO,,133784,2.3627,1.5474,64.8174
2026-08-12,MPC,MPC,,24892,11.2554,10.2166,341.9379
2026-08-12,MRK,MRK,,44102,3.3061,2.9942,132.9232
2026-08-12,MS,MS,,28880,6.5454,5.5061,218.4449
2026-08-12,MSFT,MSFT,,195736,1.878,1.6227,493.7791
2026-08-12,MU,MU,,383944,3.6294,3.3148,924.0374
2026-08-12,NEE,NEE,,228692,1.8473,1.1712,85.6715
2026-08-12,NEM,NEM,,122207,4.2736,4.1881,118.8991
2026-08-12,NFLX,NFLX,,264041,1.7471,1.3547,73.9172
2026-08-12,NKE,NKE,,151251,2.5089,2.4579,40.6806
2026-08-12,NOC,NOC,,12290,12.7204,11.7062,575.9074
2026-08-12,NOW,NOW,,75423,4.3306,4.023,123.7314
2026-08-12,NSC,NSC,,23188,8.5855,6.8759,334.3737
2026-08-12,NUE,NUE,,8700,15.3522,14.0553,270.7087
2026-08-12,NVDA,NVDA,,863382,1.0138,0.8955,223.5097
2026-08-12,O,O,,88709,1.994,1.6073,62.2768
2026-08-12,OKE,OKE,,29116,6.1495,5.454,91.8535
2026-08-12,ORCL,ORCL,,241589,5.106,4.6088,151.1274
2026-08-12,ORLY,ORLY,,68472,3.5321,3.2607,92.0216
2026-08-12,PANW,PANW,,45102,10.0428,8.6033,383.9238
2026-08-12,PCG,PCG,,73872,5.7741,5.772,17.3269
2026-08-12,PEP,PEP,,102610,1.8934,1.4602,137.6969
2026-08-12,PFE,PFE,,113891,3.8068,3.803,26.2945
2026-08-12,PG,PG,,86064,2.1191,2.0762,144.3701
2026-08-12,PGR,PGR,,15774,10.4516,10.0325,209.2456
2026-08-12,PLD,PLD,,32055,5.0699,4.9771,139.7123
2026-08-12,PLTR,PLTR,,312972,2.3201,2.3166,170.6865
2026-08-12,PLUG,PLUG,,75606,44.1599,43.956,2.2723
2026-08-12,PM,PM,,16610,9.9725,9.1504,185.985
2026-08-12,PPG,PPG,,6549,13.087,9.5948,114.876
2026-08-12,PSA,PSA,,10930,9.1068,7.3758,324.4745
2026-08-12,PSX,PSX,,26033,12.0057,10.6643,224.702
2026-08-12,QCOM,QCOM,,91768,4.3344,3.6787,163.0473
2026-08-12,RBLX,RBLX,,60578,4.8014,2.8381,35.5631
2026-08-12,ROST,ROST,,33667,8.9368,8.4584,248.9922
2026-08-12,RTX,RTX,,22729,5.44,4.9791,221.5567
2026-08-12,SBUX,SBUX,,36875,5.6934,4.6333,107.5435
2026-08-12,SCHW,SCHW,,92149,2.8138,1.8495,108.7129
2026-08-12,SHW,SHW,,56024,7.672,6.6469,361.5518
2026-08-12,SLB,SLB,,104790,2.5346,1.8909,52.9333
2026-08-12,SNPS,SNPS,,17166,11.1006,10.1367,413.058
2026-08-12,SO,SO,,147647,2.5133,2.1708,92.1701
2026-08-12,SOC,SOC,,27252,23.2793,22.7531,4.4394
2026-08-12,SPG,SPG,,8417,15.373,14.1485,220.1438
2026-08-12,SPGI,SPGI,,42589,6.4311,5.3959,408.2748
2026-08-12,SPOT,SPOT,,16121,12.2561,11.0049,489.4782
2026-08-12,SRE,SRE,,27175,5.835,5.7713,85.7534
2026-08-12,STZ,STZ,,7021,12.1182,11.2364,133.3213
2026-08-12,SYK,SYK,,21799,9.9552,9.3864,343.7794
2026-08-12,SYY,SYY,,13908,6.1092,4.7192,84.5511
2026-08-12,T,T,,114633,4.1226,4.1161,24.2871
2026-08-12,TJX,TJX,,23439,5.5531,4.5861,153.5699
2026-08-12,TMO,TMO,,18497,8.9982,6.9865,600.5142
2026-08-12,TMUS,TMUS,,20437,6.4966,5.629,176.9964
2026-08-12,TSLA,TSLA,,392509,1.692,1.5356,326.5119
2026-08-12,TT,TT,,18968,13.0568,11.4337,482.368
2026-08-12,TTWO,TTWO,,20436,11.1606,9.8565,243.7382
2026-08-12,TXN,TXN,,65160,7.0893,6.4867,279.7137
2026-08-12,UBER,UBER,,203441,2.5978,2.6361,75.8091
2026-08-12,UNH,UNH,,37731,5.1525,4.6795,405.0562
2026-08-12,UPS,UPS,,26742,3.3287,2.8951,103.6366
2026-08-12,V,V,,42017,3.4011,2.7772,359.6231
2026-08-12,VICI,VICI,,49246,3.9852,3.8454,26.0141
2026-08-12,VLO,VLO,,19828,14.2956,12.065,327.5729
2026-08-12,VMC,VMC,,12603,9.3796,7.7832,282.0262
2026-08-12,VRTX,VRTX,,19712,8.1526,6.8101,527.6069
2026-08-12,VST,VST,,22391,10.2647,9.5051,146.7468
2026-08-12,VZ,VZ,,128156,2.1639,2.1338,46.8654
2026-08-12,WBD,WBD,,143155,3.7024,3.6331,27.5431
2026-08-12,WEC,WEC,,34478,5.3099,4.5988,109.1571
2026-08-12,WELL,WELL,,11853,8.0674,6.952,229.1753
2026-08-12,WFC,WFC,,214046,1.933,1.134,88.4812
2026-08-12,WM,WM,,9247,8.9112,7.9551,227.0775
2026-08-12,WMB,WMB,,91909,3.2602,2.717,73.5944
2026-08-12,WMT,WMT,,398582,1.4993,1.7315,115.0128
2026-08-12,XEL,XEL,,183952,2.3589,2.5533,78.2437
2026-08-12,XOM,XOM,,100538,1.9135,1.8807,159.1542
2026-08-12,YUM,YUM,,12859,12.2166,10.0614,148.316
2026-08-12,ZTS,ZTS,,33223,7.4041,6.8479,72.7808
2026-08-13,AAPL,AAPL,,727508,0.9883,0.9865,303.9184
2026-08-13,ABBV,ABBV,,32689,6.4672,5.9872,251.3484
2026-08-13,ABNB,ABNB,,33003,6.2283,5.4642,183.1761
2026-08-13,ABT,ABT,,42974,4.099,3.6046,111.2376
2026-08-13,ACN,ACN,,41012,8.722,7.7877,179.6715
2026-08-13,ADBE,ADBE,,86537,7.6484,6.5633,262.6903
2026-08-13,AEP,AEP,,97780,3.8179,3.1967,125.1966
2026-08-13,AMAT,AMAT,,132172,5.9714,5.5304,553.6076
2026-08-13,AMD,AMD,,260030,5.2306,4.8804,492.9369
2026-08-13,AMGN,AMGN,,24466,6.5188,5.7496,417.5755
2026-08-13,AMT,AMT,,15744,9.2387,8.6723,173.7853
2026-08-13,AMZN,AMZN,,657280,1.4526,1.4985,266.6687
2026-08-13,AON,AON,,15304,12.1726,11.0044,352.8465
2026-08-13,APD,APD,,15292,9.8714,9.4965,305.0204
2026-08-13,AVB,AVB,,26545,6.6934,6.4753,184.4404
2026-08-13,AVGO,AVGO,,159280,3.3737,3.0932,422.0443
2026-08-13,AXON,AXON,,16049,20.622,18.5906,605.8922
2026-08-13,AXP,AXP,,19834,5.7452,4.9513,342.7221
2026-08-13,BA,BA,,24356,5.9811,5.231,229.8531
2026-08-13,BAC,BAC,,233929,1.5763,1.5602,64.2971
2026-08-13,BKNG,BKNG,,144868,2.2989,1.8717,212.3738
2026-08-13,BLK,BLK,,14740,13.7043,11.9371,1173.7953
2026-08-13,BMY,BMY,,96386,2.408,1.5517,64.5681
2026-08-13,BRK-B,BRK,B,35213,3.6429,3.3473,507.4703
2026-08-13,C,C,,61508,3.1692,2.8887,138.3026
2026-08-13,CAT,CAT,,28783,10.2239,9.3024,856.7379
2026-08-13,CB,CB,,14051,6.3716,5.527,344.251
2026-08-13,CCI,CCI,,23010,9.1581,7.9271,75.5462
2026-08-13,CDNS,CDNS,,27769,8.1175,7.3635,325.1316
2026-08-13,CEG,CEG,,37069,7.8074,6.8517,278.5528
2026-08-13,CHTR,CHTR,,18383,14.8224,13.6519,153.9567
2026-08-13,CI,CI,,10555,8.6804,7.2036,278.3398
2026-08-13,CL,CL,,41344,4.2636,4.309,92.7797
2026-08-13,CMCSA,CMCS,A,108999,3.8882,3.8588,25.9368
2026-08-13,CME,CME,,23935,5.8238,4.9078,264.7506
2026-08-13,CMG,CMG,,157778,3.1728,3.0437,32.9568
2026-08-13,COIN,COIN,,49981,7.9519,7.367,149.9421
2026-08-13,COP,COP,,296193,2.8574,2.4068,124.9815
2026-08-13,COST,COST,,24669,6.2774,5.9825,954.3053
2026-08-13,CRM,CRM,,78246,6.9669,6.127,196.4657
2026-08-13,CRWD,CRWD,,61392,6.9707,5.7794,224.5261
2026-08-13,CSCO,CSCO,,399801,2.09,1.7751,113.4451
2026-08-13,CSX,CSX,,136498,2.3306,1.9816,50.4673
2026-08-13,CVX,CVX,,163287,2.3986,2.0368,196.7993
2026-08-13,D,D,,207643,3.0915,2.921,68.4455
2026-08-13,DD,DD,,5353,11.4906,9.733,143.7536
2026-08-13,DE,DE,,9088,15.699,13.9427,614.2419
2026-08-13,DHI,DHI,,28135,9.4978,7.3972,148.7633
2026-08-13,DIS,DIS,,117410,2.6587,2.8641,104.2741
2026-08-13,DKNG,DKNG,,116703,4.8407,3.958,25.4235
2026-08-13,DLR,DLR,,11341,10.6827,8.5935,198.0214
2026-08-13,DOW,DOW,,92775,4.02,3.2954,30.419
2026-08-13,DUK,DUK,,66012,2.1871,2.4115,124.1812
2026-08-13,DXCM,DXCM,,27889,5.9101,4.4024,91.0029
2026-08-13,ECL,ECL,,13773,7.0466,6.1633,276.3129
2026-08-13,ELV,ELV,,8372,9.5098,7.9781,400.567
2026-08-13,EMR,EMR,,22903,8.3125,7.366,161.9591
2026-08-13,ENPH,ENPH,,24326,9.6662,7.4673,40.4872
2026-08-13,EOG,EOG,,22682,6.5467,4.9573,141.6643
2026-08-13,EQIX,EQIX,,10436,13.1021,12.1974,1071.7103
2026-08-13,ETN,ETN,,22540,10.7396,8.6061,455.2238
2026-08-13,EXC,EXC,,143214,2.5654,2.1971,45.5434
2026-08-13,F,F,,51612,7.1908,7.1968,13.9116
2026-08-13,FCX,FCX,,219043,3.3743,2.9507,67.8568
2026-08-13,FDX,FDX,,27399,7.0056,6.3275,334.4492
2026-08-13,FSLR,FSLR,,21280,20.4064,19.5747,224.0507
2026-08-13,FTNT,FTNT,,30670,7.5079,6.6669,164.0306
2026-08-13,GD,GD,,8811,9.5097,8.679,391.7074
2026-08-13,GE,GE,,33490,5.9726,4.9827,361.4758
2026-08-13,GEHC,GEHC,,32788,5.4353,5.4414,73.4046
2026-08-13,GILD,GILD,,38133,4.2471,3.6415,136.9817
2026-08-13,GIS,GIS,,132472,3.4677,2.5883,38.7503
2026-08-13,GM,GM,,28851,3.5245,3.4493,86.7953
2026-08-13,GOOGL,GOOG,L,338371,1.2594,1.1567,345.827
2026-08-13,GS,GS,,36970,7.4139,6.4796,1048.5785
2026-08-13,HAL,HAL,,96499,3.1865,3.0354,32.9556
2026-08-13,HCA,HCA,,29431,9.9881,8.0778,409.2653
2026-08-13,HD,HD,,28393,5.2207,4.6758,342.4843
2026-08-13,HON,HON,,20648,9.4491,8.5479,234.0187
2026-08-13,ICE,ICE,,14378,8.208,7.2067,153.0741
2026-08-13,INTC,INTC,,1626209,1.908,1.8947,105.4819
2026-08-13,INTU,INTU,,45109,8.2917,7.0939,347.2453
2026-08-13,ISRG,ISRG,,43813,5.3956,4.9935,399.9658
2026-08-13,IWM,IWM,,1362108,0.4668,0.3299,303.6936
2026-08-13,JNJ,JNJ,,31443,4.5147,4.2087,261.164
2026-08-13,JPM,JPM,,59701,3.0148,2.7508,363.2963
2026-08-13,KHC,KHC,,93861,4.0304,3.9849,25.1188
2026-08-13,KMI,KMI,,117759,3.1619,3.1333,31.9789
2026-08-13,KO,KO,,263361,1.6055,1.1434,87.5268
2026-08-13,KR,KR,,97521,2.6994,1.7601,56.9659
2026-08-13,LIN,LIN,,24587,5.4338,4.982,479.0618
2026-08-13,LLY,LLY,,20675,8.3265,7.6878,1216.8412
2026-08-13,LMT,LMT,,9470,9.75,7.9848,599.7883
2026-08-13,LOW,LOW,,14260,8.0782,6.9311,217.12
2026-08-13,LULU,LULU,,25695,10.6932,9.9784,120.0532
2026-08-13,MA,MA,,37451,4.7448,4.4184,562.7478
2026-08-13,MCD,MCD,,63916,3.1406,2.5699,273.5449
2026-08-13,MDLZ,MDLZ,,188955,2.4255,1.5834,63.2499
2026-08-13,MDT,MDT,,112959,2.9291,2.2065,90.9246
2026-08-13,META,META,,82400,2.7796,2.3819,589.4268
2026-08-13,MLM,MLM,,9460,19.3345,17.9264,547.5013
2026-08-13,MNST,MNST,,55524,2.9548,2.1457,46.7281
2026-08-13,MO,MO,,170702,2.3908,1.5343,65.5743
2026-08-13,MPC,MPC,,23061,12.7504,11.9261,351.4088
2026-08-13,MRK,MRK,,45973,3.568,2.9733,134.5715
2026-08-13,MS,MS,,42542,5.1007,4.1219,219.2546
2026-08-13,MSFT,MSFT,,173794,2.1389,2.0161,496.7843
2026-08-13,MU,MU,,423875,3.7749,3.5004,957.8168
2026-08-13,NEE,NEE,,228900,1.9389,1.1701,85.9397
2026-08-13,NEM,NEM,,63335,4.8779,4.3846,114.3513
2026-08-13,NFLX,NFLX,,385075,1.7357,1.2983,77.1574
2026-08-13,NKE,NKE,,123522,2.5662,2.4453,40.9407
2026-08-13,NOC,NOC,,11038,14.9424,13.586,574.8393
2026-08-13,NOW,NOW,,118956,4.4737,3.9893,125.3499
2026-08-13,NSC,NSC,,17823,8.8188,8.5752,338.7356
2026-08-13,NUE,NUE,,8939,13.5104,12.431,272.6219
2026-08-13,NVDA,NVDA,,1236290,0.8518,0.8869,225.3208
2026-08-13,O,O,,91308,1.9327,1.5849,63.1178
2026-08-13,OKE,OKE,,27705,5.4903,5.3639,92.9381
2026-08-13,ORCL,ORCL,,157006,5.397,5.1394,155.9185
2026-08-13,ORLY,ORLY,,54531,3.6515,3.2434,92.7753
2026-08-13,PANW,PANW,,35228,11.2724,10.1443,394.0241
2026-08-13,PCG,PCG,,115753,5.7485,5.7455,17.4088
2026-08-13,PEP,PEP,,107997,2.0852,2.1405,140.0164
2026-08-13,PFE,PFE,,105365,3.7436,3.7404,26.7384
2026-08-13,PG,PG,,98695,2.0032,2.0618,144.653
2026-08-13,PGR,PGR,,17228,8.248,7.1882,209.0664
2026-08-13,PLD,PLD,,27585,5.7448,4.9591,141.5486
2026-08-13,PLTR,PLTR,,297604,2.196,1.7285,176.2631
2026-08-13,PLUG,PLUG,,32434,43.7123,43.573,2.294
2026-08-13,PM,PM,,19851,8.1189,7.3964,189.4331
2026-08-13,PPG,PPG,,10684,10.8734,9.5881,114.7717
2026-08-13,PSA,PSA,,10717,10.5456,9.482,327.4207
2026-08-13,PSX,PSX,,20769,8.9568,7.8733,228.7843
2026-08-13,QCOM,QCOM,,97718,4.7144,4.2467,165.3295
2026-08-13,RBLX,RBLX,,57642,5.4527,5.4098,36.7342
2026-08-13,ROST,ROST,,24471,11.0049,9.7605,244.4531
2026-08-13,RTX,RTX,,26494,5.4566,5.0013,220.1093
2026-08-13,SBUX,SBUX,,46069,5.3203,4.579,109.8115
2026-08-13,SCHW,SCHW,,57549,2.7137,1.8325,109.55
2026-08-13,SHW,SHW,,37429,6.556,5.5107,360.3092
2026-08-13,SLB,SLB,,116919,2.5821,1.9229,52.0256
2026-08-13,SNPS,SNPS,,27380,9.9119,8.6959,414.1001
2026-08-13,SO,SO,,200330,2.4666,2.1591,92.6792
2026-08-13,SOC,SOC,,21972,25.2354,25.0941,3.9892
2026-08-13,SPG,SPG,,6564,12.1291,11.2829,222.2048
2026-08-13,SPGI,SPGI,,36090,7.4597,6.5261,416.3902
2026-08-13,SPOT,SPOT,,13280,10.7909,9.4709,495.7198
2026-08-13,SRE,SRE,,51189,5.3722,4.6398,86.3191
2026-08-13,STZ,STZ,,9419,11.5653,11.0648,136.0131
2026-08-13,SYK,SYK,,22671,8.9514,7.6255,341.797
2026-08-13,SYY,SYY,,21966,7.7216,7.1149,84.4038
2026-08-13,T,T,,110168,4.1103,4.1059,24.3878
2026-08-13,TJX,TJX,,27343,5.9756,5.2349,152.5378
2026-08-13,TMO,TMO,,17781,14.2507,12.9437,598.7156
2026-08-13,TMUS,TMUS,,20653,7.1154,6.5782,181.1648
2026-08-13,TSLA,TSLA,,427753,1.7966,1.7835,335.0385
2026-08-13,TT,TT,,10116,15.4054,13.5246,479.7439
2026-08-13,TTWO,TTWO,,17593,10.6628,10.2997,241.4806
2026-08-13,TXN,TXN,,60968,7.465,6.8529,276.9854
2026-08-13,UBER,UBER,,152560,2.4222,2.6529,75.1862
2026-08-13,UNH,UNH,,34417,3.6733,3.2458,401.7005
2026-08-13,UPS,UPS,,22926,4.0543,3.7972,105.1701
2026-08-13,V,V,,43689,2.5318,1.9436,361.5462
2026-08-13,VICI,VICI,,53297,3.8684,3.7972,26.3321
2026-08-13,VLO,VLO,,24299,13.9748,12.1386,335.7134
2026-08-13,VMC,VMC,,13612,12.4181,11.1045,279.2842
2026-08-13,VRTX,VRTX,,14989,9.0528,7.9095,522.7022
2026-08-13,VST,VST,,23457,9.4861,8.9111,146.1513
2026-08-13,VZ,VZ,,145231,2.1689,2.0971,47.66
2026-08-13,WBD,WBD,,94889,3.5992,3.5862,27.8821
2026-08-13,WEC,WEC,,31442,5.9533,5.4511,109.9145
2026-08-13,WELL,WELL,,17677,7.5259,6.8251,234.5419
2026-08-13,WFC,WFC,,212248,2.124,2.2553,88.1998
2026-08-13,WM,WM,,13465,8.262,7.5594,225.519
2026-08-13,WMB,WMB,,92209,3.672,2.7304,73.4541
2026-08-13,WMT,WMT,,324797,1.5542,1.7279,115.361
2026-08-13,XEL,XEL,,308372,2.3171,2.5281,79.0449
2026-08-13,XOM,XOM,,112670,2.2672,1.8926,158.7555
2026-08-13,YUM,YUM,,15089,8.697,7.8828,152.4126
2026-08-13,ZTS,ZTS,,25339,7.3408,6.7272,74.1951
2026-08-14,AAPL,AAPL,,560123,0.9667,0.9811,305.5396
2026-08-14,ABBV,ABBV,,16316,8.2255,7.1988,249.5352
2026-08-14,ABNB,ABNB,,27652,6.0415,5.3876,185.3935
2026-08-14,ABT,ABT,,137154,2.7692,1.8003,111.5012
2026-08-14,ACN,ACN,,29748,11.319,10.3075,176.5089
2026-08-14,ADBE,ADBE,,59357,6.7106,5.7079,263.9353
2026-08-14,AEP,AEP,,93419,3.3208,3.1865,125.4077
2026-08-14,AMAT,AMAT,,122583,7.143,6.349,508.868
2026-08-14,AMD,AMD,,268349,5.1188,4.7749,503.1744
2026-08-14,AMGN,AMGN,,27558,6.6228,5.5898,412.8279
2026-08-14,AMT,AMT,,12237,9.6728,8.539,175.7192
2026-08-14,AMZN,AMZN,,428597,1.485,1.5139,263.7783
2026-08-14,AON,AON,,12132,11.4275,10.7094,355.8654
2026-08-14,APD,APD,,11105,9.4532,8.7944,307.0926
2026-08-14,AVB,AVB,,40548,7.7855,7.5721,184.2305
2026-08-14,AVGO,AVGO,,299022,2.755,2.2989,394.9277
2026-08-14,AXON,AXON,,10509,26.2134,23.1928,610.9539
2026-08-14,AXP,AXP,,22057,5.1683,4.6612,342.7186
2026-08-14,BA,BA,,18426,7.9249,7.3606,231.2293
2026-08-14,BAC,BAC,,197540,1.5753,1.5522,64.4222
2026-08-14,BKNG,BKNG,,127332,1.8095,1.4019,213.818
2026-08-14,BLK,BLK,,11198,12.6325,11.4025,1174.6327
2026-08-14,BMY,BMY,,101071,2.3103,1.5688,63.8639
2026-08-14,BRK-B,BRK,B,30252,3.0968,2.7661,505.9603
2026-08-14,C,C,,55004,3.0579,2.8746,139.1776
2026-08-14,CAT,CAT,,27311,8.6218,7.4589,860.9119
2026-08-14,CB,CB,,14356,5.2507,4.3588,344.6092
2026-08-14,CCI,CCI,,28936,9.0399,7.9114,75.9508
2026-08-14,CDNS,CDNS,,27387,8.9928,7.7038,324.5772
2026-08-14,CEG,CEG,,37260,7.0195,6.3271,283.8033
2026-08-14,CHTR,CHTR,,14756,14.9013,12.8279,155.5584
2026-08-14,CI,CI,,21051,7.9668,7.1053,280.9283
2026-08-14,CL,CL,,23959,4.3343,3.2625,92.0903
2026-08-14,CMCSA,CMCS,A,125022,3.8484,3.7958,26.3277
2026-08-14,CME,CME,,23358,4.9239,4.0662,269.2617
2026-08-14,CMG,CMG,,164873,3.0904,2.9784,33.5889
2026-08-14,COIN,COIN,,53506,8.1089,7.3957,149.5336
2026-08-14,COP,COP,,310231,2.1975,1.584,126.8188
2026-08-14,COST,COST,,20722,5.8585,5.4031,961.5316
2026-08-14,CRM,CRM,,54214,6.0729,5.0831,196.7237
2026-08-14,CRWD,CRWD,,68772,7.3799,5.943,219.3653
2026-08-14,CSCO,CSCO,,303794,1.7511,1.7904,111.3597
2026-08-14,CSX,CSX,,103905,2.2508,1.9824,50.4944
2026-08-14,CVX,CVX,,130284,1.9924,1.991,200.69
2026-08-14,D,D,,185978,2.8265,2.9066,68.7108
2026-08-14,DD,DD,,6967,11.5537,9.6765,145.5359
2026-08-14,DE,DE,,9369,15.8796,13.6035,611.0248
2026-08-14,DHI,DHI,,22354,8.5441,6.7062,149.2397
2026-08-14,DIS,DIS,,141600,2.2284,1.8799,106.5684
2026-08-14,DKNG,DKNG,,131017,4.4175,3.8395,26.1007
2026-08-14,DLR,DLR,,11773,9.0096,8.4832,200.2101
2026-08-14,DOW,DOW,,85314,3.8353,3.2222,31.0492
2026-08-14,DUK,DUK,,56181,2.6116,2.4224,123.7263
2026-08-14,DXCM,DXCM,,26518,6.0778,4.4598,90.313
2026-08-14,ECL,ECL,,12381,8.7155,7.9704,276.0161
2026-08-14,ELV,ELV,,6788,11.6945,9.9569,400.0569
2026-08-14,EMR,EMR,,16193,8.3014,6.7669,163.4068
2026-08-14,ENPH,ENPH,,25511,10.1649,7.458,40.6511
2026-08-14,EOG,EOG,,31744,7.1667,6.3129,142.899
2026-08-14,EQIX,EQIX,,12945,14.5936,13.7019,1094.2475
2026-08-14,ETN,ETN,,22841,10.0487,9.0545,452.7245
2026-08-14,EXC,EXC,,85761,2.6438,2.187,45.7442
2026-08-14,F,F,,92439,7.0382,7.0497,14.2156
2026-08-14,FCX,FCX,,357398,2.9073,2.9811,66.8847
2026-08-14,FDX,FDX,,19967,7.3717,6.7846,336.9123
2026-08-14,FSLR,FSLR,,17183,19.4706,18.9082,227.1369
2026-08-14,FTNT,FTNT,,30827,9.8417,8.666,161.2276
2026-08-14,GD,GD,,10311,7.0626,6.077,395.1964
2026-08-14,GE,GE,,29094,6.0815,5.197,365.4491
2026-08-14,GEHC,GEHC,,26152,4.81,4.0747,73.7095
2026-08-14,GILD,GILD,,33463,4.5037,3.6215,137.7644
2026-08-14,GIS,GIS,,103573,3.1904,2.5585,39.1163
2026-08-14,GM,GM,,29464,4.1002,3.4592,86.7553
2026-08-14,GOOGL,GOOG,L,306130,1.3723,1.1592,345.7424
2026-08-14,GS,GS,,34078,7.257,6.4684,1037.6574
2026-08-14,HAL,HAL,,87753,3.1646,2.9261,34.2002
2026-08-14,HCA,HCA,,23491,10.605,9.3003,406.6856
2026-08-14,HD,HD,,30344,4.2796,3.5475,338.5494
2026-08-14,HON,HON,,16162,8.4137,7.29,233.6559
2026-08-14,ICE,ICE,,17192,7.1762,5.8364,154.1818
2026-08-14,INTC,INTC,,877649,2.04,1.9393,103.7057
2026-08-14,INTU,INTU,,40259,7.833,6.6469,347.626
2026-08-14,ISRG,ISRG,,51630,4.1206,3.747,398.9039
2026-08-14,IWM,IWM,,1491202,0.4457,0.3286,304.401
2026-08-14,JNJ,JNJ,,39202,5.5346,4.9836,260.6727
2026-08-14,JPM,JPM,,58830,2.8567,2.4717,363.7912
2026-08-14,KHC,KHC,,86380,4.1198,3.944,25.3518
2026-08-14,KMI,KMI,,96347,3.0972,3.0642,32.5929
2026-08-14,KO,KO,,169891,1.4756,1.1411,87.6968
2026-08-14,KR,KR,,97247,2.4926,1.7579,56.9201
2026-08-14,LIN,LIN,,23227,5.4836,4.9775,481.2606
2026-08-14,LLY,LLY,,25918,8.0268,7.4385,1181.3194
2026-08-14,LMT,LMT,,13703,10.5585,9.2142,606.137
2026-08-14,LOW,LOW,,12812,10.5319,9.6754,217.4649
2026-08-14,LULU,LULU,,23768,10.4368,9.3122,118.9277
2026-08-14,MA,MA,,31043,5.9116,4.9221,568.0735
2026-08-14,MCD,MCD,,53034,3.0351,2.5602,273.8533
2026-08-14,MDLZ,MDLZ,,77318,2.4742,1.5744,63.5784
2026-08-14,MDT,MDT,,101670,2.1609,2.1798,91.5528
2026-08-14,META,META,,79307,3.4195,3.0429,593.9274
2026-08-14,MLM,MLM,,5823,19.8922,18.5126,547.1254
2026-08-14,MNST,MNST,,54593,2.8749,2.1471,46.6474
2026-08-14,MO,MO,,126257,2.4675,1.528,65.6352
2026-08-14,MPC,MPC,,23645,12.3164,11.7063,355.9483
2026-08-14,MRK,MRK,,53824,3.6781,3.679,134.8778
2026-08-14,MS,MS,,28296,6.2157,5.0594,217.2202
2026-08-14,MSFT,MSFT,,145100,2.0909,1.8157,497.2894
2026-08-14,MU,MU,,279688,3.7163,3.3953,967.5008
2026-08-14,NEE,NEE,,193011,1.8707,1.1638,86.2017
2026-08-14,NEM,NEM,,57402,4.1976,3.4127,117.9362
2026-08-14,NFLX,NFLX,,275609,2.1264,1.2839,78.1152
2026-08-14,NKE,NKE,,128886,2.6129,2.4447,40.9174
2026-08-14,NOC,NOC,,10476,13.1106,11.9573,583.4757
2026-08-14,NOW,NOW,,99411,5.1976,4.7965,124.4346
2026-08-14,NSC,NSC,,17769,8.9083,8.5293,337.3169
2026-08-14,NUE,NUE,,12194,14.1242,12.5665,270.7164
2026-08-14,NVDA,NVDA,,1156342,1.0532,0.8885,225.4776
2026-08-14,O,O,,83479,2.1837,1.59,62.95
2026-08-14,OKE,OKE,,19441,5.9308,5.2863,94.4889
2026-08-14,ORCL,ORCL,,117544,5.2958,4.647,151.9812
2026-08-14,ORLY,ORLY,,35415,3.3769,3.2756,91.4763
2026-08-14,PANW,PANW,,33005,10.8045,9.5584,385.4625
2026-08-14,PCG,PCG,,78791,5.6712,5.6577,17.6507
2026-08-14,PEP,PEP,,84452,2.3751,2.1326,140.7348
2026-08-14,PFE,PFE,,110401,3.7455,3.739,26.7258
2026-08-14,PG,PG,,114554,1.912,1.3901,144.2537
2026-08-14,PGR,PGR,,10901,6.6562,5.6967,209.5928
2026-08-14,PLD,PLD,,11836,6.7494,6.3678,141.1031
2026-08-14,PLTR,PLTR,,318160,2.1084,1.6996,176.583
2026-08-14,PLUG,PLUG,,50248,43.1492,43.0108,2.3215
2026-08-14,PM,PM,,27099,7.0743,6.3458,189.7659
2026-08-14,PPG,PPG,,6741,13.0012,10.5162,114.2467
2026-08-14,PSA,PSA,,8804,12.5093,11.6572,326.5801
2026-08-14,PSX,PSX,,20877,10.2023,9.4146,233.1033
2026-08-14,QCOM,QCOM,,67475,4.8644,4.2578,164.7666
2026-08-14,RBLX,RBLX,,77781,6.0298,5.1962,38.5369
2026-08-14,ROST,ROST,,20780,9.6677,9.0038,245.1686
2026-08-14,RTX,RTX,,17974,6.2242,5.41,221.6972
2026-08-14,SBUX,SBUX,,28258,4.552,3.7082,108.0066
2026-08-14,SCHW,SCHW,,118140,2.9462,2.7065,110.6722
2026-08-14,SHW,SHW,,81830,4.9717,4.1847,358.1671
2026-08-14,SLB,SLB,,113187,2.4619,1.8645,53.6716
2026-08-14,SNPS,SNPS,,23420,12.939,11.3609,418.7514
2026-08-14,SO,SO,,74271,2.614,2.1526,93.014
2026-08-14,SOC,SOC,,19992,24.3506,24.1838,4.1436
2026-08-14,SPG,SPG,,7816,11.2762,10.4662,219.8234
2026-08-14,SPGI,SPGI,,39659,7.1666,6.2222,417.4564
2026-08-14,SPOT,SPOT,,16126,10.1105,9.4639,514.9585
2026-08-14,SRE,SRE,,26549,5.1777,4.6041,86.9217
2026-08-14,STZ,STZ,,11917,10.5093,9.4521,137.7046
2026-08-14,SYK,SYK,,28797,6.1671,5.5972,339.6212
2026-08-14,SYY,SYY,,35750,6.6927,6.0006,83.4211
2026-08-14,T,T,,116842,4.0269,4.0201,24.8712
2026-08-14,TJX,TJX,,20525,4.8932,3.9362,152.6242
2026-08-14,TMO,TMO,,12758,11.7705,9.7798,592.3986
2026-08-14,TMUS,TMUS,,25279,7.2238,7.1075,182.3862
2026-08-14,TSLA,TSLA,,595806,1.9875,2.0131,342.8592
2026-08-14,TT,TT,,13574,14.5344,13.552,479.136
2026-08-14,TTWO,TTWO,,29280,7.5844,6.8362,247.3652
2026-08-14,TXN,TXN,,41050,7.5104,7.1542,277.2371
2026-08-14,UBER,UBER,,177014,2.3995,2.6278,75.9035
2026-08-14,UNH,UNH,,38418,3.8003,3.2372,401.6042
2026-08-14,UPS,UPS,,28475,3.8558,2.8677,104.9488
2026-08-14,V,V,,55229,2.2881,1.9183,364.8796
2026-08-14,VICI,VICI,,55666,3.8059,3.7886,26.4036
2026-08-14,VLO,VLO,,19371,13.5861,12.6042,342.1643
2026-08-14,VMC,VMC,,10313,12.1793,11.4811,279.3627
2026-08-14,VRTX,VRTX,,12597,10.4993,9.0769,506.5384
2026-08-14,VST,VST,,26300,9.9898,8.7936,148.7513
2026-08-14,VZ,VZ,,145512,2.0975,2.0638,48.4586
2026-08-14,WBD,WBD,,69073,3.6315,3.6017,27.7849
2026-08-14,WEC,WEC,,19753,5.6332,4.556,109.9434
2026-08-14,WELL,WELL,,13534,11.3951,10.6024,235.1806
2026-08-14,WFC,WFC,,183680,1.8015,1.1331,88.4528
2026-08-14,WM,WM,,11284,7.514,6.6621,225.0592
2026-08-14,WMB,WMB,,89837,3.4972,2.6849,74.5116
2026-08-14,WMT,WMT,,477280,1.5486,1.731,115.3228
2026-08-14,XEL,XEL,,182796,2.6518,2.5272,79.1028
2026-08-14,XOM,XOM,,120081,1.8662,1.865,160.6424
2026-08-14,YUM,YUM,,15579,9.4518,8.689,149.4931
2026-08-14,ZTS,ZTS,,31426,7.6517,6.7426,74.5263
2026-08-17,CMCSA,CMCS,A,87922,3.9673,3.8979,25.7148
2026-08-17,GOOGL,GOOG,L,307436,1.172,1.1631,343.7267
