{
  "status": "ok",
  "result_keys": [
    "all_paths",
    "paths",
    "mean_path",
    "median_path",
    "p05",
    "p25",
    "p75",
    "p95",
    "final_mean",
    "final_median",
    "final_p05",
    "final_p10",
    "final_p25",
    "final_p75",
    "final_p90",
    "final_p95",
    "total_return_pct",
    "annual_return_pct",
    "crash_prob_1y",
    "crash_prob_5y",
    "crash_probs",
    "cvar_95_pct",
    "max_dd_pct",
    "max_drawdown_pct",
    "scenarios",
    "ml_crash_prob",
    "ml_predicted_return",
    "garch_vol",
    "realism_check"
  ],
  "current_price": 7034.85986328125,
  "final_mean": 9875.336566878777,
  "final_median": 9009.171449969228,
  "final_p05": 3921.543171930978,
  "final_p10": 4752.708738671119,
  "final_p25": 6503.350831971903,
  "final_p75": 12375.431240643304,
  "final_p90": 16045.434160849927,
  "final_p95": 18729.724706098445,
  "total_return_pct": 40.37716114891665,
  "annual_return_pct": 7.018606352181478,
  "crash_prob_1y": 25.64,
  "crash_prob_5y": 81.89,
  "cvar_95_pct": -54.94592010312538,
  "max_dd_pct": -30.900817040155054,
  "max_drawdown_pct": 30.900817040155054
}