{
  "status": "ok",
  "result_keys": [
    "all_paths",
    "paths",
    "mean_path",
    "median_path",
    "p05",
    "p25",
    "p75",
    "p95",
    "final_mean",
    "final_median",
    "final_p05",
    "final_p10",
    "final_p25",
    "final_p75",
    "final_p90",
    "final_p95",
    "total_return_pct",
    "annual_return_pct",
    "crash_prob_1y",
    "crash_prob_5y",
    "crash_probs",
    "cvar_95_pct",
    "max_dd_pct",
    "max_drawdown_pct",
    "scenarios",
    "ml_crash_prob",
    "ml_predicted_return",
    "garch_vol",
    "realism_check"
  ],
  "current_price": 7041.27978515625,
  "final_mean": 9881.699266449932,
  "final_median": 8979.416847090393,
  "final_p05": 3987.3457475491746,
  "final_p10": 4792.284984248904,
  "final_p25": 6565.347192187901,
  "final_p75": 12167.706430618851,
  "final_p90": 16009.670820788011,
  "final_p95": 19022.983621231793,
  "total_return_pct": 40.339534402276996,
  "annual_return_pct": 7.012868675543293,
  "crash_prob_1y": 25.28,
  "crash_prob_5y": 81.72,
  "cvar_95_pct": -54.03225416729839,
  "max_dd_pct": -30.733023435777657,
  "max_drawdown_pct": 30.733023435777657
}