{
  "status": "ok",
  "result_keys": [
    "all_paths",
    "paths",
    "mean_path",
    "median_path",
    "p05",
    "p25",
    "p75",
    "p95",
    "final_mean",
    "final_median",
    "final_p05",
    "final_p10",
    "final_p25",
    "final_p75",
    "final_p90",
    "final_p95",
    "total_return_pct",
    "annual_return_pct",
    "crash_prob_1y",
    "crash_prob_5y",
    "crash_probs",
    "cvar_95_pct",
    "max_dd_pct",
    "max_drawdown_pct",
    "scenarios",
    "ml_crash_prob",
    "ml_predicted_return",
    "garch_vol",
    "realism_check"
  ],
  "current_price": 6816.89013671875,
  "final_mean": 9564.2286252625,
  "final_median": 8713.369314238047,
  "final_p05": 3820.527089472344,
  "final_p10": 4644.318200396679,
  "final_p25": 6314.442227546699,
  "final_p75": 11905.028708249742,
  "final_p90": 15683.319299607865,
  "final_p95": 18249.853128895815,
  "total_return_pct": 40.30193289672346,
  "annual_return_pct": 7.00713361833416,
  "crash_prob_1y": 24.85,
  "crash_prob_5y": 81.39999999999999,
  "cvar_95_pct": -53.795159333086175,
  "max_dd_pct": -30.652678646554314,
  "max_drawdown_pct": 30.652678646554314
}