{
  "status": "ok",
  "result_keys": [
    "all_paths",
    "paths",
    "mean_path",
    "median_path",
    "p05",
    "p25",
    "p75",
    "p95",
    "final_mean",
    "final_median",
    "final_p05",
    "final_p10",
    "final_p25",
    "final_p75",
    "final_p90",
    "final_p95",
    "total_return_pct",
    "annual_return_pct",
    "crash_prob_1y",
    "crash_prob_5y",
    "crash_probs",
    "cvar_95_pct",
    "max_dd_pct",
    "max_drawdown_pct",
    "scenarios",
    "ml_crash_prob",
    "ml_predicted_return",
    "garch_vol",
    "realism_check"
  ],
  "current_price": 7041.27978515625,
  "final_mean": 9899.678793113113,
  "final_median": 8995.616375940404,
  "final_p05": 3933.650227609232,
  "final_p10": 4811.124906894843,
  "final_p25": 6594.561007587125,
  "final_p75": 12379.521780635756,
  "final_p90": 16159.715846059611,
  "final_p95": 18916.87533900749,
  "total_return_pct": 40.59487898751966,
  "annual_return_pct": 7.051781860436934,
  "crash_prob_1y": 24.87,
  "crash_prob_5y": 82.02000000000001,
  "cvar_95_pct": -54.384651897910764,
  "max_dd_pct": -30.615139186500674,
  "max_drawdown_pct": 30.615139186500674
}