tree
version=v4
num_class=1
num_tree_per_iteration=1
label_index=0
max_feature_idx=12
objective=regression
feature_names=Column_0 Column_1 Column_2 Column_3 Column_4 Column_5 Column_6 Column_7 Column_8 Column_9 Column_10 Column_11 Column_12
feature_infos=[-0.90941517464833321:50.693503609106052] [-0.90976844190513007:39.388888888888886] [-0.91125418241994516:66.924999999999997] [-0.95345008756567429:96.916666666666671] [-0.91405133571402231:0] [-18.420680743952367:6.616785138063535] [-18.420680743952367:5.9887690230842887] [-9.738924345997253:6.4357921251035286] [-8.4588599457393254:5.3450382155063885] [0.016518499999999998:2.9073099999999998] [-2.3850790000000002:2.4744619999999999] [-2.5223430000000002:2.459104] [-8.2065486280865283:2.1344565100761521]
tree_sizes=2853 2963 2969 2987 2970 2972 2970 2991 2961 2976 2984 2968 2971 2971 2960 2972 2961 2973 2968 2969 2942 2981 2968 2973 3000 2967 2987 2971 2995 2979 3014 2978 3005 2969 2988 3016 2986 2977 2976 3032 2998 3006 3009 2996 2994 2982 3036 2972 2985 3023 2993 3009 3040 3020 3028 3008 2998 2965 3008 3015 3017 2996 3024 2998 3004 2979 3051 3005 2987 3004 3028 2985 3021 3013 3010 2990 2993 3049 2983 2993 2995 2983 3002 3044 3007 2973 3039 2980 3031 3006 2963 2976 2996 3026 2988 3036 3022 2989 3000 2944 2908 3027 2988 2984 3006 2970 2966 2971 2964 3004 2987 2943 3053 2960 2854 2999 2953 2863 2985 2992 2884 2912 3014 2923 2939 2942 2925 2924 2917 2851 2933 2883 2962 2998 2947 3015 2901 2924 2969 2972 2854 3003 2877 2923 2869 2925 2968 2946 2880 2907 2996 2940 2876 2897 2874 2953 2884 2966 2883 2869 2906 2966 2927 2857 2894 2972 2858 2991 2992 2873 2849 2920 2887 2967 2902 2993 2977 2934 2995 2871 2864 2895 2923 2854 2840 2875 2866 2901 2978 2951 2838 2858 2879 2944 2928 2890 2960 2861 2906 2871 2850 2904 2953 2873 2860 2910 2855 2911 2962 2997 2932 2946 2938 2907 2871 2874 2933 2872 2856 2903 2867 2916 2837 2881 2883 2901 2875 2872 2906 2868 2920 2906 2901 2846 2861 2948 2876 2906 2916 2833 2954 2849 2874 2864 2844 2914 2881 2839 2874 2910 2961 2829 2879 2908 2956 2871 2887 2887 2865 2872 2899 2851 2901 2872 2958 2847 2846 2912 2941 2943 2872 2882 2870 2908 2860 2879 2876 2855 2836 2838 2827 2879 2882 2890 2822 2869 2973 2892 2932 2966 2898 2831 2862 2936 2835 2933 2847 2900 2910 2818

Tree=0
num_leaves=31
num_cat=0
split_feature=9 9 9 8 7 12 6 12 8 8 9 9 7 7 8 7 6 9 8 12 7 12 9 12 7 9 9 8 11 9
split_gain=45203.6 8989.08 8864.27 3615.24 3448.9 1663.44 1577.08 1498.54 1241.09 1199.12 864.591 809.446 690.258 659.098 548.289 492.249 358.073 340.039 310.137 254.021 206.843 192.139 191.97 187.992 187.632 182.074 178.685 150.46 147.63 138.38
threshold=0.32297300000000007 0.20788050000000002 0.48852450000000008 -2.2932931678337867 -6.0515327842249702 -2.6992615215562208 -5.7651444851893165 -0.8855194748602091 -1.9039648520751045 -2.6496756810502604 0.39904875000000006 0.15950625000000004 -5.0861548832608099 -5.0861548832608099 -3.681347005171816 -6.0515327842249702 -5.9227674387528646 0.99512200000000017 -2.743826333767327 -2.4472645837349201 -4.366188481012137 -2.8709397990772927 0.15950625000000004 -4.3231783862489666 -5.0861548832608099 0.17849100000000004 0.55105000000000015 -1.1782015462089306 -0.078832999999999973 0.35478300000000002
decision_type=2 2 2 2 2 2 2 2 2 2 2 2 2 2 2 2 2 2 2 2 2 2 2 2 2 2 2 2 2 2
left_child=1 4 9 13 -1 15 -5 26 11 14 20 23 -7 -4 24 -3 -12 27 -15 -14 -11 -17 -10 -6 -2 -13 -8 -9 -16 -22
right_child=2 5 3 6 8 12 7 17 22 10 16 25 19 18 28 21 -18 -19 -20 -21 29 -23 -24 -25 -26 -27 -28 -29 -30 -31
leaf_value=-2.820231776127514 -2.7797484436781517 -2.8178678189548978 -2.7887103713548944 -2.7777349439153149 -2.7220172099489837 -2.7797287577743011 -2.5496508716348298 -2.5312922308050942 -2.7834833491578355 -2.7366154676081096 -2.7136112528277785 -2.6547724993618007 -2.6097964271488272 -2.6259536457340307 -2.6170393929357156 -2.6287501688226724 -2.565611254932521 -2.490912111916578 -2.581333126676304 -2.599527868460481 -2.588286432354713 -2.619226026745149 -2.6976257349801243 -2.6697911002679251 -2.6533443709103293 -2.6421846640399305 -2.5366751870562472 -2.5143546833907013 -2.5939043535907294 -2.5790772265047348
leaf_weight=316 33 33 50 65 181 57 5385 1813 198 22 41 4160 14507 802 822 12181 12742 1285 757 10298 7386 9368 97 3588 266 9283 5230 4737 4280 9111
leaf_count=316 33 33 50 65 181 57 5385 1813 198 22 41 4160 14507 802 822 12181 12742 1285 757 10298 7386 9368 97 3588 266 9283 5230 4737 4280 9111
internal_value=-2.59788 -2.62633 -2.56453 -2.53813 -2.65652 -2.61475 -2.53188 -2.53102 -2.65356 -2.57984 -2.57585 -2.65182 -2.60593 -2.61002 -2.60149 -2.62491 -2.56609 -2.51443 -2.60429 -2.60553 -2.5834 -2.62461 -2.75525 -2.6723 -2.6673 -2.64608 -2.54326 -2.51904 -2.59763 -2.5832
internal_weight=119094 64267 54827 20124 17823 46444 18515 18450 17507 34703 29302 17212 24862 1609 5401 21582 12783 7835 1559 24805 16519 21549 295 3769 299 13443 10615 6550 5102 16497
internal_count=119094 64267 54827 20124 17823 46444 18515 18450 17507 34703 29302 17212 24862 1609 5401 21582 12783 7835 1559 24805 16519 21549 295 3769 299 13443 10615 6550 5102 16497
is_linear=0
shrinkage=1


Tree=1
num_leaves=31
num_cat=0
split_feature=9 9 12 7 8 9 8 9 12 6 8 9 7 6 7 8 7 12 9 9 7 7 9 8 8 8 8 4 11 11
split_gain=40808.7 8900.56 7073.86 3142.09 2888.75 1809.84 1531.65 1203.79 1141.54 1096.55 803.328 731.056 669.019 537.846 516.578 484.716 437.67 253.457 251.072 243.023 240.653 186.071 165.877 160.593 154.295 148.847 147.625 141.91 126.083 127.7
threshold=0.33419825000000009 0.20916625000000003 -1.2123469419339543 -6.0515327842249702 -2.2932931678337867 0.26687250000000007 -2.6674372438884291 0.42907875000000001 -3.7510040329161094 -5.5196325287999839 -2.0437126182192622 0.76694375000000015 -5.0861548832608099 -5.9227674387528646 -5.0861548832608099 -3.681347005171816 -5.0861548832608099 -2.4472645837349201 0.24010675000000004 0.17849100000000004 -4.4240130279610765 -5.0861548832608099 0.38821700000000009 -3.3546567408511678 -1.4822777976823212 -2.893217257793784 -1.1311341686507645 -0.30562844438446563 -0.078832999999999973 0.046972499999999952
decision_type=2 2 2 2 2 2 2 2 2 2 2 2 2 2 2 2 2 2 2 2 2 2 2 2 2 2 2 2 2 2
left_child=1 3 6 -1 16 14 15 20 10 -6 -5 24 -7 -9 -3 21 -4 -14 -16 -10 -8 -2 -22 -19 -11 -18 -13 -15 -17 -30
right_child=2 5 4 8 9 12 7 13 19 11 -12 26 17 27 18 28 25 23 -20 -21 22 -23 -24 -25 -26 -27 -28 -29 29 -31
leaf_value=-0.21122833742798319 -0.17223981940565078 -0.14939694151100588 -0.17932775947378904 -0.073552099253336528 -0.15761361783546099 -0.17465107020890205 -0.15553322422375915 -0.14114525918627072 -0.055578323030178713 0.051660598875585328 -0.17770561653593875 0.070203388122660207 -0.010241046309280997 0.044806964100749275 -0.028582537538095299 -0.01881182198255086 -0.032578518735970903 -0.027189331625221403 -0.018413536980238985 -0.042134442152200774 0.014395779510490378 -0.052342301828952775 0.024067047639607549 0.00089359957462471415 0.066430375142879958 0.0071754018827439427 0.09363908599719914 0.0340529975608495 0.008434020726633365 -0.015128426042292016
leaf_weight=317 37 82 41 2849 53 58 20 42 5112 2344 198 862 11230 4895 12614 805 465 529 11700 9817 11901 258 7066 13515 7199 477 3048 8218 2604 738
leaf_count=317 37 82 41 2849 53 58 20 42 5112 2344 198 862 11230 4895 12614 805 465 529 11700 9817 11901 258 7066 13515 7199 477 3048 8218 2604 738
internal_value=-1.36874e-11 -0.0253615 0.0337775 -0.055182 0.063346 -0.0143917 0.022067 0.0258702 -0.0524302 0.0693691 -0.0803202 0.0702633 -0.0050309 0.0374952 -0.0241117 -0.00545324 -0.0194087 -0.00464165 -0.0236892 -0.0467379 0.0178159 -0.0673803 0.0179987 -0.000164209 0.0628025 -0.0124483 0.0884724 0.0380674 -0.00104801 0.00323082
internal_weight=119094 68021 51073 18293 14489 49728 36584 32142 17976 13506 3047 13453 25332 13155 24396 4442 983 25274 24314 14929 18987 295 18967 14044 9543 942 3910 13113 4147 3342
internal_count=119094 68021 51073 18293 14489 49728 36584 32142 17976 13506 3047 13453 25332 13155 24396 4442 983 25274 24314 14929 18987 295 18967 14044 9543 942 3910 13113 4147 3342
is_linear=0
shrinkage=0.05


Tree=2
num_leaves=31
num_cat=0
split_feature=9 9 9 8 7 6 12 12 7 8 9 9 8 7 7 7 8 9 4 12 12 8 12 9 8 9 6 8 8 4
split_gain=36870.3 7790.76 6870.45 2977.35 2808.8 1347.43 1251.49 1174.88 1057.78 1032.22 966.206 663.993 499.971 483.617 463.276 385.449 346.329 256.055 186.9 180.887 166.781 164.391 153.82 147.846 140.398 136.989 128.34 127.76 122.888 121.11
threshold=0.31614675000000009 0.48852450000000008 0.20788050000000002 -2.4589755583628201 -6.0515327842249702 -5.7651444851893165 -0.82032097911090507 -2.7425218630538408 -5.0861548832608099 -1.9039648520751045 0.39233925000000003 0.15950625000000004 -2.7520335263402451 -5.0861548832608099 -5.0861548832608099 -6.0515327842249702 -2.9203974813036653 0.99512200000000017 -0.15686551613296537 -1.1468644690209147 -4.3231783862489666 -1.5001172294596328 -3.3726649117447365 0.15950625000000004 -3.1257689368057004 0.34356325000000004 -6.1338054052746172 -3.8312451440838529 -3.7260723853377482 -0.30201222937457589
decision_type=2 2 2 2 2 2 2 2 2 2 2 2 2 2 2 2 2 2 2 2 2 2 2 2 2 2 2 2 2 2
left_child=2 8 4 14 -1 -5 19 15 -2 11 16 20 -12 -9 -3 -4 27 21 -15 -7 -6 -8 -13 -11 -16 -18 -14 -10 -20 -28
right_child=1 3 7 5 9 6 17 13 10 23 12 22 26 18 24 -17 25 -19 28 -21 -22 -23 -24 -25 -26 -27 29 -29 -30 -31
leaf_value=-0.20067189598833268 -0.17223547360301017 -0.17093914426407036 -0.20450515866279606 -0.16318855276964742 -0.11405047088326342 0.04421168214796465 0.049274496312755378 -0.15573510248131178 -0.060574032480224686 -0.16777627382314661 -0.0079759715324628604 -0.049410828610751127 -0.085472314232960353 -0.002505283321536001 -0.037492229778662761 -0.025142579839440765 0.0058518357414325227 0.096591865379389963 -0.041456434796187644 0.056670793444037942 -0.064858945458158929 0.075121330840132519 -0.038655697620601323 -0.092429101885747669 -0.0017974582074231301 0.014443368911559649 0.034538693678265717 -0.0070843506612725329 -0.011082432345262561 0.024729345376020402
leaf_weight=316 75 49 30 68 181 6472 701 56 118 198 1053 6023 25 8285 421 19207 7712 1293 340 5298 3588 5025 7420 97 797 11646 4659 2069 16179 9693
leaf_count=316 75 49 30 68 181 6472 701 56 118 198 1053 6023 25 8285 421 19207 7712 1293 340 5298 3588 5025 7420 97 797 11646 4659 2069 16179 9693
internal_value=-9.823e-11 0.0289521 -0.026733 0.0539957 -0.0529306 0.0589809 0.0597849 -0.0161445 0.0153494 -0.0502638 0.0157299 -0.0486744 0.0252807 -0.00896522 -0.0201995 -0.0254223 0.00888984 0.0764951 -0.00863385 0.0498199 -0.0672213 0.0719571 -0.0434744 -0.143001 -0.0141353 0.0110206 0.0277165 -0.0099704 -0.0117076 0.0279137
internal_weight=119094 57174 61920 20124 17823 18857 18789 44097 37050 17507 36975 17212 15430 24860 1267 19237 21545 7019 24804 11770 3769 5726 13443 295 1218 19358 14377 2187 16519 14352
internal_count=119094 57174 61920 20124 17823 18857 18789 44097 37050 17507 36975 17212 15430 24860 1267 19237 21545 7019 24804 11770 3769 5726 13443 295 1218 19358 14377 2187 16519 14352
is_linear=0
shrinkage=0.05


Tree=3
num_leaves=31
num_cat=0
split_feature=9 9 12 8 7 9 6 12 7 8 9 9 7 7 8 7 8 9 8 12 12 12 7 9 9 11 4 9 8 9
split_gain=33275.4 7031.16 6202.56 2699.62 2480.37 1194.92 1171.13 1114.94 959.207 947.292 871.039 534.435 484.821 433.402 421.643 358.138 287.543 230.688 229.435 187.915 163.549 150.519 137.433 130.606 123.339 120.576 117.379 111.753 111.198 107.602
threshold=0.31614675000000009 0.48852450000000008 -3.1794568535568666 -2.2932931678337867 -6.0515327842249702 0.25270875000000009 -5.7651444851893165 -0.82032097911090507 -4.577970417832244 -1.9039648520751045 0.39233925000000003 0.15950625000000004 -5.0861548832608099 -5.0861548832608099 -2.7611204803656744 -6.0515327842249702 -2.9203974813036653 0.99512200000000017 -2.893217257793784 -2.5446870959310046 -1.1468644690209147 -4.3231783862489666 -6.0515327842249702 0.22601025000000002 0.35649950000000002 -0.15991899999999995 -0.50342274957816568 0.43727825000000003 -3.26647897639269 0.17849100000000004
decision_type=2 2 2 2 2 2 2 2 2 2 2 2 2 2 2 2 2 2 2 2 2 2 2 2 2 2 2 2 2 2
left_child=2 8 4 12 -1 15 -5 20 22 11 16 21 -3 -7 -12 -4 -10 26 -14 -15 -8 -6 -2 -17 -18 -16 -9 -27 -21 -13
right_child=1 3 5 6 9 13 7 17 10 -11 14 29 18 19 25 23 24 -19 -20 28 -22 -23 -24 -25 -26 27 -28 -29 -30 -31
leaf_value=-0.19137292878272444 -0.19162461272579559 -0.16408356930222365 -0.18711023944265703 -0.15516694498033479 -0.10834794894107798 -0.14401798622083012 0.042427872576627418 0.078966064466901825 -0.0087550713528980646 -0.14036659958804074 -0.0069777615493701404 -0.048797549789364375 -0.028445339096702979 -0.012989357315595862 -0.0041762071591140903 -0.029442141610221125 0.0070263802806390932 0.092363231363543227 0.010416009747054927 -0.021214682410256452 0.054407895977606882 -0.061615998958898202 -0.083124199120763256 -0.02127983858727427 0.015093945639050957 0.022904023632294709 0.063763969896991735 0.031843682963052559 -0.0031287054556592767 -0.038861506832195081
leaf_weight=312 47 50 34 65 181 59 6266 1918 2160 279 1018 4160 655 11696 317 8430 11070 1285 904 911 5224 3588 77 11707 8282 7619 3757 6460 12665 7898
leaf_count=312 47 50 34 65 181 59 6266 1918 2160 279 1018 4160 655 11696 317 8430 11070 1285 904 911 5224 3588 77 11707 8282 7619 3757 6460 12665 7898
internal_value=-6.65542e-11 0.0275045 -0.0253963 0.0512959 -0.0517411 -0.0158906 0.0566945 0.0574409 0.0145819 -0.0490362 0.0150481 -0.0474262 -0.0108265 -0.00866023 0.0241202 -0.0249706 0.00854775 0.0732335 -0.00591124 -0.00834422 0.0478747 -0.0638602 -0.124249 -0.0246968 0.010479 0.0263193 0.0689019 0.0270059 -0.00434234 -0.0422894
internal_weight=119094 57174 61920 20124 16418 45502 18515 18450 37050 16106 36926 15827 1609 25331 15414 20171 21512 6960 1559 25272 11490 3769 124 20137 19352 14396 5675 14079 13576 12058
internal_count=119094 57174 61920 20124 16418 45502 18515 18450 37050 16106 36926 15827 1609 25331 15414 20171 21512 6960 1559 25272 11490 3769 124 20137 19352 14396 5675 14079 13576 12058
is_linear=0
shrinkage=0.05


Tree=4
num_leaves=31
num_cat=0
split_feature=9 9 12 8 7 6 9 12 8 8 9 8 12 7 7 7 6 9 7 8 11 4 11 7 12 9 8 9 9 12
split_gain=30038.1 6518.37 5458.72 2436.41 2212.32 1056.94 1051.68 1010.66 889.09 846.864 600.608 493.056 463.279 437.551 384.302 349.77 266.58 237.02 225.835 209.313 175.899 158.687 143.125 139.431 128.135 125.281 112.43 110.913 110.07 103.516
threshold=0.31342775000000006 0.48852450000000008 -3.1920934519219983 -2.2932931678337867 -6.0515327842249702 -5.7651444851893165 0.25270875000000009 -0.8855194748602091 -2.4682678095332058 -1.9039648520751045 0.39904875000000006 -3.681347005171816 -3.7107600236839668 -5.0861548832608099 -5.0861548832608099 -5.0861548832608099 -5.9227674387528646 0.88213700000000006 -4.366188481012137 -2.743826333767327 -0.073818999999999982 -0.16029876921636785 0.067059500000000008 -6.0515327842249702 -4.3231783862489666 0.22601025000000002 -3.5226387014083778 0.55105000000000015 0.35165175000000004 -3.466722648353032
decision_type=2 2 2 2 2 2 2 2 2 2 2 2 2 2 2 2 2 2 2 2 2 2 2 2 2 2 2 2 2 2
left_child=2 8 4 13 -1 -5 15 27 11 12 18 23 24 -3 -8 -4 -12 -9 -10 -15 -13 -16 -22 -2 -6 -17 -23 -7 -20 -14
right_child=1 3 6 5 9 7 14 17 10 -11 16 20 29 19 21 25 -18 -19 28 -21 22 26 -24 -25 -26 -27 -28 -29 -30 -31
leaf_value=-0.18213460838006248 -0.16798246039284603 -0.15587938807904722 -0.12395931990153489 -0.14740859846656137 -0.10293055383426791 0.039478132629492728 -0.13713261443993141 0.062838566420120701 -0.15214484575248899 -0.13400007285245441 -0.10574075422543837 -0.01501941070329945 -0.047311404814577913 -0.023415109624884713 -0.0023771054016044225 -0.027974429193574232 0.026899254208703323 0.082322272831245394 0.0073623994311310175 0.013241842150816736 0.0076046774394998773 -0.029657867966948095 -0.013470309653052813 -0.049467828959539079 -0.059663928293795146 -0.020092675557697538 -0.010128162676168529 0.049701091695557323 0.015709208914022676 -0.037560050520848792
leaf_weight=309 27 50 87 65 181 5385 58 5683 21 275 38 1216 4153 802 7765 8868 12066 2152 7218 757 7469 773 903 307 3135 11685 15797 5230 8723 7896
leaf_count=309 27 50 87 65 181 5385 58 5683 21 275 38 1216 4153 802 7765 8868 12066 2152 7218 757 7469 773 903 307 3135 11685 15797 5230 8723 7896
internal_value=-8.30276e-11 0.0257235 -0.0245128 0.0487311 -0.0496498 0.0538598 -0.0156103 0.0545689 0.0135352 -0.0470323 0.0180833 0.000670217 -0.0454758 -0.0102852 -0.00858164 -0.0239169 0.0264828 0.0681901 0.011714 -0.00561568 0.00275053 -0.00827526 0.00533154 -0.0590484 -0.0620256 -0.0234934 -0.0110392 0.044515 0.0119298 -0.0409211
internal_weight=119094 58112 60982 20124 15949 18515 45033 18450 37988 15640 28066 9922 15365 1609 24393 20640 12104 7835 15962 1559 9588 24335 8372 334 3316 20553 16570 10615 15941 12049
internal_count=119094 58112 60982 20124 15949 18515 45033 18450 37988 15640 28066 9922 15365 1609 24393 20640 12104 7835 15962 1559 9588 24335 8372 334 3316 20553 16570 10615 15941 12049
is_linear=0
shrinkage=0.05


Tree=5
num_leaves=31
num_cat=0
split_feature=9 12 9 7 8 9 6 9 8 9 9 8 7 7 7 9 6 7 9 9 8 11 8 4 12 4 4 7 4 7
split_gain=27139.6 5920.19 4717.47 2155.84 2134.51 1137.46 916.78 862.224 839.037 717.855 591.723 477.757 418.841 381.998 372.864 297.34 286.769 203.022 190.773 180.321 171.215 159.23 155.23 114.043 107.348 103.701 100.312 96.4387 93.3126 86.9429
threshold=0.33419825000000009 -3.093266631133901 0.50988875000000011 -6.0515327842249702 -2.2932931678337867 0.27453375000000008 -5.5196325287999839 0.14201150000000004 -2.9756407662635973 0.67494675000000004 0.41107725000000006 -2.9107245187769561 -4.8226363254664175 -6.0515327842249702 -5.0861548832608099 0.17849100000000004 -5.9227674387528646 -4.577970417832244 0.24010675000000004 0.99512200000000017 -3.1153949129596321 -0.15991899999999995 -3.29028167519688 -0.19511911514463973 -2.3723574575594824 -0.44420199961383972 -0.42888253665975901 -0.65197974115322166 -0.30201222937457589 -1.4930075024446945
decision_type=2 2 2 2 2 2 2 2 2 2 2 2 2 2 2 2 2 2 2 2 2 2 2 2 2 2 2 2 2 2
left_child=1 3 8 -1 13 14 -6 11 17 26 23 -5 -7 -4 -3 -9 -12 -2 -16 25 -15 -18 -14 -10 -24 -11 -8 -17 -23 -21
right_child=2 5 4 7 6 12 9 15 10 19 16 -13 22 20 18 27 21 -19 -20 29 -22 28 24 -25 -26 -27 -28 -29 -30 -31
leaf_value=-0.17229925575051414 -0.09974304972557535 -0.12540188275599554 -0.19221078116318277 -0.065622308137195842 -0.1313288675871358 -0.12413496235516711 0.053351797914506505 -0.046938018615936862 0.016902682229072204 0.070818180276747342 -0.09708174764713709 -0.14459949104595779 -0.019616642467566864 -0.036015142842275492 -0.022892313340350478 -0.033291761807232 -0.0048042328133845657 -0.01346180743812023 -0.014267822149920126 0.053246426583038436 0.0033886147934288264 0.033405990981257967 -0.0047414237729214211 0.0088635439206880603 0.0024867384527771574 0.056637623376737084 0.042241198175955147 -0.13578075206150181 0.024527132305366902 0.089196289277331725
leaf_weight=321 71 81 29 1434 67 71 2865 6504 7825 2262 47 221 1249 398 11212 11199 391 1716 14977 199 897 4506 11337 10113 9392 2998 6983 23 8620 1086
leaf_count=321 71 81 29 1434 67 71 2865 6504 7825 2262 47 221 1249 398 11212 11199 391 1716 14977 199 897 4506 11337 10113 9392 2998 6983 23 8620 1086
internal_value=3.55339e-11 -0.0206824 0.0275456 -0.0437828 0.0483361 -0.0112632 0.0532489 -0.0416543 0.0164387 0.0540033 0.0183293 -0.0761685 -0.0028896 -0.0127406 -0.0182914 -0.0384318 0.0262098 -0.0168899 -0.0179601 0.0668378 -0.00872157 0.0266385 -0.00249792 0.0123704 -0.00146645 0.0627358 0.0454735 -0.0335018 0.0275751 0.083629
internal_weight=119094 68021 51073 19702 17784 48319 16460 19381 33289 16393 31502 1655 22049 1324 26270 17726 13564 1787 26189 6545 1295 13517 21978 17938 20729 5260 9848 11222 13126 1285
internal_count=119094 68021 51073 19702 17784 48319 16460 19381 33289 16393 31502 1655 22049 1324 26270 17726 13564 1787 26189 6545 1295 13517 21978 17938 20729 5260 9848 11222 13126 1285
is_linear=0
shrinkage=0.05


Tree=6
num_leaves=31
num_cat=0
split_feature=9 9 12 7 8 9 8 12 12 6 8 9 7 7 6 8 7 9 6 9 7 8 7 8 11 11 4 7 4 9
split_gain=24494 5541.67 4061.5 1993.95 1802.04 1023.14 929.494 824.504 677.975 620.819 516.393 456.615 361.378 349.9 347.841 324.862 321.775 239.864 170.908 161.436 144.994 140.922 123.243 120.141 109.175 99.4873 96.0353 95.8458 91.6286 91.2941
threshold=0.33882250000000008 0.21678975000000003 -1.2123469419339543 -6.0515327842249702 -2.0777825082662149 0.27786625000000004 -2.6315828500917733 -3.7510040329161094 -1.6802155422891019 -5.5196325287999839 -2.5717200198624739 0.76694375000000015 -5.0861548832608099 -4.8226363254664175 -5.7651444851893165 -3.4560145027289058 -3.9790112062657124 0.19304500000000002 -7.1583493145329467 0.24532075000000006 -5.0861548832608099 -3.2045494110991251 -6.0515327842249702 -2.7185234093298862 -0.25466599999999995 0.31141999999999997 -0.2041471304846337 -1.0802022427495095 -0.32586027527532319 0.62357200000000013
decision_type=2 2 2 2 2 2 2 2 2 2 2 2 2 2 2 2 2 2 2 2 2 2 2 2 2 2 2 2 2 2
left_child=1 3 6 -1 16 12 15 10 18 -6 -5 29 -3 -7 -10 20 22 -9 -8 -14 -2 -15 -4 -18 -16 -26 -23 -13 -20 -11
right_child=2 5 4 7 9 13 8 17 14 11 -12 27 19 21 24 -17 23 -19 28 -21 -22 26 -24 -25 25 -27 -28 -29 -30 -31
leaf_value=-0.16344207164989069 -0.13518930325905484 -0.11943665513138674 -0.18331548447410267 -0.056775936853274013 -0.1229891992953359 -0.11864085717243143 -0.12803632028046974 -0.040027647896491207 -0.10914674189355639 0.044254400089965361 -0.13469412547414716 0.058204617979018748 -0.020392288971639871 -0.015839806287918593 -0.01302140091781972 0.00097595363370672631 -0.017214572014660957 -0.028382813698107186 0.021710218484731012 -0.01252036696912155 -0.034542958929325768 0.0049741674274532011 -0.058052958289368288 0.015097703918130144 0.030942570049797377 -0.030608578937861959 -0.0026146643717772488 0.075171371290901207 0.012878798442019043 0.054174324006564717
leaf_weight=325 39 85 24 2817 49 64 21 9320 45 4549 230 1218 12153 1602 145 4002 497 8415 3693 14034 434 5845 108 683 12384 66 14538 2629 14348 4732
leaf_count=325 39 85 24 2817 49 64 21 9320 45 4549 230 1218 12153 1602 145 4002 497 8415 3693 14034 434 5845 108 683 12384 66 14538 2629 14348 4732
internal_value=-7.61162e-11 -0.0191786 0.0268097 -0.0405522 0.0490886 -0.00984245 0.0176333 -0.0386304 0.0207363 0.0546527 -0.0626575 0.0553157 -0.0165077 -0.0019006 0.0296181 -0.00365548 -0.0067936 -0.0345023 0.0145207 -0.0161736 -0.0428415 -0.00156076 -0.080828 0.00148821 0.0301139 0.0306163 -0.000438502 0.0697995 0.0146866 0.0493122
internal_weight=119094 69428 49666 21107 14489 48321 35177 20782 30702 13177 3047 13128 26272 22049 12640 4475 1312 17735 18062 26187 473 21985 132 1180 12595 12450 20383 3847 18041 9281
internal_count=119094 69428 49666 21107 14489 48321 35177 20782 30702 13177 3047 13128 26272 22049 12640 4475 1312 17735 18062 26187 473 21985 132 1180 12595 12450 20383 3847 18041 9281
is_linear=0
shrinkage=0.05


Tree=7
num_leaves=31
num_cat=0
split_feature=9 9 9 8 7 6 12 9 7 8 8 12 12 7 7 7 8 8 9 4 11 8 8 11 9 9 6 11 12 4
split_gain=22143.2 4947.97 3931.74 1838.4 1585.97 879.989 811.555 777.234 706.848 637.263 596.734 416.635 319.572 292.206 287.23 250.67 242.222 231.649 192.694 120.757 116.357 110.245 110.183 107.02 105.732 102.669 101.166 94.7698 82.1683 78.4205
threshold=0.31076350000000008 0.48042150000000006 0.20002825000000002 -2.5028846614727018 -6.0515327842249702 -5.7651444851893165 -0.91643630324415282 0.25270875000000009 -5.0861548832608099 -1.9039648520751045 -2.4682678095332058 -1.8923816347073221 -3.8442295438457648 -5.0861548832608099 -6.0515327842249702 -5.0861548832608099 -3.3684789079526971 -1.4461358677886118 0.99512200000000017 -0.15686551613296537 -0.073818999999999982 -1.7303520170990416 -3.1821102515206836 0.067059500000000008 0.22601025000000002 0.17291550000000003 -6.1338054052746172 0.067059500000000008 -4.3231783862489666 -0.56191913186163445
decision_type=2 2 2 2 2 2 2 2 2 2 2 2 2 2 2 2 2 2 2 2 2 2 2 2 2 2 2 2 2 2
left_child=2 8 4 14 -1 -5 21 13 -2 12 16 -12 28 -4 -3 -9 -10 -8 29 -17 -18 -7 -16 -21 -15 -14 -13 -22 -6 -19
right_child=1 3 7 5 9 6 17 15 10 -11 11 26 25 24 22 19 20 18 -20 23 27 -23 -24 -25 -26 -27 -28 -29 -30 -31
leaf_value=-0.15602072063069003 -0.14037338244644079 -0.17223053045313935 -0.10788078510183066 -0.13075733023210309 -0.090687617694557701 0.028396327133694717 0.037958191331643132 -0.11529690963043576 -0.026436259093921239 -0.11730233071145585 0.0092674759325365695 -0.088108186565694357 -0.042778800615630524 -0.024283572099904595 -0.034176812930641336 -0.0022702640339317959 -0.012303220681295718 0.066788176565069732 0.079883669789552789 -0.0090939602000488454 0.0068557029630604699 0.039740525362802037 -0.0027228013247947254 -0.029998732390225755 -0.017241272839442805 -0.03337394601268958 0.021723005587996655 -0.011022285972676555 -0.055316594088879983 0.053858505402025469
leaf_weight=307 77 29 96 71 181 2866 1294 54 749 270 14598 21 4589 9800 415 7607 1085 1609 1131 15156 7547 8474 846 638 11685 7893 13091 822 1768 4325
leaf_count=307 77 29 96 71 181 2866 1294 54 749 270 14598 21 4589 9800 415 7607 1085 1609 1131 15156 7547 8474 846 638 11685 7893 13091 822 1768 4325
internal_value=1.88496e-11 0.0217406 -0.0213806 0.0411798 -0.0435446 0.0449534 0.0455867 -0.0139946 0.0109643 -0.0411957 0.0112717 0.015078 -0.0397718 -0.0208424 -0.0166524 -0.00769402 0.000934031 0.0574072 0.0609694 -0.00744571 0.00310246 0.0368735 -0.0130744 -0.00993841 -0.0204535 -0.0368316 0.0215471 0.00509973 -0.0586014 0.0573644
internal_weight=119094 59050 60044 21060 15008 19770 19699 45036 37990 14701 37913 27710 14431 21581 1290 23455 10203 8359 7065 23401 9454 11340 1261 15794 21485 12482 13112 8369 1949 5934
internal_count=119094 59050 60044 21060 15008 19770 19699 45036 37990 14701 37913 27710 14431 21581 1290 23455 10203 8359 7065 23401 9454 11340 1261 15794 21485 12482 13112 8369 1949 5934
is_linear=0
shrinkage=0.05


Tree=8
num_leaves=31
num_cat=0
split_feature=9 9 12 8 7 9 8 12 6 9 9 7 8 7 7 6 7 9 9 8 9 8 8 11 7 4 6 7 9 3
split_gain=20014.1 4310.9 3542.15 1571.59 1530.01 890.64 693.997 632.662 630.601 496.98 474.4 323.36 321.922 301.462 274.647 228.277 222.879 219.611 166.149 131.149 125.379 114.93 112.776 108.257 106.916 96.3225 102.942 88.076 91.4783 83.9829
threshold=0.33272000000000007 0.20916625000000003 -1.3110343104926454 -2.0777825082662149 -6.0515327842249702 0.27453375000000008 -2.866109978293887 -3.9792674910542343 -5.5196325287999839 0.4159850000000001 0.76694375000000015 -6.0515327842249702 -2.9107245187769561 -3.9532614059954025 -4.8226363254664175 -5.9227674387528646 -5.0861548832608099 0.17291550000000003 0.24010675000000004 -2.6928060545730048 0.60654550000000007 -3.29028167519688 -3.4560145027289058 -0.15991899999999995 -6.0515327842249702 -0.19511911514463973 -6.4665603489108898 -2.5043006960725727 1.2747032500000002 0.3529441073302006
decision_type=2 2 2 2 2 2 2 2 2 2 2 2 2 2 2 2 2 2 2 2 2 2 2 2 2 2 2 2 2 2
left_child=1 4 6 13 -1 11 16 12 -5 25 20 -3 -6 24 -7 -11 -2 -9 -13 -15 -10 -16 -18 -17 -4 -8 -27 -12 -29 -28
right_child=2 5 3 8 7 14 9 17 10 15 27 18 -14 19 21 23 22 -19 -20 -21 -22 -23 -24 -25 -26 26 29 28 -30 -31
leaf_value=-0.14752194295881157 -0.12636733938281128 -0.16001483266934372 -0.1602748976537475 -0.11440114453434945 -0.060042684028749432 -0.10291957936852295 0.015077223848981228 -0.042327795688994314 0.037590955025973927 -0.090032082203436989 -0.0097191795445524341 -0.020161295990022345 -0.12886981324122357 -0.014799154136514931 -0.017116067444164319 -0.0026272867001731555 -0.031713500178653979 -0.030176937267272372 -0.012380041428124253 0.015145993629302523 0.048149531516351179 -0.0013755680986622754 -0.0039465438569094699 0.024799904815423879 -0.050860072051485385 -0.093480429008603094 0.0046720106946813271 0.061283147892531614 0.086421262369272708 0.014000257700682604
leaf_weight=317 41 39 27 60 992 68 8312 5563 5664 44 41 12647 205 609 1230 370 444 11216 14993 915 5583 20282 2073 13021 129 25 6562 3401 405 3816
leaf_count=317 41 39 27 60 992 68 8312 5563 5664 44 41 12647 205 609 1230 370 444 11216 14993 915 5583 20282 2073 13021 129 25 6562 3401 405 3816
internal_value=-4.07136e-11 -0.0179042 0.0234656 0.0422867 -0.0386311 -0.010207 0.0143371 -0.0367109 0.0473734 0.0163314 0.0480164 -0.0161434 -0.0718301 -0.00359671 -0.0025927 0.0236685 -0.0107283 -0.0342055 -0.0159404 0.00317972 0.0428322 -0.00227557 -0.00884465 0.0240421 -0.0697973 0.0110643 0.0078579 0.0631729 0.0639581 0.00810202
internal_weight=119094 67552 51542 16834 18293 49259 34708 17976 15154 32150 15094 27679 1197 1680 21580 13435 2558 16779 27640 1524 11247 21512 2517 13391 156 18715 10403 3847 3806 10378
internal_count=119094 67552 51542 16834 18293 49259 34708 17976 15154 32150 15094 27679 1197 1680 21580 13435 2558 16779 27640 1524 11247 21512 2517 13391 156 18715 10403 3847 3806 10378
is_linear=0
shrinkage=0.05


Tree=9
num_leaves=31
num_cat=0
split_feature=9 9 9 8 6 6 9 12 9 8 9 7 9 7 7 8 7 8 2 12 8 4 9 11 4 7 3 6 4 4
split_gain=18082.8 3584.45 3561.46 1504.17 1405.15 693.537 674.957 611.505 557.391 529.434 375.834 296.383 237.59 235.402 231.209 195.269 169.281 168.265 137.687 136.02 125.557 122.241 114.199 113.985 111.682 104.222 92.651 87.5489 87.0825 84.4349
threshold=0.32297300000000007 0.20788050000000002 0.48852450000000008 -2.4589755583628201 -7.1583493145329467 -5.2682388205839912 0.25933600000000007 -0.82032097911090507 0.12897725000000002 -2.9381743552183344 0.38821700000000009 -5.0861548832608099 0.17291550000000003 -5.0861548832608099 -6.0515327842249702 -3.8312451440838529 -4.4240130279610765 -1.4461358677886118 0.18342048791506663 1.0000000180025095e-35 -3.29028167519688 -0.15006826364481293 0.29060475000000008 -0.15991899999999995 -0.34339678432534881 -5.0861548832608099 0.3937091721794837 -6.4665603489108898 -0.12824130838903611 -0.34798851665913116
decision_type=2 2 2 2 2 2 2 2 2 2 2 2 2 2 2 2 2 2 2 2 2 2 2 2 2 2 2 2 2 2
left_child=1 4 9 13 -1 21 14 24 18 15 27 -8 -10 -4 -3 -2 -12 -9 -6 -19 -13 -5 -22 -18 -7 -14 -26 -11 -16 -25
right_child=2 6 3 5 8 7 11 17 12 10 16 20 25 -15 28 -17 23 19 -20 -21 22 -23 -24 29 26 -27 -28 -29 -30 -31
leaf_value=-0.14453557075770654 -0.058508032338753971 -0.14939612475308506 -0.1223592834052991 0.0072327359664169227 -0.064075225519721432 0.040970532338664149 -0.11894802485772234 0.034387719484289807 -0.041266983966762094 -0.077513383960661791 -0.11998592615127564 -0.01733706804021222 -0.084670089171772989 -0.010585157717917897 -0.011854624597402916 -0.007007126717383085 -0.0077464282827636212 0.053282773754700877 -0.11188348299547922 0.072689359601506992 -0.0071980559371465878 -0.12788497289376599 -0.00014054847497482322 0.026124102701055175 0.025921811044700257 -0.028423685387997801 0.037517690011292043 0.0079789737821224088 -0.018931095942497103 0.017409759496611953
leaf_weight=299 201 33 49 22 560 4769 57 969 6021 30 22 1849 83 1218 6041 2183 394 4937 206 1105 11881 70 11075 3652 3899 10654 3086 16584 15508 11637
leaf_count=299 201 33 49 22 560 4769 57 969 6021 30 22 1849 83 1218 6041 2183 394 4937 206 1105 11881 70 11075 3652 3899 10654 3086 16584 15508 11637
internal_value=1.68315e-11 -0.0179954 0.0210938 0.0378283 -0.0370571 0.0413716 -0.0106804 0.042043 -0.0352232 0.0113896 0.0130669 -0.00506447 -0.0333167 -0.0149079 -0.0171498 -0.0113493 0.0186126 0.0537299 -0.0769323 0.056832 -0.00480278 -0.0955742 -0.0037932 0.018807 0.0350721 -0.0288585 0.0310449 0.0078246 -0.0169473 0.0194913
internal_weight=119094 64267 54827 20124 17823 18857 46444 18765 17524 34703 32319 24862 16758 1267 21582 2384 15705 7011 766 6042 24805 92 22956 15683 11754 10737 6985 16614 21549 15289
internal_count=119094 64267 54827 20124 17823 18857 46444 18765 17524 34703 32319 24862 16758 1267 21582 2384 15705 7011 766 6042 24805 92 22956 15683 11754 10737 6985 16614 21549 15289
is_linear=0
shrinkage=0.05


Tree=10
num_leaves=31
num_cat=0
split_feature=9 9 9 7 8 9 8 9 9 6 8 9 7 6 7 8 7 7 7 9 11 9 11 4 6 11 4 11 11 7
split_gain=16334.4 3690.17 2717.37 1368.69 1249.01 680.098 635.816 462.388 456.152 410.549 382.649 307.891 259.072 254.6 250.399 226.153 220.825 214.435 167.814 130.003 119.745 112.564 103.414 99.0664 95.4344 93.3742 90.6376 88.6448 88.2553 84.3898
threshold=0.33882250000000008 0.21678975000000003 0.5452435000000001 -5.0861548832608099 -2.0777825082662149 0.27786625000000004 -2.6315828500917733 0.15950625000000004 0.44650825000000005 -5.5196325287999839 -2.0437126182192622 0.76694375000000015 -6.0515327842249702 -7.1583493145329467 -4.4986453002836209 -3.681347005171816 -3.9532614059954025 -4.2720531326141034 -4.8226363254664175 0.19304500000000002 0.067059500000000008 0.24010675000000004 -0.25466599999999995 -0.2041471304846337 -6.4665603489108898 -0.090929999999999969 -0.25530403515771938 -0.073818999999999982 0.046972499999999952 -6.0515327842249702
decision_type=2 2 2 2 2 2 2 2 2 2 2 2 2 2 2 2 2 2 2 2 2 2 2 2 2 2 2 2 2 2
left_child=1 3 6 13 16 12 15 10 18 -6 -5 -11 -3 -1 24 -2 29 -10 -8 -9 21 -14 -19 -16 -7 -25 -20 -17 -29 -4
right_child=2 5 4 7 9 14 8 19 17 11 -12 -13 20 -15 23 27 -18 22 26 -21 -22 -23 -24 25 -26 -27 -28 28 -30 -31
leaf_value=-0.14837689247198924 -0.046903823609229373 -0.14569004492179646 -0.15140647292137147 -0.043107682597445539 -0.099726148983653715 -0.15318650095551103 -0.1287115403938861 -0.031675880801948983 -0.13052305782383139 0.040348988113277653 -0.11783212706239687 0.057168238926405338 -0.017012837413214413 -0.082281111182739744 0.0043406765331610742 -0.014960088566856109 0.00066102831981992448 -0.018748331745425891 0.017318788798865784 -0.022854352982851975 -0.034434032413377044 -0.010169954473007073 0.02629824220522925 -0.021433087803773173 -0.048279480329630052 -0.0024026857956513524 0.010272228648359406 0.0075805990697685177 -0.011961003629850191 -0.048249986716913745
leaf_weight=215 278 37 24 3554 49 27 21 8320 22 9296 180 3847 9650 452 5980 831 1178 129 6970 8386 653 15932 10326 673 110 15259 13217 2623 741 114
leaf_count=215 278 37 24 3554 49 27 21 8320 22 9296 180 3847 9650 452 5980 831 1178 129 6970 8386 653 15932 10326 673 110 15259 13217 2623 741 114
internal_value=-2.23648e-11 -0.0156617 0.0218935 -0.0331031 0.0400998 -0.00804317 0.0143806 -0.0308031 0.0169478 0.0447335 -0.0467098 0.045272 -0.0134774 -0.103586 -0.00156817 -0.00323056 -0.00634921 0.0254143 0.0125582 -0.0272477 -0.0132909 -0.0127512 0.0257424 -0.00114685 -0.0689546 -0.00320657 0.0127052 -0.000336359 0.0032761 -0.0661902
internal_weight=119094 69428 49666 21107 14508 48321 35158 20440 30685 13192 3734 13143 26272 667 22049 4473 1316 10477 20208 16706 26235 25582 10455 21912 137 15932 20187 4195 3364 138
internal_count=119094 69428 49666 21107 14508 48321 35158 20440 30685 13192 3734 13143 26272 667 22049 4473 1316 10477 20208 16706 26235 25582 10455 21912 137 15932 20187 4195 3364 138
is_linear=0
shrinkage=0.05


Tree=11
num_leaves=31
num_cat=0
split_feature=9 12 9 8 6 12 9 7 8 7 6 9 6 9 6 7 7 8 8 9 7 8 11 8 11 8 11 4 4 12
split_gain=14774.7 3309.7 2623.4 1332.37 1110.94 583.042 513.142 498.378 348.583 340.093 316.493 300.877 278.015 248.926 205.39 180.297 179.357 183.055 153.998 150.265 145.53 144.528 112.977 106.734 86.1334 85.7885 85.6872 84.4671 81.7887 80.244
threshold=0.31076350000000008 -1.5279506130918834 0.20002825000000002 -2.0777825082662149 -6.4665603489108898 -0.91643630324415282 0.24956400000000004 -5.0861548832608099 -2.5378343206498921 -3.5855876952877459 -4.8073962297221309 0.14201150000000004 -5.7651444851893165 0.36866425000000008 -7.1583493145329467 -6.0515327842249702 -6.0515327842249702 -2.9107245187769561 -3.5049811470463359 0.88213700000000006 -6.0515327842249702 -2.3966557116718263 0.067059500000000008 -2.6146955059893178 -0.06482099999999999 -4.4489592662414834 0.067059500000000008 -0.15686551613296537 -0.46741397947167551 -3.466722648353032
decision_type=2 2 2 2 2 2 2 2 2 2 2 2 2 2 2 2 2 2 2 2 2 2 2 2 2 2 2 2 2 2
left_child=2 7 4 9 16 12 14 -2 18 20 -7 21 -5 -10 -4 -8 -1 -18 -9 -12 -3 -6 27 -11 -20 -16 -26 -17 -14 -13
right_child=1 3 6 5 11 10 15 8 13 23 19 29 28 -15 25 22 17 -19 24 -21 -22 -23 -24 -25 26 -27 -28 -29 -30 -31
leaf_value=-0.13889856674244713 -0.12218476918666331 -0.14448765036650002 -0.1206615711892179 -0.098261158350145539 -0.048699050131126277 -0.084706178771124949 -0.12912531271576883 -0.02812263460782094 0.0059323547319382539 -0.005872631074283919 0.044231707258886394 -0.034705283208901407 0.039032728865164512 0.015520170113483929 -0.075365204528151528 -0.001568792651325076 -0.052777455220094471 -0.13802826870032536 -0.011581575726920985 0.059747353688744391 -0.033170660795366624 -0.10030052218462032 -0.024422761032579031 0.015435457444437787 0.0053655673084554824 -0.016927254946339062 -0.012547649308867296 -0.0079023385817162846 0.028547326644364601 -0.026798837631527933
leaf_weight=239 73 32 48 42 1423 45 30 468 12027 911 6008 5974 2315 15487 63 7802 195 93 1106 2108 356 150 847 1656 6210 20062 748 16184 9458 6934
leaf_count=239 73 32 48 42 1423 45 30 468 12027 911 6008 5974 2315 15487 63 7802 195 93 1106 2108 356 150 847 1656 6210 20062 748 16184 9458 6934
internal_value=7.62195e-12 0.0177586 -0.0174646 0.0326149 -0.0355691 0.0372504 -0.0114314 0.00832675 0.00859106 0.00127878 0.0475285 -0.032974 0.030151 0.0113291 -0.0173566 -0.00662394 -0.106879 -0.0803064 -0.000238641 0.0482616 -0.0423514 -0.0536197 -0.00647595 0.00787345 0.00137963 -0.0171102 0.00343986 -0.00584221 0.0306091 -0.030458
internal_weight=119094 59050 60044 22931 15008 19976 45036 36119 36046 2955 8161 14481 11815 27514 20173 24863 527 288 8532 8116 388 1573 24833 2567 8064 20125 6958 23986 11773 12908
internal_count=119094 59050 60044 22931 15008 19976 45036 36119 36046 2955 8161 14481 11815 27514 20173 24863 527 288 8532 8116 388 1573 24833 2567 8064 20125 6958 23986 11773 12908
is_linear=0
shrinkage=0.05


Tree=12
num_leaves=31
num_cat=0
split_feature=9 9 9 7 8 9 7 8 9 6 9 8 9 7 7 6 7 8 4 9 11 11 11 4 11 1 11 3 6 8
split_gain=13343.2 3123.27 2119.33 1140.26 1010.17 604.579 569.619 482.291 377.158 354.389 351.21 315.083 243.704 233.87 206.486 204.877 173.184 159.817 108.777 102.812 96.5904 92.3218 95.2839 90.0141 84.095 82.8947 79.5233 78.5923 78.27 71.803
threshold=0.34356325000000004 0.21678975000000003 0.55105000000000015 -5.0861548832608099 -2.0549778658105669 0.27900075000000008 -5.0861548832608099 -2.4942747285166864 0.15950625000000004 -5.2682388205839912 0.43727825000000003 -2.0437126182192622 0.84674525000000012 -5.0861548832608099 -4.4986453002836209 -6.4665603489108898 -3.9790112062657124 -3.303549936232256 -0.15509627066841317 0.19304500000000002 0.31141999999999997 -0.090929999999999969 0.049037499999999991 -0.45908230278314743 -0.069329999999999989 0.25040366013629539 0.067059500000000008 0.59908432516680843 -6.4665603489108898 -2.7185234093298862
decision_type=2 2 2 2 2 2 2 2 2 2 2 2 2 2 2 2 2 2 2 2 2 2 2 2 2 2 2 2 2 2
left_child=1 3 6 15 16 13 -2 17 11 25 -9 -5 23 -3 28 -1 -4 -8 -15 -10 -12 -16 -23 -11 -19 -6 -20 -25 -7 -18
right_child=2 5 4 8 9 14 7 10 19 12 20 -13 -14 18 21 -17 29 24 26 -21 -22 22 -24 27 -26 -27 -28 -29 -30 -31
leaf_value=-0.12364429573819136 -0.1188709403698643 -0.093930008082554792 -0.06109485216145441 -0.038927473079027115 -0.0086888121521991237 -0.14031603886530949 -0.023019305455782679 0.011839708887030682 -0.028556970013636197 0.044799885944594775 0.023467072650521215 -0.10673447604842548 0.055304917279008617 -0.0061313237315532756 -0.01673170907125136 -0.068127152133830651 -0.014577141268023683 -0.010301070379600145 -0.013082294474418946 -0.020712022819060552 -0.036295444116010059 0.00082993437804458549 -0.012596891263978711 0.030850227438065404 0.0065573757517912827 -0.13088271605116983 -0.032124086797769111 0.042086419628607853 -0.043937609022533575 0.01078295485702304
leaf_weight=314 81 87 127 3554 23 26 629 16425 8320 3282 11813 180 2539 6392 860 353 472 893 19698 8386 68 20578 1412 4500 4310 35 564 2379 111 683
leaf_count=314 81 87 127 3554 23 26 629 16425 8320 3282 11813 180 2539 6392 860 353 472 893 19698 8386 68 20578 1412 4500 4310 35 564 2379 111 683
internal_value=2.98798e-11 -0.013814 0.0202764 -0.0299293 0.0366344 -0.00697392 0.0135647 0.013879 -0.02783 0.0408858 0.0165765 -0.0421962 0.041449 -0.0120854 -0.00102767 -0.0942627 -0.00567449 0.000786058 -0.0118183 -0.024619 0.023125 -0.00066073 -3.22156e-05 0.0379867 0.00366393 -0.0824265 -0.0136123 0.0347361 -0.0622284 0.000419348
internal_weight=119094 70835 48259 21107 14040 49728 34219 34138 20440 12758 28306 3734 12700 26741 22987 667 1282 5832 26654 16706 11881 22850 21990 10161 5203 58 20262 6879 137 1155
internal_count=119094 70835 48259 21107 14040 49728 34219 34138 20440 12758 28306 3734 12700 26741 22987 667 1282 5832 26654 16706 11881 22850 21990 10161 5203 58 20262 6879 137 1155
is_linear=0
shrinkage=0.05


Tree=13
num_leaves=31
num_cat=0
split_feature=9 9 9 8 6 12 9 7 9 7 8 6 6 12 6 7 7 8 8 12 11 11 7 2 9 4 8 4 11 11
split_gain=12072.3 2698.56 2134.27 1090.33 920.818 486.454 426.542 405.754 359.856 307.134 277.485 254.939 224.685 201.16 191.022 143.659 140.573 124.653 120.681 120.176 100.583 116.856 99.5349 96.0633 89.6645 86.3671 83.4377 75.4295 73.6797 72.9442
threshold=0.31076350000000008 0.46237850000000003 0.20002825000000002 -2.0437126182192622 -7.1583493145329467 -0.8855194748602091 0.25270875000000009 -5.0861548832608099 0.12897725000000002 -3.5711363262657021 -2.596947937496747 -4.8073962297221309 -5.7651444851893165 -1.9957378816523237 -7.1583493145329467 -6.0515327842249702 -6.0515327842249702 -3.7260723853377482 -4.4489592662414834 0.18253353331992675 -0.21103749999999996 0.049037499999999991 -3.6464733594488661 0.18342048791506663 0.17088325000000001 -0.57659429563816911 -3.8312451440838529 -0.46741397947167551 0.31141999999999997 -0.073818999999999982
decision_type=2 2 2 2 2 2 2 2 2 2 2 2 2 2 2 2 2 2 2 2 2 2 2 2 2 2 2 2 2 2
left_child=2 7 4 9 -1 12 14 -2 23 16 17 -7 -5 -12 -4 -8 -3 -9 -10 25 -11 -22 -17 -6 -20 -13 -16 -14 -15 -19
right_child=1 3 6 5 8 11 15 10 18 20 13 19 27 28 26 22 -18 29 24 -21 21 -23 -24 -25 -26 -27 -28 -29 -30 -31
leaf_value=-0.12081642571564129 -0.1103663158998512 -0.13711094639518046 -0.11207040079376276 -0.089376244893888152 -0.053014902831886757 -0.07793412655591965 -0.12094424013738279 -0.035599938396083573 -0.05729346154793951 -0.012301820983303492 0.0052387748557525217 0.052105090603159002 0.035654063540608412 0.013885230641393569 -0.030617751894553159 -0.015558059731263974 -0.029434492135268192 -0.01240470003576738 -0.03290906262357756 0.062467473233467033 0.019478128967231959 -0.0050180503820475312 -0.0044839254567698812 -0.092948224031178792 -0.024574893094961827 0.038897767918581017 -0.014560995163497443 0.025906387679697957 -0.055823274567037041 0.0022381057431363495
leaf_weight=287 73 33 51 41 560 43 27 252 356 492 12782 1620 2484 15442 842 2244 372 989 5268 802 1714 680 21184 206 8331 5247 20688 9872 38 6074
leaf_count=287 73 33 51 41 560 43 27 252 356 492 12782 1620 2484 15442 842 2244 372 989 5268 802 1714 680 21184 206 8331 5247 20688 9872 38 6074
internal_value=8.71146e-12 0.0160526 -0.0157868 0.0292457 -0.0321165 0.033612 -0.010345 0.00739283 -0.0303872 0.00256653 0.00763446 0.0434718 0.0274783 0.00988099 -0.0154179 -0.00567748 -0.0382081 -0.00104514 -0.0285557 0.0441525 0.00828855 0.0125201 -0.00554464 -0.0637542 -0.0278034 0.0420135 -0.0151889 0.027866 0.0137141 0.00018774
internal_weight=119094 59050 60044 23400 15008 20109 45036 35650 14721 3291 35577 7712 12397 28262 21581 23455 405 7315 13955 7669 2886 2394 23428 766 13599 6867 21530 12356 15480 7063
internal_count=119094 59050 60044 23400 15008 20109 45036 35650 14721 3291 35577 7712 12397 28262 21581 23455 405 7315 13955 7669 2886 2394 23428 766 13599 6867 21530 12356 15480 7063
is_linear=0
shrinkage=0.05


Tree=14
num_leaves=31
num_cat=0
split_feature=9 9 12 7 6 7 9 9 7 8 12 9 11 7 7 4 9 7 11 8 3 7 11 11 6 8 8 11 11 7
split_gain=10896.1 2312 2028.01 927.44 881.198 432.354 407.588 375.908 337.449 306.018 241.831 234.409 172.356 155.945 144.188 140.09 138.743 138.458 126.457 120.512 117.951 103.109 100.199 92.6055 89.0175 88.9803 85.8837 83.0905 85.6493 81.742
threshold=0.31614675000000009 0.50988875000000011 -3.1920934519219983 -2.7859465050974377 -6.4665603489108898 -4.227243654263213 0.25933600000000007 0.41107725000000006 -5.0861548832608099 -1.5001172294596328 -3.8442295438457648 0.74734950000000011 -0.15991899999999995 -6.0515327842249702 -5.0861548832608099 -0.19511911514463973 0.11506975000000001 -6.0515327842249702 0.14251800000000001 -2.3966557116718263 0.3529441073302006 -6.0515327842249702 -0.18208799999999997 -0.3373894999999999 -3.9282017871971084 -3.7514177648255016 -3.4404002406537715 -0.116507 0.063584500000000002 -2.5448688389223402
decision_type=2 2 2 2 2 2 2 2 2 2 2 2 2 2 2 2 2 2 2 2 2 2 2 2 2 2 2 2 2 2
left_child=2 5 4 8 16 17 13 15 -3 22 19 23 -9 -4 -8 -7 -1 -2 -14 -6 27 -18 -5 -11 -13 -15 -16 -17 -29 -23
right_child=1 3 6 9 10 7 14 12 -10 11 -12 24 18 25 26 20 21 -19 -20 -21 -22 29 -24 -25 -26 -27 -28 28 -30 -31
leaf_value=-0.12309082098103859 -0.13002569926332455 -0.11167030109575503 -0.11245592553168536 -0.0029831873265101132 -0.040235354508462357 0.010353931029138464 -0.087560497661336112 -0.01206167073733928 -0.0057051627166015114 -0.039401123211295769 -0.025258356303520326 -0.024684193865617828 0.018032771147330106 -0.027265296858529488 -0.018453533178857073 -0.019301735587304639 -0.11540730559227473 -0.037163349094135725 -0.0077421368654960621 -0.085706190846100039 0.0090298058013471762 -0.041640340349254894 0.024446883185753582 0.033325478014269549 0.048499428976494625 -0.012949302909916896 -0.0035340260203222391 0.0021325089982999635 -0.015023362216766346 -0.13446640631666892
leaf_weight=222 49 81 40 364 1874 10001 52 527 1037 44 13379 42 12967 1141 1010 548 94 222 494 158 4980 195 3900 8424 3892 22275 21453 8809 793 27
leaf_count=222 49 81 40 364 1874 10001 52 527 1037 44 13379 42 12967 1141 1010 548 94 222 494 158 4980 195 3900 8424 3892 22275 21453 8809 793 27
internal_value=3.02532e-11 0.015739 -0.0145326 0.0307028 -0.0298952 0.00898301 -0.00920277 0.00941901 -0.0133824 0.0336602 -0.0276993 0.0376329 0.0159887 -0.0138154 -0.00439737 0.00576231 -0.0927972 -0.053954 0.0170869 -0.043771 0.00272722 -0.071515 0.0221053 0.0329476 0.0477181 -0.0136469 -0.00420485 -0.000365084 0.000715658 -0.05293
internal_weight=119094 57174 61920 17784 15949 39390 45971 39119 1118 16666 15411 12402 13988 23456 22515 25131 538 271 13461 2032 15130 316 4264 8468 3934 23416 22463 10150 9602 222
internal_count=119094 57174 61920 17784 15949 39390 45971 39119 1118 16666 15411 12402 13988 23456 22515 25131 538 271 13461 2032 15130 316 4264 8468 3934 23416 22463 10150 9602 222
is_linear=0
shrinkage=0.05


Tree=15
num_leaves=31
num_cat=0
split_feature=9 9 8 7 9 8 9 9 6 8 6 7 9 7 11 7 7 9 4 6 11 4 7 11 9 6 6 11 11 9
split_gain=9858.11 2325.85 1583.36 925.896 910.592 527.918 354.927 339.545 253.251 247.698 209.766 182.985 175.773 175.765 172.087 165.876 156.434 140.573 135.228 130.104 105.007 93.802 82.2752 74.3929 72.4523 70.3321 69.0331 66.527 69.5561 64.1819
threshold=0.34356325000000004 0.22601025000000002 -1.7303520170990416 -5.0861548832608099 0.57582725000000001 -2.9756407662635973 0.28830175000000002 0.17088325000000001 -5.2682388205839912 -2.0085553335050288 -5.7651444851893165 -4.8226363254664175 0.46237850000000003 -5.0861548832608099 -0.116507 -4.4240130279610765 -6.0515327842249702 0.84674525000000012 -0.21793186028286168 -5.4246888032584044 0.043011499999999987 -0.17122170151256774 -0.65197974115322166 0.100952 0.42907875000000001 -6.4665603489108898 -4.9283640120545362 -0.12881199999999998 0.049037499999999991 0.19439150000000002
decision_type=2 2 2 2 2 2 2 2 2 2 2 2 2 2 2 2 2 2 2 2 2 2 2 2 2 2 2 2 2 2
left_child=1 3 5 16 10 13 11 9 -6 -5 -4 -3 -12 -2 19 25 -1 -10 24 -7 -20 -13 29 -23 -16 -8 -22 -17 -29 -9
right_child=2 6 4 7 8 14 15 22 17 -11 12 21 -14 -15 18 27 -18 -19 20 -21 26 23 -24 -25 -26 -27 -28 28 -30 -31
leaf_value=-0.10672506091350609 -0.090058959439977437 -0.070032087362325954 -0.083197926777396722 -0.030981016226627744 -0.084964881810758799 -0.10821510623058966 -0.13461065862489782 -0.022999475082165457 0.034832369137476379 -0.087707778077394757 0.012671909521402212 -0.0031204693300983261 0.023952020746767163 -0.013058001315981574 0.0129290537200181 -0.018422321882098913 -0.058720873405441312 0.048524411784819234 0.010334682564986094 -0.0045483518086986132 -0.065220293190416903 -0.0098718187855608222 -0.093643554073531893 -0.034131286728175537 0.02262251400347122 -0.038760960700905379 -0.0011121046814269319 0.001627604226989847 -0.010807849590160255 -0.016788441091554647
leaf_weight=326 77 122 51 5834 42 31 23 6472 7950 199 6810 5942 7007 1975 4914 460 354 2453 10664 1278 43 20353 37 321 3172 114 1792 17436 1202 11640
leaf_count=326 77 122 51 5834 42 31 23 6472 7950 199 6810 5942 7007 1975 4914 460 354 2453 10664 1278 43 20353 37 321 3172 114 1792 17436 1202 11640
internal_value=2.04328e-11 -0.0118737 0.0174284 -0.024194 0.0264165 0.00830252 -0.00521098 -0.022576 0.0375662 -0.0328522 0.0180188 -0.00893721 0.0183924 -0.0159474 0.0105753 -3.1255e-05 -0.0817346 0.0380609 0.0116932 -0.00700341 0.00843361 -0.00865716 -0.01916 -0.0102485 0.0167316 -0.0548525 -0.00261437 0.000362007 0.000825618 -0.0190078
internal_weight=119094 70835 48259 24862 24313 23946 45973 24182 10445 6033 13868 26738 13817 2052 21894 19235 680 10403 20585 1309 12499 26616 18149 20674 8086 137 1835 19098 18638 18112
internal_count=119094 70835 48259 24862 24313 23946 45973 24182 10445 6033 13868 26738 13817 2052 21894 19235 680 10403 20585 1309 12499 26616 18149 20674 8086 137 1835 19098 18638 18112
is_linear=0
shrinkage=0.05


Tree=16
num_leaves=31
num_cat=0
split_feature=9 12 12 8 12 7 12 9 7 4 7 11 6 8 11 7 9 8 6 11 11 12 9 3 4 11 11 9 8 7
split_gain=8899.99 1999.85 1578.59 839.422 691.793 395.176 386.318 363.751 306.374 229.329 205.723 184.967 161.521 148.036 144.146 136.284 133.571 129.545 102.561 93.1047 88.1653 87.889 84.7107 80.5651 77.1609 74.3104 71.0913 68.5244 67.7066 65.4208
threshold=0.31076350000000008 -1.5279506130918834 -3.261356295553727 -2.5028846614727018 -4.3231783862489666 -4.2720531326141034 -0.91643630324415282 0.24321100000000004 -5.0861548832608099 -0.25530403515771938 -5.0861548832608099 -0.12881199999999998 -7.1583493145329467 -3.7775354260575722 0.129186 -6.0515327842249702 0.35980300000000004 -0.89481079467582092 -7.1583493145329467 -0.25466599999999995 -0.25466599999999995 -3.7510040329161094 1.2747032500000002 0.3937091721794837 -0.16029876921636785 0.46210699999999993 0.246304 1.0889377500000001 -3.1821102515206836 -6.0515327842249702
decision_type=2 2 2 2 2 2 2 2 2 2 2 2 2 2 2 2 2 2 2 2 2 2 2 2 2 2 2 2 2 2
left_child=2 8 4 15 18 -5 19 12 -2 -10 -6 -11 -4 29 16 -3 -13 20 -1 -7 -8 -12 -19 -18 -15 27 -26 -22 -17 -9
right_child=1 3 7 5 10 6 17 13 9 11 21 14 -14 24 -16 28 23 22 -20 -21 25 -23 -24 -25 26 -27 -28 -29 -30 -31
leaf_value=-0.12192110560932441 -0.095876794615888036 -0.11483388593600644 -0.10428849175572395 -0.11854978394897089 -0.063053152414501115 -0.016388434319789667 4.3774426548167113e-05 -0.12273065775632859 0.012864671201579816 -0.0167876306610821 -0.033513969741475212 0.0017365508688101741 -0.014301604942939097 -0.0010428332353447699 -0.016529576637480031 -0.02480262183231206 0.0064480775573027768 0.040509874191208023 -0.071989689661488651 0.023232343555468635 0.031408354545624975 -0.02322815437255284 0.06953221269593704 0.015068368185803319 -0.0067072136349805777 -0.0052923747169507937 -0.087897889867976864 0.063019968296056467 -0.0015391332054004172 -0.03015741135699488
leaf_weight=152 73 31 50 46 372 150 235 20 10535 1018 2611 11370 18713 8307 756 457 8355 4311 318 12888 3243 10151 267 4012 18906 131 27 181 991 417
leaf_count=152 73 31 50 46 372 150 235 20 10535 1018 2611 11370 18713 8307 756 457 8355 4311 318 12888 3243 10151 267 4012 18906 131 27 181 991 417
internal_value=-3.48193e-12 0.013783 -0.0135549 0.0253313 -0.0285338 0.0278431 0.0281577 -0.00916695 0.00645136 0.00665859 -0.0264009 0.00409574 -0.0145414 -0.00552346 0.00496371 -0.011102 0.00564825 0.0365421 -0.0881377 0.0227765 0.0297047 -0.0253325 0.0422025 0.0092446 -0.0050603 0.0316654 -0.006823 0.0330794 -0.00888127 -0.0343942
internal_weight=119094 59050 60044 22931 13604 21452 21406 46440 36119 36046 13134 25511 18763 27677 24493 1479 23737 8368 470 13038 3790 12762 4578 12367 27240 3555 18933 3424 1448 437
internal_count=119094 59050 60044 22931 13604 21452 21406 46440 36119 36046 13134 25511 18763 27677 24493 1479 23737 8368 470 13038 3790 12762 4578 12367 27240 3555 18933 3424 1448 437
is_linear=0
shrinkage=0.05


Tree=17
num_leaves=31
num_cat=0
split_feature=12 12 8 9 7 8 12 9 6 7 6 12 7 7 7 7 9 11 11 11 4 9 6 1 9 8 6 11 11 11
split_gain=8048.97 1904.27 1312.79 863.11 749.457 376.222 309.217 268.505 221.767 215.854 203.238 163.64 160.054 141.976 141.953 131.367 127.023 117.242 94.5324 91.6756 84.7993 72.8257 71.4479 67.6889 64.3186 61.1727 59.6297 58.7877 57.5878 61.9972
threshold=-2.1367681007142187 -2.9944719555185197 -1.9155058740960935 0.57582725000000001 -5.0861548832608099 -2.9756407662635973 -2.4874952089122062 0.16442575000000001 -5.2682388205839912 -1.864749941035988 -5.7651444851893165 -1.704502717458529 -6.0515327842249702 -5.0861548832608099 -4.4240130279610765 -6.0515327842249702 0.84674525000000012 -0.116507 0.067059500000000008 0.246304 -0.17122170151256774 0.44333250000000007 -5.4246888032584044 0.31084690668833698 0.19304500000000002 -3.8034404526650545 -6.4665603489108898 0.31141999999999997 0.071189500000000003 -0.061167499999999965
decision_type=2 2 2 2 2 2 2 2 2 2 2 2 2 2 2 2 2 2 2 2 2 2 2 2 2 2 2 2 2 2
left_child=1 4 5 10 15 13 12 9 -5 -6 23 -12 -3 -2 26 -1 -10 22 21 20 -14 -19 -7 -4 -9 -22 -8 -13 29 -16
right_child=2 6 3 8 7 17 14 24 16 -11 11 27 19 -15 28 -17 -18 18 -20 -21 25 -23 -24 -25 -26 -27 -28 -29 -30 -31
leaf_value=-0.096988140617425625 -0.081294387496717579 -0.11080318850122239 -0.017753798437531165 -0.077215220530827855 -0.029430811925361067 -0.091001803196966657 -0.12415872410587643 -0.021626836790206754 0.031045343860930802 -0.08907369017767168 0.0098883530722134773 0.019900881746842403 -0.002812128272637522 -0.012089522434335904 -0.010003853408156788 -0.052902822096125006 0.043878512651750023 0.008477520370720781 -0.0026157906595905387 -0.10196151183201717 -0.02637561626391563 0.01709395352494766 -0.0055458715035243307 -0.1217364009908017 -0.01562000190474884 -0.0090801589297068233 -0.035902542242853851 -0.044998339438877467 -0.013082117162122897 0.0016935777554747654
leaf_weight=325 77 38 29 45 4493 25 23 7404 8341 157 6722 11494 6075 1975 1213 352 2508 11146 1553 26 524 3144 1131 34 11194 21012 114 35 765 17120
leaf_count=325 77 38 29 45 4493 25 23 7404 8341 157 6722 11494 6075 1975 1213 352 2508 11146 1553 26 524 3144 1131 34 11194 21012 114 35 765 17120
internal_value=-1.21497e-11 -0.010729 0.0157482 0.0224084 -0.0222084 0.00553712 -0.00487434 -0.0206982 0.0335526 -0.0314446 0.0157793 0.0160887 -0.00825866 -0.0146864 -5.04201e-06 -0.0740664 0.034012 0.00797836 0.00910001 -0.00811766 -0.00802929 0.0103733 -0.00739397 -0.0738714 -0.0180114 -0.00950098 -0.0507193 0.0197039 0.000358758 0.000919619
internal_weight=119094 70835 48259 29208 23925 19051 46910 23248 10894 4650 18314 18251 27675 2052 19235 677 10849 16999 15843 27637 27611 14290 1156 63 18598 21536 137 11529 19098 18333
internal_count=119094 70835 48259 29208 23925 19051 46910 23248 10894 4650 18314 18251 27675 2052 19235 677 10849 16999 15843 27637 27611 14290 1156 63 18598 21536 137 11529 19098 18333
is_linear=0
shrinkage=0.05


Tree=18
num_leaves=31
num_cat=0
split_feature=9 9 9 6 7 7 12 7 9 9 4 6 3 7 11 11 9 11 7 8 7 11 9 11 9 4 4 3 0 8
split_gain=7266.28 1454.25 1450.16 673.98 651.15 299.893 277.147 233.204 227.514 226.062 215.924 201.221 154.517 150.956 132.425 112.994 109.212 102.958 102.682 82.0275 81.6955 76.4818 76.2894 70.8805 83.7709 64.1723 62.8117 63.3071 59.3866 59.329
threshold=0.32297300000000007 0.50988875000000011 0.21678975000000003 -7.1583493145329467 -2.7859465050974377 -3.6464733594488661 -3.9792674910542343 -5.0861548832608099 0.39233925000000003 0.2679342500000001 -0.50342274957816568 -5.7651444851893165 0.91406120760959486 -6.0515327842249702 0.246304 -0.25466599999999995 0.18184825000000002 -0.15991899999999995 -4.4986453002836209 -2.1315039166479379 -4.685992601504112 0.129186 0.81629900000000011 0.246304 0.99512200000000017 -0.34798851665913116 -0.18468788612996004 0.3529441073302006 0.04295972353677114 -3.1587829519435022
decision_type=2 2 2 2 2 2 2 2 2 2 2 2 2 2 2 2 2 2 2 2 2 2 2 2 2 2 2 2 2 2
left_child=2 5 3 -1 7 13 19 -3 26 14 22 -12 15 -2 20 -13 -8 -10 -11 -5 -4 25 -6 24 -17 -19 -7 -28 -22 -20
right_child=1 4 9 6 10 8 16 -9 17 18 11 12 -14 -15 -16 23 -18 21 29 -21 28 -23 -24 -25 -26 -27 27 -29 -30 -31
leaf_value=-0.09556951716189975 -0.10718119419787242 -0.093523429921701748 -0.04399560281995981 -0.039175522979896481 0.033210457376659494 0.0080151556991250299 -0.024157345079472845 -0.0054333130057953125 -0.008289829924738935 -0.044533880821351589 -0.09894712129325578 -0.004915063604332838 0.035302987828952234 -0.014552753793398722 -0.12960814639278082 0.022884110924123749 -0.016546095131165586 0.019373940185320876 -0.010070761364319628 -0.077786649527806284 -0.0074959342704680604 -0.0041289590047239909 0.048250272540310529 0.0043378545482505157 0.047600632258811552 0.012132009761443442 -0.0006339037546217916 0.0075190470824763461 -0.013064198521669419 -0.001272290576347479
leaf_weight=308 46 81 171 1063 2899 7898 7904 1037 571 144 33 381 2690 1004 23 8627 11674 4082 2133 158 14772 607 1189 490 357 12206 7028 3601 7085 18832
leaf_count=308 46 81 171 1063 2899 7898 7904 1037 571 144 33 381 2690 1004 23 8627 11674 4082 2133 158 14772 607 1189 490 357 12206 7028 3601 7085 18832
internal_value=8.44172e-12 0.0133714 -0.0114073 -0.0221475 0.0251239 0.00772916 -0.0210603 -0.0118155 0.00849756 -0.00615495 0.0276019 0.0243574 0.0246818 -0.0186108 -0.00969543 0.0217826 -0.0196189 0.0125918 -0.00245647 -0.0441719 -0.00957023 0.0132975 0.0375848 0.0228563 0.0238663 0.0139469 0.00463781 0.00212824 -0.0093009 -0.00216746
internal_weight=119094 54827 64267 21107 17784 37043 20799 1118 35993 43160 16666 12578 12545 1050 22051 9855 19578 17466 21109 1221 22028 16895 4088 9474 8984 16288 18527 10629 21857 20965
internal_count=119094 54827 64267 21107 17784 37043 20799 1118 35993 43160 16666 12578 12545 1050 22051 9855 19578 17466 21109 1221 22028 16895 4088 9474 8984 16288 18527 10629 21857 20965
is_linear=0
shrinkage=0.05


Tree=19
num_leaves=31
num_cat=0
split_feature=9 9 8 9 7 8 7 7 9 6 9 6 9 11 7 9 11 7 4 6 11 8 4 4 3 7 9 2 11 3
split_gain=6565.83 1558.5 1089.22 720.838 639.474 322.253 242.441 238.673 235.695 191.502 189.354 189.101 135.122 126.17 110.577 109.876 108.474 78.8114 76.88 75.2352 71.8262 69.3602 59.7065 58.5402 56.708 54.1198 52.3758 64.7316 51.8211 50.5188
threshold=0.34356325000000004 0.22601025000000002 -1.9396863424861206 0.57582725000000001 -5.0861548832608099 -3.3162724570097173 -4.8226363254664175 -0.87340761126242483 0.28830175000000002 -5.2682388205839912 0.17291550000000003 -5.7651444851893165 0.45256325000000008 -0.116507 -6.0515327842249702 0.99512200000000017 0.067059500000000008 -6.0515327842249702 -0.56191913186163445 -7.1583493145329467 0.067059500000000008 -3.8956870608118264 -0.17122170151256774 -0.21793186028286168 0.91406120760959486 -4.316549177640419 0.12897725000000002 0.31825630208951933 -0.51730049999999983 0.38137701659148265
decision_type=2 2 2 2 2 2 2 2 2 2 2 2 2 2 2 2 2 2 2 2 2 2 2 2 2 2 2 2 2 2
left_child=1 4 5 11 14 17 19 10 20 -5 26 -4 -13 25 -1 18 23 -2 -11 -3 22 -10 -8 -15 -20 -7 27 -6 -17 -25
right_child=2 6 3 9 7 13 8 -9 21 15 -12 12 -14 16 -16 28 -18 -19 24 -21 -22 -23 -24 29 -26 -27 -28 -29 -30 -31
leaf_value=-0.08860555525492031 -0.090213217493146661 -0.12691832673218514 -0.070924092508279357 -0.071466154167833543 -0.03560024273611203 -0.089612359032034877 -0.0021730138937726905 -0.077466462734977121 -0.041108882190581265 0.037458782930334708 -0.015344162810261686 0.01030919753887573 0.018779254397958217 0.013158872217421826 -0.048246079962240208 0.0038659112741660376 -0.0043449630260917029 -0.021540986241127144 0.024213151147399969 -0.046048242545367546 -0.022543136619564252 0.00043537181350995964 -0.0079155521319247222 0.0039104743544466141 0.034411163552058623 -0.0067944460247996736 -0.024036389145776882 -0.1033368735329101 0.047284115943214113 0.011793520210833431
leaf_weight=326 44 36 65 46 491 20 5847 170 101 2087 17640 9504 9332 5083 354 73 1748 828 5779 143 728 19077 20041 6236 1784 1442 5843 38 1173 3015
leaf_count=326 44 36 65 46 491 20 5847 170 101 2087 17640 9504 9332 5083 354 73 1748 828 5779 143 728 19077 20041 6236 1784 1442 5843 38 1173 3015
internal_value=-2.91617e-12 -0.00969025 0.0142234 0.0201243 -0.0197754 0.00466114 -0.00423625 -0.0184307 -0.00400924 0.0303375 -0.0180128 0.0142118 0.0145056 0.00613571 -0.0675949 0.0307673 0.00741417 -0.0250061 0.0289631 -0.0623126 -0.00705413 0.000216581 -0.00661856 0.00884817 0.0266187 -0.00792739 -0.0254004 -0.040466 0.0447404 0.00647964
internal_weight=119094 70835 48259 29843 24862 18416 45973 24182 45794 10942 24012 18901 18836 17544 680 10896 16082 872 9650 179 26616 19178 25888 14334 7563 1462 6372 529 1246 9251
internal_count=119094 70835 48259 29843 24862 18416 45973 24182 45794 10942 24012 18901 18836 17544 680 10896 16082 872 9650 179 26616 19178 25888 14334 7563 1462 6372 529 1246 9251
is_linear=0
shrinkage=0.05


Tree=20
num_leaves=31
num_cat=0
split_feature=9 9 12 8 12 7 12 12 7 4 8 11 3 6 8 11 7 7 8 11 11 4 6 11 11 7 11 9 8 3
split_gain=5935.34 1343.82 1061.37 590.727 489.575 292.66 273.432 249.601 225.573 158.249 154.538 123.611 121.631 108.087 103.806 96.7996 94.1169 92.6948 91.279 90.156 79.7095 76.1515 74.8699 71.1883 67.2971 66.5406 66.2774 64.8923 60.3639 58.6606
threshold=0.31076350000000008 0.46237850000000003 -3.261356295553727 -2.5028846614727018 -4.3231783862489666 -4.2720531326141034 -0.82032097911090507 -2.8620124059269969 -4.227243654263213 -0.25530403515771938 -4.7917139135934015 0.246304 0.3529441073302006 -7.1583493145329467 -2.032661408101085 -0.116507 -6.0515327842249702 -3.7653412913986006 -0.89481079467582092 -0.51730049999999983 0.246304 -0.34339678432534881 -7.1583493145329467 -0.25466599999999995 0.246304 -6.0515327842249702 -0.040221500000000007 1.2747032500000002 -4.0119331409987975 0.3937091721794837
decision_type=2 2 2 2 2 2 2 2 2 2 2 2 2 2 2 2 2 2 2 2 2 2 2 2 2 2 2 2 2 2
left_child=2 8 4 16 22 -5 19 13 25 -10 -6 17 15 -4 28 -11 -3 26 23 -7 -17 -21 -1 -8 -25 -2 -9 -20 -12 -23
right_child=1 3 7 5 10 6 18 11 9 12 14 -13 -14 -15 -16 20 -18 -19 27 21 -22 29 -24 24 -26 -27 -28 -29 -30 -31
leaf_value=-0.10235769539875419 -0.097437618393450984 -0.095733397622262281 -0.089707800633170548 -0.10331928645179647 -0.067438610187199141 -0.069005493601334511 -0.0033624789773941386 -0.035762266704436475 0.010695221182740862 -0.014719178836201425 -0.028127954013064161 -0.085722644650872717 0.0086124768461182874 -0.012113644743753166 -0.056934264421874672 0.0022641850728900574 -0.0077143379250667558 -0.0037472531760124497 0.034211224660417976 0.023757364288159971 -0.032981477908640637 0.012925426901450371 -0.059696079858977048 0.029031580924455791 0.0021070769613857009 -0.029924215210349488 -0.010844381386228778 0.059707355344025353 -0.018837042298577883 0.021075654120325714
leaf_weight=152 44 31 45 46 181 29 215 307 10321 923 2091 47 7614 16843 197 16372 1496 27157 3822 5716 162 5203 318 2484 256 214 2041 267 10665 3835
leaf_count=152 44 31 45 46 181 29 215 307 10321 923 2091 47 7614 16843 197 16372 1496 27157 3822 5716 162 5203 318 2484 256 214 2041 267 10665 3835
internal_value=2.16558e-11 0.0112557 -0.0110694 0.0205658 -0.0233517 0.0226648 0.0229303 -0.00747141 0.00514475 0.00548432 -0.0215574 -0.00470038 0.00333915 -0.0123204 -0.0209163 0.00103915 -0.00950123 -0.00457131 0.0310375 0.0190673 0.00191885 0.0192404 -0.073493 0.0243421 0.026516 -0.0414381 -0.0141024 0.035876 -0.02036 0.0163837
internal_weight=119094 59050 60044 23400 13604 21873 21827 46440 35650 35392 13134 29552 25071 16888 12953 17457 1527 29505 7044 14783 16534 14754 470 2955 2740 258 2348 4089 12756 9038
internal_count=119094 59050 60044 23400 13604 21873 21827 46440 35650 35392 13134 29552 25071 16888 12953 17457 1527 29505 7044 14783 16534 14754 470 2955 2740 258 2348 4089 12756 9038
is_linear=0
shrinkage=0.05


Tree=21
num_leaves=31
num_cat=0
split_feature=9 9 8 9 6 8 9 12 6 6 6 7 8 4 11 9 8 11 8 7 9 12 6 11 11 11 4 8 2 6
split_gain=5383.41 1391.1 817.153 537.68 530.742 280.727 241.419 237.182 175.008 163.567 125.118 116.631 112.439 96.8578 95.3052 87.0496 85.8659 76.1728 74.2331 67.8785 67.7608 62.4448 58.8163 64.3657 58.4751 62.2301 57.9863 57.0027 55.8586 46.8386
threshold=0.35649950000000002 0.22601025000000002 -1.9396863424861206 0.58353600000000005 -7.1583493145329467 -3.1257689368057004 0.29060475000000008 -3.7107600236839668 -5.7651444851893165 -6.1338054052746172 -7.1583493145329467 -4.4240130279610765 -2.1315039166479379 -0.65233439311274211 -0.12881199999999998 0.46237850000000003 -4.4489592662414834 0.051528500000000012 -3.7775354260575722 -5.0861548832608099 1.2747032500000002 -3.3377496047737769 -3.0867552300542136 0.246304 -0.12881199999999998 0.076176500000000022 -0.20878974554074417 -4.7917139135934015 0.091527077874172483 -5.4246888032584044
decision_type=2 2 2 2 2 2 2 2 2 2 2 2 2 2 2 2 2 2 2 2 2 2 2 2 2 2 2 2 2 2
left_child=1 4 5 8 -1 19 10 12 28 -5 -3 -8 27 -11 29 -10 -9 -16 -12 -2 22 -18 23 -15 -13 -26 -20 -6 -4 -7
right_child=2 6 3 9 7 14 11 16 15 13 18 24 -14 20 17 -17 21 -19 26 -21 -22 -23 -24 -25 25 -27 -28 -29 -30 -31
leaf_value=-0.082776614283645744 -0.06610153036349467 -0.080495406213428891 -0.0049423071367311333 -0.099999693691730507 -0.054859951274675259 -0.069166026450693613 -0.044648052163054827 -0.048489595471366657 0.01052303464948498 0.04115201035747422 -0.023560103059219795 -0.015284681306305257 -0.06524309886683996 0.014926513406901383 0.0091921286340512064 0.017425650685871 -0.018437895127741695 -0.0016914947843328439 -0.00050044224539161689 -0.015700507364447013 0.04853885431064886 -0.012705082915006386 0.026529543863326989 -0.046741120152823307 0.0017810026041271279 -0.011925337919648929 -0.0069350816892595427 -0.025304245475754064 -0.10564485654234886 -0.0058355908764594032
leaf_weight=311 71 57 21 25 172 30 142 190 9463 1243 612 550 202 528 11422 8829 7332 1871 4134 1130 330 13489 8369 46 20494 863 22873 3166 40 1089
leaf_count=311 71 57 21 25 172 30 142 190 9463 1243 612 550 202 528 11422 8829 7332 1871 4134 1130 330 13489 8369 46 20494 863 22873 3166 40 1089
internal_value=-1.53863e-11 -0.00821176 0.0137617 0.0187419 -0.0178686 0.00454512 -0.00338341 -0.0170464 0.0135728 0.0277418 -0.00649306 0.000519829 -0.0290193 0.0280455 0.00648056 0.0138547 -0.0150292 0.00766025 -0.00634034 -0.0186801 0.0262887 -0.0147239 0.0254676 0.00998451 0.000812604 0.00122715 -0.00595012 -0.0268272 -0.0709768 -0.00753346
internal_weight=119094 74587 44507 28894 24862 15613 49725 24551 18353 10541 27676 22049 3540 10516 14412 18292 21011 13293 27619 1201 9273 20821 8943 574 21907 21357 27007 3338 61 1119
internal_count=119094 74587 44507 28894 24862 15613 49725 24551 18353 10541 27676 22049 3540 10516 14412 18292 21011 13293 27619 1201 9273 20821 8943 574 21907 21357 27007 3338 61 1119
is_linear=0
shrinkage=0.05


Tree=22
num_leaves=31
num_cat=0
split_feature=9 12 8 9 6 8 9 9 6 6 6 6 9 4 9 3 9 8 11 1 11 4 11 4 7 11 6 11 11 6
split_gain=4859.47 1148.9 809.016 532.592 475.561 251.797 225.825 152.369 151.009 144.481 105.386 104.279 103.522 96.8528 91.5571 84.3211 82.0927 77.1408 76.425 73.279 73.1116 64.8782 62.4007 61.5519 56.9251 50.459 49.6326 48.725 48.6134 48.2138
threshold=0.34356325000000004 -3.0465296067401062 -1.9396863424861206 0.57582725000000001 -6.4665603489108898 -3.3162724570097173 0.27453375000000008 0.15950625000000004 -4.8073962297221309 -5.7651444851893165 -6.4665603489108898 -7.1583493145329467 0.42134900000000003 -0.15006826364481293 0.84674525000000012 0.38137701659148265 0.11506975000000001 -2.1315039166479379 -0.090929999999999969 0.24436051794638816 0.179837 -0.10735730165655204 -0.073818999999999982 -0.0050838027204612715 -6.0515327842249702 0.067059500000000008 -2.5568020756025027 0.023307999999999943 0.017396499999999999 -6.4665603489108898
decision_type=2 2 2 2 2 2 2 2 2 2 2 2 2 2 2 2 2 2 2 2 2 2 2 2 2 2 2 2 2 2
left_child=1 4 5 9 16 24 11 17 19 -4 23 -3 -11 -7 -10 29 -1 -6 -18 -5 22 -13 -12 -8 -2 -23 -14 -24 -20 -15
right_child=2 6 3 8 7 13 10 -9 14 12 20 21 26 15 -16 -17 18 -19 28 -21 -22 25 27 -25 -26 -27 -28 -29 -30 -31
leaf_value=-0.086400754867868315 -0.077647150341760035 -0.07967344773374499 -0.06217706695736315 0.01858915463089943 -0.02418018634450058 0.0089222028746763962 -0.031898046580095922 -0.014700200585635891 0.024025627517644595 0.0074447592388658078 -0.011309370344334718 -0.0041675821393429109 0.01008627683616564 -0.076033395092765049 0.034920350043968665 0.008240698154589601 -0.11691593315141897 -0.058533943141674441 -0.028680875723509126 -0.096642957023672163 -0.031729179997754133 -0.0089495474897268151 0.001129272095602582 -0.13157623709135113 -0.019283993840907579 -0.02617655824598767 0.017191772450406005 -0.0055779496498955389 -0.072659203735563685 -0.0018671121971326216
leaf_weight=222 44 50 65 22 3681 8991 59 17142 8378 6592 1233 9509 3404 22 2505 3002 36 171 241 37 187 14397 20237 21 828 438 8840 3126 85 5529
leaf_count=222 44 50 65 22 3681 8991 59 17142 8378 6592 1233 9509 3404 22 2505 3002 36 171 241 37 187 14397 20237 21 828 438 8840 3126 85 5529
internal_value=-1.82399e-11 -0.00833652 0.0122364 0.0173219 -0.0179574 0.00399536 -0.00412188 -0.0167194 0.0261008 0.0122397 -0.000768471 -0.00753977 0.0124965 0.0052988 0.0265333 0.00148984 -0.0624624 -0.0257052 -0.047782 -0.0536751 -0.000583521 -0.00739162 -0.000346725 -0.0580636 -0.0222289 -0.00945817 0.0152163 0.000231837 -0.0401476 -0.00216105
internal_weight=119094 70835 48259 29843 21578 18416 49257 20994 10942 18901 24863 24394 18836 17544 10883 8553 584 3852 362 59 24783 24344 24596 80 872 14835 12244 23363 326 5551
internal_count=119094 70835 48259 29843 21578 18416 49257 20994 10942 18901 24863 24394 18836 17544 10883 8553 584 3852 362 59 24783 24344 24596 80 872 14835 12244 23363 326 5551
is_linear=0
shrinkage=0.05


Tree=23
num_leaves=31
num_cat=0
split_feature=9 9 8 7 9 8 9 6 7 7 6 7 9 4 11 7 7 9 11 11 11 1 11 9 8 7 0 11 4 4
split_gain=4392.17 1145.73 666.714 498.174 445.417 228.527 194.412 165.32 163.093 135.718 132.371 128.949 120.631 84.3503 81.1938 80.9624 76.7011 77.1987 71.2288 72.7495 70.0543 68.4913 60.9654 80.7368 58.8969 56.5216 54.926 46.7657 44.9858 42.7963
threshold=0.35649950000000002 0.23694200000000001 -1.9632130604085836 -5.0861548832608099 0.58353600000000005 -3.1257689368057004 0.17482375000000003 -7.1583493145329467 -3.5295199212817159 -1.864749941035988 -4.8073962297221309 -6.0515327842249702 0.29415975000000005 -0.65233439311274211 -0.10674599999999997 -6.0515327842249702 -4.366188481012137 0.45256325000000008 0.100952 -0.040221500000000007 0.051528500000000012 0.24436051794638816 -0.3373894999999999 1.2747032500000002 -3.8312451440838529 -0.65197974115322166 0.043847459396568318 0.02254400000000004 -0.11821943915369519 -0.27082112153184834
decision_type=2 2 2 2 2 2 2 2 2 2 2 2 2 2 2 2 2 2 2 2 2 2 2 2 2 2 2 2 2 2
left_child=1 3 5 15 7 24 9 -4 11 -5 21 -3 26 -12 -7 -1 -9 -18 19 -13 -16 -6 -15 -24 -2 28 -10 -17 -8 -14
right_child=2 8 4 6 10 14 25 16 12 -11 13 18 29 22 20 27 17 -19 -20 -21 -22 -23 23 -25 -26 -27 -28 -29 -30 -31
leaf_value=-0.074438283406754041 -0.038227933293565851 -0.08805084345194529 -0.11379145720543596 -0.02019742183497087 0.017730018464119538 -0.006348933625424988 -0.0075886953971019177 -0.078876676183677857 -0.0020923653022193729 -0.064186538388021283 0.037665680260594178 -0.02368196541758574 0.0065377110334196731 -0.0036514585521107423 0.0084267872431371526 -0.032676014193999778 0.0091195340865560578 0.015528201171687232 -0.036034871509146631 -0.0061720592472047147 -0.0022254807638798333 -0.092728312810262059 0.023551434858754897 0.05077717798493564 -0.011267797146802365 -0.071121637518517675 -0.0075778687281853295 -0.081255425192352571 -0.012904543591380111 0.00045470719538444451
leaf_weight=335 258 53 26 6776 23 1274 5233 23 13533 180 1243 682 3553 198 10757 309 8944 9901 245 4556 1802 36 8798 281 943 40 6885 59 16620 15528
leaf_count=335 258 53 26 6776 23 1274 5233 23 13533 180 1243 682 3553 198 10757 309 8944 9901 245 4556 1802 36 8798 281 943 40 6885 59 16620 15528
internal_value=-1.0728e-11 -0.00741732 0.0124303 -0.0150673 0.016801 0.0038619 -0.0140539 0.0122016 -0.00239739 -0.0213357 0.0250155 -0.0104347 -0.00127093 0.0254344 0.00567831 -0.056654 0.0123752 0.0124866 -0.0096844 -0.00845189 0.00689837 -0.0496683 0.0237955 0.0243941 -0.0170594 -0.0117403 -0.00394209 -0.0404646 -0.0116316 0.0015874
internal_weight=119094 74587 44507 29552 29473 15034 28849 18894 45035 6956 10579 5536 39499 10520 13833 703 18868 18845 5483 5238 12559 59 9277 9079 1201 21893 20418 368 21853 19081
internal_count=119094 74587 44507 29552 29473 15034 28849 18894 45035 6956 10579 5536 39499 10520 13833 703 18868 18845 5483 5238 12559 59 9277 9079 1201 21893 20418 368 21853 19081
is_linear=0
shrinkage=0.05


Tree=24
num_leaves=31
num_cat=0
split_feature=9 9 12 7 12 4 7 3 7 11 12 4 7 8 3 11 8 9 7 11 11 6 6 0 9 4 2 11 8 11
split_gain=3969.31 949.473 685.4 435.741 344.294 231.332 183.592 172.513 156.296 141.058 139.287 123.368 115.244 113.513 103.931 87.9038 70.5643 69.4129 69.1554 64.5707 67.5686 58.3067 54.4936 53.3815 51.4487 50.0081 48.1355 47.9065 47.1394 42.7326
threshold=0.3053860000000001 0.45913475000000009 -3.261356295553727 -3.3440647395422114 -4.3231783862489666 -0.44420199961383972 -4.0337992961490192 0.91406120760959486 -4.8226363254664175 -0.25466599999999995 -2.7425218630538408 -0.23331101051275979 -5.0861548832608099 -4.7917139135934015 0.3529441073302006 0.11810349999999999 -2.032661408101085 0.81629900000000011 -5.0861548832608099 -0.098558999999999966 0.046972499999999952 -4.3856160918270719 -6.1338054052746172 0.17343136579517918 0.99512200000000017 -0.10735730165655204 0.29044924967510594 0.027991000000000019 -4.0119331409987975 0.11810349999999999
decision_type=2 2 2 2 2 2 2 2 2 2 2 2 2 2 2 2 2 2 2 2 2 2 2 2 2 2 2 2 2 2
left_child=2 6 4 12 22 17 18 9 26 23 25 -8 -3 -6 19 24 28 -5 -2 -13 -21 -17 -1 -7 -11 -10 -4 -12 -15 -27
right_child=1 3 8 5 13 7 11 -9 10 15 27 14 -14 16 -16 21 -18 -19 -20 20 -22 -23 -24 -25 -26 29 -28 -29 -30 -31
leaf_value=-0.076981586912138911 -0.071355227246880523 -0.074396258519251426 -0.03347019650614342 0.023124467915994113 -0.056983205647907577 -0.006757565555967013 0.0084450821541653884 0.025260497960503003 -0.0054843590260622421 0.014301579593277915 -0.0023820520845797668 -0.012064558312407632 -0.014510761124429184 -0.02351719557441502 0.0070738521403858577 -0.058080268009798597 -0.046807563099135564 0.035585802858583947 -0.018896487035029941 0.0020150570206889993 -0.0083782440246225384 0.0031904345443862074 -0.042830718590659067 -0.058477483506907117 0.036796575060042629 -0.010193550697704631 -0.085539749698779949 -0.010443378201690723 -0.015306841873695014 -0.04204887042068086
leaf_weight=253 75 93 214 5002 181 537 12063 3170 7703 11357 18996 1030 590 2091 7716 40 197 1439 387 14027 1760 1326 217 55 260 15447 56 2041 10665 106
leaf_count=253 75 93 214 5002 181 537 12063 3170 7703 11357 18996 1030 590 2091 7716 40 197 1439 387 14027 1760 1326 217 55 260 15447 56 2041 10665 106
internal_value=1.16249e-11 0.008919 -0.0093422 0.0166963 -0.0191655 0.0178558 0.00390964 0.0147583 -0.00634338 0.0123059 -0.00611219 0.00430506 -0.022665 -0.0176608 0.00226939 0.0133942 -0.0171113 0.0259085 -0.0274125 6.49938e-05 0.000856369 0.00139627 -0.0612141 -0.0115626 0.014805 -0.00877894 -0.0442698 -0.00316416 -0.0166527 -0.0104107
internal_weight=119094 60927 58167 23869 13604 23186 37058 16745 44563 13575 44293 36596 683 13134 24533 12983 12953 6441 462 16817 15787 1366 470 592 11617 23256 270 21037 12756 15553
internal_count=119094 60927 58167 23869 13604 23186 37058 16745 44563 13575 44293 36596 683 13134 24533 12983 12953 6441 462 16817 15787 1366 470 592 11617 23256 270 21037 12756 15553
is_linear=0
shrinkage=0.05


Tree=25
num_leaves=31
num_cat=0
split_feature=9 9 8 6 9 12 8 6 7 6 7 9 8 8 4 4 3 11 11 12 5 4 10 11 11 11 7 8 11 9
split_gain=3604.57 933.045 555.82 417.609 394.481 188.612 175.625 155.479 140.287 115.553 99.3747 98.619 81.1152 75.5845 75.0267 69.2719 65.5026 65.2396 62.1883 60.6504 60.1138 58.6858 61.7536 53.6014 52.857 63.9101 49.496 48.6823 47.7512 60.4967
threshold=0.35649950000000002 0.23694200000000001 -2.0549778658105669 -7.1583493145329467 0.58353600000000005 -3.7107600236839668 -3.1257689368057004 -7.1583493145329467 -3.7653412913986006 -6.1338054052746172 -6.0515327842249702 0.29415975000000005 -4.4489592662414834 -2.1315039166479379 -0.56191913186163445 -0.40939810749370115 0.91406120760959486 -0.25466599999999995 0.31141999999999997 -3.3377496047737769 -4.9587975465302385 -0.19511911514463973 -0.061191999999999989 -0.142628 -0.037269500000000004 0.087065000000000017 0.14883265963629269 -3.8312451440838529 0.246304 1.2747032500000002
decision_type=2 2 2 2 2 2 2 2 2 2 2 2 2 2 2 2 2 2 2 2 2 2 2 2 2 2 2 2 2 2
left_child=1 3 6 -1 7 13 27 -4 10 -6 -3 26 -7 -5 -11 -9 23 20 -19 -14 -17 -8 -23 -16 -12 -26 -10 -2 29 -25
right_child=2 8 4 5 9 12 21 15 11 14 24 -13 19 -15 16 17 -18 18 -20 -21 -22 22 -24 28 25 -27 -28 -29 -30 -31
leaf_value=-0.070076155245264948 -0.034914700092017734 -0.080496382122894505 -0.10485975142439892 -0.022019698656078807 -0.077032944071909484 -0.043304577070503641 0.0088956358481053384 0.016673708067626986 -0.0036615662597931664 0.030596860726721194 -0.027379447971090522 0.0011168859166639435 -0.015096026149889377 -0.053516688170879713 0.0018931282185618886 -0.10090273594856264 0.028468830783640084 0.0098940938030009831 -0.048323313324995669 -0.0097079957744110896 -0.0038103414360772477 -0.0095705235794841421 0.0035236767949755306 0.019833317577204922 -0.0063373979562591741 -0.036724410778942472 -0.080459724639409369 -0.010403688402577577 0.0022425585385198242 0.056033784902844011
leaf_weight=324 258 53 29 3338 29 199 4493 4267 22171 2447 441 19845 7332 202 472 25 2012 16421 46 18157 44 1053 6214 5258 2317 187 21 943 378 118
leaf_count=324 258 53 29 3338 29 199 4493 4267 22171 2447 441 19845 7332 202 472 25 2012 16421 46 18157 44 1053 6214 5258 2317 187 21 943 378 118
internal_value=-2.40956e-11 -0.00671946 0.0112608 -0.013623 0.0148423 -0.0129972 0.00254361 0.0108325 -0.00218935 0.0226389 -0.012639 -0.0014441 -0.0115061 -0.023817 0.0229094 0.0109938 0.0206259 0.00952817 0.00973147 -0.0112579 -0.0389887 0.00440361 0.00162631 0.0180914 -0.0114178 -0.00860672 -0.00373424 -0.0156692 0.0194201 0.0206279
internal_weight=119094 74587 44507 29552 31546 29228 12961 20832 45035 10714 2998 42037 25688 3540 10685 20803 8238 16536 16467 25489 69 11760 7267 6226 2945 2504 22192 1201 5754 5376
internal_count=119094 74587 44507 29552 31546 29228 12961 20832 45035 10714 2998 42037 25688 3540 10685 20803 8238 16536 16467 25489 69 11760 7267 6226 2945 2504 22192 1201 5754 5376
is_linear=0
shrinkage=0.05


Tree=26
num_leaves=31
num_cat=0
split_feature=9 9 8 9 7 7 7 6 7 9 6 9 9 6 11 11 7 0 7 11 7 6 6 11 11 10 0 11 11 3
split_gain=3253.12 843.966 501.628 356.844 344.58 161.014 155.473 140.69 140.453 138.424 97.404 96.0331 78.6294 69.7256 67.1951 76.01 60.483 59.4487 56.6128 56.2762 55.0532 53.4068 47.0811 46.1628 46.8103 45.5241 43.5627 42.74 41.0799 40.5208
threshold=0.35649950000000002 0.22601025000000002 -2.0549778658105669 0.55698425000000007 -5.0861548832608099 -3.6810320043680052 -4.577970417832244 -7.1583493145329467 -0.87340761126242483 0.29415975000000005 -3.3173819338899784 0.17088325000000001 0.93081225000000012 -7.1583493145329467 -0.06482099999999999 0.051528500000000012 -3.7482722625808083 0.04920840595047727 -6.0515327842249702 0.033709000000000024 -6.0515327842249702 -6.4665603489108898 -6.1338054052746172 -0.12881199999999998 0.044937000000000012 -0.023051999999999986 -0.10387990301468668 -0.25466599999999995 0.02254400000000004 -0.2282758492588122
decision_type=2 2 2 2 2 2 2 2 2 2 2 2 2 2 2 2 2 2 2 2 2 2 2 2 2 2 2 2 2 2
left_child=1 4 5 7 18 20 13 -4 11 19 21 -6 26 -3 -7 -16 -9 29 -1 25 -2 -5 -21 -11 -25 -8 -12 -19 -20 -18
right_child=2 6 3 10 8 14 9 16 -10 23 12 -13 -14 -15 15 -17 17 27 28 22 -22 -23 -24 24 -26 -27 -28 -29 -30 -31
leaf_value=-0.06404148177008083 -0.070838540982455012 -0.099413176186573818 -0.10639746034016229 -0.065044325384600407 -0.018130880963762638 -0.0049335938735697894 -0.0090237393307947555 -0.041437553751624723 -0.058205693434814326 -0.01390829036035175 0.025210457098996782 -0.010790595250189826 0.031875908766363897 -0.028290142172300949 0.0072915908960007663 -0.0041769116725435687 0.017352174897076886 -0.056212394187847771 -0.027701427375884831 -0.089054988073185085 -0.016515634089315136 0.0044958607576417202 -0.011953260623891737 0.00182337903784745 -0.0072387362017309158 -0.0031766258807795727 0.017982825256712538 0.00681294294634361 -0.074042968151339317 0.010625561896608978
leaf_weight=326 50 39 26 29 5911 1869 3894 57 170 524 2940 18101 1644 296 8612 1736 2996 27 297 20 694 576 1977 18493 1544 22938 7167 7225 57 8859
leaf_count=326 50 39 26 29 5911 1869 3894 57 170 524 2940 18101 1644 296 8612 1736 2996 27 297 20 694 576 1977 18493 1544 22938 7167 7225 57 8859
internal_value=-2.9503e-12 -0.00638348 0.0106978 0.0141002 -0.0139053 0.00241643 -0.00262267 0.00983306 -0.0129182 -0.00239242 0.0207275 -0.0125975 0.0217348 -0.0365701 0.0037917 0.00536761 0.00999075 0.0101442 -0.0490078 -0.00462786 -0.0201664 0.00116253 -0.0127254 0.000741948 0.00112508 -0.00402519 0.0200853 0.00657829 -0.0351632 0.0123255
internal_weight=119094 74587 44507 31546 24862 12961 49725 19190 24182 49390 12356 24012 11751 335 12217 10348 19164 19107 680 28829 744 605 1997 20561 20037 26832 10107 7252 354 11855
internal_count=119094 74587 44507 31546 24862 12961 49725 19190 24182 49390 12356 24012 11751 335 12217 10348 19164 19107 680 28829 744 605 1997 20561 20037 26832 10107 7252 354 11855
is_linear=0
shrinkage=0.05


Tree=27
num_leaves=31
num_cat=0
split_feature=9 9 12 6 7 6 4 7 6 9 6 3 4 3 7 9 8 8 8 11 8 7 11 11 4 3 9 0 11 9
split_gain=2939.32 652.308 549.613 300.104 286.731 173.619 145.619 117.972 112.042 106.341 103.977 102.889 102.241 97.2175 86.3287 86.2817 61.2029 59.497 58.7077 56.581 55.8306 60.2379 49.9455 47.4917 45.7491 54.0036 44.1783 42.7561 38.7568 40.0861
threshold=0.33272000000000007 0.20916625000000003 -1.3110343104926454 -6.4665603489108898 -2.7859465050974377 -4.7700428547793097 -0.15509627066841317 -4.685992601504112 -6.1338054052746172 0.41107725000000006 -7.1583493145329467 0.2734052112287178 -0.42888253665975901 0.38137701659148265 -4.4986453002836209 0.14201150000000004 -2.7611204803656744 -1.9971522491891605 -3.681347005171816 -0.25466599999999995 -2.9107245187769561 -6.0515327842249702 0.129186 0.246304 -0.1787250151918883 0.3529441073302006 0.81629900000000011 0.0065943125300090841 0.023307999999999943 0.26466475000000006
decision_type=2 2 2 2 2 2 2 2 2 2 2 2 2 2 2 2 2 2 2 2 2 2 2 2 2 2 2 2 2 2
left_child=1 3 5 20 14 10 -3 17 -6 24 -2 18 26 19 -4 -5 -11 -8 -9 -14 21 -1 -17 -21 -7 -26 -10 -18 29 -20
right_child=2 6 4 15 8 9 7 11 12 16 -12 -13 13 -15 -16 22 27 -19 28 23 -22 -23 -24 -25 25 -27 -28 -29 -30 -31
leaf_value=-0.063329310703999067 -0.085688358661262135 0.00034044759459044937 -0.053533828574599644 -0.024966881570167052 -0.089877295990784978 0.0061567577062049926 -0.028989533802195551 -0.018602920929732338 0.020977224094815835 -0.0042907039473938126 -0.012165451972363277 -0.0014373850519910601 -0.01101852509588103 0.02078240962169316 -0.0044259181004399819 -0.012590628332936499 0.012606958068110777 -0.10013977826297654 -0.0079411160709598836 0.01324890574395555 -0.073485836324256815 -0.022665182984607339 -0.083317486524581916 -0.0060286729552216705 -0.0014791913672151484 0.006055654521822087 0.031006078288684485 0.007059326372367003 -0.012405631610130023 -0.0033679922345997795
leaf_weight=158 51 14507 99 1573 24 8806 268 1087 4183 799 842 11289 280 4422 932 16137 7223 33 10902 5064 185 215 25 341 6570 3727 1489 6690 2623 8550
leaf_count=158 51 14507 99 1573 24 8806 268 1087 4183 799 842 11289 280 4422 932 16137 7223 33 10902 5064 185 215 25 341 6570 3727 1489 6690 2623 8550
internal_value=-1.78759e-11 -0.00686135 0.00899263 -0.014924 0.0164064 0.00539682 -0.00386718 -0.00562362 0.0180732 0.0059715 -0.0163644 -0.00535132 0.0182373 0.0152223 -0.00914142 -0.013788 0.00916658 -0.0367901 -0.00725895 0.0108974 -0.0510285 -0.0398902 -0.0127 0.0120327 0.00351084 0.00124805 0.02361 0.00993941 -0.00670036 -0.00593103
internal_weight=119094 67552 51542 18293 16834 34708 49259 34752 15803 33815 893 34451 15779 10107 1031 17735 14712 301 23162 5685 558 373 16162 5405 19103 10297 5672 13913 22075 19452
internal_count=119094 67552 51542 18293 16834 34708 49259 34752 15803 33815 893 34451 15779 10107 1031 17735 14712 301 23162 5685 558 373 16162 5405 19103 10297 5672 13913 22075 19452
is_linear=0
shrinkage=0.05


Tree=28
num_leaves=31
num_cat=0
split_feature=9 9 4 6 6 3 12 9 11 8 4 6 8 8 6 12 12 11 11 11 11 12 3 4 8 0 7 7 9 4
split_gain=2655.74 715.415 403.406 319.336 292.529 245.465 141.758 138.078 122.22 122.009 112.291 85.4485 83.0266 67.9719 64.4222 62.3851 61.1564 60.7111 60.1302 56.2859 57.9331 60.6316 50.9494 48.1405 43.3919 42.2602 40.1571 36.4302 34.8148 33.7143
threshold=0.35980300000000004 0.23694200000000001 -0.34339678432534881 -7.1583493145329467 -5.1961345945403261 0.5314322678856882 -3.7107600236839668 0.61470675000000008 0.246304 -2.7611204803656744 -0.18669959579734194 -7.1583493145329467 -2.9475109403189772 -4.4489592662414834 -7.1583493145329467 -4.3231783862489666 -0.94239668526473808 -0.049662999999999922 0.024975500000000015 0.246304 -0.25466599999999995 -1.542742918490688 0.51977455012375107 -0.11136125466123591 -1.3514353655178424 0.042100333732263857 -0.4121299360677218 -0.70053649234536841 0.99512200000000017 -0.15860604769124356
decision_type=2 2 2 2 2 2 2 2 2 2 2 2 2 2 2 2 2 2 2 2 2 2 2 2 2 2 2 2 2 2
left_child=1 3 7 -1 11 9 15 -2 10 -6 -3 -4 17 -8 -14 -5 -7 -12 -19 20 26 -22 25 -15 -25 -16 -11 -9 -23 -13
right_child=2 8 4 6 5 16 13 27 -10 19 12 29 14 23 22 -17 -18 18 -20 -21 21 28 -24 24 -26 -27 -28 -29 -30 -31
leaf_value=-0.061106628556390874 0.013049971414737209 0.0023537171469321799 -0.080511456096353823 -0.04170148828789539 -0.0064010915444967066 0.012327942606391709 -0.039009235281235163 0.019885836386814491 -0.055652094597573434 -0.0083537168571282596 -0.018147547220736446 0.003662287151285758 -0.078784240188973925 -0.0058485180648327507 -0.00046429063166377463 -0.018488255822151991 0.022649574547321777 -0.0038261433513095684 -0.015376274306273321 -0.013069733410355692 0.0043347975046356844 0.0096343232968348486 0.0043383608845531541 -0.010763651905308964 -0.049923995524172635 -0.0050587808529512709 -0.074946840433403855 0.028437259680333518 0.032088027307421683 -0.031270498067794389
leaf_weight=324 8527 12692 78 318 2296 5709 199 3005 105 399 1105 90 27 6219 11715 3222 1917 7028 1342 388 11535 7000 3221 19199 71 8738 24 2127 177 297
leaf_count=324 8527 12692 78 318 2296 5709 199 3005 105 399 1105 90 27 6219 11715 3222 1917 7028 1342 388 11535 7000 3221 19199 71 8738 24 2127 177 297
internal_value=-2.96042e-12 -0.00567102 0.00983047 -0.0117406 0.0065792 0.00720059 -0.0111934 0.01695 -0.00176939 0.00450167 -0.00164605 -0.0327691 -0.00317622 -0.00990076 -0.00159471 -0.0205735 0.0149226 -0.00713226 -0.00567803 0.00578389 0.00616618 0.00657983 -0.00150667 -0.0096735 -0.0109079 -0.00242716 -0.0121321 0.02343 0.0101881 -0.0231466
internal_weight=119094 75525 43569 29552 29910 29445 29228 13659 45973 21819 45868 465 33176 25688 23701 3540 7626 9475 8370 19523 19135 18712 23674 25489 19270 20453 423 5132 7177 387
internal_count=119094 75525 43569 29552 29910 29445 29228 13659 45973 21819 45868 465 33176 25688 23701 3540 7626 9475 8370 19523 19135 18712 23674 25489 19270 20453 423 5132 7177 387
is_linear=0
shrinkage=0.05


Tree=29
num_leaves=31
num_cat=0
split_feature=12 12 9 7 6 6 8 11 9 6 9 9 7 10 9 11 7 11 11 0 6 11 11 11 11 0 11 6 8 9
split_gain=2413.57 587.136 426.566 278.718 223.528 171.903 137.828 111.748 103.436 101.78 96.9458 81.4411 67.4951 62.9371 56.9779 56.4189 56.3083 56.1628 68.935 52.8786 44.8359 43.9649 45.814 42.5992 47.3004 42.1061 41.7069 43.895 40.1006 38.2664
threshold=-2.3723574575594824 -1.4161460377249446 0.19153450000000002 -3.3570157494659187 -6.4665603489108898 -4.4610780682763824 -1.4822777976823212 0.246304 0.24956400000000004 -7.1583493145329467 0.38821700000000009 0.74734950000000011 -5.0861548832608099 0.21790900000000005 0.12897725000000002 -0.3373894999999999 -4.8226363254664175 -0.18208799999999997 0.11810349999999999 0.095688707780656648 -3.9282017871971084 -0.21103749999999996 0.14251800000000001 -0.049662999999999922 0.02254400000000004 0.042100333732263857 -0.073818999999999982 -5.2682388205839912 -2.9756407662635973 1.2747032500000002
decision_type=2 2 2 2 2 2 2 2 2 2 2 2 2 2 2 2 2 2 2 2 2 2 2 2 2 2 2 2 2 2
left_child=2 5 4 12 -1 9 17 8 16 -2 23 15 -3 21 -6 19 -4 -5 -19 -8 -13 -11 -23 -7 -25 -18 27 -10 -12 -22
right_child=1 3 7 6 14 10 11 -9 26 13 28 20 -14 -15 -16 -17 25 18 -20 -21 29 22 -24 24 -26 -27 -28 -29 -30 -31
leaf_value=-0.048613662986090503 -0.076071255699845797 -0.062727754840245814 -0.033848768879481635 -0.0059558690248008609 -0.028323402972755613 -0.004923655735866634 0.0079999077171087271 -0.076964546167464176 -0.061653065368194475 -0.038869880344718694 -0.0063982741036927894 -0.026799310905165796 -0.013748074524203586 -0.049510541023540029 -0.013348123012351771 0.015644099564504989 -0.0056261129969812423 0.012525439636928688 -0.0044854283702810355 -0.10107663590461016 0.022956238654760024 -0.0033509728981761288 -0.044279099930025323 0.0039693160007108303 -0.0023017470116721206 -0.010198092253023823 -0.0021786551137170369 -0.010513157007790645 0.0077270739303655842 0.040136836340627438
leaf_weight=492 57 83 199 584 674 1909 25 54 44 100 519 43 461 89 11028 9177 15249 4699 682 20 3517 1849 71 17289 3640 7519 22003 905 15756 357
leaf_count=492 57 83 199 584 674 1909 25 54 44 100 519 43 461 89 11028 9177 15249 4699 682 20 3517 1849 71 17289 3640 7519 22003 905 15756 357
internal_value=-3.1384e-12 0.00695487 -0.00728487 0.0140693 -0.0155987 0.00356854 0.0150742 -0.00507968 -0.00499514 -0.0101428 0.00432784 0.0179358 -0.0212211 -0.00836093 -0.0142107 0.0153702 -0.00736744 0.00877112 0.0103694 -0.0404786 0.0239759 -0.0065479 -0.00486446 0.00222646 0.00287864 -0.00713598 -0.0026213 -0.0128842 0.00727663 0.0245395
internal_weight=119094 60927 58167 19648 12194 41279 19104 45973 45919 2166 39113 13139 544 2109 11702 9222 22967 5965 5381 45 3917 2020 1920 22838 20929 22768 22952 949 16275 3874
internal_count=119094 60927 58167 19648 12194 41279 19104 45973 45919 2166 39113 13139 544 2109 11702 9222 22967 5965 5381 45 3917 2020 1920 22838 20929 22768 22952 949 16275 3874
is_linear=0
shrinkage=0.05


Tree=30
num_leaves=31
num_cat=0
split_feature=9 9 9 6 12 4 6 3 6 7 7 4 3 4 3 8 7 9 11 11 8 11 10 11 11 2 11 2 0 7
split_gain=2179.71 557.167 366.666 279.982 204.747 141.566 130.135 119.103 115.874 95.1188 80.2722 77.9166 74.5573 72.7992 79.3952 70.0599 69.0645 64.2262 51.9486 51.0605 47.958 45.4047 44.9216 43.4065 47.018 41.8549 35.8139 35.4569 34.1175 40.0677
threshold=0.30022725000000006 0.45256325000000008 0.19153450000000002 -3.7813409546536341 -4.3231783862489666 -0.34339678432534881 -4.4610780682763824 0.3937091721794837 -7.1583493145329467 -4.8226363254664175 -4.366188481012137 -0.10735730165655204 0.49974726473368819 -0.18468788612996004 0.3529441073302006 -4.4489592662414834 -3.5711363262657021 0.76694375000000015 -0.25466599999999995 0.100952 -2.2152016814256537 0.071189500000000003 0.21790900000000005 -0.054970499999999985 0.02254400000000004 0.40925651996270301 -0.21103749999999996 0.35340766221973868 0.043847459396568318 -3.0605666559286608
decision_type=2 2 2 2 2 2 2 2 2 2 2 2 2 2 2 2 2 2 2 2 2 2 2 2 2 2 2 2 2 2
left_child=2 6 4 8 27 17 10 18 -3 25 -2 -11 19 -8 23 -6 -10 -5 -7 28 -17 -20 26 -15 -25 -4 -12 -1 29 -13
right_child=1 3 9 5 15 7 13 -9 16 11 22 12 -14 14 -16 20 -18 -19 21 -21 -22 -23 -24 24 -26 -27 -28 -29 -30 -31
leaf_value=-0.038141706531225686 -0.042506256031559872 -0.084039515852928168 -0.027931496507737266 0.015846882574737764 -0.031834414402022962 -0.010323956515887918 0.0058941939427102526 0.015613289316386964 -0.026539110140146063 -0.0021978798766223973 -0.042503545308159855 -0.0075525611386168968 0.0016511559275441097 -0.0091682513038152669 0.0056337421380826614 -0.012247956544364356 -0.00027964204120563469 0.025333529454326754 0.0089709925869737341 -0.025533909821428183 -0.036037905534572527 -0.001482438427045716 -0.046765256724528859 0.0016848462092371526 -0.0060583067063249901 -0.095688826680183414 -0.0038755948443757364 -0.068049755215671068 -0.0094197911586834625 -0.0020725290599484794
leaf_weight=328 168 50 258 7573 500 452 15530 5803 329 17077 62 9135 2527 1428 7049 11008 1048 2334 5961 381 216 1258 67 9345 2481 25 1865 142 9440 5254
leaf_count=328 168 50 258 7573 500 452 15530 5803 329 17077 62 9135 2527 1428 7049 11008 1048 2334 5961 381 216 1258 67 9345 2481 25 1865 142 9440 5254
internal_value=1.36987e-11 0.00640404 -0.00714488 0.0122323 -0.0148188 0.0135446 0.00259859 0.0102085 -0.00926868 -0.00502284 -0.0093143 -0.00483621 -0.00652132 0.00331736 0.00134631 -0.0135216 -0.00655369 0.0180819 0.00611977 -0.00737435 -0.0127058 0.00714935 -0.00651779 -0.000933909 6.03948e-05 -0.0339171 -0.00511842 -0.0471778 -0.007084 -0.00555158
internal_weight=119094 62803 56291 24808 12194 23381 37995 13474 1427 44097 2162 43814 26737 35833 20303 11724 1377 9907 7671 24210 11224 7219 1994 13254 11826 283 1927 470 23829 14389
internal_count=119094 62803 56291 24808 12194 23381 37995 13474 1427 44097 2162 43814 26737 35833 20303 11724 1377 9907 7671 24210 11224 7219 1994 13254 11826 283 1927 470 23829 14389
is_linear=0
shrinkage=0.05


Tree=31
num_leaves=31
num_cat=0
split_feature=9 9 9 6 6 6 11 6 4 9 6 8 7 3 12 8 0 11 11 11 11 11 8 11 8 7 10 11 7 0
split_gain=1973.8 412.75 410.298 207.804 204.5 148.344 102.808 99.5759 89.8775 89.7953 88.7205 68.1631 66.8827 68.1223 65.287 63.8752 64.995 59.0109 60.1903 50.5185 54.5869 46.5799 44.9657 44.2542 43.7681 43.1074 39.5998 41.8345 37.0712 35.2471
threshold=0.32297300000000007 0.52842800000000012 0.20788050000000002 -6.4665603489108898 -2.9836270762206381 -4.3856160918270719 0.246304 -7.1583493145329467 -0.15509627066841317 0.41107725000000006 -5.5196325287999839 -1.3514353655178424 -6.0515327842249702 0.2774225004325192 1.0000000180025095e-35 -4.4489592662414834 0.24443855308118304 0.246304 -0.142628 0.087065000000000017 -0.21103749999999996 -0.25466599999999995 -2.554339440823544 0.093479000000000076 -2.4772119610845151 -5.0861548832608099 -0.016711499999999987 0.021773000000000018 -4.8226363254664175 0.022420230382142806
decision_type=2 2 2 2 2 2 2 2 2 2 2 2 2 2 2 2 2 2 2 2 2 2 2 2 2 2 2 2 2 2
left_child=2 5 3 22 10 7 8 -2 -4 -7 -3 -6 -10 26 -13 -5 -17 18 -12 20 24 -11 25 29 -9 -1 -14 -28 -15 -23
right_child=1 4 6 15 11 9 -8 19 12 21 17 14 13 28 -16 16 -18 -19 -20 -21 -22 23 -24 -25 -26 -27 27 -29 -30 -31
leaf_value=-0.047955830705082303 -0.076136801108993873 -0.041416879772670633 0.00012361333771473339 -0.02845266323895132 0.010628915434807326 0.0028264415614996127 -0.065829913391534128 -0.022764417081971161 -0.061425055774788441 -0.012234258970497201 -0.013095539737318022 0.016830277358835712 -0.010801554946690141 -0.045654662412175161 0.030115867349692006 -0.010650747392773677 -0.052125527860694812 -0.023437942208861039 0.0096307339679551074 -0.034751086473591965 -0.0025500101641356228 0.011066003361458847 -0.063985601692076996 -0.0021432746555845208 -0.099796623882392188 -0.01411692935556251 -0.0043778379807317587 -0.011535939115105606 -0.0011493085229443091 0.0060154168464719793
leaf_weight=214 54 127 13115 534 4205 21570 66 93 52 284 371 8608 3900 47 1036 16642 95 208 1357 154 1645 8104 170 967 23 168 16466 2330 10468 6021
leaf_count=214 54 127 13115 534 4205 21570 66 93 52 284 371 8608 3900 47 1036 16642 95 208 1357 154 1645 8104 170 967 23 168 16466 2330 10468 6021
internal_value=-6.25343e-12 0.00696905 -0.00594538 -0.0123945 0.0137535 0.00419496 -0.00347052 -0.00917737 -0.00338177 0.00490762 -0.000932901 0.0159412 -0.00476389 -0.00467517 0.0182575 -0.0114293 -0.0108862 0.00172281 0.00475142 -0.00728922 -0.00488767 0.00782717 -0.0425937 0.00820469 -0.038038 -0.0330738 -0.00621653 -0.00526517 -0.00134824 0.00891311
internal_weight=119094 54827 64267 17823 15912 38915 46444 1969 46378 36946 2063 13849 33263 33211 9644 17271 16737 1936 1728 1915 1761 15376 552 15092 116 382 22696 18796 10515 14125
internal_count=119094 54827 64267 17823 15912 38915 46444 1969 46378 36946 2063 13849 33263 33211 9644 17271 16737 1936 1728 1915 1761 15376 552 15092 116 382 22696 18796 10515 14125
is_linear=0
shrinkage=0.05


Tree=32
num_leaves=31
num_cat=0
split_feature=9 9 7 6 9 6 8 7 7 6 4 9 3 8 0 6 11 11 8 7 4 4 11 11 3 8 9 8 7 4
split_gain=1790.7 470.648 301.749 219.744 213.221 123.51 111.88 84.6028 82.3677 81.3729 80.5678 79.2509 72.7475 64.639 61.6357 45.7017 45.2569 50.4235 44.9738 44.9487 43.8054 43.4335 43.2603 54.6079 40.9407 39.8976 37.6755 35.995 33.7554 31.1244
threshold=0.29659200000000002 0.48042150000000006 -5.0861548832608099 -3.7979959625806794 0.20002825000000002 -4.4365515277367695 -1.6573726141258043 -1.4317673682138703 -5.0861548832608099 -7.1583493145329467 -0.25845161791424726 0.73079900000000009 0.64702726584195924 -3.7514177648255016 0.043847459396568318 -7.1583493145329467 -0.078832999999999973 0.14251800000000001 -2.9561406301559194 0.14883265963629269 -0.225361995153633 -0.19728020712224378 -0.054970499999999985 0.02254400000000004 0.3937091721794837 -1.7442903121511331 1.2747032500000002 -4.0119331409987975 -0.4121299360677218 -0.65233439311274211
decision_type=2 2 2 2 2 2 2 2 2 2 2 2 2 2 2 2 2 2 2 2 2 2 2 2 2 2 2 2 2 2
left_child=2 5 15 8 7 9 20 27 -3 -2 -7 -8 22 -6 18 -1 25 -18 -15 -16 -5 -10 -12 -24 -22 -11 29 -4 -23 -13
right_child=1 3 4 6 13 10 11 -9 21 16 12 26 -14 14 19 -17 17 -19 -20 -21 24 28 23 -25 -26 -27 -28 -29 -30 -31
leaf_value=-0.055710803572071234 -0.067213667514162106 -0.056485816892557619 -0.016889539776143592 0.01162025449911111 -0.014770116849795723 0.0068491690989097844 0.012785443238329839 -0.044375227931353345 0.0066561046981895265 -0.019782446667135873 -0.0053784385216683259 0.028700532254971441 0.0087372102489302085 -0.0048200907359066507 -0.0066678516978588391 -0.029468836156378925 -0.0026257613466189158 -0.037526414508679287 -0.00063097541652591942 -0.072478480063951939 -0.0027105090940586613 -0.011607121380009307 0.0028758686603881892 -0.0032171216653249729 0.010305414614286128 -0.083959295876600129 0.035874644239641172 -0.0098914048241289382 -0.065985026247799394 0.017279535935514543
leaf_weight=243 57 87 2169 2145 1422 11655 10749 192 416 235 2403 727 3455 11684 12418 523 2048 109 14186 26 1675 586 18576 4585 945 27 376 12021 30 3324
leaf_count=243 57 87 2169 2145 1422 11655 10749 192 416 235 2403 727 3455 11684 12418 523 2048 109 14186 26 1675 586 18576 4585 945 27 376 12021 30 3324
internal_value=2.5753e-11 0.00566837 -0.00663155 0.0117958 -0.00619047 0.00267779 0.0130057 -0.0114072 -0.00976466 -0.00816433 0.00333779 0.0151042 0.00192751 -0.00430234 -0.00391384 -0.0377936 -0.00677293 -0.0043894 -0.00252296 -0.00680535 0.00632192 -0.00582595 0.00100717 0.00166969 0.00198417 -0.0263961 0.0207344 -0.0109611 -0.0142554 0.0193292
internal_weight=119094 64210 54884 21060 54118 43150 19941 14382 1119 2476 40674 15176 29019 39736 38314 766 2419 2157 25870 12444 4765 1032 25564 23161 2620 262 4427 14190 616 4051
internal_count=119094 64210 54884 21060 54118 43150 19941 14382 1119 2476 40674 15176 29019 39736 38314 766 2419 2157 25870 12444 4765 1032 25564 23161 2620 262 4427 14190 616 4051
is_linear=0
shrinkage=0.05


Tree=33
num_leaves=31
num_cat=0
split_feature=9 9 4 6 3 6 7 9 11 11 9 7 0 8 7 3 7 1 11 11 9 11 9 3 3 5 7 8 0 7
split_gain=1627.16 446.68 270.299 211.287 185.068 151.669 87.7508 85.0618 83.6661 80.4672 80.2486 63.3203 61.0434 49.7421 48.9428 47.8091 46.9141 42.4406 42.0755 52.0512 40.8859 37.0253 33.7001 32.5393 32.5259 32.4313 31.6696 31.5424 30.0345 29.4493
threshold=0.35980300000000004 0.23799825000000005 -0.34339678432534881 -6.4665603489108898 0.64702726584195924 -5.1370560909158876 -3.5295199212817159 0.61470675000000008 -0.142628 0.246304 0.17849100000000004 -6.0515327842249702 0.080234946379640029 -2.554339440823544 0.39437584531971381 -0.13870499746408591 -6.0515327842249702 0.27714533478477471 -0.040221500000000007 0.013897999999999995 0.52842800000000012 0.11810349999999999 0.12897725000000002 1.3998466257668714 0.73709530983756477 -1.3296411728288786 -4.366188481012137 -2.9475109403189772 -0.098870056497175215 -2.3668139278176268
decision_type=2 2 2 2 2 2 2 2 2 2 2 2 2 2 2 2 2 2 2 2 2 2 2 2 2 2 2 2 2 2
left_child=1 3 7 13 5 17 11 -2 -7 20 22 -3 15 16 24 -8 -1 26 -13 -20 -10 -12 -5 -6 -14 -11 -4 -17 -9 -19
right_child=2 6 4 10 23 8 12 28 9 25 21 18 14 -15 -16 27 -18 29 19 -21 -22 -23 -24 -25 -26 -27 -28 -29 -30 -31
leaf_value=-0.049462332623079419 0.010461477674670254 -0.061124344563318625 -0.04047037307173014 -0.023526089912626235 0.010314659908988168 -0.0074547029778679903 0.0048139158039644707 0.023124210269647782 0.0038276541916544976 -0.018198316272220131 -0.0068140507035639973 -0.018374124878051588 -0.0047675955449398046 -0.05951768049013776 -0.075652939795205987 -0.003595815402973357 -0.01618623994702529 -0.032018820124302204 -0.0021219535577527301 -0.014402808783649258 0.0093290661926656946 -0.037159015466505206 -0.011842951149417504 0.018170713177928254 0.011900942056366291 0.010984565831463913 -0.0085909694979535867 0.00054384553300882538 0.015368514981650422 -0.090376791433506729
leaf_weight=170 8527 54 110 674 4319 1598 5317 2144 16753 531 21281 677 7851 185 24 5925 281 52 3618 1133 4230 101 7329 1897 304 116 267 20601 2988 37
leaf_count=170 8527 54 110 674 4319 1598 5317 2144 16753 531 21281 677 7851 185 24 5925 281 52 3618 1133 4230 101 7329 1897 304 116 267 20601 2988 37
internal_value=1.29931e-11 -0.00443898 0.00769478 -0.00917305 0.00503341 0.00301893 -0.0013157 0.0135225 0.00358554 0.00440118 -0.00855595 -0.00724838 -0.000503074 -0.0376851 -0.00435606 0.000486579 -0.0287293 -0.0252241 -0.0067124 -0.00505064 0.00493669 -0.00695739 -0.0128269 0.0127122 -0.00414623 -0.0129661 -0.0178927 -0.000380813 0.0186086 -0.05628
internal_weight=119094 75525 43569 30021 29910 23694 45504 13659 23228 21630 29385 5482 40022 636 8179 31843 451 466 5428 4751 20983 21382 8003 6216 8155 647 377 26526 5132 89
internal_count=119094 75525 43569 30021 29910 23694 45504 13659 23228 21630 29385 5482 40022 636 8179 31843 451 466 5428 4751 20983 21382 8003 6216 8155 647 377 26526 5132 89
is_linear=0
shrinkage=0.05


Tree=34
num_leaves=31
num_cat=0
split_feature=9 9 7 6 9 6 4 7 11 11 3 7 4 3 4 3 5 11 4 11 11 11 6 6 8 0 9 11 2 9
split_gain=1471.04 398.277 252.112 230.715 169.706 116.745 100.348 85.6678 83.7499 84.9436 80.8113 73.0948 59.1858 70.7236 54.6926 55.9896 46.2006 41.6496 40.2221 34.9764 40.5199 28.3252 42.0535 27.3097 27.222 26.8832 26.6574 26.2918 28.7792 25.4647
threshold=0.29415975000000005 0.42645375000000002 -5.0861548832608099 -2.9836270762206381 0.19304500000000002 -7.1583493145329467 -0.50342274957816568 -4.4240130279610765 0.246304 -0.142628 0.91406120760959486 -1.4317673682138703 -0.14847562542611017 0.31736132833009484 -0.10735730165655204 0.49974726473368819 -9.5129067481309963 0.063584500000000002 -0.1141384552410644 0.046972499999999952 -0.057693999999999988 -0.06482099999999999 -4.885884075296488 -6.4665603489108898 -4.0119331409987975 0.048236721631792719 0.74734950000000011 -0.25466599999999995 1.3297423747402271 0.24532075000000006
decision_type=2 2 2 2 2 2 2 2 2 2 2 2 2 2 2 2 2 2 2 2 2 2 2 2 2 2 2 2 2 2
left_child=2 7 16 5 11 -3 -5 23 9 -7 18 24 -9 19 -6 17 -1 21 -8 20 -14 22 25 -2 -4 -16 -12 -20 -29 -23
right_child=1 3 4 6 14 8 10 12 -10 -11 26 -13 13 -15 15 -17 -18 -19 27 -21 -22 29 -24 -25 -26 -27 -28 28 -30 -31
leaf_value=-0.059531320659443734 -0.065201812345120652 -0.071943627989717901 -0.015660427362835499 0.018166237250958433 -0.0018543500228913091 -0.014057796491922859 0.0097779491546527708 0.0037702304272517876 -0.023224001539698828 0.0050565452768873533 0.01442724923943514 -0.042901142487640959 -0.010754027041163296 0.0035996133567806222 -0.032497965088114145 0.0017673534468912091 -0.028567816122038233 -0.017894972324952338 -0.016022018500262445 -0.010982678726491614 -0.00066879618940603701 -0.0070520354962111328 -0.011412040749557572 -0.021050727895248967 -0.0093432407817113355 -0.10019112553447485 0.02476277511487494 0.003619763747880519 0.025288376083629355 -0.0035514159685051984
leaf_weight=150 45 56 2064 4560 15752 677 12499 17908 343 4109 2450 176 1126 7089 55 2338 612 756 161 1170 8623 12519 809 158 9814 20 837 3177 161 8880
leaf_count=150 45 56 2064 4560 15752 677 12499 17908 343 4109 2450 176 1126 7089 55 2338 612 756 161 1170 8623 12519 809 158 9814 20 837 3177 161 8880
internal_value=4.41109e-12 0.0050566 -0.00610682 0.00941727 -0.00569767 -0.000141651 0.0114958 0.00155179 0.000642305 0.00235274 0.00991857 -0.0109149 0.00173486 -0.000289213 -0.00416861 -0.00560512 -0.034663 -0.00635328 0.00845146 -0.00281398 -0.00183363 -0.0059617 -0.0147325 -0.0308379 -0.010441 -0.0505495 0.0170591 0.00371302 0.00466489 -0.00559937
internal_weight=119094 65149 53945 29030 53183 5185 23845 36119 5129 4786 19285 12054 35916 18008 41129 25377 762 23039 15998 10919 9749 22283 884 203 11878 75 3287 3499 3338 21399
internal_count=119094 65149 53945 29030 53183 5185 23845 36119 5129 4786 19285 12054 35916 18008 41129 25377 762 23039 15998 10919 9749 22283 884 203 11878 75 3287 3499 3338 21399
is_linear=0
shrinkage=0.05


Tree=35
num_leaves=31
num_cat=0
split_feature=9 9 6 6 4 3 11 6 7 7 11 11 0 8 10 6 7 11 9 7 3 0 11 9 10 1 8 8 11 3
split_gain=1334.84 395.144 232.965 178.288 162.038 118.583 88.0879 87.5976 85.8624 69.7633 58.6265 72.4229 55.8274 52.9971 52.0773 46.1713 44.8858 44.3134 43.1935 42.0793 40.4931 37.3364 35.891 38.1686 34.4061 30.2476 29.9385 28.6116 27.949 27.5755
threshold=0.3723982500000001 0.23799825000000005 -3.8303019108550989 -7.1583493145329467 -0.40939810749370115 0.91406120760959486 0.246304 -7.1583493145329467 -4.4240130279610765 -3.4046858084358629 -0.10674599999999997 0.11810349999999999 0.060066270141127871 -1.3326263584484193 -0.021300499999999997 1.0943468274178154 -6.0515327842249702 0.024975500000000015 0.76694375000000015 0.39437584531971381 -0.194988563939785 0.046485042986332721 0.11810349999999999 0.52842800000000012 -0.019690999999999997 0.29296381419304446 -3.3406724483417043 -2.9475109403189772 0.026967500000000009 0.66679226325043983
decision_type=2 2 2 2 2 2 2 2 2 2 2 2 2 2 2 2 2 2 2 2 2 2 2 2 2 2 2 2 2 2
left_child=1 3 7 -1 18 14 9 -2 17 16 25 -12 20 21 15 -6 -3 -5 -4 29 -11 26 23 -16 -18 -9 -10 -22 -26 -14
right_child=2 6 4 8 5 -7 -8 10 13 12 11 -13 19 -15 22 -17 24 -19 -20 -21 27 -23 -24 -25 28 -27 -28 -29 -30 -31
leaf_value=-0.045187514622474417 -0.060030157384398868 -0.053066008036233937 0.012431420331463808 -0.01481184109586565 0.0012805765236435459 0.014734221450627305 -0.043973337275860447 -0.016584783360099994 -0.0077559866698314901 0.006197163198299608 0.0018281969408965757 -0.024205715253330831 -0.0034933292306989377 -0.036442566836965146 0.0057882365537311152 -0.057173924082342321 -0.011834595209171284 -0.038452541050896343 0.020736747082020199 -0.067862836092710502 -0.0030321992364720457 -0.0097180556652972303 -0.001391663693846693 0.011206456523068349 -0.0020448562868850824 -0.062431528354780032 -0.003764106264170371 0.0011749145686004282 -0.012600183826262032 0.0076509501484648568
leaf_weight=324 73 49 7271 2185 5252 3855 119 464 9110 3376 2152 305 10855 153 13202 34 1491 218 1995 25 4980 8335 1332 4312 5155 39 9696 21438 714 585
leaf_count=324 73 49 7271 2185 5252 3855 119 464 9110 3376 2152 305 10855 153 13202 34 1491 218 1995 25 4980 8335 1332 4312 5155 39 9696 21438 714 585
internal_value=1.12246e-11 -0.0037847 0.00740368 -0.00829808 0.00848859 0.00659117 -0.0010074 -0.0059218 -0.00789561 -0.000902341 -0.00458738 -0.00140353 -0.000100142 -0.00709788 0.00529034 0.000904592 -0.0053696 -0.0169565 0.0142196 -0.00306505 0.00104078 -0.00693246 0.00652047 0.00712222 -0.00505206 -0.0201395 -0.00569785 0.000381841 -0.00332898 -0.00292345
internal_weight=119094 78808 40286 30021 37253 27987 48787 3033 29697 48668 2960 2457 41259 27294 24132 5286 7409 2403 9266 11465 29794 27141 18846 17514 7360 503 18806 26418 5869 11440
internal_count=119094 78808 40286 30021 37253 27987 48787 3033 29697 48668 2960 2457 41259 27294 24132 5286 7409 2403 9266 11465 29794 27141 18846 17514 7360 503 18806 26418 5869 11440
is_linear=0
shrinkage=0.05


Tree=36
num_leaves=31
num_cat=0
split_feature=9 9 6 6 9 6 8 7 6 9 7 9 11 7 10 0 8 0 8 0 11 11 11 1 10 11 11 11 11 11
split_gain=1208.88 329.18 217.956 144.36 137.044 101.741 72.4951 71.2157 69.0756 68.987 55.7356 58.1188 51.1444 49.6916 45.9706 43.7557 44.0908 39.2164 38.55 39.987 38.3409 34.0692 33.944 33.5226 33.4998 33.3716 32.5911 31.0748 30.897 37.3842
threshold=0.29415975000000005 0.50988875000000011 -6.1338054052746172 -2.9836270762206381 0.21050975000000002 -4.4610780682763824 -2.3318633918723033 -3.8829578437329997 -7.1583493145329467 0.38821700000000009 -1.6803689420006382 1.0889377500000001 0.46210699999999993 -6.0515327842249702 0.21790900000000005 0.24443855308118304 -4.4489592662414834 0.04920840595047727 -3.7775354260575722 0.047383006898519715 -0.51730049999999983 -0.078832999999999973 0.11810349999999999 0.28506529355010141 0.18392850000000002 0.14251800000000001 -0.142628 -0.25466599999999995 -0.049662999999999922 0.017962499999999996
decision_type=2 2 2 2 2 2 2 2 2 2 2 2 2 2 2 2 2 2 2 2 2 2 2 2 2 2 2 2 2 2
left_child=2 5 6 7 15 8 13 -3 -2 28 22 17 26 -1 21 16 -4 -12 -6 -20 -19 -10 -5 -14 27 -23 -9 -11 -7 -30
right_child=1 3 4 10 18 9 -8 12 14 24 11 -13 23 -15 -16 -17 -18 20 19 -21 -22 25 -24 -25 -26 -27 -28 -29 29 -31
leaf_value=-0.041731224935238231 -0.060322055059174699 -0.027687016350682825 -0.023191443926315135 0.008715118544135524 -0.01323782440753013 -0.0043150727651384471 -0.051396694624907202 -0.01031740072814806 -0.021662435962690598 -0.011142827846213349 0.015495082659977713 0.027772059596550953 -0.018313299714924493 -0.013976902215125301 -0.039418556037443604 -0.04339750591820727 -0.0080278664187146201 -0.059844566029496497 -0.0018319927873385233 -0.0055616467472311215 0.0095557054090576986 -0.0013261220166473878 -0.0065361240681313841 -0.089600677825510511 -0.0079929791579722003 -0.034443473129804378 0.0063918875313621823 0.0059511031146069777 0.0028328788009486755 -0.0020457206012591662
leaf_weight=212 60 226 493 3763 939 2212 244 351 262 270 6428 718 94 674 99 90 17359 20 23601 10333 4029 2050 404 20 459 79 1731 17369 19594 4911
leaf_count=212 60 226 493 3763 939 2212 244 351 262 270 6428 718 94 674 99 90 17359 20 23601 10333 4029 2050 404 20 459 79 1731 17369 19594 4911
internal_value=7.57746e-12 0.00458394 -0.00553599 0.0103842 -0.00507111 0.00240613 -0.0272639 -0.000961098 -0.00730859 0.0029589 0.0121729 0.0140103 0.00178938 -0.0206179 -0.00603116 -0.00862194 -0.00844662 0.0130672 -0.00324422 -0.00296768 0.0092129 -0.00464874 0.00723648 -0.0308199 0.00534243 -0.002555 0.0035749 0.00568945 0.00134431 0.00185517
internal_weight=119094 65149 53945 17784 52815 47365 1130 2422 2550 44815 15362 11195 2196 886 2490 17942 17852 10477 34873 33934 4049 2391 4167 114 18098 2129 2082 17639 26717 24505
internal_count=119094 65149 53945 17784 52815 47365 1130 2422 2550 44815 15362 11195 2196 886 2490 17942 17852 10477 34873 33934 4049 2391 4167 114 18098 2129 2082 17639 26717 24505
is_linear=0
shrinkage=0.05


Tree=37
num_leaves=31
num_cat=0
split_feature=9 12 4 3 12 6 11 4 9 7 11 8 11 4 3 2 3 0 6 11 11 11 10 10 3 8 0 2 6 7
split_gain=1093.28 246.87 237.994 153.389 133.883 106.332 86.2893 74.4355 68.703 64.3433 64.2449 55.7827 52.283 50.2071 49.225 43.3708 34.9209 33.9886 33.385 31.9577 31.0079 29.324 28.481 31.9411 27.3657 27.3301 26.8415 26.547 26.3395 24.0401
threshold=0.33272000000000007 -3.0465296067401062 -0.34339678432534881 0.64702726584195924 -4.3231783862489666 -5.1370560909158876 0.246304 -0.073760027881113563 0.60654550000000007 -3.7653412913986006 0.179837 -4.4489592662414834 -0.034651999999999981 -0.21107098179268716 0.45406138140002655 0.31825630208951933 0.20783647605039471 0.039395769116245434 -7.1583493145329467 -0.142628 0.024975500000000015 0.071189500000000003 -0.035073999999999987 0.11221200000000002 1.3998466257668714 -0.86040030167634651 -0.04003333947861059 0.35340766221973868 -5.2682388205839912 -0.65197974115322166
decision_type=2 2 2 2 2 2 2 2 2 2 2 2 2 2 2 2 2 2 2 2 2 2 2 2 2 2 2 2 2 2
left_child=1 4 8 5 27 18 9 16 -2 12 11 -6 -3 -11 17 22 19 -15 -4 -7 -14 -21 -9 -24 -5 -19 -10 -1 -8 -13
right_child=2 6 3 24 10 7 28 15 26 13 -12 29 20 14 -16 -17 -18 25 -20 21 -22 -23 23 -25 -26 -27 -28 -29 -30 -31
leaf_value=-0.027171637758022751 0.0082890735889491803 -0.022410397131754814 -0.049513260790934932 0.0081447313612300343 -0.023521035118728689 -0.0063087161838843581 -0.099374263474474783 -0.01317831811393428 0.018676326539475322 0.0021017944427898332 -0.083696049085951282 -0.0073816851138610688 -0.0038442638500655077 -0.0016772152128827292 0.0026513861450872213 0.0027559209461997859 0.007034511346403813 -0.0050246004995897781 -0.014442993596639357 0.0038320471303142606 -0.017176236616768339 -0.0034510853671349505 -0.0011648160453213352 -0.013732873213917441 0.015171051690977384 -0.04695269423656357 0.011556126376328555 -0.053050498968042752 -0.035822251946332734 -0.035931735139063281
leaf_weight=328 9161 548 78 4832 557 961 23 863 2900 8066 28 20449 2977 18047 4388 2959 5880 11319 522 13631 511 1538 3240 599 1943 39 2435 142 56 74
leaf_count=328 9161 548 78 4832 557 961 23 863 2900 8066 28 20449 2977 18047 4388 2959 5880 11319 522 13631 511 1538 3240 599 1943 39 2435 142 56 74
internal_value=1.40576e-12 -0.00418459 0.0054844 0.00335908 -0.00859659 0.001837 -0.0021138 0.0022584 0.0109159 -0.00202393 -0.00800889 -0.00790836 -0.0080531 -0.0014426 -0.00228861 -0.00198644 0.0037359 -0.00302579 -0.0190021 0.00253343 -0.00579743 0.0030936 -0.00497084 -0.00312581 0.0101598 -0.00516857 0.0154265 -0.0349904 -0.0543247 -0.00748463
internal_weight=119094 67552 51542 37046 21578 30271 45974 29671 14496 45895 21108 21080 4036 41859 33793 7661 22010 29405 600 16130 3488 15169 4702 3839 6775 11358 5335 470 79 20523
internal_count=119094 67552 51542 37046 21578 30271 45974 29671 14496 45895 21108 21080 4036 41859 33793 7661 22010 29405 600 16130 3488 15169 4702 3839 6775 11358 5335 470 79 20523
is_linear=0
shrinkage=0.05


Tree=38
num_leaves=31
num_cat=0
split_feature=9 9 6 6 12 7 11 11 12 8 11 11 4 6 8 4 3 11 0 0 11 7 11 12 7 0 10 8 1 0
split_gain=992.574 285.339 187.715 150.464 107.552 92.3841 70.8622 70.226 62.3591 62.0343 49.3205 51.2552 47.2347 47.1715 46.1334 43.4404 42.843 40.8573 37.8195 35.264 45.3601 34.1276 34.0133 33.9326 29.1688 28.3083 28.2911 27.348 26.678 25.8736
threshold=0.29060475000000008 0.45256325000000008 -6.1338054052746172 -2.5960993732126805 -3.3377496047737769 -3.8829578437329997 0.246304 -0.116507 -0.6246511558433111 -2.3318633918723033 0.31141999999999997 -0.142628 -0.0086326772506141718 -5.9227674387528646 -4.4489592662414834 -0.25530403515771938 0.64702726584195924 0.021109999999999993 0.017672836489130653 0.065520392261579255 -0.3373894999999999 -1.1132352349693699 0.021109999999999993 -2.6992615215562208 1.0000000180025095e-35 0.17949880279889355 -0.054504999999999991 -1.2927090690226455 0.14831479542217366 0.043847459396568318
decision_type=2 2 2 2 2 2 2 2 2 2 2 2 2 2 2 2 2 2 2 2 2 2 2 2 2 2 2 2 2 2
left_child=2 6 9 5 -4 -3 7 13 19 12 11 25 -1 28 -6 -9 22 23 -14 -5 -21 -10 26 29 -12 -7 -17 -19 -2 -16
right_child=1 3 4 8 14 10 -8 15 21 -11 24 -13 18 -15 17 16 -18 27 -20 20 -22 -23 -24 -25 -26 -27 -28 -29 -30 -31
leaf_value=-0.010769400333410634 -0.025258023248842132 -0.025561048003908206 -0.0091921076870345262 0.010611871534967551 -0.037797204789596521 -0.0065068185311299423 -0.026205493022146836 0.0048190272101394068 0.0091589466126393362 -0.047723496934962403 -0.013233591874031473 0.0056693549331303245 -0.05409195629767545 -0.0072494288666632772 -0.0028648174630457844 -0.0041447229850624899 0.0065608577403034858 -0.0078365106894964336 -0.018727938962016154 -0.05823706411091345 0.0056092193024283692 0.018719534989156277 -0.0033743378582167674 -0.00066269063395829641 -0.074634915785420516 -0.050406089405982929 0.00189429870520914 -0.056563953480458465 -0.10206915182992815 -0.0063202131083773625
leaf_weight=576 26 298 10567 9819 98 629 229 10678 1348 243 245 5041 141 1497 17317 2158 3193 4076 163 28 4305 3035 4806 11444 21 39 19141 29 20 7884
leaf_count=576 26 298 10567 9819 98 629 229 10678 1348 243 245 5041 141 1497 17317 2158 3193 4076 163 28 4305 3035 4806 11444 21 39 19141 29 20 7884
internal_value=8.90349e-12 0.00405555 -0.00513764 0.00830252 -0.00469594 0.00160909 0.00153186 0.00168485 0.0105678 -0.0253603 0.00296419 0.00394475 -0.019185 -0.00878191 -0.00353282 0.00208885 0.0010938 -0.00345041 -0.0351303 0.00895386 0.00519664 0.0157792 0.000425106 -0.00292052 -0.0180811 -0.0090698 0.00128243 -0.00818075 -0.0586542 -0.00394582
internal_weight=119094 66556 52538 24808 51415 6273 41748 41519 18535 1123 5975 5709 880 1543 40848 39976 29298 40750 304 14152 4333 4383 26105 36645 266 668 21299 4105 46 25201
internal_count=119094 66556 52538 24808 51415 6273 41748 41519 18535 1123 5975 5709 880 1543 40848 39976 29298 40750 304 14152 4333 4383 26105 36645 266 668 21299 4105 46 25201
is_linear=0
shrinkage=0.05


Tree=39
num_leaves=31
num_cat=0
split_feature=9 9 6 6 4 3 8 7 6 4 6 4 3 11 11 0 11 4 9 4 11 11 1 1 11 10 11 7 2 0
split_gain=904.177 267.668 170.853 124.723 117.395 93.9701 66.1467 64.9856 63.5583 53.3478 49.8973 46.4265 48.4616 43.0745 56.9343 39.4813 36.4332 35.4748 33.061 31.972 31.6635 32.5299 31.6109 29.4364 28.4284 28.3408 27.9834 25.8118 25.8009 24.9062
threshold=0.3723982500000001 0.23799825000000005 -3.8303019108550989 -7.1583493145329467 -0.40939810749370115 0.3937091721794837 -3.7775354260575722 -4.4240130279610765 -7.1583493145329467 -0.1141384552410644 -7.1583493145329467 -0.2041471304846337 0.299025728955084 -0.069329999999999989 0.11810349999999999 0.24443855308118304 0.024975500000000015 -0.65233439311274211 0.63180300000000011 -0.11552334484678838 0.0086429999999999858 -0.049662999999999922 0.12470619720708399 0.34656057338598073 -0.0071520000000000047 -0.087246499999999991 -0.054970499999999985 -1.2946581539450566 0.27493006094131328 -0.00092422152274446157
decision_type=2 2 2 2 2 2 2 2 2 2 2 2 2 2 2 2 2 2 2 2 2 2 2 2 2 2 2 2 2 2
left_child=1 3 8 -1 17 9 -3 16 29 25 22 27 20 23 -15 19 -5 -4 -7 -9 21 -13 -8 -10 -21 -6 -17 -12 -11 -2
right_child=2 6 4 7 5 18 10 15 13 28 11 12 -14 14 -16 26 -18 -19 -20 24 -22 -23 -24 -25 -26 -27 -28 -29 -30 -31
leaf_value=-0.037683799459001077 -0.0054507434013343998 -0.016747333266846791 0.018840838703356746 -0.012431071200459325 -0.0008317424214425548 0.0078493489396935564 -0.0017879702627061015 -0.0024699328734979912 -0.013376732395240003 -0.0042743754162699677 0.0027787194290686255 -0.0074499967112811351 0.001334444607694843 0.0018334131954506835 -0.021314017453825398 -0.085194986411148602 -0.033866976710664402 0.010521465622933797 0.014831036158381506 -0.0041585001741284633 -0.0056514534904122922 -0.00086363597856083444 -0.079163146978526402 -0.060020142771665834 -0.0079750620797105019 0.0057872730805167147 -0.022780723730477716 -0.0060052502484054908 0.0033084290126322909 -0.069967656009472343
leaf_weight=324 21 644 1536 2185 1862 6901 22 6092 560 2806 11172 2115 10836 2059 305 21 218 7730 2248 7681 6561 16500 33 36 13376 12301 124 904 1869 52
leaf_count=324 21 644 1536 2185 1862 6901 22 6092 560 2806 11172 2115 10836 2059 305 21 218 7730 2248 7681 6561 16500 33 36 13376 12301 124 904 1869 52
internal_value=1.12407e-11 -0.0031149 0.0060934 -0.00682959 0.0070225 0.00540746 -0.000829069 -0.00649296 -0.00531825 0.00338837 -0.000616133 -0.000561695 -0.00146134 -0.00418158 -0.00115304 -0.00579895 -0.0143757 0.0119005 0.00956482 -0.00565998 -0.00266468 -0.00161197 -0.0482131 -0.0161941 -0.00658289 0.00491708 -0.03182 0.00212116 -0.00124288 -0.051408
internal_weight=119094 78808 40286 30021 37253 27987 48787 29697 3033 18838 48143 48088 36012 2960 2364 27294 2403 9266 9149 27149 25176 18615 55 596 21057 14163 145 12076 4675 73
internal_count=119094 78808 40286 30021 37253 27987 48787 29697 3033 18838 48143 48088 36012 2960 2364 27294 2403 9266 9149 27149 25176 18615 55 596 21057 14163 145 12076 4675 73
is_linear=0
shrinkage=0.05


Tree=40
num_leaves=31
num_cat=0
split_feature=9 9 7 6 6 12 8 11 11 12 11 10 7 11 7 10 6 0 11 0 7 0 6 8 6 8 11 11 5 11
split_gain=817.943 260.88 147.996 141.842 77.1653 67.4485 64.0797 62.6354 61.9513 59.1051 56.2261 52.5936 49.7109 48.5756 41.327 40.7634 37.8428 37.6567 43.8395 36.3588 31.3945 29.4109 29.1913 27.8476 26.9846 26.2929 23.9632 23.5988 24.8508 21.5332
threshold=0.28017425000000001 0.42391725000000008 -4.577970417832244 -2.5698590989285464 -7.1583493145329467 -3.3377496047737769 -3.8956870608118264 0.246304 -0.142628 -0.6246511558433111 0.024975500000000015 -0.032828500000000004 -1.864749941035988 -0.054970499999999985 0.14883265963629269 0.11221200000000002 -6.4665603489108898 0.065520392261579255 -0.3373894999999999 0.043847459396568318 -0.75082161473017284 0.078800542887309658 -4.2677213532023393 -3.2781604098115324 -3.9125283082368107 -2.4240530238748104 0.014837000000000019 0.11810349999999999 -5.4815000171768951 -0.049662999999999922
decision_type=2 2 2 2 2 2 2 2 2 2 2 2 2 2 2 2 2 2 2 2 2 2 2 2 2 2 2 2 2 2
left_child=2 6 10 4 -3 12 -2 8 -6 17 13 16 -4 -1 19 21 -8 25 -19 23 -11 26 -17 29 -18 -5 -13 -21 -29 -7
right_child=1 3 5 9 7 14 11 -9 -10 20 -12 15 -14 -15 -16 22 24 18 -20 27 -22 -23 -24 -25 -26 -27 -28 28 -30 -31
leaf_value=-0.043274190889644452 -0.02463749924479813 -0.055934614945074616 -0.0075772252948097113 -0.0015330525106840801 -0.0092850812641265719 -0.015608475130121433 -0.064636766098439699 -0.016188557377057211 0.0045603483399715306 0.010001749112195661 -0.038530182411343733 0.0037402037365532924 -0.031510649063256839 -0.012369579350234984 -0.067708942219614987 -0.022240633630562945 -0.010611224186319596 -0.055020210833942165 0.0046222426279935126 -0.005498631997094848 0.018493436107832988 -0.00065721695365470768 -0.0030211913432960456 -0.0012660916410873117 -0.0015540239410529045 0.0099386165534930977 -6.4680892716587336e-05 -0.07016637383494527 -0.013822570827861244 -0.0042655465616999394
leaf_weight=138 245 58 9559 523 913 447 25 451 7021 2104 291 20542 222 1617 25 222 978 31 5032 11593 2255 7121 1795 17791 5168 11111 5182 28 65 6541
leaf_count=138 245 58 9559 523 913 447 25 451 7021 2104 291 20542 222 1617 25 222 978 31 5032 11593 2255 7121 1795 17791 5168 11111 5182 28 65 6541
internal_value=7.75855e-13 0.00342366 -0.00501513 0.00701453 0.00153923 -0.00443324 0.000857467 0.00193678 0.00296709 0.00921001 -0.0181748 0.00100969 -0.00812044 -0.0147997 -0.0034449 0.00176282 -0.003245 0.00785648 0.00425706 -0.00340084 0.0143947 0.00218651 -0.00513657 -0.0023166 -0.00299528 0.00942291 0.00297372 -0.00569988 -0.0307863 -0.00499112
internal_weight=119094 70777 48317 29499 8443 46271 41278 8385 7934 21056 2046 41033 9781 1755 36490 34862 6171 16697 5063 36465 4359 32845 2017 24779 6146 11634 25724 11686 93 6988
internal_count=119094 70777 48317 29499 8443 46271 41278 8385 7934 21056 2046 41033 9781 1755 36490 34862 6171 16697 5063 36465 4359 32845 2017 24779 6146 11634 25724 11686 93 6988
is_linear=0
shrinkage=0.05


Tree=41
num_leaves=31
num_cat=0
split_feature=9 12 7 9 12 7 11 0 6 8 11 11 9 11 4 11 3 7 1 8 11 10 3 4 10 11 2 11 7 5
split_gain=743.836 202.959 145.799 110.255 105.912 63.2717 59.8645 57.3631 59.6497 57.0597 53.3973 43.7832 51.7931 43.0581 42.7211 39.4464 38.8558 39.1359 31.3188 30.4344 28.8857 27.808 27.7496 27.1585 25.9657 25.8438 25.5333 23.4294 22.9379 22.5246
threshold=0.35980300000000004 -2.9072522260890223 -2.8561377869971407 0.60654550000000007 -4.3231783862489666 -5.0861548832608099 0.246304 0.04920840595047727 -5.1961345945403261 -4.4489592662414834 -0.18208799999999997 -0.51730049999999983 1.2747032500000002 0.11810349999999999 -0.2041471304846337 0.46210699999999993 0.299025728955084 -4.8226363254664175 0.21872100626577831 -3.658116014891768 0.023307999999999943 -0.0017849999999999808 -0.23413618302318887 -0.11136125466123591 -0.0077929999999999658 0.11810349999999999 -0.48597517956129066 0.067059500000000008 -1.3419737109646199 -8.0478507056777104
decision_type=2 2 2 2 2 2 2 2 2 2 2 2 2 2 2 2 2 2 2 2 2 2 2 2 2 2 2 2 2 2
left_child=1 4 5 7 -1 -2 10 22 -9 -6 18 -5 15 23 28 26 20 -18 -3 -7 21 -16 -4 -11 -24 -10 -13 -21 -12 -15
right_child=2 6 3 11 9 19 -8 8 25 13 14 12 -14 29 16 -17 17 -19 -20 27 -22 -23 24 -25 -26 -27 -28 -29 -30 -31
leaf_value=-0.029900300436760941 -0.036280245846812276 -0.014896386706160357 0.0099298943791802392 -0.012516476765767254 -0.021414021645537299 -0.01738493884290665 -0.03836043988589511 -0.041110463604262036 0.0024751902236887701 -0.0025209833475254651 0.002611580142726284 0.0185443915913058 0.029214932175548099 -0.084299686495214701 -0.0052085828120495593 -0.010229876688827716 -0.045051447858871975 0.0011692982138773514 -0.067152219722347875 0.00045669624284563486 -0.0069194923601508408 -0.0010039049531097141 0.001662042046408295 -0.006344942255199118 0.0065063492352053377 -0.010922718106988161 0.01011011657434565 -0.010467416707081786 -0.0059417730037290535 -0.025971643510759652
leaf_weight=470 138 382 4124 197 585 299 107 81 9570 5960 10211 1011 387 20 5136 223 46 10401 31 3924 3437 16778 3695 21016 11004 374 7981 561 849 96
leaf_count=470 138 382 4124 197 585 299 107 81 9570 5960 10211 1011 387 20 5136 223 46 10401 31 3924 3437 16778 3695 21016 11004 374 7981 561 849 96
internal_value=-1.69658e-13 -0.00300128 0.0052026 0.00623482 -0.00636409 -0.00290226 -0.00100346 0.00467833 0.00162319 -0.00596441 -0.000918903 0.0108171 0.0112958 -0.0056308 -0.000761136 0.0105432 -0.0016003 0.00096578 -0.0188187 -0.00193943 -0.00265777 -0.00198936 0.00630548 -0.00550009 0.0052886 0.00197129 0.0110584 -0.000909731 0.001955 -0.0360282
internal_weight=119094 75525 43569 38647 28147 4922 47378 28848 10025 27677 47271 9799 9602 27092 46858 9215 35798 10447 413 4784 25351 21914 18823 26976 14699 9944 8992 4485 11060 116
internal_count=119094 75525 43569 38647 28147 4922 47378 28848 10025 27677 47271 9799 9602 27092 46858 9215 35798 10447 413 4784 25351 21914 18823 26976 14699 9944 8992 4485 11060 116
is_linear=0
shrinkage=0.05


Tree=42
num_leaves=31
num_cat=0
split_feature=9 4 6 3 12 6 9 7 7 8 10 4 7 2 10 7 6 11 8 4 10 8 12 3 10 9 9 11 10 3
split_gain=675.852 187.793 143.147 126.22 94.8656 92.4029 68.1194 48.6721 50.7625 44.5393 42.0405 39.0948 37.2886 35.3413 34.8238 33.9074 31.9241 30.8424 26.2463 25.6445 25.4403 23.697 23.507 23.1206 22.8859 22.8621 21.1463 20.659 20.6387 19.8405
threshold=0.3053860000000001 -0.28740068976134081 -6.4665603489108898 0.64702726584195924 -3.261356295553727 -4.3856160918270719 0.50988875000000011 -1.2461149117093486 -4.366188481012137 -2.554339440823544 -0.0017849999999999808 -0.042547684781133903 -6.0515327842249702 0.22104460847240062 0.18392850000000002 -4.577970417832244 1.0943468274178154 0.129186 -0.64066151485626388 -0.65233439311274211 -0.11816799999999995 -2.2740748014913081 -3.8442295438457648 1.0866827039825162 0.11608450000000002 0.39453275000000004 0.25933600000000007 0.081230500000000025 -0.035073999999999987 0.66679226325043983
decision_type=2 2 2 2 2 2 2 2 2 2 2 2 2 2 2 2 2 2 2 2 2 2 2 2 2 2 2 2 2 2
left_child=2 6 9 5 17 7 -2 8 -3 12 16 26 -1 -13 25 -5 21 22 28 -8 -21 -7 -4 -17 -14 -12 -6 -10 -15 -30
right_child=1 3 4 15 11 10 19 -9 27 -11 14 13 24 18 -16 23 -18 -19 -20 20 -22 -23 -24 -25 -26 -27 -28 -29 29 -31
leaf_value=-0.035394653919889184 0.0048778771981085531 -0.028140769543231661 -0.012158142127920275 -0.055600205611249079 -0.0026740391266395248 -0.0044343224996947006 0.016919192251291803 -0.042451438517974956 -0.0032466323618855993 -0.044101608618764221 0.0013726847545002881 -0.0067262152746997072 -0.0043282684002090722 -0.011257000688080287 -0.0060719383665524549 0.0055173884065734535 -0.049531302795346295 -0.062793531097471711 -0.056097929137335578 0.0024819384283030835 0.010698851122590738 0.00090779259280476365 -0.0062966911422087761 0.01133861098323017 -0.05947562668472528 0.0046681186141194061 -2.6719620400812252e-05 -0.021740242219530047 -0.0014646257949965113 0.0090691069054299432
leaf_weight=188 10769 265 2024 21 16461 4024 1404 105 1781 226 12883 8326 317 483 1188 3952 35 25 22 1087 7061 4288 11044 3001 20 8898 13924 165 4612 495
leaf_count=188 10769 265 2024 21 16461 4024 1404 105 1781 226 12883 8326 317 483 1188 3952 35 25 22 1087 7061 4288 11044 3001 20 8898 13924 165 4612 495
internal_value=-3.94374e-12 0.00368031 -0.00385494 0.00171658 -0.00357126 0.000447162 0.00760429 -0.00919002 -0.00761045 -0.0255429 0.00115989 -0.00246664 -0.0175538 -0.00465916 0.00226426 0.0078383 -0.00187908 -0.00731067 -0.00159247 0.0106781 0.00960266 -0.00167843 -0.00720453 0.0080299 -0.00760111 0.00271894 -0.0014609 -0.00481469 -0.00137796 -0.000443635
internal_weight=119094 60927 58167 40606 57416 33632 20321 2316 2211 751 31316 44323 525 13938 22969 6974 8347 13093 5612 9552 8148 8312 13068 6953 337 21781 30385 1946 5590 5107
internal_count=119094 60927 58167 40606 57416 33632 20321 2316 2211 751 31316 44323 525 13938 22969 6974 8347 13093 5612 9552 8148 8312 13068 6953 337 21781 30385 1946 5590 5107
is_linear=0
shrinkage=0.05


Tree=43
num_leaves=31
num_cat=0
split_feature=9 4 6 3 8 4 9 11 11 6 8 0 3 4 11 8 7 6 1 10 11 3 6 3 6 11 8 7 5 7
split_gain=610.53 184.411 123.643 119.91 73.8482 71.339 63.7243 59.1151 51.8886 50.3473 44.6884 42.5375 39.7353 35.1604 34.9323 34.4472 32.5656 27.3504 25.099 25.0486 24.4742 26.299 24.2875 24.0029 22.3627 22.097 20.5706 19.8897 26.0903 19.4705
threshold=0.29415975000000005 -0.28740068976134081 -6.1338054052746172 0.42174479674865745 -3.4259494181301329 -0.081853202417920032 0.50988875000000011 -0.06482099999999999 0.11810349999999999 -6.4665603489108898 -2.3318633918723033 0.043847459396568318 1.0866827039825162 -0.0086326772506141718 -0.041897499999999997 -4.4489592662414834 -3.4046858084358629 1.0943468274178154 0.0095467324729090492 0.11221200000000002 0.31141999999999997 -0.24649507551772568 -1.1338114527935306 0.32203681726869599 -2.5304454096809343 -0.045346499999999977 -2.6496756810502604 -0.33479250658640447 -4.0060667974400905 -0.75082161473017284
decision_type=2 2 2 2 2 2 2 2 2 2 2 2 2 2 2 2 2 2 2 2 2 2 2 2 2 2 2 2 2 2
left_child=2 6 10 5 15 20 29 27 19 -5 13 16 -11 -1 -15 23 -6 -13 -16 -9 25 -22 -8 -4 -18 -3 -21 -7 -29 -2
right_child=1 3 4 9 11 7 22 8 -10 12 -12 17 -14 14 18 -17 24 -19 -20 26 21 -23 -24 -25 -26 -27 -28 28 -30 -31
leaf_value=-0.0078464941159899337 0.0051778212760031561 -0.0024382937052629798 -0.015314076303832164 -0.05183912232567213 -0.0042853910236825858 -0.012269563732487554 0.0082655657035120341 -0.00023594364474870057 -0.014859483456534093 0.0041759031273015 -0.039246755778373478 -0.0046210894692667922 0.010771579289809369 -0.073658342345764766 -0.055191309660828358 -0.0062764625828383939 0.00084273120418738552 -0.0428286245523734 -0.015285738273768485 -0.023962458084576095 -0.069993075877428063 -0.009759948527623798 0.013527872795001181 -0.048322806632026066 -0.0029382126252946034 0.0022511788093893814 -0.0043702450484781321 -0.085128289427269591 -0.011145300446308355 -0.0027879489552477769
leaf_weight=580 10433 2905 493 38 6765 1278 6142 7648 737 9259 244 13649 3031 38 48 12739 13565 47 220 199 20 193 3410 62 5495 18570 410 22 26 828
leaf_count=580 10433 2905 493 38 6765 1278 6142 7648 737 9259 244 13649 3031 38 48 12739 13565 47 220 199 20 193 3410 62 5495 18570 410 22 26 828
internal_value=-3.03396e-12 0.00325762 -0.0039342 0.00143499 -0.00358407 -0.00017876 0.0071402 -0.00360071 -0.00214768 0.00562487 -0.0202993 -0.0024997 0.00580255 -0.0150813 -0.0287943 -0.00680771 -0.00130511 -0.0047522 -0.022433 -0.00101306 0.00144954 -0.0154156 0.0101442 -0.0190015 -0.000247315 0.00161682 -0.0107723 -0.0134563 -0.0450542 0.00459211
internal_weight=119094 65149 53945 44336 52815 32008 20813 10320 8994 12328 1130 39521 12290 886 306 13294 25825 13696 268 8257 21688 213 9552 555 19060 21475 609 1326 48 11261
internal_count=119094 65149 53945 44336 52815 32008 20813 10320 8994 12328 1130 39521 12290 886 306 13294 25825 13696 268 8257 21688 213 9552 555 19060 21475 609 1326 48 11261
is_linear=0
shrinkage=0.05


Tree=44
num_leaves=31
num_cat=0
split_feature=9 12 6 6 9 7 10 8 11 7 11 9 11 6 8 11 0 7 11 11 3 0 3 0 8 2 3 11 8 11
split_gain=559.896 169.102 119.021 92.9191 70.9342 65.5222 48.2099 43.5151 41.3925 39.9561 37.7071 37.7469 38.6154 37.2838 35.8 33.5538 33.2003 29.8863 29.7156 29.2977 27.9664 25.9275 26.4993 25.369 25.1225 24.2574 26.9708 23.6386 21.4892 20.9361
threshold=0.37613750000000007 -2.7337679352963264 -2.9836270762206381 -6.1338054052746172 0.60654550000000007 -3.6978885332337832 -0.054504999999999991 -4.0661345542802385 0.100952 0.80553278013315566 -0.090929999999999969 0.11506975000000001 0.179837 -6.4665603489108898 -1.68748720979725 -0.21103749999999996 0.04920840595047727 -0.75082161473017284 -0.057693999999999988 0.093479000000000076 -0.37771808969514686 0.10095887592615772 -0.194988563939785 0.010261075859617554 -2.4506479057231552 0.22104460847240062 -0.02064972603484105 0.019169000000000009 -3.0742119797170067 0.31141999999999997
decision_type=2 2 2 2 2 2 2 2 2 2 2 2 2 2 2 2 2 2 2 2 2 2 2 2 2 2 2 2 2 2
left_child=1 3 5 10 16 24 13 27 21 15 -1 -12 -13 -3 23 -7 20 29 -16 -17 -4 22 -8 -9 -2 26 -25 -5 -15 -6
right_child=2 6 4 7 17 9 8 14 -10 -11 11 12 -14 28 18 19 -18 -19 -20 -21 -22 -23 -24 25 -26 -27 -28 -29 -30 -31
leaf_value=-0.058163596279919155 -0.010927310247128346 -0.061574023891368818 0.012605632269830944 -0.0096664824750408128 0.0084094724342918224 -0.011957663092028309 0.0051026981100364514 -0.0023242890475783052 -0.01031204398387418 -0.059788764564803358 -0.034077078656454284 -0.0091266644695889628 -0.069029288645833728 -0.011961811583686555 -0.062541668079290041 0.0029431236150654684 0.0019669053929218783 0.013676879420186592 -0.015023842063083343 -0.0082472171583855836 0.0053908484704712212 -0.0026396781273457146 0.00062213617245577505 -0.0026664034387215317 -0.036576803023724451 -0.0014928661770203884 -0.0073385543092857695 -0.02807999110478342 -0.0030889978902363118 -0.0069573034665162282
leaf_weight=60 562 29 1497 1993 5477 460 3746 15256 888 27 249 687 28 834 37 6684 7123 3460 297 641 13071 5251 27715 4361 115 3781 10589 191 3754 231
leaf_count=60 562 29 1497 1993 5477 460 3746 15256 888 27 249 687 28 834 37 6684 7123 3460 297 641 13071 5251 27715 4361 115 3781 10589 191 3754 231
internal_value=1.22863e-12 -0.00240816 0.00488059 -0.00485018 0.0063229 -0.000362461 -0.000237315 -0.00443349 0.000354765 0.00093069 -0.0197049 -0.0173112 -0.0114725 -0.00505911 -0.00399802 0.00114128 0.0047644 0.0100102 -0.0202878 0.00196387 0.00613224 0.000612777 0.00115563 -0.00383794 -0.0152843 -0.00507077 -0.00597566 -0.0112768 -0.00470189 0.00778759
internal_weight=119094 79746 39348 37529 30859 8489 42217 36505 37600 7812 1024 964 715 4617 34321 7785 21691 9168 334 7325 14568 36712 31461 33987 677 18731 14950 2184 4588 5708
internal_count=119094 79746 39348 37529 30859 8489 42217 36505 37600 7812 1024 964 715 4617 34321 7785 21691 9168 334 7325 14568 36712 31461 33987 677 18731 14950 2184 4588 5708
is_linear=0
shrinkage=0.05


Tree=45
num_leaves=31
num_cat=0
split_feature=9 9 6 6 4 3 10 8 11 11 1 6 11 11 9 11 8 4 0 11 11 0 6 11 6 9 1 10 8 8
split_gain=505.306 153.134 109.429 83.2346 70.531 67.237 42.9365 42.0065 41.8766 40.8631 40.2994 39.1892 38.3671 34.4006 34.9662 34.7914 32.5189 28.5436 27.8414 27.2894 27.3668 26.3167 23.1388 22.8618 22.4496 21.6809 20.869 20.1572 20.399 19.2475
threshold=0.37613750000000007 0.25933600000000007 -3.7979959625806794 -6.1338054052746172 -0.34339678432534881 0.3937091721794837 -0.04814100000000001 -4.0119331409987975 -0.10674599999999997 0.11810349999999999 0.27714533478477471 -6.4665603489108898 0.100952 -0.090929999999999969 0.11506975000000001 0.179837 -1.369806451939424 -0.65233439311274211 0.2317755044375526 0.036480999999999965 -0.25466599999999995 0.043847459396568318 -0.34162466378050754 0.017962499999999996 -1.1013432900674323 1.0889377500000001 1.0775296848187803 0.099371999999999988 -2.9291051334277642 -2.8758850324419138
decision_type=2 2 2 2 2 2 2 2 2 2 2 2 2 2 2 2 2 2 2 2 2 2 2 2 2 2 2 2 2 2
left_child=1 3 8 13 17 19 11 23 10 -10 -2 -3 24 -1 -15 -16 21 -4 -11 20 22 -9 -6 -5 27 -7 -21 -8 -29 -13
right_child=2 6 4 7 5 25 12 16 9 18 -12 29 -14 14 15 -17 -18 -19 -20 26 -22 -23 -24 -25 -26 -27 -28 28 -30 -31
leaf_value=-0.054897951472123147 -0.012685336396987816 -0.062512335797836036 0.014799985043797884 -0.008714268023629906 -0.0058695200794158901 0.00692248935853734 0.0013318630985991895 -0.0026269112446794464 0.00076947911414483692 -0.014311779018497029 -0.059378294984572658 -0.0092244348918040231 -0.0099681094587462504 -0.032373224673082075 -0.0084479318287672602 -0.064336295971839597 -0.02306654489815755 0.0075285105595694407 -0.073795007949783692 -0.0029614399753945093 0.0033919726001921261 -0.0055412328232564492 -0.059350191943702252 -0.024503087713914799 -0.004695714235536423 0.023113687276452525 0.027841082910474924 -0.013377697058114686 -0.0010619359920234291 -0.0021968447879617535
leaf_weight=61 492 29 1536 2355 548 8360 31074 24134 2156 311 51 1366 858 249 700 29 215 11121 21 3043 11420 11408 21 254 1804 212 56 446 1366 3398
leaf_count=61 492 29 1536 2355 548 8360 31074 24134 2156 311 51 1366 858 249 700 29 215 11121 21 3043 11420 11408 21 254 1804 212 56 446 1366 3398
internal_value=6.04315e-12 -0.00228775 0.00463656 -0.00450467 0.00539831 0.00378669 -0.000122277 -0.0041265 -0.00449064 -0.00174504 -0.0170709 -0.00456464 0.000476695 -0.0184687 -0.0161966 -0.0106712 -0.0036796 0.00841095 -0.0180743 0.00177763 0.00285874 -0.00356233 -0.00784332 -0.0102514 0.00073503 0.00732292 -0.00240483 0.00103294 -0.0040933 -0.00421189
internal_weight=119094 79746 39348 39405 36317 23660 40341 38366 3031 2488 543 4793 35548 1039 978 729 35757 12657 332 15088 11989 35542 569 2609 34690 8572 3099 32886 1812 4764
internal_count=119094 79746 39348 39405 36317 23660 40341 38366 3031 2488 543 4793 35548 1039 978 729 35757 12657 332 15088 11989 35542 569 2609 34690 8572 3099 32886 1812 4764
is_linear=0
shrinkage=0.05


Tree=46
num_leaves=31
num_cat=0
split_feature=9 4 7 6 3 4 12 3 11 7 7 11 11 11 4 7 10 7 6 2 2 7 11 10 9 11 5 12 11 10
split_gain=458.489 125.014 104.431 96.8591 77.6777 61.8719 57.7642 55.0793 42.9761 40.7609 40.2478 37.0207 30.1462 30.1138 29.9721 27.649 27.5857 27.2538 23.2872 21.8101 21.1331 20.731 18.6296 19.2815 17.7221 17.2344 25.0571 17.0948 19.6051 16.9323
threshold=0.31614675000000009 -0.23870660932159696 -4.4240130279610765 -4.3856160918270719 0.50948521560783611 -0.10735730165655204 -1.3110343104926454 0.31736132833009484 0.024975500000000015 -1.3419737109646199 -5.0861548832608099 -0.054970499999999985 -0.18208799999999997 0.02254400000000004 -0.017010859259743879 -0.75082161473017284 -0.09817399999999997 -0.12812875271514659 -1.1013432900674323 0.69706089188100917 0.23980816886810433 -0.65197974115322166 0.0024914999999999942 0.016201499999999997 0.11506975000000001 -0.098558999999999966 -3.9389658191732564 0.18253353331992675 -0.15991899999999995 -0.003613500000000019
decision_type=2 2 2 2 2 2 2 2 2 2 2 2 2 2 2 2 2 2 2 2 2 2 2 2 2 2 2 2 2 2
left_child=2 6 8 9 12 18 21 14 11 10 -3 -1 17 -14 22 -16 -8 -5 -4 -6 -9 -2 23 -7 -22 26 -26 -18 -29 -13
right_child=1 3 5 4 19 7 16 20 -10 -11 -12 29 13 -15 15 -17 27 -19 -20 -21 24 -23 -24 -25 25 -27 -28 28 -30 -31
leaf_value=-0.031430032554034489 0.0043289488493395206 -0.032191245373362654 -5.0972629398586708e-05 -0.0067991559645823665 0.0046239772720683379 -0.0050691367756146213 0.0026881264780043209 -0.0025311638568592579 -0.02780092642354583 -0.039224137131262715 -0.0055520077299291044 -0.017158128719143743 0.0018131410854391611 -0.0026405045590286768 -0.0071512029041752179 -0.031959825790227915 0.0093429228845555348 -0.06573244525468909 -0.0081716416535644373 0.010703090645819752 -0.038087029392934513 -0.0037855307429343235 -0.0059735604738204422 -0.0012116030289672176 -0.058629161837909907 0.002963559126866187 0.0052431140300434305 -0.0091999309383473307 0.023181171576501899 -0.0062319829123902316
leaf_weight=184 13461 154 20777 1026 6350 5439 1585 5160 380 108 1788 431 16199 4957 7571 114 8319 20 922 1922 27 836 6860 8010 28 3983 34 53 396 2000
leaf_count=184 13461 154 20777 1026 6350 5439 1585 5160 380 108 1788 431 16199 4957 7571 114 8319 20 922 1922 27 836 6860 8010 28 3983 34 53 396 2000
internal_value=-3.03117e-12 0.00322854 -0.00298108 0.0011931 0.0019008 -0.00251815 0.00591415 -0.00375513 -0.012089 -0.00932715 -0.00766449 -0.00980583 0.000359945 0.000769621 -0.0048596 -0.00751922 0.00875849 -0.00792599 -0.000396023 0.00603646 -0.00040605 0.00385446 -0.0038532 -0.00277165 0.00228688 0.00255637 -0.0236024 0.00985583 0.0193589 -0.00816912
internal_weight=119094 57174 61920 32524 30474 58925 24650 37226 2995 2050 1942 2615 22202 21156 27994 7685 10353 1046 21699 8272 9232 14297 20309 13449 4072 4045 62 8768 449 2431
internal_count=119094 57174 61920 32524 30474 58925 24650 37226 2995 2050 1942 2615 22202 21156 27994 7685 10353 1046 21699 8272 9232 14297 20309 13449 4072 4045 62 8768 449 2431
is_linear=0
shrinkage=0.05


Tree=47
num_leaves=31
num_cat=0
split_feature=9 9 6 6 8 6 8 10 9 11 11 0 11 6 11 4 3 7 11 6 11 11 11 10 7 8 4 0 8 3
split_gain=419.237 146.926 88.743 82.8214 53.1076 49.4662 45.5596 43.4058 42.1649 41.9628 36.7277 33.967 33.8519 32.9077 28.6435 28.5389 27.5177 27.2765 26.1779 28.7033 25.1129 24.9587 24.6224 24.3595 23.8357 21.5335 28.3878 24.7292 20.744 18.3856
threshold=0.27453375000000008 0.42134900000000003 -2.5698590989285464 -7.1583493145329467 -4.0119331409987975 -7.1583493145329467 -1.68748720979725 -0.04814100000000001 0.93081225000000012 0.246304 -0.142628 -0.029781423279718829 0.046972499999999952 -5.9227674387528646 0.129186 -0.18892673573946653 0.49974726473368819 -3.1376300516689319 -0.3373894999999999 -1.1013432900674323 0.017962499999999996 0.0024914999999999942 -0.098558999999999966 0.099371999999999988 -1.6803689420006382 -2.554339440823544 -0.0065131717464908525 0.01404838186071722 -1.9039648520751045 -0.35649701499020381
decision_type=2 2 2 2 2 2 2 2 2 2 2 2 2 2 2 2 2 2 2 2 2 2 2 2 2 2 2 2 2 2
left_child=3 7 5 25 20 -3 15 13 11 10 -7 -4 23 -2 22 29 21 -14 19 -13 -5 -17 -8 -9 -10 26 -1 -27 -20 -6
right_child=1 2 8 4 6 9 14 12 24 -11 -12 18 17 -15 -16 16 -18 -19 28 -21 -22 -23 -24 -25 -26 27 -28 -29 -30 -31
leaf_value=-4.0422654909145259e-05 -0.038529751338620688 -0.045245363222884721 0.0084285737651285091 -0.0085100704942972973 -0.0073122696655657784 -0.0074658851500845232 -0.054982682162274921 0.0018263116969227215 -0.0041684684046891093 -0.013709359221741976 0.0031106816529302551 -0.0077172568634006318 -0.012981455923109134 -0.0032691401387811392 -0.072107621833034194 -0.0027636895245567142 0.0022332984375351634 -0.001459120340001464 -0.0007676485494755922 -0.071908927206060888 -0.023480500456145303 -0.0055636942254643574 -0.012121612442526445 -0.0041403535264898312 0.016587157418459435 -0.025608406199809211 -0.035880938046276234 -0.068819833776381401 0.005440908756006637 0.0018302039433907916
leaf_weight=110 67 58 8913 2531 631 926 36 33034 153 454 7226 102 666 5338 23 23133 2049 2245 1579 21 315 12133 484 1804 1442 81 111 56 9094 4279
leaf_count=110 67 58 8913 2531 631 926 36 33034 153 454 7226 102 666 5338 23 23133 2049 2245 1579 21 315 12133 484 1804 1442 81 111 56 9094 4279
internal_value=-9.0801e-13 0.00235222 0.00504175 -0.00374138 -0.00355337 0.000775173 -0.00311326 0.000484489 0.0067769 0.00108533 0.00190927 0.0061441 0.00108453 -0.00370623 -0.0175041 -0.0029282 -0.00339972 -0.00409529 0.00425808 -0.0186768 -0.010167 -0.00372701 -0.0150889 0.00151734 0.0145962 -0.0276967 -0.0180418 -0.0432715 0.00452239 0.000655275
internal_weight=119094 73122 29968 45972 45614 8664 42768 43154 21304 8606 8152 19709 37749 5405 543 42225 37315 2911 10796 123 2846 35266 520 34838 1595 358 221 137 10673 4910
internal_count=119094 73122 29968 45972 45614 8664 42768 43154 21304 8606 8152 19709 37749 5405 543 42225 37315 2911 10796 123 2846 35266 520 34838 1595 358 221 137 10673 4910
is_linear=0
shrinkage=0.05


Tree=48
num_leaves=31
num_cat=0
split_feature=9 7 6 7 0 8 6 11 9 7 11 6 0 11 3 11 8 9 10 10 4 9 5 7 3 11 6 11 11 9
split_gain=379.741 129.37 84.9473 71.4468 62.8393 68.988 56.2976 46.7653 46.1871 44.0359 39.6448 35.4165 31.1495 29.8436 26.7912 26.709 25.4168 24.075 23.9788 25.6538 23.545 23.4743 23.125 21.7561 22.115 21.1689 20.2357 19.4463 23.5794 21.2454
threshold=0.39233925000000003 -3.5295199212817159 -2.9836270762206381 -6.0515327842249702 0.10095887592615772 -2.9561406301559194 -5.7651444851893165 -0.061167499999999965 0.67494675000000004 -3.6810320043680052 0.100952 -7.1583493145329467 0.065520392261579255 -0.040221500000000007 -0.194988563939785 -0.3373894999999999 -0.86040030167634651 1.2747032500000002 -0.087246499999999991 0.1602365 -0.18669959579734194 0.18845500000000004 -2.0552322794766389 0.80553278013315566 0.31248080293943098 0.014352499999999964 -1.0629449641063478 0.246304 -0.18208799999999997 1.0889377500000001
decision_type=2 2 2 2 2 2 2 2 2 2 2 2 2 2 2 2 2 2 2 2 2 2 2 2 2 2 2 2 2 2
left_child=1 3 9 -1 5 20 7 -6 12 -2 13 -11 22 -5 -7 -14 27 -18 -13 -20 -3 -15 -4 24 -8 -23 -16 28 -10 -30
right_child=2 4 8 10 6 14 23 -9 16 11 -12 18 15 21 26 -17 17 -19 19 -21 -22 25 -24 -25 -26 -27 -28 -29 29 -31
leaf_value=-0.026368664936878033 -0.013403382258433053 0.0027131695406910246 0.0041553214384624799 -0.012150713820081588 -0.10261590707869757 0.004407241261608511 -0.0050613600103251392 -0.023076785384834587 -0.0058524957239871828 -0.057580807805061342 -0.020868969362839454 -0.0064194549971195976 -0.0419827560056001 -0.0063245425121210624 0.00081720453822552446 0.0018128834128102182 0.010923943976090917 0.026742873923011612 0.0031424935358912716 -0.0092808235574470405 -0.0035514094427576298 -0.0016599003970354739 0.008110787182740848 -0.046503177293731518 0.0011464973795848675 -0.0077809446420270337 -0.0047133596723011213 -0.0080078691864354911 0.0074274584499050174 0.026425885244231645
leaf_weight=397 608 1679 9508 1231 21 5136 7377 154 313 26 383 958 35 7123 31694 6498 3371 259 5152 452 14059 9013 6044 30 1781 1675 1745 238 1975 159
leaf_count=397 608 1679 9508 1231 21 5136 7377 154 313 26 383 958 35 7123 31694 6498 3371 259 5152 452 14059 9013 6044 30 1781 1675 1745 238 1975 159
internal_value=4.04912e-13 -0.00184345 0.0043242 -0.00537091 -0.00074537 -9.32115e-05 -0.00452842 -0.0326215 0.00555371 -0.00052821 -0.00494177 0.000660027 0.00447549 -0.00462142 0.00104501 0.00157825 0.00932451 0.0120526 0.000890789 0.00214047 -0.00288308 -0.00410103 0.00569254 -0.00399334 -0.00385409 -0.00261918 0.000528594 0.00563622 0.00696327 0.00884299
internal_weight=119094 83498 35596 19822 63676 54313 9363 175 28400 7196 19425 6588 22085 19042 38575 6533 6315 3630 6562 5604 15738 17811 15552 9188 9158 10688 33439 2685 2447 2134
internal_count=119094 83498 35596 19822 63676 54313 9363 175 28400 7196 19425 6588 22085 19042 38575 6533 6315 3630 6562 5604 15738 17811 15552 9188 9158 10688 33439 2685 2447 2134
is_linear=0
shrinkage=0.05


Tree=49
num_leaves=31
num_cat=0
split_feature=9 4 3 7 12 6 8 0 7 6 11 11 3 11 11 8 8 8 7 0 10 2 11 12 8 5 4 5 4 1
split_gain=347.531 126.996 93.5393 69.7585 52.5555 49.6583 44.9317 39.3928 35.2112 33.4176 30.378 38.8081 29.8215 29.691 27.5877 24.9643 24.5756 23.673 20.8944 20.5021 20.6972 20.1197 18.2235 24.7249 18.2091 17.7451 20.2089 17.4493 17.0573 16.9197
threshold=0.27453375000000008 -0.24146796680992935 0.3937091721794837 -4.577970417832244 -1.4659934627901483 -4.4610780682763824 -1.1782015462089306 0.043847459396568318 -4.1904027424236379 -7.1583493145329467 -0.049662999999999922 0.021109999999999993 1.0866827039825162 0.024975500000000015 -0.054970499999999985 -2.5463897494843324 -3.3280959802470971 -1.3326263584484193 -6.0515327842249702 0.070000853679358058 0.006919499999999996 -0.48597517956129066 -0.51730049999999983 0.49479369188800154 -1.4461358677886118 -4.9587975465302385 -0.028224709033360548 -2.9428250027114347 -0.070697525629008037 1.0775296848187803
decision_type=2 2 2 2 2 2 2 2 2 2 2 2 2 2 2 2 2 2 2 2 2 2 2 2 2 2 2 2 2 2
left_child=3 4 5 13 -2 6 18 16 -4 15 28 19 -10 14 -1 -9 27 -11 -3 20 -12 24 -23 -24 -6 26 -19 -5 -7 -13
right_child=1 2 8 7 21 10 -8 9 12 17 11 29 -14 -15 -16 -17 -18 25 -20 -21 -22 22 23 -25 -26 -27 -28 -29 -30 -31
leaf_value=-0.031742307232968787 0.0028469557049733574 -0.035275605910259196 -0.023904296128811051 -0.0029635944336182142 -0.0099445075748584855 -0.0021978548757396626 -0.04217412724123832 0.0063985580694861715 0.0030352356423982065 -0.0047602125111878618 -0.00073630425494916347 -0.0034853317776317528 0.0088011553668436906 -0.027466718088441963 -0.0082099026723578099 -0.060297911470022773 -0.00084719969285175175 -0.0050183722024990454 -0.005635771997844017 -0.0011118687691067677 0.0035641872057167751 -0.01481175452959959 0.0064054656889200694 0.023894800912606921 0.014340715902293556 -0.0034152930895132681 -0.050794839445335721 -0.0084146520787490072 -0.0094190559192023227 0.023883139799561418
leaf_weight=135 14827 61 112 9395 82 2444 91 20 10673 13904 3877 6094 2839 284 1608 47 18660 36 2354 6085 10051 99 10626 206 1315 70 73 1740 1229 57
leaf_count=135 14827 61 112 9395 82 2444 91 20 10673 13904 3877 6094 2839 284 1608 47 18660 36 2354 6085 10051 99 10626 206 1315 70 73 1740 1229 57
internal_value=2.78241e-12 0.00214163 0.000540071 -0.00340643 0.00485269 -0.000923812 -0.00768406 -0.00298812 0.00401529 -0.00516041 -0.00035602 0.000241744 0.00424671 -0.0124752 -0.0100326 -0.0403885 -0.00195648 -0.00499281 -0.00638444 0.00130931 0.0023671 0.00726501 0.0065429 0.00673807 0.0129152 -0.0230601 -0.035676 -0.0038154 -0.0046141 -0.00323171
internal_weight=119094 73122 45967 45972 27155 32343 2506 43945 13624 14150 29837 26164 13512 2027 1743 67 29795 14083 2415 20013 13928 12328 10931 10832 1397 179 109 11135 3673 6151
internal_count=119094 73122 45967 45972 27155 32343 2506 43945 13624 14150 29837 26164 13512 2027 1743 67 29795 14083 2415 20013 13928 12328 10931 10832 1397 179 109 11135 3673 6151
is_linear=0
shrinkage=0.05


Tree=50
num_leaves=31
num_cat=0
split_feature=9 7 6 0 8 8 6 11 6 11 11 9 11 8 10 0 3 6 7 11 3 12 3 10 11 5 11 0 5 11
split_gain=314.643 120.436 70.7564 64.1427 63.449 52.5463 48.1192 40.8381 39.002 38.9488 35.3608 34.2682 31.2473 30.0127 29.0417 27.0758 26.3241 23.783 22.3155 21.1395 19.9375 19.5891 19.0391 18.1858 18.1478 18.0262 17.4632 17.3373 17.3072 17.2567
threshold=0.41107725000000006 -3.2621859079007582 -2.5698590989285464 0.10095887592615772 -4.7917139135934015 -2.9561406301559194 -5.7651444851893165 -0.061167499999999965 -7.1583493145329467 0.100952 0.246304 1.0889377500000001 -0.142628 -2.6674372438884291 0.0063019999999999613 0.014754735309794322 0.24275444424315387 -1.166752840638609 -4.227243654263213 -0.51730049999999983 -0.18979409131602501 -3.4091077224771706 0.31248080293943098 -0.073182499999999998 0.20683000000000004 -1.6778835974049029 0.015824499999999988 1.0000000180025095e-35 -0.57118016003631034 -0.090929999999999969
decision_type=2 2 2 2 2 2 2 2 2 2 2 2 2 2 2 2 2 2 2 2 2 2 2 2 2 2 2 2 2 2
left_child=1 4 8 5 16 -3 7 -5 27 14 12 13 -10 -4 18 25 -1 20 -6 -17 -7 -16 24 -14 -8 -15 29 -2 -19 -23
right_child=2 3 11 6 9 17 22 -9 10 -11 -12 -13 23 15 21 19 -18 28 -20 -21 -22 26 -24 -25 -26 -27 -28 -29 -30 -31
leaf_value=-0.01022088396397885 -0.001935172293867384 -0.0026657377515240141 -0.0088140324591582248 -0.095871301917802729 -0.013010735613230663 0.0045439590547522472 -0.0044709362079172936 -0.021234390315981323 -0.0068416730694881292 -0.016943152331410343 -0.012538411849896895 0.016083073073381138 -0.0036981966690556381 0.0057183607238864946 -0.0051337557217442827 -0.034625925485872559 -0.035204158862582893 -0.0053487660764217921 -0.0052044189233733584 0.0037645856351749894 0.0012085652343198324 -0.014365545331578081 0.00098038027070913272 0.0035238064968798667 -0.044100485009879904 0.0097110823459499729 -0.0060689376726859416 -0.057802161935535147 0.0045847061081602169 -0.00083443515319222672
leaf_weight=200 21 10272 364 21 1078 5260 7514 144 977 560 465 781 995 7497 5925 36 223 2061 6073 9096 30229 240 1897 7033 29 4538 2024 41 557 12943
leaf_count=200 21 10272 364 21 1078 5260 7514 144 977 560 465 781 995 7497 5925 36 223 2061 6073 9096 30229 240 1897 7033 29 4538 2024 41 557 12943
internal_value=1.51337e-12 -0.00155262 0.00425406 -0.000232865 -0.00416742 0.00050812 -0.0039651 -0.0307336 0.000648135 -0.00388548 0.000906922 0.00579456 0.00160121 0.00542136 -0.00362694 0.00566616 -0.0233917 0.00136366 -0.00638121 0.00361324 0.00170292 -0.00269491 -0.00349722 0.0026287 -0.0046233 0.00722388 -0.00174468 -0.0388795 -0.00323534 -0.00108077
internal_weight=119094 87250 31844 57984 29266 48379 9605 165 9532 28843 9470 22312 9005 21531 28283 21167 423 38107 7151 9132 35489 21132 9440 8028 7543 12035 15207 62 2618 13183
internal_count=119094 87250 31844 57984 29266 48379 9605 165 9532 28843 9470 22312 9005 21531 28283 21167 423 38107 7151 9132 35489 21132 9440 8028 7543 12035 15207 62 2618 13183
is_linear=0
shrinkage=0.05


Tree=51
num_leaves=31
num_cat=0
split_feature=9 4 3 7 6 12 7 0 11 6 7 10 6 10 11 3 10 8 8 7 7 0 0 11 2 1 7 6 11 11
split_gain=288.65 101.172 78.2079 59.7271 46.0018 44.0424 40.9276 33.9463 27.2018 26.4549 25.7852 25.0892 27.4538 25.2456 24.9043 24.8718 23.7914 22.5096 20.9951 19.5442 18.9098 18.6507 18.5277 29.5514 16.3749 15.7209 15.6389 15.4375 15.1917 14.7601
threshold=0.28017425000000001 -0.23870660932159696 0.3937091721794837 -4.577970417832244 -4.3856160918270719 -1.3110343104926454 -1.3419737109646199 0.043847459396568318 0.024975500000000015 -7.1583493145329467 -4.577970417832244 -0.04814100000000001 0.62208236359720115 0.18392850000000002 -0.054970499999999985 1.0866827039825162 -0.09817399999999997 -3.29028167519688 -2.5463897494843324 -6.0515327842249702 -0.70053649234536841 0.070000853679358058 0.24443855308118304 -0.054970499999999985 1.3297423747402271 0.27714533478477471 -3.4046858084358629 -1.9296448585599391 0.46210699999999993 0.246304
decision_type=2 2 2 2 2 2 2 2 2 2 2 2 2 2 2 2 2 2 2 2 2 2 2 2 2 2 2 2 2 2
left_child=3 5 4 8 6 20 19 17 14 18 -4 12 -6 21 -1 28 -7 -5 -9 -3 -2 -13 -11 -24 -23 -8 -19 -28 -12 -21
right_child=1 2 10 7 11 16 25 9 -10 22 15 13 -14 -15 -16 -17 -18 26 -20 29 -22 24 23 -25 -26 -27 27 -29 -30 -31
leaf_value=-0.029380093616909228 0.0032626762328662358 -0.032985958474186748 -0.025487272571772336 -0.0033653062095469173 -0.0035169472834535344 0.0013564839495503129 -0.020228437784175057 0.0062376714688504031 -0.025497482705795722 -0.004195833821538519 0.0028906732172459711 0.0016539826397217645 -0.046785884423533812 -0.0074655940141754853 -0.0072516536793251684 0.0080817757464862819 0.0080130244848487294 -0.0031674882343497956 -0.05370319358771667 -0.0044407577880436998 -0.0039462879839299884 -0.0016994775333735003 -0.068320532569375189 -0.012057628268577678 0.021051047064684098 -0.058763372921384872 0.00079293634922008433 -0.0041224378054158014 -0.030586447043563517 -0.025302174420424064
leaf_weight=138 15863 65 75 12096 3987 1585 59 21 291 14603 10322 15702 37 989 1617 2814 8768 4569 48 2324 965 6972 26 228 80 48 12856 1824 34 88
leaf_count=138 15863 65 75 12096 3987 1585 59 21 291 14603 10322 15702 37 989 1617 2814 8768 4569 48 2324 965 6972 26 228 80 48 12856 1824 34 88
internal_value=1.42146e-13 0.00203383 0.000541164 -0.00297925 -0.000857816 0.00442794 -0.00723882 -0.00260959 -0.0113393 -0.00457216 0.00374694 -0.000263999 -0.0039148 0.000354744 -0.00899167 0.00391342 0.00699394 -0.00167505 -0.0354603 -0.00593096 0.00284928 0.000694654 -0.0044287 -0.0178168 -0.00144139 -0.0375151 -0.000612894 0.000182198 0.00278076 -0.00520187
internal_weight=119094 70777 43596 48317 30351 27181 2584 46271 2046 14926 13245 27767 4024 23743 1755 13170 10353 31345 69 2477 16828 22754 14857 254 7052 107 19249 14680 10356 2412
internal_count=119094 70777 43596 48317 30351 27181 2584 46271 2046 14926 13245 27767 4024 23743 1755 13170 10353 31345 69 2477 16828 22754 14857 254 7052 107 19249 14680 10356 2412
is_linear=0
shrinkage=0.05


Tree=52
num_leaves=31
num_cat=0
split_feature=9 6 7 8 11 9 6 0 11 8 0 7 0 9 11 10 10 8 5 5 7 6 11 2 4 3 2 11 6 5
split_gain=262.071 75.7885 66.4793 58.5634 51.8321 48.9221 48.3997 41.1436 39.4166 33.0422 32.9338 31.7932 30.4833 29.2862 28.1631 27.5005 27.872 24.9901 24.4121 24.1685 23.0011 23.477 21.3461 18.2784 20.0867 18.1274 18.5576 17.991 33.2065 17.4984
threshold=0.34356325000000004 -5.7651444851893165 -2.398115609606585 -3.4259494181301329 -0.090929999999999969 0.74734950000000011 -6.1338054052746172 0.080234946379640029 0.20683000000000004 -0.73528940360422468 0.051053393790261865 -5.0861548832608099 0.04118897595146976 0.11506975000000001 -0.51730049999999983 -0.04244549999999999 0.14305650000000003 -4.4489592662414834 -1.5133387696520224 -5.4815000171768951 -3.3927015421008675 -1.7141465525055397 0.035081499999999995 0.32515552765600603 -0.10735730165655204 -0.077888414534654268 0.23185215570524267 0.46210699999999993 -1.2621086156933556 -2.9843214267242053
decision_type=2 2 2 2 2 2 2 2 2 2 2 2 2 2 2 2 2 2 2 2 2 2 2 2 2 2 2 2 2 2
left_child=1 4 11 17 10 6 -4 18 13 12 -1 -2 20 -6 -9 -13 -17 -3 22 -11 -5 25 -8 24 -14 -22 -27 -7 -29 -19
right_child=2 3 5 9 8 27 7 14 -10 19 -12 15 23 -15 -16 16 -18 29 -20 -21 21 -23 -24 -25 -26 26 -28 28 -30 -31
leaf_value=-0.030944493895298561 -0.023554119983762375 -0.015605656154087945 -0.051010484856882747 -0.0024313441030487898 -0.023520721724323398 0.009715388162062525 0.0043740591615373412 -0.058806435428559782 -0.068337074999830549 -0.051273724220421479 -0.098835304447195751 -0.0047433430258445293 -0.00064691751916344086 -0.006018746867512771 0.0005940318728934734 0.0019616607065624249 -0.0071053729458134419 -0.0034314281452189339 0.0074564600440974738 -0.0090495448354837599 0.003798821971506482 -0.0034048716711928897 -0.0004009510072311628 0.001187531639016482 -0.0043284107643635607 -0.00012388075224983096 0.0043848414292648056 -0.025349974593513513 0.01307806304426506 -0.0086286949824631413
leaf_weight=95 144 499 41 7672 280 4098 13813 20 28 54 22 2417 5561 1633 8764 9670 929 10938 5319 91 5201 3155 2818 2922 11102 17046 2635 105 121 1901
leaf_count=95 144 499 41 7672 280 4098 13813 20 28 54 22 2417 5561 1633 8764 9670 929 10938 5319 91 5201 3155 2818 2922 11102 17046 2635 105 121 1901
internal_value=6.42094e-13 -0.00193597 0.00284164 -0.00165306 -0.0113906 0.00397797 0.00327826 0.00335068 -0.00944248 -0.000937416 -0.0437103 -0.000189064 -0.000874908 -0.00858046 0.000458785 6.94305e-05 0.00116694 -0.00462763 0.00450797 -0.0247744 -5.47714e-06 0.000658333 0.00356497 -0.00246013 -0.00309977 0.00117354 0.000479772 0.00895799 -0.00477567 -0.00420096
internal_weight=119094 70835 48259 68777 2058 35099 30775 30734 1941 55439 117 13160 55294 1913 8784 13016 10599 13338 21950 145 35709 28037 16631 19585 16663 24882 19681 4324 226 12839
internal_count=119094 70835 48259 68777 2058 35099 30775 30734 1941 55439 117 13160 55294 1913 8784 13016 10599 13338 21950 145 35709 28037 16631 19585 16663 24882 19681 4324 226 12839
is_linear=0
shrinkage=0.05


Tree=53
num_leaves=31
num_cat=0
split_feature=4 3 9 4 6 11 2 6 6 11 0 11 7 1 2 0 10 10 5 3 11 1 8 10 11 11 9 10 2 7
split_gain=240.97 117.214 81.1696 53.5603 51.9384 46.1684 38.8187 37.1889 31.3941 26.6999 25.6587 20.7475 29.8451 20.3098 20.2171 20.1937 20.9812 19.8151 19.6648 19.5475 19.4958 17.681 17.1625 16.8147 16.2678 15.0935 14.7206 14.5275 13.0768 12.1693
threshold=-0.14847562542611017 0.46217482500170654 0.44650825000000005 -0.017696075113215522 -5.0266021055637706 -0.10674599999999997 0.10411340171055007 -7.1583493145329467 -6.4665603489108898 0.049037499999999991 -0.10387990301468668 -0.21103749999999996 -2.280077869523883 1.0775296848187803 0.75053427322434352 0.11872976305947104 0.020905499999999997 0.0023310000000000002 -2.1034966267420745 -0.0058032053179939971 0.179837 0.11528475427143127 -2.9561406301559194 0.016201499999999997 0.0083265000000000162 0.246304 0.11506975000000001 -0.11816799999999995 0.21750925323772222 -3.8221113247827834
decision_type=2 2 2 2 2 2 2 2 2 2 2 2 2 2 2 2 2 2 2 2 2 2 2 2 2 2 2 2 2 2
left_child=2 3 15 6 5 -3 22 -5 19 11 18 12 -9 17 -6 16 -1 -10 -4 -8 26 -13 23 -2 -25 -24 -7 -12 -19 -29
right_child=1 4 10 7 14 20 8 9 13 -11 27 21 -14 -15 -16 -17 -18 28 -20 -21 -22 -23 25 24 -26 -27 -28 29 -30 -31
leaf_value=-6.7322590614324988e-05 -0.0065906078367394183 -0.056642939297939246 0.0053530196632969977 -0.026171052455686517 0.0024373385801882462 -0.027313151685938016 -0.062343917241586111 -0.01184740109975878 -0.0031044093584538168 -0.012925641006173189 -0.00079973415274652503 -0.0064613445141982351 -0.065478211105801168 0.029059038677563272 0.0084537570272924956 -0.0034760911661853387 0.0026468798975071367 -0.00043432491981490012 0.011086707839904503 -0.01450778859977921 -0.052628088572426984 -0.0026246924889849151 -0.001696058640311703 -0.0017282080298389423 -0.0066076324485710731 -0.022838285324875925 -0.0020967125144020159 -0.026173947006464006 0.0027878967015825119 0.0047052850819490621
leaf_weight=12589 5378 53 3261 216 9997 67 28 137 4122 1046 1398 5487 32 60 1623 2224 16390 7768 2762 90 23 6633 12305 6378 2333 85 425 32 5295 10857
leaf_count=12589 5378 53 3261 216 9997 67 28 137 4122 1046 1398 5487 32 60 1623 2224 16390 7768 2762 90 23 6633 12305 6378 2333 85 425 32 5295 10857
internal_value=6.53955e-13 -0.00189723 0.0026662 -0.00284293 0.00255603 -0.0122071 -0.00199374 -0.00559033 -0.00015643 -0.00525696 0.00530898 -0.00460423 -0.0220023 1.94401e-05 0.00327767 0.00111541 0.00146778 -8.19493e-05 0.00798235 -0.0258587 -0.00763404 -0.00436163 -0.00319852 -0.00439225 -0.00303503 -0.0018411 -0.00553066 0.00399851 0.000871781 0.00461454
internal_weight=119094 69581 49513 57393 12188 568 43842 13551 17363 13335 18310 12289 169 17245 11620 31203 28979 17185 6023 118 515 12120 26479 14089 8711 12390 492 12287 13063 10889
internal_count=119094 69581 49513 57393 12188 568 43842 13551 17363 13335 18310 12289 169 17245 11620 31203 28979 17185 6023 118 515 12120 26479 14089 8711 12390 492 12287 13063 10889
is_linear=0
shrinkage=0.05


Tree=54
num_leaves=31
num_cat=0
split_feature=9 4 3 4 12 11 10 8 11 7 11 7 0 12 6 11 2 8 2 3 11 9 9 5 10 0 7 3 7 6
split_gain=220.43 82.98 63.4884 50.239 46.3517 40.5732 38.3692 28.0241 26.3939 26.3821 25.9465 23.6599 22.7307 20.3323 19.3155 19.2964 18.5778 17.8636 20.3152 20.0614 17.5149 20.0956 17.1948 16.9129 16.3191 15.0425 16.9292 15.0032 14.583 14.5759
threshold=0.27453375000000008 -0.35845654852504161 0.64702726584195924 -0.028960740868707754 -3.9792674910542343 0.179837 -0.04814100000000001 -4.7917139135934015 -0.21103749999999996 -4.8226363254664175 0.11810349999999999 -2.2915216929126729 0.0015722619911893167 -0.70754118986470915 -3.7813409546536341 0.021109999999999993 0.20453227569025725 -1.5313446455560442 0.29044924967510594 -0.044891511925083331 -0.069329999999999989 0.41107725000000006 1.0889377500000001 -1.7640124196234876 0.0050524999999999884 0.045616714050826686 1.0000000180025095e-35 -0.45376172043010748 -4.8226363254664175 -2.2223506411866132
decision_type=2 2 2 2 2 2 2 2 2 2 2 2 2 2 2 2 2 2 2 2 2 2 2 2 2 2 2 2 2 2
left_child=4 13 3 6 16 7 -3 -6 11 -4 -10 -5 24 25 -13 20 -1 18 19 27 -8 -22 -23 -17 -9 26 -2 -14 -20 -26
right_child=1 2 9 8 5 -7 15 12 10 -11 -12 14 17 -15 -16 23 -18 -19 28 -21 21 22 -24 -25 29 -27 -28 -29 -30 -31
leaf_value=-0.0083598043905218477 0.0054961247015596071 -0.002703946509945728 -0.049645258824933661 -0.012195404174627137 -0.023381705334722478 -0.035421528477442038 -0.0025476005772542302 -0.0035810097198943134 -0.0022247983399325019 0.0051848025592573319 -0.014387399868742068 -0.085212145068428738 -0.013561979269401895 0.0086153060865948334 -0.020974321745336057 -0.0020530876537523304 -0.021685684162999909 -0.018053952520377288 -0.040615814157007712 -0.0043691035853820987 0.00159356958762178 0.0045432595958286677 0.041280329192522919 0.0035097196136954379 0.00057507510560012357 0.00079582008548443662 -0.0067278598622361732 -0.00037710681239471367 0.0012047840521913194 -0.0045849764241221213
leaf_weight=1062 8501 6467 22 236 158 93 1932 4263 6354 7878 471 22 225 3174 25 5891 347 201 21 18221 20527 6861 32 1779 11749 2657 293 5254 2829 1549
leaf_count=1062 8501 6467 22 236 158 93 1932 4263 6354 7878 471 22 225 3174 25 5891 347 201 21 18221 20527 6861 32 1779 11749 2657 293 5254 2829 1549
internal_value=5.71e-12 0.00170562 0.000863426 0.000212546 -0.00271293 -0.00243062 0.000849505 -0.00236162 -0.00368458 0.00503211 -0.00306415 -0.0186471 -0.00228667 0.00507424 -0.0510431 0.00147022 -0.0116416 -0.0032042 -0.00309178 -0.0035714 0.00205374 0.00237795 0.00471381 -0.000762835 -0.000888982 0.00409272 0.00508884 -0.000918555 0.000896632 -2.59867e-05
internal_weight=119094 73122 58497 50597 45972 44563 43489 44470 7108 7900 6825 283 44312 14625 47 37022 1409 26751 26550 23700 29352 27420 6893 7670 17561 11451 8794 5479 2850 13298
internal_count=119094 73122 58497 50597 45972 44563 43489 44470 7108 7900 6825 283 44312 14625 47 37022 1409 26751 26550 23700 29352 27420 6893 7670 17561 11451 8794 5479 2850 13298
is_linear=0
shrinkage=0.05


Tree=55
num_leaves=31
num_cat=0
split_feature=4 3 9 7 8 10 11 6 2 5 11 6 0 7 6 10 12 11 11 4 2 11 7 11 5 8 0 5 8 7
split_gain=201.572 90.483 87.1161 50.1961 38.8615 33.9043 34.8954 32.419 26.5265 26.332 28.3084 23.1905 20.5747 21.3613 22.5074 20.0785 21.5802 20.0339 18.732 18.1496 17.4171 16.721 16.1934 15.0657 19.1022 18.6206 14.4095 14.2973 14.0021 13.9609
threshold=-0.11552334484678838 0.4068649884844458 0.42134900000000003 -4.8226363254664175 -4.0119331409987975 0.0023310000000000002 -0.00433199999999996 -5.9227674387528646 0.32515552765600603 -1.3296411728288786 0.46210699999999993 1.0943468274178154 0.11872976305947104 -3.3683361585682872 -1.1338114527935306 -0.077595999999999998 0.18253353331992675 -0.06482099999999999 0.016884999999999987 -0.009358862544003475 0.24413436462008467 -0.142628 -1.0487833304030032 0.20683000000000004 -3.1231493738985585 -2.1937144209583077 0.046485042986332721 -1.0662737017425312 -1.1782015462089306 -2.1516062067323611
decision_type=2 2 2 2 2 2 2 2 2 2 2 2 2 2 2 2 2 2 2 2 2 2 2 2 2 2 2 2 2 2
left_child=2 4 12 19 18 7 17 29 -5 10 15 -9 13 28 22 -4 -17 -7 -2 -3 26 -18 -15 -22 25 -25 -8 -16 -1 -6
right_child=1 3 9 8 5 6 20 11 -10 -11 -12 -13 -14 14 27 16 21 -19 -20 -21 23 -23 -24 24 -26 -27 -28 -29 -30 -31
leaf_value=-0.0018869453227519418 -0.0070911611594009624 -0.0034470343513124321 -0.00024216236776811986 -0.00012855783336062935 -0.016910343557944404 -0.0069479434766111696 -0.0029118074119164564 -0.0046578861063691244 0.0043906495297040349 0.0076504799239851644 -0.015411258020351842 -0.050226364271449192 -0.0039732772706827756 0.001978725813138018 -0.0063630666942051705 0.0042541426283939391 -0.008971511531347896 0.00046459938344047637 -0.018656736875008701 -0.029899925299750052 0.00013571602211163427 0.02411231751072531 -0.0056107528255711454 -0.0027908301840607937 0.005977122410339244 -0.057143606061581524 -0.0060679596508312564 0.0029289819892119578 -0.037987277070405306 -0.04615517783752876
leaf_weight=5192 2431 106 2611 6783 222 980 9743 9813 6229 5155 194 28 2339 26479 1440 14314 46 13047 409 167 3897 225 722 26 47 40 5751 581 27 50
leaf_count=5192 2431 106 2611 6783 222 980 9743 9813 6229 5155 194 28 2339 26479 1440 14314 46 13047 409 167 3897 225 722 26 47 40 5751 581 27 50
internal_value=3.90664e-12 -0.00204937 0.00206471 0.00158966 -0.0030894 -0.00272061 -0.00195528 -0.00525819 0.00203484 0.00451198 0.00358162 -0.00478754 0.000564613 0.000872796 0.00139904 0.00379589 0.00451878 -5.32798e-05 -0.00875677 -0.0196288 -0.00332317 0.0184966 0.00177728 -0.000386159 -0.0183839 -0.0357319 -0.0040833 -0.00369178 -0.00207371 -0.0222862
internal_weight=119094 59769 59325 13285 46484 43644 33531 10113 13012 22545 17390 9841 36780 34441 29222 17196 14585 14027 2840 273 19504 271 27201 4010 113 66 15494 2021 5219 272
internal_count=119094 59769 59325 13285 46484 43644 33531 10113 13012 22545 17390 9841 36780 34441 29222 17196 14585 14027 2840 273 19504 271 27201 4010 113 66 15494 2021 5219 272
is_linear=0
shrinkage=0.05


Tree=56
num_leaves=31
num_cat=0
split_feature=9 9 11 11 8 8 8 8 4 9 11 6 8 5 10 9 4 5 11 0 10 10 10 4 0 10 7 2 2 1
split_gain=184.342 70.2145 46.5901 43.4381 39.7514 38.5235 33.9273 30.1911 29.848 26.5228 23.7862 21.046 29.6417 20.2477 20.0985 18.4936 18.0193 17.8151 18.4563 17.2491 16.886 19.446 16.8535 18.0705 15.9871 15.2219 14.8071 15.4071 13.7641 13.6265
threshold=0.27453375000000008 0.55698425000000007 0.100952 -0.069329999999999989 -1.68748720979725 -4.4489592662414834 -1.5001172294596328 -0.6905742408661083 -0.071658492666420645 0.41107725000000006 0.002702999999999994 -5.9227674387528646 -2.3318633918723033 -11.612820941196995 0.022218499999999992 1.2747032500000002 -0.081853202417920032 -5.676726491953211 -0.069329999999999989 0.39933890765301921 0.006919499999999996 0.077617000000000033 -0.11816799999999995 -0.0065131717464908525 0.10095887592615772 -0.077595999999999998 -0.60179689406171089 0.3008632936005074 -0.48597517956129066 -0.032460371461773212
decision_type=2 2 2 2 2 2 2 2 2 2 2 2 2 2 2 2 2 2 2 2 2 2 2 2 2 2 2 2 2 2
left_child=4 2 3 8 5 13 25 16 -2 20 14 12 -10 -1 -7 22 -4 18 -6 -17 -5 -22 23 -8 -11 -3 27 -13 -24 -12
right_child=1 6 7 9 17 10 15 -9 11 24 29 26 -14 -15 -16 19 -18 -19 -20 -21 21 -23 28 -25 -26 -27 -28 -29 -30 -31
leaf_value=-0.045382656699613388 -0.00099799358788466453 -0.0060144181431865205 -0.0018371239270358398 -0.00096809807941936369 -0.055300253406167038 -0.0025932726833811453 0.0011716200359958629 -0.046223977224334432 -0.000276142583581908 0.0040709908872964612 -0.00074700631579927067 -0.011205615698392858 -0.068200838296777685 -0.011214451887360054 5.1543623584257461e-06 0.012667341836275884 -0.01100423595852066 -0.0067082921743740719 -0.018872537010146264 0.043028866848485038 0.0019272672581590062 -0.0020500141506932241 0.012292130500108765 -0.043563363717302038 0.00014115037504795397 0.0021872403295089865 -0.04842854277635722 0.0019405583700522631 0.0058789733463133721 -0.0045196592375385475
leaf_weight=46 2883 733 1415 10174 40 14943 1220 46 29 12142 3004 893 36 755 14825 313 863 316 266 55 23934 3526 937 23 3289 2479 23 297 7812 11777
leaf_count=46 2883 733 1415 10174 40 14943 1220 46 29 12142 3004 893 36 755 14825 313 863 316 266 55 23934 3526 937 23 3289 2479 23 297 7812 11777
internal_value=-1.67321e-12 0.00155977 0.000820094 0.00110193 -0.00248093 -0.00230874 0.00480524 -0.00611983 -0.00381749 0.00148768 -0.00211333 -0.0101779 -0.037896 -0.0131767 -0.00129921 0.00619722 -0.00531 -0.0150352 -0.0236343 0.0172051 0.000771893 0.00141656 0.0057918 0.000343861 0.00323338 0.000315567 -0.0086926 -0.0079246 0.00656581 -0.00375293
internal_weight=119094 73122 59550 57226 45972 45350 13572 2324 4161 53065 44549 1278 65 801 29768 10360 2278 622 306 368 37634 27460 9992 1243 15431 3212 1213 1190 8749 14781
internal_count=119094 73122 59550 57226 45972 45350 13572 2324 4161 53065 44549 1278 65 801 29768 10360 2278 622 306 368 37634 27460 9992 1243 15431 3212 1213 1190 8749 14781
is_linear=0
shrinkage=0.05


Tree=57
num_leaves=31
num_cat=0
split_feature=4 3 12 7 4 2 6 11 2 0 10 10 1 7 7 0 6 3 7 11 12 7 5 4 11 10 6 5 7 1
split_gain=170.544 87.4671 54.0811 44.5251 40.4871 32.7583 25.0127 24.0347 21.8735 20.0898 19.5259 19.2907 18.0027 17.6628 19.1836 17.354 16.7489 16.657 15.5352 15.3395 16.5429 14.7085 24.8026 14.4555 14.131 14.1175 15.3792 13.2661 20.609 16.7016
threshold=-0.15164031350850052 0.4068649884844458 -1.3467430288252182 -4.577970417832244 -0.017696075113215522 0.10411340171055007 -6.4665603489108898 0.100952 0.32515552765600603 0.09392219191189656 -0.11816799999999995 -0.077595999999999998 1.0775296848187803 -0.75082161473017284 -3.3683361585682872 0.072400975588709629 -6.4665603489108898 -0.0058032053179939971 -6.0515327842249702 0.246304 1.0000000180025095e-35 -1.60923427388651 -5.3765406192341141 -0.009358862544003475 -0.15991899999999995 -0.14249199999999998 -5.9227674387528646 -1.0662737017425312 -1.5127698078228742 0.43831218028126889
decision_type=2 2 2 2 2 2 2 2 2 2 2 2 2 2 2 2 2 2 2 2 2 2 2 2 2 2 2 2 2 2
left_child=2 4 9 23 5 25 17 10 -5 13 21 -4 -8 14 -1 19 -10 -7 -12 20 -13 -6 -23 -3 -22 26 -2 28 -9 -29
right_child=1 3 11 8 7 6 12 27 16 -11 18 15 -14 -15 -16 -17 -18 -19 -20 -21 24 22 -24 -25 -26 -27 -28 29 -30 -31
leaf_value=-0.0016709588941966947 -0.036829811027696863 -0.0045148303101360731 0.00085257967854015105 0.00044174096584881546 -0.010360041311979221 -0.057261448167264466 8.7434698201972695e-05 -0.014549578615896234 -0.040268253002847948 -0.0020437428785718905 -0.021821255078081227 0.0070246218538472143 0.02799439085326318 -0.0050243581776663977 0.0023416918262157099 0.0024725670169059594 0.0044546365473389976 -0.012304706675096011 -0.0038851555627291857 -0.0025803021800792432 -0.0071816918962890764 -0.066599688752356806 -0.0092566237298094423 -0.025534374222988061 0.020974527566532786 -0.0025577080566246105 -0.0067883054402254565 -0.010950356166885824 -0.04631191787893995 0.043269814159721143
leaf_weight=3345 44 146 2284 7912 501 28 15969 380 21 4060 122 7259 58 949 27190 2739 6734 78 11561 391 51 33 44 186 353 25187 1341 49 59 20
leaf_count=3345 44 146 2284 7912 501 28 15969 380 21 4060 122 7259 58 949 27190 2739 6734 78 11561 391 51 33 44 186 353 25187 1341 49 59 20
internal_value=-3.14759e-13 -0.00157161 0.00227794 0.00181601 -0.00248755 -0.00174892 2.83166e-05 -0.00495782 0.00222588 0.00126647 -0.00451627 0.00502716 0.000188427 0.00169334 0.00190212 0.00591058 0.0043156 -0.0241801 -0.00407245 0.00707978 0.00757268 -0.013487 -0.0338322 -0.0162908 0.0174202 -0.00282796 -0.00774269 -0.015615 -0.0188183 0.00476564
internal_weight=119094 70473 48621 14999 55474 42705 16133 12769 14667 35544 12261 13077 16027 31484 30535 10793 6755 106 11683 8054 7663 578 77 332 404 26572 1385 508 439 69
internal_count=119094 70473 48621 14999 55474 42705 16133 12769 14667 35544 12261 13077 16027 31484 30535 10793 6755 106 11683 8054 7663 578 77 332 404 26572 1385 508 439 69
is_linear=0
shrinkage=0.05


Tree=58
num_leaves=31
num_cat=0
split_feature=7 9 0 7 6 11 5 11 10 12 11 8 8 0 10 12 10 10 8 11 8 1 11 2 10 7 3 4 11 4
split_gain=156.479 81.9304 44.494 43.2992 35.5029 43.8697 31.7825 37.3561 29.2647 34.7454 24.8267 24.6283 24.4787 20.9777 20.6075 20.3595 20.3284 18.3296 19.4789 17.1923 17.1623 18.969 15.7829 15.1973 14.333 14.2244 14.2591 14.0411 13.8296 13.5997
threshold=-3.0605666559286608 0.40135500000000007 0.11145475408802287 -4.577970417832244 -5.2682388205839912 -0.069329999999999989 -1.5812620357799021 0.246304 -0.12586299999999997 0.18253353331992675 0.014352499999999964 -2.3318633918723033 -3.3546567408511678 -0.12790067133625541 -0.032828500000000004 -2.9556748907131571 0.022875999999999942 0.13598200000000008 -3.303549936232256 -0.0041425000000000203 -4.7917139135934015 -0.0099583962193352509 -0.142628 1.074308148673081 0.18392850000000002 0.80553278013315566 0.13938487277689918 -0.0058264100749526029 0.20683000000000004 -0.50342274957816568
decision_type=2 2 2 2 2 2 2 2 2 2 2 2 2 2 2 2 2 2 2 2 2 2 2 2 2 2 2 2 2 2
left_child=3 2 12 11 5 -4 7 8 -3 24 14 20 -2 -8 -5 -16 -14 -17 -19 -18 21 -1 -11 -15 29 26 28 -9 -6 -10
right_child=1 6 4 10 25 -7 13 27 9 22 -12 -13 16 23 15 17 19 18 -20 -21 -22 -23 -24 -25 -26 -27 -28 -29 -30 -31
leaf_value=0.010246941844622295 -0.0071637094018482152 -0.0029009011158465936 -0.084102088986681062 -0.0050174746811128112 -0.0042812665580890504 -0.015120190307452101 0.010415198637251589 -0.0084149176314401389 0.0066026415781876959 -0.0037336477544158697 -0.0052047630634152187 -0.02303983385266789 -0.00048801801980670147 0.0038371592306230061 -0.0024390945701940605 0.00069015076560985811 0.0034812642539346797 -0.022224968410284623 -0.001710558716095639 0.00067297640154593717 -0.0048862193560006723 -0.019951938752634214 0.025733535909296796 0.013551662520721611 -0.0038181053305594462 -0.039874809579207353 0.00016486411777250231 -0.045985884361841901 -0.044017336115410387 0.0027001668326983004
leaf_weight=60 986 2173 26 3894 4664 203 1961 571 2569 56 5714 282 17159 5914 14108 12386 9058 180 324 13682 1618 390 241 432 753 26 2573 26 22 17043
leaf_count=60 986 2173 26 3894 4664 203 1961 571 2569 56 5714 282 17159 5914 14108 12386 9058 180 324 13682 1618 390 241 432 753 26 2573 26 22 17043
internal_value=-8.05766e-13 0.00126363 -3.10167e-05 -0.00259947 -0.00356732 -0.0229522 0.00323785 0.00229577 0.00261857 0.00319905 -0.00217711 -0.00917854 0.000618898 0.00589521 -0.0016171 -0.00112665 0.000811225 0.000309813 -0.00903713 0.0017916 -0.00728837 -0.0159254 0.0201774 0.00449847 0.00295144 -0.00295796 -0.00282574 -0.0100512 -0.00446782 0.00321136
internal_weight=119094 80138 48399 38956 7514 229 31739 23432 22835 20662 36606 2350 40885 8307 30892 26998 39899 12890 504 22740 2068 450 297 6346 20365 7285 7259 597 4686 19612
internal_count=119094 80138 48399 38956 7514 229 31739 23432 22835 20662 36606 2350 40885 8307 30892 26998 39899 12890 504 22740 2068 450 297 6346 20365 7285 7259 597 4686 19612
is_linear=0
shrinkage=0.05


Tree=59
num_leaves=31
num_cat=0
split_feature=4 3 9 8 11 7 9 11 2 6 11 5 12 0 11 6 10 10 12 6 8 1 10 0 5 11 11 8 2 6
split_gain=145.728 68.3707 58.5863 50.7138 29.2408 29.7974 29.5145 28.9387 25.4211 25.6736 24.2513 23.5771 23.5495 20.9126 20.7872 19.2598 18.0157 17.584 18.6118 16.3193 22.2875 16.0546 15.1361 14.8956 14.6596 13.1313 13.4011 12.9099 12.5747 12.8446
threshold=-0.11552334484678838 0.31736132833009484 0.39677800000000002 -4.4489592662414834 -0.142628 -0.98429026556869526 0.68740100000000015 0.021109999999999993 0.32515552765600603 -5.1370560909158876 -0.098558999999999966 -2.1748270360962345 -3.1794568535568666 -0.10387990301468668 0.1583495 -1.3256067280122912 0.0037134999999999811 -0.077595999999999998 -0.70754118986470915 -4.5737465992746786 -1.9275292985526573 0.23883972357695984 0.020905499999999997 0.14293688940566843 -1.0662737017425312 -0.057693999999999988 -0.0056454999999999969 -1.4260573590999026 1.074308148673081 -0.24351852815951319
decision_type=2 2 2 2 2 2 2 2 2 2 2 2 2 2 2 2 2 2 2 2 2 2 2 2 2 2 2 2 2 2
left_child=2 4 15 -3 5 -2 -7 12 -5 10 -10 14 27 -13 17 22 -14 -4 -19 20 -9 -12 -1 -24 -17 -18 -27 -6 29 -21
right_child=1 3 11 8 7 6 -8 19 9 -11 21 13 16 -15 -16 24 25 18 -20 28 -22 -23 23 -25 -26 26 -28 -29 -30 -31
leaf_value=-0.00055083116418691211 -0.0090141252811937588 -0.02324082827539431 -0.00137318567455551 -0.000470662325128577 -0.0038742791379161889 -0.076566921287413811 -0.00074090437874907542 -0.0097590057297142225 -0.047185320339006624 0.0038719859153034035 0.0090064679937703271 0.0086396311349526498 -0.0036202751694514204 0.003804044943565807 -0.0058332214462372359 -0.0061205814086199763 -0.0078625629155941543 0.0027576261875570211 0.008595781417606441 -0.0047411201808779113 -0.037364761676225398 -0.017371913196984678 0.0019722975836901006 -0.005378767081649769 0.0024844431316798162 0.001415851198051407 -0.0014331187854431163 -0.023211921884774649 0.018905938647010109 -0.022026952364143326
leaf_weight=13313 1073 218 2199 11362 10865 33 21 751 41 7129 105 3408 5807 6501 739 1848 570 11233 1554 4670 81 128 17136 718 676 7535 9128 87 55 110
leaf_count=13313 1073 218 2199 11362 10865 33 21 751 41 7129 105 3408 5807 6501 739 1848 570 11233 1554 4670 81 128 17136 718 676 7535 9128 87 55 110
internal_value=1.52733e-12 -0.00174252 0.00175556 0.000736274 -0.00289622 -0.010838 -0.047079 -0.00267054 0.00101483 0.00329473 -0.0117245 0.00355691 -0.00211906 0.00546715 0.00235319 0.000384992 -0.0012117 0.00275688 0.00346714 -0.00597842 -0.0124466 -0.00548466 0.000725194 0.00167667 -0.00381591 -0.000400089 -0.000144816 -0.00402789 -0.00486539 -0.00513891
internal_weight=119094 59769 59325 18983 40786 1127 54 39659 18765 7403 274 25634 33992 9909 15725 33691 23040 14986 12787 5667 832 233 31167 17854 2524 17233 16663 10952 4835 4780
internal_count=119094 59769 59325 18983 40786 1127 54 39659 18765 7403 274 25634 33992 9909 15725 33691 23040 14986 12787 5667 832 233 31167 17854 2524 17233 16663 10952 4835 4780
is_linear=0
shrinkage=0.05


Tree=60
num_leaves=31
num_cat=0
split_feature=9 4 3 11 12 11 11 7 4 2 6 6 8 0 4 10 10 10 7 11 7 5 10 1 0 1 11 5 8 9
split_gain=132.385 55.2363 46.6731 38.4321 28.6308 28.3315 28.5383 26.3975 21.6172 20.23 17.6023 17.0748 16.692 16.8373 16.683 15.6198 15.1226 18.6953 15.0891 14.7816 16.4515 22.2663 13.7077 13.0409 13.0138 12.7527 12.8859 16.8398 12.7215 12.4871
threshold=0.26687250000000007 -0.23591561597697316 0.3319629880006762 0.20683000000000004 -3.9792674910542343 -0.18208799999999997 0.021109999999999993 -4.1904027424236379 -0.65233439311274211 0.55825240584291658 0.62208236359720115 -6.4665603489108898 -4.7917139135934015 0.035246357508688882 -0.044414442503614475 0.014138500000000014 0.089763999999999969 -0.012629000000000027 -0.33479250658640447 0.246304 -1.5337203286690364 -1.0662737017425312 -0.49409349999999991 1.0775296848187803 0.070000853679358058 0.14142852113645901 -0.10674599999999997 -6.0985470244912863 -3.1257689368057004 0.99512200000000017
decision_type=2 2 2 2 2 2 2 2 2 2 2 2 2 2 2 2 2 2 2 2 2 2 2 2 2 2 2 2 2 2
left_child=3 8 5 4 28 11 16 -4 -2 14 12 -3 -6 -14 -9 -10 17 -7 -13 23 -21 -22 -16 -8 -19 -15 27 -27 -1 -18
right_child=1 2 7 -5 10 6 19 9 15 -11 -12 18 13 25 22 -17 29 24 -20 20 21 -23 -24 -25 -26 26 -28 -29 -30 -31
leaf_value=-0.006724397754511397 0.0085148076294068349 -0.041695207548705315 -0.016893878150784244 -0.047907916287405664 -0.017980267778501747 -0.0021235931486636665 -0.0030222756449115283 0.0029339488906033064 0.0011038341912422143 0.0060456733105854988 -0.038444107658032217 -0.0063800325515234154 -0.0010783040794694527 -0.0040871140111057745 -0.042173788994550709 0.0036008465579679531 -0.0050556327556410497 0.0022192387858002652 -0.043508759879374082 -0.0073356561952219266 -0.043646188686929044 0.010142573671272168 -0.00068256191915079751 0.024301547415300526 -0.00077673499015411642 -0.061576034985482697 -0.00057270689041434499 0.0025309592884566103 -0.018345265935352666 0.033759311843840852
leaf_weight=1109 1672 37 176 46 161 5135 5791 8757 10091 3340 33 1205 25983 10841 20 16509 1558 12002 28 472 74 26 4254 44 5193 20 4176 21 299 21
leaf_count=1109 1672 37 176 46 161 5135 5791 8757 10091 3340 33 1205 25983 10841 20 16509 1558 12002 28 472 74 26 4254 44 5193 20 4176 21 299 21
internal_value=4.83223e-12 0.00124607 0.000215733 -0.00223022 -0.00218095 -0.00091119 -0.000604695 0.00236688 0.00300021 0.00257394 -0.00194154 -0.00822749 -0.00191231 -0.00184927 0.0016841 0.00265358 0.000189441 0.000523828 -0.00722318 -0.00356817 -0.0112387 -0.0296611 -0.000876718 -0.00281623 0.00131444 -0.0031796 -0.000846572 -0.0287407 -0.00919218 -0.00453941
internal_weight=119094 76405 48133 42689 42643 31586 30316 16547 28272 16371 41235 1270 41202 41041 13031 26600 23909 22330 1233 6407 572 100 4274 5835 17195 15058 4217 41 1408 1579
internal_count=119094 76405 48133 42689 42643 31586 30316 16547 28272 16371 41235 1270 41202 41041 13031 26600 23909 22330 1233 6407 572 100 4274 5835 17195 15058 4217 41 1408 1579
is_linear=0
shrinkage=0.05


Tree=61
num_leaves=31
num_cat=0
split_feature=4 2 6 9 7 9 4 11 3 4 5 11 0 6 0 5 10 12 11 5 9 2 9 0 7 0 11 7 1 5
split_gain=122.56 58.4185 61.3845 50.5626 25.2419 25.2946 24.1479 23.1451 21.2369 21.6692 20.7345 18.7446 18.6022 17.8253 17.7005 16.4714 16.0015 16.2952 15.7569 15.4092 15.1368 14.9427 14.2479 14.2153 16.0358 14.1549 13.4575 12.9534 12.6567 19.6341
threshold=-0.11136125466123591 0.22104460847240062 -5.7651444851893165 0.40135500000000007 -2.5858264369242692 0.16886200000000004 -0.017696075113215522 -0.21103749999999996 0.66679226325043983 -0.028960740868707754 -2.0552322794766389 0.246304 0.017672836489130653 -1.3256067280122912 -0.10387990301468668 -1.0662737017425312 -0.12586299999999997 -0.74704209320020565 0.11810349999999999 -8.2910879821438197 0.34038100000000004 0.10189774011475207 0.14201150000000004 0.099178479360018015 -3.3683361585682872 0.18620962894147222 0.010546499999999988 -1.0487833304030032 0.010904258011725678 -10.076609697970159
decision_type=2 2 2 2 2 2 2 2 2 2 2 2 2 2 2 2 2 2 2 2 2 2 2 2 2 2 2 2 2 2
left_child=3 6 4 13 12 19 21 20 9 -9 11 16 -3 23 -12 -15 -5 26 -11 -6 -4 -2 -14 24 -1 -7 -18 -26 29 -8
right_child=1 2 7 10 5 25 28 8 -10 18 14 -13 22 15 -16 -17 17 -19 -20 -21 -22 -23 -24 -25 27 -27 -28 -29 -30 -31
leaf_value=-0.0014900841255893601 -0.0029294246196106795 -0.016565576114192192 -0.055643855505401185 -0.0021178563243575118 0.024592841207631864 -0.0870751929935068 -0.058209658724566307 0.002653800455196669 0.0043799010790025912 -0.00089516242046030537 0.0082113177559811727 -0.0080228716636999344 -0.033351428942246873 -0.0059974015698582121 0.0035859279672035534 0.002873212920711311 0.0035688259344506257 0.0071939978530418036 -0.013639717825129627 -0.031026499983713485 -0.010909460737112617 -0.00062111741726163239 0.0099538012540257691 -0.0028334370393488292 0.001697855466658957 -0.038726781394968678 5.7452836799893882e-05 -0.0059281557979748442 -0.0047119219255639614 -0.011267595506468489
leaf_weight=5383 19340 343 21 1684 20 24 24 6041 4289 8115 3159 436 22 1930 5991 718 7803 2021 250 33 190 10998 139 2656 24117 41 4196 570 8230 310
leaf_count=5383 19340 343 21 1684 20 24 24 6041 4289 8115 3159 436 22 1930 5991 718 7803 2021 250 33 190 10998 139 2656 24117 41 4196 570 8230 310
internal_value=-6.02281e-12 -0.00163436 0.000597078 0.00157417 -0.0148581 -0.0356747 -0.00275449 0.00110555 0.00129141 0.000371889 0.00328138 0.00220342 -0.00998442 0.000353632 0.00518282 -0.00359215 0.00248734 0.00304049 -0.00127605 -0.0100381 -0.0153617 -0.00209263 0.00403632 0.000672902 0.000982608 -0.0565785 0.00234091 0.00152178 -0.00509915 -0.0146407
internal_weight=119094 58430 19528 60664 622 118 38902 18906 18695 14406 25290 16140 504 35374 9150 2648 15704 14020 8365 53 211 30338 161 32726 30070 65 11999 24687 8564 334
internal_count=119094 58430 19528 60664 622 118 38902 18906 18695 14406 25290 16140 504 35374 9150 2648 15704 14020 8365 53 211 30338 161 32726 30070 65 11999 24687 8564 334
is_linear=0
shrinkage=0.05


Tree=62
num_leaves=31
num_cat=0
split_feature=7 9 0 7 6 11 5 11 8 8 9 6 10 0 11 2 10 6 0 11 11 8 10 11 8 2 3 11 5 8
split_gain=112.516 55.5555 36.0474 31.4921 31.3188 31.3155 26.2956 28.1079 23.3904 22.0353 20.4276 23.8634 20.5449 20.0153 20.4724 19.7401 19.4754 18.676 15.6606 15.5927 14.2086 14.0677 13.8783 13.2598 13.0111 12.7033 12.5333 12.3754 12.2715 12.26
threshold=-3.0605666559286608 0.42907875000000001 0.11389564247855356 -4.4240130279610765 -5.2682388205839912 -0.069329999999999989 -1.6778835974049029 0.46210699999999993 -2.2044651637498101 -2.9561406301559194 0.99512200000000017 1.0943468274178154 -0.64096399999999998 -0.013703536450058283 0.026967500000000009 0.27493006094131328 -0.04244549999999999 -1.166752840638609 -0.12790067133625541 0.036480999999999965 0.024975500000000015 -1.5483174794385079 0.022875999999999942 -0.25466599999999995 -1.5155223164403366 1.074308148673081 0.13938487277689918 -0.043555000000000003 -1.0662737017425312 -3.4893956424824988
decision_type=2 2 2 2 2 2 2 2 2 2 2 2 2 2 2 2 2 2 2 2 2 2 2 2 2 2 2 2 2 2
left_child=3 2 9 8 5 -4 7 10 20 29 11 19 -12 24 15 -15 -13 22 -8 23 27 -21 -11 -3 -5 -20 -6 -1 -19 -2
right_child=1 6 4 13 26 -7 18 -9 -10 17 12 16 -14 14 -16 -17 -18 28 25 21 -22 -23 -24 -25 -26 -27 -28 -29 -30 -31
leaf_value=-0.014170324903388973 -0.010887193749530129 -0.0059841597941676893 -0.071675716471616871 0.00029385344188555712 -0.003900409791377386 -0.014391499786586616 0.009239158222257399 -0.015702316546087655 -0.020470482820909228 0.00032017718465012445 -0.025737971631396152 -0.061068396037444475 0.013156314277516405 -0.0025812973203226544 -0.0068569981643686806 0.0020057738548882589 -0.0096574042641025572 -0.0046336564849749108 0.0034318789050323201 -0.0048433333964369709 -0.014426525758649104 0.0014741105735974239 0.0023281107609126966 0.0029502849136748633 -0.017654773011557101 0.012253439766778187 0.00029002600798420101 -0.0030442243837733316 0.0025047846770701408 -0.001431975467799349
leaf_weight=280 362 428 27 9994 5038 205 1933 224 289 15001 36 25 597 20465 2456 2649 70 2158 5629 1427 394 2304 20185 13975 102 440 2763 2327 835 6476
leaf_count=280 362 428 27 9994 5038 205 1933 224 289 15001 36 25 597 20465 2456 2649 70 2158 5629 1427 394 2304 20185 13975 102 440 2763 2327 835 6476
internal_value=3.28006e-12 0.00107152 0.000130799 -0.00220427 -0.00295462 -0.0210582 0.00291385 0.00190515 -0.00688499 0.000681372 0.00211425 0.00180763 0.0109443 -0.00177249 -0.00251677 -0.00205559 -0.0231866 0.00114953 0.00531978 0.00193856 -0.00557669 -0.00094213 0.00147206 0.00268479 0.000112518 0.00407144 -0.00241622 -0.0042392 -0.00264214 -0.00193253
internal_weight=119094 80138 53050 38956 8033 232 27088 19086 3290 45017 18862 18229 633 35666 25570 23114 95 38179 8002 18134 3001 3731 35186 14403 10096 6069 7801 2607 2993 6838
internal_count=119094 80138 53050 38956 8033 232 27088 19086 3290 45017 18862 18229 633 35666 25570 23114 95 38179 8002 18134 3001 3731 35186 14403 10096 6069 7801 2607 2993 6838
is_linear=0
shrinkage=0.05


Tree=63
num_leaves=31
num_cat=0
split_feature=4 2 6 9 7 9 4 10 0 12 11 2 4 11 0 6 7 6 3 4 6 5 5 10 11 11 7 0 7 7
split_gain=103.599 50.0057 51.1426 41.368 22.0682 22.6162 20.813 20.8024 20.1548 17.3322 18.0927 17.0519 26.3616 17.7873 15.9381 15.8745 24.1711 15.2802 15.012 16.1766 14.1026 13.9995 13.9202 13.4168 19.4022 14.2976 13.09 12.8988 12.8688 12.9371
threshold=-0.11136125466123591 0.22104460847240062 -5.7651444851893165 0.40135500000000007 -2.5858264369242692 0.16886200000000004 -0.010751597635717201 -0.11076 0.11389564247855356 -0.13574949380769871 0.46210699999999993 0.15158252200422331 -0.50342274957816568 0.076176500000000022 0.017672836489130653 -4.0323990295818675 -1.8510230782409842 -1.3256067280122912 0.66679226325043983 -0.028224709033360548 0.62208236359720115 -1.0662737017425312 -8.2910879821438197 0.0063019999999999613 -0.00433199999999996 -0.047437999999999973 -3.8829578437329997 0.18620962894147222 -1.2946581539450566 -3.3683361585682872
decision_type=2 2 2 2 2 2 2 2 2 2 2 2 2 2 2 2 2 2 2 2 2 2 2 2 2 2 2 2 2 2
left_child=3 6 4 17 14 22 23 15 11 10 18 12 -5 -14 -3 16 26 28 19 -9 -17 -19 -6 -2 25 -25 -4 -7 29 -1
right_child=1 2 7 8 5 27 -8 9 -10 -11 -12 -13 13 -15 -16 20 -18 21 -20 -21 -22 -23 -24 24 -26 -27 -28 -29 -30 -31
leaf_value=-0.0013809018726086151 -0.0037436635032248432 -0.015079824097859115 -0.031909976784690201 0.0064421074806541552 0.024147405643016102 -0.081887479483460396 -0.0052506789516832564 0.002494753466648189 -0.00028099405502433943 0.016451258830376285 -0.037566829066102703 0.0067433486348158021 0.0025478391261662351 -0.0031306396626121038 0.0039898394599776742 -0.0016303441107122865 -0.063130945298406821 -0.0055274071301795197 0.003968633107664433 -0.00097092173655359169 -0.042330134761604396 0.0026505559218481891 -0.028716428720420507 -0.0055559770528187582 -0.0026681818451878359 0.00078336156089645016 -0.001943134552695685 -0.035734003468234909 -0.004423459463166541 0.0012965874306783949
leaf_weight=5456 8596 343 55 4168 20 24 5987 5872 3967 189 30 3589 12008 1558 161 654 27 1930 4056 7893 22 718 33 982 13901 9436 108 41 1209 26061
leaf_count=5456 8596 343 55 4168 20 24 5987 5872 3967 189 30 3589 12008 1558 161 654 27 1930 4056 7893 22 718 33 982 13901 9436 108 41 1209 26061
internal_value=-1.44454e-12 -0.00150262 0.000561896 0.00144729 -0.0135452 -0.0330092 -0.00253897 0.00102601 0.00299149 0.0013894 0.00122993 0.00360031 0.00296423 0.00189569 -0.00898813 -0.00654382 -0.0193129 0.000343286 0.00129524 0.000507498 -0.00295489 -0.00330997 -0.00876781 -0.00204573 -0.00144556 0.000185816 -0.0120546 -0.0527753 0.000638887 0.000833079
internal_weight=119094 58430 19528 60664 622 118 38902 18906 25290 18040 17851 21323 17734 13566 504 866 190 35374 17821 13765 676 2648 53 32915 24319 10418 163 65 32726 31517
internal_count=119094 58430 19528 60664 622 118 38902 18906 25290 18040 17851 21323 17734 13566 504 866 190 35374 17821 13765 676 2648 53 32915 24319 10418 163 65 32726 31517
is_linear=0
shrinkage=0.05


Tree=64
num_leaves=31
num_cat=0
split_feature=4 3 12 8 6 11 10 11 6 6 7 11 0 10 7 9 2 0 2 5 11 1 1 10 2 5 11 11 9 11
split_gain=94.1212 52.8706 30.0719 26.0548 25.2234 27.7273 23.3699 24.4455 22.5533 20.3258 16.3988 15.0015 14.477 14.1339 14.0017 20.969 13.5535 13.1641 13.1593 12.5738 19.7475 18.4489 12.4022 11.9469 11.8292 12.6749 12.9971 11.6552 13.8274 13.8377
threshold=-0.15164031350850052 0.4068649884844458 -1.3467430288252182 -4.0119331409987975 -5.0266021055637706 -0.10674599999999997 0.0023310000000000002 -0.0034180000000000178 -5.9227674387528646 1.0943468274178154 -0.75082161473017284 0.012274499999999995 0.09392219191189656 -0.077595999999999998 -2.1516062067323611 0.15950625000000004 1.074308148673081 0.072400975588709629 0.53547023947919092 -2.1515110737167249 0.014352499999999964 -0.21413448613136113 -0.027668660072697911 0.020581500000000006 0.24413436462008467 -7.0358096021727734 0.100952 0.1583495 1.2747032500000002 -0.15991899999999995
decision_type=2 2 2 2 2 2 2 2 2 2 2 2 2 2 2 2 2 2 2 2 2 2 2 2 2 2 2 2 2 2
left_child=2 3 10 11 5 -3 8 -8 14 16 12 22 19 -4 -5 -16 -10 27 -6 20 23 -21 -2 -1 -9 26 -26 28 -15 -30
right_child=1 4 13 6 18 -7 7 24 9 -11 -12 -13 -14 17 15 -17 -18 -19 -20 21 -22 -23 -24 -25 25 -27 -28 -29 29 -31
leaf_value=0.00033942031520508301 0.005344008464008264 -0.038612215165854794 0.0001690205981812828 -0.011889278549523491 0.0011216546426013553 -0.0044754455676558067 0.0003388360767563436 -0.0026896889422356593 -0.0031928094873741146 -0.044290780834853653 -0.0047154796787067278 -0.014123653107466886 -0.0017807264550032049 0.0058207518003104697 -0.010089693202412334 -0.071320746445821398 0.022637600647331235 0.0015041468341227648 0.0047597989346605755 0.0095463881897080282 -0.0019408756202292116 0.0022911538314008286 -0.0060653653579539448 0.0028356642772055206 -0.0046866883612086026 0.0013321349923616937 -0.033431751532263534 -0.0006099527509107602 -0.0084709371764412414 0.031385210572150345
leaf_weight=8932 268 65 2284 244 11024 701 17884 18182 12009 30 1238 525 3771 7220 29 27 51 2739 3209 1041 4683 5535 2141 10344 460 3581 43 708 28 98
leaf_count=8932 268 65 2284 244 11024 701 17884 18182 12009 30 1238 525 3771 7220 29 27 51 2739 3209 1041 4683 5535 2141 10344 460 3581 43 708 28 98
internal_value=6.05062e-13 -0.00116753 0.00169226 -0.00187965 0.00146625 -0.00737217 -0.00162358 -0.00103779 -0.00352186 -0.00318583 0.000938024 -0.00646512 0.00114204 0.00374233 -0.0170642 -0.0396118 -0.00308358 0.00449851 0.00194192 0.001503 0.000971438 0.00343968 -0.00479608 0.00167897 -0.00214349 0.000288182 -0.00714402 0.00551683 0.00610732 0.0225283
internal_weight=119094 70473 48621 55474 14999 766 52540 40150 12390 12090 35544 2934 34306 13077 300 56 12060 10793 14233 30535 23959 6576 2409 19276 22266 4084 503 8054 7346 126
internal_count=119094 70473 48621 55474 14999 766 52540 40150 12390 12090 35544 2934 34306 13077 300 56 12060 10793 14233 30535 23959 6576 2409 19276 22266 4084 503 8054 7346 126
is_linear=0
shrinkage=0.05


Tree=65
num_leaves=31
num_cat=0
split_feature=7 9 0 6 11 8 11 10 9 7 10 7 11 9 11 10 9 11 2 4 6 11 3 8 3 6 1 6 5 0
split_gain=87.0288 43.1307 40.9304 39.7788 26.7454 26.0192 25.0471 20.7972 19.356 19.1142 18.337 17.7288 17.4018 28.5914 16.1933 15.1835 16.5146 14.3377 13.7511 13.2672 15.2329 12.9118 12.4144 12.3551 14.6691 12.1889 11.9287 12.9631 11.8851 11.1416
threshold=-3.0605666559286608 0.58353600000000005 0.11389564247855356 -7.1583493145329467 0.100952 -2.9291051334277642 0.31141999999999997 -0.021300499999999997 0.18184825000000002 -4.227243654263213 0.020581500000000006 0.80553278013315566 -0.18208799999999997 1.2747032500000002 0.46210699999999993 0.10853600000000001 0.18845500000000004 0.014352499999999964 0.55825240584291658 -0.59124872718467358 0.62208236359720115 0.011545500000000002 -0.23413618302318887 -2.3231568036338808 0.36964212216396003 -5.0814161591864435 0.11350176639615429 -5.6336323981550338 -4.8425135339091936 0.34040745046762683
decision_type=2 2 2 2 2 2 2 2 2 2 2 2 2 2 2 2 2 2 2 2 2 2 2 2 2 2 2 2 2 2
left_child=4 2 5 8 7 21 11 9 -4 -1 22 18 19 14 -14 16 -9 -18 -5 -3 -21 -2 -7 -6 26 -17 -25 -28 -13 -15
right_child=1 12 3 6 23 10 -8 15 -10 -11 -12 28 13 29 -16 25 17 -19 -20 20 -22 -23 -24 24 -26 -27 27 -29 -30 -31
leaf_value=-0.011633161933490389 -0.00071402575145128734 0.014369287686939869 -0.014310823547254718 -0.0024332054687140198 -0.0078434386902240805 0.0031159526090423859 -0.043724782144029938 -0.0028597671948668991 -0.072593168683093165 -0.0033207494608510357 0.0022068812454586677 -0.048196131790823799 0.0041606758016246425 0.014771858319684967 -0.0090365220721666268 -0.014664076684876496 0.00027267287216572501 -0.0034570772435607924 0.0030767600854968002 -0.0046802590699447323 -0.047011670199307527 -0.0059604349621514207 -0.00028801203995107883 -0.0086772418543696397 0.0012762888606327276 -0.0037944086309422281 -0.025029402785003187 -0.074058723782322242 -0.0072455693288026634 0.040107076112911401
leaf_weight=802 6243 90 28 9700 969 3185 36 8224 29 5023 30007 34 9952 291 238 310 18997 2981 1282 625 22 1444 16844 25 36 1535 26 28 37 51
leaf_count=802 6243 90 28 9700 969 3185 36 8224 29 5023 30007 34 9952 291 238 310 18997 2981 1282 625 22 1444 16844 25 36 1535 26 28 37 51
internal_value=-1.31367e-12 0.000942377 0.000473158 -0.00230078 -0.0019386 0.00100879 -0.00208662 -0.00171695 -0.0439632 -0.00446522 0.00142487 -0.001951 0.00380994 0.0043297 0.00385244 -0.00121742 -0.000948424 -0.000233214 -0.00178999 -0.00361762 -0.00611966 -0.00169956 0.000253284 -0.00968237 -0.0251773 -0.00562075 -0.0372321 -0.050452 -0.0268557 0.0185499
internal_weight=119094 80138 68869 11146 38956 57723 11089 37872 57 5825 50036 11053 11269 10532 10190 32047 30202 21978 10982 737 647 7687 20029 1084 115 1845 79 54 71 342
internal_count=119094 80138 68869 11146 38956 57723 11089 37872 57 5825 50036 11053 11269 10532 10190 32047 30202 21978 10982 737 647 7687 20029 1084 115 1845 79 54 71 342
is_linear=0
shrinkage=0.05


Tree=66
num_leaves=31
num_cat=0
split_feature=9 0 2 10 3 11 10 6 4 12 2 3 6 12 5 6 8 11 7 4 0 6 8 11 1 8 10 1 3 5
split_gain=80.7227 35.7172 35.0013 33.8547 31.8211 31.1569 27.6666 26.0086 21.9006 19.4809 18.6419 17.423 16.9621 16.8637 16.0621 15.0081 21.5264 14.9403 17.3954 14.6776 14.5299 14.5054 14.3829 14.3749 13.9913 13.6116 12.5697 12.3611 12.0267 11.8741
threshold=0.26687250000000007 -0.027924627013879374 0.75053427322434352 -0.021300499999999997 -0.32837136050943927 0.20683000000000004 0.12022099999999998 -4.0153366605784315 -0.0030853462037581654 -3.9792674910542343 0.16158051479468219 0.22464772692520643 -1.9296448585599391 0.49479369188800154 -1.0662737017425312 -4.1851489846696213 -1.2482901571242844 0.0069909999999999981 -1.0487833304030032 -0.23591561597697316 -0.0023453727327658598 1.0943468274178154 -2.8758850324419138 0.049037499999999991 0.41443791310146777 -0.58634601332366765 0.015797999999999996 0.14356955515846984 -0.20603058846112501 -2.1034966267420745
decision_type=2 2 2 2 2 2 2 2 2 2 2 2 2 2 2 2 2 2 2 2 2 2 2 2 2 2 2 2 2 2
left_child=5 4 3 7 -2 9 19 8 -3 -1 14 -10 20 -4 17 16 -8 18 28 -5 26 22 -9 -21 -14 -17 -11 -22 -6 -19
right_child=1 2 13 6 10 -7 15 21 11 12 -12 -13 24 -15 -16 25 -18 29 -20 23 27 -23 -24 -25 -26 -27 -28 -29 -30 -31
leaf_value=-0.007480526681609429 0.0069559771083940658 -0.0076661637899761402 0.0054461644477363938 0.0026599777782386359 0.0068335773689870401 -0.042869158425246891 -0.0087934434229824596 -0.0073513278419984956 -0.01052225652644981 -0.0019429798147537658 0.0047142448261801749 -0.052074330024277943 -0.0051108997215321902 0.030552295117598511 0.0050604161790806781 -0.0037356708619167896 -0.046808372458397619 -0.0024710024575567819 -0.0041834923748701259 0.00063329303577727388 -0.0025253597384680424 -0.034430050077464656 -0.00079321103058175614 -0.0040235595114854854 -0.045158462057059465 0.0062534530616054941 0.0011800792702804813 0.00027146261938214929 0.0016734336033751734 0.0028294338999432078
leaf_weight=1408 3333 1192 2183 8943 1272 46 406 969 49 5048 4418 52 2518 69 2327 2716 41 4928 1157 22643 19806 34 6093 1788 22 390 8906 4935 10057 1345
leaf_count=1408 3333 1192 2183 8943 1272 46 406 969 49 5048 4418 52 2518 69 2327 2716 41 4928 1157 22643 19806 34 6093 1788 22 390 8906 4935 10057 1345
internal_value=-1.97567e-12 0.000973016 0.0001313 -0.000171053 0.00236147 -0.00174151 0.000480331 -0.00303834 -0.00956034 -0.00169714 0.00176103 -0.0319154 -0.00149967 0.0062154 0.00114227 -0.00371419 -0.0122803 0.00065623 0.00165639 0.000926881 -0.00123985 -0.00184993 -0.00169307 0.000292478 -0.00545777 -0.0024814 5.02812e-05 -0.00196749 0.00225281 -0.00133453
internal_weight=119094 76405 47568 45316 28837 42689 36927 8389 1293 42643 25504 101 41235 2252 21086 3553 447 18759 12486 33374 38695 7096 7062 24431 2540 3106 13954 24741 11329 6273
internal_count=119094 76405 47568 45316 28837 42689 36927 8389 1293 42643 25504 101 41235 2252 21086 3553 447 18759 12486 33374 38695 7096 7062 24431 2540 3106 13954 24741 11329 6273
is_linear=0
shrinkage=0.05


Tree=67
num_leaves=31
num_cat=0
split_feature=4 2 6 9 11 4 11 5 3 4 11 2 10 6 8 4 0 10 9 7 9 2 5 1 2 7 8 4 11 11
split_gain=74.4767 39.0143 36.1277 30.0058 25.5296 20.1803 19.2926 23.1659 18.8382 18.267 17.442 17.9533 16.1953 14.2563 13.59 15.2926 13.4984 12.9436 12.5962 19.7019 12.0591 13.173 11.9487 11.7819 16.645 11.4456 11.3677 11.2571 10.8462 18.003
threshold=-0.11136125466123591 0.16920910944421455 -5.9227674387528646 0.40135500000000007 -0.035932500000000027 -0.011455621484904808 0.179837 -3.1432248247946037 0.23170136010088108 -0.010751597635717201 -0.21103749999999996 0.53547023947919092 -0.12586299999999997 -1.3256067280122912 -2.3417030492374771 -0.0058264100749526029 0.11619722491445829 -0.039751499999999988 0.81629900000000011 -2.7455965135644251 0.11506975000000001 0.35340766221973868 -1.0662737017425312 0.012296882125627075 0.028798385913426209 0.14883265963629269 -1.3514353655178424 -0.017696075113215522 -0.073818999999999982 -0.0048870000000000016
decision_type=2 2 2 2 2 2 2 2 2 2 2 2 2 2 2 2 2 2 2 2 2 2 2 2 2 2 2 2 2 2
left_child=3 9 4 13 5 8 10 14 -3 28 -4 17 -5 26 -8 -16 18 -12 25 -20 21 -6 -15 24 -11 -14 -1 -19 -2 -30
right_child=1 2 6 12 20 -7 7 -9 -10 23 11 -13 16 22 15 -17 -18 27 19 -21 -22 -23 -24 -25 -26 -27 -28 -29 29 -31
leaf_value=0.0007136556058276193 -0.0059899483037611605 -0.042233619018502179 -0.011781482686617039 -0.0010661912145677977 -0.0021698435881574241 -0.041552280744848152 -0.010725600552270372 0.0016806964701205056 0.017355346260592344 -0.045727072447715775 -0.0037470383903860623 0.0038761529155072077 0.0032796652105617063 -0.005290440009777052 -0.026172218749772259 -0.075993898697197443 0.00015571665151941413 0.0016196029192231517 -0.025261609740714036 0.0086611957143500166 -0.00090680294306566046 -0.032139154503654156 0.0022648045730428164 -0.0049643540889587794 -0.0094168553295669952 -0.0073510307558641887 -0.005575536734021236 -0.00087280842155517476 -0.00026165994583139012 -0.0028762064625950396
leaf_weight=31991 1585 21 279 2769 70 105 102 188 36 42 1888 3956 17099 1930 67 20 3549 11038 44 1572 365 77 718 4022 127 257 735 7684 11699 15059
leaf_count=31991 1585 21 279 2769 70 105 102 188 36 42 1888 3956 17099 1930 67 20 3549 11038 44 1572 365 77 718 4022 127 257 735 7684 11699 15059
internal_value=-4.52854e-13 -0.00127404 0.000174119 0.00122712 -0.0112503 -0.02855 0.00047941 -0.0107466 -0.00459848 -0.00242673 0.000649754 0.000790937 0.00254227 0.000286881 -0.0231081 -0.0376255 0.00298594 0.000198744 0.00351537 0.00773755 -0.00577654 -0.0178681 -0.00324185 -0.00550778 -0.0184407 0.00312225 0.000572405 0.000596652 -0.00197114 -0.00173309
internal_weight=119094 58430 25896 60664 674 162 25222 377 57 32534 24845 24566 25290 35374 189 87 22521 20610 18972 1616 512 147 2648 4191 169 17356 32726 18722 28343 26758
internal_count=119094 58430 25896 60664 674 162 25222 377 57 32534 24845 24566 25290 35374 189 87 22521 20610 18972 1616 512 147 2648 4191 169 17356 32726 18722 28343 26758
is_linear=0
shrinkage=0.05


Tree=68
num_leaves=31
num_cat=0
split_feature=9 4 10 11 6 3 10 9 6 11 8 11 4 8 11 7 5 0 5 2 7 9 12 6 7 1 5 5 10 10
split_gain=67.8172 30.9406 33.4616 27.4597 25.7542 22.6875 22.8813 20.8131 17.5657 17.4955 17.0937 21.5618 16.2859 22.7325 14.6854 14.1677 13.589 13.4068 12.3647 12.1528 11.736 11.1647 10.8424 14.0822 10.7462 10.7458 10.5863 10.3514 10.232 9.52961
threshold=0.26687250000000007 -0.37449682404474771 -0.061191999999999989 0.20683000000000004 1.0943468274178154 0.64702726584195924 0.1602365 0.99512200000000017 -3.7067391661434121 0.02254400000000004 -2.032661408101085 -0.142628 -0.0030853462037581654 -2.1835686775879366 0.0083265000000000162 -6.0515327842249702 -1.3704535085231038 0.2317755044375526 -0.38320946079777324 1.074308148673081 -4.4240130279610765 0.16442575000000001 -1.5279506130918834 -0.98169304874816188 0.14883265963629269 -0.11841096676533706 -5.2394110555706908 -2.1034966267420745 0.089763999999999969 0.023496000000000006
decision_type=2 2 2 2 2 2 2 2 2 2 2 2 2 2 2 2 2 2 2 2 2 2 2 2 2 2 2 2 2 2
left_child=3 18 4 10 8 6 9 24 12 15 14 -12 17 -14 21 -4 -11 -3 -2 -10 -7 -1 23 28 -8 -20 -13 -9 29 -17
right_child=1 2 5 -5 -6 20 7 27 19 16 11 26 13 -15 -16 22 -18 -19 25 -21 -22 -23 -24 -25 -26 -27 -28 -29 -30 -31
leaf_value=-0.0034341324498196272 0.0025837129129511758 -0.0052457222246174691 -0.035736744784606984 -0.040206673791449848 -0.047454958269372585 -0.034815238025039434 -0.0052053768952572549 0.0036322145996247092 -0.0016425866930440574 -0.002250679132774395 -0.057682635546440181 -0.011904206532574929 -0.014216032900084328 -0.073339448962360623 -0.0032327892744066877 0.00022999026266948492 0.0033725342532302674 -0.037976410228293393 0.011059157339228715 0.012865267843133896 0.0035382673979028169 -0.00057041602531827148 0.0033482260508518324 -0.0038561309860427996 -0.035848384356961166 0.0011789131649236036 -0.0023173489203937398 0.031724717640230118 -0.0032709218393143996 0.0020437658212592072
leaf_weight=3855 12209 1403 26 46 32 20 2132 86 5850 6975 21 517 72 21 8539 12614 1270 32 837 148 7356 29061 5017 1515 29 410 650 53 1294 17004
leaf_count=3855 12209 1403 26 46 32 20 2132 86 5850 6975 21 517 72 21 8539 12614 1270 32 837 148 7356 29061 5017 1515 29 410 650 53 1294 17004
internal_value=5.23904e-12 0.00089185 0.000426653 -0.00159624 -0.00269414 0.00085248 0.000455868 -0.0044103 -0.00250382 0.000700694 -0.00155459 -0.00746809 -0.00728971 -0.0275665 -0.00138512 0.00115953 -0.00138452 -0.00597561 0.0030681 -0.00128461 0.00343427 -0.000905804 0.00118515 0.000850485 -0.0056166 0.00781064 -0.00656448 0.0143437 0.00108116 0.0012713
internal_weight=119094 76405 62949 42689 7558 55391 48015 2300 7526 45715 42643 1188 1528 93 41455 37470 8245 1435 13456 5998 7376 32916 37444 32427 2161 1247 1167 139 30912 29618
internal_count=119094 76405 62949 42689 7558 55391 48015 2300 7526 45715 42643 1188 1528 93 41455 37470 8245 1435 13456 5998 7376 32916 37444 32427 2161 1247 1167 139 30912 29618
is_linear=0
shrinkage=0.05


Tree=69
num_leaves=31
num_cat=0
split_feature=4 2 9 6 7 5 9 10 6 11 11 2 2 11 5 10 12 11 6 5 10 11 12 10 3 4 5 5 4 6
split_gain=64.1067 32.4006 29.4721 28.1221 22.4806 15.9977 15.5053 15.4571 15.0872 14.4432 22.0193 14.3695 17.6062 13.7865 13.7342 12.856 14.5686 16.4555 12.8568 20.6243 12.7277 14.5972 16.566 20.0059 12.6725 12.4866 12.4656 12.3001 12.3023 12.1755
threshold=-0.081853202417920032 0.22104460847240062 0.42134900000000003 -5.1370560909158876 -1.9339951925836005 -9.5129067481309963 0.16671825000000004 0.020581500000000006 -6.4665603489108898 -0.06482099999999999 -0.0048870000000000016 -0.43564685700362515 0.14908496755007819 0.076176500000000022 -5.8792361869367111 -0.40061299999999994 -0.2459856662675777 0.11810349999999999 0.3563243666622285 -6.2444196806098935 -0.0056770000000000423 -0.041897499999999997 0.18253353331992675 0.11221200000000002 -0.032752241116470952 -0.0037621379170540976 -8.2910879821438197 -3.7043480729324401 -0.0030853462037581654 -7.1583493145329467
decision_type=2 2 2 2 2 2 2 2 2 2 2 2 2 2 2 2 2 2 2 2 2 2 2 2 2 2 2 2 2 2
left_child=2 9 7 4 5 -3 26 29 -4 25 -11 -10 13 20 -8 -5 17 18 -17 -20 -13 -22 -23 -24 -21 -2 -6 28 -19 -1
right_child=1 3 8 15 6 -7 14 -9 11 10 -12 12 -14 -15 -16 16 -18 27 19 24 21 22 23 -25 -26 -27 -28 -29 -30 -31
leaf_value=-0.036432526648665468 -0.005637186025126497 -0.018818032397567075 -0.039025947824120527 -0.018160095262560953 0.024739827010780577 -0.0018215752290947876 -0.055105774324221313 0.00099367784060237557 0.006247637719619282 -0.00047903893376894432 -0.0033114532993320472 -0.00041042983540780903 0.0045110993125162587 -0.0023810778017898616 -0.0082384102131155407 0.0011341425476725194 0.013335481806204592 -0.015471646496111394 -0.048696386386009476 -0.030853310766580863 -0.0025049387252036488 0.0032765139753782521 0.0001406724319646233 0.050499930498530958 0.0012291247066811739 -0.021537818470552788 -0.024027984535419628 -0.0029614597409982771 -0.058043888919055465 -0.00079809926703655544
leaf_weight=24 1571 168 22 89 20 787 54 27145 2205 11641 16713 4521 5353 2297 22 15650 232 112 31 38 1151 8706 38 41 162 134 38 243 20 19866
leaf_count=24 1571 168 22 89 20 787 54 27145 2205 11641 16713 4521 5353 2297 22 15650 232 112 31 38 1151 8706 38 41 162 134 38 243 20 19866
internal_value=-1.40391e-12 -0.0014186 0.000948625 0.000280791 -0.00750251 -0.00481153 -0.0266808 0.000217794 0.00236124 -0.00241734 -0.00214858 0.00239869 0.00201479 0.00121721 -0.0415389 0.000792102 0.000894404 0.000716849 0.000961302 -0.0107485 0.00178892 0.00278965 0.00348334 0.0262765 -0.00486654 -0.00688685 -0.0072115 -0.00963557 -0.021922 -0.000841097
internal_weight=119094 47725 71369 17666 1089 955 134 47035 24334 30059 28354 24312 22107 16754 76 16577 16488 16256 15881 231 14457 9936 8785 79 200 1705 58 375 132 19890
internal_count=119094 47725 71369 17666 1089 955 134 47035 24334 30059 28354 24312 22107 16754 76 16577 16488 16256 15881 231 14457 9936 8785 79 200 1705 58 375 132 19890
is_linear=0
shrinkage=0.05


Tree=70
num_leaves=31
num_cat=0
split_feature=7 4 3 6 10 1 7 11 11 11 8 6 4 11 5 7 5 1 10 2 4 10 0 2 11 7 2 0 4 10
split_gain=58.5136 33.041 32.8586 29.7456 27.6081 20.6963 25.1121 26.9701 19.2857 18.3044 17.1131 16.281 15.4446 15.0063 15.2334 14.3302 13.7877 13.724 13.4554 13.177 13.755 11.55 11.0029 10.9497 10.895 11.6515 10.3955 14.6656 9.87125 10.2071
threshold=-3.2621859079007582 -0.23591561597697316 0.20166835357624827 -6.4665603489108898 -0.010179999999999993 1.0775296848187803 -1.1132352349693699 0.31141999999999997 0.025926500000000009 -0.040221500000000007 -3.3406724483417043 -1.166752840638609 -0.0037621379170540976 -0.142628 -4.0060667974400905 -5.0861548832608099 -0.27574709400229253 -0.18720936220766196 0.016201499999999997 0.40925651996270301 -0.073760027881113563 0.014138500000000014 -0.014586133313960468 0.09775146607958797 -0.25466599999999995 -2.4297840481531465 0.22464085591377383 0.046485042986332721 -0.066171112485441316 0.068922499999999956
decision_type=2 2 2 2 2 2 2 2 2 2 2 2 2 2 2 2 2 2 2 2 2 2 2 2 2 2 2 2 2 2
left_child=8 16 5 4 -4 6 10 13 9 12 -3 -12 -1 14 -8 -14 21 -18 -11 20 23 -2 -10 -5 25 -22 27 28 -20 -30
right_child=1 2 3 19 -6 -7 7 -9 22 18 11 -13 15 -15 -16 -17 17 -19 26 -21 24 -23 -24 -25 -26 -27 -28 -29 29 -31
leaf_value=-0.004339822102303343 0.00042536627423969307 -0.0059089524098166965 -0.080205196834036291 0.00056357028326895267 -0.0087699037241308325 0.021617948063649237 -0.052731630918295948 -0.043100463803492341 0.00037960644750926537 -0.0027098452800787044 -0.00028848144638288469 -0.0053997714704046348 -0.037855360059113469 -0.005099000031666326 -0.0034027879929234245 -0.0094267839136429957 0.011075079124960106 0.0022204246643250662 0.0016311373550484882 0.0033560713946904717 -0.0051460056876142827 0.0025494076214748708 -0.0072324960683866207 0.0038004778779797579 -0.00044679735009295801 -0.045766210043802859 0.0026964853089931594 -0.0038327788957224999 -0.00072559017317631608 -0.0083708532876775304
leaf_weight=2430 10224 1586 21 5924 38 100 34 51 593 8236 27651 1651 66 1454 29 135 815 945 5312 6251 51 17113 2380 4674 9941 27 2553 3062 5271 476
leaf_count=2430 10224 1586 21 5924 38 100 34 51 593 8236 27651 1651 66 1454 29 135 815 945 5312 6251 51 17113 2380 4674 9941 27 2553 3062 5271 476
internal_value=2.54782e-12 0.000650482 -2.49103e-05 0.00126726 -0.034196 -0.00109366 -0.00116364 -0.0073365 -0.0018883 -0.00147531 -0.000850279 -0.000576473 -0.0054416 -0.00613415 -0.0300247 -0.0187615 0.00203119 0.00632073 -0.00105639 0.00134513 0.000735426 0.00175502 -0.00571417 0.00199113 -0.000592848 -0.0192068 -0.000239676 -0.000770518 7.73569e-05 -0.00135882
internal_weight=119094 88580 59483 26927 59 32556 32456 1568 30514 27541 30888 29302 2631 1517 63 201 29097 1760 24910 26868 20617 27337 2973 10598 10019 78 16674 14121 11059 5747
internal_count=119094 88580 59483 26927 59 32556 32456 1568 30514 27541 30888 29302 2631 1517 63 201 29097 1760 24910 26868 20617 27337 2973 10598 10019 78 16674 14121 11059 5747
is_linear=0
shrinkage=0.05


Tree=71
num_leaves=31
num_cat=0
split_feature=4 3 8 5 0 11 11 1 11 0 3 7 2 12 9 5 6 8 8 7 2 4 7 12 11 9 2 8 9 6
split_gain=53.6165 35.9003 29.955 19.7982 18.4045 19.069 23.1968 16.6284 15.401 12.8188 12.8037 12.1375 11.8006 11.6945 11.2279 17.048 10.6131 10.4432 19.5719 10.1908 10.5735 9.90371 11.8562 9.80096 9.15208 10.8475 10.3617 10.1539 10.9669 10.3609
threshold=-0.18669959579734194 0.31736132833009484 -4.4489592662414834 -2.1273597669944606 -0.056497710710255548 -0.054970499999999985 0.0080495000000000028 -0.17802774858221412 0.011545500000000002 0.099178479360018015 -0.2653953461315689 -3.3810399072644777 0.32515552765600603 -2.8709397990772927 0.11506975000000001 -6.627668268128998 -5.3442000403709322 -2.8578987517615455 -1.4822777976823212 -0.33479250658640447 -0.62941152952214419 -0.0044229106790960584 -5.0861548832608099 -0.70754118986470915 0.246304 0.39453275000000004 0.3008632936005074 -2.6407979478531565 0.11506975000000001 -1.9296448585599391
decision_type=2 2 2 2 2 2 2 2 2 2 2 2 2 2 2 2 2 2 2 2 2 2 2 2 2 2 2 2 2 2
left_child=3 4 21 8 -2 10 13 -5 9 11 -6 -1 -4 -7 15 -14 17 -12 -19 -13 -21 22 -3 -10 27 26 -26 29 -29 -8
right_child=1 2 12 7 5 6 24 -9 23 -11 16 19 14 -15 -16 -17 -18 18 -20 20 -22 -23 -24 -25 25 -27 -28 28 -30 -31
leaf_value=-0.002088979472073029 0.0013910558136150917 -0.00085515463636035016 0.00022346744847535438 0.0057646874586853017 -0.040160765957373841 -0.0017094166981580017 -0.003631221410315905 0.001818836905087242 -0.0017767941966559027 -0.0018325308009838615 -0.0069501533331694431 0.0025949203617060047 -0.04449625073841984 0.00015431301640669962 0.0027424818034632922 0.010998288728296758 -0.0042653497114911437 -0.048912824931390153 6.1795667416470886e-05 0.021837202629403158 -0.0071473218876894964 -0.03157412374179952 -0.033448159888288691 0.0033979185779305326 -0.015878012422884544 -0.0056561323393031328 -0.053242608030205189 -0.024798484311952276 -0.0010321080373158521 -0.011113587515862274
leaf_weight=1672 5214 105 14370 4149 26 16462 7292 7490 6897 2529 135 15899 31 17223 8249 25 3428 51 34 34 422 79 38 1055 96 355 23 49 5168 494
leaf_count=1672 5214 105 14370 4149 26 16462 7292 7490 6897 2529 135 15899 31 17223 8249 25 3428 51 34 34 422 79 38 1055 96 355 23 49 5168 494
internal_value=-7.63111e-14 -0.000756542 0.000911663 0.0014877 -0.00143802 -0.00172819 -0.0014579 0.00322543 0.000778236 0.00150106 -0.00519775 0.00196872 0.00109061 -0.000756499 0.00259101 -0.0197219 -0.00494856 -0.0155942 -0.029323 0.00238355 -0.0049862 -0.0173657 -0.00951623 -0.00109026 -0.00321101 -0.0100354 -0.0230997 -0.00296224 -0.00125533 -0.00410596
internal_weight=119094 78947 22897 40147 56050 50836 47162 11639 28508 20556 3674 18027 22675 33685 8305 56 3648 220 85 16355 456 222 143 7952 13477 474 119 13003 5217 7786
internal_count=119094 78947 22897 40147 56050 50836 47162 11639 28508 20556 3674 18027 22675 33685 8305 56 3648 220 85 16355 456 222 143 7952 13477 474 119 13003 5217 7786
is_linear=0
shrinkage=0.05


Tree=72
num_leaves=31
num_cat=0
split_feature=4 2 10 5 10 6 1 11 12 7 11 5 0 11 5 0 0 11 9 1 11 5 6 4 11 4 11 9 4 2
split_gain=49.7177 26.8784 24.7852 23.1644 18.1478 17.4472 15.639 14.3725 14.1591 13.8407 13.4691 15.3778 13.0109 14.1407 12.7784 12.7129 12.3996 12.2718 12.5901 12.4413 12.0656 11.8604 11.743 15.0327 14.4589 11.4336 11.3941 19.9496 14.8787 11.2638
threshold=-0.085288140740248028 0.16920910944421455 -0.0374455 -1.0166278455694084 0.020581500000000006 -7.1583493145329467 -0.1129016228416078 0.20683000000000004 -0.97085676289714573 -5.0861548832608099 0.11810349999999999 -3.984069266768961 0.048236721631792719 0.0080495000000000028 -2.3832000202940091 0.10487861198198813 -0.086019958672061511 -0.041897499999999997 0.34038100000000004 -1.0000000180025095e-35 -0.0075344999999999987 -9.5129067481309963 -5.1370560909158876 -0.011455621484904808 -0.069329999999999989 -0.010751597635717201 -0.069329999999999989 1.2747032500000002 -0.45126915005546853 0.46222796069148558
decision_type=2 2 2 2 2 2 2 2 2 2 2 2 2 2 2 2 2 2 2 2 2 2 2 2 2 2 2 2 2 2
left_child=3 25 22 4 5 -1 -5 8 12 21 -11 15 13 17 -15 -12 -16 -6 19 -19 -7 -4 23 29 -25 -2 -10 -28 -29 -3
right_child=1 2 9 6 7 20 -8 -9 26 10 11 -13 -14 14 16 -17 -18 18 -20 -21 -22 -23 -24 24 -26 -27 27 28 -30 -31
leaf_value=-0.037906925033237185 -0.0018796386276509081 -0.0067190967460409702 -0.02868397775763536 0.0067364681583154083 -0.0025105917732762403 0.00057910583220325922 0.0016393254838918743 -0.0061558900216184603 -0.0045707169707097104 0.00089775685649462879 -0.0084546397252333403 -0.0011130848497672636 -0.000650177083591929 -0.0011546048859777242 0.008852937996805697 -0.03603084149325024 0.00072735638988013704 0.00061156513274440532 0.0047051539160854108 0.0044628477802583586 -0.0015549807070128032 -0.004658179757894859 -0.0033682791189648849 -0.041880189384755795 -0.012848219437381396 -0.0047380986370120851 0.004998366344633267 0.0056665217933746488 0.055912626688094706 0.033884516730904583
leaf_weight=31 21166 117 68 2593 1138 14818 3586 637 304 20385 106 343 7932 6239 687 69 1483 6908 5851 3011 11976 210 2194 64 130 4191 2777 26 34 20
leaf_count=31 21166 117 68 2593 1138 14818 3586 637 304 20385 106 343 7932 6239 687 69 1483 6908 5851 3011 11976 210 2194 64 130 4191 2777 26 34 20
internal_value=-9.91765e-13 -0.00122053 -1.01709e-05 0.000855092 0.000572208 -0.000418131 0.00377833 0.00128968 0.00142001 0.000548035 0.000695434 -0.00726662 0.00111688 0.00167051 -5.10667e-06 -0.0193275 0.00329983 0.00250385 0.00286571 0.00178066 -0.000374758 -0.010535 -0.00469269 -0.0134714 -0.0224258 -0.00235208 0.00462888 0.00561467 0.0341393 -0.000791562
internal_weight=119094 49063 23706 70031 63852 26825 6179 37027 36390 21181 20903 518 33249 25317 8409 175 2170 16908 15770 9919 26794 278 2525 331 194 25357 3141 2837 60 137
internal_count=119094 49063 23706 70031 63852 26825 6179 37027 36390 21181 20903 518 33249 25317 8409 175 2170 16908 15770 9919 26794 278 2525 331 194 25357 3141 2837 60 137
is_linear=0
shrinkage=0.05


Tree=73
num_leaves=31
num_cat=0
split_feature=9 10 12 7 11 5 4 11 6 1 10 8 9 6 11 4 8 6 11 11 5 5 6 4 6 1 1 0 10 0
split_gain=45.4244 25.3366 26.1545 23.0465 21.351 21.1154 20.9234 19.5288 16.3316 16.5846 16.0468 18.3784 14.031 12.4805 22.649 13.5733 12.2826 11.2592 10.5975 13.2991 11.8769 10.5575 10.5476 10.4903 10.4794 11.5319 10.4705 10.3488 10.0286 9.84358
threshold=0.2658397500000001 -0.12586299999999997 -0.8557987703655332 -1.0000000180025095e-35 0.100952 -8.427999936454464 -0.0023594180176700337 0.081230500000000025 -1.9296448585599391 0.43831218028126889 0.13598200000000008 -3.3546567408511678 0.52842800000000012 -4.9283640120545362 -0.069329999999999989 -0.010751597635717201 -0.86040030167634651 -1.0629449641063478 -0.069329999999999989 0.0046194999999999995 -1.6480238611441647 -2.6987880939513462 -5.1370560909158876 -0.022852571259392936 -4.3856160918270719 0.20645283905105985 -0.11841096676533706 0.51689500522607468 -0.021300499999999997 -0.13887454466852037
decision_type=2 2 2 2 2 2 2 2 2 2 2 2 2 2 2 2 2 2 2 2 2 2 2 2 2 2 2 2 2 2
left_child=4 6 3 7 8 -6 -2 10 13 -10 12 -12 18 14 15 23 -4 -18 -3 -20 -21 -9 -8 -1 25 -13 -22 -19 -16 -23
right_child=1 2 16 -5 5 -7 22 21 9 -11 11 24 -14 -15 28 -17 17 27 19 20 26 29 -24 -25 -26 -27 -28 -29 -30 -31
leaf_value=-0.018067977137980053 -0.0019523073140840161 -0.0021824066843041091 0.0016687810373532564 -0.0092809502224554304 -0.040152744194492697 -0.0079873200449300519 -0.048971504511104692 -0.0054519211461527611 -0.0046608291164825918 -0.039823429834316762 -0.020121635788339465 -0.0078579107236388772 0.0034869456775701358 -0.00060231080624319287 -0.0080151353392243184 -0.037665890982017336 0.0030773374541755195 0.0075222246367491006 0.0016205405241690855 -0.00066218212581732822 0.0084843759062783741 0.012554610121044349 -0.014582032892212738 0.023417767437640579 -0.0010273007471930001 -0.044326269799577343 0.0011557266723166667 0.020580791912360875 -0.0017463032546931635 -0.0011477671302165583
leaf_weight=64 5664 2694 3089 576 60 341 27 1849 2446 34 153 96 5685 33889 742 73 1718 1658 33049 14357 656 143 128 20 1670 28 1896 167 4551 1571
leaf_count=64 5664 2694 3089 576 60 341 27 1849 2446 34 153 96 5685 33889 742 73 1718 1658 33049 14357 656 143 128 20 1670 28 1896 167 4551 1571
internal_value=-4.19132e-12 0.000723667 0.000983433 0.000675647 -0.00131765 -0.0128001 -0.00244829 0.000765471 -0.00120755 -0.0051429 0.000978062 -0.00348726 0.00112709 -0.000959454 -0.00318023 -0.0218956 0.00397325 0.00598242 0.000872292 0.00103702 -0.000103492 -0.00283144 -0.0205725 -0.00819042 -0.00206861 -0.0160927 0.00303958 0.00871717 -0.0026251 -4.56996e-06
internal_weight=119094 76874 71055 64423 42220 401 5819 63847 41819 2480 60284 1947 58337 39339 5450 157 6632 3543 52652 49958 16909 3563 155 84 1794 124 2552 1825 5293 1714
internal_count=119094 76874 71055 64423 42220 401 5819 63847 41819 2480 60284 1947 58337 39339 5450 157 6632 3543 52652 49958 16909 3563 155 84 1794 124 2552 1825 5293 1714
is_linear=0
shrinkage=0.05


Tree=74
num_leaves=31
num_cat=0
split_feature=4 2 10 9 10 6 9 8 0 11 12 11 6 11 10 8 2 2 11 11 5 9 6 11 5 1 10 9 3 0
split_gain=42.9534 27.6176 22.308 19.935 16.6554 16.2699 15.9448 15.2051 13.5776 12.977 12.9726 14.4522 16.1352 12.5664 12.3368 16.9248 11.6671 14.6619 11.4974 17.969 10.6293 11.8626 10.341 10.2081 21.1557 15.8949 10.0746 12.0418 9.77475 9.52321
threshold=-0.066171112485441316 0.16920910944421455 0.020581500000000006 0.11506975000000001 -0.039751499999999988 -7.1583493145329467 0.55698425000000007 -0.64066151485626388 0.11872976305947104 -0.142628 0.18253353331992675 0.11810349999999999 -0.93980368199132125 0.067059500000000008 0.10853600000000001 -0.28549488444142596 0.10625969703291772 -0.27498432709231857 -0.073818999999999982 -0.0048870000000000016 -4.0508012780850349 0.76694375000000015 -2.7001532609940626 0.0080495000000000028 -2.3355836418788045 -0.11032340419007629 0.089763999999999969 0.34038100000000004 0.079110783570037993 0.27965313180399215
decision_type=2 2 2 2 2 2 2 2 2 2 2 2 2 2 2 2 2 2 2 2 2 2 2 2 2 2 2 2 2 2
left_child=2 18 5 -3 -5 -1 7 8 23 -8 -11 14 -13 -6 -12 -16 17 -7 -2 -20 28 -22 -9 26 -25 -26 27 -4 -15 -14
right_child=1 3 6 4 13 16 9 22 -10 10 11 12 29 20 15 -17 -18 -19 19 -21 21 -23 -24 24 25 -27 -28 -29 -30 -31
leaf_value=-0.033900311208950977 -0.0078499088467413082 -0.014299178989462789 0.0014278562470594718 -0.0040881966516631025 0.00087918058520922615 0.0020927749382925755 -0.0077086646503619393 -0.02500574659924348 -0.0021205926015256614 0.0035027432079649799 0.0045258341622180665 -0.015367165743213862 0.0067473501877419739 -0.028001045518961383 0.043858450038136321 0.0061612142182679644 0.0016740757507239454 -0.0012273175644643491 -0.00051431425486557882 -0.0036484086514000538 -0.0033354154788777148 0.017078761066551564 -0.0042088964613384988 -0.0011921674943837677 0.0082109462205300545 0.0010481699239746195 -0.0015012551939146252 0.0039188611391200428 -0.0075281054055763895 0.040648442272234853
leaf_weight=36 1006 243 13917 2133 18125 3909 243 86 3010 6200 65 73 89 71 88 45 6242 22269 7748 11162 586 81 196 8298 1167 2303 1902 7448 326 27
leaf_count=36 1006 243 13917 2133 18125 3909 243 86 3010 6200 65 73 89 71 88 45 6242 22269 7748 11162 586 81 196 8298 1167 2303 1902 7448 326 27
internal_value=-5.47234e-13 -0.00129887 0.000694195 -5.90348e-05 0.000103256 -0.000305685 0.00141285 0.00101622 0.00110197 0.00363851 0.00405711 0.0129385 0.00304878 0.000569167 0.0223787 0.0311037 -0.000268381 -0.000731549 -0.00264137 -0.00236428 -0.00471185 -0.000856333 -0.0105512 0.00137883 0.000178748 0.00345709 0.00198581 0.00229624 -0.0111895 0.0146381
internal_weight=119094 41481 77613 21565 21322 32456 45157 38327 38045 6830 6587 387 189 19189 198 133 32420 26178 19916 18910 1064 667 282 35035 11768 3470 23267 21365 397 116
internal_count=119094 41481 77613 21565 21322 32456 45157 38327 38045 6830 6587 387 189 19189 198 133 32420 26178 19916 18910 1064 667 282 35035 11768 3470 23267 21365 397 116
is_linear=0
shrinkage=0.05


Tree=75
num_leaves=31
num_cat=0
split_feature=7 0 8 6 2 11 5 3 8 8 2 10 1 1 0 12 2 9 9 2 10 0 6 1 4 7 6 3 6 8
split_gain=39.4091 25.8025 26.4217 25.005 20.0843 18.5248 18.9104 16.3741 15.3069 15.332 13.4984 13.0469 12.7768 12.5189 12.0794 11.447 11.1482 15.7828 11.0882 10.7523 10.4956 10.4126 9.64843 9.47985 9.17011 9.10985 9.61639 9.04375 8.94786 9.87269
threshold=-3.2621859079007582 0.099178479360018015 -2.9561406301559194 -7.1583493145329467 0.91702592214066725 -0.142628 -5.8792361869367111 -0.29458112973689576 -1.7858364401347508 -4.0119331409987975 0.40925651996270301 0.020581500000000006 -0.034008622877783327 -0.027668660072697911 0.0022730501950450903 0.49479369188800154 0.28031240230661431 0.12897725000000002 0.18184825000000002 0.071928217145470055 0.045647499999999987 0.0080963856173854615 -2.3308590791946338 0.56364310769597137 -0.67833855532380261 -5.0861548832608099 -6.4665603489108898 1.0866827039825162 -2.5032463345086673 -3.5226387014083778
decision_type=2 2 2 2 2 2 2 2 2 2 2 2 2 2 2 2 2 2 2 2 2 2 2 2 2 2 2 2 2 2
left_child=8 2 28 18 5 6 19 24 9 13 11 -9 -12 -1 22 -6 -16 -18 -3 -5 -15 23 -11 -10 -4 -19 -27 -7 29 -2
right_child=1 3 7 4 15 27 -8 10 21 14 12 -13 -14 20 16 -17 17 25 -20 -21 -22 -23 -24 -25 -26 26 -28 -29 -30 -31
leaf_value=0.0036191872271053773 -0.0065565748735063011 -0.0073812997465332354 0.0081680015583843069 -0.0090178281246196656 0.004358812626455026 -0.0014710186684669473 -0.0075425327092205514 -0.0001787508297289664 -0.017471638310180594 0.00046831514677630342 0.012425412316672874 0.0014877599840258824 0.0028684534219719808 -0.0043209814756082479 -0.0023012345913947488 0.027393390257891854 -0.038398450686751559 -0.027546644836664205 -0.047181166535509488 -0.053199907001107931 -0.012059787853413819 -0.0019057636027122828 -0.018567539417921608 0.012863922252186709 0.0028834702134967749 0.035699371621012686 0.0024320180072272351 0.0051243407620365595 -0.003961542884476481 -3.4660846130966714e-05
leaf_weight=405 629 30 938 21 1003 15340 311 19808 321 10274 383 28850 4025 2341 14478 57 24 25 42 40 539 266 67 28 6577 22 1724 538 2499 7489
leaf_count=405 629 30 938 21 1003 15340 311 19808 321 10274 383 28850 4025 2341 14478 57 24 25 42 40 539 266 67 28 6577 22 1724 538 2499 7489
internal_value=-3.46806e-12 0.000533833 0.00095548 -0.00119327 -0.00107096 -0.00150595 -0.0125352 0.00135871 -0.00154968 -0.00138907 0.00104937 0.000809346 0.00369883 -0.00461183 -0.000991278 0.00559746 -0.00184043 0.0018763 -0.0305979 -0.0379897 -0.00576932 -0.00935795 0.000344981 -0.0150378 0.00354307 0.00242209 0.00285119 -0.00124755 -0.00134535 -0.000539993
internal_weight=119094 88580 71198 17382 17310 16250 372 60581 30514 29899 53066 48658 4408 3285 26614 1060 16273 1795 72 61 2880 615 10341 349 7515 1771 1746 15878 10617 8118
internal_count=119094 88580 71198 17382 17310 16250 372 60581 30514 29899 53066 48658 4408 3285 26614 1060 16273 1795 72 61 2880 615 10341 349 7515 1771 1746 15878 10617 8118
is_linear=0
shrinkage=0.05


Tree=76
num_leaves=31
num_cat=0
split_feature=0 6 11 11 4 3 2 2 7 3 4 3 4 6 11 2 12 1 7 11 0 7 11 10 6 5 8 6 10 11
split_gain=36.3369 25.4501 30.0115 23.9553 23.1002 22.9704 22.1112 21.4476 17.212 16.6102 15.1009 19.3499 14.0674 13.8072 12.5242 11.2789 10.091 9.99697 10.9801 10.5358 9.8775 10.3344 9.8184 9.46858 9.20167 8.95867 8.78391 9.09651 8.37781 8.21697
threshold=-0.023330212100466981 -4.4117033187075361 0.041296500000000021 -0.038667 -0.0050838027204612715 -0.3026491228070175 0.16158051479468219 0.91702592214066725 -1.6626712044012051 0.3529441073302006 -0.18077359341533975 0.19847921259445614 -0.0037621379170540976 -2.0463109037914355 -0.0058265000000000114 0.69706089188100917 0.49479369188800154 0.11166774485964416 -1.4717356544199409 0.129186 0.099178479360018015 -3.5295199212817159 -0.25466599999999995 0.0037134999999999811 -7.1583493145329467 -4.2147103552667611 -2.4682678095332058 -0.24351852815951319 0.026304499999999984 0.100952
decision_type=2 2 2 2 2 2 2 2 2 2 2 2 2 2 2 2 2 2 2 2 2 2 2 2 2 2 2 2 2 2
left_child=5 2 3 4 15 -1 23 10 -4 24 20 13 -10 17 25 -2 -9 -12 -19 -20 21 -3 -22 -7 -6 -5 -15 -28 -16 -29
right_child=1 7 8 14 9 6 -8 16 12 -11 11 -13 -14 26 28 -17 -18 18 19 -21 22 -23 -24 -25 -26 -27 27 29 -30 -31
leaf_value=0.0047721125783881787 -0.0064579516815847201 -0.0045535979754231445 -0.0096922752602029705 -0.00018021531421426497 -0.044700589394196868 -0.0010651767019974339 0.003670172900768807 0.0048268191691965175 -0.056990470338819758 -0.043833348781286911 -0.0019412214162347877 0.0003126644645456631 -0.0046900668833404786 -0.0076079871327499084 -0.004566955497345389 0.031501865542959424 0.024973326115868985 0.00091381763531542682 -0.0051071051705712609 -0.039040163718163969 -0.019940436128509553 0.0019685326371786361 -0.0006804899745441955 0.00086535879813048942 -0.0077245297384852503 0.005906803515547978 -0.0014589726122271041 -0.0074335208895834198 -0.00098797878359571764 -0.033101074067492263
leaf_weight=4105 907 640 849 3048 20 9103 5731 1420 36 71 15713 20609 20 1407 2935 20 65 6352 488 24 67 11908 5351 21012 106 754 2231 376 3692 34
leaf_count=4105 907 640 849 3048 20 9103 5731 1420 36 71 15713 20609 20 1407 2935 20 65 6352 488 24 67 11908 5351 21012 106 754 2231 376 3692 34
internal_value=-9.91542e-13 -0.000620521 -0.00269495 -0.00200809 -0.00894333 0.00122925 0.000823533 -0.000232979 -0.0114632 -0.0244923 -0.000368306 -0.0008376 -0.0383118 -0.00172796 -0.00126064 -0.00563897 0.00570865 -0.00124583 0.000346057 -0.00669772 0.000865506 0.00163588 -0.000918662 0.000281807 -0.0135937 0.00102694 -0.00441696 -0.00271693 -0.00257305 -0.00956205
internal_weight=119094 79143 12458 11553 1124 39951 35846 66685 905 197 65200 47234 56 26625 10429 927 1485 22577 6864 512 17966 12548 5418 30115 126 3802 4048 2641 6627 410
internal_count=119094 79143 12458 11553 1124 39951 35846 66685 905 197 65200 47234 56 26625 10429 927 1485 22577 6864 512 17966 12548 5418 30115 126 3802 4048 2641 6627 410
is_linear=0
shrinkage=0.05


Tree=77
num_leaves=31
num_cat=0
split_feature=4 2 5 9 10 10 6 11 1 0 9 6 1 11 11 11 2 11 11 8 3 9 6 9 2 10 8 6 1 7
split_gain=33.9081 22.8413 20.0605 16.5078 16.0732 14.292 13.5388 13.1041 12.2909 11.4349 11.256 12.855 12.1695 11.1617 10.8952 10.7945 10.441 9.83165 15.5643 9.73908 9.36711 9.13958 9.06094 8.909 8.55577 8.43297 9.14911 8.15853 11.0122 9.93891
threshold=-0.066171112485441316 0.16920910944421455 -1.0166278455694084 0.11506975000000001 0.020581500000000006 -0.039751499999999988 -7.1583493145329467 0.20683000000000004 -0.1129016228416078 0.048236721631792719 0.35813025000000004 -1.3827006321103765 1.0000000180025095e-35 -0.0075344999999999987 0.049037499999999991 -0.041897499999999997 0.91702592214066725 -0.073818999999999982 -0.0048870000000000016 -3.1938649704377569 0.23903317785713266 1.2747032500000002 1.0000000180025095e-35 0.74734950000000011 0.35340766221973868 0.2423275 -2.0894096256721055 1.0943468274178154 0.50664637109242716 -4.0922128791009564
decision_type=2 2 2 2 2 2 2 2 2 2 2 2 2 2 2 2 2 2 2 2 2 2 2 2 2 2 2 2 2 2
left_child=2 17 4 24 6 27 -1 9 -4 10 11 12 -6 19 -7 -12 25 -2 -19 -8 -11 -17 -20 -10 -3 -16 -27 28 29 -5
right_child=1 3 8 5 7 14 13 -9 23 20 15 -13 -14 -15 16 21 -18 18 22 -21 -22 -23 -24 -25 -26 26 -28 -29 -30 -31
leaf_value=-0.031156189242998761 -0.0071914058646595572 -0.0031681080363843402 0.0059455228845799969 -0.014539084032559896 0.00017440709694985815 0.00089365929107202064 -0.0027044226681585321 -0.0058211694135494284 0.00047322020754016517 -0.00088640944317117099 -0.0022010023551539307 -0.0048479382627901312 0.0029555839698695765 -0.0015562018377115981 -0.0035497703581327243 0.0031452114278971003 0.0085224713495036571 -0.00039697323079407402 -0.0032362495577976757 0.0008699624959323109 0.0038704947022551815 0.02873554140595453 -0.029474963298575449 0.0070573097912620293 -0.021951405339192334 -0.0062789378199025556 -0.030441926298954061 -0.034052486023442317 0.0095649146971397651 -0.0031918804883064827
leaf_weight=36 1006 116 2593 217 11401 17737 2199 690 3286 8904 998 947 6005 13239 1129 11212 158 7748 11129 14288 1171 35 33 609 127 101 64 22 151 1743
leaf_count=36 1006 116 2593 217 11401 17737 2199 690 3286 8904 998 947 6005 13239 1129 11212 158 7748 11129 14288 1171 35 33 609 127 101 64 22 151 1743
internal_value=2.37771e-12 -0.00115404 0.000616785 -2.64953e-05 0.000374002 0.000121187 -0.000512102 0.00101158 0.00327831 0.0011275 0.00160857 0.000825244 0.0011339 -0.00047499 0.000552777 0.00278263 -0.00361129 -0.00237493 -0.0021187 0.000393219 -0.000333523 0.00322485 -0.00331382 0.00150267 -0.0129849 -0.00509285 -0.0156512 -0.0037615 -0.00344582 -0.00444818
internal_weight=119094 41481 77613 21565 71125 21322 29762 41363 6488 40673 30598 18353 17406 29726 19189 12245 1452 19916 18910 16487 10075 11247 11162 3895 243 1294 165 2133 2111 1960
internal_count=119094 41481 77613 21565 71125 21322 29762 41363 6488 40673 30598 18353 17406 29726 19189 12245 1452 19916 18910 16487 10075 11247 11162 3895 243 1294 165 2133 2111 1960
is_linear=0
shrinkage=0.05


Tree=78
num_leaves=31
num_cat=0
split_feature=4 3 8 2 0 9 6 1 10 2 4 11 9 5 2 4 7 11 5 6 1 6 7 6 10 11 3 8 1 4
split_gain=30.9775 21.3092 23.2603 14.2033 13.7031 16.7282 12.726 12.5606 12.2903 12.1143 13.848 12.2082 11.5321 11.4802 11.1245 11.0834 10.8409 10.6029 10.4574 11.379 13.3165 10.3371 10.2771 9.88437 9.83733 11.8879 11.2016 9.83484 9.68843 9.36682
threshold=-0.11552334484678838 0.19519301709303741 -4.7917139135934015 0.3008632936005074 0.11619722491445829 0.42134900000000003 -1.1338114527935306 1.0775296848187803 0.19827750000000008 0.13258453735111045 -0.50342274957816568 0.076176500000000022 0.12897725000000002 -6.627668268128998 0.35340766221973868 -0.0050838027204612715 -1.0487833304030032 -0.054970499999999985 -9.7602806985147534 -5.6336323981550338 -0.003074223212967075 -4.2246805516538855 -3.093175224829269 -4.5152060559701992 0.0023310000000000002 -0.0065639999999999995 -0.24649507551772568 -1.5001172294596328 0.02308730599987863 -0.21793186028286168
decision_type=2 2 2 2 2 2 2 2 2 2 2 2 2 2 2 2 2 2 2 2 2 2 2 2 2 2 2 2 2 2
left_child=4 7 18 15 5 6 16 8 24 10 -7 -12 13 -5 -10 -4 -1 21 -3 20 -20 -17 29 -16 26 -26 -2 -6 -22 -11
right_child=1 2 3 12 27 9 -8 -9 14 22 11 -13 -14 -15 23 17 -18 -19 19 -21 28 -23 -24 -25 25 -27 -28 -29 -30 -31
leaf_value=0.00078568786238836631 -0.029312501765969324 -0.033507343235292607 -4.4174843551141096e-05 -0.027248724604220089 -0.0036664046700545304 0.0041739001311483981 -0.0034441488630597688 0.018675790160894393 -0.0058433188372782529 -0.043525648924987767 0.0013851239623259494 -0.0035658105562753617 0.0020068392612532914 0.0054033145039445833 -0.053894035835665738 -0.040764124266098482 -0.0054190897921216679 -0.0029503329611468617 0.026408292964333668 -0.027823745008924455 -0.018209832841425171 -0.0055952872615307571 0.0052874885640434273 -0.014625056160631653 0.00048448817943851026 -0.0019733165114385518 -0.0031013789267613019 0.00039106723420365467 0.011433455316970747 -0.0016176754143089056
leaf_weight=31613 41 56 17567 67 2735 4043 2019 75 798 20 10011 1422 9704 45 22 37 720 2528 32 61 94 48 3412 59 7626 13864 7006 3290 39 40
leaf_count=31613 41 56 17567 67 2735 4043 2019 75 798 20 10011 1422 9704 45 22 37 720 2528 32 61 94 48 3412 59 7626 13864 7006 3290 39 40
internal_value=-2.26875e-12 -0.000803395 0.000128348 0.00026272 0.000809408 0.0010649 0.000407035 -0.00176 -0.00181211 0.00225758 0.00165876 0.000769343 0.00182272 -0.0141296 -0.0076354 -0.0004961 0.000647518 -0.00353436 -0.0141646 -0.00937169 -0.00255003 -0.0209041 0.00492675 -0.0252907 -0.00163274 -0.00110113 -0.00325388 -0.00145079 -0.00951744 -0.015587
internal_weight=119094 59769 30278 29996 59325 53300 34352 29491 29416 18948 15476 11433 9816 112 879 20180 32333 2613 282 226 165 85 3472 81 28537 21490 7047 6025 133 60
internal_count=119094 59769 30278 29996 59325 53300 34352 29491 29416 18948 15476 11433 9816 112 879 20180 32333 2613 282 226 165 85 3472 81 28537 21490 7047 6025 133 60
is_linear=0
shrinkage=0.05


Tree=79
num_leaves=31
num_cat=0
split_feature=0 6 11 11 4 3 2 2 0 3 4 3 6 11 2 1 7 11 12 7 7 6 0 8 7 11 12 5 4 11
split_gain=28.8368 20.5805 25.5659 20.3986 19.5641 19.1663 18.7228 17.7803 15.4292 14.8228 12.0694 15.4387 12.2593 10.6268 10.1291 9.10373 9.79432 9.27293 9.01378 9.00154 8.09131 8.07572 8.00864 10.1946 8.70562 8.54333 7.97877 7.97069 7.96272 7.74276
threshold=-0.023330212100466981 -4.4117033187075361 0.041296500000000021 -0.038667 -0.0050838027204612715 -0.32837136050943927 0.16158051479468219 0.91702592214066725 0.24443855308118304 0.3529441073302006 -0.18077359341533975 0.19847921259445614 -2.0463109037914355 -0.0058265000000000114 0.69706089188100917 0.11166774485964416 -1.4717356544199409 0.129186 0.49479369188800154 0.14883265963629269 -2.4194401122748421 -7.1583493145329467 0.12960313106944213 -1.5001172294596328 -3.5295199212817159 0.05711900000000001 -0.2459856662675777 -4.2147103552667611 -0.368868820480037 0.246304
decision_type=2 2 2 2 2 2 2 2 2 2 2 2 2 2 2 2 2 2 2 2 2 2 2 2 2 2 2 2 2 2
left_child=5 2 3 4 14 -1 19 10 28 21 22 12 15 27 -2 -12 -17 -18 -9 29 -14 -6 24 -24 -3 -26 -21 -5 -4 -7
right_child=1 7 8 13 9 6 -8 18 -10 -11 11 -13 20 -15 -16 16 17 -19 -20 26 -22 -23 23 -25 25 -27 -28 -29 -30 -31
leaf_value=0.0045750895960393083 -0.0059191527903456574 -0.0043404490765920267 -0.035432775388471782 -0.00012600248780026221 -0.041339595096069388 0.00042272537222272887 0.0033692742924003889 0.0043721344776231873 -0.043060440131063971 -0.040764304636124994 -0.0017516526232481786 0.00028040335712705951 -0.0078197369751011915 -0.0023034632230769288 0.03005383370211348 0.00096727718963675053 -0.0047292676702171341 -0.036563761221865818 0.023412968611004406 -0.013507320578851973 -0.0027413070665946119 -0.0066995859611779455 -0.0047033003556960287 0.0006755059722993469 0.0020071643336227012 -0.0022627338202019696 0.0047555966414960038 0.0056155718131593322 -0.0083292751084137126 -0.0077310892607981886
leaf_weight=3600 907 647 28 3048 20 30014 5746 1420 35 71 15713 20609 1064 6627 20 6352 488 24 65 214 2984 106 1373 2458 12192 1296 83 754 842 294
leaf_count=3600 907 647 28 3048 20 30014 5746 1420 35 71 15713 20609 1064 6627 20 6352 488 24 65 214 2984 106 1373 2458 12192 1296 83 754 842 294
internal_value=-1.74418e-12 -0.000552785 -0.00241823 -0.00178428 -0.00818399 0.00109507 0.000750426 -0.000204286 -0.010511 -0.0224935 -0.000327501 -0.000747055 -0.00154236 -0.00109454 -0.00514304 -0.00108805 0.000431051 -0.00622151 0.00520557 0.000258745 -0.00407615 -0.012198 0.000775539 -0.00125222 0.00132512 0.00159689 -0.00840354 0.00101265 -0.00920157 0.00034363
internal_weight=119094 79143 12458 11553 1124 39951 36351 66685 905 197 65200 47234 26625 10429 927 22577 6864 512 1485 30605 4048 126 17966 3831 14135 13488 297 3802 870 30308
internal_count=119094 79143 12458 11553 1124 39951 36351 66685 905 197 65200 47234 26625 10429 927 22577 6864 512 1485 30605 4048 126 17966 3831 14135 13488 297 3802 870 30308
is_linear=0
shrinkage=0.05


Tree=80
num_leaves=31
num_cat=0
split_feature=4 5 11 2 4 11 11 7 5 1 1 3 9 3 6 6 5 7 10 10 0 10 11 1 12 1 5 8 9 1
split_gain=27.1343 20.2105 17.7994 15.4265 18.0348 11.5249 12.2361 18.9395 32.8044 11.4495 11.3722 10.4883 10.2775 9.96471 25.5057 9.76994 9.3019 9.39328 9.28646 9.26042 10.5042 10.5516 9.51931 9.11153 8.83113 8.69772 9.11575 8.64127 8.63016 8.24497
threshold=-0.017696075113215522 -1.0166278455694084 0.246304 0.21443528417453209 -0.23870660932159696 0.10934500000000001 -0.116507 -2.2915216929126729 -5.7951803236171813 -0.1129016228416078 0.6447985787721684 0.66679226325043983 0.74734950000000011 0.065677966101694976 -6.4665603489108898 -1.1013432900674323 -7.1857965813610312 -1.8925651997377673 -0.077595999999999998 0.021577500000000017 0.080234946379640029 0.068922499999999956 0.00037099999999998251 -0.02003322577514299 1.0000000180025095e-35 -0.055279441181784787 -4.5209016100405996 -1.7442903121511331 0.84674525000000012 0.6447985787721684
decision_type=2 2 2 2 2 2 2 2 2 2 2 2 2 2 2 2 2 2 2 2 2 2 2 2 2 2 2 2 2 2
left_child=1 2 3 4 -1 6 7 28 18 -3 -7 -8 -11 14 -5 19 17 -4 -9 -6 21 22 23 -21 -15 26 -22 -17 -2 -16
right_child=5 9 16 13 15 10 11 8 -10 12 -12 -13 -14 24 29 27 -18 -19 -20 20 25 -23 -24 -25 -26 -27 -28 -29 -30 -31
leaf_value=0.0010204459935420512 -0.0060840793786337598 0.0055274123312110367 -0.012460481059101839 -0.053317339993689372 -0.0012538852815145692 -0.010532174740413859 -0.0017858768938989024 -0.087467068517580626 -0.0073293165284888566 0.00036424722092752063 0.015319076551468639 0.0025754269867113004 0.0070876226827097854 0.002160070111553667 -0.0010521914976437962 -0.0071993233060057109 -0.0051796692135914271 -0.049793540330036828 -0.039860987060126807 0.00015936113759856243 -0.0051310184166747305 -0.0015511523808604925 -0.00022929004230864245 0.0030401425411657503 0.013445157431256537 -0.0031089679526113134 0.010781717649709512 0.00082605796664611271 0.023352498023046387 0.011005598656683161
leaf_weight=24908 320 2593 63 23 22682 566 14351 20 74 3845 46 1525 667 11553 2923 1019 840 23 21 4512 144 5294 9449 7008 176 3533 240 500 27 149
leaf_count=24908 320 2593 63 23 22682 566 14351 20 74 3845 46 1525 667 11553 2923 1019 840 23 21 4512 144 5294 9449 7008 176 3533 240 500 27 149
internal_value=-1.78526e-12 0.000307442 0.00011514 0.000183013 -9.37795e-05 -0.0018527 -0.00160037 -0.0096216 -0.0272069 0.00287974 -0.00858911 -0.00136694 0.00135815 0.00166349 -0.000860104 -0.000604126 -0.00678314 -0.0224449 -0.0630835 -0.00049052 8.31927e-05 0.000443437 0.000947007 0.00191184 0.00232941 -0.0023322 0.00481444 -0.00455766 -0.00379363 -0.000467357
internal_weight=119094 102144 95039 94113 79289 16950 16338 462 115 7105 612 15876 4512 14824 3095 54381 926 86 41 52862 30180 26263 20969 11520 11729 3917 384 1519 347 3072
internal_count=119094 102144 95039 94113 79289 16950 16338 462 115 7105 612 15876 4512 14824 3095 54381 926 86 41 52862 30180 26263 20969 11520 11729 3917 384 1519 347 3072
is_linear=0
shrinkage=0.05


Tree=81
num_leaves=31
num_cat=0
split_feature=7 0 11 5 8 9 11 8 9 9 8 0 1 3 11 3 6 0 3 2 4 2 9 0 2 5 10 6 6 1
split_gain=25.5883 17.5491 19.4749 24.8279 19.1544 13.3416 13.2305 12.7648 11.9983 11.4066 11.276 10.8358 10.5099 10.1971 9.95534 9.67283 9.64808 9.86563 9.40949 10.6812 9.38354 9.29726 12.612 9.15032 9.09413 8.63371 8.57471 8.55054 8.52782 8.33331
threshold=-3.2621859079007582 0.099178479360018015 -0.142628 -5.8335368683300146 -2.9561406301559194 0.99512200000000017 0.46210699999999993 -1.7858364401347508 1.2747032500000002 0.35649950000000002 -4.0119331409987975 0.27965313180399215 -0.027668660072697911 0.73709530983756477 -0.51730049999999983 0.20166835357624827 -2.3308590791946338 0.0022730501950450903 -0.23413618302318887 0.14689216890972226 -0.084149917301994379 0.28031240230661431 0.12897725000000002 0.0080963856173854615 1.3297423747402271 -3.4793210664385446 0.045647499999999987 -3.7067391661434121 -1.1013432900674323 0.56364310769597137
decision_type=2 2 2 2 2 2 2 2 2 2 2 2 2 2 2 2 2 2 2 2 2 2 2 2 2 2 2 2 2 2
left_child=7 4 3 9 -2 6 13 10 18 -3 12 -7 25 24 -10 -5 17 -12 -6 -20 -21 -19 -23 29 -4 -1 -14 -28 -13 -9
right_child=1 2 5 15 8 11 -8 23 14 -11 16 28 26 -15 -16 -17 -18 21 19 20 -22 22 -24 -25 -26 -27 27 -29 -30 -31
leaf_value=0.0072978449362831634 -0.0011811266709746103 -0.064191593296825888 -0.001388979863273703 -0.011290263010078442 0.002447567822207934 2.0412234033444036e-05 -0.023636419803369793 -0.015985576540769899 -0.015223341681543859 -0.023892783973034536 0.00052375904811065516 0.00019424263837522474 -0.0036172969427726029 0.0029082304284994832 0.014836808271434626 0.0066625502633608199 -0.013199069984707863 -0.0018789332307051186 0.00030757217709355173 0.0033491806621859833 0.00083065306605922091 -0.034052315742398302 0.0024397817150748698 -0.0013932999951941753 0.011506472583995134 -0.011038367465371266 -0.0084253605704085639 -0.028747747228320304 0.022879260864654749 0.012456412773047175
leaf_weight=325 10617 25 14726 236 10325 201 64 321 31 59 10274 58 2341 1620 247 110 155 14402 34833 6419 8726 24 1759 266 138 80 481 58 145 28
leaf_count=325 10617 25 14726 236 10325 201 64 321 31 59 10274 58 2341 1620 247 110 155 14402 34833 6419 8726 24 1759 266 138 80 481 58 145 28
internal_value=-9.40755e-13 0.000430158 -0.000994181 -0.0115025 0.00077789 -0.000727629 -0.000946799 -0.00124872 0.00112121 -0.0358865 -0.00110205 0.00824966 -0.00386585 -0.000858705 0.0114848 -0.00558272 -0.000760909 -0.000688045 0.00107344 0.000789554 0.0018981 -0.00145728 0.00194858 -0.0083792 -0.00126926 0.00367588 -0.00492641 -0.0106122 0.0163978 -0.0137037
internal_weight=119094 88580 17382 430 71198 16952 16548 30514 60581 84 29899 404 3285 16484 278 346 26614 26459 60303 49978 15145 16185 1783 615 14864 405 2880 539 203 349
internal_count=119094 88580 17382 430 71198 16952 16548 30514 60581 84 29899 404 3285 16484 278 346 26614 26459 60303 49978 15145 16185 1783 615 14864 405 2880 539 203 349
is_linear=0
shrinkage=0.05


Tree=82
num_leaves=31
num_cat=0
split_feature=4 3 10 11 6 6 11 0 11 11 5 1 9 12 2 11 4 3 11 9 6 7 9 7 8 7 2 10 1 11
split_gain=23.4479 19.0349 17.9354 17.8563 18.0853 20.4232 14.1232 14.1099 13.8815 20.1342 17.3474 20.2997 16.6718 11.7224 11.6875 11.2165 10.3384 13.2689 10.3237 10.377 9.81762 12.6692 9.75404 8.84952 11.0961 16.3525 8.65922 8.55954 10.1548 8.28828
threshold=-0.010751597635717201 0.50948521560783611 0.020581500000000006 -0.098558999999999966 -0.13093745654751734 -5.1370560909158876 0.100952 0.051053393790261865 -0.045346499999999977 -0.0041425000000000203 -2.3355836418788045 -0.10791815044101737 1.0889377500000001 -0.13574949380769871 1.074308148673081 -0.0075344999999999987 -0.38593898205449512 -0.46882516506305921 0.1583495 0.24118975000000004 -4.1079485167645347 -1.0802022427495095 1.0889377500000001 0.39437584531971381 -1.3326263584484193 -1.4930075024446945 0.14689216890972226 -0.05107649999999999 0.33349515798642376 0.031321000000000022
decision_type=2 2 2 2 2 2 2 2 2 2 2 2 2 2 2 2 2 2 2 2 2 2 2 2 2 2 2 2 2 2
left_child=1 2 14 4 5 7 13 -2 -4 12 18 -12 -10 26 15 16 -1 -18 -11 -20 21 -17 -3 24 25 -8 -5 -19 -29 -23
right_child=3 22 8 6 -6 -7 23 -9 9 10 11 -13 -14 -15 -16 20 17 27 19 -21 -22 29 -24 -25 -26 -27 -28 28 -30 -31
leaf_value=0.0026995628494439136 -0.015443562331435446 0.0019232804250926762 -0.0030157787679493293 -0.0036886283419497404 -0.05752834300732329 -0.0017634739534380711 -0.0081549796217586842 -0.051719159645175462 0.0020326618253313426 -0.00041883489631942361 0.0056106997231626914 0.00034532362086186932 0.039973273353073102 0.030417030985499249 0.018909983293463786 -0.0037511924677261967 -0.03932325096631592 -0.0020778296442187246 -0.03921403759766532 -0.0051517941737689596 -0.0011937336001491903 -0.013695913261901111 0.011945150711061059 -0.038058913312852383 0.0088273043750014945 -0.040982622460329104 -0.00058598478184841924 3.0527610709941765e-05 0.0098276620220901726 -0.053285499829798938
leaf_weight=2880 91 11552 2552 3065 21 258 392 38 18413 24997 2674 5803 29 29 75 3484 22 5766 23 803 13988 39 248 26 81 42 8445 12968 270 20
leaf_count=2880 91 11552 2552 3065 21 258 392 38 18413 24997 2674 5803 29 29 75 3484 22 5766 23 803 13988 39 248 26 81 42 8445 12968 270 20
internal_value=1.7165e-12 0.000240123 4.41287e-06 -0.00204985 -0.0123377 -0.00988545 -0.00170238 -0.0261294 0.000585757 0.000760023 4.36879e-05 0.00200624 0.00209232 -0.00133219 -0.000809134 -0.000846635 -9.22937e-05 -0.000514902 -0.000600567 -0.00610026 -0.00178923 -0.00414028 0.00213391 -0.00959804 -0.00816119 -0.0113318 -0.00141219 -0.000469976 0.000230348 -0.0271161
internal_weight=119094 106606 94806 12488 408 387 12080 129 55294 52742 34300 8477 18442 11539 39512 39437 21906 19026 25823 826 17531 3543 11800 541 515 434 11510 19004 13238 59
internal_count=119094 106606 94806 12488 408 387 12080 129 55294 52742 34300 8477 18442 11539 39512 39437 21906 19026 25823 826 17531 3543 11800 541 515 434 11510 19004 13238 59
is_linear=0
shrinkage=0.05


Tree=83
num_leaves=31
num_cat=0
split_feature=4 2 10 10 6 5 11 12 8 6 11 9 4 0 11 5 0 11 9 3 2 1 11 9 9 6 11 11 6 8
split_gain=21.9576 16.7849 14.9272 12.5197 10.899 10.5096 10.33 9.23425 10.2925 9.58418 9.57068 15.3524 13.5234 9.17216 10.236 10.9069 10.1405 8.7641 9.30422 8.7285 9.26474 8.64308 8.31248 8.74352 8.07979 8.55611 7.73546 11.9495 8.08022 7.9723
threshold=-0.066171112485441316 0.16920910944421455 0.020581500000000006 -0.0374455 -7.1583493145329467 -1.0662737017425312 0.20683000000000004 -0.97085676289714573 -0.37319999869523457 -0.79676610356634237 -0.054970499999999985 1.2747032500000002 -0.45126915005546853 0.048236721631792719 0.0080495000000000028 -2.3355836418788045 -0.086019958672061511 0.021109999999999993 0.11506975000000001 -0.13036616231451834 0.052557246527057851 -0.10791815044101737 -0.0075344999999999987 0.29659200000000002 0.88213700000000006 -2.2698953541027129 -0.073818999999999982 -0.0048870000000000016 1.0000000180025095e-35 -1.055552474755709
decision_type=2 2 2 2 2 2 2 2 2 2 2 2 2 2 2 2 2 2 2 2 2 2 2 2 2 2 2 2 2 2
left_child=2 26 4 -3 -1 6 7 8 9 13 -9 -12 -13 14 19 -16 -17 18 -5 -4 -21 -7 23 -6 -19 -26 -2 29 -29 -28
right_child=1 3 5 17 22 21 -8 10 -10 -11 11 12 -14 -15 15 16 -18 24 -20 20 -22 -23 -24 -25 25 -27 27 28 -30 -31
leaf_value=-0.02781773724903663 -0.0062475347969673705 -0.0034572979298015598 0.0040828101481876549 -0.013513872893275443 -0.0011084081853072875 0.0064020768366664892 -0.005274500124419869 -0.0039404356911878899 -0.011967187515260803 -0.0034768013358057758 0.00397384207319841 0.0020175957049314796 0.049623051839215421 -0.00049744219679184623 -0.00099275189655811317 0.0089841417536944881 0.0010189116629823931 -0.002463787346621176 0.0010117997056716989 0.00060393232764470624 0.0033234371071420078 0.0016523157668512777 -0.0011894707678247712 0.0012126305264913235 -0.014661366705383575 0.022049200869514608 -0.00033422346979681492 -0.0027219067280802901 -0.027499981442021884 0.026882630172703006
leaf_weight=36 1006 2290 4096 111 6152 1583 678 379 159 1276 2771 26 35 8536 6740 551 1454 2933 16145 9858 4590 2425 14350 11918 21 65 7721 11129 33 27
leaf_count=36 1006 2290 4096 111 6152 1583 678 379 159 1276 2771 26 35 8536 6740 551 1454 2933 16145 9858 4590 2425 14350 11918 21 65 7721 11129 33 27
internal_value=1.57525e-12 -0.000928667 0.000496335 3.78982e-05 -0.000321578 0.0010842 0.000846141 0.000948678 0.000726962 0.000781364 0.00352144 0.00452005 0.0293322 0.000933029 0.00138048 -2.96613e-05 0.00320786 0.000453151 0.000912615 0.00204548 0.00146789 0.00352828 -0.000291046 0.000422424 -0.00202086 0.013085 -0.00197526 -0.00174798 -0.00279516 -0.000239379
internal_weight=119094 41481 77613 21565 32456 45157 41149 40471 37260 37101 3211 2832 61 35825 27289 8745 2005 19275 16256 18544 14448 4008 32420 18070 3019 86 19916 18910 11162 7748
internal_count=119094 41481 77613 21565 32456 45157 41149 40471 37260 37101 3211 2832 61 35825 27289 8745 2005 19275 16256 18544 14448 4008 32420 18070 3019 86 19916 18910 11162 7748
is_linear=0
shrinkage=0.05


Tree=84
num_leaves=31
num_cat=0
split_feature=0 3 7 6 2 8 11 11 11 6 2 0 10 6 8 7 6 9 11 7 2 12 8 6 11 8 6 3 2 1
split_gain=20.4646 15.168 15.0413 16.567 14.4945 12.5836 11.5876 14.0816 11.3667 12.1414 11.1825 11.298 11.5329 10.199 10.0692 12.1465 9.05851 23.2875 8.83183 8.62751 8.40471 8.25632 7.51569 18.4768 16.1893 7.56253 7.43755 7.35759 7.17225 8.78993
threshold=-0.023330212100466981 -0.32837136050943927 -3.1045078586838692 -7.1583493145329467 0.16158051479468219 -3.3162724570097173 -0.028130499999999944 0.014352499999999964 -0.25466599999999995 1.0000000180025095e-35 0.91702592214066725 0.11389564247855356 -0.11816799999999995 0.62208236359720115 -3.5968073164518257 -5.0861548832608099 -3.9282017871971084 0.53943950000000018 0.067059500000000008 0.14883265963629269 0.31247037955078844 0.49479369188800154 -1.3129685274165344 -5.6336323981550338 0.081230500000000025 -4.0119331409987975 -7.1583493145329467 -0.38795747373127798 -0.11949512370819819 0.1080298949072588
decision_type=2 2 2 2 2 2 2 2 2 2 2 2 2 2 2 2 2 2 2 2 2 2 2 2 2 2 2 2 2 2
left_child=1 -1 6 -4 19 -5 14 20 9 16 11 18 13 -13 -2 -16 17 -7 21 -3 27 -10 25 -24 -25 -9 -22 -8 -17 -30
right_child=2 4 3 5 -6 8 7 22 10 -11 -12 12 -14 -15 15 28 -18 -19 -20 -21 26 -23 23 24 -26 -27 -28 -29 29 -31
leaf_value=0.0040183356299686342 -0.009067172472557684 0.00026640195843228719 -0.02252979295121299 -0.0053759145072625409 0.0029201462062691972 -0.054690737947821623 -0.0095068306410566808 -0.008983614168155107 0.00081647075834342703 -0.042139225502614869 0.0045775232201131048 -0.0060610115447640202 -0.00073639219089833684 -0.036845440271177463 -0.019228474549239594 0.0083385662671745485 -0.0029113615258081287 0.0087116907201042135 -0.0025482283869331973 -0.0082971131485519989 -0.017147704917641188 0.023546904483810069 0.0072431831398890138 -0.015289321028103587 -0.072634332310408362 -0.00247809163003701 0.0037107547608678294 -0.00062507390649428954 -0.004835977493500284 0.0019122817853566938
leaf_weight=3600 796 30308 81 1027 5746 30 236 498 31628 24 1476 688 12256 28 105 161 392 28 2041 297 44 40 42 32 20 4339 1489 19465 1455 722
leaf_count=3600 796 30308 81 1027 5746 30 236 498 31628 24 1476 688 12256 28 105 161 392 28 2041 297 44 40 42 32 20 4339 1489 19465 1455 722
internal_value=2.06456e-12 0.000922506 -0.000465677 6.4305e-05 0.000615912 0.000101159 -0.00136218 -0.00101295 0.000216826 -0.00748816 0.000292664 0.000157182 -0.00109674 -0.00726487 -0.00418328 -0.00259196 -0.00564011 -0.0240827 0.000639719 0.000183299 -0.000453982 0.000845182 -0.00342 -0.0174227 -0.0373451 -0.00314788 0.00311208 -0.000731469 -0.00184481 -0.00259792
internal_weight=119094 39951 79143 49739 36351 49658 29404 26165 48631 474 48157 46681 12972 716 3239 2443 450 58 33709 30605 21234 31668 4931 94 52 4837 1533 19701 2338 2177
internal_count=119094 39951 79143 49739 36351 49658 29404 26165 48631 474 48157 46681 12972 716 3239 2443 450 58 33709 30605 21234 31668 4931 94 52 4837 1533 19701 2338 2177
is_linear=0
shrinkage=0.05


Tree=85
num_leaves=31
num_cat=0
split_feature=4 3 2 11 6 6 0 11 10 6 11 12 3 11 5 1 2 7 7 8 7 2 5 3 6 10 6 9 1 9
split_gain=19.3714 15.7482 15.2198 14.7751 15.8682 17.5138 12.6361 12.1149 11.9545 13.5177 10.7819 10.1533 9.0332 8.77142 8.74628 8.6725 8.52594 8.28507 8.18757 10.0049 14.8333 8.07486 7.85936 11.2258 7.84508 13.6181 7.62449 11.1388 11.1002 12.173
threshold=-0.010751597635717201 0.51977455012375107 -0.15540944949963584 -0.098558999999999966 -0.13093745654751734 -5.1370560909158876 0.051053393790261865 0.100952 0.0023310000000000002 -4.0153366605784315 -0.004705 -0.13574949380769871 -0.2653953461315689 -0.045346499999999977 -2.1748270360962345 -0.13615204044781512 0.038826672925267987 -6.0515327842249702 0.39437584531971381 -1.5001172294596328 -1.4317673682138703 0.91702592214066725 -7.5203243678275458 0.23903317785713266 1.0943468274178154 -0.073182499999999998 -3.3826167558716498 0.31342775000000006 0.042000617665225455 0.50554350000000003
decision_type=2 2 2 2 2 2 2 2 2 2 2 2 2 2 2 2 2 2 2 2 2 2 2 2 2 2 2 2 2 2
left_child=1 2 14 4 5 6 -2 11 9 12 13 -5 16 -10 -1 -16 -4 -3 19 20 22 -12 23 -9 -11 -26 28 -28 -15 -30
right_child=3 17 8 7 -6 -7 -8 18 10 24 21 -13 -14 26 15 -17 -18 -19 -20 -21 -22 -23 -24 -25 25 -27 27 -29 29 -31
leaf_value=0.0005496081818070728 -0.013854495733771677 0.029637950755379817 -0.0053393338638124989 -0.0012786797866221659 -0.053551448092219379 -0.0014031224590798394 -0.04818328739094891 -0.0047141465921759808 -0.0018675170805098841 -0.00063597393130106401 -0.00058819583481167087 0.028343788328869787 -0.0034740602416763813 0.00068918861330534973 0.0043756259741593046 0.00046037933718701888 -0.02982361331014545 0.0019078962333980679 -0.036235607379617604 0.0068978840721609569 -0.046005555990398406 0.010500812585003476 -0.0047384725958709755 -0.042485878882733828 -0.051982366717420514 0.0063660166226327426 -0.00097852650367748618 0.0020452472650619282 0.0044587698920923145 -0.025582813529078575
leaf_weight=13196 91 27 80 11510 21 258 38 42 2617 15214 32573 29 3987 4876 3648 2310 64 11384 26 98 28 165 310 37 20 20 6729 5564 4098 34
leaf_count=13196 91 27 80 11510 21 258 38 42 2617 15214 32573 29 3987 4876 3648 2310 64 11384 26 98 28 165 310 37 20 20 6729 5564 4098 34
internal_value=-2.1075e-12 0.000218253 7.85142e-06 -0.00186316 -0.0112213 -0.00892437 -0.0239669 -0.00154709 -0.000309451 -0.00138122 5.72578e-05 -0.00120423 -0.00391841 0.000864231 0.00126754 0.00285763 -0.0162212 0.00197351 -0.00885986 -0.00747779 -0.0108562 -0.000532307 -0.00832622 -0.0224047 -0.000694115 -0.0228082 0.00119985 0.00039008 0.00230492 0.00421157
internal_weight=119094 106606 95195 12488 408 387 129 12080 76041 19385 56656 11539 4131 23918 19154 5958 144 11411 541 515 417 32738 389 79 15254 40 21301 12293 9008 4132
internal_count=119094 106606 95195 12488 408 387 129 12080 76041 19385 56656 11539 4131 23918 19154 5958 144 11411 541 515 417 32738 389 79 15254 40 21301 12293 9008 4132
is_linear=0
shrinkage=0.05


Tree=86
num_leaves=31
num_cat=0
split_feature=9 10 11 4 12 7 6 1 10 11 8 5 10 3 3 10 7 11 8 11 9 9 8 1 8 2 0 1 7 0
split_gain=18.1767 16.2948 15.3813 13.8553 13.6658 20.7022 13.6461 13.3469 12.628 16.3631 11.625 11.4047 9.71486 9.69601 10.6398 9.68112 9.23046 8.73886 8.76196 12.1033 10.7468 10.5221 18.1358 8.31619 8.28635 8.21457 8.13063 11.0539 12.3102 8.10096
threshold=0.26361475000000006 -0.12586299999999997 0.129186 -0.0023594180176700337 -0.8557987703655332 1.0000000180025095e-35 -1.9296448585599391 0.43831218028126889 0.085868500000000028 0.067059500000000008 -2.7611204803656744 -5.4458980036502238 0.020905499999999997 -0.36664155673164961 -0.077888414534654268 0.17055750000000006 -6.0515327842249702 -0.057693999999999988 -3.0946734582997362 -0.022192500000000028 0.32717525000000003 0.40870350000000005 -2.3417030492374771 0.092983120467999517 -0.86040030167634651 0.10831448018758173 0.046485042986332721 0.072749853385802546 -3.4046858084358629 0.0073292673802228822
decision_type=2 2 2 2 2 2 2 2 2 2 2 2 2 2 2 2 2 2 2 2 2 2 2 2 2 2 2 2 2 2
left_child=2 3 6 -2 5 8 13 -8 9 12 -10 16 -3 -1 -15 -7 -4 -14 19 -19 -21 -20 -23 -18 -6 26 27 -16 -29 -11
right_child=1 4 11 -5 24 15 7 -9 10 29 -12 -13 17 14 25 -17 23 18 21 20 -22 22 -24 -25 -26 -27 -28 28 -30 -31
leaf_value=-0.007255828249062209 -0.0016822474757979137 0.00016219941244697444 -0.0060868802116601731 -0.016785378087138852 0.0009262777036321805 -0.0072723336380715042 -0.0039845259368025297 -0.035534970902646068 -0.0053293198141006149 -0.00058610684162748936 -0.00042643001285514164 -0.0039732470515126917 -0.0034107759004136117 0.0017622760715674275 -0.0015351679683453705 -0.033384001506247415 -0.018288950690139943 -0.0081010581194204383 0.00082971624566778232 0.0047882256518859299 0.016384312922339318 0.010693703771774475 0.0022379799297668687 -0.056099648506973278 0.0044693447075994756 0.00013374340046564279 -0.0036347196761388335 -0.0007987732361677979 0.0064447581437227274 -0.00664737223337852
leaf_weight=532 5711 22775 32 156 3089 539 2377 34 1493 1173 6356 114 876 4724 13194 38 26 149 20324 1083 245 685 8538 33 3543 14295 3485 1450 985 1040
leaf_count=532 5711 22775 32 156 3089 539 2377 34 1493 1173 6356 114 876 4724 13194 38 26 149 20324 1083 245 685 8538 33 3543 14295 3485 1450 985 1040
internal_value=1.01998e-13 0.000449916 -0.000848074 -0.00208383 0.000656536 0.000436951 -0.000779891 -0.00442945 0.000520991 0.000780383 -0.00135903 -0.0145099 0.000950987 -0.000552318 -0.000458796 -0.00899199 -0.0277097 0.00151414 0.0016532 0.00541147 0.00692756 0.00146533 0.00286599 -0.0394373 0.00281908 -0.000772854 -0.00145088 -0.000963922 0.00213136 -0.0034346
internal_weight=119094 77813 41281 5867 71946 65314 41076 2411 64737 56888 7849 205 54675 38665 38133 577 91 31900 31024 1477 1328 29547 9223 59 6632 33409 19114 15629 2435 2213
internal_count=119094 77813 41281 5867 71946 65314 41076 2411 64737 56888 7849 205 54675 38665 38133 577 91 31900 31024 1477 1328 29547 9223 59 6632 33409 19114 15629 2435 2213
is_linear=0
shrinkage=0.05


Tree=87
num_leaves=31
num_cat=0
split_feature=0 3 2 2 11 11 4 6 5 9 8 9 8 7 4 4 9 9 7 5 6 3 10 0 10 8 7 0 2 8
split_gain=17.1795 13.1555 12.907 12.7603 13.0869 12.8939 14.3443 15.0802 10.3547 10.0918 9.56753 8.88748 8.4994 8.74307 7.88379 7.88297 7.5718 7.48782 8.34697 8.73717 7.78989 7.66304 7.42122 8.48823 9.19654 13.515 7.39697 7.27707 7.10925 12.1897
threshold=-0.023330212100466981 -0.29458112973689576 0.10189774011475207 0.91702592214066725 0.067059500000000008 -0.052136499999999995 -0.0037621379170540976 -5.9227674387528646 -3.1432248247946037 0.26361475000000006 -0.86040030167634651 1.2747032500000002 -3.5968073164518257 -4.685992601504112 -0.17490739069035913 -0.45126915005546853 0.19578450000000006 0.88213700000000006 0.80553278013315566 -4.5209016100405996 -2.4626174434499899 -0.14311212143112115 0.0118905 0.15892456252004464 0.085868500000000028 -2.5884462589048716 0.39437584531971381 0.046485042986332721 0.32515552765600603 -2.6315828500917733
decision_type=2 2 2 2 2 2 2 2 2 2 2 2 2 2 2 2 2 2 2 2 2 2 2 2 2 2 2 2 2 2
left_child=1 -1 26 4 5 6 12 -8 -6 15 -9 22 13 -2 -13 -7 28 18 -5 -20 -19 -22 -11 24 -24 -26 -3 -17 29 -14
right_child=3 2 -4 17 8 9 7 10 -10 11 -12 14 16 -15 -16 27 -18 20 19 -21 21 -23 23 -25 25 -27 -28 -29 -30 -31
leaf_value=0.0034656138647409882 0.0051557369852988895 6.7732763544529369e-05 0.0022396041531818514 0.003419253477415644 -0.0054441478045513811 -0.0080587905918088204 -0.032637594472746265 -0.0046176311676807726 -0.00075112779115583993 -0.00075140085670874447 -0.038168782724634462 0.042181683011585848 0.013732928164842491 -0.012598855885540331 0.00023200318572067077 -0.0001289347449797037 -0.0017230017620077096 -0.018069700039923194 -0.042665885145543148 -0.0021909571345895529 0.035666676941845159 0.01060786996211391 0.0015659532272604985 -0.0013965395446730354 -0.0074772783575595405 0.00048383496842591318 -0.01027449099614617 -0.0017404452131357191 0.036047967692667791 -0.023805730803204434
leaf_weight=4277 88 27061 8439 1221 2326 373 72 279 2376 10528 23 24 95 327 21 18340 4923 20 20 40 36 200 19809 3717 704 2196 174 11335 22 28
leaf_count=4277 88 27061 8439 1221 2326 373 72 279 2376 10528 23 24 95 327 21 18340 4923 20 20 40 36 200 19809 3717 704 2196 174 11335 22 28
internal_value=-5.52455e-13 0.000845226 0.000531064 -0.000426666 -0.000516013 -0.000351119 -0.0026009 -0.0120752 -0.00307269 -0.000154586 -0.00717285 0.000398227 -0.00195465 -0.00883403 0.0226052 -0.000835282 -0.00139132 0.00408467 0.00252455 -0.0156826 0.0118913 0.0144304 0.000371185 0.000818419 0.00118096 -0.00144879 1.65797e-06 -0.000744486 0.00986981 0.00518754
internal_weight=119094 39951 35674 79143 77606 72904 5857 374 4702 67047 302 36999 5483 415 45 30048 5068 1537 1281 60 256 236 36954 26426 22709 2900 27235 29675 145 123
internal_count=119094 39951 35674 79143 77606 72904 5857 374 4702 67047 302 36999 5483 415 45 30048 5068 1537 1281 60 256 236 36954 26426 22709 2900 27235 29675 145 123
is_linear=0
shrinkage=0.05


Tree=88
num_leaves=31
num_cat=0
split_feature=4 2 9 5 11 10 12 7 11 11 8 3 10 11 9 11 5 0 3 1 7 7 4 2 6 6 7 0 2 11
split_gain=16.1459 12.6119 11.7866 10.2304 11.2969 9.98844 9.215 11.1743 11.5579 9.20219 9.92493 8.96337 8.77383 10.8706 13.8224 9.7195 10.2754 9.99685 8.94705 8.56632 8.29824 8.22745 8.00827 9.6217 8.00488 7.86505 7.7914 7.14859 7.09399 8.87114
threshold=-0.085288140740248028 0.30629171598505006 0.11506975000000001 -1.0166278455694084 0.46210699999999993 -0.028623999999999952 -0.13574949380769871 0.80553278013315566 -0.022192500000000028 0.179837 -1.5155223164403366 0.91406120760959486 0.020905499999999997 -0.041897499999999997 1.2747032500000002 0.0080495000000000028 -2.8822184313895765 0.050136945741797508 -0.20603058846112501 -0.1129016228416078 -4.227243654263213 -0.70053649234536841 -0.0050838027204612715 0.017426826866632997 0.3563243666622285 -7.1583493145329467 -1.3668420850449874 0.029553124324744443 0.056441556359944973 -0.0048870000000000016
decision_type=2 2 2 2 2 2 2 2 2 2 2 2 2 2 2 2 2 2 2 2 2 2 2 2 2 2 2 2 2 2
left_child=3 5 -3 4 11 20 7 9 -9 -4 -11 12 24 -14 15 17 -17 18 -15 -5 -2 -20 28 27 25 -1 -16 -24 29 -7
right_child=1 2 6 19 -6 22 -8 8 -10 10 -12 -13 13 14 26 16 -18 -19 21 -21 -22 -23 23 -25 -26 -27 -28 -29 -30 -31
leaf_value=-0.026409540428169842 -0.0091799002577317886 -0.012917534384515978 0.0010902026329631495 0.0046192962521708373 -0.010619855049064765 0.00016880974552864754 0.011853926653452022 -0.05151965156197548 -0.0058376003180940945 -0.020588956531091579 0.0029357581486692654 0.0035457266209183965 -0.003013183849187136 0.004745985159066394 0.0029705516919493677 -0.0013100891898336073 0.0016050010866537493 -0.0004168008422178329 0.0017871236518037757 0.00084687803044008461 -0.002534284548433346 -0.0083087813252265136 -0.047156428066747802 -0.0024607695791424664 -0.010028675499679049 -0.00035610052187565492 0.039103435644426865 -0.0053880701959133151 3.4761465101253825e-06 -0.0032271792668062079
leaf_weight=29 528 155 10647 2593 236 3371 191 20 45 102 80 2108 1827 2793 25 7820 4928 4849 12916 3586 4257 205 21 4996 217 25862 37 20 20153 4477
leaf_count=29 528 155 10647 2593 236 3371 191 20 45 102 80 2108 1827 2793 25 7820 4928 4849 12916 3586 4257 205 21 4996 217 25862 37 20 20153 4477
internal_value=-4.35192e-12 -0.000695544 0.000774997 0.000487291 0.000299298 -0.00113255 0.000966458 0.000775573 -0.0198936 0.000899638 -0.0102484 0.000339805 0.000229932 0.000742774 0.000947169 0.00090353 -0.000183201 0.00157076 0.00217637 0.00242996 -0.00326759 0.00162939 -0.000823325 -0.00265874 -0.000465435 -0.000385282 0.0245337 -0.0267816 -0.00049316 -0.00176848
internal_weight=119094 49063 11240 70031 63852 37823 11085 10894 65 10829 182 63616 61508 35400 33573 33511 12748 20763 15914 6179 4785 13121 33038 5037 26108 25891 62 41 28001 7848
internal_count=119094 49063 11240 70031 63852 37823 11085 10894 65 10829 182 63616 61508 35400 33573 33511 12748 20763 15914 6179 4785 13121 33038 5037 26108 25891 62 41 28001 7848
is_linear=0
shrinkage=0.05


Tree=89
num_leaves=31
num_cat=0
split_feature=9 8 11 11 4 2 10 7 6 7 8 11 8 9 10 7 5 6 0 9 0 1 6 10 0 4 6 7 12 7
split_gain=14.8466 18.5585 16.7662 15.7856 12.5075 9.72803 9.53422 8.93824 11.2155 12.3414 15.1867 16.1518 11.4959 8.91872 8.20984 8.35066 11.0392 8.04384 7.85281 7.86266 7.81754 8.35218 8.0423 7.91041 7.76051 7.72492 7.21375 7.92735 7.16992 7.14
threshold=0.53943950000000018 -0.6905742408661083 -0.142628 0.179837 -0.017696075113215522 0.050662992691769666 -0.30283649999999995 -1.0487833304030032 -0.79676610356634237 -2.8845356704526739 -1.826910546010672 0.093479000000000076 -2.8758850324419138 0.20534350000000004 -0.015364500000000001 -0.94895820425456201 -5.2394110555706908 -2.0299030339346014 0.099178479360018015 0.25270875000000009 -0.056497710710255548 -0.089455707232065015 -2.2376459068980616 0.1516815 0.0051597480911619318 -0.0065131717464908525 -2.0463109037914355 -2.7256352154060322 0.18253353331992675 -1.8510230782409842
decision_type=2 2 2 2 2 2 2 2 2 2 2 2 2 2 2 2 2 2 2 2 2 2 2 2 2 2 2 2 2 2
left_child=1 4 -3 -4 7 13 25 8 9 10 20 -12 -11 24 15 -7 -17 -9 -14 29 21 -1 23 -22 -6 -2 -16 -28 -8 -20
right_child=6 2 3 -5 5 14 28 17 -10 12 11 -13 18 -15 26 16 -18 -19 19 -21 22 -23 -24 -25 -26 -27 27 -29 -30 -31
leaf_value=0.0054093650588810443 -0.0027014654805961099 -0.046431894627986137 -0.0050540342141251141 -0.043948954098892434 -0.026048386541123576 -0.0035169413037413957 0.0015095263022734636 -0.0052168526855239181 -0.003509714774869996 -0.0013834113919066705 -0.0056159124606667355 -0.042938709600518155 0.0013950035838428572 -0.0011742728679264721 -0.00025485819755942244 -0.044702353187162307 -0.0045930670895835473 -0.00023570344650141687 -0.0027130917057508371 0.00012263596427588449 -0.00024521880152872605 0.00028861586566862119 -0.0058355325260112381 -0.0047709511289019775 -0.0085803169402149868 -0.027736417672713287 -0.013495660843671098 -0.0025504370299822185 0.0064120773924662006 -0.01445285824823199
leaf_weight=1172 831 27 771 27 78 1938 13323 1475 2007 5270 859 30 34521 370 11490 29 42 1799 577 5600 29667 2484 694 998 344 32 186 1496 790 167
leaf_count=1172 831 27 771 27 78 1938 13323 1475 2007 5270 859 30 34521 370 11490 29 42 1799 577 5600 29667 2484 694 998 344 32 186 1496 790 167
internal_value=3.3622e-12 -0.000211726 -0.00768114 -0.00637003 -0.000152068 -0.00143849 0.00147199 8.32504e-05 0.000183094 0.000273435 -0.000421728 -0.0068754 0.000814436 -0.00684076 -0.00115665 -0.00413395 -0.0209757 -0.00247981 0.00109787 -0.000518966 -0.000257875 0.00193017 -0.000512968 -0.00039251 -0.011809 -0.00362976 -0.000702548 -0.00376079 0.00178396 -0.00534823
internal_weight=119094 104118 825 798 103293 15973 14976 87320 84046 82039 35904 889 46135 792 15181 2009 71 3274 40865 6344 35015 3656 31359 30665 422 863 13172 1682 14113 744
internal_count=119094 104118 825 798 103293 15973 14976 87320 84046 82039 35904 889 46135 792 15181 2009 71 3274 40865 6344 35015 3656 31359 30665 422 863 13172 1682 14113 744
is_linear=0
shrinkage=0.05


Tree=90
num_leaves=31
num_cat=0
split_feature=9 11 6 5 8 11 9 6 7 11 11 7 8 0 9 5 7 6 10 2 10 8 8 7 8 9 8 7 6 0
split_gain=13.6362 14.8491 13.7451 11.5267 11.0395 10.3868 11.8658 10.9085 10.107 9.4947 9.43329 9.41069 9.80574 8.20528 8.20328 8.51002 8.23695 8.09945 8.30461 9.5596 8.36855 10.8183 11.3211 8.32712 7.92093 16.4196 7.69686 7.52923 10.2379 7.97177
threshold=0.41107725000000006 0.246304 -1.4356392944140268 -1.6480238611441647 -3.8312451440838529 -0.25466599999999995 1.2747032500000002 0.3563243666622285 -3.4179184222812018 0.46210699999999993 -0.040221500000000007 -1.9484207135663099 -1.4080615766522999 0.34040745046762683 0.12897725000000002 -5.6364458600858116 -2.0282236938335232 0.62208236359720115 -0.30283649999999995 -0.48597517956129066 0.13016300000000003 -1.68748720979725 -3.8663243179290334 -1.4930075024446945 -2.4506479057231552 0.5452435000000001 -1.0250093991921054 -1.2946581539450566 -4.4365515277367695 -0.056497710710255548
decision_type=2 2 2 2 2 2 2 2 2 2 2 2 2 2 2 2 2 2 2 2 2 2 2 2 2 2 2 2 2 2
left_child=1 2 4 -4 8 7 9 -2 10 17 -1 -8 -13 -14 15 16 -6 18 -7 23 -21 22 -22 -20 -11 -26 -19 29 -29 -16
right_child=5 -3 3 -5 14 6 11 -9 -10 24 -12 12 13 -15 27 -17 -18 26 19 20 21 -23 -24 -25 25 -27 -28 28 -30 -31
leaf_value=-0.009371969603857928 -0.0029331104854958979 -0.014000338023043983 -0.004473247922631228 0.00032468465913108456 -0.01969191254251787 -0.0036088171905968359 -0.011169403212387926 -0.032099261146151657 -0.015976801477937085 0.0021449929784672955 -0.0013670926636389282 0.044466986669146502 0.0066111303360005952 0.027841383952181789 0.0013377323154748835 0.0044358782779033252 0.0017491045622302901 -0.018772726722749041 -0.0026485339289363703 0.0014118178009736887 0.028163580549880864 0.00087796457508586626 -0.0066099011999959561 0.0077136826133594296 -0.05474857896388996 -0.0084275631005550893 -0.0024225538247727805 -0.014696458750542188 -0.0018619838883637857 -8.3846285641431484e-05
leaf_weight=398 1124 198 3449 1965 155 882 46 33 132 150 4889 23 243 56 11724 95 63 84 242 24591 24 1686 946 975 21 215 503 169 1928 62085
leaf_count=398 1124 198 3449 1965 155 882 46 33 132 150 4889 23 243 56 11724 95 63 84 242 24591 24 1686 946 975 21 215 503 169 1928 62085
internal_value=1.31903e-12 -0.000323224 -0.000292115 -0.00273185 -0.000130319 0.000885607 0.00106095 -0.00376499 -0.00231089 0.00095263 -0.00196969 0.00998525 0.0130073 0.0105874 2.47147e-05 -0.00805318 -0.0134957 0.00105311 0.00116943 0.00131749 0.00112384 -0.00154247 -0.00574953 0.00565316 -0.00683911 -0.0125493 -0.00476227 5.8024e-05 -0.00289633 0.000141961
internal_weight=119094 87250 87052 5414 81638 31844 30687 1157 5419 30319 5287 368 322 299 76219 313 218 29933 29346 28464 27247 2656 970 1217 386 236 587 75906 2097 73809
internal_count=119094 87250 87052 5414 81638 31844 30687 1157 5419 30319 5287 368 322 299 76219 313 218 29933 29346 28464 27247 2656 970 1217 386 236 587 75906 2097 73809
is_linear=0
shrinkage=0.05


Tree=91
num_leaves=31
num_cat=0
split_feature=4 2 4 11 7 5 3 1 2 12 3 6 6 1 11 12 7 8 7 2 6 4 11 10 7 10 4 7 11 9
split_gain=12.8945 12.0973 13.9525 10.8777 13.7887 18.2274 14.7389 9.58576 12.2044 9.06874 8.89018 17.4527 8.65153 7.44337 7.3874 7.97294 7.88125 7.76253 14.7777 7.27059 10.0708 7.61056 7.12211 7.10406 7.09126 7.06716 6.37596 10.2038 9.52122 7.706
threshold=-0.010751597635717201 0.21750925323772222 -0.18669959579734194 -0.098558999999999966 -2.2113945094984033 -5.7951803236171813 0.23534228984568897 0.012296882125627075 0.019461185750512814 0.18253353331992675 0.071059856863635598 -6.4665603489108898 -5.1370560909158876 1.0775296848187803 0.100952 -0.13574949380769871 0.39437584531971381 -1.3326263584484193 -1.4930075024446945 0.050662992691769666 -7.1583493145329467 -0.069572581830287847 -0.21103749999999996 0.21790900000000005 -4.577970417832244 0.31615150000000009 -0.65233439311274211 0.39437584531971381 -0.3373894999999999 0.32717525000000003
decision_type=2 2 2 2 2 2 2 2 2 2 2 2 2 2 2 2 2 2 2 2 2 2 2 2 2 2 2 2 2 2
left_child=1 2 24 4 12 6 -6 8 -5 10 11 -3 22 23 15 -9 17 18 -16 20 -4 25 -2 -13 -1 -21 29 28 -28 -26
right_child=3 9 19 7 5 -7 -8 14 -10 -11 -12 13 -14 -15 16 -17 -18 -19 -20 21 -22 -23 -24 -25 26 -27 27 -29 -30 -31
leaf_value=-0.013761787383392564 -0.0037772221415902358 -0.038949914397671821 0.018949713485856209 -0.043716791847075984 -0.023242986698945367 -0.007720118153485514 -0.081360630318522462 -0.00085930112891283595 -0.0072698172711327599 0.010553212992856447 0.0017861541794353939 -0.000611189539336692 0.0020445411789673149 0.015730606024975287 -0.0050789602906381225 0.02539108577344952 -0.033778685940286289 0.0085976495832940682 -0.036433556278990135 0.0012117431710989227 -0.0012253537785038777 -0.00072161468157801775 -0.030173952413841767 -0.014838200082174605 -0.0062415690058684452 -0.012420228017920939 -0.0088522708196984313 -0.0091667351553259141 0.00069642576416131905 0.0047642579263807352
leaf_weight=85 56 30 62 26 24 63 20 11322 197 264 14200 3501 198 68 357 29 26 81 42 9871 26414 14215 47 90 177 96 263 268 35434 1568
leaf_count=85 56 30 62 26 24 63 20 11322 197 264 14200 3501 198 68 357 29 26 81 42 9871 26414 14215 47 90 177 96 263 268 35434 1568
internal_value=-4.06674e-13 0.000178067 -6.32248e-05 -0.0015201 -0.00954974 -0.0249665 -0.0496601 -0.0012489 -0.0115192 0.00135379 0.00121803 -0.000968834 -0.00406937 -0.000657429 -0.00105574 -0.000792236 -0.00696687 -0.00551456 -0.00837944 -0.000605642 -0.00117811 2.11323e-05 -0.0158223 -0.000967756 0.000663796 0.00108044 0.000696312 0.000553102 0.000626075 0.00364791
internal_weight=119094 106606 88453 12488 408 107 44 12080 223 18153 17889 3689 301 3659 11857 11351 506 480 399 50658 26476 24182 103 3591 37795 9967 37710 35965 35697 1745
internal_count=119094 106606 88453 12488 408 107 44 12080 223 18153 17889 3689 301 3659 11857 11351 506 480 399 50658 26476 24182 103 3591 37795 9967 37710 35965 35697 1745
is_linear=0
shrinkage=0.05


Tree=92
num_leaves=31
num_cat=0
split_feature=0 3 2 2 11 11 4 6 8 5 2 9 2 8 9 7 0 9 7 2 8 7 6 6 11 3 5 6 1 11
split_gain=12.1075 10.7756 10.2672 10.1926 10.9327 10.6697 11.3425 12.1922 8.79392 8.33945 7.36105 7.24844 7.30492 7.22847 7.50948 6.87389 13.5263 6.79513 6.72484 6.72044 10.7203 6.68083 17.0745 7.86472 7.83015 14.688 13.4405 11.009 9.46071 7.84563
threshold=-0.023330212100466981 -0.41183843067697518 0.16158051479468219 0.91702592214066725 0.067059500000000008 -0.052136499999999995 -0.0037621379170540976 -5.1370560909158876 -0.86040030167634651 -3.9165648608559835 0.75053427322434352 1.2747032500000002 0.11684241831300658 -3.5968073164518257 0.19578450000000006 -4.685992601504112 0.0015722619911893167 0.20002825000000002 -4.685992601504112 0.32515552765600603 -2.2343924503364572 -1.0487833304030032 -1.8153849622540792 0.3563243666622285 0.0069909999999999981 -0.20603058846112501 -2.1034966267420745 -2.0463109037914355 -0.041921071058015007 -0.25466599999999995
decision_type=2 2 2 2 2 2 2 2 2 2 2 2 2 2 2 2 2 2 2 2 2 2 2 2 2 2 2 2 2 2
left_child=1 -1 21 4 5 6 10 -8 -9 -6 13 17 -13 18 19 16 -16 -7 -2 20 -15 24 -23 -24 25 29 27 -26 -28 -3
right_child=3 2 -4 -5 9 11 7 8 -10 -11 -12 12 -14 14 15 -17 -18 -19 -20 -21 -22 22 23 -25 26 -27 28 -29 -30 -31
leaf_value=0.0040836397515902302 0.0040577392832472411 -0.017235375074669719 0.0024508504675901962 0.0036737735046937408 -0.005507212998415347 -0.0011964902603988066 -0.026678848063706292 -0.0030180082437940518 -0.035273509401747068 -0.0011520734659095332 0.016115265914745498 0.041488006196561317 0.0011077776764674733 0.012127182741953742 0.0028721572991845939 -0.0015612652595097521 -0.048472869005459163 0.00011394780594542944 -0.011583737933076207 0.035242621702226723 -0.026389954780990429 -0.0071945199628517878 0.0024049758821647672 -0.0051567057672799099 -0.00070302821168619686 0.00044814539911142853 0.0046296757421997493 -0.0052895045445543959 -0.0025711401379329996 0.0051061396842003934
leaf_weight=2234 87 40 5770 1537 1752 12065 91 260 23 2950 57 21 24 101 29 4815 23 54937 327 22 22 1059 1513 445 4406 18208 1535 1861 649 2231
leaf_count=2234 87 40 5770 1537 1752 12065 91 260 23 2950 57 21 24 101 29 4815 23 54937 327 22 22 1059 1513 445 4406 18208 1535 1861 649 2231
internal_value=2.81453e-12 0.00070957 0.000509722 -0.000358188 -0.000438041 -0.000287328 -0.00233388 -0.0107587 -0.00563948 -0.00277483 -0.00175921 -0.000108549 0.0199519 -0.00194698 -0.00142248 -0.00175654 -0.0198381 -0.000122022 -0.00829676 0.00979037 0.00523794 0.000159132 -0.00207988 0.000686412 0.00039263 0.000921052 -0.000887875 -0.00206499 0.00248987 0.00471263
internal_weight=119094 39951 37717 79143 77606 72904 5857 374 283 4702 5483 67047 45 5426 5012 4867 52 67002 414 145 123 31947 3017 1958 28930 20479 8451 6267 2184 2271
internal_count=119094 39951 37717 79143 77606 72904 5857 374 283 4702 5483 67047 45 5426 5012 4867 52 67002 414 145 123 31947 3017 1958 28930 20479 8451 6267 2184 2271
is_linear=0
shrinkage=0.05


Tree=93
num_leaves=31
num_cat=0
split_feature=12 7 11 5 11 1 10 10 0 10 7 3 9 9 12 6 10 11 2 3 1 7 6 11 3 6 8 10 2 3
split_gain=11.3064 20.8667 11.6533 15.9216 11.3657 10.5771 9.46815 8.98157 12.6299 15.1232 8.8229 9.75604 8.61056 8.59218 8.10497 7.60478 11.1968 7.56115 7.52471 8.46946 7.51137 8.53922 12.8794 11.655 7.41375 8.67037 7.25695 7.24224 7.23884 7.16219
threshold=-0.8557987703655332 1.0000000180025095e-35 0.0057535000000000095 -1.6778835974049029 0.179837 -0.10285524694283819 -0.64096399999999998 0.020905499999999997 0.048236721631792719 0.099371999999999988 -0.75082161473017284 0.068124899917859652 0.25489350000000005 0.34038100000000004 0.18253353331992675 -1.166752840638609 0.39555950000000006 0.14251800000000001 0.43371694917124642 -0.070860581380115292 -0.040386119156782356 -3.028284779829066 -3.8462830960347123 -0.0063735000000000033 0.14811503188031996 -6.4665603489108898 -3.4893956424824988 0.19827750000000008 -0.41656875787820907 0.50948521560783611
decision_type=2 2 2 2 2 2 2 2 2 2 2 2 2 2 2 2 2 2 2 2 2 2 2 2 2 2 2 2 2 2
left_child=1 2 7 4 -4 -5 -2 18 9 13 11 17 -6 20 -13 16 -12 -8 19 -1 -9 28 23 -23 25 -10 -11 -16 -22 -14
right_child=6 -3 3 5 12 -7 10 8 24 26 15 14 29 -15 27 -17 -18 -19 -20 -21 21 22 -24 -25 -26 -27 -28 -29 -30 -31
leaf_value=0.00084437266803120059 -0.0094797194855627265 -0.0084307607024323057 -0.0010959910902895123 0.0053506331107535179 -0.02544453895830533 0.00030451894921914847 -0.00016893197339899689 -0.00045226297579857837 -0.027048833119316086 -0.009300734597790454 0.0015230815375242381 0.0022753243962415487 -0.0041361552621418203 0.0031359364008600207 0.0060127702758957947 0.0059009821180085924 -0.029490829147398475 -0.0075725229309731301 0.0028417494615637496 -0.00094971316089611331 -0.026093211673200129 0.014292844100166933 0.0022700334020362744 0.0022759425444772506 0.000987990038305502 -0.0013654540082717822 -0.0013917851534902988 0.026840150704811095 0.00085549879077181793 -0.020669597347962185
leaf_weight=8955 181 752 28603 1458 57 3609 2143 5301 33 350 972 1934 846 7570 120 2070 30 411 1803 24785 25 471 3933 353 5028 7769 1693 64 7704 71
leaf_count=8955 181 752 28603 1458 57 3609 2143 5301 33 350 972 1934 846 7570 120 2070 30 411 1803 24785 25 471 3933 353 5028 7769 1693 64 7704 71
internal_value=-1.23575e-13 -0.000130076 -7.35433e-05 -0.000833203 -0.00127686 0.00175651 0.00182465 0.000273779 0.00078545 0.00139167 0.00208887 0.000720345 -0.00658836 0.0017251 0.00322936 0.00417016 0.000594521 -0.00136035 -0.000305366 -0.000473541 0.00112466 0.00179415 0.00346087 0.00914483 -0.000509214 -0.00147409 -0.00274672 0.0132571 0.000768331 -0.00541628
internal_weight=119094 111169 110417 34644 29577 5067 7925 75773 40230 27400 7744 4672 974 25357 2118 3072 1002 2554 35543 33740 17787 12486 4757 824 12830 7802 2043 184 7729 917
internal_count=119094 111169 110417 34644 29577 5067 7925 75773 40230 27400 7744 4672 974 25357 2118 3072 1002 2554 35543 33740 17787 12486 4757 824 12830 7802 2043 184 7729 917
is_linear=0
shrinkage=0.05


Tree=94
num_leaves=31
num_cat=0
split_feature=4 10 2 2 5 11 11 6 3 11 11 9 11 7 5 4 11 9 3 0 1 6 12 11 10 6 6 2 7 7
split_gain=10.8142 10.6285 10.3791 9.9867 13.0054 9.40572 9.39655 15.476 10.2677 9.53338 8.81656 10.8523 10.2361 8.10905 8.46074 9.87988 7.86013 8.5375 8.17199 7.66658 8.11276 7.31984 7.16897 10.6694 11.0766 7.85099 7.07833 6.89336 8.30669 6.68871
threshold=-0.0086326772506141718 0.01736399999999998 0.51285470085470097 0.034989850590293588 -9.5129067481309963 -0.0075344999999999987 -0.10674599999999997 -0.34162466378050754 0.46217482500170654 -0.21103749999999996 -0.045346499999999977 0.37613750000000007 0.00056100000000001992 0.39437584531971381 -1.7640124196234876 -0.48495849003814712 0.100952 0.6417067500000001 -0.17429749623027771 -0.080465937360371872 0.14356955515846984 -5.6336323981550338 0.18253353331992675 -0.00037049999999999578 0.13598200000000008 1.0000000180025095e-35 -4.1079485167645347 0.47800371077540821 -2.0418688399530955 0.39437584531971381
decision_type=2 2 2 2 2 2 2 2 2 2 2 2 2 2 2 2 2 2 2 2 2 2 2 2 2 2 2 2 2 2
left_child=1 2 5 4 -2 19 7 8 27 -10 -3 12 -12 26 15 -15 17 18 -8 -1 -21 -4 -13 24 -24 -25 -7 28 -5 -18
right_child=3 10 21 6 -6 13 16 -9 9 -11 11 22 -14 14 -16 -17 29 -19 -20 20 -22 -23 23 25 -26 -27 -28 -29 -30 -31
leaf_value=0.0019286783941055916 -0.044829122446201464 -0.0020521087027789526 0.030768943244280918 -0.0017324447370073678 -0.0075176574153868712 -0.0035328126228809393 -0.021732248453066705 -0.05238274399191141 -0.0043754169208114037 -0.042134530177073824 0.000933197633470634 0.001474105836773227 -0.00061381712864612588 -0.012111020558513701 -0.0011081108443191155 -0.053237552864922461 -0.0058692009968781588 0.0098507794407121652 -0.00083395348409677744 -0.00089762382777949378 0.0019792410894708384 0.0029577845862006902 0.0046810464560985568 0.00087311822835508049 0.055558983860132485 0.018508983038311059 -0.00093823229476597964 0.018940869362696129 -0.034394689155107537 -0.031945574491356425
leaf_weight=4290 27 3127 24 169 173 3257 47 20 32 35 22923 20634 20041 40 62 23 454 187 9924 14925 2932 1667 20 245 23 85 13626 34 22 26
leaf_count=4290 27 3127 24 169 173 3257 47 20 32 35 22923 20634 20041 40 62 23 454 187 9924 14925 2932 1667 20 245 23 85 13626 34 22 26
internal_value=-4.98831e-13 0.00015313 -0.000482767 -0.00148246 -0.0125547 -0.000648403 -0.00128023 -0.00983286 -0.00691849 -0.0241003 0.000540234 0.000666951 0.000211577 -0.00153271 -0.0142209 -0.0271255 -0.00102939 -0.000733951 -0.000932461 3.07098e-05 -0.000425262 0.0033525 0.00159829 0.00846824 0.0318948 0.00541569 -0.00143877 -0.00180212 -0.00549459 -0.00728167
internal_weight=119094 107944 40846 11150 200 39155 10950 312 292 67 67098 63971 42964 17008 125 63 10638 10158 9971 22147 17857 1691 21007 373 43 330 16883 225 191 480
internal_count=119094 107944 40846 11150 200 39155 10950 312 292 67 67098 63971 42964 17008 125 63 10638 10158 9971 22147 17857 1691 21007 373 43 330 16883 225 191 480
is_linear=0
shrinkage=0.05


Tree=95
num_leaves=31
num_cat=0
split_feature=8 9 0 10 11 12 6 1 1 1 1 10 1 7 5 11 3 7 10 10 5 1 10 9 1 3 8 11 8 5
split_gain=10.0296 9.84846 9.38086 10.7357 10.0728 9.76126 9.23633 11.045 8.76479 8.39372 8.4187 8.04056 8.71734 8.40184 7.46651 9.45597 8.69089 8.68529 6.95244 6.85842 6.82637 6.59466 6.57905 7.53589 9.38908 9.4039 8.92682 12.2411 6.6773 6.35569
threshold=-3.8312451440838529 0.11506975000000001 0.051948937345719488 0.020581500000000006 -0.25466599999999995 0.18253353331992675 1.0000000180025095e-35 0.56364310769597137 0.13719945074572362 0.36045537853577031 0.027011304444378496 0.05256000000000003 -0.069498467621792001 -3.431043439783291 -1.0662737017425312 0.0080495000000000028 -0.13036616231451834 -0.70053649234536841 0.39555950000000006 0.016201499999999997 0.6378341227465022 0.20645283905105985 0.089763999999999969 0.3053860000000001 -0.040386119156782356 -0.011668658102071404 -2.9381743552183344 -0.022192500000000028 -3.0846509587925874 -6.8179831842828946
decision_type=2 2 2 2 2 2 2 2 2 2 2 2 2 2 2 2 2 2 2 2 2 2 2 2 2 2 2 2 2 2
left_child=8 -2 3 -3 6 9 7 -4 11 10 -6 13 -13 19 15 16 -5 22 -11 -1 -7 -17 23 24 28 -26 27 -25 -18 -14
right_child=1 2 4 14 5 20 -8 -9 -10 18 -12 12 29 -15 -16 21 17 -19 -20 -21 -22 -23 -24 26 25 -27 -28 -29 -30 -31
leaf_value=-0.0034641650985506298 -0.0100367483304946 -0.00026237609449415516 -0.0095650480653539111 0.00322969281608621 0.00044066814983265016 0.0059649872901027514 -0.039835842083329742 0.028012938220940888 0.0065822013767935193 0.0019963432858121338 -0.0013685783933572772 0.019199332361264778 -0.0015558710902882349 -0.014096301418634594 0.0032656748749807264 -0.00061264851124841159 0.0016060459049662393 -0.0077157584334330252 -0.021064032546498562 0.00047142227406041682 0.032220261049008485 0.0034241953548979488 -0.0016708226341208537 -0.002104830672518195 0.0051419956482164379 0.00070442021659243602 0.002012515356780876 0.013163795142535526 -0.0032113058675884267 -0.011466735600030493
leaf_weight=2054 239 32900 284 4745 9196 298 23 21 279 3421 21374 30 238 133 3164 13152 1038 290 33 2401 27 1096 2110 192 1383 8730 6980 415 2343 505
leaf_count=2054 239 32900 284 4745 9196 298 23 21 279 3421 21374 30 238 133 3164 13152 1038 290 33 2401 27 1096 2110 192 1383 8730 6980 415 2343 505
internal_value=6.01068e-12 0.000102305 0.000123709 0.000426136 -0.000561241 -0.000477968 -0.00928179 -0.00697771 -0.00205796 -0.000560347 -0.000824325 -0.00250762 -0.00722512 -0.0017128 0.000922477 0.000747926 0.00127797 0.000883572 0.00177602 -0.0013431 0.00814619 -0.000302122 0.000991105 0.00125754 0.000548685 0.00131128 0.00251828 0.00833418 -0.00173233 -0.00829206
internal_weight=119094 113454 113215 78538 34677 34349 328 305 5640 34024 30570 5361 773 4588 45638 42474 28226 23481 3454 4455 325 14248 23191 21081 13494 10113 7587 607 3381 743
internal_count=119094 113454 113215 78538 34677 34349 328 305 5640 34024 30570 5361 773 4588 45638 42474 28226 23481 3454 4455 325 14248 23191 21081 13494 10113 7587 607 3381 743
is_linear=0
shrinkage=0.05


Tree=96
num_leaves=31
num_cat=0
split_feature=3 4 2 10 8 11 11 5 9 2 5 7 3 10 6 9 2 11 1 0 7 11 11 9 11 3 8 11 9 3
split_gain=9.54091 9.73319 10.054 9.51556 8.93691 8.91022 10.1203 10.8617 10.7643 8.37864 11.5693 8.0763 8.87987 7.80985 8.43538 11.2411 8.26541 7.71839 7.5111 7.63399 11.4187 7.41886 7.07743 7.64931 10.1048 10.3641 6.80718 6.78603 6.77572 6.69118
threshold=0.91406120760959486 -0.0086326772506141718 2.0011737089201884 0.01736399999999998 0.61515601233369199 -0.045346499999999977 -0.0041425000000000203 -1.8180403464516086 1.0889377500000001 0.034989850590293588 -9.0795883582492447 -4.316549177640419 0.58388018148071785 0.079030500000000004 -3.1378243961214709 0.27453375000000008 -0.11949512370819819 0.1583495 0.059669843441053423 0.01404838186071722 -3.1822187350876967 -0.0075344999999999987 0.024975500000000015 0.6417067500000001 -0.054970499999999985 0.3474079447001362 -1.6723803307594418 -0.01348200000000002 1.2747032500000002 -0.17429749623027771
decision_type=2 2 2 2 2 2 2 2 2 2 2 2 2 2 2 2 2 2 2 2 2 2 2 2 2 2 2 2 2 2
left_child=1 2 3 11 9 -5 8 17 13 10 -3 12 26 14 16 -16 -7 28 -18 20 -20 -13 23 24 25 -11 -1 -25 -8 -26
right_child=-2 4 -4 5 -6 6 7 -9 -10 22 -12 21 -14 -15 15 -17 18 -19 19 -21 -22 -23 -24 27 29 -27 -28 -29 -30 -31
leaf_value=-0.0043924234582547184 0.0021112685507144015 -0.04143737166055611 0.019710578139011677 -0.0022761766561574756 -0.029263784686215866 0.0064574128329052448 -0.00019193263438745957 0.001956607608483628 0.03037042070645839 -0.0033728287698892509 -0.0067515191938454181 0.00016396257594440548 0.028444497552700343 -0.0013773938069876204 -0.0018617699798554313 0.0017299160476123773 0.00086178955912694923 -0.0044986809466228492 0.0029503131173714411 0.0021109257695580588 0.012646302224333479 -0.0012466839204193089 -0.004298756725405019 0.0046975257696191732 -0.024033217408383888 -0.020199623279086157 -0.02400954679950424 0.032781813908368353 0.023195371764802165 -0.00037578213164994682
leaf_weight=1144 5121 28 65 2936 29 1315 31548 6306 32 321 170 21557 20 2348 3023 7798 4558 1064 711 2025 530 16420 1626 76 30 128 46 30 31 8058
leaf_count=1144 5121 28 65 2936 29 1315 31548 6306 32 321 170 21557 20 2348 3023 7798 4558 1064 711 2025 530 16420 1626 76 30 128 46 30 31 8058
internal_value=4.9947e-13 -9.48629e-05 5.22961e-05 3.99398e-05 -0.00154566 0.000414585 0.000543484 5.68882e-05 0.00139185 -0.00146886 -0.0116566 -0.00057408 -0.00459544 0.00135028 0.00167115 0.000726528 0.00278962 -0.000310101 0.00217317 0.00400332 0.00709123 -0.000445954 -0.00127243 -0.000703091 -0.000868839 -0.00816978 -0.00515073 0.0126459 -0.000168974 -0.000463532
internal_weight=119094 113973 103477 103412 10496 64225 61289 38949 22340 10467 198 39187 1210 22308 19960 10821 9139 32643 7824 3266 1241 37977 10269 8643 8537 449 1190 106 31579 8088
internal_count=119094 113973 103477 103412 10496 64225 61289 38949 22340 10467 198 39187 1210 22308 19960 10821 9139 32643 7824 3266 1241 37977 10269 8643 8537 449 1190 106 31579 8088
is_linear=0
shrinkage=0.05


Tree=97
num_leaves=31
num_cat=0
split_feature=9 8 11 11 6 8 1 0 10 9 2 5 7 10 1 5 7 0 11 3 1 10 2 4 1 6 1 3 3 10
split_gain=9.13345 15.0095 13.7667 13.0461 9.03615 8.19429 8.22433 7.93925 9.2933 7.57149 7.4863 7.01412 8.7376 8.27038 7.02391 6.76721 6.7268 7.2443 6.93931 7.2336 7.26384 6.61483 6.4765 6.74515 8.26868 6.29545 6.21538 6.15172 13.9373 7.75132
threshold=0.53943950000000018 -0.6905742408661083 -0.142628 0.179837 -0.13093745654751734 -4.0119331409987975 -0.027668660072697911 0.046485042986332721 0.026879500000000004 0.12897725000000002 0.55825240584291658 -1.0662737017425312 -1.9339951925836005 0.076272499999999979 0.12874465876447841 -3.4793210664385446 -1.0487833304030032 -0.084239130434782525 -0.0056454999999999969 -0.27949307137338314 -0.030825978666955408 -0.30283649999999995 0.35340766221973868 -0.0079152880845630418 0.057017997455066867 -0.93980368199132125 -0.049888210586948582 -0.035825952501987827 -0.095514536003080505 -0.087246499999999991
decision_type=2 2 2 2 2 2 2 2 2 2 2 2 2 2 2 2 2 2 2 2 2 2 2 2 2 2 2 2 2 2
left_child=1 4 -3 27 5 6 15 8 9 22 -9 13 -13 -10 -15 -1 17 18 19 -11 -21 26 23 24 -7 -18 -2 28 -4 -29
right_child=21 2 3 -5 -6 7 -8 10 11 16 -12 12 -14 14 -16 -17 25 -19 -20 20 -22 -23 -24 -25 -26 -27 -28 29 -30 -31
leaf_value=0.0074942462891848423 0.0010080318544621839 -0.041997142232678558 -0.0062580955416482887 -0.039858169022395661 -0.0042338755247192895 0.0021822081828439558 -0.0034816008108864236 -0.00082255259514098374 0.0011535906217096392 0.01075801170089213 0.0026019977585396829 0.00027032461355097523 0.0076871837465245663 -0.0015915703647651812 0.0029905108186257003 -0.0090412506851815181 -0.0063786797379081234 -0.00043097673680650536 -0.00067805561272247942 0.00083463166399908029 0.0064321066918011736 0.0014143889461931845 -0.034907309481730833 0.017511387300592932 -0.031974572743124825 0.008975844875070884 -0.0074832585837906439 0.020986847719177606 -0.041801301787296935 -0.0024803205091706738
leaf_weight=315 446 27 342 27 1313 37 2829 29546 25670 276 1687 758 834 5302 993 77 682 27733 2085 2215 785 14113 26 22 34 74 417 39 30 360
leaf_count=315 446 27 342 27 1313 37 2829 29546 25670 276 1687 758 834 5302 993 77 682 27733 2085 2215 785 14113 26 22 34 74 417 39 30 360
internal_value=6.72725e-13 -0.000166065 -0.00688343 -0.00569537 -0.000112413 -5.93492e-05 -0.00254112 2.15931e-05 0.000326483 -0.000256519 -0.000637581 0.000916642 0.00415579 0.000755318 -0.000868773 0.0042462 -0.000212258 -0.000105726 0.00157683 0.00301194 0.0022993 0.00115454 -0.0128465 -0.00667896 -0.0141746 -0.00487572 -0.00309494 -0.00449901 -0.00912448 -0.000186537
internal_weight=119094 104118 825 798 103293 101980 3221 98759 67526 33969 31233 33557 1592 31965 6295 392 33850 33094 5361 3276 3000 14976 119 93 71 756 863 771 372 399
internal_count=119094 104118 825 798 103293 101980 3221 98759 67526 33969 31233 33557 1592 31965 6295 392 33850 33094 5361 3276 3000 14976 119 93 71 756 863 771 372 399
is_linear=0
shrinkage=0.05


Tree=98
num_leaves=31
num_cat=0
split_feature=4 3 1 7 11 8 6 5 6 1 11 10 4 1 8 1 4 0 1 0 2 7 4 8 6 0 8 5 2 1
split_gain=8.52316 10.3162 11.2198 11.7962 14.5754 9.7538 9.12386 9.0637 8.95596 10.2256 9.0989 8.29626 7.6134 7.54168 6.55619 6.51399 9.80276 7.41626 8.38954 7.96377 7.32528 9.71775 9.9396 6.96071 6.46606 7.18513 6.20451 6.14399 6.04961 7.3341
threshold=-0.23591561597697316 0.19847921259445614 1.0775296848187803 -1.1132352349693699 0.31141999999999997 -4.4489592662414834 -1.1338114527935306 -9.7602806985147534 -5.6336323981550338 -0.003074223212967075 0.019169000000000009 0.39555950000000006 -0.10092156717504412 0.02308730599987863 -3.7026606028262194 0.0849245911192167 -0.019120141510051255 0.040310177771196283 0.16921521441865242 0.19397283332028495 0.054600642462499745 -5.0861548832608099 -0.10472016415457029 -4.0661345542802385 1.0000000180025095e-35 0.39933890765301921 -1.5483174794385079 -6.1981213154076844 0.23185215570524267 0.22847422930474162
decision_type=2 2 2 2 2 2 2 2 2 2 2 2 2 2 2 2 2 2 2 2 2 2 2 2 2 2 2 2 2 2
left_child=14 2 3 6 11 7 15 -3 9 -9 -10 26 -6 -11 27 16 20 -17 -19 -20 21 -2 -23 -22 28 -26 -5 -1 29 -7
right_child=1 5 -4 4 12 24 -8 8 10 13 -12 -13 -14 -15 -16 17 -18 18 19 -21 23 22 -24 -25 25 -27 -28 -29 -30 -31
leaf_value=0.0052570852510292424 0.015002333062515664 -0.024166826007248305 0.0159298584698515 -0.0093150008062051759 -0.055373403115663682 0.00021357868690783716 -0.0043957763925514225 0.026386768862957488 -0.0067203866223352823 -0.011072419748148498 -0.037315686195506716 -0.035351343444060712 -0.015804996302411441 0.011039682696836311 0.0007729179322017467 0.0017862490052712886 -0.0038628845594471869 -0.0019105748278108803 0.0021522143309994136 -0.0041755735351600588 -0.006468866830630882 -0.00046376211888608012 -0.0027820955279446542 0.00088216477833069423 -0.0077903853937452616 0.0095301297585579717 -0.0018444622438615679 -0.014724701294107946 0.0013052207469853119 -0.0039625988867366896
leaf_weight=55 93 67 101 370 20 20896 1545 37 101 102 32 21 31 62 30597 5748 2544 4862 3314 585 335 14651 6755 8318 414 70 1117 128 15016 1107
leaf_count=55 93 67 101 370 20 20896 1545 37 101 102 32 21 31 62 30597 5748 2544 4862 3314 585 335 14651 6755 8318 414 70 1117 128 15016 1107
internal_value=-4.33435e-12 -0.000249715 -0.000718312 -0.000751735 -0.00503311 0.00037349 -0.000614819 -0.00738318 -0.0040164 0.0026437 -0.0140817 -0.00414403 -0.031322 -0.00271297 0.000716483 -0.00049107 -0.000882335 0.000390645 -0.000524996 0.0012028 -0.000630858 -0.00112528 -0.00119535 0.00059757 0.000456428 -0.00528535 -0.00370331 -0.00871925 0.000531498 3.46968e-06
internal_weight=119094 88314 50410 50309 1559 37904 48750 401 334 201 133 1508 51 164 30780 47205 32696 14509 8761 3899 30152 21499 21406 8653 37503 484 1487 183 37019 22003
internal_count=119094 88314 50410 50309 1559 37904 48750 401 334 201 133 1508 51 164 30780 47205 32696 14509 8761 3899 30152 21499 21406 8653 37503 484 1487 183 37019 22003
is_linear=0
shrinkage=0.05


Tree=99
num_leaves=31
num_cat=0
split_feature=10 6 9 8 10 6 0 6 4 3 4 11 9 9 11 11 8 11 8 6 6 11 1 9 3 11 6 0 6 7
split_gain=8.25235 14.8226 10.1547 19.0895 16.7659 10.0015 9.34594 9.02882 9.00513 12.9056 14.1592 8.09732 8.62794 7.63592 10.0415 9.10047 13.3716 12.4131 12.5406 9.63349 9.20592 8.62262 7.8191 7.64926 7.09351 6.8973 11.493 7.41342 6.47098 7.71827
threshold=-0.0017849999999999808 -4.0153366605784315 0.55698425000000007 -0.64066151485626388 0.18392850000000002 1.0943468274178154 0.39933890765301921 -1.0629449641063478 -0.65233439311274211 -0.051251147363500719 -0.38010381399692861 -0.142628 1.2747032500000002 0.23371800000000004 0.129186 -0.028130499999999944 -3.2045494110991251 0.0046194999999999995 -3.0846509587925874 -5.9227674387528646 -6.4665603489108898 -0.024176 -0.091652106725727808 0.23799825000000005 1.2687836021505379 0.11810349999999999 -1.166752840638609 0.34040745046762683 -2.9196200420696781 -3.284553027179459
decision_type=2 2 2 2 2 2 2 2 2 2 2 2 2 2 2 2 2 2 2 2 2 2 2 2 2 2 2 2 2 2
left_child=1 24 3 7 6 -3 -5 13 -7 10 -10 -4 -13 14 21 16 23 18 22 -18 -20 -2 -17 -15 -1 -14 -27 -28 -23 -30
right_child=2 5 11 4 -6 8 -8 -9 9 -11 -12 12 25 15 -16 17 19 -19 20 -21 -22 28 -24 -25 -26 26 27 -29 29 -31
leaf_value=-0.0032563565331652556 0.0034327185481183805 -0.00011046979935286587 -0.0052626219321176282 -0.0093306943731840449 -0.036857112362980844 0.0099911254977009135 0.010042028223508843 -0.0021849624931470353 -0.013361513910486417 -0.0033918121579422883 -0.061375341687484514 0.0018682791907800472 0.018775175016689637 -0.031465052822193897 -0.017987643420219242 0.01207792276647378 -0.029746279692543405 -0.00019469470388359315 0.02445727964597089 -0.00033071187189109727 0.001029539657797297 -0.00031710916825412622 0.0035880234187163698 -0.0070471959382434656 0.02586150729940051 -0.020700283071680651 0.003291782032123164 0.038589840198290495 -0.0069017866192199523 -0.0013741129918258988
leaf_weight=5240 1340 22874 386 423 50 35 73 4040 34 67 28 8404 138 34 82 299 28 19600 42 4683 25932 18092 2917 566 21 37 51 21 821 2736
leaf_count=5240 1340 22874 386 423 50 35 73 4040 34 67 28 8404 138 34 82 299 28 19600 42 4683 25932 18092 2917 566 21 37 51 21 821 2736
internal_value=-9.33881e-13 -0.00074552 0.000232364 5.65631e-05 -0.0092613 -0.000198683 -0.00647947 0.000119208 -0.0125022 -0.0186051 -0.0350452 0.00182284 0.00213898 0.000239833 -0.00052179 0.000564622 -0.00140089 0.000778577 0.00143209 -0.000505544 0.00106742 -0.000459491 0.00437735 -0.00843087 -0.00314013 0.0113495 0.00194823 0.013587 -0.000700406 -0.00264997
internal_weight=119094 28299 90795 81758 546 23038 496 81212 164 129 62 9037 8651 77172 23071 54101 5311 48790 29190 4711 25974 22989 3216 600 5261 247 109 72 21649 3557
internal_count=119094 28299 90795 81758 546 23038 496 81212 164 129 62 9037 8651 77172 23071 54101 5311 48790 29190 4711 25974 22989 3216 600 5261 247 109 72 21649 3557
is_linear=0
shrinkage=0.05


Tree=100
num_leaves=31
num_cat=0
split_feature=0 3 2 11 3 5 3 4 4 6 3 2 11 8 0 6 9 11 5 6 9 7 0 2 8 8 6 9 0 3
split_gain=7.92265 8.81125 8.39204 7.31798 10.7932 8.79078 11.2359 8.49576 14.1187 12.7308 7.50406 7.49148 8.53811 8.57131 8.38917 11.382 8.1782 11.1411 6.9346 12.8556 6.86402 7.94188 8.35742 7.10386 9.94697 6.40734 5.93399 6.57163 5.91275 5.71548
threshold=-0.023330212100466981 -0.41183843067697518 0.10189774011475207 0.100952 -0.65596628768682363 -7.3579847048650597 -0.24048893884607184 -0.0071824673175978617 -0.017696075113215522 -4.314309914378506 0.24275444424315387 0.75053427322434352 -0.052136499999999995 -3.5968073164518257 0.090638858861732854 -4.2904002558196987 0.48042150000000006 -0.15991899999999995 -5.9694909134465863 -0.84997213591213228 0.19578450000000006 -4.685992601504112 0.0015722619911893167 0.31825630208951933 -2.7185234093298862 -1.8789239695923239 -4.733511356188969 0.5452435000000001 0.51689500522607468 0.63035073165237787
decision_type=2 2 2 2 2 2 2 2 2 2 2 2 2 2 2 2 2 2 2 2 2 2 2 2 2 2 2 2 2 2
left_child=1 -1 -3 11 -5 6 -6 8 -8 10 -9 12 13 -2 20 16 17 -16 19 -17 23 22 -22 24 -15 -19 27 -23 -7 -30
right_child=3 2 -4 4 5 28 7 9 -10 -11 -12 -13 -14 14 15 18 -18 25 -20 -21 21 26 -24 -25 -26 -27 -28 -29 29 -31
leaf_value=0.003625055268742617 -0.0083755891920881832 -9.557128564839581e-06 0.0017741336517302702 0.012985011329085604 -0.038797398744094554 -0.0026800377460239255 -0.009009912849468147 0.0081948788464069368 0.024879166859990129 -0.055810426962561915 -0.025664446202831138 0.0027575093362633076 -0.00011775568698422545 0.013034860609651922 -0.04666667054533153 -0.0071106136487503833 0.0048854198028904297 -0.022545694436744923 -0.0018980654112712191 -0.046656458560998246 0.0016906997712794693 0.0045124131625756455 -0.032786186885996126 0.038390432801097635 -0.025909193810075521 0.0087990350251936408 -0.00084964150203394647 0.031482864085298316 0.0030668532590202077 0.033580678608268501
leaf_weight=2234 500 29199 8518 107 33 2722 145 30 39 20 36 2095 68051 91 37 143 31 56 1163 24 32 172 39 20 20 23 3410 26 57 21
leaf_count=2234 500 29199 8518 107 33 2722 145 30 39 20 36 2095 68051 91 37 143 31 56 1163 24 32 172 39 20 20 23 3410 26 57 21
internal_value=1.07473e-12 0.000573988 0.000393271 -0.000289746 -0.00262816 -0.00316655 -0.0112566 -0.00789049 -0.0018269 -0.0208637 -0.0102738 -0.000190892 -0.000274546 -0.00211829 -0.00152653 -0.0047254 -0.0179279 -0.0240246 -0.00326618 -0.0127938 -0.000286444 -0.000686911 -0.0172473 0.0109603 0.00601791 -0.01342 -0.000361028 0.00805399 -0.00229109 0.0112821
internal_weight=119094 39951 37717 79143 3210 3103 303 270 184 86 66 75933 73838 5787 5287 1477 147 116 1330 167 3810 3679 71 131 111 79 3608 198 2800 78
internal_count=119094 39951 37717 79143 3210 3103 303 270 184 86 66 75933 73838 5787 5287 1477 147 116 1330 167 3810 3679 71 131 111 79 3608 198 2800 78
is_linear=0
shrinkage=0.05


Tree=101
num_leaves=31
num_cat=0
split_feature=5 11 6 7 4 2 7 9 10 6 9 6 3 11 9 1 10 3 2 11 1 8 0 0 1 1 10 3 5 10
split_gain=7.60278 12.3195 11.3945 7.90728 7.70862 8.62584 7.55289 8.22943 6.97447 10.4393 8.01379 13.6916 8.9764 7.41801 13.8523 9.67468 6.67098 6.74837 6.55299 6.71489 6.95206 6.53641 8.06151 6.47972 8.1967 7.18746 6.49572 6.38921 7.29699 6.60179
threshold=-0.96388732689272494 0.14251800000000001 0.3563243666622285 -1.9609852470662537 -0.0058264100749526029 0.44719525723090997 0.80553278013315566 0.84674525000000012 0.0023310000000000002 -4.0153366605784315 0.37613750000000007 -1.4092462020438796 -0.48682544785801818 -0.061167499999999965 1.2747032500000002 0.14142852113645901 -0.021300499999999997 -0.43850570409006723 0.46222796069148558 -0.0069545000000000015 0.26253042938049959 -1.3514353655178424 -0.0016307799647703456 0.035246357508688882 0.052817290483230923 0.28506529355010141 0.099371999999999988 -0.02064972603484105 -3.1808729953418982 0.0639435
decision_type=2 2 2 2 2 2 2 2 2 2 2 2 2 2 2 2 2 2 2 2 2 2 2 2 2 2 2 2 2 2
left_child=1 2 8 -2 -3 -6 -4 -8 9 16 11 12 -10 -12 -15 -16 -1 -18 19 -19 -21 23 -23 24 26 -25 -14 28 29 -26
right_child=3 4 6 -5 5 -7 7 -9 10 -11 13 -13 21 14 15 -17 17 18 -20 20 -22 22 -24 25 27 -27 -28 -29 -30 -31
leaf_value=-0.0038004313812322228 -0.0011873363767333511 -0.0027430729000212425 -0.0047814044844267057 0.0025094632317101298 -0.00791825228488615 -0.034450758478947373 -0.041866976013407109 -0.0051321172606079817 -0.0073041297926649323 -0.00017512633870045758 -0.0024344085230817566 -0.003818240520311972 0.00031515984492549168 0.0012408153970609387 0.038672039826356232 -0.00061334052681922917 -0.027067268615507564 0.0024649720421418653 0.018225283775839728 -0.0027789869070978502 -0.027707429829149928 -0.013352419216927064 -0.0010047367704272949 -0.00072553142428645337 0.0081750591024741508 0.003140990446900744 -0.0031435847940045462 0.0012628472198293736 -0.0010527916341636549 -0.0029996785003229315
leaf_weight=3766 1959 2361 637 5529 158 38 30 31 406 21903 1410 2316 22410 20272 42 25 23 988 49 786 29 196 406 19469 1013 1281 1445 9556 408 152
leaf_count=3766 1959 2361 637 5529 158 38 30 31 406 21903 1410 2316 22410 20272 42 25 23 988 49 786 29 196 406 19469 1013 1281 1445 9556 408 152
internal_value=1.73233e-12 -0.000103479 -2.30376e-05 0.00154231 -0.00353407 -0.0130623 -0.00639092 -0.0231984 1.79845e-05 -0.000669116 0.000252191 -4.99749e-05 0.000103832 0.0010727 0.00131583 0.0240133 -0.00258719 -0.000150355 0.000183927 -0.000306382 -0.00366601 0.000157219 -0.00502491 0.000213193 0.000628398 -0.000486832 0.000105649 0.00174891 0.00470174 0.00671707
internal_weight=119094 111606 109049 7488 2557 196 698 61 108351 27544 80807 59058 56742 21749 20339 67 5641 1875 1852 1803 815 56336 602 55734 34984 20750 23855 11129 1573 1165
internal_count=119094 111606 109049 7488 2557 196 698 61 108351 27544 80807 59058 56742 21749 20339 67 5641 1875 1852 1803 815 56336 602 55734 34984 20750 23855 11129 1573 1165
is_linear=0
shrinkage=0.05


Tree=102
num_leaves=31
num_cat=0
split_feature=1 5 11 10 6 3 9 6 11 8 5 8 4 6 1 6 0 3 2 7 0 11 6 6 7 10 7 7 8 6
split_gain=7.32402 11.1296 8.91021 8.68398 10.949 8.46857 7.72965 11.7238 7.16281 7.82393 6.99355 10.7815 10.4043 19.8602 8.21176 20.9051 9.41181 6.85806 6.68647 6.16389 5.84965 5.67221 7.51048 7.06114 9.72183 10.2335 8.38563 8.33215 8.33772 7.74451
threshold=-0.17802774858221412 -0.27574709400229253 0.100952 -0.13339299999999998 1.0943468274178154 -0.72171372095521202 0.53943950000000018 -0.98169304874816188 -0.3373894999999999 -2.2932931678337867 -3.984069266768961 -2.4324126974844527 -0.0058264100749526029 -4.1851489846696213 0.34656057338598073 -4.314309914378506 0.0065943125300090841 -0.24048893884607184 1.3297423747402271 -1.4317673682138703 0.11389564247855356 -0.0045179999999999795 -3.575279671685943 -3.3705611919097556 -3.2621859079007582 0.17055750000000006 -2.6853192231488943 -2.0282236938335232 -2.6057298868024028 -2.1569584798325043
decision_type=2 2 2 2 2 2 2 2 2 2 2 2 2 2 2 2 2 2 2 2 2 2 2 2 2 2 2 2 2 2
left_child=1 -1 3 4 18 -4 7 8 9 -5 11 17 14 -14 15 16 -13 -7 20 -16 -2 23 -23 24 25 -10 29 -26 -29 -25
right_child=2 -3 5 6 -6 10 -8 -9 21 -11 -12 12 13 -15 19 -17 -18 -19 -20 -21 -22 22 -24 26 27 -27 -28 28 -30 -31
leaf_value=0.00075041143713443735 -0.0013998899626466977 0.0066278857408354364 0.019196668624774451 -0.0060408512328209638 -0.035669060237705712 -0.029770760433304878 0.0015867325358545706 -0.0029023485834310438 0.00039838970692006656 -0.037930118707431987 -0.0011523893582765727 -0.022047889425108831 -0.0068750210057355867 -0.064256274037063119 0.018917021274947647 -0.0071497977278875587 -0.064560718186523605 -0.00080839702628893954 0.015849776068298183 -0.0067425890564918522 -0.0065215189826933794 -0.0011097695498384799 0.00020824462200886643 -0.00078750194488092895 0.0030643800343013059 -0.0098177684658107209 0.00071136549831018949 -0.020663556788241735 -0.00054597708114222847 -0.0058953395606073586
leaf_weight=10856 4787 870 45 153 24 21 7749 3485 8985 22 2775 30 38 25 44 415 23 766 53 50 631 17793 27535 8509 7489 252 13688 54 1114 813
leaf_count=10856 4787 870 45 153 24 21 7749 3485 8985 22 2775 30 38 25 44 415 23 766 53 50 631 17793 27535 8509 7489 252 13688 54 1114 813
internal_value=2.30348e-12 0.00118649 -0.00012958 -3.73133e-05 -0.00197131 -0.00237816 7.15276e-05 -5.90882e-05 5.55872e-05 -0.0100498 -0.00261004 -0.00547476 -0.0103775 -0.0296454 -0.00821758 -0.0109263 -0.0404969 -0.00158122 -0.00182349 0.00526829 -0.00199637 7.60952e-05 -0.000309127 0.000502981 0.00124793 0.000119677 -7.63405e-05 0.00245178 -0.00147607 -0.00123297
internal_weight=119094 11726 107368 103136 5495 4232 97641 89892 86407 175 4187 1412 625 63 562 468 53 787 5471 94 5418 86232 45328 40904 17894 9237 23010 8657 1168 9322
internal_count=119094 11726 107368 103136 5495 4232 97641 89892 86407 175 4187 1412 625 63 562 468 53 787 5471 94 5418 86232 45328 40904 17894 9237 23010 8657 1168 9322
is_linear=0
shrinkage=0.05


Tree=103
num_leaves=31
num_cat=0
split_feature=3 0 10 6 1 10 11 3 11 11 8 9 5 1 3 11 9 9 10 5 4 11 5 6 11 1 0 3 2 5
split_gain=6.7913 7.60709 9.60838 8.09356 8.03606 7.21673 6.72907 7.30971 6.60233 10.0211 8.14087 8.14444 7.93738 11.7292 7.31917 6.91807 6.68031 6.23191 19.6713 7.69667 10.276 6.14675 11.4531 7.91904 6.07012 6.02309 6.51733 5.72806 5.69447 5.60482
threshold=0.91406120760959486 0.11389564247855356 -0.11816799999999995 0.62208236359720115 1.0775296848187803 0.01736399999999998 -0.0075344999999999987 -0.074232685816889507 -0.041897499999999997 -0.0041425000000000203 -3.7260723853377482 0.21050975000000002 -2.3355836418788045 -0.17802774858221412 0.3529441073302006 0.0083265000000000162 1.0889377500000001 0.99512200000000017 -0.64096399999999998 -3.45952872278303 -0.67833855532380261 -0.142628 -5.2074069124486808 -3.9636028183992109 -0.3373894999999999 -0.069498467621792001 -0.012836836068867817 0.0057984467183064279 0.49464642880337656 -7.5203243678275458
decision_type=2 2 2 2 2 2 2 2 2 2 2 2 2 2 2 2 2 2 2 2 2 2 2 2 2 2 2 2 2 2
left_child=1 5 3 -3 21 6 7 17 10 16 14 -12 15 -14 -7 -11 29 -1 -19 -20 -21 22 23 -4 -2 -13 -27 -6 -24 -10
right_child=24 2 4 -5 27 8 -8 -9 9 12 11 25 13 -15 -16 -17 -18 18 19 20 -22 -23 28 -25 -26 26 -28 -29 -30 -31
leaf_value=0.0014110865951527378 -0.01867779756947938 -0.0052955017007976814 -0.05527763086603954 -0.02951798228443497 0.018101785802159851 -0.0085060812784301717 -0.0012288349140949948 -0.00044820228018295212 -0.001190195368652083 0.00039407350847553055 0.010800016242767503 -0.0054699270404236092 0.0051440478891487717 0.00046638648360607869 -0.03986827844221677 -0.0011340984175670546 0.028317739020871081 -0.03029758471862546 0.047684848432739575 0.043667086471049561 0.0014554790140170119 -0.00085318826556876224 -0.0082451027897676755 -0.013428782958250779 0.0019260943867837094 0.0036008970806779626 -0.0025381618187575658 -0.00011925517103953076 0.015624536073300988 0.0016155022346928572
leaf_weight=5599 36 820 20 36 95 163 16587 15482 1961 15078 134 797 1660 6955 21 14555 23 21 24 21 46 12482 114 26 5085 685 1172 79 32 19285
leaf_count=5599 36 820 20 36 95 163 16587 15482 1961 15078 134 797 1660 6955 21 14555 23 21 24 21 46 12482 114 26 5085 685 1172 79 32 19285
internal_value=-1.62857e-12 -8.00347e-05 -0.00118497 -0.0063142 -0.000843237 7.09798e-05 -0.000474561 0.000115781 0.000400807 0.000515654 -0.00189911 -0.00122684 3.18415e-05 0.00136771 -0.0120855 -0.000356527 0.00138569 0.00164469 0.0133227 0.023389 0.014686 -0.000989755 -0.00986801 -0.0316239 0.00178125 -0.00183408 -0.000273619 0.00982901 -0.0030134 0.00135654
internal_weight=119094 113973 13704 856 12848 100269 37780 21193 62489 59517 2972 2788 38248 8615 184 29633 21269 5711 112 91 67 12674 192 46 5121 2654 1857 174 146 21246
internal_count=119094 113973 13704 856 12848 100269 37780 21193 62489 59517 2972 2788 38248 8615 184 29633 21269 5711 112 91 67 12674 192 46 5121 2654 1857 174 146 21246
is_linear=0
shrinkage=0.05


Tree=104
num_leaves=31
num_cat=0
split_feature=9 7 11 6 11 5 1 0 7 10 11 9 3 6 3 2 0 6 2 3 11 8 1 11 7 10 8 9 8 6
split_gain=6.50386 16.0527 9.28101 7.84557 7.27877 12.8169 7.13416 7.10787 9.32837 7.39121 6.78665 7.45734 7.27372 6.47321 6.46161 6.56344 6.34309 8.86073 6.28354 12.0905 7.28391 6.81976 5.81819 9.12993 24.1785 5.12829 8.46187 8.46031 9.91012 6.6797
threshold=0.6627557500000002 1.0000000180025095e-35 -0.142628 -0.13093745654751734 0.0057535000000000095 -1.7352667206740902 -0.049888210586948582 -0.056497710710255548 -0.60179689406171089 -0.032828500000000004 0.179837 0.28238300000000005 0.50948521560783611 -3.0610674992324713 -0.18979409131602501 0.054600642462499745 0.51689500522607468 -2.4902369071519819 -0.43564685700362515 -0.11405090725009091 -0.142628 -1.4260573590999026 0.043369464306299406 -0.15991899999999995 -2.2915216929126729 0.055442000000000026 -3.6163294340579735 0.23138150000000005 -2.4324126974844527 -1.8362175538747054
decision_type=2 2 2 2 2 2 2 2 2 2 2 2 2 2 2 2 2 2 2 2 2 2 2 2 2 2 2 2 2 2
left_child=1 3 -3 4 7 10 -7 8 14 13 -6 -12 -13 22 -1 -16 18 -18 21 20 -20 -2 -9 24 -24 27 -27 28 -11 -30
right_child=16 2 -4 -5 5 6 -8 9 -10 25 11 12 -14 -15 15 -17 17 -19 19 -21 -22 -23 23 -25 -26 26 -28 -29 29 -31
leaf_value=0.003948974492743269 -0.015322614523271719 -0.03406033613118193 -0.0061402750696639072 -0.0035301942692227322 -0.00086283922733205488 0.0039988004043399446 0.00018334951662489222 -0.0043277927785369654 -0.0069458465030178829 -0.00022172250138493958 -0.01827832073760555 -0.0023212423750443296 -0.019356602950788598 0.00021139307012962299 0.00025673843537157387 0.002833972162182312 -0.023349059168249371 0.011164467196410769 -0.01084367029373939 0.0022178357751206522 -0.0014544958209393333 0.0051921270016960924 -0.0046395643579578679 0.00023933300971803225 -0.056591398060321811 -0.006943678552303309 -0.00046652689741314633 0.00098108549632158998 -0.0051933737525151112 -0.023679421918846116
leaf_weight=2219 42 31 747 1592 28155 2045 3056 2345 337 14901 97 798 68 3795 8444 3492 20 265 230 3761 2027 1143 215 2115 25 542 7238 28781 514 54
leaf_count=2219 42 31 747 1592 28155 2045 3056 2345 337 14901 97 798 68 3795 8444 3492 20 265 230 3761 2027 1143 215 2115 25 542 7238 28781 514 54
internal_value=1.5747e-12 -9.57084e-05 -0.00725277 -4.54666e-05 5.31966e-06 -0.000598994 0.00171297 0.000280977 0.00127561 4.28239e-05 -0.00100401 -0.00513146 -0.00365889 -0.00132461 0.00147135 0.00101073 0.0014265 0.00874247 0.00113703 0.000481717 -0.0024113 0.00446502 -0.00256485 -0.000809385 -0.0100512 0.000266086 -0.000917763 0.000474229 -0.000468807 -0.00695085
internal_weight=119094 111606 778 110828 109236 34219 5101 75017 14492 60525 29118 963 866 8495 14155 11936 7488 285 7203 6018 2257 1185 4700 2355 240 52030 7780 44250 15469 568
internal_count=119094 111606 778 110828 109236 34219 5101 75017 14492 60525 29118 963 866 8495 14155 11936 7488 285 7203 6018 2257 1185 4700 2355 240 52030 7780 44250 15469 568
is_linear=0
shrinkage=0.05


Tree=105
num_leaves=31
num_cat=0
split_feature=11 9 12 10 7 11 5 8 4 6 6 11 10 7 2 3 6 7 3 8 8 5 8 9 1 1 4 6 6 0
split_gain=6.14075 9.08735 8.91736 14.3447 13.5336 11.47 6.27485 7.77191 9.11659 13.4242 15.3624 7.58777 7.53857 6.57844 5.93647 7.81538 8.21966 8.11539 7.31447 7.21197 7.19848 7.85008 6.90459 8.29613 8.27533 6.87916 7.52409 6.53625 6.34581 10.5174
threshold=0.246304 0.31898525000000005 -0.13574949380769871 -0.64096399999999998 0.80553278013315566 -0.098558999999999966 -1.2062218531412572 -1.826910546010672 -0.29090621949118467 -5.7651444851893165 -3.0742368937767135 0.46210699999999993 0.39555950000000006 0.80553278013315566 -0.17905252262734014 0.19847921259445614 -1.4092462020438796 -1.0487833304030032 -0.65596628768682363 -3.3970114190695657 -4.4489592662414834 -9.7602806985147534 -1.4080615766522999 0.61470675000000008 -0.17802774858221412 0.13922354202641532 -0.10600934916099934 -7.1583493145329467 -7.1583493145329467 0.0037432494087521477
decision_type=2 2 2 2 2 2 2 2 2 2 2 2 2 2 2 2 2 2 2 2 2 2 2 2 2 2 2 2 2 2
left_child=2 -2 4 -4 14 -6 7 -3 -9 -10 11 -11 -12 -8 19 16 17 25 -19 -1 21 -17 23 24 -18 26 -16 -27 29 -28
right_child=1 6 3 -5 5 -7 13 8 9 10 12 -13 -14 -15 15 20 22 18 -20 -21 -22 -23 -24 -25 -26 27 28 -29 -30 -31
leaf_value=-0.0077259262301763443 -0.021266981522872378 -0.00050459409570771272 -0.01791588313078844 0.0049552660815350711 -0.044496058536848682 -0.0081413084476263126 0.0012845757061433305 -0.0029220786470497053 0.018284844210290391 -0.025871131890876725 -0.0075949211860550387 -0.06652380417993603 -0.040492006435635546 0.025463465332323989 0.00011000209056273959 -0.023052248807313543 0.0061939098857223028 0.023914544640675838 -0.0045145943961777896 0.0010438024543725269 0.0004892668528487682 -0.0033142796951341653 0.00028727931834939555 -0.016904366568702721 -0.0039108140940541727 -0.018622135056094044 -0.012569241942837834 0.0011490434218209391 -0.0012376450107838811 0.027570209715594637
leaf_weight=238 67 559 72 1434 24 226 304 239 23 22 102 24 21 31 25450 60 217 23 1389 15649 38813 314 1592 115 3057 42 25 8896 20019 47
leaf_count=238 67 559 72 1434 24 226 304 239 23 22 102 24 21 31 25450 60 217 23 1389 15649 38813 314 1592 115 3057 42 25 8896 20019 47
internal_value=-1.05512e-12 -0.00330147 3.90448e-05 0.00386182 -1.05017e-05 -0.0116314 -0.00239303 -0.00439459 -0.00943985 -0.0175531 -0.0224305 -0.0470812 -0.0132115 0.00352203 1.45549e-05 -0.000128006 -0.000482557 -0.000309106 -0.00405151 0.000912425 0.000422745 -0.0064808 -0.00242882 -0.00370472 -0.00324108 -0.00021211 -0.00046102 0.00105614 -0.00118435 0.0136329
internal_weight=119094 1392 117702 1506 116196 250 1325 990 431 192 169 46 123 335 115946 100059 60872 55891 1412 15887 39187 374 4981 3389 3274 54479 45541 8938 20091 72
internal_count=119094 1392 117702 1506 116196 250 1325 990 431 192 169 46 123 335 115946 100059 60872 55891 1412 15887 39187 374 4981 3389 3274 54479 45541 8938 20091 72
is_linear=0
shrinkage=0.05


Tree=106
num_leaves=31
num_cat=0
split_feature=2 0 11 4 2 1 7 7 3 0 2 8 10 10 8 9 6 9 11 5 9 9 4 4 6 11 5 2 9 6
split_gain=5.90348 8.08029 11.7647 7.62682 8.38694 10.0624 8.21518 7.65983 7.21072 8.41621 7.59955 7.20911 7.09632 6.94962 6.90021 7.07201 6.16244 6.06193 6.38152 5.89919 5.79676 5.61064 5.58881 5.5649 5.56054 5.53466 5.52294 5.40139 5.40691 5.80895
threshold=0.53547023947919092 0.11389564247855356 -0.142628 -0.11552334484678838 0.056441556359944973 0.0849245911192167 -3.6978885332337832 -2.0540103253724191 0.14524506026174003 0.053980800527934865 0.013388480985198627 -2.4772119610845151 -0.30283649999999995 -0.0026504999999999996 -4.0119331409987975 0.12897725000000002 -3.3301801974381982 0.88213700000000006 -0.3373894999999999 0.6378341227465022 0.23371800000000004 0.22373900000000005 -0.076070751290937696 -0.0058264100749526029 -3.1508359115171163 0.049037499999999991 -2.424387419870508 0.13258453735111045 0.43166400000000005 -4.697598944740653
decision_type=2 2 2 2 2 2 2 2 2 2 2 2 2 2 2 2 2 2 2 2 2 2 2 2 2 2 2 2 2 2
left_child=1 3 -3 12 5 -5 25 8 9 10 -8 -9 16 14 -6 23 -1 18 -2 -19 -17 -10 -23 -16 -18 -7 -12 -14 -29 -30
right_child=17 2 -4 4 13 6 7 11 21 -11 26 -13 27 -15 15 20 24 19 -20 -21 -22 22 -24 -25 -26 -27 -28 28 29 -31
leaf_value=-0.0092687652140928372 -0.020832802383511359 -0.011164441647235349 -0.0010419537431543792 -0.0020612522683921262 -0.0078660387649969379 -0.0029216439133643289 0.014038179495132167 -0.031205289795994757 -0.010086711832080547 0.001056426377234006 0.0064268225986413218 -0.0028373936532866645 0.00041785483629914826 0.00038723372428615065 -0.030893967195879668 0.0016369750264903747 0.014859841962107549 0.0053924069865044534 0.0012257574297317526 0.026446152893671145 -0.0017652368554161722 -0.004911063942884983 0.0049064658941528399 -0.0028949601821497912 -0.0020503650480310797 -0.02498837840355312 -0.012326298366584209 0.0005855832249408423 -0.02110611064683484 0.004145850378939467
leaf_weight=308 33 294 12131 11409 389 538 406 25 119 496 268 215 45803 27980 35 1728 51 439 5095 36 4545 215 445 36 1039 30 46 2595 23 2322
leaf_count=308 33 294 12131 11409 389 538 406 25 119 496 268 215 45803 27980 35 1728 51 439 5095 36 4545 215 445 36 1039 30 46 2595 23 2322
internal_value=2.09012e-12 -7.82184e-05 -0.00128147 6.9709e-05 -0.000378689 -0.0014018 0.00128233 0.00264692 0.00366218 0.00606815 0.00952067 -0.00579238 0.00049045 4.01894e-05 -0.00140201 -0.00100565 -0.00302379 0.00158434 0.0010838 0.00698806 -0.000828042 -9.3479e-05 0.00170833 -0.0166973 -0.00125915 -0.00408714 0.00367955 0.00058727 0.00215806 0.00389818
internal_weight=119094 113491 12425 101066 48925 14212 2803 2235 1995 1216 720 240 52141 34713 6733 6344 1398 5603 5128 475 6273 779 660 71 1090 568 314 50743 4940 2345
internal_count=119094 113491 12425 101066 48925 14212 2803 2235 1995 1216 720 240 52141 34713 6733 6344 1398 5603 5128 475 6273 779 660 71 1090 568 314 50743 4940 2345
is_linear=0
shrinkage=0.05


Tree=107
num_leaves=31
num_cat=0
split_feature=4 2 2 2 5 3 6 0 1 9 4 6 7 4 7 2 7 8 12 11 8 11 5 5 5 8 1 11 3 6
split_gain=5.80621 7.42314 7.18194 7.03783 9.32193 6.8243 17.4592 6.53119 9.35216 6.33254 7.84183 6.09627 12.9715 10.1621 9.16396 6.02491 5.9312 5.88349 8.12925 6.67409 8.49946 5.79568 5.73662 8.50807 5.59729 5.24823 9.22346 5.48888 5.1991 6.48235
threshold=-0.0086326772506141718 0.21750925323772222 -0.10204942038782126 0.034989850590293588 -9.5129067481309963 0.071059856863635598 -6.4665603489108898 0.042100333732263857 -0.056965643308644558 0.65129150000000013 -0.5362414417385043 -7.1583493145329467 -6.0515327842249702 -0.045401798811382336 -6.0515327842249702 0.23185215570524267 -3.5855876952877459 0.61515601233369199 -0.2459856662675777 -0.06482099999999999 -2.1835686775879366 0.024975500000000015 -4.6745923696163132 -6.8833548612716529 -7.1088422450728848 -4.7917139135934015 -0.026127454453556406 0.0080495000000000028 1.3998466257668714 -1.7351112838466569
decision_type=2 2 2 2 2 2 2 2 2 2 2 2 2 2 2 2 2 2 2 2 2 2 2 2 2 2 2 2 2 2
left_child=1 2 -1 4 -2 6 -3 11 16 10 -8 12 13 -4 24 -12 -9 18 19 20 -5 -21 23 -22 -13 26 -16 -28 29 -23
right_child=3 5 7 17 -6 -7 9 8 -10 -11 15 14 -14 -15 25 -17 -18 -19 -20 21 22 28 -24 -25 -26 -27 27 -29 -30 -31
leaf_value=0.00058993499792285163 -0.037705442224870683 -0.03552849970551001 -0.03227277046867779 -0.0021632166778415142 -0.0061166575071425451 0.0014973035234159553 -0.01912602064596703 -0.0094918675078712045 -0.0015994920856413877 0.0045411101216141078 0.0052420712463072325 0.0016511913621798159 0.030159358967095613 0.014907643206417562 0.019477361347526312 -0.0017821544844088461 0.0028563401164532275 -0.019594402722127383 0.014649909792933614 -0.00017547065086467937 -0.014003037235115546 -0.0023548777922858589 -0.0045416161736571477 -0.047078197115454183 0.035546168530809469 -7.8970831301160475e-05 -0.0099265150189037539 -0.036728812238344781 0.010019094049764267 -0.010181903067231745
leaf_weight=27731 27 36 21 301 173 14956 61 103 15542 527 342 21 50 25 21 2843 1741 42 84 8629 59 1350 57 29 29 43797 72 26 70 329
leaf_count=27731 27 36 21 301 173 14956 61 103 15542 527 342 21 50 25 21 2843 1741 42 84 8629 59 1350 57 29 29 43797 72 26 70 329
internal_value=7.39399e-13 0.000112204 -7.79945e-05 -0.00108626 -0.0103811 0.00101611 -0.000873307 -0.000379426 -0.00120005 -0.000542645 -0.00136801 -5.56233e-05 0.0125305 -0.00663124 -8.31052e-05 -0.0010279 0.00216661 -0.000916489 -0.000844571 -0.000964817 -0.00695392 -0.000707432 -0.0168988 -0.0249028 0.0213103 -0.000107462 -0.0105936 -0.0170373 -0.00333196 -0.00388858
internal_weight=119094 107944 89179 11150 200 18765 3809 61448 17386 3773 3246 44062 96 46 43966 3185 1844 10950 10908 10824 446 10378 145 88 50 43916 119 98 1749 1679
internal_count=119094 107944 89179 11150 200 18765 3809 61448 17386 3773 3246 44062 96 46 43966 3185 1844 10950 10908 10824 446 10378 145 88 50 43916 119 98 1749 1679
is_linear=0
shrinkage=0.05


Tree=108
num_leaves=31
num_cat=0
split_feature=11 9 12 10 7 10 5 11 4 6 5 8 4 6 6 10 11 7 8 3 7 9 6 7 7 8 7 10 1 11
split_gain=5.56069 7.8363 7.52023 15.0587 13.3522 9.42736 8.31041 7.32257 6.18291 5.97867 5.52524 7.11885 8.21227 12.2559 13.7495 6.79098 6.76426 5.83869 7.14683 5.85195 5.81489 5.31081 10.0635 12.3987 11.326 11.5744 10.5918 7.54733 11.2678 7.44551
threshold=0.246304 0.31898525000000005 -0.46683542588714361 -0.64096399999999998 0.39437584531971381 0.18392850000000002 -8.2910879821438197 -0.12881199999999998 -0.76861104765756239 1.0000000180025095e-35 -1.2062218531412572 -1.826910546010672 -0.29090621949118467 -5.7651444851893165 -3.0742368937767135 0.39555950000000006 0.46210699999999993 -1.5906113112380691 -2.0213665862279382 -0.25257436338808187 0.80553278013315566 0.35980300000000004 -2.1416164090900529 -1.8510230782409842 -3.0605666559286608 -3.5049811470463359 -2.6952892688674579 0.18392850000000002 -0.32113486897270999 -0.011121999999999977
decision_type=2 2 2 2 2 2 2 2 2 2 2 2 2 2 2 2 2 2 2 2 2 2 2 2 2 2 2 2 2 2
left_child=2 -2 4 -4 9 6 -6 -8 -5 21 11 17 -13 -14 16 -16 -15 18 19 -3 -12 22 23 24 -1 -26 -24 -23 -29 -27
right_child=1 10 3 8 5 -7 7 -9 -10 -11 20 12 13 14 15 -17 -18 -19 -20 -21 -22 27 26 -25 25 29 -28 28 -30 -31
leaf_value=-0.00039363032790604543 -0.019824763143490725 -0.021017753065440476 -0.015828598171314417 0.011918530923624833 0.016994148063840291 -0.04066494100195335 -0.037162882343082779 -0.0074434287688293624 0.0025133334576182774 -0.0030138631512946108 0.0011488295927656032 -0.0028188553690631727 0.017537651316303273 -0.0246603592552922 -0.0073131440225338079 -0.03853645248427278 -0.063043631442512071 -0.026981113478541374 0.022379123746816602 0.00046288770816705011 0.023881248868401012 0.00065510485884939557 -0.0053999351525636941 -0.0029687759737148929 -0.0093409632210581673 0.0022553457009553096 -0.00096216465161452639 0.019174402627126816 -0.0046698854568586242 0.00047225916091816713
leaf_weight=35376 67 34 109 186 33 22 22 358 2887 1618 304 239 23 22 102 21 24 20 35 470 31 36506 1602 3271 269 8913 8367 52 1050 17061
leaf_count=35376 67 34 109 186 33 22 22 358 2887 1618 304 239 23 22 102 21 24 20 35 470 31 36506 1602 3271 269 8913 8367 52 1050 17061
internal_value=8.81206e-13 -0.00314168 3.7155e-05 0.0024348 -2.94648e-05 -0.00877276 -0.00707391 -0.00916403 0.0030826 3.87296e-06 -0.00229808 -0.00417628 -0.00900492 -0.0167053 -0.0213656 -0.012644 -0.0446864 -0.000453308 0.000531026 -0.000986203 0.00325243 4.72874e-05 -0.000196245 3.09826e-05 0.000190223 0.000977266 -0.00167531 0.00053204 -0.00354475 0.00108413
internal_weight=119094 1392 117702 3182 114520 435 413 380 3073 114085 1325 990 431 192 169 123 46 559 539 504 335 112467 74859 64890 61619 26243 9969 37608 1102 25974
internal_count=119094 1392 117702 3182 114520 435 413 380 3073 114085 1325 990 431 192 169 123 46 559 539 504 335 112467 74859 64890 61619 26243 9969 37608 1102 25974
is_linear=0
shrinkage=0.05


Tree=109
num_leaves=31
num_cat=0
split_feature=10 6 10 3 11 11 9 8 11 4 1 8 5 1 0 6 9 11 7 3 1 5 5 7 8 7 6 9 6 7
split_gain=5.5987 7.15782 7.57364 10.2762 8.27747 7.12344 8.61262 8.01848 7.81574 8.67889 7.98832 7.07832 11.5421 10.5783 7.00602 6.72787 6.64009 7.65487 6.58877 5.65521 5.61987 10.3913 6.96699 8.62989 6.25707 6.59086 5.97594 5.59807 9.68447 9.76358
threshold=0.006919499999999996 -4.0153366605784315 -0.021300499999999997 -0.45376172043010748 -0.0069545000000000015 -0.06482099999999999 1.2747032500000002 -3.7260723853377482 0.011545500000000002 -0.05207966135159408 -0.18249116732470613 -0.37319999869523457 -7.3579847048650597 0.43831218028126889 0.046485042986332721 1.0943468274178154 0.73079900000000009 -0.031477000000000026 -2.2915216929126729 0.33732495574600835 -0.1270546860700579 -4.2378274446764621 -0.27574709400229253 -1.3668420850449874 -1.4260573590999026 -1.713437462315355 -1.9966607615649863 0.39453275000000004 -2.1886024953362484 -3.0180140970256812
decision_type=2 2 2 2 2 2 2 2 2 2 2 2 2 2 2 2 2 2 2 2 2 2 2 2 2 2 2 2 2 2
left_child=1 2 11 -4 -5 7 14 -2 -8 10 -10 13 -13 -1 27 20 17 -17 -15 -16 21 -3 23 -23 25 26 -22 28 -7 -30
right_child=5 15 3 4 -6 6 8 -9 9 -11 -12 12 -14 18 19 16 -18 -19 -20 -21 24 22 -24 -25 -26 -27 -28 -29 29 -31
leaf_value=-0.0033983679202371007 -0.013342825383033935 -0.002312672349148353 -0.029537261592160014 0.003050908935207155 -0.0026714573818791354 0.00064705123818184149 0.028891964140865541 -0.0016744138295735436 0.017736451172580322 0.036232167694251985 -0.0072452842134225655 0.044629334639757878 -0.0054853057902720243 -0.0068619808135554202 -0.0007617109466448186 -0.040392878066216199 0.0012544276298005852 -0.0098106077950337513 -0.04571975145954639 0.00096884422182321557 -0.00013211497412894845 0.0035613440808284617 0.0087932406789379344 -0.0014350955642374998 0.0015293125172572426 -0.0035613913192844475 -0.0028593475790208052 0.0014807921114716408 -0.011803719752678674 -0.0010719404691473902
leaf_weight=3769 157 1505 29 1362 1179 34635 45 2367 48 20 96 20 27 20 21450 28 78 76 24 6053 13968 2551 401 1307 3232 2006 2346 13505 219 6571
leaf_count=3769 157 1505 29 1362 1179 34635 45 2367 48 20 96 20 27 20 21450 28 78 76 24 6053 13968 2551 401 1307 3232 2006 2346 13505 219 6571
internal_value=-1.02048e-12 -0.000543154 -0.002045 5.80191e-05 0.000395785 0.000216379 0.000296293 -0.00240022 0.0104334 0.00536857 0.00108196 -0.0034452 0.0158401 -0.00368292 0.000270592 -0.000191968 -0.00977341 -0.0180443 -0.0280571 -0.000380842 -0.00012813 0.00125865 0.00252064 0.00186867 -0.000499017 -0.000856854 -0.000524299 0.000596759 0.000308555 -0.00141808
internal_weight=119094 33928 6430 2570 2541 85166 82642 2524 209 164 144 3860 47 3813 82433 27498 182 104 44 27503 27316 5764 4259 3858 21552 18320 16314 54930 41425 6790
internal_count=119094 33928 6430 2570 2541 85166 82642 2524 209 164 144 3860 47 3813 82433 27498 182 104 44 27503 27316 5764 4259 3858 21552 18320 16314 54930 41425 6790
is_linear=0
shrinkage=0.05


Tree=110
num_leaves=31
num_cat=0
split_feature=5 6 11 6 0 7 1 9 6 9 7 5 4 2 1 9 11 0 3 10 8 10 4 11 6 11 5 8 9 2
split_gain=5.29887 9.54116 8.38321 8.86875 8.60876 8.60753 7.33842 6.25526 10.3575 6.49358 6.06582 5.35 16.0346 5.20588 7.40978 7.0985 6.20042 5.83337 10.3519 7.03177 6.9669 6.74496 6.48845 6.19119 6.13135 8.07719 7.34737 7.05285 7.50471 6.7491
threshold=-0.96388732689272494 0.3563243666622285 0.021109999999999993 -4.5737465992746786 0.2317755044375526 -4.685992601504112 0.41443791310146777 0.55698425000000007 -5.9227674387528646 0.4966842500000001 -1.9609852470662537 -5.6364458600858116 -0.010076735354140607 0.40925651996270301 -0.032460371461773212 0.11506975000000001 -0.004705 0.046485042986332721 -0.20043511761862495 0.015797999999999996 -3.3406724483417043 0.099371999999999988 -0.46741397947167551 -0.25466599999999995 -3.1124168837824771 -0.00433199999999996 -7.5203243678275458 -3.4893956424824988 0.20788050000000002 -0.10204942038782126
decision_type=2 2 2 2 2 2 2 2 2 2 2 2 2 2 2 2 2 2 2 2 2 2 2 2 2 2 2 2 2 2
left_child=1 2 13 4 7 -5 -6 9 -9 -4 -2 12 -3 17 -15 16 -16 18 20 -20 22 24 -1 -22 25 26 -21 28 -27 -28
right_child=10 11 3 5 6 -7 -8 8 -10 -11 -12 -13 -14 14 15 -17 -18 -19 19 21 23 -23 -24 -25 -26 27 29 -29 -30 -31
leaf_value=-0.013164380877147573 -0.0011031817337528377 -0.0046907722004689281 -0.0043099302030338909 -0.024471426932263729 -0.046858818625861949 -0.00064753775495579396 -0.0072639580108225348 0.039865122611323994 -0.0018571890740513839 -0.028640396420710854 0.002134672113599463 -0.0037424410133504262 -0.044438461170477034 0.0097765444826969881 -8.4545987192541361e-05 0.0013477735908460045 -0.031460366902812835 -0.0005969255265946559 -0.00066074770248233407 -0.001592307497820326 -0.010297936234917296 -0.0020863960206611363 0.0023585372655361425 0.0025536767981781997 -7.5444681858293994e-05 0.0012274044523652814 0.0070549637357928243 -0.00053395654869212432 0.0078485944758643032 0.0024851038109820252
leaf_weight=142 1959 100 1332 38 22 16648 25 21 51 28 5529 610 34 261 32 6013 31 25245 20524 943 95 2317 128 6916 13784 2355 938 6623 523 5827
leaf_count=142 1959 100 1332 38 22 16648 25 21 51 28 5529 610 34 261 32 6013 31 25245 20524 943 95 2317 128 6916 13784 2355 938 6623 523 5827
internal_value=-1.20637e-12 -8.63884e-05 -4.85161e-05 -0.00103071 -0.00474158 -0.000701793 -0.0257977 -0.00405049 0.0103118 -0.00481085 0.00128759 -0.00572967 -0.014776 0.000143956 0.0015272 0.00117284 -0.0155234 4.24556e-05 0.000306567 6.72507e-05 0.00207602 0.000515808 -0.00580537 0.00237954 0.000710346 0.00133974 0.00254239 0.000364063 0.00243063 0.00311874
internal_weight=119094 111606 110862 18165 1479 16686 47 1432 72 1360 7488 744 134 92697 6337 6076 63 86360 61115 53834 7281 33310 270 7011 30993 17209 7708 9501 2878 6765
internal_count=119094 111606 110862 18165 1479 16686 47 1432 72 1360 7488 744 134 92697 6337 6076 63 86360 61115 53834 7281 33310 270 7011 30993 17209 7708 9501 2878 6765
is_linear=0
shrinkage=0.05


Tree=111
num_leaves=31
num_cat=0
split_feature=11 9 12 10 7 11 5 8 4 6 6 10 11 7 8 3 7 4 0 2 6 4 11 4 7 9 9 6 12 3
split_gain=5.03231 6.91606 6.65373 11.4878 11.1331 9.18755 4.71523 6.39362 7.3061 10.9765 12.2822 6.09531 6.02277 5.2489 6.3785 5.26931 5.10405 4.68951 7.25779 6.48414 9.87062 8.98117 9.64318 6.78585 7.78171 6.10971 5.69932 5.47897 5.45396 5.44373
threshold=0.246304 0.31898525000000005 -0.13574949380769871 -0.64096399999999998 0.80553278013315566 -0.098558999999999966 -1.2062218531412572 -1.826910546010672 -0.29090621949118467 -5.7651444851893165 -3.0742368937767135 0.39555950000000006 0.46210699999999993 -1.5906113112380691 -2.0085553335050288 -0.25257436338808187 0.80553278013315566 -0.028224709033360548 -0.02518977067186173 0.10189774011475207 -6.4665603489108898 -0.089906010055981131 0.0039479999999999802 -0.2041471304846337 -5.0861548832608099 0.22027650000000001 0.16671825000000004 -7.1583493145329467 -0.5785199669875094 0.66679226325043983
decision_type=2 2 2 2 2 2 2 2 2 2 2 2 2 2 2 2 2 2 2 2 2 2 2 2 2 2 2 2 2 2
left_child=2 -2 4 -4 17 -6 7 13 -9 -10 12 -12 -11 14 15 -3 -8 19 -19 23 21 -21 -23 26 25 -25 -1 -26 -29 -20
right_child=1 6 3 -5 5 -7 16 8 9 10 11 -13 -14 -15 -16 -17 -18 18 29 20 -22 22 -24 24 27 -27 -28 28 -30 -31
leaf_value=-0.011527699207642465 -0.018661626901324672 -0.019869680119240108 -0.016151263183241504 0.0043159873562512953 -0.039961046717750533 -0.0074238632099426858 0.00096053085458391396 -0.002672524976146614 0.016635979226102 -0.023325513980605388 -0.0068872816815022751 -0.036468135263948216 -0.059543983304562668 -0.025555294714868074 0.021828990292763622 0.00051067396921946251 0.022258197594313855 -0.027029832631636126 -0.00084597247365725747 -0.035510747177260264 0.00089793684898994421 0.013860786955620192 -0.029481364014957635 0.0054587209735324667 0.018127843433131393 0.030621809622971341 0.00048808412977149185 -0.0005887243560764512 -0.011739413537593051 0.0018107440742080952
leaf_weight=99 67 34 72 1434 24 226 304 239 23 22 102 21 24 20 33 472 31 26 20627 35 26016 33 21 98 39 32 31189 35494 110 2127
leaf_count=99 67 34 72 1434 24 226 304 239 23 22 102 21 24 20 33 472 31 26 20627 35 26016 33 21 98 39 32 31189 35494 110 2127
internal_value=-3.30776e-13 -0.00298869 3.53457e-05 0.00333747 -7.45271e-06 -0.0105474 -0.00219617 -0.00393125 -0.00850732 -0.0157704 -0.0201808 -0.0119377 -0.0422221 -0.000403006 0.000530289 -0.000858757 0.00293136 1.52733e-05 -0.000627796 0.00017251 0.000841071 -0.0157818 -0.00299449 -8.7742e-05 -0.000558121 0.0116527 0.000450064 -0.000602658 -0.000623175 -0.000597628
internal_weight=119094 1392 117702 1506 116196 250 1325 990 431 192 169 123 46 559 539 506 335 115946 22780 93166 26105 89 54 67061 35773 130 31288 35643 35604 22754
internal_count=119094 1392 117702 1506 116196 250 1325 990 431 192 169 123 46 559 539 506 335 115946 22780 93166 26105 89 54 67061 35773 130 31288 35643 35604 22754
is_linear=0
shrinkage=0.05


Tree=112
num_leaves=31
num_cat=0
split_feature=10 11 11 9 8 10 8 0 11 10 6 7 10 3 11 5 0 8 6 7 3 7 3 10 6 6 9 11 1 2
split_gain=4.79984 6.56924 6.46705 7.69508 8.83237 8.69858 7.21299 6.21341 5.7981 5.63173 5.98282 8.30117 5.26052 5.26944 5.20077 10.9855 7.30623 7.36453 5.79615 7.1529 6.61364 6.20356 5.52792 5.5252 6.32016 5.76797 7.05327 6.30683 9.92367 9.12326
threshold=0.006919499999999996 -0.0058265000000000114 -0.06482099999999999 0.68740100000000015 -0.28549488444142596 0.21790900000000005 -3.7260723853377482 0.046485042986332721 0.11810349999999999 0.021245500000000004 -1.1338114527935306 -1.6626712044012051 0.0080945000000000062 0.33732495574600835 0.014352499999999964 -2.3127488680087978 -0.094470432068077023 -2.0213665862279382 -2.2376459068980616 -2.5658306165494627 -0.032752241116470952 -0.33479250658640447 -0.20603058846112501 0.089763999999999969 1.0000000180025095e-35 -3.1124168837824771 0.41860400000000003 -0.010885000000000018 0.068338574890479911 -0.11949512370819819
decision_type=2 2 2 2 2 2 2 2 2 2 2 2 2 2 2 2 2 2 2 2 2 2 2 2 2 2 2 2 2 2
left_child=1 -1 6 4 7 -6 -2 14 12 -10 -11 -12 -9 -14 22 18 17 -17 -16 -20 -21 -22 -4 25 -25 27 -27 28 29 -24
right_child=2 -3 3 -5 5 -7 -8 8 9 10 11 -13 13 -15 15 16 -18 -19 19 20 21 -23 23 24 -26 26 -28 -29 -30 -31
leaf_value=6.850642669470905e-05 -0.012671228885282852 -0.0013500269991933249 0.0025377814316405976 0.0025680333982544701 -0.0055543027979026022 -0.037945964864709164 -0.0016043982827265209 0.0068429600738454614 -0.030538647810351996 -0.001987303699831521 -0.043932369002141064 -0.0083556765004746871 -0.00075430448295021912 0.0010147537743632989 -0.00057252520247079875 0.011824345915157897 0.0005240907104537496 0.0025716857394824429 -0.010894138867883561 -0.0054940122031544008 -0.00038770568779383265 0.024810160487890243 0.0069548941536728918 -0.0016090094067619536 -0.028549269713800063 -0.00047123503187202073 0.0021924829395035162 0.00076456843354153186 0.0059502018885060947 0.00020831978530718755
leaf_weight=20261 157 13667 4069 3508 358 22 2367 255 21 524 20 91 19636 5358 5868 319 2620 660 288 965 1064 25 600 2085 22 12833 3082 13612 1697 3040
leaf_count=20261 157 13667 4069 3508 358 22 2367 255 21 524 20 91 19636 5358 5868 319 2620 660 288 965 1064 25 600 2085 22 12833 3082 13612 1697 3040
internal_value=-1.50903e-12 -0.000502912 0.000200348 0.000276491 0.000174908 -0.00742961 -0.00229279 0.000211601 -0.000422744 -0.00506353 -0.00422104 -0.0147659 -0.000302171 -0.000375069 0.000522537 -0.000402124 0.00190119 0.0055866 -0.00141182 -0.00351473 -0.00248003 0.000190758 0.000788603 0.00059609 -0.0018903 0.000746354 4.4604e-05 0.00133574 0.00279253 0.00132039
internal_weight=119094 33928 85166 82642 79134 380 2524 78754 25905 656 635 111 25249 24994 52849 11809 3599 979 8210 2342 2054 1089 41040 36971 2107 34864 15915 18949 5337 3640
internal_count=119094 33928 85166 82642 79134 380 2524 78754 25905 656 635 111 25249 24994 52849 11809 3599 979 8210 2342 2054 1089 41040 36971 2107 34864 15915 18949 5337 3640
is_linear=0
shrinkage=0.05


Tree=113
num_leaves=31
num_cat=0
split_feature=6 12 7 1 11 8 9 6 6 1 9 7 3 9 10 7 9 2 11 5 1 6 7 5 0 9 7 8 12 10
split_gain=4.72543 9.08173 8.20012 6.69552 5.67733 7.92329 9.4851 6.59827 6.29261 10.4197 5.63066 6.05129 6.17654 7.25517 8.98487 5.55809 7.5462 11.6795 5.4277 9.07261 7.06313 5.54064 7.56526 5.40481 5.15841 5.04607 9.28353 5.30938 4.68381 8.7542
threshold=0.62208236359720115 -0.13574949380769871 0.80553278013315566 -0.46361947481903587 0.46210699999999993 -2.3878814871732126 0.5452435000000001 -1.2933256367675705 -4.2677213532023393 0.22344846482882511 0.6627557500000002 -0.75082161473017284 0.068124899917859652 1.0889377500000001 0.19827750000000008 1.0000000180025095e-35 0.17849100000000004 0.3987803066767846 0.0057535000000000095 -1.8481298407137829 -0.10285524694283819 -1.3827006321103765 -1.7911679901294175 0.36146848217384536 0.19397283332028495 0.73079900000000009 -2.128379474619766 -0.73528940360422468 -1.7779482518865242 0.13598200000000008
decision_type=2 2 2 2 2 2 2 2 2 2 2 2 2 2 2 2 2 2 2 2 2 2 2 2 2 2 2 2 2 2
left_child=4 2 3 -2 10 -6 -7 8 -8 -10 15 12 -12 25 -15 18 17 -17 28 21 -21 -20 -23 -13 -3 26 -14 -27 -1 -30
right_child=1 24 -4 -5 5 6 7 -9 9 -11 11 23 13 14 -16 16 -18 -19 19 20 -22 22 -24 -25 -26 27 -28 -29 29 -31
leaf_value=4.0577811706359748e-05 0.015314773901751856 0.00075980295404969229 -0.023123959601221104 -0.0055126018929801896 0.0029540968099496813 -0.043187762495307702 0.011042547148535961 0.0014310307147053 -0.012040745062974976 -0.048059554167091845 -0.0014635861115674074 0.0026306699340876072 0.018000672107729036 0.0041966578134402669 0.028371664679511206 -0.014578333497047425 -0.006491508806748739 0.035833731914560005 -0.00070188171300429743 0.0039826003555193798 0.00016241644638275546 -0.0077038330500111933 -0.0013118826664941198 0.010542993497166064 0.019661992686715993 -0.0030638675371572996 0.0022273929299125622 0.0050472476889136374 0.0012958563966741004 -0.0056329800983433622
leaf_weight=61930 41 105 63 656 166 21 20 104 102 25 2305 2317 109 118 57 20 550 27 26500 1689 4266 680 1450 238 55 750 647 276 13335 472
leaf_count=61930 41 105 63 656 166 21 20 104 102 25 2305 2317 109 118 57 20 550 27 26500 1689 4266 680 1450 238 55 750 647 276 13335 472
internal_value=-4.30103e-12 -0.00356955 -0.00584891 -0.00428746 2.77894e-05 -0.00565418 -0.0109078 -0.00820704 -0.0150258 -0.0191311 4.89274e-05 0.00144369 0.000290277 0.00235602 0.0120708 -3.67939e-05 -0.00484822 0.0143818 -1.07572e-05 -0.000529745 0.00124592 -0.000899081 -0.00335251 0.00336771 0.00725743 0.00140198 0.00450158 -0.00088193 0.000226236 0.00105899
internal_weight=119094 920 760 697 118174 438 272 251 147 127 117736 6817 4262 1957 175 110919 597 47 110322 34585 5955 28630 2130 2555 160 1782 756 1026 75737 13807
internal_count=119094 920 760 697 118174 438 272 251 147 127 117736 6817 4262 1957 175 110919 597 47 110322 34585 5955 28630 2130 2555 160 1782 756 1026 75737 13807
is_linear=0
shrinkage=0.05


Tree=114
num_leaves=31
num_cat=0
split_feature=11 0 5 2 9 1 4 0 7 9 11 9 1 10 4 2 11 5 9 6 10 7 8 10 5 3 3 3 10 3
split_gain=4.56287 8.15465 15.4875 13.6434 9.47127 8.42732 7.9363 5.80242 5.88074 10.3518 6.67912 7.69609 11.4533 9.11776 12.7175 9.89607 8.14988 5.82305 5.57099 5.49816 8.70817 5.80442 5.61732 7.22361 6.42509 5.43301 8.45628 5.90535 4.96942 4.65097
threshold=-0.142628 0.097352286032354032 -5.4815000171768951 0.026700451200281531 0.39026225000000003 0.39337886371972003 -0.76861104765756239 0.51689500522607468 0.39437584531971381 0.88213700000000006 0.246304 1.0889377500000001 0.22847422930474162 0.10238750000000003 -0.45126915005546853 -0.36676825703009497 0.011545500000000002 -8.7286224734822486 0.31898525000000005 -5.7651444851893165 0.18392850000000002 -4.316549177640419 -1.826910546010672 0.39555950000000006 -1.1591655887759977 0.4141218191454657 -0.61235570825961727 1.0866827039825162 0.10533899999999997 -0.035825952501987827
decision_type=2 2 2 2 2 2 2 2 2 2 2 2 2 2 2 2 2 2 2 2 2 2 2 2 2 2 2 2 2 2
left_child=1 6 3 -3 -5 -4 -1 8 10 -10 11 -2 13 25 15 -15 -16 -9 -12 20 -20 -21 -23 -24 -25 26 -13 -27 -19 -6
right_child=7 2 5 4 29 -7 -8 17 9 -11 18 12 -14 14 16 -17 -18 28 19 21 -22 22 23 24 -26 27 -28 -29 -30 -31
leaf_value=0.029793158164691358 7.3189564884782796e-05 0.0079316416522487998 -0.0070593878707090347 -0.059832101573164646 -0.042014351338148119 0.01169322825735435 -0.0010585879636620275 -0.019256839698011226 -0.0098826408787393433 0.0034764547808327642 -0.017563608415019107 0.026579562638400368 -0.0079594725495400389 0.021263775376362242 0.052886785340268874 -0.023308760914951564 0.017485597618486219 0.0035594407725166722 -0.0039711021507779758 -0.02351094066231911 0.03800945732565153 0.00077484883294860285 -0.0041885132612272478 -0.032993380277449351 -0.00200988141198953 0.035161679259573038 -0.0069826521262453464 0.00038081973629153297 0.015518947864972777 -0.011457544316848119
leaf_weight=21 113063 24 283 26 20 76 2821 22 384 233 67 23 95 33 37 20 29 290 30 35 21 552 510 44 27 26 102 23 124 33
leaf_count=21 113063 24 283 26 20 76 2821 22 384 233 67 23 95 33 37 20 29 290 30 35 21 552 510 44 27 26 102 23 124 33
internal_value=3.95599e-12 -0.00183214 -0.00799304 -0.0250841 -0.0351142 -0.00308947 -0.000830619 5.22792e-05 3.05188e-05 -0.0048378 5.66982e-05 9.7314e-05 0.00712715 0.0120187 0.0226842 0.00444395 0.0373317 0.00580949 -0.00352642 -0.0027549 0.013315 -0.00345658 -0.00283707 -0.0062687 -0.0212109 0.00472449 -0.000807205 0.018836 0.00714152 -0.0229884
internal_weight=119094 3304 462 103 79 359 2842 115790 115354 617 114737 113451 388 293 119 53 66 436 1286 1219 51 1168 1133 581 71 174 125 49 414 53
internal_count=119094 3304 462 103 79 359 2842 115790 115354 617 114737 113451 388 293 119 53 66 436 1286 1219 51 1168 1133 581 71 174 125 49 414 53
is_linear=0
shrinkage=0.05


Tree=115
num_leaves=31
num_cat=0
split_feature=10 11 11 4 8 9 5 2 3 10 1 11 7 11 7 1 7 11 8 8 3 5 1 5 11 9 10 6 1 9
split_gain=4.43604 6.59709 6.30838 6.30912 6.29921 7.70866 5.56168 6.52075 5.13285 6.631 5.06903 7.79378 6.70756 5.31879 5.94013 5.04614 7.85343 7.71068 4.80346 4.56565 4.47019 4.31417 4.45854 4.30299 4.88084 7.1336 6.28429 11.8348 5.40728 8.35398
threshold=0.020905499999999997 -0.010663499999999991 -0.045346499999999977 -0.030598736477773111 -3.7260723853377482 0.26909450000000007 -17.170093932826425 0.33965759188600936 0.3937091721794837 0.039513499999999986 0.56364310769597137 -0.018820499999999959 0.80553278013315566 -0.078832999999999973 -1.1677469244182184 -0.35711928335690701 -1.0187367008709967 -0.51730049999999983 -1.5967394705927138 -3.5777895019240584 0.3529441073302006 0.36146848217384536 -0.41909003234053199 -1.0662737017425312 -0.00019150000000001108 1.0889377500000001 0.079030500000000004 -4.733511356188969 -0.080951496825986166 0.31614675000000009
decision_type=2 2 2 2 2 2 2 2 2 2 2 2 2 2 2 2 2 2 2 2 2 2 2 2 2 2 2 2 2 2
left_child=1 10 4 23 20 19 7 -3 -5 -10 15 12 13 14 -12 21 -17 -18 -19 -6 -2 -1 -23 24 25 26 28 -28 29 -4
right_child=2 6 3 8 5 -7 -8 -9 9 -11 11 -13 -14 -15 -16 16 17 18 -20 -21 -22 22 -24 -25 -26 -27 27 -29 -30 -31
leaf_value=0.0034088124282756907 -0.0079476051785002493 0.0029216605978083527 -0.002551555937163445 -0.0011189745433262872 -0.013991243604687044 -0.0024981251330371342 -0.001019983424286957 0.024638498609121415 0.0033336959206718333 -0.00079684259538970615 -0.0014897739913846766 0.024509152930229903 -0.021092486650181506 0.0002237296546128584 0.024350949783416342 0.00028763117806835742 -0.027961280990031458 -0.011056098956380439 -0.0019162332014385126 0.0055273874380695137 -0.031178064527921379 0.029688213980107597 -0.00022976716049015523 0.002181019789802203 2.5692185700465568e-05 0.02297255341844583 -0.015082860565525574 -0.00052093132794078908 0.0017798106841743115 0.0016091801230552105
leaf_weight=509 151 304 2075 10798 32 2537 24710 39 1709 2252 35 50 26 171 61 21258 31 159 1499 470 24 33 20 4054 26286 37 149 2195 14538 2882
leaf_count=509 151 304 2075 10798 32 2537 24710 39 1709 2252 35 50 26 171 61 21258 31 159 1499 470 24 33 20 4054 26286 37 149 2195 14538 2882
internal_value=1.26866e-12 -0.000365578 0.000254721 0.00035856 -0.00190913 -0.00137795 -0.000932212 0.00539092 -0.000554231 0.000985306 0.000229586 0.00626407 0.00315058 0.00551132 0.0149299 0.000141542 2.69016e-05 -0.00325468 -0.00279273 0.00428317 -0.0111335 0.00482242 0.0183984 0.000616563 0.000484876 0.00103663 0.000999463 -0.00144658 0.00129357 -0.000132504
internal_weight=119094 48905 70189 66975 3214 3039 25053 343 14759 3961 23852 343 293 267 96 23509 22947 1689 1658 502 175 562 53 52216 48162 21876 21839 2344 19495 4957
internal_count=119094 48905 70189 66975 3214 3039 25053 343 14759 3961 23852 343 293 267 96 23509 22947 1689 1658 502 175 562 53 52216 48162 21876 21839 2344 19495 4957
is_linear=0
shrinkage=0.05


Tree=116
num_leaves=31
num_cat=0
split_feature=6 9 7 1 11 8 9 6 6 1 0 4 1 2 3 2 9 3 1 6 6 2 4 0 1 9 1 0 10 3
split_gain=4.32139 7.78685 8.34044 5.20057 4.85393 6.91256 8.47428 5.88018 5.45617 9.31744 5.2764 4.8843 7.47079 6.84298 5.86191 4.85927 7.83701 9.11739 10.287 7.48685 6.03945 5.7821 5.77137 5.37227 6.82222 5.16318 5.0167 6.23394 6.47633 6.01063
threshold=0.62208236359720115 0.84674525000000012 0.80553278013315566 0.7661940843064593 0.46210699999999993 -2.3878814871732126 0.5452435000000001 -1.2933256367675705 -4.2677213532023393 0.22344846482882511 0.39933890765301921 -0.0050838027204612715 0.0095467324729090492 0.06812621278712995 -0.11405090725009091 0.21750925323772222 0.15325025000000006 0.36964212216396003 0.33349515798642376 -7.1583493145329467 -6.4665603489108898 -0.10204942038782126 -0.5362414417385043 0.035246357508688882 -0.056965643308644558 0.6417067500000001 0.14142852113645901 0.078800542887309658 -0.30283649999999995 -0.43850570409006723
decision_type=2 2 2 2 2 2 2 2 2 2 2 2 2 2 2 2 2 2 2 2 2 2 2 2 2 2 2 2 2 2
left_child=4 2 -2 -3 10 -6 -7 8 -8 -10 11 15 13 -13 -14 21 17 19 20 -17 -19 -1 25 -23 -25 -18 29 28 -28 -26
right_child=1 3 -4 -5 5 6 7 -9 9 -11 -12 12 14 -15 -16 16 22 18 -20 -21 -22 23 -24 24 26 -27 27 -29 -30 -31
leaf_value=0.00056470220830332407 -0.0044947625812067479 0.00080655194054954436 -0.026295698217631499 0.019634154985876794 0.0028132739746157664 -0.040645827033690046 0.010255460471380503 0.0015169785013243271 -0.011136451621959899 -0.045196869120001794 0.004182373308434544 -0.031474864831512898 -0.017095192700591205 -0.0042691159523802541 -0.00086459590433172269 -0.037541536932751057 -0.019828793450835207 0.036740612766395016 -0.020662398433312773 -0.0099054380280212476 0.0022686212996227877 8.2596111538196786e-06 0.0010084329687138208 0.0017240799053667795 -0.0095786010639429039 0.0022051754761892167 0.026218526023772677 -0.001375933685656947 0.0019882663156415886 -0.0016572082193240677
leaf_weight=27066 659 167 47 47 166 21 20 104 102 25 766 38 56 59 8423 31 63 24 25 117 27 42245 18838 2077 244 46 28 2828 1827 12908
leaf_count=27066 659 167 47 47 166 21 20 104 102 25 766 38 56 59 8423 31 63 24 25 117 27 42245 18838 2077 244 46 28 2828 1827 12908
internal_value=1.6899e-12 -0.00341353 -0.0059461 0.00494159 2.65748e-05 -0.00522722 -0.0101343 -0.00758153 -0.0140186 -0.0178413 4.61199e-05 1.90329e-05 -0.00112963 -0.014927 -0.000971792 0.000109914 0.000832133 -0.00846543 0.00561141 -0.0156941 0.0184907 -4.52665e-05 0.000942053 -0.000310875 -0.000987945 -0.0105301 -0.00130378 0.000101546 0.00235401 -0.00180417
internal_weight=119094 920 706 214 118174 438 272 251 147 127 117736 116970 8576 97 8479 108394 19171 224 76 148 51 89223 18947 62157 19912 109 17835 4683 1855 13152
internal_count=119094 920 706 214 118174 438 272 251 147 127 117736 116970 8576 97 8479 108394 19171 224 76 148 51 89223 18947 62157 19912 109 17835 4683 1855 13152
is_linear=0
shrinkage=0.05


Tree=117
num_leaves=31
num_cat=0
split_feature=10 7 10 2 5 5 1 8 1 1 2 6 6 4 6 3 7 3 0 5 6 10 0 11 9 6 0 11 9 10
split_gain=4.32311 5.29949 9.40853 8.37237 7.41045 6.73498 5.72305 5.25792 7.75102 6.61985 6.00311 5.52035 5.13415 5.36027 4.98913 11.9479 5.01385 6.29764 4.82537 6.14251 4.8699 8.0833 4.57897 4.52479 4.52067 4.47385 7.73067 4.43382 8.5917 6.4075
threshold=-0.204483 -4.685992601504112 -0.34279249999999989 0.33248406402949621 -7.9272803883485734 -8.0478507056777104 0.037804851640672717 -4.7917139135934015 0.048638076405030491 -0.0045090024661624808 0.019461185750512814 -5.6336323981550338 -6.4665603489108898 -0.0058264100749526029 -6.4665603489108898 0.19205905374235713 -4.0337992961490192 0.34215380990052363 0.51689500522607468 -8.7286224734822486 0.3563243666622285 -0.12586299999999997 -0.22280337561569588 -0.142628 1.0889377500000001 -4.697598944740653 0.014754735309794322 0.11810349999999999 0.21296150000000003 -0.18903849999999997
decision_type=2 2 2 2 2 2 2 2 2 2 2 2 2 2 2 2 2 2 2 2 2 2 2 2 2 2 2 2 2 2
left_child=1 2 3 4 -1 -4 -7 8 9 11 12 -2 13 -11 15 -3 17 -16 20 -20 27 22 -22 -23 -25 26 -12 -9 -29 -30
right_child=7 14 5 -5 -6 6 -8 18 -10 10 25 -13 -14 -15 16 -17 -18 -19 19 -21 21 23 -24 24 -26 -27 -28 28 29 -31
leaf_value=-0.013392471736297012 0.015744007177030048 0.0078679838404059413 0.014754934815896882 0.046862547526093708 0.027817081778387848 0.0012040283419385864 -0.035709818807386218 0.00014878910156474411 0.015953779003680928 0.0033331432635895909 -0.0094682959174637558 -0.011066353491150949 -0.045996986423851922 -0.033273789342492824 -0.0066792134131206495 -0.046785314083099369 -0.0013790914319448515 -0.036931569743901493 -0.021031199564181625 0.006691055608939016 -0.0032340657985990961 -0.022834490397228645 -0.0327668320653694 -0.0026270774556219996 0.0098684683552561093 -0.027165258919390353 0.01627328188491187 -0.018971002551593952 0.026254124398387615 -0.0014460343856999523
leaf_weight=20 48 20 27 22 24 21 21 109184 38 20 175 32 20 20 123 20 3930 20 21 412 21 26 35 1005 78 26 35 70 21 3559
leaf_count=20 48 20 27 22 24 21 21 109184 38 20 175 32 20 20 123 20 3930 20 21 412 21 26 35 1005 78 26 35 70 21 3559
internal_value=-4.66166e-12 -0.00156635 0.00818147 0.0216778 0.00908547 -0.00472809 -0.0172529 5.79372e-05 -0.00556668 -0.00774162 -0.0111907 0.00501986 -0.0253125 -0.0149703 -0.0018863 -0.0194587 -0.00171373 -0.0109103 7.82863e-05 0.00534656 5.82759e-05 -0.00315787 -0.021692 -0.00222197 -0.00172712 -0.00760035 -0.00517803 9.14823e-05 -0.00162276 -0.00128355
internal_weight=119094 4248 135 66 44 69 42 114846 414 376 296 80 60 40 4113 40 4073 143 114432 433 113999 1165 56 1109 1083 236 210 112834 3650 3580
internal_count=119094 4248 135 66 44 69 42 114846 414 376 296 80 60 40 4113 40 4073 143 114432 433 113999 1165 56 1109 1083 236 210 112834 3650 3580
is_linear=0
shrinkage=0.05


Tree=118
num_leaves=31
num_cat=0
split_feature=2 7 10 6 4 0 11 3 5 3 6 8 8 7 10 6 9 6 7 6 10 10 0 9 3 8 4 4 0 11
split_gain=3.99582 9.94236 4.53943 10.2753 4.88217 4.82574 5.8668 5.76509 5.49911 9.56762 7.14453 7.38274 5.89817 4.94216 8.48945 6.12641 5.15197 5.76326 5.52956 6.26815 5.13405 5.30574 4.95487 6.65984 6.09461 5.31865 4.77089 6.62338 6.62872 6.15973
threshold=-0.48597517956129066 -1.4930075024446945 -0.12586299999999997 1.0943468274178154 -0.36354383065098894 0.51689500522607468 0.11810349999999999 -0.72171372095521202 -7.5203243678275458 -0.23413618302318887 -1.9119713892797587 -1.2927090690226455 -2.032661408101085 1.0000000180025095e-35 -0.087246499999999991 -1.7762842312137235 0.52842800000000012 -0.62838140585079683 -1.0487833304030032 -1.6059803506578556 -0.030613500000000012 0.00076150000000001228 -0.063190640737322654 0.15950625000000004 -0.35649701499020381 -2.5717200198624739 -0.10600934916099934 -0.028224709033360548 0.34040745046762683 0.013897999999999995
decision_type=2 2 2 2 2 2 2 2 2 2 2 2 2 2 2 2 2 2 2 2 2 2 2 2 2 2 2 2 2 2
left_child=1 -1 3 -2 -5 6 13 -8 9 -9 11 12 -11 16 -15 20 17 18 22 26 -16 -22 23 -4 25 -25 -20 -28 29 -29
right_child=2 -3 5 4 -6 -7 7 8 -10 10 -12 -13 -14 14 15 -17 -18 -19 19 -21 21 -23 -24 24 -26 -27 27 28 -30 -31
leaf_value=-0.0029469738844698419 -0.0010854390940902886 0.0048129647666640667 -0.015486001603202286 -0.0074696637839078905 -0.038133469665492026 0.0055391825955529612 0.021918152995407583 -0.036853603506460789 -0.0016166560641471821 -0.0029891421871357845 -0.034357987726107243 0.021842645259144214 -0.029196523554623127 0.020701911966042486 -0.027576304638856339 -0.0013423597818145341 0.0011817071649498012 -0.0024037110556732631 -0.0056625116374009101 0.0027546373245504801 0.0088562530092895029 -0.010899776153434357 -2.9872531922556062e-05 -0.0094750070317767259 0.00086863747367867377 0.0082069953466021774 0.0048621388174022642 -0.0060780836346869677 0.0082475155156346101 -0.02829448443192702
leaf_weight=612 7244 1268 61 25 27 398 25 28 3175 152 20 26 25 34 38 488 10303 2421 1150 461 40 226 76512 47 13274 447 310 156 62 39
leaf_count=612 7244 1268 61 25 27 398 25 28 3175 152 20 26 25 34 38 488 10303 2421 1150 461 40 226 76512 47 13274 447 310 156 62 39
internal_value=-1.62904e-12 0.00228686 -3.6679e-05 -0.00124442 -0.0233913 4.34867e-05 2.35152e-05 -0.00200532 -0.00217989 -0.00930444 -0.00584535 -0.00303623 -0.00669075 8.9524e-05 -0.00376296 -0.00481322 0.00011976 4.51654e-06 6.75341e-05 -0.00242197 -0.0103849 -0.00792894 0.000127553 0.000998543 0.00107158 0.0065247 -0.00381185 -5.83015e-05 -0.00599346 -0.0105214
internal_weight=119094 1880 117214 7296 52 109918 109520 3451 3426 251 223 203 177 106069 826 792 105243 94940 92519 2178 304 266 90341 13829 13768 494 1717 567 257 195
internal_count=119094 1880 117214 7296 52 109918 109520 3451 3426 251 223 203 177 106069 826 792 105243 94940 92519 2178 304 266 90341 13829 13768 494 1717 567 257 195
is_linear=0
shrinkage=0.05


Tree=119
num_leaves=31
num_cat=0
split_feature=2 0 11 10 8 11 10 1 6 8 1 6 7 10 11 5 0 8 1 11 9 8 9 8 10 1 7 1 3 2
split_gain=3.86656 5.35042 9.26729 5.16785 4.61098 5.60526 7.29105 9.23439 4.82634 7.08992 4.59391 6.54508 4.45985 7.37474 4.32072 6.65414 8.1468 6.1525 6.97995 5.53419 9.89618 6.55756 6.20903 11.1258 16.3933 8.36725 5.91254 5.74593 6.38408 7.12417
threshold=0.53547023947919092 0.11389564247855356 -0.142628 0.01736399999999998 -1.4260573590999026 0.11810349999999999 0.063047999999999979 0.24436051794638816 -2.4902369071519819 -2.4855905437261927 0.43831218028126889 -4.2904002558196987 -4.316549177640419 -0.49409349999999991 0.0083265000000000162 -2.3127488680087978 -0.12790067133625541 -2.152719770863869 -0.22075562177882055 -0.028130499999999944 0.20916625000000003 -3.1153949129596321 0.30141875000000001 -3.0946734582997362 0.13598200000000008 0.21872100626577831 -3.5571993523549903 -0.1270546860700579 -0.02064972603484105 -0.26730794081540349
decision_type=2 2 2 2 2 2 2 2 2 2 2 2 2 2 2 2 2 2 2 2 2 2 2 2 2 2 2 2 2 2
left_child=1 3 10 12 5 -4 7 -7 9 -8 11 -3 13 -1 19 -16 17 -17 -19 20 26 -22 27 24 -24 -25 -5 -21 29 -29
right_child=-2 2 4 14 -6 6 8 -9 -10 -11 -12 -13 -14 -15 15 16 -18 18 -20 22 21 -23 23 25 -26 -27 -28 28 -30 -31
leaf_value=0.018514391359610437 0.0012822059467319077 -0.032848494087882117 -0.0012580843124681436 0.00048192036671407327 0.00063395419834648924 -0.011427562970809801 -0.014791713003069163 -0.049294582222189222 -0.009322466880447515 0.022158103905039264 0.007763340722092173 -0.0090240272771201519 -0.00028853437897862649 -0.0034938918131309747 -0.00082705606345375598 0.014710029164865003 0.00030358014455756917 0.0073431871686400682 -0.001680797884886148 -0.0029506462516385632 -0.0058083921184645211 -0.0007169963453470639 0.012429824504109508 0.0018069859733796775 -0.021511992936333022 -0.0024129571741458872 0.013774185210622503 -0.0089536776831819417 6.7982041760710938e-05 0.0024523068152326917
leaf_weight=39 5603 33 8165 162 3727 69 20 21 92 37 33 228 36452 1586 14711 146 4821 521 364 1262 757 3843 405 12361 39 1298 173 141 17275 4710
leaf_count=39 5603 33 8165 162 3727 69 20 21 92 37 33 228 36452 1586 14711 146 4821 521 364 1262 757 3843 405 12361 39 1298 173 141 17275 4710
internal_value=-2.30947e-12 -6.33019e-05 -0.00104243 5.7071e-05 -0.000829845 -0.00147901 -0.00902652 -0.0202632 -0.00223927 0.00919326 -0.00981391 -0.0120363 -0.000402787 -0.00296569 0.000335056 -0.000259768 0.0011663 0.00520044 0.00363163 0.000623355 -0.000950631 -0.00155486 0.000830541 0.00165917 0.00944845 0.00140597 0.00734628 0.000330878 0.000518046 0.00212078
internal_weight=119094 113491 12425 101066 12131 8404 239 90 149 57 294 261 38077 1625 62989 20563 5852 1031 885 42426 4935 4600 37491 14103 444 13659 335 23388 22126 4851
internal_count=119094 113491 12425 101066 12131 8404 239 90 149 57 294 261 38077 1625 62989 20563 5852 1031 885 42426 4935 4600 37491 14103 444 13659 335 23388 22126 4851
is_linear=0
shrinkage=0.05


Tree=120
num_leaves=31
num_cat=0
split_feature=6 12 7 1 9 4 1 9 0 5 11 8 9 6 6 1 9 7 3 4 11 3 9 10 6 0 5 7 6 8
split_gain=3.63383 6.49368 6.6686 5.64038 4.34546 4.53467 4.94696 4.81249 4.23591 4.26961 4.1079 6.28133 7.53478 5.17641 4.82773 8.29033 4.35153 4.93124 5.3637 5.5743 5.05775 5.08933 4.71956 4.70511 5.0923 4.65068 4.61708 4.50536 5.28931 8.39199
threshold=0.62208236359720115 -0.13574949380769871 0.80553278013315566 -0.46361947481903587 0.35165175000000004 -0.010076735354140607 0.16066184145235532 0.24747300000000003 0.19397283332028495 1.6124734832451122 0.46210699999999993 -2.3878814871732126 0.5452435000000001 -1.2933256367675705 -4.2677213532023393 0.22344846482882511 0.6627557500000002 -0.75082161473017284 -0.0058032053179939971 -0.33398431623415592 -0.15991899999999995 -0.15103467960610814 1.0889377500000001 -0.40061299999999994 -0.34162466378050754 -0.090276105871572074 0.36146848217384536 -3.3080483748586276 -3.2157657831398985 -1.8543028592327493
decision_type=2 2 2 2 2 2 2 2 2 2 2 2 2 2 2 2 2 2 2 2 2 2 2 2 2 2 2 2 2 2
left_child=10 2 3 -2 5 6 -5 -7 9 -3 16 -12 -13 14 -14 -16 -1 18 20 22 21 -18 -20 25 27 -22 -19 -25 29 -29
right_child=1 8 -4 4 -6 7 -8 -9 -10 -11 11 12 13 -15 15 -17 17 26 19 -21 23 -23 -24 24 -26 -27 -28 28 -30 -31
leaf_value=-3.3008526326110089e-05 0.014341991377721837 0.0054767900895435232 -0.020636165470978809 0.00078795238958387554 -0.0068261554932223332 -0.027251502303850084 0.024962046039714057 0.0070191358320880679 0.017265778705477713 -0.01890065234316432 0.0028557414721966869 -0.038257060519286568 0.009714389485307038 0.0014572773307848436 -0.010390311817401181 -0.04251861461251974 -0.01426837854749166 0.002324135175335953 0.005731825999528377 0.00069621616963332468 -0.0050465009361505518 0.00060023502691795958 0.02810889803571627 -0.023550132502402579 -0.013008013747220991 0.025509323085178483 0.0096371681021992124 0.03574614792736247 -0.0010081135757981248 0.002960028161237205
leaf_weight=110919 41 82 63 59 523 21 33 20 55 23 166 21 20 104 102 25 146 2317 410 1758 20 95 25 21 86 33 238 25 1554 89
leaf_count=110919 41 82 63 59 523 21 33 20 55 23 166 21 20 104 102 25 146 2317 410 1758 20 95 25 21 86 33 238 25 1554 89
internal_value=-2.30795e-12 -0.00313022 -0.00505763 -0.00364953 -0.004774 0.00329577 0.00945909 -0.0105341 0.006025 0.000136969 2.43691e-05 -0.00480885 -0.00948651 -0.00707941 -0.013119 -0.0167148 4.23496e-05 0.0012685 0.000227283 0.00195017 -0.00159886 -0.00840731 0.00701786 -0.000701245 -0.00113958 0.0139788 0.00300535 -0.000535266 -0.000245511 0.01015
internal_weight=119094 920 760 697 656 133 92 41 160 105 118174 438 272 251 147 127 117736 6817 4262 2193 2069 241 435 1828 1775 53 2555 1689 1668 114
internal_count=119094 920 760 697 656 133 92 41 160 105 118174 438 272 251 147 127 117736 6817 4262 2193 2069 241 435 1828 1775 53 2555 1689 1668 114
is_linear=0
shrinkage=0.05


Tree=121
num_leaves=31
num_cat=0
split_feature=10 4 5 2 5 8 1 5 9 8 3 3 8 0 5 8 7 9 2 11 8 9 0 0 6 8 1 2 7 0
split_gain=3.55404 4.17781 6.52472 5.14984 6.24576 4.17153 6.323 5.79153 4.60911 6.56872 4.53271 5.64035 5.0633 4.36531 4.85335 5.91962 4.42819 8.81816 5.28021 4.85076 6.33024 5.96308 7.46963 5.25902 8.46324 6.84463 4.18255 4.09333 10.8798 4.96994
threshold=-0.22315999999999997 -1.0000000180025095e-35 -5.4111562314846253 0.61639806376955963 -5.5182484134844811 -4.0119331409987975 -0.027668660072697911 -3.4793210664385446 0.11506975000000001 -3.3280959802470971 0.58388018148071785 0.38137701659148265 -2.3030474574782582 0.51689500522607468 0.6378341227465022 0.61515601233369199 0.39437584531971381 0.88213700000000006 -0.62941152952214419 0.31141999999999997 -2.5801745263560552 0.44650825000000005 0.023957324144207596 0.040310177771196283 -3.4491204306953347 -1.8129631572290832 0.6447985787721684 -0.48597517956129066 -1.4930075024446945 -0.23831579253260746
decision_type=2 2 2 2 2 2 2 2 2 2 2 2 2 2 2 2 2 2 2 2 2 2 2 2 2 2 2 2 2 2
left_child=1 3 -3 -1 -5 6 7 -2 9 -7 11 12 -11 16 15 -15 19 -18 -19 27 -21 22 -22 24 -23 -25 -17 28 -10 -30
right_child=5 2 -4 4 -6 8 -8 -9 13 10 -12 -13 -14 14 -16 26 17 18 -20 20 21 23 -24 25 -26 -27 -28 -29 29 -31
leaf_value=-0.0015869308569258279 0.0072039066149579686 -0.031640100421319754 -0.0031194674252317503 0.029150732853931601 0.00250463175861124 0.017719134502112866 -0.0025757374785052188 -0.0081738516789444382 -0.0027860506206548339 -0.031728517264127731 -0.029878133170306683 0.01223968816470475 -0.0070285900749769981 0.0069854056826645534 0.021303370905419193 -0.023615456478936332 -0.009307394787170211 0.018727660684121981 -0.00042125589803617921 0.0029401150877769715 -0.00224756674308862 -0.033738673952492797 -0.04269758486747742 0.01812600011471659 -0.0066087338076319729 -0.0041719943610656583 -0.0006543529409956297 0.00010883267483457096 0.01184207845112741 0.0037545699923713181
leaf_weight=3562 315 29 65 29 91 24 2781 76 561 25 25 31 122 288 42 28 346 45 180 230 21 33 25 44 223 158 68 108680 263 684
leaf_count=3562 315 29 65 29 91 24 2781 76 561 25 25 31 122 288 42 28 346 45 180 230 21 33 25 44 223 158 68 108680 263 684
internal_value=-1.21966e-12 -0.00150945 -0.0119184 -0.00124371 0.00894411 4.94258e-05 -0.00173868 0.00421488 0.000100002 -0.00701747 -0.00994199 -0.00714197 -0.0112293 0.000114438 0.00516622 0.00340122 9.51355e-05 -0.00429674 0.00340853 0.000117744 -0.00393347 -0.00707023 -0.0242313 -0.00534663 -0.010106 0.000684995 -0.00735134 0.00014473 0.00273184 0.00600063
internal_weight=119094 3776 94 3682 120 115318 3172 391 112146 227 203 178 147 111919 426 384 111493 571 225 110922 734 504 46 458 256 202 96 110188 1508 947
internal_count=119094 3776 94 3682 120 115318 3172 391 112146 227 203 178 147 111919 426 384 111493 571 225 110922 734 504 46 458 256 202 96 110188 1508 947
is_linear=0
shrinkage=0.05


Tree=122
num_leaves=31
num_cat=0
split_feature=2 5 8 4 11 7 4 8 9 6 10 8 6 6 1 3 0 3 0 2 4 9 7 9 10 1 8 3 7 5
split_gain=3.39133 6.94096 6.71376 6.6443 6.51686 13.7471 9.71885 5.96451 5.60977 5.34597 4.65402 5.22871 8.74715 6.74894 6.73025 5.91685 5.74764 5.30596 4.61557 5.86837 7.07431 5.34953 4.85451 6.63565 4.72427 4.59596 6.24029 6.69876 6.41085 5.85411
threshold=0.22104460847240062 -7.1857965813610312 -4.7917139135934015 -0.060973813714573104 0.11810349999999999 -4.0049101061205628 -0.0086326772506141718 -0.45828399560586602 0.3780265000000001 -1.5099924667558946 1.0000000180025095e-35 -2.8401648244488311 -4.3856160918270719 -5.2682388205839912 0.040651950972397273 0.16534081537277814 0.39933890765301921 -0.16485474322366081 0.15052421044674416 0.044691921697155086 -0.2041471304846337 0.15635900000000003 -4.577970417832244 0.22712600000000002 0.31615150000000009 -0.037155178377410607 -2.9381743552183344 -0.29458112973689576 -0.4121299360677218 -3.065721310248787
decision_type=2 2 2 2 2 2 2 2 2 2 2 2 2 2 2 2 2 2 2 2 2 2 2 2 2 2 2 2 2 2
left_child=3 4 -3 18 -2 6 -6 9 -7 -5 -4 13 17 15 -14 -12 -16 -13 19 20 21 -1 23 -21 -24 26 -23 -28 29 -29
right_child=1 2 10 7 5 8 -8 -9 -10 -11 11 12 14 -15 16 -17 -18 -19 -20 22 -22 25 24 -25 -26 -27 27 28 -30 -31
leaf_value=-0.017805834133177996 -0.0014014410620811423 -0.015225451255145557 -0.00051233179814167784 -0.00075188867274486105 0.032926271948963408 -0.051192664052359761 -0.014267337353279196 0.021415189312150085 -0.0188928233595883 -0.004920893630435387 -0.0052208077615580051 -0.02600476306397468 0.0037622803841962263 0.0024368931639480568 0.0003502477003969803 0.017312701686666123 0.0064547230373935066 -0.0037848668480386636 -0.0016150769202303461 -0.0031862855344079438 -0.00070158735271984578 0.0035373966449969959 0.0012245384345887299 -0.034984808960663423 -0.0078443561507999127 0.0015329290827698239 0.0013331268137026734 -0.0014225960860428108 -0.005005763253537604 0.00065841322614608802
leaf_weight=40 2492 65 4762 22634 20 20 24 30 41 796 37 28 1983 3572 10038 137 401 664 3698 75 23274 1253 14913 21 145 7776 5810 7022 808 6515
leaf_count=40 2492 65 4762 22634 20 20 24 30 41 796 37 28 1983 3572 10038 137 401 664 3698 75 23274 1253 14913 21 145 7776 5810 7022 808 6515
internal_value=-1.48259e-12 0.000527202 0.000819722 -0.000135034 -0.00191557 -0.0141176 0.0071843 -0.000864997 -0.0294829 -0.000893525 0.000867957 0.00125781 0.000787208 0.0029053 0.00109199 0.0125211 0.000584743 -0.00468394 0.000104979 0.000199001 -5.11955e-05 0.000466777 0.00106576 -0.0101422 0.00113721 0.000491821 0.000113661 -9.91862e-05 -0.0006793 -0.000421061
internal_weight=119094 24284 21687 94810 2597 105 44 23460 61 23430 21622 16860 13114 3746 12422 174 10439 692 71350 67652 52498 29224 15154 96 15058 29184 21408 20155 14345 13537
internal_count=119094 24284 21687 94810 2597 105 44 23460 61 23430 21622 16860 13114 3746 12422 174 10439 692 71350 67652 52498 29224 15154 96 15058 29184 21408 20155 14345 13537
is_linear=0
shrinkage=0.05


Tree=123
num_leaves=31
num_cat=0
split_feature=11 0 5 2 9 4 1 9 0 0 10 11 4 4 10 11 10 6 0 1 7 7 0 2 9 10 2 6 1 6
split_gain=3.32683 6.39585 13.0613 12.1581 8.37457 6.88239 6.83736 4.67428 4.51377 6.00282 5.50461 10.0164 9.70444 6.33082 5.9537 4.50424 7.22 7.19056 9.832 9.99504 6.56205 5.79911 8.36056 12.173 10.3365 6.54248 5.70757 6.0504 5.55906 11.8877
threshold=-0.142628 0.097352286032354032 -5.4815000171768951 0.026700451200281531 0.39026225000000003 -0.76861104765756239 0.39337886371972003 1.2747032500000002 0.34040745046762683 0.13607340141462312 0.10853600000000001 0.067059500000000008 -0.45126915005546853 -0.27082112153184834 -0.16364649999999997 -0.0045179999999999795 0.033539000000000006 -3.3826167558716498 -0.052756256983544018 0.045875218434118688 -2.8464669382147858 -3.3810399072644777 0.012520844995881244 0.14441504165538946 0.22137925000000003 0.022875999999999942 0.91702592214066725 -3.9804231593065058 0.23883972357695984 -6.1338054052746172
decision_type=2 2 2 2 2 2 2 2 2 2 2 2 2 2 2 2 2 2 2 2 2 2 2 2 2 2 2 2 2 2
left_child=1 5 3 -3 -5 -1 -4 15 9 10 14 12 -12 -14 -9 17 28 18 -2 -20 -19 -21 23 25 -25 -23 -24 -28 -17 -30
right_child=7 2 6 4 -6 -7 -8 8 -10 -11 11 -13 13 -15 -16 16 -18 20 19 21 -22 22 26 24 -26 -27 27 -29 29 -31
leaf_value=0.027840561663643237 0.0040882654186898881 0.0084507520756839476 -0.0060933620789990839 -0.055427201568650511 -0.020782228162125597 -0.00088975320576969693 0.010797880276866061 0.018210947446942585 0.019757716400548818 -0.012273848451673985 0.0016274730928919534 0.00051348112756386397 0.062862813277170068 0.023079593479633332 -0.0080653406615879032 -0.00061912951844134883 0.00023597751636155923 -0.0013436975965030419 -0.00059428737309171387 0.00048800763727032802 0.00031950008896002984 0.0066559804509782154 0.0016263749692149955 0.017791529052938598 -0.0019712357540919829 0.0167928987729868 0.034606859281107231 -0.0016770487558096646 -0.02649461399798967 -0.0025648979210074348
leaf_weight=21 2470 24 283 26 53 2821 76 29 50 50 22 68 20 20 84 26665 34457 7784 7813 4098 24906 343 3501 78 436 297 27 20 53 2499
leaf_count=21 2470 24 283 26 53 2821 76 29 50 50 22 68 20 20 84 26665 34457 7784 7813 4098 24906 343 3501 78 436 297 27 20 53 2499
internal_value=2.975e-12 -0.00156443 -0.00702063 -0.022716 -0.0321844 -0.00067746 -0.0025175 4.46401e-05 0.00587286 0.00350343 0.00674979 0.0137659 0.0283008 0.0429712 -0.00132187 2.73241e-05 -0.000254294 0.000373677 0.00114491 0.000707292 -7.65333e-05 0.00186289 0.00306116 0.00675804 0.00102778 0.0113601 0.00185873 0.0191669 -0.000832494 -0.00306187
internal_weight=119094 3304 462 103 79 2842 359 115790 343 293 243 130 62 40 113 115447 63674 51773 19083 16613 32690 8800 4702 1154 514 640 3548 47 29217 2552
internal_count=119094 3304 462 103 79 2842 359 115790 343 293 243 130 62 40 113 115447 63674 51773 19083 16613 32690 8800 4702 1154 514 640 3548 47 29217 2552
is_linear=0
shrinkage=0.05


Tree=124
num_leaves=31
num_cat=0
split_feature=6 9 7 4 5 5 7 11 6 7 2 4 9 5 7 6 6 7 8 5 4 3 6 8 8 9 4 6 6 10
split_gain=3.29563 5.53087 6.67905 4.16719 3.75492 3.72819 5.52553 5.20793 6.41463 7.28282 9.31313 8.40124 7.4974 7.23016 7.09253 6.68804 5.00257 12.4886 6.6658 7.64988 6.06751 4.43369 5.92701 4.37741 4.25371 4.31768 4.39503 4.20629 4.19477 4.63858
threshold=0.62208236359720115 0.84674525000000012 0.80553278013315566 -0.051104097949861031 -2.7180970620526579 -0.96388732689272494 -1.9609852470662537 0.021109999999999993 -4.5737465992746786 -6.0515327842249702 0.32515552765600603 -0.018420673827993558 0.27135050000000005 -6.0548149512961063 -4.685992601504112 -5.2682388205839912 -2.2058698232841425 -1.7911679901294175 -3.1153949129596321 -2.8822184313895765 -0.20878974554074417 -0.25257436338808187 -5.2682388205839912 0.61515601233369199 -4.1230546506306007 0.16442575000000001 -0.00090019184914619233 -3.3045043136324135 0.3563243666622285 0.062155999999999996
decision_type=2 2 2 2 2 2 2 2 2 2 2 2 2 2 2 2 2 2 2 2 2 2 2 2 2 2 2 2 2 2
left_child=5 2 -2 -3 -4 7 -7 28 9 -9 21 15 13 -13 -10 -12 23 18 -18 20 -20 22 -11 24 -16 27 -27 -26 -1 -30
right_child=1 3 4 -5 -6 6 -8 8 14 10 11 12 -14 -15 16 -17 17 -19 19 -21 -22 -23 -24 -25 25 26 -28 -29 29 -31
leaf_value=0.0001195331554712343 -0.0038166356201980362 0.0011348921909882269 -0.037762302496349036 0.020700244614272379 -0.0094907558212677656 -0.0011188068322407346 0.0020058128790633664 0.005419093054894214 -0.022118275205751783 -0.038988464772701265 -0.049803416086015878 -0.0049313139983496517 0.0068948630372339739 -0.04168377885918903 -0.010651865411041813 -0.016248495210752344 -0.014274366723907559 0.000316209626603731 -0.0099282321067682162 -0.0010152760665333611 -0.0030873768817854664 -0.002911749996801688 -0.006384838386641248 -0.020657861120998863 0.015816999222881285 0.00056438179539354571 -0.0037379989552042713 -0.0069023096520039774 -0.0040626817319120859 -0.026044154237024487
leaf_weight=92697 659 182 23 32 24 1959 5094 181 38 20 27 32 47 23 88 33 149 3975 600 1522 705 1070 46 25 83 8901 636 27 168 28
leaf_count=92697 659 182 23 32 24 1959 5094 181 38 20 27 32 47 23 88 33 149 3975 600 1522 705 1070 46 25 83 8901 636 27 168 28
internal_value=-2.24674e-13 -0.002981 -0.0051154 0.00406055 -0.0233258 2.32074e-05 0.00113794 -4.75459e-05 -0.000820274 -0.00397671 -0.00528691 -0.0165022 -0.00776932 -0.0203005 -0.000541549 -0.0313482 -0.000492484 -0.00151759 -0.00396696 -0.0034237 -0.0062326 -0.00368754 -0.0162647 0.000237585 0.000291246 0.000391069 0.000277466 0.0102404 0.000104083 -0.00720289
internal_weight=119094 920 706 214 47 118174 7053 111121 18228 1479 1298 162 102 55 16749 60 16711 6951 2976 2827 1305 1136 66 9760 9735 9647 9537 110 92893 196
internal_count=119094 920 706 214 47 118174 7053 111121 18228 1479 1298 162 102 55 16749 60 16711 6951 2976 2827 1305 1136 66 9760 9735 9647 9537 110 92893 196
is_linear=0
shrinkage=0.05


Tree=125
num_leaves=31
num_cat=0
split_feature=2 0 11 8 2 10 6 8 10 7 10 1 6 11 3 9 10 5 4 8 7 0 7 10 1 11 6 3 7 8
split_gain=3.24174 4.4246 7.44786 4.53147 6.90434 4.46163 7.06676 5.16257 4.69057 4.57998 4.31691 3.87266 5.4462 3.8563 5.59855 5.69322 14.6109 7.24898 8.19285 5.22751 4.8149 4.98449 5.2315 5.01007 4.86311 4.55332 4.43998 5.52092 4.90736 5.58525
threshold=0.53547023947919092 0.11389564247855356 -0.142628 -3.2781604098115324 0.050662992691769666 -0.11816799999999995 0.62208236359720115 -1.3514353655178424 -0.40061299999999994 0.39437584531971381 0.01736399999999998 0.43831218028126889 -4.2904002558196987 -0.0075344999999999987 -0.074232685816889507 0.99512200000000017 -0.64096399999999998 -3.45952872278303 -0.67833855532380261 0.20296190791348631 -1.0187367008709967 -0.17239559042399358 -1.2214440430064442 -0.15203249999999996 -0.38403253533457971 -0.0085419999999999784 -4.1666611739316126 -0.46882516506305921 -1.8209510801535 -1.1083506524943345
decision_type=2 2 2 2 2 2 2 2 2 2 2 2 2 2 2 2 2 2 2 2 2 2 2 2 2 2 2 2 2 2
left_child=1 10 11 4 -4 6 7 8 -5 -9 13 12 -3 14 15 20 -17 -18 -19 -15 21 22 23 -1 -22 26 27 -23 29 -28
right_child=-2 2 3 5 -6 -7 -8 9 -10 -11 -12 -13 -14 19 -16 16 17 18 -20 -21 24 25 -24 -25 -26 -27 28 -29 -30 -31
leaf_value=-0.00041600905727439872 0.001174044808872094 -0.029837127736501507 -0.028636900339783597 0.0086471313088223711 -0.0041807443050983356 -0.00038573504684251089 -0.031931345926030828 0.0049732294685037974 -0.0092785692354734346 -0.016302432293265029 0.00030557190007575636 0.0073267616105802125 -0.0081044875454768274 -0.00088607543841661904 -0.00041064770340786281 -0.025010388340091422 0.044837021781131629 0.038689556877527925 0.00099867506195669593 -0.016053862163895056 0.00507152858350158 -0.014599756216921379 -0.0061310201036659162 0.018697269054246134 -0.0054254746148463887 0.010012226642543651 2.4365249482317551e-05 0.0068538472612229319 0.0038688613909305201 -0.011866585107282827
leaf_weight=48 5603 33 33 41 230 11245 23 198 332 29 62989 33 228 16652 15691 21 24 21 46 57 144 32 44 120 472 148 3102 477 876 102
leaf_count=48 5603 33 33 41 230 11245 23 198 332 29 62989 33 228 16652 15691 21 24 21 46 57 144 32 44 120 472 148 3102 477 876 102
internal_value=1.535e-12 -5.79621e-05 -0.000948353 -0.00075778 -0.00724939 -0.000613923 -0.00473266 -0.00369004 -0.00730818 0.00225519 5.15022e-05 -0.00881179 -0.0108523 -0.000368794 7.61628e-05 0.00142169 0.0125829 0.0212583 0.0128122 -0.000937818 0.00119706 0.00171593 0.00921669 0.0132363 -0.00297163 0.00138024 0.00110185 0.00550509 0.000552527 -0.000354186
internal_weight=119094 113491 12425 12131 263 11868 623 600 373 227 101066 294 261 38077 21368 5677 112 91 67 16709 5565 4949 212 168 616 4737 4589 509 4080 3204
internal_count=119094 113491 12425 12131 263 11868 623 600 373 227 101066 294 261 38077 21368 5677 112 91 67 16709 5565 4949 212 168 616 4737 4589 509 4080 3204
is_linear=0
shrinkage=0.05


Tree=126
num_leaves=31
num_cat=0
split_feature=2 4 8 1 7 8 5 11 0 9 3 11 4 7 9 6 0 7 3 6 9 9 5 1 9 4 0 1 5 6
split_gain=3.16121 6.99745 7.66147 5.84516 8.71501 4.85497 6.8845 8.69781 9.03712 11.3412 8.58701 7.315 7.01215 6.90678 8.4943 7.95011 6.81557 6.73088 5.89107 4.92417 10.727 17.3849 7.6917 4.93382 4.57062 5.82879 5.81297 4.80927 4.325 4.98554
threshold=0.15158252200422331 -0.060973813714573104 -0.58634601332366765 0.02443307531864403 -3.6810320043680052 -3.0540034196404986 -4.0508012780850349 -0.10674599999999997 0.097352286032354032 0.37431700000000007 0.038777965553887801 0.11810349999999999 -0.00090019184914619233 -6.0515327842249702 0.32851775000000005 -5.6336323981550338 0.035246357508688882 -2.8561377869971407 -0.088277575700214869 -7.1583493145329467 0.17482375000000003 0.11506975000000001 -9.0795883582492447 0.13719945074572362 0.63180300000000011 -0.36354383065098894 -0.17239559042399358 0.33349515798642376 -11.612820941196995 -6.1338054052746172
decision_type=2 2 2 2 2 2 2 2 2 2 2 2 2 2 2 2 2 2 2 2 2 2 2 2 2 2 2 2 2 2
left_child=1 -1 -3 4 28 -5 7 8 16 10 -10 19 13 -13 -15 -16 -7 -18 -17 20 21 22 -9 -21 25 27 -26 -8 -2 -30
right_child=3 2 -4 5 -6 6 24 11 9 -11 -12 12 -14 14 15 18 17 -19 -20 23 -22 -23 -24 -25 26 -27 -28 -29 29 -31
leaf_value=5.8170084187726161e-05 -0.023542441041874036 -0.0011314210399304629 0.029833927331492305 0.0012971049199945583 0.0024529059591663987 -0.0089663678396342174 -0.0043400841418794597 -0.036960815832018851 -0.015928162332158536 -0.0073297381725256593 -0.056244391695197141 0.020110594028268348 -0.033466308070691647 -0.034950538684747054 0.024379095211625099 -0.03082774097386461 0.030115796754566521 -0.0015894872948844384 -0.0047220208700309747 -0.0022816888268583214 -0.037975129282235037 0.037079652514131298 -0.00064860596038800265 0.00025583888228448 0.016378703652126684 0.00025568077642686924 0.0022434648628318825 -0.024380410900339485 0.0068543645291356372 -0.0059085666574723028
leaf_weight=67186 28 16385 20 6704 5261 148 119 25 25 79 28 22 27 28 20 26 26 47 128 2894 28 21 35 5666 76 11837 1692 40 96 377
leaf_count=67186 28 16385 20 6704 5261 148 119 25 25 79 28 22 27 28 20 26 26 47 128 2894 28 21 35 5666 76 11837 1692 40 96 377
internal_value=3.76241e-12 -0.000167882 -0.00109367 0.000395275 0.00185284 0.000112888 -0.000231731 -0.0012848 -0.00898248 -0.0193341 -0.0372273 -0.000980169 -0.00939494 -0.00649348 -0.00939096 -0.00527792 -0.00279963 0.00970281 -0.00912948 -0.00073653 -0.0112968 -0.00207468 -0.0157787 -0.000602059 0.000477734 0.000127943 0.00285109 -0.00938168 -0.0044485 -0.0033182
internal_weight=119094 83591 16405 35503 5762 29741 23037 9273 353 132 53 8920 251 224 202 174 221 73 154 8669 109 81 60 8560 13764 11996 1768 159 501 473
internal_count=119094 83591 16405 35503 5762 29741 23037 9273 353 132 53 8920 251 224 202 174 221 73 154 8669 109 81 60 8560 13764 11996 1768 159 501 473
is_linear=0
shrinkage=0.05


Tree=127
num_leaves=31
num_cat=0
split_feature=2 7 6 11 12 3 11 9 11 5 3 7 6 5 8 6 7 2 1 0 8 2 3 9 2 4 11 8 0 7
split_gain=2.99451 7.91726 3.55299 7.91993 5.2037 4.30902 4.20533 7.76849 3.62795 6.63613 4.51901 4.79436 12.9759 15.3812 7.21398 17.5678 17.7396 8.31096 6.00203 7.55734 6.97721 6.00984 5.76444 5.36848 5.28923 4.85325 18.2371 4.93732 5.39826 5.02831
threshold=-0.48597517956129066 -1.4930075024446945 0.62208236359720115 -0.25466599999999995 -0.13574949380769871 -0.45376172043010748 0.093479000000000076 0.58353600000000005 0.039620999999999983 -3.3201886793701534 3.6837581320737911 -2.6348255130316578 -5.3442000403709322 -8.2910879821438197 -1.7024157226246064 -5.4246888032584044 -3.238814407173078 1.0000000180025095e-35 0.20276885314022255 -0.014586133313960468 -2.0085553335050288 0.28548294771798738 0.45406138140002655 0.42391725000000008 0.38848716567941127 -0.0079152880845630418 0.11810349999999999 -1.0832497722515886 -0.098870056497175215 -1.8369793379148007
decision_type=2 2 2 2 2 2 2 2 2 2 2 2 2 2 2 2 2 2 2 2 2 2 2 2 2 2 2 2 2 2
left_child=1 -1 8 -4 6 -6 -5 -8 -2 10 11 14 13 -13 18 24 -17 -18 19 21 -21 23 -20 -10 -16 27 -27 28 -14 -29
right_child=2 -3 3 4 5 -7 7 -9 9 -11 -12 12 25 -15 15 16 17 -19 22 20 -22 -23 -24 -25 -26 26 -28 29 -30 -31
leaf_value=-0.0026907938236166769 8.6915390189411777e-05 0.0042339068721278057 -0.032949595830657263 -0.0028307258172668905 0.026458978361915797 0.0023029709196998741 -0.037404868946759963 -0.0022978690837044272 0.0026958965148968219 0.00022672628636480289 0.014637261191383005 0.0032885799407958989 -0.0085510207694342259 -0.048060912383454189 -0.0048318693498996179 -0.05131047012077438 -0.025666942537734008 0.0095568830215865194 0.01404455289129139 -0.0028925243271607027 0.017275462242436004 -0.022156574019252386 -0.0090978357872432657 0.014798338481545726 0.028195267569929086 -0.0015044684085867132 -0.042898388413919346 -0.012839413341134788 -0.0024403167286071027 0.0029263683906068333
leaf_weight=612 104115 1268 22 600 24 80 26 40 467 6784 40 25 468 35 22 36 33 34 129 1691 44 21 34 114 27 102 36 56 1587 522
leaf_count=612 104115 1268 22 600 24 80 26 40 467 6784 40 25 468 35 22 36 33 34 129 1691 44 21 34 114 27 102 36 56 1587 522
internal_value=1.78214e-12 0.0019797 -3.17524e-05 -0.00336934 -0.00252419 0.00787743 -0.00414846 -0.0161279 -9.04737e-06 -0.000820875 -0.00210766 -0.00222982 -0.00366083 -0.0266653 -0.000702222 -0.0112782 -0.0230024 -0.00779217 -5.92045e-05 -0.000706218 -0.00238106 0.00412077 0.00921731 0.00507056 0.0133668 -0.00316272 -0.0123029 -0.00268367 -0.00383195 0.00139889
internal_weight=119094 1880 117214 792 770 104 666 66 116422 12307 5523 5483 2831 60 2652 152 103 67 2500 2337 1735 602 163 581 49 2771 138 2633 2055 578
internal_count=119094 1880 117214 792 770 104 666 66 116422 12307 5523 5483 2831 60 2652 152 103 67 2500 2337 1735 602 163 581 49 2771 138 2633 2055 578
is_linear=0
shrinkage=0.05


Tree=128
num_leaves=31
num_cat=0
split_feature=2 5 8 11 7 4 4 6 9 1 6 8 6 10 5 5 8 7 0 11 11 11 12 11 5 8 11 3 2 2
split_gain=2.91349 5.6831 5.83124 5.42065 11.5059 8.0698 5.31992 5.21709 4.71154 4.36507 5.63382 4.06368 4.05158 10.5501 5.54462 7.7757 7.45502 7.87408 7.3382 6.72155 4.5663 4.03597 3.93537 6.62906 6.49766 5.92241 4.40202 4.02528 6.56452 5.63831
threshold=0.22104460847240062 -7.1857965813610312 -4.7917139135934015 0.11810349999999999 -4.0049101061205628 -0.0086326772506141718 -0.066171112485441316 -1.5099924667558946 0.3780265000000001 0.035068674711393751 -1.3256067280122912 -0.52469514197578759 -5.1370560909158876 0.17055750000000006 -7.3579847048650597 -9.7602806985147534 -0.64066151485626388 -2.8655265753333499 0.017672836489130653 -0.052136499999999995 0.01981400000000003 -0.0060084999999999991 0.18253353331992675 -0.21103749999999996 -6.1981213154076844 -1.1782015462089306 -0.010425500000000002 0.060487167091500489 1.3297423747402271 0.23185215570524267
decision_type=2 2 2 2 2 2 2 2 2 2 2 2 2 2 2 2 2 2 2 2 2 2 2 2 2 2 2 2 2 2
left_child=6 3 -3 12 5 -5 -1 11 -6 10 -9 -8 13 14 15 18 17 19 -2 -17 -21 -20 23 24 -4 26 -24 28 29 -25
right_child=1 2 22 4 8 -7 7 9 -10 -11 -12 -13 -14 -15 -16 16 -18 -19 21 20 -22 -23 25 27 -26 -27 -28 -29 -30 -31
leaf_value=9.9881004918254946e-05 -0.02256466885700717 -0.014200129245336241 -0.03127621597108933 0.030094685163348914 -0.046803353112190964 -0.012909151132528981 -0.00062955675851451821 -0.0099668303942855672 -0.017202134657560327 -0.0060737037462043906 0.010673014734415932 0.021917709260742414 -0.00029231211613767812 -0.0318732577645486 -0.024822611893926348 0.023847520900400064 0.032687948900274932 -0.019635739397162049 -0.011756854206323624 -0.0036031694056537864 0.018037950117141009 0.012254969753724124 0.035381588060408829 0.0060315794924933339 -0.0047282304503958386 0.0033738424895927012 0.0050981199812321441 0.0011293849922871036 0.015316116513355474 -0.001516326418735063
leaf_weight=69661 71 65 26 20 20 24 24244 51 41 740 94 20 2031 35 28 38 20 39 35 130 30 35 28 267 203 247 21 17393 63 3374
leaf_count=69661 71 65 26 20 20 24 24244 51 41 740 94 20 2031 35 28 38 20 39 35 130 30 35 28 267 203 247 21 17393 63 3374
internal_value=-2.84103e-12 0.000488651 0.000753342 -0.00172173 -0.0128503 0.00663805 -0.00012516 -0.000748507 -0.0269075 -0.00451931 0.00341348 -0.000610972 -0.00125283 -0.00548451 -0.00331642 -0.00180342 0.00337314 0.000899318 -0.0112387 0.0049441 0.000454541 0.000249058 0.000798295 0.000718824 -0.00774241 0.00652393 0.022403 0.000810668 -0.000685944 -0.000962827
internal_weight=119094 24284 21687 2597 105 44 94810 25149 61 885 145 24264 2492 461 426 398 257 237 141 198 160 70 21622 21326 229 296 49 21097 3704 3641
internal_count=119094 24284 21687 2597 105 44 94810 25149 61 885 145 24264 2492 461 426 398 257 237 141 198 160 70 21622 21326 229 296 49 21097 3704 3641
is_linear=0
shrinkage=0.05


Tree=129
num_leaves=31
num_cat=0
split_feature=10 4 5 2 5 6 1 9 8 5 6 5 5 4 9 1 1 10 3 7 10 11 2 8 0 2 0 9 2 11
split_gain=2.8384 3.27035 5.19328 4.43366 5.68344 3.88862 3.26828 3.85978 3.16788 8.43447 9.37406 4.00153 3.77049 7.12067 6.12459 4.93157 4.46963 4.05564 3.8149 3.70393 5.33246 4.0561 3.58663 3.2445 3.42404 3.21367 4.36899 3.34355 3.08291 3.03279
threshold=-0.22315999999999997 -1.0000000180025095e-35 -5.4111562314846253 0.61639806376955963 -5.5182484134844811 -0.74428529032435431 0.13922354202641532 0.44952925000000005 -4.4489592662414834 -9.7602806985147534 -4.5152060559701992 -3.8503937443366691 -5.922933875218809 -0.0086326772506141718 0.11506975000000001 0.072749853385802546 -0.0073615216501890504 0.013721500000000013 0.30813831503695327 -4.685992601504112 0.020905499999999997 0.0017120000000000193 0.19508159389955873 -4.7917139135934015 0.03605486944611181 0.093612148932396458 -0.03379458833841819 0.16886200000000004 0.013388480985198627 -0.51730049999999983
decision_type=2 2 2 2 2 2 2 2 2 2 2 2 2 2 2 2 2 2 2 2 2 2 2 2 2 2 2 2 2 2
left_child=1 3 -3 -1 -5 -6 -4 -8 9 -2 12 23 13 19 -15 16 -14 -16 28 20 21 -11 -22 -12 25 26 -25 -28 -18 -10
right_child=8 2 6 4 5 -7 7 -9 29 10 11 -13 15 14 17 -17 18 -19 -20 -21 22 -23 -24 24 -26 -27 27 -29 -30 -31
leaf_value=-0.0014322918790798268 -0.01654243436411466 -0.028153116230306953 -0.019525916278362275 0.027614620783976442 -0.0050520899415504739 0.016934751821681856 0.017863738350570202 -0.011605744529515506 -0.0054561628349831387 0.017580341023858637 -0.020821883203461768 -0.019889495173907458 0.0080659327497922401 0.014157474451722244 -0.023553195444754128 0.013304296457208693 -0.023777258638292553 -0.0021908513112815424 -0.02584159272317324 -0.0037553091781834763 0.0023234834355701293 0.04471656532869453 0.025467928761447017 -0.01170346898958087 -0.021088482229970396 -0.0096847689812775799 0.027817738863329097 0.0015586901794780385 -0.0020964295053240529 7.9079868489070326e-05
leaf_weight=3562 101 29 20 29 61 30 25 20 248 40 28 68 43 39 33 40 20 68 31 30 70 21 22 20 20 41 27 22 91 114195
leaf_count=3562 101 29 20 29 61 30 25 20 248 40 28 68 43 39 33 40 20 68 31 30 70 21 22 20 20 41 27 22 91 114195
internal_value=-1.78973e-12 -0.00134894 -0.0105583 -0.00111383 0.00833908 0.00219632 -0.0027083 0.00476619 4.41702e-05 -0.00295289 -0.00117958 -0.00974798 0.0023541 0.00581563 -0.00267208 -0.00261512 -0.00605716 -0.00917063 -0.0103339 0.012309 0.0154588 0.0269223 0.00785802 -0.00538327 -0.00205803 0.00140205 0.00798987 0.016028 -0.00600289 6.70849e-05
internal_weight=119094 3776 94 3682 120 91 65 45 115318 875 774 226 548 323 140 225 185 101 142 183 153 61 92 158 130 110 69 49 111 114443
internal_count=119094 3776 94 3682 120 91 65 45 115318 875 774 226 548 323 140 225 185 101 142 183 153 61 92 158 130 110 69 49 111 114443
is_linear=0
shrinkage=0.05


Tree=130
num_leaves=31
num_cat=0
split_feature=2 1 2 7 9 5 11 11 2 1 0 8 5 11 12 6 8 1 2 7 8 4 10 0 10 11 8 10 6 0
split_gain=2.74237 7.4882 5.48469 5.62901 6.40173 12.3647 6.71796 5.93085 5.89615 5.11024 5.08161 4.49257 4.39252 6.77093 5.28481 6.95304 6.07756 7.5859 7.05759 5.00411 8.52585 8.31479 4.86966 4.63643 5.87892 4.78024 4.59536 4.5036 5.46882 4.94646
threshold=0.13020327421726455 -0.017200806384625341 -0.10204942038782126 -5.0861548832608099 0.20664800000000003 -8.427999936454464 0.010879999999999989 -0.038667 0.0019815477643935213 -0.026127454453556406 0.24443855308118304 -4.2912813858441234 -3.0847803301791688 -0.51730049999999983 0.49479369188800154 -0.5662826261384527 -1.055552474755709 -0.21413448613136113 -0.45899096372956999 -2.8157228262792979 -1.0250093991921054 -0.28387096774193543 0.10853600000000001 0.011800166790018609 0.05256000000000003 0.179837 -2.4682678095332058 0.10533899999999997 -3.5306408967432805 -0.13887454466852037
decision_type=2 2 2 2 2 2 2 2 2 2 2 2 2 2 2 2 2 2 2 2 2 2 2 2 2 2 2 2 2 2
left_child=2 10 9 4 6 -6 7 -4 -7 12 -2 -3 19 -14 16 -16 17 -15 -18 20 -1 -21 -20 24 -19 26 -25 28 -26 -30
right_child=1 11 3 -5 5 8 -8 -9 -10 -11 -12 -13 13 14 15 -17 18 23 22 21 -22 -23 -24 25 27 -27 -28 -29 29 -31
leaf_value=0.00135477456004206 0.002636580311486099 -0.0049715410360750591 -0.019151611197739841 -0.00052134904734149785 -0.0073972306566665305 0.049098249929754631 -0.0089798748921602958 0.0094663084024308661 0.01809293712772753 0.0015753507805864016 -0.014082257368642352 0.00017601778708766703 -0.018584433731933435 0.0036616349821098956 0.028454768978990616 0.00072670244755080118 0.0021785402673128573 -0.001728045188908473 -0.0051367093970494486 -0.0003106979812770509 -0.027971891017630698 -0.0038769996020492992 0.0024025419372430243 0.0093307048924816186 0.028027677244972439 0.024279517433247889 0.001090191300050959 -0.0026402086925396808 0.01176414253743879 0.0018146285035816783
leaf_weight=2854 3798 429 20 51231 37 23 100 191 46 6913 46 35442 45 2510 40 52 798 2823 1135 5715 25 2289 264 207 24 26 926 302 156 627
leaf_count=2854 3798 429 20 51231 37 23 100 191 46 6913 46 35442 45 2510 40 52 798 2823 1135 5715 25 2289 264 207 24 26 926 302 156 627
internal_value=2.20374e-12 0.000339206 -0.000169712 -0.000474256 0.00531147 0.015923 0.00169468 0.00675371 0.028428 0.000397489 0.00243651 0.000114455 6.35851e-06 0.000766506 0.000854553 0.0127824 0.000742555 0.00141205 -0.0015737 -0.000687573 0.00110011 -0.0013306 -0.00371401 0.00030294 -0.00051627 0.00308217 0.00259574 0.00256835 0.00451752 0.00379691
internal_weight=119094 39715 79379 51648 417 106 311 211 69 27731 3844 35871 20818 9935 9890 92 9798 7601 2197 10883 2879 8004 1399 5091 3932 1159 1133 1109 807 783
internal_count=119094 39715 79379 51648 417 106 311 211 69 27731 3844 35871 20818 9935 9890 92 9798 7601 2197 10883 2879 8004 1399 5091 3932 1159 1133 1109 807 783
is_linear=0
shrinkage=0.05


Tree=131
num_leaves=31
num_cat=0
split_feature=6 11 12 11 7 1 0 0 9 10 11 8 9 6 6 1 10 10 0 9 6 9 4 2 3 11 6 7 8 11
split_gain=2.6645 4.6637 4.31784 3.65366 3.215 3.56334 4.84291 3.4414 4.44204 4.02887 3.0842 5.30397 5.62053 4.20616 4.63449 7.04422 3.50051 3.73979 3.34415 3.92552 8.54616 3.40786 3.30351 6.29196 4.29696 4.12982 6.28792 8.81408 5.3875 6.12501
threshold=0.62208236359720115 -0.25466599999999995 -0.13574949380769871 0.246304 0.80553278013315566 -0.46361947481903587 -0.17239559042399358 0.15454871293580977 0.32717525000000003 0.12489200000000004 0.46210699999999993 -2.3878814871732126 0.5452435000000001 -1.2933256367675705 -4.2677213532023393 0.22344846482882511 0.025073500000000016 0.54666550000000003 0.39933890765301921 0.18184825000000002 -3.8958113570662376 1.2747032500000002 -0.0050838027204612715 0.013388480985198627 -0.11405090725009091 -0.061167499999999965 -4.0153366605784315 -2.5448688389223402 -1.4461358677886118 0.179837
decision_type=2 2 2 2 2 2 2 2 2 2 2 2 2 2 2 2 2 2 2 2 2 2 2 2 2 2 2 2 2 2
left_child=10 -2 3 4 5 -3 -7 8 -8 -9 18 16 -13 14 -14 -16 -12 -18 22 -20 -21 -22 -1 -24 -25 26 27 -26 29 -27
right_child=1 2 -4 -5 -6 6 7 9 -10 -11 11 12 13 -15 15 -17 17 -19 19 20 21 -23 23 24 25 28 -28 -29 -30 -31
leaf_value=8.9624068148025913e-05 -0.023153574405996889 0.012810625558670023 0.005615138929756301 -0.0247164026228711 -0.014235284714170305 -0.0096678388056077782 0.026809042585747584 -0.0017469320329710413 0.002359309581597191 -0.022886226445436478 -0.0078745400103238921 -0.033313990419819244 0.010541054886707571 0.0013087158995823793 -0.0095239353478866508 -0.039139367923140531 0.014438004590369561 -0.0045377897971775388 0.019937471459236217 -0.020215789585087737 0.0030431701914422861 0.019276043728870505 -0.024180083957918246 -0.01478141985240985 -0.0078985318716540444 -0.00068078690355832805 0.00028107243213945854 -0.038473995535501411 0.0046479863170091982 -0.013015801043537282
leaf_weight=108394 27 38 152 20 59 188 21 229 161 25 52 21 20 104 102 25 74 40 34 39 659 34 29 55 149 7544 195 28 474 102
leaf_count=108394 27 38 152 20 59 188 21 229 161 25 52 21 20 104 102 25 74 40 34 39 659 34 29 55 149 7544 195 28 474 102
internal_value=2.45735e-12 -0.0026804 -0.00206139 -0.00363606 -0.00305131 -0.00205455 -0.0029598 -6.73494e-05 0.00518043 -0.00382757 2.08673e-05 -0.00416705 -0.00846541 -0.00638645 -0.0118306 -0.0153537 0.00287605 0.00777983 3.64471e-05 0.00332936 0.00255795 0.00383959 1.48828e-05 -0.000929789 -0.0008509 -0.000760677 -0.00591222 -0.0127353 -0.00052467 -0.00084534
internal_weight=119094 920 893 741 721 662 624 436 182 254 118174 438 272 251 147 127 166 114 117736 766 732 693 116970 8576 8547 8492 372 177 8120 7646
internal_count=119094 920 893 741 721 662 624 436 182 254 118174 438 272 251 147 127 166 114 117736 766 732 693 116970 8576 8547 8492 372 177 8120 7646
is_linear=0
shrinkage=0.05


Tree=132
num_leaves=31
num_cat=0
split_feature=11 5 7 12 11 0 3 3 3 6 7 8 11 10 10 6 0 0 11 4 5 12 9 6 1 3 4 2 5 5
split_gain=2.62342 6.44985 6.27567 6.14116 5.7147 4.30791 4.65806 4.58096 4.19671 4.34771 13.0708 5.36723 6.81887 5.13399 4.1793 4.15817 4.9078 3.87603 3.82376 5.1939 9.55676 3.90391 3.56948 3.56457 3.87925 3.53799 3.42825 3.8795 5.36439 3.74656
threshold=0.0046194999999999995 -1.6157170402401306 0.80553278013315566 0.18253353331992675 -0.098558999999999966 0.51689500522607468 0.86963219601649044 -0.2282758492588122 3.6837581320737911 -1.9631182898253001 -2.439854017622467 0.61515601233369199 0.081230500000000025 0.053640499999999987 0.021577500000000017 -3.5600753359236141 -0.19748794364514963 -0.12790067133625541 0.015824499999999988 -0.0050838027204612715 -4.5209016100405996 0.49479369188800154 0.48455325000000005 -1.5346999541000981 0.12273224587228961 -0.50582282642724086 -0.057015042695058908 0.046596492233026872 -11.612820941196995 -3.3201886793701534
decision_type=2 2 2 2 2 2 2 2 2 2 2 2 2 2 2 2 2 2 2 2 2 2 2 2 2 2 2 2 2 2
left_child=2 8 5 4 -4 -1 7 25 9 11 22 15 -13 -12 -9 16 -2 -3 -15 21 -21 -20 23 24 -11 -7 27 29 -29 -17
right_child=1 17 3 -5 -6 6 -8 14 -10 10 13 12 -14 18 -16 26 -18 -19 19 20 -22 -23 -24 -25 -26 -27 -28 28 -30 -31
leaf_value=0.00017987103102166824 -0.015070223290099567 0.003736598881252778 -0.032320181562775573 0.0086457059877674755 -0.0084295824773681274 0.016284824760320286 -0.01212891266681254 0.039327703312039379 0.0077493176689992357 -0.0079145039420484772 -0.0024788039625569997 0.0010129837238270305 -0.038394517180997706 0.0040004948932434005 0.010416474208235741 -0.00093266381083384085 -0.00096472415739245793 0.00055030439096372683 -0.00019396749192195328 -0.040544463761828166 -0.0037417046898410898 0.018577038310468197 -0.023549950697148839 -0.015476017014460384 0.0023096492198311676 -0.011474586443298242 -0.00096416033536525297 0.017980133265686725 0.0018019670310503461 0.0012705971869520654
leaf_weight=77358 62 1152 31 41 130 24 20 25 150 434 3123 23 21 589 25 4343 11467 5566 2577 22 89 28 36 113 118 22 4479 52 3502 3472
leaf_count=77358 62 1152 31 41 130 24 20 25 150 434 3123 23 21 589 25 4343 11467 5566 2577 22 89 28 36 113 118 22 4479 52 3502 3472
internal_value=-6.29744e-13 -0.000321372 0.00017136 -0.00863019 -0.0130296 0.000194309 0.0098226 0.0143958 -0.000595912 -0.000632143 -0.00173217 -0.000346154 -0.0177951 -0.00102516 0.0248721 -0.00031811 -0.00104058 0.00109669 0.000348443 -0.000443552 -0.0110359 7.7938e-06 -0.00821533 -0.00738518 -0.00572891 0.00300858 0.000207467 0.000669048 0.00203868 4.61874e-05
internal_weight=119094 41418 77676 202 161 77474 116 96 34700 34550 7129 27421 44 6428 50 27377 11529 6718 3305 2716 111 2605 701 665 552 46 15848 11369 3554 7815
internal_count=119094 41418 77676 202 161 77474 116 96 34700 34550 7129 27421 44 6428 50 27377 11529 6718 3305 2716 111 2605 701 665 552 46 15848 11369 3554 7815
is_linear=0
shrinkage=0.05


Tree=133
num_leaves=31
num_cat=0
split_feature=10 11 0 11 5 2 1 7 4 1 8 6 2 8 9 0 9 10 4 0 11 6 10 5 7 7 1 3 11 10
split_gain=2.56174 5.25572 5.11286 4.89918 5.15471 5.8962 4.98858 6.76987 4.75124 5.0015 6.35193 6.27264 4.87645 4.74675 6.52392 4.60584 5.35365 8.0896 4.57068 4.56487 4.36833 5.46303 8.56657 8.22496 6.9897 5.54979 9.4491 5.94813 5.08233 6.11546
threshold=0.020905499999999997 -0.045346499999999977 -0.29484245847778245 -0.010663499999999991 -17.170093932826425 0.33965759188600936 0.14587706373398415 0.80553278013315566 -0.38593898205449512 -0.1270546860700579 -1.055552474755709 -1.1338114527935306 -0.62941152952214419 -3.7260723853377482 0.26909450000000007 0.046485042986332721 0.21799700000000002 0.13598200000000008 -0.009358862544003475 0.51689500522607468 -0.0041425000000000203 -3.1124168837824771 0.055442000000000026 -8.2910879821438197 -2.3668139278176268 -3.3570157494659187 0.027011304444378496 0.2282970230512166 -0.011344500000000006 0.1602365
decision_type=2 2 2 2 2 2 2 2 2 2 2 2 2 2 2 2 2 2 2 2 2 2 2 2 2 2 2 2 2 2
left_child=3 2 -2 6 5 -5 8 19 9 10 -1 -12 -13 -4 -15 20 17 -17 -19 -8 21 22 23 -3 -23 -25 -27 -28 -26 -30
right_child=1 15 13 4 -6 -7 7 -9 -10 -11 11 12 -14 14 -16 16 -18 18 -20 -21 -22 24 -24 25 28 26 27 -29 29 -31
leaf_value=0.0059185724131277468 -0.020260866414252166 -0.0030254941172375232 -0.0095953227302346226 0.0029732476651277372 -0.00085061168026431117 0.023623919933556749 0.0018107949849426445 -0.015227526612579824 -0.00041912421823604701 -0.0012703264879918314 -0.0046340513849081524 0.021140965163940567 0.0025408528345586684 0.0041006929482995677 -0.0021451801783409024 -0.0025705088947493913 5.1107016586826541e-05 0.014062313628146203 -0.0011977208002159994 0.018572769543474043 0.00022262899105824561 -0.0012358423106806629 -0.0013437874996746705 0.0018611288351397474 0.00040465376080673043 0.0027136707723600241 0.011339884946619723 0.0043500711399915995 0.0034216974251314197 0.025155056102173126
leaf_weight=1032 37 499 174 304 24710 39 4359 58 16800 848 378 40 296 502 2501 3545 19101 118 84 41 28736 3668 1326 2327 2879 1717 730 522 1690 33
leaf_count=1032 37 499 174 304 24710 39 4359 58 16800 848 378 40 296 502 2501 3545 19101 118 84 41 28736 3668 1326 2327 2879 1717 730 522 1690 33
internal_value=-2.2222e-12 0.000193568 -0.00178151 -0.000277811 -0.000766112 0.00532128 0.000235077 0.00174328 -0.000111607 0.00188003 0.0034101 -0.000215603 0.00475515 -0.0015663 -0.00110108 0.000288349 -0.000287881 -0.00201594 0.00771656 0.00196699 0.000586708 0.00126647 0.00228163 0.00311119 0.000392348 0.0036894 0.00512234 0.0084256 0.00169009 0.00383795
internal_weight=119094 70189 3214 48905 25053 343 23852 4458 19394 2594 1746 714 336 3177 3003 66975 22848 3747 202 4400 44127 15391 7121 5795 8270 5296 2969 1252 4602 1723
internal_count=119094 70189 3214 48905 25053 343 23852 4458 19394 2594 1746 714 336 3177 3003 66975 22848 3747 202 4400 44127 15391 7121 5795 8270 5296 2969 1252 4602 1723
is_linear=0
shrinkage=0.05


Tree=134
num_leaves=31
num_cat=0
split_feature=2 1 2 7 9 5 11 2 11 1 0 7 4 1 6 0 9 3 6 11 8 7 6 8 8 0 5 6 6 11
split_gain=2.51332 6.64544 4.78849 5.27243 5.84879 11.1009 6.0153 5.26542 5.21226 4.66154 4.5568 4.24515 4.60843 4.64312 4.34707 7.46232 5.03744 4.19796 9.40817 4.33994 4.08906 4.14523 4.08492 6.59924 4.67351 13.8388 12.8184 13.6211 7.58717 9.64374
threshold=0.13020327421726455 -0.017200806384625341 -0.10204942038782126 -5.0861548832608099 0.20664800000000003 -8.427999936454464 0.010879999999999989 0.0019815477643935213 -0.038667 -0.026127454453556406 0.24443855308118304 -3.5571993523549903 -0.17684026842308773 0.24436051794638816 -2.4486939094827185 0.044724065358701 0.4693520000000001 -0.45376172043010748 -0.42548333692206747 0.129186 -4.2912813858441234 -4.1904027424236379 -1.1013432900674323 -1.3514353655178424 -3.1481775420424474 0.068796355293556669 -2.9843214267242053 -4.6049035850619502 -5.9227674387528646 0.024138999999999983
decision_type=2 2 2 2 2 2 2 2 2 2 2 2 2 2 2 2 2 2 2 2 2 2 2 2 2 2 2 2 2 2
left_child=2 10 9 4 6 -6 8 -7 -4 -1 -2 -11 13 -13 16 -16 -14 18 19 -3 21 -19 24 -24 25 26 27 -5 29 -26
right_child=1 17 3 22 5 7 -8 -9 -10 11 -12 12 14 -15 15 -17 -18 20 -20 -21 -22 -23 23 -25 28 -27 -28 -29 -30 -31
leaf_value=-6.0532202803311643e-06 0.0024899505296347157 -0.0067248546107387093 -0.017802766514942052 -0.0026385617964223979 -0.0068009532799289847 0.046677457411652024 -0.0084055153569206602 0.017377410630655031 0.00902549049793255 -0.0033916262780996007 -0.013342032907151051 0.0017985385707598258 0.0066797822708481282 -0.0028716983586614046 -0.0095109594648030392 0.010137184061219587 0.032210413850843909 -0.0027986294212094111 0.014293038486330598 -0.03020751016835372 0.00022880017364207119 -0.017502462401647458 -0.0042119809166174934 0.0013555444939903078 0.011787101091843229 -0.0064356617231775704 -0.003941670316252247 0.0010936936835822929 -0.00012551437497727952 -0.01979309636409636
leaf_weight=20818 3798 312 20 3459 37 23 100 46 191 418 46 5115 569 594 112 85 20 373 54 21 35056 55 1704 774 231 1131 2501 8336 33068 27
leaf_count=20818 3798 312 20 3459 37 23 100 46 191 418 46 5115 569 594 112 85 20 373 54 21 35056 55 1704 774 231 1131 2501 8336 33068 27
internal_value=-3.74007e-12 0.000324731 -0.00016247 -0.000447029 0.00515244 0.0152954 0.00169538 0.0271441 0.00648253 0.000367511 0.00230049 0.00149247 0.0018068 0.00131262 0.00539623 -0.00103333 0.0075467 0.000113005 -0.00506638 -0.00820574 0.000169493 -0.00468814 -0.000492607 -0.00247297 -0.000391949 -0.00111147 -0.000690254 -8.27021e-07 -5.8876e-05 0.0084822
internal_weight=119094 39715 79379 51648 417 106 311 69 211 27731 3844 6913 6495 5709 786 197 589 35871 387 333 35484 428 51231 2478 48753 15427 14296 11795 33326 258
internal_count=119094 39715 79379 51648 417 106 311 69 211 27731 3844 6913 6495 5709 786 197 589 35871 387 333 35484 428 51231 2478 48753 15427 14296 11795 33326 258
is_linear=0
shrinkage=0.05


Tree=135
num_leaves=31
num_cat=0
split_feature=6 11 12 11 1 6 8 10 6 7 8 9 7 8 7 2 1 3 7 7 8 6 8 4 11 5 7 1 6 11
split_gain=2.48164 4.15448 3.81951 3.28719 2.80517 8.3167 8.72296 7.10527 5.35893 16.8996 8.01312 9.9047 7.97326 9.12919 7.1642 6.3984 6.1606 7.63142 6.26012 6.09208 14.785 10.4948 9.90649 9.17941 13.1155 8.07307 6.55676 6.52291 5.74786 14.6055
threshold=0.62208236359720115 -0.25466599999999995 -0.13574949380769871 0.246304 -0.18720936220766196 -1.4617913166243894 -1.0250093991921054 0.10238750000000003 -1.8728782261788353 -2.6052577133731796 -2.0213665862279382 0.23371800000000004 -1.3419737109646199 -1.5155223164403366 -1.5337203286690364 -0.43564685700362515 0.039323453386122316 -0.026602411076629192 -2.515332688255977 -2.8561377869971407 -1.9039648520751045 -2.5435942477564013 -2.9660011335133372 -0.012173773757042648 0.093479000000000076 -5.676726491953211 -2.6552458731552133 -0.08741390485927035 -5.6336323981550338 -0.047437999999999973
decision_type=2 2 2 2 2 2 2 2 2 2 2 2 2 2 2 2 2 2 2 2 2 2 2 2 2 2 2 2 2 2
left_child=4 -2 3 -3 5 6 -1 -8 12 -10 16 14 15 -14 -12 -6 17 -11 -19 20 21 -17 26 24 -22 -26 -21 -23 29 -24
right_child=1 2 -4 -5 8 -7 7 -9 9 10 11 -13 13 -15 -16 19 -18 18 -20 22 23 27 28 -25 25 -27 -28 -29 -30 -31
leaf_value=0.00062564197310825231 -0.021909956137339273 -0.0029289217875149375 0.0052174164986354306 -0.023478792614769192 -0.0068794096509921625 0.0027929109813017131 -0.0055798634730812487 0.0051435762440055115 -0.0073552633546313841 -0.0035818851729523538 -0.044093412515662969 0.00038777517379091019 -0.0051446385296670151 -0.00023923677229353165 -0.0060159012364844481 0.00021935140388485393 -0.0038174115510284097 -0.0087928133691667319 0.0018007921085948127 8.2823888418744377e-05 -0.005561244591464393 0.0040417604004183124 -0.040890625997313433 0.0040802617197425216 -0.046392950019799178 -0.012097379818481607 -0.0043416590196074887 -0.0036142784737161803 0.0010254794809950593 -0.002100321344243219
leaf_weight=5716 27 721 152 20 317 3493 1054 181 940 1370 21 11685 1506 2562 30 42705 2547 149 2177 1910 1154 310 28 229 32 37 1491 2713 33635 182
leaf_count=5716 27 721 152 20 317 3493 1054 181 940 1370 21 11685 1506 2562 30 42705 2547 149 2177 1910 1154 310 28 229 32 37 1491 2713 33635 182
internal_value=1.61918e-12 -0.00258679 -0.00200255 -0.00348357 2.01385e-05 0.00080253 -0.000197672 -0.00400825 -5.57112e-05 -0.000819767 -0.00047807 0.000291813 0.000107052 -0.00205525 -0.0216949 0.000210851 -0.00192535 -0.000621479 0.00112218 0.000237473 -0.000139904 1.78186e-05 0.000715502 -0.00510708 -0.00682735 -0.0280026 -0.00185687 -0.00282917 0.000973993 -0.00727236
internal_weight=119094 920 893 741 118174 10444 6951 1235 107730 18919 17979 11736 88811 4068 51 84743 6243 3696 2326 84426 47180 45728 37246 1452 1223 69 3401 3023 33845 210
internal_count=119094 920 893 741 118174 10444 6951 1235 107730 18919 17979 11736 88811 4068 51 84743 6243 3696 2326 84426 47180 45728 37246 1452 1223 69 3401 3023 33845 210
is_linear=0
shrinkage=0.05


Tree=136
num_leaves=31
num_cat=0
split_feature=2 7 11 10 8 6 0 5 6 9 1 10 11 4 11 5 0 8 10 7 6 5 8 6 7 2 1 0 8 2
split_gain=2.45581 6.7792 3.29791 4.18795 3.07306 2.99011 3.11821 5.78458 3.77143 4.30026 3.5296 3.18995 5.15959 3.34117 2.94812 5.74985 5.23494 5.07563 4.45679 4.29984 11.0275 14.5646 5.99244 15.5204 15.2257 7.6231 5.41528 6.4539 6.28157 5.31821
threshold=-0.48597517956129066 -1.4930075024446945 -0.21103749999999996 -0.49409349999999991 -3.3684789079526971 -4.733511356188969 -0.03583896270599856 -3.6408158962589474 -2.1569584798325043 0.6417067500000001 -0.046701933125704025 0.013301499999999996 -0.00091200000000000992 -0.56191913186163445 0.039620999999999983 -3.3201886793701534 0.51689500522607468 0.61515601233369199 0.05256000000000003 -2.6348255130316578 -5.3442000403709322 -7.2658308032757919 -1.7024157226246064 -5.4246888032584044 -3.238814407173078 1.0000000180025095e-35 0.20276885314022255 -0.014586133313960468 -2.0085553335050288 0.28548294771798738
decision_type=2 2 2 2 2 2 2 2 2 2 2 2 2 2 2 2 2 2 2 2 2 2 2 2 2 2 2 2 2 2
left_child=1 4 -3 -4 -1 -6 8 10 9 11 -8 12 -7 -13 17 19 -17 -2 -18 22 21 -21 26 -24 -25 -26 27 29 -29 -16
right_child=14 2 3 -5 5 6 7 -9 -10 -11 -12 13 -14 -15 15 16 18 -19 -20 20 -22 -23 23 24 25 -27 -28 28 -30 -31
leaf_value=-0.014674022106919439 7.3317034980249779e-05 0.018795801900948088 -0.012074406870219503 0.0039904962774334838 0.016574791776524347 0.0037108994564231564 -0.02368223723987567 8.0831388247684695e-07 -0.0054312291244665786 0.026583327877927911 -0.0045156537555158137 0.0035448423526700471 -0.026425330343918176 0.026225285223600542 0.0048274842490343521 2.2433221542286781e-05 -0.0046993050484589356 -0.0078405435855404063 0.016720004075152031 0.0018390271879200424 -0.002835812896033079 -0.04753987533040345 0.013025781801160503 -0.04738414400445537 -0.024186260131836841 0.009548437924069517 0.0088979341074012994 -0.0025575411498798537 0.016578230338001793 -0.0207850942776228
leaf_weight=48 104488 36 42 1190 22 49 58 142 126 22 41 62 20 22 581 6847 34 203 85 28 2842 32 49 36 33 34 163 1694 44 21
leaf_count=48 104488 36 42 1190 22 49 58 142 126 22 41 62 20 22 581 6847 34 203 85 28 2842 32 49 36 33 34 163 1694 44 21
internal_value=-4.48362e-12 0.0017928 0.00387872 0.00344283 -0.00252899 -0.00149537 -0.00222885 -0.00646721 0.00116466 0.0059137 -0.0157446 0.00294159 -0.00502424 0.00948496 -2.87549e-05 -0.00075378 0.000203133 5.79717e-05 0.0106002 -0.00195332 -0.00328365 -0.0244964 -0.000499229 -0.0101386 -0.0211585 -0.00706716 8.61415e-05 -0.000527671 -0.00207309 0.00393402
internal_weight=119094 1880 1268 1232 612 564 542 241 301 175 99 153 69 84 117214 12523 6966 104691 119 5557 2902 60 2655 152 103 67 2503 2340 1738 602
internal_count=119094 1880 1268 1232 612 564 542 241 301 175 99 153 69 84 117214 12523 6966 104691 119 5557 2902 60 2655 152 103 67 2503 2340 1738 602
is_linear=0
shrinkage=0.05


Tree=137
num_leaves=31
num_cat=0
split_feature=2 3 6 4 8 1 1 9 8 7 6 6 5 11 11 2 7 8 8 7 10 9 5 10 6 6 8 3 2 11
split_gain=2.3991 5.0691 8.49719 4.88018 6.69082 4.44291 4.3215 7.44593 4.65308 6.54852 7.65305 4.63223 4.77345 9.84021 6.199 10.356 7.00514 6.74598 5.14362 4.57958 6.02986 6.83852 5.91243 5.0621 6.53979 4.86997 4.68416 4.6077 4.94549 4.39603
threshold=0.15158252200422331 -0.45376172043010748 -0.42548333692206747 -0.060973813714573104 -0.58634601332366765 0.6447985787721684 0.02443307531864403 0.20268650000000002 -3.0540034196404986 -3.7482722625808083 -3.0988732438642108 -5.1370560909158876 -5.110674640320938 -0.069329999999999989 0.0083265000000000162 0.23185215570524267 1.0000000180025095e-35 -2.4589755583628201 -2.1219850513680067 -3.4179184222812018 -0.018221499999999998 0.24532075000000006 -4.3778997131810788 0.27186150000000009 -6.4665603489108898 -5.9227674387528646 -3.5049811470463359 0.15374315188101154 0.23556508087393704 0.035081499999999995
decision_type=2 2 2 2 2 2 2 2 2 2 2 2 2 2 2 2 2 2 2 2 2 2 2 2 2 2 2 2 2 2
left_child=3 2 -2 -1 -5 -4 7 -3 19 10 -10 12 13 -11 -15 -16 17 -17 -14 20 26 23 25 24 -22 -23 -8 28 -28 -9
right_child=1 6 5 4 -6 -7 8 29 9 11 -12 -13 18 14 15 16 -18 -19 -20 -21 21 22 -24 -25 -26 -27 27 -29 -30 -31
leaf_value=4.2528344082389463e-05 -0.0082997313729461109 -0.004840774281525656 -0.00085618558885722337 -0.00095467337392061969 0.027982738958671691 0.027328725152269556 -0.0069942894157239439 0.0027494950617748364 -0.0035363364924906461 -0.030909501665677783 -0.034785977732390165 0.00011730637766063474 -0.0018699577773525697 -0.00040535970826760509 0.016499617774124172 -0.0066199519388053726 0.0044908363092690711 -0.039444348238864724 0.023337237137768949 -0.00030252329714019739 0.020878636768168729 -0.0078064075220496427 0.0021059457890940706 -0.022458751428694954 0.001868647876964184 0.012781877945715567 0.0015781639143824578 0.0072456704608095312 -0.026527069074412185 -0.00141043188055516
leaf_weight=67186 337 408 29 16385 20 27 283 4554 961 39 20 21232 73 269 22 23 20 49 28 2625 46 31 302 21 2745 391 45 161 24 738
leaf_count=67186 337 408 29 16385 20 27 283 4554 961 39 20 21232 73 269 22 23 20 49 28 2625 46 31 302 21 2745 391 45 161 24 738
internal_value=-3.16157e-12 0.000344347 -0.00530271 -0.000146252 -0.000919395 0.012733 0.000407557 0.00166759 0.000163348 -0.000177397 -0.00417343 2.797e-06 -0.00464589 -0.00698279 -0.00454638 -0.0143178 -0.0216871 -0.0289588 0.00511818 0.00132415 0.00237873 0.00311367 0.00744712 0.00199795 0.00218196 0.0112695 -0.00268706 0.0026127 -0.00819757 0.00216937
internal_weight=119094 35503 393 83591 16405 56 35110 5700 29410 22736 981 21755 523 422 383 114 92 72 101 6674 4049 3536 724 2812 2791 422 513 230 69 5292
internal_count=119094 35503 393 83591 16405 56 35110 5700 29410 22736 981 21755 523 422 383 114 92 72 101 6674 4049 3536 724 2812 2791 422 513 230 69 5292
is_linear=0
shrinkage=0.05


Tree=138
num_leaves=31
num_cat=0
split_feature=6 11 9 11 5 2 2 8 6 7 8 9 11 11 0 5 10 3 10 10 6 3 1 3 6 7 7 4 1 8
split_gain=2.35023 3.80562 3.31681 3.62743 10.1547 3.38932 2.63848 10.5238 4.62848 4.34931 5.36254 5.20487 4.14774 4.78072 5.4983 7.26024 4.02761 4.01267 3.9016 3.3987 3.33556 3.29211 8.31576 7.89354 5.94269 10.2044 9.52756 6.63658 6.26205 5.71758
threshold=0.62208236359720115 -0.25466599999999995 0.84674525000000012 0.093479000000000076 -1.7065184070734429 0.91702592214066725 -0.36676825703009497 -3.0946734582997362 -4.2677213532023393 -1.4930075024446945 -1.1083506524943345 0.36691125000000008 -0.043555000000000003 -0.0073454999999999901 -0.094470432068077023 -1.3296411728288786 0.022218499999999992 -0.52812470301960857 -0.64096399999999998 0.0056969999999999668 -2.4902369071519819 0.11986541716750089 0.6447985787721684 -0.25903973688831256 -1.2295479138289152 -0.98429026556869526 -1.2461149117093486 -0.20637719378025446 -0.18249116732470613 -1.2716293555680684
decision_type=2 2 2 2 2 2 2 2 2 2 2 2 2 2 2 2 2 2 2 2 2 2 2 2 2 2 2 2 2 2
left_child=6 -2 3 -3 -5 -4 7 -1 17 10 12 -11 16 14 -14 19 -10 -9 -13 20 -16 22 24 -24 26 -26 27 29 -29 -8
right_child=1 2 5 4 -6 -7 21 8 9 11 -12 18 13 -15 15 -17 -18 -19 -20 -21 -22 -23 23 -25 25 -27 -28 28 -30 -31
leaf_value=-0.010242570364061976 -0.021011443277476012 -0.0024922364655619264 -0.00022960497947697273 -0.0444483915460296 -0.00081336993025615811 0.014391629608710195 0.00096620167477692908 -0.0037224266319893875 -0.0028964721562300365 -0.010912410801906578 -0.0062968713912021582 -0.011828064003439491 0.014320433140791795 -0.00032099923045092482 -0.0029666816060607499 0.028044404810213527 -0.024554123815947348 0.019519061350192018 0.0033623403163299623 -0.0068645691388618136 0.019267810604745344 0.00025863927753596238 1.5478865789015584e-05 0.013961724112080598 -0.003359175497082886 0.001720989564065317 -0.0028252268194359689 -0.015725950206935742 -0.00042411450819452873 -0.0021730065979224337
leaf_weight=192 27 630 149 20 40 54 17949 26 92 68 326 43 141 796 37 23 28 65 2494 118 31 53391 207 199 3640 1357 3202 67 32104 1578
leaf_count=192 27 630 149 20 40 54 17949 26 92 68 326 43 141 796 37 23 28 65 2494 118 31 53391 207 199 3640 1357 3202 67 32104 1578
internal_value=-2.00943e-12 -0.00251737 -0.0019582 -0.00361103 -0.0153584 0.00365979 1.95981e-05 0.00120979 0.00172258 0.00148069 -0.000578246 0.00273897 0.000894322 0.00182042 0.00669062 0.00154324 -0.00794992 0.0128786 0.00310488 -0.00173379 0.00716963 -2.73001e-05 -0.000280465 0.0068512 -0.000328805 -0.00197959 -0.000178551 -1.46246e-05 -0.000455982 0.000712519
internal_weight=119094 920 893 690 60 203 118174 4480 4288 4197 1592 2605 1266 1146 350 209 120 91 2537 186 68 113694 60303 406 59897 4997 54900 51698 32171 19527
internal_count=119094 920 893 690 60 203 118174 4480 4288 4197 1592 2605 1266 1146 350 209 120 91 2537 186 68 113694 60303 406 59897 4997 54900 51698 32171 19527
is_linear=0
shrinkage=0.05


Tree=139
num_leaves=31
num_cat=0
split_feature=10 6 2 10 3 11 6 11 8 9 8 10 9 6 6 11 1 11 9 11 5 7 0 11 6 11 5 3 3 3
split_gain=2.34294 4.38906 6.19221 6.22399 8.68524 6.65296 5.28897 4.32768 4.24657 6.81808 4.16322 4.14848 4.11361 8.30995 7.91558 6.66481 7.8975 6.49121 8.0674 5.84902 5.63265 5.14214 4.85621 4.81123 4.70908 6.42113 5.55986 4.98023 4.69628 4.86628
threshold=0.006919499999999996 -4.0153366605784315 1.074308148673081 -0.021300499999999997 -0.45376172043010748 -0.0069545000000000015 -5.9227674387528646 -0.043555000000000003 -3.7260723853377482 0.20664800000000003 -4.4489592662414834 0.031098499999999977 0.2658397500000001 -2.3308590791946338 -5.9227674387528646 -0.010885000000000018 0.072749853385802546 -0.0091575000000000111 0.45913475000000009 0.051528500000000012 -6.2955080284058091 -3.284553027179459 -0.0023453727327658598 0.179837 -6.4665603489108898 -0.004705 -8.427999936454464 1.0866827039825162 -0.36664155673164961 -0.029598411349009642
decision_type=2 2 2 2 2 2 2 2 2 2 2 2 2 2 2 2 2 2 2 2 2 2 2 2 2 2 2 2 2 2
left_child=1 2 3 -1 -5 -6 -7 8 -2 11 -3 -10 13 15 17 16 22 20 19 -19 -14 -15 -9 24 25 26 -17 28 -26 -30
right_child=7 10 -4 4 5 6 -8 12 9 -11 -12 -13 14 21 -16 23 -18 18 -20 -21 -22 -23 -24 -25 27 -27 -28 -29 29 -31
leaf_value=-0.0028853740576429508 -0.0084621904247792479 -0.018389336125842565 0.026250619925558567 -0.026912230224517209 0.0029942116967370119 0.010351946414743044 -0.003042627695395708 0.0018843150782797372 -0.0050052753576126548 -0.0015017213477494344 -5.5698609428220664e-05 0.014070930954461037 0.0066756523773074151 -0.014731355743373142 0.00046193819934282155 0.0048534563905559477 0.0039542083700435833 0.016753161377222329 0.038032537133943653 -0.0059918357331941764 -0.025822385848441626 -0.0022729417672694196 -0.0016047731372486546 -0.015122095837511802 -0.0066037868488667498 0.0029532009070833295 0.041278521581129601 -0.017403151182089609 0.0012566692111102462 -0.00065225397196844864
leaf_weight=3848 205 31 20 29 1356 79 1098 2059 38 3723 27467 114 40 85 49267 20 2148 91 31 41 20 3236 1934 55 298 277 22 43 4138 17281
leaf_count=3848 205 31 20 29 1356 79 1098 2059 38 3723 27467 114 40 85 49267 20 2148 91 31 41 20 3236 1934 55 298 277 22 43 4138 17281
internal_value=1.64295e-12 -0.000351366 -0.0015274 -0.00161408 0.000295353 0.000606849 -0.00214359 0.000139976 -0.00144896 -0.00107794 -7.63671e-05 0.00930188 0.000219926 -0.000225783 0.000504481 5.21154e-05 0.0015095 0.00990341 0.015079 0.00968843 -0.00415703 -0.00259181 0.000194384 -0.00035223 -0.000315437 0.00571546 0.0239333 -0.00040385 -0.000370191 -0.000283463
internal_weight=119094 33928 6430 6410 2562 2533 1177 85166 4080 3875 27498 152 81086 31596 49490 28275 6141 223 163 132 60 3321 3993 22134 22079 319 42 21760 21717 21419
internal_count=119094 33928 6430 6410 2562 2533 1177 85166 4080 3875 27498 152 81086 31596 49490 28275 6141 223 163 132 60 3321 3993 22134 22079 319 42 21760 21717 21419
is_linear=0
shrinkage=0.05


Tree=140
num_leaves=31
num_cat=0
split_feature=11 9 0 8 6 9 7 2 11 1 10 0 2 9 9 8 8 10 1 0 6 10 3 2 1 9 2 7 11 7
split_gain=2.28549 4.10504 4.07446 4.44449 10.4825 3.77581 3.77424 4.32429 4.54256 5.16798 5.91394 3.93151 3.7585 3.58453 3.52818 5.07029 7.96744 3.82522 3.64104 3.59615 5.28109 4.6106 4.96228 10.3119 3.45948 3.33952 3.06883 6.9797 3.59574 7.41404
threshold=0.246304 0.31898525000000005 0.026368337863399097 -2.4589755583628201 -3.4491204306953347 0.58353600000000005 0.80553278013315566 -0.62941152952214419 -0.084376499999999979 -0.21413448613136113 0.18392850000000002 0.51689500522607468 0.31825630208951933 0.76694375000000015 0.4693520000000001 -1.8129631572290832 -2.0437126182192622 0.19827750000000008 0.09969921572075037 0.27965313180399215 -2.5960993732126805 0.18392850000000002 0.49974726473368819 0.13499674777327555 0.13502797580164175 0.79009000000000007 -0.48597517956129066 -1.4930075024446945 0.032524499999999991 -1.3191632140010559
decision_type=2 2 2 2 2 2 2 2 2 2 2 2 2 2 2 2 2 2 2 2 2 2 2 2 2 2 2 2 2 2
left_child=6 -2 3 12 5 -5 11 -8 13 -10 -11 26 -3 -9 17 16 24 18 -4 21 -21 25 23 -23 -16 -17 27 -1 -29 -30
right_child=1 2 14 4 -6 -7 7 8 9 10 -12 -13 -14 -15 15 19 -18 -19 -20 20 -22 22 -24 -25 -26 -27 -28 28 29 -31
leaf_value=-0.0022052259174832967 -0.014088914120820032 0.0030019700519828933 -0.0020187159795314077 -0.039711982623807027 -0.0039279920012682684 -0.014381641565987299 0.010129565877709973 -0.034723525727167727 -0.015292883855177138 0.0019751930922423536 -0.025297684480690141 0.0061350759920032671 -0.019011209625750782 -0.0060624929331243044 0.0011569683288183549 0.014476512305970704 0.0358603823112962 0.0043141558588970274 -0.028271281616097051 -0.014246137509041508 0.012540778298052432 -0.0068544155235091848 0.0091338480701265139 -0.048310985118150712 0.021512073706145642 -0.0038441389280020216 -4.3621710088211758e-06 0.0026065766101586634 0.035026901014149188 0.0067249081668764414
leaf_weight=595 67 253 25 28 430 31 43 24 82 206 22 264 21 20 92 42 27 42 28 23 92 60 23 20 27 61 115360 750 25 311
leaf_count=595 67 253 25 28 430 31 43 24 82 206 22 264 21 20 92 42 27 42 28 23 92 60 23 20 27 61 115360 750 25 311
internal_value=-4.68185e-12 -0.00201413 -0.00140355 -0.00378315 -0.00663968 -0.0264028 2.382e-05 -0.00484312 -0.00666184 -0.00452799 -0.0006564 4.02914e-05 0.00131483 -0.0216958 0.00182711 0.00361392 0.011339 -0.00695652 -0.015888 0.000100328 0.0071834 -0.00385381 -0.011334 -0.0172186 0.00577535 0.00362642 2.65439e-05 0.0021475 0.00453228 0.00883071
internal_weight=119094 1392 1325 763 489 59 117702 397 354 310 228 117305 274 44 562 467 146 95 53 321 115 206 103 80 119 103 117041 1681 1086 336
internal_count=119094 1392 1325 763 489 59 117702 397 354 310 228 117305 274 44 562 467 146 95 53 321 115 206 103 80 119 103 117041 1681 1086 336
is_linear=0
shrinkage=0.05


Tree=141
num_leaves=31
num_cat=0
split_feature=5 7 10 9 2 9 9 5 6 7 7 7 8 6 9 1 11 0 1 0 8 12 1 11 8 9 6 8 10 5
split_gain=2.21357 5.30449 6.6473 5.71855 6.49542 5.42459 4.78503 6.63589 4.03341 13.2756 8.12896 7.4958 6.10796 6.28729 8.8242 6.06842 6.85884 5.9334 6.17996 5.91177 5.47995 5.54514 6.24703 5.79063 5.91613 6.26977 5.84527 5.393 6.04997 5.46613
threshold=-0.96388732689272494 0.14883265963629269 0.54666550000000003 0.19439150000000002 -0.62941152952214419 0.11506975000000001 0.34356325000000004 -4.8148216028785935 -1.8728782261788353 -1.6455053842892764 -1.3191632140010559 -2.6952892688674579 -1.5001172294596328 -2.3308590791946338 0.46237850000000003 0.035068674711393751 0.11810349999999999 -0.056497710710255548 0.13922354202641532 -0.030707502822627405 -0.89481079467582092 -1.3467430288252182 -0.22075562177882055 -0.028856000000000017 -2.3131996517694371 0.23138150000000005 -4.9283640120545362 -3.2164546944712744 0.14305650000000003 -1.7065184070734429
decision_type=2 2 2 2 2 2 2 2 2 2 2 2 2 2 2 2 2 2 2 2 2 2 2 2 2 2 2 2 2 2
left_child=1 8 3 5 -5 -3 7 -6 10 11 17 -10 13 14 -12 -13 19 -1 20 -17 21 23 -23 24 25 -19 -26 28 29 -27
right_child=-2 2 -4 4 6 -7 -8 -9 9 -11 12 15 -14 -15 -16 16 -18 18 -20 -21 -22 22 -24 -25 26 27 -28 -29 -30 -31
leaf_value=0.0011572493767886387 0.00083220858978915206 -0.0013350010725609479 -0.031602553801522375 0.011187647687620483 -0.039982928060319112 0.030327714141458274 -0.0044242363305631062 -0.0015723730860786004 -0.0080218933744342583 0.00064588856289249288 -0.0043960501746362927 -0.00061991920970984283 -0.00054646654078457436 0.0015003352543045705 -0.016843333007374086 -0.0075118760250535961 -0.014454205102745943 0.00070993165634963753 0.00088190477667971249 -0.0019166666161573869 -0.0059836416673328605 0.010182482305212511 0.0013663049789130702 -8.333946196821929e-05 -0.019453620341444162 -0.0059182507884206976 0.0018592828281305174 -0.0023136410043013882 -0.019066316785756501 0.020507102739065888
leaf_weight=14047 7488 31 21 64 23 24 760 22 502 8924 1176 4967 2911 365 162 574 134 1214 16746 2659 408 221 2213 48160 33 909 1280 2948 88 20
leaf_count=14047 7488 31 21 64 23 24 760 22 502 8924 1176 4967 2911 365 162 574 134 1214 16746 2659 408 221 2213 48160 33 909 1280 2948 88 20
internal_value=1.73235e-12 -5.58355e-05 -0.00378601 -0.00315382 -0.00414339 0.0124815 -0.00536226 -0.0212044 -2.39813e-05 -0.000714376 0.000108002 -0.00208819 -0.00193791 -0.00431636 -0.00590312 -0.00173077 -0.0033695 0.000214924 3.66266e-05 -0.00291006 -0.000209574 -0.000168306 0.00216679 -0.000272302 -0.0016741 -0.00243409 0.00132362 -0.00339672 -0.00653627 -0.00534935
internal_weight=119094 111606 945 924 869 55 805 45 110661 17760 92901 8836 4614 1703 1338 8334 3367 88287 74240 3233 57494 57086 2434 54652 6492 5179 1313 3965 1017 929
internal_count=119094 111606 945 924 869 55 805 45 110661 17760 92901 8836 4614 1703 1338 8334 3367 88287 74240 3233 57494 57086 2434 54652 6492 5179 1313 3965 1017 929
is_linear=0
shrinkage=0.05


Tree=142
num_leaves=31
num_cat=0
split_feature=0 7 9 4 9 10 2 6 11 1 0 11 0 4 9 6 2 5 10 3 7 6 5 4 2 1 1 5 6 7
split_gain=2.1907 5.04701 6.73 4.87776 4.80938 5.73848 3.88501 3.20908 7.04252 3.14039 6.36089 2.99043 3.28994 6.73544 3.85654 6.94303 5.18476 6.31337 3.43681 3.0451 5.26317 3.07264 6.76754 5.13452 3.38101 3.5775 2.89307 7.28704 5.93229 13.7036
threshold=0.39933890765301921 0.39437584531971381 0.99512200000000017 -0.0086326772506141718 1.2747032500000002 0.31615150000000009 -0.62941152952214419 -5.7651444851893165 -0.18208799999999997 -0.20217258858840118 0.17343136579517918 0.246304 -0.11178413711141426 -0.2041471304846337 0.31898525000000005 -5.9227674387528646 0.47800371077540821 -3.4994938862990526 0.1516815 -0.054500225442568655 -3.7309933442921315 -2.4340868940962963 -3.7253002580977683 -0.16933153126678521 -0.021905589636556307 -0.065748424735942487 -0.18720936220766196 -0.27574709400229253 -1.8728782261788353 -2.6052577133731796
decision_type=2 2 2 2 2 2 2 2 2 2 2 2 2 2 2 2 2 2 2 2 2 2 2 2 2 2 2 2 2 2
left_child=1 11 3 -3 5 7 -4 -2 -9 -8 -11 26 13 -13 -14 18 19 -18 -16 20 -17 22 24 -23 25 -22 27 -1 -28 -30
right_child=4 2 6 -5 -6 -7 9 8 -10 10 -12 12 14 -15 15 16 17 -19 -20 -21 21 23 -24 -25 -26 -27 28 -29 29 -31
leaf_value=0.00046823108849040744 0.017101862224018469 -0.0068788965738720582 0.017379984203726054 -0.032193471463397148 0.01675877263092182 -0.019974030058365316 -0.0085391600240742969 -0.025633670729787457 0.0024352213379238742 0.018764956154128806 -0.013946296112692875 -0.0050727127368879544 -0.013129106946647741 -0.03444486665116115 0.005913038607484297 -0.027876178707395283 -0.029950473753406721 -0.0017895040412743886 0.034253263715654618 0.0023964364314941985 -0.013340826776111498 -0.0031359285934630665 0.015326633947463988 -0.027908255483793179 -0.021827366076409817 0.016565276284236461 0.00012374788285635029 0.0057123059481761704 -0.0067684159558932706 -0.00054857696812162643
leaf_weight=9519 35 392 40 20 55 30 62 23 787 42 23 173 65 22 23 21 34 48 20 475 20 231 66 23 25 20 87741 712 933 17414
leaf_count=9519 35 392 40 20 55 30 62 23 787 42 23 173 65 22 23 21 34 48 20 475 20 231 66 23 25 20 87741 712 933 17414
internal_value=-1.62e-13 -1.90246e-05 -0.00467575 -0.00810776 0.00241723 0.00151576 0.00379123 0.00227871 0.0016382 -0.000488697 0.00719021 3.9056e-06 -0.00241305 -0.00838649 -0.00132545 -0.00056279 -0.00144053 -0.013466 0.0190945 -0.000321248 -0.0035008 -0.00217124 0.00404857 -0.00537909 -0.007403 0.00161222 3.02114e-05 0.000833179 -4.72258e-05 -0.000864874
internal_weight=119094 118164 579 412 930 875 167 845 810 127 65 117585 1266 195 1071 1006 963 82 43 881 406 385 131 254 65 40 116319 10231 106088 18347
internal_count=119094 118164 579 412 930 875 167 845 810 127 65 117585 1266 195 1071 1006 963 82 43 881 406 385 131 254 65 40 116319 10231 106088 18347
is_linear=0
shrinkage=0.05


Tree=143
num_leaves=31
num_cat=0
split_feature=2 1 0 0 7 9 5 1 2 10 10 6 1 4 8 5 0 1 6 11 10 0 3 0 9 10 9 9 7 4
split_gain=2.19762 5.49921 4.56349 5.25349 4.2849 5.67288 9.87745 6.32652 9.72226 6.60856 6.28838 4.58299 6.23588 4.58737 5.00724 8.48983 4.96353 8.46229 10.2282 6.88163 6.22412 5.40643 5.12421 6.05813 4.96786 4.87371 4.81849 4.78985 5.16346 4.51916
threshold=0.13020327421726455 -0.012839199139105193 0.24443855308118304 0.30515862477456029 -5.0861548832608099 0.20664800000000003 -8.427999936454464 -0.0045090024661624808 0.017426826866632997 -0.09817399999999997 0.099371999999999988 -7.1583493145329467 0.004170759659463009 -0.066171112485441316 -1.6277114705621789 -6.1981213154076844 0.037704633876932243 0.08648252503144406 -2.5698590989285464 -0.0037755000000000006 0.068922499999999956 0.034439643676692062 0.052100282108435987 -0.0016307799647703456 0.46580575000000007 0.10533899999999997 0.11506975000000001 0.42391725000000008 -3.4724544894089502 -0.019808580668542405
decision_type=2 2 2 2 2 2 2 2 2 2 2 2 2 2 2 2 2 2 2 2 2 2 2 2 2 2 2 2 2 2
left_child=4 2 -2 -4 5 7 -7 -1 10 -10 -9 12 -6 -13 16 -16 17 20 19 22 26 -20 23 -19 -18 -21 -15 28 -24 -25
right_child=1 -3 3 -5 11 6 -8 8 9 -11 -12 13 -14 14 15 -17 24 18 21 25 -22 -23 27 29 -26 -27 -28 -29 -30 -31
leaf_value=0.017239683041489633 0.0022241976377389101 0.00010413471619384021 -0.027932894286803074 0.0045858096817265387 0.032002587555549467 -0.0057689884628512357 0.02589485037115602 -0.0075129619993579881 -0.022385261828700702 0.0073264826978502659 -0.03979465876790611 -6.5115951893928868e-06 0.0013674625660907783 0.017769822593711848 0.029825312398712747 0.0024024646104767156 -0.0019458463869797282 0.032501781319277494 -0.0086355284115975702 -0.00025439505950853501 -0.0058281079220640812 0.016655573354143163 0.0015625338539441845 0.0045760283105017755 -0.010269002681558739 0.014566904368763001 -0.00083893492019643159 -0.013133064936846496 0.0096584736886959552 0.02880862140567236
leaf_weight=53 4046 35619 27 23 26 38 70 48 21 172 22 64004 46 35 33 195 5799 37 260 926 667 23 379 97 185 59 5715 35 410 24
leaf_count=53 4046 35619 27 23 26 38 70 48 21 172 22 64004 46 35 33 195 5799 37 260 926 667 23 379 97 185 59 5715 35 410 24
internal_value=1.15205e-12 0.000303653 0.00203867 -0.0129743 -0.000151924 0.00486104 0.0147539 0.00147995 -0.00169597 0.0040936 -0.0176586 -0.000178844 0.0124301 -0.000190353 -0.000981171 0.00637156 -0.0010956 -0.000330891 0.00230759 0.0035863 -0.00125603 -0.00658007 0.00654823 0.0147965 -0.00220316 0.000633378 -0.000725664 0.00496665 0.00576955 0.00938249
internal_weight=119094 39715 4096 50 79379 424 108 316 263 193 70 78955 72 78883 14879 228 14651 8667 2250 1967 6417 283 982 158 5984 985 5750 824 789 121
internal_count=119094 39715 4096 50 79379 424 108 316 263 193 70 78955 72 78883 14879 228 14651 8667 2250 1967 6417 283 982 158 5984 985 5750 824 789 121
is_linear=0
shrinkage=0.05


Tree=144
num_leaves=31
num_cat=0
split_feature=10 7 10 2 5 5 7 2 2 7 5 9 6 7 6 8 9 8 11 11 8 2 0 2 12 3 10 10 10 11
split_gain=2.14478 3.26 10.5015 7.33654 6.61604 4.45546 4.05844 5.38037 5.63936 5.45882 5.18056 4.9161 4.0594 4.69974 2.78621 6.52495 6.09359 6.55646 5.19426 4.16627 7.40873 5.25231 4.17932 4.53727 3.58728 6.69561 5.11572 4.85082 4.92355 5.7998
threshold=-0.22315999999999997 -4.685992601504112 -0.34279249999999989 0.33248406402949621 -7.9272803883485734 -8.0478507056777104 -3.4866084170838731 0.27493006094131328 0.10411340171055007 -3.9790112062657124 -4.5209016100405996 0.22027650000000001 -3.9282017871971084 -3.7831696545380167 -0.24351852815951319 -1.3326263584484193 0.52346650000000017 -1.5967394705927138 -0.3373894999999999 0.46210699999999993 -2.4506479057231552 -0.034615023844597685 0.042100333732263857 0.25215121613846764 0.18253353331992675 -0.13036616231451834 0.1516815 0.11221200000000002 0.033845500000000008 -0.0045179999999999795
decision_type=2 2 2 2 2 2 2 2 2 2 2 2 2 2 2 2 2 2 2 2 2 2 2 2 2 2 2 2 2 2
left_child=1 2 3 4 -1 -4 7 8 11 -10 -11 -3 13 -13 19 16 -16 -18 -17 24 -21 -22 23 -23 -2 26 27 28 29 -26
right_child=14 6 5 -5 -6 -7 -8 -9 9 10 -12 12 -14 -15 15 18 17 -19 -20 20 21 22 -24 -25 25 -27 -28 -29 -30 -31
leaf_value=-0.012528990097343923 7.7488756421913185e-05 0.0020566322958390968 0.0088766326378707013 0.044073041392998266 0.026409099524607883 -0.019147173143810016 -0.00080146171417586846 -0.025559374835575001 -0.011075167692102053 0.026754922047257424 0.00045191844185002347 -0.0096227633352997423 -0.004644081935934399 -0.029520932078361511 -0.0033809880333402278 -0.02446404208118717 -0.039160639381346604 -0.0090862939917683815 0.00053705454795741406 0.0036115299936541369 -0.0026047994149848821 -0.041887081677800628 -0.0096092859139809243 -0.012820427536964416 0.017953040335531825 0.0093978842410500901 -0.012459451961036348 0.023483391344547272 -0.020896419525767367 -0.0093512595656353083
leaf_weight=20 111420 95 23 22 24 37 3176 32 34 36 39 73 115 50 990 21 24 74 1941 142 100 29 65 25 41 281 79 25 24 37
leaf_count=20 111420 95 23 22 24 37 3176 32 34 36 39 73 115 50 990 21 24 74 1941 142 100 29 65 25 41 281 79 25 24 37
internal_value=5.10236e-13 -0.0011726 0.00673462 0.0204977 0.00870997 -0.00840471 -0.00144556 -0.00576129 -0.00432794 0.00554354 0.0130774 -0.00755915 -0.0113974 -0.0177114 3.83958e-05 -0.0014527 -0.00455829 -0.0164514 0.000269459 7.89047e-05 -0.00528388 -0.0110517 -0.0181499 -0.0284303 9.62045e-05 0.00437815 -0.00246916 0.00374527 -0.00109251 0.005001
internal_weight=119094 3776 126 66 44 60 3650 474 442 109 75 333 238 123 115318 3050 1088 98 1962 112268 361 219 119 54 111907 487 206 127 102 78
internal_count=119094 3776 126 66 44 60 3650 474 442 109 75 333 238 123 115318 3050 1088 98 1962 112268 361 219 119 54 111907 487 206 127 102 78
is_linear=0
shrinkage=0.05


Tree=145
num_leaves=31
num_cat=0
split_feature=2 0 11 1 9 9 6 8 8 2 10 1 6 6 3 11 1 10 7 9 9 10 1 2 6 10 11 5 0 8
split_gain=2.10662 3.31449 5.50751 3.90062 4.57155 5.49299 6.45819 4.11172 3.87506 5.96315 3.61322 5.75533 7.53664 3.54281 3.467 5.03012 3.34913 3.26339 4.91715 5.03887 5.34465 3.19165 3.91547 3.17604 4.63636 3.16679 3.50148 4.37929 5.86274 6.80645
threshold=0.53547023947919092 0.11389564247855356 -0.142628 0.43831218028126889 0.93081225000000012 0.70121100000000003 -4.2904002558196987 -0.77937176972421141 -3.2781604098115324 0.073723694314946978 -0.11816799999999995 -0.27003135827082969 0.62208236359720115 -5.2682388205839912 0.14218748321797051 -0.011554499999999994 0.096397943099198038 -0.49409349999999991 -4.8226363254664175 0.16202725000000004 0.11506975000000001 -0.40061299999999994 0.10985130158816893 0.071928217145470055 -1.4859934399613597 0.020581500000000006 0.0080495000000000028 -2.3355836418788045 -0.12790067133625541 -1.772296025202784
decision_type=2 2 2 2 2 2 2 2 2 2 2 2 2 2 2 2 2 2 2 2 2 2 2 2 2 2 2 2 2 2
left_child=1 25 3 4 5 6 -3 -6 9 -4 11 -10 13 -13 -11 -16 -7 -2 19 20 -19 -15 -23 -8 -25 -1 -27 -28 29 -29
right_child=17 2 8 -5 7 16 23 -9 10 14 -12 12 -14 21 15 -17 -18 18 -20 -21 -22 22 -24 24 -26 26 27 28 -30 -31
leaf_value=-0.00028498451323513035 0.014509763352742251 -0.03325811854943081 -0.024433283832186136 0.0086173546669835403 -0.041066226772964003 -0.0030054753508280824 0.0029706149656030228 -0.010369821599063774 0.020891149181195282 -0.0091919061362219986 -0.00031510649038171625 -0.022917103993919833 -0.035324710123240947 0.0068525069872574776 0.024495889940722423 -0.0025003159535117447 0.023989802394062284 -0.014386912354578575 0.001026581554438505 -0.025276633611954619 0.018501609475130128 -0.0094175316774735944 -0.00045757781571965911 -0.0048689782153815038 -0.029693208237747765 0.00056153643114296168 -0.00071534745874793706 0.010730538344619532 0.00017619194350107286 0.0017453865035846729
leaf_weight=41839 44 27 40 33 20 27 54 24 22 121 11245 24 20 68 22 80 20 30 5472 36 21 232 257 62 27 38864 14478 296 4857 732
leaf_count=41839 44 27 40 33 20 27 54 24 22 121 11245 24 20 68 22 80 20 30 5472 36 21 232 257 62 27 38864 14478 296 4857 732
internal_value=-2.12199e-12 -4.67249e-05 -0.000817365 -0.00757935 -0.00962721 -0.00664747 -0.0108303 -0.0243227 -0.000653486 -0.00665653 -0.000520456 -0.00422696 -0.00514642 -0.00410758 -0.00346788 0.0033224 0.00848188 0.000946431 0.000839076 -0.0109544 -0.00084458 -0.00329712 -0.00470852 -0.00659566 -0.0123999 4.80172e-05 0.000283256 -0.00024786 0.000902231 0.00433255
internal_weight=119094 113491 12425 294 261 217 170 44 12131 263 11868 623 601 581 223 102 47 5603 5559 87 51 557 489 143 89 101066 59227 20363 5885 1028
internal_count=119094 113491 12425 294 261 217 170 44 12131 263 11868 623 601 581 223 102 47 5603 5559 87 51 557 489 143 89 101066 59227 20363 5885 1028
is_linear=0
shrinkage=0.05


Tree=146
num_leaves=31
num_cat=0
split_feature=8 12 10 0 7 10 7 9 6 9 8 9 4 9 1 5 0 5 7 6 7 7 4 6 7 3 4 2 11 4
split_gain=2.08559 6.92036 5.5004 3.52828 3.0556 4.80355 3.61777 2.97723 2.77792 3.14024 4.12213 8.99448 3.99687 4.76023 4.73664 2.68998 2.6639 2.61166 4.22697 3.6664 12.6944 7.98808 6.43616 4.7983 5.72405 4.52257 6.55753 7.27979 5.67886 5.53557
threshold=0.61515601233369199 0.49479369188800154 -0.14249199999999998 0.51689500522607468 -2.128379474619766 0.091987499999999958 -0.4842684844304328 0.88213700000000006 0.62208236359720115 0.35165175000000004 -0.86040030167634651 0.56328600000000006 -0.010076735354140607 0.24747300000000003 0.16066184145235532 -0.96388732689272494 0.27965313180399215 -0.96388732689272494 -1.9609852470662537 -1.4092462020438796 -1.4717356544199409 -1.0487833304030032 -0.71609848364032991 -0.24351852815951319 -0.75082161473017284 -0.48682544785801818 -0.24146796680992935 0.050662992691769666 0.076176500000000022 -0.073760027881113563
decision_type=2 2 2 2 2 2 2 2 2 2 2 2 2 2 2 2 2 2 2 2 2 2 2 2 2 2 2 2 2 2
left_child=3 2 -2 8 -4 -6 -7 -5 17 12 11 -11 14 -14 -10 -9 -8 19 -19 21 -21 25 -23 -22 -25 -1 28 -28 -27 -29
right_child=1 -3 4 7 5 6 16 15 9 10 -12 -13 13 -15 -16 -17 -18 18 -20 20 23 22 -24 24 -26 26 27 29 -30 -31
leaf_value=-0.0024935486513874405 -0.025222017355263235 0.010704793913526016 -0.023230660734698177 0.002420111593678467 -0.0073623503643187663 0.025244301723578246 -0.011210121586918831 0.021011872597349188 0.0014092470358935049 -0.0054459424762468671 -0.0014494372800008849 -0.032324578391539086 -0.026454771310091021 0.0080424470710568127 0.024924378439953383 0.002931289812679299 0.0086557207670476706 -0.0010044760651290504 0.0017406596296312656 -0.0029535795732681148 0.001603782522872646 0.0098069266069003135 -0.0024543323596752783 -0.0045612049382239145 0.0024452580829361177 0.0012809311930670453 -0.00059299880010345448 0.0012669393182442939 -0.0028725097414238794 4.9395852714535318e-05
leaf_weight=1606 35 71 20 257 201 20 27 48 61 196 428 37 20 20 33 36 45 1958 4941 4382 3812 110 3961 787 463 16206 31907 12925 867 33614
leaf_count=1606 35 71 20 257 201 20 27 48 61 196 428 37 20 20 33 36 45 1958 4941 4382 3812 110 3961 787 463 16206 31907 12925 867 33614
internal_value=1.14681e-12 -0.00352137 -0.00642384 1.24327e-05 -0.00432181 -0.0030311 0.00643174 0.0050911 -2.20232e-06 -0.00294786 -0.00436274 -0.00971422 0.00403151 -0.00920616 0.00966456 0.0132631 0.00120603 1.77213e-05 0.000961565 -4.11324e-05 -0.000983321 4.67962e-05 -0.00212303 0.000722265 -0.00196601 0.000137745 0.000181986 -1.12846e-05 0.00107001 0.000387537
internal_weight=119094 419 348 118675 313 293 92 341 118334 795 661 233 134 40 94 84 72 117539 6899 110640 9444 101196 4071 5062 1250 97125 95519 78446 17073 46539
internal_count=119094 419 348 118675 313 293 92 341 118334 795 661 233 134 40 94 84 72 117539 6899 110640 9444 101196 4071 5062 1250 97125 95519 78446 17073 46539
is_linear=0
shrinkage=0.05


Tree=147
num_leaves=31
num_cat=0
split_feature=3 1 2 11 11 3 4 1 7 1 5 6 1 0 0 6 6 1 7 0 9 0 1 7 4 9 8 8 6 9
split_gain=1.92165 5.62763 4.90686 4.70414 4.87646 4.58781 5.69952 5.33491 4.9841 4.92516 9.86591 5.28173 5.18533 5.13283 5.11488 7.75696 4.97556 5.55502 4.87493 4.80752 5.6359 6.20197 4.467 4.26807 4.35763 4.24169 4.3765 4.27816 3.87235 3.80678
threshold=0.11986541716750089 1.0775296848187803 -0.099171716983602484 0.0083265000000000162 -0.033486500000000009 -0.45376172043010748 -0.38593898205449512 -0.15000402806813531 -0.65197974115322166 0.20276885314022255 -8.427999936454464 -1.4859934399613597 -0.043419692408139525 0.090638858861732854 0.24443855308118304 -2.7658588193805858 -1.651720171550821 -0.030825978666955408 -0.60179689406171089 0.038538145629099858 0.5337447500000001 0.022420230382142806 -0.026127454453556406 -3.5571993523549903 -0.19307852533358907 0.24956400000000004 -2.9660011335133372 -3.658116014891768 -2.712882392899385 0.56328600000000006
decision_type=2 2 2 2 2 2 2 2 2 2 2 2 2 2 2 2 2 2 2 2 2 2 2 2 2 2 2 2 2 2
left_child=1 2 22 4 5 6 8 28 -4 11 13 16 -13 -11 18 -16 17 -9 -12 20 -19 29 -1 -24 -25 26 -21 -27 -7 -22
right_child=-2 -3 3 -5 -6 7 -8 9 -10 10 14 12 -14 -15 15 -17 -18 19 -20 25 21 -23 23 24 -26 27 -28 -29 -30 -31
leaf_value=-4.2401316252608482e-05 0.00022030855798384105 0.0098667766995185306 -0.010510062685626376 -0.0013894855613084739 9.6022644785880094e-05 -0.0025866786636219458 -0.032280463213101032 -0.0052181082547690496 0.012974122366202729 -0.038535945899784568 0.005592944259865752 0.0025205754164534695 -0.012389650479971041 -0.0056104405879460542 -0.021748912007396305 0.0043112457143690656 0.010433594435079737 -9.2163284758332926e-05 0.027920986547206456 -0.0034082741584960728 0.022018655451635519 0.030711652807377539 -0.0034809573083922057 0.0012758581754322548 0.0050816760729313652 -0.020545237327349329 0.0099324818822307467 -0.0041914555670312138 0.010563836641651194 0.0010281958358569277
leaf_weight=17833 54055 139 117 11621 24123 87 24 1024 28 20 409 78 231 29 43 85 81 1327 26 141 27 29 401 4978 886 42 109 836 157 108
leaf_count=17833 54055 139 117 11621 24123 87 24 1024 28 20 409 78 231 29 43 85 81 1327 26 141 27 29 401 4978 886 42 109 836 157 108
internal_value=1.97803e-12 -0.000183102 -0.000204627 -0.000538744 -0.000199946 -0.0016115 -0.00971085 -0.00133153 -0.00597519 -0.00171008 0.00246943 -0.00234432 -0.0086259 -0.0190494 0.0043423 -0.00444334 -0.0018231 -0.00209562 0.00692749 -0.00087476 0.000988522 0.00973285 0.000361091 0.00150961 0.00185088 -0.00333766 0.0024083 -0.00497375 0.00587492 0.00522629
internal_weight=119094 65039 64900 40802 29181 5058 169 4889 145 4645 612 4033 309 49 563 128 3724 3643 435 2619 1491 164 24098 6265 5864 1128 250 878 244 135
internal_count=119094 65039 64900 40802 29181 5058 169 4889 145 4645 612 4033 309 49 563 128 3724 3643 435 2619 1491 164 24098 6265 5864 1128 250 878 244 135
is_linear=0
shrinkage=0.05


Tree=148
num_leaves=31
num_cat=0
split_feature=7 9 11 0 6 9 9 10 9 11 10 6 11 9 7 3 5 5 5 6 6 1 5 5 1 3 5 4 8 4
split_gain=1.93017 5.73918 5.79972 3.79582 3.26467 2.86696 6.93697 3.01862 2.83559 3.55201 3.22522 2.65262 2.64247 3.5464 6.19877 3.33206 4.97655 4.04757 4.17475 4.96323 4.70793 3.58442 4.63767 5.69365 4.00904 4.30605 3.79656 3.41105 6.47108 3.28299
threshold=0.80553278013315566 1.2747032500000002 -0.098558999999999966 0.51689500522607468 1.0943468274178154 0.19856550000000003 0.45256325000000008 0.083994500000000014 0.84674525000000012 -0.024781999999999995 0.079030500000000004 -0.5662826261384527 0.14251800000000001 0.21424875000000002 -6.0515327842249702 -0.12633043088710835 -8.5749776129228099 0.36146848217384536 -0.96388732689272494 -1.7351112838466569 -1.3557322081553296 0.077098311488342133 -10.076609697970159 -7.1857965813610312 0.16921521441865242 0.016825182138799025 -4.2609475534286743 -0.21563157233888933 -0.28549488444142596 -0.16933153126678521
decision_type=2 2 2 2 2 2 2 2 2 2 2 2 2 2 2 2 2 2 2 2 2 2 2 2 2 2 2 2 2 2
left_child=3 2 -2 12 11 -4 -7 -8 -5 -10 -11 -3 -1 14 -14 16 -15 18 21 -20 -21 -17 -23 -24 25 26 -25 -26 -29 -18
right_child=1 4 5 8 -6 6 7 -9 9 10 -12 -13 13 15 -16 17 29 -19 19 20 -22 22 23 24 27 -27 -28 28 -30 -31
leaf_value=3.7469684218132161e-05 -0.026041137630818414 0.015054693166166545 0.010461726470384748 0.0023505777133323138 0.023953595270331092 -0.031687941871907398 -0.0066260969848948364 0.004220180932873306 0.031101521361554099 -0.0054890832519699229 0.016418535268998571 -0.0096007609584679212 0.0046099795536561445 -0.027055934935130855 -0.031451640213624787 0.0012478850710335783 -0.0022781923532318362 -0.012132652530641254 0.022101031815899272 -0.0091254775919618874 0.0078794503416522287 0.018563077185788882 -0.020134942409080956 -0.036272523580119016 0.01661466680234298 -0.003466516520254561 -0.010568924350481408 0.0018237527150002297 -0.025422009119453533 -0.013892028637660238
leaf_weight=115240 32 20 32 192 26 23 202 94 21 28 42 24 22 22 26 1078 953 67 42 56 149 23 52 20 32 199 51 237 24 65
leaf_count=115240 32 20 32 192 26 23 202 94 21 28 42 24 22 22 26 1078 953 67 42 56 149 23 52 20 32 199 51 237 24 65
internal_value=1.89155e-12 -0.00325755 -0.00566355 1.24381e-05 0.0099067 -0.00380576 -0.00523698 -0.00318167 0.00579621 0.0130661 0.00765549 0.00160626 -1.39118e-06 -0.00143767 -0.0149234 -0.00122682 -0.0035282 -4.77887e-05 0.000364685 0.00644233 0.0032342 -0.000510127 -0.00348056 -0.00430496 -0.00284286 -0.00723816 -0.0178094 0.00120741 -0.000681605 -0.00301974
internal_weight=119094 453 383 118641 70 351 319 296 283 91 70 44 118358 3118 48 3070 1040 2030 1963 247 205 1716 638 615 563 270 71 293 261 1018
internal_count=119094 453 383 118641 70 351 319 296 283 91 70 44 118358 3118 48 3070 1040 2030 1963 247 205 1716 638 615 563 270 71 293 261 1018
is_linear=0
shrinkage=0.05


Tree=149
num_leaves=31
num_cat=0
split_feature=8 12 10 0 6 5 10 6 9 8 8 9 0 1 11 2 7 0 9 0 6 3 5 6 3 7 11 3 6 3
split_gain=1.88007 5.85197 4.7923 2.93604 2.7932 4.84656 4.67106 2.48126 2.80997 3.84715 3.72839 8.05101 3.50281 2.4041 2.44841 2.4029 5.9522 2.77735 3.72312 3.71002 5.17095 2.56861 3.2959 3.49772 2.87194 2.61452 2.49876 4.30911 5.89442 5.29962
threshold=0.61515601233369199 0.49479369188800154 -0.14249199999999998 0.51689500522607468 -2.7001532609940626 -6.3471769464414391 0.091987499999999958 0.62208236359720115 0.35165175000000004 -0.96385307207149051 -0.86040030167634651 0.56328600000000006 -0.14843674091195783 -0.1270546860700579 0.10934500000000001 -0.48597517956129066 -1.4930075024446945 -0.03583896270599856 0.76694375000000015 0.032755028944887028 -1.7957409452551891 -0.61235570825961727 -2.6156000726210311 -2.1569584798325043 -0.43850570409006723 -1.7607721294592638 0.039620999999999983 -0.084787993777548629 -5.4246888032584044 -0.081342449876932607
decision_type=2 2 2 2 2 2 2 2 2 2 2 2 2 2 2 2 2 2 2 2 2 2 2 2 2 2 2 2 2 2
left_child=3 2 -2 7 5 -4 -6 15 9 12 11 -10 -9 -8 -15 16 17 21 19 20 -19 -1 23 24 -23 -24 -17 28 -28 -29
right_child=1 -3 4 -5 6 -7 13 8 10 -11 -12 -13 -14 14 -16 26 -18 18 -20 -21 -22 22 25 -25 -26 -27 27 29 -30 -31
leaf_value=0.010229298678625908 -0.023558909330250965 0.0097386409210051001 0.0041823103837668896 0.0046446585208054668 -0.0063966074490237751 -0.027593467360517633 -0.0069255222100764518 -0.0051502869774897901 -0.0051751566226404082 -0.0099007352431480962 -0.0013532115296660879 -0.030605041499979592 0.015407016117876369 0.0045551895044211831 0.025042452938854695 6.9362707331696149e-05 0.0041320850834879351 -0.011849582533830325 -0.025846890456575369 0.003483658735143039 0.014663372924994856 0.017820396913836401 -0.013769612017907759 -0.0084694171324372295 0.0015843822180455472 0.0046597721917485749 -0.021654308822594191 0.016702095835291326 -0.0018652654006185534 -0.00013590442630480472
leaf_weight=63 35 71 20 341 183 30 20 30 196 37 428 37 67 35 25 103748 1074 148 21 103 21 45 67 45 69 27 38 47 3862 8161
leaf_count=63 35 71 20 341 183 30 20 30 196 37 428 37 67 35 25 103748 1074 148 21 103 21 45 67 45 69 27 38 47 3862 8161
internal_value=3.92567e-12 -0.00334337 -0.0060124 1.18043e-05 -0.00405033 -0.0148832 -0.00199086 -1.54609e-06 -0.00278548 0.00381667 -0.00412389 -0.00921338 0.00904909 0.00808728 0.0130915 1.72836e-05 0.00189299 -0.00205577 -0.00556237 -0.00399629 -0.00855507 0.00119561 -0.00105389 0.00333407 0.00799334 -0.00847607 -9.96404e-06 -0.000689679 -0.00205808 -3.9488e-05
internal_weight=119094 419 348 118675 313 50 263 118334 795 134 661 233 97 80 60 117539 1683 609 293 272 169 316 253 159 114 94 115856 12108 3900 8208
internal_count=119094 419 348 118675 313 50 263 118334 795 134 661 233 97 80 60 117539 1683 609 293 272 169 316 253 159 114 94 115856 12108 3900 8208
is_linear=0
shrinkage=0.05


Tree=150
num_leaves=31
num_cat=0
split_feature=10 11 1 6 7 6 9 2 9 7 6 8 5 0 7 12 1 5 5 8 11 1 10 7 9 0 11 9 8 0
split_gain=1.86992 5.90173 5.88934 5.85034 6.93422 7.33886 9.154 6.71391 6.8417 5.65056 7.03347 6.247 7.05273 5.11239 7.79819 5.668 5.39903 9.16742 5.28504 9.3345 5.08367 4.76737 4.75123 4.72156 4.66644 4.52491 4.4645 5.66743 6.87549 6.04492
threshold=0.026879500000000004 -0.0061884999999999987 0.14587706373398415 -4.1079485167645347 -1.1406837988866088 -4.8472728215032346 0.17088325000000001 0.31247037955078844 0.11506975000000001 -2.8253136624931048 -3.7979959625806794 -1.8129631572290832 -4.6745923696163132 -0.082227981101693534 -1.5337203286690364 -0.8557987703655332 -0.27003135827082969 -4.0290229127595785 -2.6156000726210311 -3.4560145027289058 -0.021219999999999972 -0.030825978666955408 0.0075165000000000102 -1.5535209648541677 0.24956400000000004 0.046485042986332721 -0.024781999999999995 0.20396875000000006 -3.0438591685060259 -0.29484245847778245
decision_type=2 2 2 2 2 2 2 2 2 2 2 2 2 2 2 2 2 2 2 2 2 2 2 2 2 2 2 2 2 2
left_child=1 2 13 4 7 6 -6 -3 -9 11 -11 12 -5 14 16 -16 17 -1 -15 -20 -19 23 -13 -18 -10 26 27 -2 -29 -30
right_child=25 3 -4 9 5 -7 -8 8 24 10 -12 22 -14 18 15 -17 21 20 19 -21 -22 -23 -24 -25 -26 -27 -28 28 29 -31
leaf_value=-0.0045258540236559437 0.0065247742363859747 -0.0024188632001955991 0.0016643216444875886 0.0030623245414269753 -0.006066530453972519 -0.0037419182434678083 -0.052318558971519061 -0.018077947655993125 0.01338372158441836 -0.0067681424183076424 -0.00076330898053065047 -0.015308735519204112 -0.00021651889332906249 3.8703020761062017e-05 -0.0030955549370759333 0.0029620719905959401 0.00073638792688220805 0.0094772724588189968 -0.0099169636423874705 -0.0012426649994056586 0.026224589379558311 0.0056111867754387711 0.0017326597888856683 0.023041863343678415 0.0016619558151450419 -0.00040032416814530619 0.00067630796859007285 -0.0060319758681769481 -0.015727368078296423 -0.00019193203230752386
leaf_weight=83 229 5197 5969 2574 20 60 23 31 143 508 12173 105 4520 15993 1259 557 2069 132 331 4922 69 762 67 24 209 21110 36294 702 64 2895
leaf_count=83 229 5197 5969 2574 20 60 23 31 143 508 12173 105 4520 15993 1259 557 2069 132 331 4922 69 762 67 24 209 21110 36294 702 64 2895
internal_value=6.23602e-13 -0.000204024 0.000246942 -0.000770064 -0.00218532 -0.0150405 -0.030806 -0.00194803 0.00444074 -0.00036685 -0.00100386 0.000744898 0.000973183 -7.59589e-05 0.00137028 -0.00123757 0.002879 0.0094537 -0.000413251 -0.00178925 0.0152264 0.00222498 -0.00867052 0.00099216 0.00642392 0.000192394 0.000503769 -0.00110603 -0.00158335 -0.000527947
internal_weight=119094 57800 32170 25630 5683 103 43 5580 383 19947 12681 7266 7094 26201 4955 1816 3139 284 21246 5253 201 2855 172 2093 352 61294 40184 3890 3661 2959
internal_count=119094 57800 32170 25630 5683 103 43 5580 383 19947 12681 7266 7094 26201 4955 1816 3139 284 21246 5253 201 2855 172 2093 352 61294 40184 3890 3661 2959
is_linear=0
shrinkage=0.05


Tree=151
num_leaves=31
num_cat=0
split_feature=5 8 9 7 10 6 9 9 8 1 6 11 6 7 11 2 5 8 7 7 9 9 9 7 9 11 7 8 1 0
split_gain=1.83634 10.2077 5.83939 5.64205 5.35972 5.34501 5.18772 11.9291 5.18399 8.72723 7.66478 5.72457 6.1861 5.61338 6.13551 5.11414 4.90452 5.896 4.65669 4.53532 4.51341 5.43025 5.33576 8.08217 4.49407 4.44764 4.67823 7.24437 6.89579 7.25804
threshold=-4.2147103552667611 -4.2912813858441234 0.20268650000000002 0.80553278013315566 -0.0077929999999999658 -4.7700428547793097 0.19856550000000003 0.51414175000000018 -3.1257689368057004 -0.08741390485927035 -2.7914732569039629 0.011545500000000002 -2.6871776350369134 -2.7556036478145907 -0.010425500000000002 0.14908496755007819 -2.9843214267242053 -3.3970114190695657 -3.2161916718884123 -3.3080483748586276 0.39026225000000003 0.30944375000000007 0.19718325000000003 -3.1263627209951541 0.18687575000000003 0.1583495 -2.1031175413494245 -1.3326263584484193 0.072749853385802546 -0.0016307799647703456
decision_type=2 2 2 2 2 2 2 2 2 2 2 2 2 2 2 2 2 2 2 2 2 2 2 2 2 2 2 2 2 2
left_child=3 2 -2 4 -1 -3 -5 -8 9 24 13 19 18 15 -15 16 -11 -18 -13 -12 21 22 23 -17 -7 -6 -27 28 29 -28
right_child=1 5 -4 6 25 8 7 -9 -10 10 11 12 -14 14 -16 20 17 -19 -20 -21 -22 -23 -24 -25 -26 26 27 -29 -30 -31
leaf_value=-0.0012431817215468985 -0.0056761121277013049 0.0040570342493610485 -0.023789257971151591 0.0067618355700938869 0.00012276796301602754 -0.0063265144980991757 -0.051446548365056514 -0.0071236629349490004 0.00033493008825544716 1.2143464529204047e-05 -0.0076002314387421527 -0.0046408571372110697 -0.011127874078991891 0.0033034278853962349 -0.012796886273269617 0.0060306313937703556 -0.0054465641359785072 -5.0408386302145521e-05 0.024407575194808573 -0.00092306016143381365 -0.012949071358889341 0.013130931385775219 -0.0007756921356105507 -0.010658850787440315 0.0058448368611967129 -0.0010684199159100923 -0.028348809540665782 -0.0024989273821711695 -0.038922916287008454 0.0093830519616603866
leaf_weight=9971 181 887 59 29 38588 86 20 63 58205 3438 336 37 409 87 185 778 1152 903 22 1046 51 106 1110 80 642 415 26 123 34 25
leaf_count=9971 181 887 59 29 38588 86 20 63 58205 3438 336 37 409 87 185 778 1152 903 22 1046 51 106 1110 80 642 415 26 123 34 25
internal_value=-2.43012e-12 0.000164995 -0.0101289 -0.000233632 -0.000208105 0.000200512 -0.0114431 -0.0178039 0.0001507 -0.000873672 -0.00126837 -0.004165 -0.00894454 -0.000589183 -0.00764715 -0.000337179 -0.00114295 -0.00307541 0.00619076 -0.00254645 0.00174569 0.00210703 0.00151326 0.0044745 0.00440701 5.51054e-05 -0.00413585 -0.010256 -0.0214808 -0.0098528
internal_weight=119094 69800 240 49294 49182 69560 112 83 68673 10468 9740 1850 468 7890 272 7618 5493 2055 59 1382 2125 2074 1968 858 728 39211 623 208 85 51
internal_count=119094 69800 240 49294 49182 69560 112 83 68673 10468 9740 1850 468 7890 272 7618 5493 2055 59 1382 2125 2074 1968 858 728 39211 623 208 85 51
is_linear=0
shrinkage=0.05


Tree=152
num_leaves=31
num_cat=0
split_feature=2 10 7 9 9 7 9 1 1 6 5 9 3 9 10 11 9 11 5 0 6 8 1 7 3 3 3 11 11 3
split_gain=1.76752 3.00209 4.24816 4.46351 4.76552 2.77338 5.97281 5.00267 4.96334 4.7524 2.993 6.00999 5.1474 4.17574 4.62103 3.85213 4.99871 3.79552 2.93207 2.8312 3.17323 2.8275 4.79274 4.60115 4.0682 3.27331 3.21261 5.01245 3.13256 3.12573
threshold=0.53547023947919092 -0.49409349999999991 -4.8226363254664175 0.16202725000000004 0.11506975000000001 -1.9609852470662537 0.6627557500000002 0.39337886371972003 1.0775296848187803 -5.4246888032584044 -3.8300351300206104 0.35320550000000006 0.073702066504131039 0.39026225000000003 0.054821999999999989 -0.0073454999999999901 0.37996600000000008 -0.020780499999999976 -6.7472544520842366 0.39933890765301921 -0.5662826261384527 -2.2152016814256537 0.16659252176074227 -2.7455965135644251 -0.13036616231451834 0.49974726473368819 0.32670674770965463 0.016367999999999983 -0.073818999999999982 0.56960878897603651
decision_type=2 2 2 2 2 2 2 2 2 2 2 2 2 2 2 2 2 2 2 2 2 2 2 2 2 2 2 2 2 2
left_child=-1 -2 3 4 -3 6 8 -8 9 -4 11 12 -7 15 -15 -12 -17 -14 -19 -16 -21 22 -11 26 -25 -26 -23 -28 -24 -27
right_child=1 2 5 -5 -6 10 7 -9 -10 21 13 -13 17 14 19 16 -18 18 -20 20 -22 23 28 24 25 29 27 -29 -30 -31
leaf_value=-4.2799307883416185e-05 0.013875908294523304 -0.013470422221968573 0.025412417914379728 -0.023677709478781457 0.017585196425872193 -0.025759510580350517 0.029843089737308523 0.0010605754097923637 -0.018898862573717323 -0.0021486321763362292 0.013857331236603819 -0.00039300588865263865 -0.020270947772352138 -0.0014614040579099975 0.0019499221979023655 -0.0014577427579842461 0.021900415103192683 0.010270124620984535 -0.007266065695517656 0.0013182298829931705 0.016674826799659061 -0.01682078825656836 0.026532035339623689 -0.013995459663203438 0.0081166586371947801 -0.013772196763516953 0.00064470031712618144 -0.022624770434642283 0.0063281327043486968 0.0018795602472680404
leaf_weight=113491 44 30 22 36 21 42 36 26 28 193 114 867 34 1398 755 151 27 37 67 61 75 51 20 37 221 34 162 27 471 516
leaf_count=113491 44 30 22 36 21 42 36 26 28 193 114 867 34 1398 755 151 27 37 67 61 75 51 20 37 221 34 162 27 471 516
internal_value=1.08413e-12 0.000866917 0.00076395 -0.0101979 -0.000682815 0.000938234 0.00251713 0.017773 0.00198635 0.00231975 0.000135728 -0.00211908 -0.010433 0.00105041 0.000332098 0.00668126 0.00208535 -0.00576843 -0.00102723 0.00314615 0.00978694 0.00202642 0.00452705 0.000394332 0.00219994 0.00297715 -0.00568453 -0.00267951 0.0071511 0.000911997
internal_weight=119094 5603 5559 87 51 5472 1844 62 1782 1754 3628 1047 180 2581 2289 292 178 138 104 891 136 1732 684 1048 808 771 240 189 491 550
internal_count=119094 5603 5559 87 51 5472 1844 62 1782 1754 3628 1047 180 2581 2289 292 178 138 104 891 136 1732 684 1048 808 771 240 189 491 550
is_linear=0
shrinkage=0.05


Tree=153
num_leaves=31
num_cat=0
split_feature=6 11 9 10 0 2 1 10 1 2 0 2 8 6 7 8 9 11 11 0 5 10 7 6 10 10 10 8 8 3
split_gain=1.70067 2.91517 2.40428 3.00869 5.75267 2.45069 3.93793 3.59202 2.79157 2.44146 2.34475 1.98783 8.77679 3.88352 3.53541 4.50381 4.48162 3.91578 4.32188 4.59157 6.47023 3.48728 3.44684 4.70614 3.63597 3.40996 3.3833 3.15665 5.72141 3.0812
threshold=0.62208236359720115 -0.25466599999999995 0.84674525000000012 0.12489200000000004 0.2600131061598952 -0.14112310943180342 -0.15316267729306185 -0.12586299999999997 -0.46361947481903587 0.91702592214066725 -0.061845074015459404 -0.36676825703009497 -3.1938649704377569 -4.2677213532023393 -1.4930075024446945 -1.1083506524943345 0.36691125000000008 -0.043555000000000003 -0.0073454999999999901 -0.094470432068077023 -1.3296411728288786 0.022218499999999992 -1.2700769297376007 -0.62838140585079683 -0.64096399999999998 0.0056969999999999668 -0.039751499999999988 -2.2837367245143825 -1.8543028592327493 -0.52812470301960857
decision_type=2 2 2 2 2 2 2 2 2 2 2 2 2 2 2 2 2 2 2 2 2 2 2 2 2 2 2 2 2 2
left_child=11 -2 3 5 -5 8 -7 -8 -3 -4 -10 12 -1 29 15 17 -16 21 19 27 25 -15 23 -18 -24 26 -21 -19 -29 -14
right_child=1 2 9 4 -6 6 7 -9 10 -11 -12 -13 13 14 16 -17 22 18 -20 20 -22 -23 24 -25 -26 -27 -28 28 -30 -31
leaf_value=-0.010127756465605278 -0.018327874893805496 0.0067462297911579545 -0.00016991376363900459 -0.0012776027303462959 -0.034090766219676216 0.014878924031342781 -0.018503894626961222 0.00018606837413453196 -0.011189982680158701 0.012239532435261128 0.00086905164401590216 -2.4035753389800059e-05 -0.0031003225451478596 -0.0031544422333257549 -0.01026474485440892 -0.0058256788950976262 0.0083910168494693745 0.00011255629626767975 -0.00038314365723563784 -0.0037381253342198975 0.026661733074275697 -0.023256970383226872 -0.013176346749353869 -0.014914869695253994 0.0022313513687710579 -0.0063920515290332757 0.0184076847668205 0.035126458739978265 0.009923494664881698 0.017136995658716736
leaf_weight=169 27 37 149 34 22 42 28 314 159 54 54 113694 26 94 68 326 372 35 806 34 23 28 39 23 2103 123 35 32 76 68
leaf_count=169 27 37 149 34 22 42 28 314 159 54 54 113694 26 94 68 326 372 35 806 34 23 28 39 23 2103 123 35 32 76 68
internal_value=4.8517e-12 -0.00214142 -0.00165202 -0.00305923 -0.0141685 -0.00207798 0.00043029 -0.0013441 -0.00593067 0.00313112 -0.00813276 1.66712e-05 0.00104974 0.00148792 0.00126386 -0.000576523 0.00240271 0.000754133 0.00164736 0.00621883 0.00160079 -0.00776814 0.00274224 0.00703397 0.00195082 -0.0014013 0.00749526 0.013162 0.017391 0.0115394
internal_weight=119094 920 893 690 56 634 384 342 250 203 213 118174 4480 4311 4217 1612 2605 1286 1164 358 215 122 2537 395 2142 192 69 143 108 94
internal_count=119094 920 893 690 56 634 384 342 250 203 213 118174 4480 4311 4217 1612 2605 1286 1164 358 215 122 2537 395 2142 192 69 143 108 94
is_linear=0
shrinkage=0.05


Tree=154
num_leaves=31
num_cat=0
split_feature=8 12 10 0 7 9 3 4 9 3 3 6 2 6 6 6 10 1 7 10 11 2 7 0 1 11 11 8 1 7
split_gain=1.70039 5.05308 4.14052 2.76745 3.51746 6.50519 4.67478 3.68131 3.09296 3.7249 6.09001 3.48767 3.27422 2.9389 2.42568 5.42437 4.17087 2.40622 2.38686 2.34366 2.28477 2.23444 5.45015 3.98227 4.03414 3.89324 7.85958 3.82902 4.23187 3.29516
threshold=0.61515601233369199 0.49479369188800154 -0.17554549999999999 0.39933890765301921 0.39437584531971381 0.88213700000000006 -0.39967826331554146 -0.011455621484904808 0.93081225000000012 -0.2653953461315689 -0.34658314793615136 -5.4246888032584044 0.3987803066767846 -0.42548333692206747 -2.7001532609940626 -4.9771418551995792 0.091987499999999958 0.39337886371972003 0.39437584531971381 -0.012629000000000027 0.0011459999999999945 -0.48597517956129066 -1.4930075024446945 -0.22280337561569588 -0.20807125980058647 0.14251800000000001 0.076176500000000022 -1.1083506524943345 -0.38403253533457971 1.0000000180025095e-35
decision_type=2 2 2 2 2 2 2 2 2 2 2 2 2 2 2 2 2 2 2 2 2 2 2 2 2 2 2 2 2 2
left_child=3 2 -2 4 21 7 -7 -6 9 10 18 -11 -12 -10 15 -4 -16 19 -5 -8 -20 22 -1 24 25 26 27 -24 29 -29
right_child=1 -3 14 8 5 6 17 -9 13 11 12 -13 -14 -15 16 -17 -18 -19 20 -21 -22 -23 23 -25 -26 -27 -28 28 -30 -31
leaf_value=-0.0018947057954145808 -0.02279839244147297 0.0089767098872804308 0.0063913982361555105 -0.0021625468159412989 -0.0070010490625234114 0.014241090442519637 -0.019002938498225479 -0.029144629002548758 0.0034093316229700577 0.024981992221437394 -0.0062450266787782314 0.0035776818131921864 -0.032100116681006811 0.019498601013922371 -0.006127371427326187 -0.027007625809299853 0.0075365487780072729 0.010770053124055268 0.023439586888998748 -0.00096107810224768599 0.00096102917763906033 -1.661308786491431e-05 0.017719756374647438 0.0019512963535942556 0.030413632071577015 -0.010193524991386925 0.036404267496739827 0.0023183450513260115 -0.0092851771333930539 0.018688788226184746
leaf_weight=609 32 71 20 163 305 65 27 20 64 20 25 393 24 51 185 31 80 25 20 54 26 115764 58 696 20 29 24 97 51 45
leaf_count=609 32 71 20 163 305 65 27 20 64 20 25 393 24 51 185 31 80 25 20 54 26 115764 58 696 20 29 24 97 51 45
internal_value=-1.554e-12 -0.0031796 -0.00565976 1.1226e-05 -8.48934e-06 -0.00421022 0.00368389 -0.00836373 0.00296826 0.00166978 -0.00304359 0.00461421 -0.0189087 0.0105446 -0.0039242 -0.01391 -0.00200241 -0.00278987 0.000675997 -0.00697503 0.0107343 9.26349e-06 0.00184817 0.00408288 0.00866185 0.00723081 0.00906829 0.00645449 0.00306907 0.00750616
internal_weight=119094 419 348 118675 117889 496 171 325 786 671 258 413 49 115 316 51 265 106 209 81 46 117393 1629 1020 324 304 275 251 193 142
internal_count=119094 419 348 118675 117889 496 171 325 786 671 258 413 49 115 316 51 265 106 209 81 46 117393 1629 1020 324 304 275 251 193 142
is_linear=0
shrinkage=0.05


Tree=155
num_leaves=31
num_cat=0
split_feature=2 3 4 7 4 8 8 9 6 9 4 6 9 8 7 1 11 11 0 8 10 7 4 7 6 6 8 5 6 11
split_gain=1.70137 5.63102 5.96157 7.5758 5.56187 5.13258 5.0294 4.96317 4.91274 13.002 4.45297 8.58488 8.45778 5.99044 4.62585 4.25902 8.81265 6.03897 5.44849 6.96594 6.29543 4.8423 4.8237 4.80341 6.14509 5.3775 4.32965 4.25084 5.48796 4.35936
threshold=0.050662992691769666 -0.17429749623027771 -0.073760027881113563 -4.8226363254664175 -0.2041471304846337 -0.28549488444142596 -3.5226387014083778 0.15635900000000003 -5.9227674387528646 0.3704050000000001 -0.0071824673175978617 -7.1583493145329467 0.17668250000000005 -3.4560145027289058 -6.0515327842249702 0.091394710741160581 -0.019566500000000011 -0.21103749999999996 0.060066270141127871 -2.7520335263402451 0.023496000000000006 -6.0515327842249702 -0.045401798811382336 -3.284553027179459 -3.0742368937767135 -2.8034295953099728 -2.7520335263402451 -3.0446584761362279 -3.7219557256650919 -0.016518500000000016
decision_type=2 2 2 2 2 2 2 2 2 2 2 2 2 2 2 2 2 2 2 2 2 2 2 2 2 2 2 2 2 2
left_child=4 -2 3 6 7 10 -3 -1 9 -9 11 14 13 -12 -6 21 17 -17 19 27 -21 -13 -23 24 26 -25 -19 28 29 -18
right_child=1 2 -4 -5 5 -7 -8 8 -10 -11 12 15 -14 -15 -16 16 18 23 -20 20 -22 22 -24 25 -26 -27 -28 -29 -30 -31
leaf_value=-0.016314766185565127 -0.0016956992306292459 -0.00037898650126797813 -2.8524747887323045e-05 0.001161426548580967 -0.0028931405302137139 0.020348714433353524 -0.033004500075346895 -0.00020104525438337413 0.0002715194451426156 0.045399940572679043 -0.011419337368300878 0.019856120186990928 0.00029281322201102448 -0.040348865535287631 0.025817264039862033 -0.013541370355524125 -0.019050803645090625 0.0081822799646148556 -0.0026582754712112132 -0.0063720761555888768 0.0013702623310926096 -0.00074816808228805095 -0.0033763511020273051 0.012439482259906383 -0.027361803753301502 0.003158111705525954 -0.011258423755445132 -0.0029339212089243734 0.011348820244165836 0.00376994524779024
leaf_weight=45 3691 21 37462 16769 20 29 27 54 31376 22 121 28 198 21 47 40 22 95 1462 394 787 22892 1890 351 20 281 41 155 304 429
leaf_count=45 3691 21 37462 16769 20 29 27 54 31376 22 121 28 198 21 47 40 22 95 1462 394 787 22892 1890 351 20 281 41 155 304 429
internal_value=-2.08945e-13 0.000194057 0.000322561 0.00110465 -0.000184043 -0.000675817 -0.0187308 0.000278534 0.000302274 0.0129992 -0.000696417 -0.000630305 -0.00638556 -0.0156976 0.017247 -0.000671337 0.000765896 0.00541125 -0.00031667 0.00132055 -0.0012127 -0.000925127 -0.000948607 0.00637332 -0.00148407 0.0083128 0.00232148 0.00460821 0.0061566 0.00265674
internal_weight=119094 57970 54279 16817 61124 29627 48 31497 31452 76 29598 29258 340 142 67 29191 4381 828 3553 2091 1181 24810 24782 788 156 632 136 910 755 451
internal_count=119094 57970 54279 16817 61124 29627 48 31497 31452 76 29598 29258 340 142 67 29191 4381 828 3553 2091 1181 24810 24782 788 156 632 136 910 755 451
is_linear=0
shrinkage=0.05


Tree=156
num_leaves=31
num_cat=0
split_feature=10 7 10 2 5 5 7 10 9 1 4 11 7 2 9 6 4 0 0 7 11 6 8 9 8 11 11 8 2 0
split_gain=1.64222 2.95724 9.16346 6.35072 5.99652 3.84259 3.60848 3.89043 2.82147 3.91492 3.31081 6.33885 3.22617 5.13286 6.84061 4.2846 3.16257 3.30209 2.88786 2.81741 2.64374 2.42168 5.53101 5.4095 5.84901 4.42879 3.38736 6.73991 4.46471 3.83373
threshold=-0.22315999999999997 -4.685992601504112 -0.34279249999999989 0.33248406402949621 -7.9272803883485734 -8.0478507056777104 -4.0337992961490192 -0.40061299999999994 0.21913850000000004 -0.091652106725727808 -0.0023594180176700337 -0.116507 -3.4866084170838731 0.10411340171055007 0.36331425000000001 -4.4866921912590811 -0.0023594180176700337 0.022420230382142806 -0.056497710710255548 -3.2959523798788268 -0.0061884999999999987 -0.24351852815951319 -1.3326263584484193 0.52346650000000017 -1.5967394705927138 -0.3373894999999999 0.46210699999999993 -2.4506479057231552 -0.034615023844597685 0.042100333732263857
decision_type=2 2 2 2 2 2 2 2 2 2 2 2 2 2 2 2 2 2 2 2 2 2 2 2 2 2 2 2 2 2
left_child=1 2 3 4 -1 -4 7 -3 9 -8 12 -12 13 15 -15 -10 17 19 -17 -11 -9 26 23 -23 -25 -24 -2 -28 -29 -30
right_child=21 6 5 -5 -6 -7 8 20 10 16 11 -13 -14 14 -16 18 -18 -19 -20 -21 -22 22 25 24 -26 -27 27 28 29 -31
leaf_value=-0.011825898610986769 8.6962768534589184e-05 -0.023817338853010111 0.0084118539629423113 0.041295737265185879 0.025244334386661651 -0.017613265950018792 0.024972107154982433 0.0025713675884021956 -0.025468455450848127 0.012941545455325996 -0.032942606198290987 -0.0016817853040993213 -0.0006669016747396961 -0.0060100406164121699 0.029082239782881172 0.0094426513191454287 0.020687676611400786 -0.0069434170015589443 -0.0098357127591967592 -0.0046441997794318011 -0.015503821360834991 -0.0031065743633742465 -0.022609401037473054 -0.036870582380409661 -0.0084650693480177105 0.00047612855728606623 0.0037201945626498265 -0.0024776550671085718 -0.026656096438765181 -0.0086300394060806595
leaf_weight=20 111907 35 23 22 24 37 21 55 39 62 24 50 2979 41 21 23 21 86 125 36 32 990 21 24 74 1941 142 100 54 65
leaf_count=20 111907 35 23 22 24 37 21 55 39 62 24 50 2979 41 21 23 21 86 125 36 32 990 21 24 74 1941 142 100 54 65
internal_value=1.93773e-12 -0.00102606 0.00650503 0.0193614 0.00839423 -0.00763697 -0.00128604 -0.0097402 -0.000993691 0.00441109 -0.00136361 -0.0118204 -0.0011239 -0.00659132 0.00587605 -0.0107249 0.00230484 0.000206798 -0.00683975 0.00648148 -0.00407698 3.35976e-05 -0.00135654 -0.00421583 -0.0154215 0.000229036 7.13637e-05 -0.00476421 -0.0102655 -0.0168099
internal_weight=119094 3776 126 66 44 60 3650 122 3528 226 3302 74 3228 249 62 187 205 184 148 98 87 115318 3050 1088 98 1962 112268 361 219 119
internal_count=119094 3776 126 66 44 60 3650 122 3528 226 3302 74 3228 249 62 187 205 184 148 98 87 115318 3050 1088 98 1962 112268 361 219 119
is_linear=0
shrinkage=0.05


Tree=157
num_leaves=31
num_cat=0
split_feature=11 6 10 10 9 8 1 9 11 6 0 1 10 4 0 7 0 5 9 7 11 6 0 8 1 3 6 8 1 6
split_gain=1.62907 5.10599 8.49049 8.07132 6.98724 6.18505 10.1009 5.95761 5.41758 6.2941 5.34818 6.70828 5.14547 4.9767 6.21705 6.12532 5.44612 4.65242 4.50512 4.37212 4.47157 4.30522 4.64394 4.43336 6.31933 5.63032 4.29949 6.46102 9.3598 4.29666
threshold=-0.0045179999999999795 -3.3826167558716498 -0.021300499999999997 0.055442000000000026 0.18519075000000004 -1.5650748934853178 0.50664637109242716 0.6627557500000002 -0.012248500000000008 -6.4665603489108898 -0.063190640737322654 -0.012839199139105193 0.11221200000000002 -0.28047218059270779 -0.090276105871572074 -2.0154134968579309 -0.15891813333991886 -6.6843217601125824 0.6417067500000001 -2.8357707770332179 -0.51730049999999983 -2.583164758192205 0.066618616227617791 -2.1112076654223912 -0.17802774858221412 -0.21703988489171719 -3.8634225713688894 -0.37319999869523457 0.43831218028126889 -7.1583493145329467
decision_type=2 2 2 2 2 2 2 2 2 2 2 2 2 2 2 2 2 2 2 2 2 2 2 2 2 2 2 2 2 2
left_child=1 2 26 4 8 7 12 -5 -4 -10 11 13 -7 14 -6 -15 -17 -13 29 21 -21 -3 23 24 -23 -26 27 28 -1 -12
right_child=-2 19 3 5 10 6 -8 -9 9 -11 18 17 -14 15 -16 16 -18 -19 -20 20 -22 22 -24 -25 25 -27 -28 -29 -30 -31
leaf_value=-0.0022830977637123408 -0.00017181094596193525 -0.00054282175603173729 0.0021385888364082481 -0.0010250296614932348 0.0039030953465230968 -0.0076343975336595378 0.023324663694947959 0.017169610387645664 0.021370638824171492 -0.002997662634523412 0.023617845935666043 -0.002257570867530174 -0.026120007619009178 0.0029587148929445337 0.020733972163706756 0.0098062267638922024 -0.016456013790433998 0.013680784923698988 -0.01568775148803575 -0.0075153998903087563 0.0002028529039265971 0.015127718119501053 0.0024382128830391023 -0.013341813527885825 -0.019370101665242993 -0.0034718428203346107 0.00091673740865760075 0.020686579098304111 -0.026961531387403228 0.0019818178522099414
leaf_weight=2589 63919 6477 1073 2051 185 104 20 46 27 1427 23 54 59 517 78 26 82 301 36 189 26383 44 304 125 58 1398 1566 30 39 9864
leaf_count=2589 63919 6477 1073 2051 185 104 20 46 27 1427 23 54 59 517 78 26 82 301 36 189 26383 44 304 125 58 1398 1566 30 39 9864
internal_value=1.49688e-12 0.000199039 0.000832023 0.00135921 0.00181784 -0.00139522 -0.0102107 -0.00062591 -0.000556372 -0.00254516 0.00235515 0.00544695 -0.0143255 0.00312449 0.00889476 0.000696359 -0.0101336 0.0112564 0.00196786 -0.000166459 0.000147955 -0.00116034 -0.0032338 -0.0042949 -0.00354099 -0.00410515 -0.00116151 -0.00238595 -0.00264933 0.00203215
internal_weight=119094 55175 20197 15973 13693 2280 183 2097 2527 1454 11166 1243 163 888 263 625 108 355 9923 34978 26572 8406 1929 1625 1500 1456 4224 2658 2628 9887
internal_count=119094 55175 20197 15973 13693 2280 183 2097 2527 1454 11166 1243 163 888 263 625 108 355 9923 34978 26572 8406 1929 1625 1500 1456 4224 2658 2628 9887
is_linear=0
shrinkage=0.05


Tree=158
num_leaves=31
num_cat=0
split_feature=2 3 6 10 9 7 9 9 10 6 3 1 9 8 1 3 5 8 8 6 9 11 9 6 9 12 8 0 7 6
split_gain=1.63451 4.84797 8.9472 8.35946 6.76867 6.74871 5.71215 9.96139 6.85747 4.79572 4.50362 4.21683 4.58066 4.19855 4.05535 5.88949 6.04888 4.12077 3.93293 4.03811 3.89223 3.8152 3.96604 3.72441 3.67454 3.6727 4.19162 3.66168 4.65632 4.63793
threshold=0.30629171598505006 0.060487167091500489 -4.885884075296488 0.17055750000000006 0.70121100000000003 -2.1164699959455446 0.28705450000000005 0.17849100000000004 0.020905499999999997 0.62208236359720115 -0.48682544785801818 0.02443307531864403 0.34687525000000002 -0.58634601332366765 0.39337886371972003 0.31248080293943098 -3.45952872278303 -0.82226038163048643 -2.4682678095332058 -4.9771418551995792 0.35011450000000005 -0.0054620000000000076 0.48042150000000006 -2.8034295953099728 0.60654550000000007 0.18253353331992675 -0.37319999869523457 0.11145475408802287 1.0000000180025095e-35 -1.6059803506578556
decision_type=2 2 2 2 2 2 2 2 2 2 2 2 2 2 2 2 2 2 2 2 2 2 2 2 2 2 2 2 2 2
left_child=-1 2 3 6 9 -6 7 -2 -8 10 23 25 -13 -12 18 16 21 -18 20 -20 -14 22 -16 -4 -23 -3 -27 29 -29 -17
right_child=1 11 4 -5 5 -7 8 -9 -10 -11 13 12 14 -15 15 27 17 -19 19 -21 -22 24 -24 -25 -26 26 -28 28 -30 -31
leaf_value=-7.141079672580593e-05 0.0025422323930768239 0.00301604761046388 -0.030900966249067675 -0.039079446076518962 0.033874180540442465 0.0039217122443138607 0.027571948412805799 -0.037541123876167884 -0.012881007688966665 -0.015557229300842634 -0.0016111450190946924 0.00167232228636528 -0.018243339728741422 0.0091364806991502227 0.043684163423521181 -0.0049708841800044515 0.0083589651735676684 -0.00679302699765587 -0.01644571195362084 -0.0015439150922642898 0.0037186467668211677 0.0003615106347688409 0.015719994349638 -0.0062880273141405173 0.026302848788909618 0.031877479438359543 0.0023265891475602986 0.0041742631433407951 -0.0052757376792527746 0.0026404985571336741
leaf_weight=103684 31 1288 22 27 20 315 20 31 22 63 1700 5146 21 96 21 511 114 74 46 3881 513 43 32 51 20 24 24 768 157 329
leaf_count=103684 31 1288 22 27 20 315 20 31 22 63 1700 5146 21 96 21 511 114 74 46 3881 513 43 32 51 20 24 24 768 157 329
internal_value=1.25355e-12 0.000480477 -0.00158536 -0.0142905 -0.000851185 0.00570992 -0.00785489 -0.0174994 0.0063823 -0.00198885 -0.00153149 0.000861193 0.000556722 -0.00103666 -0.000322433 0.0015072 0.00793502 0.00239488 -0.00117101 -0.00171847 0.00285497 0.0169139 0.0268001 -0.0137056 0.00859686 0.00352213 0.017102 0.000400082 0.00257032 -0.00198976
internal_weight=119094 15410 2398 131 2267 335 104 62 42 1932 1869 13012 11676 1796 6530 2069 304 188 4461 3927 534 116 53 73 63 1336 48 1765 925 840
internal_count=119094 15410 2398 131 2267 335 104 62 42 1932 1869 13012 11676 1796 6530 2069 304 188 4461 3927 534 116 53 73 63 1336 48 1765 925 840
is_linear=0
shrinkage=0.05


Tree=159
num_leaves=31
num_cat=0
split_feature=5 6 8 6 11 5 6 10 10 9 1 8 10 11 11 7 9 2 2 9 9 6 5 6 4 9 11 0 0 10
split_gain=1.60712 4.16907 8.01781 5.9932 5.08423 4.3954 5.12039 4.35981 4.02795 6.04652 5.42528 3.88148 4.33768 3.53431 3.1833 3.07274 5.45772 8.52252 4.71182 3.45623 5.45609 6.45122 5.03004 3.83649 4.99895 3.34538 3.01954 3.10568 5.59529 3.70281
threshold=-0.96388732689272494 -0.62838140585079683 -1.4260573590999026 0.3563243666622285 -0.073818999999999982 -1.6778835974049029 1.0000000180025095e-35 -0.021300499999999997 0.13016300000000003 0.93081225000000012 -0.21413448613136113 -0.64066151485626388 0.1602365 0.010546499999999988 -0.51730049999999983 1.0000000180025095e-35 0.18184825000000002 0.3987803066767846 -0.62941152952214419 0.3419457500000001 0.40636000000000011 -5.4246888032584044 -5.0786382696918499 -2.712882392899385 -0.082999409193322479 0.84674525000000012 0.20683000000000004 0.0029858175523577173 0.11872976305947104 -0.10445349999999999
decision_type=2 2 2 2 2 2 2 2 2 2 2 2 2 2 2 2 2 2 2 2 2 2 2 2 2 2 2 2 2 2
left_child=1 15 26 4 5 6 7 -4 9 -6 -10 12 -12 -11 -2 -1 17 -17 25 22 -21 -22 -20 24 -23 -18 27 -3 -29 -30
right_child=14 2 3 -5 8 -7 -8 -9 10 13 11 -13 -14 -15 -16 16 18 -19 19 20 21 23 -24 -25 -26 -27 -28 28 29 -31
leaf_value=2.9967108091050182e-05 -0.01478592876457807 -0.0064150330405520241 0.0015214810208619936 -0.0036780589000651766 0.0013142762226416632 -0.0034719360233949762 0.038400569816373964 0.026832207264723601 -0.0047979928622091262 -0.02758812796181211 0.02154709901660681 0.022092444251757118 -0.0087208514362734201 -0.0060810104691578701 0.00077769348885457269 -0.011093620937317611 -0.00075203038995032723 0.03196956940961105 -0.036861402792856095 0.013427508804340696 0.021719376395710491 -0.0084547616370776995 -0.0050837728392445682 -0.0038283463545749847 -0.031993463861622981 0.027208683695644144 -0.023020800389349463 0.0039206278963193168 -0.025657937878912147 -0.0044601672012459506
leaf_weight=107416 33 790 46 624 869 35 22 27 54 26 20 68 29 72 7455 20 23 27 20 43 22 116 33 530 28 20 22 258 22 324
leaf_count=107416 33 790 46 624 869 35 22 27 54 26 20 68 29 72 7455 20 23 27 20 43 22 116 33 530 28 20 22 258 22 324
internal_value=-9.94338e-13 -4.7576e-05 -0.00179611 0.000333434 0.00230754 0.011675 0.0172555 0.010883 0.00123745 -1.34623e-05 0.0083113 0.0143617 0.00363341 -0.011787 0.000709104 5.83347e-06 -0.00293333 0.0136448 -0.00386647 -0.00474164 -0.00385708 -0.00492495 -0.0170753 -0.00579465 -0.0130317 0.012253 -0.00464151 -0.00435145 -0.0016524 -0.005808
internal_weight=119094 111606 3308 1892 1268 130 95 73 1138 967 171 117 49 98 7488 108298 882 47 835 792 739 696 53 674 144 43 1416 1394 604 346
internal_count=119094 111606 3308 1892 1268 130 95 73 1138 967 171 117 49 98 7488 108298 882 47 835 792 739 696 53 674 144 43 1416 1394 604 346
is_linear=0
shrinkage=0.05


Tree=160
num_leaves=31
num_cat=0
split_feature=4 2 1 3 0 7 10 10 6 1 8 4 2 4 9 11 0 8 6 11 5 9 11 11 11 5 1 2 9 5
split_gain=1.59279 5.34866 4.53871 10.8927 4.43671 8.4586 5.68061 4.69817 3.58145 3.69084 5.9028 5.65944 4.02226 3.8229 3.68049 6.92721 10.0017 3.55712 3.5003 3.51422 3.77356 4.22073 3.49236 5.16278 3.44682 8.20735 3.44176 4.55779 3.43392 3.67535
threshold=-0.0050838027204612715 0.013388480985198627 0.37542399974579427 -0.17429749623027771 0.081645510230262577 -2.8749650134499238 0.038114000000000002 0.019549999999999974 -3.1508359115171163 0.13303804942765254 -2.6840731136482852 -0.0044229106790960584 0.2656748532617918 -0.0016081914701754905 0.11506975000000001 -0.0056454999999999969 0.023957324144207596 -3.8956870608118264 -5.1370560909158876 -0.018820499999999959 -6.2444196806098935 0.24118975000000004 -0.21103749999999996 -0.10674599999999997 0.11810349999999999 -3.5571224795984957 0.23356383394544647 0.20453227569025725 0.88213700000000006 -2.1748270360962345
decision_type=2 2 2 2 2 2 2 2 2 2 2 2 2 2 2 2 2 2 2 2 2 2 2 2 2 2 2 2 2 2
left_child=-1 -2 3 -3 5 6 -4 -7 9 14 12 -12 -11 -13 15 -5 -17 -14 19 20 21 -16 -10 -24 -25 -26 27 -15 -6 -30
right_child=1 2 4 8 28 7 -8 -9 22 10 11 13 17 26 18 16 -18 -19 -20 -21 -22 -23 23 24 25 -27 -28 -29 29 -31
leaf_value=5.2032401313636435e-05 -0.022080695179515872 -0.036115470642504414 -0.0062885436090700172 0.033900520099060881 0.0030705713037717033 -0.036454242646046311 0.019524286510661626 -0.0090612991731994011 0.018598544895648956 0.0012015856358830227 0.013750834297388792 -0.0097944188826028372 0.027254803217947484 0.0047573974201097031 -0.033586692493973357 -0.01467764502832372 0.029005600083619354 0.0057937481549821335 -0.00075384821360141151 -0.0033629508029563862 -0.00037569141749179726 -0.0076737811105946699 -0.020926581162053186 -0.0017844765709365445 -0.039663315716898073 -0.0046051998334558737 0.0025215848831767577 -0.010122191981197549 0.032919509150087838 0.0068774316637288963
leaf_weight=110173 29 22 47 21 813 23 39 49 20 909 52 173 20 74 33 38 20 558 2005 379 33 30 37 2862 20 101 283 169 20 42
leaf_count=110173 29 22 47 21 813 23 39 49 20 909 52 173 20 74 33 38 20 558 2005 379 33 30 37 2862 20 101 283 169 20 42
internal_value=-6.52607e-13 -0.000642592 -0.000572675 -0.000982221 0.00254313 -0.00516814 0.00541727 -0.0178118 -0.000883595 -3.26997e-05 0.00145034 -0.00216296 0.00327522 -0.00334682 -0.00132971 0.00929459 0.000385543 0.00653635 -0.00166814 -0.00552743 -0.0140726 -0.0212472 -0.00222628 -0.00236419 -0.00213395 -0.0103999 -0.00122623 -0.00559096 0.00393556 0.0152781
internal_weight=119094 8921 8892 7859 1033 158 86 72 7837 4797 2238 751 1487 699 2559 79 58 578 2480 475 96 63 3040 3020 2983 121 526 243 875 62
internal_count=119094 8921 8892 7859 1033 158 86 72 7837 4797 2238 751 1487 699 2559 79 58 578 2480 475 96 63 3040 3020 2983 121 526 243 875 62
is_linear=0
shrinkage=0.05


Tree=161
num_leaves=31
num_cat=0
split_feature=5 8 11 7 6 8 5 7 1 2 10 10 9 9 0 0 10 8 3 11 3 0 3 11 3 4 11 9 11 11
split_gain=1.53862 9.05574 5.52414 4.90265 4.79766 4.56793 11.8307 7.91514 5.12904 7.71678 4.6588 4.64035 4.54056 10.2791 4.53759 5.63963 4.52265 4.48326 4.09889 4.05141 4.30509 4.05103 4.24538 3.95047 5.86957 3.96792 4.81078 3.98321 3.78114 3.82212
threshold=-4.2147103552667611 -4.2912813858441234 -0.022192500000000028 0.80553278013315566 -4.7700428547793097 -3.4259494181301329 -2.1748270360962345 -2.9673026172593873 -0.040386119156782356 0.13960197166972868 -0.0077929999999999658 0.087790499999999994 0.19856550000000003 0.51414175000000018 0.022420230382142806 -0.026026498967925079 -0.0077929999999999658 -3.4893956424824988 -0.3026491228070175 -0.0073454999999999901 -0.10276303764906757 -0.0046874888024500119 0.13938487277689918 0.016884999999999987 1.8838283366022233 -0.62881439159417385 0.0089270000000000061 0.68740100000000015 -0.035932500000000027 -0.011782999999999986
decision_type=2 2 2 2 2 2 2 2 2 2 2 2 2 2 2 2 2 2 2 2 2 2 2 2 2 2 2 2 2 2
left_child=3 2 -2 16 18 6 7 8 14 28 -11 21 -5 -14 15 -6 -1 -9 -3 20 -20 22 -12 25 -25 26 27 -18 -10 -30
right_child=1 4 -4 12 5 -7 -8 17 9 10 11 -13 13 -15 -16 -17 23 -19 19 -21 -22 -23 -24 24 -26 -27 -28 -29 29 -31
leaf_value=-0.0011408799273853617 -0.024916510486187652 0.025150876221331681 -0.0058012469873734672 0.0063685649421852857 0.0060023468285360856 0.00025271643495286306 -0.0077584879933561184 -0.019056007090618773 -0.0082666453676151323 -0.0051863066563133282 0.016339486232922914 -0.0073266439193989648 -0.047843246683478363 -0.0066997528756185185 0.020553640832599158 -0.0043912303604508414 -0.0059012116572252048 -0.0014603829698547001 0.022607434719301215 0.00041386871283896691 0.0053926093891883894 0.0063269498930468519 -0.00563668560328513 -0.0012758962822029571 0.011728263106620448 0.0003180390851065596 0.011816071913563065 -0.024657723151476071 0.0023090473279453617 -0.0027853179981701393
leaf_weight=9971 47 22 193 29 449 63579 623 87 244 168 26 86 20 63 39 184 169 62 41 506 318 777 142 6220 88 32668 32 34 467 1740
leaf_count=9971 47 22 193 29 449 63579 623 87 244 168 26 86 20 63 39 184 169 62 41 506 318 777 142 6220 88 32668 32 34 467 1740
internal_value=4.45341e-13 0.000151029 -0.00954465 -0.000213856 0.000184481 0.000137289 -0.00130338 -0.00040391 -1.32957e-05 -0.000752363 0.00253467 0.00379279 -0.010663 -0.0166138 0.00400098 0.00298115 -0.00019006 -0.0117343 0.00383821 0.00329615 0.00735865 0.00480472 -0.00223561 5.17243e-05 -0.00109448 0.000271469 -0.00620235 -0.0090427 -0.00236034 -0.00170735
internal_weight=119094 69800 240 49294 69560 68673 5094 4471 4322 3650 1199 1031 112 83 672 633 49182 149 887 865 359 945 168 39211 6308 32903 235 203 2451 2207
internal_count=119094 69800 240 49294 69560 68673 5094 4471 4322 3650 1199 1031 112 83 672 633 49182 149 887 865 359 945 168 39211 6308 32903 235 203 2451 2207
is_linear=0
shrinkage=0.05


Tree=162
num_leaves=31
num_cat=0
split_feature=2 3 10 3 4 7 8 6 12 4 6 1 9 8 1 0 4 4 11 6 11 1 1 9 9 7 2 1 4 6
split_gain=1.499 4.99788 5.32571 4.86318 5.31328 6.74935 4.3881 4.11123 4.01892 4.64339 7.99139 6.62336 5.76686 6.52166 4.19614 4.17594 5.09013 4.52598 4.27608 4.96271 4.09032 5.82181 3.90263 4.332 3.83198 3.79641 3.71946 3.70317 6.01804 5.81017
threshold=0.050662992691769666 -0.13447906667651185 0.39555950000000006 -0.17429749623027771 -0.073760027881113563 -4.8226363254664175 -3.5226387014083778 -3.5034087103425429 -1.3467430288252182 -0.0071824673175978617 -7.1583493145329467 0.006917050279361959 0.17668250000000005 -3.4560145027289058 0.035068674711393751 0.029553124324744443 -0.17490739069035913 -0.12961382344398811 -0.21103749999999996 -3.8139635416494357 0.067059500000000008 -0.053449735084438448 -0.33772615859632066 1.0889377500000001 0.15635900000000003 -1.1947485874936266 0.015358969311743855 1.0775296848187803 -0.0044229106790960584 -1.9631182898253001
decision_type=2 2 2 2 2 2 2 2 2 2 2 2 2 2 2 2 2 2 2 2 2 2 2 2 2 2 2 2 2 2
left_child=1 2 24 27 5 6 -5 -4 9 10 26 -11 13 -13 -14 16 -10 20 19 -17 21 -18 -20 -24 -1 -9 -3 28 -2 -29
right_child=3 8 7 4 -6 -7 -8 25 15 11 -12 12 14 -15 -16 18 17 -19 22 -21 -22 -23 23 -25 -26 -27 -28 29 -30 -31
leaf_value=-0.013038519276932886 -0.0015885633576153181 0.0069900371436331724 0.010827278532087804 -0.00054046727184738433 -2.9874990076196553e-05 0.0010935041519068856 -0.031015037358048614 -0.023089584163217634 0.00091101996553904726 -0.031347794223576787 -0.0006494018954997995 -0.0076202911861418254 0.021233153893895771 -0.038143479549104263 -0.0016922591624177056 0.037161777764558791 0.0050432451373825862 -0.00045330444213976617 -0.016858528810553254 0.0066575453616678718 -0.023739150925327773 -0.01425522785747842 0.0028988910947786574 0.022247543895306688 0.00055168681879499591 -0.0038683905912449165 0.031667050568816753 -0.013750866188534669 -0.020406243673980584 0.016741902910203475
leaf_weight=52 3566 37 20 21 37462 16769 27 54 2965 25 35526 105 23 21 151 20 65 279 24 40 44 98 810 30 20660 49 26 21 43 61
leaf_count=52 3566 37 20 21 37462 16769 27 54 2965 25 35526 105 23 21 151 20 65 279 24 40 44 98 810 30 20660 49 26 21 43 61
internal_value=-5.71538e-12 -0.000172751 0.000455964 0.00018215 0.000301572 0.00103991 -0.0176824 -0.00991742 -0.000497884 -0.00067218 -0.00061785 -0.00662156 -0.00456104 -0.0127075 0.00133811 0.0009329 0.000133578 -0.00460946 0.00391825 0.0168256 -0.0102112 -0.00655952 0.0030219 0.00358991 0.000517567 -0.0139455 0.0171742 -0.00157404 -0.00181277 0.00893278
internal_weight=119094 61124 20835 57970 54279 16817 48 123 40289 35914 35589 325 300 126 174 4375 3451 486 924 60 207 163 864 840 20712 103 63 3691 3609 82
internal_count=119094 61124 20835 57970 54279 16817 48 123 40289 35914 35589 325 300 126 174 4375 3451 486 924 60 207 163 864 840 20712 103 63 3691 3609 82
is_linear=0
shrinkage=0.05


Tree=163
num_leaves=31
num_cat=0
split_feature=8 12 10 0 7 9 3 10 9 10 3 6 6 8 4 6 7 10 7 10 7 0 3 5 3 4 1 6 10 10
split_gain=1.49016 4.49393 3.65459 2.48006 3.08769 5.61604 4.14281 3.35921 2.67581 3.48966 2.85993 4.39856 4.04156 2.92284 2.49479 2.5019 2.27384 2.46364 2.22829 3.31486 3.23495 2.41523 2.17608 2.15843 2.59847 2.15073 2.14278 2.13507 2.125 2.11142
threshold=0.61515601233369199 0.49479369188800154 -0.14249199999999998 0.39933890765301921 0.39437584531971381 0.88213700000000006 -0.39967826331554146 0.048457500000000008 1.2747032500000002 0.31615150000000009 -0.2653953461315689 -3.0742368937767135 -3.0100777775679979 -0.52469514197578759 -0.0044229106790960584 -0.13093745654751734 0.39437584531971381 0.04992700000000002 -2.128379474619766 0.091987499999999958 -0.4842684844304328 0.2600131061598952 -0.46882516506305921 -2.3355836418788045 -0.070860581380115292 -0.019808580668542405 0.39337886371972003 0.15499957468098949 0.094297500000000048 -0.012629000000000027
decision_type=2 2 2 2 2 2 2 2 2 2 2 2 2 2 2 2 2 2 2 2 2 2 2 2 2 2 2 2 2 2
left_child=3 2 -2 4 -1 7 27 -6 9 10 11 -5 13 -12 15 -14 -13 -18 -4 22 -21 -22 -20 24 -9 -24 29 -7 -16 -8
right_child=1 -3 18 8 5 6 26 23 -10 -11 12 16 14 -15 28 -17 17 -19 19 20 21 -23 25 -25 -26 -27 -28 -29 -30 -31
leaf_value=8.4785471904140997e-06 -0.020638277575905833 0.0084874461921469746 -0.019749462576583027 -0.018191143692555752 -0.0044151949401970746 0.02198121441761032 -0.018070161301228734 -0.013276628966388457 0.020001598832790148 -0.01644925563208138 0.0069065753948442379 -0.0013976943692867766 -0.0024770941577165802 0.027989443821922668 0.011537529097113294 0.010121427590027453 -0.00039895674542941411 0.020210865441838217 -0.0170508156757097 0.023150437024887654 -0.011761226748617796 0.007304340258807592 -0.0013142254559409059 -0.0071418617346683854 -0.035329845107414506 -0.017803888865139172 0.010091785568743945 0.0038380944500527071 -0.0023131135333743359 -0.00094555407909124541
leaf_weight=117393 35 71 20 33 225 34 27 34 22 24 35 191 186 31 120 50 29 29 37 20 26 46 141 44 22 23 25 31 36 54
leaf_count=117393 35 71 20 33 225 34 27 34 22 24 35 191 186 31 120 50 29 29 37 20 26 46 141 44 22 23 25 31 36 54
internal_value=-7.82731e-13 -0.00297656 -0.00531548 1.05092e-05 -8.15443e-06 -0.00394484 0.00338996 -0.00780407 0.00280979 0.00231474 0.0029233 -0.00103802 0.00536237 0.0168091 0.00343511 0.000192084 0.00123528 0.00990595 -0.00360207 -0.00249986 0.00536105 0.000419552 -0.00609789 -0.015429 -0.0219404 -0.0036268 -0.00270434 0.0133283 0.00834123 -0.00665376
internal_weight=119094 419 348 118675 117889 496 171 325 786 764 740 282 458 66 392 236 249 58 313 293 92 72 201 100 56 164 106 65 156 81
internal_count=119094 419 348 118675 117889 496 171 325 786 764 740 282 458 66 392 236 249 58 313 293 92 72 201 100 56 164 106 65 156 81
is_linear=0
shrinkage=0.05


Tree=164
num_leaves=31
num_cat=0
split_feature=0 8 12 10 11 5 5 10 9 10 9 7 6 3 5 6 6 11 6 11 2 6 10 3 6 3 9 1 8 11
split_gain=1.49378 4.64408 5.51689 5.79212 4.70364 5.54311 5.41344 4.51838 4.39678 5.81372 3.37769 3.27838 5.78061 5.78476 5.16452 3.97655 3.37157 3.23698 6.20543 6.39471 3.53581 3.18516 4.70744 3.13698 2.98838 4.93942 2.98376 2.91723 3.15936 2.9213
threshold=0.10095887592615772 -1.7166778117835395 -1.3814322759289126 0.058947499999999993 0.037975500000000002 -4.0737928188775419 -1.6157170402401306 -0.15203249999999996 0.52842800000000012 0.014138500000000014 0.57582725000000001 -1.2700769297376007 -1.2933256367675705 0.91406120760959486 -6.8179831842828946 -1.166752840638609 -4.9283640120545362 -0.010207000000000006 -5.0814161591864435 -0.061167499999999965 0.46222796069148558 -1.756969028617662 -0.077595999999999998 0.038777965553887801 -2.6092898990495863 -0.032752241116470952 0.45589150000000006 0.4698468254919686 -1.6723803307594418 -0.0095644999999999879
decision_type=2 2 2 2 2 2 2 2 2 2 2 2 2 2 2 2 2 2 2 2 2 2 2 2 2 2 2 2 2 2
left_child=-1 2 17 4 6 -6 7 -4 -9 -10 -5 12 16 14 -14 -16 -3 18 19 -2 -20 -18 -23 -21 -12 -26 -22 28 -24 -30
right_child=1 11 3 10 5 -7 -8 8 9 -11 24 -13 13 -15 15 -17 21 -19 20 23 26 22 27 -25 25 -27 -28 -29 29 -31
leaf_value=7.3995684611132947e-05 -0.036844248175621035 0.021314249350689353 -0.023542964406311512 -0.0054153523834370009 -0.044472857397049669 -0.01283681070432067 -0.023380203014456258 -0.011252975080823227 0.014307030690694923 -0.010606029285635386 -0.0031783298855381351 -0.00033186657615528017 -0.030169591165724253 0.0094081634438932978 -0.015987566823235873 -0.0020932199438812595 0.001657865695736531 -0.0015003453905010234 0.00032661853710846543 -0.015460255544450952 0.0076035016158755913 0.022610498582944276 0.021288757540539587 0.0036592653611054026 -0.00163573334840211 0.030280577646206237 -0.0089911702002670301 0.014271355335906483 -0.0047971978424149646 0.0049984973946822133
leaf_weight=101390 20 24 25 107 20 45 43 62 67 36 35 4762 21 72 63 282 2114 6460 2530 41 279 40 22 45 22 27 30 67 114 229
leaf_count=101390 20 24 25 107 20 45 43 62 67 36 35 4762 21 72 63 282 2114 6460 2530 41 279 40 22 45 22 27 30 67 114 229
internal_value=-3.45448e-12 -0.00042377 -0.00114326 -0.00632119 -0.0106777 -0.022571 -0.00735989 -0.00373423 -0.000732912 0.00559955 0.000475944 0.000487704 0.00176815 -0.00354721 -0.00609581 -0.00463045 0.00266015 -0.000874039 0.000499796 -0.0113782 0.000943285 0.00248703 0.0062007 -0.00545586 0.00798033 0.0159508 0.00599237 0.00468127 0.0029209 0.00174279
internal_weight=119094 17704 9894 489 298 65 233 190 165 103 191 7810 3048 438 366 345 2610 9405 2945 106 2839 2586 472 86 84 49 309 432 365 343
internal_count=119094 17704 9894 489 298 65 233 190 165 103 191 7810 3048 438 366 345 2610 9405 2945 106 2839 2586 472 86 84 49 309 432 365 343
is_linear=0
shrinkage=0.05


Tree=165
num_leaves=31
num_cat=0
split_feature=10 11 6 7 6 0 2 9 7 6 8 5 1 0 7 8 7 2 11 4 10 5 8 1 5 6 11 6 3 10
split_gain=1.4519 4.82413 5.10466 6.27462 6.58598 7.93613 5.97088 5.80766 5.30348 6.27751 5.57486 6.38159 5.06588 4.31859 6.87965 5.26031 7.60917 7.40622 6.73105 5.65665 4.87321 4.81395 7.38481 4.81274 8.19661 4.67493 4.4657 4.43772 4.38658 4.22598
threshold=0.026879500000000004 -0.0061884999999999987 -4.1079485167645347 -1.1406837988866088 -4.8472728215032346 0.34040745046762683 0.31247037955078844 0.11506975000000001 -2.8253136624931048 -3.7979959625806794 -1.8129631572290832 -4.6745923696163132 0.14587706373398415 -0.082227981101693534 -1.5337203286690364 -1.3129685274165344 -0.4121299360677218 -0.62941152952214419 -0.054970499999999985 -0.42888253665975901 -0.087246499999999991 -2.6156000726210311 -3.4560145027289058 -0.27003135827082969 -4.0290229127595785 -2.3308590791946338 -0.021219999999999972 -2.2544189050122054 -0.25257436338808187 0.0075165000000000102
decision_type=2 2 2 2 2 2 2 2 2 2 2 2 2 2 2 2 2 2 2 2 2 2 2 2 2 2 2 2 2 2
left_child=1 12 3 6 5 -5 -3 -8 10 -10 11 -4 13 14 23 19 18 -18 28 20 -16 -15 -23 24 -1 -25 -26 -28 -17 -12
right_child=-2 2 8 4 -6 -7 7 -9 9 -11 29 -13 -14 21 15 16 17 -19 -20 -21 -22 22 -24 25 26 -27 27 -29 -30 -31
leaf_value=-0.0043364090626184125 0.00016953058985358268 -0.0022318205860178942 0.0029650746746520242 -0.049207438156008726 -0.0035386742589374382 -0.0061419133748859172 -0.016510224724263552 0.0060642585210933415 -0.0063777379905639994 -0.00070477660253280604 -0.014392863638100349 -0.00015386137960360705 0.0015425017134297976 4.9804848851034621e-05 -0.0090143700747997782 0.0016625673580281915 0.017747979869859088 -0.0060140674652164154 0.00035013353670365182 -0.0060641194557444792 0.009767569582630746 -0.0089240135380216062 -0.0012086139636344273 0.0036614684086884093 0.0089523511481908805 -0.00049456296817949105 0.010609789009416296 0.036101681724386783 0.016080417641134295 0.0016789831485210073
leaf_weight=83 61294 5197 2574 23 60 20 31 352 508 12173 105 4520 5969 15993 49 78 36 368 320 685 117 331 4922 1753 132 1102 31 38 163 67
leaf_count=83 61294 5197 2574 23 60 20 31 352 508 12173 105 4520 5969 15993 49 78 36 368 320 685 117 331 4922 1753 132 1102 31 38 163 67
internal_value=4.49149e-13 -0.000179779 -0.000691539 -0.00201353 -0.014242 -0.029177 -0.00178781 0.00423708 -0.000314897 -0.000932035 0.000762165 0.000977819 0.000227943 -7.15337e-05 0.00125769 -0.00119176 0.00133532 -0.00389666 0.00510309 -0.00405737 0.0042235 -0.000381536 -0.00169477 0.00267477 0.00888224 0.00205728 0.0143407 0.0246488 0.0114141 -0.00813232
internal_weight=119094 57800 25630 5683 103 43 5580 383 19947 12681 7266 7094 32170 26201 4955 1816 965 404 561 851 166 21246 5253 3139 284 2855 201 69 241 172
internal_count=119094 57800 25630 5683 103 43 5580 383 19947 12681 7266 7094 32170 26201 4955 1816 965 404 561 851 166 21246 5253 3139 284 2855 201 69 241 172
is_linear=0
shrinkage=0.05


Tree=166
num_leaves=31
num_cat=0
split_feature=11 4 3 4 5 10 6 11 4 5 0 1 4 8 8 3 2 4 5 2 5 9 6 7 8 4 9 10 5 7
split_gain=1.45268 4.38628 4.44192 4.80073 5.87756 5.41001 4.88989 4.69983 3.51249 4.98925 5.86165 5.36246 6.04277 3.37648 4.80105 3.30387 5.55873 5.59866 4.85427 4.07003 3.40007 3.02057 4.61179 6.67914 5.80906 5.35133 4.65774 2.82497 2.6419 4.63301
threshold=-0.142628 -0.76861104765756239 -0.21703988489171719 -0.35845654852504161 -7.1857965813610312 -0.069153999999999979 -3.0988732438642108 -0.21103749999999996 -0.26151191075856461 -0.72052237235686312 -0.13493758264074987 -0.089455707232065015 -0.29811331498719434 1.0000000180025095e-35 -0.37319999869523457 0.64702726584195924 0.47800371077540821 -0.009358862544003475 -4.7547372088397637 0.42070714382559021 -3.4201709840672518 0.50988875000000011 -4.697598944740653 -5.0861548832608099 -1.0832497722515886 -0.049117977791917726 0.51899850000000003 -0.64096399999999998 -2.4032653215027988 -1.8369793379148007
decision_type=2 2 2 2 2 2 2 2 2 2 2 2 2 2 2 2 2 2 2 2 2 2 2 2 2 2 2 2 2 2
left_child=1 -1 3 4 -3 7 -7 -5 9 11 -11 28 -13 14 15 16 19 -18 -17 21 -20 27 23 -23 26 -25 -24 -10 -4 -30
right_child=-2 2 8 5 -6 6 -8 -9 13 10 -12 12 -14 -15 -16 18 17 -19 20 -21 -22 22 24 25 -26 -27 -28 -29 29 -31
leaf_value=0.019421997007269126 2.9498149770571177e-05 0.023963935184292497 -0.0027755515524694901 -0.012883361345157027 -0.0039248817637009695 -0.044368313951417805 -0.01475429182123069 0.01258816358598846 -0.019165382860228421 0.0047516943288168738 -0.023408071025077141 0.0079508528795460588 0.03412078050841956 -0.019410452753305437 0.022310156637104228 -0.024177738144579863 0.0044406406079788747 0.033458632501688873 0.015521386843174695 -0.018578494351470111 -0.0068444603441110037 -0.0047500663422838305 0.023328078495662499 0.0097249474569127484 -0.026129430010914802 0.042020280671346451 0.00031172985515196721 -0.0018634670029579017 0.026886015985161067 0.0019026281761600533
leaf_weight=26 115790 20 119 55 341 20 46 27 24 42 33 71 32 25 22 36 68 22 20 33 113 33 23 29 20 23 496 1388 25 72
leaf_count=26 115790 20 119 55 341 20 46 27 24 42 33 71 32 25 22 36 68 22 20 33 113 33 23 29 20 23 496 1388 25 72
internal_value=-9.20195e-13 -0.00103377 -0.00119602 -0.00548895 -0.00237979 -0.0130728 -0.0237282 -0.0044964 -0.000406894 0.0039653 -0.0076386 0.00669349 0.0160813 -0.00113222 -0.000937769 -0.00115747 -0.00063047 0.0115339 -0.00788991 -0.00115961 -0.00348118 -0.000877283 0.00201973 0.012844 0.000312755 0.0240094 0.00133172 -0.00215755 0.00221689 0.00834165
internal_weight=119094 3304 3278 509 361 148 66 82 2769 394 75 319 103 2375 2350 2328 2159 90 169 2069 133 2036 624 85 539 52 519 1412 216 97
internal_count=119094 3304 3278 509 361 148 66 82 2769 394 75 319 103 2375 2350 2328 2159 90 169 2069 133 2036 624 85 539 52 519 1412 216 97
is_linear=0
shrinkage=0.05


Tree=167
num_leaves=31
num_cat=0
split_feature=5 6 7 7 7 3 1 0 2 3 6 7 6 9 7 8 8 6 1 0 1 4 11 8 8 8 7 8 8 2
split_gain=1.39983 3.86209 9.66715 8.05627 5.90612 5.6494 5.2152 5.83769 5.06012 6.28742 4.84633 4.65561 4.32333 4.30487 4.25028 10.0551 8.58039 7.26028 9.97331 6.50715 6.48769 5.65541 9.59706 5.46406 4.56904 4.64932 4.56263 6.86117 4.84305 5.10014
threshold=-0.96388732689272494 -1.8728782261788353 -1.6455053842892764 -1.3191632140010559 -2.6952892688674579 1.3998466257668714 0.035068674711393751 -0.030707502822627405 -0.30995003190125137 -0.12204203579861349 0.3563243666622285 -2.5043006960725727 -0.62838140585079683 0.51414175000000018 -3.0605666559286608 -3.5049811470463359 -1.9039648520751045 -2.7267775042220981 -0.063866751610013137 -0.049143206711722169 0.26253042938049959 -0.012173773757042648 0.14251800000000001 -4.1976334281201231 -1.6125400071535794 -1.3888685848450983 -3.0487863987332728 -2.4413927840477019 -2.5630350325577322 0.22104460847240062
decision_type=2 2 2 2 2 2 2 2 2 2 2 2 2 2 2 2 2 2 2 2 2 2 2 2 2 2 2 2 2 2
left_child=1 3 4 14 -3 -5 11 -8 -9 -10 -4 -6 13 -13 16 -16 17 19 -19 23 -20 22 -18 -1 -23 -26 27 28 29 -17
right_child=-2 2 10 5 6 -7 7 8 9 -11 -12 12 -14 -15 15 26 21 18 20 -21 -22 24 -24 -25 25 -27 -28 -29 -30 -31
leaf_value=-0.011014657452702524 0.00066179495770377311 -0.0071651517705812367 0.00072987313554264506 -0.0022559675611925757 -0.0056612136672008423 0.0054123097414501926 -0.0075261053663285326 0.022329398515146405 -0.0073159115920391152 -0.0011610745895329624 -0.0034737353284287164 0.00085141387531424565 -0.0085278102839809102 -0.0034926002804517887 -0.008683675123973297 0.0042285046428806629 -0.0052007846496478034 0.0044271164091203852 -0.0043420060336215429 -8.8040803768779701e-05 0.012188504769115663 -0.0095083741005510102 -0.031909774222544263 0.0026481449109293474 0.02567435060467186 0.0032318755949278717 0.00051379915192711889 -0.0064961389697956581 0.029199965125708667 0.020846730189597502
leaf_weight=75 7488 502 8744 4742 409 253 610 21 510 2226 744 3738 147 673 296 263 861 428 2201 32001 61 52 35 3011 29 113 48686 92 27 56
leaf_count=75 7488 502 8744 4742 409 253 610 21 510 2226 744 3738 147 673 296 263 861 428 2201 32001 61 52 35 3011 29 113 48686 92 27 56
internal_value=8.74353e-13 -4.44019e-05 -0.000708033 8.59594e-05 -0.00189809 -0.00186756 -0.00158083 -0.00309999 -0.00212069 -0.00230836 0.000400248 -0.000551029 -9.24798e-05 0.000188634 0.000196484 0.000504143 -0.00019471 -6.85173e-05 -0.00257191 0.00012341 -0.00389622 -0.00456825 -0.0062441 0.00231609 0.00317177 0.0078152 0.000559504 0.00563988 0.0088668 0.00714581
internal_weight=119094 111606 18324 93282 8836 4995 8334 3367 2757 2736 9488 4967 4558 4411 88287 49420 38867 37777 2690 35087 2262 1090 896 3086 194 142 49124 438 346 319
internal_count=119094 111606 18324 93282 8836 4995 8334 3367 2757 2736 9488 4967 4558 4411 88287 49420 38867 37777 2690 35087 2262 1090 896 3086 194 142 49124 438 346 319
is_linear=0
shrinkage=0.05


Tree=168
num_leaves=31
num_cat=0
split_feature=2 3 10 3 9 6 4 7 8 6 1 5 1 11 4 6 7 8 1 6 9 5 7 10 11 8 0 5 8 5
split_gain=1.38735 4.58348 4.83092 4.297 5.08404 4.89684 4.40524 6.59645 4.35232 4.34696 4.10951 4.15271 3.72132 9.58009 5.21167 4.82693 8.81302 7.94683 4.80615 7.13703 5.41334 4.63532 4.51265 4.4393 4.56819 4.20883 4.96267 4.21877 4.05575 6.0738
threshold=0.050662992691769666 -0.13447906667651185 0.39555950000000006 -0.24649507551772568 0.48455325000000005 -5.4246888032584044 -0.073760027881113563 -4.577970417832244 -2.5717200198624739 -1.7141465525055397 -0.067620212568824598 -5.556706272036199 0.0849245911192167 -0.019183499999999989 -0.10735730165655204 -2.8311403321289546 -2.9968585974186488 -2.4413927840477019 -0.0086201588898937014 -2.0299030339346014 0.32297300000000007 -2.1748270360962345 -2.8253136624931048 0.015797999999999996 -0.022192500000000028 -3.3684789079526971 -0.050275444647649319 -5.676726491953211 -3.5049811470463359 -2.0308506037546339
decision_type=2 2 2 2 2 2 2 2 2 2 2 2 2 2 2 2 2 2 2 2 2 2 2 2 2 2 2 2 2 2
left_child=1 2 -1 4 5 -2 7 -5 9 10 11 -9 14 15 18 16 17 -14 20 21 28 -20 -17 -18 -25 26 -22 -27 29 -3
right_child=3 12 -4 6 -6 -7 -8 8 -10 -11 -12 -13 13 -15 -16 22 23 -19 19 -21 25 -23 -24 24 -26 27 -28 -29 -30 -31
leaf_value=0.00049456431532422958 -0.021095823412761092 0.0025805405549336894 -0.009443877318521917 -0.013989757002422562 0.00083906659292662617 -0.0033441874481525673 -4.359535565371084e-05 -0.0070875772886505031 0.00045518364829745972 -0.0037097648150084331 0.0030977317347244977 0.0012684418311185817 0.0052924786572283696 -0.00030598837413646875 -0.0016397760122524503 -0.012299294790083713 0.008262902921928059 -0.017213762856702855 0.0028032378183458287 -0.0027861794661943017 0.018848088538417448 -0.0025019733755401439 0.002984985143811715 0.015894746248239368 0.038693083905511433 -0.0024243552287335794 -0.0013641140015240303 0.00046670140346724012 -0.001773954475467823 -0.018104368045523362
leaf_weight=20712 40 869 123 74 986 1350 37606 198 12482 299 4338 597 237 4191 9833 55 172 47 3272 917 65 471 396 118 27 1466 57 9062 8997 37
leaf_count=20712 40 869 123 74 986 1350 37606 198 12482 299 4338 597 237 4191 9833 55 172 47 3272 917 65 471 396 118 27 1466 57 9062 8997 37
internal_value=-8.1446e-14 -0.000166193 0.000435892 0.000175236 -0.00190706 -0.00385503 0.000264229 0.000907773 0.000969312 0.00215071 0.00249209 -0.00081268 -0.000477555 0.000764825 -0.00066342 0.00503078 0.0079647 0.00156785 -0.000282643 0.00116713 -0.000611352 0.00213566 0.00112105 0.0136956 0.02014 0.000171128 0.00940468 6.41284e-05 -0.00145286 0.00173579
internal_weight=119094 61124 20835 57970 2376 1390 55594 17988 17914 5432 5133 795 40289 5243 35046 1052 601 284 25213 4660 20553 3743 451 317 145 10650 122 10528 9903 906
internal_count=119094 61124 20835 57970 2376 1390 55594 17988 17914 5432 5133 795 40289 5243 35046 1052 601 284 25213 4660 20553 3743 451 317 145 10650 122 10528 9903 906
is_linear=0
shrinkage=0.05


Tree=169
num_leaves=31
num_cat=0
split_feature=0 7 9 4 10 2 6 9 11 1 0 1 3 4 3 9 1 2 7 10 10 1 9 0 8 1 6 3 11 11
split_gain=1.38733 3.35223 4.51835 3.34493 3.23095 3.2072 2.98579 2.73314 5.23934 2.62492 1.86556 3.69475 1.91959 1.76846 4.61609 4.62146 4.61252 4.61164 2.98883 3.67869 6.07042 5.73878 4.62181 6.53864 3.59656 3.40113 3.0166 5.43952 3.15854 5.38834
threshold=0.39933890765301921 0.39437584531971381 0.99512200000000017 -0.0086326772506141718 0.39555950000000006 -0.62941152952214419 -5.7651444851893165 1.2747032500000002 -0.18208799999999997 -0.46361947481903587 0.17343136579517918 -0.20217258858840118 0.79939604211389315 -0.0050838027204612715 -0.11405090725009091 0.3704050000000001 0.0095467324729090492 0.06812621278712995 -4.685992601504112 -0.13339299999999998 -0.27215699999999993 0.41443791310146777 0.11506975000000001 0.017672836489130653 -3.1821102515206836 0.16342839306698023 -7.1583493145329467 0.22136781380155016 -0.3373894999999999 -0.10674599999999997
decision_type=2 2 2 2 2 2 2 2 2 2 2 2 2 2 2 2 2 2 2 2 2 2 2 2 2 2 2 2 2 2
left_child=1 13 3 -3 6 -4 -2 8 -8 -7 11 -11 -13 -1 15 -15 17 -16 19 20 -18 22 23 -21 25 -24 27 -20 -28 -30
right_child=4 2 5 -5 -6 9 7 -9 -10 10 -12 12 -14 14 16 -17 18 -19 26 21 -22 -23 24 -25 -26 -27 28 -29 29 -31
leaf_value=5.8209342178656298e-05 0.016821804602763484 -0.0056047829684423645 0.015473906382685526 -0.026567810876294975 -0.012979298695655806 -0.014595265169110564 -0.022202105447649959 0.015217649421931521 0.0020025757552634789 -0.0059660667868992011 -0.0082555600907653574 0.026982946016571741 0.0055800686404109002 -0.0011073617497459054 -0.024715599932898888 -0.029351858595120059 0.0088215068234906834 -0.002556479977980509 0.0035574655891174364 0.0041463327583753399 -0.026050097932322672 0.030514775899549325 0.0019194081436069881 0.036462974773409471 -0.010147161005418105 0.022921281174889632 0.013575943210759226 -0.03287744104629383 -0.010629770827328494 -0.00051796204262098027
leaf_weight=108929 35 392 40 20 35 27 23 37 800 31 27 22 20 30 39 28 24 59 21 45 26 21 235 24 58 21 39 20 134 7832
leaf_count=108929 35 392 40 20 35 27 23 37 800 31 27 22 20 30 39 28 24 59 21 45 26 21 235 24 58 21 39 20 134 7832
internal_value=1.50581e-12 -1.51396e-05 -0.00381031 -0.00662241 0.00192361 0.00312732 0.0025064 0.0019238 0.00132614 -0.000761371 0.00297378 0.0071271 0.0167911 3.54821e-06 -0.000684319 -0.0147426 -0.000589485 -0.0113749 -0.000465136 0.00348192 -0.00931173 0.00506529 0.00366989 0.0153869 0.00109514 0.00364222 -0.000687851 -0.0142157 -0.000618564 -0.000688058
internal_weight=119094 118164 579 412 930 167 895 860 823 127 100 73 42 117585 8656 58 8598 98 8500 454 50 404 383 69 314 256 8046 41 8005 7966
internal_count=119094 118164 579 412 930 167 895 860 823 127 100 73 42 117585 8656 58 8598 98 8500 454 50 404 383 69 314 256 8046 41 8005 7966
is_linear=0
shrinkage=0.05


Tree=170
num_leaves=31
num_cat=0
split_feature=8 12 10 0 5 6 11 5 2 6 5 4 9 5 6 9 10 11 9 6 10 8 7 8 0 3 3 3 4 10
split_gain=1.33625 3.9388 3.24004 2.20135 2.09855 5.16766 3.86455 2.97607 2.17876 1.9258 2.51858 1.83138 1.74873 2.38128 2.25979 1.7948 3.75553 1.70058 2.59209 3.76196 4.52528 3.71783 9.56113 4.9233 5.43929 3.21895 3.10575 4.58379 6.06424 3.24659
threshold=0.61515601233369199 0.49479369188800154 -0.14249199999999998 0.51689500522607468 -7.0358096021727734 -2.7001532609940626 0.071189500000000003 -1.8745408274840323 2.0011737089201884 -1.9631182898253001 -1.4072013655392552 -0.46741397947167551 0.88213700000000006 -0.96388732689272494 -0.93980368199132125 0.46237850000000003 0.039857499999999997 0.246304 0.31898525000000005 -5.7651444851893165 0.21790900000000005 -1.826910546010672 -2.5553685990397033 -2.0664560500576115 0.028752618622317153 -0.25903973688831256 -0.34658314793615136 -0.2282758492588122 -0.38010381399692861 0.39555950000000006
decision_type=2 2 2 2 2 2 2 2 2 2 2 2 2 2 2 2 2 2 2 2 2 2 2 2 2 2 2 2 2 2
left_child=3 2 -2 17 -4 -6 8 -8 9 -7 -11 -12 15 14 -14 16 -5 -1 -19 20 -20 23 -23 25 -25 -21 -24 28 -28 -29
right_child=1 -3 4 12 5 6 7 -9 -10 10 11 -13 13 -15 -16 -17 -18 18 19 21 -22 22 26 24 -26 -27 27 29 -30 -31
leaf_value=1.8508022212568868e-05 -0.019435945767909288 0.0079139655659673739 0.010811904072761537 0.017938960944524126 -0.022586398600334567 0.0043264232873916628 0.021956709645688535 -3.4452669788151979e-05 0.0051711120343817451 -0.017009487323876884 0.0092704810388386256 -0.0096962187771818462 0.0062644419786722768 0.00056361227503253354 0.027980988502502441 -0.00040666045742253441 -0.0079575588871237078 -0.011368983957582891 -0.00036667130261776039 -0.015573230703525684 0.029091330833563751 -0.038575228042900561 0.001705191082656171 0.0015035072284773356 0.029520256286486985 0.00034918560666932286 -0.0049708617131479765 -0.0014088460370667922 -0.03357728563496494 -0.016319940540762173
leaf_weight=117016 35 71 24 42 35 25 25 40 37 72 20 35 23 36 25 194 21 67 32 34 22 20 197 41 30 478 44 279 32 42
leaf_count=117016 35 71 24 42 35 25 25 40 37 72 20 35 23 36 25 194 21 67 32 34 22 20 197 41 30 478 44 279 32 42
internal_value=2.45022e-12 -0.00281865 -0.00500835 9.95167e-06 -0.00339504 -0.00457486 -0.00209295 0.00842369 -0.00570979 -0.00835842 -0.0108554 -0.00279924 0.0040215 0.0102845 0.0175751 0.00197446 0.00930679 -1.60831e-06 -0.0017876 -0.00127444 0.0116347 -0.00185681 -0.00457211 0.00100287 0.0133416 -0.000708162 -0.00342723 -0.00597405 -0.0170157 -0.00335983
internal_weight=119094 419 348 118675 313 289 254 65 189 152 127 55 341 84 48 257 63 118334 1318 1251 54 1197 614 583 71 512 594 397 76 321
internal_count=119094 419 348 118675 313 289 254 65 189 152 127 55 341 84 48 257 63 118334 1318 1251 54 1197 614 583 71 512 594 397 76 321
is_linear=0
shrinkage=0.05


Tree=171
num_leaves=31
num_cat=0
split_feature=0 6 11 9 11 9 4 3 1 0 3 5 1 9 1 4 8 7 2 9 10 7 8 11 8 2 1 7 10 1
split_gain=1.33685 3.72622 6.17392 4.97496 8.26862 3.75499 6.07801 3.52585 3.64727 4.34412 3.45193 6.80034 3.97122 4.16262 4.04492 3.91908 3.76267 3.75625 3.81978 3.68442 3.53463 3.46693 7.03042 6.08851 3.42831 3.32693 3.14389 3.16742 3.14295 3.1118
threshold=0.080234946379640029 -5.1961345945403261 -0.51730049999999983 0.50554350000000003 -0.142628 0.70121100000000003 -0.21327774132954455 -0.34658314793615136 -0.017200806384625341 0.0830369182273787 -0.03858898780992475 -3.7882403364193959 0.025683136612963623 0.50112850000000009 0.34656057338598073 -0.46741397947167551 -2.0213665862279382 0.14883265963629269 -0.0021687698003935991 1.0889377500000001 -0.045217999999999987 -2.515332688255977 -2.4589755583628201 0.016884999999999987 -2.1423962836770287 2.0011737089201884 -0.13289438144703206 -2.0154134968579309 0.022536999999999998 0.047255458658836298
decision_type=2 2 2 2 2 2 2 2 2 2 2 2 2 2 2 2 2 2 2 2 2 2 2 2 2 2 2 2 2 2
left_child=-1 3 5 4 -2 -3 -7 -6 -9 -10 11 -4 13 16 19 -15 24 18 -16 21 -19 -14 23 -23 -12 -13 27 -18 -26 -11
right_child=1 2 10 -5 7 6 -8 8 9 29 12 25 14 15 17 -17 26 20 -20 -21 -22 22 -24 -25 28 -27 -28 -29 -30 -31
leaf_value=8.3639555622187599e-05 -0.032759070725968252 -0.028895448700391818 -0.0024020456219564254 0.012823673190049283 -0.024070726547922409 -0.021750613161878263 0.012938481601683991 0.013759974699933081 -0.022976743950155275 -0.012879388835281134 0.0030357084138763276 0.00018216875909187692 0.00055682023762494519 0.016697588715968388 -0.011096357011838871 -0.0025754824414552487 -0.01417323566711275 0.010616085393121467 0.0027490778856490219 0.016449911840027198 -0.0074731739045112702 -0.0032080731720089597 -0.00041591736808373246 -0.012889944005705568 0.0039156356038382422 0.020121242540578049 0.0087954281840316815 0.0080733171736937955 -0.014504994412786083 -0.0015331901101041502
leaf_weight=95330 26 28 4238 41 21 28 23 30 29 70 722 5531 3974 28 51 455 32 32 2145 32 173 924 3894 197 39 21 449 32 57 442
leaf_count=95330 26 28 4238 41 21 28 23 30 29 70 722 5531 3974 28 51 455 32 32 2145 32 173 924 3894 197 39 21 449 32 57 442
internal_value=1.45949e-12 -0.000335523 -0.000229784 -0.0040428 -0.00516177 -0.0141836 -0.00610651 -0.00394973 -0.00320973 -0.00415074 -0.00018191 -0.000893743 0.000344598 0.00251783 -5.46884e-07 -0.0014582 0.00396067 0.00182329 0.00242753 -0.000485973 -0.00464948 -0.000546263 -0.00142037 -0.00490953 0.00185539 0.000257587 0.00731764 -0.00304996 -0.00702161 -0.00308443
internal_weight=119094 23764 23105 659 618 79 51 592 571 541 23026 9790 13236 1814 11422 483 1331 2401 2196 9021 205 8989 5015 1121 818 5552 513 64 96 512
internal_count=119094 23764 23105 659 618 79 51 592 571 541 23026 9790 13236 1814 11422 483 1331 2401 2196 9021 205 8989 5015 1121 818 5552 513 64 96 512
is_linear=0
shrinkage=0.05


Tree=172
num_leaves=31
num_cat=0
split_feature=2 7 11 10 1 1 0 11 4 6 9 9 10 7 1 4 11 11 8 6 6 9 6 11 9 10 1 7 0 0
split_gain=1.32468 3.82733 2.96406 3.12847 2.4458 2.88457 5.39804 2.45038 5.57202 3.63261 3.53437 2.50981 2.33786 2.51368 2.33995 2.3072 2.20821 3.26971 2.52431 2.07616 1.97856 1.89366 1.8604 5.35067 6.37599 6.85517 4.15148 4.85902 4.44129 4.6661
threshold=-0.48597517956129066 -1.4930075024446945 -0.21103749999999996 -0.49409349999999991 0.28506529355010141 -0.065748424735942487 -0.096677189292421958 0.032524499999999991 -0.62881439159417385 -0.34162466378050754 0.6627557500000002 0.59053375000000008 -0.04814100000000001 0.39437584531971381 -0.53004397341496057 -0.59124872718467358 -0.040221500000000007 -0.029642499999999957 -1.3326263584484193 -2.9446765191595028 -2.3761800222639171 0.79009000000000007 1.0000000180025095e-35 -0.3373894999999999 0.60654550000000007 0.19827750000000008 -0.15720570090607436 -0.60179689406171089 0.34040745046762683 0.045616714050826686
decision_type=2 2 2 2 2 2 2 2 2 2 2 2 2 2 2 2 2 2 2 2 2 2 2 2 2 2 2 2 2 2
left_child=1 16 -3 -4 5 7 -7 12 11 10 -10 -9 15 19 -15 -5 18 -18 20 -14 -1 -19 -2 -24 25 -25 27 -26 29 -28
right_child=22 2 3 4 -6 6 -8 8 9 -11 -12 -13 13 14 -16 -17 17 21 -20 -21 -22 -23 23 24 26 -27 28 -29 -30 -31
leaf_value=-0.0082639198670429858 5.5500967690427854e-06 0.017025930232678853 -0.010940779976191976 0.0087448872052949787 -0.014393283929675819 0.034900427609682087 0.0049058797819695127 0.01815851410729406 0.010821113700512797 0.0024303617125207731 0.033972857191282159 0.00096727465614727102 0.015763790754690057 0.0001904478874699823 -0.019142805921899923 -0.0061769536157953555 0.014743449045636226 -0.0010065318648792376 0.0033086255546480136 -0.00032838362128875982 -0.027677015569948019 -0.014622336063809969 -0.022471048167596264 -0.0027387718463441936 0.024911296954895887 -0.028668364882469179 0.0025510625761340968 0.0049869774208477179 0.0071998807191246466 -0.00943252424680395
leaf_weight=35 115150 36 42 136 20 20 60 23 32 33 34 276 21 29 34 32 32 471 26 440 21 27 30 1299 36 26 165 204 144 160
leaf_count=35 115150 36 42 136 20 20 60 23 32 33 34 276 21 29 34 32 32 471 26 440 21 27 30 1299 36 26 165 204 144 160
internal_value=2.08578e-12 0.00131672 0.00288403 0.00247079 0.00294414 0.0032405 0.0124045 0.00256792 0.00569389 0.0159753 0.0227478 0.00228968 0.00077003 -0.000875537 -0.0102434 0.00590263 -0.00193059 -0.000749225 -0.00956622 0.000404666 -0.0155438 -0.00174474 -2.11189e-05 -0.00150897 -0.0011998 -0.00324758 0.00262716 0.00797563 -0.000109799 -0.00334855
internal_weight=119094 1880 1268 1232 1190 1170 80 1090 398 99 66 299 692 524 63 168 612 530 82 461 56 498 117214 2064 2034 1325 709 240 469 325
internal_count=119094 1880 1268 1232 1190 1170 80 1090 398 99 66 299 692 524 63 168 612 530 82 461 56 498 117214 2064 2034 1325 709 240 469 325
is_linear=0
shrinkage=0.05


Tree=173
num_leaves=31
num_cat=0
split_feature=10 11 1 6 1 2 6 7 7 6 6 8 3 2 5 3 1 1 0 4 11 4 10 10 11 9 8 3 11 6
split_gain=1.32319 4.30748 4.65269 4.52602 5.92231 7.88067 5.40835 6.00641 4.81881 5.64388 5.15181 5.48024 4.55545 4.81868 4.54937 4.42154 4.30356 5.50692 5.01842 5.13302 5.33382 4.89847 4.28929 4.22734 4.15034 11.531 4.99409 7.29715 6.21515 5.19858
threshold=0.026879500000000004 -0.0061884999999999987 0.14587706373398415 -4.1079485167645347 0.30187039297575752 0.31247037955078844 -6.1338054052746172 -1.3191632140010559 -2.8253136624931048 -3.7979959625806794 -2.5304454096809343 -1.8129631572290832 -0.32837136050943927 0.087516458837866754 -4.6745923696163132 0.51977455012375107 0.047255458658836298 0.052817290483230923 -0.059169872627934765 -0.29090621949118467 0.0028935000000000076 -0.0065131717464908525 -0.0374455 0.021894500000000015 -0.028130499999999944 0.20916625000000003 -3.3406724483417043 0.3937091721794837 -0.043555000000000003 -6.1338054052746172
decision_type=2 2 2 2 2 2 2 2 2 2 2 2 2 2 2 2 2 2 2 2 2 2 2 2 2 2 2 2 2 2
left_child=1 2 -1 4 5 12 -6 15 10 -10 11 14 13 -3 16 -8 18 -18 -5 20 -20 -19 -7 -13 25 -2 27 28 -27 -28
right_child=24 3 -4 8 6 22 7 -9 9 -11 -12 23 -14 -15 -16 -17 17 21 19 -21 -22 -23 -24 -25 -26 26 29 -29 -30 -31
leaf_value=-7.3358048195106324e-05 0.008146587993725864 -0.0067787501296200058 0.0014734553710947632 0.009484561560161274 -0.028566659510963495 -0.0036189673999107858 0.0065783473578366371 -0.025646037939004603 -0.0060523741837835224 -0.00067333219360339526 -0.0031664271992092778 -0.01127065256724189 -0.0018584922372589362 -0.031428668663526581 0.00037934301338542816 -0.020257716518826782 0.021756325575523081 0.0068349385265377011 -0.00012796897550716119 -0.00069445762173695998 0.028313159238314258 -0.0012177594115208052 0.0094169254444700663 0.012832519110469592 0.00028507357109214959 -0.002155534118767761 -0.022088396996259693 -0.034032718356077872 -0.018632638640701773 -0.0012026333177423067
leaf_weight=26201 309 114 5969 163 36 86 66 30 508 12173 761 136 5070 24 3986 20 50 728 34 1100 32 255 237 21 56248 279 30 24 72 4332
leaf_count=26201 309 114 5969 163 36 86 66 30 508 12173 761 136 5070 24 3986 20 50 728 34 1100 32 255 237 21 56248 279 30 24 72 4332
internal_value=-5.29949e-12 -0.000171625 0.000213646 -0.000655206 -0.00190002 -0.00163244 -0.0116366 -0.00638245 -0.000300553 -0.000888816 0.000726116 0.00118149 -0.00210246 -0.0110657 0.00140973 0.000337402 0.00314855 0.00556933 0.00126693 0.000118153 0.0136617 0.00474599 0.00594607 -0.00804666 0.000161842 -0.00121183 -0.00182229 -0.00735928 -0.00553545 -0.00134628
internal_weight=119094 57800 32170 25630 5683 5531 152 116 19947 12681 7266 6505 5208 138 6348 86 2362 1033 1329 1166 66 983 323 157 61294 5046 4737 375 351 4362
internal_count=119094 57800 32170 25630 5683 5531 152 116 19947 12681 7266 6505 5208 138 6348 86 2362 1033 1329 1166 66 983 323 157 61294 5046 4737 375 351 4362
is_linear=0
shrinkage=0.05


Tree=174
num_leaves=31
num_cat=0
split_feature=4 9 7 11 8 7 7 6 11 10 3 7 9 2 3 2 9 5 10 7 9 9 5 9 0 6 11 8 3 1
split_gain=1.26402 3.66401 6.39605 2.91411 3.74465 5.01424 4.79026 3.21835 2.99635 2.6442 2.6326 5.55408 4.26209 3.21387 5.41928 5.04749 3.15128 3.05772 3.51773 2.97161 4.0454 4.83766 4.1781 3.57545 3.57496 3.56528 2.87921 2.67499 2.67219 2.62845
threshold=-0.65233439311274211 0.32717525000000003 -2.6052577133731796 -0.10674599999999997 -1.055552474755709 -0.75082161473017284 -1.0487833304030032 -2.5435942477564013 -0.041897499999999997 0.10238750000000003 -0.52812470301960857 -2.0282236938335232 0.53943950000000018 -0.17481079972033922 -0.72171372095521202 -0.19202778179016808 0.99512200000000017 -7.0358096021727734 -0.057800499999999998 0.14883265963629269 0.18184825000000002 0.11506975000000001 -1.1125818213866185 0.27673300000000006 -0.35970567167152973 -1.0233746179179095 0.20683000000000004 1.0000000180025095e-35 -0.57924116746549736 -0.17802774858221412
decision_type=2 2 2 2 2 2 2 2 2 2 2 2 2 2 2 2 2 2 2 2 2 2 2 2 2 2 2 2 2 2
left_child=1 -1 -3 -4 5 8 7 -6 -5 -8 11 12 -2 15 -15 16 28 -16 -19 -12 21 -21 23 -22 -24 -26 -25 -20 29 -13
right_child=10 2 3 4 6 -7 9 -9 -10 -11 19 13 -14 14 17 -17 -18 18 27 20 22 -23 24 26 25 -27 -28 -29 -30 -31
leaf_value=-0.0053432177985716315 -0.0050348005258925507 0.02495816462362806 0.0090412353263880189 -0.01221846148421589 -0.019125600743952188 0.023074802973618112 -0.00076658974510471179 -0.0040065170470961206 0.0048606188120245341 0.0051121970868701029 2.9857858568700258e-05 0.010850938289854841 -0.01940551454548739 0.019057404467215142 0.011477723762392998 0.019784808426629753 -0.015548050796998473 -0.018912391800025945 -0.0064845291874981899 -0.00097494347034679627 -0.02613334700997387 0.030015654629096389 -0.015329846841216618 -0.0040973980776962881 -0.0089959983622817236 0.006463947678977614 -0.016630225589498879 0.0069530778369584758 -0.0014598016443612884 0.0011525101255488079
leaf_weight=185 285 30 123 28 43 36 544 194 310 295 114857 113 63 24 25 36 29 50 267 34 21 20 28 549 46 197 50 43 386 183
leaf_count=185 285 30 123 28 43 36 544 194 310 295 114857 113 63 24 25 36 29 50 267 34 21 20 28 549 46 197 50 43 386 183
internal_value=-9.72995e-13 0.00131941 0.00208833 0.00165216 0.00102536 0.00533521 -0.000472669 -0.00674964 0.00344578 0.00130044 -2.01106e-05 -0.00209854 -0.0076364 -0.00043144 -0.00399434 0.00151933 0.000594499 -0.00543133 -0.00660557 6.8834e-06 -0.00278547 0.0105031 -0.00359084 -0.00585449 0.00158799 0.00353737 -0.00514354 -0.0046206 0.00128091 0.00485495
internal_weight=119094 1788 1603 1573 1450 374 1076 237 338 839 117306 1504 348 1156 409 747 711 385 360 115802 945 54 891 620 271 243 599 310 682 296
internal_count=119094 1788 1603 1573 1450 374 1076 237 338 839 117306 1504 348 1156 409 747 711 385 360 115802 945 54 891 620 271 243 599 310 682 296
is_linear=0
shrinkage=0.05


Tree=175
num_leaves=31
num_cat=0
split_feature=6 7 7 7 8 6 1 2 12 11 6 11 10 8 1 4 6 8 12 3 4 3 8 7 9 7 10 0 0 0
split_gain=1.27756 12.9717 8.59982 6.26925 6.02573 5.86655 6.14629 8.24196 5.52363 5.2402 4.983 6.2442 7.65658 5.10451 4.70602 6.08909 4.34417 7.95985 4.32883 4.29197 4.73451 5.28783 5.41497 8.75105 5.68638 10.8193 5.80094 6.56534 6.34785 6.1182
threshold=-2.078591671373021 -2.6052577133731796 -1.3419737109646199 -1.8209510801535 -1.5001172294596328 -1.4092462020438796 0.043369464306299406 0.25215121613846764 -1.1024152219011276 -0.037269500000000004 -1.5099924667558946 -0.015662499999999992 0.041631000000000008 -1.5155223164403366 -0.12403473459228574 -0.67833855532380261 -0.62838140585079683 -1.3326263584484193 -1.3467430288252182 -0.48682544785801818 -0.2305445186725659 0.96262081662173726 -1.4644899349970288 -2.987165727137056 0.51414175000000018 -3.1045078586838692 -0.18903849999999997 0.037704633876932243 -0.021505376344086054 0.04920840595047727
decision_type=2 2 2 2 2 2 2 2 2 2 2 2 2 2 2 2 2 2 2 2 2 2 2 2 2 2 2 2 2 2
left_child=2 8 19 5 9 -3 7 -7 10 -4 13 -12 -13 -2 -6 -16 18 -18 -5 -1 21 22 24 -24 -21 -26 -27 28 -28 -29
right_child=1 3 4 16 14 6 -8 -9 -10 -11 11 12 -14 -15 15 -17 17 -19 -20 20 -22 -23 23 -25 25 26 27 29 -30 -31
leaf_value=-0.0029563607899899453 -0.0029495630431054737 -0.00020964130224941278 -0.011730353875634061 0.0021504808277433458 -0.0034781451525456456 -0.0016070317064631042 -0.005382203805800935 0.015023152443851965 -0.02745514136552811 -0.0033472087333123119 -0.038269881514663047 0.0027602036537315985 -0.031381629857545099 -0.024452799618510265 0.024401567352038842 0.00048351598191069973 -0.0028574850407808283 0.00099691371538540292 0.00026889175736627375 0.0010586261278157621 8.1732641480530257e-05 0.012552435818128288 -0.014089385259565183 -0.00059328302689441649 0.027196255118514485 -0.0072519145058116546 0.0055387262401864201 0.036106614582240584 -0.0059313233250622667 0.0097186273232086964
leaf_weight=1057 1925 7329 214 5385 960 1662 1324 78 25 1446 22 52 24 28 27 1841 2290 3227 7070 10960 69333 100 130 1579 52 106 481 25 161 181
leaf_count=1057 1925 7329 214 5385 960 1662 1324 78 25 1446 22 52 24 28 27 1841 2290 3227 7070 10960 69333 100 130 1579 52 106 481 25 161 181
internal_value=2.20179e-13 -0.000279469 9.59619e-05 -2.38884e-07 -0.00203663 -0.000977733 -0.00281499 -0.000861541 -0.00409467 -0.00442793 -0.00380992 -0.0148119 -0.00802143 -0.00325785 -0.000632965 0.000829227 0.000565035 -0.000602973 0.00108241 0.00020968 0.000249947 0.00109661 0.00101284 -0.0016199 0.00138885 0.0049865 0.00377591 0.00515439 0.00266228 0.0129211
internal_weight=119094 30441 88653 28365 4488 10393 3064 1740 2076 1660 2051 98 76 1953 2828 1868 17972 5517 12455 84165 83108 13775 13675 1709 11966 1006 954 848 642 206
internal_count=119094 30441 88653 28365 4488 10393 3064 1740 2076 1660 2051 98 76 1953 2828 1868 17972 5517 12455 84165 83108 13775 13675 1709 11966 1006 954 848 642 206
is_linear=0
shrinkage=0.05


Tree=176
num_leaves=31
num_cat=0
split_feature=2 4 10 7 6 0 8 9 3 10 1 11 6 7 8 10 4 11 5 1 6 6 9 5 10 11 3 10 0 8
split_gain=1.29963 4.19121 6.28572 5.87767 5.86569 5.61562 5.56029 7.60094 4.00978 4.31485 3.86719 6.41556 4.71781 7.34705 6.69443 4.84447 4.27877 4.25404 6.8709 4.19902 6.40139 6.22927 4.97959 4.12982 4.12861 4.07253 3.92934 4.63968 3.91412 6.17827
threshold=0.050662992691769666 -0.022852571259392936 -0.27215699999999993 -5.0861548832608099 -7.1583493145329467 0.0015722619911893167 -3.3828812297964235 0.22922875000000004 -0.13447906667651185 0.39555950000000006 0.0849245911192167 -0.019183499999999989 -2.8311403321289546 -2.9968585974186488 -2.5116631435075889 0.015797999999999996 -0.10735730165655204 -0.032457499999999993 -5.0786382696918499 -0.0086201588898937014 -6.1338054052746172 -2.0299030339346014 0.32297300000000007 -2.1748270360962345 -0.0026504999999999996 0.00056100000000001992 0.25016453209641193 -0.24448099999999995 0.071127701743799912 -3.0742119797170067
decision_type=2 2 2 2 2 2 2 2 2 2 2 2 2 2 2 2 2 2 2 2 2 2 2 2 2 2 2 2 2 2
left_child=1 3 -3 6 -5 -4 7 -1 9 -6 16 12 13 14 -12 24 19 -17 -19 20 -10 23 -22 25 -15 -21 27 -23 -13 -30
right_child=-2 2 5 4 8 -7 -8 -9 10 -11 11 28 -14 15 -16 17 -18 18 -20 21 22 26 -24 -25 -26 -27 -28 -29 29 -31
leaf_value=0.008306902983610559 0.00016960550384531169 0.023918840905839935 -0.013860246793858609 0.019510178589016984 0.00047546921005076255 -0.0024469426591407404 -0.011724731004020821 0.040443116385975614 -0.018648286232230617 -0.0089171601618390269 0.0052479009999932208 0.00095865414908345801 0.00059230878613631115 0.011304537142634161 -0.01544673838700187 0.010802801150956826 -0.0015589285310919595 0.053065819218754778 0.018390078978613021 0.0040447526958655245 -0.0013648428887294494 -0.026655213891164115 0.00019540358776917781 -0.0024002201297328336 -0.0072606490280192632 0.00043041184256113502 0.0028417913516128198 -0.0038056285798416102 -0.01438036949240077 -0.0013797308748958888
leaf_weight=92 57970 21 121 38 20692 986 24 23 49 123 193 2745 433 129 49 69 9038 20 50 1962 9847 23 10639 471 39 1293 242 652 101 960
leaf_count=92 57970 21 121 38 20692 986 24 23 49 123 193 2745 433 129 49 69 9038 20 50 1962 9847 23 10639 471 39 1293 242 652 101 960
internal_value=3.3576e-12 -0.000160854 -0.00318039 -0.000104083 -0.000127931 -0.00369447 0.0101657 0.0147341 -0.000140406 0.000419966 -0.000439457 0.000891459 0.00449466 0.00757247 0.00105766 0.0127079 -0.000625698 0.019613 0.0282974 -0.000290701 -0.000597734 0.00106724 -0.00055456 0.0019758 0.00699476 0.00260901 -0.00262446 -0.00458421 -3.82168e-05 -0.0026173
internal_weight=119094 61124 1128 59996 59857 1107 139 115 59819 20815 39004 4788 982 549 242 307 34216 139 70 25178 20535 4643 20486 3726 168 3255 917 675 3806 1061
internal_count=119094 61124 1128 59996 59857 1107 139 115 59819 20815 39004 4788 982 549 242 307 34216 139 70 25178 20535 4643 20486 3726 168 3255 917 675 3806 1061
is_linear=0
shrinkage=0.05


Tree=177
num_leaves=31
num_cat=0
split_feature=3 1 0 2 10 6 9 7 10 6 10 3 5 0 11 0 1 9 10 1 2 2 8 9 6 4 5 8 8 6
split_gain=1.26058 3.9268 4.61107 3.34487 6.2077 8.66765 4.53981 8.22094 4.30009 5.61313 7.57994 4.22618 3.45476 3.39658 3.21308 3.23304 3.91954 3.40001 3.17549 3.02092 4.71888 4.55621 5.44099 6.19104 4.91977 4.50109 3.87196 3.83547 3.80977 4.5611
threshold=0.11986541716750089 0.56364310769597137 0.15892456252004464 0.33248406402949621 0.19827750000000008 -3.1508359115171163 0.61470675000000008 -2.0154134968579309 -0.34279249999999989 -5.1961345945403261 -0.018221499999999998 -0.48682544785801818 -8.1629509801735853 0.0029858175523577173 -0.116507 0.20112269518870643 1.0775296848187803 0.32995150000000006 -0.030613500000000012 -0.063866751610013137 0.054600642462499745 -0.085891493740023514 -3.2164546944712744 0.23694200000000001 -2.1108375164165505 -0.34798851665913116 -10.915893668304427 0.20296190791348631 -2.6584173004176113 -1.6059803506578556
decision_type=2 2 2 2 2 2 2 2 2 2 2 2 2 2 2 2 2 2 2 2 2 2 2 2 2 2 2 2 2 2
left_child=1 3 -3 -1 6 -6 8 -8 -5 10 -10 -11 -12 18 -4 -16 17 -17 -13 21 28 22 23 -2 26 -22 -24 -27 29 -21
right_child=19 2 14 4 5 -7 7 -9 9 11 12 13 -14 -15 15 16 -18 -19 -20 20 25 -23 24 -25 -26 27 -28 -29 -30 -31
leaf_value=-0.00011805306109085792 -0.0017731041576881268 0.010229134212918774 0.017930993817627985 0.017659606793537164 -0.034352107069322041 -0.0032294424738915218 0.027106676265761694 0.0011820309651451872 -0.040830370011231437 -0.019416539860623225 0.010473095043562353 -0.023552359227323905 -0.015577121733554772 -0.001014404956275786 -0.012099103501066567 -0.021105228346728146 0.0099110285031863248 -7.6485863047762729e-05 -0.0054170213294647898 -0.0016746412040466775 0.012197247851799138 0.0018414314513653784 -0.023349390423897168 0.02040453656648214 0.0010300442736694692 0.00029393105550996581 -0.0026736575120763564 -0.0057897005113327011 0.00016143744148724483 -0.013418073963839561
leaf_weight=62192 61 193 26 26 35 62 34 304 22 35 20 28 35 1455 50 21 99 227 175 5276 79 5846 23 65 1555 35209 1462 261 4134 84
leaf_count=62192 61 193 26 26 35 62 34 304 22 35 20 28 35 1455 50 21 99 227 175 5276 79 5846 23 65 1555 35209 1462 261 4134 84
internal_value=-2.00545e-12 -0.0001483 0.00382483 -0.00018629 -0.00208849 -0.0144593 -0.00152618 0.00378984 -0.00252664 -0.00282316 -0.016026 -0.00222267 -0.00610432 -0.00185971 0.000902767 -0.000212432 0.00150035 -0.00185715 -0.00791845 0.000178435 1.12414e-05 0.00101409 -0.000513604 0.00966774 -0.000935594 0.000275718 -0.00299389 0.000249166 -0.000979054 -0.00185868
internal_weight=119094 65039 616 64423 2231 97 2134 338 1796 1770 77 1693 55 1658 423 397 347 248 203 54055 45043 9012 3166 126 3040 35549 1485 35470 9494 5360
internal_count=119094 65039 616 64423 2231 97 2134 338 1796 1770 77 1693 55 1658 423 397 347 248 203 54055 45043 9012 3166 126 3040 35549 1485 35470 9494 5360
is_linear=0
shrinkage=0.05


Tree=178
num_leaves=31
num_cat=0
split_feature=6 7 7 7 9 8 1 0 7 2 10 0 4 9 6 8 9 1 5 7 8 8 6 1 0 1 9 8 8 5
split_gain=1.2679 11.7856 7.5965 5.87199 5.67242 5.19052 4.99621 6.37392 4.75819 4.78388 4.6355 4.57212 4.55787 4.5869 4.37771 4.65303 4.19495 4.11657 3.96345 3.83114 9.35096 7.19789 6.64071 8.97148 5.64735 5.60518 5.1078 6.28705 5.43306 5.62914
threshold=-1.8728782261788353 -1.8209510801535 -1.3419737109646199 -2.705160540118249 1.0889377500000001 -1.6277114705621789 0.02308730599987863 -0.030707502822627405 -2.377634292294688 -0.15171371911628054 0.047506500000000014 -0.23831579253260746 -0.022852571259392936 0.27560450000000003 -1.6059803506578556 -2.1740510560211579 0.28946675000000005 0.0095467324729090492 -2.3600249103583697 -3.0605666559286608 -3.5049811470463359 -1.9039648520751045 -2.7267775042220981 -0.063866751610013137 -0.049143206711722169 0.25654022516510971 0.23029925000000004 0.20296190791348631 -0.37319999869523457 -2.8219621643867439
decision_type=2 2 2 2 2 2 2 2 2 2 2 2 2 2 2 2 2 2 2 2 2 2 2 2 2 2 2 2 2 2
left_child=2 3 19 12 6 -4 8 -8 14 -10 -11 -7 17 -14 15 -5 -16 -2 -13 21 -21 22 24 -24 -1 -25 -23 28 29 -28
right_child=1 -3 5 4 -6 11 7 -9 9 10 -12 18 13 -15 16 -17 -18 -19 -20 20 -22 26 23 25 -26 -27 27 -29 -30 -31
leaf_value=0.0021651572007914933 -0.0088416163805141411 0.00047817366299456688 -0.0044663474428926521 0.0016522997316543424 -0.02353609292928515 -0.0062494856783310189 -0.0071768180660981536 -0.0017629717103243205 -0.0020921202709698202 0.00016887238089015392 0.0047414855871615669 0.00067401820231103053 -0.0098021927114146264 -0.031492087468504903 -0.0031595034364278588 -0.010502166056539863 -0.013749978129324393 0.0011678216837998942 -0.0030859642958510551 -0.0083184880302675703 0.00053558379986353073 0.0030604470703732133 0.0041407961134966803 -0.0041113887599581612 -7.4521039589821412e-05 0.0096948235136407775 -0.0075875214335957841 -0.032832688838243487 0.020612351763993505 0.0032583570895768493
leaf_weight=3086 209 16177 1325 438 29 357 668 2921 1140 1512 875 2657 130 30 227 96 159 202 952 300 49749 199 438 2249 32001 76 707 21 20 144
leaf_count=3086 209 16177 1325 438 29 357 668 2921 1140 1512 875 2657 130 30 227 96 159 202 952 300 49749 199 438 2249 32001 76 707 21 20 144
internal_value=-7.37918e-13 -0.000318009 8.36942e-05 -0.00180942 -0.00146251 -0.00175694 -0.00138285 -0.00277062 -0.000262837 0.000572475 0.00184505 -0.000851749 -0.00670936 -0.013869 -0.00346517 -0.000532773 -0.0075219 -0.00392214 -0.000317809 0.000193131 0.000482511 -0.000178796 -6.33847e-05 -0.00242347 0.000122465 -0.00366009 -0.00418275 -0.00579867 -0.00514687 -0.00575226
internal_weight=119094 24813 94281 8636 8065 5291 8036 3589 4447 3527 2387 3966 571 160 920 534 386 411 3609 88990 50049 38941 37850 2763 35087 2325 1091 892 871 851
internal_count=119094 24813 94281 8636 8065 5291 8036 3589 4447 3527 2387 3966 571 160 920 534 386 411 3609 88990 50049 38941 37850 2763 35087 2325 1091 892 871 851
is_linear=0
shrinkage=0.05


Tree=179
num_leaves=31
num_cat=0
split_feature=7 9 10 5 6 4 10 2 0 6 6 0 8 7 11 9 1 1 9 8 8 1 7 8 5 6 8 9 2 5
split_gain=1.25879 3.27662 4.29006 3.6997 5.07519 6.29084 3.77648 2.65217 2.27174 2.56781 3.9792 2.06529 4.50768 4.18436 5.48515 4.87513 3.03823 3.59115 3.87578 2.55081 3.79824 2.28569 3.55849 3.11836 4.79519 9.31876 4.72553 3.7154 3.51291 3.44655
threshold=0.80553278013315566 1.2747032500000002 -0.15203249999999996 -4.9279669705247384 -5.5196325287999839 -0.092232688525137704 -0.035073999999999987 0.0019815477643935213 0.39933890765301921 -4.9771418551995792 -3.8958113570662376 0.24443855308118304 -0.16702198225135442 1.0000000180025095e-35 0.033709000000000024 0.65129150000000013 -0.29237574195358457 0.50664637109242716 0.81629900000000011 -0.37319999869523457 -0.77937176972421141 0.36045537853577031 -1.9484207135663099 -1.4260573590999026 -3.2219444623238207 -0.93980368199132125 -2.0664560500576115 0.32717525000000003 0.36108403661422955 -4.6465217331966242
decision_type=2 2 2 2 2 2 2 2 2 2 2 2 2 2 2 2 2 2 2 2 2 2 2 2 2 2 2 2 2 2
left_child=8 2 -2 4 -4 -6 -5 -3 11 -10 -11 -1 13 21 19 -16 -14 -18 -19 20 -15 23 -23 24 25 26 -13 -25 -28 -30
right_child=1 7 3 6 5 -7 -8 -9 9 10 -12 12 16 14 15 -17 17 18 -20 -21 -22 22 -24 27 -26 -27 28 -29 29 -31
leaf_value=2.2435494793074014e-05 -0.017371473925357515 -0.0029892841466900074 0.0086553810350596914 0.012362255710358337 -0.0036799443699419496 -0.039518183562904596 -0.0026032605794771551 0.016507451068861662 0.020489871371537446 -0.019660713195335119 0.0029717016725738215 0.0050898541865701027 -0.010184144714604253 -0.016772557568933387 -0.0423397061370668 -0.0086593884128061214 0.017012976939560311 -0.012287870844205221 0.012543596152329084 -0.017901598848402502 0.0056513629648733237 0.020022180234082046 0.00035807886998430433 0.012238318883572463 -0.00064322485176797047 -0.035946229733526708 -0.006183438664130821 -0.0013761867089931326 -0.031268489236632988 -0.0082388698006980125
leaf_weight=115650 55 33 20 53 25 24 206 37 20 20 671 66 23 26 21 22 73 30 33 27 69 24 556 54 302 30 163 696 33 32
leaf_count=115650 55 33 20 53 25 24 206 37 20 20 671 66 23 26 21 22 73 30 33 27 69 24 556 54 302 30 163 696 33 32
internal_value=-1.91937e-12 -0.00263069 -0.00444864 -0.00228171 -0.01257 -0.0212334 0.000459181 0.00731613 1.00446e-05 0.00282784 0.00231664 -6.9439e-06 -0.00149717 -0.00210588 -0.00975228 -0.0251079 0.00662273 0.00946507 0.000719088 -0.00434005 -0.00048571 -0.00146086 0.00117177 -0.00257055 -0.0051759 -0.00940081 -0.00669209 -0.000395942 -0.0101027 -0.0199308
internal_weight=119094 453 383 328 69 49 259 70 118641 711 691 117930 2280 2121 165 43 159 136 63 122 95 1956 580 1376 626 324 294 750 228 65
internal_count=119094 453 383 328 69 49 259 70 118641 711 691 117930 2280 2121 165 43 159 136 63 122 95 1956 580 1376 626 324 294 750 228 65
is_linear=0
shrinkage=0.05


Tree=180
num_leaves=31
num_cat=0
split_feature=11 4 3 4 5 5 2 10 9 9 8 6 10 8 5 9 1 8 4 7 2 3 2 7 4 8 6 5 5 4
split_gain=1.22373 3.55479 3.99906 4.18337 5.22851 4.98844 3.21494 3.4115 3.32545 3.17736 5.24067 3.82373 3.37296 6.17012 4.19955 5.16661 3.43674 3.35673 3.20295 4.16792 3.54827 5.08314 3.09267 5.17279 3.35099 5.37661 4.6257 3.38337 3.15218 3.08692
threshold=-0.142628 -0.76861104765756239 -0.21703988489171719 -0.35845654852504161 -7.1857965813610312 -5.4111562314846253 -0.13813421330410444 0.03202200000000003 0.49247000000000002 0.35320550000000006 -1.3888685848450983 0.3563243666622285 -0.0089639999999999841 -2.2740748014913081 -6.2444196806098935 0.31342775000000006 0.045875218434118688 -3.4404002406537715 -0.26151191075856461 -2.8464669382147858 1.3297423747402271 0.64702726584195924 0.47800371077540821 -1.8925651997377673 -0.0016081914701754905 -2.5630350325577322 -4.1666611739316126 -3.9389658191732564 -4.8425135339091936 -0.0071824673175978617
decision_type=2 2 2 2 2 2 2 2 2 2 2 2 2 2 2 2 2 2 2 2 2 2 2 2 2 2 2 2 2 2
left_child=1 -1 3 4 -3 -5 -7 8 -8 10 12 18 14 17 15 16 -4 -14 19 -11 21 22 24 -24 26 -26 27 28 29 -20
right_child=-2 2 9 5 -6 6 7 -9 -10 11 -12 -13 13 -15 -16 -17 -18 -19 20 -21 -22 -23 23 -25 25 -27 -28 -29 -30 -31
leaf_value=0.017466301399354751 2.7073985198357228e-05 0.022580813276581468 -0.011032645418136209 -0.028741623277642899 -0.0037231065235250904 -0.020270056206958764 0.01877282765150691 -0.019028888255845578 -0.0053918988257646563 0.025358518104379377 -0.024015729405499741 -0.015264849430201828 -0.010950967832907754 0.027200479643500371 -0.0026067558508619687 0.0036530075594782829 -0.036034007995788542 0.003637679502543352 0.004786591193207154 0.0037907231954228508 0.016252674990700502 -0.0092070258681802714 0.025693109995336274 -0.00072720414133403796 -0.00068186876535611721 -0.032709984462708237 -0.00095307735493530433 0.020169700971363405 -0.0067795517505146565 0.024732599229636519
leaf_weight=26 115790 20 27 35 341 33 24 21 35 24 29 37 53 23 386 25 28 154 164 336 33 146 32 44 38 20 1058 38 52 22
leaf_count=26 115790 20 27 35 341 33 24 21 35 24 29 37 53 23 386 25 28 154 164 336 33 146 32 44 38 20 1058 38 52 22
internal_value=1.58346e-12 -0.000948819 -0.00109488 -0.00516819 -0.00226583 -0.0122476 -0.00713882 -0.00172219 0.00443782 -0.000346123 -0.00319001 0.000662596 -0.00232228 0.00263223 -0.00476763 -0.0151939 -0.0237606 -9.7578e-05 0.000956226 0.00522858 2.23792e-05 -0.000309467 0.00057544 0.0103971 3.91979e-05 -0.011726 0.00055073 0.00631533 0.00410328 0.0071458
internal_weight=119094 3304 3278 509 361 148 113 80 59 2769 725 2044 696 230 466 80 55 207 2007 360 1647 1614 1468 76 1392 58 1334 276 238 186
internal_count=119094 3304 3278 509 361 148 113 80 59 2769 725 2044 696 230 466 80 55 207 2007 360 1647 1614 1468 76 1392 58 1334 276 238 186
is_linear=0
shrinkage=0.05


Tree=181
num_leaves=31
num_cat=0
split_feature=2 7 9 5 1 2 10 10 2 1 10 2 6 1 8 7 7 6 6 8 10 8 7 6 6 8 6 2 9 3
split_gain=1.19599 4.40788 5.04221 8.12752 5.52587 8.01392 5.74416 5.21775 4.19502 3.88344 3.87571 6.54206 3.56986 4.98995 3.38112 3.51097 4.36289 3.3531 4.1629 3.28803 3.73311 3.15782 6.60372 6.30189 5.4664 9.39737 4.8504 4.70691 4.34498 6.51556
threshold=0.13020327421726455 -5.0861548832608099 0.20664800000000003 -8.427999936454464 -0.0045090024661624808 0.017426826866632997 -0.09817399999999997 0.099371999999999988 0.0019815477643935213 -0.017200806384625341 0.076272499999999979 2.0011737089201884 -7.1583493145329467 0.004170759659463009 -3.4893956424824988 -2.6453579951773851 -2.2915216929126729 -1.7351112838466569 -2.3308590791946338 -4.0661345542802385 -0.011374500000000008 -3.0846509587925874 -3.7145306496541894 -3.0488041099173611 -7.1583493145329467 -1.8789239695923239 -2.7790272419922961 0.65037013767482532 0.47644725000000004 0.42888223365064665
decision_type=2 2 2 2 2 2 2 2 2 2 2 2 2 2 2 2 2 2 2 2 2 2 2 2 2 2 2 2 2 2
left_child=1 2 4 -4 -1 7 -7 -6 -5 10 -2 14 13 -3 -12 -16 -17 18 -18 20 -11 26 23 28 25 -24 27 -21 -23 -30
right_child=9 12 3 8 5 6 -8 -9 -10 19 11 -13 -14 -15 15 16 17 -19 -20 21 -22 22 24 -25 -26 -27 -28 -29 29 -31
leaf_value=0.01651348365593772 0.0024492593797566338 0.028497298806905748 -0.0043172996822058371 0.041350824385881425 -0.0064342556249660753 -0.020613587186450053 0.0070869462513148268 -0.035839774222536522 0.015563785023582372 -0.010240707769757136 -0.022090214321559127 0.022302192694473047 -0.00014953769197952949 0.0010929855252312414 0.00598421521349212 -0.014864164632147892 -0.0037520405185535893 -0.0055565861846230569 0.01222299387874572 0.0015889133666604624 -0.0014598560568742326 -0.0024587846346402261 -0.041936749627902392 -0.027088710981687265 8.9461538057126349e-05 -0.0014298206484980053 -0.0021950802330124365 -0.02106889857222205 -0.029992178981857645 0.004732476420361887
leaf_weight=53 3196 26 38 24 48 21 172 22 46 150 22 27 78883 46 109 77 88 249 76 6702 627 1192 21 28 26010 45 1016 23 35 22
leaf_count=53 3196 26 38 24 48 21 172 22 46 150 22 27 78883 46 109 77 88 249 76 6702 627 1192 21 28 26010 45 1016 23 35 22
internal_value=9.33817e-13 -0.000112076 0.00497231 0.014299 0.0017847 -0.00118346 0.0040729 -0.015676 0.0244051 0.000224009 0.00173437 -0.00179153 -0.00013938 0.010989 -0.00283908 -0.00213203 -0.00393747 -0.0019003 0.00365102 6.21558e-05 -0.003155 0.000133385 -0.00011893 -0.00362957 5.29944e-05 -0.0143184 0.00102495 0.00151142 -0.00310367 -0.0165897
internal_weight=119094 79379 424 108 316 263 193 70 70 39715 3844 648 78955 72 621 599 490 413 164 35871 777 35094 27353 1277 26076 66 7741 6725 1249 57
internal_count=119094 79379 424 108 316 263 193 70 70 39715 3844 648 78955 72 621 599 490 413 164 35871 777 35094 27353 1277 26076 66 7741 6725 1249 57
is_linear=0
shrinkage=0.05


Tree=182
num_leaves=31
num_cat=0
split_feature=5 6 8 6 11 8 10 12 11 1 2 8 7 7 4 8 8 1 4 2 1 4 9 2 10 5 9 9 12 11
split_gain=1.19255 3.37867 6.31208 4.38522 4.32442 3.82499 3.59894 6.23237 5.06307 4.44479 5.38763 4.07605 3.98888 3.29761 3.20978 3.02343 2.80848 2.6785 5.05871 3.54693 3.03087 3.52106 3.08252 3.74866 6.55026 3.15643 4.87322 4.58702 3.65968 3.25986
threshold=-0.96388732689272494 -0.62838140585079683 -1.4260573590999026 0.3563243666622285 -0.12881199999999998 -0.92872714665432887 0.13016300000000003 -0.52591453397990684 0.0092505000000000243 -0.21413448613136113 -0.16695748110821432 -0.73528940360422468 -0.79205868621878939 0.80553278013315566 -0.60904717042915035 -0.64066151485626388 -0.6905742408661083 -0.1129016228416078 -0.25260088918625823 -0.17905252262734014 -0.080951496825986166 -0.30201222937457589 0.74734950000000011 -0.19663681364038724 -0.045217999999999987 0.36146848217384536 0.36156500000000008 0.20788050000000002 -0.6246511558433111 0.081230500000000025
decision_type=2 2 2 2 2 2 2 2 2 2 2 2 2 2 2 2 2 2 2 2 2 2 2 2 2 2 2 2 2 2
left_child=1 -1 -3 4 5 -4 7 8 11 -8 -11 14 -13 16 -6 -12 -9 18 -2 -20 21 -19 25 24 -24 28 27 -27 -22 -28
right_child=17 2 3 -5 6 -7 9 13 -10 10 15 12 -14 -15 -16 -17 -18 20 19 -21 22 -23 23 -25 -26 26 29 -29 -30 -31
leaf_value=7.097957331568891e-06 0.0010163605628344399 -0.0041397206045487092 -0.0042330262206849599 -0.0031569814573651038 0.02490145855438735 0.021050365250378563 -0.0040877253092317422 -0.011217100347512134 -0.0019790578363880294 0.028675575278650386 -0.0044757618764905555 -0.019160160477514621 0.0040424434420794761 -0.025241534294591042 0.0074238501782912941 0.014316952523742139 -0.000618563322194216 -0.010345921293884277 0.027866799519397318 0.0062088095662319043 0.00066273941475052524 -0.00063662947014732504 -0.021077412484155504 0.0051914503052830699 0.0033249999629333619 -0.020560449184003203 -0.0045980449886505103 0.0030743917533354258 -0.014372742862054489 -0.016048493217055995
leaf_weight=108298 2092 1416 21 624 29 52 55 101 335 38 38 27 59 21 279 49 164 148 20 345 3139 253 40 555 88 22 363 307 41 75
leaf_count=108298 2092 1416 21 624 29 52 55 101 335 38 38 27 59 21 279 49 164 148 20 345 3139 253 40 555 88 22 363 307 41 75
internal_value=1.26664e-12 -4.09829e-05 -0.00161506 0.000274427 0.00196307 0.0137771 0.00124138 8.58603e-05 0.00253991 0.00775721 0.012969 0.00638217 -0.00324209 -0.00616938 0.00906947 0.00610864 -0.00465801 0.000610835 0.00196402 0.00739555 -5.00234e-05 -0.00422011 0.000311144 0.00341253 -0.00430075 -0.000225529 -0.00310459 0.00149395 0.000468886 -0.00655874
internal_weight=119094 111606 3308 1892 1268 73 1195 1015 729 180 125 394 86 286 308 87 265 7488 2457 365 5031 401 4630 683 128 3947 767 329 3180 438
internal_count=119094 111606 3308 1892 1268 73 1195 1015 729 180 125 394 86 286 308 87 265 7488 2457 365 5031 401 4630 683 128 3947 767 329 3180 438
is_linear=0
shrinkage=0.05


Tree=183
num_leaves=31
num_cat=0
split_feature=8 12 10 5 6 11 5 2 0 6 5 4 11 0 4 1 1 2 5 9 9 3 5 0 8 8 5 8 6 0
split_gain=1.16867 2.94153 2.75313 2.0219 4.08544 3.29434 2.63363 2.01645 1.82208 1.73859 2.08445 1.6057 1.49733 2.36795 6.06676 3.76712 4.13057 3.32806 3.39737 2.72431 7.66729 4.64693 3.46849 2.81329 3.72371 10.1645 4.09904 3.26725 3.08277 5.02805
threshold=0.61515601233369199 0.49479369188800154 -0.14249199999999998 -7.0358096021727734 -2.7001532609940626 0.071189500000000003 -1.8745408274840323 2.0011737089201884 0.51689500522607468 -1.9631182898253001 -1.4072013655392552 -0.46741397947167551 0.246304 -0.11178413711141426 -0.2041471304846337 0.50664637109242716 0.41443791310146777 0.61639806376955963 -3.4994938862990526 0.47289100000000012 0.50112850000000009 -0.25257436338808187 -3.301406857606294 0.017672836489130653 -1.8129631572290832 -2.0437126182192622 -4.3545158715343844 -0.99447902762627616 -0.84997213591213228 0.22077601220797197
decision_type=2 2 2 2 2 2 2 2 2 2 2 2 2 2 2 2 2 2 2 2 2 2 2 2 2 2 2 2 2 2
left_child=8 2 -2 -4 -5 7 -7 9 12 -6 -11 -12 -1 14 -14 16 17 19 -19 21 22 -15 -21 -22 25 -25 27 -26 29 -28
right_child=1 -3 3 4 5 6 -8 -9 -10 10 11 -13 13 15 -16 -17 -18 18 -20 20 23 -23 -24 24 26 -27 28 -29 -30 -31
leaf_value=1.7665617979347353e-05 -0.017827682404645852 0.0066389355913434233 0.01090395322535187 -0.020214073995926552 0.0041726834028959275 0.020448062464594841 -0.00023925294866785409 0.0051359809574834702 0.0036589561744891463 -0.015851016770789605 0.0083782500401139264 -0.0093813911419627916 -0.00363883453229733 -0.02521958427290277 -0.031381441314112059 -0.01388969419595714 0.01850476026021201 -0.029340377282351254 -0.00019691344350576402 0.0090590017261328523 -0.0032738809954641988 -0.002236374343184138 0.036152759815255807 0.0034915058166297358 -0.027548227560422991 0.039161386771593247 0.0024027198402872011 -0.00059614874083887453 -0.0046412597617254015 0.031234121276065709
leaf_weight=117016 35 71 24 35 25 25 40 37 341 72 20 35 189 24 22 52 29 20 20 27 307 263 21 119 23 24 62 22 74 20
leaf_count=117016 35 71 24 35 25 25 40 37 341 72 20 35 189 24 22 52 29 20 20 27 307 263 21 119 23 24 62 22 74 20
internal_value=2.77299e-12 -0.00263599 -0.00452829 -0.00304113 -0.0041992 -0.00199243 0.00771741 -0.00533179 9.30676e-06 -0.00787987 -0.0102524 -0.00292334 -1.21034e-06 -0.00167707 -0.00653143 -0.000751809 -0.000104255 -0.000630241 -0.0147686 -5.66746e-05 0.0016274 -0.00415832 0.0209125 0.00020546 0.00331057 0.00947806 -0.00107725 -0.0143717 0.00275768 0.00943477
internal_weight=119094 419 348 313 289 254 65 189 118675 152 127 55 118334 1318 211 1107 1055 1026 40 986 699 287 48 651 344 143 201 45 156 82
internal_count=119094 419 348 313 289 254 65 189 118675 152 127 55 118334 1318 211 1107 1055 1026 40 986 699 287 48 651 344 143 201 45 156 82
is_linear=0
shrinkage=0.05


Tree=184
num_leaves=31
num_cat=0
split_feature=2 8 1 0 12 11 10 6 6 3 11 0 11 11 5 8 11 1 7 7 1 11 11 7 6 0 0 10 6 7
split_gain=1.17207 3.40265 3.3125 2.21262 3.8805 3.64646 3.44581 3.43097 4.9364 3.41373 3.11707 3.59837 3.00587 2.86252 2.71262 2.64392 2.8431 2.51806 2.60282 3.14603 2.31661 2.25293 4.08289 3.23933 2.50343 2.93652 2.24001 2.23194 2.83415 2.22584
threshold=-0.48597517956129066 -3.1938649704377569 -0.10285524694283819 -0.077023160135640187 1.0000000180025095e-35 -0.047437999999999973 -0.054504999999999991 -0.62838140585079683 -0.74428529032435431 -0.29458112973689576 -0.06482099999999999 -0.22280337561569588 0.14251800000000001 0.067059500000000008 -1.1125818213866185 -1.369806451939424 0.087065000000000017 -0.35711928335690701 -1.8925651997377673 -1.5127698078228742 0.28506529355010141 -0.004705 -0.0091575000000000111 -1.6803689420006382 -2.285822025365555 -0.17239559042399358 0.032755028944887028 0.010344500000000008 -1.6941596802214851 -2.6348255130316578
decision_type=2 2 2 2 2 2 2 2 2 2 2 2 2 2 2 2 2 2 2 2 2 2 2 2 2 2 2 2 2 2
left_child=1 2 -1 4 7 -6 -7 8 9 10 11 -3 13 -9 27 17 21 -12 -19 -20 26 22 24 -23 -17 -26 -5 28 -11 -28
right_child=-2 3 -4 20 5 6 -8 12 -10 14 15 -13 -14 -15 -16 16 -18 18 19 -21 -22 23 -24 -25 25 -27 29 -29 -30 -31
leaf_value=0.00045017073537374655 -1.9865125961199333e-05 -0.018507839704398066 -0.020107609178456998 -0.0023838074166526307 0.027744126968361718 -0.01095902996049041 0.011922490005197593 -0.0027057602089866628 0.022010616976250379 -0.014693529538238759 0.010910473652701411 0.0068410453802373794 -0.016632518809980384 0.014920069356090748 -0.019585525517521258 0.021395885091848102 0.022229157843803235 -0.016861189490762249 0.017025261414237321 -0.010089567512192804 -0.016726668210079274 -0.014587877089665694 0.033029087167233233 0.0064136288365819029 0.011973739010281863 -0.0089231611325823034 0.013889571010977739 0.0051780169308185582 0.0076320315312061989 0.0015921469374876535
leaf_weight=43 117214 28 36 408 27 21 76 202 36 44 36 28 34 26 22 26 37 29 20 23 21 22 20 111 40 29 42 75 21 297
leaf_count=43 117214 28 36 408 27 21 76 202 36 44 36 28 34 26 22 26 37 29 20 23 21 22 20 111 40 29 42 75 21 297
internal_value=8.67283e-13 0.00123855 -0.00891793 0.00168406 0.00319517 0.0114924 0.00696876 0.00206331 0.00401808 0.00295796 0.00520287 -0.0058334 -0.00276392 -0.000695797 -0.00326403 0.00677547 0.00930004 0.000113405 -0.00528513 0.00252198 -0.000348469 0.0073711 0.0124961 0.0029397 0.00817338 0.00319098 0.000111963 -0.000699224 -0.00748066 0.00311572
internal_weight=119094 1880 79 1801 1033 124 97 909 647 611 449 56 262 228 162 393 285 108 72 43 768 248 115 133 95 69 747 140 65 339
internal_count=119094 1880 79 1801 1033 124 97 909 647 611 449 56 262 228 162 393 285 108 72 43 768 248 115 133 95 69 747 140 65 339
is_linear=0
shrinkage=0.05


Tree=185
num_leaves=31
num_cat=0
split_feature=2 3 6 10 9 7 11 5 9 6 4 5 1 9 5 11 11 6 9 3 7 8 1 7 4 8 11 6 6 4
split_gain=1.14859 3.67376 6.50576 7.11631 4.95915 5.95965 4.66685 5.13168 5.1689 3.6533 3.87403 3.54445 3.41631 4.50957 3.25529 10.8855 7.10429 4.88481 5.19585 5.13773 4.85636 4.62847 4.5915 4.80886 5.50744 3.84234 3.72711 4.75353 4.09885 3.48533
threshold=0.30629171598505006 0.060487167091500489 -4.885884075296488 0.17055750000000006 0.70121100000000003 -2.1164699959455446 0.0083265000000000162 -8.1629509801735853 0.28705450000000005 0.62208236359720115 -0.5362414417385043 -5.556706272036199 0.02443307531864403 0.34687525000000002 -4.145910655921262 -0.142628 -0.090929999999999969 -3.0488041099173611 0.33571550000000011 0.48911047288433912 -3.2161916718884123 -1.5967394705927138 0.044653564640054218 -1.1132352349693699 -0.0037621379170540976 -3.26647897639269 0.005302000000000002 -1.5579784552677942 -1.9471300605467032 -0.024368762812381092
decision_type=2 2 2 2 2 2 2 2 2 2 2 2 2 2 2 2 2 2 2 2 2 2 2 2 2 2 2 2 2 2
left_child=-1 2 3 6 9 -6 7 -2 -9 10 -4 -7 -3 14 15 20 29 18 22 -20 -14 26 25 -24 -25 -17 -19 28 -28 -16
right_child=1 12 4 -5 5 11 -8 8 -10 -11 -12 -13 13 -15 16 17 -18 21 19 -21 -22 -23 23 24 -26 -27 27 -29 -30 -31
leaf_value=-5.9862362517164688e-05 0.01817457422062203 0.0031292761113564521 -0.018067566754625126 -0.035101058554870113 0.031313115954399111 -0.01451672065573243 -0.021489224073422308 -0.027380826483879774 0.0072994202206080605 -0.013585810687777306 -0.001034265546742665 0.0047569294657764556 -0.0081828491762280468 -0.00041216422105798585 0.010803138873436386 -0.026168619285993001 0.0024017257484133586 -0.0016377809970727606 0.031090439865365627 0.0034109771496763359 -0.043026636857539415 0.012038874005763017 0.0025473718895741462 -0.021837726168924682 0.0080603029656534392 0.00076143039175524164 -0.010774094848514352 -0.032520123961425965 0.010945705482019829 0.036434314204823404
leaf_weight=103684 27 1336 34 27 20 26 34 21 22 63 1835 289 20 6530 36 27 2599 449 30 38 20 48 1586 43 24 26 132 21 26 21
leaf_count=103684 27 1336 34 27 20 26 34 21 22 63 1835 289 20 6530 36 27 2599 449 30 38 20 48 1586 43 24 26 132 21 26 21
internal_value=2.99434e-12 0.000402775 -0.00139556 -0.0122295 -0.000769519 0.00484651 -0.00629164 0.00109005 -0.00963744 -0.00174331 -0.00134413 0.00316609 0.000734194 0.000460142 0.00156705 0.000268245 0.00278468 0.000690661 0.00206885 0.0156225 -0.0256047 -0.00292605 0.00152861 0.00199308 -0.011128 -0.0129577 -0.00406987 -0.0101705 -0.00719995 0.0202462
internal_weight=119094 15410 2398 131 2267 335 104 70 43 1932 1869 315 13012 11676 5146 2490 2656 2450 1774 68 40 676 1706 1653 67 53 628 179 158 57
internal_count=119094 15410 2398 131 2267 335 104 70 43 1932 1869 315 13012 11676 5146 2490 2656 2450 1774 68 40 676 1706 1653 67 53 628 179 158 57
is_linear=0
shrinkage=0.05


Tree=186
num_leaves=31
num_cat=0
split_feature=10 7 3 10 4 7 2 3 9 4 2 9 6 1 0 6 11 7 10 8 9 6 11 6 3 4 5 9 5 6
split_gain=1.13596 2.97278 8.17218 5.88132 4.19346 3.18934 4.75737 5.07781 3.81023 3.93122 3.82232 6.9272 4.44031 3.55009 3.22381 3.11718 3.11233 3.02673 3.00201 2.64202 2.29614 3.6274 2.7321 2.92635 2.25019 4.37673 4.89916 4.34896 3.36922 3.34596
threshold=-0.22315999999999997 -4.685992601504112 0.030818743890207893 -0.27215699999999993 -0.019120141510051255 -3.4866084170838731 0.27493006094131328 -0.15560401981994557 0.21913850000000004 -0.078367645285748674 0.10411340171055007 0.34038100000000004 -3.9282017871971084 0.062544255985628863 -0.046764601243537977 -3.2791214352860418 -0.0041425000000000203 -3.7831696545380167 -0.40061299999999994 -3.5049811470463359 0.20002825000000002 -6.1338054052746172 -0.020780499999999976 -3.7661307268385324 1.0000000180025095e-35 -0.50342274957816568 -3.9165648608559835 0.39026225000000003 -3.7454412083059538 -2.8704437702327081
decision_type=2 2 2 2 2 2 2 2 2 2 2 2 2 2 2 2 2 2 2 2 2 2 2 2 2 2 2 2 2 2
left_child=1 2 -1 4 -4 6 7 -3 9 16 12 -12 17 -11 -14 19 -9 -10 -6 -16 22 -22 -7 -24 25 29 27 -27 -28 -23
right_child=-2 5 3 -5 18 20 -8 8 10 13 11 -13 14 -15 15 -17 -18 -19 -20 -21 21 24 23 -25 -26 26 28 -29 -30 -31
leaf_value=0.034383411882233553 2.7943092775624375e-05 -0.02215674504199449 -0.0091563947199444686 -0.023526904662139716 0.02571253240558094 0.020053256431530261 -0.023556468608148862 0.0037670056589625099 -0.008972541571233365 -0.012027378532251247 -0.0065035564135760074 0.024925207815788414 0.016855954956263304 0.010772983204092711 0.014732580801302736 -0.019527467533394141 0.030072358072451923 -0.026092699874148129 0.0025444954168051485 -0.0069374581130269251 -0.020992422578009692 0.014616119195348942 -0.012982454421845349 0.010861521818104292 0.00090024091925087416 -0.0021790038152777096 0.013536689196450589 -0.011472279661251023 -0.0015255961562137127 0.0010028119581072096
leaf_weight=22 115318 34 28 20 29 29 32 22 67 38 50 27 20 31 22 27 23 42 27 39 22 52 22 31 1361 239 39 266 773 342
leaf_count=22 115318 34 28 20 29 29 32 22 67 38 50 27 20 31 22 27 23 42 27 39 22 52 22 31 1361 239 39 266 773 342
internal_value=-1.87769e-12 -0.000853374 0.00669748 0.000840843 0.00664269 -0.00111403 -0.00493986 -0.00359205 -0.00204499 0.00571457 -0.0050538 0.00451692 -0.00844986 -0.00178374 -0.00126451 -0.00538279 0.017212 -0.0155693 0.0145422 0.000877966 -0.000543051 -0.000761916 0.00771509 0.000964022 -0.000617036 -0.00182394 -0.00320711 -0.00707408 -0.000802161 0.00279949
internal_weight=119094 3776 126 104 84 3650 474 442 408 114 294 77 217 69 108 88 45 109 56 61 3176 3094 82 53 3072 1711 1317 505 812 394
internal_count=119094 3776 126 104 84 3650 474 442 408 114 294 77 217 69 108 88 45 109 56 61 3176 3094 82 53 3072 1711 1317 505 812 394
is_linear=0
shrinkage=0.05


Tree=187
num_leaves=31
num_cat=0
split_feature=0 8 9 1 4 6 11 5 4 8 8 8 7 5 2 11 9 1 2 5 10 4 1 6 2 9 6 6 11 3
split_gain=1.1234 3.19404 4.8695 4.82431 6.42971 5.08818 9.00698 5.0377 5.11688 4.37251 4.56181 5.97083 4.36231 4.23239 4.04873 3.74053 3.14509 3.08003 3.32257 3.64212 5.97242 3.07055 9.41774 5.3289 4.94159 9.09201 3.96617 3.94838 3.93338 3.85024
threshold=0.080234946379640029 -1.7166778117835395 0.48852450000000008 -0.012839199139105193 -0.12676038463277026 -5.1961345945403261 -0.06482099999999999 -10.076609697970159 -0.019808580668542405 -3.303549936232256 -2.6674372438884291 -1.9755583599231268 -3.0833345175079518 -2.8637906595380795 0.075687425159637681 -0.069329999999999989 0.18357225000000002 -0.1129016228416078 -0.30995003190125137 -3.7043480729324401 0.030186999999999995 -0.056018794420165156 0.07857061014793966 -0.13093745654751734 0.28548294771798738 0.6627557500000002 -2.346241886778055 -4.8472728215032346 0.026967500000000009 0.66679226325043983
decision_type=2 2 2 2 2 2 2 2 2 2 2 2 2 2 2 2 2 2 2 2 2 2 2 2 2 2 2 2 2 2
left_child=-1 2 3 4 15 6 -5 -8 -9 -6 13 -12 -3 -11 -7 -2 -10 18 -17 20 -20 -14 23 26 25 27 -23 -24 -27 -28
right_child=1 12 -4 5 9 14 7 8 16 10 11 -13 21 -15 -16 17 -18 -19 19 -21 -22 22 24 -25 -26 28 29 -29 -30 -31
leaf_value=7.6672074976047913e-05 -0.013797060190699996 -0.014749809061276152 -0.0047037069790248544 -0.03808391768307913 -0.016468793498352171 -0.0020833656991308806 -0.02466946771561072 -0.010050045295893772 -0.0064480792540807007 0.010733413184173585 0.0014439095167010974 0.016862452542556663 -9.1804641152579451e-05 0.032633916055783634 -8.6264376110614996e-05 -0.0074038006171273695 0.0056075460948167176 -0.0011445324148507236 0.010402432142845579 0.013524896121214561 -0.0099630151890100008 0.0091296020737093569 0.020057619609596098 -0.0072486199519556501 0.00013414286776907217 0.043208018104944915 0.037600878430652976 0.0023755715016157584 0.012605428602546454 0.0116815764613895
leaf_weight=95330 48 47 742 21 20 3653 29 159 82 104 306 79 6155 28 8313 48 159 826 84 116 63 53 34 23 2027 21 38 442 21 23
leaf_count=95330 48 47 742 21 20 3653 29 159 82 104 306 79 6155 28 8313 48 159 826 84 116 63 53 34 23 2027 21 38 442 21 23
internal_value=2.68784e-12 -0.000307572 -0.000755475 -0.000548261 0.00193183 -0.00089223 -0.00611173 -0.00454665 -0.00308775 0.00647043 0.00735782 0.00460771 0.000442629 0.015379 -0.000695943 -0.000124897 0.00150563 0.000452292 0.00469338 0.00690123 0.00167438 0.00052343 0.00193535 0.0147055 0.00124792 0.00560626 0.0191349 0.00363857 0.0279067 0.027828
internal_weight=119094 23764 14880 14138 1722 12416 450 429 400 537 517 385 8884 132 11966 1185 241 1137 311 263 147 8837 2682 137 2545 518 114 476 42 61
internal_count=119094 23764 14880 14138 1722 12416 450 429 400 537 517 385 8884 132 11966 1185 241 1137 311 263 147 8837 2682 137 2545 518 114 476 42 61
is_linear=0
shrinkage=0.05


Tree=188
num_leaves=31
num_cat=0
split_feature=6 7 7 7 1 6 9 11 12 8 11 8 6 11 10 1 4 7 3 4 3 8 7 9 7 0 10 0 0 0
split_gain=1.13946 10.8676 6.94244 5.05286 5.01433 6.05174 7.3111 5.57096 4.98501 4.95838 4.6234 4.36192 4.5359 5.56902 6.87113 4.20921 5.37174 3.91974 3.84836 4.25689 4.63583 4.8629 7.35944 5.17059 9.8969 5.13824 5.12282 5.98179 5.73755 5.5086
threshold=-2.078591671373021 -2.6052577133731796 -1.3419737109646199 -1.8209510801535 0.036436966513091924 -1.1013432900674323 0.50112850000000009 -0.12881199999999998 -1.1024152219011276 -1.5001172294596328 -0.037269500000000004 -1.5155223164403366 -1.5099924667558946 -0.015662499999999992 0.041631000000000008 -0.12403473459228574 -0.67833855532380261 -2.9774406901321107 -0.48682544785801818 -0.2305445186725659 0.96262081662173726 -1.4644899349970288 -2.987165727137056 0.51414175000000018 -3.1045078586838692 0.012520844995881244 -0.18903849999999997 0.037704633876932243 -0.021505376344086054 0.063261267877277386
decision_type=2 2 2 2 2 2 2 2 2 2 2 2 2 2 2 2 2 2 2 2 2 2 2 2 2 2 2 2 2 2
left_child=2 8 18 4 7 -6 -7 -3 11 10 -4 12 17 -14 -15 -11 -17 -2 -1 20 21 23 25 -20 -25 -23 -26 28 -28 -29
right_child=1 3 9 -5 5 6 -8 -9 -10 15 -12 -13 13 14 -16 16 -18 -19 19 -21 -22 22 -24 24 26 -27 27 29 -30 -31
leaf_value=-0.0028051589554048636 -0.008059159301653079 -0.0084103715962019609 -0.010853882173652093 0.00049912977408536131 -0.001470344883448376 -0.0053381673220652516 -0.026134612131357676 0.00028577759485486532 -0.025948311693966386 -0.0032429979234984787 -0.0029795469863984811 -0.023085008529700905 -0.035860859784720971 0.0029191155519443924 -0.029424138127554518 0.022971000287819794 0.00050596643415725404 -0.0017336819706707338 0.00099675234971063269 7.1426541544598285e-05 0.011760094044730067 -0.022613871919074612 -0.00059815075887621348 0.025984144450810095 -0.0067788172019030554 -0.0027235861749403062 0.0052357219743434432 0.027542173527383612 -0.005669019133668185 0.0079092362921801395
leaf_weight=1057 288 190 214 17972 3636 520 46 6001 25 960 1446 28 22 52 24 27 1841 1637 10960 69333 100 67 1579 52 106 63 481 46 161 160
leaf_count=1057 288 190 214 17972 3636 520 46 6001 25 960 1446 28 22 52 24 27 1841 1637 10960 69333 100 67 1579 52 106 63 481 46 161 160
internal_value=-1.17907e-12 -0.000263932 9.0627e-05 -8.35086e-06 -0.000885907 -0.00221899 -0.00702834 1.88953e-05 -0.00375602 -0.00182548 -0.00399467 -0.00348551 -0.00321424 -0.0137074 -0.00729454 -0.000552184 0.000830675 -0.00268004 0.000192801 0.00023093 0.00103375 0.000955314 -0.00153961 0.00131164 0.00474226 -0.0129747 0.00358442 0.00487982 0.00250104 0.0122933
internal_weight=119094 30441 88653 28365 10393 4202 566 6191 2076 4488 1660 2051 2023 98 76 2828 1868 1925 84165 83108 13775 13675 1709 11966 1006 130 954 848 642 206
internal_count=119094 30441 88653 28365 10393 4202 566 6191 2076 4488 1660 2051 2023 98 76 2828 1868 1925 84165 83108 13775 13675 1709 11966 1006 130 954 848 642 206
is_linear=0
shrinkage=0.05


Tree=189
num_leaves=31
num_cat=0
split_feature=11 5 3 6 7 11 9 7 9 6 10 0 10 12 1 0 5 1 8 5 10 5 0 6 5 11 8 11 11 9
split_gain=1.1301 3.66367 3.09682 3.35308 6.93427 4.42359 7.01463 4.99109 4.50098 5.34318 3.75599 3.45349 3.42441 4.62385 3.40578 3.26325 3.27559 3.19508 3.89513 3.2922 3.18603 3.10497 4.51018 3.07988 3.31727 5.25426 7.06921 5.21163 3.04411 3.94011
threshold=0.0046194999999999995 -1.6157170402401306 3.6837581320737911 -2.1266251591562146 -2.0784678394773519 0.012658499999999991 0.53943950000000018 -2.8065158601215967 0.30141875000000001 -1.4356392944140268 0.094297500000000048 -0.078753163119753264 0.053640499999999987 0.49479369188800154 1.0775296848187803 -0.23831579253260746 -3.3805399127883486 -0.098114909176461415 -3.0136655005794135 -6.6843217601125824 0.054232000000000009 -2.5936481343252678 0.22077601220797197 -2.9836270762206381 -17.170093932826425 0.071189500000000003 -1.5313446455560442 0.129186 0.013060500000000004 0.33728725000000009
decision_type=2 2 2 2 2 2 2 2 2 2 2 2 2 2 2 2 2 2 2 2 2 2 2 2 2 2 2 2 2 2
left_child=-1 2 3 14 5 6 17 -7 10 11 -9 -10 -6 20 15 16 -2 -5 -19 -20 -14 22 -4 24 25 -17 27 -27 -3 -30
right_child=1 28 21 4 12 7 -8 8 9 -11 -12 -13 13 -15 -16 23 -18 18 19 -21 -22 -23 -24 -25 -26 26 -28 -29 29 -31
leaf_value=0.00011246927958277933 -0.013605027807761362 -0.0012985712281388647 0.0055625039663957966 0.0067467809260428491 -0.0016181771129465724 -0.012277041012647615 0.027709897311235018 -0.0017369241234147289 -0.0094828703390425484 -0.014422620215533389 0.010618883691905199 -0.0025858630486329864 0.019529392354359684 0.018122929626291522 -0.013912507216963505 0.00080891747941048107 0.0015873088203449499 0.0070851432958079393 -0.01575749955788654 -0.0028232269041401185 0.00043175111278695742 -0.0055992090731467074 0.029658566572703424 0.00069174855953694125 -0.00056927070381541315 0.027315634773112836 0.039773550697348337 -0.0040775705797550009 0.0041437232909436817 0.00072262240625842276
leaf_weight=77676 89 1316 87 111 2864 198 22 460 242 151 71 726 22 38 45 234 59 88 56 405 2982 38 25 8291 17315 20 22 39 1043 4359
leaf_count=77676 89 1316 87 111 2864 198 22 460 242 151 71 726 22 38 45 234 59 88 56 405 2982 38 25 8291 17315 20 22 39 1043 4359
internal_value=1.29238e-12 -0.000210927 -0.00041784 -0.000448964 -0.0013156 -0.00350582 -6.42578e-05 -0.00477592 -0.00387579 -0.00567472 -8.48293e-05 -0.00431011 -0.000377355 0.000790861 -0.000169001 -0.000145277 -0.00754862 -0.000990063 -0.00255434 -0.00439442 0.000571614 0.00675088 0.0109411 -0.000103007 -0.000476763 0.00460823 0.015584 0.00656419 0.000857829 0.00138316
internal_weight=119094 41418 34700 34550 8436 2530 682 1848 1650 1119 531 968 5906 3042 26114 26069 148 660 549 461 3004 150 112 25921 17630 315 81 59 6718 5402
internal_count=119094 41418 34700 34550 8436 2530 682 1848 1650 1119 531 968 5906 3042 26114 26069 148 660 549 461 3004 150 112 25921 17630 315 81 59 6718 5402
is_linear=0
shrinkage=0.05


Tree=190
num_leaves=31
num_cat=0
split_feature=7 9 10 5 6 4 10 6 6 5 5 0 6 6 7 8 11 11 11 2 1 3 5 10 6 0 5 5 9 9
split_gain=1.14966 2.57092 3.68854 3.32779 4.54055 5.6416 3.47989 2.5156 2.43895 1.96578 1.95758 1.86731 2.29433 3.46267 1.85579 5.17223 4.5594 4.11022 3.47119 2.41333 3.72185 3.33881 1.70732 1.65289 3.51796 1.70002 1.94461 1.5322 1.50807 2.84245
threshold=0.80553278013315566 1.2747032500000002 -0.15203249999999996 -4.9279669705247384 -5.5196325287999839 -0.092232688525137704 -0.035073999999999987 1.0943468274178154 -0.5662826261384527 -1.9789434535735666 -2.1034966267420745 0.39933890765301921 -4.9771418551995792 -3.8958113570662376 0.39437584531971381 -0.16702198225135442 -0.098558999999999966 0.11810349999999999 0.010546499999999988 0.40925651996270301 -0.30573543245548945 -0.044891511925083331 -0.96388732689272494 0.08233550000000002 -1.9812631772529645 -0.29484245847778245 -1.5812620357799021 -1.6157170402401306 0.81629900000000011 0.5452435000000001
decision_type=2 2 2 2 2 2 2 2 2 2 2 2 2 2 2 2 2 2 2 2 2 2 2 2 2 2 2 2 2 2
left_child=11 2 10 4 -4 -6 9 8 -3 -5 -2 14 -13 -14 -1 17 -17 19 -18 20 21 -16 -20 24 -8 -26 -27 -25 29 -15
right_child=1 7 3 6 5 -7 23 -9 -10 -11 -12 12 13 28 15 16 18 -19 22 -21 -22 -23 -24 27 25 26 -28 -29 -30 -31
leaf_value=4.940919811752413e-06 -0.026440393598750236 0.011905949283391238 0.0082036974001675842 0.02379728429950774 -0.00344399462454021 -0.037382553654606458 0.011108693818602225 0.018627238929128417 -0.011735675483942033 0.0041097582899965344 -0.0074959916706635946 0.019259320329874756 -0.018420303626917305 0.0055674013479614952 0.0064756064850371338 0.02388376773780455 -0.011635050338438967 -0.02985706723162106 -0.00092634179420920829 0.0059667794834240345 -0.017159500369827631 -0.016364911027873557 0.013723651163682744 -0.0057432836058604365 -0.020526983321954809 0.0023100058145990427 -0.015278921282539765 0.0077126995976349077 0.0065775699635895971 -0.0021167810018516984
leaf_weight=117585 25 20 20 21 25 24 23 26 24 32 30 20 20 214 48 23 44 21 43 32 73 24 37 34 30 33 30 56 182 275
leaf_count=117585 25 20 20 21 25 24 23 26 24 32 30 20 20 214 48 23 44 21 43 32 73 24 37 34 30 33 30 56 182 275
internal_value=2.51457e-12 -0.00251408 -0.00412441 -0.00211512 -0.0118726 -0.020067 0.000484354 0.00629673 -0.000989482 0.0119105 -0.0161071 9.59937e-06 0.00256429 0.00208107 -5.80284e-06 -0.00366756 0.0034376 -0.00894259 -0.000354837 -0.00646122 -0.00920395 -0.0011379 0.00584928 -0.00245538 -0.00640041 -0.0107306 -0.00606567 0.00262933 0.00269214 0.00124603
internal_weight=119094 453 383 328 69 49 259 70 44 53 55 118641 711 691 117930 345 147 198 124 177 145 72 80 206 116 93 63 90 671 489
internal_count=119094 453 383 328 69 49 259 70 44 53 55 118641 711 691 117930 345 147 198 124 177 145 72 80 206 116 93 63 90 671 489
is_linear=0
shrinkage=0.05


Tree=191
num_leaves=31
num_cat=0
split_feature=8 12 10 5 6 10 5 3 0 6 3 3 11 5 11 0 4 1 1 2 3 8 9 9 3 5 6 7 6 6
split_gain=1.12642 2.39842 2.35378 1.71125 3.57533 3.01953 2.61776 2.22653 1.57617 1.51221 2.13677 1.93508 4.00062 1.70931 1.35795 2.18276 5.41571 3.40652 3.55774 3.01494 3.1046 2.60108 2.41443 6.95864 4.20831 3.11301 2.75827 2.65989 3.72995 3.79819
threshold=0.61515601233369199 0.49479369188800154 -0.17554549999999999 -7.0358096021727734 -2.7001532609940626 0.11221200000000002 -1.2892820514445156 -0.46882516506305921 0.51689500522607468 -1.8544273858265881 0.83194588287733218 -0.070860581380115292 0.010206000000000022 -1.6778835974049029 0.246304 -0.11178413711141426 -0.2041471304846337 0.50664637109242716 0.41443791310146777 0.61639806376955963 0.7668003400115474 1.0000000180025095e-35 0.47289100000000012 0.50112850000000009 -0.25257436338808187 -3.301406857606294 -5.6336323981550338 -3.4999887414119355 -3.2290564372187092 -3.4491204306953347
decision_type=2 2 2 2 2 2 2 2 2 2 2 2 2 2 2 2 2 2 2 2 2 2 2 2 2 2 2 2 2 2
left_child=8 2 -2 -4 -5 7 -7 -6 14 -9 11 -11 -13 -12 -1 16 21 18 19 22 -21 -16 24 25 -17 -24 -25 -28 29 -29
right_child=1 -3 3 4 5 6 -8 9 -10 10 13 12 -14 -15 15 17 -18 -19 -20 20 -22 -23 23 26 -26 -27 27 28 -30 -31
leaf_value=1.7331254455344366e-05 -0.017218649270216702 0.0057871202746419314 0.0095653025954961779 -0.0190553214188133 -0.015622945409268141 0.01751883253455162 -0.0028679846290258632 0.0086123198843919314 0.0034035859232300022 -0.0095646796728639568 -0.019046166681360003 -0.0076926166377961642 0.023553842625447685 -0.0024074547052993604 -0.0057076528937000425 -0.023938681837171318 -0.029736073018813675 -0.013201539805875377 0.017178058367351007 -0.027967246994376183 -0.0001077650859951973 0.012233889163421142 0.0086933203317500936 0.018476940869586542 -0.0020670477238607893 0.034361147122191536 -0.0092897041228826392 0.0045311336708681029 -0.0011490003508156667 0.028363119349593208
leaf_weight=117016 32 71 25 35 40 32 31 26 341 24 33 20 21 29 166 24 22 52 29 20 20 23 27 20 263 21 74 82 454 21
leaf_count=117016 32 71 25 35 40 32 31 26 341 24 33 20 21 29 166 24 22 52 29 20 20 23 27 20 263 21 74 82 454 21
internal_value=-3.19632e-12 -0.0025879 -0.0042966 -0.00298804 -0.0040665 -0.00201725 0.00748722 -0.00511975 9.13698e-06 -0.00237381 -0.00462294 0.00171117 0.00831167 -0.0112635 -6.4472e-07 -0.00159661 -0.00625727 -0.000708258 -9.24756e-05 -0.000580629 -0.0140375 -0.00352429 -3.47111e-05 0.0015507 -0.00389603 0.019923 0.000196057 -0.000383369 0.000799878 0.00939008
internal_weight=119094 419 348 316 291 256 63 193 118675 153 127 65 41 62 118334 1318 211 1107 1055 1026 40 189 986 699 287 48 651 631 557 103
internal_count=119094 419 348 316 291 256 63 193 118675 153 127 65 41 62 118334 1318 211 1107 1055 1026 40 189 986 699 287 48 651 631 557 103
is_linear=0
shrinkage=0.05


Tree=192
num_leaves=31
num_cat=0
split_feature=6 11 7 6 5 0 1 9 10 11 0 12 5 4 4 4 0 11 4 5 5 9 5 11 6 11 11 0 7 4
split_gain=1.09967 4.96146 4.25918 3.22911 2.42152 2.1349 4.59444 4.04377 2.51175 4.33779 4.91031 3.60832 3.96219 3.12098 2.89325 3.88417 2.49655 2.49236 2.4634 4.44899 2.4825 2.2393 2.155 2.1164 2.07304 2.02718 3.7252 5.89208 4.73186 3.61549
threshold=-0.24351852815951319 -0.51730049999999983 -0.75082161473017284 0.62208236359720115 -7.1088422450728848 -0.084239130434782525 -0.1922629440252748 0.59833800000000015 -0.0067060000000000166 -0.0085419999999999784 0.13283964652060767 -0.52591453397990684 -4.7010631011496873 -0.32155540086207979 -0.017010859259743879 -0.17490739069035913 0.17343136579517918 -0.024781999999999995 -0.0071824673175978617 -0.65076671758581117 -2.0057669906074618 0.34515925000000008 1.0047665556156058 -0.00055750000000000233 -0.13093745654751734 -0.014808000000000014 -0.06482099999999999 -0.10130327647220809 1.0000000180025095e-35 -0.52406808386194625
decision_type=2 2 2 2 2 2 2 2 2 2 2 2 2 2 2 2 2 2 2 2 2 2 2 2 2 2 2 2 2 2
left_child=-1 -2 4 25 -3 6 -6 17 9 14 -11 12 16 23 15 -7 -10 -8 -15 20 -20 -21 24 -14 -19 26 27 29 -29 -4
right_child=1 2 3 -5 5 8 7 -9 11 10 -12 -13 13 18 -16 -17 -18 22 19 21 -22 -23 -24 -25 -26 -27 -28 28 -30 -31
leaf_value=2.5404150448482458e-05 -0.025735132507979871 -0.013343829519376247 0.007867779117077589 -0.0014378574359458145 0.00064123039487640199 0.016618678196454826 -0.020421952279585025 -0.026186088577378544 0.02090598535879205 0.0058787774072871328 -0.020356183198671191 -0.02003190179821104 -0.0041966625602563494 -0.0071010143266269756 0.027152285157215031 -0.0042839466420890289 -0.001571865113718169 0.0073505613877362505 0.0028865004571465157 0.0017589616402983667 0.024999334222891117 -0.017725697628639896 -0.018333314110835396 0.011057121508707435 -0.0059873321819302709 0.0040781887466594816 -0.0056541089393944925 -0.010196614795233728 0.018070325087755919 0.035702082347124818
leaf_weight=115855 20 54 28 908 192 46 31 32 30 42 31 28 37 310 21 43 21 37 30 30 22 29 27 59 137 727 170 57 20 20
leaf_count=115855 20 54 28 908 192 46 31 32 30 42 31 28 37 310 21 43 21 37 30 30 22 29 27 59 137 727 170 57 20 20
internal_value=-6.01489e-13 -0.000908675 -0.000754425 0.000731922 -0.00297991 -0.00252675 -0.00524389 -0.00952397 -0.000936233 0.00418751 -0.0052621 -0.00250946 -0.00164568 -0.00295729 0.0104586 0.00651966 0.0116504 -0.00722575 -0.00481238 0.00157932 0.0122419 -0.00781824 -0.00519051 0.00517806 -0.00315111 0.00265967 -0.000836134 0.00571631 -0.00285455 0.0194654
internal_weight=119094 3239 3219 1930 1289 1235 456 264 779 183 73 596 568 517 110 89 51 232 421 111 52 59 201 96 174 1022 295 125 77 48
internal_count=119094 3239 3219 1930 1289 1235 456 264 779 183 73 596 568 517 110 89 51 232 421 111 52 59 201 96 174 1022 295 125 77 48
is_linear=0
shrinkage=0.05


Tree=193
num_leaves=31
num_cat=0
split_feature=10 11 1 9 2 1 8 5 5 11 9 7 6 8 3 11 3 6 0 1 7 8 4 1 8 8 4 0 11 1
split_gain=1.07593 3.79192 3.8612 3.97398 5.40788 5.40863 4.5743 4.71045 4.2794 3.74162 10.5823 4.72729 5.14828 4.43237 6.47922 5.64578 4.66297 4.01493 4.03984 3.68702 5.16873 5.38779 3.99675 4.5453 7.75672 5.14744 4.57772 3.65759 4.63867 6.23476
threshold=0.026879500000000004 -0.010663499999999991 0.14587706373398415 0.19304500000000002 0.61639806376955963 0.18457519583360008 0.20296190791348631 -2.424387419870508 -5.3413667398356512 -0.028130499999999944 0.20916625000000003 -3.8829578437329997 -4.5152060559701992 -3.3406724483417043 0.3937091721794837 -0.038667 -0.044891511925083331 -6.1338054052746172 -0.29484245847778245 -0.35711928335690701 -1.0487833304030032 -1.7858364401347508 -0.38593898205449512 -0.1270546860700579 -0.6905742408661083 -1.4461358677886118 -0.39109615587893309 0.046485042986332721 -0.026674999999999973 0.044653564640054218
decision_type=2 2 2 2 2 2 2 2 2 2 2 2 2 2 2 2 2 2 2 2 2 2 2 2 2 2 2 2 2 2
left_child=1 2 19 4 5 -4 -5 -8 -7 10 11 -2 -13 14 15 16 -12 -15 -19 -1 22 -22 23 24 26 -25 -21 -11 29 -29
right_child=9 -3 3 6 -6 8 7 -9 -10 27 13 12 -14 17 -16 -17 -18 18 -20 20 21 -23 -24 25 -26 -27 -28 28 -30 -31
leaf_value=0.0038848772093105425 -0.0014051049363236721 -0.00052997700955284761 0.014359031864347858 0.0014309634008698971 0.031878796202086272 -0.0082626693853654152 -0.021374219938491784 0.00043869425584985448 0.0094834982621627012 0.00055550131371457669 -0.018826023165724778 -0.0030609468194759556 0.015981810264583191 -0.019523157042761644 -0.03209357250792285 -0.019795324255080363 -6.0793202506751553e-05 -0.014510824514685997 -0.00099373176799809077 0.0052572559082833814 -0.020108733765987888 -0.0025145120538698084 -0.00011976150957630305 -0.0029376319355006279 -0.016537999652646251 0.0067886532305312334 0.024549608149391135 -0.0082769445239983756 -0.00034609686041066844 0.019738950925908747
leaf_weight=592 96 31102 99 4654 21 82 45 55 58 36848 38 45 168 30 24 56 257 56 4276 786 45 1316 18160 530 40 183 32 29 19308 63
leaf_count=592 96 31102 99 4654 21 82 45 55 58 36848 38 45 168 30 24 56 257 56 4276 786 45 1316 18160 530 40 183 32 29 19308 63
internal_value=1.38784e-12 -0.000154761 0.000282348 0.00153281 0.00755193 0.00541443 0.00120362 -0.00937712 -0.000910686 0.000145939 -0.00115834 0.00780683 0.0119587 -0.00174315 -0.00695946 -0.00524089 -0.00247801 -0.0012947 -0.00116847 -6.79595e-06 -0.000116026 -0.00309625 8.95434e-05 0.00250901 0.00496069 -0.000441264 0.00601197 0.000262946 -0.000292728 0.0109079
internal_weight=119094 57800 26698 5014 260 239 4754 100 140 61294 5046 309 213 4737 375 351 295 4362 4332 21684 21092 1361 19731 1571 858 713 818 56248 19400 92
internal_count=119094 57800 26698 5014 260 239 4754 100 140 61294 5046 309 213 4737 375 351 295 4362 4332 21684 21092 1361 19731 1571 858 713 818 56248 19400 92
is_linear=0
shrinkage=0.05


Tree=194
num_leaves=31
num_cat=0
split_feature=2 5 8 8 6 7 6 10 5 7 5 11 9 8 7 4 10 11 6 8 9 11 6 11 10 10 9 5 11 11
split_gain=1.06814 3.68721 3.85793 3.44432 5.81441 4.92603 7.50619 4.84419 4.28038 4.4019 4.14961 6.1601 4.73494 6.69214 4.55366 4.09724 4.09639 5.67204 3.73028 3.60694 3.34477 3.314 3.26589 6.07739 4.25277 5.41848 4.03193 4.20624 3.64639 3.26346
threshold=0.22104460847240062 -7.1857965813610312 -4.7917139135934015 -2.8401648244488311 -5.2682388205839912 -2.8357707770332179 -6.4665603489108898 -0.0077929999999999658 -1.8180403464516086 -2.8845356704526739 -2.0308506037546339 -0.0018495000000000176 0.27673300000000006 -0.28549488444142596 -4.366188481012137 -0.014187046756388986 0.015394499999999993 -0.0093539999999999717 -5.6336323981550338 -0.96385307207149051 0.26466475000000006 0.049037499999999991 -4.3856160918270719 0.043011499999999987 0.035468499999999993 -0.18903849999999997 0.43727825000000003 -4.0970517418884702 -0.030486999999999983 0.005302000000000002
decision_type=2 2 2 2 2 2 2 2 2 2 2 2 2 2 2 2 2 2 2 2 2 2 2 2 2 2 2 2 2 2
left_child=-1 29 -3 4 15 6 -5 8 -6 -10 12 20 19 14 -14 -4 -17 -18 -16 -8 -12 -13 23 24 25 -7 27 -27 -26 -2
right_child=1 2 3 5 7 22 10 -9 9 -11 11 21 13 -15 18 16 17 -19 -20 -21 -22 -23 -24 -25 28 26 -28 -29 -30 -31
leaf_value=-7.5783048322523625e-05 -0.00023304665133298472 -0.01165387023294058 -1.9955221716671777e-05 0.024562744223685179 -0.0037333368256669617 -0.021609379922632468 -0.00013217603225556973 0.0020564363377681772 0.028969341485450668 -0.0023765800511076425 -0.021612918838149028 0.017064870580785221 -0.023036727379076184 -0.032139456558174323 0.018082792197819799 0.0022609249857115619 0.041949960994331736 0.013695360821647904 -0.0036454650249522652 0.019918885125535662 0.00035638424583753063 -0.0038217954667440304 0.00073475812703319187 -0.022500554004158731 -0.026935865207696742 -0.0016153833285892567 0.022516494566850641 0.016478900057263674 -0.0052030848123831679 -0.0039947874602889724
leaf_weight=94810 1733 65 73 27 604 22 903 3720 21 24 21 91 30 21 20 47 23 78 1599 23 99 24 13740 39 23 163 27 40 120 864
leaf_count=94810 1733 65 73 27 604 22 903 3720 21 24 21 91 30 21 20 47 23 78 1599 23 99 24 13740 39 23 163 27 40 120 864
internal_value=9.46422e-13 0.000295873 0.000509077 0.000545641 0.00176127 0.000218039 -0.00167562 0.00136103 -0.00262499 0.0122515 -0.00192586 0.00443656 -0.00250181 -0.0040919 -0.00373471 0.00967373 0.0144551 0.0201296 -0.00337705 0.000365852 -0.00348824 0.0127059 0.000599869 -0.00367057 -0.00181141 0.00209678 0.00436432 0.00194999 -0.00869857 -0.00148455
internal_weight=119094 24284 21687 21622 4590 17032 2858 4369 649 45 2831 235 2596 1670 1649 221 148 101 1619 926 120 115 14174 434 395 252 230 203 143 2597
internal_count=119094 24284 21687 21622 4590 17032 2858 4369 649 45 2831 235 2596 1670 1649 221 148 101 1619 926 120 115 14174 434 395 252 230 203 143 2597
is_linear=0
shrinkage=0.05


Tree=195
num_leaves=31
num_cat=0
split_feature=4 11 5 2 6 9 2 5 8 11 6 5 7 8 0 6 1 2 1 6 10 0 3 6 11 3 6 2 6 1
split_gain=1.09768 2.56723 5.75004 4.55115 7.91038 11.5234 4.86405 6.57469 8.83964 6.40724 4.46565 6.75734 4.34767 4.27532 4.32871 4.22403 4.14442 3.94973 4.74624 5.27585 3.90757 3.89071 10.6789 3.69294 6.20246 3.49099 3.44364 3.43933 3.23313 3.75816
threshold=-0.017696075113215522 -0.012491999999999974 -10.915893668304427 0.050662992691769666 -5.7651444851893165 0.43166400000000005 0.42070714382559021 -10.915893668304427 -4.0661345542802385 0.087065000000000017 0.3563243666622285 -4.1205843394586852 -6.0515327842249702 -4.0661345542802385 -0.0094628827523745001 -3.9282017871971084 0.015069935294050098 0.09775146607958797 0.14831479542217366 -2.8169134163250269 0.062155999999999996 0.068796355293556669 0.030818743890207893 -5.9227674387528646 -0.078832999999999973 0.18018606362513914 -3.4903897575907359 0.31825630208951933 -0.89674801718311892 0.15552957088605771
decision_type=2 2 2 2 2 2 2 2 2 2 2 2 2 2 2 2 2 2 2 2 2 2 2 2 2 2 2 2 2 2
left_child=-1 2 23 15 5 6 7 8 -5 12 17 -12 20 16 -15 -3 -6 18 19 21 -9 22 -4 24 -2 26 -20 -14 -19 -30
right_child=1 3 10 4 13 -7 -8 9 -10 -11 11 -13 27 14 -16 -17 -18 28 25 -21 -22 -23 -24 -25 -26 -27 -28 -29 29 -31
leaf_value=6.1835888157635497e-05 -0.00050107970484532412 -0.0081964841350854085 0.03248645230356989 -0.0029998398530075238 -0.020275740166444605 0.033708609287824591 -0.0077203563781564734 0.0083467493121538103 0.039014599442241657 -0.014630047872455585 -0.036133015714585784 -0.00108152484330772 0.0048170134239291576 0.012929228810451422 -0.0006503602945813811 0.00011695130810098765 -0.003798100351378788 0.00028986702259601856 0.015578573065189026 0.017000607986019219 0.035911305824993182 -0.0079554619164647258 0.00049162920322311904 -0.0034294023530603182 -0.037858200684189797 0.027397461142390968 -0.0086972138553392149 -0.011676683186420372 0.02506280274202044 0.0041839133667212636
leaf_weight=102144 20 379 29 21 41 33 85 36 31 45 20 44 326 59 10981 256 551 3162 48 58 20 95 259 82 25 36 21 35 26 126
leaf_count=102144 20 379 29 21 41 33 85 36 31 45 20 44 326 59 10981 256 551 3162 48 58 20 95 259 82 25 36 21 35 26 126
internal_value=1.53487e-12 -0.000372635 0.000725395 -0.000717477 -0.000503768 0.00494403 0.00335934 0.00519159 0.0220472 0.00329441 0.00106429 -0.0120351 0.00522871 -0.000799763 -0.000577788 -0.00484493 -0.00493929 0.00128148 0.00522188 0.00294718 0.0181912 0.000818982 0.00371333 -0.00974557 -0.021255 0.0147756 0.00819029 0.0032179 0.000632277 0.0077553
internal_weight=119094 16950 4051 12899 12264 632 599 514 52 462 3924 64 417 11632 11040 635 592 3860 546 441 56 383 288 127 45 105 69 361 3314 152
internal_count=119094 16950 4051 12899 12264 632 599 514 52 462 3924 64 417 11632 11040 635 592 3860 546 441 56 383 288 127 45 105 69 361 3314 152
is_linear=0
shrinkage=0.05


Tree=196
num_leaves=31
num_cat=0
split_feature=6 7 7 7 9 3 1 0 7 2 10 6 4 6 8 4 8 11 7 0 2 10 5 9 9 1 2 5 6 7
split_gain=1.07933 9.76571 6.00102 5.01337 4.89826 4.31757 4.05715 5.72286 4.15437 4.27555 4.14014 4.045 4.10569 3.86823 4.1531 3.80676 4.39361 4.15597 4.06827 4.66371 3.92804 7.70392 3.84671 3.77205 3.72531 3.66739 3.47379 4.12602 3.33068 6.543
threshold=-1.8728782261788353 -1.8209510801535 -1.3419737109646199 -2.705160540118249 1.0889377500000001 1.3998466257668714 0.02308730599987863 -0.030707502822627405 -2.377634292294688 -0.15171371911628054 0.047506500000000014 -1.5099924667558946 -0.022852571259392936 -1.6059803506578556 -2.1740510560211579 -0.0037621379170540976 -1.6277114705621789 0.049037499999999991 -0.79205868621878939 -0.14359398251591185 0.69706089188100917 0.047995999999999962 -3.3201886793701534 0.27022775000000004 0.28946675000000005 0.29296381419304446 -0.56207538849212457 -1.2484169549402859 -0.62838140585079683 -0.94895820425456201
decision_type=2 2 2 2 2 2 2 2 2 2 2 2 2 2 2 2 2 2 2 2 2 2 2 2 2 2 2 2 2 2
left_child=2 3 -1 11 6 15 8 -8 13 -10 -11 12 -2 14 -5 16 17 -4 20 26 -18 -22 -19 -14 -15 -7 -20 -28 -3 -30
right_child=1 28 5 4 -6 25 7 -9 9 10 -12 -13 23 24 -16 -17 18 22 19 -21 21 -23 -24 -25 -26 -27 27 -29 29 -31
leaf_value=0.00017448785113719374 -0.0025269931847369063 0.00094747325717626282 -0.0039634982440583649 0.0015814241786810601 -0.021842543896416142 0.010172012086350022 -0.0066821203495460862 -0.0015522167677011218 -0.001985700963996351 0.00015232783945468145 0.0044737232073796419 -0.024049576461936038 -0.0080936236991344581 -0.0029418288776497173 -0.0099015465782334409 0.0045547854613521262 0.0009752471778637097 -0.024559652270887009 0.0089637833075936549 -0.0012768907033590801 0.0011158619941099835 -0.029444469802547248 -0.0033621619357482382 -0.027502197981812061 -0.012921892395155189 -0.001424657974646173 -0.006746798648434655 -0.027179314825200265 -0.0025812462475340351 0.00090526523269444904
leaf_weight=88990 394 10660 1140 438 29 141 668 2921 1140 1512 875 30 115 227 96 219 1659 49 33 1267 58 32 38 32 159 132 497 26 2328 3189
leaf_count=88990 394 10660 1140 438 29 141 668 2921 1140 1512 875 30 115 227 96 219 1659 49 33 1267 58 32 38 32 159 132 497 26 2328 3189
internal_value=1.248e-13 -0.00029341 7.72201e-05 -0.00165102 -0.00133047 -0.00155874 -0.00125645 -0.00250702 -0.000247163 0.000533351 0.00173642 -0.00617856 -0.00518756 -0.00323941 -0.00048293 -0.00189189 -0.00218608 -0.00476738 -0.00129939 -0.00295219 0.000423346 -0.00975003 -0.015301 -0.0123186 -0.00705279 0.00456483 -0.00676981 -0.00776256 0.000431342 -0.000565933
internal_weight=119094 24813 94281 8636 8065 5291 8036 3589 4447 3527 2387 571 541 920 534 5018 4799 1227 3572 1823 1749 90 87 147 386 273 556 523 16177 5517
internal_count=119094 24813 94281 8636 8065 5291 8036 3589 4447 3527 2387 571 541 920 534 5018 4799 1227 3572 1823 1749 90 87 147 386 273 556 523 16177 5517
is_linear=0
shrinkage=0.05


Tree=197
num_leaves=31
num_cat=0
split_feature=2 8 2 8 1 9 1 0 7 6 8 0 7 9 9 10 5 7 5 8 5 2 6 6 8 5 6 11 3 2
split_gain=1.02865 3.84777 8.73901 5.41317 5.11286 5.02208 4.23834 7.73385 4.23437 4.04686 4.17212 4.05266 3.87764 3.61312 15.0059 4.74722 4.59977 5.28086 4.19263 3.78757 5.56005 3.5494 3.53048 3.82767 3.62058 3.35558 3.29669 5.08017 4.04589 3.45391
threshold=0.40925651996270301 -3.4893956424824988 0.42070714382559021 -2.5717200198624739 0.044653564640054218 0.46580575000000007 0.12470619720708399 0.090638858861732854 -6.0515327842249702 -3.0223160080503422 -2.9203974813036653 0.047383006898519715 -2.8253136624931048 0.11506975000000001 0.17849100000000004 0.076272499999999979 -8.5749776129228099 -4.4240130279610765 -10.423219923877786 -2.1423962836770287 -6.1981213154076844 0.75053427322434352 -1.9471300605467032 -1.6941596802214851 -1.6277114705621789 -2.4685124093899771 -3.1782193599302841 -0.011121999999999977 0.48911047288433912 0.55825240584291658
decision_type=2 2 2 2 2 2 2 2 2 2 2 2 2 2 2 2 2 2 2 2 2 2 2 2 2 2 2 2 2 2
left_child=-1 2 -2 5 22 6 7 25 -4 21 11 -11 13 -6 -15 16 18 -18 -16 -17 -21 -8 -5 -24 -25 -3 29 28 -28 -19
right_child=1 3 8 4 12 -7 9 -9 -10 10 -12 -13 -14 14 15 19 17 26 -20 20 -22 -23 23 24 -26 -27 27 -29 -30 -31
leaf_value=-4.2864482288961936e-05 0.0202747732443227 -0.0017370218106806672 -0.0015931461842205279 0.0075310541700838096 -0.018430206100814618 0.020833285068649621 0.00859527276134661 -0.024188457583742481 -0.022621093346406856 0.025519452942535284 -0.003099030854199165 0.0020787205156887435 0.00013459231419849163 0.027788414335564567 -0.0020623157351413587 -0.0026469195407116787 -0.025382627781342579 -0.0035622106359944751 0.029925194941461088 -0.0028415455448406717 -0.031541900589881051 -0.011501415835126587 -0.008950916691683233 0.013023609413544732 0.00087451846951777483 0.014203804935095833 -0.035554841641957567 -0.0022817602568387016 -0.0095872800913639374 0.0072651131133848832
leaf_weight=109755 22 189 39 365 39 42 491 35 62 28 224 54 6432 38 21 48 27 196 20 27 45 23 80 74 358 40 24 138 40 118
leaf_count=109755 22 189 39 365 39 42 491 35 62 28 224 54 6432 38 21 48 27 196 20 27 45 23 80 74 358 40 24 138 40 118
internal_value=-3.12592e-12 0.000503757 -0.00828126 0.000621005 0.000168921 0.00386911 0.00321182 -0.00229826 -0.0145014 0.0049858 0.000433375 0.0100829 -0.000269377 -0.0035963 -0.00281662 -0.0044686 -0.00260742 -0.00382676 0.0135413 -0.0135263 -0.0207793 0.007696 0.00377376 0.00109522 0.00295561 0.0010474 -0.00269884 -0.00768164 -0.0193251 0.000506656
internal_weight=119094 9339 123 9216 8090 1126 1084 264 101 820 306 82 7213 781 742 704 584 543 41 120 72 514 877 512 432 229 516 202 64 314
internal_count=119094 9339 123 9216 8090 1126 1084 264 101 820 306 82 7213 781 742 704 584 543 41 120 72 514 877 512 432 229 516 202 64 314
is_linear=0
shrinkage=0.05


Tree=198
num_leaves=31
num_cat=0
split_feature=11 5 7 9 1 8 10 3 9 0 0 11 3 11 8 0 0 8 3 5 6 1 7 6 2 10 6 7 0 3
split_gain=1.01938 3.14933 3.12937 4.12756 5.05353 5.09747 4.53229 4.37507 4.06902 3.98391 4.19852 5.63165 4.15892 4.00897 3.42955 3.38523 3.17606 3.1486 3.09103 3.11659 7.24084 12.0098 4.66326 4.33275 3.06145 2.97042 5.32775 13.4756 3.64458 6.04007
threshold=0.039620999999999983 -3.3201886793701534 -3.7653412913986006 0.33571550000000011 0.02177920201394146 -2.4148015711028648 -0.069153999999999979 0.18018606362513914 0.22496075000000001 0.20112269518870643 -0.23831579253260746 0.14251800000000001 -0.041733647031173597 0.1583495 -1.1782015462089306 -0.018075258813736835 0.050136945741797508 -3.2535035363941653 3.6837581320737911 -17.170093932826425 -5.4246888032584044 0.059669843441053423 -3.3080483748586276 -1.6059803506578556 -0.31948767288613672 0.091987499999999958 -5.2682388205839912 -1.8925651997377673 -0.11178413711141426 -0.38795747373127798
decision_type=2 2 2 2 2 2 2 2 2 2 2 2 2 2 2 2 2 2 2 2 2 2 2 2 2 2 2 2 2 2
left_child=-1 18 15 4 -4 6 -6 8 -8 10 11 12 24 -11 -15 -3 -7 -9 19 20 21 -2 -22 -24 -5 26 27 -21 29 -28
right_child=1 2 3 9 5 16 7 17 -10 13 -12 -13 -14 14 -16 -17 -18 -19 -20 25 22 -23 23 -25 -26 -27 28 -29 -30 -31
leaf_value=5.1236726302430811e-05 -0.0042847107164561754 -0.02573815371309008 0.0057763768646145516 0.019589160801602779 0.010665958758133153 0.00017434234931310521 0.0042711751692093396 -0.0085682573254135513 -0.010434013925867723 0.0006964807425597643 -0.0010679568517592637 -0.0041493219638283818 0.0019146448861778781 0.021883888969697604 0.0059161512293220368 -0.003877281305685112 0.013876985547716145 0.0053566162744837428 0.012213445756407012 -0.0057146999616596202 -0.019472017472323317 0.049853696441277864 0.0086776032470739818 -0.011882960152647951 -0.0018953481668722814 -3.8176971150705914e-06 0.0098981377906261058 -0.045216688296447205 -0.0013568012640602723 -0.0088824408893283888
leaf_weight=106080 20 21 717 97 60 79 58 55 249 466 4707 115 97 41 187 113 91 155 42 215 26 21 104 34 20 1853 49 24 2959 339
leaf_count=106080 20 21 717 97 60 79 58 55 249 466 4707 115 97 41 187 113 91 155 42 215 26 21 104 34 20 1853 49 24 2959 339
internal_value=3.1287e-12 -0.000417642 0.000267506 0.000408523 0.00277792 -0.000100112 -0.00234205 -0.00385168 -0.00765583 -0.000196852 -0.000686275 0.00477444 0.00956992 0.00335464 0.00878754 -0.00730324 0.00750929 0.00170963 -0.00130065 -0.00140121 0.00465079 0.0234447 -4.76973e-05 0.00361196 0.0159166 -0.00162932 -0.00246926 -0.00968143 -0.00195426 -0.00651067
internal_weight=119094 13014 7328 7194 1464 747 577 517 307 5730 5036 329 214 694 228 134 170 210 5686 5644 205 41 164 138 117 5439 3586 239 3347 388
internal_count=119094 13014 7328 7194 1464 747 577 517 307 5730 5036 329 214 694 228 134 170 210 5686 5644 205 41 164 138 117 5439 3586 239 3347 388
is_linear=0
shrinkage=0.05


Tree=199
num_leaves=31
num_cat=0
split_feature=0 8 12 10 11 5 5 10 9 10 1 1 0 8 4 11 7 6 3 5 6 6 6 10 4 1 3 9 4 3
split_gain=1.01135 3.44781 4.69195 4.98953 4.45669 4.72972 4.43314 3.76258 3.95767 5.15658 3.09311 2.81971 3.29785 3.22155 3.39167 2.85262 2.74012 5.03999 5.12514 4.45368 3.6277 3.07028 2.79353 4.11671 2.76891 2.74092 2.73113 4.16342 2.7128 2.70323
threshold=0.10095887592615772 -1.7166778117835395 -1.3814322759289126 0.058947499999999993 0.037975500000000002 -1.6157170402401306 -4.0737928188775419 -0.15203249999999996 0.52842800000000012 0.014138500000000014 -0.0045090024661624808 0.11897404043108741 0.12960313106944213 -1.8543028592327493 -0.018420673827993558 0.02254400000000004 -1.2700769297376007 -1.2933256367675705 0.91406120760959486 -6.8179831842828946 -1.166752840638609 -4.9283640120545362 -1.756969028617662 -0.077595999999999998 -0.19307852533358907 0.16342839306698023 1.2687836021505379 0.35165175000000004 -0.50342274957816568 -0.43850570409006723
decision_type=2 2 2 2 2 2 2 2 2 2 2 2 2 2 2 2 2 2 2 2 2 2 2 2 2 2 2 2 2 2
left_child=-1 2 26 4 5 7 -6 -4 -9 -10 -5 15 -13 14 -14 -12 17 21 19 -19 24 -3 -23 25 -21 -24 -2 -28 -22 -30
right_child=1 16 3 10 6 -7 -8 8 9 -11 11 12 13 -15 -16 -17 -18 18 -20 20 28 22 23 -25 -26 -27 27 -29 29 -31
leaf_value=6.0885423488513114e-05 -0.00080074376345846987 0.020241316896863284 -0.021244909608736637 -0.012637879673598541 -0.040950706396251924 -0.021532146073877812 -0.012658866736003095 -0.010410765097701863 0.013778690233437427 -0.0096841571516253899 0.00039641819894313817 -0.013054067744330192 0.0012012443383750708 -0.0066560205537825826 0.029354729764163496 0.025964478643921513 -0.00031260859041014013 -0.028110527868072194 0.0088384969987803045 -0.024319420641081203 0.015779019903857262 0.0014984667123705189 0.034186991536989807 0.0043319624749090981 -0.0031376837683772599 0.0080100742939976047 0.025867491465760395 0.0011671877985078274 -0.018626925392219655 -0.0016398237747834773
leaf_weight=101390 9322 24 25 36 20 43 45 62 67 36 20 36 23 32 20 24 4762 21 72 36 20 2114 20 432 27 20 24 59 26 236
leaf_count=101390 9322 24 25 36 20 43 45 62 67 36 20 36 23 32 20 24 4762 21 72 36 20 2114 20 432 27 20 24 59 26 236
internal_value=1.3087e-12 -0.000348688 -0.000968622 -0.00574376 -0.00978722 -0.00655764 -0.021364 -0.00316867 -0.000429848 0.00557808 0.000564902 0.00363135 -0.000614557 0.00535641 0.0142959 0.0143426 0.000436668 0.00160729 -0.0033559 -0.0057548 -0.00439401 0.00244019 0.00227498 0.00575286 -0.0152415 0.0210985 -0.000720346 0.00830944 -0.00197063 -0.00332557
internal_weight=119094 17704 9894 489 298 233 65 190 165 103 191 155 111 75 43 44 7810 3048 438 366 345 2610 2586 472 63 40 9405 83 282 262
internal_count=119094 17704 9894 489 298 233 65 190 165 103 191 155 111 75 43 44 7810 3048 438 366 345 2610 2586 472 63 40 9405 83 282 262
is_linear=0
shrinkage=0.05


Tree=200
num_leaves=31
num_cat=0
split_feature=7 9 9 11 10 2 1 10 6 10 0 7 5 6 6 3 9 6 6 0 8 7 11 9 1 1 9 8 8 1
split_gain=0.998048 2.36573 6.18565 2.09558 3.55581 2.73183 2.82414 4.01102 1.54309 1.54149 1.52003 2.10999 5.511 3.53047 2.70972 1.82461 2.48353 2.69526 2.3788 1.77104 3.94124 3.54172 4.81171 4.15512 2.73796 3.05139 3.29368 2.21676 3.42884 2.05548
threshold=0.80553278013315566 0.19856550000000003 0.50112850000000009 0.14251800000000001 0.019178999999999991 -0.62941152952214419 -0.21413448613136113 -0.18903849999999997 1.0943468274178154 0.2423275 0.39933890765301921 0.39437584531971381 -5.2728220978308329 -1.1013432900674323 -3.8958113570662376 -0.17429749623027771 0.99512200000000017 0.62208236359720115 -3.0100777775679979 0.24443855308118304 -0.16702198225135442 1.0000000180025095e-35 0.033709000000000024 0.65129150000000013 -0.30573543245548945 0.50664637109242716 0.81629900000000011 -0.37319999869523457 -0.77937176972421141 0.36045537853577031
decision_type=2 2 2 2 2 2 2 2 2 2 2 2 2 2 2 2 2 2 2 2 2 2 2 2 2 2 2 2 2 2
left_child=10 -2 -3 5 -5 -4 -7 -8 9 -6 19 14 -13 -14 -12 16 17 -16 -17 -1 21 29 27 -24 -22 -26 -27 28 -23 -21
right_child=1 2 3 4 8 6 7 -9 -10 -11 11 12 13 -15 15 18 -18 -19 -20 20 24 22 23 -25 25 26 -28 -29 -30 -31
leaf_value=2.2253730804826714e-05 0.010548090584801906 -0.022877818804762858 0.0098239802330841921 -0.012188200347802857 0.013823132327309362 -0.012595453511270555 -0.022034352308227905 0.0012781590222546487 0.022611846923828127 -0.0044912716932594783 -0.013756350015193739 0.031072390735657381 -0.0095140231554122542 0.011128767966380661 -0.00085125928590423436 0.021107446532696486 0.014024216635152699 -0.017414452402116306 0.0032999357565204022 -0.002413018269438654 -0.010165572979233484 -0.015801283015081515 -0.039279523385422573 -0.0081856302324343818 0.015722078537392253 -0.011240871114035447 0.0116500590081242 -0.016562176078851163 0.0055043528797914798 0.001135833709388329
leaf_weight=115650 33 37 34 22 27 87 21 152 20 20 29 22 34 53 200 20 24 28 301 1376 22 26 21 22 74 30 33 27 69 580
leaf_count=115650 33 37 34 22 27 87 21 152 20 20 29 22 34 53 200 20 24 28 301 1376 22 26 21 22 74 30 33 27 69 580
internal_value=-4.88819e-12 -0.00234244 -0.00335527 -0.00146928 0.00525276 -0.00350418 -0.0052471 -0.00155168 0.0109796 0.00602977 8.94401e-06 0.00231387 0.00871505 0.00306147 0.00115485 0.00190952 -0.0012749 -0.00288534 0.00440944 -4.95238e-06 -0.00138495 -0.00195412 -0.00898888 -0.023371 0.00620765 0.00883693 0.000749616 -0.00391977 -0.000326663 -0.0013607
internal_weight=119094 453 420 383 89 294 260 173 67 47 118641 711 109 87 602 573 252 228 321 117930 2280 2121 165 43 159 137 63 122 95 1956
internal_count=119094 453 420 383 89 294 260 173 67 47 118641 711 109 87 602 573 252 228 321 117930 2280 2121 165 43 159 137 63 122 95 1956
is_linear=0
shrinkage=0.05


Tree=201
num_leaves=31
num_cat=0
split_feature=4 2 1 3 0 7 10 10 6 11 11 5 1 8 4 9 0 6 9 11 0 1 2 6 10 2 2 2 2 9
split_gain=0.994918 3.97601 3.16409 8.65079 3.59864 7.46192 4.75677 4.16592 2.74924 3.31606 4.18321 3.2848 2.913 4.59936 5.02777 3.6868 3.64437 3.46491 3.45633 5.91141 8.05911 3.33913 5.02454 7.21233 3.98343 3.14257 3.62658 3.12109 4.87663 5.54353
threshold=-0.0050838027204612715 0.013388480985198627 0.37542399974579427 -0.17429749623027771 0.081645510230262577 -2.8749650134499238 0.038114000000000002 0.019549999999999974 -3.1508359115171163 -0.21103749999999996 -0.10674599999999997 -9.7602806985147534 0.13303804942765254 -2.6840731136482852 -0.0044229106790960584 0.14201150000000004 0.13941223233286507 -3.1905459901112554 0.11506975000000001 -0.0056454999999999969 0.023957324144207596 0.23356383394544647 0.20453227569025725 -4.885884075296488 0.13016300000000003 0.23556508087393704 0.1373973083468816 0.20786901201411093 0.13020327421726455 0.32297300000000007
decision_type=2 2 2 2 2 2 2 2 2 2 2 2 2 2 2 2 2 2 2 2 2 2 2 2 2 2 2 2 2 2
left_child=-1 -2 3 -3 5 6 -4 -7 12 -10 -11 -12 18 15 -15 -14 17 -17 19 -5 -21 22 -16 -24 25 26 -23 28 -20 -30
right_child=1 2 4 8 -6 7 -8 -9 9 10 11 -13 13 14 21 16 -18 -19 27 20 -22 24 23 -25 -26 -27 -28 -29 29 -31
leaf_value=4.1123294905617652e-05 -0.018991520435645663 -0.032099153188226578 -0.0055604437405758723 0.031917637728509453 0.0034079881061733299 -0.034221070923882983 0.018060316708989634 -0.0084264112161282385 0.018414359660819175 -0.018721283076179995 -0.013101019845473478 -0.0015614503188726928 -0.010106434107561095 0.013171316020620558 0.0025412838488894827 0.0038771683431875941 -0.0049331643606903928 0.024350998040643477 -0.0029108212834476257 -0.012564116406812041 0.026648041069074681 0.0078882240776524514 -0.034585490634864463 -0.0074483578471848987 -0.02036310828036883 0.0041504092266004726 -0.014554851824478075 -0.0042676918453629191 0.0013690762874629262 0.018844273599097506
leaf_weight=110173 29 22 47 21 875 23 39 49 20 37 63 2920 52 52 102 1295 119 21 901 38 20 27 28 195 22 271 54 699 832 48
leaf_count=110173 29 22 47 21 875 23 39 49 20 37 63 2920 52 52 102 1295 119 21 901 38 20 27 28 195 22 271 54 699 832 48
internal_value=2.00604e-12 -0.000507866 -0.000447585 -0.000789534 0.00215394 -0.00479093 0.0051513 -0.0166664 -0.000701641 -0.00187803 -0.00201241 -0.00180516 4.38683e-05 0.0013614 -0.00182811 0.00297224 0.00344617 0.00420388 -0.00110839 0.00918728 0.000957317 -0.00294395 -0.00665112 -0.0108557 0.00027752 0.00156756 -0.00707383 -0.00143636 -0.000325128 0.00232227
internal_weight=119094 8921 8892 7859 1033 158 86 72 7837 3040 3020 2983 4797 2238 751 1487 1435 1316 2559 79 58 699 325 223 374 352 81 2480 1781 880
internal_count=119094 8921 8892 7859 1033 158 86 72 7837 3040 3020 2983 4797 2238 751 1487 1435 1316 2559 79 58 699 325 223 374 352 81 2480 1781 880
is_linear=0
shrinkage=0.05


Tree=202
num_leaves=31
num_cat=0
split_feature=2 3 6 9 1 11 10 6 7 8 7 4 1 6 9 3 10 7 9 5 7 6 8 9 1 1 3 5 3 6
split_gain=1.00531 3.56342 3.80098 6.35649 3.54014 9.88049 5.29214 4.80437 6.05748 5.56306 4.70557 4.56747 5.31431 6.25364 4.85627 4.647 4.62718 4.84588 4.47562 4.40517 4.14717 4.97966 6.2573 9.97972 5.16585 4.92448 4.20192 4.24815 4.09784 3.96224
threshold=0.046596492233026872 -0.11808963487421591 -5.9227674387528646 0.36691125000000008 0.0849245911192167 -0.019183499999999989 0.18392850000000002 -3.0223160080503422 -3.2161916718884123 -1.2716293555680684 -2.9968585974186488 -0.10472016415457029 -0.0086201588898937014 -2.0299030339346014 0.32297300000000007 -0.095514536003080505 -0.27215699999999993 -3.2045497197644894 0.61470675000000008 -2.1515110737167249 -3.1597971348298279 -3.7813409546536341 -3.2045494110991251 0.24223600000000003 -0.12118340717327673 -0.1129016228416078 -0.088277575700214869 -2.0552322794766389 -0.070860581380115292 -3.3568968435946123
decision_type=2 2 2 2 2 2 2 2 2 2 2 2 2 2 2 2 2 2 2 2 2 2 2 2 2 2 2 2 2 2
left_child=1 2 3 -1 11 6 7 9 -9 10 -6 12 14 19 20 16 -16 -18 -10 -14 21 -3 26 25 -25 -24 -23 -28 -12 -13
right_child=-2 4 -4 -5 5 -7 -8 8 18 -11 28 29 13 -15 15 -17 17 -19 -20 -21 -22 22 23 24 -26 -27 27 -29 -30 -31
leaf_value=0.0034070607260870398 0.0001468422820320722 -0.0019289579327471289 0.00031954432760382048 0.035527830446371811 0.0042892346166757515 -0.00030567272218909054 0.02471357895718778 -0.023023365840315821 0.0046152976747014856 -0.013579884799504985 0.029175133434816813 -0.00077259315119639885 0.002848752590646261 -0.0024971262774361987 0.016285672825243739 0.00042185323818632242 -0.022662126118989868 -0.0037559727442672795 -0.0091462126936317553 -0.0025153609326762621 -0.0021789230958318821 -0.0076111596230224801 -0.016718385026644113 0.010704748303607016 0.00014450937885226921 -0.003659258177091541 0.0076976918523269716 -0.0053755976421677558 0.01140542429563628 -0.0029443871296029713
leaf_weight=67 58906 1655 22049 20 229 3868 34 25 352 28 39 5612 3186 879 27 9513 36 579 71 435 6285 58 102 166 383 247 625 69 193 3356
leaf_count=67 58906 1655 22049 20 229 3868 34 25 352 28 39 5612 3186 879 27 9513 36 579 71 435 6285 58 102 166 383 247 625 69 193 3356
internal_value=3.21164e-12 -0.000143715 0.0003607 0.0107911 -0.000437148 0.000826331 0.00533569 0.00463254 0.000892008 0.00805946 0.00937378 -0.000621232 -0.000264624 0.00128599 -0.000618019 0.000143994 -0.00397326 -0.00486267 0.00230545 0.00220435 -0.00142493 8.92339e-06 0.00195268 -0.000865007 0.00333759 -0.00747597 0.00531741 0.0063979 0.0143926 -0.00158532
internal_weight=119094 60188 22136 87 38052 4839 971 937 448 489 461 33213 24245 4500 19745 10155 642 615 423 3621 9590 3305 1650 898 549 349 752 694 232 8968
internal_count=119094 60188 22136 87 38052 4839 971 937 448 489 461 33213 24245 4500 19745 10155 642 615 423 3621 9590 3305 1650 898 549 349 752 694 232 8968
is_linear=0
shrinkage=0.05


Tree=203
num_leaves=31
num_cat=0
split_feature=6 11 8 9 2 3 1 7 2 3 1 5 11 8 0 10 1 9 9 8 3 11 11 7 8 9 11 1 1 0
split_gain=0.989967 4.30646 3.57258 3.73069 4.42248 3.34916 3.75578 3.13129 2.65736 3.52437 4.23436 3.39195 3.86316 2.97167 2.46317 2.40185 2.27489 2.42962 2.14719 2.50602 2.05525 2.63001 1.78173 1.65978 2.16796 1.63317 1.62689 4.69178 10.9968 5.51801
threshold=-0.24351852815951319 -0.51730049999999983 -1.3326263584484193 0.52346650000000017 0.058266257463371447 -0.2653953461315689 0.41443791310146777 -0.83189252281843762 0.16399613459064735 0.40000000000000008 0.25654022516510971 -6.1466849428773811 -0.0037755000000000006 -1.9039648520751045 -0.084239130434782525 0.027469499999999984 -0.29237574195358457 0.46237850000000003 0.68740100000000015 -1.4822777976823212 -0.24048893884607184 0.036480999999999965 -0.014541999999999984 -0.75082161473017284 -1.8543028592327493 0.35165175000000004 0.46210699999999993 0.21438032110557062 0.41443791310146777 -0.12790067133625541
decision_type=2 2 2 2 2 2 2 2 2 2 2 2 2 2 2 2 2 2 2 2 2 2 2 2 2 2 2 2 2 2
left_child=26 -2 3 5 18 7 8 -3 9 10 16 -10 13 15 -11 -13 -7 20 19 -5 -18 -22 25 24 -14 -15 -1 29 -29 -28
right_child=1 2 -4 4 -6 6 -8 -9 11 14 -12 12 23 22 -16 -17 17 -19 -20 -21 21 -23 -24 -25 -26 -27 27 28 -30 -31
leaf_value=3.5269659691680328e-05 -0.023991864733397962 0.0017399923845558712 0.00050581084457242814 -0.022409883735790143 -0.024781143374559358 0.0092581164886188852 0.013738478676532396 0.022019687692712373 -0.019704857436008753 -0.022560899745440111 -0.025641353318298407 0.0086693889609622682 0.0015458699442784897 0.018155723457069447 -0.0032061332948505879 -0.015271563148126006 -0.018580694004361117 -0.020359353204681116 0.0098365227598696953 0.0014800468905140525 -0.0039315909744606766 0.0090066090141507713 0.023857741839518505 0.0092152635611238935 -0.01159906080885701 0.00078247901833345822 -0.017870114293948906 -0.041499463878571986 -0.00030071835802948996 0.0016940335401891726
leaf_weight=115445 20 92 2090 21 41 34 32 24 20 48 22 22 55 24 25 20 21 22 20 23 366 44 28 21 73 31 41 25 46 298
leaf_count=115445 20 92 2090 21 41 34 32 24 20 48 22 22 55 24 25 20 21 22 20 23 366 44 28 21 73 31 41 25 46 298
internal_value=1.22744e-13 -0.000862159 -0.000718452 -0.0029848 -0.0119606 -0.00206443 -0.00308649 0.00593579 -0.0037011 -0.00565839 -0.00418488 0.000173541 0.00162452 0.00810645 -0.0159326 -0.00273106 -0.0032156 -0.00415181 -0.00374744 -0.00992197 -0.00332452 -0.0025431 0.0135905 -0.00381334 -0.00595085 0.00836353 2.41037e-05 -0.00311993 -0.0148073 -0.000672132
internal_weight=119094 3239 3219 1129 105 1024 908 116 876 582 509 294 274 125 73 42 487 453 64 44 431 410 83 149 128 55 115855 410 71 339
internal_count=119094 3239 3219 1129 105 1024 908 116 876 582 509 294 274 125 73 42 487 453 64 44 431 410 83 149 128 55 115855 410 71 339
is_linear=0
shrinkage=0.05


Tree=204
num_leaves=31
num_cat=0
split_feature=6 11 1 7 11 7 2 10 3 5 5 3 4 2 9 4 11 9 8 0 10 8 5 0 5 0 1 0 6 7
split_gain=0.996415 1.92759 2.79573 3.81994 3.57221 3.55505 3.39186 3.78983 3.98298 3.45736 2.95794 2.58361 5.83418 4.04288 4.03538 3.31428 3.44471 3.31175 3.64649 2.3594 2.30191 1.5901 1.46602 1.43807 1.25614 3.11071 3.41638 6.13682 5.54669 5.18361
threshold=0.62208236359720115 0.0086429999999999858 -0.41909003234053199 0.39437584531971381 -0.25466599999999995 -0.60179689406171089 -0.14466154922122573 0.077617000000000033 0.33732495574600835 -5.0490879664284112 -2.7387177223652008 -0.092000879434074187 -0.23591561597697316 -0.38270092453671778 0.58353600000000005 -0.48495849003814712 0.063584500000000002 0.35980300000000004 -1.1549012974238571 -0.17239559042399358 0.1602365 -0.73528940360422468 -0.27574709400229253 -0.19748794364514963 -0.96388732689272494 -0.12092418826121097 -0.21413448613136113 -0.15891813333991886 -0.68859800106910474 -1.2214440430064442
decision_type=2 2 2 2 2 2 2 2 2 2 2 2 2 2 2 2 2 2 2 2 2 2 2 2 2 2 2 2 2 2
left_child=24 2 3 -2 -4 -6 19 8 9 -8 -11 12 13 20 -14 -15 -17 -13 -19 -7 -3 -12 -20 -24 -1 26 27 28 29 -26
right_child=1 11 4 -5 5 6 7 -9 -10 10 21 17 14 15 -16 16 -18 18 22 -21 -22 -23 23 -25 25 -27 -28 -29 -30 -31
leaf_value=-2.8308422842766441e-05 0.021881740090126792 -0.01095366136242564 -0.025180299509139289 -0.0045065719445119617 -0.023173269538370813 -0.015641295867195974 0.026195290538651703 -0.01592720306653064 -0.0049584816357729818 -0.0086265613122973716 0.0043538684420779631 0.019471992191040156 -0.031091163978325551 0.019320163798586625 -0.0014589500206056982 0.013452413633627737 -0.013912705643831388 -0.016829908630726014 0.00028275223157834265 -0.0021543459445869518 0.0080876744440978483 0.01891691985154717 -4.8493251035159285e-05 0.015549892848357559 0.0057463154950185315 0.00012401114407442144 0.00039587095318381599 0.01398122939788617 0.0081132234809047077 -0.0078145693430931064
leaf_weight=111121 24 65 21 32 23 72 22 32 104 31 53 33 27 41 20 23 23 22 76 59 21 29 22 45 123 5596 759 156 254 165
leaf_count=111121 24 65 21 32 23 72 22 32 104 31 53 33 27 41 20 23 23 22 76 59 21 29 22 45 123 5596 759 156 254 165
internal_value=-5.51131e-13 -0.00163913 -0.00372756 0.0068027 -0.00504974 -0.00405506 -0.00296123 0.000231978 0.00239555 0.00806088 0.00453029 0.00086899 -0.00286021 0.00138378 -0.0184817 0.00898322 -0.000230146 0.00501255 0.00212066 -0.00956702 -0.00630403 0.00950422 0.00503614 0.010428 1.27608e-05 0.000659812 0.0027177 0.00524244 0.00272722 -0.00202294
internal_weight=119094 920 502 56 446 425 402 271 239 135 113 418 220 173 47 87 46 198 165 131 86 82 143 67 118174 7053 1457 698 542 288
internal_count=119094 920 502 56 446 425 402 271 239 135 113 418 220 173 47 87 46 198 165 131 86 82 143 67 118174 7053 1457 698 542 288
is_linear=0
shrinkage=0.05


Tree=205
num_leaves=31
num_cat=0
split_feature=3 1 0 11 6 6 2 1 1 7 3 7 1 8 11 7 6 10 6 0 8 9 9 5 6 4 7 7 3 3
split_gain=0.962561 3.28497 4.34991 3.14833 4.98449 4.35311 2.79198 3.8431 3.94908 4.25912 3.77264 3.63009 5.93175 5.85281 4.91064 4.9603 4.90453 4.32416 4.28304 4.80248 4.1153 3.94089 5.45295 4.74462 3.75647 3.59796 3.59179 3.52841 4.9844 3.5283
threshold=0.11986541716750089 0.56364310769597137 0.15892456252004464 -0.0127405 -2.5304454096809343 -3.3568968435946123 -0.099171716983602484 -0.026127454453556406 0.19855855387891866 -3.5571993523549903 -0.48682544785801818 -2.987165727137056 -0.1922629440252748 -0.92872714665432887 -0.15991899999999995 -0.12812875271514659 -3.2030356430844815 -0.092651500000000012 -0.98169304874816188 0.032006780539466269 -3.3828812297964235 0.47644725000000004 0.67494675000000004 -5.0786382696918499 -1.4092462020438796 -0.12824130838903611 -2.2002084606795695 -3.1597971348298279 -0.092000879434074187 -0.27218007483674095
decision_type=2 2 2 2 2 2 2 2 2 2 2 2 2 2 2 2 2 2 2 2 2 2 2 2 2 2 2 2 2 2
left_child=1 6 -3 4 -4 -5 7 11 9 10 -9 13 -13 21 16 20 -14 -17 -19 -20 -16 -1 23 -23 29 -11 -26 28 -25 -22
right_child=-2 2 3 5 -6 -7 -8 8 -10 25 -12 12 14 -15 15 17 -18 18 19 -21 24 22 -24 27 26 -27 -28 -29 -30 -31
leaf_value=0.0014017146425670179 0.00015592230245918708 0.0097246592658405424 0.030631606476381426 -0.020279850982177747 0.0028887801765299895 4.0706396296259446e-05 -0.00041822565626460363 -0.021656041850264259 -0.0020874304061693095 0.0020077918234896659 -0.001934150751621928 0.00066825606322663887 0.0092103068542201075 -0.023514372134662193 -0.018885539065707814 -0.011806794079020619 -0.012033166127964958 0.0011944449820125906 0.040922693648925895 0.010575873393099755 0.0010711488560863095 -0.00071076640238364544 -0.012922417894005776 0.050162091702222827 -0.014766592825489009 0.012150384543422385 -0.0029809935280909689 0.0084655510932207106 0.015284705888258206 -0.0014596016616040459
leaf_weight=2508 54055 193 20 29 85 289 40392 26 742 4981 360 6945 32 23 33 20 180 39 22 32 1980 30 20 20 68 89 1311 25 21 4524
leaf_count=2508 54055 193 20 29 85 289 40392 26 742 4981 360 6945 32 23 33 20 180 39 22 32 1980 30 20 20 68 89 1311 25 21 4524
internal_value=7.50861e-13 -0.00012959 0.00350436 0.000666257 0.00817313 -0.00181243 -0.000164337 0.000262407 0.00133494 0.00180037 -0.00326257 -0.000110361 -0.000408193 0.00159832 -0.00131536 -0.00111703 -0.0088266 0.00928473 0.0138205 0.0229394 -0.00126551 0.00181844 0.0108283 0.0157764 -0.00119175 0.00218584 -0.00356215 0.0232706 0.0322981 -0.00068917
internal_weight=119094 65039 616 423 105 318 64423 24031 6198 5456 386 17833 15186 2647 8241 8029 212 113 93 54 7916 2624 116 96 7883 5070 1379 66 41 6504
internal_count=119094 65039 616 423 105 318 64423 24031 6198 5456 386 17833 15186 2647 8241 8029 212 113 93 54 7916 2624 116 96 7883 5070 1379 66 41 6504
is_linear=0
shrinkage=0.05


Tree=206
num_leaves=31
num_cat=0
split_feature=8 12 4 10 3 6 5 7 6 3 10 5 5 0 5 6 5 6 3 3 5 3 2 10 10 6 4 0 5 5
split_gain=0.971829 1.99372 2.08654 1.88422 2.34798 2.27493 2.83924 1.80608 1.66128 1.61993 1.35571 2.3317 1.31553 1.23386 1.2198 3.06695 3.05494 2.56432 2.85042 4.96194 1.71908 1.26197 1.86556 1.20826 1.23568 1.16915 4.91233 4.68492 3.11223 3.28763
threshold=0.61515601233369199 0.49479369188800154 -1.0000000180025095e-35 0.099371999999999988 -0.36664155673164961 -2.1569584798325043 -1.2892820514445156 0.39437584531971381 -1.8544273858265881 1.5826126977206116 -0.011374500000000008 1.0000000180025095e-35 -2.0057669906074618 0.51689500522607468 -2.1748270360962345 -0.74428529032435431 -3.4002572861704272 -0.84997213591213228 -0.25903973688831256 0.022454794857936559 -2.7387177223652008 0.91406120760959486 0.27493006094131328 -0.069153999999999979 0.031098499999999977 1.0000000180025095e-35 -0.32155540086207979 -0.12790067133625541 -8.5749776129228099 -5.9694909134465863
decision_type=2 2 2 2 2 2 2 2 2 2 2 2 2 2 2 2 2 2 2 2 2 2 2 2 2 2 2 2 2 2
left_child=13 2 3 4 7 -5 -7 -2 -6 23 -3 -12 -11 25 16 -16 17 18 -15 -20 -18 22 -17 -10 -25 -1 -27 -28 -29 -30
right_child=1 10 -4 5 8 6 -8 -9 9 12 11 -13 -14 14 15 21 20 -19 19 -21 -22 -23 -24 24 -26 26 27 28 29 -31
leaf_value=2.0967317917948278e-05 -0.0040482655135465079 0.015543312308463184 -0.018865235395390881 -0.0095960122998803854 0.0057185191428288824 0.018511978452178567 -0.0031351510257081831 -0.020814841913266314 -0.010505888812864822 -0.022386125354096294 -0.0084553331008245212 0.013736379565671086 -0.0051816302816150711 -0.003968321327365151 -0.0081158837188791116 -0.0019828536892654721 0.027539316482891863 -0.0091288216613434458 0.033627215542364863 0.0020654089099755796 0.008134139098227024 -0.0052197798598735108 0.014327103604504374 0.0094470721087418497 -0.0050771416147687926 0.0013904310614830081 -0.010715833155538987 0.016580734344791959 -0.013661884693581551 -0.0016415296020930851
leaf_weight=116232 29 22 22 24 48 33 28 36 24 20 29 20 25 38 69 27 21 37 20 33 25 21 50 32 27 991 185 22 61 843
leaf_count=116232 29 22 22 24 48 33 28 36 24 20 29 20 25 38 69 27 21 37 20 33 25 21 50 32 27 991 185 22 61 843
internal_value=3.01814e-12 -0.00240377 -0.00396165 -0.00295589 -0.00521339 0.00344479 0.00857559 -0.0133344 -0.00221416 -0.00518891 0.00523205 0.000602509 -0.0128281 8.48687e-06 0.00301181 -4.0678e-05 0.00594149 0.00196985 0.00648249 0.0139755 0.016993 0.00564493 0.00860803 -0.0010472 0.0028004 -1.6772e-07 -0.00116885 -0.0034517 -0.00200044 -0.00245264
internal_weight=119094 419 348 326 241 85 61 65 176 128 71 49 45 118675 341 167 174 128 91 53 46 98 77 83 59 118334 2102 1111 926 904
internal_count=119094 419 348 326 241 85 61 65 176 128 71 49 45 118675 341 167 174 128 91 53 46 98 77 83 59 118334 2102 1111 926 904
is_linear=0
shrinkage=0.05


Tree=207
num_leaves=31
num_cat=0
split_feature=4 0 2 5 0 6 8 9 1 10 3 10 11 0 1 12 7 12 6 6 7 10 7 9 0 2 6 3 10 3
split_gain=0.944653 6.56241 3.60357 5.1472 3.52609 2.79365 5.16344 6.93715 5.94908 5.30147 4.72487 4.4988 4.01049 3.83714 3.52177 6.58525 4.85247 5.05794 6.40711 5.47863 6.10558 4.52873 5.34659 7.77116 6.36263 4.50356 6.92093 3.76074 6.9671 3.69506
threshold=-0.028224709033360548 -0.02518977067186173 -0.0079183891767520258 -3.7043480729324401 0.027965572327722236 -2.1108375164165505 -2.4506479057231552 0.26047400000000004 0.025683136612963623 0.10533899999999997 0.42174479674865745 0.053075000000000032 0.0083265000000000162 0.16364265419737692 0.11528475427143127 -0.32821862229441118 -2.3874648463820689 -4.3231783862489666 -6.4665603489108898 -5.7651444851893165 -6.0515327842249702 -0.11076 -4.2720531326141034 0.16671825000000004 0.00087867050981804706 0.0095696021432106777 -5.7651444851893165 -0.02064972603484105 0.044410999999999999 0.64702726584195924
decision_type=2 2 2 2 2 2 2 2 2 2 2 2 2 2 2 2 2 2 2 2 2 2 2 2 2 2 2 2 2 2
left_child=-1 -2 3 4 -3 14 7 9 -8 10 -7 13 -13 -9 15 25 17 19 21 20 -16 -19 23 -23 -25 26 -4 28 -27 -20
right_child=1 2 5 -5 -6 6 8 11 -10 -11 -12 12 -14 -15 16 -17 -18 18 29 -21 -22 22 -24 24 -26 27 -28 -29 -30 -31
leaf_value=6.9253188069783091e-05 -0.025391998414236769 0.032487474117893732 -0.026523667151161046 -0.008124350505898258 0.007751250891562771 -0.0040585628743779294 0.018551592710541517 -0.0084810116712876315 -0.00066373935777492101 0.018766435201189691 0.0093343499186448759 -0.035214406653092459 -0.013101352729967234 0.009755839243757003 -0.0064676893699281623 0.024839971594512466 -0.0014933008046984617 0.031533237538921337 0.00070802116672693746 0.011525228611477045 -0.036049338763293165 0.026872034983243795 0.022123270030576916 0.0091007052822253461 -0.02419901159591973 -0.00038405155840640271 -0.0031551761993084309 -0.00091367785959582844 0.014585592712386949 0.0042809609840586396
leaf_weight=95900 26 25 42 27 34 540 41 229 2295 31 75 26 97 33 53 25 2273 24 7238 23 26 20 42 26 32 249 129 8596 113 804
leaf_count=95900 26 25 42 27 34 540 41 229 2295 31 75 26 97 33 53 25 2273 24 7238 23 26 20 42 26 32 249 129 8596 113 804
internal_value=-2.39243e-12 -0.00028634 -0.000258166 0.00995781 0.0182327 -0.000296229 -0.00162729 -0.00457459 -0.000326484 -0.00140834 -0.00242528 -0.00988731 -0.0177757 -0.006184 -6.89065e-05 -0.000786699 0.000553258 0.00111453 0.00125241 -0.00995088 -0.0162034 0.011706 0.00774057 -3.96582e-06 -0.00927155 -0.000856878 -0.00889481 -0.000703442 0.00428879 0.00106523
internal_weight=119094 23194 23168 86 59 23082 3367 1031 2336 646 615 385 123 262 19715 9154 10561 8288 8186 102 79 144 120 78 58 9129 171 8958 362 8042
internal_count=119094 23194 23168 86 59 23082 3367 1031 2336 646 615 385 123 262 19715 9154 10561 8288 8186 102 79 144 120 78 58 9129 171 8958 362 8042
is_linear=0
shrinkage=0.05


Tree=208
num_leaves=31
num_cat=0
split_feature=2 3 7 8 3 1 11 4 11 3 8 7 4 9 6 3 5 0 2 5 7 9 8 5 2 4 6 11 9 1
split_gain=0.967859 3.13757 4.05578 3.47884 3.05783 4.57514 8.99314 4.32118 4.2753 9.3385 5.31319 4.9363 4.67977 4.36491 4.50261 4.21485 4.64084 4.31595 5.77457 5.83284 9.0353 8.15352 5.31335 4.90014 4.47323 5.14697 5.97653 4.30309 4.25194 4.72304
threshold=0.046596492233026872 -0.45376172043010748 -2.398115609606585 -2.2837367245143825 -0.20603058846112501 0.0849245911192167 -0.019183499999999989 -0.10735730165655204 0.054233999999999984 -0.27218007483674095 -1.9632130604085836 -2.8561377869971407 -0.40939810749370115 0.15635900000000003 -5.9227674387528646 0.13105606995655608 -11.612820941196995 0.08438253663690222 -0.16304058571460869 -4.4963966898198846 -3.4999887414119355 0.33131600000000005 -2.6407979478531565 -3.7882403364193959 1.0000000180025095e-35 -0.071658492666420645 -3.6191469782177896 0.0098884999999999963 0.41107725000000006 0.21019567717859902
decision_type=2 2 2 2 2 2 2 2 2 2 2 2 2 2 2 2 2 2 2 2 2 2 2 2 2 2 2 2 2 2
left_child=4 2 3 -2 8 7 -7 -6 13 11 -11 -10 -12 -1 -15 16 -8 18 -18 20 27 24 -19 -24 25 -22 -27 -20 29 -21
right_child=1 -3 -4 -5 5 6 15 -9 9 10 12 -13 -14 14 -16 -17 17 22 19 28 21 -23 23 -25 -26 26 -28 -29 -30 -31
leaf_value=-0.021457011764869097 -0.0067638911704980698 0.00018229518489581262 -0.0010382494225219235 -0.025902600509339364 -0.00024639622283793188 0.0048783288257447707 0.016252977033715924 -0.001473004308332174 -0.01242434300161753 -0.0013926666241126416 -0.0054808953916007236 0.00053984981070091754 -0.019982535048168177 0.019278874722394077 0.00078677356475397779 -0.0022638693141132787 -0.0052424384524913242 -0.0086934216391159874 0.001594397038115427 0.00035911112151832363 0.013839411831102391 4.7660676566672262e-05 -0.0042892805056805117 0.0044815249373641565 0.0061922099652694414 0.013890866562724114 0.052544865813106301 -0.013483423688525304 0.0070084130465246676 -0.010251664871078295
leaf_weight=22 131 58267 479 29 29557 1169 49 9484 77 146 99 1582 127 33 13225 1450 253 234 211 832 239 176 317 320 163 20 20 61 202 120
leaf_count=22 131 58267 479 29 29557 1169 49 9484 77 146 99 1582 127 33 13225 1450 253 234 211 832 239 176 317 320 163 20 20 61 202 120
internal_value=-1.65287e-12 0.000144081 -0.00334048 -0.0102328 -0.000141012 -0.000349179 0.00095658 -0.000544369 0.000469132 -0.00166733 -0.0088272 -6.18638e-05 -0.01363 0.000795876 0.000832802 -2.57477e-05 0.000983042 0.000746859 0.00188329 0.00276529 0.00580672 0.00914895 -0.00225014 0.000116776 0.012773 0.0166177 0.0332179 -0.00178703 0.000419653 -0.000978382
internal_weight=119094 58906 639 160 60188 44877 5836 39041 15311 2031 372 1659 226 13280 13258 4667 3217 3168 2297 2044 890 618 871 637 442 279 40 272 1154 952
internal_count=119094 58906 639 160 60188 44877 5836 39041 15311 2031 372 1659 226 13280 13258 4667 3217 3168 2297 2044 890 618 871 637 442 279 40 272 1154 952
is_linear=0
shrinkage=0.05


Tree=209
num_leaves=31
num_cat=0
split_feature=10 11 9 7 6 8 3 11 2 6 0 0 9 10 0 8 11 1 6 10 11 9 6 3 7 9 0 7 7 8
split_gain=0.948626 3.56278 9.68179 4.11111 4.62732 3.94099 5.72195 5.13742 4.71823 3.56506 3.53621 3.27223 4.29911 5.60548 3.27608 3.94242 3.07684 3.90139 3.98505 4.94903 7.11959 6.49116 5.68411 4.78631 4.81924 5.57348 4.82035 5.07574 4.17028 4.57712
threshold=0.026879500000000004 -0.028130499999999944 0.20916625000000003 -3.8829578437329997 -4.5152060559701992 -3.3406724483417043 0.3937091721794837 -0.043555000000000003 0.09775146607958797 -6.1338054052746172 -0.29484245847778245 0.046485042986332721 0.21799700000000002 0.13598200000000008 0.10095887592615772 -3.5226387014083778 -0.0061884999999999987 0.33349515798642376 -3.4903897575907359 -0.021300499999999997 -0.0093539999999999717 0.3704050000000001 -3.9282017871971084 0.038777965553887801 -1.9339951925836005 0.27673300000000006 -0.077023160135640187 -4.0049101061205628 -3.3440647395422114 -3.2535035363941653
decision_type=2 2 2 2 2 2 2 2 2 2 2 2 2 2 2 2 2 2 2 2 2 2 2 2 2 2 2 2 2 2
left_child=16 2 3 -2 -5 6 7 8 -4 -7 -11 -3 13 14 -13 -16 17 18 19 20 22 -22 -1 24 25 -21 -27 -28 29 -20
right_child=1 11 5 4 -6 9 -8 -9 -10 10 -12 12 -14 -15 15 -17 -18 -19 28 23 21 -23 -24 -25 -26 26 27 -29 -30 -31
leaf_value=-0.0029554044112209557 -0.0011510636070549177 0.00052792449095880143 -0.0063392781506229137 -0.0029280749967114795 0.01512551915761183 -0.018449082900770009 -0.030233430625715603 -0.01690633334057768 0.0076534902462629941 -0.013636276029449487 -0.00098977449683796802 -0.0016404355200103455 3.6400906581913609e-05 0.0063380073375439135 -0.018140923882762356 -0.0044945788480272161 -0.00055402192348513984 0.0027616925572880131 -0.0003750347701272995 0.0023298060641594913 0.0043850453472610842 0.029727175306262718 0.0014107326329134411 0.00065701981934561783 -0.0044004541537066436 0.020105221537607059 0.02839636477828026 0.0054243097732597527 -0.00010834007311320937 -0.0051449908662077048
leaf_weight=2042 96 36848 191 45 168 30 24 72 88 56 4276 2031 16520 186 58 605 25630 1400 1132 1563 259 28 1174 4605 184 70 25 630 18153 905
leaf_count=2042 96 36848 191 45 168 30 24 72 88 56 4276 2031 16520 186 58 605 25630 1400 1132 1563 259 28 1174 4605 184 70 25 630 18153 905
internal_value=-4.86547e-13 0.000137034 -0.00113569 0.00743955 0.0113114 -0.00169507 -0.00661374 -0.00499872 -0.00192579 -0.00127221 -0.00115326 0.00025121 -0.000274377 -0.00205703 -0.00263664 -0.00568838 -0.000145317 0.0001803 6.28491e-05 0.000848896 -0.000688167 0.00685745 -0.00136155 0.00160972 0.00338446 0.00401052 0.00763392 0.00630111 -0.000349057 -0.00249423
internal_weight=119094 61294 5046 309 213 4737 375 351 279 4362 4332 56248 19400 2880 2694 663 57800 32170 30770 10580 3503 287 3216 7077 2472 2288 725 655 20190 2037
internal_count=119094 61294 5046 309 213 4737 375 351 279 4362 4332 56248 19400 2880 2694 663 57800 32170 30770 10580 3503 287 3216 7077 2472 2288 725 655 20190 2037
is_linear=0
shrinkage=0.05


Tree=210
num_leaves=31
num_cat=0
split_feature=3 7 0 9 3 8 11 8 0 9 5 9 8 10 4 3 1 0 11 10 4 2 7 7 5 7 8 9 9 1
split_gain=0.969733 3.07014 4.93993 4.85545 5.73088 4.83048 6.70692 4.20033 8.4781 8.23507 5.07531 4.88118 6.69705 4.89928 6.3727 4.87423 5.05247 5.36186 4.70148 4.33215 4.26031 4.19032 4.28453 4.04703 4.0458 4.04401 7.3378 7.63854 3.86808 3.83944
threshold=0.092756800485050875 -3.5295199212817159 -0.049143206711722169 0.15010150000000003 -0.0086939694086329272 -2.3784950637288138 0.093479000000000076 -3.4259494181301329 0.070000853679358058 0.16886200000000004 -8.8896439212707055 0.24641000000000005 -2.3966557116718263 -0.019690999999999997 -0.0044229106790960584 0.030818743890207893 0.040651950972397273 -0.12092418826121097 -0.0056454999999999969 0.39555950000000006 -0.017010859259743879 0.46222796069148558 -1.1132352349693699 -0.24289967757652095 -1.9518008159761624 -5.0861548832608099 -3.4111805219201043 0.23586175000000004 0.21050975000000002 -0.1129016228416078
decision_type=2 2 2 2 2 2 2 2 2 2 2 2 2 2 2 2 2 2 2 2 2 2 2 2 2 2 2 2 2 2
left_child=1 2 3 -1 29 25 -7 8 9 20 -11 12 15 14 -14 -9 17 -17 -18 -13 -3 22 -15 28 -12 26 27 -4 -24 -5
right_child=-2 7 5 4 -6 6 -8 11 -10 10 24 19 13 21 -16 16 18 -19 -20 -21 -22 -23 23 -25 -26 -27 -28 -29 -30 -31
leaf_value=-0.018375026648088048 0.00014468128062638204 0.0050430576782088598 0.0058775023910247037 0.006953298951960122 0.0098315221775578301 -0.0050129725292438372 -0.031749028261750939 0.0025751270534082444 -0.011186161162098628 0.011059681204478106 -0.0028646362443093517 -8.4532281691498533e-05 0.010648569318810074 -0.0049629135761600036 -0.018723315690559419 0.019857195407152178 0.0069477812911440968 -0.0036137311335738688 -0.00086394509184174241 -0.006064856315420971 0.025556221445380101 -0.026915572304278615 0.03107818644898741 -0.008528816328383983 -0.016052947788228911 -0.0012316346065964412 -0.02170674771303311 0.038486597110472975 0.0026660025203600526 -0.0056674781697651057
leaf_weight=24 58716 199 124 99 261 380 25 5019 241 62 937 42494 115 680 22 25 334 912 455 305 29 20 23 25 62 7286 20 21 25 154
leaf_count=24 58716 199 124 99 261 380 25 5019 241 62 937 42494 115 680 22 25 334 912 455 305 29 20 23 25 62 7286 20 21 25 154
internal_value=-4.48999e-12 -0.000140699 -0.00102798 0.00360708 0.00463349 -0.0013454 -0.00666335 2.57258e-06 -0.00257837 -0.000969005 -0.00282163 8.08389e-05 0.0012437 -0.00278263 0.00593192 0.00178691 -0.000505115 -0.00298751 0.00244292 -0.00012715 0.00765219 -0.00432712 -0.00372716 0.00778394 -0.00368313 -0.00105634 0.00668421 0.0106002 0.0162802 -0.000728913
internal_weight=119094 60378 8394 538 514 7856 405 51984 1530 1289 1061 50454 7655 910 137 6745 1726 937 789 42799 228 773 753 73 999 7451 165 145 48 253
internal_count=119094 60378 8394 538 514 7856 405 51984 1530 1289 1061 50454 7655 910 137 6745 1726 937 789 42799 228 773 753 73 999 7451 165 145 48 253
is_linear=0
shrinkage=0.05


Tree=211
num_leaves=31
num_cat=0
split_feature=6 7 7 7 1 11 6 9 9 6 4 0 6 1 5 3 4 4 8 6 1 5 7 3 6 9 4 2 10 1
split_gain=0.928586 8.44619 5.39275 4.45265 4.37443 4.5474 4.39405 5.86172 4.35138 5.91457 4.20931 4.42035 4.2878 4.62655 4.33349 3.78057 3.73577 3.44801 3.75711 3.73584 4.08335 3.65515 3.59987 5.27616 9.37823 4.88895 6.41544 3.35423 7.68996 4.1152
threshold=-1.8728782261788353 -1.8209510801535 -1.3419737109646199 -2.6052577133731796 0.029745212593313756 -0.3373894999999999 -1.1013432900674323 0.50112850000000009 0.28946675000000005 -1.6059803506578556 -0.10735730165655204 0.19397283332028495 -1.8544273858265881 0.0849245911192167 -3.2811614373912676 1.5826126977206116 -0.073760027881113563 -0.0037621379170540976 -1.6277114705621789 -4.3856160918270719 0.26253042938049959 -0.72052237235686312 -0.60179689406171089 -0.070860581380115292 -5.7651444851893165 0.40135500000000007 -0.009358862544003475 0.44719525723090997 -0.05107649999999999 0.11528475427143127
decision_type=2 2 2 2 2 2 2 2 2 2 2 2 2 2 2 2 2 2 2 2 2 2 2 2 2 2 2 2 2 2
left_child=2 3 -1 8 5 -5 10 -8 -2 -10 11 -6 14 -14 -12 17 -15 18 19 20 -4 22 -20 24 -24 26 -25 29 -29 -18
right_child=1 -3 15 4 6 -7 7 -9 9 -11 12 -13 13 16 -16 -17 27 -19 21 -21 -22 -23 23 25 -26 -27 -28 28 -30 -31
leaf_value=0.00016383128234301385 -0.0025111031741957904 0.00040186239636836311 -0.0085342946499374454 -0.021809784039699784 -0.0035233853515529525 1.4123157497660069e-05 -0.004945903093420737 -0.023180099507832591 -0.006920296375535844 -0.027192642319104857 0.0019744557808153334 -0.019733022737570785 -0.0043766045277409673 0.0072925196662836245 -0.025808671512641015 0.0048774819320117659 0.0064419549290070559 0.0043474310062977389 9.6752131165134334e-05 -0.003566014446976384 -0.033072384202941542 -0.019554244738106651 0.026565604200286252 0.0023775959973136199 -0.0015535460051546513 -0.010411168255324945 -0.022853131849190286 -0.021762523800134659 0.0079048316972174515 -0.0031599889017909521
leaf_weight=88990 664 16177 88 24 953 4380 539 48 251 42 25 44 396 250 32 224 138 221 2300 1122 21 27 31 192 682 354 29 24 243 583
leaf_count=88990 664 16177 88 24 953 4380 539 48 251 42 25 44 396 250 32 224 138 221 2300 1122 21 27 31 192 682 354 29 24 243 583
internal_value=-2.86666e-12 -0.00027215 7.16249e-05 -0.00153471 -0.00113391 -0.000104808 -0.00251779 -0.00643694 -0.00475074 -0.00982623 -0.00166193 -0.00423876 -0.000142656 0.000327591 -0.0136231 -0.00147921 0.00183233 -0.00176022 -0.00203876 -0.00442454 -0.0132618 -0.00122634 -0.00108842 -0.0032048 -0.000330974 -0.00676834 -0.000933223 0.000450698 0.0052381 -0.00132217
internal_weight=119094 24813 94281 8636 7679 4404 3275 587 957 293 2688 997 1691 1634 57 5291 1238 5067 4846 1231 109 3615 3588 1288 713 575 221 988 267 721
internal_count=119094 24813 94281 8636 7679 4404 3275 587 957 293 2688 997 1691 1634 57 5291 1238 5067 4846 1231 109 3615 3588 1288 713 575 221 988 267 721
is_linear=0
shrinkage=0.05


Tree=212
num_leaves=31
num_cat=0
split_feature=5 6 7 7 5 10 0 4 9 11 5 0 8 9 8 9 11 11 0 6 7 9 0 9 8 3 3 10 4 11
split_gain=0.927897 2.70242 7.77076 4.1305 4.12674 4.56862 4.24387 4.20076 3.92121 4.39729 4.7737 5.72886 4.78339 4.00137 3.70673 4.68554 3.78184 3.5185 3.42173 3.35844 3.22716 3.18436 3.02845 3.62021 3.06119 2.94576 2.93702 4.60257 4.14043 4.33902
threshold=-0.96388732689272494 -1.4092462020438796 -1.4717356544199409 -1.0487833304030032 -11.612820941196995 0.031388000000000006 0.24443855308118304 -0.76861104765756239 0.24010675000000004 -0.026674999999999973 -5.2074069124486808 0.34040745046762683 -1.3514353655178424 0.36866425000000008 -0.52469514197578759 0.17849100000000004 -0.0022035000000000106 0.46210699999999993 0.17343136579517918 -0.24351852815951319 -2.6052577133731796 0.55105000000000015 0.2317755044375526 0.3053860000000001 -0.37319999869523457 -0.45376172043010748 -0.48682544785801818 0.31615150000000009 -0.24146796680992935 0.076176500000000022
decision_type=2 2 2 2 2 2 2 2 2 2 2 2 2 2 2 2 2 2 2 2 2 2 2 2 2 2 2 2 2 2
left_child=1 3 20 26 5 6 -5 -6 14 10 11 -10 18 -14 15 16 -9 -11 -12 -4 -3 25 24 -24 -22 -15 27 -1 29 -28
right_child=-2 2 19 4 7 -7 -8 8 9 17 12 -13 13 21 -16 -17 -18 -19 -20 -21 22 -23 23 -25 -26 -27 28 -29 -30 -31
leaf_value=-0.0016928276025282686 0.00053881021270573467 -0.021501660516316242 0.0012082159972345546 -0.012049442311299258 0.011904347588798762 0.024777321902013594 0.017464527412362041 0.00150468246446866 -0.0090604334754020629 -0.0010806748527316733 -0.01563246303116498 -0.035312231024727227 0.017248670730207648 0.0087282724007805394 0.021216685272520408 0.011509007877515008 -0.026049513686448336 -0.014866047097986782 3.5071277990937233e-05 -0.0014004389695897275 -0.0020297693504455301 0.0004166072182278943 -0.029253099638630042 -0.0053155885510412712 -0.020728890157558702 -0.011044495421922091 0.0010342058146135332 -0.024719930626451971 -9.3922022148915609e-06 -0.002586399610006976
leaf_weight=1592 7488 22 3956 29 56 31 21 33 155 3052 115 24 28 22 32 60 20 47 50 1793 4264 358 22 56 22 131 16216 22 78505 872
leaf_count=1592 7488 22 3956 29 56 31 21 33 155 3052 115 24 28 22 32 60 20 47 50 1793 4264 358 22 56 22 131 16216 22 78505 872
internal_value=3.19002e-14 -3.61505e-05 -0.000814656 4.16072e-05 -0.00148153 0.00969652 0.000346425 -0.00169799 -0.00188256 -0.00217666 -0.0052894 -0.0125802 -0.00343562 -0.00115529 0.00619406 0.00193986 -0.00889313 -0.00128975 -0.0108847 0.000394628 -0.00239974 -0.00216372 -0.00230344 -0.0120672 -0.00212575 -0.00820135 0.00010842 -0.0020067 0.000144132 0.000849446
internal_weight=119094 111606 10135 101471 4264 81 50 4183 4127 3982 883 179 704 539 145 113 53 3099 165 5749 4386 511 4364 78 4286 153 97207 1614 95593 17088
internal_count=119094 111606 10135 101471 4264 81 50 4183 4127 3982 883 179 704 539 145 113 53 3099 165 5749 4386 511 4364 78 4286 153 97207 1614 95593 17088
is_linear=0
shrinkage=0.05


Tree=213
num_leaves=31
num_cat=0
split_feature=2 3 6 10 4 8 6 4 2 7 5 6 7 8 1 11 10 0 0 2 4 11 9 11 6 4 9 0 3 3
split_gain=0.937442 2.83728 3.85234 4.11243 3.79237 4.4913 8.02667 4.12075 4.17756 4.01606 3.94285 4.3758 5.80848 4.20367 3.97372 4.2783 3.25276 6.09144 6.93892 3.01358 4.68528 4.18516 3.88204 3.98104 3.88835 3.96214 3.35284 3.27274 2.93431 4.53707
threshold=0.046596492233026872 -0.24649507551772568 -5.4246888032584044 0.010344500000000008 -0.073760027881113563 -3.0438591685060259 -6.4665603489108898 -0.22804600993169807 0.33248406402949621 -4.4986453002836209 -3.2811614373912676 -4.2246805516538855 -3.093175224829269 -3.8312451440838529 -0.038681543861759753 -0.0023824999999999814 0.020905499999999997 0.010261075859617554 -0.032823489785766595 0.11039999699068116 -0.19094610453728875 0.31141999999999997 0.65129150000000013 -0.090929999999999969 -4.4610780682763824 -0.45908230278314743 0.79009000000000007 -0.022379192499550945 0.1621968607574529 0.21111367009570606
decision_type=2 2 2 2 2 2 2 2 2 2 2 2 2 2 2 2 2 2 2 2 2 2 2 2 2 2 2 2 2 2
left_child=-1 2 3 -2 5 7 -7 -3 10 -8 11 -9 14 -12 -13 28 17 18 -17 20 26 22 24 -24 25 -21 -4 -25 -16 -30
right_child=1 4 19 -5 -6 6 9 8 -10 -11 13 12 -14 -15 15 16 -18 -19 -20 21 -22 -23 23 27 -26 -27 -28 -29 29 -31
leaf_value=-0.00013877846392909023 -0.032163312915335633 0.020219662730746411 -0.0018110249205600265 -0.002414337918162346 -7.156441124046282e-05 -0.025762751345233672 -0.019069537626077923 0.00034877276764964823 -0.016173141889659497 0.00059713865684102123 -0.022808321714401246 0.0025332815329911131 0.0010925639929343558 0.00046563296526096285 0.0027490001771636064 0.019373356981668623 0.012540861962232357 0.0025967620871961122 0.057933838665485383 -0.0075739696715027092 -0.01848052182646755 -0.018034845555666836 -0.010902514689535436 0.019347545108757913 -0.0015952209805736072 0.01917272704343001 -0.015428698823160057 0.0047133942736425939 0.034476772376469206 0.0081441556613237875
leaf_weight=60188 21 34 583 26 38029 29 26 449 29 16243 20 165 343 648 151 28 146 20 20 20 52 32 35 45 1270 45 49 253 21 74
leaf_count=60188 21 34 583 26 38029 29 26 449 29 16243 20 165 343 648 151 28 146 20 20 20 52 32 35 45 1270 45 49 253 21 74
internal_value=4.37578e-12 0.000141799 -0.00153074 -0.0157064 0.000213794 0.000802101 0.000518861 0.00295119 0.00267346 0.000565709 0.00293559 0.00442848 0.00632082 -0.000231192 0.00919008 0.0115778 0.0167478 0.0257804 0.0354402 -0.00125127 -0.00405383 -0.000123654 0.000219966 0.00504967 -0.000984747 0.010943 -0.00286683 0.00692325 0.0070804 0.013965
internal_weight=119094 58906 2431 47 56475 18446 16298 2148 2114 16269 2085 1417 968 668 625 460 214 68 48 2384 684 1700 1668 333 1335 65 632 298 246 95
internal_count=119094 58906 2431 47 56475 18446 16298 2148 2114 16269 2085 1417 968 668 625 460 214 68 48 2384 684 1700 1668 333 1335 65 632 298 246 95
is_linear=0
shrinkage=0.05


Tree=214
num_leaves=31
num_cat=0
split_feature=8 12 10 5 6 10 4 6 5 11 3 3 5 10 0 10 3 4 6 6 5 3 10 4 11 7 8 11 2 1
split_gain=0.893742 1.83114 1.91375 1.58872 2.75313 2.53074 1.27442 2.04641 1.69877 1.41616 1.40989 3.12555 1.38548 1.20619 1.15969 1.97317 2.03246 3.84165 4.78902 3.2887 2.5935 2.56219 2.1231 2.01961 1.79735 1.6926 3.78317 3.41721 3.10216 5.18418
threshold=0.61515601233369199 0.49479369188800154 -0.15203249999999996 -7.0358096021727734 -2.7001532609940626 0.19827750000000008 -0.71609848364032991 -1.5579784552677942 -2.6987880939513462 0.010206000000000022 0.96262081662173726 -0.070860581380115292 -3.1044724297687032 0.0016034999999999802 0.39933890765301921 0.31615150000000009 -0.2653953461315689 -0.45908230278314743 -3.2030356430844815 -3.0100777775679979 -2.3600249103583697 0.016825182138799025 -0.15203249999999996 -0.0044229106790960584 -0.049662999999999922 0.39437584531971381 -0.16702198225135442 0.11810349999999999 -0.62941152952214419 -0.46361947481903587
decision_type=2 2 2 2 2 2 2 2 2 2 2 2 2 2 2 2 2 2 2 2 2 2 2 2 2 2 2 2 2 2
left_child=14 2 -2 -4 -5 6 -6 8 -8 12 11 -11 -9 -3 25 16 17 20 -19 21 -16 -18 -21 24 -24 -1 27 -27 -28 -30
right_child=1 13 3 4 5 -7 7 9 -10 10 -12 -13 -14 -15 15 -17 19 18 -20 22 -22 -23 23 -25 -26 26 28 -29 29 -31
leaf_value=7.6911785807645641e-06 -0.015253880792156314 0.013586401423582665 0.0094958801120519631 -0.016790496281215123 -0.012106057737853278 0.012069486357785505 0.013879689523169109 -0.021087232596156275 -0.0036381389079615475 -0.0082324492888381853 -0.01079101588887473 0.016528162200003863 -0.0051607141462025339 5.9000373714500011e-05 0.017632581464325389 -0.010653642332181336 0.027827858790988105 -0.025587806116789583 -0.0020362225374615092 0.016036272122125543 0.0010357955539160792 0.0073484342767014396 -0.014516287294985809 0.0061833175202813369 0.00024664724414147923 -0.0059411084695096617 0.011813395606497161 -0.027230557063150973 -0.014974180820718176 0.0024114046142757186
leaf_weight=117393 33 26 25 35 37 29 31 22 25 26 24 25 36 45 36 30 24 25 158 28 68 42 23 153 199 184 52 21 56 183
leaf_count=117393 33 26 25 35 37 29 31 22 25 26 24 25 36 45 36 30 24 25 158 28 68 42 23 153 199 184 52 21 56 183
internal_value=9.10473e-13 -0.00230517 -0.00379819 -0.00259807 -0.00364065 -0.00183577 -0.00362007 -0.00195879 0.00605923 -0.0053348 -0.000797653 0.00390511 -0.0112018 0.0050127 8.13877e-06 0.00192233 0.00242138 -0.000892722 -0.00525365 0.00444941 0.00678084 0.0147955 0.00275502 0.00176335 -0.00128285 -4.62372e-06 -0.00291931 -0.00812198 0.000745806 -0.00166221
internal_weight=119094 419 348 315 290 255 226 189 56 133 75 51 58 71 118675 786 756 287 183 469 104 66 403 375 222 117889 496 205 291 239
internal_count=119094 419 348 315 290 255 226 189 56 133 75 51 58 71 118675 786 756 287 183 469 104 66 403 375 222 117889 496 205 291 239
is_linear=0
shrinkage=0.05


Tree=215
num_leaves=31
num_cat=0
split_feature=6 7 6 0 0 1 0 1 6 12 9 5 4 5 5 4 3 5 11 11 11 1 8 10 5 3 0 12 3 5
split_gain=0.871344 7.38824 4.84194 3.21863 5.60194 2.86755 4.57665 4.41448 2.89351 2.60122 5.43752 6.96874 5.52389 4.25812 6.06839 3.16133 3.01618 4.1243 4.22346 2.73758 2.5278 3.38477 2.9067 2.55983 4.03526 2.55466 4.08302 3.25449 3.90456 2.87316
threshold=-0.84997213591213228 -0.94895820425456201 0.15499957468098949 -0.19748794364514963 -0.17966292223466854 -0.18720936220766196 -0.22280337561569588 -0.33772615859632066 -0.42548333692206747 -0.70754118986470915 0.84674525000000012 -3.065721310248787 -0.16206107858882032 -4.4482695994225443 -3.0248233634827932 -0.49419534791293895 0.91406120760959486 -3.4793210664385446 -0.0014660000000000087 -0.054970499999999985 0.179837 0.33349515798642376 -0.92872714665432887 0.11608450000000002 -1.1125818213866185 -0.57924116746549736 -0.19748794364514963 -0.32821862229441118 -0.29458112973689576 -1.0662737017425312
decision_type=2 2 2 2 2 2 2 2 2 2 2 2 2 2 2 2 2 2 2 2 2 2 2 2 2 2 2 2 2 2
left_child=-1 3 20 5 -5 7 -7 -2 -9 16 13 -12 15 -11 -15 -13 -6 18 -18 -19 23 22 -22 25 -25 26 -3 -27 -29 -30
right_child=1 2 -4 4 9 6 -8 8 -10 10 11 12 -14 14 -16 -17 17 19 -20 -21 21 -23 -24 24 -26 27 -28 28 29 -31
leaf_value=3.4961570275363342e-05 -0.0019728185012354515 0.027207315069972537 -0.00089821909260541825 -0.014419936085806082 -0.002118908051859139 -0.01890548059356309 0.0059504163917154075 0.024941774595119967 0.0061570247271802367 -0.029963154583398641 0.022740400942235159 0.0037978019057349727 0.0166302863212133 0.013960590865463019 -0.013722975936561691 -0.018946602921001615 0.0007387230463791639 0.016096190627043448 0.031154801243916154 -0.0020998827459903172 0.0062447934615902784 0.010089757591909306 -0.0089560412324068174 0.013235989283046885 0.0018082950532346245 0.0029696315047135413 0.0051180024551330536 -0.014865422082182609 -0.0053394458718202288 0.0066719015395750167
leaf_weight=111634 64 24 1689 95 2953 31 46 41 41 29 29 22 22 24 113 50 21 24 25 149 41 44 135 154 155 1017 163 57 113 89
leaf_count=111634 64 24 1689 95 2953 31 46 41 41 29 29 22 22 24 113 50 21 24 25 149 41 44 135 154 155 1017 163 57 113 89
internal_value=-3.30121e-12 -0.000523177 0.00107115 -0.00207616 -0.00244157 0.00375085 -0.0040565 0.00786843 0.0155494 -0.00211278 -0.00665403 0.00131349 -0.00529694 -0.0125577 -0.0088733 -0.0119969 -0.00169903 0.0039626 0.0172692 0.000424428 0.00274096 -0.002314 -0.00541494 0.00336855 0.00750365 0.00249517 0.00795299 0.00169532 -0.00330844 -4.73176e-05
internal_weight=119094 7460 3681 3779 3556 223 77 146 82 3461 289 123 94 166 137 72 3172 219 46 173 1992 220 176 1772 309 1463 187 1276 259 202
internal_count=119094 7460 3681 3779 3556 223 77 146 82 3461 289 123 94 166 137 72 3172 219 46 173 1992 220 176 1772 309 1463 187 1276 259 202
is_linear=0
shrinkage=0.05


Tree=216
num_leaves=31
num_cat=0
split_feature=5 8 11 8 2 6 0 7 9 7 7 1 3 7 2 9 2 9 5 0 1 2 8 2 10 9 10 6 9 4
split_gain=0.878646 7.45833 4.95808 4.67928 8.1514 7.63673 7.54683 7.12968 7.02796 6.67675 6.1695 5.39914 7.08171 6.34219 9.60609 7.6287 7.44762 6.50242 5.2394 5.10694 5.09278 4.92343 6.90694 4.6382 4.57989 4.83441 4.56712 4.48614 4.45116 4.40145
threshold=-4.2147103552667611 -4.2912813858441234 -0.022192500000000028 -3.0946734582997362 -0.34150481787810166 -4.4117033187075361 -0.015413863821511163 -3.2271097741073906 0.36331425000000001 -3.5571993523549903 -2.5043006960725727 0.13303804942765254 0.011385532531382083 -5.0861548832608099 -0.0021687698003935991 0.11506975000000001 0.0095696021432106777 0.22922875000000004 -9.7602806985147534 0.016949152542372951 -0.071359779747801763 0.21443528417453209 -4.0661345542802385 -0.099171716983602484 -0.24448099999999995 0.11506975000000001 0.0639435 -4.7700428547793097 0.23586175000000004 -0.25530403515771938
decision_type=2 2 2 2 2 2 2 2 2 2 2 2 2 2 2 2 2 2 2 2 2 2 2 2 2 2 2 2 2 2
left_child=3 2 -2 4 -1 10 7 8 26 -5 11 13 -13 14 17 19 -16 -6 -14 -15 29 22 -18 -22 -23 -26 -7 -3 -27 -11
right_child=1 27 -4 9 5 6 -8 -9 -10 20 -12 12 18 15 16 -17 21 -19 -20 -21 23 24 -24 -25 25 28 -28 -29 -30 -31
leaf_value=-0.012718920341652375 -0.02324794809472688 0.0036776040484493532 -0.0051385176604356701 -0.0027144814428556961 0.011312035680273358 0.0041843956542627564 0.00064308678921926878 0.00032606956973203814 0.019630984372870867 -0.00033689742395870599 -0.027044690027832986 -0.009936700033658482 0.019269080987553405 0.0018401273339986803 -0.020388094827325811 -0.0017741724477528761 0.003810884207815913 0.044566402238394531 0.0036223691928097507 0.031265133404943711 0.0018841298853279655 0.017544265324249863 0.024817618994933108 -0.00017555414830950887 0.0044053961147080389 -0.02455160714647112 0.013587348218280691 9.8854791283939006e-05 -0.0019677887042053046 -0.0026822748203684669
leaf_weight=115 47 887 193 3083 49 1535 6177 955 86 4683 22 91 58 30 36 5382 262 21 690 29 3194 22 46 18950 57 48 141 68673 40 3492
leaf_count=115 47 887 193 3083 49 1535 6177 955 86 4683 22 91 58 30 36 5382 262 21 690 29 3194 22 46 18950 57 48 141 68673 40 3492
internal_value=8.77585e-13 0.00011413 -0.00868495 -0.000161608 0.000544644 0.000641323 0.00160905 0.00380512 0.00569077 -0.000497628 -0.000609141 -0.000524375 0.00323338 -0.00104791 0.00391767 -0.00157815 0.00153813 0.0212883 0.00483562 0.0163033 -0.000272207 0.0031999 0.00694825 0.00012153 -0.00371322 -0.00693849 0.00497546 0.00014449 -0.0142862 -0.00133874
internal_weight=119094 69800 240 49294 15892 15777 8894 2717 1762 33402 6883 6861 839 6022 581 5441 511 70 748 59 30319 475 308 22144 167 145 1676 69560 88 8175
internal_count=119094 69800 240 49294 15892 15777 8894 2717 1762 33402 6883 6861 839 6022 581 5441 511 70 748 59 30319 475 308 22144 167 145 1676 69560 88 8175
is_linear=0
shrinkage=0.05


Tree=217
num_leaves=31
num_cat=0
split_feature=10 9 8 7 5 3 6 5 1 2 6 6 11 5 1 5 5 3 11 6 3 7 2 7 8 3 4 5 9 2
split_gain=0.867719 2.57865 3.15161 4.42093 3.38377 6.81288 3.70989 5.02187 3.12869 3.61684 3.62739 2.71618 2.44439 8.32731 5.3432 3.99383 3.65726 2.32447 2.10303 1.88493 2.16062 1.97663 2.48593 2.14793 2.13624 1.84488 3.71293 4.61935 3.59542 3.43614
threshold=-0.22315999999999997 0.21913850000000004 -4.7917139135934015 -3.4866084170838731 -7.0358096021727734 0.095444269201151469 -3.9282017871971084 -4.8148216028785935 -0.091652106725727808 0.44719525723090997 -5.9227674387528646 -6.1338054052746172 -0.21103749999999996 -5.0187962777184509 0.030978888228524241 -3.9165648608559835 -4.6745923696163132 0.29003032218466301 -0.090929999999999969 -2.6871776350369134 -0.044891511925083331 -2.9673026172593873 -0.018007202340720226 -3.9062678221364391 -3.7775354260575722 1.0000000180025095e-35 -0.50342274957816568 -3.9165648608559835 0.39026225000000003 -0.068127011571451998
decision_type=2 2 2 2 2 2 2 2 2 2 2 2 2 2 2 2 2 2 2 2 2 2 2 2 2 2 2 2 2 2
left_child=1 8 -3 4 5 -4 12 -8 -1 10 -10 -5 16 14 -14 -15 -6 -7 -9 20 -12 22 -22 24 -24 26 -13 28 -28 -29
right_child=-2 2 3 11 6 17 7 18 9 -11 19 25 13 15 -16 -17 -18 -19 -20 -21 21 -23 23 -25 -26 -27 27 29 -30 -31
leaf_value=0.020900597206006448 2.4422051198925895e-05 0.014473746785370167 -0.01433828342363567 -0.018573620454186486 0.0072525303212127509 0.025475231707096105 0.014223796999872182 -0.01600265762857855 -0.014383492828023415 0.019586228063606003 0.015107301821147926 0.0026264014641230165 -0.019887716192752123 0.0039010621296862759 -0.053251880160532894 -0.022742132232947784 -0.019655992625200232 0.0031908928670666436 -0.0018260924926943195 -0.0092745965410923146 0.018272436189465224 -0.012848368529230356 -0.015092817958324187 0.0065382605677263604 0.0058668219624087217 0.00086561420697302293 -0.0021213041208216752 -0.0031353735196792058 -0.010667811628869608 0.0036062517173392188
leaf_weight=24 115318 32 34 21 28 25 33 47 36 27 38 394 30 39 20 22 23 22 59 29 25 20 31 72 20 1328 229 497 266 305
leaf_count=24 115318 32 34 21 28 25 33 47 36 27 38 394 30 39 20 22 23 22 59 29 25 20 31 72 20 1328 229 497 266 305
internal_value=-9.80262e-13 -0.000745843 -0.00114479 -0.00129084 -0.00636066 0.00271085 -0.00880183 -0.0028092 0.00353357 0.00213488 0.000396184 -0.000653782 -0.0139437 -0.0181068 -0.0332334 -0.00570796 -0.00488269 0.0150443 -0.00811193 0.0026603 0.00434046 0.0019051 0.00389882 0.000977348 -0.00687335 -0.000529133 -0.00162448 -0.0029158 -0.00671397 -0.000571538
internal_weight=119094 3776 3454 3422 382 81 301 139 322 298 271 3040 162 111 50 61 51 47 106 235 206 168 148 123 51 3019 1691 1297 495 802
internal_count=119094 3776 3454 3422 382 81 301 139 322 298 271 3040 162 111 50 61 51 47 106 235 206 168 148 123 51 3019 1691 1297 495 802
is_linear=0
shrinkage=0.05


Tree=218
num_leaves=31
num_cat=0
split_feature=7 5 5 2 2 1 4 11 9 2 5 9 11 5 2 7 0 11 11 11 8 6 3 7 10 11 10 7 6 9
split_gain=0.846869 1.99821 3.35668 1.97004 1.93498 4.48566 1.80637 1.78966 1.69875 1.57656 1.94958 3.22297 1.32883 1.30881 1.18255 3.20795 2.14902 4.08599 3.83607 6.85318 3.81109 3.00412 2.66281 3.14752 3.03864 3.15511 2.62841 2.49256 2.46542 2.44878
threshold=0.80553278013315566 -4.9279669705247384 -5.9694909134465863 0.53547023947919092 0.33965759188600936 0.4698468254919686 -0.15509627066841317 0.043011499999999987 1.0889377500000001 -0.62941152952214419 -0.96388732689272494 0.73079900000000009 -0.031477000000000026 -1.3704535085231038 -0.48597517956129066 -1.4930075024446945 -0.22280337561569588 -0.045346499999999977 0.14251800000000001 0.081230500000000025 -1.1083506524943345 -0.5662826261384527 -0.57924116746549736 -0.54668694248408956 0.096801000000000012 0.015283500000000021 -0.30283649999999995 1.0000000180025095e-35 -0.62838140585079683 0.70121100000000003
decision_type=2 2 2 2 2 2 2 2 2 2 2 2 2 2 2 2 2 2 2 2 2 2 2 2 2 2 2 2 2 2
left_child=14 2 3 6 9 -6 -2 13 -9 -3 11 -11 -13 -7 15 -1 18 28 19 20 -17 -20 27 29 25 -25 -19 -22 -18 -24
right_child=1 4 -4 -5 5 7 -8 8 -10 10 -12 12 -14 -15 -16 16 17 26 21 -21 22 -23 23 24 -26 -27 -28 -29 -30 -31
leaf_value=-0.0016354698103361231 -0.007101442307149145 0.0048852831700060056 -0.025307710865593476 -0.015027949258523144 0.020796514532318521 0.00045476070801286325 0.01316031048243696 0.017481032989564396 -0.0013313570858112403 0.0012780341970471617 0.00090527108717542977 -0.0062702497281134128 -0.021813888868994335 -0.013389215618371964 -1.1176589811501401e-05 0.016747980722381425 0.013114130165195094 -0.016660254153733452 0.005989093072712422 0.030080126255990998 0.0030276216818795852 -0.020507142611819767 0.023845314006691546 -0.0050631322191630529 -0.017675576307650272 0.01170026369892606 0.00021304044374276379 0.026927676631603392 -0.0011605010757785898 0.0011797095290743389
leaf_weight=612 22 44 23 23 31 38 22 21 28 39 67 20 44 31 116873 60 102 24 20 31 24 23 22 89 29 41 602 20 43 26
leaf_count=612 22 44 23 23 31 38 22 21 28 39 67 20 44 31 116873 60 102 24 20 31 24 23 22 89 29 41 602 20 43 26
internal_value=-1.03414e-13 -0.00215775 -0.00882695 -0.00316937 -0.000504232 0.00387068 0.00302943 -0.000575941 0.0067311 -0.00355031 -0.00573364 -0.0100522 -0.0169565 -0.005765 8.23882e-06 0.00129169 0.00284136 0.00131796 0.00589212 0.00766184 0.00542722 -0.00818331 0.00272106 0.000346713 -0.00304088 0.000223785 -0.000433859 0.0138913 0.00888096 0.0115681
internal_weight=119094 453 90 67 363 149 44 118 49 214 170 103 64 69 118641 1768 1156 771 385 342 311 43 251 207 159 130 626 44 145 48
internal_count=119094 453 90 67 363 149 44 118 49 214 170 103 64 69 118641 1768 1156 771 385 342 311 43 251 207 159 130 626 44 145 48
is_linear=0
shrinkage=0.05


Tree=219
num_leaves=31
num_cat=0
split_feature=10 11 9 8 11 7 6 10 10 2 0 11 1 9 3 1 8 5 3 5 4 1 7 4 1 8 8 4 7 8
split_gain=0.850149 3.14719 8.66109 3.71602 4.39296 3.68002 4.34072 2.99205 3.55891 3.48594 2.9804 2.93387 3.10651 3.44788 4.977 4.54997 3.73765 3.88846 3.34593 5.54373 5.81789 3.14922 4.26248 3.86326 4.08899 7.09662 4.97201 4.09752 3.61948 3.56951
threshold=0.026879500000000004 -0.028130499999999944 0.20916625000000003 -3.136727138417839 -0.038667 -3.5711363262657021 -4.697598944740653 0.2423275 0.10533899999999997 0.15158252200422331 -0.29484245847778245 -0.010663499999999991 0.14587706373398415 0.19304500000000002 0.64702726584195924 0.18457519583360008 0.20296190791348631 -2.424387419870508 -0.02064972603484105 -5.3765406192341141 -0.0058264100749526029 -0.35711928335690701 -1.0187367008709967 -0.38593898205449512 -0.1270546860700579 -0.6905742408661083 -1.4461358677886118 -0.39109615587893309 -3.9279348921698438 -1.1083506524943345
decision_type=2 2 2 2 2 2 2 2 2 2 2 2 2 2 2 2 2 2 2 2 2 2 2 2 2 2 2 2 2 2
left_child=11 2 5 4 -4 7 -7 8 9 -2 -5 12 21 14 15 -14 -15 -18 -17 20 -20 -1 23 24 25 27 28 -23 -26 -28
right_child=1 -3 3 10 -6 6 -8 -9 -10 -11 -12 -13 13 16 -16 18 17 -19 19 -21 -22 22 -24 -25 26 -27 29 -29 -30 -31
leaf_value=0.0035842306409019351 -0.010554088407155613 0.00023703672889911865 -0.0031848203400325842 -0.012508779019117356 -0.013978780724573881 -0.0056580473599024119 0.015188006897638211 -0.016165384277701377 0.017455328440786722 0.011822195211425425 -0.00089464825700625401 -0.00046761184239597773 0.013199587819304279 0.0012674146613801797 0.030312715719143554 0.014999715573395845 -0.019402573096255465 0.00041595745810561556 -0.030094538502500302 0.0070470664792487191 0.0010619541052086601 0.0050134074271932661 -0.0028993836677529547 -0.00013859324221117398 0.018037965614348651 -0.015846029088716025 0.013303341979842596 0.023258728983637414 -0.003644025530093842 -0.00052239448608209691
leaf_weight=592 46 56248 503 56 116 30 149 22 34 28 4062 31102 98 4654 21 27 45 55 31 54 29 802 1289 18210 20 40 97 32 512 90
leaf_count=592 46 56248 503 56 116 30 149 22 34 28 4062 31102 98 4654 21 27 45 55 31 54 29 802 1289 18210 20 40 97 32 512 90
internal_value=1.60969e-12 0.000129726 -0.00106647 -0.00159554 -0.0052076 0.00704417 0.0116943 0.000641355 0.00406495 -0.00208739 -0.00105259 -0.000137568 0.000246918 0.00136854 0.0069751 0.00492452 0.00106191 -0.00850238 -0.000826951 -0.00457537 -0.0150356 -1.24334e-05 -0.000113383 6.79612e-05 0.00242914 0.00472676 -0.000363801 0.00571347 -0.00282891 0.00664924
internal_weight=119094 61294 5046 4737 619 309 179 130 108 74 4118 57800 26698 5014 260 239 4754 100 141 114 60 21684 21092 19803 1593 874 719 834 532 187
internal_count=119094 61294 5046 4737 619 309 179 130 108 74 4118 57800 26698 5014 260 239 4754 100 141 114 60 21684 21092 19803 1593 874 719 834 532 187
is_linear=0
shrinkage=0.05


Tree=220
num_leaves=31
num_cat=0
split_feature=4 11 5 2 5 8 8 6 6 2 10 5 5 1 4 1 6 0 3 6 6 5 0 9 0 8 2 6 11 3
split_gain=0.859289 2.18484 5.20535 4.00789 3.94052 6.57705 10.0589 6.03722 4.96469 4.01228 5.04783 3.84309 3.56251 3.5259 3.71413 3.52167 5.59835 4.28284 9.03179 4.15607 3.46132 5.776 3.44413 4.85807 3.52863 3.92495 3.41798 3.30653 5.3599 3.04678
threshold=-0.017696075113215522 -0.012491999999999974 -10.915893668304427 0.10625969703291772 -5.4458980036502238 -1.5818623154962033 -2.2434386314980128 0.3563243666622285 -1.0233746179179095 0.060286949355885307 0.18392850000000002 -6.1981213154076844 -11.612820941196995 0.0082569828099852156 -0.010076735354140607 0.13922354202641532 -2.8169134163250269 0.068796355293556669 0.030818743890207893 -2.6492873231335774 0.3563243666622285 -4.1205843394586852 0.021658255947203723 0.21913850000000004 0.011800166790018609 -4.2912813858441234 0.61639806376955963 -5.9227674387528646 -0.078832999999999973 0.17720606632915051
decision_type=2 2 2 2 2 2 2 2 2 2 2 2 2 2 2 2 2 2 2 2 2 2 2 2 2 2 2 2 2 2
left_child=-1 2 27 15 5 6 9 12 -8 13 -11 -12 -7 14 -3 16 17 18 -4 -17 -5 -22 23 24 25 -15 -23 28 -2 -19
right_child=1 4 3 20 -6 7 8 -9 -10 10 11 -13 -14 22 -16 19 -18 29 -20 -21 21 26 -24 -25 -26 -27 -28 -29 -30 -31
leaf_value=5.4710810256414409e-05 -0.00087723572738468653 -0.0011971110478043558 0.029162656071205297 0.00053372738079436035 -0.0012581715715241487 0.027663929843240315 -0.006210258262024218 -0.016812501337633217 -0.031784480330534284 0.001156196469062802 0.019006220519077036 -0.0054641780576535634 0.0083901105331100328 0.017800833478283425 -0.029468778277245852 0.016458018375117154 0.016520395303086844 -0.012339717321585687 0.000787115198547982 -0.0052222043242571613 -0.033508387394249439 0.01409817532869056 -0.00559138945777456 -0.016095149703323843 0.027448857792963584 -0.0099461373984813702 -0.014461480004882272 -0.0033028347701652022 -0.035604417048394683 0.0093749350123107436
leaf_weight=102144 20 21 31 3236 8670 27 371 22 20 3124 68 21 214 26 26 105 64 84 294 28 20 20 220 20 24 25 22 82 25 20
leaf_count=102144 20 21 31 3236 8670 27 371 22 20 3124 68 21 214 26 26 105 64 84 294 28 20 20 220 20 24 25 22 82 25 20
internal_value=-3.13078e-13 -0.000329698 0.000683261 0.0010057 -0.000647823 0.000603471 9.5699e-05 0.00826059 -0.0075184 0.000928458 0.0014907 0.0132323 0.0105494 -0.00406187 -0.0168368 0.00467347 0.0027256 0.000667638 0.00349371 0.0118938 0.000309516 -0.0113929 -0.00215577 0.0058004 0.0116392 0.00419938 -0.000861644 -0.00927943 -0.0201701 -0.00816382
internal_weight=119094 16950 4051 3924 12899 4229 3966 263 391 3575 3213 89 241 362 47 626 493 429 325 133 3298 62 315 95 75 51 42 127 45 104
internal_count=119094 16950 4051 3924 12899 4229 3966 263 391 3575 3213 89 241 362 47 626 493 429 325 133 3298 62 315 95 75 51 42 127 45 104
is_linear=0
shrinkage=0.05


Tree=221
num_leaves=31
num_cat=0
split_feature=2 5 8 8 6 7 6 10 5 3 5 11 9 5 1 8 10 4 9 10 5 8 2 2 8 2 7 0 9 6
split_gain=0.855484 3.33165 3.19299 3.03112 5.12913 4.38068 7.08236 4.33559 3.9323 4.01039 3.72594 5.53417 4.18506 6.14612 5.22456 4.95209 4.7723 3.61842 3.95591 3.37114 3.32279 3.31787 3.14068 3.38347 5.45378 4.36939 3.79656 3.74913 3.61817 3.21471
threshold=0.22104460847240062 -7.1857965813610312 -4.7917139135934015 -2.8401648244488311 -5.2682388205839912 -2.8357707770332179 -6.4665603489108898 -0.0077929999999999658 -1.8180403464516086 0.30365794218355552 -2.0308506037546339 -0.0018495000000000176 0.30141875000000001 -5.0490879664284112 0.29296381419304446 -0.28549488444142596 -0.065274999999999944 -0.014187046756388986 0.25712475000000007 0.015394499999999993 -4.8425135339091936 -1.369806451939424 0.69706089188100917 0.40925651996270301 -3.4893956424824988 0.43371694917124642 -3.4444253972138621 0.062186453972701512 0.22812850000000001 -1.2933256367675705
decision_type=2 2 2 2 2 2 2 2 2 2 2 2 2 2 2 2 2 2 2 2 2 2 2 2 2 2 2 2 2 2
left_child=-1 -2 -3 4 17 6 -5 8 -6 -10 12 -12 13 16 20 -14 -8 -4 19 -19 -15 -18 23 26 25 -25 28 -26 -9 -28
right_child=1 2 3 5 7 -7 10 22 9 -11 11 -13 15 14 -16 -17 21 18 -20 -21 -22 -23 -24 24 27 -27 29 -29 -30 -31
leaf_value=-6.7820966870354231e-05 -0.0014276143451550363 -0.010597779732645274 -3.7009133765958763e-05 0.023894465921653642 -0.0035681088769092188 0.00055346597559768472 -0.02256913321294092 0.001392550466107873 0.028441314692609011 -0.0015976112000644208 -0.0033179627497641681 0.012031407507298433 -0.003976390088547747 0.014291204484179615 0.010643602154885056 -0.029047116842120885 -0.0048717655451711861 -0.001485413358342357 0.034246039353311067 0.015905081987081248 -0.00053210872106682593 0.016075215935707095 -0.014189422301327191 0.0063314637612728849 0.013462403173529151 -0.025213732234323806 -0.00011810801410392666 0.003101782772333144 0.0066083356954643631 0.019552410402545885
leaf_weight=94810 2597 65 73 27 604 14174 37 808 20 25 120 115 1299 40 146 20 345 41 20 87 689 20 30 21 183 23 1902 167 565 21
leaf_count=94810 2597 65 73 27 604 14174 37 808 20 25 120 115 1299 40 146 20 345 41 20 87 689 20 30 21 183 23 1902 167 565 21
internal_value=-3.72708e-13 0.000264788 0.000467451 0.000500716 0.0016411 0.000193391 -0.00159237 0.00126518 -0.00250578 0.011753 -0.00183544 0.00419343 -0.0023812 -0.000340894 0.00201028 -0.00435654 -0.00545849 0.00907267 0.013566 0.0103347 0.000281242 -0.00372399 0.00192307 0.00205407 0.00643315 -0.0101581 0.0015306 0.00851891 0.00353889 9.67026e-05
internal_weight=119094 24284 21687 21622 4590 17032 2858 4369 649 45 2831 235 2596 1277 875 1319 402 221 148 128 729 365 3720 3690 394 44 3296 350 1373 1923
internal_count=119094 24284 21687 21622 4590 17032 2858 4369 649 45 2831 235 2596 1277 875 1319 402 221 148 128 729 365 3720 3690 394 44 3296 350 1373 1923
is_linear=0
shrinkage=0.05


Tree=222
num_leaves=31
num_cat=0
split_feature=5 10 3 9 6 3 8 11 2 10 1 9 7 1 10 7 9 0 3 10 1 9 10 7 6 8 11 0 0 1
split_gain=0.82221 3.62114 3.91083 4.2305 3.50775 3.58575 3.42331 4.21037 4.86979 3.56053 3.04039 2.92867 3.07585 3.46036 2.86039 2.55976 4.39483 2.83011 4.25221 3.53552 2.69527 2.55693 2.38097 2.39834 2.74147 2.27635 2.22071 2.19585 2.09267 2.05027
threshold=-17.170093932826425 0.057509499999999998 -0.43850570409006723 0.19000125000000004 -6.1338054052746172 -0.21703988489171719 -0.28549488444142596 -0.035932500000000027 0.14441504165538946 0.05256000000000003 -0.08741390485927035 0.15635900000000003 -3.4724544894089502 0.08648252503144406 -0.30283649999999995 -1.9609852470662537 0.35320550000000006 0.026368337863399097 0.30365794218355552 0.0023310000000000002 -0.048251991897013173 0.13671925000000004 0.18392850000000002 -2.6552458731552133 -3.0742368937767135 -2.0437126182192622 -0.10674599999999997 -0.012836836068867817 0.021658255947203723 0.14587706373398415
decision_type=2 2 2 2 2 2 2 2 2 2 2 2 2 2 2 2 2 2 2 2 2 2 2 2 2 2 2 2 2 2
left_child=1 6 -3 -4 -5 -6 7 8 10 11 -1 21 13 27 -14 16 -16 18 20 -19 -18 -9 23 24 -7 -25 -12 -13 -29 -15
right_child=-2 2 3 4 5 22 -8 9 -10 -11 26 12 14 29 15 -17 17 19 -20 -21 -22 -23 -24 25 -26 -27 -28 28 -30 -31
leaf_value=-0.012321672980384581 -1.4151479174082995e-05 -0.023262498049956302 -0.021155109371130285 0.018207468193334839 0.012812216244249917 0.009337496011016461 0.021322806971147659 0.0030517667043022815 -0.018999775660600751 0.018657920514610973 0.02099621105240658 0.00095218907301433578 -0.014442217460877838 0.016403633152583131 0.0028928868365878883 -0.00054912784661939173 0.015805818852796048 0.018095833342522384 0.003749113427153949 -0.0068438712874194611 0.037581208876023696 0.028032001054712704 -0.015243689562194049 -0.016554500903480519 -0.011082377775826237 -0.00043812374887056653 0.00050373015065605824 -0.021107004205918031 -0.0044205805663188906 -0.0044270844733719497
leaf_weight=29 117728 23 26 24 36 65 24 20 47 37 20 39 21 27 289 188 27 27 29 30 30 21 40 39 22 50 39 42 34 21
leaf_count=29 117728 23 26 24 36 65 24 20 47 37 20 39 21 27 289 188 27 27 29 30 30 21 40 39 22 50 39 42 34 21
internal_value=1.11759e-13 0.00121964 -0.00338771 -0.00187407 -5.77368e-05 -0.00179728 0.00265805 0.00221758 -0.00600554 0.00347623 0.000934559 0.00281147 0.00214674 -0.00398607 0.00370626 0.00432096 0.00644035 0.0136097 0.0193363 0.00496967 0.0272666 0.0158465 -0.0042322 -0.00172958 0.00417385 -0.00750036 0.00745033 -0.00869268 -0.013642 0.00729019
internal_weight=119094 1366 325 302 276 252 1041 1017 135 882 88 845 804 163 641 620 432 143 86 57 57 41 216 176 87 89 59 115 76 48
internal_count=119094 1366 325 302 276 252 1041 1017 135 882 88 845 804 163 641 620 432 143 86 57 57 41 216 176 87 89 59 115 76 48
is_linear=0
shrinkage=0.05


Tree=223
num_leaves=31
num_cat=0
split_feature=3 1 11 6 5 2 0 3 7 2 6 9 6 4 8 2 8 3 11 0 10 2 5 0 7 7 7 5 7 2
split_gain=0.824215 2.88301 2.85341 4.61411 6.76562 4.5976 3.94904 3.81749 5.1827 5.57517 4.91742 5.4994 4.38402 5.63522 4.14001 3.99254 3.82523 3.37307 3.1288 7.33807 3.42458 2.98269 2.97891 2.97192 2.96458 2.89571 3.24544 5.37943 4.4153 4.51766
threshold=0.092756800485050875 1.0775296848187803 0.081230500000000025 1.0943468274178154 -1.0166278455694084 -0.35406846651532176 0.21036467470243161 -0.12633043088710835 -2.8561377869971407 0.27493006094131328 -4.2042573348579575 0.35165175000000004 -3.2030356430844815 -0.25530403515771938 -2.8758850324419138 -0.21091361893243063 -3.1481775420424474 -0.72171372095521202 0.14251800000000001 -0.23831579253260746 0.14305650000000003 -0.056505843092344292 -6.0113772621915986 0.19397283332028495 -0.33479250658640447 -2.6552458731552133 -0.54668694248408956 -1.5812620357799021 -1.4317673682138703 0.12575163719040963
decision_type=2 2 2 2 2 2 2 2 2 2 2 2 2 2 2 2 2 2 2 2 2 2 2 2 2 2 2 2 2 2
left_child=1 2 -1 5 -5 6 18 10 9 14 11 -7 13 15 -9 -12 -10 -14 19 24 -21 -16 -23 -19 -4 -18 28 -28 29 -27
right_child=-2 -3 3 4 -6 7 -8 8 16 -11 12 -13 17 -15 21 -17 25 23 -20 20 -22 22 -24 -25 -26 26 27 -29 -30 -31
leaf_value=-5.8546560925305639e-05 0.00013338482030591023 0.0071419497561531478 0.012396413909404406 -0.039105156082659964 -0.00073656903372870555 -0.03248175758147432 0.016421896066250549 -0.00064533706329687431 -0.015237272110196851 -0.026142973994461097 0.013853530973816912 -0.0044244547188282014 0.011358297236968023 0.014847515767108497 0.00014892211213009433 -0.0098223287468789614 0.012033086845030388 -0.0057347885550618899 -0.0019830321105946108 -0.0027023230592659029 0.013065075879643227 -0.032243254634721039 -0.010734345318439108 0.00060609717998239736 0.037248373843197312 0.00086245427126505287 0.034045323804020887 -0.0021877695429360585 -0.0058436757056192137 0.01143667872856895
leaf_weight=56577 58716 136 28 20 27 31 49 444 31 27 24 40 34 73 40 69 75 1034 281 137 46 22 60 225 21 479 20 21 179 128
leaf_count=56577 58716 136 28 20 27 31 49 444 31 27 24 40 34 73 40 69 75 1034 281 137 46 22 60 225 21 479 20 21 179 128
internal_value=-2.2148e-12 -0.000129713 -0.000146129 -0.00149816 -0.0170636 -0.00129595 0.00286038 -0.0020603 -0.000290802 -0.00394578 -0.00382517 -0.0166748 -0.00319987 0.00444947 -0.0028869 -0.00371243 0.00203224 -0.00418192 0.00156503 0.00586246 0.00126107 -0.0110447 -0.016505 -0.00460159 0.0230473 0.00262576 0.00177262 0.0154869 0.00105724 0.00309227
internal_weight=119094 60378 60242 3665 47 3618 562 3056 1526 593 1530 71 1459 166 566 93 933 1293 513 232 183 122 82 1259 49 902 827 41 786 607
internal_count=119094 60378 60242 3665 47 3618 562 3056 1526 593 1530 71 1459 166 566 93 933 1293 513 232 183 122 82 1259 49 902 827 41 786 607
is_linear=0
shrinkage=0.05


Tree=224
num_leaves=31
num_cat=0
split_feature=4 11 5 5 8 8 6 9 2 2 10 5 7 6 11 9 7 0 1 1 6 0 3 6 1 4 6 5 0 9
split_gain=0.844583 2.02022 4.62922 3.66594 5.85474 9.02273 5.36166 4.94246 3.62768 3.61375 4.55166 3.48497 3.42702 4.30728 3.82042 3.41085 8.01244 4.10904 4.81615 3.17868 5.05233 3.86391 8.15563 3.75076 3.15066 3.32165 3.1367 5.2029 3.10201 4.39962
threshold=-0.017696075113215522 -0.012491999999999974 -10.915893668304427 -5.4458980036502238 -1.5818623154962033 -2.2434386314980128 0.3563243666622285 0.50112850000000009 0.10625969703291772 0.060286949355885307 0.18392850000000002 -6.2444196806098935 -3.5711363262657021 -3.9967236329312787 0.016367999999999983 0.12897725000000002 -3.4583888904549216 0.10908687430355636 0.28506529355010141 0.13922354202641532 -2.8169134163250269 0.068796355293556669 0.030818743890207893 -2.6492873231335774 0.0082569828099852156 -0.010076735354140607 0.3563243666622285 -4.1205843394586852 0.021658255947203723 0.21913850000000004
decision_type=2 2 2 2 2 2 2 2 2 2 2 2 2 2 2 2 2 2 2 2 2 2 2 2 2 2 2 2 2 2
left_child=-1 2 -2 4 5 9 15 12 19 24 -11 -12 14 -14 -7 -6 -17 -18 -19 20 21 22 -4 -21 25 -3 -10 -28 29 -26
right_child=1 3 8 -5 6 7 -8 -9 26 10 11 -13 13 -15 -16 16 17 18 -20 23 -22 -23 -24 -25 28 -27 27 -29 -30 -31
leaf_value=5.4240619079070101e-05 -0.0087480016126055427 -0.0011379983431349199 0.027711549473385656 -0.0012214698501555234 -0.0013846933570815824 -0.026833992142282017 -0.015830082090740855 -0.029602277651429178 0.00050235769163341183 0.001099714034979898 0.018236517664323101 -0.0046993673144077718 0.0067766591422259818 -0.0069714910551151145 0.00042146742343902589 0.035878834908362481 -0.0097289931172361756 0.028224580192609747 0.0063555111054849544 0.015636385534003022 0.015694953782076481 -0.007753311586118518 0.00074744107178234195 -0.0049595521796228633 0.011056732398768268 -0.027874190277921471 -0.031840921696275469 -0.00085609068295785368 -0.0053109416713811126 -0.015336570562794805
leaf_weight=102144 127 21 31 8670 52 36 22 23 3236 3124 67 22 75 237 20 32 26 34 97 105 64 104 294 28 75 26 20 42 220 20
leaf_count=102144 127 21 31 8670 52 36 22 23 3236 3124 67 22 75 237 20 32 26 34 97 105 64 104 294 28 75 26 20 42 220 20
internal_value=-5.9125e-13 -0.000326865 0.000647186 -0.00063277 0.00057414 9.5062e-05 0.00779857 -0.00711622 0.000951261 0.000883764 0.00141736 0.012567 -0.00571084 -0.00366665 -0.0170999 0.00995554 0.0130756 0.00842781 0.0120315 0.00444072 0.00259014 0.000635108 0.0033194 0.0113004 -0.00385224 -0.0159282 0.000288919 -0.0108512 -0.00205042 0.00550025
internal_weight=119094 16950 4051 12899 4229 3966 263 391 3924 3575 3213 89 368 312 56 241 189 157 131 626 493 429 325 133 362 47 3298 62 315 95
internal_count=119094 16950 4051 12899 4229 3966 263 391 3924 3575 3213 89 368 312 56 241 189 157 131 626 493 429 325 133 362 47 3298 62 315 95
is_linear=0
shrinkage=0.05


Tree=225
num_leaves=31
num_cat=0
split_feature=5 6 7 7 5 10 0 4 9 8 6 8 2 2 4 6 6 5 7 4 1 4 9 7 4 6 1 3 3 11
split_gain=0.823415 2.3089 6.99083 3.70608 3.74297 3.937 3.76888 3.75498 3.4998 3.98897 4.02391 3.30769 4.49239 3.724 3.20957 6.79678 4.47215 3.48368 3.25459 5.02363 2.94801 3.2631 4.0289 2.90294 2.899 2.81529 2.78478 3.88426 3.62305 3.48434
threshold=-0.96388732689272494 -1.4092462020438796 -1.4717356544199409 -1.0487833304030032 -11.612820941196995 0.031388000000000006 0.24443855308118304 -0.76861104765756239 0.24010675000000004 -1.5650748934853178 -4.7700428547793097 -0.52469514197578759 0.27016871383319946 0.11684241831300658 -0.065133806639497513 -5.4246888032584044 -4.8472728215032346 -6.3978806432619688 0.39437584531971381 -0.017010859259743879 0.37542399974579427 -0.42888253665975901 0.42391725000000008 -2.6052577133731796 -0.47591602397911459 -2.583164758192205 0.43831218028126889 1.2687836021505379 -0.45376172043010748 -0.026674999999999973
decision_type=2 2 2 2 2 2 2 2 2 2 2 2 2 2 2 2 2 2 2 2 2 2 2 2 2 2 2 2 2 2
left_child=1 3 23 -1 5 6 -5 -6 11 10 -10 12 13 -9 16 -16 -11 25 -17 -20 21 24 -23 -3 -12 -18 27 28 -19 -30
right_child=-2 2 -4 4 7 -7 -8 8 9 14 20 -13 -14 -15 15 18 17 26 19 -21 -22 22 -24 -25 -26 -27 -28 -29 29 -31
leaf_value=0.00010110654619381879 0.00050756919006987025 -0.020374065214260061 0.00039334279822011406 -0.011120638251304627 0.011249269570024419 0.023240221015387967 0.016692665039694736 0.001802657132900161 -0.028245125184766951 -0.020457303969570521 -0.0075350997969508178 0.020035682421075764 -0.0093646368756890291 0.027302767810496415 0.027943902198846144 0.0020034988995329228 -0.013644909605046378 0.0026524015239211937 0.0032618498124567605 -0.027323015674948693 0.0095564902061596527 -0.005456208175621354 -0.018528464483097196 -0.0021657511405654135 0.018239969940623268 -0.0027871517931943703 -0.0068962113518104455 0.00657051392203278 -0.006547977628444019 -0.0012777379916099638
leaf_weight=97207 7488 22 5749 29 56 31 21 41 20 33 20 32 50 22 24 516 109 431 29 25 31 325 72 4364 24 132 213 161 403 1414
leaf_count=97207 7488 22 5749 29 56 31 21 41 20 33 20 32 50 22 24 516 109 431 29 25 31 325 72 4364 24 132 213 161 403 1414
internal_value=-2.33336e-13 -3.40544e-05 -0.00075365 3.78193e-05 -0.00140495 0.00924067 0.000560949 -0.00161109 -0.0017856 -0.00206344 -0.00627827 0.00584469 0.001826 0.0107075 -0.00146926 0.00187875 -0.00215597 -0.00194503 0.00078127 -0.0108978 -0.00534748 -0.00639515 -0.007827 -0.00225708 0.00652403 -0.00769792 -0.00141625 -0.000931722 -0.00146903 -0.00244665
internal_weight=119094 111606 10135 101471 4264 81 50 4183 4127 3982 492 145 113 63 3490 594 2896 2863 570 54 472 441 397 4386 44 241 2622 2409 2248 1817
internal_count=119094 111606 10135 101471 4264 81 50 4183 4127 3982 492 145 113 63 3490 594 2896 2863 570 54 472 441 397 4386 44 241 2622 2409 2248 1817
is_linear=0
shrinkage=0.05


Tree=226
num_leaves=31
num_cat=0
split_feature=4 0 2 5 1 9 2 5 0 8 10 6 12 5 11 3 11 9 7 5 10 0 6 3 0 3 2 1 6 7
split_gain=0.796162 5.90484 3.1262 4.5016 2.99456 2.50032 7.51369 4.27457 6.79492 3.8155 2.82132 3.31184 2.77317 6.78063 3.16585 2.39989 2.36396 6.14434 3.26057 3.24793 4.92717 3.57994 3.1986 3.19533 2.99477 2.51695 5.35276 4.24266 3.67176 3.9332
threshold=-0.028224709033360548 -0.02518977067186173 -0.0079183891767520258 -3.7043480729324401 0.02308730599987863 0.84674525000000012 0.15650746843900934 -6.5098875177664066 0.074940428761504987 0.61515601233369199 0.083994500000000014 -0.42548333692206747 -0.52591453397990684 -2.1034966267420745 0.013897999999999995 1.0191448939822481 -0.142628 0.24118975000000004 -3.7309933442921315 -4.0060667974400905 0.096801000000000012 0.030358506364056351 -4.8073962297221309 0.063054981708594707 0.03605486944611181 1.0866827039825162 0.40925651996270301 0.15060880477974906 -2.1108375164165505 -2.7256352154060322
decision_type=2 2 2 2 2 2 2 2 2 2 2 2 2 2 2 2 2 2 2 2 2 2 2 2 2 2 2 2 2 2
left_child=-1 -2 3 4 -3 12 -7 -8 -9 10 11 -10 16 14 -14 -15 17 22 23 21 -21 -20 -4 -19 -25 28 -27 -28 -18 -30
right_child=1 2 5 -5 -6 6 7 8 9 -11 -12 -13 13 15 -16 -17 25 18 19 20 -22 -23 -24 24 -26 26 27 -29 29 -31
leaf_value=6.357760820059349e-05 -0.024077495144536862 0.03274767401861027 -0.03163934512329953 -0.0076310526062217032 0.0089510426474496332 0.032855560732158749 0.02367737378925085 -0.025983202208400419 0.0063252813614801395 -0.016196253319226563 -0.0019486247375607492 0.030778710772283377 -0.032830963389844529 0.018003571658794369 -0.0081384685561060911 -0.0059004541103994217 -5.4793947882683343e-05 0.022282514981703746 -0.028777130087308419 -0.0040906505288594236 0.021186611211426985 -0.0068505015074129191 -0.0058251084915051862 -0.0029611784718795928 0.016190021098233188 -0.0073628984511308719 -0.010561684736361106 0.0059509140407521654 -0.006919667805843634 -0.0012821067361312383
leaf_weight=95900 26 20 28 27 39 22 20 23 45 21 50 20 27 21 25 21 18844 21 22 98 24 121 21 95 26 109 42 527 354 2455
leaf_count=95900 26 20 28 27 39 22 20 23 45 21 50 20 27 21 25 21 18844 21 22 98 24 121 21 95 26 109 42 527 354 2455
internal_value=-3.79946e-13 -0.000262874 -0.000236148 0.00927914 0.0170177 -0.000271601 0.00528067 0.00189158 -0.000848769 0.00340191 0.0069807 0.0138494 -0.000320375 -0.00889077 -0.0209596 0.00605156 -0.000285021 -0.00384886 -0.00183502 -0.00511099 0.000881926 -0.0102238 -0.0205761 0.0042786 0.00115396 -0.000212247 0.00278759 0.00473206 -0.000306178 -0.00199257
internal_weight=119094 23194 23168 86 59 23082 201 179 159 136 115 65 22881 94 52 42 22787 456 407 265 122 143 49 142 121 22331 678 569 21653 2809
internal_count=119094 23194 23168 86 59 23082 201 179 159 136 115 65 22881 94 52 42 22787 456 407 265 122 143 49 142 121 22331 678 569 21653 2809
is_linear=0
shrinkage=0.05


Tree=227
num_leaves=31
num_cat=0
split_feature=2 0 6 5 0 2 2 9 7 3 8 11 11 7 10 0 5 6 4 3 5 11 4 7 6 11 1 9 6 1
split_gain=0.829944 3.6121 3.37758 5.47657 4.57182 4.44044 4.28253 3.54732 3.11972 4.87362 3.59355 3.14828 4.5433 3.74899 3.13885 3.03612 4.24949 3.66046 3.13419 3.01929 4.39036 4.54851 4.42032 3.10215 2.91305 2.90908 2.84332 2.83757 2.78652 2.7145
threshold=0.10189774011475207 -0.10387990301468668 -7.1583493145329467 -8.427999936454464 0.01404838186071722 0.023045994806345397 0.013388480985198627 0.20664800000000003 -1.9739603670642212 0.31248080293943098 -2.893217257793784 -0.052136499999999995 -0.028856000000000017 -1.9203330189314982 0.0050524999999999884 -0.11178413711141426 -3.0847803301791688 -1.8928052123093673 -0.34339678432534881 -0.45376172043010748 -3.1231493738985585 0.071189500000000003 -0.36354383065098894 -0.98429026556869526 -0.42548333692206747 0.20683000000000004 0.43831218028126889 0.71542525000000012 -0.74428529032435431 -0.080951496825986166
decision_type=2 2 2 2 2 2 2 2 2 2 2 2 2 2 2 2 2 2 2 2 2 2 2 2 2 2 2 2 2 2
left_child=2 8 3 4 6 7 -1 -5 9 -2 -11 -10 14 -14 -13 18 17 -17 27 20 21 22 23 -3 26 -20 -22 -15 -29 -12
right_child=1 19 -4 5 -6 -7 -8 -9 11 10 29 12 13 15 -16 16 -18 -19 25 -21 24 -23 -24 -25 -26 -27 -28 28 -30 -31
leaf_value=-0.028098971964791421 0.012567611858161909 -0.0063218337584387612 -0.00012016750555071809 0.013102356819435954 0.014942940849618154 0.0030956273748269005 0.00048533041569355289 0.042525382982456089 0.007397846958928686 -0.0173491705971008 0.012827741365051932 -0.016674444261298049 -0.017540636827022987 -0.00087827420382596128 -0.0003059216326585523 0.0060183716472238307 0.0011578364998590237 0.033982773128896956 -0.00012189832123112866 0.00012106545688302148 0.001551169894543857 -0.025306013561785225 -0.026456509848408728 0.010426323751316351 0.011524864992180466 -0.016575620373311853 -0.012752210237996895 0.020974234237413236 0.0038467712244613372 0.0012004974246098612
leaf_weight=20 171 148 73134 20 29 31 38 21 170 22 63 64 26 68 54 22 65 25 662 43540 142 35 23 34 51 28 46 48 47 247
leaf_count=20 171 148 73134 20 29 31 38 21 170 22 63 64 26 68 54 22 65 25 662 43540 142 35 23 34 51 28 46 48 47 247
internal_value=-1.56488e-13 0.000166972 -0.000104341 0.00717518 -0.00126657 0.0173756 -0.00937133 0.0281727 0.00237385 0.00570984 0.00217768 0.00106188 9.06374e-05 0.00119496 -0.00918376 0.00169975 0.00943958 0.0208931 0.000683499 7.76318e-05 -0.00387038 -0.00864728 -0.0058031 -0.00319306 0.000926496 -0.000789586 -0.00194859 0.00691926 0.0125006 0.00356345
internal_weight=119094 45801 73293 159 87 72 58 41 1782 503 332 1279 1109 991 118 965 112 47 853 44019 479 240 205 182 239 690 188 163 95 310
internal_count=119094 45801 73293 159 87 72 58 41 1782 503 332 1279 1109 991 118 965 112 47 853 44019 479 240 205 182 239 690 188 163 95 310
is_linear=0
shrinkage=0.05


Tree=228
num_leaves=31
num_cat=0
split_feature=10 8 9 2 11 5 7 6 11 11 4 11 10 11 6 6 10 10 9 6 7 0 9 1 3 5 5 2 1 8
split_gain=0.795773 4.12607 8.79711 7.92215 7.94746 5.99015 6.21261 5.49402 5.36394 5.558 4.70447 4.53077 3.99633 3.89954 9.80048 4.13427 8.2478 3.65023 4.05231 3.43471 3.33744 3.5118 7.11813 3.29524 3.8235 3.28116 3.2117 3.6005 5.89085 4.9638
threshold=0.076272499999999979 -3.4404002406537715 0.26909450000000007 0.3008632936005074 -0.0048870000000000016 -6.8179831842828946 -3.1822187350876967 -3.2409321350515521 -0.0027345000000000004 0.0017120000000000193 -0.025870670373972001 0.31141999999999997 0.14305650000000003 -0.0127405 -5.9227674387528646 -4.885884075296488 0.21790900000000005 0.075001499999999985 0.67494675000000004 -3.8303019108550989 -3.9279348921698438 0.0051597480911619318 0.20268650000000002 0.4698468254919686 0.54371812835104105 -2.7808630628704774 -2.9019011085530386 -0.026269409198884316 0.16342839306698023 -2.2837367245143825
decision_type=2 2 2 2 2 2 2 2 2 2 2 2 2 2 2 2 2 2 2 2 2 2 2 2 2 2 2 2 2 2
left_child=17 3 7 5 -5 8 11 10 -2 -10 25 -7 -9 15 -15 16 -4 -1 -19 20 21 22 -11 24 -12 -3 -16 -28 -29 -30
right_child=1 2 13 4 -6 6 -8 12 9 19 23 -13 -14 14 26 -17 -18 18 -20 -21 -22 -23 -24 -25 -26 -27 27 28 29 -31
leaf_value=3.0646606451453086e-05 -0.0050910913923121609 -0.00055210208286023393 -0.0010606105250190012 0.0059274866330352701 -0.03013486251421273 -0.003492472676837507 -0.01715743085096395 0.0031611185214478008 0.033659999647421675 0.0016322549062726254 0.0050807553935402006 0.01313479894252364 0.0098106704674560553 0.024527081907726827 -0.0012235591377209182 -0.0020810649141051285 -0.038136656194304425 0.0032192462020665261 0.021928466497657582 0.022227495516251243 -0.012377837075785336 -0.0025401938110589982 0.038656412293424924 0.022785244463011625 -0.013163600871039014 -0.010988639411516489 0.0019570237496836277 -0.0026291167143893419 -0.0061746797399079298 0.0034015497839677018
leaf_weight=102749 97 728 40 22 50 868 81 604 21 34 390 43 361 40 4679 2308 24 436 31 28 28 50 21 24 31 84 2487 1598 157 980
leaf_count=102749 97 728 40 22 50 868 81 604 21 34 390 43 361 40 4679 2308 24 436 31 28 28 50 21 24 31 84 2487 1598 157 980
internal_value=5.82065e-13 -0.00032953 -8.45275e-05 -0.00298114 -0.0191158 -0.00206714 -0.00388752 0.0028111 0.00440533 0.0094666 0.000632691 -0.00270765 0.00564867 -0.000607071 -0.000172424 -0.00242867 -0.0149641 5.06925e-05 0.00446119 0.00631094 0.00296009 0.00705021 0.0157688 0.00476465 0.00373735 -0.00163174 -0.00027221 0.000580215 -0.000671749 0.00207924
internal_weight=119094 15878 14535 1343 72 1271 992 2222 279 182 1257 911 965 12313 9941 2372 64 103216 467 161 133 105 55 445 421 812 9901 5222 2735 1137
internal_count=119094 15878 14535 1343 72 1271 992 2222 279 182 1257 911 965 12313 9941 2372 64 103216 467 161 133 105 55 445 421 812 9901 5222 2735 1137
is_linear=0
shrinkage=0.05


Tree=229
num_leaves=31
num_cat=0
split_feature=8 12 4 10 3 6 5 10 6 3 6 10 6 5 0 5 5 6 6 3 3 4 3 2 0 5 5 10 9 10
split_gain=0.788761 1.58962 1.68345 1.48235 2.05684 1.89321 2.6235 1.61033 1.46782 1.38459 1.20413 1.08097 1.02516 1.00863 0.987198 1.24171 2.64393 2.58641 2.2234 2.25438 3.94497 1.54508 1.12348 1.66647 0.993384 2.64481 4.40111 4.37473 4.30283 3.67092
threshold=0.61515601233369199 0.49479369188800154 -1.0000000180025095e-35 0.099371999999999988 -0.36664155673164961 -2.1569584798325043 -1.2892820514445156 0.0050524999999999884 -1.8362175538747054 1.5826126977206116 1.0000000180025095e-35 0.0016034999999999802 -1.166752840638609 -2.0057669906074618 0.51689500522607468 -2.1748270360962345 -3.4002572861704272 -0.74428529032435431 -0.84997213591213228 -0.25903973688831256 0.022454794857936559 -0.022085009184032386 0.91406120760959486 0.27493006094131328 0.24443855308118304 -4.6465217331966242 -8.2910879821438197 0.061310500000000011 0.23906725000000004 0.015394499999999993
decision_type=2 2 2 2 2 2 2 2 2 2 2 2 2 2 2 2 2 2 2 2 2 2 2 2 2 2 2 2 2 2
left_child=14 2 3 4 7 -5 -7 -2 -6 10 12 -3 -10 -11 24 16 18 -17 19 -16 -21 -18 23 -19 -1 26 27 28 -26 -28
right_child=1 11 -4 5 8 6 -8 -9 9 13 -12 -13 -14 -15 15 17 21 22 -20 20 -22 -23 -24 -25 25 -27 29 -29 -30 -31
leaf_value=2.2183450963869655e-05 -0.0060346676688641313 0.012769122092196576 -0.016943453305231577 -0.0088725141414518777 0.00550268120987683 0.017255987921221693 -0.0035524323175195605 -0.022211158156394961 0.0033923276738884547 -0.020147861482109876 0.008843458994575169 -3.6868366102377574e-05 -0.0099485856157520581 -0.0049444223504300083 -0.0031370555240611887 -0.0078013841771399197 0.023968204829053812 -0.0023785646866869045 -0.0083795003328673758 0.030343269458971919 0.0022010991970698042 0.0054830724373459818 -0.0054157462591926256 0.013036579289473594 -0.0077559314530204846 -3.2420875316731055e-05 -0.011312476419301694 -0.0094325877379539402 0.015364961000748828 -0.0027031360522011805
leaf_weight=115600 40 26 22 24 49 33 28 25 24 20 23 45 36 24 38 69 26 27 37 20 33 20 21 50 27 2037 189 43 79 359
leaf_count=115600 40 26 22 24 49 33 28 25 24 20 23 45 36 24 38 69 26 27 37 20 33 20 21 50 27 2037 189 43 79 359
internal_value=4.58716e-12 -0.00216556 -0.00355663 -0.00265323 -0.00465557 0.00302399 0.00770458 -0.0122564 -0.00184844 -0.0046847 -0.000883538 0.00465265 -0.00461222 -0.0118551 7.64584e-06 0.00269404 0.00564992 -0.000385739 0.00195509 0.00615707 0.0128208 0.0159312 0.00483548 0.00763127 -9.54737e-08 -0.000942101 -0.00360066 0.00401893 0.00947568 -0.00567242
internal_weight=119094 419 348 326 241 85 61 65 176 127 83 71 60 44 118675 341 174 167 128 91 53 46 98 77 118334 2734 697 149 106 548
internal_count=119094 419 348 326 241 85 61 65 176 127 83 71 60 44 118675 341 174 167 128 91 53 46 98 77 118334 2734 697 149 106 548
is_linear=0
shrinkage=0.05


Tree=230
num_leaves=31
num_cat=0
split_feature=11 5 8 6 9 6 7 4 7 1 9 7 11 7 11 1 6 7 7 3 8 7 4 2 8 8 4 11 0 9
split_gain=0.779374 4.37798 5.09965 6.31447 5.82204 4.45537 6.70888 8.8889 6.53478 6.37918 5.13912 4.68528 4.58686 4.31918 4.09883 3.91137 4.01766 3.97672 3.97595 3.95456 4.15281 3.68191 5.27214 4.48472 3.75521 3.63082 3.49556 3.95136 3.48341 3.43728
threshold=0.021109999999999993 -2.8822184313895765 -3.1938649704377569 -2.6613134662050855 0.45589150000000006 -2.2058698232841425 -1.7753523840220482 -0.011455621484904808 -1.1132352349693699 -0.1462701264067274 0.61470675000000008 -0.65197974115322166 0.10934500000000001 -2.7657807194290283 0.054233999999999984 -0.11032340419007629 -1.6941596802214851 -2.3668139278176268 -0.75082161473017284 0.15073752094266005 -1.4461358677886118 -2.0418688399530955 -0.17309331111207935 0.24825657056488096 -1.9155058740960935 -3.1706317113109148 -0.33398431623415592 0.049037499999999991 0.071127701743799912 0.46580575000000007
decision_type=2 2 2 2 2 2 2 2 2 2 2 2 2 2 2 2 2 2 2 2 2 2 2 2 2 2 2 2 2 2
left_child=-1 5 3 -3 15 -2 9 -8 -9 12 13 -10 -7 -11 -12 18 25 -18 -4 20 -19 22 23 24 26 -17 27 -6 -21 -24
right_child=1 2 4 -5 21 6 7 8 11 10 14 -13 -14 -15 -16 16 17 19 -20 28 -22 -23 29 -25 -26 -27 -28 -29 -30 -31
leaf_value=5.9048066901848645e-05 -0.00031583730723119114 -0.00032728048170813258 0.0056699930175513362 -0.011693067653104664 0.031946177266183352 -0.01266494362673073 0.00028808313755823099 -0.0014519360821901098 -0.045706947538114731 -0.011467409812701756 0.0011394918808946386 -0.014913895507925191 0.010006010881625116 -0.00094161312300441264 -0.021967909338532904 0.020742806397740628 -0.0088825257930805757 -0.00083020542036845455 -0.010249911321372521 0.0010214564331404088 -0.01394137775813065 0.00015156322883847867 0.0072710745595395559 0.019799654781645925 -0.0059382356624458534 0.0022968874927415178 -0.0010277493693098261 0.0034675028945865302 0.012640176205650756 -0.010572282987311145
leaf_weight=98172 8126 360 903 185 21 317 1744 45 21 110 28 30 24 855 61 27 146 540 41 201 68 4103 30 27 192 2233 91 29 95 269
leaf_count=98172 8126 360 903 185 21 317 1744 45 21 110 28 30 24 855 61 27 146 540 41 201 68 4103 30 27 192 2233 91 29 95 269
internal_value=1.50815e-12 -0.00027707 0.000511357 -0.00418539 0.000795266 -0.000940582 -0.00250988 -0.000527273 -0.0153396 -0.00512493 -0.00320174 -0.0275934 -0.0110693 -0.00214144 -0.0146982 0.00213957 0.0013299 -0.00122576 0.00497856 1.08461e-05 -0.00229659 -0.000405627 -0.00387475 0.000200977 -0.00138811 0.00251726 0.00480782 0.0154285 0.00475044 -0.00878198
internal_weight=119094 20922 9561 545 9016 11361 3235 1840 96 1395 1054 51 341 965 89 4254 3310 1050 944 904 608 4762 659 360 333 2260 141 50 296 299
internal_count=119094 20922 9561 545 9016 11361 3235 1840 96 1395 1054 51 341 965 89 4254 3310 1050 944 904 608 4762 659 360 333 2260 141 50 296 299
is_linear=0
shrinkage=0.05


Tree=231
num_leaves=31
num_cat=0
split_feature=2 3 9 6 8 10 0 6 5 5 10 0 0 5 9 1 1 11 5 6 7 8 7 4 11 8 9 9 3 1
split_gain=0.783396 2.68153 3.53147 4.41402 5.38012 3.02349 4.11097 3.0597 2.89944 5.99765 4.49405 5.8952 3.56035 2.95867 3.67759 5.09066 2.81384 8.31783 4.94658 3.69257 5.9342 5.12952 4.00634 3.77512 3.51953 3.42449 4.75921 3.54644 3.38201 3.93322
threshold=0.046596492233026872 -0.11808963487421591 0.15635900000000003 -5.9227674387528646 -2.032661408101085 0.39555950000000006 0.051948937345719488 -1.5579784552677942 -0.85301928426656382 -0.57118016003631034 0.037774000000000023 -0.088050563168475579 -0.23831579253260746 -0.65076671758581117 0.40870350000000005 -0.17802774858221412 0.0849245911192167 -0.019183499999999989 -1.7352667206740902 -3.0223160080503422 -3.2161916718884123 -1.2716293555680684 -2.9968585974186488 -0.057995673947042518 -0.21103749999999996 -2.8758850324419138 0.29415975000000005 0.37613750000000007 -0.070860581380115292 0.10985130158816893
decision_type=2 2 2 2 2 2 2 2 2 2 2 2 2 2 2 2 2 2 2 2 2 2 2 2 2 2 2 2 2 2
left_child=1 2 -1 4 -4 -5 -7 -8 16 10 12 -12 -10 14 -14 -16 -3 19 -19 21 -21 22 23 25 -22 26 -18 -27 -24 -30
right_child=-2 8 3 5 -6 6 7 -9 9 -11 11 -13 13 -15 15 -17 17 18 -20 20 24 -23 28 -25 -26 27 -28 -29 29 -31
leaf_value=-0.011605632323546396 0.00012962563031345564 -0.00064597420036147633 0.0043711641368766622 0.00034647040132153566 0.033776290047292906 -0.00038584928821634365 -0.030011427628428296 -0.0048917228387753394 -0.017135508212706315 -0.00029650144476569293 0.020050729510638542 0.0044054645900060974 0.0012866683011115701 -0.0048192301581270608 0.036596234373393509 0.0068859993733222718 -0.0027787573072508131 0.00012334544748492297 -0.0069527215385832303 -0.022174522489309314 -0.016485673080156135 -0.013002061303372362 0.026674808682192394 0.012459089300884425 0.0040958678581431429 -0.0013930561977904292 0.022776934555892289 -0.026305447109043603 0.022242708500813356 0.006493753088395518
leaf_weight=62 58906 31654 60 21863 21 81 27 22 23 1233 104 143 108 76 21 46 49 3454 266 25 22 28 41 91 372 50 29 20 55 142
leaf_count=62 58906 31654 60 21863 21 81 27 22 23 1233 104 143 108 76 21 46 49 3454 266 25 22 28 41 91 372 50 29 20 55 142
internal_value=-1.96726e-12 -0.000126865 0.000310703 0.000344173 0.0119947 0.000301264 -0.00730139 -0.0187332 -0.000381411 0.00160406 0.00610195 0.0109929 0.00169292 0.00341823 0.00699564 0.0161982 -0.000477354 0.000671982 -0.000382631 0.00491783 0.00144777 0.00779695 0.00901785 0.00444514 0.00294664 -0.000482363 0.00672272 -0.00851088 0.0136098 0.0108907
internal_weight=119094 60188 22136 22074 81 21993 130 49 38052 1754 521 247 274 251 175 67 36298 4644 3720 924 419 505 477 239 394 148 78 70 238 197
internal_count=119094 60188 22136 22074 81 21993 130 49 38052 1754 521 247 274 251 175 67 36298 4644 3720 924 419 505 477 239 394 148 78 70 238 197
is_linear=0
shrinkage=0.05


Tree=232
num_leaves=31
num_cat=0
split_feature=6 7 6 0 1 0 1 0 5 6 5 3 7 9 4 9 4 8 3 11 4 0 1 11 7 3 1 11 10 10
split_gain=0.793291 6.54148 4.07613 2.84584 3.53419 2.94325 4.59469 2.90836 3.12418 2.60238 3.7263 2.66329 2.5772 3.78771 3.76662 3.65033 4.48848 5.44005 4.26234 2.48139 3.40382 4.09625 3.29608 3.12597 7.94827 2.55907 2.38912 4.6296 3.27428 2.88782
threshold=-0.84997213591213228 -0.94895820425456201 0.15499957468098949 -0.26226178725045496 -0.32113486897270999 -0.030707502822627405 -0.085266419872426599 -0.061845074015459404 -0.27574709400229253 1.0000000180025095e-35 -1.1591655887759977 -0.026602411076629192 -1.2700769297376007 0.56328600000000006 -0.32999839706371692 0.73079900000000009 -0.37449682404474771 -1.369806451939424 -0.12633043088710835 -0.06482099999999999 -0.22291666666666668 0.13941223233286507 0.09969921572075037 -0.017468000000000008 -1.864749941035988 1.8838283366022233 -0.38403253533457971 -0.3373894999999999 -0.18903849999999997 -0.13339299999999998
decision_type=2 2 2 2 2 2 2 2 2 2 2 2 2 2 2 2 2 2 2 2 2 2 2 2 2 2 2 2 2 2
left_child=-1 3 -3 4 -2 6 7 -5 -9 12 11 -11 15 14 -14 16 17 -8 -18 20 -7 22 -22 24 -21 -25 28 -28 -4 -29
right_child=1 2 26 5 -6 19 9 8 -10 10 -12 -13 13 -15 -16 -17 18 -19 -20 23 21 -23 -24 25 -26 -27 27 29 -30 -31
leaf_value=3.3358962153640406e-05 -0.0026188637362793091 0.0025330667968777578 0.018486694998644065 -0.0023437246659400359 0.024287960681375925 -0.019552828001615126 -0.0052252860157750549 0.0018444674759266083 0.02217162927457442 0.0063219835609197618 -0.031699177309928932 -0.017947254673792764 -0.011143708727322519 -0.0073047960570289039 0.013911631546604138 -0.024293180300543709 -0.020356157708447425 0.028016411596909166 -0.0060003567881070398 0.033227519337511197 -0.0050949177456398806 -0.014881582681922929 0.018985491918606892 -0.0015020865555021451 0.0020624308273585338 0.014956820740674934 -0.02486471189629464 -0.0080660888328880284 0.0014872710005147385 -0.00048256274232227485
leaf_weight=111634 26 1992 33 909 23 40 32 89 24 20 24 26 20 90 60 30 60 20 374 22 30 38 27 1479 292 24 21 139 200 1296
leaf_count=111634 26 1992 33 909 23 40 32 89 24 20 24 26 20 90 60 30 60 20 374 22 30 38 27 1479 292 24 21 139 200 1296
internal_value=-3.1724e-12 -0.000499195 0.00100099 -0.00196047 0.0100109 -0.00211774 -0.00358938 -0.0014033 0.00616174 -0.00654465 -0.0157281 -0.00739541 -0.00560756 -0.000268282 0.0076478 -0.00736663 -0.00632178 0.00755998 -0.00798503 -0.000777274 -0.00731743 -0.00216568 0.00631159 -0.000291352 0.00424597 -0.00123927 -0.000805939 -0.00155821 0.00389491 -0.00121713
internal_weight=119094 7460 3681 3779 49 3730 1778 1022 113 756 70 46 686 170 80 516 486 52 434 1952 135 95 57 1817 314 1503 1689 1456 233 1435
internal_count=119094 7460 3681 3779 49 3730 1778 1022 113 756 70 46 686 170 80 516 486 52 434 1952 135 95 57 1817 314 1503 1689 1456 233 1435
is_linear=0
shrinkage=0.05


Tree=233
num_leaves=31
num_cat=0
split_feature=7 8 11 7 11 9 4 10 4 4 3 3 3 5 6 1 9 6 8 11 11 0 5 11 9 10 5 10 5 2
split_gain=0.793269 3.10564 4.09768 3.01902 6.50159 3.09486 4.12581 2.17165 2.11903 1.71622 6.44175 4.28303 3.49875 3.26011 3.39224 3.25149 1.72235 3.49296 2.92743 2.43924 1.80573 1.70594 1.69707 1.6483 1.64232 2.96557 2.35 3.36765 2.22039 2.19177
threshold=0.14883265963629269 -0.16702198225135442 0.31141999999999997 0.80553278013315566 -0.090929999999999969 0.6627557500000002 -0.44420199961383972 0.079030500000000004 -0.62881439159417385 -0.043492960709558541 -0.095514536003080505 0.50948521560783611 0.22136781380155016 0.17161116208892421 0.62208236359720115 -0.41909003234053199 0.58353600000000005 -2.3610753450597266 -0.52469514197578759 0.033709000000000024 0.01854150000000002 0.30515862477456029 -2.4462742890646862 -0.054970499999999985 1.2747032500000002 -0.15203249999999996 -5.0786382696918499 -0.035073999999999987 -7.4375078527615957 0.0019815477643935213
decision_type=2 2 2 2 2 2 2 2 2 2 2 2 2 2 2 2 2 2 2 2 2 2 2 2 2 2 2 2 2 2
left_child=-1 2 9 4 -3 -6 7 8 -7 13 -11 12 -12 15 -15 -2 17 19 -18 -17 23 -19 -8 -20 25 -5 28 -28 -27 -26
right_child=1 3 -4 24 5 6 22 -9 -10 10 11 -13 -14 14 -16 16 18 21 20 -21 -22 -23 -24 -25 29 26 27 -29 -30 -31
leaf_value=1.3874433806694088e-05 0.0037783112380254482 0.023471025039907546 -0.025076278722421692 -0.013913620942858635 0.017386077319528778 -0.0083159365504980095 -0.016569716664140716 0.011054378997442531 0.010476935592790445 0.025442923562756431 -0.0019999795185867697 0.011768343593160223 -0.028265115507279656 0.023186286324635149 -0.0016485809930600226 -0.0076197514825672927 -0.02466098612440484 -0.0024508212158337321 -0.0039973578933212494 -0.028166668247431515 -0.0012126781194148444 0.012625426610854144 -0.0030157284280802645 -0.019907312306416472 -0.004099629175933925 0.00044608137437275478 0.011961821483931056 -0.0020875026904312627 -0.018567427749033361 0.013624254493294536
leaf_weight=117733 70 40 22 54 29 40 34 81 24 24 32 28 21 20 44 52 35 86 27 20 52 24 72 41 33 28 54 203 34 37
leaf_count=117733 70 40 22 54 29 40 34 81 24 24 32 28 21 20 44 52 35 86 27 20 52 24 72 41 33 28 54 203 34 37
internal_value=-1.9347e-12 -0.0012002 -0.00389812 0.00091428 0.00461484 0.0019211 0.000134306 0.00561527 -0.00126861 -0.00308923 0.00269121 -0.00405004 -0.0124069 -0.00437786 0.00611232 -0.00602742 -0.00806422 -0.0047655 -0.0119376 -0.0133272 -0.00822656 0.000838542 -0.00736323 -0.0135901 -0.00175881 -0.00307765 -0.00124334 0.000864495 -0.00998068 0.00526871
internal_weight=119094 1361 598 763 320 280 251 145 64 576 105 81 53 471 64 407 337 182 155 72 120 110 106 68 443 373 319 257 62 70
internal_count=119094 1361 598 763 320 280 251 145 64 576 105 81 53 471 64 407 337 182 155 72 120 110 106 68 443 373 319 257 62 70
is_linear=0
shrinkage=0.05


Tree=234
num_leaves=31
num_cat=0
split_feature=4 0 2 5 0 9 8 8 0 8 1 10 6 11 4 10 1 4 8 10 2 5 3 2 5 9 0 11 5 0
split_gain=0.779432 5.32742 2.81481 4.04544 2.88153 2.24652 6.79138 4.38362 3.76261 3.39386 4.60098 4.28781 2.4985 4.18114 3.5345 3.3863 2.74603 1.93736 2.32895 2.3729 2.19166 2.12547 3.97086 3.52722 3.63438 3.60369 3.17405 3.49084 2.54177 2.28875
threshold=-0.028224709033360548 -0.02518977067186173 -0.0079183891767520258 -3.7043480729324401 0.031161683271910493 0.84674525000000012 -1.5313446455560442 -2.4506479057231552 0.13941223233286507 0.61515601233369199 0.39337886371972003 0.083994500000000014 0.62208236359720115 0.0024914999999999942 -0.0044229106790960584 0.10238750000000003 0.43831218028126889 -0.027462995427395883 -1.7024157226246064 0.10533899999999997 -0.0039838757127068072 -3.8300351300206104 0.36964212216396003 0.14908496755007819 -5.0490879664284112 0.32297300000000007 0.019261446234609351 -0.0073454999999999901 -2.3600249103583697 0.054926679789417794
decision_type=2 2 2 2 2 2 2 2 2 2 2 2 2 2 2 2 2 2 2 2 2 2 2 2 2 2 2 2 2 2
left_child=-1 -2 3 4 -3 12 7 -7 -8 10 -10 -12 17 14 -14 -15 -16 18 19 21 -19 23 26 24 -4 -25 27 -23 -24 -28
right_child=1 2 5 -5 -6 6 8 -9 9 -11 11 -13 13 15 16 -17 -18 20 -20 -21 -22 22 28 25 -26 -27 29 -29 -30 -31
leaf_value=6.2906104731262857e-05 -0.022880400591440357 0.027368972167886536 0.0091069773169076672 -0.007236291123209177 0.005266150745252769 0.0094535535716108593 -0.019384320460907795 0.038373244227841496 -0.014069095342641787 -0.015055043064057827 0.023980586074340421 0.0003807487603473036 -0.0273727216064799 0.0087288012640234433 0.0038789458348062532 -0.014995929102102915 -0.01986204603953021 -0.013282795922714287 -0.016350504981748986 -0.019316895250231031 -0.00018815659553367511 -0.0058993771770754115 0.025212417514278343 -0.017127399440658719 -0.0093284741797028704 0.0054612629439519805 -0.01969842536064486 0.020010359395438663 0.0023940004408359531 -0.0015246199216784502
leaf_weight=95900 26 29 62 27 30 38 23 20 21 22 39 38 32 53 29 21 21 32 33 20 22260 26 26 76 47 23 30 26 23 41
leaf_count=95900 26 29 62 27 30 38 23 20 21 22 39 38 32 53 29 21 21 32 33 20 22260 26 26 76 47 23 30 26 23 41
internal_value=4.09282e-12 -0.000260097 -0.000234712 0.00879424 0.0161302 -0.000268352 0.00499458 0.0194259 -0.000858671 0.00269208 0.00667613 0.0123339 -0.000314585 -0.0066207 -0.0143968 0.00199611 -0.00609227 -0.000271296 -0.00358378 -0.00253052 -0.000206954 -0.00164703 0.00246516 -0.0050475 0.00115775 -0.0118795 -0.00232989 0.00705549 0.0145017 -0.00920369
internal_weight=119094 23194 23168 86 59 23082 201 58 143 120 98 77 22881 156 82 74 50 22725 433 400 22292 380 172 208 109 99 123 52 49 71
internal_count=119094 23194 23168 86 59 23082 201 58 143 120 98 77 22881 156 82 74 50 22725 433 400 22292 380 172 208 109 99 123 52 49 71
is_linear=0
shrinkage=0.05


Tree=235
num_leaves=31
num_cat=0
split_feature=10 0 6 10 11 9 9 6 11 1 3 11 2 6 1 11 10 11 4 4 4 0 11 9 8 8 0 11 6 3
split_gain=0.774588 2.84346 3.19882 4.5095 4.50505 7.18127 4.25952 5.5705 3.70473 4.12346 3.42593 5.33118 4.77382 5.02444 3.70462 3.45587 3.44979 3.1824 3.02428 2.95246 3.72091 2.92522 2.79172 3.82114 4.97689 3.80388 3.50167 3.47176 4.02329 6.67237
threshold=0.026879500000000004 0.046485042986332721 -4.4610780682763824 0.27186150000000009 0.051528500000000012 0.32851775000000005 0.40383575000000005 -5.5196325287999839 0.0098884999999999963 -0.1129016228416078 0.081735060740069546 0.0069909999999999981 0.099938149317521555 -6.1338054052746172 0.16921521441865242 0.0080495000000000028 0.028688499999999981 0.010546499999999988 -0.085288140740248028 -0.012880884520837242 -0.16933153126678521 0.12685243522333303 -0.024781999999999995 0.20396875000000006 -3.0438591685060259 -3.0648268383557253 -0.29484245847778245 -0.0041425000000000203 -3.3961088228654845 0.08442497908898651
decision_type=2 2 2 2 2 2 2 2 2 2 2 2 2 2 2 2 2 2 2 2 2 2 2 2 2 2 2 2 2 2
left_child=-1 22 3 6 5 -5 8 -8 9 -3 11 12 16 -14 -15 -13 -11 18 -9 20 -18 -16 23 -2 25 -25 -26 28 29 -24
right_child=1 2 -4 4 -6 -7 7 17 -10 10 -12 15 13 14 21 -17 19 -19 -20 -21 -22 -23 27 24 26 -27 -28 -29 -30 -31
leaf_value=-0.00013131230218354568 0.0053634370745802261 -0.021569842511477571 -0.00014232918063777585 -0.008062679956064505 0.0036251523513346909 -0.045821035569533708 0.02716174997665264 -0.015328390123870442 -0.0060703333812022605 -0.017069071959403735 0.0017602377875346195 0.027564018707545032 -0.034257689267396932 -0.011856045390873746 0.014953232084021526 0.0017663089503698491 -0.0070035503749157502 0.013132577989465342 0.0057606255854753888 -0.016923117358237507 0.0050891852094019216 -0.0087822936326265345 0.0050117606737814513 -0.0043430264396463625 -0.011964617560079206 -0.023481991169629277 -0.00014057462302716981 0.00019638769540261653 0.00055192110709619609 0.00072340678344699327
leaf_weight=57800 229 24 19026 34 25 20 27 34 495 31 702 21 20 157 27 34 89 39 34 23 223 25 1617 675 64 27 2895 25856 6755 2066
leaf_count=57800 229 24 19026 34 25 20 27 34 495 31 702 21 20 157 27 34 89 39 34 23 223 25 1617 675 64 27 2895 25856 6755 2066
internal_value=-1.00969e-12 0.000123827 -0.000346031 -0.00220574 -0.0139231 -0.0220473 -0.00174406 0.00686742 -0.00236081 -0.00102635 -0.000661677 -0.00327735 -0.00465407 -0.010316 -0.00802497 0.0116163 -0.00111148 0.00174642 -0.00478388 0.000365196 0.00163965 0.00354192 0.000370659 -0.000902321 -0.00129425 -0.00507914 -0.000396316 0.000507098 0.00127676 0.00260618
internal_weight=119094 61294 21110 2084 79 54 2005 134 1871 1376 1352 650 595 229 209 55 366 107 68 335 312 52 40184 3890 3661 702 2959 36294 10438 3683
internal_count=119094 61294 21110 2084 79 54 2005 134 1871 1376 1352 650 595 229 209 55 366 107 68 335 312 52 40184 3890 3661 702 2959 36294 10438 3683
is_linear=0
shrinkage=0.05


Tree=236
num_leaves=31
num_cat=0
split_feature=2 0 6 7 1 1 8 6 9 3 5 4 3 5 10 10 10 7 3 4 9 7 6 11 9 11 5 7 5 8
split_gain=0.78836 3.25527 2.94694 4.91477 6.38001 4.18912 2.87114 3.26291 3.66632 3.98374 3.4291 2.86983 2.72567 3.93034 4.74864 3.17416 3.70269 3.31949 2.58618 2.44195 3.87483 3.20838 2.88471 2.47695 2.5907 2.94592 3.07648 2.47396 2.32818 2.20926
threshold=0.10189774011475207 -0.10387990301468668 -7.1583493145329467 -6.0515327842249702 0.0204413210025336 0.02308730599987863 -2.2245710184470462 -2.4340868940962963 0.40135500000000007 0.31248080293943098 -2.2224835118535853 -0.11821943915369519 -0.45376172043010748 -4.5943754648021082 0.0030110000000000141 -0.16364649999999997 0.02596300000000001 0.39437584531971381 0.58388018148071785 -0.34339678432534881 0.71542525000000012 -0.60179689406171089 -1.5099924667558946 0.002309999999999993 0.44650825000000005 -0.015365500000000002 -3.4002572861704272 -1.9883998358619415 -4.4252137478836522 -2.4772119610845151
decision_type=2 2 2 2 2 2 2 2 2 2 2 2 2 2 2 2 2 2 2 2 2 2 2 2 2 2 2 2 2 2
left_child=2 6 3 5 -5 -1 7 8 9 -2 29 19 13 14 -3 -15 -17 -18 -12 20 28 23 -22 24 27 -26 -27 -21 -8 -9
right_child=1 12 -4 4 -6 -7 11 10 -10 -11 18 -13 -14 15 -16 16 17 -19 -20 21 22 -23 -24 -25 25 26 -28 -29 -30 -31
leaf_value=-0.0095039573847316219 0.016850599992390285 -0.025751708604347629 -0.00011647661158022795 0.030566573545739457 0.002677122978038033 0.017154142064973715 0.014688151804730296 0.00070823531369773715 0.026064272309304217 0.0010665969001417309 0.0025827941526788186 -0.015890448971185835 0.00011919027744509332 -0.020313873915001751 -0.0047551620880077628 0.0076509285055369417 -0.005808537022139018 0.012897561556073252 0.022603725787738099 0.0075337691691059333 0.025553107460339865 -0.0069731307673850098 0.0078953455820089512 -0.0014275638746286585 0.0027862003112686913 0.023196810200100854 0.0069461651168469529 -0.0040233961173647042 -0.0041528392544753117 -0.015879793647293219
leaf_weight=56 68 39 73134 37 46 20 20 49 32 97 54 24 43540 20 87 111 195 27 23 65 30 125 101 424 247 42 95 161 91 34
leaf_count=56 68 39 73134 37 46 20 20 49 32 97 54 24 43540 20 87 111 195 27 23 65 30 125 101 424 247 42 95 161 91 34
internal_value=8.58424e-13 0.000162735 -0.000101694 0.00669794 0.0151098 -0.00248867 0.00225777 0.00626752 0.0105754 0.00757152 0.00096342 0.00125323 7.79226e-05 -0.00367322 -0.0112541 -0.000967295 0.000194662 -0.00353347 0.00856307 0.00154691 0.0061152 0.000593048 0.0119391 0.00150772 0.00354799 0.00604777 0.0119281 -0.000699433 -0.000758066 -0.00608686
internal_weight=119094 45801 73293 159 83 76 1782 357 197 165 160 1425 44019 479 126 353 333 222 77 1401 242 1159 131 1034 610 384 137 226 111 83
internal_count=119094 45801 73293 159 83 76 1782 357 197 165 160 1425 44019 479 126 353 333 222 77 1401 242 1159 131 1034 610 384 137 226 111 83
is_linear=0
shrinkage=0.05


Tree=237
num_leaves=31
num_cat=0
split_feature=7 6 1 8 8 7 8 0 8 8 4 9 1 2 5 1 9 8 3 9 4 11 10 1 0 8 6 9 8 8
split_gain=0.749464 6.27267 9.32797 6.24684 5.80639 4.47759 5.96503 4.46503 4.56966 4.3687 4.30317 4.19559 4.08571 3.98565 3.93102 9.38955 5.74295 5.53921 4.40317 4.46378 4.59087 5.05977 5.05163 3.95106 3.8902 4.08171 4.53838 4.03105 3.80095 5.31061
threshold=-3.0605666559286608 -2.7267775042220981 -0.063866751610013137 -3.4893956424824988 -1.9039648520751045 -3.0487863987332728 -2.4413927840477019 -0.049143206711722169 -4.1976334281201231 -2.5630350325577322 -0.42176678960278774 0.46237850000000003 0.19855855387891866 0.1373973083468816 -2.8637906595380795 -0.048251991897013173 0.5337447500000001 -3.5968073164518257 0.038777965553887801 0.22922875000000004 -0.14519569932763585 -0.027350999999999983 -0.0017849999999999808 0.11350176639615429 -0.12790067133625541 -3.3280959802470971 -3.9804231593065058 0.34356325000000004 -2.7185234093298862 -2.8221848835940966
decision_type=2 2 2 2 2 2 2 2 2 2 2 2 2 2 2 2 2 2 2 2 2 2 2 2 2 2 2 2 2 2
left_child=1 4 11 -2 7 6 9 8 -1 13 -4 28 14 -5 16 18 24 -17 -16 -20 22 -22 -21 -19 -10 26 -26 -28 29 -3
right_child=3 2 10 5 -6 -7 -8 -9 12 -11 -12 -13 -14 -15 15 17 -18 23 19 20 21 -23 -24 -25 25 -27 27 -29 -30 -31
leaf_value=-0.010268412098288536 -0.0062745159154322513 0.0042168192148796827 -0.024320642217993738 0.002732017297305058 -0.0037390042458301286 9.0083849337435111e-05 -0.0062018317094676293 -6.8907410747399725e-05 -0.0082430369243181017 0.027424661699613492 -0.0034676307138637357 0.026485318876802923 -0.020297567667439582 0.014672324860094153 -0.0016952376574890802 -0.02013439210422803 0.02183683379212531 -0.0055365299570653012 -0.0015145120269153267 0.025120322512728829 0.0083337490722029048 0.039290003433372037 -0.0066408753620400543 0.017069066581981523 0.0018368836895797801 0.001517747636546288 0.0076957262628234401 0.025720014315888742 -0.0034911487544538318 0.027489873242598994
leaf_weight=75 384 266 25 222 1010 79311 92 32001 75 27 2374 20 20 102 117 64 41 243 48 21 22 33 31 21 412 1313 517 33 147 27
leaf_count=75 384 266 25 222 1010 79311 92 32001 75 27 2374 20 20 102 117 64 41 243 48 21 22 33 31 21 412 1313 517 33 147 27
internal_value=-1.00748e-12 -0.000179901 -0.00243433 8.74518e-05 -1.34208e-06 0.000118083 0.00513089 0.000106249 0.00192257 0.00810128 -0.00368494 0.00408784 0.00222623 0.006491 0.00237684 -0.00124166 0.00328487 -0.00693758 0.00562696 0.011154 0.0168371 0.0269075 0.00618576 -0.00373836 0.0029612 0.00333057 0.00580483 0.00877718 0.00306978 0.00636144
internal_weight=119094 38956 2859 80138 36097 79754 443 35087 3086 351 2399 460 3011 324 2991 600 2391 328 272 155 107 55 52 264 2350 2275 962 550 440 293
internal_count=119094 38956 2859 80138 36097 79754 443 35087 3086 351 2399 460 3011 324 2991 600 2391 328 272 155 107 55 52 264 2350 2275 962 550 440 293
is_linear=0
shrinkage=0.05


Tree=238
num_leaves=31
num_cat=0
split_feature=2 5 11 6 8 9 4 8 1 2 0 10 4 6 11 3 8 8 6 10 7 6 5 0 5 11 11 9 0 3
split_gain=0.757378 2.95356 3.02582 7.72739 7.33614 3.71673 3.05537 3.72858 3.71265 2.83196 2.77045 7.31642 8.48168 7.95613 2.95878 4.64426 2.73653 2.85904 4.55986 3.94637 3.79344 6.34678 3.57687 3.39948 3.38905 4.99195 3.81863 4.93167 4.46478 3.2892
threshold=0.22104460847240062 -7.1857965813610312 0.11810349999999999 -3.1782193599302841 -1.5001172294596328 0.31753725000000005 -0.10472016415457029 -1.6425503620890645 0.25040366013629539 0.23980816886810433 0.01404838186071722 -0.12586299999999997 -0.0030853462037581654 -5.9227674387528646 -0.10674599999999997 0.19519301709303741 -4.7917139135934015 -2.8401648244488311 -5.2682388205839912 -0.0077929999999999658 -2.8357707770332179 -6.4665603489108898 -1.9279331849154653 0.13283964652060767 -2.0308506037546339 -0.0018495000000000176 -0.15991899999999995 0.60654550000000007 0.0073292673802228822 0.30365794218355552
decision_type=2 2 2 2 2 2 2 2 2 2 2 2 2 2 2 2 2 2 2 2 2 2 2 2 2 2 2 2 2 2
left_child=-1 2 6 4 5 -4 7 9 -9 -2 11 12 13 -8 15 -12 -3 18 -18 22 21 -19 23 -20 26 -26 28 -28 -23 -24
right_child=1 16 3 -5 -6 -7 10 8 -10 -11 14 -13 -14 -15 -16 -17 17 20 19 -21 -22 24 29 -25 25 -27 27 -29 -30 -31
leaf_value=-6.3813763671329767e-05 -0.0054114753031171865 -0.0098038563420637867 -0.029428067945298699 -0.033923067480325697 0.018557666188904219 -0.0021846529516962271 0.040116108684904048 -0.0090148515046584877 0.0077723605479201631 0.010926311546936632 -0.027918409377336501 -0.0065858521438881563 -0.016158034632514633 9.766853131029917e-05 -0.0001180248281895664 -0.00031161415032469311 0.008585330993131992 0.022637534700334073 -0.0026561111907791746 0.0018515188711015033 0.00050735416537876072 -0.034240052746608851 0.024220094675927062 -0.02020966424125022 -0.0031036629567582474 0.011474388797625738 -0.0017640758020027977 -0.025022114748540131 -0.0035318624549384777 -0.0004112711853601716
leaf_weight=94810 32 65 21 25 28 31 27 87 53 155 25 529 21 23 1501 39 221 27 564 3720 14174 20 23 29 120 115 2524 23 29 33
leaf_count=94810 32 65 21 25 28 31 27 87 53 155 25 529 21 23 1501 39 221 27 564 3720 14174 20 23 29 120 115 2524 23 29 33
internal_value=2.21883e-12 0.000249143 -0.00134434 -0.00965882 -0.00207624 -0.0131868 -0.000994008 0.00351087 -0.00265969 0.00813054 -0.00167442 -0.00456309 0.0105079 0.0217076 -0.000566945 -0.0110955 0.000439961 0.000470756 0.00157829 0.00122385 0.000172282 -0.00148948 -0.00237386 -0.00351455 -0.00171959 0.00403028 -0.00224009 -0.0019741 -0.0160658 0.00970518
internal_weight=119094 24284 2597 105 80 52 2492 327 140 187 2165 600 71 50 1565 64 21687 21622 4590 4369 17032 2858 649 593 2831 235 2596 2547 49 56
internal_count=119094 24284 2597 105 80 52 2492 327 140 187 2165 600 71 50 1565 64 21687 21622 4590 4369 17032 2858 649 593 2831 235 2596 2547 49 56
is_linear=0
shrinkage=0.05


Tree=239
num_leaves=31
num_cat=0
split_feature=5 10 3 9 6 3 8 11 2 10 9 7 1 10 6 0 2 1 7 9 2 0 3 4 9 0 0 11 1 5
split_gain=0.775929 3.17415 3.57013 3.67572 3.72191 3.19968 2.97673 3.6661 4.18328 3.16562 2.65453 2.7828 3.08411 2.52676 2.45289 2.52975 2.52711 2.36503 2.3184 3.97529 2.61471 2.79715 3.68873 3.66396 2.2415 1.95103 1.90045 1.88898 1.84901 1.7702
threshold=-17.170093932826425 0.057509499999999998 -0.43850570409006723 0.19439150000000002 -6.1338054052746172 -0.16023685527046308 -0.28549488444142596 -0.035932500000000027 0.18904264028755138 0.05256000000000003 0.15635900000000003 -3.4724544894089502 0.08648252503144406 -0.30283649999999995 -2.8826618441546574 0.027965572327722236 0.29044924967510594 -0.08741390485927035 -1.9609852470662537 0.35320550000000006 -0.17481079972033922 0.026368337863399097 0.30365794218355552 -0.085288140740248028 0.13671925000000004 -0.012836836068867817 0.021658255947203723 -0.116507 0.14587706373398415 -9.7602806985147534
decision_type=2 2 2 2 2 2 2 2 2 2 2 2 2 2 2 2 2 2 2 2 2 2 2 2 2 2 2 2 2 2
left_child=1 6 -3 -4 -5 -6 7 8 17 10 24 12 25 -13 16 -16 -7 -1 19 -15 -21 22 -22 -23 -9 -12 -27 -19 -14 -2
right_child=29 2 3 4 5 14 -8 9 -10 -11 11 13 28 18 15 -17 -18 27 -20 20 21 23 -24 -25 -26 26 -28 -29 -30 -31
leaf_value=-0.01161318522524731 -0.001369923264794157 -0.022118161950746312 -0.018938354322952884 0.019331654600556133 0.009496080399691768 -0.0040339748246317848 0.019936346472240987 0.0030988673912361268 -0.01887948399625446 0.017610303805889311 0.00085021879715033069 -0.013538300246000291 0.015502438107850375 0.002739818594547369 -0.0029050850278908025 -0.020937894726474143 0.013078747869336181 0.017895817317600763 -0.00053808337468852073 0.027987323091898969 0.026590046019126207 -0.01062520583328823 0.0028033301641698927 0.016097738739588988 0.026487596780948697 -0.02002028477200795 -0.0041186684674090323 -0.00033071987087499689 -0.0042794765328012761 1.3970890069078862e-05
leaf_weight=29 2358 23 28 23 51 94 24 20 41 37 39 21 27 289 41 37 28 21 188 24 39 29 28 23 21 42 34 44 21 115370
leaf_count=29 2358 23 28 23 51 94 24 20 41 37 39 21 27 289 41 37 28 21 188 24 39 29 28 23 21 42 34 44 21 115370
internal_value=-3.85049e-12 0.00118481 -0.00312881 -0.0016826 8.07623e-05 -0.00168326 0.00253153 0.00212079 -0.00555245 0.00329527 0.00266846 0.00203561 -0.00379774 0.00351897 -0.004534 -0.0114591 -0.000106465 0.000260406 0.00409672 0.00611372 0.0129323 0.00989598 0.0166493 0.00119456 0.0150785 -0.00824111 -0.0129064 0.00555785 0.00684785 -1.37474e-05
internal_weight=119094 1366 325 302 274 251 1041 1017 135 882 845 804 163 641 200 78 122 94 620 432 143 119 67 52 41 115 76 65 48 117728
internal_count=119094 1366 325 302 274 251 1041 1017 135 882 845 804 163 641 200 78 122 94 620 432 143 119 67 52 41 115 76 65 48 117728
is_linear=0
shrinkage=0.05


Tree=240
num_leaves=31
num_cat=0
split_feature=3 7 0 9 9 4 9 3 6 10 11 8 7 8 0 9 5 9 8 3 1 0 10 4 11 4 10 2 8 5
split_gain=0.734131 2.69804 4.13766 4.24442 4.72145 8.16642 4.18412 5.14147 4.13143 4.0494 3.89004 3.59124 4.12071 3.56677 7.42006 7.41164 4.49393 4.38793 5.81595 4.1121 4.54118 4.67984 4.09257 5.67473 4.03519 3.86431 3.79837 3.8613 3.77979 3.51261
threshold=0.092756800485050875 -3.5295199212817159 -0.049143206711722169 0.20664800000000003 0.24956400000000004 -0.018420673827993558 0.15010150000000003 -0.0086939694086329272 -3.1508359115171163 0.18392850000000002 0.0083265000000000162 -3.1481775420424474 -3.5855876952877459 -3.4259494181301329 0.070000853679358058 0.16886200000000004 -8.8896439212707055 0.24641000000000005 -2.3506878147976114 0.030818743890207893 0.052817290483230923 -0.12092418826121097 -0.019690999999999997 -0.0044229106790960584 -0.0056454999999999969 -0.017010859259743879 0.12022099999999998 0.3987803066767846 -2.2245710184470462 -1.9518008159761624
decision_type=2 2 2 2 2 2 2 2 2 2 2 2 2 2 2 2 2 2 2 2 2 2 2 2 2 2 2 2 2 2
left_child=1 2 6 8 5 9 -1 11 -4 -5 -11 -8 -13 14 15 25 -17 18 19 -15 21 -21 23 -20 -22 -3 27 28 -24 -18
right_child=-2 13 3 4 -6 -7 7 -9 -10 10 -12 12 -14 17 -16 16 29 -19 22 20 24 -23 26 -25 -26 -27 -28 -29 -30 -31
leaf_value=-0.0171181200693051 0.00012588470996525457 0.0048330596898391092 0.00031996060110055864 -0.0026403199039828928 -0.00080351473626853525 -0.013629998416002407 -0.0053032602051924773 0.0091641104319828675 -0.0071133734628813453 -0.032229144024946123 -0.0031488947732293093 0.012756716293400864 -0.012937343483790756 0.0023636021412946039 -0.010419236472614606 0.010443660391460835 -0.0026664178519396797 -0.00011318865458998785 0.010415307362102858 0.018777374137192965 0.0069233427865524446 -0.0031248489852338185 -0.0096693421911211407 -0.018150863964997589 -0.00062669994481089259 0.024369616828987313 0.011314425071597928 -0.027003942541778087 -0.0015202022405308368 -0.014955007520339063
leaf_weight=24 58716 199 3656 1585 2166 206 162 261 197 23 23 71 20 5130 241 62 937 42799 101 25 308 998 232 21 416 29 36 20 368 62
leaf_count=24 58716 199 3656 1585 2166 206 162 261 197 23 23 71 20 5130 241 62 937 42799 101 25 308 998 232 21 416 29 36 20 368 62
internal_value=-2.10832e-12 -0.00012242 -0.000954194 -0.0012447 -0.00238491 -0.00424953 0.00328782 0.00424063 -6.00983e-05 -0.00306475 -0.017689 -0.00083853 0.00710967 1.18894e-05 -0.00236645 -0.000860853 -0.00261841 8.40118e-05 0.00118656 0.00165011 -0.000445039 -0.0025896 -0.00291093 0.00549818 0.0025852 0.00731797 -0.00447482 -0.00539161 -0.0046712 -0.00342907
internal_weight=119094 60378 8394 7856 4003 1837 538 514 3853 1631 46 253 91 51984 1530 1289 1061 50454 7655 6877 1747 1023 778 122 724 228 656 620 600 999
internal_count=119094 60378 8394 7856 4003 1837 538 514 3853 1631 46 253 91 51984 1530 1289 1061 50454 7655 6877 1747 1023 778 122 724 228 656 620 600 999
is_linear=0
shrinkage=0.05


Tree=241
num_leaves=31
num_cat=0
split_feature=8 12 3 4 10 2 10 11 9 5 5 7 3 4 3 10 1 0 9 10 4 4 8 4 9 9 10 11 4 9
split_gain=0.732913 1.35357 3.19598 2.20757 1.69003 2.16844 1.64671 2.04275 1.8285 1.58493 1.48861 1.33711 1.53858 2.34451 2.05809 1.32955 1.1833 0.933992 1.86079 2.10598 1.98064 2.82948 2.57946 2.49005 2.40232 2.50203 2.1904 2.09462 2.09031 1.97451
threshold=0.61515601233369199 -0.4011759538616288 -0.48682544785801818 -0.03391066775413009 -0.24448099999999995 2.0011737089201884 0.099371999999999988 -0.047437999999999973 1.0889377500000001 -6.962252580723761 -1.8745408274840323 -1.746333385125064 0.45406138140002655 -0.15006826364481293 -0.095514536003080505 0.025667499999999985 0.26960614224871077 0.39933890765301921 1.2747032500000002 0.31615150000000009 -0.047235498319417195 -0.082999409193322479 -0.64066151485626388 -0.11821943915369519 0.56328600000000006 0.49247000000000002 1.0000000180025095e-35 -0.041897499999999997 -0.45908230278314743 0.6627557500000002
decision_type=2 2 2 2 2 2 2 2 2 2 2 2 2 2 2 2 2 2 2 2 2 2 2 2 2 2 2 2 2 2
left_child=17 2 -2 4 -3 6 7 -6 -8 -4 -7 -11 14 -14 -13 16 -9 -1 19 20 21 23 24 28 25 -22 -23 -24 -19 -26
right_child=1 3 9 -5 5 10 8 15 -10 11 -12 12 13 -15 -16 -17 -18 18 -20 -21 22 26 27 -25 29 -27 -28 -29 -30 -31
leaf_value=-4.0832712630042783e-06 -0.022498177087982185 0.013493465026840568 0.0099163221284037546 -0.013629539257202013 0.0053349667899310589 0.019931940333917736 0.013106774912947523 -0.025828829631209374 -0.0040357574650053199 -0.015809197707668598 0.0019344080308521237 -0.0071063393459189694 0.0052698129852069547 -0.016552863768447425 0.01482462378461724 -0.0030232106867645468 -0.0086292826291173696 0.0052336802813582701 0.016061726115135986 -0.013264364454274378 0.0016998097334483949 -0.023904339149594306 0.020316199962557718 0.013271574896613235 -0.01534249359769199 0.021139727979898455 -0.0041480396101449398 0.0062323779343525093 -0.0037262859251136066 0.00086600765685683912
leaf_weight=117889 24 27 21 26 25 20 28 20 35 23 27 20 20 32 23 28 20 104 22 24 96 20 33 38 34 20 47 132 174 42
leaf_count=117889 24 27 21 26 25 20 28 20 35 23 27 20 20 32 23 28 20 104 22 24 96 20 33 38 34 20 47 132 174 42
internal_value=-2.54023e-12 -0.00208749 -0.00564896 0.00018017 0.00174127 0.000178168 -0.00265833 -0.00688643 0.00358315 -0.00273975 0.00959293 -0.0049921 -0.00237322 -0.00815953 0.00462418 -0.0113796 -0.0172291 7.37019e-06 0.00172523 0.0013124 0.00178516 -0.000712261 0.00446446 0.00126661 0.000524499 0.00505152 -0.0100454 0.00904914 -0.000374356 -0.00638516
internal_weight=119094 419 163 256 230 203 156 93 63 139 47 118 95 52 43 68 40 118675 786 764 740 383 357 316 192 116 67 165 278 76
internal_count=119094 419 163 256 230 203 156 93 63 139 47 118 95 52 43 68 40 118675 786 764 740 383 357 316 192 116 67 165 278 76
is_linear=0
shrinkage=0.05


Tree=242
num_leaves=31
num_cat=0
split_feature=0 8 11 7 11 4 0 1 6 7 3 6 11 4 10 4 12 3 8 6 4 2 2 5 10 9 10 1 0 8
split_gain=0.741762 3.80356 1.95172 3.51931 3.02779 5.09274 2.86388 2.63676 2.95112 4.24259 2.66147 2.69107 2.52203 2.22565 3.10317 2.18952 2.00053 1.95575 3.55685 4.09196 5.14464 3.1785 5.14004 2.96379 4.26737 3.35761 4.72436 2.84826 4.21285 3.45267
threshold=0.15052421044674416 -3.2416299426946882 0.1583495 -2.188211969295025 0.129186 -0.012173773757042648 0.27965313180399215 0.23356383394544647 -0.13093745654751734 -1.4317673682138703 0.71091913089039538 -0.34162466378050754 0.31141999999999997 -0.30944798454141015 0.19827750000000008 -0.16751784974894776 0.18253353331992675 -0.032752241116470952 -1.5001172294596328 0.62208236359720115 -0.012173773757042648 -0.056505843092344292 -0.09643170242965686 -3.7670394661316782 0.043616500000000009 0.43449175000000007 -0.11816799999999995 0.20645283905105985 0.18620962894147222 -2.743826333767327
decision_type=2 2 2 2 2 2 2 2 2 2 2 2 2 2 2 2 2 2 2 2 2 2 2 2 2 2 2 2 2 2
left_child=-1 -2 4 -4 17 6 -6 10 9 -9 11 13 -10 -5 15 -15 -11 18 21 -20 -21 22 -3 24 25 26 -23 29 -29 -25
right_child=1 2 3 7 5 -7 -8 8 12 16 -12 -13 -14 14 -16 -17 -18 -19 19 20 -22 23 -24 27 -26 -27 -28 28 -30 -31
leaf_value=3.6350842306301302e-05 -0.013913265615701676 -0.0031754255703588469 -0.017126113460177467 0.0037901622944522696 -0.0090186190912627598 -0.029448054479840009 0.008730723731445544 0.01435204254812561 0.01817367351880031 -0.0041427006861111072 0.025218648284208028 -0.0052938039755312414 -0.0034304720661814583 0.020604083575308324 0.031953531858466923 -0.0020163034736786203 -0.019798707611858847 0.00031372490919165407 0.00080700657714203455 -0.0026243291632272302 -0.024175360342875745 0.018483919855207205 -0.014187202580173367 -0.015425550683479138 0.0015921160514161242 -0.019199173656913142 -0.006460218800633806 0.0058466379192165588 -0.0082363683670718963 0.0040370359195075192
leaf_weight=109778 52 436 21 83 73 23 33 28 35 111 20 41 22 20 21 23 25 4537 2021 120 36 20 140 24 238 48 373 79 162 451
leaf_count=109778 52 436 21 83 73 23 33 28 35 111 20 41 22 20 21 23 25 4537 2021 120 36 20 140 24 238 48 373 79 162 451
internal_value=-1.25098e-12 -0.000428352 -0.000352659 0.00285922 -0.000516642 -0.00812055 -0.00349288 0.00383753 3.46512e-05 -0.00337165 0.00787808 0.00603334 0.00983523 0.00919261 0.0161989 0.00850481 -0.00702064 -0.0004037 -0.0011884 0.000204744 -0.00759764 -0.00272716 -0.0058519 -0.00143694 -0.00380356 -0.00671552 -0.0051908 0.000807378 -0.00361995 0.00305366
internal_weight=119094 9316 9264 450 8814 129 106 429 221 164 208 188 57 147 64 43 136 8685 4148 2177 156 1971 576 1395 679 441 393 716 241 475
internal_count=119094 9316 9264 450 8814 129 106 429 221 164 208 188 57 147 64 43 136 8685 4148 2177 156 1971 576 1395 679 441 393 716 241 475
is_linear=0
shrinkage=0.05


Tree=243
num_leaves=31
num_cat=0
split_feature=10 7 3 10 5 9 7 3 9 1 4 0 7 2 4 6 6 7 5 1 0 11 8 7 10 9 9 0 5 0
split_gain=0.713866 2.40546 7.52995 4.97762 3.49129 2.90121 2.6852 3.48449 2.23034 2.99716 3.46227 3.26851 2.38477 3.74025 4.46679 3.17323 2.75839 2.37613 2.0969 2.09512 2.00393 1.83804 3.27463 7.21669 4.8009 5.81128 3.33009 3.38062 3.17336 4.32191
threshold=-0.22315999999999997 -4.685992601504112 0.030818743890207893 -0.27215699999999993 -7.4375078527615957 0.37431700000000007 -4.0337992961490192 0.32203681726869599 0.21913850000000004 -0.091652106725727808 -0.0044229106790960584 0.022420230382142806 -3.4866084170838731 0.10411340171055007 -0.030598736477773111 -4.4866921912590811 -6.1338054052746172 -3.2959523798788268 -5.4111562314846253 0.11711998440197037 -0.056497710710255548 -0.084376499999999979 -2.4506479057231552 -2.188211969295025 -0.49409349999999991 0.5337447500000001 0.99512200000000017 -0.028834039499086968 -2.6156000726210311 0.043847459396568318
decision_type=2 2 2 2 2 2 2 2 2 2 2 2 2 2 2 2 2 2 2 2 2 2 2 2 2 2 2 2 2 2
left_child=1 2 -1 4 5 -4 7 -3 9 -8 11 17 13 15 -15 -10 -14 -11 -13 -16 -17 22 -18 28 25 -25 -26 -28 29 -24
right_child=-2 6 3 -5 -6 -7 8 -9 12 10 -12 18 16 14 19 20 21 -19 -20 -21 -22 -23 23 24 26 -27 27 -29 -30 -31
leaf_value=0.032691553271036934 2.215138830187516e-05 -0.0044620522781841313 -0.01282338714548226 -0.021923626242205504 0.018192908552009612 0.011579205982741855 0.022136858371751653 -0.027286723069846631 -0.021956856231181286 0.012051122113451607 0.019353225633788568 -0.018625049991533162 -0.018651746497267769 0.019304673911618261 -0.016379357805556577 0.0076297922788754764 0.0014802758480618127 -0.0041473763348120777 -0.0017637766742457945 0.0057480255770497026 -0.00840009344756254 0.00034408778253578403 -0.031978101229502093 -0.029013979094552583 -0.00041370851124592579 -0.0045092637246404461 0.02781697201299603 0.00070759901048048687 -0.0042579409063738935 -0.005334549524780849
leaf_weight=22 115318 102 29 20 34 21 21 20 39 61 26 28 21 29 23 23 347 36 54 20 128 2107 45 29 242 146 23 23 34 23
leaf_count=22 115318 102 29 20 34 21 21 20 39 61 26 28 21 29 23 23 347 36 54 20 128 2107 45 29 242 146 23 23 34 23
internal_value=3.16534e-12 -0.000676497 0.00611576 0.000493956 0.00583148 -0.0025743 -0.00091097 -0.0082038 -0.00065878 0.00414657 0.00230367 -0.000172807 -0.000987674 -0.00556478 0.00413987 -0.00924234 -0.0005932 0.00603931 -0.00752128 -0.00608755 -0.00595846 -0.000467586 -0.0023428 -0.00469078 -0.00203847 -0.00857005 0.00193037 0.0142623 -0.0167302 -0.0229663
internal_weight=119094 3776 126 104 84 50 3650 122 3528 226 205 179 3302 262 72 190 3040 97 82 43 151 3019 912 565 463 175 288 46 102 68
internal_count=119094 3776 126 104 84 50 3650 122 3528 226 205 179 3302 262 72 190 3040 97 82 43 151 3019 912 565 463 175 288 46 102 68
is_linear=0
shrinkage=0.05


Tree=244
num_leaves=31
num_cat=0
split_feature=7 8 11 3 3 7 11 9 4 10 4 3 1 5 4 11 0 10 6 4 7 1 9 9 5 3 10 9 10 10
split_gain=0.722368 2.76548 3.90022 3.02496 3.99456 2.56653 5.67145 2.83425 3.74936 1.94962 1.90799 6.26272 2.84725 2.87081 2.67642 2.51351 2.1299 2.12278 3.07881 1.90705 1.84569 1.61342 1.60987 4.18401 1.58304 1.54821 1.5191 1.92306 1.86515 1.78888
threshold=0.14883265963629269 -0.16702198225135442 0.100952 -0.31148933458794664 -0.077888414534654268 0.80553278013315566 -0.090929999999999969 0.6627557500000002 -0.44420199961383972 0.13598200000000008 -0.043492960709558541 -0.077888414534654268 -0.32113486897270999 0.17161116208892421 -0.0037621379170540976 0.023307999999999943 -0.26226178725045496 -0.045217999999999987 -0.89674801718311892 -0.62881439159417385 0.39437584531971381 -0.23480717765427653 0.19856550000000003 0.50112850000000009 -2.4462742890646862 -0.0086939694086329272 0.083994500000000014 1.2747032500000002 -0.15203249999999996 -0.035073999999999987
decision_type=2 2 2 2 2 2 2 2 2 2 2 2 2 2 2 2 2 2 2 2 2 2 2 2 2 2 2 2 2 2
left_child=-1 2 10 -4 -5 6 -3 -8 9 19 12 -12 15 -14 -13 16 17 -2 -19 20 -9 -11 -7 -24 -10 -26 27 28 -25 -30
right_child=1 5 3 4 -6 22 7 8 24 21 11 14 13 -15 -16 -17 -18 18 -20 -21 -22 -23 23 26 25 -27 -28 -29 29 -31
leaf_value=1.3239887142477064e-05 0.0040021188615355641 0.021873292718082665 -0.0014143404861291251 -0.03880609769606963 -0.0099582301887373142 0.0090096331399047019 0.01654562213747152 0.0058990653218643279 -0.016002910907435067 0.0045792014488289434 0.027015816768550357 -0.011308976747493101 -0.0083220177081692586 0.0073796412427768569 0.0083438036241568619 0.013019373841010607 0.010567525903192852 -0.0016798699826554018 -0.027562809111550454 0.0095504449733666008 -0.013299126490469902 0.021297622572078748 -0.020130660289132428 -0.014644604810036538 0.0089101765584200625 -0.0074592823046259584 0.0033302662736835772 0.0079125074810828238 0.0048700141298742795 -0.0061455063285182944
leaf_weight=117733 32 40 30 20 30 33 29 21 34 31 23 41 247 33 30 39 26 27 20 35 31 27 31 41 20 52 131 33 53 121
leaf_count=117733 32 40 30 20 30 33 29 21 34 31 23 41 247 33 30 39 26 27 20 35 31 27 31 41 20 52 131 33 53 121
internal_value=2.36663e-13 -0.00114531 -0.00369119 -0.0139662 -0.0214974 0.000850015 0.004262 0.0017461 3.6199e-05 0.00526113 -0.00210431 0.00434053 -0.00353312 -0.00647147 -0.00300499 0.00218032 -0.00184561 -0.00593095 -0.0126939 0.000527276 -0.00554601 0.0123619 -0.00161463 -0.00246975 -0.00711111 -0.00291221 -0.00102519 -0.00332585 -0.00505081 -0.0027902
internal_weight=119094 1361 598 80 50 763 320 280 251 145 518 94 424 280 71 144 105 79 47 87 52 58 443 410 106 72 379 248 215 174
internal_count=119094 1361 598 80 50 763 320 280 251 145 518 94 424 280 71 144 105 79 47 87 52 58 443 410 106 72 379 248 215 174
is_linear=0
shrinkage=0.05


Tree=245
num_leaves=31
num_cat=0
split_feature=6 7 11 3 6 0 3 1 1 0 9 12 9 11 10 11 7 8 7 4 2 1 8 6 10 11 8 7 3 7
split_gain=0.713746 5.98375 3.47733 5.11517 2.90811 2.61144 3.70309 4.48982 3.2496 3.57162 6.69369 2.77888 3.57056 2.4342 3.49664 2.93476 2.96738 4.74614 2.79733 2.75835 3.38738 9.59024 3.46835 2.73389 2.61298 2.42703 2.42652 2.28933 2.25812 3.05096
threshold=-0.84997213591213228 -1.1677469244182184 -0.12881199999999998 0.016825182138799025 0.15499957468098949 -0.029781423279718829 1.8838283366022233 0.31084690668833698 -0.085266419872426599 -0.060521869047586267 0.48455325000000005 -0.6246511558433111 0.65129150000000013 -0.054970499999999985 0.049434499999999999 0.20683000000000004 -0.60179689406171089 -1.0832497722515886 -1.1132352349693699 -0.50342274957816568 -0.19663681364038724 -0.0086201588898937014 -1.4644899349970288 -0.79676610356634237 0.19827750000000008 -0.3373894999999999 -2.4589755583628201 -1.1947485874936266 -0.026602411076629192 -0.4121299360677218
decision_type=2 2 2 2 2 2 2 2 2 2 2 2 2 2 2 2 2 2 2 2 2 2 2 2 2 2 2 2 2 2
left_child=-1 2 3 -2 13 8 7 -7 9 27 -11 12 26 18 -15 16 19 -18 -3 -16 21 22 -21 -19 -22 -6 -10 -4 -27 -30
right_child=1 4 5 -5 25 6 -8 -9 11 10 -12 -13 -14 14 15 -17 17 23 -20 20 24 -23 -24 -25 -26 28 -28 -29 29 -31
leaf_value=3.1642297006389765e-05 -0.027224305799395283 0.02367494905367494 -0.0019032125557476834 -0.0029498754752178991 -0.015783902340465124 0.00035220160530568249 0.01987577991729433 -0.0076800152689236872 0.0031922178190262594 -0.0011653251739011871 0.030127835843712092 -0.019747327790699071 0.014810543835517907 -0.00088570377927236002 -0.0034876642158832502 -0.0031230646517326939 0.026023632559489702 -0.012312402804382146 0.0044318983526378435 0.017724424810899843 0.00050171479887559263 0.042875953707844021 -0.0032583586319729139 0.0066734349834158607 0.017546794152197741 0.0010909273314726985 -0.0073936010499226715 -0.016780284088518886 -0.0052325525823308282 0.00057505990332728466
leaf_weight=111634 34 20 612 60 27 1217 22 203 61 54 25 36 21 1161 179 173 31 20 339 31 356 20 54 365 24 901 481 27 471 435
leaf_count=111634 34 20 612 60 27 1217 22 203 61 54 25 36 21 1161 179 173 31 20 339 31 356 20 54 365 24 901 481 27 471 435
internal_value=7.71117e-13 -0.000473506 -0.00227298 -0.01173 0.000640863 -0.00195078 -0.000480684 -0.000796066 -0.0035604 -0.00129187 0.00873757 -0.0062796 -0.00541843 0.00166249 0.0010912 0.00292296 0.00389144 0.00720262 0.00550393 0.00181697 0.00377476 0.011724 0.00439419 0.00568716 0.00157825 -0.000903828 -0.00620221 -0.00253182 -0.000681492 -0.00244413
internal_weight=119094 7460 2853 94 4607 2759 1442 1420 1317 718 79 599 563 2773 2414 1253 1080 416 359 664 485 105 85 385 380 1834 542 639 1807 906
internal_count=119094 7460 2853 94 4607 2759 1442 1420 1317 718 79 599 563 2773 2414 1253 1080 416 359 664 485 105 85 385 380 1834 542 639 1807 906
is_linear=0
shrinkage=0.05


Tree=246
num_leaves=31
num_cat=0
split_feature=10 1 11 9 6 10 3 10 10 0 3 3 4 1 10 10 9 4 8 8 5 4 4 1 8 7 8 2 7 9
split_gain=0.721545 3.7805 4.58855 4.48733 8.35294 8.16997 5.43399 4.6006 4.35015 3.38289 4.34641 5.27876 3.49031 3.64141 3.45406 3.28015 3.68384 3.20348 3.28929 3.14329 3.35677 2.74331 3.51286 3.31838 3.31188 2.83145 2.67088 8.32064 10.6724 6.13632
threshold=0.076272499999999979 0.16342839306698023 0.031321000000000022 0.27560450000000003 -4.2677213532023393 0.21790900000000005 0.26568599216816974 0.08233550000000002 0.54666550000000003 0.028752618622317153 0.54371812835104105 0.40000000000000008 -0.009358862544003475 0.27714533478477471 0.13016300000000003 0.075001499999999985 0.48455325000000005 -0.38010381399692861 -1.4822777976823212 -1.3326263584484193 -2.5936481343252678 -0.13405129549823366 -0.047235498319417195 -0.14285714285714271 -2.7185234093298862 -2.5956093496187145 -3.4404002406537715 0.3008632936005074 -4.685992601504112 0.26909450000000007
decision_type=2 2 2 2 2 2 2 2 2 2 2 2 2 2 2 2 2 2 2 2 2 2 2 2 2 2 2 2 2 2
left_child=15 26 3 7 5 6 -5 -3 -4 10 11 14 13 -11 -9 -1 21 -18 -19 -10 -21 23 24 -17 -23 -24 27 -2 -29 -28
right_child=1 2 8 4 -6 -7 -8 9 19 12 -12 -13 -14 -15 -16 16 17 18 -20 20 -22 22 25 -25 -26 -27 29 28 -30 -31
leaf_value=2.9267822859167587e-05 -0.0019633819040366604 -0.013871977727619873 0.0037644624391724789 0.0053462573077257096 -0.00063327999889667636 -0.039554713623454946 -0.021082936730739233 0.010475213427773931 0.0059711636221479805 0.0095700599042404643 -0.022524720523506403 0.025653433930128811 0.0027637608428168199 0.02788379092357661 -0.015608204004044335 0.0074734615720808504 0.0036280509289669791 0.003618860002607107 0.028559037369604297 -0.031778653959433238 -0.0031567875668406485 0.00054333038278855386 0.0056387582619208849 -0.0073196172359262096 0.020842792090304471 -0.013396957141036789 0.0022170410937798479 -0.0044442959488011323 -0.046821685267301905 -0.00098687763770163059
leaf_weight=102749 1246 31 1452 41 1515 26 37 22 21 95 20 20 110 38 30 55 59 20 39 21 20 32 56 122 54 30 1781 39 24 9289
leaf_count=102749 1246 31 1452 41 1515 26 37 22 21 95 20 20 110 38 30 55 59 20 39 21 20 32 56 122 54 30 1781 39 24 9289
internal_value=-1.13428e-12 -0.000313785 0.00113738 -0.000443934 -0.00157425 -0.0152817 -0.00719067 0.00455602 0.00321064 0.0062613 -0.00190453 0.0038233 0.00935289 0.0148026 -0.00457291 4.82704e-05 0.00422921 0.0118664 0.0201047 -0.00975957 -0.0178168 0.00164701 0.00614395 -0.0027229 0.0132895 -0.00100161 -0.000723966 -0.00285976 -0.0205881 -0.000471414
internal_weight=119094 15878 3499 1985 1619 104 78 366 1514 335 92 72 243 133 52 103216 467 118 59 62 41 349 172 177 86 86 12379 1309 63 11070
internal_count=119094 15878 3499 1985 1619 104 78 366 1514 335 92 72 243 133 52 103216 467 118 59 62 41 349 172 177 86 86 12379 1309 63 11070
is_linear=0
shrinkage=0.05


Tree=247
num_leaves=31
num_cat=0
split_feature=5 10 3 9 6 10 8 11 2 10 1 9 7 1 3 10 7 6 10 7 9 2 0 3 4 8 11 0 0 2
split_gain=0.718746 2.82448 3.15309 3.36174 2.9126 3.01373 2.68943 3.28573 3.77343 2.8555 2.41668 2.41085 2.50913 2.78977 2.36358 2.2725 2.12583 2.33706 2.07275 2.06638 3.6133 2.3579 2.50948 3.33125 3.28503 2.03689 1.79238 1.74658 1.72802 1.68812
threshold=-17.170093932826425 0.057509499999999998 -0.43850570409006723 0.19000125000000004 -6.1338054052746172 0.18392850000000002 -0.28549488444142596 -0.035932500000000027 0.14441504165538946 0.05256000000000003 -0.08741390485927035 0.15635900000000003 -3.4724544894089502 0.08648252503144406 -0.21703988489171719 -0.30283649999999995 -2.6552458731552133 -3.0742368937767135 0.012808000000000016 -1.9609852470662537 0.35320550000000006 -0.17481079972033922 0.026368337863399097 0.30365794218355552 -0.085288140740248028 -2.0437126182192622 -0.10674599999999997 -0.012836836068867817 0.021658255947203723 0.062350386706352741
decision_type=2 2 2 2 2 2 2 2 2 2 2 2 2 2 2 2 2 2 2 2 2 2 2 2 2 2 2 2 2 2
left_child=1 6 -3 -4 -5 14 7 8 10 11 -1 18 13 27 -6 -14 17 -16 -9 20 -17 -22 23 -23 -24 -18 -12 -13 -29 -21
right_child=-2 2 3 4 5 -7 -8 9 -10 -11 26 12 15 -15 16 19 25 -19 -20 29 21 22 24 -25 -26 -27 -28 28 -30 -31
leaf_value=-0.01095345457995728 -1.3231173025203195e-05 -0.020774584081347872 -0.018757313762146694 0.016693188226781785 0.012978444797815481 -0.013762278083179678 0.018954288555930059 0.0028436967916786672 -0.016682369749438257 0.016727950106802825 0.018843854833394291 0.00077044902644000761 -0.012834004028922036 0.0065194971257975954 0.0089037571238497135 0.0025777893354910811 -0.015419503487795831 -0.0099499481899494487 0.02533477693796158 -0.003729329717998553 0.026591714122332633 0.025255177227350385 -0.010021936816388164 0.0026504410886056058 0.015281424428457799 -0.00017435742542147638 0.000433426741988231 -0.019028933937356454 -0.0038658839561428655 0.0064347838843241334
leaf_weight=29 117728 23 26 24 34 42 24 20 47 37 20 39 21 48 65 289 39 22 21 128 24 39 29 28 23 50 39 42 34 60
leaf_count=29 117728 23 26 24 34 42 24 20 47 37 20 39 21 48 65 289 39 22 21 128 24 39 29 28 23 50 39 42 34 60
internal_value=1.16379e-12 0.00114032 -0.00292877 -0.00156965 4.94739e-05 -0.00153564 0.00241069 0.00202028 -0.00524401 0.00313216 0.00086512 0.00253685 0.00193374 -0.00360535 0.000909686 0.00334228 -0.00142178 0.00413615 0.0143635 0.00389019 0.00579441 0.0122951 0.00941177 0.0158084 0.00116993 -0.00685481 0.00667425 -0.00783137 -0.0122455 -0.000485464
internal_weight=119094 1366 325 302 276 252 1041 1017 135 882 88 845 804 163 210 641 176 87 41 620 432 143 119 67 52 89 59 115 76 188
internal_count=119094 1366 325 302 276 252 1041 1017 135 882 88 845 804 163 210 641 176 87 41 620 432 143 119 67 52 89 59 115 76 188
is_linear=0
shrinkage=0.05


Tree=248
num_leaves=31
num_cat=0
split_feature=11 5 1 9 11 5 11 10 2 6 1 10 2 6 9 5 0 1 7 5 10 0 0 8 3 3 8 2 6 10
split_gain=0.704275 2.43661 2.97401 3.45993 3.8254 3.74173 3.60035 3.15727 3.33921 2.99145 2.963 3.74163 2.87728 3.02101 2.84525 2.74007 2.68365 2.6686 2.59043 5.71467 6.75023 5.61195 4.19659 3.91526 12.1006 3.70135 2.56152 2.55538 4.86132 4.39485
threshold=0.0046194999999999995 -1.6157170402401306 0.25040366013629539 0.44952925000000005 0.013060500000000004 -0.78935697605715027 0.046972499999999952 0.14305650000000003 1.3297423747402271 -0.34162466378050754 0.34656057338598073 0.023496000000000006 0.32515552765600603 -2.5304454096809343 0.39233925000000003 0.17161116208892421 0.27965313180399215 0.50664637109242716 -6.0515327842249702 -9.0795883582492447 0.1602365 1.0000000180025095e-35 1.0000000180025095e-35 -4.7917139135934015 0.24275444424315387 0.38137701659148265 -1.6277114705621789 -0.0059179211065667472 -1.7957409452551891 0.18392850000000002
decision_type=2 2 2 2 2 2 2 2 2 2 2 2 2 2 2 2 2 2 2 2 2 2 2 2 2 2 2 2 2 2
left_child=-1 18 7 4 -4 14 10 8 12 -8 -5 -12 -3 -14 -6 17 27 -11 19 21 22 -2 -21 24 -20 -23 -16 29 -29 -9
right_child=1 2 3 6 5 -7 9 16 -10 15 11 -13 13 -15 26 -17 -18 -19 23 20 -22 25 -24 -25 -26 -27 -28 28 -30 -31
leaf_value=8.8786604286048826e-05 0.011306365736728085 0.0013303052918186412 -0.0062181555298747313 -0.014283674600819994 0.0065887910846088617 -0.00023470364933018571 -0.0029614670091207026 -0.0068717067881548053 -0.016984891068811219 0.026928343810141087 -0.014099077761971524 -0.00059542519472112574 0.021775528181482248 0.0045112662054502262 0.037213690755888817 -0.00039527944683046272 0.010929508811125581 0.0051522090428454039 0.011371604555889089 -0.0087979312365253758 0.028589071621163156 -0.029869325853884222 0.011617242152684592 -0.00034437339685404852 -0.027787082568999935 -0.0020762285622565645 0.011907939435914158 0.0038265230717643359 -0.010837431414237118 0.003423901773825979
leaf_weight=77676 29 4452 71 101 49 80 310 161 24 24 70 192 27 412 20 73 39 34 34 39 39 25 71 34393 47 23 20 81 187 291
leaf_count=77676 29 4452 71 101 49 80 310 161 24 24 70 192 27 412 20 73 39 34 34 39 39 25 71 34393 47 23 20 81 187 291
internal_value=3.84078e-12 -0.000166512 0.00070508 -0.00174746 0.00352091 0.00761247 -0.0033201 0.00115634 0.00161983 -0.000284478 -0.00700801 -0.00420327 0.00171112 0.00557308 0.0146661 0.00605038 -0.00184505 0.014163 -0.000335254 0.00500034 0.010716 -0.00605976 0.00437914 -0.000370232 -0.0113501 -0.0165518 0.0245608 -0.002537 -0.00640542 -0.000243339
internal_weight=119094 41418 6718 1044 240 169 804 5674 4915 441 363 262 4891 439 89 131 759 58 34700 226 149 77 110 34474 81 48 40 720 268 452
internal_count=119094 41418 6718 1044 240 169 804 5674 4915 441 363 262 4891 439 89 131 759 58 34700 226 149 77 110 34474 81 48 40 720 268 452
is_linear=0
shrinkage=0.05


Tree=249
num_leaves=31
num_cat=0
split_feature=10 0 6 10 11 9 9 6 11 1 0 3 11 2 6 1 3 4 11 3 4 6 7 1 0 6 8 4 5 10
split_gain=0.701272 2.6662 2.82414 3.88559 4.08544 6.01076 3.87576 4.95565 3.32802 3.688 3.12249 3.04589 4.84198 4.33126 4.53203 3.32292 3.19012 3.57668 3.0977 2.77997 2.8817 2.71375 4.76486 3.65797 2.6732 2.5563 4.38657 6.52871 10.4111 6.64186
threshold=0.026879500000000004 0.046485042986332721 -4.4610780682763824 0.27186150000000009 0.051528500000000012 0.32851775000000005 0.40383575000000005 -5.5196325287999839 0.0098884999999999963 -0.1129016228416078 0.11619722491445829 0.081735060740069546 0.0069909999999999981 0.099938149317521555 -6.1338054052746172 0.16921521441865242 0.060487167091500489 -0.16383636730053955 0.0080495000000000028 -0.081342449876932607 -0.054126465835370167 -4.697598944740653 -1.3890742937999245 0.02177920201394146 0.12685243522333303 -4.0493902021207058 -3.6163294340579735 -0.046332046332046288 -3.3201886793701534 0.053075000000000032
decision_type=2 2 2 2 2 2 2 2 2 2 2 2 2 2 2 2 2 2 2 2 2 2 2 2 2 2 2 2 2 2
left_child=-1 25 3 6 5 -5 8 -8 9 -3 19 12 13 16 -15 -16 17 -11 -14 -9 -21 22 -10 -23 -17 -2 27 28 -27 -29
right_child=1 2 -4 4 -6 -7 7 10 21 11 -12 -13 18 14 15 24 -18 -19 -20 20 -22 23 -24 -25 -26 26 -28 29 -30 -31
leaf_value=-0.00012494338558775804 0.0011964355604802614 -0.020407999043042462 -0.00014575505642078321 -0.0079035442541627327 0.0037498491313308481 -0.04244788774754852 0.025699963337845272 -0.019038374785503204 -0.0049121321010279989 -0.0079120279689592257 0.013978975915483067 0.0016489943143876173 0.026191607162001584 -0.032544388808310031 -0.01125858353694106 0.014233258689960671 -0.019959137477867664 0.0033426820652604828 0.0017673033207435821 0.016991376485675575 -0.0075107596814632423 0.0046528022126134097 0.018189410729488979 -0.015087801984433706 -0.0084568001180887233 0.01086186178449147 5.0657205368140313e-05 0.002681411155224577 -0.0027611101489150671 -0.0086089295711396317
leaf_weight=57800 7397 24 19026 34 25 20 27 22 319 99 35 702 21 20 157 27 21 246 34 20 30 29 24 123 25 444 31503 452 205 183
leaf_count=57800 7397 24 19026 34 25 20 27 22 319 99 35 702 21 20 157 27 21 246 34 20 30 29 24 123 25 444 31503 452 205 183
internal_value=-3.52153e-13 0.000117821 -0.000337156 -0.00208456 -0.0129612 -0.0206977 -0.00165601 0.00655839 -0.00224432 -0.000979525 0.00172827 -0.000634641 -0.00310097 -0.00441301 -0.00980615 -0.00763024 -0.00103861 0.00011307 0.0110929 -0.00422694 0.00229009 -0.00576019 -0.0032957 -0.0113215 0.00332458 0.000356836 0.000167416 0.00303209 0.00655877 -0.000572341
internal_weight=119094 61294 21110 2084 79 54 2005 134 1871 1376 107 1352 650 595 229 209 366 345 55 72 50 495 343 152 52 40184 32787 1284 649 635
internal_count=119094 61294 21110 2084 79 54 2005 134 1871 1376 107 1352 650 595 229 209 366 345 55 72 50 495 343 152 52 40184 32787 1284 649 635
is_linear=0
shrinkage=0.05


Tree=250
num_leaves=31
num_cat=0
split_feature=2 3 1 11 3 10 9 7 3 4 1 7 4 6 1 2 0 0 10 4 0 2 7 9 1 11 3 8 4 7
split_gain=0.716119 2.57208 3.88834 7.46373 4.5257 4.19321 4.648 5.15589 5.39642 4.17974 3.89589 4.10683 3.64426 3.74785 7.30555 4.05305 3.89349 3.68007 4.25477 3.76849 3.66737 3.63404 3.65572 7.13711 5.04723 3.61957 7.97545 4.73111 4.05613 4.049
threshold=0.046596492233026872 -0.20603058846112501 0.088040980613457012 -0.019183499999999989 0.5314322678856882 0.27186150000000009 0.61470675000000008 -2.9968585974186488 0.24667791546027099 -0.16383636730053955 0.13922354202641532 -1.1947485874936266 -0.10735730165655204 -3.3568968435946123 1.0000000180025095e-35 0.0077464827149785762 0.089080637041134017 0.04295972353677114 0.54666550000000003 -0.024368762812381092 -0.078753163119753264 0.0057171757400762422 -5.0861548832608099 0.22922875000000004 -0.0045090024661624808 0.054233999999999984 -0.27218007483674095 -1.9632130604085836 -0.40939810749370115 -2.8561377869971407
decision_type=2 2 2 2 2 2 2 2 2 2 2 2 2 2 2 2 2 2 2 2 2 2 2 2 2 2 2 2 2 2
left_child=1 25 12 5 -5 6 7 8 9 -4 -8 -12 -3 15 16 17 -15 18 21 -19 -17 22 23 24 -14 -1 29 -28 -29 -27
right_child=-2 2 3 4 -6 -7 10 -9 -10 -11 11 -13 13 14 -16 20 -18 19 -20 -21 -22 -23 -24 -25 -26 26 27 28 -30 -31
leaf_value=0.00073893552027250306 0.00012393467226616135 -0.00021448865937758667 -0.012030710005959453 0.0003911608479508379 -0.0065572071947005289 0.027257140278816223 0.0097211510754160353 0.0075965897903888724 -0.018743558786809444 0.0050592407686941921 -0.020786059660678535 0.0016559879088567362 0.018741912398811268 -0.00079917463429856532 -0.0047175685049338232 0.014271737540976199 0.0097725739074951933 -0.0016975116298842989 -0.019477427311358042 -0.018067372046612403 -0.0022580145730300653 0.01160020448445353 0.00097699865954906963 0.033999240532517433 -0.012869118410162628 -0.011240232772157565 -0.0011287673158022538 -0.0050896320246098152 -0.018590476668181307 0.00050112511011902549
leaf_weight=13280 58906 29662 43 4257 248 20 31 696 35 213 47 36 23 1633 1922 34 92 706 24 37 2566 89 2410 25 28 77 146 99 127 1582
leaf_count=13280 58906 29662 43 4257 248 20 31 696 35 213 47 36 23 1633 1922 34 92 706 24 37 2566 89 2410 25 28 77 146 99 127 1582
internal_value=8.95271e-13 -0.000121295 -0.000312213 0.000917109 8.65357e-06 0.00456795 0.00415579 0.00525988 -0.000328958 0.00218866 -0.00540328 -0.0110522 -0.000488416 -0.00133577 -0.00259752 -0.000561347 -0.000235348 0.000590455 0.00147758 -0.0025127 -0.00204186 0.00167289 0.00131749 0.0121146 0.00138684 0.000438292 -0.00152751 -0.00814426 -0.0126764 -4.38324e-05
internal_weight=119094 60188 44877 5626 4505 1121 1101 987 291 256 114 83 39251 9589 3647 5942 1725 3342 2599 743 2600 2575 2486 76 51 15311 2031 372 226 1659
internal_count=119094 60188 44877 5626 4505 1121 1101 987 291 256 114 83 39251 9589 3647 5942 1725 3342 2599 743 2600 2575 2486 76 51 15311 2031 372 226 1659
is_linear=0
shrinkage=0.05


Tree=251
num_leaves=31
num_cat=0
split_feature=7 9 9 3 5 9 5 5 11 10 10 10 11 3 4 6 12 4 5 6 6 3 3 11 10 10 10 4 4 11
split_gain=0.704425 2.49635 3.69691 3.03612 2.25503 3.7659 4.67323 2.79872 2.59884 4.07625 2.05461 3.73052 2.43314 3.5669 3.48305 1.96246 1.95495 1.62107 1.60095 1.58533 3.00737 2.574 2.67912 2.404 2.05905 1.46967 2.2148 2.21063 2.27993 1.40153
threshold=0.14883265963629269 0.18184825000000002 0.11506975000000001 -0.31148933458794664 -2.678451825197111 0.84674525000000012 -3.065721310248787 -3.4793210664385446 0.030163999999999986 0.032925500000000031 0.19827750000000008 0.39555950000000006 -0.049662999999999922 -0.35649701499020381 -0.67833855532380261 -1.0233746179179095 0.18253353331992675 -0.71609848364032991 -2.0057669906074618 -1.3557322081553296 -2.6613134662050855 -0.092000879434074187 0.23534228984568897 -0.012016499999999984 0.023809 -0.30283649999999995 -0.035073999999999987 -0.27397632372393405 -0.54898132134209598 0.10934500000000001
decision_type=2 2 2 2 2 2 2 2 2 2 2 2 2 2 2 2 2 2 2 2 2 2 2 2 2 2 2 2 2 2
left_child=-1 2 -2 10 5 6 8 -7 19 -10 12 -12 14 16 -3 -15 29 -6 -16 20 21 -5 -23 -21 -22 -19 27 28 -27 -14
right_child=1 3 -4 4 17 7 -8 -9 9 -11 11 -13 13 15 18 -17 -18 25 -20 23 24 22 -24 -25 -26 26 -28 -29 -30 -31
leaf_value=1.3074421275131453e-05 -0.00062987502002643473 0.020642806802061389 0.026461569499224426 0.011172890011221171 -0.013924156587260464 -0.0026655323345524569 -0.028604581814002373 0.018931980901397766 -0.033957971597001667 -0.0059402629171552909 0.015638183537674578 -0.0082178466345952921 -0.00083034456786168574 -0.00012055324089791004 0.0098561324955274664 0.020612816624343396 -0.01456440092139953 -0.012109206742248857 -0.0071158704975845689 -0.0068554855984352212 -0.026755138933658603 -0.021220825763330575 0.0030042650699615477 0.016846905308775605 -0.005517674574262596 0.012954556926464043 -0.0017721832661967104 0.017650132678318189 -0.0072991812658129325 -0.011321566517565501
leaf_weight=117733 34 32 20 28 24 60 29 20 21 34 57 23 228 21 24 25 37 26 33 23 25 21 25 20 21 24 324 32 33 37
leaf_count=117733 34 32 20 28 24 60 29 20 21 34 57 23 228 21 24 25 37 26 33 23 25 21 25 20 21 24 324 32 33 37
internal_value=2.22946e-12 -0.001131 0.00940399 -0.00156626 -0.00351577 -0.00669446 -0.00974816 0.00273385 -0.00723974 -0.0166379 0.00141267 0.00877957 6.40337e-05 -0.00182273 0.0074415 0.0111476 -0.00379834 -0.00127077 3.0236e-05 -0.00406857 -0.00702033 -0.000779592 -0.00805502 0.00416888 -0.0170598 -0.000579012 0.00014686 0.00713304 0.00122871 -0.00229516
internal_weight=119094 1361 54 1307 790 327 247 80 218 55 517 80 437 348 89 46 302 463 57 163 120 74 46 43 46 439 413 89 57 265
internal_count=119094 1361 54 1307 790 327 247 80 218 55 517 80 437 348 89 46 302 463 57 163 120 74 46 43 46 439 413 89 57 265
is_linear=0
shrinkage=0.05


Tree=252
num_leaves=31
num_cat=0
split_feature=0 8 11 7 11 4 0 1 9 7 6 3 6 8 9 9 12 3 8 6 10 4 2 2 6 6 6 5 6 5
split_gain=0.694386 3.43643 1.73473 3.18883 2.68986 4.44415 2.50105 2.40376 2.81529 4.80722 3.65692 2.48061 2.44218 2.17632 4.91844 2.44381 2.17562 1.86 3.15574 3.68923 4.87265 5.54969 2.87558 4.6514 2.73396 5.81496 4.1218 2.92428 3.41221 2.65762
threshold=0.15052421044674416 -3.2416299426946882 0.1583495 -2.188211969295025 0.129186 -0.012173773757042648 0.27965313180399215 0.23356383394544647 0.45913475000000009 -1.4107616607352884 -0.13093745654751734 0.71091913089039538 -0.34162466378050754 -1.8664370296230932 0.65129150000000013 0.99512200000000017 0.18253353331992675 -0.032752241116470952 -1.5001172294596328 0.62208236359720115 -0.087246499999999991 -0.012173773757042648 -0.056505843092344292 -0.10470597814113429 -5.1961345945403261 -5.6336323981550338 -3.8958113570662376 -6.0548149512961063 0.3563243666622285 -3.7670394661316782
decision_type=2 2 2 2 2 2 2 2 2 2 2 2 2 2 2 2 2 2 2 2 2 2 2 2 2 2 2 2 2 2
left_child=-1 -2 4 -4 17 6 -6 11 -9 -10 16 12 13 -5 -15 -16 -11 18 22 -20 -21 -22 23 -3 25 -19 -26 28 -28 -24
right_child=1 2 3 7 5 -7 -8 8 9 10 -12 -13 -14 14 15 -17 -18 24 19 20 21 -23 29 -25 26 -27 27 -29 -30 -31
leaf_value=3.5170837064668363e-05 -0.013232036142681654 -0.0027184215618408195 -0.016338269177469469 -0.0066272102110087874 -0.0085050115990133526 -0.027587272178219713 0.0080819096472678764 -0.016182394108424585 0.024567143352968352 -0.0021476525256467851 0.010090742824831979 0.024215709780110048 -0.0050968608069347178 0.02617627556043628 -0.00020290232461058733 0.018723282651373428 -0.01868956208229065 -0.00087835003789036702 0.00072820154790344054 -0.030295446263626222 0.0011635187960981708 -0.024157356100881267 -0.0036191463242493272 -0.012638770545242321 0.0054477653651398821 -0.028182332629624468 0.004903959229538183 -0.00045476625241580798 -0.012534440442298851 0.00074713686658952369
leaf_weight=109778 52 410 21 20 73 23 33 24 21 97 54 20 41 38 66 23 25 78 2021 20 109 27 679 166 384 26 432 3587 30 716
leaf_count=109778 52 410 21 20 73 23 33 24 21 97 54 20 41 38 66 23 25 78 2021 20 109 27 679 166 384 26 432 3587 30 716
internal_value=-1.93937e-12 -0.000414447 -0.0003425 0.00268558 -0.000497099 -0.00766411 -0.00334116 0.00361681 -1.41569e-05 0.00195558 -0.000742393 0.00747472 0.00569376 0.00870339 0.0111177 0.00468813 -0.00553739 -0.000390646 -0.0011559 0.000156344 -0.00725214 -0.00386342 -0.0026053 -0.00557741 0.000308997 -0.00770435 0.000496994 2.74711e-05 0.0037716 -0.0013781
internal_weight=119094 9316 9264 450 8814 129 106 429 221 197 176 208 188 147 127 89 122 8685 4148 2177 156 136 1971 576 4537 104 4433 4049 462 1395
internal_count=119094 9316 9264 450 8814 129 106 429 221 197 176 208 188 147 127 89 122 8685 4148 2177 156 136 1971 576 4537 104 4433 4049 462 1395
is_linear=0
shrinkage=0.05


Tree=253
num_leaves=31
num_cat=0
split_feature=1 5 4 8 4 5 3 8 10 11 0 6 7 7 5 4 2 9 5 0 8 0 6 4 4 2 8 5 8 3
split_gain=0.673171 3.64326 4.02795 3.31145 5.05705 4.69472 5.23014 4.46907 5.10678 4.33493 4.25636 4.10729 4.07372 3.61681 3.6437 3.57328 3.36756 3.08396 3.37212 3.34393 5.35662 2.90147 5.40534 4.14681 3.54722 6.15318 3.77084 4.36168 3.73449 3.38483
threshold=-0.17802774858221412 -0.27574709400229253 -0.24428112902017093 -1.055552474755709 -0.40939810749370115 -2.1748270360962345 0.4141218191454657 -2.9107245187769561 0.018816999999999976 0.0077814999999999976 -0.088050563168475579 -3.9282017871971084 -1.5337203286690364 -1.0487833304030032 -0.48508780695775672 -0.39109615587893309 -0.14466154922122573 0.40870350000000005 -1.4072013655392552 -0.13149635920953742 -2.4855905437261927 -0.092410480717493235 -3.8462830960347123 -0.25845161791424726 -0.38593898205449512 -0.21091361893243063 -1.6425503620890645 -4.3778997131810788 -1.7442903121511331 -0.099281910962459238
decision_type=2 2 2 2 2 2 2 2 2 2 2 2 2 2 2 2 2 2 2 2 2 2 2 2 2 2 2 2 2 2
left_child=1 3 -3 4 -1 6 7 8 10 13 -6 -8 -5 14 17 -11 -17 18 19 20 -7 -9 23 -23 25 26 27 -24 -26 -25
right_child=-2 2 -4 12 5 9 11 21 -10 15 -12 -13 -14 -15 -16 16 -18 -19 -20 -21 -22 22 24 29 28 -27 -28 -29 -30 -31
leaf_value=0.0022015891149639337 -3.928486188369128e-05 0.0028999433359859161 0.023672062748422228 -0.0055876884733197874 0.028065448316435024 0.033714815750718122 0.024277089357376103 -0.0039077957008766652 -0.0022176098995936797 -0.0063764461902556593 0.0046360872153724938 0.0031721270923741477 -0.00050736233776187752 -0.0084357794014587335 -0.018300544604173172 0.01069254782786324 0.0019374958308577374 0.0054828529339503362 -0.0079383657600696871 -0.00119606951289226 0.0011042749892701121 -0.0026518417305002612 0.040286620710754679 -0.033226320968771525 0.0013794020532859764 -0.01138199957786128 0.0030023273040956644 0.012022828169835685 -0.0041752311612229418 -0.010780285236599501
leaf_weight=3112 107368 846 24 477 36 20 25 1472 86 54 42 296 2284 112 23 277 182 318 124 161 34 150 21 22 877 32 47 39 462 71
leaf_count=3112 107368 846 24 477 36 20 25 1472 86 54 42 296 2284 112 23 277 182 318 124 161 34 150 21 22 877 32 47 39 462 71
internal_value=1.55185e-12 0.000359708 0.00347297 0.000110211 0.00062021 -0.000367398 -0.00128157 -0.00186461 0.00618511 0.0022091 0.0154496 0.00481582 -0.00138506 -0.000110171 0.00126111 0.00578973 0.00722105 0.00194591 -0.00137193 0.00241523 0.0131823 -0.00227806 -0.000884127 -0.00779488 0.00025208 0.00785464 0.0136077 0.0219152 -0.000537133 -0.0160901
internal_weight=119094 11726 870 10856 8095 4983 3678 3357 164 1305 78 321 2761 792 680 513 459 657 339 215 54 3193 1721 243 1478 139 107 60 1339 93
internal_count=119094 11726 870 10856 8095 4983 3678 3357 164 1305 78 321 2761 792 680 513 459 657 339 215 54 3193 1721 243 1478 139 107 60 1339 93
is_linear=0
shrinkage=0.05


Tree=254
num_leaves=31
num_cat=0
split_feature=6 7 0 7 1 0 11 8 2 3 3 10 11 0 3 4 9 4 11 3 9 6 8 4 5 5 10 4 9 6
split_gain=0.681105 7.23011 4.31013 3.45933 5.25462 4.89925 4.35039 5.05753 3.56542 3.48236 3.43529 3.41758 3.18301 4.32138 3.47879 4.52537 3.40352 3.25695 3.21398 3.16611 4.01054 3.73002 3.14588 4.49472 4.1235 4.02429 4.52785 3.50148 3.36826 3.97777
threshold=-1.8728782261788353 -2.515332688255977 -0.23831579253260746 -1.8209510801535 0.033677865489236354 -0.030707502822627405 -0.12881199999999998 -1.9512058641483585 -0.30995003190125137 0.054710530135659748 -0.48682544785801818 -0.13339299999999998 0.012658499999999991 -0.074074074074074001 -0.011668658102071404 -0.32586027527532319 0.42645375000000002 -0.42888253665975901 -0.015662499999999992 0.31736132833009484 0.43449175000000007 -1.6941596802214851 -1.68748720979725 -0.35314895189612699 -3.2417568872070093 -3.3805399127883486 0.038455500000000011 -0.2305445186725659 0.31342775000000006 -1.4859934399613597
decision_type=2 2 2 2 2 2 2 2 2 2 2 2 2 2 2 2 2 2 2 2 2 2 2 2 2 2 2 2 2 2
left_child=2 19 11 4 6 -6 7 -3 -7 12 -10 -1 18 14 15 -14 -15 -18 -8 20 -2 -21 23 -11 -24 27 28 -25 -27 -30
right_child=1 3 -4 -5 5 8 9 -9 10 22 -12 -13 13 16 -16 -17 17 -19 -20 21 -22 -23 24 25 -26 26 -28 -29 29 -31
leaf_value=0.0063637467854491927 -0.0041804829040635125 -0.0031838412645684429 8.8261110919485471e-05 0.00038575264554621376 -0.0068855322510364197 0.01942940292239655 -0.0025347314422794025 -0.027026708892857038 -0.018582995582061512 0.024291988155649355 -0.0015566085157675876 -0.005547994219051007 -0.0040148901826426112 0.0022823245446606717 0.0049034277986114228 -0.016486610921459612 0.0023603916426117606 -0.012016362299793401 0.0024035672940424797 0.0062210602028578334 -0.017898114782292397 -0.0047874006003451848 0.0065866772345882854 -0.012402539787676614 -0.0096024144365910013 -0.003063453159457091 0.0077616956466865705 0.00036119075819103725 -2.4556126979102068e-05 0.01106859476717216
leaf_weight=68 1098 86 93687 16177 534 20 513 30 30 24 2370 526 162 370 48 132 65 100 921 158 56 150 59 61 118 255 492 451 195 138
leaf_count=68 1098 86 93687 16177 534 20 513 30 30 24 2370 526 162 370 48 132 65 100 921 158 56 150 59 61 118 255 492 451 195 138
internal_value=-4.5898e-12 -0.00023308 6.13422e-05 -1.95179e-05 -0.000933382 -0.00255076 0.000198781 -0.0093501 -0.00159424 0.000468681 -0.00176944 -0.00418436 -0.00081422 -0.00318704 -0.00757684 -0.00961444 -0.000380842 -0.00635279 0.000636937 -0.00364408 -0.00484616 0.000859797 0.00212221 0.00281535 -0.00420605 0.00249158 0.00422245 -0.00115949 0.00126105 0.00457261
internal_weight=119094 24813 94281 23351 7174 2954 4220 116 2420 4104 2400 594 2311 877 342 294 535 165 1434 1462 1154 308 1793 1616 177 1592 1080 512 588 333
internal_count=119094 24813 94281 23351 7174 2954 4220 116 2420 4104 2400 594 2311 877 342 294 535 165 1434 1462 1154 308 1793 1616 177 1592 1080 512 588 333
is_linear=0
shrinkage=0.05


Tree=255
num_leaves=31
num_cat=0
split_feature=6 7 6 9 9 8 2 4 2 1 3 4 0 7 2 5 1 1 7 8 3 3 3 10 6 8 11 4 11 4
split_gain=0.726285 4.57549 2.5549 2.41124 2.74876 2.9105 3.95591 2.53409 5.16529 3.30443 3.29391 4.19185 2.78136 3.35031 2.97544 2.44486 2.35535 2.4459 3.26902 2.34243 2.6239 2.33599 2.29512 2.69497 2.97002 2.25294 2.1822 3.98557 6.36287 2.30923
threshold=-0.62838140585079683 -1.0187367008709967 0.15499957468098949 0.99512200000000017 0.79009000000000007 -1.3514353655178424 -0.070691333111035079 -0.17122170151256774 0.44719525723090997 -0.17802774858221412 0.20166835357624827 -0.24976339607662465 -0.16574498810737334 -1.6455053842892764 0.026700451200281531 -1.0662737017425312 -0.085266419872426599 0.10137000413484977 -1.1947485874936266 -1.4260573590999026 -0.28700438680974533 0.3474079447001362 -0.43850570409006723 0.050920499999999987 -0.42548333692206747 -1.7166778117835395 -0.078832999999999973 -0.44420199961383972 -0.142628 -0.51323256568105202
decision_type=2 2 2 2 2 2 2 2 2 2 2 2 2 2 2 2 2 2 2 2 2 2 2 2 2 2 2 2 2 2
left_child=-1 3 25 4 7 -6 -7 8 9 10 11 15 -11 14 -14 22 19 -18 -19 20 -15 -12 -2 24 -24 -3 27 28 -27 -28
right_child=1 2 -4 -5 5 6 -8 -9 -10 12 21 -13 13 16 -16 -17 17 18 -20 -21 -22 -23 23 -25 -26 26 29 -29 -30 -31
leaf_value=2.7386363158907767e-05 -0.014513351127243369 0.018672962719574571 -0.00074408461223190699 0.011272322447621264 -0.028679601056501271 -0.021042967550456523 0.010405042682687054 -0.00028552074595534772 -0.024638056305461918 -0.013582185441080261 -0.021494751007442879 0.023758904398520197 -0.017038486083695788 -0.015383839186418941 0.0041649566763745883 0.0074345889113414665 -0.0073685403796844191 0.0074974307827651507 -0.0097949469808575728 0.011523625348506377 0.0017122293171241768 -0.0021786914890011152 -0.016180606244597585 0.012440108618979782 0.0034042017695931149 0.0029051865137429264 -0.0017457540112832985 -0.00054367464117924963 0.03037444414017168 0.0025183459434472907
leaf_weight=113510 32 20 1756 32 20 20 20 917 29 85 24 23 78 27 21 101 284 75 43 47 133 45 32 34 49 49 465 85 37 1001
leaf_count=113510 32 20 1756 32 20 20 20 917 29 85 24 23 78 27 21 101 284 75 43 47 133 45 32 34 49 49 465 85 37 1001
internal_value=1.2823e-12 -0.000556702 0.000584803 -0.00235125 -0.00255506 -0.0131058 -0.00531896 -0.00225056 -0.00380129 -0.00326796 0.000855871 0.00333916 -0.00503605 -0.00401004 -0.0125408 0.00144539 -0.00262326 -0.00485458 0.00119597 0.00171002 -0.00117273 -0.00889732 -0.00266964 0.000626002 -0.00433301 0.00199309 0.0017893 0.00713448 0.0147234 0.00116582
internal_weight=119094 5584 3413 2171 2139 60 40 2079 1162 1133 340 271 793 708 99 248 609 402 118 207 160 69 147 115 81 1657 1637 171 86 1466
internal_count=119094 5584 3413 2171 2139 60 40 2079 1162 1133 340 271 793 708 99 248 609 402 118 207 160 69 147 115 81 1657 1637 171 86 1466
is_linear=0
shrinkage=0.05


Tree=256
num_leaves=31
num_cat=0
split_feature=6 11 7 10 5 0 3 1 9 0 3 4 0 9 9 10 11 3 7 3 3 6 4 11 5 11 8 5 4 11
split_gain=0.664502 2.81132 2.68283 1.86972 2.63608 2.60371 2.79284 2.58984 2.99568 2.71003 2.37817 2.45301 2.34796 2.029 1.84269 1.82629 4.91809 2.10829 2.98467 2.92199 2.45681 1.91835 2.39478 1.77099 2.88259 2.82898 2.80092 2.76553 2.98141 4.24153
threshold=-0.24351852815951319 -0.51730049999999983 -0.75082161473017284 -0.204483 -0.91014840806748698 -0.00092422152274446157 1.3998466257668714 -0.28070850040589401 0.52346650000000017 -0.049143206711722169 -0.070860581380115292 -0.29448571007621899 -0.037925392340762192 0.29775600000000008 0.79009000000000007 -0.0067060000000000166 -0.0050874999999999939 0.31736132833009484 -0.98429026556869526 -0.2653953461315689 -0.17429749623027771 -0.13093745654751734 -0.0037621379170540976 0.0077814999999999976 -6.962252580723761 0.010546499999999988 0.61515601233369199 -6.1981213154076844 -0.0058264100749526029 0.0035179999999999938
decision_type=2 2 2 2 2 2 2 2 2 2 2 2 2 2 2 2 2 2 2 2 2 2 2 2 2 2 2 2 2 2
left_child=-1 -2 3 4 -3 7 14 -5 10 -10 12 -12 13 -9 15 16 -7 19 21 -17 -21 -19 -23 24 -4 -25 27 -26 29 -29
right_child=1 2 23 5 -6 6 -8 8 9 -11 11 -13 -14 -15 -16 17 -18 18 -20 20 -22 22 -24 25 26 -27 -28 28 -30 -31
leaf_value=1.9747913733678224e-05 -0.01939447092358023 -0.0035200869323064885 0.011254994348501383 0.0031026614114970847 0.018231743244597545 0.014434208223451926 -0.01750591630521028 -0.010243102746165317 -0.017845604759857577 0.00057612401791490037 -0.01733758765823987 -0.0049970667863334737 -0.013208111755263346 0.0061126527970406684 -0.014654503123310861 0.0057119646871631805 -0.0074873139010742306 0.020772569594943585 -0.0048927663905042398 -0.016155824869532476 -0.0031117119586016448 -0.0065632014612977702 0.015548637820407749 0.015452212624643981 -0.018500497497999195 0.0015381369261852117 -0.015048474836087712 -0.00043440143137155984 0.0090420744989092496 -0.014845129774714059
leaf_weight=115855 20 30 46 85 26 71 23 23 86 26 49 226 26 108 20 77 40 30 49 44 201 24 25 38 22 945 37 713 74 55
leaf_count=115855 20 30 46 85 26 71 23 23 86 26 49 226 26 108 20 77 40 30 49 44 201 24 25 38 22 945 37 713 74 55
internal_value=8.16761e-13 -0.000706358 -0.000590247 -0.00235652 0.00657898 -0.00276235 -0.00041763 -0.00501388 -0.00628209 -0.0135691 -0.00439286 -0.00719592 0.00051697 0.00324103 0.000258843 0.000790513 0.00653456 -0.000626352 0.0048018 -0.00278413 -0.00545433 0.0108149 0.00471835 0.000589405 -0.000953719 0.00207602 -0.00157703 -0.00100012 -0.00054287 -0.00146642
internal_weight=119094 3239 3219 1289 56 1233 604 629 544 112 432 275 157 131 581 561 111 450 128 322 245 79 49 1930 947 983 901 864 842 768
internal_count=119094 3239 3219 1289 56 1233 604 629 544 112 432 275 157 131 581 561 111 450 128 322 245 79 49 1930 947 983 901 864 842 768
is_linear=0
shrinkage=0.05


Tree=257
num_leaves=31
num_cat=0
split_feature=4 11 5 5 8 8 9 4 10 10 3 2 10 9 6 0 0 5 3 2 3 7 2 4 5 0 7 6 11 1
split_gain=0.667639 1.85303 4.01107 3.26315 4.88128 8.06808 4.57488 4.53129 4.49169 4.03504 3.45647 3.21592 4.1513 6.13754 3.79349 4.41284 4.92884 4.24898 3.53996 3.2131 3.24873 3.83338 3.12629 3.61548 6.23354 3.11339 3.07436 3.9189 3.39594 2.97239
threshold=-0.017696075113215522 -0.012491999999999974 -10.915893668304427 -5.4458980036502238 -1.5818623154962033 -2.2434386314980128 0.50112850000000009 -0.00090019184914619233 0.18392850000000002 -0.082280999999999965 0.63035073165237787 0.060286949355885307 0.061310500000000011 0.3723982500000001 -5.7651444851893165 1.0000000180025095e-35 0.0080963856173854615 -10.915893668304427 0.36413605803589882 0.10625969703291772 0.17720606632915051 -2.5043006960725727 0.31825630208951933 -0.0030853462037581654 -6.4539000867258798 0.011054565650287175 -3.5711363262657021 -3.9967236329312787 0.016367999999999983 0.29296381419304446
decision_type=2 2 2 2 2 2 2 2 2 2 2 2 2 2 2 2 2 2 2 2 2 2 2 2 2 2 2 2 2 2
left_child=-1 2 -2 4 5 11 26 8 9 -6 -9 -3 14 -14 15 -13 -17 -18 -15 20 -4 -22 23 -19 -25 -11 28 29 -7 -28
right_child=1 3 19 -5 7 6 -8 10 -10 25 -12 12 13 18 -16 16 17 22 -20 -21 21 -23 -24 24 -26 -27 27 -29 -30 -31
leaf_value=4.8225240689048682e-05 -0.0081031798185252652 -0.0036042576744182565 0.0015018535586326679 -0.0011390065072680491 0.028289924608543515 -0.025313924772086063 -0.028335214827371683 -0.010393991148633248 0.031561281866743229 -0.013008525881450623 0.012229521825909615 0.02560198928157871 0.0036598610077854081 0.01205221529517855 3.8198981583999123e-05 -0.011735251683387019 0.024430671441368762 0.0011413914472341719 0.038421694758581003 0.00030195929866622942 0.0067567202203796424 0.027893260462830468 -0.013981887361123449 0.00505609829366828 0.03671397974147745 0.0082995871927899617 0.012550554168093104 -0.0065655350088306905 0.00038281068205833437 -0.009958481548819691
leaf_weight=102144 127 362 400 8670 22 36 23 52 24 20 25 26 346 35 2499 42 30 123 20 3298 202 24 21 48 23 120 55 237 20 20
leaf_count=102144 127 362 400 8670 22 36 23 52 24 20 25 26 346 35 2499 42 30 123 20 3298 202 24 21 48 23 120 55 237 20 20
internal_value=-3.18124e-12 -0.000290615 0.00064226 -0.000583589 0.000555089 0.000117648 -0.00670147 0.00715163 0.0113743 0.00838369 -0.00304869 0.00086346 0.00136683 0.00612612 0.000688135 0.00587724 0.00409033 0.00680329 0.0216411 0.000925306 0.00420932 0.00900131 0.00434365 0.00632735 0.0153115 0.00525557 -0.00534936 -0.00341321 -0.0161365 0.00654814
internal_weight=119094 16950 4051 12899 4229 3966 391 263 186 162 77 3575 3213 401 2812 313 287 245 55 3924 626 226 215 194 71 140 368 312 56 75
internal_count=119094 16950 4051 12899 4229 3966 391 263 186 162 77 3575 3213 401 2812 313 287 245 55 3924 626 226 215 194 71 140 368 312 56 75
is_linear=0
shrinkage=0.05


Tree=258
num_leaves=31
num_cat=0
split_feature=2 7 1 9 1 9 5 10 10 5 0 9 0 3 11 1 1 6 11 9 11 4 2 3 11 0 5 7 9 5
split_gain=0.693536 3.46889 4.18915 4.69859 8.60062 13.6169 7.78224 4.48352 4.09837 3.56651 3.31197 3.26536 4.56149 4.80767 4.15478 3.24662 3.00114 3.62091 4.59509 3.77952 3.80363 4.50394 3.57776 3.54212 4.3719 4.1358 3.59712 6.16788 8.94597 3.06773
threshold=0.13020327421726455 -5.0861548832608099 0.14831479542217366 0.20664800000000003 0.013718535724033478 0.30276300000000006 -8.1629509801735853 -0.054504999999999991 0.036437000000000018 -6.2955080284058091 0.0058928211737916411 0.11506975000000001 -0.0023453727327658598 0.044290816749189117 -0.0012965000000000058 -0.003074223212967075 0.036436966513091924 -3.4623192077361122 0.033709000000000024 0.65129150000000013 -0.116507 -0.025119133346304553 2.0011737089201884 0.23903317785713266 -0.15991899999999995 -0.075549111459653859 -0.65076671758581117 -1.2461149117093486 0.46580575000000007 -2.5538664197428127
decision_type=2 2 2 2 2 2 2 2 2 2 2 2 2 2 2 2 2 2 2 2 2 2 2 2 2 2 2 2 2 2
left_child=1 2 3 7 6 -6 -5 -1 9 10 -9 12 -3 -14 -15 -11 17 19 23 20 21 -2 -20 26 25 -25 -19 28 -28 -22
right_child=16 11 -4 4 5 -7 -8 8 -10 15 -12 -13 13 14 -16 -17 -18 18 22 -21 29 -23 -24 24 -26 -27 27 -29 -30 -31
leaf_value=-0.014983785053482281 -0.024721191825478207 -0.011819486171007157 -0.013270500353387289 -0.020674124054229734 0.059553642153464773 0.0025493370869662615 0.017717398426523714 0.0072071587465271899 -0.0036138431487044184 0.019382976525759495 0.027560422631601494 -0.00012055047054683747 -0.0025427782516926527 0.0087484015490521087 0.038541237685829399 -0.0026752319861797318 -5.1143571985311113e-05 0.0033834666031732131 -0.0023241130987466927 0.0161765664195021 -0.00089048809470963254 0.0045686377921984314 0.016176595095614043 0.0026897736266255378 0.0014668656703303146 -0.022003639089421202 0.010157085211097223 -0.0022154493678715969 0.050212557874619958 0.0092625703166734873
leaf_weight=32 35 20 31 22 22 20 33 41 93 22 39 78863 25 22 25 69 31514 1908 813 33 2202 21 27 30 2908 39 46 42 20 77
leaf_count=32 35 20 31 22 22 20 33 41 93 22 39 78863 25 22 25 69 31514 1908 813 33 2202 21 27 30 2908 39 46 42 20 77
internal_value=-1.87705e-12 -8.53462e-05 0.0044251 0.00582093 0.0153712 0.0324087 0.00236079 0.00269127 0.0048337 0.00942798 0.0171294 -0.000109568 0.00930475 0.0151726 0.0245957 0.00265752 0.000170583 0.00102261 0.00169202 -0.000626314 -0.000863785 -0.0137375 -0.00172945 0.00226763 0.00117172 -0.0112674 0.00388595 0.0127632 0.0222951 -0.000547449
internal_weight=119094 79379 424 393 97 42 55 296 264 171 80 78955 92 72 47 91 39715 8201 5833 2368 2335 56 840 4993 2977 69 2016 108 66 2279
internal_count=119094 79379 424 393 97 42 55 296 264 171 80 78955 92 72 47 91 39715 8201 5833 2368 2335 56 840 4993 2977 69 2016 108 66 2279
is_linear=0
shrinkage=0.05


Tree=259
num_leaves=31
num_cat=0
split_feature=6 12 8 11 10 3 10 9 9 0 4 2 11 5 7 8 1 4 1 9 3 6 1 9 0 2 9 9 8 9
split_gain=0.707046 6.54603 4.31619 3.21111 5.89553 6.02015 5.499 7.47518 5.71595 8.81347 4.9265 4.3046 4.03754 5.1226 4.54559 5.46784 4.2325 4.32959 5.01056 4.00288 4.09775 4.2937 6.94611 4.08128 3.8227 4.40791 4.35839 5.06826 3.53397 4.91798
threshold=-4.9283640120545362 1.0000000180025095e-35 -4.7917139135934015 0.024975500000000015 -0.019690999999999997 -0.035825952501987827 0.14305650000000003 0.31471900000000008 0.3419457500000001 0.14293688940566843 -0.045401798811382336 0.16158051479468219 -0.033486500000000009 -10.915893668304427 -2.5448688389223402 -1.9039648520751045 -0.15720570090607436 -0.25260088918625823 -0.10532634099125575 0.45589150000000006 0.59908432516680843 -7.1583493145329467 0.0082569828099852156 0.21050975000000002 1.0000000180025095e-35 0.071928217145470055 0.3040675000000001 0.12897725000000002 -2.8758850324419138 0.24010675000000004
decision_type=2 2 2 2 2 2 2 2 2 2 2 2 2 2 2 2 2 2 2 2 2 2 2 2 2 2 2 2 2 2
left_child=1 3 -2 6 5 -5 8 -8 12 -10 -9 -11 13 -1 -15 -16 -14 18 -18 20 21 22 -6 -22 25 -7 27 -26 29 -23
right_child=2 -3 -4 4 19 24 7 10 9 11 -12 -13 16 14 15 -17 17 -19 -20 -21 23 28 -24 -25 26 -27 -28 -29 -30 -31
leaf_value=-0.024353647086348747 -0.011959057675674558 0.026164139620959759 3.9682290311270104e-05 -0.028651302564554872 -0.012212033027216145 -0.011906630403245799 -0.0028457076201816624 -0.044249668726697569 0.0030782931695779274 0.043524148976430303 -0.012212920272722841 0.012116007587367979 -0.011390951758367011 -0.001440082116459962 -0.028627080901060253 0.001138549772332664 0.026876955917747372 -7.105063345551953e-05 0.0041610025592154556 0.010495279128945462 -0.0034093828728565807 -0.0056987040018732799 0.021321314158032036 -0.033045454141462136 -0.026552934774663303 0.016841988464196524 -0.027667230369115715 0.0033153870081224918 -0.008921846974541351 0.0066069076912100219
leaf_weight=31 75 23 111504 39 23 24 158 20 515 20 30 24 80 408 36 27 29 5098 149 66 26 173 47 21 20 30 32 49 164 153
leaf_count=31 75 23 111504 39 23 24 158 20 515 20 30 24 80 408 36 27 29 5098 149 66 26 173 47 21 20 30 32 49 164 153
internal_value=2.35477e-12 -0.000469435 3.16171e-05 -0.000551199 -0.00341262 -0.011092 -0.00017673 -0.0081779 8.2619e-05 0.0049134 -0.0250276 0.0263924 -0.000378358 -0.00466604 -0.00337025 -0.0158704 2.35117e-05 0.000196589 0.00786192 -0.00119894 -0.00247047 -0.00128032 0.0103032 -0.016651 -0.00667391 0.00406482 -0.0124154 -0.0053421 -0.00293511 7.66291e-05
internal_weight=119094 7515 111579 7492 867 194 6625 208 6417 559 50 44 5858 502 471 63 5356 5276 178 673 607 560 70 47 155 54 101 69 490 326
internal_count=119094 7515 111579 7492 867 194 6625 208 6417 559 50 44 5858 502 471 63 5356 5276 178 673 607 560 70 47 155 54 101 69 490 326
is_linear=0
shrinkage=0.05


Tree=260
num_leaves=31
num_cat=0
split_feature=1 0 6 12 7 10 4 8 0 10 8 5 3 11 9 2 6 0 9 6 7 2 6 7 10 5 10 3 0 6
split_gain=0.675316 3.63587 3.24108 4.11131 7.79323 4.64563 4.59356 3.98366 3.00115 4.87378 3.08173 3.05909 3.83577 2.70117 6.07027 6.33153 6.2028 6.69207 4.88888 4.73975 4.70525 4.60405 4.42881 4.63687 4.34885 6.36673 5.63557 3.89205 3.88753 4.25298
threshold=0.13922354202641532 -0.17239559042399358 -2.1266251591562146 -0.6246511558433111 -2.5043006960725727 0.21790900000000005 -0.019808580668542405 -1.9512058641483585 0.053980800527934865 -0.032828500000000004 -0.6905742408661083 -2.2673535934911659 0.47018305096127672 -0.015079499999999994 0.19439150000000002 0.58463244141520643 -5.9227674387528646 0.16364265419737692 0.71542525000000012 -4.1469937891463831 1.0000000180025095e-35 0.65037013767482532 -3.0223160080503422 -3.431043439783291 0.12489200000000004 -3.1231493738985585 0.099371999999999988 0.31248080293943098 0.038538145629099858 -4.4610780682763824
decision_type=2 2 2 2 2 2 2 2 2 2 2 2 2 2 2 2 2 2 2 2 2 2 2 2 2 2 2 2 2 2
left_child=-1 -2 3 13 6 8 -5 -4 9 -6 -11 12 -10 14 15 16 17 27 -15 21 22 -16 24 -24 26 -26 -21 -3 29 -18
right_child=1 2 7 4 5 -7 -8 -9 11 10 -12 -13 -14 18 19 -17 28 -19 -20 20 -22 -23 23 -25 25 -27 -28 -29 -30 -31
leaf_value=-6.2511875207509979e-05 0.0084107706878610231 -0.033196408026629973 -0.0024885114139358601 -0.03645535599706428 -0.0069497691484035132 -0.017836645770033726 -0.0069681407194584618 3.4960347627645058e-05 0.0084962528072840843 0.0073799404626091322 0.033607523356165202 -0.015635194551820556 -0.0089515506884449026 0.00024662483873465072 -0.001293739159962972 0.036099498495459563 0.010555845626125424 0.017208581329323354 0.019516054171165736 0.0038479775824264832 -0.019095415364091213 -0.018888945276968373 -0.017321567682342397 0.00082048042009440409 0.024935135065710972 -0.0039280812191809051 -0.020565277974431716 -0.0031029412520266223 0.0062875636065068997 0.037094228600080201
leaf_weight=93359 135 21 2167 28 28 38 25 5620 72 24 21 36 56 12983 796 20 36 20 33 1571 26 39 36 1626 56 29 24 22 121 26
leaf_count=93359 135 21 2167 28 28 38 25 5620 72 24 21 36 56 12983 796 20 36 20 33 1571 26 39 36 1626 56 29 24 22 121 26
internal_value=1.22341e-12 0.000226775 0.000183617 0.00055559 -0.00499051 -0.00160703 -0.0225463 -0.000667282 0.000995187 0.00942853 0.0196195 -0.00275868 0.000862839 0.000659629 0.00172022 0.00904522 0.00684568 -0.00668599 0.000295479 0.00125663 0.00209267 -0.00211555 0.00225751 0.000427512 0.00406789 0.0150877 0.00348063 -0.0177998 0.0115041 0.0216848
internal_weight=119094 25735 25600 17813 328 275 53 7787 237 73 45 164 128 17485 4469 266 246 63 13016 4203 3368 835 3342 1662 1680 85 1595 43 183 62
internal_count=119094 25735 25600 17813 328 275 53 7787 237 73 45 164 128 17485 4469 266 246 63 13016 4203 3368 835 3342 1662 1680 85 1595 43 183 62
is_linear=0
shrinkage=0.05


Tree=261
num_leaves=31
num_cat=0
split_feature=5 10 3 9 6 10 1 10 10 8 7 9 10 3 3 0 1 3 6 8 7 3 8 7 11 10 6 7 11 2
split_gain=0.653837 2.56428 2.82076 2.87407 2.98848 2.65931 2.46419 7.70053 2.91452 3.02584 4.86736 2.15717 2.34196 2.98269 4.18391 2.53573 2.47907 2.36765 3.27875 3.14556 2.47488 2.11514 2.05206 2.85801 1.92292 2.42912 1.88252 2.27581 2.74328 2.34535
threshold=-17.170093932826425 0.057509499999999998 -0.43850570409006723 0.19439150000000002 -6.1338054052746172 0.18392850000000002 0.34656057338598073 -0.057800499999999998 0.05256000000000003 -1.2258074807867341 -1.4317673682138703 0.15635900000000003 -0.30283649999999995 -0.063938267557045611 -0.11405090725009091 0.080234946379640029 -0.046701933125704025 -0.29458112973689576 -3.5456072545636945 -1.8407994022585938 -1.8369793379148007 -0.21703988489171719 -2.2837367245143825 -1.864749941035988 -0.0061884999999999987 0.016588499999999996 -2.4486939094827185 -3.4724544894089502 -0.021219999999999972 -0.036720963587211546
decision_type=2 2 2 2 2 2 2 2 2 2 2 2 2 2 2 2 2 2 2 2 2 2 2 2 2 2 2 2 2 2
left_child=1 6 -3 -4 -5 21 8 -8 9 11 -11 -1 -13 14 17 22 -16 18 -14 -19 -20 -6 26 24 -24 -26 27 28 -15 -30
right_child=-2 2 3 4 5 -7 7 -9 -10 10 -12 12 13 15 16 -17 -18 19 20 -21 -22 -23 23 -25 25 -27 -28 -29 29 -31
leaf_value=0.013445370707314653 -1.2619590905824184e-05 -0.019668676995712779 -0.016762528827946103 0.01730537068847891 0.012193235578289364 -0.013006099091754073 0.032174273221581069 -0.0025623924313829499 0.014712791635495862 -0.028895717628100621 -0.0008021593419032107 -0.010547815057902764 -0.0042186578076022366 0.012445163396187127 0.0072201461996883156 -0.0083038861345266918 0.030837744504213335 -0.0047034359926652943 0.030215958716428799 0.013978876476978947 0.0072636247845366602 -0.0014354469430898982 0.0011670156980731659 -0.0033212328986384171 0.031963424695034819 0.0088962963372468951 -0.012941722904465028 0.0040698363308033477 -0.021499147837554727 -0.0037760195308475797
leaf_weight=39 117728 23 28 23 34 42 27 39 41 21 58 39 24 20 20 80 25 101 23 29 24 175 21 39 21 25 28 189 24 84
leaf_count=39 117728 23 28 23 34 42 27 39 41 21 58 39 24 20 20 80 25 101 23 29 24 175 21 39 21 25 28 189 24 84
internal_value=1.96719e-12 0.00108761 -0.00278953 -0.00150403 5.52342e-05 -0.00152546 0.00229806 0.0116481 0.00166513 0.00109238 -0.00827007 0.00195744 0.00140839 0.00200851 0.00655989 -0.000100044 0.020341 0.00347456 0.0108176 -0.000535843 0.0184956 0.000781659 0.00135518 0.0074398 0.0137037 0.0194269 -0.000514293 0.000583398 -0.00456455 -0.00771449
internal_weight=119094 1366 325 302 274 251 1041 66 975 934 79 855 816 777 246 531 45 201 71 130 47 209 451 106 67 46 345 317 128 108
internal_count=119094 1366 325 302 274 251 1041 66 975 934 79 855 816 777 246 531 45 201 71 130 47 209 451 106 67 46 345 317 128 108
is_linear=0
shrinkage=0.05


Tree=262
num_leaves=31
num_cat=0
split_feature=11 1 6 6 0 1 4 9 9 5 6 4 4 9 7 0 2 9 11 8 9 7 1 5 8 6 7 0 9 4
split_gain=0.656008 4.14357 6.61272 6.2946 5.55943 6.6729 8.10549 6.10195 7.26647 5.37387 7.10182 4.69506 5.75988 4.15643 4.26977 12.581 7.90974 5.07343 4.4767 6.43529 3.94251 4.19077 3.7756 4.44526 3.49114 6.1739 5.45084 7.56109 4.31464 3.92899
threshold=-0.028130499999999944 0.092983120467999517 -4.0153366605784315 -2.6492873231335774 -0.028834039499086968 0.027011304444378496 -0.058934951512441373 0.28339350000000002 0.84674525000000012 -5.4815000171768951 -5.3442000403709322 -0.36354383065098894 -0.39689668582305127 0.79009000000000007 -2.3668139278176268 0.13283964652060767 0.27016871383319946 0.23029925000000004 -0.21103749999999996 -1.5313446455560442 0.19000125000000004 -3.431043439783291 0.23883972357695984 -3.984069266768961 -3.29028167519688 -6.4665603489108898 -4.685992601504112 0.0088068124556199851 0.17482375000000003 -0.0058264100749526029
decision_type=2 2 2 2 2 2 2 2 2 2 2 2 2 2 2 2 2 2 2 2 2 2 2 2 2 2 2 2 2 2
left_child=1 4 9 20 5 -1 7 -7 -9 13 -11 12 -5 14 18 -16 -17 -18 -3 -20 21 -4 -12 -24 26 -26 27 -6 -28 -27
right_child=-2 2 3 11 24 6 -8 8 -10 10 22 -13 -14 -15 15 16 17 -19 19 -21 -22 -23 23 -25 25 29 28 -29 -30 -31
leaf_value=-0.00026002600670581619 4.9406652388059781e-05 0.0099741595290731982 -0.0006563526969826358 0.0032915944336379581 -0.0037372520645649354 0.016218262802538127 -0.010855031619818573 0.0025248962255798027 0.02720241419156082 0.018687530620954931 -0.0034903341831954457 -0.00067276554516698716 0.024230850019898172 -0.028842212110757826 -0.03702054689996518 0.019641558546572926 0.0050470989756286151 -0.027925070175634965 -0.0027712381786239664 -0.026503894315101209 0.0034936277030696281 0.026900568788216728 -0.0023742020110408442 0.018247348302024968 -0.027661545900627971 -0.0012760910094363172 0.0045325056057760214 0.017405879883623968 -0.0067187867037747234 0.010401292522166768
leaf_weight=5179 101162 57 22 208 121 136 72 440 32 50 371 2198 39 20 39 27 20 28 266 32 1832 37 56 49 22 5436 94 65 911 73
leaf_count=5179 101162 57 22 208 121 136 72 440 32 50 371 2198 39 20 39 27 20 28 266 32 1832 37 56 49 22 5436 94 65 911 73
internal_value=-3.3847e-12 -0.000278724 0.000886698 0.00173711 -0.000774406 0.000351404 0.00500817 0.0068867 0.00419795 -0.00274621 0.000761649 6.17244e-05 0.00659779 -0.00651949 -0.00556756 -0.0139863 -0.00200851 -0.0141867 -0.00286408 -0.00531971 0.00390334 0.0166251 -0.00112132 0.00724919 -0.00175568 -0.00122692 -0.00421124 0.00365148 -0.00566643 -0.00112135
internal_weight=119094 17932 5351 4336 12581 5859 680 608 472 1015 526 2445 247 489 469 114 75 48 355 298 1891 59 476 105 6722 5531 1191 186 1005 5509
internal_count=119094 17932 5351 4336 12581 5859 680 608 472 1015 526 2445 247 489 469 114 75 48 355 298 1891 59 476 105 6722 5531 1191 186 1005 5509
is_linear=0
shrinkage=0.05


Tree=263
num_leaves=31
num_cat=0
split_feature=0 8 4 8 12 6 5 0 9 6 1 4 0 8 11 8 5 1 6 10 4 3 4 10 10 11 10 9 9 1
split_gain=0.662222 3.10187 1.71041 4.06894 4.0301 4.43592 5.57964 3.33426 3.11945 2.82383 2.7596 4.60475 4.76354 3.66653 3.4378 3.14626 2.71654 2.43265 2.33464 2.5493 2.36763 3.64784 2.32619 2.22852 2.17062 2.78097 2.84709 2.1449 2.66862 2.12594
threshold=0.15052421044674416 -3.2416299426946882 -0.11691880636014367 -1.5001172294596328 -1.3301615069885697 -2.5698590989285464 -1.5483887782322701 0.17949880279889355 0.30669000000000002 -1.8362175538747054 0.040651950972397273 -0.015625000000000052 0.22077601220797197 -2.032661408101085 0.013473500000000001 -2.4324126974844527 -4.9587975465302385 0.016338071822842307 -1.5579784552677942 -0.057800499999999998 -0.35845654852504161 -0.38795747373127798 -0.082999409193322479 0.032925500000000031 0.034155499999999984 -0.0037755000000000006 -0.11076 0.43449175000000007 0.45913475000000009 0.34656057338598073
decision_type=2 2 2 2 2 2 2 2 2 2 2 2 2 2 2 2 2 2 2 2 2 2 2 2 2 2 2 2 2 2
left_child=-1 -2 3 4 9 -6 7 -7 16 24 11 12 13 15 22 -4 -5 -17 -11 -20 -21 -22 -15 -24 25 -3 -27 -26 -29 -12
right_child=1 2 10 8 5 6 -8 -9 -10 18 29 -13 -14 14 -16 17 -18 -19 19 20 21 -23 23 -25 27 26 -28 28 -30 -31
leaf_value=3.434662501877009e-05 -0.012582415203975801 3.9255058028086326e-05 0.015406915816393765 0.026951690590940415 -0.023276026781648401 0.016110182094520756 -0.024313833851080675 -0.0067587715573608877 -0.00015385538451758251 -0.014868579863278726 -0.00080244872395649034 0.024225270149431058 -0.0087494864749411757 0.029850101808551702 -0.00075175006709554616 -0.013922436775003627 0.00089148146566003566 0.0058663777112960818 0.010482545832816798 0.0042812290482309671 -0.026907145905230818 -0.0057754166499052175 0.021360876758036943 0.00076352258038241421 -0.00016657851407030782 0.0088729276942710097 -0.0093331964844016024 0.020966901618923093 0.0020367014995337322 0.0013310591866058706
leaf_weight=109778 52 277 22 20 50 28 26 37 2474 67 3229 28 66 28 34 41 20 25 26 43 24 137 29 24 371 24 204 29 52 1829
leaf_count=109778 52 277 22 20 50 28 26 37 2474 67 3229 28 66 28 34 41 20 25 26 43 24 137 29 24 371 24 204 29 52 1829
internal_value=1.48894e-12 -0.000404734 -0.000336379 -0.00113156 -0.00329714 -0.0113117 -0.0047379 0.00309247 7.00975e-05 -0.00239598 0.000244083 0.00492817 0.00291955 0.00671342 0.0125916 -0.000968276 0.0139216 -0.00642667 -0.00665508 -0.00426245 -0.00614172 -0.00892549 0.0181925 0.0120338 -0.00107419 -0.00332703 -0.00741676 0.00144281 0.00881418 -3.09608e-05
internal_weight=119094 9316 9264 3909 1395 141 91 65 2514 1254 5355 297 269 203 115 88 40 66 297 230 204 161 81 53 957 505 228 452 81 5058
internal_count=119094 9316 9264 3909 1395 141 91 65 2514 1254 5355 297 269 203 115 88 40 66 297 230 204 161 81 53 957 505 228 452 81 5058
is_linear=0
shrinkage=0.05


Tree=264
num_leaves=31
num_cat=0
split_feature=4 3 9 9 2 1 7 3 0 8 8 5 6 8 1 6 11 7 4 0 1 3 7 0 8 9 2 9 3 7
split_gain=0.672215 2.51987 3.5659 3.46253 2.41623 3.66487 4.12762 3.80396 5.50538 7.55313 4.66776 4.62791 4.29257 4.21335 3.62665 4.58503 3.84049 5.74508 3.98723 4.34456 4.14016 7.46508 4.97972 7.41776 4.67027 5.51165 5.41823 6.36757 4.50856 4.46056
threshold=-0.14847562542611017 -0.17429749623027771 0.23029925000000004 0.22137925000000003 0.050662992691769666 0.088040980613457012 -4.366188481012137 0.1337405718060948 0.089080637041134017 -2.726620776556119 -1.5155223164403366 -3.0847803301791688 -4.9771418551995792 -0.96385307207149051 -0.069498467621792001 -3.3705611919097556 0.015824499999999988 -2.2340773894226862 -0.022852571259392936 0.0058928211737916411 -0.003074223212967075 0.15374315188101154 -3.5432222937393432 0.037704633876932243 -3.0540034196404986 0.31898525000000005 -0.0021687698003935991 0.2679342500000001 0.065677966101694976 -5.0861548832608099
decision_type=2 2 2 2 2 2 2 2 2 2 2 2 2 2 2 2 2 2 2 2 2 2 2 2 2 2 2 2 2 2
left_child=-1 2 3 -2 5 14 -7 8 11 -10 -9 -8 -11 -12 -3 16 18 -18 20 -20 29 22 -22 24 -24 26 28 -28 -26 -16
right_child=1 4 -4 -5 -6 6 7 10 9 12 13 -13 -14 -15 15 -17 17 -19 19 -21 21 -23 23 -25 25 -27 27 -29 -30 -31
leaf_value=0.00014082020810810391 -0.0067737653541068248 0.00086729440718052205 -0.0015640667330103033 -0.028976623138243503 0.00012357357841707729 -0.01003178625944115 0.0055522543955960901 -0.0019281002009830684 -0.010733627169816332 0.022363964382869504 0.013352291512630008 -0.00064444534660249985 0.00062103251124543822 -0.009389445973703496 0.017304021137004549 -0.0022207638633510557 -0.0023722919811428873 -0.021429864412582503 -0.014639127452803009 -0.0021131510067535766 0.00080453320551779968 -0.0022119144231382572 0.0045311472403789582 0.0006723699114800668 0.014901422593622036 -0.0025933516502846033 -0.00028226700157673294 0.031146077276207509 0.031007970510316746 -0.001181952876437394
leaf_weight=49513 87 2609 735 22 48657 84 1194 1174 165 24 94 403 419 26 33 5905 1115 41 85 373 1249 940 356 507 140 51 83 20 63 2927
leaf_count=49513 87 2609 735 22 48657 84 1194 1174 165 24 94 403 419 26 33 5905 1115 41 85 373 1249 940 356 507 140 51 83 20 63 2927
internal_value=6.13883e-14 -0.000100206 -0.00281563 -0.0112551 -6.68641e-05 -0.000528325 0.000921102 0.00118405 0.00244697 -0.00160214 -0.000968006 0.00398853 0.00179898 0.00842492 -0.000843127 -0.00116445 -0.000383093 -0.00304821 6.81854e-05 -0.00443784 0.000392217 0.0015801 0.00302381 0.00529583 0.00858348 0.0126245 0.0151608 0.00582032 0.0199 -0.000975859
internal_weight=119094 69581 844 109 68737 20080 3583 3499 2205 608 1294 1597 443 120 16497 13888 7983 1156 6827 458 6369 3409 2469 1220 713 357 306 103 203 2960
internal_count=119094 69581 844 109 68737 20080 3583 3499 2205 608 1294 1597 443 120 16497 13888 7983 1156 6827 458 6369 3409 2469 1220 713 357 306 103 203 2960
is_linear=0
shrinkage=0.05


Tree=265
num_leaves=31
num_cat=0
split_feature=7 8 11 7 11 9 4 10 4 11 5 6 1 11 9 3 3 1 6 0 10 6 3 10 6 5 5 9 5 2
split_gain=0.662845 2.28258 3.48466 2.13941 4.80467 2.47478 3.31498 1.68313 1.66793 1.50208 1.93136 1.44971 1.42249 4.35975 2.67562 3.50337 3.83039 3.07275 2.59291 1.85686 1.84336 2.8521 1.71894 2.04139 1.51733 2.33121 1.40274 1.47195 1.33496 2.25945
threshold=0.14883265963629269 -0.16702198225135442 0.31141999999999997 0.80553278013315566 -0.090929999999999969 0.6627557500000002 -0.44420199961383972 0.079030500000000004 -0.62881439159417385 0.054233999999999984 -0.27574709400229253 -1.1013432900674323 -0.32113486897270999 0.023307999999999943 0.41353850000000009 -0.13870499746408591 0.13659203564466729 -0.25147745964571511 -1.1338114527935306 -0.26226178725045496 -0.045217999999999987 -0.89674801718311892 0.5314322678856882 0.085868500000000028 -1.9471300605467032 -2.3127488680087978 -2.4462742890646862 1.0889377500000001 -3.9165648608559835 -0.068127011571451998
decision_type=2 2 2 2 2 2 2 2 2 2 2 2 2 2 2 2 2 2 2 2 2 2 2 2 2 2 2 2 2 2
left_child=-1 2 9 4 -3 -6 7 8 -7 12 11 -11 13 19 15 -14 -17 -16 24 20 -2 -22 23 -20 -19 -26 -8 -28 -5 -30
right_child=1 3 -4 28 5 6 26 -9 -10 10 -12 -13 14 -15 17 16 -18 18 22 -21 21 -23 -24 -25 25 -27 27 -29 29 -31
leaf_value=1.2682686394551767e-05 0.00380455632111989 0.020040558576583864 -0.022939942099831322 -0.0059867774949363267 0.0153443542903225 -0.0074824086506851024 -0.015173347340896726 0.0096187216847744075 0.0091905692359432588 -0.006835788440551948 0.0039890555951457756 -0.020651380011233792 0.019972076030591361 0.020890213963058263 -0.020922670847182325 -0.018918853735418194 0.0091204839726460388 -0.0041573126728496985 -0.0069047582174579687 0.0099530390965250834 -0.0011530652176588775 -0.026064830441027882 0.013174531950304906 0.011565946361848288 -0.025511934462254152 -0.0033971289765428411 0.0025241143232130488 -0.012359800354505962 -0.0041836404593120656 0.0042110448551689649
leaf_weight=117733 32 40 22 122 29 40 34 81 24 55 26 29 26 27 29 21 29 81 52 26 27 20 27 21 26 22 46 26 155 166
leaf_count=117733 32 40 22 122 29 40 34 81 24 55 26 29 26 27 29 21 29 81 52 26 27 20 27 21 26 22 46 26 155 166
internal_value=5.08896e-12 -0.00109711 -0.00341006 0.000715656 0.00383082 0.00151515 -8.26517e-05 0.0048303 -0.00123004 -0.00266413 -0.00791948 -0.0116055 -0.00142359 0.00297069 -0.00316025 0.00508516 -0.00265604 -0.00558914 -0.00364733 -0.00163719 -0.00545169 -0.0117538 0.0023955 -0.00159127 -0.0083317 -0.015376 -0.0068032 -0.00285063 -0.00153458 0.000157536
internal_weight=119094 1361 598 763 320 280 251 145 64 576 110 84 466 132 334 76 50 258 229 105 79 47 100 73 129 48 106 72 443 321
internal_count=119094 1361 598 763 320 280 251 145 64 576 110 84 466 132 334 76 50 258 229 105 79 47 100 73 129 48 106 72 443 321
is_linear=0
shrinkage=0.05


Tree=266
num_leaves=31
num_cat=0
split_feature=8 12 10 5 6 11 5 2 9 1 4 11 11 0 1 4 3 3 6 11 10 7 6 9 5 11 6 11 6 1
split_gain=0.634837 1.16194 1.38305 1.24321 1.86187 1.69028 2.33324 1.70718 1.22558 1.22253 2.18942 1.62841 0.83712 0.787736 2.19675 2.29967 2.72643 2.71865 1.90837 2.51901 3.6884 2.57827 2.36801 2.17977 1.78623 1.68791 1.32002 1.2576 1.90092 1.16507
threshold=0.61515601233369199 0.49479369188800154 -0.15203249999999996 -7.0358096021727734 -2.8826618441546574 0.071189500000000003 -2.0308506037546339 2.0011737089201884 0.6627557500000002 1.0775296848187803 -0.22291666666666668 -0.047437999999999973 0.046972499999999952 -0.35970567167152973 -0.22075562177882055 -0.43620964778093768 0.86963219601649044 0.46217482500170654 -2.8434637719989597 -0.034651999999999981 0.13016300000000003 0.39437584531971381 -3.3568968435946123 0.76694375000000015 -4.2378274446764621 -0.0091575000000000111 0.62208236359720115 -0.00433199999999996 -0.49807759880741226 -0.27003135827082969
decision_type=2 2 2 2 2 2 2 2 2 2 2 2 2 2 2 2 2 2 2 2 2 2 2 2 2 2 2 2 2 2
left_child=13 2 -2 -4 -5 7 -7 8 -6 10 11 -10 -3 14 15 16 17 18 22 23 21 24 -1 -20 -21 -19 -23 -26 -29 -15
right_child=1 12 3 4 5 6 -8 -9 9 -11 -12 -13 -14 29 -16 -17 -18 25 19 20 -22 26 -24 -25 27 -27 -28 28 -30 -31
leaf_value=-0.0024981592012959168 -0.012870721318617915 -0.0028415827429853382 0.0085864429473876958 -0.0148284396280845 0.0023058275014839389 0.01811071598659391 -0.0017007851019679083 0.0056668024063362063 0.0023546583671122789 -0.016957084759269492 0.008578400287245002 -0.014433436231830946 0.008267541338018207 0.00078752864786200418 0.011170673823176788 -0.019605651914607735 -0.015519076976925134 0.0016536984268737877 -0.018504728997246391 -0.0017694381509153617 -0.01233509219271261 0.0045360844068486122 -0.021390879576749827 0.0013387712873518468 0.024443248076283414 0.021514630213787314 -0.011141810849308969 0.0018142201746481339 0.021996907303109766 -1.7217373492794426e-05
leaf_weight=43 33 28 25 30 33 23 42 37 20 32 21 52 43 4683 29 20 35 23 31 21 34 29 27 25 23 20 25 28 20 113559
leaf_count=43 33 28 25 30 33 23 42 37 20 32 21 52 43 4683 29 20 35 23 31 21 34 29 27 25 23 20 25 28 20 113559
internal_value=6.18145e-13 -0.0019428 -0.00313211 -0.00211187 -0.00303414 -0.00167326 0.00530944 -0.00400083 -0.00626477 -0.00852741 -0.00562687 -0.00977008 0.00388648 6.85936e-06 -0.00212188 -0.00307605 -0.00221513 -0.000880927 -0.0025352 -0.000384731 0.00249656 0.00595051 -0.00978535 -0.00964602 0.011041 0.0108913 -0.0027222 0.01483 0.0102237 1.46548e-05
internal_weight=119094 419 348 315 290 260 65 195 158 125 93 72 71 118675 433 404 384 349 306 236 180 146 70 56 92 43 54 71 48 118242
internal_count=119094 419 348 315 290 260 65 195 158 125 93 72 71 118675 433 404 384 349 306 236 180 146 70 56 92 43 54 71 48 118242
is_linear=0
shrinkage=0.05


Tree=267
num_leaves=31
num_cat=0
split_feature=10 8 6 9 6 11 6 1 6 6 2 3 2 11 5 11 2 1 1 5 0 5 2 10 1 2 2 9 10 8
split_gain=0.638396 3.89711 5.62112 4.36992 5.61226 4.98655 11.0084 4.27906 4.92361 5.79377 4.57531 4.43055 4.08855 6.44959 4.52835 5.1759 4.70062 4.96093 4.31129 4.0198 4.60756 3.9571 3.88684 3.66016 3.65667 3.63492 3.51338 3.34048 4.50148 3.1722
threshold=0.06779900000000004 -3.5599162560447142 -2.5960993732126805 0.27135050000000005 -3.2791214352860418 -0.012491999999999974 -5.9227674387528646 0.26960614224871077 -5.7651444851893165 -5.4246888032584044 0.087516458837866754 0.19519301709303741 0.31825630208951933 0.025926500000000009 -7.5203243678275458 -0.0027345000000000004 -0.0021687698003935991 0.02308730599987863 -0.085266419872426599 -2.8637906595380795 -0.12790067133625541 -8.8896439212707055 0.21750925323772222 0.085868500000000028 0.045875218434118688 0.077735924307486673 0.087516458837866754 0.11506975000000001 0.099371999999999988 -1.9512058641483585
decision_type=2 2 2 2 2 2 2 2 2 2 2 2 2 2 2 2 2 2 2 2 2 2 2 2 2 2 2 2 2 2
left_child=-1 2 12 4 7 -5 22 8 10 -10 -3 -12 14 -14 15 21 -17 -18 -16 -8 29 -2 -7 -6 -19 -20 -27 -9 -29 -21
right_child=1 3 -4 5 23 6 19 27 9 -11 11 -13 13 -15 18 16 17 24 25 20 -22 -23 -24 -25 -26 26 -28 28 -30 -31
leaf_value=5.0676086125988612e-05 0.0042247667405250914 0.0061837856029160329 -0.022783228339893477 -0.0023111096955215744 0.00048584772662611125 0.040163545434673625 -0.0010093644721167723 -0.0055653247841154089 0.017010763647925597 -0.0010292977671600273 -0.03699629754945636 -0.0072287038937211045 0.00044925834593032639 -0.032656410269971403 0.014461765985823039 0.031259687115316806 -0.0056857815516802171 0.031006357488998521 -0.0070959179898407226 0.01017393359787795 0.0002275672887432302 -0.020688750844939416 0.011242028512060643 0.0059547249797006693 0.0062010089532496078 0.016202217616654677 -0.0018463483365091333 -0.0038741564763517217 0.019457372102058598 0.0026594879468670412
leaf_weight=99942 37 20 35 2849 469 21 5937 33 46 1371 25 25 31 28 33 23 48 24 444 171 5209 28 26 880 39 29 384 29 72 786
leaf_count=99942 37 20 35 2849 469 21 5937 33 46 1371 25 25 31 28 33 23 48 24 444 171 5209 28 26 880 39 29 384 29 72 786
internal_value=3.18635e-12 -0.000264446 -0.00304418 -8.14402e-05 0.00167082 -0.00042841 1.30558e-05 -0.000311966 -0.00108313 -0.000443664 -0.0140278 -0.0221125 -0.00244238 -0.0152619 -0.00174785 0.00507075 0.0106869 0.00642409 -0.00327245 -8.07319e-05 0.000813412 -0.00650721 0.0241644 0.00405339 0.0156507 -0.00395533 -0.000579016 0.00824571 0.0127582 0.00400219
internal_weight=119094 19152 1183 17969 2970 14999 12150 1621 1487 1417 70 50 1148 59 1089 199 134 111 890 12103 6166 65 47 1349 63 857 413 134 101 957
internal_count=119094 19152 1183 17969 2970 14999 12150 1621 1487 1417 70 50 1148 59 1089 199 134 111 890 12103 6166 65 47 1349 63 857 413 134 101 957
is_linear=0
shrinkage=0.05


Tree=268
num_leaves=31
num_cat=0
split_feature=10 11 1 0 4 6 3 11 0 9 10 10 4 3 2 1 1 6 5 10 9 11 8 7 7 0 9 10 9 1
split_gain=0.655795 2.49998 4.53659 6.41837 8.70336 6.81728 4.50291 4.36957 5.85319 3.73874 3.5245 3.25575 5.95741 3.98688 3.47871 5.28996 3.39648 3.22329 3.21393 3.13018 4.4294 6.20263 4.99037 3.53274 4.07497 3.48923 3.68818 3.3659 3.23282 3.73917
threshold=0.026879500000000004 -0.011344500000000006 -0.067620212568824598 -0.022379192499550945 -0.1787250151918883 -0.74428529032435431 0.96262081662173726 -0.0041425000000000203 0.097352286032354032 0.62357200000000013 0.089763999999999969 0.13598200000000008 -0.058934951512441373 0.66679226325043983 0.048513871117674807 0.057017997455066867 -0.015744681563815307 -5.1961345945403261 -1.5483887782322701 0.054821999999999989 0.19439150000000002 -0.016518500000000016 -3.658116014891768 -4.4240130279610765 -4.1535570330522624 0.037704633876932243 0.19304500000000002 0.13016300000000003 0.11506975000000001 0.12874465876447841
decision_type=2 2 2 2 2 2 2 2 2 2 2 2 2 2 2 2 2 2 2 2 2 2 2 2 2 2 2 2 2 2
left_child=-1 2 -2 4 5 -4 19 8 9 -3 -11 13 14 16 -13 -16 -6 -18 -12 25 21 28 23 27 -25 -5 -27 -22 -21 -30
right_child=1 7 3 6 11 -7 -8 -9 -10 10 18 12 -14 -15 15 -17 17 -19 -20 20 22 -23 -24 24 -26 26 -28 -29 29 -31
leaf_value=-0.00012082430639651949 -0.0020121963500499837 0.001735842265417716 0.0085353242764653111 0.0021536675631229256 -0.0017707198335316092 -0.0078919935801864734 -0.005925232957936389 6.6909611456372899e-05 -0.0017796002185906429 0.005214350422113879 0.0081101601291447886 -0.0094919207876443239 -0.022634106204367996 -0.0052456593573757372 0.015584906652713053 -0.009348666859376761 -0.0159677072474733 0.0043325414246384525 0.036455913744866848 -0.0083132045865058901 -0.015654644099995493 -0.0093252042404538583 -0.0017338349680832981 -0.036919590700417761 -0.011553928904207792 -0.0092616095140835904 -0.00031446887930455358 0.011408159099691721 0.0058575277562223135 0.020978087579190244
leaf_weight=57800 3588 6671 646 1812 378 70 386 39924 1268 124 20 71 41 209 52 36 20 877 20 25 20 63 2482 20 76 122 2061 27 124 61
leaf_count=57800 3588 6671 646 1812 378 70 386 39924 1268 124 20 71 41 209 52 36 20 877 20 25 20 63 2482 20 76 122 2061 27 124 61
internal_value=3.17703e-13 0.000113937 -0.000493618 6.93186e-05 0.00231164 0.0069293 -0.000670009 0.000281768 0.00134039 0.0019192 0.00937744 0.000348307 -0.00564031 0.0011554 -0.00125826 0.00538481 0.00220467 0.00387992 0.022283 -0.000375722 -0.00162673 0.00443472 -0.00225712 -0.0113396 -0.0168384 0.000531767 -0.000814492 -0.000107927 0.0085627 0.0108432
internal_weight=119094 61294 13267 9679 2400 716 7279 48027 8103 6835 164 1684 200 1484 159 88 1275 897 40 6893 2898 273 2625 143 96 3995 2183 47 210 185
internal_count=119094 61294 13267 9679 2400 716 7279 48027 8103 6835 164 1684 200 1484 159 88 1275 897 40 6893 2898 273 2625 143 96 3995 2183 47 210 185
is_linear=0
shrinkage=0.05


Tree=269
num_leaves=31
num_cat=0
split_feature=2 3 8 9 4 5 10 6 7 1 9 3 8 3 1 1 3 3 5 6 0 3 0 8 11 4 2 11 5 9
split_gain=0.654425 2.61953 4.68771 3.40142 4.50393 3.58284 8.17958 4.65841 3.13587 2.93964 4.25554 3.76389 2.90015 7.89393 3.58968 3.00145 4.53508 3.93967 5.3557 2.87596 2.82158 2.79845 3.8442 3.97637 3.02466 4.48614 4.09824 3.59349 4.39173 3.31164
threshold=0.30629171598505006 0.071059856863635598 -3.2416299426946882 0.63180300000000011 -0.5362414417385043 -3.9165648608559835 0.19827750000000008 -2.6871776350369134 -2.0540103253724191 0.02443307531864403 0.34687525000000002 0.076375649795791381 -2.8401648244488311 0.25016453209641193 0.088040980613457012 0.39337886371972003 0.13659203564466729 0.31248080293943098 -6.7472544520842366 -3.1905459901112554 -0.022379192499550945 0.26568599216816974 0.12396013444875899 -2.032661408101085 -0.011344500000000006 -1.0000000180025095e-35 0.31247037955078844 -0.049662999999999922 -2.4032653215027988 0.36505700000000002
decision_type=2 2 2 2 2 2 2 2 2 2 2 2 2 2 2 2 2 2 2 2 2 2 2 2 2 2 2 2 2 2
left_child=-1 2 -2 4 -4 6 7 -5 -7 -3 -11 -12 13 -13 -15 16 -14 18 -17 -20 -6 22 -18 -24 26 -26 -23 28 -28 -29
right_child=1 9 3 5 20 8 -8 -9 -10 10 11 12 15 14 -16 17 21 -19 19 -21 -22 24 23 -25 25 -27 27 29 -30 -31
leaf_value=-4.5185628466781764e-05 -0.016990087120591298 0.0028221017198136323 -0.022508227180403014 0.020398056228198888 -0.0084989774321644184 0.023069447060318098 -0.033841228863457216 -0.0044839263905706852 0.0040281230903284138 0.0014150658083966058 0.018470409068350607 0.033225084974875918 -0.0093948007102920075 -0.018047837577760222 0.0050130365265498838 0.02840544104576111 -0.00063460499585534522 -5.7967415126924917e-05 0.015792145749384708 0.0017450282652752545 -0.0010271627898794549 0.016900063908845672 0.022536511847283693 0.0041495378222165744 0.00030526316686879716 -0.0062252312062741205 0.004986031357484144 -0.014871905356994831 -0.0059076950690394878 -0.0046651878565579672
leaf_weight=103684 46 1325 26 24 136 23 20 87 361 5107 26 23 175 20 108 25 325 1764 44 212 1781 24 40 111 1991 303 209 88 166 820
leaf_count=103684 46 1325 26 24 136 23 20 87 361 5107 26 23 175 20 108 25 325 1764 44 212 1781 24 40 111 1991 303 209 88 166 820
internal_value=2.53174e-12 0.000304025 -0.00117597 -0.000880014 -0.0018376 0.00273277 -0.00440743 0.000895962 0.00516862 0.00059117 0.000335926 -0.000515351 -0.000591906 0.00625582 0.00140977 -0.000756112 -0.00151315 0.000817937 0.0063165 0.00415938 -0.00155724 -0.00117484 0.00242818 0.00902026 -0.00165111 -0.000557309 -0.00357091 -0.00395384 0.000163742 -0.00565439
internal_weight=119094 15410 2504 2458 1943 515 131 111 384 12906 11581 6474 6448 151 128 6297 4252 2045 281 256 1917 4077 476 151 3601 2294 1307 1283 375 908
internal_count=119094 15410 2504 2458 1943 515 131 111 384 12906 11581 6474 6448 151 128 6297 4252 2045 281 256 1917 4077 476 151 3601 2294 1307 1283 375 908
is_linear=0
shrinkage=0.05


Tree=270
num_leaves=31
num_cat=0
split_feature=4 3 5 6 10 5 11 0 9 6 7 4 9 7 6 8 2 8 3 11 10 7 8 1 0 1 8 10 2 9
split_gain=0.623028 1.70071 3.4038 3.44761 3.99938 3.12517 3.29349 3.13164 2.84684 3.51286 2.60143 2.2605 2.05619 3.95196 3.44722 2.04368 2.0156 4.03133 3.34952 3.22305 4.29822 3.4103 2.74117 3.21257 2.67724 2.29735 7.27762 2.79383 3.18402 2.72345
threshold=-0.017696075113215522 1.1637207340223583 -3.5385968980004745 -1.8928052123093673 0.037774000000000023 -4.6465217331966242 0.0028935000000000076 0.17343136579517918 0.35165175000000004 -1.7762842312137235 -1.0487833304030032 -0.0058264100749526029 0.93081225000000012 -2.5956093496187145 -0.49807759880741226 -1.4822777976823212 0.69706089188100917 1.0000000180025095e-35 0.71091913089039538 0.0048425000000000004 0.027160500000000021 -1.8209510801535 -0.37319999869523457 0.43831218028126889 0.11389564247855356 0.012296882125627075 -2.7872423395850063 -0.17554549999999999 0.017426826866632997 0.27673300000000006
decision_type=2 2 2 2 2 2 2 2 2 2 2 2 2 2 2 2 2 2 2 2 2 2 2 2 2 2 2 2 2 2
left_child=-1 12 3 5 -5 7 -7 11 -4 -10 15 -3 16 -14 -15 -11 17 25 19 -18 -21 -22 23 -23 -20 26 27 -2 -29 -30
right_child=1 2 8 4 -6 6 -8 -9 9 10 -12 -13 13 14 -16 -17 18 -19 24 20 21 22 -24 -25 -26 -27 -28 28 29 -31
leaf_value=4.6586203625180496e-05 0.011004889299649568 0.013694539733908393 0.013959836816259973 0.0098666065824883336 -0.015012139069537323 0.037556820351719145 0.010697336539626123 0.022884123448536478 -0.0089002327046132299 -0.00053509038567928408 -0.0030656642371626654 -0.0063498644397044796 0.025672191042791715 -0.01059221370453616 0.013845230501007151 0.016722579875273542 -0.0014594362237702174 0.015969397583486221 -0.0063415567120672133 -0.022886531248542608 -0.017660434163279004 -0.0088771386741427708 -0.015030469139175559 0.011575336884319162 0.0055589513545855887 -0.00023302994802909427 0.01076918353759487 -0.02123768499765832 -0.0044072103807702668 -0.01921568310353905
leaf_weight=102144 21 22 30 35 30 21 25 22 116 29 92 39 22 31 27 42 207 38 69 51 45 32 27 48 150 15259 71 39 275 35
leaf_count=102144 21 22 30 35 30 21 25 22 116 29 92 39 22 31 27 42 207 38 69 51 45 32 27 48 150 15259 71 39 275 35
internal_value=6.84455e-13 -0.000280738 0.00258318 0.00777412 -0.00161589 0.0125055 0.0229593 0.00671188 -0.000675865 -0.0022496 0.00248337 0.000879265 -0.000368325 0.00762814 0.000783838 0.00967367 -0.000407411 -0.000296483 -0.00318289 -0.00584954 -0.0103261 -0.00611181 -0.00125491 0.00339435 0.00180948 -0.000335853 -0.00389362 -0.00670729 -0.00777307 -0.00607913
internal_weight=119094 16950 503 194 65 129 46 83 309 279 163 61 16447 80 58 71 16367 15738 629 410 203 152 107 80 219 15700 441 370 349 310
internal_count=119094 16950 503 194 65 129 46 83 309 279 163 61 16447 80 58 71 16367 15738 629 410 203 152 107 80 219 15700 441 370 349 310
is_linear=0
shrinkage=0.05


Tree=271
num_leaves=31
num_cat=0
split_feature=6 7 5 5 5 1 1 8 3 10 7 11 10 9 1 4 0 10 2 3 9 9 8 2 4 2 1 3 4 0
split_gain=0.627855 4.02561 2.45963 4.2213 3.19693 2.67146 3.09027 2.61615 3.11432 3.92708 2.57641 3.64966 3.53032 2.84689 2.81687 3.26767 2.21857 2.70738 2.49248 2.40125 2.14494 2.45627 2.62188 3.5497 2.27157 4.64591 2.94055 2.91162 3.75095 2.55248
threshold=-0.62838140585079683 -1.0187367008709967 -1.7640124196234876 -1.4072013655392552 -2.0057669906074618 0.37542399974579427 0.16342839306698023 -1.2927090690226455 0.16824379398829994 0.0037134999999999811 0.80553278013315566 -0.061167499999999965 -0.077595999999999998 0.38390600000000008 0.33349515798642376 -0.29090621949118467 0.027172019938708106 0.026598499999999987 -0.39907678669593188 -0.24048893884607184 0.99512200000000017 0.79009000000000007 -1.3514353655178424 -0.070691333111035079 -0.17122170151256774 0.46222796069148558 -0.17802774858221412 0.20166835357624827 -0.24976339607662465 -0.16574498810737334
decision_type=2 2 2 2 2 2 2 2 2 2 2 2 2 2 2 2 2 2 2 2 2 2 2 2 2 2 2 2 2 2
left_child=-1 20 4 5 7 6 16 8 -3 -10 11 -9 -13 14 15 -14 17 18 -4 -18 21 24 -23 -24 25 26 27 28 -2 -28
right_child=1 2 3 -5 -6 -7 -8 10 9 -11 -12 12 13 -15 -16 -17 19 -19 -20 -21 -22 22 23 -25 -26 -27 29 -29 -30 -31
leaf_value=2.5463054787152093e-05 0.0013317574188770396 -0.00052852878427736203 0.0076607160083949563 0.00084301221506341431 -0.0083906802126525529 -0.0033669474423818646 0.027338164656733471 0.01074410868770998 -0.031374299628660084 -0.0066637020393433737 -0.0080761680641045722 -0.009328658723582824 0.0035856490192765541 0.0006215250071290422 -0.0033210521077980167 0.029545002468620185 0.0090022015981376172 0.0056113633741107262 0.030949039426114822 -0.014241755029943307 0.010648386424873025 -0.027148162005469201 -0.019870895007625223 0.0099187877797521657 -0.0002447788639150503 -0.024894706629216671 -0.012901388778253784 -0.0083813282431683678 0.022439192786164908 -0.0037813542377656919
leaf_weight=113510 248 176 20 1812 135 42 24 99 20 82 73 81 22 633 23 27 25 72 27 20 32 20 20 20 917 25 86 69 23 711
leaf_count=113510 248 176 20 1812 135 42 24 99 20 82 73 81 22 633 23 27 25 72 27 20 32 20 20 20 917 25 86 69 23 711
internal_value=-2.44105e-12 -0.000517606 0.000553112 0.00165295 -0.00108501 0.00803383 0.0105808 -0.000287059 -0.0045573 -0.0115089 0.000952114 0.00169682 0.000557276 0.00169311 0.0111141 0.0178898 0.00812852 0.0117047 0.0210391 -0.00132845 -0.00220087 -0.0023931 -0.0123668 -0.00497605 -0.00210526 -0.00357346 -0.00310466 0.000788428 0.00312316 -0.00476545
internal_weight=119094 5584 3413 2042 1371 230 188 1236 278 102 958 885 786 705 72 49 164 119 47 45 2171 2139 60 40 2079 1162 1137 340 271 797
internal_count=119094 5584 3413 2042 1371 230 188 1236 278 102 958 885 786 705 72 49 164 119 47 45 2171 2139 60 40 2079 1162 1137 340 271 797
is_linear=0
shrinkage=0.05


Tree=272
num_leaves=31
num_cat=0
split_feature=10 9 11 5 10 3 8 9 8 7 6 3 0 1 6 9 11 1 11 5 5 8 2 1 4 3 10 7 0 11
split_gain=0.60897 2.15245 2.58823 5.39473 3.25809 3.03844 2.96174 2.55126 2.28941 2.62925 2.42524 2.3788 2.81177 3.77078 5.74197 4.12961 2.28509 2.27491 1.77394 3.5742 5.52956 5.45003 6.96279 4.44795 4.40797 4.3706 4.16096 3.11814 2.5809 2.41863
threshold=-0.22315999999999997 0.21913850000000004 -0.0181265 -6.0548149512961063 -0.49409349999999991 0.0030508811394300843 -2.152719770863869 0.22496075000000001 -4.7917139135934015 -3.4866084170838731 -6.1338054052746172 -0.15560401981994557 -0.0046874888024500119 0.019073523127540407 -3.8793781980076454 0.34038100000000004 -0.0022035000000000106 -0.040386119156782356 -0.073818999999999982 -4.0737928188775419 -3.5571224795984957 -2.0213665862279382 -0.08831294518394299 -0.35711928335690701 -0.21563157233888933 0.030818743890207893 -0.49409349999999991 -2.9265699312767297 -0.026026498967925079 -0.0048870000000000016
decision_type=2 2 2 2 2 2 2 2 2 2 2 2 2 2 2 2 2 2 2 2 2 2 2 2 2 2 2 2 2 2
left_child=1 2 6 5 -5 -4 -1 -3 -9 11 -11 -10 13 14 -13 -15 -7 -16 19 21 24 25 -23 -22 -21 -12 -24 -25 -27 -20
right_child=-2 7 3 4 -6 16 -8 8 9 10 18 12 -14 15 17 -17 -18 -19 29 20 23 22 26 27 -26 28 -28 -29 -30 -31
leaf_value=0.0052553114830516286 2.0459285862566903e-05 -0.014420097794915949 0.005910022182228125 0.024042827669869773 0.0030558068577726054 -0.0040735731904323292 0.025733449350556603 0.012459308965480887 -0.018998781059469498 -0.01742755366223199 -0.008363162778607271 -0.019164255211273067 -0.007709605091561874 -0.0029569548733818993 -0.0034681638974385955 0.024268247519309324 -0.023526248103007675 0.019066081435552665 0.0024283134978439064 -0.00063755294969795569 0.012334896717220545 -0.0020234103499237317 -0.040857662460594267 0.0060296192063796746 0.022374653097231995 -0.0032120443068635769 -0.015323339116114838 -0.0047442194494042925 0.013667787248441192 -0.001057654115709113
leaf_weight=76 115318 35 23 22 116 26 23 32 28 21 103 39 195 26 24 30 36 21 886 38 51 58 27 79 46 39 39 448 54 1135
leaf_count=76 115318 35 23 22 116 26 23 32 28 21 103 39 195 26 24 30 36 21 886 38 51 58 27 79 46 39 39 448 54 1135
internal_value=-3.18055e-12 -0.000624821 0.00328497 0.000298155 0.00640156 -0.00961091 0.0100129 -0.000989313 -0.000851823 -0.000977585 -0.000494925 -0.00499842 -0.00382824 0.00157795 -0.00512207 0.011628 -0.0153687 0.00704782 -0.000376515 -0.00211988 -2.26339e-05 -0.00645856 -0.0146623 -0.00176469 0.0119644 -0.00126844 -0.0257692 -0.00312917 0.00658915 0.000470583
internal_weight=119094 3776 322 223 138 85 99 3454 3419 3387 3024 363 335 140 84 56 62 45 3003 982 662 320 124 578 84 196 66 527 93 2021
internal_count=119094 3776 322 223 138 85 99 3454 3419 3387 3024 363 335 140 84 56 62 45 3003 982 662 320 124 578 84 196 66 527 93 2021
is_linear=0
shrinkage=0.05


Tree=273
num_leaves=31
num_cat=0
split_feature=4 3 9 9 1 4 10 2 4 6 7 8 8 10 9 11 6 2 1 3 11 9 7 7 7 5 10 1 6 5
split_gain=0.611873 2.27625 3.22856 3.08862 2.19713 3.33616 3.53407 4.04047 3.07536 2.86024 2.24989 2.60912 3.44104 5.44562 4.75479 3.32653 2.53834 2.15681 3.27641 4.03008 3.59439 6.27637 7.07418 5.75372 7.63898 5.22865 3.54133 3.26699 4.25187 3.9205
threshold=-0.14847562542611017 -0.17429749623027771 0.23029925000000004 0.22137925000000003 0.7661940843064593 -0.0037621379170540976 -0.12586299999999997 0.071928217145470055 -0.024368762812381092 -4.3856160918270719 -2.8945591677718592 -2.1315039166479379 -1.4080615766522999 0.046512499999999991 0.42391725000000008 -0.003589499999999995 -1.9119713892797587 0.050662992691769666 0.088040980613457012 0.58388018148071785 -0.021700999999999981 0.47289100000000012 -1.8510230782409842 -2.0018915112334885 -2.5354504357171463 -2.4032653215027988 -0.045217999999999987 -0.069498467621792001 -3.3173819338899784 -6.1981213154076844
decision_type=2 2 2 2 2 2 2 2 2 2 2 2 2 2 2 2 2 2 2 2 2 2 2 2 2 2 2 2 2 2
left_child=-1 2 3 -2 5 6 7 -4 9 -8 -11 16 -13 15 -15 -14 -12 18 27 20 21 23 -23 24 25 -20 -26 -3 -29 -30
right_child=1 17 4 -5 -6 -7 8 -9 -10 10 11 12 13 14 -16 -17 -18 -19 19 -21 -22 22 -24 -25 26 -27 -28 28 29 -31
leaf_value=0.00013435116602271557 -0.0064743215485807805 0.00082584455533946132 -0.0006658329055286372 -0.027444141832264984 0.0079427306785395269 -0.019177006371319295 -0.015220557799163674 -0.029115592478774488 0.013896490851683277 -0.01066942117271983 0.0088291906980461944 -0.0059383511045655495 0.0024221647819060656 0.03547778307460249 0.0053586369588677039 -0.022353313851053828 -0.0077789404895156622 0.0001160109684744657 0.003938228524303965 -0.0073540379638641976 0.00048235579918875073 0.0072432636333679828 0.043577119300053237 -0.0091890297483014707 0.033866534948349 -0.015951223246048432 0.012062592040874983 -0.00037864470462571327 0.0013366085216648443 -0.0026565297519440599
leaf_weight=49513 87 2609 26 22 57 28 35 24 35 49 129 204 42 20 38 20 28 48657 309 143 2857 37 21 81 25 37 73 8244 702 4942
leaf_count=49513 87 2609 26 22 57 28 35 24 35 49 129 204 42 20 38 20 28 48657 309 143 2857 37 21 81 25 37 73 8244 702 4942
internal_value=1.51902e-12 -9.56027e-05 -0.00267643 -0.0107068 -0.00148554 -0.00227818 -0.00155023 -0.0143217 -0.00048594 -0.00137689 -0.000462682 0.00057709 -0.00198634 0.00473207 0.0157445 -0.00556993 0.00586723 -6.39135e-05 -0.000499899 0.000870562 0.00121246 0.00479032 0.0203986 0.00306598 0.00530169 0.00181132 0.0176248 -0.00079755 -0.00110252 -0.00215986
internal_weight=119094 69581 844 109 735 678 650 50 600 565 530 481 324 120 58 62 157 68737 20080 3583 3440 583 58 525 444 346 98 16497 13888 5644
internal_count=119094 69581 844 109 735 678 650 50 600 565 530 481 324 120 58 62 157 68737 20080 3583 3440 583 58 525 444 346 98 16497 13888 5644
is_linear=0
shrinkage=0.05


Tree=274
num_leaves=31
num_cat=0
split_feature=6 11 7 6 10 0 3 8 1 9 2 2 8 7 5 10 4 10 2 3 10 8 3 9 0 0 4 11 11 2
split_gain=0.613587 2.52982 2.14887 1.7378 1.71728 2.37264 2.55222 2.33257 2.2608 2.73401 3.63147 2.19555 2.42119 2.38626 2.19921 2.07529 1.87485 1.85488 1.79847 4.02438 3.1375 2.30668 2.62853 2.79393 2.25476 4.12054 2.19721 2.17733 1.94192 1.76512
threshold=-0.24351852815951319 -0.51730049999999983 -0.75082161473017284 0.62208236359720115 -0.204483 -0.00092422152274446157 1.3998466257668714 -1.4260573590999026 -0.28070850040589401 0.46580575000000007 0.1772513969444052 0.050662992691769666 -1.1083506524943345 -0.94895820425456201 -2.4897874558066744 -0.039751499999999988 -0.32155540086207979 0.037774000000000023 0.46222796069148558 0.31736132833009484 -0.0067060000000000166 -1.3514353655178424 -0.2653953461315689 0.39904875000000006 0.11389564247855356 0.063261267877277386 -0.032256727117102639 0.00018450000000000413 -0.024781999999999995 0.0038095376309755795
decision_type=2 2 2 2 2 2 2 2 2 2 2 2 2 2 2 2 2 2 2 2 2 2 2 2 2 2 2 2 2 2
left_child=-1 -2 4 -4 7 8 18 -3 -6 15 11 12 13 14 -11 -10 -17 -12 19 20 26 22 27 28 25 -21 -7 -22 -24 -23
right_child=1 2 3 -5 5 6 -8 -9 9 10 17 -13 -14 -15 -16 16 -18 -19 -20 24 21 29 23 -25 -26 -27 -28 -29 -30 -31
leaf_value=1.8976281184058279e-05 -0.01840657351538539 -0.001794394581948462 0.0019013340363693389 -0.0011046080702109601 0.0028958101894514744 0.0030617635092583667 -0.016635621671119465 0.019100047360089693 -0.013488528940259762 -0.0012212513014674188 -0.009379359361316477 -0.029948910969224848 -0.024386597455789649 0.0066925161030320897 -0.022626114690709593 0.0035275111394464085 -0.0046340021943565108 0.011395646626955238 -0.0054097225737165322 0.0035089202970266342 -0.0056031797569067706 -0.001164732267584731 0.0090039649468270089 -0.020791668221354486 0.0041358504391644365 0.035220228432722038 0.021664226436140865 0.017165505606681109 -0.0074189373384422018 0.014876657269067235
leaf_weight=115855 20 34 1022 908 85 57 23 22 46 21 21 22 30 21 28 101 232 22 110 20 21 47 21 35 53 21 22 21 126 27
leaf_count=115855 20 34 1022 908 85 57 23 22 46 21 21 22 30 21 28 101 232 22 110 20 21 47 21 35 53 21 22 21 126 27
internal_value=1.04774e-12 -0.000678758 -0.000568613 0.00048714 -0.00214938 -0.00253831 -0.000300045 0.00641414 -0.00468761 -0.00587252 -0.0112447 -0.0156484 -0.0125023 -0.00740907 -0.0134526 -0.00353373 -0.00215859 0.00124971 0.00034663 0.001691 -0.000616821 -0.00296535 -0.00549376 -0.00809567 0.0109468 0.0197513 0.0082422 0.00578116 -0.00507281 0.00468821
internal_weight=119094 3239 3219 1930 1289 1233 604 56 629 544 165 122 100 70 49 379 333 43 581 471 377 298 224 182 94 41 79 42 147 74
internal_count=119094 3239 3219 1930 1289 1233 604 56 629 544 165 122 100 70 49 379 333 43 581 471 377 298 224 182 94 41 79 42 147 74
is_linear=0
shrinkage=0.05


Tree=275
num_leaves=31
num_cat=0
split_feature=4 2 8 10 9 9 9 0 2 6 5 4 10 7 0 11 5 10 5 4 8 11 1 1 5 2 8 1 3 8
split_gain=0.614811 2.12765 3.18894 4.67989 4.84075 3.4512 3.40003 4.42897 5.42614 4.11 6.31761 6.34533 5.41622 3.76515 4.85023 3.95395 6.97335 3.49828 4.07802 3.74553 3.40052 3.63697 3.31588 3.11615 3.07916 4.18358 4.50486 3.54101 3.3471 3.1211
threshold=-0.04164938047017424 0.30629171598505006 -1.6125400071535794 -0.11816799999999995 0.32168900000000006 0.65129150000000013 0.29060475000000008 -0.0054609579508930186 0.21106393551336103 -7.1583493145329467 -9.2828883553914583 -0.009358862544003475 0.089763999999999969 -1.4717356544199409 0.067706930449373162 -0.0067595000000000008 -3.5991073041275388 0.051992000000000017 -4.8709568578163287 -0.03391066775413009 -1.9632130604085836 0.0048425000000000004 0.051479945897343178 0.013718535724033478 -1.2062218531412572 0.22464085591377383 -2.4589755583628201 0.097985751508511645 0.22464772692520643 -4.7917139135934015
decision_type=2 2 2 2 2 2 2 2 2 2 2 2 2 2 2 2 2 2 2 2 2 2 2 2 2 2 2 2 2 2
left_child=-1 2 6 4 -4 22 9 8 17 10 23 -12 -13 24 -15 -16 -17 -8 -19 -20 -11 -22 -5 -2 29 26 -26 -28 -29 -9
right_child=1 -3 3 5 -6 -7 7 13 -10 20 11 12 -14 14 15 16 -18 18 19 -21 21 -23 -24 -25 25 -27 27 28 -30 -31
leaf_value=6.6408422479446533e-05 -0.018378953655393652 0.00048449026529788307 0.0037090531095773692 0.021932201974255883 -0.030662070112302899 0.019421966301484239 0.0036351788452861303 -0.01497371426220377 -0.0075616548968950453 -0.00036033270297028153 0.033310957591642036 -0.0039341374825642905 0.026567916572093966 0.013409637952489513 -0.0028281914187967081 -0.036426292559398075 -0.008343327358985941 0.00065250906269424249 0.011513417889364065 0.039749585189249204 0.0030319680555424256 0.021918755572176343 0.0024932143258323009 0.0066056164447218183 -0.014540573301706085 -0.018905093398739081 0.020794190955348315 -0.015391956053674223 0.011037674691128221 -0.0014290505109050063
leaf_weight=88763 26 8361 21 23 20 36 187 43 81 16449 33 43 22 21 67 35 60 26 24 23 112 33 475 24 49 61 24 25 23 3904
leaf_count=88763 26 8361 21 23 20 36 187 43 81 16449 33 43 22 21 67 35 60 26 24 23 112 33 475 24 49 61 24 25 23 3904
internal_value=-2.05029e-12 -0.000194343 -0.000452682 0.00322184 -0.0130573 0.00447174 -0.000551437 -0.00174706 0.00373845 -0.000219146 0.00807615 0.015455 0.00638963 -0.00218086 -0.00919894 -0.0121297 -0.0186897 0.00725887 0.0165415 0.0253311 -0.000293131 0.00733034 0.003391 -0.00638636 -0.00186981 -0.00822841 -0.00284595 0.00511289 -0.00272776 -0.00157661
internal_weight=119094 30331 21970 575 41 534 21395 4653 341 16742 148 98 65 4312 183 162 95 260 73 47 16594 145 498 50 4129 182 121 72 48 3947
internal_count=119094 30331 21970 575 41 534 21395 4653 341 16742 148 98 65 4312 183 162 95 260 73 47 16594 145 498 50 4129 182 121 72 48 3947
is_linear=0
shrinkage=0.05


Tree=276
num_leaves=31
num_cat=0
split_feature=3 8 7 9 5 5 5 9 2 6 7 5 6 0 7 1 2 4 8 1 0 0 2 2 3 3 5 5 1 2
split_gain=0.607843 2.50151 7.04756 5.45781 5.42264 7.1204 4.98584 4.56882 4.41216 4.34144 3.7274 3.91846 3.48393 3.46382 3.41313 8.31641 3.09672 3.05442 3.05171 2.99418 4.07014 2.98201 2.93776 3.99912 2.89976 2.89168 3.82677 2.58856 3.15996 6.43755
threshold=0.092756800485050875 -3.8034404526650545 -5.0861548832608099 0.20534350000000004 -6.5098875177664066 -7.4375078527615957 -6.8833548612716529 0.11506975000000001 -0.077793157002548227 -4.4365515277367695 -5.0861548832608099 -8.5749776129228099 -4.7700428547793097 0.0065943125300090841 -3.8829578437329997 -0.053449735084438448 -0.09643170242965686 -0.019120141510051255 -4.2912813858441234 -0.0045090024661624808 0.0044793593171693633 0.0029858175523577173 0.058266257463371447 0.10625969703291772 -0.0058032053179939971 0.0057984467183064279 -4.1905667597882195 -2.9428250027114347 0.015069935294050098 0.058266257463371447
decision_type=2 2 2 2 2 2 2 2 2 2 2 2 2 2 2 2 2 2 2 2 2 2 2 2 2 2 2 2 2 2
left_child=1 2 4 7 5 21 13 -4 16 25 11 -3 17 -5 18 -16 -9 -10 -11 -6 -21 -1 -20 -24 -18 -8 -27 -14 -29 -30
right_child=-2 10 3 6 19 -7 9 8 12 14 -12 -13 27 -15 15 -17 24 -19 22 20 -22 -23 23 -25 -26 26 -28 28 29 -31
leaf_value=-0.0059702170547097921 0.00011454651992232385 -0.024757447929286788 0.015323085895059714 0.013621827457909999 0.016292811450548471 0.043095871094952935 -0.022294413388553491 0.0020594832609436196 -0.0082662537539100328 -0.018902043537236752 -3.2800488572871672e-05 -0.0019519291410688311 0.00049269039901606883 -0.0060011005764615474 0.013932248448523192 -0.017683696711006072 0.005409347355210533 0.001322488635566763 -0.0026011110922609946 -0.02406952415709384 0.0050499928370118146 0.021333667404251175 0.027812504154545344 -0.0026920906179362819 0.030540551338344813 -0.0026268605007332001 -0.02782966893166304 -0.015930939468212033 0.016846257200813852 -0.012105813801948292
leaf_weight=20 58716 31 42 46 20 22 79 114 339 20 58015 48 816 44 26 104 24 110 105 20 30 20 22 21 22 61 20 57 32 48
leaf_count=20 58716 31 42 46 20 22 79 114 339 20 58015 48 816 44 26 104 24 110 105 20 30 20 22 21 22 61 20 57 32 48
internal_value=-1.78807e-13 -0.000111393 -0.00173451 -0.00242238 0.00947988 0.020248 -0.00673032 -0.00095059 -0.00138817 -0.00884448 -4.75797e-05 -0.0109009 -0.00228589 0.0040284 -0.00527746 -0.0113605 0.00647811 -0.00591712 -0.000570335 -5.76353e-05 -0.00659781 0.00768173 0.00190692 0.0129149 0.0174286 -0.0154881 -0.00884978 -0.000575055 -0.00693476 -0.000524985
internal_weight=119094 60378 2284 2152 132 62 548 1604 1562 458 58094 79 1402 90 298 130 160 449 168 70 50 40 148 43 46 160 81 953 137 80
internal_count=119094 60378 2284 2152 132 62 548 1604 1562 458 58094 79 1402 90 298 130 160 449 168 70 50 40 148 43 46 160 81 953 137 80
is_linear=0
shrinkage=0.05


Tree=277
num_leaves=31
num_cat=0
split_feature=5 11 11 6 10 1 10 10 11 1 8 11 9 3 3 7 8 8 3 0 2 10 7 7 10 9 3 0 4 8
split_gain=0.602606 2.28322 3.04578 2.54353 2.30547 4.02763 4.60865 3.56129 2.57488 3.23076 2.43208 2.4616 2.50219 2.57037 3.50049 2.40188 2.34371 2.28668 2.35965 2.04522 2.80176 3.738 2.85674 2.96223 1.87994 1.86689 1.83171 1.76396 2.61531 1.73836
threshold=-17.170093932826425 -0.035932500000000027 -0.21103749999999996 -3.7979959625806794 0.057509499999999998 0.34656057338598073 0.015000000000000015 0.05256000000000003 -0.00433199999999996 0.26960614224871077 -1.2258074807867341 -0.026005499999999983 0.15635900000000003 -0.063938267557045611 -0.11405090725009091 -1.3419737109646199 -1.9155058740960935 -1.7442903121511331 0.38765186168904625 0.078800542887309658 0.3008632936005074 0.0056969999999999668 -3.2621859079007582 -1.7607721294592638 0.096801000000000012 0.42134900000000003 -0.10276303764906757 -0.012836836068867817 -0.077137671765620905 -1.8129631572290832
decision_type=2 2 2 2 2 2 2 2 2 2 2 2 2 2 2 2 2 2 2 2 2 2 2 2 2 2 2 2 2 2
left_child=1 2 -1 -4 5 7 -7 10 16 17 11 -3 -13 14 29 -12 24 18 -10 20 22 -22 27 -24 -6 -5 -27 -15 -29 -14
right_child=-2 4 3 25 8 6 -8 -9 9 -11 15 12 13 19 -16 -17 -18 -19 -20 -21 21 -23 23 -25 -26 26 -28 28 -30 -31
leaf_value=0.0086006681076609172 -1.2115114445686868e-05 0.015234073810926122 -0.016329251987626775 0.0045320421742389401 -0.0076616469371531687 0.03558707120362669 0.0024239645551212812 0.018216154173783521 -0.0038669872043101353 -0.013728448342193257 -0.022109038932248953 0.015082808953079889 -0.00018783635001234485 0.00090132001429223108 0.019689834253812159 -0.00097396622366476351 0.0015633056328321498 0.012102829090480764 0.014287673583550549 -0.0085158653035004809 0.027690760903836539 -0.00067159146643601939 0.0048507301827832583 -0.013814225106034429 -0.029081144928932191 0.00011389256542315707 -0.017358504844208558 -0.026118498490679834 -0.0060000792914070194 0.010759374530403876
leaf_weight=39 117728 36 50 49 21 20 22 34 96 33 20 34 132 52 37 41 24 52 22 74 21 26 186 24 20 30 30 21 70 50
leaf_count=39 117728 36 50 49 21 20 22 34 96 33 20 34 132 52 37 41 24 52 22 74 21 26 186 24 20 30 30 21 70 50
internal_value=-3.11796e-12 0.00104413 -0.00392073 -0.00699202 0.00188578 0.00309798 0.0182159 0.00235794 -0.00218504 0.000588209 0.0017036 0.00247166 0.00183969 0.00118995 0.00566985 -0.0079035 -0.0108461 0.00336732 -0.00048222 -0.000879874 0.000532784 0.0120009 -0.000994139 0.00271759 -0.0181102 -0.00270888 -0.00862231 -0.00644493 -0.0106428 0.00281964
internal_weight=119094 1366 198 159 1168 900 42 858 268 203 824 763 727 693 219 61 65 170 118 474 400 47 353 210 41 109 60 143 91 182
internal_count=119094 1366 198 159 1168 900 42 858 268 203 824 763 727 693 219 61 65 170 118 474 400 47 353 210 41 109 60 143 91 182
is_linear=0
shrinkage=0.05


Tree=278
num_leaves=31
num_cat=0
split_feature=8 12 11 11 1 10 6 5 2 0 10 5 3 10 5 0 9 4 4 4 10 4 1 1 4 7 11 11 8 2
split_gain=0.59277 1.05978 1.2225 1.46591 1.70466 1.6967 1.70642 1.61998 1.38219 1.42492 1.18228 1.01563 1.03091 0.871081 1.81509 0.78442 1.82611 1.6075 4.54063 4.40859 2.36476 2.07996 1.9084 1.92917 1.79238 1.87187 2.4632 1.78051 1.68812 3.18795
threshold=0.61515601233369199 0.49479369188800154 -0.116507 -0.047437999999999973 -0.30573543245548945 0.091987499999999958 -1.8928052123093673 -1.0662737017425312 -0.042977341435905862 -0.029781423279718829 -0.039751499999999988 -1.5812620357799021 0.40000000000000008 -0.011374500000000008 1.0000000180025095e-35 0.39933890765301921 1.2747032500000002 -0.046332046332046288 -0.082999409193322479 -0.068420165682152798 -0.17554549999999999 -0.11821943915369519 0.29296381419304446 0.37542399974579427 -0.45908230278314743 -0.12812875271514659 0.0057535000000000095 -0.038667 -0.16702198225135442 0.085444066095853768
decision_type=2 2 2 2 2 2 2 2 2 2 2 2 2 2 2 2 2 2 2 2 2 2 2 2 2 2 2 2 2 2
left_child=15 2 -2 -4 -5 8 -7 -8 -6 -10 -11 12 -12 -3 -15 -1 17 18 21 -20 -19 24 -22 -24 25 -17 -27 -26 -29 -30
right_child=1 13 3 4 5 6 7 -9 9 10 11 -13 -14 14 -16 16 -18 20 19 -21 22 -23 23 -25 27 26 -28 28 29 -31
leaf_value=-3.8681749522741069e-06 -0.014420950069854206 0.011955065152142197 0.0061351021213663951 -0.01262328059158542 -0.015795042145997286 -0.00655196442924164 0.017592461760742247 0.00071061918667207169 0.007261815033982405 0.0045820655131881887 0.004075924698263407 -0.017945501030910582 -0.0099485514971954566 -0.0080127994208757224 0.011566779334098103 -0.0036968676404705129 0.015783181452107702 0.019465856444069438 -0.029954266160105665 -0.0035189601309273556 0.014179201895603911 0.012441364827712902 -0.012917112580246547 0.0024442197888371693 -0.015416315734386444 0.024802207143511626 0.0040402368465438489 -0.0045210426224787069 0.021378881493139837 -0.0043923560729516404
leaf_weight=117889 22 22 45 44 25 27 27 30 27 22 20 21 38 29 20 39 22 22 24 46 32 38 22 288 25 20 50 109 21 28
leaf_count=117889 22 22 45 44 25 27 27 30 27 22 20 21 38 29 20 39 22 22 24 46 32 38 22 288 25 20 50 109 21 28
internal_value=-8.73206e-13 -0.00187733 -0.00301315 -0.0022433 -0.00358504 -0.00190705 0.00380252 0.00870728 -0.00504172 -0.00294147 -0.00566907 -0.00852382 -0.00511253 0.0036898 -2.11346e-05 6.6282e-06 0.00158094 0.00117197 -0.00101589 -0.0125825 0.00357621 0.00143763 0.00255407 0.00135406 5.64092e-06 0.00508145 0.00997223 -0.00301766 -0.00105584 0.00665246
internal_weight=119094 419 348 326 281 237 84 57 153 128 101 79 58 71 49 118675 786 764 400 70 364 330 342 310 292 109 70 183 158 49
internal_count=119094 419 348 326 281 237 84 57 153 128 101 79 58 71 49 118675 786 764 400 70 364 330 342 310 292 109 70 183 158 49
is_linear=0
shrinkage=0.05


Tree=279
num_leaves=31
num_cat=0
split_feature=7 9 9 10 11 10 3 11 9 5 2 10 9 10 5 11 3 2 3 4 6 4 6 2 11 10 2 11 4 2
split_gain=0.60929 2.12164 3.25242 2.54171 5.86834 2.41406 4.21101 2.55395 2.79174 3.23175 2.5283 2.08913 1.98276 1.84632 3.09256 2.35337 3.85937 2.67737 2.3318 2.15615 2.03202 2.82455 1.77801 2.64864 2.61743 2.24007 1.73476 2.36587 1.55179 1.49937
threshold=0.14883265963629269 0.18184825000000002 0.11506975000000001 0.39555950000000006 0.246304 0.19827750000000008 -0.37771808969514686 -0.054970499999999985 0.53943950000000018 -3.3805399127883486 0.1540620796581266 0.17055750000000006 0.74734950000000011 0.022875999999999942 -3.6824118497499216 0.076176500000000022 0.63035073165237787 0.61639806376955963 -0.11405090725009091 -0.24146796680992935 1.0943468274178154 -0.26452216091760455 -0.13093745654751734 -0.56207538849212457 0.093479000000000076 0.03202200000000003 -0.45899096372956999 0.0086429999999999858 -0.30944798454141015 -0.22152290723981902
decision_type=2 2 2 2 2 2 2 2 2 2 2 2 2 2 2 2 2 2 2 2 2 2 2 2 2 2 2 2 2 2
left_child=-1 2 -2 5 -5 7 -7 8 -3 28 -8 13 -11 14 18 17 -17 20 -9 -20 21 26 25 -24 -25 -15 27 -16 -10 -28
right_child=1 3 -4 4 -6 6 10 11 9 12 -12 -13 -14 22 15 16 -18 -19 19 -21 -22 -23 23 24 -26 -27 29 -29 -30 -31
leaf_value=1.2159538551083398e-05 -0.00075100709081572651 -0.010998228616413794 0.024659642055630687 -0.031304488039535026 0.0012075124414903779 0.016433906909794762 0.0085784373267625402 -0.0045811155108375513 0.027210571176626466 -0.0087235940649406981 -0.012269672757071077 -0.01571518026602765 0.0057670753193087877 0.0083749175929214541 -0.0012710101221903014 -0.018229784935829229 0.0070600028213282876 -0.010436486555453466 -0.0086323628478028169 -0.028108592157562576 -0.0057644549472671419 0.018224665616563631 -0.0099704406448993185 0.0029038970094932394 0.018726857414688259 -0.0042000042361458045 -0.0097049146508559198 0.02074367329478264 0.0079670383105985825 0.005163220688700676
leaf_weight=117733 34 28 20 23 35 52 26 57 22 32 33 30 90 41 26 48 22 49 27 30 54 34 29 113 34 260 39 23 20 30
leaf_count=117733 34 28 20 23 35 52 26 57 22 32 33 30 90 41 26 48 22 49 27 30 54 34 29 113 34 260 39 23 20 30
internal_value=-1.911e-12 -0.00105186 0.00866034 -0.00145313 -0.0116852 -0.00097798 0.00606039 -0.0016645 0.00359325 0.00608448 -0.00308237 -0.00273161 0.00196624 -0.00230639 -0.00464631 -0.00216085 -0.0102816 6.83663e-05 -0.0117321 -0.018883 0.00256709 0.00552699 -0.000152869 0.00383927 0.00656363 -0.00248714 0.00186833 0.00906241 0.018047 -0.00324051
internal_weight=119094 1361 54 1307 58 1249 111 1138 192 164 59 946 122 916 439 325 70 255 114 57 206 152 477 176 147 301 118 49 42 69
internal_count=119094 1361 54 1307 58 1249 111 1138 192 164 59 946 122 916 439 325 70 255 114 57 206 152 477 176 147 301 118 49 42 69
is_linear=0
shrinkage=0.05


Tree=280
num_leaves=31
num_cat=0
split_feature=11 8 5 2 8 3 3 4 0 3 4 0 8 7 8 6 4 2 5 10 1 5 8 2 10 2 1 6 8 2
split_gain=0.58473 2.36162 3.97645 2.71042 2.78064 3.99522 2.33072 2.13207 3.25839 2.96329 2.05554 2.57935 2.02338 2.45093 1.95149 1.93401 1.9049 2.41019 1.67896 2.61838 2.69738 2.09434 2.40539 1.93363 1.56332 1.46711 1.57972 1.33293 1.6598 1.24959
threshold=0.31141999999999997 -1.826910546010672 -8.7286224734822486 0.35340766221973868 -2.0213665862279382 -0.25903973688831256 0.36413605803589882 -0.23331101051275979 0.016216892627134775 -0.20603058846112501 -0.025870670373972001 0.062186453972701512 -1.4461358677886118 -0.75082161473017284 -3.4560145027289058 -3.3705611919097556 -0.18468788612996004 -0.13813421330410444 -0.85301928426656382 0.39555950000000006 -0.21413448613136113 -1.3704535085231038 -0.6905742408661083 -0.170934170251029 0.13016300000000003 0.099938149317521555 0.055606083334450725 1.0000000180025095e-35 -0.37319999869523457 -0.18326682992636881
decision_type=2 2 2 2 2 2 2 2 2 2 2 2 2 2 2 2 2 2 2 2 2 2 2 2 2 2 2 2 2 2
left_child=-1 3 -3 4 5 -2 10 18 -9 -10 11 14 -11 -14 24 -12 17 -16 19 20 -4 22 23 -22 -7 26 -18 28 29 -20
right_child=1 2 7 -5 -6 6 -8 8 9 12 15 -13 13 -15 16 -17 25 -19 27 -21 21 -23 -24 -25 -26 -27 -28 -29 -30 -31
leaf_value=9.8181675183600978e-06 -0.017777557714054218 -0.024967409883226668 -0.0038765203665631514 -0.012437849810742068 0.015158856841616143 0.0022008349780331961 -0.0088255873869638891 -0.020345673788534968 -0.01903199255871384 -0.011579015296460554 0.019364815289658069 -0.01226102897531486 0.017632296652748035 -0.0030352102185133845 -0.0016917615830898286 0.00036705240962051208 -0.0090379635452468333 0.020051463994269186 -0.010734537271782757 -0.010677280359562826 -0.011104906082618982 0.023919398598372939 0.016202568297901759 0.0075473681148706066 0.019748656162021993 0.0070812999882036822 0.0066240138507315102 0.0026751961811844792 -0.019993419758975506 0.0049540095708586959
leaf_weight=118166 26 21 60 33 39 22 40 38 23 22 37 28 26 32 25 21 69 26 30 33 24 20 36 33 30 32 21 35 24 22
leaf_count=118166 26 21 60 33 39 22 40 38 23 22 37 28 26 32 25 21 69 26 30 33 24 20 36 33 30 32 21 35 24 22
internal_value=-2.08413e-12 -0.00125019 -0.00369225 0.00135504 0.00244919 0.00113439 0.00253528 -0.00271675 -0.00783189 -0.00321516 0.00399648 0.0020502 0.00133218 0.00622953 0.00383115 0.0124863 0.00127821 0.00939302 -0.000441558 0.00222954 0.00469153 0.00924094 0.00608428 -0.000306221 0.0123246 -0.00211405 -0.0053835 -0.00539872 -0.00911697 -0.00409708
internal_weight=119094 928 479 449 416 377 351 458 141 103 311 253 80 58 225 58 173 51 317 206 173 113 93 57 52 122 90 111 76 52
internal_count=119094 928 479 449 416 377 351 458 141 103 311 253 80 58 225 58 173 51 317 206 173 113 93 57 52 122 90 111 76 52
is_linear=0
shrinkage=0.05


Tree=281
num_leaves=31
num_cat=0
split_feature=6 10 10 5 1 2 6 8 7 5 2 0 11 10 11 1 11 10 3 3 10 10 5 10 5 10 10 10 9 10
split_gain=0.580992 2.31414 4.95637 3.95163 2.90509 3.26433 4.09334 3.32436 2.62091 2.37546 2.20971 3.87794 3.91584 3.36543 3.63882 3.04568 2.26006 2.21552 2.18085 2.47443 2.15029 2.95881 2.18583 2.01176 1.98904 1.96804 1.97334 3.78174 2.54286 2.13234
threshold=-0.24351852815951319 -0.18903849999999997 -0.13339299999999998 -3.5187653945375934 -0.33772615859632066 -0.16304058571460869 0.15499957468098949 -0.96385307207149051 -0.60179689406171089 -1.1125818213866185 -0.16695748110821432 0.15892456252004464 -0.084376499999999979 0.03232150000000001 0.087065000000000017 -0.41909003234053199 0.027991000000000019 -0.035073999999999987 0.0085863983606468981 0.32203681726869599 0.047506500000000014 0.062155999999999996 1.6124734832451122 -0.34279249999999989 0.36146848217384536 -0.0056770000000000423 0.016969500000000002 0.024115000000000001 0.60654550000000007 0.12489200000000004
decision_type=2 2 2 2 2 2 2 2 2 2 2 2 2 2 2 2 2 2 2 2 2 2 2 2 2 2 2 2 2 2
left_child=-1 4 3 -3 23 -6 -7 -8 -4 -5 13 -12 -13 14 15 24 -17 -14 20 -20 -15 -22 -23 -2 -10 -19 28 -28 -27 -29
right_child=1 2 8 9 5 6 7 -9 10 -11 11 12 17 18 -16 16 -18 25 19 -21 21 22 -24 -25 -26 26 27 29 -30 -31
leaf_value=1.8465383713452512e-05 0.0042115469271915831 -0.03208377523347735 -0.0021300156797496917 0.0041116325321189804 -0.0078190147947294255 0.019763396633788944 0.010285722102750749 -0.011666324971509831 -0.001815156736043527 -0.014320673137395221 0.0062262042762736575 -0.020725021418184043 0.010694230058567322 0.01560415069689043 -0.026535000845324248 -0.010850095669575968 0.0051019068669389796 -0.014092123533527441 -0.0187018036054304 0.0014257138544643249 -0.011888462005813115 0.0022153084195734372 0.017871293373405935 0.022846682655314605 0.016814319589985131 0.022096173245121132 -0.021782334514760547 0.0031641105463766912 -0.0012115062400698661 -0.0061909955696024923
leaf_weight=115855 28 20 1494 29 66 37 34 35 38 44 383 23 47 32 20 125 27 26 26 37 34 206 25 30 23 22 21 193 25 89
leaf_count=115855 28 20 1494 29 66 37 34 35 38 44 383 23 47 32 20 125 27 26 26 37 34 206 25 30 23 22 21 193 25 89
internal_value=9.06533e-13 -0.000660484 -0.00102998 -0.012393 0.00417351 0.000910371 0.00634565 -0.000849374 -0.000667581 -0.00699825 0.000868901 0.00253591 -0.000633112 -0.00146154 -0.00614359 -0.00422891 -0.00801652 0.000459356 0.00156879 -0.00688088 0.00336115 0.00188275 0.00390968 0.0138504 0.00520907 -0.000820004 0.000165925 -0.00131272 0.00969847 0.000211613
internal_weight=119094 3239 3009 93 230 172 106 69 2916 73 1422 829 446 593 233 213 152 423 360 63 297 265 231 58 61 376 350 303 47 282
internal_count=119094 3239 3009 93 230 172 106 69 2916 73 1422 829 446 593 233 213 152 423 360 63 297 265 231 58 61 376 350 303 47 282
is_linear=0
shrinkage=0.05


Tree=282
num_leaves=31
num_cat=0
split_feature=4 2 8 11 1 9 0 2 6 10 5 5 10 1 6 2 10 2 3 3 10 5 4 8 11 11 3 9 1 2
split_gain=0.573703 1.90627 2.91745 4.13853 5.37286 3.08434 3.97141 4.89953 3.65465 5.85271 8.24316 6.00885 4.03527 4.02971 3.38742 3.39558 4.69169 6.0054 3.15756 4.52473 3.13712 3.65948 3.37218 3.0937 3.30874 3.06778 4.46634 3.17684 2.89161 3.00178
threshold=-0.04164938047017424 0.30629171598505006 -1.6125400071535794 -0.06482099999999999 0.34656057338598073 0.29060475000000008 -0.0054609579508930186 0.21106393551336103 -7.1583493145329467 -0.082280999999999965 -9.2828883553914583 -7.3579847048650597 0.026598499999999987 0.013718535724033478 -1.0233746179179095 0.24825657056488096 0.065837000000000021 0.11475119333883645 -0.12633043088710835 -0.11035342631483057 0.051992000000000017 -4.8709568578163287 -0.03391066775413009 -1.9632130604085836 0.0048425000000000004 0.00056100000000001992 0.15374315188101154 0.31614675000000009 0.051479945897343178 0.06812621278712995
decision_type=2 2 2 2 2 2 2 2 2 2 2 2 2 2 2 2 2 2 2 2 2 2 2 2 2 2 2 2 2 2
left_child=-1 2 5 4 -4 8 7 20 9 -2 13 12 -12 -11 18 16 17 -16 -8 -20 25 -22 -23 -10 -25 26 -7 -27 -5 -30
right_child=1 -3 3 28 -6 6 14 -9 23 10 11 -13 -14 -15 15 -17 -18 -19 19 -21 21 22 -24 24 -26 27 -28 -29 29 -31
leaf_value=6.4149892596919919e-05 -0.016839696799537965 0.00045481425776932368 0.0061899413693357608 0.021276274688231213 -0.028372436529025435 0.023077739093984875 -0.013620195047198131 -0.0072088194197549686 -0.00034409743813798902 -0.022091216271344041 0.046809738044711675 0.0023935218947008252 0.019327667815720335 0.0092686473438516256 0.012670206400039402 0.0033878779464534357 -0.033957625707262198 -0.018200997946783901 0.019539750459603968 -0.0017964312720566023 0.00061304554558144167 0.010879977893394729 0.037671964040592962 0.0028915998434448347 0.020905982979545087 -0.022098744176328185 0.0020604707507907855 0.0022079315502196552 0.016483412310481071 0.0023705232658258251
leaf_weight=88763 21 8361 22 24 23 35 56 81 16449 21 22 30 34 20 23 35 24 50 25 4099 26 24 23 112 33 20 91 41 41 465
leaf_count=88763 21 8361 22 24 23 35 56 81 16449 21 22 30 34 20 23 35 24 50 25 4099 26 24 23 112 33 20 91 41 41 465
internal_value=-2.26447e-12 -0.000187733 -0.000432264 0.00308236 -0.0114753 -0.000526721 -0.00166548 0.00352895 -0.000210233 0.00761206 0.0116553 0.0204507 0.0301242 -0.00679372 -0.00207626 -0.00996244 -0.0147796 -0.00847445 -0.00182723 -0.00166709 0.00687418 0.0156646 0.0239909 -0.000279999 0.00699142 0.00344264 0.0078986 -0.00576147 0.00431838 0.00351406
internal_weight=119094 30331 21970 575 45 21395 4653 341 16742 148 127 86 56 41 4312 132 97 73 4180 4124 260 73 47 16594 145 187 126 61 530 506
internal_count=119094 30331 21970 575 45 21395 4653 341 16742 148 127 86 56 41 4312 132 97 73 4180 4124 260 73 47 16594 145 187 126 61 530 506
is_linear=0
shrinkage=0.05


Tree=283
num_leaves=31
num_cat=0
split_feature=8 7 2 1 11 3 3 11 11 8 11 3 2 6 6 11 9 11 7 8 6 2 1 0 1 1 2 8 6 7
split_gain=0.583199 4.86842 3.75766 4.04323 3.51988 3.46832 3.53869 3.43141 3.17134 3.22116 3.39761 5.98516 2.97382 2.59726 3.81511 2.53077 2.36666 2.5814 4.26808 5.53583 3.81973 4.85556 3.41753 10.6194 4.8073 4.16155 3.35416 3.05876 2.96375 2.79991
threshold=-0.99447902762627616 -1.5535209648541677 0.53547023947919092 1.0775296848187803 0.093479000000000076 0.50948521560783611 0.3529441073302006 -0.030486999999999983 -0.142628 0.20296190791348631 -0.045346499999999977 0.5314322678856882 0.47800371077540821 -7.1583493145329467 -5.7651444851893165 0.015283500000000021 0.60654550000000007 -0.073818999999999982 -0.60179689406171089 -0.89481079467582092 -2.3308590791946338 0.49464642880337656 -0.18249116732470613 0.12396013444875899 0.16342839306698023 -0.24272834487105624 -0.25331104170122781 -0.58634601332366765 -1.1338114527935306 -0.60179689406171089
decision_type=2 2 2 2 2 2 2 2 2 2 2 2 2 2 2 2 2 2 2 2 2 2 2 2 2 2 2 2 2 2
left_child=-1 2 4 5 8 6 15 -7 -2 10 11 -10 -12 -3 -15 -4 -16 18 -18 -20 21 22 25 24 -24 -19 -25 -28 -22 -30
right_child=1 13 3 -5 -6 7 -8 -9 9 -11 12 -13 -14 14 16 -17 17 20 19 -21 28 -23 23 26 -26 -27 27 -29 29 -31
leaf_value=3.1180585440169016e-05 -0.01593441310081076 -0.014278132729082099 -0.001266038483590819 -0.016209989267268351 -0.011840910393970484 -0.011665901969721977 0.03003316035582906 0.0036793075074343998 -0.00058421637632150567 0.013771228530797467 -0.0036263563422590447 0.026908864360302688 -0.01809279636190449 0.016693168286999155 -0.0012925609763635431 0.019548795728579815 0.0082542525703218159 0.0058826666775348719 -0.023010065526856732 0.0017368615848597055 -0.0019580683351391403 -0.0049315388113552452 0.016359515789184063 -0.01849013864994049 0.040928424773021388 -0.015629958573343424 -0.0060332720448525671 0.013001212405810215 -0.0013916559284086738 0.0021561460081531143
leaf_weight=110332 47 31 40 28 132 47 21 162 113 29 891 24 37 35 2041 23 285 100 24 387 1515 102 85 20 26 29 39 46 874 1529
leaf_count=110332 47 31 40 28 132 47 21 162 113 29 891 24 37 35 2041 23 285 100 24 387 1515 102 85 20 26 29 39 46 874 1529
internal_value=-1.15928e-12 -0.000392629 -0.00289192 0.00194252 -0.00411098 0.00367723 0.0122581 0.000228471 -0.00321672 -0.00267034 -0.00311805 0.00423209 -0.00420314 0.000163157 0.000225883 0.00633303 0.00014473 0.00072436 0.00355228 0.000291786 0.000273448 0.00465243 0.00748595 0.0113317 0.0221144 0.0010465 -6.70915e-05 0.00426774 -0.000226144 0.000865768
internal_weight=119094 8762 1594 321 1273 293 84 209 1141 1094 1065 137 928 7168 7137 63 7102 5061 696 411 4365 447 345 216 111 129 105 85 3918 2403
internal_count=119094 8762 1594 321 1273 293 84 209 1141 1094 1065 137 928 7168 7137 63 7102 5061 696 411 4365 447 345 216 111 129 105 85 3918 2403
is_linear=0
shrinkage=0.05


Tree=284
num_leaves=31
num_cat=0
split_feature=6 9 8 9 1 9 3 10 2 2 10 1 4 4 9 4 4 0 3 11 1 4 4 8 7 0 10 0 1 0
split_gain=0.601723 2.00887 4.80827 8.2431 2.67492 5.27453 2.36496 2.31527 1.6573 5.04468 1.83973 1.63446 1.44514 3.68243 2.41199 1.5393 1.82927 2.92259 1.89849 1.60768 2.55066 2.35062 2.14425 2.80104 2.00086 1.67465 1.45088 1.10256 2.1716 1.0788
threshold=0.62208236359720115 0.40870350000000005 -0.96385307207149051 0.55698425000000007 0.43831218028126889 0.19718325000000003 0.092756800485050875 0.033221000000000021 -0.14466154922122573 0.030782776289537076 0.03232150000000001 0.21438032110557062 -0.0044229106790960584 -0.031438743917091609 0.71542525000000012 -0.13405129549823366 -0.31355129408821608 0.2600131061598952 0.20166835357624827 0.0092505000000000243 -0.35711928335690701 -0.62881439159417385 -0.48495849003814712 -0.16702198225135442 0.39437584531971381 -0.13493758264074987 0.058947499999999993 -0.072402894632186229 0.12681852692558718 0.11619722491445829
decision_type=2 2 2 2 2 2 2 2 2 2 2 2 2 2 2 2 2 2 2 2 2 2 2 2 2 2 2 2 2 2
left_child=-1 4 3 27 5 -2 8 11 10 -10 -7 -8 13 15 -14 16 19 18 -18 20 24 26 -23 -24 -4 -22 -21 -3 -29 -27
right_child=1 2 12 -5 -6 6 7 -9 9 -11 -12 -13 14 -15 -16 -17 17 -19 -20 21 25 22 23 -25 -26 29 -28 28 -30 -31
leaf_value=9.9164543177938444e-06 0.029175210800021889 -0.010104086255768733 0.011813088596853264 -0.037354066627100106 -0.010177759937942029 -0.0075027298599738505 -0.00490499935630295 -0.013412036208083501 0.03173368535935879 0.00082363368534116126 0.012209267625585199 0.013693880848586561 -0.0021156658487598182 -0.022620340641587973 0.018853028987844786 0.0075805081389844417 0.0084100870702129137 -0.02051631045047074 -0.010887456119060517 -0.01159694694039045 -0.018169689221041545 0.013962722900247233 -0.0093412648045247595 0.014659179225564005 -0.0049891477249361382 0.0028470876367969649 0.0018580617207358135 0.011844617551700637 -0.010634200481165734 -0.01206866955723275
leaf_weight=118174 20 49 34 25 35 29 27 37 22 33 20 21 32 20 24 50 26 31 25 33 35 61 31 20 37 27 51 22 21 22
leaf_count=118174 20 49 34 25 35 29 27 37 22 33 20 21 32 20 24 50 26 31 25 33 35 61 31 20 37 27 51 22 21 22
internal_value=1.48262e-12 -0.00127377 -0.00267747 -0.0118948 0.00261517 0.00475752 0.00217364 -0.00401304 0.00723007 0.0131877 0.000542983 0.00323201 -0.000748264 -0.00159652 0.00687092 -0.000725971 -0.00168515 -0.0084089 -0.00104949 -0.000114358 -0.00391956 0.00289486 0.00763688 7.0674e-05 0.00305699 -0.00981641 -0.00342783 -0.00497649 0.00086659 -0.00384978
internal_weight=119094 920 676 117 244 209 189 85 104 55 49 48 559 503 56 483 433 82 51 351 155 196 112 51 71 84 84 92 43 49
internal_count=119094 920 676 117 244 209 189 85 104 55 49 48 559 503 56 483 433 82 51 351 155 196 112 51 71 84 84 92 43 49
is_linear=0
shrinkage=0.05


Tree=285
num_leaves=31
num_cat=0
split_feature=5 11 11 6 11 2 10 1 10 9 8 7 6 2 4 4 9 9 9 11 2 11 11 11 11 10 2 1 0 11
split_gain=0.576759 2.02911 2.7632 2.23102 2.17368 2.12358 1.93713 4.3783 4.47908 3.83344 3.89908 3.08455 3.68736 2.71997 6.09885 3.79744 2.82858 2.84679 2.43673 2.41188 2.34338 2.33382 2.05597 3.56935 1.95248 1.87116 1.80946 1.78893 2.2992 2.02697
threshold=-17.170093932826425 -0.035932500000000027 -0.21103749999999996 -3.7979959625806794 -0.032457499999999993 0.81897074054840069 0.0050524999999999884 0.23356383394544647 -0.14249199999999998 0.61470675000000008 -3.2781604098115324 -1.0187367008709967 -1.8544273858265881 0.12143130844286555 -0.03391066775413009 -0.063083270348401763 0.21424875000000002 0.26361475000000006 0.36156500000000008 -0.017796999999999948 0.054600642462499745 0.039620999999999983 -0.005283000000000009 0.027991000000000019 0.013060500000000004 0.019178999999999991 0.27016871383319946 -0.041921071058015007 -0.0062365986228031236 -0.00433199999999996
decision_type=2 2 2 2 2 2 2 2 2 2 2 2 2 2 2 2 2 2 2 2 2 2 2 2 2 2 2 2 2 2
left_child=1 2 -1 -4 -3 6 7 8 24 10 -10 12 13 14 18 -15 -17 -18 19 -8 -16 -13 -20 -24 -6 -21 -12 -27 -29 -30
right_child=-2 4 3 -5 5 -7 11 -9 9 -11 26 21 -14 15 20 16 17 -19 22 25 -22 -23 23 -25 -26 27 -28 28 29 -31
leaf_value=0.0082674662081094891 -1.1852443120417661e-05 0.018156827837228776 -0.015329120941460134 -0.0025728916184370055 -0.0022113186912611125 0.017680245563387872 0.012495509255677462 0.022311843169342368 -0.0058955766758773225 -0.014714477310744337 0.0090904254219640289 0.0034438569927314187 -0.012240125032170028 0.0059740101446550398 0.0073437121386329338 -0.020145698610502177 0.0068995361052755569 -0.0097161252199507823 -0.0036969353132391054 0.0049161795734924416 0.030000100582838057 0.024969019927084446 0.019522778142709286 -0.0003121339564406595 -0.020023637339472773 -0.011690131321629901 0.025042082886211577 0.0073190480891969951 -0.019644035486524686 -0.0015914982664980927
leaf_weight=39 117728 20 50 109 40 20 25 31 43 21 160 34 66 64 21 39 37 85 38 49 25 20 48 43 25 81 20 42 23 48
leaf_count=39 117728 20 50 109 40 20 25 31 43 21 160 34 66 64 21 39 37 85 38 49 25 20 48 43 25 81 20 42 23 48
internal_value=-5.62123e-13 0.0010215 -0.00365894 -0.00658428 0.00181493 0.00153022 0.00124388 0.00439829 0.00260114 0.00570818 0.00763139 -0.000117166 -0.000965665 0.000148279 0.00242209 -0.00432859 -0.00842404 -0.00467695 0.000425096 -0.00229263 0.019657 0.0114161 0.00607123 0.0101502 -0.00906221 -0.00381404 0.0108628 -0.0060191 -0.00195402 -0.0074395
internal_weight=119094 1366 198 159 1168 1148 1128 340 309 244 223 788 734 668 443 225 161 122 397 268 46 54 129 91 65 243 180 194 113 71
internal_count=119094 1366 198 159 1168 1148 1128 340 309 244 223 788 734 668 443 225 161 122 397 268 46 54 129 91 65 243 180 194 113 71
is_linear=0
shrinkage=0.05


Tree=286
num_leaves=31
num_cat=0
split_feature=5 8 11 6 7 11 4 8 2 6 7 7 0 9 8 1 7 9 0 2 1 7 2 2 9 11 9 8 4 3
split_gain=0.57671 5.94801 4.27332 4.2385 6.31048 4.44776 4.24682 4.20648 7.20074 6.63378 5.89789 5.7559 5.48524 7.38279 5.48039 5.38693 4.58718 5.84204 7.84296 5.37849 4.36916 4.31039 6.44452 5.33214 5.14387 5.55947 4.65123 4.15302 4.13654 5.30837
threshold=-4.2147103552667611 -4.2912813858441234 -0.022192500000000028 -4.1666611739316126 -3.4046858084358629 -0.0041425000000000203 -0.0086326772506141718 -3.0946734582997362 -0.34150481787810166 -4.2246805516538855 -3.5571993523549903 -2.5757475248168653 -0.015413863821511163 0.34038100000000004 -3.136727138417839 0.15805394869886538 -3.5571993523549903 0.22601025000000002 -0.019750026625661495 0.15158252200422331 -0.071359779747801763 -5.0861548832608099 -0.0021687698003935991 0.0095696021432106777 0.11506975000000001 0.00056100000000001992 0.23029925000000004 -3.1821102515206836 -0.25530403515771938 0.13659203564466729
decision_type=2 2 2 2 2 2 2 2 2 2 2 2 2 2 2 2 2 2 2 2 2 2 2 2 2 2 2 2 2 2
left_child=7 2 -2 4 -3 6 -6 8 -1 11 -9 15 13 16 -15 21 17 19 -19 -11 28 22 26 -24 25 -23 -10 -13 -12 -30
right_child=1 3 -4 -5 5 -7 -8 10 9 12 20 27 -14 14 -16 -17 -18 18 -20 -21 -22 24 23 -25 -26 -27 -28 -29 29 -31
leaf_value=-0.011927460594831601 -0.021285359656433279 -0.00019374536450956378 -0.0044729253755661615 1.8473848411658724e-05 0.0063488628286461199 0.0010890011352287575 -0.0090006718015734188 -0.0025330656263209245 0.0095455545783042911 0.0039905077571593594 -0.00025429143858480879 -0.029549994022617567 0.00076650601307848374 0.016568289447236623 -0.0081609240983827758 0.004449959019024184 0.00098443827666373296 0.008354617948369945 0.034084163402969186 -0.013987480826261972 0.00012703839169217194 -0.0020795729356787858 -0.017023201157442398 0.0029098475244015258 -0.0011169843103238642 0.027407978424999976 0.038075617700815204 -0.00035364315623328803 -0.0041019211279335385 -0.00011341277730867641
leaf_weight=115 47 2280 193 65186 1093 954 47 3083 50 551 4683 29 5277 162 26 562 1351 289 33 45 22144 31 36 493 6768 33 20 21 2114 1378
leaf_count=115 47 2280 193 65186 1093 954 47 3083 50 551 4683 29 5277 162 26 562 1351 289 33 45 22144 31 36 493 6768 33 20 21 2114 1378
internal_value=2.07701e-12 9.24641e-05 -0.00776536 0.000119576 0.0016263 0.00360801 0.00571603 -0.000130929 0.000538693 0.000629559 -0.000449521 -0.000375823 0.00167511 0.00362656 0.0131483 -0.000270032 0.00283763 0.00556492 0.0109915 0.00263311 -0.000237655 -0.000627001 0.00343992 0.00155335 -0.00098357 0.0131249 0.017697 -0.0172875 -0.00122552 -0.00252799
internal_weight=119094 69800 240 69560 4374 2094 1140 49294 15892 15777 33402 8043 7734 2457 188 7993 2269 918 322 596 30319 7431 599 529 6832 64 70 50 8175 3492
internal_count=119094 69800 240 69560 4374 2094 1140 49294 15892 15777 33402 8043 7734 2457 188 7993 2269 918 322 596 30319 7431 599 529 6832 64 70 50 8175 3492
is_linear=0
shrinkage=0.05


Tree=287
num_leaves=31
num_cat=0
split_feature=1 5 4 8 9 7 3 4 5 3 8 10 11 0 0 5 6 0 10 10 7 2 3 3 11 0 3 0 5 3
split_gain=0.604848 2.98488 3.6423 2.98555 5.07719 6.30492 4.50038 4.35391 5.81723 4.05681 4.05334 4.44859 3.98625 3.81448 3.75081 3.71851 3.7062 5.9295 3.62255 3.66468 8.14937 3.53466 3.19936 3.88521 3.16042 3.10068 3.30433 3.04431 3.18005 3.03352
threshold=-0.17802774858221412 -0.27574709400229253 -0.24428112902017093 -1.4461358677886118 0.58353600000000005 -2.5354504357171463 0.58388018148071785 -0.38593898205449512 -2.1748270360962345 0.7668003400115474 -2.9107245187769561 0.018816999999999976 -0.00091200000000000992 -0.088050563168475579 -0.26226178725045496 -1.2484169549402859 -3.1378243961214709 -0.2091877433384193 0.016201499999999997 -0.026785 -2.1031175413494245 -0.41656875787820907 -0.34658314793615136 -0.32837136050943927 0.0062350000000000053 -0.17966292223466854 -0.011668658102071404 -0.10130327647220809 -5.110674640320938 0.299025728955084
decision_type=2 2 2 2 2 2 2 2 2 2 2 2 2 2 2 2 2 2 2 2 2 2 2 2 2 2 2 2 2 2
left_child=1 3 -3 7 6 -6 22 15 9 10 11 13 18 -9 -12 24 17 -7 19 -10 -21 -19 -5 -24 -1 -26 -27 -13 -29 -14
right_child=-2 2 -4 4 5 16 -8 8 12 -11 14 27 29 -15 -16 -17 -18 21 -20 20 -22 -23 23 -25 25 26 -28 28 -30 -31
leaf_value=0.0047815954100954051 -3.7237959081358469e-05 0.0026140183650439353 0.022366716541970769 -0.00045590017934567093 0.027935906277880784 -0.013214109931141138 0.0060308679781987205 0.026655563708239544 -0.0017738603688545588 0.01340744600266866 0.016863102836606022 -0.0140039372141473 0.0081480780229790627 0.004475703511741899 -0.0022220897506934406 -0.0031131818693838726 8.040874983238712e-05 0.032215141404706701 -0.0042565647306207618 0.026569362448450803 0.000185808377340436 0.0085342025515274152 -0.015892472410293883 -0.0040233622688928324 -0.0042808362148141236 0.0018102980892287382 0.018861528920630616 -0.01004327111877501 0.015372232437221101 -0.0052963716156305156
leaf_weight=1284 107368 846 24 679 21 20 140 36 121 46 26 32 391 42 2612 258 2519 26 239 48 75 40 73 1242 220 537 30 20 32 47
leaf_count=1284 107368 846 24 679 21 20 140 36 121 46 26 32 391 42 2612 258 2519 26 239 48 75 40 73 1242 220 537 30 20 32 47
internal_value=-1.3095e-12 0.000340966 0.00315892 0.000115135 -0.000823218 0.000648851 -0.00263468 0.000847838 -0.00020285 -0.0013206 -0.00156256 0.0061142 0.00325112 0.0147126 -0.00203399 0.00254726 0.000428879 0.0106358 0.000118652 0.00440421 0.0104818 0.0178631 -0.00324309 -0.00468226 0.00325242 0.00075755 0.00271248 -0.00187 0.00559704 0.00670541
internal_weight=119094 11726 870 10856 4760 2626 2134 6096 3767 2846 2800 162 921 78 2638 2329 2605 86 483 244 123 66 1994 1315 2071 787 567 84 52 438
internal_count=119094 11726 870 10856 4760 2626 2134 6096 3767 2846 2800 162 921 78 2638 2329 2605 86 483 244 123 66 1994 1315 2071 787 567 84 52 438
is_linear=0
shrinkage=0.05


Tree=288
num_leaves=31
num_cat=0
split_feature=10 8 7 9 1 2 1 7 9 0 2 11 10 4 12 2 7 6 0 9 8 1 3 11 9 6 8 10 11 6
split_gain=0.599953 2.27474 6.77747 5.64605 3.76163 3.44757 5.15492 3.90379 8.64887 3.94148 3.84627 3.52512 4.45373 3.36302 3.30257 8.95504 4.4446 3.19626 5.11143 4.71726 3.74968 3.50281 3.14097 2.93935 4.84306 8.84818 6.94059 14.5714 15.6071 7.74684
threshold=0.026879500000000004 -1.2482901571242844 -1.8925651997377673 0.3053860000000001 0.31084690668833698 0.53547023947919092 -0.12403473459228574 -2.4821915780300885 0.49247000000000002 0.077438105121842141 -0.45899096372956999 0.093479000000000076 0.12489200000000004 -0.47591602397911459 0.18253353331992675 0.28031240230661431 -1.4107616607352884 -1.0233746179179095 -0.23831579253260746 0.76694375000000015 -1.3888685848450983 -0.023042709460093565 0.14524506026174003 -0.021219999999999972 0.40870350000000005 -5.9227674387528646 -2.3318633918723033 0.14305650000000003 0.05711900000000001 -3.0352763808304566
decision_type=2 2 2 2 2 2 2 2 2 2 2 2 2 2 2 2 2 2 2 2 2 2 2 2 2 2 2 2 2 2
left_child=-1 14 3 4 -3 6 7 8 -5 10 -9 12 -8 -12 17 16 -16 23 -19 20 -20 -21 -22 -2 -25 -26 27 -27 -29 -28
right_child=1 2 -4 5 -6 -7 11 9 -10 -11 13 -13 -14 -15 15 -17 -18 18 19 21 22 -23 -24 24 25 26 29 28 -30 -31
leaf_value=-0.00011556567764280418 -0.00079561536239885306 0.019463034885356556 -0.00012054744614848191 -0.0079985279145396559 -0.00087303646634948452 0.00095958616733789843 -0.010415722596343579 0.0080413628742098814 0.024125724281657313 0.0082679450177611455 -0.025073588303313021 -0.022603607660857963 0.0075224835342899161 -0.0071785036371207539 -0.0040864311697451066 0.035094582825899126 0.020519149644921224 0.0098037632539887554 -0.0022981451413161633 -0.0041742455728095151 -0.00034414299991981961 -0.029200233731211889 0.0098331860051113218 0.00018630984395261402 0.029598674590566327 0.0082039153085536314 -0.0026968086374386511 -0.023384333332363942 0.001914502316443834 0.0016276176992799781
leaf_weight=57800 5529 37 6520 44 59 156 387 25 40 39 41 52 38 73 78 25 24 97 2240 29 203 27 121 37393 28 904 1278 79 267 5461
leaf_count=57800 5529 37 6520 44 59 156 387 25 40 39 41 52 38 73 78 25 24 97 2240 29 203 27 121 37393 28 904 1278 79 267 5461
internal_value=5.18778e-13 0.000108978 -0.000706103 -0.0045586 0.00696482 -0.00579463 -0.00722042 -0.00158576 0.00729874 -0.00577845 -0.00971952 -0.0103153 -0.00881184 -0.0136145 0.000222807 0.00827624 0.00170312 0.000203745 -0.0014672 -0.00188448 -0.00157094 -0.0162403 0.00345665 0.000292871 0.000425402 0.00154058 0.00144224 0.00486412 -0.00386182 0.000807523
internal_weight=119094 61294 7511 991 96 895 739 262 84 178 139 477 425 114 53783 127 102 53656 2717 2620 2564 56 324 50939 45410 8017 7989 1250 346 6739
internal_count=119094 61294 7511 991 96 895 739 262 84 178 139 477 425 114 53783 127 102 53656 2717 2620 2564 56 324 50939 45410 8017 7989 1250 346 6739
is_linear=0
shrinkage=0.05


Tree=289
num_leaves=31
num_cat=0
split_feature=11 3 3 9 4 4 8 7 5 5 6 5 6 3 0 5 9 1 0 6 6 2 0 8 7 10 6 7 4 0
split_gain=0.582187 2.26669 6.49523 6.3962 4.54493 4.36307 4.27729 5.87465 4.43257 6.29796 4.52966 3.7665 3.84463 5.38028 5.1497 5.28366 4.51885 6.6906 5.0987 4.92756 4.88966 4.9237 4.49197 4.26035 3.70276 3.68241 4.69297 3.48728 5.40511 4.15413
threshold=0.0046194999999999995 -0.0030861816401599458 -0.044891511925083331 0.20396875000000006 -0.042547684781133903 -1.0000000180025095e-35 -3.4893956424824988 -5.0861548832608099 -8.5749776129228099 -9.5129067481309963 -5.1370560909158876 -2.7808630628704774 -2.2698953541027129 -0.36664155673164961 -0.077023160135640187 -5.2394110555706908 0.33272000000000007 -0.026127454453556406 -0.0086426052013798809 -4.0323990295818675 -2.9836270762206381 0.27016871383319946 0.029553124324744443 -1.8407994022585938 -1.6966259436160891 -0.073182499999999998 -2.7658588193805858 -2.8655265753333499 -0.20878974554074417 0.018470565097679307
decision_type=2 2 2 2 2 2 2 2 2 2 2 2 2 2 2 2 2 2 2 2 2 2 2 2 2 2 2 2 2 2
left_child=-1 2 3 -2 6 -4 7 -3 9 -9 -10 12 16 23 24 22 20 -18 19 -19 21 -5 -16 -14 -15 26 -20 28 29 -22
right_child=1 4 5 11 -6 -7 -8 8 10 -11 -12 -13 13 14 15 -17 17 18 25 -21 27 -23 -24 -25 -26 -27 -28 -29 -30 -31
leaf_value=8.0724886684773261e-05 0.0047906364811785944 0.022211839012211052 -0.0035493811767618013 -0.0026822802587295213 -0.00070989803633121943 0.0082722172325040092 0.00044436276017372519 0.0032780259692420568 -0.0070774969973097573 0.029731252334184118 0.003203744284038957 0.00050478759276906802 -0.0092573295626789329 -0.012031191252218715 -0.0015674301601535123 -0.0002835615608855646 -0.0014056804060095488 0.02693464452702854 -0.013522392584992625 0.0071168763944494898 0.007571141375228763 -0.016115226636929308 -0.013307728380808674 0.0017006227591604807 -0.0041153063744462847 0.0030640285741700504 0.010510123852041683 -0.00047551575284426867 0.00035309638624312359 0.031536539380480962
leaf_weight=77676 611 41 2144 1740 9521 81 14289 60 122 36 879 5958 100 299 154 837 1363 37 74 206 40 71 173 785 292 966 28 382 96 33
leaf_count=77676 611 41 2144 1740 9521 81 14289 60 122 36 879 5958 100 299 154 837 1363 37 74 206 40 71 173 785 292 966 28 382 96 33
internal_value=-1.08534e-12 -0.000151393 -0.000606635 -0.000214212 0.000149146 -0.00311902 0.000679317 0.00362946 0.00293495 0.013198 0.00195069 -0.000438502 -0.00117067 -0.00271618 -0.00431906 -0.00238914 -0.000360475 0.00104719 0.00359736 0.0101344 -0.00195408 -0.00320892 -0.00777866 0.000462436 -0.00812013 0.00211 -0.00692523 0.00217024 0.00815058 0.0184048
internal_weight=119094 41418 16470 14245 24948 2225 15427 1138 1097 96 1001 13634 7676 2640 1755 1164 5036 2674 1311 243 2362 1811 327 885 591 1068 102 551 169 73
internal_count=119094 41418 16470 14245 24948 2225 15427 1138 1097 96 1001 13634 7676 2640 1755 1164 5036 2674 1311 243 2362 1811 327 885 591 1068 102 551 169 73
is_linear=0
shrinkage=0.05


Tree=290
num_leaves=31
num_cat=0
split_feature=10 8 2 5 9 10 6 4 6 11 2 0 9 9 6 5 7 7 6 7 1 11 5 0 5 9 4 11 1 0
split_gain=0.568964 3.43552 4.79843 4.22463 4.05945 5.41585 4.26287 5.2441 4.24793 8.62273 3.78549 3.76216 4.0248 3.66187 4.66349 3.65246 6.22541 5.3747 3.54715 3.37557 4.42763 3.362 3.39426 3.9293 3.35114 3.27983 3.62544 3.25291 3.50172 4.93489
threshold=0.06779900000000004 -3.4259494181301329 0.43371694917124642 -6.8179831842828946 0.27135050000000005 0.085868500000000028 -2.8951593811145435 -0.025870670373972001 -5.9227674387528646 -0.022192500000000028 0.21750925323772222 -0.032823489785766595 0.38612450000000009 0.16886200000000004 -5.9227674387528646 -9.2828883553914583 -6.0515327842249702 -3.3810399072644777 -5.7651444851893165 -3.1822187350876967 -0.08303356926275289 -0.012491999999999974 -2.8637906595380795 -0.12790067133625541 -3.5385968980004745 0.20916625000000003 -0.021281235697991726 -0.00433199999999996 0.025683136612963623 0.0065943125300090841
decision_type=2 2 2 2 2 2 2 2 2 2 2 2 2 2 2 2 2 2 2 2 2 2 2 2 2 2 2 2 2 2
left_child=-1 2 3 11 5 -3 7 -7 9 -6 -11 -2 27 -5 -15 17 -17 -9 -18 20 -16 -10 -23 -24 -21 -20 -27 -13 -29 -30
right_child=1 4 -4 13 8 6 -8 15 21 10 -12 12 -14 14 19 16 18 -19 25 24 -22 22 23 -25 -26 26 -28 28 29 -31
leaf_value=4.7841016690751481e-05 0.019203981681494044 -0.001685094720086917 -0.021978883066725349 0.0024018692788862002 -0.01531111177057028 -0.00063729312840835311 0.0067735112547201385 -0.019755954205268815 -0.001994863987381679 0.039013647100761197 0.010575686544179917 -0.0094015087722800691 0.016825655790873702 -0.025684171295366612 0.014198484351592405 0.034125052911362481 -0.0092510046382599017 0.012558207895860755 0.014570477853792355 -0.021527529198880624 -0.0039612043566230838 -0.00092874282104936541 0.0036960040770207796 0.00020931736418885969 -0.0028599588200449947 0.021441611906306612 0.0019393771207545027 -0.0038075223720322052 0.031162169398296448 0.003174379082315321
leaf_weight=99942 32 815 31 216 20 874 577 31 2793 22 25 80 36 26 35 21 34 22 115 53 819 5873 957 5191 44 27 203 96 21 63
leaf_count=99942 32 815 31 216 20 874 577 31 2793 22 25 80 36 26 35 21 34 22 115 53 819 5873 957 5191 44 27 203 96 21 63
internal_value=1.38722e-12 -0.000249652 -0.00250477 -0.00210786 -5.07909e-05 0.00172568 0.00318565 0.0016256 -0.000375381 0.0121861 0.0238871 0.00291768 0.001157 -0.00348957 -0.00479208 0.00599152 0.00762578 -0.00634253 0.00615749 -0.0042209 -0.00321695 -0.000432194 -6.91177e-05 0.000752056 -0.0130598 0.00767601 0.00422877 -0.00101251 0.00271594 0.0101713
internal_weight=119094 19152 1552 1521 17600 2719 1904 1327 14881 67 47 328 296 1193 977 453 400 53 379 951 854 14814 12021 6148 97 345 230 260 180 84
internal_count=119094 19152 1552 1521 17600 2719 1904 1327 14881 67 47 328 296 1193 977 453 400 53 379 951 854 14814 12021 6148 97 345 230 260 180 84
is_linear=0
shrinkage=0.05


Tree=291
num_leaves=31
num_cat=0
split_feature=7 8 11 3 3 7 11 9 4 4 3 9 4 1 5 11 9 10 4 11 0 5 9 11 9 9 3 3 5 9
split_gain=0.579008 1.88353 3.04311 2.51799 3.13068 1.65848 4.11234 2.17232 2.87367 1.51971 4.97043 2.60109 3.51061 2.22602 2.34572 1.99692 3.2551 1.39892 1.46845 1.38098 1.3504 1.68875 1.33023 1.88868 2.49365 1.73834 1.68089 1.23458 1.2059 1.34285
threshold=0.14883265963629269 -0.16702198225135442 0.100952 -0.31148933458794664 -0.077888414534654268 0.80553278013315566 -0.090929999999999969 0.6627557500000002 -0.44420199961383972 -0.043492960709558541 -0.077888414534654268 0.59053375000000008 -0.0037621379170540976 -0.30573543245548945 0.17161116208892421 0.023307999999999943 0.6627557500000002 0.029295500000000006 -0.67833855532380261 0.033709000000000024 -0.26226178725045496 -1.1591655887759977 0.58353600000000005 -0.0045179999999999795 0.49247000000000002 0.46237850000000003 0.23534228984568897 -0.33752441354056051 -2.4462742890646862 1.0889377500000001
decision_type=2 2 2 2 2 2 2 2 2 2 2 2 2 2 2 2 2 2 2 2 2 2 2 2 2 2 2 2 2 2
left_child=-1 2 9 -4 -5 6 -3 -8 17 13 -11 12 -12 15 22 20 -17 18 -9 -19 21 -2 23 25 -25 -15 27 -24 -10 -30
right_child=1 5 3 4 -6 -7 7 8 28 10 11 -13 -14 14 -16 16 -18 19 -20 -21 -22 -23 26 24 -26 -27 -28 -29 29 -31
leaf_value=1.1853512502584592e-05 0.00050315637251033502 0.018360536354593931 -0.00075064832344651222 -0.034396864223526794 -0.0088581658729041616 -0.0013599151611416423 0.014178342343275918 -0.012677909056877807 -0.014293133335955003 0.024227856253476246 -0.019935752515648976 0.012765441292431207 0.0065514498517255902 0.010423977198661305 0.006821692139474732 -0.0027999279834330084 0.025726823536679152 -0.0020679727006979562 0.0054267675460626689 0.011166929798073148 0.0074643342456935588 -0.014608539027515159 -0.0094046984946257184 -0.017390452823493368 0.00072960090508465388 -0.0064776347917986331 -0.0014888768951440681 -0.022325901415509483 0.002265922205887087 -0.011950311813360225
leaf_weight=117733 51 40 30 20 30 443 29 21 34 23 29 20 22 32 33 20 20 27 24 73 30 29 38 43 34 29 29 36 46 26
leaf_count=117733 51 40 30 20 30 443 29 21 34 23 29 20 22 32 33 20 20 27 24 73 30 29 38 43 34 29 29 36 46 26
internal_value=-2.68899e-12 -0.00102539 -0.00312645 -0.0122025 -0.0190736 0.000621318 0.00336409 0.00122174 -0.00027524 -0.00172474 0.00402707 -0.00251685 -0.0085099 -0.0029999 -0.00568044 0.00189654 0.0114634 0.00429901 -0.00302208 0.00759351 -0.00158233 -0.00497483 -0.00739235 -0.0041831 -0.00938939 0.00238878 -0.0116921 -0.0156907 -0.00653247 -0.00286772
internal_weight=119094 1361 598 80 50 763 320 280 251 518 94 71 51 424 274 150 40 145 45 100 110 80 241 138 77 61 103 74 106 72
internal_count=119094 1361 598 80 50 763 320 280 251 518 94 71 51 424 274 150 40 145 45 100 110 80 241 138 77 61 103 74 106 72
is_linear=0
shrinkage=0.05


Tree=292
num_leaves=31
num_cat=0
split_feature=10 8 7 9 10 2 1 0 7 9 11 12 2 10 7 5 3 5 5 9 6 6 8 11 9 7 0 8 0 9
split_gain=0.575198 2.09553 6.11794 4.97196 3.71925 3.11105 4.67053 3.62489 4.07879 5.96038 3.21371 3.00218 8.09239 4.39754 9.78101 2.98044 3.23479 2.93187 3.23354 4.99979 3.09762 2.92179 4.02629 3.6553 6.80107 3.81473 3.44146 4.46595 3.15986 2.87887
threshold=0.026879500000000004 -1.2482901571242844 -1.8925651997377673 0.3053860000000001 0.044828 0.53547023947919092 -0.12403473459228574 0.14293688940566843 -2.6152587595669732 0.47289100000000012 0.1583495 0.18253353331992675 0.28031240230661431 0.10238750000000003 -1.4930075024446945 -3.7454412083059538 -0.20603058846112501 -4.5447861472741549 -4.7547372088397637 0.47644725000000004 -2.4054911857327981 -1.0629449641063478 -1.3888685848450983 0.14251800000000001 0.6627557500000002 -1.3668420850449874 -0.23831579253260746 -1.5818623154962033 -0.057807520408846839 0.57582725000000001
decision_type=2 2 2 2 2 2 2 2 2 2 2 2 2 2 2 2 2 2 2 2 2 2 2 2 2 2 2 2 2 2
left_child=-1 11 3 4 -3 6 7 8 9 -5 -8 21 13 -13 -15 16 -10 18 -4 -20 -21 -2 23 26 25 -25 27 -23 -27 -7
right_child=1 2 17 5 -6 29 10 -9 15 -11 -12 12 -14 14 -16 -17 -18 -19 19 20 -22 22 -24 24 -26 28 -28 -29 -30 -31
leaf_value=-0.00011315631336413584 0.00028572161088375109 0.02566245973110199 0.0011898873331904431 -0.0066379442873100436 0.001429209712353584 -0.0039519901265326922 -0.008751926815037744 0.017938218468969518 -0.022767874807038388 0.026070032173391579 -0.025926833249757003 -0.019375758012756705 0.033388320565223693 -0.0036834763063719345 0.035291130298917943 -0.0017611571915040259 -0.00070340915654714298 -0.00063948136507166031 -0.010533524400554599 0.027611453518752129 0.0087463699769203176 0.021850143109581301 0.0034022419888927627 -0.012548589473076658 -0.035534046776592734 0.020368383603081817 -0.0019501095087896476 -0.0044397606087538104 -0.0064576727611458176 0.010389257217142379
leaf_weight=57800 50772 20 1136 30 76 103 448 22 46 26 29 20 25 60 22 112 26 5255 25 31 73 35 386 68 22 21 2299 30 23 53
leaf_count=57800 50772 20 1136 30 76 103 448 22 46 26 29 20 25 60 22 112 26 5255 25 31 73 35 386 68 22 21 2299 30 23 53
internal_value=-1.74022e-12 0.000106706 -0.000675608 -0.00433586 0.0064778 -0.00549576 -0.00685017 -0.00148678 -0.00326741 0.0085479 -0.0097961 0.000215959 0.0078944 0.00164589 0.00677313 -0.00686337 -0.0148002 -0.000119273 0.00204175 0.00954343 0.0143696 0.000197785 -0.00135032 -0.0020847 -0.0101182 -0.00512584 -0.00162933 0.00971634 0.00634567 0.000920357
internal_weight=119094 61294 7511 991 96 895 739 262 240 56 477 53783 127 102 82 184 72 6520 1265 129 104 53656 2884 2498 134 112 2364 65 44 156
internal_count=119094 61294 7511 991 96 895 739 262 240 56 477 53783 127 102 82 184 72 6520 1265 129 104 53656 2884 2498 134 112 2364 65 44 156
is_linear=0
shrinkage=0.05


Tree=293
num_leaves=31
num_cat=0
split_feature=4 3 9 9 2 1 0 6 10 7 3 6 7 10 1 8 2 6 3 4 8 1 10 1 0 12 6 8 9 6
split_gain=0.584839 2.05961 3.05945 2.7123 2.0599 3.64924 5.42024 6.28278 5.73951 5.25064 4.18778 5.47681 6.66169 5.31468 4.93451 3.60462 3.36763 3.40648 3.92617 3.301 3.5156 3.25185 3.45664 3.15851 4.88731 3.85145 4.71137 3.84919 3.76878 4.57834
threshold=-0.14847562542611017 -0.17429749623027771 0.23029925000000004 0.22137925000000003 0.034989850590293588 0.058368413361573397 0.03605486944611181 -2.8169134163250269 -0.30283649999999995 -3.4179184222812018 0.049433601987254779 -6.1338054052746172 -4.4986453002836209 0.099371999999999988 0.25654022516510971 -1.8664370296230932 -0.090858001241718819 -3.7813409546536341 0.16824379398829994 -0.10343086143835221 -1.9512058641483585 0.0849245911192167 -0.204483 -0.071359779747801763 0.089080637041134017 -3.5098177406738658 -2.7914732569039629 -3.7026606028262194 0.18519075000000004 -4.9771418551995792
decision_type=2 2 2 2 2 2 2 2 2 2 2 2 2 2 2 2 2 2 2 2 2 2 2 2 2 2 2 2 2 2
left_child=-1 2 3 -2 5 23 7 8 -7 -8 15 -12 -13 14 19 -10 -11 18 -18 -14 -21 -19 -23 24 27 26 -25 -3 29 -27
right_child=1 4 -4 -5 -6 6 9 -9 10 16 11 12 13 -15 -16 -17 17 21 -20 20 -22 22 -24 25 -26 28 -28 -29 -30 -31
leaf_value=0.0001313496592132971 -0.0063993778428994121 0.0069885301705944593 -0.0013891267249848517 -0.026050218025391755 9.4747097821453255e-05 -0.018545335923720683 -0.006003473198350831 -0.0021094552651324222 0.0080371420819987296 0.0091949866981108751 0.024926852277265148 -0.01756961981570998 -0.0020233551074734192 -0.013319265276193619 -0.013308599908071171 -0.013013656029389017 0.0057781853421880504 -0.0067975076129114902 -0.0080295031249034612 0.0051406698202711033 0.025915718504360748 0.019674962648146211 -0.00085094922526812744 0.0017449215434490453 0.015877178755517193 -0.014678576324897056 -0.010736667918390595 -0.00028195078376973894 -0.0014283495494190248 -0.0034853395014400428
leaf_weight=49513 87 200 735 22 51546 28 438 581 643 97 26 43 169 50 42 21 330 252 61 672 21 21 881 1376 52 110 80 2028 8430 539
leaf_count=49513 87 200 735 22 51546 28 438 581 643 97 26 43 169 50 42 21 330 252 61 672 21 21 881 1376 52 110 80 2028 8430 539
internal_value=2.44069e-12 -9.34668e-05 -0.00254841 -0.0103656 -6.33233e-05 -0.000537286 0.000709355 0.00238424 0.0039066 -0.00113947 0.00427925 0.00227223 0.00168144 0.00254915 0.00342683 0.00737138 0.000157997 -0.000409374 0.00362404 0.00424224 0.00577022 -0.00177598 -0.000373073 -0.000962983 0.000724352 -0.00132816 0.00105912 0.000370696 -0.00171101 -0.0053825
internal_weight=119094 69581 844 109 68737 17191 4376 2296 1715 2080 1687 1023 997 954 904 664 1642 1545 391 862 693 1154 902 12815 2280 10535 1456 2228 9079 649
internal_count=119094 69581 844 109 68737 17191 4376 2296 1715 2080 1687 1023 997 954 904 664 1642 1545 391 862 693 1154 902 12815 2280 10535 1456 2228 9079 649
is_linear=0
shrinkage=0.05


Tree=294
num_leaves=31
num_cat=0
split_feature=6 9 8 9 10 11 11 0 8 5 7 4 4 9 4 4 0 3 2 1 7 11 2 11 8 9 11 4 9 3
split_gain=0.553704 1.79098 4.35458 7.46336 2.63157 2.07022 2.52687 2.79888 2.41011 1.95273 1.93825 1.27458 3.26773 2.17316 1.41357 1.56571 2.62726 1.77928 1.51867 1.44586 3.49249 1.69972 2.3334 2.0383 2.46262 1.20469 1.18324 1.07533 1.07387 1.00736
threshold=0.62208236359720115 0.40870350000000005 -0.96385307207149051 0.55698425000000007 0.091987499999999958 0.0086429999999999858 -0.0030685000000000013 0.15892456252004464 -0.99447902762627616 -2.0552322794766389 -0.4121299360677218 -0.0044229106790960584 -0.031438743917091609 0.71542525000000012 -0.13405129549823366 -0.31355129408821608 0.2600131061598952 0.20166835357624827 0.51285470085470097 -0.46361947481903587 0.14883265963629269 0.0098884999999999963 -0.56207538849212457 0.054233999999999984 -0.16702198225135442 0.35649950000000002 -0.014541999999999984 -0.52406808386194625 0.99512200000000017 0.033570207088699074
decision_type=2 2 2 2 2 2 2 2 2 2 2 2 2 2 2 2 2 2 2 2 2 2 2 2 2 2 2 2 2 2
left_child=-1 4 3 -3 5 6 8 -8 10 -7 29 12 14 -13 15 18 17 -17 19 20 -4 -21 -23 27 -25 -10 -22 -24 -28 -2
right_child=1 2 11 -5 -6 9 7 -9 25 -11 -12 13 -14 -15 -16 16 -18 -19 -20 21 26 22 23 24 -26 -27 28 -29 -30 -31
leaf_value=9.5125461164300539e-06 0.011943170651793482 -0.0047360082470771416 0.022193004295141216 -0.035544206973165272 -0.012585609857566083 0.0038385760170058349 -0.018028224924386577 0.0062851884495466947 -0.012002637483899228 0.022559974285272455 0.020821003606736971 -0.002085959334362997 -0.021312638837844136 0.017817523423582317 0.0072720993533730502 0.0083078501746058474 -0.019307005861698982 -0.010374041855335235 0.011986108822748066 -0.0078898927228202905 0.007147955673712271 -0.015074472292326391 0.018552328482270241 -0.010201063628595037 0.0094427870448540764 0.0047398659821954519 0.0011613168227283851 0.003204770066908428 -0.01468038571998477 -0.0039262812305241824
leaf_weight=118174 20 92 21 25 26 30 29 20 22 26 30 32 20 24 50 26 31 25 24 104 27 20 25 39 27 21 23 21 20 20
leaf_count=118174 20 92 21 25 26 30 29 20 22 26 30 32 20 24 50 26 31 25 24 104 27 20 25 39 27 21 23 21 20 20
internal_value=-3.16774e-12 -0.00122189 -0.00254728 -0.011319 0.00245009 0.00424334 0.00137859 -0.00810438 0.00549068 0.0125307 0.0112138 -0.000711344 -0.00150797 0.0064441 -0.000687905 -0.00160707 -0.00782761 -0.00084994 -0.000153843 -0.00104485 0.00430935 -0.00310939 0.000657066 0.00346627 -0.00216494 -0.00382607 -0.00105575 0.0115458 -0.00620692 0.00400844
internal_weight=119094 920 676 117 244 218 162 49 113 56 70 559 503 56 483 433 82 51 351 327 91 236 132 112 66 43 70 46 43 40
internal_count=119094 920 676 117 244 218 162 49 113 56 70 559 503 56 483 433 82 51 351 327 91 236 132 112 66 43 70 46 43 40
is_linear=0
shrinkage=0.05


Tree=295
num_leaves=31
num_cat=0
split_feature=11 6 10 10 9 0 1 11 6 2 9 6 9 1 9 8 9 9 7 5 8 9 6 11 3 7 11 4 5 11
split_gain=0.549896 3.82873 6.14916 4.65262 4.96491 4.71703 4.93982 4.57621 4.56983 4.54003 4.22059 4.34575 6.27494 4.69353 5.15851 4.90209 4.85477 4.7274 4.62111 4.37311 4.66922 4.53911 3.92543 5.39612 4.61546 4.38308 3.89704 3.84329 3.82366 4.43808
threshold=-0.0045179999999999795 -3.3961088228654845 -0.021300499999999997 0.055442000000000026 0.18519075000000004 -0.063190640737322654 -0.012839199139105193 -0.012248500000000008 -6.4665603489108898 -0.14814814814814806 0.6417067500000001 -3.8634225713688894 0.5337447500000001 -0.22772660689771532 0.26687250000000007 -3.4893956424824988 0.55698425000000007 0.24010675000000004 -3.9790112062657124 -4.2843380607652088 -3.5777895019240584 0.21913850000000004 -3.5898841520310909 -0.015079499999999994 0.071059856863635598 -3.9532614059954025 -0.0127405 -0.20878974554074417 -6.6843217601125824 -0.012491999999999974
decision_type=2 2 2 2 2 2 2 2 2 2 2 2 2 2 2 2 2 2 2 2 2 2 2 2 2 2 2 2 2 2
left_child=1 2 -1 4 7 6 9 26 -9 -6 11 12 19 -13 15 17 18 22 -16 -7 -21 -22 23 -15 -24 -25 -4 -14 29 -8
right_child=-2 -3 3 -5 5 10 28 8 -10 -11 -12 13 27 14 16 -17 -18 -19 -20 20 21 -23 24 25 -26 -27 -28 -29 -30 -31
leaf_value=-0.0010372479589567116 -9.9820892997401912e-05 -0.000198009427264639 0.001207558397761827 -0.00098156444243976872 0.0074835264805023661 0.0013016990156165906 0.010161519163909059 0.018011149474316174 -0.0027536785859802065 1.5768056483991128e-05 -0.015768682439146298 -0.016739144707098603 0.03523774033581669 -0.013916900806796195 0.020388219135606456 -0.002480150185786692 -0.022116550112841651 0.019494127217595553 0.0022927823099098328 -0.0027271738206352449 0.0094180788934066714 0.0035945010813654386 -0.0059764527753406373 0.016279975113204934 0.016232110614577931 -0.004354359494942811 0.014224388727586199 0.0088479714833099299 0.012068074460835947 -0.019031638049763506
leaf_weight=4177 63919 35209 1002 2257 327 3847 30 27 1420 539 35 40 22 67 36 1588 20 44 1768 221 437 1428 34 44 75 62 61 37 298 23
leaf_count=4177 63919 35209 1002 2257 327 3847 30 27 1420 539 35 40 22 67 36 1588 20 44 1768 221 437 1428 34 44 75 62 61 37 298 23
internal_value=1.68874e-12 0.00011564 0.000668745 0.00112007 0.0014706 0.00192764 0.00486361 -0.000536359 -0.00236622 0.00283558 0.00156322 0.00162531 0.00246265 0.000297275 0.000479581 -0.00133365 0.00238228 0.00425113 0.00265389 0.00230129 0.00414475 0.00495906 0.00187278 -0.00280973 0.00930467 0.00421084 0.00195453 0.0186882 0.00986725 -0.00250721
internal_weight=119094 55175 19966 15789 13532 11022 1217 2510 1447 866 9805 9770 5992 3778 3738 1914 1824 326 1804 5933 2086 1865 282 173 109 106 1063 59 351 53
internal_count=119094 55175 19966 15789 13532 11022 1217 2510 1447 866 9805 9770 5992 3778 3738 1914 1824 326 1804 5933 2086 1865 282 173 109 106 1063 59 351 53
is_linear=0
shrinkage=0.05


Tree=296
num_leaves=31
num_cat=0
split_feature=5 10 8 7 4 9 11 6 3 0 11 11 1 1 6 1 6 11 3 1 10 8 10 9 9 1 7 8 4 1
split_gain=0.556541 1.94185 4.03063 2.54634 3.42734 2.97258 2.38722 2.30838 1.94857 1.91623 1.53467 2.83544 1.69724 1.93543 1.6644 5.92935 2.34351 3.21947 3.2462 2.58403 2.44768 2.02427 1.74933 2.02635 2.76553 2.74112 3.16589 3.83481 3.45242 3.06905
threshold=-17.170093932826425 0.085868500000000028 -0.16702198225135442 -1.0187367008709967 -0.31728801889616076 0.20268650000000002 -0.010425500000000002 -4.3376389118525198 0.96262081662173726 0.020819658759506646 -0.054970499999999985 -0.25466599999999995 0.037804851640672717 -0.08741390485927035 -5.9227674387528646 0.025683136612963623 -4.2904002558196987 0.00037099999999998251 0.22464772692520643 0.34656057338598073 0.036743499999999991 -3.658116014891768 -0.27215699999999993 0.31753725000000005 0.32995150000000006 0.22344846482882511 -2.6152587595669732 -2.0664560500576115 -0.26452216091760455 -0.13921507608554348
decision_type=2 2 2 2 2 2 2 2 2 2 2 2 2 2 2 2 2 2 2 2 2 2 2 2 2 2 2 2 2 2
left_child=1 2 8 4 -3 -6 -7 -8 10 -9 11 -1 13 -13 15 -12 17 20 -19 21 -16 -18 -23 -24 -25 26 -26 28 -28 -29
right_child=-2 3 -4 -5 5 6 7 9 -10 -11 14 12 -14 -15 16 -17 19 18 -20 -21 -22 22 23 24 25 -27 27 29 -30 -31
leaf_value=0.012334850104525686 -1.164283968603876e-05 -0.024801640840069878 0.024026341495336966 0.010636004543414823 -0.019716699996396251 -0.0088749041021704521 0.019470293493941429 0.0098400849365414336 -0.010405678044566338 -0.0088533728784913647 -0.009731059178540653 -0.013605556437479599 -0.018054048276195927 0.0073892445283253562 -0.00064982846243728006 0.023394684981820839 0.015466058354449442 -0.0044788868215238286 -0.026002180483192208 0.017995214636903258 0.018375676949852444 -0.01157541229673054 -0.0007262660819507237 0.019927260394407703 0.013144232241447543 -0.010600736935532862 0.0083891609543934459 -0.0036357930776042243 -0.016850750032989754 0.010121326860226692
leaf_weight=20 117728 21 20 27 23 48 21 26 34 29 22 21 30 23 73 35 29 86 22 28 22 23 290 28 87 31 20 60 42 125
leaf_count=20 117728 21 20 27 23 48 21 26 34 29 22 21 30 23 73 35 29 86 22 28 22 23 290 28 87 31 20 60 42 125
internal_value=2.62394e-12 0.00100343 0.00177272 -0.00361626 -0.00590681 -0.00320754 -0.000145362 0.00536803 0.00138604 -1.64655e-05 0.00174497 -0.00436903 -0.00888359 -0.002631 0.00230676 0.0106093 0.00181686 -0.00295766 -0.00886326 0.00308714 0.00375608 0.00251921 0.0019874 0.00244413 0.00478361 0.00362191 0.00494197 0.00205291 -0.00870884 0.00565956
internal_weight=119094 1366 1171 195 168 147 124 76 1151 55 1117 94 74 44 1023 57 966 203 108 763 95 735 706 683 393 365 334 247 62 185
internal_count=119094 1366 1171 195 168 147 124 76 1151 55 1117 94 74 44 1023 57 966 203 108 763 95 735 706 683 393 365 334 247 62 185
is_linear=0
shrinkage=0.05


Tree=297
num_leaves=31
num_cat=0
split_feature=1 8 5 4 3 7 8 10 11 6 7 9 9 0 2 7 0 3 7 8 2 0 1 6 5 10 7 5 3 8
split_gain=0.554831 2.75367 4.37328 6.21216 6.15998 4.24321 3.95432 6.13587 3.44368 3.30966 3.15806 3.08246 2.96187 2.93237 3.02644 2.93111 4.27251 3.03436 2.89672 2.85798 4.6254 4.88295 3.48786 4.30002 4.08616 3.05966 4.89945 3.69523 4.96445 3.71604
threshold=-0.17802774858221412 -1.055552474755709 -2.1748270360962345 -0.38593898205449512 0.4141218191454657 -1.5535209648541677 -2.7185234093298862 0.018816999999999976 0.015283500000000021 -3.9282017871971084 -0.4121299360677218 0.23478125000000002 0.32717525000000003 -0.11467253830926021 0.12575163719040963 -2.5956093496187145 -0.088050563168475579 -0.041733647031173597 -3.2733687640696849 -1.4461358677886118 -0.56207538849212457 0.13607340141462312 -0.38403253533457971 -4.1268599553122778 -3.4201709840672518 0.0080945000000000062 -2.439854017622467 -4.7275513342802808 -0.14700851785410377 -2.2740748014913081
decision_type=2 2 2 2 2 2 2 2 2 2 2 2 2 2 2 2 2 2 2 2 2 2 2 2 2 2 2 2 2 2
left_child=1 2 3 19 6 -3 7 15 -9 -6 11 -4 -11 14 -14 16 17 -5 -13 22 -21 -22 24 -24 -1 -25 -27 28 29 -28
right_child=-2 5 10 4 9 -7 -8 8 -10 12 -12 18 13 -15 -16 -17 -18 -19 -20 20 21 -23 23 25 -26 26 27 -29 -30 -31
leaf_value=-0.0051225499964338986 -3.5665050465475662e-05 -0.0052811628998698373 -0.016847432805225254 0.04110460333526135 0.023252193396911026 -0.000163666291913041 -0.0026690865958105994 0.00072099327560147791 -0.016184550126781688 -0.012518202323466541 -0.0092910644009992077 0.021812486164271835 -0.0036825542645528911 0.010667979624805882 0.017623916678130628 -0.0013804357040881818 0.0066084598191082479 0.014975484892725944 0.0027109882724820262 0.019101971407131903 -0.0019542385268083696 0.02050602786242962 0.018426231432777756 0.0070490209891496697 0.0059804964832437697 -0.0067202876767238785 0.025838896972127257 0.0010226720737911569 0.025424554907275659 0.0029711473058124291
leaf_weight=235 107368 475 20 20 24 2751 2723 122 40 25 56 20 100 132 20 38 66 25 2608 29 755 25 52 448 128 137 20 435 38 159
leaf_count=235 107368 475 20 20 24 2751 2723 122 40 25 56 20 100 132 20 38 66 25 2608 29 755 25 52 448 128 137 20 435 38 159
internal_value=3.79444e-12 0.000326564 0.000798598 2.39519e-05 -0.00138221 -0.000917172 -0.00205905 0.00328219 -0.00345321 0.00544018 0.00245905 0.00270754 0.0038969 0.00552538 -0.000131476 0.0106052 0.0147084 0.0265884 0.00285636 0.0019295 -0.000505367 -0.00123436 0.00312187 0.00434106 -0.00120743 0.00374896 0.00187517 0.00368127 0.00901071 0.0055262
internal_weight=119094 11726 8500 5796 3335 3226 3034 311 162 301 2704 2648 277 252 120 149 111 45 2628 2461 809 780 1652 1289 363 1237 789 652 217 179
internal_count=119094 11726 8500 5796 3335 3226 3034 311 162 301 2704 2648 277 252 120 149 111 45 2628 2461 809 780 1652 1289 363 1237 789 652 217 179
is_linear=0
shrinkage=0.05


Tree=298
num_leaves=31
num_cat=0
split_feature=10 11 1 0 4 5 3 6 9 6 11 0 3 9 11 0 6 6 6 7 9 6 6 3 0 6 2 5 5 5
split_gain=0.54715 2.04709 4.15214 5.63108 7.84349 6.2479 3.96121 3.88611 5.68443 3.85585 3.72989 5.23356 3.49511 3.27172 3.30435 3.59459 3.18005 4.19038 3.40463 3.12976 6.10249 7.31431 3.70518 3.39396 4.94636 3.12816 3.12702 3.82293 3.04726 2.96222
threshold=0.026879500000000004 -0.011344500000000006 -0.067620212568824598 -0.022379192499550945 -0.1787250151918883 1.0000000180025095e-35 0.96262081662173726 -2.5169923100875815 0.56328600000000006 -2.9836270762206381 -0.0041425000000000203 0.097352286032354032 -0.16977565730800551 0.62357200000000013 -0.0073454999999999901 -0.028834039499086968 -1.1338114527935306 -1.7141465525055397 -1.4092462020438796 -3.028284779829066 0.31898525000000005 -3.5306408967432805 -3.8139635416494357 0.08442497908898651 -0.026026498967925079 -3.1378243961214709 -0.012164142341487048 -6.1466849428773811 -1.2062218531412572 -3.4994938862990526
decision_type=2 2 2 2 2 2 2 2 2 2 2 2 2 2 2 2 2 2 2 2 2 2 2 2 2 2 2 2 2 2
left_child=-1 2 -2 4 5 7 -5 9 28 25 11 13 -11 29 -15 -16 17 -10 -19 23 21 26 -22 -6 -25 -4 -21 -28 -9 -3
right_child=1 10 3 6 19 -7 -8 8 16 12 -12 -13 -14 14 15 -17 -18 18 -20 20 22 -23 -24 24 -26 -27 27 -29 -30 -31
leaf_value=-0.00011036299546924314 -0.0018985143148272329 0.0024699712304468349 0.0099151129380166264 -0.00032363154993020246 0.0035867744814666196 -0.017978772385045885 -0.005528648311472522 -0.0039427577335455488 0.0060743549026341902 0.031953550130128863 5.7432997746603235e-05 -0.0017162155206247283 0.012818396113192042 0.0027096368954516951 0.0076549837832117634 0.03089564639875399 0.00079183884309199845 0.040001589670777327 0.012692708051985219 0.029309614183490769 -0.016084151667338321 0.0024964593359016051 -0.00052486264108668815 -0.0068378214575324702 0.014284887309574213 -0.0064436822143547684 -0.0077678162092342977 0.017019274300005886 0.015036759634191791 0.00031923031105175601
leaf_weight=57800 3588 4003 208 6893 151 25 386 178 45 35 39924 1268 75 95 41 28 46 25 21 34 41 401 573 364 30 34 20 70 24 2668
leaf_count=57800 3588 4003 208 6893 151 25 386 178 45 35 39924 1268 75 95 41 28 46 25 21 34 41 401 573 364 30 34 20 70 24 2668
internal_value=-4.92371e-12 0.000104072 -0.000445705 9.28512e-05 0.00219315 0.00657678 -0.00059965 0.00746518 0.00364433 0.0111449 0.000255942 0.00123401 0.0189069 0.00178132 0.00875822 0.017086 0.0115063 0.0169223 0.0275345 0.000329327 0.00182037 0.00577829 -0.00156384 -0.00278682 -0.00522949 0.00761677 0.0163913 0.011511 -0.00168777 0.0016098
internal_weight=119094 61294 13267 9679 2400 716 7279 691 339 352 48027 8103 110 6835 164 69 137 91 46 1684 1139 525 614 545 394 242 124 90 202 6671
internal_count=119094 61294 13267 9679 2400 716 7279 691 339 352 48027 8103 110 6835 164 69 137 91 46 1684 1139 525 614 545 394 242 124 90 202 6671
is_linear=0
shrinkage=0.05


Tree=299
num_leaves=31
num_cat=0
split_feature=11 5 3 12 7 6 7 9 8 5 1 9 0 10 4 2 8 4 4 8 6 2 4 5 5 6 1 0 4 10
split_gain=0.537626 2.23603 3.08892 1.6675 3.6186 3.09085 2.8072 2.29558 1.68399 3.55775 2.03699 2.0104 3.68049 2.40194 2.60123 2.68672 1.96905 1.91241 2.49967 5.15159 1.89425 1.82197 1.62835 2.29172 1.42215 1.29113 1.12306 1.531 1.33461 1.09467
threshold=0.31141999999999997 -8.8896439212707055 0.022454794857936559 1.0000000180025095e-35 -0.24289967757652095 -3.2290564372187092 0.14883265963629269 0.34515925000000008 -3.3546567408511678 -3.5187653945375934 0.030978888228524241 0.71542525000000012 0.15052421044674416 0.1602365 -0.38010381399692861 -0.060925628741308795 -1.0250093991921054 -0.33882122409068677 -0.20186917064802559 -2.1112076654223912 -2.0299030339346014 0.13020327421726455 -0.45126915005546853 -0.38320946079777324 -3.6611096375612164 -2.1266251591562146 -0.16101300874602012 0.080234946379640029 -0.35314895189612699 0.02596300000000001
decision_type=2 2 2 2 2 2 2 2 2 2 2 2 2 2 2 2 2 2 2 2 2 2 2 2 2 2 2 2 2 2
left_child=-1 2 -2 6 5 -5 7 -3 9 10 -9 12 17 14 16 -16 -13 -10 25 20 21 -20 23 -6 -7 -19 -26 28 -28 -17
right_child=1 3 -4 4 22 24 -8 8 11 -11 -12 13 -14 -15 15 29 -18 18 19 -21 -22 -23 -24 -25 26 -27 27 -29 -30 -31
leaf_value=9.4144008593346516e-06 -0.025495279454414477 -0.012151888043930133 -0.0011573176248930396 0.0055996053486264182 0.018665688386957709 -0.023220530309033798 -0.016445452857600608 -0.0041859517036937173 -0.014463512316080077 0.026968364268541337 0.013791153615770433 0.030785503271035852 0.016138678910927132 -0.0011486629643477498 -0.011800392307195581 0.0040057927396680631 0.0088642572729094402 0.015342900408345654 -0.0074135565604919046 -0.021902659336504128 0.013776799179613592 0.0053111256862228571 -0.0046894793704684301 -0.0022216966220488152 0.00050394965801388032 -0.00059577409798900296 -0.009864545028124538 -0.0029468538006767633 -0.027690492144652773 0.018239042620089921
leaf_weight=118166 22 30 32 28 29 26 23 40 35 20 26 20 26 100 20 35 21 27 78 35 20 44 35 24 20 24 21 24 21 22
leaf_count=118166 22 30 32 28 29 26 23 40 35 20 26 20 26 100 20 35 21 27 78 35 20 44 35 24 20 24 21 24 21 22
internal_value=-1.92119e-12 -0.00119877 -0.0110728 -0.000588709 -0.00426488 -0.0092589 0.000708764 0.00134207 0.00202473 0.00849418 0.00289594 0.000927346 -0.00180721 0.00455251 0.00938401 0.00396693 0.0195575 -0.00358132 -0.00191081 -0.00472105 -0.00048614 -0.00282433 0.00368014 0.00920725 -0.0129735 0.00784235 -0.0098756 -0.0130209 -0.0187775 0.00949933
internal_weight=119094 928 54 874 228 140 646 623 593 86 66 507 289 218 118 77 41 263 228 177 142 122 88 53 112 51 86 66 42 57
internal_count=119094 928 54 874 228 140 646 623 593 86 66 507 289 218 118 77 41 263 228 177 142 122 88 53 112 51 86 66 42 57
is_linear=0
shrinkage=0.05


end of trees

feature_importances:
Column_11=1071
Column_6=975
Column_9=975
Column_7=878
Column_8=829
Column_10=669
Column_5=590
Column_3=587
Column_4=586
Column_0=579
Column_1=559
Column_2=509
Column_12=193

parameters:
[boosting: gbdt]
[objective: regression]
[metric: l2]
[tree_learner: serial]
[device_type: cpu]
[data_sample_strategy: bagging]
[data: ]
[valid: ]
[num_iterations: 300]
[learning_rate: 0.05]
[num_leaves: 31]
[num_threads: 20]
[seed: 20260820]
[deterministic: 0]
[force_col_wise: 0]
[force_row_wise: 0]
[histogram_pool_size: -1]
[max_depth: -1]
[min_data_in_leaf: 20]
[min_sum_hessian_in_leaf: 0.001]
[bagging_fraction: 1]
[pos_bagging_fraction: 1]
[neg_bagging_fraction: 1]
[bagging_freq: 0]
[bagging_seed: 27108]
[bagging_by_query: 0]
[feature_fraction: 1]
[feature_fraction_bynode: 1]
[feature_fraction_seed: 14324]
[extra_trees: 0]
[extra_seed: 8268]
[early_stopping_round: 0]
[early_stopping_min_delta: 0]
[first_metric_only: 0]
[max_delta_step: 0]
[lambda_l1: 0]
[lambda_l2: 0]
[linear_lambda: 0]
[min_gain_to_split: 0]
[drop_rate: 0.1]
[max_drop: 50]
[skip_drop: 0.5]
[xgboost_dart_mode: 0]
[uniform_drop: 0]
[drop_seed: 5843]
[top_rate: 0.2]
[other_rate: 0.1]
[min_data_per_group: 100]
[max_cat_threshold: 32]
[cat_l2: 10]
[cat_smooth: 10]
[max_cat_to_onehot: 4]
[top_k: 20]
[monotone_constraints: ]
[monotone_constraints_method: basic]
[monotone_penalty: 0]
[feature_contri: ]
[forcedsplits_filename: ]
[refit_decay_rate: 0.9]
[cegb_tradeoff: 1]
[cegb_penalty_split: 0]
[cegb_penalty_feature_lazy: ]
[cegb_penalty_feature_coupled: ]
[path_smooth: 0]
[interaction_constraints: ]
[verbosity: -1]
[saved_feature_importance_type: 0]
[use_quantized_grad: 0]
[num_grad_quant_bins: 4]
[quant_train_renew_leaf: 0]
[stochastic_rounding: 1]
[linear_tree: 0]
[max_bin: 255]
[max_bin_by_feature: ]
[min_data_in_bin: 3]
[bin_construct_sample_cnt: 200000]
[data_random_seed: 4759]
[is_enable_sparse: 1]
[enable_bundle: 1]
[use_missing: 1]
[zero_as_missing: 0]
[feature_pre_filter: 1]
[pre_partition: 0]
[two_round: 0]
[header: 0]
[label_column: ]
[weight_column: ]
[group_column: ]
[ignore_column: ]
[categorical_feature: ]
[forcedbins_filename: ]
[precise_float_parser: 0]
[parser_config_file: ]
[objective_seed: 23409]
[num_class: 1]
[is_unbalance: 0]
[scale_pos_weight: 1]
[sigmoid: 1]
[boost_from_average: 1]
[reg_sqrt: 0]
[alpha: 0.9]
[fair_c: 1]
[poisson_max_delta_step: 0.7]
[tweedie_variance_power: 1.5]
[lambdarank_truncation_level: 30]
[lambdarank_norm: 1]
[label_gain: ]
[lambdarank_position_bias_regularization: 0]
[eval_at: ]
[multi_error_top_k: 1]
[auc_mu_weights: ]
[num_machines: 1]
[local_listen_port: 12400]
[time_out: 120]
[machine_list_filename: ]
[machines: ]
[gpu_platform_id: -1]
[gpu_device_id: -1]
[gpu_use_dp: 0]
[num_gpu: 1]

end of parameters

pandas_categorical:null
