{
  "status": "ok",
  "result_keys": [
    "all_paths",
    "paths",
    "mean_path",
    "median_path",
    "p05",
    "p25",
    "p75",
    "p95",
    "final_mean",
    "final_median",
    "final_p05",
    "final_p10",
    "final_p25",
    "final_p75",
    "final_p90",
    "final_p95",
    "total_return_pct",
    "annual_return_pct",
    "crash_prob_1y",
    "crash_prob_5y",
    "crash_probs",
    "cvar_95_pct",
    "max_dd_pct",
    "max_drawdown_pct",
    "scenarios",
    "ml_crash_prob",
    "ml_predicted_return",
    "garch_vol",
    "realism_check"
  ],
  "current_price": 6967.3798828125,
  "final_mean": 9786.270157542032,
  "final_median": 8947.140007868222,
  "final_p05": 3948.1750159160724,
  "final_p10": 4718.825294273191,
  "final_p25": 6491.944454049342,
  "final_p75": 12107.670870650742,
  "final_p90": 15859.649882813732,
  "final_p95": 18871.155424114306,
  "total_return_pct": 40.45839787899781,
  "annual_return_pct": 7.030989890647743,
  "crash_prob_1y": 25.509999999999998,
  "crash_prob_5y": 81.81,
  "cvar_95_pct": -53.963508880491894,
  "max_dd_pct": -30.57985513408245,
  "max_drawdown_pct": 30.57985513408245
}