{
  "status": "ok",
  "result_keys": [
    "all_paths",
    "paths",
    "mean_path",
    "median_path",
    "p05",
    "p25",
    "p75",
    "p95",
    "final_mean",
    "final_median",
    "final_p05",
    "final_p10",
    "final_p25",
    "final_p75",
    "final_p90",
    "final_p95",
    "total_return_pct",
    "annual_return_pct",
    "crash_prob_1y",
    "crash_prob_5y",
    "crash_probs",
    "cvar_95_pct",
    "max_dd_pct",
    "max_drawdown_pct",
    "scenarios",
    "ml_crash_prob",
    "ml_predicted_return",
    "garch_vol",
    "realism_check"
  ],
  "current_price": 6951.830078125,
  "final_mean": 9758.642142595505,
  "final_median": 8880.468982693934,
  "final_p05": 3937.0639107167876,
  "final_p10": 4767.5213687491305,
  "final_p25": 6555.831284076451,
  "final_p75": 12108.893436886541,
  "final_p90": 15821.764165451665,
  "final_p95": 18622.385372209184,
  "total_return_pct": 40.37515349091414,
  "annual_return_pct": 7.018300236872044,
  "crash_prob_1y": 25.55,
  "crash_prob_5y": 81.39,
  "cvar_95_pct": -53.83739895731446,
  "max_dd_pct": -30.597550894091675,
  "max_drawdown_pct": 30.597550894091675
}