{
  "status": "ok",
  "result_keys": [
    "all_paths",
    "paths",
    "mean_path",
    "median_path",
    "p05",
    "p25",
    "p75",
    "p95",
    "final_mean",
    "final_median",
    "final_p05",
    "final_p10",
    "final_p25",
    "final_p75",
    "final_p90",
    "final_p95",
    "total_return_pct",
    "annual_return_pct",
    "crash_prob_1y",
    "crash_prob_5y",
    "crash_probs",
    "cvar_95_pct",
    "max_dd_pct",
    "max_drawdown_pct",
    "scenarios",
    "ml_crash_prob",
    "ml_predicted_return",
    "garch_vol",
    "realism_check"
  ],
  "current_price": 7041.27978515625,
  "final_mean": 9876.40177318737,
  "final_median": 8984.711046302284,
  "final_p05": 3985.7160502209085,
  "final_p10": 4839.019751619681,
  "final_p25": 6542.667543758827,
  "final_p75": 12146.755322183213,
  "final_p90": 16107.975423976139,
  "final_p95": 19165.13601352301,
  "total_return_pct": 40.26429959519364,
  "annual_return_pct": 7.001392480231083,
  "crash_prob_1y": 25.419999999999998,
  "crash_prob_5y": 81.64,
  "cvar_95_pct": -54.36451147082737,
  "max_dd_pct": -30.753736066339503,
  "max_drawdown_pct": 30.753736066339503
}