date,month,n,n_tradable,ic_GBM_EVENT,gross_GBM_EVENT,pred_GBM_EVENT,ic_StockMixer_T1_EVENT,gross_StockMixer_T1_EVENT,pred_StockMixer_T1_EVENT,ic_GBM_SCALAR,gross_GBM_SCALAR,pred_GBM_SCALAR,ic_StockMixer_T1_SCALAR,gross_StockMixer_T1_SCALAR,pred_StockMixer_T1_SCALAR,ic_GBM_TFIDF,gross_GBM_TFIDF,pred_GBM_TFIDF,ic_StockMixer_T1_TFIDF,gross_StockMixer_T1_TFIDF,pred_StockMixer_T1_TFIDF,ic_GBM_SHUFFLE,gross_GBM_SHUFFLE,pred_GBM_SHUFFLE,ic_StockMixer_T1_SHUFFLE,gross_StockMixer_T1_SHUFFLE,pred_StockMixer_T1_SHUFFLE,ic_GBM_SCALAR_SHUFFLE,gross_GBM_SCALAR_SHUFFLE,pred_GBM_SCALAR_SHUFFLE,ic_StockMixer_T1_SCALAR_SHUFFLE,gross_StockMixer_T1_SCALAR_SHUFFLE,pred_StockMixer_T1_SCALAR_SHUFFLE,ic_GBM_NOTEXT,gross_GBM_NOTEXT,pred_GBM_NOTEXT,ic_StockMixer_T1_NOTEXT,gross_StockMixer_T1_NOTEXT,pred_StockMixer_T1_NOTEXT,turnover_GBM_EVENT,net_GBM_EVENT,turnover_GBM_SCALAR,net_GBM_SCALAR,turnover_GBM_TFIDF,net_GBM_TFIDF,turnover_GBM_SHUFFLE,net_GBM_SHUFFLE,turnover_GBM_SCALAR_SHUFFLE,net_GBM_SCALAR_SHUFFLE,turnover_GBM_NOTEXT,net_GBM_NOTEXT,turnover_StockMixer_T1_EVENT,net_StockMixer_T1_EVENT,turnover_StockMixer_T1_SCALAR,net_StockMixer_T1_SCALAR,turnover_StockMixer_T1_TFIDF,net_StockMixer_T1_TFIDF,turnover_StockMixer_T1_SHUFFLE,net_StockMixer_T1_SHUFFLE,turnover_StockMixer_T1_SCALAR_SHUFFLE,net_StockMixer_T1_SCALAR_SHUFFLE,turnover_StockMixer_T1_NOTEXT,net_StockMixer_T1_NOTEXT
2025-08-01,2025-08,372,364,0.06487581333992871,0.011441183057622664,0.0472601127803651,,0.002108839478243622,,0.14458097011263504,0.03251418884914126,0.04917476504431569,0.000399079413306641,-0.02067525129960169,0.14479570866872868,0.02481199738734482,0.015357772631743103,0.07413904635805697,0.0041652894931019716,0.026496548669787717,0.504208803590801,0.09566553601936467,0.0315019486563117,0.045610768403146595,-0.03604209262138996,-0.0011069496913740837,0.2723919021276136,0.15419314278068372,0.05779994149596665,0.048640118135701176,0.011619225091278926,0.006402119327914458,0.1686136375905739,0.12990384563832078,0.025369671544198443,0.047488129390033204,-0.0542983440302312,0.0007351853667709948,0.18031404157065684,1.0,0.008941183057622664,1.0,0.030014188849141258,1.0,0.012857772631743102,1.0,0.029001948656311703,1.0,0.05529994149596665,1.0,0.022869671544198444,1.0,-0.0003911605217563779,1.0,-0.023175251299601688,1.0,0.023996548669787718,1.0,-0.0036069496913740838,1.0,0.003902119327914458,1.0,-0.0017648146332290052
2025-08-04,2025-08,396,387,0.04225767103765738,0.014363825860763053,0.04981195211122325,,0.06462142531443181,,0.09567228396287683,0.03360175248594152,0.04979997904602522,0.0005983696576630865,0.005553028142593804,0.1520116287164199,0.03798690984119059,-0.002643356517277309,0.061245600716471234,0.00887747545017023,0.0008880910850927902,0.6041219100738183,0.05135727639678088,0.014195433945451977,0.04478940931298995,0.09218573962301368,0.032132444145731444,0.30944465081661177,0.0687728962990021,0.03456747206394409,0.04728373109192028,-0.03148160646165802,0.003619417755989806,0.17683034982436743,0.04288096873854299,0.020288946084498122,0.05011050805615502,-0.1075160997235742,-0.019216200213003756,0.19928639420332053,1.487179487179487,0.010645877142814335,1.7179487179487178,0.029306880691069726,1.8717948717948718,-0.007322843696764489,1.8205128205128205,0.009644151894169926,1.7948717948717947,0.030080292576764603,1.7692307692307692,0.0158658691614212,1.3076923076923077,0.06135219454520104,1.5128205128205128,0.0017709768605425219,1.8974358974358974,-0.003855498658496953,1.7179487179487178,0.02783757235085965,1.5384615384615383,-0.00022673609016403981,1.6153846153846154,-0.023254661751465296
2025-08-05,2025-08,473,454,-0.015523984953641231,0.0015814684720234212,0.052594474354399734,,0.022250031753875903,,-0.007396402064179714,0.01985138939534576,0.05774042904939243,-0.011852545502625583,0.030532902148708813,0.13939273771312502,0.013552126249331005,-0.020323146694985552,0.06482315925727983,-0.027512263140527182,0.014638721057251277,0.5674339830875397,0.025267921981373034,0.013173257131799801,0.050252914991484196,0.004843619381372034,0.015437481061157199,0.3366813378201591,0.03624119079056885,0.035451775707751834,0.05205568909556054,-0.014919581448872,0.03170687058026863,0.1450478888220257,-0.006287384001019662,-0.007967078427256209,0.05516268275577273,-0.03671802319911569,0.0503537131471548,0.17566484378443825,1.6444444444444444,-0.0025296426390876894,1.7333333333333334,0.015518056062012425,1.9555555555555555,-0.025212035583874443,1.7777777777777777,0.008728812687355356,1.8,0.030951775707751834,1.8444444444444443,-0.01257818953836732,1.4222222222222223,0.018694476198320348,1.5555555555555556,0.026644013259819924,1.8888888888888888,0.009916498835029056,1.711111111111111,0.01115970328337942,1.6444444444444444,0.02759575946915752,1.6666666666666667,0.04618704648048813
2025-08-06,2025-08,581,559,0.029249403728102252,0.06165841646368314,0.05122250412601197,,0.026030518118589183,,0.01184584970321589,0.0437255592459583,0.05709946612687662,-0.006547055623846256,0.004545735104655182,0.1597472553008369,-0.020376790647636995,-0.02335616776525622,0.07271759039704062,-0.07049610997349749,-0.019097797856206283,0.5929559016866344,0.06804246083924342,0.05455982643827499,0.0524213387140339,0.028477997103440934,0.022508513867402352,0.3194598095225436,0.07154580436417347,0.07911626923322099,0.053403429891955574,0.026337578234322694,0.005400067164111535,0.17597272180552995,-0.016901520309589184,0.004587512040309105,0.05853353568557863,-0.09561649166367364,-0.024498210082847634,0.20937987410330347,1.6071428571428572,0.057640559320826,1.5892857142857142,0.03975234496024401,1.75,-0.02773116776525622,1.7321428571428572,0.05022946929541785,1.7142857142857142,0.0748305549475067,1.7142857142857142,0.00030179775459482014,1.2321428571428572,0.02295016097573204,1.4464285714285714,0.0009296636760837531,1.8571428571428572,-0.023740654999063426,1.75,0.018133513867402352,1.6428571428571428,0.0012929243069686779,1.6607142857142858,-0.02864999579713335
2025-08-07,2025-08,589,550,-0.008536122247432679,0.02290402627270796,0.05355514651443836,,0.028721903947132903,,0.011352250364025658,0.01766123703737413,0.0556204016129947,-0.0661525542989089,-0.008956653497359541,0.14532352435317908,0.021119331704641652,0.004195303644685662,0.07471706934003641,0.08146358434429643,0.03215103794336344,0.5225939875976606,-0.02978469654330009,0.025179574999116057,0.053077567733619546,0.013348522443004801,0.03293630761471177,0.3140053157101978,-0.02187489603514262,0.027322576114563624,0.05644106551058835,-0.05876612738103934,-0.00777090421176517,0.16397691463882275,-0.05354572247064167,-0.007993199102661299,0.057768741426695566,-0.16993667984115218,-0.03483538787828126,0.18465662679888986,1.5714285714285714,0.018975454844136534,1.7142857142857142,0.013375522751659846,1.8392857142857142,-0.00040291064102862366,1.732142857142857,0.020849217856258914,1.625,0.023260076114563624,1.7857142857142856,-0.012457484816947013,1.2857142857142856,0.02550761823284719,1.625,-0.013019153497359541,1.857142857142857,0.0275081808005063,1.857142857142857,0.02829345047185463,1.732142857142857,-0.012101261354622313,1.75,-0.039210387878281266
2025-08-08,2025-08,366,353,0.0692969482225772,0.012343999817195065,0.05854023046152666,,-0.029063991738762514,,-0.0050919965838782865,0.0045115854469416,0.06589972355178086,0.03898789347461893,0.008119486746386741,0.1748450768845422,-0.04173693711048165,-0.02641290220690097,0.07927023063434867,-0.022165462004484517,0.0005160737527497539,0.5158951222896576,0.003038578715177706,0.0016505683979305599,0.06098996790637999,-0.0794824099530863,-0.008540500159176838,0.31023639962077143,0.006975061173287419,0.00642871093174327,0.06119993856769647,0.07443422549132463,0.008796484195369913,0.188510507025889,0.0497506227470948,-0.01069757432542116,0.057692817340827734,-0.009249008215323625,0.018361746087467136,0.21371445868696487,1.5999999999999999,0.008343999817195065,1.690909090909091,0.0002843127196688732,1.8909090909090909,-0.031140174934173696,1.8363636363636362,-0.002940340692978531,1.7818181818181817,0.001974165477197815,1.8545454545454545,-0.015333937961784797,1.2727272727272727,-0.032245809920580695,1.6363636363636362,0.004028577655477651,1.8181818181818181,-0.0040293807927047915,1.8181818181818181,-0.013085954704631383,1.7636363636363637,0.004387393286279004,1.709090909090909,0.014089018814739864
2025-08-11,2025-08,398,376,0.06123675617708805,0.04702645046145762,0.06883675771171142,,-0.008348656343682242,,0.0033645816326467524,0.008055390054979517,0.06750795472734214,0.01813988495820352,0.00042334706917138316,0.20456474970437977,0.0205950958045855,0.03974353850200135,0.06398135441423193,-0.04044630888802256,0.024204858978349564,0.6200580424384067,0.06664722956876536,0.05436097662295801,0.0669198012298112,0.048966449687808125,0.017613232654387155,0.33222384829270213,0.034081128644735455,0.04755991050674035,0.0672386854498565,-0.015641835607548355,5.416059558831579e-05,0.22486989856942705,0.05698413903157282,0.02940591233385476,0.061951520049865184,0.011337344824220774,-0.02861621965803853,0.2658567573679121,1.6052631578947367,0.043013292566720776,1.763157894736842,0.003647495318137412,1.894736842105263,0.035006696396738195,1.8421052631578947,0.04975571346506327,1.763157894736842,0.043152015769898244,1.7894736842105263,0.024932228123328445,1.3157894736842104,-0.011638130027892768,1.4210526315789473,-0.0031292845097759853,1.8421052631578947,0.019599595820454827,1.8421052631578947,0.013007969496492418,1.5789473684210527,-0.003893207825464316,1.5526315789473684,-0.032497798605406955
2025-08-12,2025-08,266,252,-0.046528553735409116,-0.030547217663931744,0.06131883669939741,,0.011482514764171685,,0.017301362373497876,-0.01250383735107732,0.06438771036083869,0.05679760138102305,0.0281430140399016,0.1789649210870266,0.021596751782801533,0.007073800927435536,0.06412185871389904,-0.020684280332051184,0.010431861926423897,0.588937435746193,-0.06254166261530443,-0.025219446452932975,0.061758913341708764,-0.07433136583243141,-0.008800830588461407,0.3928609058260918,-0.030428732420408663,-0.04020338221164811,0.061616617815044745,0.08145772529691836,0.020512887307980922,0.19028714999556542,-0.07542866069137227,-0.035595695687770594,0.057038169935806654,0.032771880942551415,-0.013582416913364419,0.22943745970726015,1.7105263157894737,-0.03482353345340543,1.8421052631578947,-0.017109100508972058,1.8421052631578947,0.002468537769540799,1.9210526315789473,-0.030022078031880343,1.894736842105263,-0.04494022431691127,1.868421052631579,-0.04026674831934954,1.2894736842105263,0.008258830553645369,1.6578947368421053,0.023998277197796337,1.894736842105263,0.005695019821160739,1.8157894736842104,-0.013340304272671934,1.6842105263157894,0.01630236099219145,1.6052631578947367,-0.017595574808101262
2025-08-13,2025-08,336,316,-0.02217105090414431,-0.008390500497387942,0.06179199337778268,,-0.013307127698687159,,0.016175275437757586,-0.026370482747103432,0.06161614410867331,0.057320347389912395,0.014787096530276624,0.1689689578488469,-0.10721191974818581,-0.022974141820172038,0.06274146932506604,-0.020089817817384427,-0.009330767521598369,0.5471829692833126,0.015322396703130953,-0.00012548634306954257,0.06167170001729916,-0.05334319922532558,-0.00929500142889604,0.3410467708017677,-0.011592001288176473,-0.027103648772149266,0.06292351009069204,0.05514227984988851,0.030869652004029673,0.18697366875130683,-0.027803340589341863,-0.059168408987718725,0.06009451676476577,0.1383662880066528,0.0271873913353938,0.21445202128961682,1.625,-0.012453000497387942,1.78125,-0.03082360774710343,1.84375,-0.027583516820172037,1.875,-0.004812986343069542,1.78125,-0.031556773772149264,1.8125,-0.06369965898771872,1.25,-0.016432127698687158,1.5,0.011037096530276624,1.9375,-0.01417451752159837,1.71875,-0.013591876428896041,1.59375,0.02688527700402967,1.46875,0.023515516335393803
2025-08-14,2025-08,327,311,0.0006453798839671857,-0.008641898846626207,0.061712710408998395,,-0.02041306404687394,,0.007447694156858226,-0.01900895004512914,0.06395115071988014,-0.005290536347405557,-0.028035096932686472,0.16002292426363113,-0.0031704536026689314,-0.0050522159583358765,0.07647567811752126,-0.09389100813065723,0.002753516628612637,0.6227455009375849,-0.010091332150051117,0.009279252017090456,0.05871368212989714,-0.11819975562736211,-0.002235900989479886,0.3669301826627024,-0.04022084312764388,-0.009079986772146786,0.05635535578336785,-0.02585020134016291,-0.010725732927781978,0.1873742102855636,-0.02508470289230925,-0.005687307605659168,0.05272844364888265,0.1005502202416772,-0.0016526353366866737,0.17840569562488987,1.59375,-0.012626273846626207,1.6875,-0.02322770004512914,1.875,-0.009739715958335875,1.84375,0.004669877017090456,1.875,-0.013767486772146786,1.59375,-0.009671682605659168,1.4375,-0.02400681404687394,1.53125,-0.031863221932686474,1.8125,-0.0017777333713873628,1.84375,-0.006845275989479886,1.53125,-0.014553857927781978,1.375,-0.005090135336686674
2025-08-15,2025-08,303,296,0.09860399546794303,0.030891973126204453,0.05697117767666676,,-0.03345911485143905,,0.022976496574965546,0.013636158649831436,0.06092269119946511,-0.0016364331666847867,-0.00436350431715405,0.1761642107119163,0.12004090113164834,0.05248429207759695,0.06097250594929074,0.03775699374525352,0.021391897645394977,0.44597647587458294,-0.003385024662969691,-0.004226929079668914,0.05503056442900822,-0.01519033592066818,-0.01204922817802302,0.33205620050430296,0.009368887236231327,-3.0475448487806214e-05,0.05491054658168798,-0.004691669202811056,0.0050800703120054,0.207325725381573,-0.025235192781835596,0.002856034225032911,0.045342875719070294,0.09755466801889577,-0.00365425793378719,0.21870941321055093,1.5161290322580645,0.02710165054555929,1.6451612903225805,0.009523255424024985,1.9032258064516128,0.04772622756146792,1.8064516129032258,-0.008743058111926978,1.7419354838709677,-0.004385314158165225,1.7096774193548387,-0.0014181593233541859,1.2580645161290323,-0.03660427614176163,1.5806451612903225,-0.008315117220379857,1.8387096774193548,0.01679512345184659,1.8709677419354838,-0.01672664753286173,1.5806451612903225,0.0011284574087795929,1.4838709677419355,-0.007363935353142028
2025-08-18,2025-08,370,360,-0.007828497750264892,0.022191900029713323,0.04383070735551427,,-0.0013924963075046034,,0.0007402182275629124,0.013152667382790112,0.04557389228301567,0.009566452916660004,-0.0016381388356670676,0.13012304270846975,-0.0009139248098810514,0.004983130103431344,0.06786601145578124,0.12332725275382696,-0.00490008631389433,0.536454794721471,0.07237685387708398,0.03848226621215346,0.044313030603247414,-0.05771392324544648,-0.00820737807820158,0.2951544572909673,0.023122313688351423,0.00320807826428586,0.043948836325556066,-0.07248796360623327,-0.006163803788695533,0.15647747978154156,0.05928272628686802,0.0005196334176501144,0.03960540501819382,0.1347008832512744,0.02494346046215557,0.15785014463795555,1.5,0.018441900029713323,1.6944444444444444,0.008916556271679001,1.9166666666666665,0.0001914634367646776,1.8611111111111112,0.033829488434375686,1.8055555555555556,-0.0013058106246030292,1.8611111111111112,-0.004133144360127664,1.3611111111111112,-0.004795274085282381,1.5,-0.0053881388356670674,1.8055555555555556,-0.009413975202783219,1.8333333333333333,-0.012790711411534914,1.5555555555555556,-0.010052692677584423,1.4444444444444444,0.02133234935104446
2025-08-19,2025-08,259,252,-0.07839702723423654,0.006621493218560363,0.04987823576345406,,-0.012688283248470933,,-0.02786760693737438,0.03736239683180906,0.055707468478533216,-0.10400397842258308,-0.00540497587182256,0.13643548533320426,-0.1163397602872267,-0.004417240764559339,0.06066989027957685,-0.07291333183580924,-0.01342470365278619,0.41957135856151584,0.01317230852114573,0.022957051520526087,0.055998286761557825,0.04000663070430512,-0.010580862490862462,0.30865855909883977,0.02494457145619936,0.03847353264796971,0.05082062829502311,-0.14630027420725095,-0.022917636776746672,0.14459811851382254,-0.0931579419951513,0.002249954121136988,0.04700541484963998,0.033770315165664005,0.0014934213085792975,0.16342814803123473,1.722222222222222,0.0023159376630048087,1.5277777777777777,0.033542952387364613,1.9166666666666665,-0.009208907431226005,1.9444444444444444,0.018095940409414975,1.7777777777777777,0.034029088203525265,1.722222222222222,-0.002055601434418567,1.4166666666666667,-0.0162299499151376,1.4722222222222223,-0.009085531427378116,1.8055555555555556,-0.01793859254167508,1.6944444444444444,-0.014816973601973572,1.5833333333333333,-0.026875970110080007,1.3333333333333333,-0.0018399120247540352
2025-08-20,2025-08,276,267,0.1032844850958177,0.0366910063939358,0.04792948064774678,,0.0017990016126172605,,0.030880267119476036,-0.0033114253847966214,0.04820490268349313,-0.02023315877341933,-0.022939505671398967,0.1558840771516164,-0.05705057746859681,-0.04040707665098582,0.05948369643100046,0.06395618884473563,-0.017261880439595978,0.657392093428859,0.07771121987414563,0.04681759214706032,0.0555545781687156,0.007572380531099728,0.010671809836279321,0.49449620147546136,0.03447211084316719,0.023156399264331717,0.04467250356310144,-0.010528388578930094,-0.027118807366137046,0.18559324824147755,0.005874345400322484,-0.001474857190059773,0.041660741883623946,-0.0003738531128265864,0.0018698735674582898,0.19065998232475034,1.6296296296296295,0.03261693231986172,1.6666666666666667,-0.007478092051463289,1.7407407407407407,-0.04475892850283767,1.7407407407407407,0.04246574029520847,1.7777777777777777,0.018711954819887272,1.7777777777777777,-0.0059193016345042175,1.3703703703703705,-0.0016269243133086655,1.4814814814814814,-0.026643209375102672,1.7037037037037037,-0.02152113969885524,1.5925925925925926,0.006690328354797839,1.6296296296296295,-0.03119288144021112,1.6296296296296295,-0.002204200506615784
2025-08-21,2025-08,255,247,-0.030054423344140806,-0.014241176364822188,0.047305328207843944,,0.01707509938540852,,2.8948587308939323e-06,0.024169034859700567,0.046801696618517574,-0.06616850972672533,-0.0204689475012813,0.1510881358385086,0.04443557461791452,0.005855074385693822,0.04365890841011341,-0.008167022840573235,-0.02197569960157709,0.523120122551918,-0.018287546317739694,0.01187603044797595,0.03892647930404,0.10835528601204261,0.007967803782265973,0.3089090925455093,-0.03462830013895322,-0.0009202423836553036,0.044809979936269534,-0.07465116952292727,-0.03015417414017922,0.15321240767836572,0.03917901806391848,0.020354147159710224,0.0431444526239117,-0.09811617068087078,-0.02450211365156446,0.1699766267836094,1.4444444444444444,-0.017852287475933298,1.6296296296296295,0.020094960785626493,1.8148148148148149,0.001318037348656785,1.8888888888888888,0.007153808225753728,1.6296296296296295,-0.004994316457729377,1.6666666666666667,0.016187480493043555,1.4074074074074074,0.013556580866890003,1.4814814814814814,-0.024172651204985005,1.8148148148148149,-0.02651273663861413,1.6666666666666667,0.0038011371155993057,1.6296296296296295,-0.0342282482142533,1.4814814814814814,-0.028205817355268163
2025-08-22,2025-08,232,224,-0.009075725221943958,-0.013161152316411575,0.04568594860853985,,-0.025147885683325877,,-0.11615467557453646,-0.01859577926651213,0.04478665622274054,0.20550501740378904,0.035509941368364016,0.150874419815161,0.09366985148438482,0.004164291861467445,0.041593809679166746,-0.10455449811622443,-0.02056735318471943,0.41502250798723916,-0.14642823507704372,-0.020905745419514985,0.03775757303018755,0.047714827720747505,-0.016744296627727934,0.3820227593691512,-0.12539377153851033,-0.007483085058253444,0.03838019452098914,0.21157279896365289,0.016693876119401447,0.15327766029672188,-0.1304553815283429,-0.02361682892949008,0.04221866026651657,0.15464482239678332,0.027341107902381846,0.16947447881102562,1.36,-0.016561152316411573,1.6400000000000001,-0.02269577926651213,1.8,-0.0003357081385325549,1.84,-0.025505745419514985,1.8,-0.011983085058253445,1.6,-0.02761682892949008,1.4000000000000001,-0.028647885683325876,1.52,0.03170994136836402,1.8800000000000001,-0.02526735318471943,1.76,-0.021144296627727936,1.52,0.012893876119401447,1.48,0.023641107902381844
2025-08-25,2025-08,295,290,-0.028066369542285374,0.003137564248215395,0.04480240203932753,,0.004851294059922137,,0.01990310328221606,-0.01143169928014942,0.04216201153421392,-0.0033683289435444035,0.006838862989389823,0.12072040159897558,-0.029526046695699467,-0.017407405174757574,0.06257301414475976,-0.016918994531906022,-0.01146780886846015,0.5530642373808499,-0.1228699181604987,-0.038048524005022274,0.04617562039010305,-0.004192882406826714,-0.002489011979816267,0.2655671423879163,-0.08824311332503464,-0.02329816703689114,0.038113151579320756,-0.024717672824057214,0.019694932913869194,0.13371600904341402,-0.11380754272433896,-0.02396021887922104,0.035351191089137986,-0.04347205720830487,0.005747948106454053,0.13917921650512466,1.3793103448275863,-0.0003107116138535708,1.5517241379310345,-0.015311009624977006,1.793103448275862,-0.02189016379544723,1.8620689655172413,-0.04270369641881538,1.7586206896551724,-0.027694718761029073,1.6896551724137931,-0.028184356810255523,1.2413793103448276,0.0017478457840600678,1.6206896551724137,0.0027871388514587887,1.8620689655172413,-0.016122981282253254,1.6551724137931034,-0.006626943014299025,1.5172413793103448,0.01590182946559333,1.4827586206896552,0.002041051554729915
2025-08-26,2025-08,281,274,-0.06726140899306644,-0.017768112025096774,0.04966490658845193,,0.017588882998128847,,-0.02288234594208699,0.01598455828846152,0.039559337738108574,-0.08554554402968123,-0.008371197789717478,0.11422153286359929,-0.18145955793388607,-0.027065205177148756,0.05095513872788607,-0.16884263984891176,-0.031171542509514392,0.5102523493546027,-0.0672581730546271,-0.011786527574037057,0.03816935640501495,-0.015757336477409165,-0.01972493386592221,0.2569333990966832,-0.045623532974937535,-0.004341933379576453,0.04041584531903039,-0.11750262306785363,-0.021721350335941303,0.11865359406780313,-0.07272063516100769,-0.018334084698189812,0.03614663326752121,-0.05712717281960865,-0.009536728241220595,0.12116783995319297,1.5172413793103448,-0.021561215473372638,1.7241379310344827,0.011674213460875315,1.9655172413793103,-0.03197899828059703,1.9310344827586206,-0.01661411378093361,1.9310344827586206,-0.009169519586473005,1.793103448275862,-0.022816843318879468,1.3103448275862069,0.014313020929163329,1.6206896551724137,-0.012422921927648512,1.8275862068965516,-0.03574050802675577,1.6896551724137931,-0.02394907179695669,1.7586206896551724,-0.026117902060079235,1.482758620689655,-0.013243624792944733
2025-08-27,2025-08,302,293,0.027855273955252877,0.010326146521927322,0.047289532204964874,,0.006176625140807952,,0.056127709343702564,0.01442439259961354,0.04465069901149327,-0.0163237556118031,-0.028075303196212032,0.11974959775548558,-0.12329106062333023,-0.03684060888727164,0.06271159378517019,-0.042930916029841934,-0.026395941179719547,0.5748174945855964,0.053301467863652745,-0.0017853161523874294,0.04686193295747574,0.036494327802625764,-0.004266559463701845,0.356216229755303,0.01083508748082304,0.004249297019692022,0.050135346884186686,-0.0912324430041025,-0.0355140179784198,0.13310092546302696,-0.025917379380987177,0.022404488096145307,0.04452294570288917,-0.08315541343748563,-0.013605137253098792,0.12449453334356175,1.586206896551724,0.006360629280548012,1.7241379310344827,0.010114047772027334,1.896551724137931,-0.04158198819761647,1.8620689655172413,-0.0064404885661805324,1.7241379310344827,-6.104780789418455e-05,1.7241379310344827,0.0180941432685591,1.3448275862068966,0.0028145561752907105,1.6206896551724137,-0.03212702733414306,1.8620689655172413,-0.03105111359351265,1.7586206896551724,-0.008663111187839776,1.5517241379310345,-0.039393328323247385,1.586206896551724,-0.017570654494478102
2025-08-28,2025-08,280,270,-0.02321093745729264,-0.03180525377285619,0.048451321348848955,,0.05480751425118346,,-0.056284610044224324,-0.0511568271334464,0.04862374874558004,-0.1511575402747484,-0.060436273292473836,0.1139557360223046,0.05942867891899555,0.002237247609828788,0.05726763921995379,0.02554780788415899,0.022887230340949437,0.5222636295689477,-0.02573155998709896,0.008804779787244404,0.04410839882191847,-0.020448147115579098,-0.03538184412696162,0.2902900758716795,-0.07603959963046177,-0.041923002969365075,0.045650475660848865,-0.16278268855470096,-0.057268874741774625,0.1316246291001638,-0.0615434234766114,-0.0499710441284706,0.0477020091855352,-0.17750517954857295,-0.041700201299791476,0.11358059087285288,1.4482758620689655,-0.0354259434280286,1.6206896551724137,-0.055208551271377436,1.9310344827586206,-0.002590338597067764,1.8620689655172413,0.004149607373451301,1.793103448275862,-0.04640576159005473,1.793103448275862,-0.05445380274916026,1.1724137931034482,0.05187647976842484,1.586206896551724,-0.06440179053385314,1.8275862068965516,0.018318264823708057,1.793103448275862,-0.03986460274765127,1.482758620689655,-0.060975771293498765,1.482758620689655,-0.045407097851515615
2025-08-29,2025-08,250,245,-0.09148684605146157,-0.035050615386430756,0.05309672162455442,,-0.013198487333677674,,0.0018021422183212483,-0.009369855816676537,0.052034682469221785,-0.25252762638331366,-0.07949563025709519,0.12920887651853263,-0.018732592163958655,-0.0005177593654679636,0.060531153416714806,0.02931749509323061,0.009531736832476828,0.4494379678120216,-0.07106922368876377,-0.04190490044125333,0.045836818960448264,-0.13824807814381507,-0.003429594350183779,0.3602548118215054,-0.03755314169109095,-0.017324487435594726,0.04890786970029852,-0.24119252431631885,-0.07892716028535418,0.14742480513329306,-0.11183381122937967,-0.006236998005079838,0.04810060504583184,-0.2802713235896366,-0.06814730953146982,0.14721609589954218,1.3333333333333333,-0.03838394871976409,1.5555555555555554,-0.013258744705565425,1.7037037037037035,-0.004777018624727222,1.8148148148148147,-0.04644193747829036,1.7407407407407407,-0.021676339287446576,1.7777777777777777,-0.010681442449524282,1.4074074074074074,-0.016717005852196192,1.5555555555555554,-0.08338451914598408,1.7777777777777777,0.005087292388032383,1.7407407407407407,-0.0077814462020356304,1.7037037037037037,-0.08318641954461344,1.5185185185185184,-0.07194360582776611
2025-09-02,2025-09,360,351,-0.006353186881586021,0.009092980057607938,0.04743329153834735,,0.013504011199575073,,0.03217694580976705,-0.005049436414375431,0.043828010490713415,-0.010369678778385636,-0.0083052429971894,0.13483510315418243,0.0023663185932075795,-0.017319541280260694,0.05519635983548582,-0.06906203697693417,-0.038817434630655574,0.4747148027377469,-0.01794137016764164,-0.009635081700303198,0.045684401016874765,0.033892494026445674,-0.017308935141066607,0.4108298135655267,-0.0522694362353619,-0.02648868713607013,0.04552362001955418,-0.06731816346319544,-0.035623997247164606,0.1584916309586593,0.01169041942196056,-0.0015071826891959149,0.03784144561432463,-0.015339367330509238,-0.015336989382487143,0.1490906172032867,1.5428571428571427,0.005235837200465081,1.6857142857142857,-0.009263722128661146,1.8857142857142857,-0.02203382699454641,1.857142857142857,-0.01427793884316034,1.857142857142857,-0.031131544278927274,1.7999999999999998,-0.0060071826891959145,1.457142857142857,0.009861154056717931,1.7714285714285714,-0.012733814425760829,1.857142857142857,-0.04346029177351272,1.9428571428571428,-0.022166077998209466,1.7999999999999998,-0.0401239972471646,1.8285714285714285,-0.019908417953915715
2025-09-03,2025-09,278,273,0.0407154420867638,-0.007214964501375965,0.05718626864998076,,0.004270949496845325,,-0.06407683914589535,-0.050479002453127274,0.05083705897654986,-0.03417887560220834,-0.013590565731370033,0.17213501118951374,0.06439777395057387,0.014280068055626026,0.04868431995473826,0.13661682875138925,0.03463627868540151,0.9013789478275511,-0.006200047531556681,-0.000441759033816512,0.05232246283363832,-0.008776581855512446,-0.00399654250692159,0.5442328155040741,0.05535639032735614,-0.009293502895575241,0.04810578539980051,-0.08513426826955811,0.003092389764270058,0.17265146722396213,0.03393702878619429,-0.03316809464827207,0.057355361852746325,-0.03692576391896847,0.002619315917190955,0.1817320469352934,1.3714285714285714,-0.010643535929947393,1.5999999999999999,-0.05447900245312727,1.7428571428571429,0.00992292519848317,1.7999999999999998,-0.004941759033816512,1.7714285714285714,-0.013722074324146669,1.8285714285714285,-0.037739523219700644,1.3142857142857143,0.0009852352111310394,1.457142857142857,-0.017233422874227175,1.857142857142857,0.02999342154254437,1.7142857142857142,-0.008282256792635875,1.457142857142857,-0.0005504673785870847,1.4857142857142855,-0.001094969797094759
2025-09-04,2025-09,275,267,-0.005791523614436975,0.012866507036122106,0.05232745146111638,,0.013499407022420779,,-0.04044661146533568,0.01906363221337368,0.04521071950167338,0.05233720896685035,0.02404394024726316,0.14704186924629742,0.0150529506326741,0.030995946971630196,0.06272665527678851,-0.005198262941037901,0.015285086000178192,0.5477209869358275,-0.04474943019532039,0.011487370061745399,0.04695577276749721,-0.056981044978506104,-0.03562593546947593,0.32486836129316576,0.03567410057413231,0.05815426186035552,0.043313689231934425,-0.03403652520123482,0.01574452752254627,0.16296203931172687,-0.06825134877816566,0.02624583731096765,0.038403585948247984,0.09414500447188483,0.0386495139230889,0.16531564057287243,1.4444444444444444,0.009255395925010996,1.5925925925925926,0.015082150731892199,1.7777777777777777,0.02655150252718575,1.8888888888888888,0.006765147839523177,1.7777777777777777,0.053709817415911076,1.8148148148148147,0.02170880027393061,1.259259259259259,0.01035125887427263,1.6666666666666665,0.019877273580596495,1.8148148148148147,0.010748048963141157,1.8148148148148147,-0.04016297250651296,1.4814814814814814,0.012040823818842568,1.5555555555555554,0.034760625034200014
2025-09-05,2025-09,257,245,-0.043642826441046056,0.011928624077278384,0.05141559022551907,,-0.025434078773116896,,0.012095200660573704,-0.01206030072180593,0.04443561758566611,0.03453448782915573,-0.012677540983420901,0.16957952827215195,0.12472116280013436,0.062194309996888165,0.04748490221769541,0.0535473692090479,-0.046676998865695346,0.4700912676441173,-0.00648696950502217,-0.0045320556271126605,0.04612376200611087,-0.011219290109492354,-0.02763125876663599,0.4848422594368458,-0.007222197086236539,-0.0029959257565039463,0.04331781982046804,-0.01944676952312008,-0.02041406813871597,0.18422131209323803,0.07760044339878744,0.04573965252598136,0.0405541393517926,0.019740860555605828,-0.004355589534707674,0.18901548841192078,1.1851851851851851,0.008965661114315421,1.7037037037037035,-0.016319559981065188,1.8148148148148147,0.05765727295985113,1.8148148148148147,-0.009069092664149698,1.6296296296296295,-0.00706999983057802,1.7777777777777777,0.041295208081536916,1.3333333333333333,-0.02876741210645023,1.5925925925925926,-0.016659022464902383,1.8518518518518516,-0.051306628495324975,1.8148148148148147,-0.032168295803673023,1.4074074074074074,-0.023932586657234488,1.4814814814814814,-0.008059293238411378
2025-09-08,2025-09,275,263,0.10991431291653443,0.008563547858248225,0.05888701634381076,,-0.018996114087593566,,0.06977986786301607,0.00712535682853663,0.05347786529400396,-0.09156631372435879,-0.02089481028809107,0.19175281826979837,0.016058384693715722,0.0404826098228982,0.06362805990922564,0.02203534213586267,0.038638374190237156,0.3864351993856522,0.01260379100429878,-0.03232660565949346,0.04922756905574449,-0.055211909639075615,-0.004119361391897933,0.42969829933001447,0.05509304405527827,0.01795671699776849,0.04959504862510661,-0.10265774213092525,-0.032407715800099504,0.20156081228588635,-0.03747093274862237,-0.04441526099207014,0.04366037347593703,-0.06601194426011944,-0.04006763726460412,0.20678070474129456,1.3846153846153846,0.005102009396709764,1.5384615384615383,0.0032792029823827842,1.7692307692307692,0.03605953289982127,1.7307692307692308,-0.03665352873641654,1.5384615384615383,0.014110563151614644,1.7692307692307692,-0.048838337915147065,1.4230769230769231,-0.022553806395285873,1.346153846153846,-0.024260194903475685,1.9230769230769231,0.033830681882544844,1.846153846153846,-0.008734746007282548,1.346153846153846,-0.03577310041548412,1.4230769230769231,-0.04362532957229643
2025-09-09,2025-09,276,262,0.07165822405502205,0.050230195158528126,0.05483934112106498,,-0.03875039385516304,,0.06305903169189937,0.03653343448023218,0.05388615927251183,0.03670096031734707,-0.004527963789967088,0.18556927359448028,0.07736045172897833,0.043184940329021995,0.05015527022906546,0.07924008245919405,0.014079846341605178,0.5517233489797666,0.07809591758108475,0.02614648402546868,0.04425049439554177,-0.05839699775973516,-0.05107756163986249,0.34560778934078723,0.059037399580485435,0.019402610212855755,0.05279102185709612,-0.0337649291534082,-0.030766984122382716,0.1932890465339789,0.07115651888528989,0.07431853410247329,0.05878435721887827,0.0714533183031064,0.02232517131746713,0.19640149326565173,1.5,0.04648019515852812,1.5384615384615385,0.03268728063407833,1.6923076923076925,0.03895417109825276,1.8461538461538463,0.021531099410084065,1.8076923076923077,0.014883379443624986,1.8076923076923077,0.06979930333324251,1.3846153846153846,-0.0422119323167015,1.3461538461538463,-0.007893348405351703,1.9230769230769231,0.00927215403391287,1.9230769230769231,-0.055885253947554794,1.3846153846153846,-0.03422852258392118,1.3846153846153846,0.01886363285592867
2025-09-10,2025-09,251,245,0.11231796623031683,0.011312051557839462,0.05847480683189927,,-0.036587861122050355,,0.025451716941756783,0.0005167042140127587,0.04690307396082129,0.05390627964333144,0.01874509125849448,0.19032682105898857,0.09031756218523247,0.021168159659321062,0.060048386110530635,0.01298203828956789,0.03563935236496783,0.7149089227120082,0.1372232972870423,0.05128831234913788,0.04276386198405907,0.05027281350787327,0.052590758436191445,0.3793165759804348,0.017365964712578258,0.020170922959668835,0.045350776528104084,-0.016915955226712198,0.02609621851765325,0.20179671212099493,0.12486131663820907,0.10536134174988776,0.04929078321873008,0.0735154619616771,0.04553988281229873,0.21930147994620103,1.4615384615384615,0.007658205403993309,1.7692307692307692,-0.003906372709064164,1.7307692307692308,0.016841236582397986,1.7692307692307692,0.046865235426060955,1.7692307692307692,0.015747846036591913,1.6923076923076923,0.10113057251911853,1.5769230769230769,-0.040530168814358045,1.4615384615384615,0.015091245104648328,1.7692307692307692,0.03121627544189091,1.9230769230769231,0.04778306612849914,1.4615384615384615,0.022442372363807098,1.4615384615384615,0.04188603665845258
2025-09-11,2025-09,257,250,-0.004520942674871052,-0.007953935350302395,0.05846155426235286,,-0.025338522531275776,,-0.0043873292009772875,-0.03558667696494323,0.059329683263948746,0.13710368405574155,0.015378340285437197,0.206878614872694,0.06865212379232298,0.08407383645383222,0.05707541432915261,0.0746288204037278,0.05842305921764882,0.4170760136842728,-0.0020554563174883245,-0.036673346007768906,0.054763856252589435,0.07833991267758574,-0.0018700570834030792,0.343089816570282,0.029880638629988236,-0.01228549035247602,0.054792396681691405,0.08664515654691883,0.0008029147218475731,0.22053069904446604,-0.0025294661062676615,-0.03359007825934174,0.0613279682945469,0.11175317844538955,0.005427144839239274,0.24424818098545073,1.48,-0.011653935350302395,1.64,-0.03968667696494323,1.68,0.07987383645383223,1.72,-0.040973346007768904,1.68,-0.01648549035247602,1.64,-0.03769007825934174,1.44,-0.028938522531275775,1.56,0.011478340285437198,1.68,0.05422305921764882,1.8399999999999999,-0.006470057083403079,1.48,-0.002897085278152427,1.48,0.0017271448392392735
2025-09-12,2025-09,297,289,0.00812267423005678,0.002577930450879805,0.0593460728277462,,-0.024526933266942944,,-0.03800475276985344,0.002641983325843915,0.06167856058912649,0.13993233624106108,0.0028685351176732238,0.17944718010980507,-0.033451146970514496,-0.013681357857913155,0.0508526712040378,0.00960736855130611,0.04123575319586961,0.5983030396545755,-0.09549512905217603,0.00701519177922107,0.05827064722871646,-0.04852671463409718,-0.05848959426091484,0.46127379043348904,0.029530292953111745,0.021825895164406896,0.06164785477620194,0.12828401922361654,-0.0003560604941714113,0.20040867362042952,-0.024473833198665414,-0.010526750469400298,0.05449926626282353,0.2393429121617041,0.029116785235990008,0.20979165709738073,1.5172413793103448,-0.0012151729973960573,1.5862068965517242,-0.0013235339155353958,1.8620689655172413,-0.01833653027170626,1.6206896551724137,0.002963467641290036,1.6896551724137931,0.017601757233372414,1.6896551724137931,-0.01475088840043478,1.4482758620689655,-0.028147622922115357,1.4137931034482758,-0.0006659476409474657,1.8620689655172413,0.03658058078207651,1.8275862068965518,-0.06305855977815622,1.4482758620689655,-0.003976750149343825,1.4827586206896552,0.02540988868426587
2025-09-15,2025-09,351,342,-0.052239430863541506,0.059758789876710794,0.05101365516396217,,0.009085870900860164,,-0.005869270026450649,0.039416554023236565,0.05164407840861095,0.03996836774117335,0.018604026865285006,0.1411979053826893,-0.0447013094242242,-0.01969095407702744,0.04444714641436896,-0.07062305301395,-0.04452909643270977,0.5426339362474049,-0.009527278938233939,0.03863382367733276,0.05344801637000649,-0.11534563459773828,-0.07052359352178272,0.619053060627159,-0.04548909739490364,0.031208870010869534,0.04840982135205175,-0.0291441911660695,-0.02007727839583714,0.15814738561782765,0.0270560014330116,0.0360649042568839,0.04876494295761383,0.09791029095281763,-0.0008123584893662827,0.14721957161365185,1.3529411764705883,0.056376436935534326,1.4117647058823528,0.03588714225853068,1.8235294117647058,-0.024249777606439205,1.5588235294117647,0.034736764853803344,1.4411764705882353,0.027605928834398948,1.4705882352941175,0.0323884336686486,1.3529411764705883,0.005703517959683693,1.5,0.014854026865285006,1.9117647058823528,-0.04930850819741565,1.7941176470588236,-0.07500888763942978,1.4411764705882353,-0.02368021957230773,1.4705882352941175,-0.004488829077601576
2025-09-16,2025-09,349,341,-0.03396615241294621,0.029375667557056454,0.054789378842293644,,0.02340226593602583,,-0.04979660394935565,0.03305935645406142,0.05114759391115224,0.08931669654325518,0.03326399026520763,0.15406900074552085,-0.009980431997660763,-0.036482856504482894,0.039567942390489205,-0.000202985138219,0.01572356023286301,0.4639275892473319,-0.008148545457111805,0.05803588867513196,0.04934990963132206,-0.10330176295397124,-0.05762170146253188,0.4296584870008861,-0.02380707722274761,0.02150699013345874,0.05278170570473285,0.03747963922255,0.007334613418601593,0.14494131423313827,0.016862534757999634,0.01759539075123697,0.05553979430432701,0.14711872062331502,0.018394964943949797,0.16863248404115438,1.3529411764705883,0.025993314615879982,1.4411764705882353,0.029456415277590832,1.7941176470588236,-0.040968150622129954,1.6176470588235294,0.053991771028073135,1.4117647058823528,0.01797757836875286,1.5588235294117647,0.01369833192770756,1.1764705882352942,0.020461089465437596,1.3235294117647058,0.029955166735795864,1.6470588235294117,0.011605913174039483,1.7058823529411764,-0.06188640734488482,1.5,0.003584613418601593,1.2941176470588236,0.015159670826302738
2025-09-17,2025-09,310,300,-0.0016178880046081512,0.02518987126841985,0.05931896529547091,,0.014342397012276556,,0.021698389664690548,0.03614450741502169,0.056067107866932864,0.027826344404913078,0.01713517003742642,0.19397049099206926,0.07096701102575635,0.06709294745063814,0.05022019020113791,0.038664680527731365,0.030266042579657867,0.587134558459123,0.007198826210470452,0.02709489874225114,0.0563832540103369,-0.07971195027708321,-0.03808349463460451,0.41452246606349946,-0.059265293955930526,0.014345865164296825,0.05933080112916253,0.038282496981439505,0.015853995719524873,0.19627101241300504,-0.05557232813338664,0.014236214137558226,0.052475765072601786,0.10311805466741455,0.02719011655411914,0.20987664548059304,1.2647058823529411,0.022028106562537498,1.5,0.03239450741502169,1.6470588235294117,0.0629753003918146,1.588235294117647,0.023124310506957024,1.588235294117647,0.010375276929002707,1.6176470588235294,0.010192096490499403,1.2058823529411764,0.011327691129923614,1.2941176470588236,0.013899875919779363,1.7352941176470589,0.02592780728554022,1.8235294117647058,-0.04264231816401627,1.2941176470588236,0.012618701601877814,1.3235294117647058,0.023881293024707376
2025-09-18,2025-09,306,298,0.04264598561163131,0.05666159326095829,0.05411070382622713,,-0.004813588581205775,,0.007780943316612168,0.006234480029569854,0.05151719849436361,-0.0070982758458218555,0.00013575564666374555,0.16034990573922794,-0.075840540183786,-0.0465977815266764,0.04352593005076735,0.0769164885701874,0.002357433627301314,0.5023933544754982,-0.01439444149529305,0.04767382933477152,0.05602225814636368,0.009959615821551561,-0.009745415798537547,0.5572177270116905,-0.013072244436835983,-0.013348474749447971,0.04772387936599462,0.043897403036613804,0.009303988623584525,0.1653293232123057,0.028033551221524546,-0.015008712003901324,0.05027908760770534,0.03237540009863079,-0.0032724579804392327,0.16300305357823772,1.4,0.05316159326095829,1.4666666666666666,0.0025678133629031875,1.9666666666666666,-0.05151444819334307,1.6,0.04367382933477151,1.6333333333333333,-0.017431808082781306,1.7,-0.019258712003901324,1.3333333333333333,-0.008146921914539107,1.3666666666666667,-0.003280911020002921,1.9,-0.0023925663726986858,1.8333333333333333,-0.01432874913187088,1.3666666666666667,0.005887321956917858,1.3666666666666667,-0.0066891246471058995
2025-09-19,2025-09,322,316,0.03231247801843208,-0.01196025294208546,0.061832712333862054,,-0.013802656018268765,,-0.06261051438261739,-0.03009378857872168,0.06407014191852202,0.021378529383908655,0.0029089179056726797,0.19772473198827356,-0.17923450917448383,-0.03499666707108805,0.03825101203951278,-0.058998159229018014,-0.02026039860644685,0.4320462269242853,0.02625567432216797,-0.007116434008871627,0.056132834353012556,-0.1305990434412393,-0.003906835013894258,0.43532854854129255,0.008313503121045677,-0.04497651502718764,0.05727110071485316,-0.040920536396084985,-0.004077058995168928,0.21381336566992104,-0.08549057468107969,-0.047882246891977946,0.063492957300194,0.038068436382444504,0.02347361767148629,0.21612958860350773,1.28125,-0.015163377942085459,1.5,-0.03384378857872168,1.78125,-0.03944979207108805,1.6875,-0.011335184008871627,1.5625,-0.04888276502718764,1.5625,-0.051788496891977946,1.25,-0.016927656018268764,1.375,-0.0005285820943273204,1.8125,-0.02479164860644685,1.78125,-0.008359960013894257,1.40625,-0.0075926839951689275,1.5625,0.01956736767148629
2025-09-22,2025-09,364,357,0.05634154490226751,-0.0010360777197843882,0.06016940959712378,,-0.015213835888838225,,-0.010982542425354395,-0.03078193776181031,0.05744976327242532,-0.013651977763953245,-0.03079612241646361,0.1876649594762259,-0.11605237055276352,-0.02560673436945337,0.0495959151525892,-0.010251304032716197,0.005338501151153934,0.4606178100738261,-0.03297002082413364,-0.03893898251709071,0.05586615415084546,-0.0017454526634917212,-0.013119708971022832,0.5574555417729748,0.03775191419737892,-0.013732076215399815,0.059674808403478635,0.015795289131496748,-0.023105306304994022,0.1950790953511993,-0.04418010657960396,-0.029465918748346795,0.06431431419216196,-0.026502266506984132,-0.018663063647386957,0.18917412279794613,1.3611111111111112,-0.004438855497562166,1.472222222222222,-0.034462493317365867,1.8055555555555556,-0.03012062325834226,1.6111111111111112,-0.042966760294868483,1.5277777777777777,-0.01755152065984426,1.6666666666666665,-0.03363258541501346,1.1944444444444444,-0.018199946999949337,1.1944444444444444,-0.03378223352757472,1.722222222222222,0.0010329455955983792,1.8333333333333333,-0.017703042304356164,1.3611111111111112,-0.0265080840827718,1.3888888888888888,-0.02213528586960918
2025-09-23,2025-09,316,311,-0.0479902187285488,-0.030642160975163882,0.0709547547181997,,-0.018615988608590647,,0.015342753321429998,-0.019551536967636524,0.06430721359908118,-0.07727394595581315,-0.0008634997727669132,0.18521091882740298,-0.03471226976810053,-0.008482939750656785,0.03889403800315571,0.019136731567354157,0.01996815246468938,0.5880862128350043,-0.055067949793022666,-0.02146309430079499,0.06985413191514472,0.0338712652333225,0.023019475911344178,0.6099723527027714,-0.06295723736126244,-0.0334067512335009,0.07376676069439804,-0.03895433188249544,0.0002661763603726934,0.18266500310311395,-0.05553685755738225,-0.03340736201066035,0.0664685926079496,-0.0658471238992742,0.009853177369149771,0.19838666963961815,1.3333333333333333,-0.033975494308497216,1.3611111111111112,-0.022954314745414303,1.861111111111111,-0.013135717528434562,1.5277777777777777,-0.025282538745239436,1.472222222222222,-0.03708730678905645,1.472222222222222,-0.037087917566215906,1.3055555555555556,-0.021879877497479536,1.1111111111111112,-0.003641277550544691,1.8055555555555556,0.01545426357580049,1.6944444444444444,0.018783364800233068,1.4444444444444444,-0.003344934750738417,1.3888888888888888,0.006380955146927549
2025-09-24,2025-09,326,321,0.11375683137947226,0.01768249144242998,0.0563841521137573,,-0.005356036727377722,,0.1525987773699049,0.031001587619490192,0.05403132468333114,-0.057894907289631106,-0.023977648574209608,0.16394599876366556,0.11534241506461859,0.02858632623926381,0.06313901695910296,0.04071699301964287,0.004958631304522246,0.560169976670295,0.10880971509314466,0.028546382694471174,0.05072191936843021,0.006520820889487258,0.014734708851783948,0.33361667999997735,0.07438460218282471,0.036370934030280494,0.05170855843600237,-0.012844733873858137,-0.00933122259152135,0.17600040859542787,0.0737251252235607,0.04118714038744572,0.05954608947996292,0.004359856210470393,-0.00970089332753286,0.17657014593714848,1.28125,0.01447936644242998,1.375,0.027564087619490193,1.875,0.023898826239263808,1.5625,0.024640132694471174,1.46875,0.032699059030280496,1.65625,0.037046515387445716,1.125,-0.008168536727377721,1.25,-0.027102648574209607,1.9375,0.0001148813045222458,1.6875,0.010515958851783948,1.4375,-0.012924972591521349,1.25,-0.01282589332753286
2025-09-25,2025-09,351,343,0.05042651792651793,0.02318085527800983,0.061438976438606394,,-0.3134158582470021,,0.05640886890886891,0.031170651876771833,0.054684958316028785,-0.04547286047286047,0.006468129441139964,0.16381003581644857,0.020153100853168255,-0.28391288489138294,0.04375996223903829,0.1153023218511952,0.0599229420977403,0.453118638957248,0.03478798978798979,0.3047180613094194,0.056769667517932984,-0.006712176712176712,-0.025583960685614734,0.47391672016066666,0.09023143523143523,0.037953620188349295,0.059560282029529565,-0.06415306915306915,-0.01855888792402801,0.17877052083392353,0.09214785214785215,0.0409750198792454,0.060972048417300265,0.02566017316017316,-0.012921016449264827,0.17690662511021776,1.1470588235294117,0.0203132082191863,1.5,0.027420651876771833,1.7352941176470589,-0.2882511201855006,1.6176470588235294,0.3006739436623606,1.411764705882353,0.03442420842364341,1.5588235294117647,0.03707796105571599,1.3529411764705883,-0.3167982111881785,1.2058823529411764,0.0034534235587870233,1.7058823529411764,0.05565823621538736,1.7352941176470589,-0.02992219597973238,1.2058823529411764,-0.02157359380638095,1.2647058823529411,-0.01608278115514718
2025-09-26,2025-09,333,328,-0.013099167994197213,0.00874195652135423,0.06089854589596312,,-0.44874975479341767,,0.008535842674793688,0.0008088448474100132,0.061642807945974445,-0.058309626270090884,-0.020779644035344186,0.1822686999697577,0.020835157982272378,-0.44273051384413903,0.037541312696169185,0.0008139203289051289,0.005672402806378894,0.5348322046074001,0.020742138382152924,-0.012346069690420666,0.059334693178950605,-0.08913563299971207,-0.03791862998757506,0.4005683206699111,-0.03051955353376607,-0.015552003444574115,0.05475457812548498,-0.06013047171693734,-0.5038690516459612,0.19056123009685313,-0.11663810119909969,-0.4893557781539094,0.05568455096474814,-0.08021794249339159,-0.485040991355389,0.197644486910466,1.1470588235294117,0.0058743094625307,1.411764705882353,-0.0027205669172958693,1.8529411764705883,-0.4473628667853155,1.6470588235294117,-0.016463716749244194,1.6470588235294117,-0.019669650503397643,1.5882352941176472,-0.4933263663892035,1.2647058823529411,-0.45191151949930003,1.1764705882352942,-0.02372082050593242,1.7941176470588236,0.0011871086887318355,1.7058823529411764,-0.042183335869928,1.2647058823529411,-0.5070308163518435,1.3823529411764706,-0.48849687370833017
2025-09-29,2025-09,351,342,0.0973054723054723,0.00987627507179728,0.06098861128437073,,0.02002167838060329,,-0.00018842268842268842,-0.03910189215246364,0.05526354349069405,-0.0010336885336885337,0.011829819643060107,0.16831745492184863,0.012565259491900217,0.0218620336858738,0.044810216641515146,-0.08942037453383436,-0.033583775110771666,0.5500750006998287,0.04891996891996892,-0.026201518798844466,0.05960007183416012,0.0008053058053058053,-0.019424034948830736,0.4494212224312565,0.06535381285381285,-0.00906032572007151,0.05172453734831656,-0.09146298146298146,-0.04818616678800484,0.17571126883301663,0.05142122123856859,0.0038640969550403706,0.049885547265583814,-0.05295815295815296,0.013384601832126267,0.18877383639269016,1.2058823529411764,0.006861569189444339,1.411764705882353,-0.04263130391716952,1.7941176470588236,0.017376739568226742,1.5882352941176472,-0.030172107034138584,1.5,-0.01281032572007151,1.3529411764705883,0.0004817440138638997,1.3823529411764706,0.016565796027662113,1.3529411764705883,0.008447466701883635,1.8235294117647058,-0.038142598640183434,1.7058823529411764,-0.023688740831183677,1.411764705882353,-0.05171557855271072,1.3529411764705883,0.010002248890949795
2025-09-30,2025-09,325,322,0.053963260098229424,0.03368815939791829,0.06266125779800508,,-0.011747326819845718,,0.01701221750301505,-0.029841114054515394,0.05439491667947596,0.018665687868141857,0.02801118791921787,0.24118828802602366,-0.03841727309954672,-0.03383406604509727,0.041821672783974015,-0.07785741273735938,-0.11172368840305928,0.572513438295573,0.021109887612955097,0.043009231883169276,0.055700521777411235,-0.03452537010819219,-0.02016376488853669,0.4021875476464629,0.09930505304738434,0.017438646495649163,0.055660388057056955,-0.07213011028961949,-0.00987720496097097,0.2522084956872277,0.05970880743886879,0.006108213525485434,0.0513286818828825,-0.03835701676192474,-0.004863268952297842,0.22677845836733468,1.2647058823529411,0.030526394692035937,1.5588235294117647,-0.03373817287804481,1.7647058823529411,-0.03824583075097962,1.7058823529411764,0.038744526000816334,1.5588235294117647,0.013541587672119751,1.5294117647058822,0.0022846841137207285,1.411764705882353,-0.0152767385845516,1.4411764705882353,0.024408246742747282,1.6470588235294117,-0.11584133546188281,1.7058823529411764,-0.02442847077088963,1.5294117647058822,-0.013700734372735675,1.4411764705882353,-0.00846621012876843
2025-10-01,2025-10,345,334,0.08940454829716477,-0.0031204950535746595,0.05916446891593323,0.03755267479850611,0.04204784213497417,0.4326388052467144,0.08009871593306721,0.023215517029503974,0.05247972761218089,0.09499757447529764,-0.01587463087767863,0.2665540006463275,0.02719023807958761,0.032415471228264006,0.051558555026205224,0.05272043749500457,0.04045466638424214,0.6473029224258481,0.12491276878028253,0.03362696621704549,0.05089631983386357,-0.031596404378802664,-0.019185050505659867,0.35129972377961327,0.11721391958947264,0.024289534940955412,0.060421164765428276,0.06280618596468669,-0.08240993511614444,0.24824806443895353,0.1130022735641186,0.024654825896043328,0.042302636308319805,0.1551175648900916,-0.031449871023415024,0.2005570155540199,1.4545454545454546,-0.006756858689938297,1.5454545454545454,0.01935188066586761,1.9090909090909092,0.027642743955536734,1.6666666666666667,0.02946029955037882,1.5757575757575757,0.020350141001561475,1.6666666666666667,0.020488159229376662,1.8484848484848486,0.03742663001376205,1.5454545454545454,-0.019738267241314993,1.9393939393939394,0.035606181535757286,1.878787878787879,-0.023882020202629563,1.696969696969697,-0.08665235935856869,1.7272727272727273,-0.03576805284159684
2025-10-02,2025-10,347,343,0.04389973226476665,-0.03293471457034797,0.06032703899668397,0.049491096266928755,0.04262467172119984,0.42750850078814173,0.02790196329597524,-0.019673212527540847,0.054398110668811464,0.16526547490693028,0.06523032326311015,0.22123617054346728,0.08012708574598065,0.05346822449205108,0.0549866346515563,0.11034383919271695,0.04491224544102266,0.6472169417230522,0.014168254447845625,-0.005853086681921714,0.05303638461199245,-0.05911715728482812,-0.008686811504302252,0.2877122069544652,0.015606591766667682,-0.005212896339708922,0.05629124915719735,0.09347296999998277,0.030789633067508974,0.19381374876727075,-0.03168018362926281,-0.038642661263910284,0.047033560224245374,0.17805771615699706,0.04809175172301084,0.1703203626744011,1.3529411764705883,-0.036317067511524435,1.6176470588235294,-0.02371733017459967,1.7647058823529411,0.04905645978616873,1.5,-0.009603086681921714,1.6764705882352942,-0.009404072810297159,1.5882352941176472,-0.042613249499204406,1.0882352941176472,0.03990408348590572,1.3529411764705883,0.06184797032193368,1.6470588235294117,0.04079459838219913,1.7352941176470589,-0.013025046798419898,1.6764705882352942,0.026598456596920738,1.4411764705882353,0.044488810546540254
2025-10-03,2025-10,353,346,0.07238827876401699,0.022534772407900396,0.05999020917517382,0.0416512983583373,0.018631443028269,0.354999041557312,0.10876806549190954,0.0026236811601141885,0.056270559483562875,0.2403706181224547,0.0656983734571758,0.1511182030396802,0.12465850332461637,0.026226239131192288,0.05766863568305114,0.03948498451946884,0.019149856981382992,0.6285955829279763,0.13573864669477556,0.03443956222132988,0.052901366706068896,-0.08756280090965836,-0.024695037662159705,0.30961135109620436,0.03872077111441878,0.01844144711547314,0.054836420331647415,0.2381221163961117,0.05455751174655271,0.1580538860921349,0.04245581565886939,0.0030597930930039846,0.04802320741281321,0.23469616581622632,0.05779954741483655,0.13229713844401497,1.4285714285714286,0.018963343836471823,1.657142857142857,-0.001519175982742954,1.8,0.021726239131192288,1.7714285714285714,0.03001099079275845,1.6285714285714286,0.01437001854404457,1.542857142857143,-0.000797349764138873,1.0857142857142856,0.015917157313983285,1.4857142857142858,0.06198408774289009,1.8285714285714285,0.01457842840995442,1.7142857142857142,-0.02898075194787399,1.8,0.050057511746552714,1.542857142857143,0.05394240455769369
2025-10-06,2025-10,381,378,0.05132387178524701,0.022354218596138082,0.058799466537836784,-0.021916625260640987,0.009570219056526486,0.36705009639263153,-0.06776991123560644,-0.03367053728924527,0.05583678120158541,0.014630177290114845,0.019688186549407235,0.2647626642137766,0.10368540920662238,0.02753041670312988,0.07364669776985122,0.004096339598233424,-0.008866933228910382,0.8183322509652691,0.03483660712154712,-0.0086308365088368,0.05451820815670563,-0.014152832714593508,-0.02521853323760885,0.34784522397737755,-0.01584306646155315,-0.008024958866222193,0.05533628834292733,0.03376127997778178,0.03217885961875812,0.24323879197043807,0.0124450240082624,0.0024091483662405586,0.050043615263541695,0.008656426902272377,0.03184911623122089,0.23822509811112758,1.3421052631578947,0.018998955438243346,1.4736842105263157,-0.03735474781556106,1.7894736842105263,0.023056732492603565,1.6052631578947367,-0.012643994403573642,1.5789473684210527,-0.011972327287274825,1.5,-0.0013408516337594413,0.7368421052631579,0.007728113793368591,1.5,0.015938186549407235,1.657894736842105,-0.013011670071015644,1.763157894736842,-0.029626427974450954,1.7894736842105263,0.0277051754082318,1.394736842105263,0.028362274125957737
2025-10-07,2025-10,342,336,0.029335562858309818,-0.01371487336713137,0.06042502501232038,-0.06628021967060808,-0.011126936215153784,0.36544765707324534,0.03516646664839728,-0.017572343644033046,0.059290706551299664,0.1304264611495823,0.043418509163254945,0.13751689147423296,0.11732405312017238,0.06035266375439565,0.05314144847433791,-0.003430585762663678,-0.025888835330893215,0.6856596838025486,0.12649059359152565,0.0047419551736187365,0.05246934050933239,0.04193694196717357,-0.005119786000478299,0.23976887740633068,0.07471173595008528,-0.022700159870882537,0.05249093313045175,0.1744013813935161,0.03743764926224274,0.13024870393907323,0.07828911557126103,-0.033291041326067874,0.04791097153457445,0.17649171105392303,0.022584372264645432,0.12546526832396493,1.3421052631578947,-0.017070136525026106,1.6578947368421053,-0.02171708048613831,1.6578947368421053,0.05620792691229039,1.7105263157894737,0.00046563938414505204,1.6842105263157894,-0.02691068618667201,1.6578947368421053,-0.03743577816817314,0.9210526315789473,-0.013429567794101153,1.6052631578947367,0.0394053512685181,1.631578947368421,-0.029967782699314268,1.631578947368421,-0.009198733368899353,1.6578947368421053,0.033292912420137474,1.4210526315789473,0.019031740685698063
2025-10-08,2025-10,314,306,0.04708336846062981,-0.04273070540053455,0.06474261310333368,0.03644924565947744,0.003035749384023522,0.3729074251267218,-0.009712188735814628,-0.036957894375139584,0.06215460053672582,0.11829652477176948,0.08667113758385492,0.14762496419491306,0.07122800653596523,0.05779410205049891,0.056631530870559374,-0.05429020263658755,-0.06270253564390013,0.7624261441730684,0.05343903500229175,0.036755903556702635,0.05901126518264521,-0.10395140901642601,-0.0007962149462333937,0.21934472204696748,0.010568810255426319,0.025679706199586982,0.05485772484642991,0.04703065329019217,0.03755709145825504,0.1326777984898898,0.01086959681615875,0.013079315698953792,0.04926844667632657,0.13300211926613506,0.05512307036715115,0.12037336303582115,1.2941176470588236,-0.04596599951818161,1.5294117647058822,-0.04078142378690429,1.5588235294117647,0.0538970432269695,1.6764705882352942,0.0325647270861144,1.588235294117647,0.021709117964292864,1.6470588235294117,0.008961668640130264,1.088235294117647,0.00031516114872940466,1.3823529411764706,0.08321525523091375,1.6470588235294117,-0.06682018270272366,1.8235294117647058,-0.005355038475645158,1.6176470588235294,0.033512973811196216,1.3235294117647058,0.051814246837739386
2025-10-09,2025-10,391,385,0.025991399904443383,-0.050353875436918015,0.05883580868119817,0.06926851007961714,-0.0045923296581432925,0.3993426182944524,0.06254833350806888,-0.047743462792876265,0.0510569984052733,0.10386020628987382,0.04935472829281224,0.17676915267580434,0.08240662517944256,0.03974037369670874,0.05654413133952088,0.043072111522205456,0.022867623172867356,0.6585137648017783,0.024657220747830905,-0.02841534507097116,0.05111403744607053,-0.030782480216166735,0.003013120720168308,0.29467883706092834,0.025560993628220518,-0.017152542460751367,0.05148257406273221,0.03144334656939699,0.04851079050009256,0.17511274837153523,0.005349865967283206,-0.06623293651398714,0.04722213088728175,0.09408211445113163,0.09910537281889295,0.1622889470309019,1.236842105263158,-0.05344598070007591,1.4473684210526314,-0.05136188384550784,1.631578947368421,0.03566142632828769,1.6578947368421053,-0.032560081913076425,1.5,-0.020902542460751367,1.5789473684210527,-0.07018030493503977,1.026315789473684,-0.007158119131827503,1.3421052631578947,0.045999465134917504,1.7105263157894737,0.018591307383393672,1.8684210526315788,-0.0016579319114106384,1.5526315789473684,0.04462921155272414,1.394736842105263,0.09561853071362979
2025-10-10,2025-10,348,331,-0.03735976243647827,0.020213821008299538,0.057408961607294584,0.041834437314261126,-0.0037014915732327368,0.46963806721297174,-0.045365202092148976,0.022229734662891618,0.04867646489084349,-0.08748153111045115,-0.03384017626746907,0.21226686487595242,-0.012599304089466922,-0.017639304336141543,0.06040414243962423,-0.002873625403880405,-0.00033534322702143127,0.683864682235501,-0.04013055856983525,0.0029076971309611767,0.05242566995209974,0.07270357208042057,0.018912481609143918,0.3910850916396488,-0.0453298944443701,0.009692176187869793,0.04656853681296682,-0.08148777316089154,-0.03699978973877086,0.21356618630163599,-0.11019204443183078,0.003965675336542395,0.04689384720666148,-0.10510802004677125,-0.024370681885408047,0.18794509836218573,1.0789473684210527,0.017516452587246906,1.4736842105263157,0.018545524136575828,1.6578947368421053,-0.021784041178246807,1.5526315789473684,-0.0009738818164072446,1.6578947368421053,0.00554743934576453,1.4473684210526316,0.00034725428391081583,0.9473684210526316,-0.0060699126258643155,1.4736842105263157,-0.03752438679378486,1.736842105263158,-0.004677448490179327,1.7894736842105263,0.014438797398617602,1.6842105263157894,-0.04121031605456034,1.5,-0.028120681885408047
2025-10-13,2025-10,420,409,-0.06711667461671714,-0.028655347241911204,0.06308144009525546,0.03313656620988295,0.0023707948724399665,0.3696139602036011,-0.050241295504590645,-0.029694152692204094,0.05474020696610119,-0.10468442888808084,-0.04263045032731091,0.16059398978221706,-0.004002537376141311,0.016076864921842144,0.06470486154746323,-0.06902747078360165,-0.02279995873134791,0.7032897526898035,-0.0659845010459243,-0.028445045608505592,0.05533942223788075,0.12639932361132594,0.05146282254693693,0.24031967388057127,-0.06967337845290668,-0.03226020839896636,0.05940666330598217,-0.11175719331094361,-0.03169240882134459,0.160773430746503,-0.013670307492834832,-0.029654313699113005,0.051307328421211496,-0.12457828964044985,-0.02600754965701388,0.15410523993394723,1.4146341463414636,-0.032191932607764866,1.6341463414634148,-0.03377951854586263,1.7560975609756098,0.01168662101940312,1.7317073170731707,-0.03277431390118852,1.7073170731707317,-0.036528501081893185,1.5365853658536586,-0.033495777113747155,0.951219512195122,-7.253908047838344e-06,1.6097560975609757,-0.04665484057121335,1.7804878048780488,-0.027251178243543034,1.7317073170731707,0.04713355425425401,1.853658536585366,-0.036326555162808,1.6341463414634148,-0.030092915510672415
2025-10-14,2025-10,363,350,0.017003338198717403,0.08781037346050109,0.07335757304178649,-0.06032139633345058,0.05724979991631916,0.38849169101033887,0.06758986869484107,0.08962448629093739,0.06863808935554093,-0.06383571225359272,0.0461912073202826,0.21489863065736634,-0.15873062270928312,-0.03907624708400765,0.048975730243317896,-0.13715326531843827,0.0021624981815759163,0.6330313405820301,-0.036836342963917044,0.04237662018885784,0.06321845556334366,0.07438041616846237,0.04244645311839004,0.28096501603722573,-0.03676609678618719,0.05497449073202756,0.06772705955732314,-0.07142656439492201,0.03894433623636714,0.22117590462522846,-0.056173488501295936,0.05795040721578136,0.053294729660134293,-0.1257662478154693,0.03236343817030546,0.2125688602881772,1.2195121951219512,0.08476159297269621,1.4878048780487805,0.08590497409581543,1.5609756097560976,-0.04297868610839789,1.6585365853658536,0.03823027872544321,1.6829268292682926,0.05076717365885683,1.6097560975609757,0.05392601697187892,0.8536585365853658,0.05511565357485575,1.4146341463414633,0.042654621954428935,1.7560975609756098,-0.0022277457208631085,1.6097560975609757,0.0384220628744876,1.6585365853658536,0.034797994772952506,1.5853658536585367,0.028400023536159117
2025-10-15,2025-10,392,383,0.013287558634472707,0.1273046560838206,0.06651844071258224,0.00844360312993435,0.13039264082393742,0.35997022629568454,0.0030707271292187634,0.12277101494394754,0.05806319435734307,-0.09307387076968192,0.10028555453195498,0.2003598490631894,-0.18946021496044868,-0.06772149065486718,0.04924543769656815,-0.18721104004798284,0.04617843487420187,0.6831690278884611,-0.02098210674910522,0.11958233227410384,0.054544198850075366,0.15639073418946073,0.06060873522174856,0.3067114157112021,0.03969991581099748,0.16364935179384513,0.059187573289080246,-0.10947917168858914,0.10638272874695967,0.1899756177475578,0.009528537601565685,0.12372341331418424,0.050343600359157095,-0.22203823447732893,0.03454049164287204,0.17993969695740625,1.3421052631578947,0.12394939292592587,1.5,0.11902101494394754,1.7105263157894737,-0.07199780644434087,1.7105263157894737,0.11530601648463015,1.5526315789473684,0.1597677728464767,1.5789473684210527,0.11977604489313161,1.0,0.12789264082393742,1.5526315789473684,0.09640397558458656,1.7368421052631577,0.04183632961104397,1.4736842105263157,0.05692452469543277,1.5526315789473684,0.10250114979959125,1.5526315789473684,0.03065891269550362
2025-10-16,2025-10,373,365,-0.0470986425908566,0.010206028318204358,0.06892421046520669,-0.015698930897510545,-0.005585307106375864,0.3638196864889728,-0.005006287341931969,0.0074003062768715905,0.06312627255121596,-0.09845736978681309,-0.025689676983040005,0.16378998901281092,-0.22267130366882368,-0.0863461983276062,0.05692210785146044,-0.2160532074762623,-0.08107126729923703,0.6616478382299344,-0.10938888146360255,-0.025819699295302756,0.060851687731129096,0.24425109409924056,0.11879115073251512,0.2623520700467957,-0.07550891859106194,-0.026716368379434335,0.06175647068369276,-0.14061840251105198,-0.09084809597535128,0.157573989023351,-0.009748155405573772,0.025407798547270072,0.05735283538129833,-0.2506094258794301,-0.12651401484412736,0.13312928839069274,1.1578947368421053,0.007311291476099094,1.4736842105263157,0.0037160957505558015,1.6052631578947367,-0.09035935622234305,1.5,-0.029569699295302756,1.526315789473684,-0.030532157853118545,1.3684210526315788,0.021986745915691126,0.9473684210526315,-0.007953728159007443,1.4210526315789473,-0.029242308561987375,1.5789473684210527,-0.08501863572028966,1.631578947368421,0.11471220336409406,1.6052631578947367,-0.09486125387008812,1.3684210526315788,-0.1299350674757063
2025-10-17,2025-10,389,379,-0.0030224514260345212,0.007188442220947666,0.05668653190977346,0.05621645489952971,0.001043472330829496,0.34828915956773254,0.07320831557401894,0.01681497580324441,0.05022755697352049,0.00141653202035619,-0.017549920787226683,0.14884112618471446,-0.14278499676513703,-0.056250299136742996,0.05841738252372114,-0.05645113407374958,-0.02927153656046693,0.6420699279559287,-6.207584689955608e-05,0.04475007907878168,0.048573568927396234,0.1666932111400761,0.035382158271825365,0.27088815562034907,0.05684434849134047,0.018083366640842875,0.049049586016680746,-0.01801086266106913,-0.017157761796005776,0.13051674642453068,0.02861859485466688,0.004420927414876055,0.047833111214787304,-0.16904669087080965,-0.06808287257885881,0.11822314776088064,1.2368421052631577,0.004096336957789772,1.5,0.013064975803244411,1.7105263157894737,-0.06052661492621668,1.8157894736842104,0.04021060539457116,1.657894736842105,0.013938629798737612,1.657894736842105,0.00027619057277079254,0.6842105263157894,-0.0006670539849599774,1.4473684210526314,-0.021168341839858263,1.631578947368421,-0.03335048392888798,1.631578947368421,0.031303210903404315,1.7368421052631577,-0.02149986705916367,1.4473684210526314,-0.07170129363149039
2025-10-20,2025-10,423,411,0.033403031323507124,0.040738819012148715,0.06001291726729222,0.05232613078488562,0.022143651540649643,0.3819125261975498,0.022916147419810844,0.04370507453181345,0.054603603765060016,0.0743827859282358,0.03171833849987339,0.20689098268929051,-0.03211763987980171,-0.017040785646599412,0.044372337601235594,0.008213865397596701,-0.013738695918994459,0.6004969215974575,-0.01869320390689262,0.026057828860395805,0.056170491816648196,0.06616140380250418,-0.015894430412278,0.2928565969554389,0.03469551998569257,0.04398975173477984,0.05480992531115697,0.1004630889210637,0.05296948200816623,0.20674006518249105,0.11575399717022354,0.04687677651561757,0.04515382266561763,0.022259914523247354,0.03727928895948743,0.19797251995925497,1.2682926829268293,0.03756808730483164,1.4390243902439024,0.04010751355620369,1.6341463414634145,-0.02112615150025795,1.6585365853658536,0.02191148739698117,1.6097560975609755,0.0399653614908774,1.6829268292682926,0.04266945944244684,0.975609756097561,0.019704627150405742,1.4390243902439024,0.028120777524263636,1.829268292682927,-0.018311866650701777,1.6585365853658536,-0.020040771875692635,1.6097560975609755,0.04894509176426379,1.4390243902439024,0.03368172798387767
2025-10-21,2025-10,372,358,-0.018746708818652674,0.012931485879639795,0.06312124609547412,0.052349335283352214,0.018439567410347718,0.34888473111722207,0.03522528522406141,0.023828940746809486,0.05732260091954908,0.1265515319451182,0.014691923579850606,0.151348989456892,-0.07411327181435627,-0.018550783441268252,0.051463195084122476,-0.012296070319261497,0.01825925479350024,0.6438555456697941,-0.017049222669295806,0.0001653004396708277,0.05516375182999135,0.10191537138745133,0.023484098324428816,0.23081277678203252,-0.037217651897853386,-0.01051372538667476,0.0495681658063514,0.07006104842730776,0.005758259650424785,0.1238680408957104,-0.048189771585312666,0.010689519107131118,0.046174655231988576,0.08736225990839355,0.03621210102013627,0.1169058927334845,1.2195121951219512,0.009882705391834917,1.5609756097560976,0.01992650172241924,1.7560975609756098,-0.022941027343707277,1.6097560975609755,-0.0038590898042316114,1.6829268292682926,-0.014721042459845492,1.5609756097560976,0.006787080082740874,0.9024390243902438,0.01618346984937211,1.2682926829268293,0.011521191872533533,1.8048780487804879,0.01374705967154902,1.8536585365853657,0.0188499519829654,1.7073170731707317,0.0014899669674979564,1.4878048780487805,0.032492588825014324
2025-10-22,2025-10,418,402,0.05917410160667985,0.016653604071247982,0.0563087504630735,0.17122328447321963,0.04384678893163193,0.31757136769592764,0.058534456193367126,0.0357796438943145,0.053323518465996894,0.21122782262023113,0.052229727061473344,0.15376105578616261,0.059691302886388395,0.051269148465473445,0.060852142185112326,0.04695827557758736,0.017214671080153426,0.7419421028345823,-0.009362762883821674,0.025697853430611366,0.04790729909092795,0.1463508869966068,0.021164681234014063,0.2199678935110569,-0.0034165084634103903,0.00804714668538315,0.05392852083535416,0.12577116254034035,0.05658713592320043,0.14337324453517794,0.01983911266574321,0.04007369872153261,0.04533152705874714,0.17593674657743288,0.04554181313002124,0.13412051452323795,1.375,0.013216104071247983,1.6,0.031779643894314494,1.775,0.04683164846547345,1.7,0.021447853430611365,1.6,0.004047146685383149,1.8,0.03557369872153261,1.05,0.04122178893163193,1.45,0.04860472706147334,1.775,0.012777171080153426,1.8,0.016664681234014062,1.75,0.052212135923200426,1.525,0.041729313130021234
2025-10-23,2025-10,484,467,-0.05398143827111055,-0.026833436892622558,0.05926335874090359,0.08171133703100615,0.06176679013336371,0.32708064149668875,-0.02887476404448003,-0.03963706186226239,0.055700532637782796,0.11541882997813889,0.022369944158350977,0.16461210721667777,0.12767543612808718,0.043889781209495826,0.0622911923859813,0.0822696512074143,0.00938342756842897,0.7465873252838215,-0.10237000683192769,-0.07772767990611129,0.04910537961640726,0.1067338675749091,0.025581269358376763,0.21340268755212743,-0.06802811303850381,-0.047106978753840796,0.05277615451500109,0.12068338328066945,0.031467113945644165,0.16221908836605703,-0.0626826472392251,0.002855250206561407,0.047672175536224354,0.0323393081389903,-0.010006530709040463,0.15245912901740125,1.4680851063829787,-0.030503649658580004,1.5957446808510638,-0.043626423564390046,1.8297872340425532,0.03931531312438944,1.702127659574468,-0.08198299905504747,1.6808510638297873,-0.05130910641341527,1.702127659574468,-0.0014000689423747633,1.0,0.05926679013336371,1.3617021276595744,0.018965688839202043,1.8297872340425532,0.0048089594833225875,1.8085106382978724,0.021059992762632082,1.6808510638297873,0.027264986286069697,1.4680851063829787,-0.01367674347499791
2025-10-24,2025-10,395,387,-0.014372082970682213,-0.0020897932990426617,0.05516334965672759,0.049025953163972825,0.02053107774725174,0.3920723498822787,-0.00942211422196001,-0.007118297273374357,0.05392466892462673,-0.027743930339830872,-0.030924191739580678,0.17496800050139427,0.08329673590242494,0.012231143779448487,0.04819083807499314,0.037533422267920266,-0.01900312128306233,0.6302141734422781,-0.032606281857930665,-0.04271746654778437,0.0504327915399303,0.0014360010825987823,-0.026590405152225195,0.2351817863109784,-0.05097385212401597,-0.015303847521238655,0.053346726160172525,-0.06481184004797703,-0.0331550345917595,0.16280815597528067,-0.005155389920538028,-0.01234833202720799,0.04347336404635238,-0.08317084615998707,-0.034050726448749125,0.1446701924388225,1.2553191489361701,-0.005228091171383087,1.4680851063829787,-0.010788510039331803,1.851063829787234,0.007603484204980402,1.7234042553191489,-0.04702597718608224,1.702127659574468,-0.019559166670174825,1.6382978723404256,-0.016444076708059054,1.0851063829787233,0.017818311789804933,1.297872340425532,-0.03416887259064451,1.7659574468085106,-0.023418014900083606,1.8297872340425532,-0.031164873237331577,1.5319148936170213,-0.03698482182580205,1.425531914893617,-0.037614556235983164
2025-10-27,2025-10,446,433,-0.034076591968830006,-0.01029747476491421,0.054730150170274966,0.0037250739972873015,0.005507313381119327,0.4934943643246973,-0.003533406397869879,-0.019777379428257826,0.04791605634490302,0.041061705943082026,-0.014165208617545411,0.12865221712651642,-0.02283238881503797,-0.03283575682035818,0.06613739838120838,-0.06582300174702149,-0.03375767423369924,0.6647563431152077,0.015097915668891041,0.004011450590547538,0.04472128968562661,-0.015552736825980495,0.03850070010160338,0.239566175223783,-0.013256377732607467,-0.029598774514422353,0.043028008745243124,0.0074802440008345725,-0.006431222237546764,0.1242319169172714,0.038467227309048446,0.012066344800486559,0.039271830201006164,-0.005568843261690185,0.0014306259810602275,0.10591020231503387,1.4186046511627906,-0.013843986392821184,1.5581395348837208,-0.023672728265467128,1.697674418604651,-0.0370799428668698,1.8604651162790697,-0.0006397122001501367,1.7674418604651163,-0.03401737916558514,1.6744186046511627,0.007880298288858653,1.1395348837209303,0.0026584761718170015,1.2790697674418605,-0.01736288303615006,1.8604651162790697,-0.038408837024396916,1.7674418604651163,0.03408209545044059,1.627906976744186,-0.010500989679407229,1.4186046511627906,-0.0021158856468467485
2025-10-28,2025-10,454,438,0.09034418042791004,-0.01938067842523762,0.05189985036056949,0.009815122882194096,-0.017915853798995816,0.31301837964830076,0.08810527804021984,-0.017848792773930162,0.048398690959573276,0.1168029566489175,0.04237947674880427,0.1506461576473984,-0.017677313671396556,-0.015048773167137337,0.05850038611132491,0.009430676535774176,-0.008237103186009207,0.6058009906925939,0.09643059918754991,0.022676029495288307,0.0433108234745225,0.008619049649478216,-0.027155362185222603,0.27124483206055383,0.07344744994480969,-0.02845226238571457,0.050761878955759676,0.09340585603969213,0.04936807826782412,0.13903232926333492,0.12147157915457359,0.039044304212782224,0.0376565366911128,0.13182087626758981,0.06034743515300859,0.12569825414737518,1.1818181818181819,-0.022335223879783074,1.5909090909090908,-0.02182606550120289,1.75,-0.019423773167137337,1.7272727272727273,0.01835784767710649,1.5909090909090908,-0.032429535112987296,1.6136363636363635,0.035010213303691314,0.9772727272727273,-0.020359035617177633,1.4772727272727273,0.03868629493062245,1.7954545454545454,-0.01272573954964557,1.7045454545454546,-0.03141672582158624,1.7045454545454546,0.04510671463146048,1.4318181818181819,0.056767889698463136
2025-10-29,2025-10,524,507,0.021273209880919366,0.01609391271062141,0.04299931760470456,-0.09179121376339422,-0.013272251156947079,0.3117360338276508,0.009403846193944423,0.004348132031867902,0.04096667161777715,-0.12886167857323594,-0.026374882773205467,0.1343691552824834,-0.11269297319411396,-0.04616928678112661,0.0557069206300331,-0.0689421318178118,-0.00497565014675037,0.6949195961157482,-0.015580984955534718,0.002032732637554418,0.04009351163339117,0.02997971187949732,0.04063097641411762,0.25503766412536305,0.03897571055336735,0.022182357710082246,0.03687591716130019,-0.13264735993794713,-0.027954649436016152,0.12795850510398546,0.03740929250131883,0.009865121208275082,0.03402130116243109,-0.11911566313796547,-0.014576322137082438,0.10578107581857371,1.392156862745098,0.012613520553758665,1.5882352941176472,0.00037754379657378365,1.803921568627451,-0.05067909070269524,1.8823529411764706,-0.002673149715386758,1.803921568627451,0.01767255378851362,1.7450980392156863,0.005502376110235867,0.8627450980392157,-0.015429113902045119,1.4509803921568627,-0.030002333753597624,1.8235294117647058,-0.009534473676162135,1.8823529411764706,0.035925094061176444,1.6470588235294117,-0.03207229649483968,1.607843137254902,-0.018595929980219694
2025-10-30,2025-10,578,563,-0.049075749746087485,-0.01957950750953758,0.04733848098709382,-0.07936913549247811,-0.016743079014221316,0.3053667775820941,-0.013237505666365341,-0.019289966942805915,0.04767182123643556,-0.08212640152918922,0.01220455389028479,0.1416942825141762,-0.03754601274491553,-0.024577137561828413,0.051012657714424425,-0.07405304817099273,-0.027376361920014372,0.5604029473449502,-0.015222322564030675,0.0018770708689638295,0.044262923422926495,-0.043442522679987515,-0.023987472320902915,0.24866120969610556,0.03330982323177319,0.017151546886586037,0.045687554227501204,-0.0420723101702748,0.02670595212697416,0.12744388373435608,-0.029637238583988625,-0.028945282531338604,0.042102046470407814,-0.08138813110352879,0.020198648212927005,0.12871261968809578,1.375,-0.02301700750953758,1.625,-0.023352466942805915,1.8392857142857142,-0.029175351847542698,1.8214285714285714,-0.002676500559607599,1.8035714285714286,0.012642618315157466,1.6785714285714286,-0.033141711102767174,0.9464285714285714,-0.019109150442792745,1.3035714285714286,0.008945625318856218,1.6785714285714286,-0.031572790491442945,1.9107142857142856,-0.028764258035188627,1.7142857142857142,0.022420237841259873,1.4642857142857142,0.01653793392721272
2025-10-31,2025-10,426,419,0.0039022175482984695,0.0031762448574773616,0.052056967420304724,-0.0706367423441323,-0.02070207571705701,0.32257691486960366,-0.07594411211725512,0.017164132480888935,0.04533646352454253,-0.22710682610610627,-0.046071939924815244,0.2066274240967773,-0.04918520168161103,-0.007082542492472723,0.05805836038913807,-0.018501319998806217,0.017768033099024288,0.64597007277466,-0.0033988309179602584,0.02487980896673384,0.040065565865696866,-0.06761843966402077,0.00917192562693989,0.2291609052391279,-0.016385371049828384,0.030221158475681603,0.04567379133480634,-0.18168746325590962,-0.010254824076411574,0.17825497482858954,-0.029628338982787758,0.01815337958708358,0.039299112895853104,-0.19662825555066174,-0.012210559469020558,0.184867900308399,1.3214285714285714,-0.00012732657109406666,1.607142857142857,0.013146275338031792,1.8214285714285714,-0.01163611392104415,1.7857142857142856,0.020415523252448123,1.7857142857142856,0.02575687276139589,1.6428571428571428,0.014046236729940723,0.9821428571428571,-0.023157432859914152,1.4642857142857142,-0.04973265421052953,1.8035714285714284,0.013259104527595718,1.7678571428571428,0.004752282769797033,1.6607142857142856,-0.014406609790697288,1.607142857142857,-0.0162284166118777
2025-11-03,2025-11,500,493,-0.08039590558362233,-0.0018653658090089474,0.05243268211138155,-0.029226548906195624,0.015262489108322634,0.2909352944745701,-0.053030132120528484,-0.007469119968478566,0.06001003765449753,-0.20007958431833728,-0.06213738405709349,0.1795257097300218,-0.07183186450742313,-0.060929375724008805,0.06912630299038677,-0.056807842574702755,-0.0038279580597062463,0.5401275458992744,-0.07546911968773765,0.0015949397291446297,0.049984570342878704,-0.0016992067968271873,0.01831554601415733,0.233861045645816,-0.00865817863271453,-0.004381090513298652,0.05463158873884838,-0.22370211080844324,-0.05340832703916708,0.1695852585288943,-0.03279142716570866,-0.04622836789745976,0.058396718630186674,-0.2522670250681003,-0.07878340149000092,0.20859568444441778,1.510204081632653,-0.00564087601309058,1.4489795918367345,-0.011091568948070403,1.7551020408163265,-0.06531713082604962,1.7755102040816326,-0.0028438357810594513,1.7959183673469385,-0.008870886431665998,1.7755102040816326,-0.05066714340766384,1.2857142857142856,0.012048203394036922,1.6530612244897958,-0.06627003711831797,1.8367346938775508,-0.008419794794400123,1.9387755102040816,0.013468607238647127,1.7551020408163265,-0.05779608214120789,1.673469387755102,-0.08296707495938867
2025-11-04,2025-11,577,563,-0.007619553190502839,-0.02748830638111262,0.05451888816357406,-0.04116851910036413,-0.010220510433917014,0.27532359468750656,0.011028974663452063,-0.006467852121361823,0.058646899777750526,-0.08107725324964878,0.0014100189195978292,0.1580236876782562,-0.043501416066428766,-0.015229289069059865,0.05798726090408762,-0.04823181752901308,-0.006005291088684123,0.48707568678738816,0.06273110197969493,0.01709067920656985,0.0533063928357235,-0.047050191236098944,0.006097887711917487,0.24061953436051098,0.09081514667301006,-0.009970950268599529,0.05469754307500781,-0.015622564005947484,0.021035598821333906,0.15632200111368938,0.03695551387124461,-0.004468046415120143,0.053006791246823906,0.01720165231287775,0.04292205355128408,0.19576601730659604,1.5178571428571428,-0.031282949238255475,1.6428571428571428,-0.01057499497850468,1.8214285714285714,-0.019782860497631293,1.8035714285714284,0.012581750635141279,1.8214285714285714,-0.014524521697170958,1.732142857142857,-0.008798403557977286,1.0714285714285714,-0.012899081862488442,1.5,-0.0023399810804021707,1.8749999999999998,-0.010692791088684123,1.8392857142857142,0.001499673426203202,1.607142857142857,0.017017741678476764,1.482142857142857,0.03921669640842694
2025-11-05,2025-11,673,650,0.018028804692660133,-0.01748712961159909,0.050032768506086144,-0.06600763759545025,-0.03546715901938616,0.2540170407925661,0.0385979496185139,-0.0010218768354163417,0.053151966511915116,-0.046657445765860193,-0.019152550542174854,0.16420355467842174,-0.036018743036398515,-0.015521615380652524,0.05752013609051315,-0.008207152476560202,-0.013876672188958016,0.6040467828512192,0.0029178151744045358,0.014698431045318943,0.04913506713221893,-0.0903809160579413,0.022907644945978058,0.2811386699286791,0.01821733529434291,-0.010761810774180456,0.04984550657532047,-0.011973917348562964,0.017490075854405724,0.15225372944886867,-0.018480329199858654,-0.016604571295966916,0.05180294545819365,0.02407345615130193,0.029739174745124875,0.17459576946611588,1.4615384615384615,-0.021140975765445245,1.7230769230769232,-0.00532956914310865,1.7846153846153845,-0.019983153842190987,1.7538461538461538,0.010313815660703558,1.8,-0.015261810774180457,1.7846153846153845,-0.021066109757505377,1.1538461538461537,-0.03835177440400154,1.4,-0.022652550542174854,1.7538461538461538,-0.018261287573573398,1.9692307692307693,0.017984568022901135,1.6923076923076923,0.013259306623636493,1.5384615384615383,0.02589302089897103
2025-11-06,2025-11,661,638,-0.024486091635107392,0.009894802085077353,0.05064376825659027,-0.13307527607293138,-0.021627342782527575,0.22823374495783355,-0.07468966855458987,-0.009858508730334333,0.05120459906745001,-0.1405501555864231,-0.01225509266851601,0.17254148371284828,-0.08211839266157155,-0.024414449206831286,0.04940050249815187,-0.09664240415550854,-0.009424484895145292,0.4617350900080055,0.012280192995741287,-0.0005785148279371932,0.05312097844009523,-0.04584096653468794,0.01681819540565324,0.2894057479861658,0.00040075605569615835,-0.007960377788874356,0.04925538777270942,-0.10277525126719106,0.004112271900640783,0.16921268825535662,-0.011346735635211852,0.0028268568415235756,0.05535766452633217,-0.05944095257366827,0.02217494055903583,0.19762265661847778,1.5538461538461539,0.006010186700461968,1.6923076923076923,-0.014089277961103564,1.7538461538461538,-0.02879906459144667,1.830769230769231,-0.005155437904860271,1.8615384615384616,-0.01261422394272051,1.8,-0.001673143158476424,1.0153846153846153,-0.024165804320989113,1.4615384615384617,-0.015908938822362165,1.7692307692307692,-0.013847561818222213,1.8923076923076922,0.012087426174884012,1.6615384615384616,-4.1574253205370684e-05,1.5846153846153848,0.018213402097497368
2025-11-07,2025-11,436,427,-0.10503932383298907,-0.007635447216447825,0.07632477012666913,-0.20897241657921958,-0.03940807312989115,0.29029263632891833,-0.10905921166864227,-0.014490755629323795,0.07794323358907268,-0.2474557354635963,-0.057336201486102814,0.22654518710319385,0.01592028190374429,-0.008298007264666188,0.05601393582935481,-0.026344890964957974,-0.04092515329773364,0.45977849859830944,-0.1071285014347668,-0.026016288882179647,0.07405008101872049,-0.14426466671051255,-0.02928157824983599,0.2825415620883537,-0.08381106708153897,-0.017460542629815154,0.07334745294754576,-0.2247130982328646,-0.034716828168811234,0.22643309259830519,-0.2122837334797401,-0.04638390764412589,0.07454243817750154,-0.21458776458901532,-0.0387684122969834,0.2399776447997537,1.53125,-0.011463572216447825,1.765625,-0.018904818129323795,1.8125,-0.012829257264666188,1.84375,-0.030625663882179646,1.75,-0.021835542629815154,1.796875,-0.05087609514412589,1.140625,-0.04225963562989115,1.703125,-0.061594013986102814,1.859375,-0.04557359079773364,1.9375,-0.03412532824983599,1.765625,-0.03913089066881123,1.75,-0.0431434122969834
2025-11-10,2025-11,455,443,-0.0955603203056031,-0.02656944440077135,0.07070168266773015,-0.1639128371137361,-0.07573863939795679,0.28304997306655755,-0.0678354243316088,0.0038880521872913104,0.08568807399134758,-0.32291533400540084,-0.10679442495109523,0.2326814511960203,-0.03726606477857808,-0.0139416599854875,0.06386586421669808,0.017061185737798447,-0.0041058241390143635,0.6506844471124086,-0.10372545458818946,-0.027935405220817174,0.06967433522434079,-0.2242772369846987,-0.03456661447923133,0.22874663163780828,-0.13212407072803384,-0.03499544158546341,0.07401640231674249,-0.23511605073073402,-0.1172127340233181,0.23697369918227196,-0.15795347053099984,-0.052262409908468054,0.0730560056357352,-0.20245444396491208,-0.10192423907768483,0.2623115706850182,1.3863636363636365,-0.030035353491680444,1.5227272727272727,8.123400547312837e-05,1.8181818181818181,-0.018487114530942046,1.6818181818181819,-0.03213995067536263,1.6136363636363635,-0.03902953249455432,1.6590909090909092,-0.05641013718119533,0.9772727272727273,-0.0781818212161386,1.5227272727272727,-0.11060124313291342,1.8409090909090908,-0.008708096866287091,1.9545454545454546,-0.039452978115594964,1.5227272727272727,-0.12101955220513627,1.5,-0.10567423907768483
2025-11-11,2025-11,364,353,-0.15418032491669786,-0.07149003736880642,0.06464462842436176,-0.17480776849599802,-0.06015890760920308,0.30182306737239867,-0.07000272890264972,-0.01610284694676896,0.06565344915685459,-0.23520279441621902,-0.06844769908434423,0.16552454456686974,-0.23143759066013192,-0.10791979248736856,0.05033536238533583,-0.1335383724677166,-0.048973853200301426,0.5049069195985794,-0.11291610711306817,-0.051410154036887624,0.057832705320590615,-0.03158697041358215,-0.0029318071619723607,0.22420277457152094,-0.041720921775666615,-0.030904129897650963,0.06110662920116383,-0.1578553549722606,-0.04768298291123445,0.15172061882913113,-0.06689985400028714,-0.03210462963322233,0.0635871629480739,-0.07117826576774831,-0.02510518675120043,0.19681585941995894,1.4772727272727273,-0.07518321918698824,1.6363636363636362,-0.02019375603767805,1.7954545454545454,-0.11240842885100492,1.7045454545454546,-0.055671517673251264,1.75,-0.03527912989765096,1.6818181818181819,-0.036309175087767785,1.1363636363636362,-0.06299981670011218,1.5909090909090908,-0.07242497181161696,1.8863636363636365,-0.053689762291210516,1.9090909090909092,-0.007704534434699633,1.5,-0.05143298291123445,1.5681818181818181,-0.029025641296654976
2025-11-12,2025-11,400,385,-0.12998997478062257,-0.01629338006269493,0.06447928538315724,-0.09795717932411366,-0.019933387809251496,0.324094395079699,-0.020601504725100087,-0.003509682966424031,0.07194591816765605,-0.18623920397498772,-0.02906613097283979,0.18991110856203658,-0.1856968544778417,-0.05685708069298643,0.056314232157289715,-0.010377696561259312,-0.01891695775047974,0.6940925199734538,-0.07478643967086238,-0.012774258125246844,0.06179717148411383,-0.08656948261721095,0.014033102001304174,0.21673707213056714,0.0029251123061811925,0.01755984151008056,0.06486336786404939,-0.06841074327389912,-0.009713719419570666,0.2106262804254105,-0.0289849651233725,-0.0008041486814553411,0.07016397159045445,-0.10544691398603662,-0.03245597699024948,0.21689642769725698,1.3157894736842104,-0.019582853746905455,1.5789473684210527,-0.007457051387476663,1.763157894736842,-0.06126497542982853,1.763157894736842,-0.017182152862088948,1.6842105263157894,0.013349315194291087,1.7105263157894737,-0.005080464470929026,0.8947368421052632,-0.022170229914514655,1.6052631578947367,-0.033079288867576634,1.7894736842105263,-0.023390641961006056,1.894736842105263,0.009296259896041017,1.6842105263157894,-0.013924245735360139,1.5526315789473684,-0.0363375559376179
2025-11-13,2025-11,401,385,-0.14592287936874232,-0.0009147846324469716,0.06157930937858992,-0.09954516693341274,-0.03912900557946965,0.2914274521417132,-0.09494677485391,-0.004684838911320946,0.06695647242756661,-0.028186622994751925,0.0065765649324409925,0.16988394458435083,-0.13687115137126962,-0.03555461789901067,0.044191394817602134,-0.05542812367698712,-0.028092679579312083,0.47473539882584626,-0.06307552015483679,-0.012139518408330559,0.05723369699158551,-0.033128745300926785,-0.012199784169909026,0.23082581172256095,-0.07475881192541035,-0.0038585350391260806,0.05750332352580652,0.022008411806305132,0.016127288244725133,0.16619568318128586,-0.025896080693787918,0.006939372658730021,0.054636847501295195,0.0401996873487922,0.008386591738845303,0.1979070925398877,1.263157894736842,-0.004072679369289077,1.4473684210526314,-0.008303259963952526,1.789473684210526,-0.040028302109536985,1.6842105263157894,-0.016350044724120032,1.7368421052631577,-0.008200640302283974,1.5789473684210527,0.0029920042376773894,0.8684210526315789,-0.041300058211048596,1.5,0.0028265649324409926,1.894736842105263,-0.032829521684575244,1.7368421052631577,-0.01654188943306692,1.5526315789473684,0.012245709297356711,1.4736842105263157,0.004702381212529514
2025-11-14,2025-11,384,379,-0.07285465753421919,-0.03562681916520547,0.059264880438692054,-0.0445029933926872,-0.01938224048502204,0.2740083847096876,-0.03028509339397965,-0.029183566594148985,0.07481913769062973,-0.04917560636626674,-0.021838087155409573,0.19537404905024328,-0.020463719279305032,0.0211272704716222,0.05737511462409616,2.5432616783352535e-06,-0.001993192720231029,0.4928087811720998,0.006689330365478256,0.025409644448927585,0.05892815851880284,0.04340308132207409,0.03489001545547442,0.24610217182749983,0.04187306356379837,0.019656377942507488,0.05702804851696753,-0.04185303182603088,-0.013382846760368855,0.17250764046452546,0.03712585104116034,0.009804837629802634,0.059959543391287395,-0.008812860027818012,-0.02212560919062586,0.2063659105057779,1.131578947368421,-0.03845576653362652,1.3684210526315788,-0.03260461922572793,1.8157894736842104,0.016587796787411672,1.4473684210526314,0.021791223396296005,1.5,0.015906377942507488,1.4736842105263157,0.006120627103486845,0.7894736842105263,-0.021355924695548353,1.2105263157894737,-0.024864402944883256,1.7368421052631577,-0.006335297983388923,1.7105263157894737,0.030613699666000735,1.2894736842105263,-0.01660653097089517,1.131578947368421,-0.024954556559046912
2025-11-17,2025-11,415,406,-0.16392056520395965,-0.028871197534479445,0.06723716905910251,-0.1341210997837504,-0.03148193371743979,0.32090237066604016,-0.13579065425581927,-0.04361487904970553,0.06905672219205349,-0.2007043223059462,-0.04906029610941412,0.21279806643724442,-0.14851737265246037,-0.011004538130010006,0.06109899613796342,-0.078971044988845,-0.050776603969611055,0.5001492618424137,-0.09035902267418693,-0.018502197151172003,0.06554900934986703,-0.1743549448630643,-0.022892265379567442,0.3005087533738555,-0.1207369612228177,-0.025754631523269504,0.06239709292127625,-0.10877909631838391,-0.04006906266067911,0.18613845082681352,-0.05894615250298854,-0.029997534896129146,0.07713548665466752,-0.036640038414527676,-0.026705562786905078,0.23334372261675393,1.2682926829268293,-0.03204192924179652,1.4146341463414633,-0.04715146441555919,1.7560975609756098,-0.01539478203244903,1.5853658536585367,-0.022465611785318345,1.5853658536585367,-0.029718046157415846,1.5609756097560976,-0.03389997392051939,0.9512195121951219,-0.0338599824979276,1.3414634146341462,-0.05241395464599949,1.829268292682927,-0.05534977470131837,1.8048780487804879,-0.027404460501518662,1.4878048780487805,-0.043788574855801066,1.2926829268292683,-0.029937270103978248
2025-11-18,2025-11,385,378,-0.06071239317677141,-0.0013190827031285095,0.06843453891642365,0.030585298768588925,0.023628934441183448,0.2620576165959631,-0.11369419117152278,-0.018518102434583805,0.07361520724559113,-0.01064594408182491,0.034131125493375256,0.21272060794657782,-0.06400908632786163,-0.026944872075889255,0.04458300670685433,0.08488848551678062,-0.026533515310144785,0.45870184310172735,0.012844022614143488,-0.005759950222728502,0.06231402038418628,-0.058127817778076844,-0.004275223049423451,0.19198145070358327,-0.03936288775990848,-0.006505132505610011,0.07005875588893835,0.04141439842540879,0.03493770304680015,0.183756069623326,-0.017413344640895796,-0.015990378930706567,0.06070019834760021,0.012879979476482067,0.030190519889799015,0.23064657790880455,1.3658536585365852,-0.0047337168494699725,1.4634146341463414,-0.022176639019949658,1.8536585365853657,-0.03157901841735267,1.6097560975609755,-0.009784340466630941,1.7073170731707317,-0.010773425188536839,1.4634146341463414,-0.01964891551607242,0.9268292682926829,0.021311861270451742,1.3658536585365852,0.030716491347033793,1.7560975609756098,-0.03092375921258381,1.951219512195122,-0.009153271829911255,1.4878048780487805,0.031218190851678197,1.4634146341463414,0.02653198330443316
2025-11-19,2025-11,328,322,-0.07353256238008407,-0.04788642082826594,0.07150162866455706,-0.0072787816916400115,-0.005693334548951073,0.2846115647407714,-0.058808706516556813,-0.0029265201937349154,0.08484960725015721,-0.05874137336504566,-0.002412167846009866,0.17549772304482758,-0.11765219005516858,-0.04163484496624411,0.049045664299137454,-0.0028450883260102856,0.06368985460178359,0.5822121426463127,-0.03473268694069177,-0.05684469659873262,0.0714655286792241,0.0007746713088000348,0.055603591493672,0.22293520013045054,-0.02769058852575085,-0.033546369844461014,0.07147116992567379,-0.04999316466492235,-0.013119119399308047,0.15956374653615057,-0.017806557976904048,-0.05937908352215379,0.07857233698492802,-0.07344890604032779,-0.0007323822450039895,0.19312678929418325,1.394736842105263,-0.0513732629335291,1.526315789473684,-0.006742309667419125,1.763157894736842,-0.04604273970308621,1.7105263157894737,-0.0611210123882063,1.7105263157894737,-0.0378226856339347,1.4473684210526316,-0.06299750457478537,1.1052631578947367,-0.008456492443687916,1.4736842105263157,-0.006096378372325655,1.763157894736842,0.05928195986494148,1.763157894736842,0.051195696756829896,1.631578947368421,-0.0171980667677291,1.394736842105263,-0.0042192243502671475
2025-11-20,2025-11,342,335,-0.15536312203094366,-0.02957318770760979,0.0685745683424965,-0.04314709810014893,-0.00096695267007481,0.244406795293531,-0.1695550444727535,-0.04765222137533116,0.07757742572359429,-0.04375517763827247,-0.02027722580662593,0.19272072372191093,-0.0514158958560151,-0.011695725190604144,0.04997507952218791,0.03526453014577879,0.015134765976720185,0.5357951298356056,-0.15742375269072195,-0.014089861818038075,0.07141011681767498,-0.08720601551757784,-0.030067691041398798,0.20357603566063676,-0.11628013717338412,-0.010196528042246801,0.07288050860198778,-0.057586512213864,-0.025313894928255327,0.1715352210928412,-0.14873004523397787,-0.027834327383462906,0.0869380250089562,-0.04280600957777771,-0.03375282532612034,0.20738789844600594,1.2647058823529411,-0.03273495241349214,1.4705882352941178,-0.05132869196356645,1.8823529411764706,-0.01640160754354532,1.7352941176470589,-0.018428097112155723,1.6470588235294117,-0.014314175101070331,1.6176470588235294,-0.03187844503052173,1.1176470588235294,-0.0037610703171336336,1.411764705882353,-0.02380663757133181,1.7647058823529411,0.010723001270837832,1.7941176470588236,-0.034552985159045854,1.5,-0.029063894928255327,1.3823529411764706,-0.037208707679061516
2025-11-21,2025-11,332,327,0.05930933663616662,0.016413480558031282,0.05913966364277507,0.13137714571849904,0.032814950418237475,0.26766409279044834,0.08845146241863018,0.02069767264935131,0.06955968591657019,0.18340201665648467,0.03202278666408894,0.17846060295899707,0.11917624278063506,0.03502428991506265,0.05566340971419302,-0.03692513177214861,-0.041416233479504606,0.43865329614191345,0.04474762319856916,0.01597666649007886,0.05611799876909363,0.05796485525674184,-0.0024466528621292574,0.21080580788354078,0.006029999481062957,-0.005127417604213223,0.05876579780457929,0.0594326354163285,0.03432456378086895,0.1642866243015636,0.033786166759988356,-0.0027723573545461178,0.060433977094973904,0.03143266296180066,0.03161894345205683,0.18640009686350822,1.3529411764705883,0.01303112761685481,1.3235294117647058,0.017388849119939546,1.8529411764705883,0.03039193697388618,1.5,0.01222666649007886,1.5588235294117647,-0.009024476427742635,1.5294117647058825,-0.006595886766310824,1.0294117647058825,0.030241421006472768,1.4411764705882353,0.028419845487618355,1.7352941176470589,-0.045754468773622256,1.7352941176470589,-0.0067848881562469045,1.5294117647058825,0.030501034369104243,1.4705882352941178,0.027942472863821538
2025-11-24,2025-11,343,335,0.0073103380187535755,-0.009705779915551948,0.05232558446518076,0.005216827070048163,0.011964583954711502,0.23137848342166228,0.0039312805031087444,-0.011253873239212023,0.05521636169312164,0.04516720134460499,-0.0018088537510045563,0.1564926399904139,-0.0672359471346355,-0.05711046982905857,0.04750257523992463,-0.014938017357678711,0.007712973630532645,0.5739077154327841,-0.013710862177904322,-0.03369120700223522,0.05054946311769456,0.08190504738352763,-0.008477937304879684,0.22632951472940688,-0.0013227182812275112,0.015157665456499242,0.05389230772927646,0.015277277198692032,-0.007449440602667237,0.1547582353300908,0.057582409510844895,0.0018834922632774698,0.0707132808956132,-0.041671870706667,-0.008711822741014556,0.1569174708908095,1.2941176470588236,-0.012941074033199006,1.5588235294117647,-0.015150932062741434,1.8529411764705883,-0.06174282277023504,1.5882352941176472,-0.03766179523752934,1.6764705882352942,0.010966488985911006,1.4705882352941178,-0.0017929783249578243,1.0,0.009464583954711501,1.3823529411764706,-0.005264736103945733,1.8529411764705883,0.0030806206893561738,1.8235294117647058,-0.013036760834291448,1.6176470588235294,-0.01149355824972606,1.5,-0.012461822741014556
2025-11-25,2025-11,313,305,0.16281680814860847,0.018944356791038557,0.060960263190635765,-0.0268426959784482,0.029833418976235017,0.2418906678756078,0.09275507057399977,0.018217977274362206,0.06789510236991875,-0.013544228303797706,-0.002050266176731312,0.15272195835908253,0.0034260889186239997,-0.009905285296158976,0.050953535555671094,-0.010152224672285977,0.0014781496828099108,0.4480106910069783,0.03828191405265539,-0.015904798717177294,0.060367714891332094,0.06869713994111137,0.01770898621547893,0.22285263140996298,0.05465356360739035,0.012007603982108043,0.05897815769491783,-0.055031596677065836,-0.04674702785972184,0.14372578461964924,0.08651869894009859,0.042898476680532566,0.05978296937948688,-0.051412106137284704,-0.03734521379696876,0.15917312912642956,1.4705882352941175,0.015267886202803263,1.5294117647058822,0.014394447862597502,1.7058823529411764,-0.014169991178511917,1.7058823529411764,-0.020169504599530236,1.6470588235294117,0.007889956923284515,1.6176470588235294,0.03885435903347374,1.1470588235294117,0.026965771917411487,1.6764705882352942,-0.006241442647319548,1.7647058823529411,-0.002933615023072442,1.8823529411764706,0.013003103862537753,1.5,-0.050497027859721835,1.4117647058823528,-0.04087462556167464
2025-11-26,2025-11,307,299,0.14075568041845107,0.048581885780744356,0.05900190250666228,0.028267925470454692,0.009027123647227863,0.2494604987402757,0.11397209164980769,0.043964756087902346,0.05683152739297546,-0.048607361215140484,-0.015688245732007902,0.14072062311073144,0.04964592173337905,0.008168419194927367,0.051984357328204014,0.017456156904850546,0.01753696577853322,0.5365283941229184,0.0683630644816629,0.027268021903893262,0.05176708726588238,-0.06992888953034575,-0.015626068139464017,0.25836055402954416,0.06063426258865998,0.01264964069954836,0.049490262972052994,-0.11751932043175577,-0.016766611528514434,0.1315282847111424,0.10526224111202076,0.011670239837930054,0.06148333808435319,-0.031881926593557174,-0.0026467535968493702,0.16137634143233298,1.2666666666666666,0.04541521911407769,1.4333333333333333,0.04038142275456901,1.9333333333333333,0.0033350858615940338,1.6333333333333333,0.023184688570559928,1.4666666666666666,0.008982974032881693,1.5,0.007920239837930054,1.1666666666666667,0.006110456980561197,1.5,-0.019438245732007902,1.9333333333333333,0.012703632445199885,1.8333333333333333,-0.020209401472797348,1.4,-0.020266611528514434,1.3333333333333333,-0.0059800869301827025
2025-11-28,2025-11,361,349,0.11617004127066721,0.03361212710633626,0.05680653233865378,0.0005226427511057376,0.024777508624849565,0.25676909983158114,0.1268945480887447,0.04623450370833286,0.05546306227680191,-0.0238648015794065,-0.01311821688300733,0.1484270279960973,0.04813996562945589,0.0020799022100605573,0.05724151000977311,0.06651058106511532,0.03198254189716923,0.3606154612132481,0.1631989821601282,0.037486723982569796,0.053810895168202914,0.07899481183330527,0.023360422234387102,0.26204614651256375,0.08841207409334619,0.022876493892865415,0.04916931822007217,-0.15431250414492176,-0.058121466686470655,0.13470963990049703,0.052804521204432825,0.02578576816075799,0.0538139763393862,-0.07966641669599996,-0.01043150877139791,0.14133760599153383,1.3714285714285714,0.03018355567776483,1.5999999999999999,0.04223450370833286,1.9142857142857141,-0.0027058120756537282,1.7142857142857142,0.03320100969685551,1.7428571428571429,0.018519351035722557,1.5142857142857142,0.022000053875043706,1.1714285714285715,0.021848937196278135,1.3142857142857143,-0.016403931168721617,1.8,0.02748254189716923,1.9142857142857141,0.018574707948672817,1.4857142857142858,-0.061835752400756366,1.542857142857143,-0.014288651628540767
2025-12-01,2025-12,319,314,-0.10020812385402496,0.13973128804959714,0.06136627412962501,-0.09566192996983498,-0.03364003801139354,0.33667985283799706,-0.03885668657952327,0.14195981408794822,0.05522466691399504,-0.14001670905542082,-0.0363213676178013,0.13196566148150352,-0.12006717477117602,-0.055309519379464205,0.0441581599065478,-0.019674786193052532,-0.14471680365068673,0.4087833563286451,0.09706186786538121,0.15850795945182933,0.058907439930527015,-0.0010202874549003372,0.012281702971743217,0.28171821154894366,0.016936771751345597,0.1448360130482605,0.05820463710129187,-0.29983401845389485,-0.10979759980636336,0.11890442242785808,0.027634263914355,0.15627583346870622,0.051390002497817125,-0.011544035015082511,-0.04134715213780207,0.09537554039589821,1.6285714285714286,0.13565985947816858,1.5714285714285714,0.1380312426593768,1.857142857142857,-0.05995237652232135,1.657142857142857,0.15436510230897219,1.5428571428571427,0.14097887019111763,1.7428571428571429,0.15191869061156335,1.3714285714285714,-0.03706860943996497,1.457142857142857,-0.039964224760658446,1.7714285714285714,-0.14914537507925815,1.8285714285714285,0.007710274400314646,1.6285714285714286,-0.11386902837779193,1.657142857142857,-0.045490009280659216
2025-12-02,2025-12,313,303,-0.13616665075223103,-0.05235086451342528,0.053342346262732765,-0.08004556746442341,-0.03056706668062758,0.30388525128364563,-0.030481362108720118,0.09212364566783682,0.043896322945850934,-0.17154561520773035,0.071831840608223,0.13002303019165992,-0.07939152634355673,0.06058326985481476,0.047117480444898,0.0128318581066268,0.10744427196317669,0.42726871669292454,-0.04663621008933477,0.005340336934256128,0.04571336090479871,-0.03990049042551027,0.017963561662151097,0.20567720308899878,-0.05138001637360625,0.01554430078089672,0.04328875398671753,-0.22395915677493178,0.06633537770643905,0.09753692802041769,-0.018173372383705914,-0.013417997598014965,0.04272677834204658,-0.07017483442464618,0.10954526936011529,0.07951250864813725,1.3225806451612903,-0.0556573161263285,1.4193548387096773,0.08857525857106263,1.7419354838709677,0.05622843114513734,1.6774193548387095,0.0011467885471593544,1.5161290322580645,0.011753978200251557,1.6774193548387097,-0.017611545985111738,0.9354838709677419,-0.03290577635804694,1.1935483870967742,0.06884796964048105,1.8064516129032258,0.10292814293091862,1.9032258064516128,0.013205497146022066,1.4193548387096775,0.06278699060966485,1.2903225806451613,0.10631946290850239
2025-12-03,2025-12,303,296,-0.08445653453981997,-0.007948972792201275,0.043003268794240844,-0.025969824239307864,-0.03638195531069015,0.2638432623197635,-0.048070618320110156,0.00036457858467020543,0.04235683669992259,-0.11402358430335888,-0.0006842995986416286,0.13702729220191637,-0.0904742718504318,-0.015327816681781688,0.050768858605328766,-0.011608637502018612,0.008424819226895322,0.3947826803972324,0.021425687357860917,0.014429050487762038,0.03758990884092875,-0.1045276582381138,-1.820364935545965e-05,0.2215932423248887,0.0784115968236768,0.03616343153628096,0.03464339900710936,-0.06516915197968036,0.046953328494760804,0.139249015164872,-0.010292681411745217,-0.012562217089264235,0.037261320117484065,0.008260890571455194,0.05153926124733699,0.12313437461853027,1.4333333333333333,-0.01153230612553461,1.4666666666666666,-0.003302088081996461,1.7666666666666666,-0.019744483348448354,1.8,0.009929050487762037,1.6666666666666667,0.031996764869614294,1.5666666666666667,-0.0164788837559309,1.2,-0.03938195531069015,1.3666666666666667,-0.0041009662653082955,1.9,0.003674819226895322,1.9,-0.0047682036493554595,1.5333333333333332,0.04311999516142747,1.2666666666666666,0.04837259458067032
2025-12-04,2025-12,335,330,-0.09481857181160068,-0.0337890014331796,0.0493791408209954,0.03897450301954726,0.01294451589124291,0.3539499452506954,-0.06936915082415127,0.0032685820589998596,0.04684353176484403,0.04375183534849278,0.0015163608732514794,0.15783468611312634,0.09170560588848675,0.0287813732414672,0.04470373039746685,-0.024278895369041275,-0.011290967054383205,0.4196805048621062,-0.00809979188744047,-0.022190931009965123,0.04163290082764813,0.04359766607509927,0.017960557270763663,0.21653915106347113,-0.0294124969676851,-0.01845112780842942,0.043593813068780705,0.007859760223689083,0.01820230760532302,0.12488391165706245,-0.11274689427115918,-0.034904730365792905,0.039657096212754095,0.042132260000255356,0.02430041719389008,0.11802604941256117,1.3636363636363635,-0.03719809234227051,1.696969696969697,-0.0009738421834243824,1.9090909090909092,0.024008645968739927,1.7878787878787878,-0.026660627979662094,1.7272727272727273,-0.022769309626611237,1.7272727272727273,-0.03922291218397472,1.393939393939394,0.009459667406394425,1.5757575757575757,-0.0024230330661424593,1.8484848484848484,-0.01591217917559533,1.9393939393939394,0.013112072422278815,1.5151515151515151,0.01441442881744423,1.303030303030303,0.02104284143631432
2025-12-05,2025-12,289,284,-0.024807612858260265,-0.023010445774582333,0.044679621708198454,0.04101091755160482,0.016015601377407825,0.3242804088762828,-0.03207950523008392,0.0005764273101964909,0.05470977228168819,0.04239649206538599,-0.010072954495154366,0.14987863154549683,0.02574074335192342,-0.009765055892574658,0.05123408008683273,-0.019559922265266632,-0.0034101010787521147,0.4377145346786295,-0.037637965541846626,-0.017661936606789358,0.050545585694546154,-0.0008605774967187686,-0.01998287986810362,0.21663865816247252,-0.0772864216680587,-0.020014779566245186,0.04654245596374243,0.03913415264685996,0.011237704931565014,0.11486132256686687,-0.10374110090283578,-0.02455117867837321,0.040999377247495146,0.06278735632183909,0.009263236974280767,0.11108571596975837,1.3636363636363635,-0.026419536683673243,1.5454545454545454,-0.0032872090534398725,1.7878787878787878,-0.014234752862271629,1.7575757575757576,-0.022055876000728752,1.7272727272727273,-0.024332961384427004,1.6363636363636362,-0.0286420877692823,1.1515151515151514,0.013136813498619946,1.5757575757575757,-0.014012348434548304,1.9393939393939394,-0.008258585927236963,1.9393939393939394,-0.024831364716588467,1.5454545454545454,0.00737406856792865,1.2727272727272727,0.006081418792462585
2025-12-08,2025-12,374,367,0.013002311193201317,-0.013785174340180017,0.04396490779899995,0.039900906934719683,0.00681128647544112,0.30502654768123816,-0.05670319030283104,-0.04470255205731603,0.03547464902123891,0.040521285172759464,-0.008889596088924085,0.1387983792637651,-0.09528465740307569,-0.025292552290561647,0.045262233463636115,-0.0927704686363296,-0.032479074183974346,0.42728008239253146,0.05804636825544408,-0.011124386251685403,0.0371564319799643,0.036199626454079654,0.0199885860671169,0.2110646942479385,-0.0745911642609377,-0.005693076336274316,0.03604283228534091,0.1379097726432468,0.03198634282712628,0.11363032938459436,-0.03658740586299304,-0.0368708546060451,0.03722981942286385,0.06235609882904048,0.01404452356266396,0.09557920638975259,1.3783783783783783,-0.017231120286125962,1.4864864864864864,-0.048418768273532246,1.7567567567567568,-0.02968444418245354,1.8108108108108107,-0.01565141327871243,1.5945945945945945,-0.009679562822760803,1.6486486486486487,-0.04099247622766672,0.9189189189189189,0.004513989178143823,1.2972972972972974,-0.012132839332167328,1.9189189189189189,-0.03727637148127164,1.972972972972973,0.015056153634684469,1.5135135135135136,0.028202559043342495,1.3783783783783783,0.010598577616718015
2025-12-09,2025-12,328,321,-0.04114583359901086,0.01833784967940778,0.05075770618652609,0.04440825382013615,0.015197879851350894,0.3101248622406274,0.05748244747164016,0.02738584154050634,0.049898204372203256,0.01805446639837693,0.020422758073036874,0.15097220102325082,-0.018105307152972133,-0.0359120550155105,0.03736103005926842,-0.07893798295021319,-0.004082672906667965,0.4435480716638267,0.010302312247628207,0.0029637120401875654,0.04323482039513568,-0.007764736608354344,0.012398326270724822,0.21267687482759356,-0.03842852585967091,-0.029172911751649638,0.045926782915742204,0.14759358797960417,0.05497442534787822,0.12966425443300977,-0.07603681151002414,-0.01533926735447767,0.04589107187689762,0.05651291810316391,0.05520555361058496,0.11238386284094304,1.2972972972972974,0.015094606436164537,1.5675675675675675,0.02346692262158742,1.7297297297297298,-0.04023637933983482,1.7837837837837838,-0.0014957474192718945,1.6756756756756757,-0.03336210094083883,1.6756756756756757,-0.01952845654366686,1.0,0.012697879851350893,1.3243243243243243,0.017111947262226063,1.7567567567567568,-0.008474564798559858,1.8918918918918919,0.007668596540995092,1.5405405405405406,0.051123073996526866,1.1891891891891893,0.05223258063761199
2025-12-10,2025-12,328,316,0.10909246721355627,0.0015828056134752945,0.050669171580499446,0.022379771216914087,0.02493744252155293,0.34707411684212275,0.04215939457294799,0.008145372029028475,0.04228394130962481,0.05522508656390766,-0.0004123155606864902,0.16006140370154753,-0.10459183023915107,0.019517596203561235,0.05151039150243281,-0.007388899970318346,0.04908896460551969,0.44554442586377263,0.041423154291464474,0.01779231503455267,0.049065986524061425,-0.008708080862354035,-0.02011020647967853,0.21614213683642447,0.007584161338392615,0.005674711428409848,0.046080493229836206,0.1504950346901757,0.035594694089122345,0.13237230892991647,-0.06708694342178914,-0.010663373083915413,0.04194008579214638,0.06186998444536187,0.028806706615663338,0.10859980236273259,1.125,-0.0012296943865247054,1.5625,0.0042391220290284755,1.90625,0.014751971203561236,1.5625,0.01388606503455267,1.5625,0.0017684614284098482,1.5,-0.014413373083915413,0.90625,0.02267181752155293,1.15625,-0.00330294056068649,1.78125,0.04463583960551969,1.90625,-0.02487583147967853,1.4375,0.032000944089122345,1.25,0.02568170661566334
2025-12-11,2025-12,348,338,0.04802295680479455,0.01599469880671824,0.057556193374502476,0.07656036312207307,0.03255336739201647,0.3489131797652911,-0.024791807657019268,0.03850948624029455,0.05477870502043754,0.09019908103304483,0.03450437247794769,0.18260180172236526,0.12785906330288305,0.04914209644780259,0.042894586015341976,-0.11587296573742437,-0.03821240426085196,0.4890621444758247,0.0031873694293287533,0.02083573409551734,0.05638595340574425,-0.07791572121423,-0.01622613081452272,0.2905385604895213,-0.015279954054499632,0.01178632812487345,0.048997420327721364,0.11384153756833382,0.0103275844578227,0.16112010164515062,-0.0649361743081623,-0.0006239504476076158,0.05942238332271168,-0.021488405281682423,-0.012943948526402814,0.12747397082036033,1.2647058823529411,0.012832934100835885,1.5588235294117647,0.03461242741676514,1.8235294117647058,0.04458327291839083,1.7352941176470589,0.016497498801399692,1.6470588235294117,0.007668681066049922,1.6176470588235294,-0.00466806809466644,1.0,0.03005336739201647,1.2647058823529411,0.03134260777206534,1.8823529411764706,-0.04291828661379314,1.8823529411764706,-0.020932013167463896,1.5588235294117647,0.006430525634293289,1.3529411764705883,-0.016326301467579286
2025-12-12,2025-12,305,298,0.04091593496760223,0.01718158080108571,0.051385023328370805,-0.04667859378436448,0.02357364186172987,0.350895509434243,0.0059106904193946775,-0.002515686772358531,0.0485710610028416,-0.13335152007308532,0.019022782904765802,0.21215401515364646,-0.04855146267245071,0.0077143435969161955,0.047531501203237334,-0.1192600609365495,-0.049785482841739184,0.5670777291059494,0.1107902467042088,0.021961678237934573,0.0516097706476638,-0.005868395675785413,0.020100507046268958,0.26502339293559396,0.05826227816406977,0.0012734509032869684,0.05037145223288541,-0.03443468845691858,0.013045206272954083,0.18200478696574768,0.08944957620666903,0.017384611948403718,0.04749430428901417,-0.10957468405826525,-0.007564945794165643,0.16319440559794507,1.2941176470588236,0.013946286683438652,1.5,-0.006265686772358531,1.7647058823529411,0.0033025788910338427,1.7352941176470589,0.017623442943816927,1.7058823529411764,-0.002991254979065973,1.6470588235294117,0.01326696488958019,1.0588235294117647,0.02092658303820046,1.3235294117647058,0.01571395937535404,1.7352941176470589,-0.054123718135856834,1.9411764705882353,0.01524756586979837,1.6470588235294117,0.008927559214130555,1.3529411764705883,-0.010947298735342115
2025-12-15,2025-12,352,346,0.027883434192342575,-0.0024169672524454386,0.05324378985885472,-0.07466595533304539,-0.01428702327008029,0.30523804032376833,0.03326727404707865,-0.0021042604874761048,0.05179674713441871,-0.034460151915493537,-0.010945151798501028,0.2046400924878461,0.046870658869761765,-0.014878083563599515,0.05089068092279514,0.017181689264685423,-0.0011322188106670447,0.4633249776703971,0.10759494236842616,0.006960999655364142,0.04530408917044472,-0.007738229410733346,-0.01957939163731074,0.20710831092936652,0.12288292896296074,0.04079987565933858,0.04589099355371945,-0.0650519457659475,-0.017240477255211592,0.1729636024949806,0.09826584227722347,0.03602358460570114,0.04405859219233903,-0.04101843512885697,-0.010731350419134734,0.1590140020740884,1.0857142857142856,-0.005131252966731153,1.4285714285714286,-0.005675689058904676,1.7714285714285714,-0.019306654992170942,1.657142857142857,0.0028181425125069996,1.6857142857142857,0.03658558994505287,1.7714285714285714,0.03159501317712971,0.9714285714285714,-0.01671559469865172,1.2,-0.013945151798501029,1.7714285714285714,-0.005560790239238473,2.0,-0.02457939163731074,1.5999999999999999,-0.021240477255211592,1.3142857142857143,-0.01401706470484902
2025-12-16,2025-12,340,333,-0.04679075689134295,-0.01162575384105418,0.04240164682333125,0.04396537116390687,-0.0024218650847285545,0.2955650543286042,-0.07321638748147119,-0.0206296111447125,0.03642246081318744,0.11609880606538933,-0.0015527938081516023,0.14916693097488448,0.13764827119488648,0.06143798750917588,0.04283071628919713,0.012586231420747543,0.04102427520154203,0.43356385962529614,-0.0853355771959533,-0.042874389814559585,0.03884690936797127,0.029000963269069598,0.0032021765108425602,0.28510325447176443,-0.04180099257931704,-0.02393487731359316,0.03616458221759419,0.1403731866192614,0.04179890349241842,0.12586064879415612,-0.06812342667324112,-0.016766430520275523,0.03733562189673389,0.1685152985752472,0.048541248905516234,0.11445274610411038,1.0285714285714287,-0.014197182412482752,1.4,-0.0241296111447125,1.8285714285714285,0.05686655893774731,1.7428571428571429,-0.04723153267170244,1.7142857142857142,-0.028220591599307444,1.7714285714285714,-0.02119500194884695,0.8857142857142858,-0.004636150799014269,1.2857142857142858,-0.004767079522437317,1.8571428571428572,0.03638141805868489,1.9428571428571428,-0.0016549663463002965,1.6285714285714286,0.037727474920989844,1.3714285714285714,0.04511267747694481
2025-12-17,2025-12,319,313,-0.043117130027238354,-0.03894659648514723,0.05875847360022399,0.013952800615129829,0.011237121474708471,0.37264858276372953,-0.020468962559886436,-0.004957426936379866,0.05496966237404689,-0.09590184538948364,-0.03632410381066397,0.15848545712088385,0.1035111244478998,0.05321813325320972,0.048532128407328234,0.055509463836454755,0.016906594378717388,0.4086425251537754,-0.06476385520790205,-0.02381766407482124,0.04579166971700149,0.020237179866327556,0.007785836078655956,0.2759074342827643,-0.05676162240492104,0.026102574408497968,0.045517431694082004,-0.016156399716093926,0.009443734403459376,0.12998806817396993,0.012901091263973503,0.02848664553443559,0.04081566268130137,-0.015838484059856862,0.007775560050590755,0.12154685675857528,1.1515151515151514,-0.041825384363935104,1.4242424242424243,-0.008518032996985926,1.7272727272727273,0.0488999514350279,1.6666666666666667,-0.027984330741487908,1.606060606060606,0.022087422893346455,1.606060606060606,0.024471494019284078,0.9393939393939393,0.008888636626223623,1.2424242424242424,-0.039430164416724575,1.7272727272727273,0.01258841256053557,1.9393939393939394,0.0029373512301711074,1.5454545454545454,0.005580098039823012,1.303030303030303,0.004517984293014997
2025-12-18,2025-12,322,314,-0.05772296663796967,0.006982913591326018,0.0735736427899105,0.003871632808974718,0.0048357918781768,0.38060551671491516,-0.1606286411688578,-0.021583798312900453,0.07790538078589548,0.02000873781679433,5.4565725841414225e-05,0.15445033653128531,0.12692808809931294,0.0459272715022524,0.04997073967859299,0.07409458234650738,0.02024672108619162,0.5799848249843044,-0.08641076947794998,-0.009710194147644149,0.0671667188621041,0.009552471740028462,-0.018123181132901754,0.18531770126954203,-0.10525115472352282,-0.017245277381400557,0.06639795706192068,0.09267351494406294,0.01480342623090156,0.13720254527945672,-0.11178708481667571,-0.020699241974038354,0.05032461255261959,0.033072331043567396,0.021979277882214127,0.1290320208476436,1.2580645161290323,0.0038377523010034373,1.4193548387096775,-0.025132185409674646,1.7741935483870968,0.04149178763128466,1.5483870967741935,-0.013581161889579633,1.5161290322580645,-0.02103559996204572,1.5806451612903225,-0.02465085487726416,1.032258064516129,0.0022551467168864777,1.2903225806451613,-0.003171240725771489,1.7741935483870968,0.015811237215223876,1.935483870967742,-0.022961890810321108,1.6451612903225805,0.010690523005095109,1.2580645161290323,0.018834116591891548
2025-12-19,2025-12,320,312,0.01963038148844066,0.011358458524800287,0.06462739749727056,-0.07157040763066634,-0.008335829152552907,0.3530547595432689,-0.066187419999288,-0.04314058887996576,0.07139514841319024,-0.020892173711307117,-0.006327304751262978,0.174027576922409,0.085647032591306,0.02364290825675763,0.04570536934572014,0.03926287455132108,0.005211500428895338,0.5357929150904379,-0.07966250384297101,-0.0008343386300440608,0.056519224298495534,0.012599428394023835,-0.011030942162338228,0.20820506481874373,0.11534531422535739,0.009554670483867607,0.05897901464756946,0.0789452361850372,0.01580327774245562,0.13967348947640387,-0.002407494434225543,-0.013687769488893933,0.05021463171163147,0.08483671271539975,0.0057126785025258635,0.12585727101372135,1.2580645161290323,0.008213297234477706,1.3225806451612903,-0.046447040492868984,1.8064516129032258,0.019126779224499565,1.5806451612903225,-0.004785951533269868,1.5483870967741935,0.005683702741932123,1.6129032258064515,-0.01772002755341006,1.129032258064516,-0.011158409797714198,1.4193548387096775,-0.00987569184803717,1.8709677419354838,0.0005340810740566276,1.967741935483871,-0.015950297001047907,1.5483870967741935,0.011932310000520134,1.4193548387096775,0.0021642914057516697
2025-12-22,2025-12,312,304,-0.011954950733291241,-0.0067666570112522445,0.05745277395135867,-0.03656222761859531,-0.005534252938704267,0.3394166186451912,-0.0538101194902403,-0.03178374375365842,0.05651073621885272,-0.11735741734817169,-0.0031820243603610417,0.1778932074084878,-0.002536874170816247,0.008390841510529774,0.04189585110082833,0.022964775835719778,-0.0033811782412584007,0.3886398178214828,-0.08610512075065253,-0.016379790515158362,0.049213346755096934,-0.013085765718209756,0.009402786529490031,0.2527187413225571,-0.06038559921735908,-0.010795675773872776,0.04491552246095032,-0.19535796892668983,-0.018574386480279363,0.13479780815541745,-0.04224593605956416,-0.015190958494657396,0.047596270600336055,-0.19492571470114797,-0.020897663701621095,0.1295566315452258,1.2580645161290323,-0.009911818301574825,1.6129032258064515,-0.03581600181817454,1.7741935483870968,0.003955357639562032,1.6451612903225805,-0.020492693740964813,1.6774193548387095,-0.014989224160969549,1.7096774193548387,-0.01946515204304449,1.2258064516129032,-0.008598769067736526,1.2903225806451613,-0.0064078308119739445,1.8387096774193548,-0.007977952434806788,1.967741935483871,0.0044834316907803535,1.7419354838709677,-0.022929225189956784,1.2903225806451613,-0.024123470153234
2025-12-23,2025-12,288,281,0.0064316257349424704,-0.009603479253717767,0.07749875929695807,0.02551903114186851,0.006570366878352905,0.3282166211200612,0.014428583485043946,0.011926643178167284,0.07942264276991537,-0.015828139003090477,0.005022825362613663,0.15377637797168323,-0.061701431845157514,-0.003115481113160498,0.047748374546283806,-0.011860530075094109,-0.0014021447977007745,0.4247453766209739,-0.039601995748084026,-0.01327427082943921,0.0674027778205446,0.03069025314573462,-0.014618832564799993,0.1905252521724573,-0.00027378239674635997,-0.01936583570905161,0.0725166832798244,-0.13836359507935167,-0.03063849525379185,0.12978447075667127,-0.05725568563149794,0.010330307866139782,0.08004173632527653,-0.2536943041205004,-0.038435453057245335,0.1385016783273646,1.4666666666666666,-0.013270145920384434,1.6666666666666665,0.007759976511500617,1.9,-0.007865481113160499,1.6666666666666665,-0.017440937496105875,1.8333333333333333,-0.023949169042384942,1.6666666666666665,0.006163641199473115,1.1333333333333333,0.0037370335450195723,1.4666666666666666,0.0013561586959469963,1.8666666666666667,-0.006068811464367441,1.8666666666666667,-0.01928549923146666,1.4333333333333333,-0.034221828587125185,1.2666666666666666,-0.041602119723912
2025-12-24,2025-12,267,263,0.0027872385328634904,5.546019496985993e-05,0.06328613124726534,-0.02794142007628217,0.010648547690694569,0.29084889662380403,-0.04597272875286264,-0.008799981245027608,0.06047602036878957,-0.10310733595066572,0.016989138206682127,0.12369631223667127,-0.048969904535796714,0.011552594768951296,0.045352327708890625,0.017234745828225005,0.01241389547128809,0.5550694127495472,-0.10232052896378184,-0.013734433034834091,0.04474938120327572,0.15330757612223816,0.04114344295791719,0.23578827226391205,-0.03238549255267999,0.01130086465258074,0.04842212556832008,-0.17303260031986314,-0.01256860645731864,0.10410480194080335,-0.106252672535252,-0.02603554267142427,0.05754823569826097,-0.2922259781538159,-0.014486760456684969,0.09745349520100996,1.1785714285714286,-0.0028909683764587117,1.4642857142857144,-0.012460695530741894,1.9285714285714286,0.006731166197522725,1.7142857142857144,-0.018020147320548376,1.6428571428571428,0.007193721795437883,1.6428571428571428,-0.030142685528567126,0.9642857142857143,0.008237833404980284,1.3214285714285714,0.013685566778110699,1.7857142857142858,0.007949609757002374,1.8928571428571428,0.036411300100774334,1.5714285714285714,-0.01649717788589007,1.3214285714285714,-0.017790331885256395
2025-12-26,2025-12,293,289,-0.027193318707908868,0.0023439893882767696,0.05985520352675051,0.021069863904613514,0.018216342334046128,0.2746599666003523,-0.1432765057659471,-0.032543718501773594,0.05668265207882208,-0.11971799825081811,0.02172212888807638,0.15153954255169835,-0.030870282701680123,0.02273781822631102,0.043848423908018956,-0.00213880654279626,-0.0033401271610010606,0.4068251144269417,-0.2041866127289615,-0.03456572541398137,0.04840807476100268,0.016668163478576685,-0.027326881207385512,0.1780675486500921,-0.13137834193075948,-0.04219367863454419,0.0543344452182106,-0.08656510529505325,0.01764351913380862,0.13293062856998938,-0.10565559944216102,-0.016596339225879015,0.049766435231203714,-0.07989469123155714,0.009396714737186956,0.12545031437586093,1.3103448275862069,-0.0009318726806887478,1.5862068965517242,-0.0365092357431529,1.6551724137931034,0.01859988719182826,1.793103448275862,-0.039048484034671024,1.620689655172414,-0.04624540277247523,1.6551724137931034,-0.020734270260361773,1.103448275862069,0.015457721644390954,1.3103448275862069,0.018446266819110862,1.8620689655172413,-0.007995299574794165,1.8620689655172413,-0.03198205362117862,1.7241379310344829,0.013333174306222413,1.4827586206896552,0.005689818185462818
2025-12-29,2025-12,260,258,-0.03886607334883197,0.00946786930917716,0.05176707416826934,-0.0007155317500145087,0.008216342782801214,0.26990446928315437,0.03790269997166549,-0.005968486043461008,0.05202879516186476,-0.06008350146281181,0.01594939140128608,0.1334521981099477,-0.11782745300641269,-0.08383377915788977,0.05296227926097749,0.058666731326596964,0.008191475589591046,0.46450374676631045,-0.03185550082101806,-0.07708569694990682,0.0403955626217595,0.004381266450231967,-0.021630043856388684,0.19997089012311056,-0.04800344110688938,-0.027736676631575266,0.04796108904036053,0.08959167579857236,0.0557555226411217,0.1216243002563715,0.009387257663119732,-0.012122082155759578,0.03684282050863332,0.14727049899463693,0.09127324975013781,0.11397715357060616,1.3103448275862069,0.0061920072402116425,1.5862068965517242,-0.009934003284840318,1.7241379310344829,-0.08814412398547597,1.793103448275862,-0.08156845557059647,1.7586206896551724,-0.032133228355713195,1.6551724137931034,-0.016260013190242336,1.0344827586206897,0.00563013588624949,1.517241379310345,0.012156287953010218,1.793103448275862,0.0037087169689013905,2.0,-0.026630043856388685,1.5862068965517242,0.05179000539974239,1.4482758620689655,0.0876525600949654
2025-12-30,2025-12,263,254,-0.014211391772749857,-0.007246704548654226,0.0521806478145188,0.03801423810566701,-0.017895599217189907,0.3082750812917948,0.0678632023072275,0.0034544629995491988,0.053593230836617184,0.0747243280041585,0.03840109300934055,0.1621061459928751,0.11248175507006346,0.020519581323610918,0.04001188663972341,0.10619857314355782,0.03634491150120926,0.49420762598514556,-0.014978904066937039,0.0062683016059389765,0.04055529311362728,-0.1054559175477528,-0.013829851661073166,0.22859780028462412,0.014197206734866736,-0.016959688581303277,0.04177110956848544,0.15037020130190537,0.007532978954672628,0.1301124934852123,0.04171954942569983,-0.013234915891911371,0.04129441365373562,0.18631376605283087,0.03569492663230111,0.12612991563975812,1.1153846153846154,-0.010035166087115764,1.7307692307692308,-0.0008724600773738784,1.8076923076923077,0.01600035055438015,1.7692307692307694,0.0018452246828620528,1.8076923076923077,-0.021478919350534045,1.7307692307692308,-0.017561838968834446,1.0384615384615385,-0.020491753063343752,1.3076923076923077,0.035131862240109786,1.7692307692307694,0.03192183457813234,1.9230769230769231,-0.018637543968765474,1.6153846153846154,0.00349451741621109,1.4230769230769231,0.0321372343246088
2025-12-31,2025-12,238,236,0.09508424947225858,0.027538165037080717,0.07041226554073682,0.014324568872090968,0.0199693516855962,0.32667633805734414,-0.12068465964851065,-0.0422255917101151,0.06801121217596519,0.09332355366806433,0.022667098827577427,0.15957420420212048,-0.04712833021571235,-0.016406880352004875,0.05460218682271251,0.06132121873656152,0.015539379704600537,0.5267731721202532,0.011502831979876858,0.10410391769978622,0.05975410285475703,-0.03281899593161771,-0.003470923982355989,0.2176054713781923,-0.10681272667957072,0.0009010767200051256,0.06546974532706151,0.27537220067837526,0.06355433157426527,0.13786617193060619,-0.08570574037570115,-0.04031373858619419,0.04777655110454983,0.2816815089999773,0.055824191868127426,0.14929424645379186,1.24,0.024438165037080718,1.52,-0.046025591710115096,1.88,-0.021106880352004875,1.72,0.09980391769978622,1.8399999999999999,-0.0036989232799948743,1.68,-0.044513738586194194,0.96,0.017569351685596202,1.3599999999999999,0.019267098827577427,1.72,0.011239379704600537,1.92,-0.008270923982355988,1.64,0.059454331574265266,1.24,0.05272419186812743
2026-01-02,2026-01,318,316,5.9706878409654086e-06,0.05500613343002386,0.05080977453832428,-0.08087684734395008,0.025471961796629437,0.3314675113069825,0.02387509028328848,0.04869873786640397,0.044088135379369515,0.01678005059782417,0.026206440292489263,0.16326040728017688,0.10485015640312408,0.03887029913288512,0.03145853948931378,0.06574767517068315,0.05397220877984416,0.31743951491080225,-0.03170456563958527,0.024634643357942562,0.03764287411663275,0.08417042648789938,0.053793244071439573,0.22203530371189117,-0.001887109821525953,0.05291052980644387,0.03334749038509739,0.025776007137953985,0.03775389777055836,0.12642403604695573,-0.06368597462906231,0.04678564343627177,0.0314553447323165,0.01873731579270453,0.025757507627850618,0.17446441994979978,1.59375,0.051021758430023864,1.65625,0.044558112866403966,1.875,0.03418279913288512,1.875,0.01994714335794256,1.71875,0.04861365480644387,1.65625,0.04264501843627177,1.65625,0.021331336796629435,1.6875,0.021987690292489263,1.875,0.049284708779844165,1.96875,0.048871369071439574,1.71875,0.03345702277055836,1.75,0.021382507627850617
2026-01-05,2026-01,293,288,-0.018546877780435587,0.016821137308204944,0.039959579824124514,-0.036888120061713964,-0.02532279986579563,0.2606432179374428,0.1037993017581992,0.017521183082349547,0.039030734431045905,0.061626183972116125,0.01869338763771654,0.18056532008380727,-0.04784372384083758,-0.057768623031085625,0.04334958426896483,0.08507263134639269,0.06136167387572579,0.3291664804364073,0.10951895077635165,-0.0021526495356743187,0.033428532049342034,-0.03334538733909572,-0.04881181849356608,0.30743719971385497,0.058792379451196065,0.05452681257879122,0.03206841230994783,0.11272674014203372,0.022743501486910154,0.13304836784714255,0.10712761640964343,0.03516940785322494,0.043428337762322994,0.11639160316050307,0.053971349463841814,0.19089236739894438,1.46875,0.013149262308204944,1.375,0.014083683082349547,1.9375,-0.06261237303108562,1.65625,-0.006293274535674319,1.6875,0.05030806257879122,1.53125,0.03134128285322494,1.125,-0.02813529986579563,1.4375,0.015099637637716542,1.84375,0.05675229887572579,1.875,-0.053499318493566074,1.75,0.018368501486910153,1.59375,0.049986974463841816
2026-01-06,2026-01,294,294,0.02341667897389927,0.02227328488839596,0.05461246294452325,0.0796769543705722,0.030077008191025458,0.32890981495187716,-0.02931187282550112,-0.026903880814338706,0.05680432127400392,0.21953857033066018,0.0660338091063517,0.19133883316455216,0.06909967720747089,0.0015036915870469715,0.048270443318835204,0.04222862996098993,-0.022229935583131855,0.38350346735839186,0.031645583816739216,0.0015015406968674413,0.046889144693922434,0.12040308690144652,0.054395871183236896,0.3414909402871954,0.02852656768150657,0.006859881570562401,0.048178734084184445,0.19343803235414603,0.07752470413479444,0.186285977605088,-0.004769185381628718,-0.036410859224420916,0.05001349932867652,0.22184158675328752,0.07571764430236284,0.2322934941741927,1.5862068965517242,0.018307767647016648,1.6896551724137931,-0.031128018745373187,1.6896551724137931,-0.002720446343987511,1.7586206896551724,-0.00289501102727049,1.8620689655172413,0.002204709156769298,1.8275862068965516,-0.0409798247416623,1.3793103448275863,0.026628732328956493,1.5172413793103448,0.062240705658075844,1.9310344827586206,-0.027057521790028405,1.6896551724137931,0.050171733252202415,1.6551724137931034,0.07338677310031168,1.5172413793103448,0.07192454085408698
2026-01-07,2026-01,319,314,-0.014796390214590923,-0.0008165371148066078,0.06560990117370671,0.026383672443366653,-0.031826729857219724,0.2629446316540482,0.007985968088843422,0.05946771823223729,0.06618132361310754,0.1971003134796238,0.050359851565894766,0.18480745126162806,-0.07369464222742214,0.007638595044370408,0.05774084079400925,0.050342528271949,0.02825824721081261,0.4856580618408418,0.039060747680393984,0.008243133398693033,0.047150083892111644,-0.04147727272727273,0.020750079815728777,0.2673287668055104,-0.006304711066422192,0.0159227474779959,0.061907252430728435,0.20913489974566749,0.06140195480529764,0.1772795260673569,0.07601067605133968,0.05672511722283768,0.05480787482828112,0.21509544863074467,0.06557698038194909,0.20715413290646767,1.5483870967741935,-0.004687504856742092,1.6774193548387097,0.05527416984514051,1.8387096774193548,0.003041820850822021,1.7741935483870968,0.003807649527725291,1.8387096774193548,0.011325973284447514,1.6451612903225805,0.052612213997031226,1.2903225806451613,-0.03505253630883263,1.5806451612903225,0.04640823866266896,1.8387096774193548,0.023661473017264224,1.8709677419354838,0.016072660460890068,1.5806451612903225,0.057450341902071836,1.5161290322580645,0.06178665780130393
2026-01-08,2026-01,301,299,-0.010634092968502802,0.008965504646231099,0.04687128142963344,-0.10116125057754505,-0.024019200733525016,0.24313247861961523,-0.0329999339948516,0.04387252470475181,0.045314351161331916,0.008124793733911244,0.07689797011461717,0.18079432050387062,0.20551402441445962,0.017963450547846344,0.04958818986660995,0.04031330419966827,-0.007417272208806315,0.3510611951351166,-0.05985130131972771,0.026459978151637916,0.03657928264089807,-0.030772040219137094,-0.04094519590296518,0.30986831126113734,-0.05994543574398803,0.041819908328512845,0.04324115812278069,0.10741369826846495,0.10587438732360976,0.1642021848509709,-0.09114958966799411,0.005926007262251655,0.03685957782550406,0.08392642626124838,0.06256109238196852,0.186600938004752,1.5483870967741935,0.005094536904295615,1.5161290322580645,0.040082202124106646,1.9354838709677418,0.01312474087042699,1.6129032258064515,0.022427720087121787,1.7419354838709677,0.037465069618835424,1.5161290322580645,0.002135684681606493,1.2580645161290323,-0.027164362023847595,1.6451612903225805,0.07278506688881073,1.8709677419354838,-0.012094691563645024,1.7096774193548387,-0.045219389451352274,1.5483870967741935,0.10200341958167428,1.4838709677419355,0.05885141496261369
2026-01-09,2026-01,276,271,-0.01148984910173227,0.04546970554029214,0.056744960815401646,0.04640116436694682,0.015798144533234568,0.2386544197625308,-0.022832154625669763,0.05373669542923349,0.06069273164147081,0.20499022559609595,0.11069224062414396,0.20869166514387838,0.07635605210174685,-0.002765739279114247,0.054454252971274125,-0.04952575086504699,-0.02382174736176815,0.43204106390476227,-0.05633823718268861,0.0017989641069223808,0.05871434145461514,0.12214608809805796,0.02312862568690558,0.29153931472036576,-0.05217790842025656,0.020166216706989197,0.058347108126208455,0.2222639517130178,0.11156906973684627,0.1944768081108729,-0.03992923045179625,0.0007026878388364313,0.05746396486302387,0.2189786104650333,0.09188517384955416,0.2168113540996004,1.5,0.04171970554029214,1.5999999999999999,0.04973669542923349,1.8666666666666667,-0.007432405945780913,1.7,-0.0024510358930776195,1.7,0.015916216706989197,1.6333333333333333,-0.0033806454944969025,1.2666666666666666,0.012631477866567901,1.5666666666666667,0.10677557395747729,1.9,-0.02857174736176815,1.9,0.01837862568690558,1.5333333333333332,0.10773573640351294,1.5,0.08813517384955416
2026-01-12,2026-01,319,316,-0.021336024033686587,0.008071935327280202,0.055663565508916116,-0.04108024782634412,-0.0047622866435774215,0.24436116445576772,0.010162950257289879,0.00465669564555838,0.05429302525016226,0.025619196190926834,-0.008271639667513313,0.1765932315029204,-0.08255113980284329,-0.013590841091065294,0.04607453190844796,0.027382359060095937,0.017304183268557333,0.5646631987765431,0.003166218134500503,0.01106516315483927,0.05521043886124004,-0.0745061217247294,-0.038823333968850765,0.2104275079909712,0.020196146566510913,0.015294818515550805,0.06441835696116802,0.03700353403915538,-0.006677069021224086,0.16219163476489484,-0.11540486189152423,-0.03455586144549025,0.05140842323553787,0.046747648902821314,0.000666916375994489,0.18885460391175002,1.46875,0.004400060327280202,1.53125,0.00082857064555838,1.875,-0.018278341091065294,1.59375,0.007080788154839269,1.65625,0.011154193515550805,1.59375,-0.03854023644549025,1.28125,-0.007965411643577421,1.65625,-0.012412264667513313,1.90625,0.012538558268557334,1.96875,-0.043745208968850764,1.6875,-0.010895819021224086,1.625,-0.003395583624005511
2026-01-13,2026-01,253,251,-0.06168614578393951,-0.028322097976417302,0.050145651323630885,0.06238894051287067,0.016739018260386686,0.32231369853019715,0.0036946962657335818,-0.008568114608695662,0.04596293858222064,0.020109640445141987,0.010049599576443032,0.17006492421030997,-0.03622952134167016,0.006719244670650598,0.0409483926285188,-0.09005765123040733,-0.03769625037803631,0.4013276970386505,0.07034594983927404,-0.014823747427829425,0.04747646668913071,0.06678315408202433,0.013007754725957247,0.36137016385793685,-0.09463342773852873,-0.02112949939455449,0.040972418440079206,0.13110465934841148,0.020399692115770383,0.14903711125254632,-0.018343803862461858,-0.012222460501581697,0.04491310750110144,0.12332919847469659,0.020091160062776513,0.19220153346657753,1.46875,-0.031993972976417304,1.65625,-0.012708739608695662,1.90625,0.0019536196706505977,1.78125,-0.019276872427829425,1.78125,-0.025582624394554488,1.6875,-0.016441210501581698,1.40625,0.013223393260386686,1.71875,0.005752724576443031,1.90625,-0.042461875378036314,1.78125,0.008554629725957247,1.78125,0.015946567115770385,1.625,0.016028660062776513
2026-01-14,2026-01,303,296,-0.07599050364051017,-0.007956904560850778,0.045137971851732225,0.08173105128567928,0.00796829919874063,0.2376095370699962,0.05801129520411086,0.006857222120682266,0.0454694462751533,0.0797889870897163,0.046605373971721445,0.1454339239746332,-0.022814856906141993,0.0028545745729085907,0.04888053608518309,0.0683649057623453,0.022104562649093117,0.5007014411191146,-0.02474234053055428,-0.010415588685191126,0.045576757099231396,0.08224050881909382,0.04954058822031174,0.23959844602892796,0.0004387115253874638,0.008997866909990118,0.042615974307689125,0.1442140118508191,0.03727175621832833,0.13683963902294635,0.05077579037095065,-0.0095658466824463,0.03864275649053582,0.20780259448043095,0.05393796765275753,0.17368633312483628,1.5333333333333334,-0.01179023789418411,1.7666666666666666,0.002440555454015599,1.8,-0.001645425427091409,1.8,-0.014915588685191127,1.8333333333333333,0.004414533576656786,1.7333333333333334,-0.013899180015779635,1.5,0.00421829919874063,1.7333333333333334,0.04227204063838811,1.8,0.017604562649093117,1.9666666666666668,0.04462392155364507,1.6333333333333333,0.033188422884994996,1.6,0.04993796765275753
2026-01-15,2026-01,298,292,-0.21267975681927104,-0.04953206343274432,0.046249830128548136,0.011236016196623141,0.01907298143885141,0.2357447779063007,-0.09352282448284782,-0.04094725244717375,0.0501372418417145,0.12288923669139601,0.01408761510833472,0.1893536201838789,0.007530005241519294,-0.005705249217155742,0.05170571524016389,0.022198210573779645,0.02535467403884326,0.386647979247159,-0.0481802080944561,-0.04175861901839775,0.040092444254597716,0.014436071337150998,-0.020218714121173063,0.3310094790468956,-0.035131000698552496,-0.02615992968930586,0.04196555142975505,0.15688183035717324,-0.009842223093254329,0.17636420731914454,-0.08121778957877966,-0.011768058015890849,0.04900384300482255,0.2023636966735887,0.02121713509632811,0.20821061563389054,1.5,-0.05328206343274432,1.7333333333333334,-0.04528058578050709,1.8333333333333333,-0.010288582550489075,1.8,-0.04625861901839775,1.7666666666666666,-0.030576596355972527,1.8,-0.01626805801589085,1.5666666666666667,0.015156314772184744,1.6666666666666667,0.009920948441668052,1.9,0.02060467403884326,1.9333333333333333,-0.0250520474545064,1.7,-0.014092223093254329,1.7,0.01696713509632811
2026-01-16,2026-01,292,287,-0.12502098162812955,-0.06400432251377557,0.05347496875710102,0.03110858120056894,-0.016192016749619922,0.2458460558655447,0.01439558728761725,-0.014629170078580205,0.05797587343931877,0.05165098352414504,0.007149834550568657,0.16450840825664587,0.02581026570345426,0.03529713162297248,0.0362240995881618,0.06050174996461889,-0.0264745512469928,0.3763325800155771,-0.056343160341976985,0.022745847521825173,0.0535000667161109,0.03370216794160984,0.016998710899978522,0.26442305480354816,-0.028597662590238368,0.02166605658462023,0.053313192053609994,0.11538303964895724,0.026086439587276647,0.15076750491199822,-0.04277924470031171,-0.04200061488591004,0.051014863272252124,0.06789837535721464,0.007959128705412618,0.17627924770630637,1.6206896551724137,-0.0680560466517066,1.7241379310344827,-0.01893951490616641,1.9655172413793103,0.030383338519524204,1.8620689655172413,0.01809067510803207,1.7586206896551724,0.017269504860482298,1.7586206896551724,-0.04639716661004797,1.4827586206896552,-0.019898913301344058,1.7241379310344827,0.0028394897229824505,1.8275862068965516,-0.03104351676423418,1.8620689655172413,0.01234353848618542,1.7241379310344827,0.02177609475969044,1.6206896551724137,0.003907404567481584
2026-01-20,2026-01,397,392,-0.017620640568371343,0.01915021444098609,0.052217953690059465,-0.04324365894812587,0.00870809830370329,0.24168717727447167,0.030492512942546485,-0.007750475307801215,0.05440323217246466,-0.07243050609125315,-0.030639229369466406,0.1484084387238209,0.0042376357611967974,0.00715491329338253,0.036000224624712036,-0.030236140094520764,-0.03386014354787183,0.429419319694623,0.08174613639011602,0.032194520268460425,0.05126627601036804,0.055670689912427566,0.021391279236790392,0.3135403024080472,0.03964828339852073,0.014765599316670201,0.05006884484410277,0.002244256930787822,-0.010722754786633665,0.12776486413219035,-0.054393610368002054,-0.01143786262121214,0.045621245622003224,-0.08668734865841304,-0.036892989271665885,0.1690762280844725,1.435897435897436,0.0155604708512425,1.641025641025641,-0.011853039410365317,1.8974358974358974,0.0024113235497927868,1.6666666666666665,0.02802785360179376,1.6153846153846154,0.010727137778208662,1.641025641025641,-0.015540426723776243,1.1794871794871795,0.00575938035498534,1.641025641025641,-0.034741793472030505,1.8205128205128205,-0.03841142559915388,1.8717948717948718,0.016711792057303214,1.641025641025641,-0.014825318889197768,1.3846153846153846,-0.040354527733204346
2026-01-21,2026-01,360,352,-0.044238141332681266,-0.04140177814322438,0.05885296076997221,-0.04195531344120454,-0.010131497672514958,0.2522398271065737,0.014110705586720063,0.004904018682864034,0.06112140221083329,0.028805263415098366,4.3310144974105166e-05,0.14154092531119072,0.07449770066067758,0.010534216930557736,0.04734714495927708,-0.06913099265155223,-0.006594008093645708,0.46271025048834935,0.08479748135868259,-0.019503033463019043,0.06092400769521722,-0.09003310210726935,-0.008699720670016675,0.32305462999003276,0.02368099548093221,-0.005968454780940819,0.054558816113901,0.010001620382873324,0.007394906649335419,0.13555242674691337,0.06990925081964619,-0.0014974136757822387,0.04695046565832345,0.006639968929801413,-0.0015243366007143093,0.16989982170718057,1.564102564102564,-0.04531203455348079,1.7179487179487178,0.0006091468879922393,1.8717948717948718,0.005854729751070556,1.7435897435897436,-0.0238620078219934,1.7179487179487178,-0.010263326575812613,1.7179487179487178,-0.005792285470654033,1.1794871794871795,-0.013080215621232908,1.6153846153846154,-0.003995151393487433,1.9487179487179487,-0.011465802965440579,1.8205128205128205,-0.013251002721298727,1.6923076923076923,0.0031641374185661887,1.4871794871794872,-0.0052422853186630276
2026-01-22,2026-01,350,342,0.011507780682680421,0.024470706797755745,0.057107512702676444,-0.09348517784881144,0.015684373439470763,0.2400591340573395,0.006039093453060982,0.02425189675467388,0.048878531393593716,-0.09417677537963193,0.0022792885173961285,0.16808657348155975,0.03986804998733597,0.00023131360537853932,0.040758661905808374,-0.006977666208615815,-0.018829686409901684,0.31492740332203756,0.08658182768776057,0.04365062338702028,0.05620487801061242,-0.14643996952324798,-0.02628818078424421,0.39529307027730876,0.024424644242552074,0.029674762896220203,0.056006355426755236,-0.10515529142432382,0.009705932789642956,0.16050651998204343,-0.001197071080258693,0.02783412362304665,0.05636338720326249,-0.03786545461237276,0.011016304532526477,0.20013412055285537,1.5142857142857142,0.02068499251204146,1.6857142857142857,0.020037611040388165,1.8857142857142857,-0.004482972108907175,1.7428571428571429,0.039293480529877425,1.7142857142857142,0.025389048610505918,1.7714285714285714,0.023405552194475224,1.3428571428571427,0.012327230582327906,1.7142857142857142,-0.0020064257683181565,1.7714285714285714,-0.02325825783847311,1.8571428571428572,-0.030931037927101352,1.7428571428571429,0.0053487899325000985,1.6857142857142857,0.006802018818240762
2026-01-23,2026-01,299,289,-0.0604664317299275,-0.05526028834657202,0.055669155807113596,-0.04140962043500707,0.022566753126377893,0.22508575818661986,-0.007522614531660345,-0.016810668987696113,0.06198746566186032,-0.15557226549347938,-0.030894727979583977,0.15342181330097132,0.01472952566580977,-0.004547213836702101,0.041362523646634515,-0.0815874756599087,-0.006003003103649984,0.35152805005681925,-0.0288525542471051,-0.02321977717114973,0.05580652195690025,-0.08986958766357657,0.00027590205613093124,0.25068059126878606,0.06747368184776997,-0.002915033478193718,0.054853351680261654,-0.10420596619604498,-0.027201896619418978,0.13400061903842564,0.05027407356446279,0.002352667385109704,0.054432443974015025,-0.007340351507261341,-0.017780611285330556,0.17779012332702504,1.4117647058823528,-0.058789700111277904,1.7647058823529411,-0.021222433693578464,1.8823529411764706,-0.009253096189643277,1.8235294117647058,-0.027778600700561495,1.7058823529411764,-0.0071797393605466595,1.7058823529411764,-0.0019120384972432375,1.3235294117647058,0.01925792959696613,1.6470588235294117,-0.035012375038407505,1.7941176470588236,-0.010488297221297044,1.9117647058823528,-0.004503509708574951,1.7352941176470589,-0.03154013191353663,1.6764705882352942,-0.021971787755918792
2026-01-26,2026-01,383,374,-0.026047299638889493,0.012421766314806806,0.04775178438025382,0.07453727119872049,0.018021420098550865,0.28812172558360005,-0.054946482030812135,-0.0009145192289184978,0.04577142647650068,-0.27237775620958815,-0.11137045112479206,0.13037744990071734,-0.05516695269974068,-0.005102685462756919,0.042306785030738994,-0.025745119159184572,0.07040574545235802,0.3670613702285934,-0.09063412811829615,-0.02218654582725338,0.04315424772834714,-0.00848158141156207,-0.009786075728677138,0.2418046482914203,-0.025834979426681066,0.004524750688689044,0.04610725747343354,-0.18841503424329828,-0.08940083081320147,0.12097281600172455,0.017347525122192824,0.04055261294236959,0.045470940559892786,-0.13352323212991948,-0.060054602135352735,0.14710032275399645,1.4594594594594594,0.008773117666158159,1.5405405405405406,-0.00476587058026985,1.7837837837837838,-0.009562144922216378,1.6756756756756757,-0.026375735016442567,1.6486486486486487,0.00040312906706742226,1.5405405405405406,0.03670126159101823,1.162162162162162,0.01511601469314546,1.5405405405405406,-0.11522180247614341,1.945945945945946,0.06554088058749315,1.9189189189189189,-0.014583373025974435,1.6486486486486487,-0.09352245243482309,1.5135135135135136,-0.06383838591913651
2026-01-27,2026-01,288,284,-0.14102107798455357,-0.01229240491561659,0.03387730480224188,0.053009295540310815,0.010356818884386096,0.23585411324165761,-0.03630002933741646,-0.009478872780065761,0.03753258554103096,-0.07251968219138444,-0.0029708852741227587,0.12117927042501313,0.04104960019838386,-0.0026725344062527023,0.047177621648143674,-0.07678915690135801,0.013758984057564594,0.4433047090257917,-0.040512761776159534,-0.04343476681401972,0.03197870135206322,0.06234703350493712,0.026624880280412287,0.2980473312948431,-0.08248134260877953,-0.04873175336751062,0.03798896543426701,-0.038010541375804265,-0.03849770645442471,0.10715900734066963,-0.10063463521065691,-0.062175590884791375,0.0368876546694394,-0.009607501537200245,-0.036205343607589396,0.13700768737388508,1.4864864864864864,-0.016008621131832806,1.6216216216216215,-0.013532926834119816,1.864864864864865,-0.007334696568414865,1.8108108108108107,-0.04796179384104675,1.8108108108108107,-0.05325878039453765,1.7027027027027026,-0.06643234764154814,1.3513513513513513,0.006978440506007717,1.6756756756756757,-0.0071600744633119485,1.945945945945946,0.008894119192699728,1.972972972972973,0.021692447847979857,1.7837837837837838,-0.042957165913884175,1.6216216216216215,-0.04025939766164345
2026-01-28,2026-01,352,343,-0.053340391641160556,0.015681647793163937,0.051136096095615785,-0.015742519991811775,0.07331412407142474,0.25315195163164067,-0.04963010261900055,-0.007921345947202174,0.05125693087632535,-0.13231987559183025,-0.009449789328756841,0.15244481361964168,-0.09490835542034483,0.006565535278152434,0.053021661224635884,0.02548907512025383,0.026920002617609524,0.4780812951571801,-0.10328717552513586,0.006804807088305633,0.04588763289329936,-0.10449257226877623,-0.05538315422406015,0.2705305843230556,-0.06664845227168173,-0.006075707137407866,0.04705884444218713,-0.038661566636070885,0.004068826748827555,0.13587957522010102,-0.09442651168655082,0.008349848790741372,0.05123014170491688,-0.039213776465901115,0.0042867084824312176,0.17497716427725904,1.4411764705882353,0.012078706616693349,1.7058823529411764,-0.012186051829555115,1.852941176470588,0.001933182336975964,1.7647058823529411,0.0023930423824232803,1.7647058823529411,-0.010487471843290219,1.7058823529411764,0.00408514290838843,1.352941176470588,0.06993177113024826,1.6470588235294117,-0.01356743638758037,1.9117647058823528,0.02214059085290364,1.9411764705882353,-0.06023609540053074,1.6764705882352942,-0.00012234972176068063,1.5588235294117647,0.0003896496589018061
2026-01-29,2026-01,390,378,-0.054876130963163586,-0.00886190078013209,0.05196471219552809,0.009682661141250612,-0.0016802927240101484,0.3502680695811777,-0.12250674788232563,-0.07865845480141317,0.051609009264299885,-0.18425903776234812,-0.06750373730024624,0.15484050857393367,-0.1928686715882385,-0.0697178647185859,0.061593429258365154,-0.0821718606798801,-0.01156188619415395,0.3309500140971259,-0.04491751246796988,0.02083914173528869,0.04683673203278994,0.024933254504783574,0.0013057070222083677,0.26659962927040304,-0.074787018778761,0.001265122460244586,0.04468659761883765,-0.0812065218655663,-0.051867714001708996,0.12118920938749062,-0.014003330219976252,0.036038500961321766,0.042644979570761854,-0.1449170504838195,-0.08110107622816612,0.15549710030226332,1.3421052631578947,-0.012217163938026826,1.4736842105263157,-0.08234266532772896,1.894736842105263,-0.07445470682384905,1.6842105263157894,0.016628615419499216,1.7894736842105263,-0.0032085617502817295,1.6578947368421053,0.0318937641192165,1.2894736842105263,-0.004903976934536464,1.526315789473684,-0.07131952677393046,1.9473684210526314,-0.016430307246785528,1.894736842105263,-0.0034311350830547897,1.5789473684210527,-0.055815082422761626,1.526315789473684,-0.08491686570185034
2026-01-30,2026-01,315,308,-0.1475747318380626,-0.06693738663727526,0.05858392018179044,-0.05993979951087103,-0.02222806649273803,0.28929392547316607,-0.18165420808329782,-0.09122937436264804,0.05625237000837292,-0.22362446873452274,-0.03243224790966896,0.14846048432011758,-0.1348657237217405,-0.015356383456910278,0.06868590710812786,-0.05722159139765364,-0.00432172874068875,0.3467599790423147,-0.11052837740181741,-0.06839831391357908,0.049925728455639265,0.01650599125403608,0.010276449682650688,0.2621537906027609,-0.0855503468822827,-0.05065616919820709,0.055884925582173534,-0.1230719910313557,0.004513083889745221,0.11899539660061559,-0.18940041387836276,-0.05715644852611322,0.050448672825021815,-0.1071718439855181,-0.011662971013094766,0.17024293770232507,1.394736842105263,-0.07042422874253843,1.5789473684210527,-0.09517674278370067,1.7894736842105263,-0.019830067667436592,1.8157894736842104,-0.0729377875977896,1.7105263157894737,-0.054932484987680774,1.6578947368421053,-0.061301185368218485,1.1578947368421053,-0.02512280333484329,1.5,-0.036182247909668966,1.7105263157894737,-0.008598044530162434,1.8684210526315788,0.005605397051071741,1.4210526315789473,0.0009604523107978528,1.4210526315789473,-0.015215602592042134
2026-02-02,2026-02,404,394,0.009657219262990874,0.043473883710276245,0.07676163050389645,-0.07158085535600707,0.012857622017527173,0.27662504512148023,-0.009818186119687237,-0.012274070099425063,0.0714451779147379,-0.23610672068033933,-0.06882064729102857,0.1323587898260508,0.05301003555809588,0.0016463137995362115,0.045533425777151984,0.060680127299409664,0.04623662025226105,0.37505296885203093,-0.01619118073924845,-0.007582409033661197,0.07064900068528356,-0.10638873647497091,-0.04635568840839845,0.17666682448142612,-0.009597254183648306,0.020013580364066474,0.07355434444314632,-0.20142022473545948,-0.08674999147739051,0.12962530901989877,0.05482742899228604,0.0065849281370384885,0.06996236808503963,-0.15704184148770542,-0.058300844491566195,0.15276808917331391,1.641025641025641,0.039371319607712146,1.5897435897435896,-0.016248429073784036,1.9743589743589742,-0.0032895836363612246,1.6923076923076923,-0.011813178264430428,1.7948717948717947,0.015526400876886988,1.6923076923076923,0.002354158906269258,1.6666666666666665,0.008690955350860508,1.7435897435897436,-0.07317962165000294,1.923076923076923,0.04142892794456875,1.923076923076923,-0.05116338071609076,1.7948717948717947,-0.09123717096457,1.7692307692307692,-0.06272392141464311
2026-02-03,2026-02,423,418,0.09776208885395196,0.0647446863628701,0.057155889651291196,-0.11446841444907979,0.005637040840634607,0.24961704379391103,0.0683427270785772,0.033673167092223594,0.05995808127605183,-0.19375939747699975,-0.05407048832249101,0.1402106476681573,0.016800959554151867,0.011576340187424846,0.05305012856101604,-0.0735529426408421,-0.01684327549414943,0.5573704246254194,0.01943727430101248,0.006513451148970593,0.05483574941400368,-0.12411697308707698,0.008961354564418319,0.21851045212575365,0.08303146327025844,0.006120593452542117,0.051552540756532136,-0.1340645545182689,-0.02262254290410016,0.12193945622337715,0.035051543776516876,0.0027359526181129357,0.05572953083485668,-0.10179728395028484,-0.04040106377762267,0.14105641101265237,1.357142857142857,0.06135182922001296,1.4047619047619047,0.030161262330318832,1.880952380952381,0.006873959235043893,1.5714285714285714,0.002584879720399164,1.5238095238095237,0.0023110696430183077,1.6428571428571428,-0.0013711902390299213,1.0714285714285714,0.0029584694120631787,1.5,-0.05782048832249101,1.857142857142857,-0.021486132637006574,1.880952380952381,0.004258973612037366,1.5238095238095237,-0.02643206671362397,1.380952380952381,-0.04385344473000362
2026-02-04,2026-02,475,471,-0.08598162171843074,-0.031915018859811045,0.04933587158608656,-0.11972242594572806,-0.04409185545374688,0.23148976805362298,-0.05583918844019953,-0.039453264963003526,0.0605965836406756,-0.0846492254463411,-0.02704731530906437,0.1561720681951401,-0.09432093234053848,-0.01664544846508348,0.05256763935225557,-0.026201665094140784,-0.01941308656177413,0.49532335521058835,-0.040205130478984066,-0.0505948295827402,0.04999706442661171,-0.04737827442769246,-0.012545660247046272,0.21369823274460245,-0.052527110777688825,-0.05791044047385638,0.04989910892107296,-0.02641174791035668,-0.020748191749312694,0.13457052076750614,-0.024182534449933513,-0.03567021642585605,0.051241085667427036,-0.08471483996663288,-0.04938785265096854,0.14087391438636374,1.3829787234042552,-0.03537246566832168,1.5106382978723403,-0.04322986070768438,1.872340425531915,-0.021326299528913267,1.7446808510638296,-0.05495653171039977,1.680851063829787,-0.06211256813343084,1.5319148936170213,-0.0395000036598986,1.0425531914893618,-0.046698238432470285,1.5744680851063828,-0.030983485521830327,1.8085106382978724,-0.02393436315751881,1.8297872340425532,-0.017120128332152654,1.4042553191489362,-0.024258830047185036,1.3617021276595744,-0.05279210797011748
2026-02-05,2026-02,529,524,-0.04749183186656545,-0.029171801059134164,0.05828537350925287,-0.02840463309045825,0.011258440220590974,0.26976420361405384,-0.01903037258862422,0.005288944780453017,0.0661439745700628,-0.04788343908948726,-0.021292202975661402,0.18169892120819825,0.117831714583817,0.01481003371999522,0.052884402754609997,0.09910109594164757,0.04370276847345879,0.4689309806204759,0.04133843846548951,0.015332338767707229,0.056157147722282474,-0.023229288392231866,-0.019898724503721335,0.2077431108515996,-0.012454484100038346,-0.030173904704114393,0.05884823980013981,0.012891204092546623,0.004604524706823477,0.17396015000457948,0.0032614370633091395,-0.001455219594699136,0.05528051701204627,0.04913146526204548,-0.00047032993948171683,0.15298201888799667,1.4423076923076923,-0.03277757028990339,1.6153846153846154,0.0012504832419914782,1.8269230769230769,0.010242726027687528,1.653846153846154,0.011197723383091843,1.7307692307692308,-0.03450082778103747,1.5192307692307692,-0.005253296517776059,1.0384615384615385,0.008662286374437127,1.5576923076923077,-0.02518643374489217,1.8461538461538463,0.03908738385807417,1.8653846153846154,-0.024562186042182875,1.5384615384615385,0.0007583708606696301,1.3846153846153846,-0.003931868401020178
2026-02-06,2026-02,404,401,0.039863655513607606,-0.0020926655121694506,0.05842193087790987,0.009727920682887147,0.003649662110738969,0.2766974118538201,0.06263329393319812,0.012912870505663964,0.06833318474160713,0.0651882061655297,-0.0028323527336451583,0.2496452214196324,0.04642207899127093,0.021364130371686094,0.0466437195526453,0.03859857579620367,0.008859936066944438,0.44192619156092405,0.001353162673110941,-0.011191047494276305,0.05949503019268805,0.018685673364689653,0.0037395877875522655,0.20431255120784045,0.0730622276454279,-0.013053474739118841,0.060734496827333576,0.03816699287794784,0.0013253550235523513,0.24779350534081457,0.016428673471151914,-0.005506149864824938,0.056008481755590894,0.0681493128634617,0.004936756681295257,0.2146462569013238,1.5576923076923077,-0.005986896281400219,1.5961538461538463,0.008922485890279348,1.8846153846153848,0.016652591910147632,1.7307692307692308,-0.015517970571199382,1.6730769230769231,-0.01723616704681115,1.6730769230769231,-0.009688842172517247,1.0192307692307694,0.0011015851876620456,1.403846153846154,-0.006341968118260543,1.7692307692307694,0.004436859143867515,1.826923076923077,-0.000827719904755427,1.4230769230769231,-0.002232337284139957,1.3846153846153846,0.0014752182197567956
2026-02-09,2026-02,426,420,-0.05345764073350421,-0.020619126915961253,0.050520637191547375,-0.021163587115751403,0.004060502589938376,0.2786838026451213,0.058315951640411416,0.02675554881864848,0.055751641374686176,0.05822374943974357,0.0211386619642503,0.15475235941509405,0.05746122288162625,0.01453995511871609,0.05511957256264574,-0.008960792547106543,-0.03958323144718118,0.44190727812903263,-0.00432271563121121,0.004951744414006778,0.048673559718743556,0.02757039828168626,-0.016015738824812116,0.1711042367276691,0.01397523035998052,0.012257939200867384,0.04397449574242748,0.061703063123194325,0.016068907723308788,0.15262142076556173,-0.044747171553913646,-0.001094583578094528,0.05368746985904524,0.05233864129812627,0.01762148887248793,0.1421173702748049,1.4523809523809523,-0.024250079296913633,1.619047619047619,0.022707929771029433,1.7619047619047619,0.010135193213954185,1.6666666666666667,0.0007850777473401103,1.5714285714285714,0.008329367772295955,1.6428571428571428,-0.005201726435237385,0.9761904761904763,0.0016200263994621852,1.4761904761904763,0.01744818577377411,1.8571428571428572,-0.04422608859003832,1.8095238095238095,-0.02053954834862164,1.5476190476190477,0.012199860104261169,1.4523809523809523,0.01399053649153555
2026-02-10,2026-02,440,438,-0.06370335063608583,-0.011114850865566843,0.041977070494817276,0.05592410281716697,0.02474311497350784,0.23322857679291203,-0.02250462492426797,-0.008722223883450429,0.04462459980391799,-0.08177986744554473,-0.029854716411064578,0.13212993732568892,-0.0815536406934285,-0.009733562799534605,0.04834582558616216,-0.054640402845432014,-0.03290130614694553,0.4632729965854775,-0.020217705403557124,-0.024259278537255343,0.043470470131569725,-0.005062174147059863,0.027089701068628482,0.32292684709483926,0.02166622368211275,-0.007597276270930929,0.04209480952782453,-0.07156803747934597,-0.02515050767587151,0.1284853868948465,0.06882863555462944,0.0030535211104699977,0.04091216343983454,-0.06383591143065326,-0.021770540365326822,0.13060875012623993,1.5227272727272727,-0.014921669047385025,1.5454545454545454,-0.012585860247086793,1.9090909090909092,-0.014506290072261877,1.8181818181818181,-0.028804733082709887,1.7272727272727273,-0.011915458089112747,1.7272727272727273,-0.0012646607077118205,1.0681818181818181,0.022072660428053295,1.5454545454545454,-0.03371835277470094,1.9318181818181819,-0.037730851601490985,1.8409090909090908,0.022487428341355753,1.5681818181818181,-0.029070962221326057,1.409090909090909,-0.025293267638054097
2026-02-11,2026-02,465,462,0.02260469564446287,0.013107500594706167,0.05036484066947078,0.003938329187891171,0.0050219424871794,0.22326293142269488,0.05290105362658557,0.050751537536453756,0.057060048084477594,-0.05028250273312741,-0.019841332405871083,0.1484309126339529,-0.0004714242564746517,-0.010140125415121753,0.05688486651562549,-0.05166741814039486,-0.004165653706260136,0.467700589934121,-0.0014709954312612488,0.013981801641567874,0.051323182752070484,0.03719631254565158,0.012218771470303709,0.19007882443459137,-0.006648422145505683,0.028143938861585616,0.053906809161336264,-0.06377269450557844,-0.04417142406359743,0.14471328209923662,0.01736753283333413,0.028842113777914406,0.051442632708440184,-0.09382874152014399,-0.016981539818921906,0.13699195942962947,1.3260869565217392,0.009792283203401819,1.608695652173913,0.04672979840601897,1.8478260869565217,-0.014759690632513058,1.7173913043478262,0.009688323380698308,1.673913043478261,0.02395915625288996,1.5434782608695652,0.02498341812574049,1.0217391304347827,0.0024675946610924434,1.391304347826087,-0.0233195932754363,1.8043478260869565,-0.008676523271477528,1.8695652173913044,0.007544858426825448,1.434782608695652,-0.04775838058533656,1.3260869565217392,-0.020296757210226255
2026-02-12,2026-02,468,461,-0.025656245493718956,-0.028673347938410497,0.054042000456152164,0.021945710654202456,-0.011921830931930805,0.22780720905765245,-0.060072139717450436,-0.02981158209697489,0.053098716474617925,0.06948245805352136,0.014827740710137599,0.14911257856242033,-0.051337153637704434,0.006278030645058736,0.04484218753149148,0.05006914161879372,0.023667502369838653,0.41857934095289395,0.04496718161380168,-0.0006491172261999414,0.05063925616049033,0.11523412188182555,0.01629690391463833,0.22896128844307817,-0.014860048066606282,-0.03704209400925256,0.051290784304802876,0.031191666207166863,-0.008162248343168062,0.14197742951143047,-0.027691389863399196,-0.040839669445735305,0.047738699869844275,0.06939453847312839,0.01867930057617066,0.14050892809324939,1.434782608695652,-0.03226030446014963,1.7391304347826086,-0.034159408183931414,1.8695652173913042,0.001604117601580476,1.7608695652173914,-0.00505129113924342,1.6956521739130435,-0.04128122444403517,1.6521739130434783,-0.044970104228344,1.1521739130434783,-0.0148022657145395,1.5869565217391304,0.010860349405789773,1.934782608695652,0.018830545848099522,1.8695652173913042,0.011622990871160067,1.608695652173913,-0.012183987473602845,1.4130434782608696,0.015146691880518485
2026-02-13,2026-02,359,357,0.014023539419969602,0.037425813522683246,0.07014656506383132,0.09272705580886281,0.021159872935650238,0.2378336326736543,0.02244829678965469,0.022570823886966223,0.07085520906791212,0.06922083378721153,0.01315518647410295,0.15736323905487856,0.04925981951272809,-0.004843092681791308,0.047128992325077806,0.044817647118082386,0.03612833326676837,0.48424433720194626,0.02323039526503867,0.025242576134941033,0.06340512823108492,0.10505879667813034,0.02043266841896564,0.2570151715642876,0.017139090138853702,0.016399512519746962,0.06882865087927126,0.08213431682254141,0.011820602597231132,0.15382811690991124,-0.05018829461103935,0.009069189059825027,0.05724349931676899,0.014658709533516959,-0.006345513495647881,0.14879369487365088,1.4565217391304348,0.03378450917485716,1.608695652173913,0.018549084756531442,1.891304347826087,-0.009571353551356524,1.6521739130434783,0.021112141352332338,1.6304347826086956,0.012323425563225222,1.5217391304347825,0.005264841233738071,1.1956521739130435,0.01817074250086763,1.5434782608695652,0.009296490821929038,1.8478260869565217,0.031508768049377064,1.8478260869565217,0.015813103201574336,1.608695652173913,0.0077988634667963495,1.4782608695652173,-0.010041165669560924
2026-02-17,2026-02,534,526,0.016592868179911614,-0.014062193947743698,0.05363869435314444,-0.023466638191450777,-0.008321710171738057,0.2808400992796106,0.013995030102887076,0.016996561477561914,0.054221170119361506,-0.003583897501831746,-0.002045509512951193,0.16606715490233223,0.07155161531878772,0.014881050507265164,0.04310672432981535,0.047371854737563196,0.04152421347048863,0.3670267164707184,0.005123844633361132,0.010131310078182432,0.04921133443863408,0.019994684538804937,0.005625815352216646,0.20701163114522986,0.032080364729688705,0.011043996916021835,0.04988056010276642,0.03826237612936312,0.0009632577031481043,0.16298160329461098,-0.007931148819319436,-0.020493220276795118,0.05174283554333538,0.05775085066095534,0.027242009465764185,0.16158670461121594,1.471698113207547,-0.017741439230762567,1.6792452830188678,0.012798448270014744,1.811320754716981,0.010352748620472712,1.7547169811320753,0.005744517625352243,1.6981132075471697,0.006798713897153911,1.641509433962264,-0.024596993861700778,1.169811320754717,-0.01124623847362485,1.5283018867924527,-0.005866264229932324,1.8867924528301885,0.03680723233841316,1.9433962264150944,0.00076732478617891,1.6037735849056602,-0.0030461762591160466,1.5660377358490565,0.023326915126141545
2026-02-18,2026-02,468,460,0.022397077370091063,0.0460337683160533,0.047627622608113124,0.005943410462570551,-0.0035508637807616155,0.22027240661175357,0.0031590760658091704,0.01762222092568678,0.048509027071310856,-0.019532897668983834,-0.003350277948663551,0.1241846735710683,0.03769911974899445,0.031300977005761475,0.043403895940158116,0.0684920842567594,0.039992222901524294,0.37466105264004157,0.04482172079701512,0.027602696383051177,0.04534911379409647,-0.002786032189336865,-0.006189062143893049,0.19138277726976768,-0.024216049432579205,0.016295942353623,0.04288510118268259,-0.0364162667847669,0.005106144912486968,0.12153893215176852,0.011908830087742805,0.013705903930548527,0.04219537687648352,0.050287892724531796,0.023897507827643598,0.12290093796732632,1.3962264150943395,0.04254320227831745,1.6037735849056602,0.013612786963422632,1.8679245283018868,0.026631165685006758,1.7358490566037734,0.023263073741541743,1.5849056603773584,0.012333678202679603,1.6792452830188678,0.009507790723001359,1.0943396226415094,-0.006286712837365389,1.5660377358490565,-0.007265372288286192,1.849056603773585,0.03536958139209033,1.9056603773584906,-0.010953213087289276,1.5849056603773584,0.001143880761543572,1.5283018867924527,0.020076753110662465
2026-02-19,2026-02,465,461,0.06478548303334844,-0.0015933966739406433,0.04886047497295379,0.046231806389306164,0.001977648572938881,0.2794649285952682,0.028724693431703648,-0.003948377293225676,0.05175956878015388,0.042089327975568004,0.00798688257618215,0.12550836048372416,0.1021900887261016,0.03823283627597397,0.05012724715062743,0.07742960565063596,0.039677830382590706,0.44560327802015387,0.03196762783346792,0.012475103071260325,0.038704260433732346,0.018420324514730385,-0.010426058216890757,0.21439568471649417,0.04267647298489958,0.007701567021012316,0.041826251485099164,0.10503671536079422,0.0062844755210006474,0.11742777191102505,0.01706408611667785,0.01265283647397487,0.03987697730517262,0.11528815145369417,0.021643651825580004,0.12336298309104599,1.326086956521739,-0.00490861406524499,1.5217391304347825,-0.007752725119312632,1.826086956521739,0.033667618884669626,1.717391304347826,0.00818162481039076,1.5217391304347825,0.00389721919492536,1.6521739130434783,0.008522401691366175,1.0434782608695652,-0.0006310470792350318,1.326086956521739,0.0046716651848778025,1.8478260869565217,0.0350582651651994,1.826086956521739,-0.014991275608195104,1.5217391304347825,0.002480127694913691,1.3043478260869565,0.018382782260362614
2026-02-20,2026-02,379,372,0.0926588679261919,0.03361877383755674,0.05246165338971187,0.06003773726312263,0.016859924143233496,0.2855656548730425,0.054052457440875716,0.011935332232856647,0.06280640969187953,0.030363728141814518,0.010076764848039729,0.14665346139588872,-0.09154267744037242,-0.029508144664076256,0.04726866534897706,-0.02127151412622941,-0.03666436487716441,0.44147208327981263,0.03505223040009875,0.021802447317064926,0.05074114396794686,0.07245554519544244,0.015122181035843847,0.17572468237296957,-0.05701390679865892,-0.004896690333267751,0.04736957408733494,0.06288037596189242,0.03258275208913203,0.12162100131044516,0.021510680835774572,0.015407951386882307,0.047384300962571596,0.117090880234888,0.009452034129849456,0.14638249500579126,1.391304347826087,0.03014051296799152,1.4782608695652175,0.008239680058943603,1.8695652173913044,-0.03418205770755452,1.7173913043478262,0.01750896905619536,1.673913043478261,-0.009081472941963403,1.7391304347826086,0.011060125299925786,1.1956521739130435,0.013870793708450888,1.5217391304347827,0.006272417021952772,1.9130434782608696,-0.041446973572816584,1.8260869565217392,0.010556963644539499,1.6956521739130435,0.028343621654349418,1.391304347826087,0.0059737732602842385
2026-02-23,2026-02,427,424,0.04261011469538194,-0.027892671701834716,0.05576750317316054,-0.06337643076847911,-0.001698979923047515,0.2976601377484344,0.008182232978930467,-0.004211570325704253,0.055097815947829455,0.06384176299723283,0.04812702003840506,0.12347299783002763,0.021108199553268675,0.0035063889503239194,0.0419840009537227,-0.02781523518639857,-0.022799938565659324,0.38804190579269615,-0.005747061328216066,-0.0021697562172002458,0.048786244977028735,-0.03617815504094568,0.0016324645443300794,0.21309110708534718,0.007894617894844864,0.003918454989587275,0.04981914098752249,0.009236744553298985,0.025582232640330816,0.12139419577128831,0.013165017882884026,-0.006608922695079331,0.049701637534128776,0.16243293075570528,0.043256145668794335,0.12948287486852633,1.3571428571428572,-0.03128552884469186,1.5952380952380953,-0.008199665563799492,1.9047619047619047,-0.001255515811580842,1.7857142857142858,-0.006634041931485961,1.6904761904761905,-0.00030773548660320126,1.619047619047619,-0.010656541742698377,0.9761904761904763,-0.004139456113523706,1.5476190476190477,0.044257972419357444,1.7857142857142858,-0.02726422427994504,1.8571428571428572,-0.0030103925985270636,1.7142857142857144,0.02129651835461653,1.5714285714285714,0.03932757424022291
2026-02-24,2026-02,478,471,-0.0049243847417030405,-0.012062723820039183,0.050645752815134636,-0.01576065545797361,-0.011559696119482682,0.3044576987307122,0.016456165119047794,0.025623459155464354,0.054039926643616794,0.17996191617636256,0.0629412333793857,0.13323639713703317,0.02031434036026351,0.004866580384652966,0.052675929925153867,0.06566950233173544,-0.000700494027933013,0.42714604101282483,0.07394201839051756,0.028861936173907476,0.050425853719984676,0.024154127577897495,0.022676652111929416,0.20090636222603475,0.04379683668361875,0.015657196899394266,0.04928089046308218,0.22981820223498128,0.06772186881073408,0.12020658503504511,0.0021058120709821996,0.0028414021872969243,0.045052557351499135,0.2953911387564298,0.09412325860679346,0.12670964097723048,1.297872340425532,-0.015307404671103014,1.5957446808510638,0.021634097453336693,1.7872340425531914,0.00039849527826998823,1.680851063829787,0.02465980851433301,1.6595744680851063,0.0115082607291815,1.7234042553191489,-0.0014671084510009475,0.9148936170212766,-0.013846930162035873,1.6595744680851063,0.058792297209172936,1.7446808510638296,-0.005062196155592587,1.8085106382978722,0.018155375516184735,1.7234042553191489,0.06341335817243621,1.6382978723404256,0.0900275139259424
2026-02-25,2026-02,563,553,0.06210324948284277,0.012588637217952406,0.05120409328454534,0.0034992746912980966,-0.01569996276381488,0.23815674036741258,0.05501539926643199,0.042102801189620356,0.05303212405588076,0.0649990710998546,0.030868043300140723,0.11681731722571632,-0.053897323207916535,-0.00798380833555595,0.0548541283836297,0.02986370354644249,-0.0241465444049779,0.5698454373262145,0.08670072325776582,0.020409509184901118,0.047309068596394555,-0.0306389950415006,-0.02851606418794774,0.23042903894727879,0.04243161467442701,0.022403689578204045,0.05125338479717039,0.07265695382247496,0.02405537327319085,0.11289409185675056,0.05350404317426337,0.025226915064981967,0.057663657363656674,0.0746691477235676,0.02256240962418192,0.12136181010441346,1.3454545454545455,0.009225000854316042,1.709090909090909,0.03783007391689308,1.8545454545454545,-0.012620171971919586,1.7999999999999998,0.015909509184901117,1.7454545454545454,0.018040053214567683,1.6727272727272726,0.021045096883163784,1.0363636363636364,-0.018290871854723972,1.4,0.027368043300140723,1.7272727272727273,-0.02846472622315972,1.8909090909090909,-0.03324333691522047,1.5454545454545454,0.020191736909554486,1.4545454545454546,0.018926045987818284
2026-02-26,2026-02,607,592,0.10106164902295284,0.03625880870796619,0.05088187517692663,0.03331641924831822,0.01124996890533871,0.21138643814345537,0.08345477868151384,0.023471800067478232,0.05153169366819431,0.01629541618280349,0.010993844117166177,0.13794337456130376,0.01485639721176414,0.018068450806194878,0.048621094763779585,0.025851501392176627,0.026237777297988336,0.45217285598865,0.013448522063390889,0.006483600936617831,0.052348606926335445,-0.013868458711917237,-0.001868602749869202,0.18535602193767742,0.06844758371197768,0.025085142778455832,0.053702985985223044,0.03617176433079706,0.023172412316409027,0.12782061721940163,0.0842948133066508,0.024398800815339974,0.05010881996940729,0.04831932175681637,0.020775201408449198,0.13495554112024227,1.3728813559322033,0.03282660531813568,1.711864406779661,0.01919213905052908,1.8644067796610169,0.013407433857042336,1.8644067796610169,0.0018225839874652892,1.7627118644067796,0.020678363117438883,1.728813559322034,0.02007676691703489,0.983050847457627,0.008792341786694642,1.423728813559322,0.007434522083267872,1.847457627118644,0.021619133230191726,1.7966101694915253,-0.006360128173598015,1.6101694915254237,0.01914698858759547,1.4576271186440677,0.017131133611839027
2026-02-27,2026-02,445,436,-0.03927411553491527,-0.012606371951607402,0.04507662301380885,-0.05333669418019967,-0.008641933581807051,0.2820199951106174,-0.00649836398716195,-0.03684514461006494,0.04551655932080197,0.024118229635787275,0.006999069778355493,0.13134777986190535,0.020041640507204576,-0.012291110098730629,0.047352113616493545,-0.00023695355359472692,-0.0024023530020664437,0.553874646736817,0.029151944094461597,-0.013164302050368797,0.04451259705515409,0.01508370677305732,0.02212218191769607,0.19963592426343396,0.03848571379645269,0.009468519766806691,0.044529504143691945,-0.002862030733841726,0.004778710687291689,0.11778025773607873,-0.004659702509901327,-0.026311617121075444,0.046325474568060826,0.054667210965896995,0.0118386378635701,0.13391114889898084,1.4406779661016949,-0.016208066866861638,1.5932203389830508,-0.040828195457522566,1.8305084745762712,-0.016867381285171307,1.8135593220338984,-0.017698200355453542,1.728813559322034,0.005146485868501606,1.7457627118644068,-0.03067602390073646,1.2203389830508475,-0.01169278103943417,1.5593220338983051,0.00310076469360973,1.8135593220338984,-0.00693625130715119,1.847457627118644,0.01750353784989946,1.694915254237288,0.0005414225516984688,1.5423728813559323,0.00798270566018027
2026-03-02,2026-03,430,421,-0.16145465714342852,-0.06266743380808328,0.052032381653509874,-0.12444911156398773,-0.03435518226593023,0.3015701980108306,-0.1155817689028718,0.012410940072582444,0.049345363671521314,-0.15255803388323758,-0.03592212982582773,0.19896455836437998,-0.02935309611687239,-0.029093756816344164,0.05877888194553192,-0.07635548131797516,-0.007013805050619398,0.5341607225792748,-0.11337917558951681,-0.024134953477157585,0.05169793760707651,-0.04498850849684498,0.0017454333199192693,0.22891269029960745,-0.12707651707274004,-0.0485688878404965,0.05653713049345407,-0.1881907117864599,-0.05377819957982028,0.21866961506505805,-0.13795335404357148,-0.07146706008404854,0.05018458408478001,-0.16750276109257387,-0.02085197411290587,0.20975934102066923,1.5681818181818181,-0.06658788835353782,1.659090909090909,0.00826321279985517,1.8409090909090908,-0.03369602954361689,1.8409090909090908,-0.02873722620443031,1.7954545454545454,-0.05305752420413286,1.659090909090909,-0.07561478735677582,1.5227272727272727,-0.03816200044774841,1.8181818181818181,-0.04046758437128228,1.8409090909090908,-0.011616077777892125,1.9318181818181819,-0.003084112134626185,1.8863636363636362,-0.05849410867072937,1.9090909090909092,-0.025624701385633143
2026-03-03,2026-03,391,382,-0.012906380810209069,0.032990952345505656,0.05468482589228748,-0.1491764832709572,-0.004734951858020706,0.3125843048879975,0.1986050223392357,0.08042697700818513,0.05052363140359313,-0.1371386454203624,-0.010541024503342846,0.2429115679115057,0.018734312812778833,-0.01733144213071562,0.0554083866339896,-0.015386374280579804,0.018089153857769994,0.5674834878821122,0.03663215148472601,0.02313758013718303,0.04783493262057771,0.01703710034746152,-0.015515930781047144,0.20364656985590335,0.04216329981455889,0.04589146823079657,0.05402957748221131,-0.2549350854207711,-0.04174817740664165,0.2515789861055581,0.09343389339579287,0.04761275606204529,0.04689470251386514,-0.1826362904039937,-0.002611021986878733,0.22804567413894752,1.4047619047619047,0.029479047583600895,1.6904761904761905,0.07620078653199465,1.8333333333333333,-0.021914775464048953,1.7619047619047619,0.018732818232421126,1.7619047619047619,0.04148670632603466,1.738095238095238,0.043267517966807195,1.2380952380952381,-0.007830189953258801,1.5238095238095237,-0.014350548312866656,1.6666666666666665,0.013922487191103328,1.9285714285714284,-0.020337359352475715,1.476190476190476,-0.04543865359711784,1.2857142857142856,-0.005825307701164447
2026-03-04,2026-03,385,371,-0.05980232435272067,-0.00020265259769030458,0.050422303532584964,-0.12329993528571413,0.007194044254860804,0.333180779540861,0.07497859065812486,0.07059278915836295,0.04988199492977834,-0.06525704090039473,0.017862249118592723,0.2623133702656707,-0.08970737172053105,-0.019747370489569416,0.04043386470920006,-0.07441554670122826,-0.013248112974526133,0.749316683492145,0.100960095299842,0.043004988413083374,0.05035293562329288,0.04641387609235599,-0.0467679458994094,0.23875191143235647,-0.00867823533401059,0.021584207980580285,0.05092905428766083,-0.14051204732189343,-0.024986526461770724,0.2714781366490029,0.054952063576684584,0.052584925090232465,0.04997248250617714,-0.10602189982479714,-0.013254548288841157,0.2664762554136483,1.3157894736842106,-0.003492126281900831,1.6578947368421053,0.0664480523162577,1.631578947368421,-0.02382631785799047,1.7894736842105263,0.03853130420255706,1.6842105263157894,0.01737368166479081,1.736842105263158,0.04824281982707457,1.105263157894737,0.004430886360123961,1.3157894736842106,0.014572775434382196,1.631578947368421,-0.017327060342947186,1.7105263157894737,-0.05104426168888308,1.1842105263157896,-0.027947052777560197,1.0789473684210527,-0.01595191670989379
2026-03-05,2026-03,392,376,-0.0621615089196072,-0.02625517721199203,0.05325938127356556,-0.050142061471120145,-0.0006100783220112944,0.35118714171020604,-0.024804677928257263,-0.01567479874756618,0.05039219514571164,-0.0004986395487501339,0.03041129208439523,0.24691218088724112,0.1335667974844176,0.012916786225609475,0.03733607421588474,0.036444061339017966,0.00586300798288609,0.5535510989200128,-0.021310118204772056,-0.010143137425850074,0.04579849813297171,0.12120985134843848,0.0200716306518694,0.26731089081027004,-0.07779812887650912,0.00895286935854879,0.04638434015439692,0.06095694168805923,0.038925744631277744,0.24391891434788704,0.035997870771275656,-0.0010464300301707453,0.046147300507200506,0.05293010001876622,0.03048709264939393,0.23557254662247082,1.3947368421052633,-0.02974201931725519,1.473684210526316,-0.01935900927388197,1.868421052631579,0.008245733594030528,1.763157894736842,-0.014551032162692178,1.5,0.00520286935854879,1.5789473684210527,-0.004993798451223377,1.0263157894736843,-0.003175867795695505,1.3421052631578947,0.027056028926500494,1.763157894736842,0.0014551132460439856,1.7105263157894737,0.015795314862395715,1.2894736842105263,0.03570206042075143,1.0263157894736843,0.02792130317570972
2026-03-06,2026-03,338,327,0.00907579592488077,0.01796559740885062,0.040668173860257145,0.03547079419157762,0.04048702289993566,0.2905771179181157,-0.02809877854570039,0.02267247442184766,0.04522163188582658,-0.0676053488600832,0.04155278479452239,0.20679466234463634,0.09286398257625823,0.01320264726051587,0.05272700378643716,0.07641896614160094,0.019562571281148206,0.6075763743032109,0.08200070590737908,0.04777694021690614,0.0417131750838982,-0.03481756188032082,0.00772621662505114,0.23440544691049692,0.024674747334745357,0.05553520015479289,0.0443803823199517,0.026843279717214428,0.06031875613470055,0.19760198202548604,0.02932879447717253,0.01818449484712266,0.04057209104722666,0.00706389012893569,0.050407173623707044,0.1813113188201731,1.5526315789473684,0.014084018461482198,1.7105263157894737,0.018396158632373975,1.8157894736842106,0.008663173576305343,1.8157894736842106,0.04323746653269562,1.763157894736842,0.05112730541795078,1.6842105263157894,0.013973968531333186,1.1578947368421053,0.037592286057830396,1.4473684210526316,0.03793436374189081,1.894736842105263,0.014825729175885049,1.9210526315789473,0.002923585046103772,1.3421052631578947,0.056963492976805814,1.2105263157894737,0.04738085783423336
2026-03-09,2026-03,377,367,0.08069917772779107,0.027157537145179086,0.04564436282921709,0.02535682708096501,0.042276099023531424,0.3209048247820622,-0.022691093857638244,0.04247142229965396,0.04296339151857037,-0.053257779963576,0.007332321112347388,0.17864211427198873,-0.025804982876724628,-0.017957753700691588,0.03705116915681352,0.04453675570407344,-0.013188127875140768,0.44009514072456873,0.026445695007690607,0.044159938543975805,0.03799006702284216,0.07349074663821546,0.0310215158647176,0.20962612965219732,0.09166210312209172,0.052873519028427976,0.037633304932867984,0.05620547219960279,0.04877938894368586,0.1759322295217095,-0.032505238301276454,-0.011962379429603747,0.0371794341438596,0.03294553331237117,0.019529429911889794,0.172593646657628,1.3513513513513513,0.023779158766800708,1.7027027027027029,0.03821466554289721,1.864864864864865,-0.02261991586285375,1.6486486486486487,0.040038316922354183,1.6756756756756757,0.04868432983923879,1.7837837837837838,-0.016421838889063206,0.918918918918919,0.03997880172623413,1.4054054054054055,0.003818807598833874,1.7837837837837838,-0.01764758733460023,1.837837837837838,0.026426921270123003,1.2702702702702704,0.04560371326801018,1.0540540540540542,0.016894294776754658
2026-03-10,2026-03,349,341,0.1130615349317218,0.016870368767907633,0.060951039781439356,0.017129871413045013,0.01808108125691471,0.3423922774108017,0.1327418426668528,0.04404601411518182,0.05744435446271767,-0.06125622821008653,0.010022854826758866,0.22703269474646623,-0.008937264965820712,-0.02111854650826059,0.042681259555857096,0.027634718877984195,-0.029537593571595418,0.5279660405700698,0.07338180492918686,0.013687000687253285,0.0612480941898699,-0.05123068019817353,-0.015148473432552033,0.23551800956620889,0.08367836092966066,0.02161321400700141,0.06042451573291523,0.013298234223044025,0.008117363924926964,0.22442769237300927,0.10241703953590131,0.0005551404663987657,0.061586575425703144,0.00384885739692577,-0.0010425757042942076,0.2221620608778561,1.3243243243243243,0.013559557957096824,1.6486486486486487,0.039924392493560196,1.8108108108108107,-0.025645573535287614,1.7297297297297298,0.009362676362928962,1.864864864864865,0.016951051844839245,1.7027027027027026,-0.0037016162903579907,1.1081081081081081,0.01531081098664444,1.4054054054054055,0.006509341313245352,1.7297297297297298,-0.03386191789591974,1.864864864864865,-0.019810635594714195,1.4054054054054055,0.00460385041141345,1.2432432432432432,-0.004150683812402316
2026-03-11,2026-03,352,345,-0.05226843505880333,0.0065195382787025585,0.06779605781604339,-0.043492783577769416,0.004508068586867854,0.3520506532753215,0.004632014192920708,-0.0038263487340641092,0.05914452887819928,-0.09576424519767296,-0.023819546399622055,0.24597370909417376,-0.0453286424108749,-0.0319320341164049,0.0476222021736438,-0.06815509582064828,-0.013025165473623089,0.5261759372318493,0.009844718790074586,0.013856810977777153,0.05037006639779679,0.03886379594594892,0.015498607271393528,0.2410382347948411,-0.003870971647175613,-0.023875804408677568,0.050075693349626305,-0.06768381130987364,-0.012786385657934555,0.2398409308756099,-0.07489363013442334,-0.006598073759569353,0.048320049155409175,-0.06679125092722826,-0.017346664608596157,0.23225528155179584,1.1764705882352942,0.003578361808114323,1.5294117647058822,-0.007649878145828815,1.7941176470588236,-0.03641732823405196,1.6470588235294117,0.009739163918953624,1.7941176470588236,-0.028361098526324627,1.6764705882352942,-0.010789250230157588,1.1764705882352942,0.0015668921162796186,1.3529411764705883,-0.027201899340798526,1.8235294117647058,-0.01758398900303485,1.7352941176470589,0.01116037197727588,1.2647058823529411,-0.01594815036381691,1.088235294117647,-0.020067252843890274
2026-03-12,2026-03,340,331,-0.002361917439749886,0.002491838027130872,0.04904585596510057,-0.06674431846805107,0.007748099669962421,0.3166805762007381,-0.005241649250985786,-0.007956270823883081,0.049082957628574515,-0.05022524619844564,-0.02209379353399335,0.2215239078258023,-0.09499501395601075,0.022089958358162486,0.03756399480592883,-0.02515299134072958,-0.015372417809929362,0.7399170259860429,0.026485323730969446,0.01761454075111105,0.04479560709955203,-0.06804496069831664,-0.008041532559942098,0.24743369718392688,0.010587107244532655,-0.006591085998390049,0.042386436410646884,-0.09566712107727372,-0.015959231197074267,0.21642691845243628,-0.042518788326583325,-0.005500019532816011,0.037375207532213996,-0.05965093327186323,-0.017378742930374773,0.2121307569922823,1.3529411764705883,-0.000890514914045599,1.6176470588235294,-0.012000388470941904,1.6764705882352942,0.01789878188757425,1.7352941176470589,0.013276305456993404,1.6470588235294117,-0.010708733057213577,1.7941176470588236,-0.00998531365046307,1.1470588235294117,0.004880452611138892,1.5588235294117647,-0.025990852357522763,1.7058823529411764,-0.019637123692282304,1.7941176470588236,-0.012526826677589156,1.3529411764705883,-0.01934158413825074,1.1764705882352942,-0.020319919400963008
2026-03-13,2026-03,281,273,0.02990622665097152,0.01853308233263634,0.04375462934143647,0.041030195165739754,0.0076916167372667295,0.32957494700396506,0.12752194825281465,0.02332361005820041,0.04508804516185286,0.06814163324395583,0.01601187731008792,0.2255243039517491,0.06282612362222971,0.024343072352528763,0.03698964728372334,-0.14275355100173193,-0.020654640790456893,0.5587907048563163,0.02478205204303965,0.01706207134301415,0.042430818976625366,0.015354143278205324,-0.011451503439861413,0.21840296727087763,0.017805224746241976,0.02399181044118945,0.04439587242096329,0.0383243786201556,0.022068907231487377,0.22136529576447275,0.04805920670575263,0.020042019680166438,0.03559569299265557,0.0443428328514689,0.013578624856705081,0.20430746619348172,1.2727272727272727,0.01535126415081816,1.606060606060606,0.019308458543048898,1.8181818181818181,0.019797617807074216,1.7878787878787878,0.01259237437331718,1.6666666666666665,0.019825143774522783,1.6666666666666665,0.015875353013499773,1.121212121212121,0.004888586434236427,1.4242424242424243,0.01245127124948186,1.8484848484848484,-0.025275852911669013,1.8787878787878787,-0.01614847313683111,1.3333333333333333,0.018735573898154043,1.2121212121212122,0.01054832182640205
2026-03-16,2026-03,331,321,-0.0007402309043920808,-0.0069291861850994015,0.04852998117117348,0.03449866480478354,0.026171575322438582,0.31667397799901664,0.012450571304719013,0.00415161804343828,0.04590366017351845,-0.033027799194581126,-0.006712737658728676,0.22534041001927108,0.0032617406711679823,0.006761018358736683,0.04326955893996888,-0.03980356097990367,-0.015206756238755732,0.5279030962847173,0.0740068822949214,-0.012754561930186772,0.03862930086032279,0.004357666866311717,0.018460859585459708,0.2235132430214435,0.04220044142513476,0.007059250914295816,0.04682753095322706,-0.04070277263958333,-0.0211978119689062,0.2075985951232724,0.04460644004195855,0.0010840500893674887,0.038024134285532966,-0.06351756931598958,-0.02888151107262682,0.20742414239794016,1.3125,-0.010210436185099401,1.59375,0.00016724304343827996,1.84375,0.0021516433587366835,1.84375,-0.01736393693018677,1.75,0.0026842509142958153,1.75,-0.0032909499106325117,1.15625,0.02328095032243858,1.21875,-0.009759612658728677,1.90625,-0.01997238123875573,1.84375,0.01385148458545971,1.3125,-0.024479061968906198,1.125,-0.03169401107262682
2026-03-17,2026-03,288,282,-0.054592209911224175,-0.027521414869921355,0.04882714442181309,0.03580872808233767,0.0019542008109229327,0.32837209132100853,0.055057388809182206,0.027016895380598423,0.045575469540830964,0.007697555349255915,0.007860192922953738,0.21919166709163357,-0.09863651565278056,-0.032539758097876355,0.03595500249862842,0.1164667681685739,0.05187294986000431,0.4770872986742428,0.01924363719662901,-0.010258471875326374,0.0457461350698649,0.007110807020082065,0.024452793470521508,0.2624874979789768,-0.10323455063517516,-0.046238162072431366,0.04491258447062994,-0.06350797133774601,-0.02374711849798366,0.21437319820480688,-0.0005345036149323431,-0.017679447429419667,0.04795980121963851,-0.05033727981867065,-0.03514937395428318,0.20400913711637259,1.28125,-0.030724539869921356,1.53125,0.023188770380598425,1.71875,-0.03683663309787635,1.84375,-0.014867846875326374,1.6875,-0.050456912072431366,1.625,-0.021741947429419668,1.15625,-0.0009364241890770673,1.40625,0.004344567922953738,1.75,0.047497949860004315,1.84375,0.01984341847052151,1.40625,-0.02726274349798366,1.34375,-0.038508748954283176
2026-03-18,2026-03,308,307,0.033534758464393834,-0.008702674291040755,0.061455593889752566,0.09174036488163176,0.015556245050212657,0.3387945217470969,-0.005622599152215546,-0.029189992100901785,0.05444830589029214,-0.09374872937062621,-0.017971231248889597,0.22054063405601249,-0.051113383171464216,-0.01639680884491333,0.042672491449569916,0.1280712477614374,0.032243909647725395,0.4451913408214046,-0.021973522237351245,-0.011694565292767467,0.052925348207903,-0.018868769192920864,-0.013467313231330234,0.21607016507656343,0.02183798842356423,0.007665154734226305,0.052462819095650634,-0.021378608741437242,-0.00809916722018854,0.20418976499669014,-0.02270191147835751,-0.011199542759461199,0.04907392651581505,-0.06833614189485288,-0.029774530242795333,0.21420591673062694,1.4838709677419355,-0.012412351710395593,1.6129032258064515,-0.03322225016541791,1.9032258064516128,-0.02115487336104236,1.7741935483870968,-0.01613004916373521,1.6774193548387095,0.003471606347129531,1.7419354838709677,-0.015554381469138618,1.032258064516129,0.012975599888922334,1.2258064516129032,-0.021035747377921854,1.8709677419354838,0.027566490292886686,1.8064516129032258,-0.0179834422635883,1.3870967741935483,-0.011566909155672411,1.161290322580645,-0.03267775604924694
2026-03-19,2026-03,278,267,0.12251216844155978,0.001880820332724912,0.06513722745605613,0.06209067915110092,0.023043585875571905,0.36202251193700014,0.05764304359470383,0.02411431154123308,0.056109306987549255,0.07607031877700356,0.05661152189137382,0.2169366807297424,0.11570051676463859,0.07670325974287334,0.04786040038548833,-0.08355468959500793,-0.11216665201175444,0.5345820743176672,-0.005493777400640725,-0.01432970372213313,0.049556657291233985,0.10750258533129244,0.022174834993954347,0.2068841404936932,0.010411421648752967,-0.015781254312190105,0.05417153242221306,0.14939235289304367,0.04909898959083206,0.2100569463714405,0.04894857361325246,0.040332378474978337,0.05119844846918582,0.07667465654819804,0.01867479030681869,0.21839904302248248,1.4193548387096773,-0.001667566764049281,1.7741935483870968,0.019678827670265336,1.967741935483871,0.07178390490416367,1.7741935483870968,-0.018765187593100873,1.7741935483870968,-0.020216738183157848,1.7741935483870968,0.0358968946040106,1.3548387096774193,0.019656489101378356,1.4838709677419355,0.05290184447201898,1.967741935483871,-0.11708600685046411,1.9354838709677418,0.017336125316534994,1.4193548387096773,0.04555060249405787,1.2580645161290323,0.015529629016496108
2026-03-20,2026-03,269,266,0.1687152835574297,0.01074917127738255,0.054582917172900286,0.21494386802049234,0.015446237351170244,0.3205254756052185,0.03937561264310418,0.0036290797667982468,0.06387164275630591,0.07589561486249052,0.03595055524974502,0.1685791970403106,0.09660874037357446,0.036221001025521254,0.04875693891147887,0.030343669829648205,0.013139759271124265,0.5810649390849802,-0.019948587291021478,-0.003111660811295887,0.048038053968544187,-0.002309394785675094,-0.005702949078950574,0.215454227808449,-0.04771125783720801,0.004733842607240857,0.052341268660997906,0.06678811641914344,0.01738436159130402,0.16620096384927077,-0.014983323777642148,0.005773433165989085,0.053153319109030386,0.07154623413292892,0.014285847036646405,0.17477527702296222,1.1851851851851851,0.007786208314419587,1.5925925925925926,-0.0003524017146832349,1.8148148148148147,0.03168396398848422,1.8518518518518516,-0.007741290440925516,1.7777777777777777,0.0002893981627964124,1.7777777777777777,0.0013289887215446406,1.074074074074074,0.01276105216598506,1.2962962962962963,0.03270981450900428,1.8888888888888888,0.008417537048902041,1.8888888888888888,-0.010425171301172795,1.4814814814814814,0.013680657887600317,1.1111111111111112,0.011508069258868627
2026-03-23,2026-03,260,257,0.14148208976955198,0.03209085284467246,0.04417022642642156,0.11188854637130499,0.012654849015330375,0.35558304376900196,-0.059004410455164136,-0.009678476871802615,0.04903511676539848,0.19474275336344302,0.04668118658865273,0.15542466522982487,0.14010221870621023,0.04747927763056701,0.04282690796105769,0.03370570366792094,0.004922507516627633,0.4517693778929802,-0.05653078272577737,0.026826666992343047,0.039592304800310535,-0.08249917215434457,-0.034938729282278716,0.19604726938100964,-0.027402544643923953,0.018704918442437567,0.0461419150635288,0.2794315346039484,0.04726339537935334,0.15886469994886565,0.008545415441967167,-0.014471831089144536,0.04597279487998004,0.27352771490702527,0.06652344221175086,0.16156190705414003,1.3333333333333335,0.028757519511339126,1.5555555555555556,-0.013567365760691504,1.7777777777777777,0.04303483318612256,1.7777777777777777,0.0223822225478986,1.7037037037037037,0.014445659183178307,1.7037037037037037,-0.018731090348403798,0.888888888888889,0.010432626793108152,1.4444444444444444,0.04307007547754162,1.6296296296296298,0.000848433442553558,1.925925925925926,-0.03975354409709353,1.3703703703703705,0.04383746945342741,1.1851851851851851,0.0635604792487879
2026-03-24,2026-03,328,324,0.13342063971934998,0.01421417127414135,0.03827692616110656,0.10915758065865425,0.009200584811392985,0.3344527571462095,0.00737195989120595,-0.016704240509832626,0.037747926467873165,0.026319440713160093,0.005401637972469956,0.1684284588554874,-0.009176460126286808,-0.002596566255047998,0.03602744086731531,-0.06560067951115642,-0.043481353100104134,0.5423728586174548,0.004098481212092211,-0.011474133501364878,0.03374486601647668,-0.12129047045468921,-0.03525256814085285,0.19068583101034164,-0.004533425468662539,0.02345864333281295,0.03284635397168221,0.024864636560813058,-0.023520524113521686,0.15694098407402635,-0.011658157071239154,-0.028608092982092267,0.03228158661632404,0.011635032554558557,-0.022379735464625794,0.1629434886854142,1.1875,0.01124542127414135,1.40625,-0.020219865509832628,1.8125,-0.007127816255047998,1.6875,-0.015692883501364878,1.6875,0.01923989333281295,1.75,-0.03298309298209227,0.84375,0.007091209811392985,1.34375,0.002042262972469956,1.875,-0.04816885310010413,1.84375,-0.03986194314085285,1.25,-0.026645524113521685,1.0625,-0.025035985464625793
2026-03-25,2026-03,297,294,0.13502291186854945,0.02842015513260448,0.05568042942072471,0.10158862340070393,0.0015556953919354834,0.35450176278064993,0.03382684087382074,0.033294790601306405,0.05568534589682708,-0.0061319708970715685,-0.017426942545174316,0.22702051737699014,-0.08242670070368197,-0.020110658503912207,0.04665544792226566,-0.06988260586051065,-0.022595540525918577,0.5768425586665499,0.02551911861200467,0.006261728139861929,0.04707163256112991,-0.029242634947332934,0.009277179804733703,0.19947741392614513,0.045942373123581175,-0.0005211856597015646,0.05144632778556052,-0.008758911443475202,-0.0031095177446535394,0.20215810918859367,0.050008061753028195,0.0028499613610459985,0.049045068416132966,-0.011994147900188169,-0.013408189296127554,0.21247484380828924,1.34375,0.025060780132604477,1.5,0.029544790601306405,1.84375,-0.024720033503912206,1.78125,0.001808603139861929,1.71875,-0.004818060659701565,1.78125,-0.0016031636389540012,1.1875,-0.0014130546080645167,1.3125,-0.020708192545174316,1.75,-0.026970540525918577,1.78125,0.004824054804733704,1.375,-0.006547017744653539,1.03125,-0.015986314296127555
2026-03-26,2026-03,325,319,0.03047978606260815,-0.0060312967569827805,0.04494508641521604,0.06722283397130023,-0.018188743637768172,0.3628010548418388,-0.03878733854193977,0.009049555720688371,0.04405398456758731,0.004380822540331742,-0.017512179331363936,0.1764990407973528,0.01851582546751297,0.007614193525554095,0.033627245089349805,0.031131448876333873,0.027446147242500923,0.4689832255244255,0.0011063920973191747,-0.00591189769342354,0.04134586334519847,0.06057679198783493,-0.013457012216194025,0.18402684421744198,-0.06298533550067292,-0.0034806658206527168,0.04619703060443915,-0.02218097285581948,-0.030447094364755175,0.17832959408406168,-0.06897628161431843,0.0032433906184064533,0.04355091491821779,-0.010822365546291927,-0.020841493805727165,0.1646520891226828,1.0625,-0.008687546756982781,1.40625,0.005533930720688371,1.9375,0.002770443525554095,1.78125,-0.010365022693423539,1.5625,-0.007386915820652717,1.71875,-0.001053484381593547,1.09375,-0.020923118637768173,1.375,-0.020949679331363935,1.71875,0.02314927224250092,1.875,-0.018144512216194026,1.46875,-0.034118969364755176,1.21875,-0.023888368805727166
2026-03-27,2026-03,264,260,0.03132153734779461,0.011791518668486805,0.050813740498133496,0.017050264463995723,0.0009130419957675117,0.33334937734672654,-0.010223115001076118,0.011541408948718123,0.05048511503253546,-0.1300054131964599,0.002970160646018195,0.21588196913496807,0.1060736165211955,0.009747413696832647,0.0443598908420429,-0.045132976956386676,-0.02732519812279169,0.5215081239405732,0.0005403415336764806,0.013575346284849563,0.04410766727783767,0.03985482198409955,0.007180308799030233,0.24254331193291223,-0.018538567394295925,-0.0019060971574089234,0.05378268731309338,-0.11828356018757052,-0.0035204294919303093,0.20579478209121868,0.039496768386932675,0.041339966427733445,0.044746938189852585,-0.12238389345785859,-0.007576419009717061,0.20332582782094294,1.5,0.008041518668486805,1.65625,0.0074007839487181225,1.75,0.005372413696832647,1.90625,0.008809721284849564,1.71875,-0.006202972157408924,1.84375,0.036730591427733446,1.15625,-0.0019775830042324883,1.3125,-0.0003110893539818049,1.625,-0.031387698122791685,1.90625,0.0024146837990302334,1.53125,-0.007348554491930309,1.40625,-0.011092044009717061
2026-03-30,2026-03,337,328,-0.0351662147485019,0.023965860579521193,0.06678430295822514,0.012871202068873834,0.033931999384514765,0.3063762716271661,-0.01037478271557249,-0.003558399949058152,0.0621458399394029,0.00759931121150021,0.06120280204425606,0.20153249608296336,-0.07692621264469719,-0.014964596344201025,0.03128681641946623,-0.05848796536286633,-0.031169181370239295,0.4397323813402292,0.04546061320510528,0.039187078403056866,0.05901840542510185,0.04332331671980154,0.019486903694726634,0.1809335005554286,-0.005473184656019626,0.024204674021407125,0.058322430204203274,-0.013387291776928847,0.05883247805187586,0.19679655371741817,0.00767048518703392,0.042416252992924286,0.05388395404192746,-0.021106375934040852,0.02642495680759287,0.20129823865312518,1.4848484848484849,0.020253739367399982,1.575757575757576,-0.007497793888452091,1.8181818181818183,-0.019510050889655572,1.9090909090909092,0.03441435113032959,1.787878787878788,0.019734977051710154,1.7575757575757576,0.03802231359898489,1.2121212121212122,0.030901696354211736,1.4242424242424243,0.057642195983649995,1.9090909090909092,-0.035941908642966564,1.878787878787879,0.014789933997756938,1.4545454545454546,0.05519611441551222,1.393939393939394,0.022940108322744384
2026-03-31,2026-03,296,289,-0.07528400710818842,0.031084348008780446,0.0682874138457237,0.08161922495907653,0.0415348389513682,0.35072952303393135,-0.04439772077109176,0.02666967433289278,0.06644991162053006,0.09351139585402829,0.09339626304299907,0.22269391525408316,0.07426652232427983,-0.03337961008226923,0.047493806866077175,0.13266594897829628,0.04048503175221605,0.5672816278348709,-0.0932800612446255,-0.0005007666770809743,0.05855358495978368,0.11173023312953627,0.02463131358288171,0.26621414335637256,-0.05238760166803221,0.06398008279833751,0.06366334780255287,0.07175766734658443,0.08821253510517098,0.21782288982950407,-0.08921626818069302,0.013160318078018221,0.05628523268164044,0.02980746884875676,0.06866707446927069,0.2258189097046852,1.4242424242424243,0.027523741948174384,1.5454545454545454,0.022806037969256416,1.6666666666666667,-0.037546276748935896,1.6666666666666667,-0.004667433343747642,1.6363636363636365,0.059889173707428425,1.5757575757575757,0.009220924138624282,1.0606060606060606,0.03888332379985304,1.393939393939394,0.08991141455815059,1.7272727272727273,0.03616684993403423,1.9393939393939394,0.01978282873439686,1.4242424242424243,0.08465192904456492,1.0606060606060606,0.06601555931775553
2026-04-01,2026-04,311,308,0.055360525097193865,0.0652412123323676,0.04677689201040294,0.14128920555639776,0.042847909872059456,0.3565522551296219,-0.007969170130771624,-0.003247336413190298,0.041196749305873415,0.04155928606193102,0.005340973272505153,0.1449474162392078,0.14155625197527866,0.06390303040346926,0.03384644402016771,-0.029779729487873004,0.038240090511681174,0.5132494737063685,-0.10269793593626267,-0.037505033583824655,0.038402611818382705,0.01822544740810481,-0.00593503845320531,0.1612018136487853,-0.10576784503760486,-0.022521391804407032,0.034091304640919855,0.017323849265556558,-0.009023205139689135,0.1695234618119655,-0.06866308839881474,0.0003104695570357481,0.0335913480625798,-0.03274596474990625,0.007796899080109198,0.15886837099829026,1.4516129032258065,0.06161218007430308,1.7096774193548387,-0.007521529961577395,1.7096774193548387,0.05962883685508216,1.8064516129032258,-0.04202116261608272,1.7741935483870968,-0.026956875675374775,1.7741935483870968,-0.004125014313931994,1.4193548387096775,0.03929952277528526,1.7419354838709677,0.0009861345628277337,1.935483870967742,0.03340138083426182,2.0,-0.010935038453205311,1.4838709677419355,-0.012732882559043973,1.2580645161290323,0.004651737789786618
2026-04-02,2026-04,279,275,-0.002205792969311187,0.05604570618538829,0.04308466464562549,0.07525721358397153,0.03162947365100043,0.3981197327375412,-0.03290013150769707,0.014204951201350468,0.03677512893336599,0.0919923968659174,0.010905795757065314,0.1560613675309079,0.12899889020718774,0.03753898045663418,0.04162284363511902,0.14505175964126468,0.06105268571463708,0.6985185412423952,-0.0321329688869601,0.04986353299140518,0.03566752874028947,-0.03675750643724652,0.020485475471342097,0.1451442518404552,0.10286112124125585,0.0648664255712719,0.0366022324627358,0.12801721756235565,0.030199195697747303,0.15702122782490083,0.02857695410491883,0.0024721623911239127,0.04176304431123315,0.11015151012830289,0.04347970904557485,0.15570478833147458,1.096774193548387,0.053303770701517324,1.3870967741935483,0.010737209265866597,1.8387096774193548,0.03294220626308579,1.7419354838709677,0.04550869428172776,1.7741935483870968,0.06043094170030416,1.6774193548387095,-0.0017213859959728612,0.9032258064516129,0.0293714091348714,1.3225806451612903,0.007599344144162089,1.8064516129032258,0.056536556682379016,1.9032258064516128,0.015727410955213066,1.2903225806451613,0.026973389246134398,1.096774193548387,0.04073777356170388
2026-04-06,2026-04,323,318,0.05931887648565851,-0.009319236967374023,0.04373126168248177,0.12252214460224785,0.049122873719835355,0.35743630974320695,0.016090597345398704,-0.038057263215032944,0.03805587087162282,-0.05302134038397204,-0.014291394246471155,0.1411018311046064,0.007360624485620394,0.02516811934183288,0.035692009016023346,0.13377565756149254,0.05564431687802984,0.5083441238384694,-0.02280141138707265,-0.00940823069882775,0.03994250618955661,0.02501547498109761,0.010263417978804448,0.16347122436854988,0.07110684339202002,-0.0015491567079480538,0.03067804897420564,-0.009516901937717835,-0.024911923987979694,0.13635739486198872,-0.04407064907057518,-0.04005794091129782,0.032922112834214014,-0.04928259563395896,0.018615382870880093,0.14231643039966002,1.28125,-0.012522361967374022,1.46875,-0.04172913821503294,1.75,0.02079311934183288,1.71875,-0.01370510569882775,1.65625,-0.005689781707948054,1.625,-0.044120440911297826,0.84375,0.04701349871983536,1.21875,-0.017338269246471156,1.6875,0.05142556687802984,1.84375,0.005654042978804448,1.3125,-0.028193173987979693,1.0,0.016115382870880095
2026-04-07,2026-04,247,243,-0.0011670337454317788,-0.007798602074781016,0.05282890799591791,0.0589135039262475,0.035353300150030374,0.4777201501807819,0.02829190814795464,0.04539674446234196,0.0478046639780489,-0.008725080335601014,0.01614709370697076,0.1879362367714445,0.07830138782607941,-0.032150389654022206,0.040809009030560436,0.13943697704712105,0.0013991498912940548,0.5133369366327921,0.013061943794820435,-0.03428881943229324,0.045273149999668694,-0.11065040729716837,0.013422827396094234,0.1993895680643618,-0.026807937105190336,-0.03941246070354037,0.044026743515953204,-0.062153406207577554,0.051819581615750836,0.18381948272387186,-0.00800598687116915,-0.07094558625567127,0.04751103819320762,-0.07278412404083688,0.0049816392874770105,0.18475968988301855,1.53125,-0.011626727074781016,1.5625,0.04149049446234196,1.8125,-0.036681639654022206,1.96875,-0.03921069443229324,1.8125,-0.04394371070354037,1.8125,-0.07547683625567127,1.09375,0.03261892515003038,1.3125,0.012865843706970762,1.65625,-0.0027414751087059454,1.875,0.008735327396094235,1.34375,0.04846020661575084,1.125,0.0021691392874770106
2026-04-08,2026-04,283,278,0.029821966155250425,0.025225216820726426,0.061269862336811205,0.13123867632530012,0.039119360170643824,0.3873036014182227,-0.08165117310887353,-0.018576589912867238,0.05502375663024694,-0.05729633798581278,-0.01657865497308749,0.1487695670553616,0.04806567791286259,0.010889052710942305,0.03635147379737785,0.044167776900460726,-0.04164957884033634,0.5419790968298912,-0.06353304568147848,-0.025338818522212432,0.05364402482755283,-0.06808129432182902,-0.05062119533496037,0.18887933370258125,-0.11361054077264127,-0.04823071791343783,0.05299788430831148,-0.050375329187363864,-0.0721942959774831,0.15662485494145326,-0.12126272407771946,-0.022681934238575133,0.050993932302794615,-0.03230562988486516,-0.015742189724653584,0.14943556840132388,1.3928571428571428,0.02174307396358357,1.6428571428571428,-0.022683732770010095,1.9285714285714284,0.006067624139513734,1.75,-0.029713818522212432,1.7857142857142856,-0.052695003627723544,1.607142857142857,-0.026699791381432275,0.8571428571428571,0.036976503027786684,1.1428571428571428,-0.019435797830230347,1.8928571428571428,-0.0463817216974792,1.7857142857142856,-0.055085481049246085,1.1428571428571428,-0.07505143883462596,0.9642857142857142,-0.01815290401036787
2026-04-09,2026-04,312,308,0.0012916262004537484,-0.018727840730833868,0.04257952580962025,-0.07365864875906687,-0.021081659114834117,0.34830870713678097,0.09669060791380835,0.04880487003538855,0.03749891104672584,0.13116149950334227,0.03632305160675341,0.14769757178521925,0.005890006535608221,0.0030476463917107344,0.043163831041468016,0.19230520785799018,0.025477727429354252,0.4439655639111034,0.0380083694986047,-0.006151942399664691,0.0389492705828815,0.11905245448489442,0.015322688005914905,0.20069006157498206,0.03595138206769243,0.017152662024865636,0.04644482950924095,0.1281195202689301,0.022319807590368012,0.16275823897411745,-0.019939800499265484,0.012456064070730945,0.04044018179368923,0.07483411157532563,0.024048004907510585,0.15302203643706536,1.2258064516129032,-0.021792356859866125,1.5483870967741935,0.04493390229345307,1.9032258064516128,-0.0017104181244182977,1.6451612903225805,-0.010264845625471142,1.5806451612903225,0.01320104912163983,1.5161290322580645,0.008665741490085782,1.064516129032258,-0.023742949437414763,1.3870967741935483,0.032855309671269546,1.8064516129032258,0.020961598397096187,1.8709677419354838,0.010645268651076196,1.5161290322580645,0.01852948500972285,1.129032258064516,0.021225424262349295
2026-04-10,2026-04,281,274,-0.00508658828110634,0.012668613291545346,0.048474958246648374,-0.18026046793367154,-0.01834469253596368,0.31575087237137334,0.012609655053056279,0.010269973534185316,0.03738596330324904,0.18229942995597573,0.0189223588813031,0.13948200022180876,0.02958808031821038,0.027182743481494742,0.031000792716718163,-0.052149218255621875,0.004252266367258117,0.5125394579437044,0.005693680528410383,-0.011629738021043064,0.03707686328843395,0.01907159623143571,-0.04648154574993239,0.16263870163648217,0.06652749083278348,0.045513451694841146,0.04057060612619924,0.11319105669071597,0.008430088535042696,0.1599953327741888,0.04450832350809636,0.039197194334486804,0.039639196934988935,0.11250256898398035,-0.01659187404002354,0.14178295819847672,1.2580645161290323,0.009523452001222765,1.5483870967741935,0.006399005792249832,1.7419354838709677,0.02282790477181732,1.6129032258064515,-0.015661996085559193,1.7741935483870968,0.04107796782387341,1.6129032258064515,0.03516493626997068,0.9677419354838709,-0.020764047374673356,1.2580645161290323,0.01577719759098052,1.7096774193548385,-2.1927181128978714e-05,1.9032258064516128,-0.05123961026606143,1.4193548387096773,0.0048817014382685035,1.161290322580645,-0.019495099846475152
2026-04-13,2026-04,304,295,0.03974192501217335,0.00860983464100551,0.0551959928842556,-0.12632561357947703,-0.04430332759032741,0.33744027235855656,0.03455607855867554,-0.02154868762011073,0.049040332967010325,0.19427211918776002,0.042548997578249974,0.15933763881524404,-0.1415812513377231,-0.027390907999310623,0.05813755413394203,-0.038763568197845696,-0.026680114915109795,0.450338331113259,0.029789500132913094,-0.01599651130114177,0.04825152179499491,0.22882008218078062,0.05248768129896285,0.16898971796035767,-0.00017683390427049607,-0.018378221312335463,0.048124639916833356,0.16760095336539693,0.0063257087624847205,0.18419790094097457,-0.03547228320761325,-0.014366339099338363,0.03769025627990272,0.11260005638182455,-0.0011620235237364551,0.17639129360516867,1.1333333333333333,0.005776501307672176,1.5333333333333332,-0.025382020953444065,1.8666666666666667,-0.03205757466597729,1.7999999999999998,-0.02049651130114177,1.7333333333333332,-0.022711554645668798,1.5666666666666667,-0.018283005766005028,0.8666666666666666,-0.04646999425699407,1.2666666666666666,0.03938233091158331,1.7999999999999998,-0.031180114915109795,1.7666666666666666,0.04807101463229618,1.4,0.0028257087624847205,1.0,-0.003662023523736455
2026-04-14,2026-04,316,309,0.023909352104855838,-0.003920496092686368,0.06471630056911852,-0.07791703032688538,-0.03407369091944274,0.34675190044987586,0.058836325329956286,0.01477280940392401,0.06612895748443122,0.19349157544261963,0.011525999342993525,0.18325436163333156,-0.013633360056835414,0.03347604263631353,0.045032122190833364,0.02851071477853103,0.042462946998055945,0.6100328018468234,0.04493092639933027,0.018266558365078428,0.05231431636867223,0.07283282278290863,-0.011053783301339794,0.25599476659009535,0.04670328938986847,0.004413930214218813,0.06199326423303164,0.1552822478670021,-0.01042927331165993,0.22637828679815414,0.03323483924172717,-0.0008289335595040581,0.04984002434490563,0.12680285147641296,-0.013257518418467968,0.21416921024360963,1.2258064516129032,-0.006985012221718627,1.4838709677419355,0.011063131984569171,1.7741935483870968,0.029040558765345784,1.6129032258064515,0.014234300300562299,1.7419354838709677,5.909150454139374e-05,1.5483870967741935,-0.004699901301439542,0.7741935483870968,-0.036009174790410485,1.1935483870967742,0.00854212837525159,1.7741935483870968,0.038027463127088205,1.8064516129032258,-0.01556991233359786,1.2580645161290323,-0.01357443460198251,0.9354838709677419,-0.015596228095887323
2026-04-15,2026-04,296,292,-0.027790039654446434,-0.008886911711863892,0.06647364695804599,0.001264592790016519,-0.025551485880329364,0.4394953541843028,-0.009006695447373413,-0.0014020685722779397,0.06085428004824334,0.18473141862972373,0.008171503514874272,0.17013201554273738,-0.13814944542358706,-0.0550149714442186,0.04217268345489338,-0.09617940790920305,-0.0002413079529444695,0.7237068101249893,0.03367574435094721,-0.04067510620915528,0.04889758018032436,0.03987978733741446,-0.013574389211970989,0.2151993388502762,-0.021169551678026255,-0.002861354192677995,0.06488436286631584,0.07188559900424307,-0.0019430226411931983,0.2047026288406602,0.0053154084726570305,-0.004121745349854496,0.06165870983145872,0.131218737998399,-0.01334533593322091,0.1855604933767483,1.1935483870967742,-0.011870782679605826,1.4838709677419355,-0.0051117459916327785,1.6774193548387097,-0.05920851983131538,1.7741935483870968,-0.04511059008012302,1.6129032258064515,-0.006893612257194124,1.3548387096774193,-0.0075088421240480435,0.9032258064516129,-0.027809550396458396,1.2580645161290323,0.005026342224551691,1.8064516129032258,-0.004757436985202534,1.8709677419354838,-0.018251808566809698,1.096774193548387,-0.004684958125064166,0.967741935483871,-0.015764690771930587
2026-04-16,2026-04,309,301,0.003150560682662155,0.014045519530937342,0.057635709392956355,-0.01125798723669065,-0.020253737161776503,0.44663727103422085,-0.01457002127218225,0.011192891889650353,0.045305812787536856,0.12898019612707995,0.01620239775908531,0.16634193087617555,0.01882110474040045,-0.002057094671820841,0.04301162547146501,0.047060936223330414,-0.002508229039223679,0.5187549909576773,0.059350608677260726,0.0005800523442156882,0.050924791895199495,-0.008539784675080635,-0.04278317478820744,0.23832706461350123,0.07134071690914785,-0.004095463238625252,0.0498209675424064,0.01883015199645328,-0.023438982617299695,0.19814479475220045,0.03547126221726911,0.04160795851699419,0.05609732903274684,0.051911852632178346,-0.011133692775301128,0.18000190177311498,1.1333333333333333,0.011212186197604009,1.4666666666666666,0.007526225222983686,1.8666666666666667,-0.006723761338487507,1.6333333333333333,-0.0035032809891176455,1.5666666666666667,-0.008012129905291918,1.3333333333333333,0.03827462518366086,1.0,-0.0227537371617765,1.4,0.01270239775908531,1.8666666666666667,-0.007174895705890345,1.8,-0.047283174788207434,1.1666666666666667,-0.026355649283966363,1.1,-0.013883692775301128
2026-04-17,2026-04,303,296,-0.06489608964381974,-0.023771686824508004,0.05883041827372955,0.0008407559124682074,0.0007765720909317028,0.42699707994858427,0.04178414530194741,0.007519752913331727,0.04816487190911756,-0.00506394748920692,-0.006042448455891233,0.18544530471165976,-0.014187713655746394,-0.011240636212417004,0.03884066402643406,0.022654338755042778,-0.0027905945532367797,0.849776308486859,-0.053642734993514005,-0.012932037684970584,0.047656577430521326,0.05125073765654711,0.03357225687019795,0.2665642110009988,0.019778254402644864,-0.008571238414078794,0.05367702361158159,-0.053982223771348904,-0.011612182614796795,0.1934008372326692,0.0524862101887854,-0.006115859960102953,0.04589119781139517,-0.004398331084415517,0.014754858827534707,0.1778152735903859,1.1333333333333333,-0.026605020157841337,1.7,0.003269752913331727,1.7666666666666666,-0.015657302879083672,1.6333333333333333,-0.01701537101830392,1.4666666666666666,-0.012237905080745461,1.5666666666666667,-0.010032526626769619,1.1,-0.0019734279090682975,1.2333333333333334,-0.009125781789224567,1.6333333333333333,-0.0068739278865701135,1.7,0.02932225687019795,0.9666666666666667,-0.014028849281463463,0.9666666666666667,0.012338192160868039
2026-04-20,2026-04,361,355,-0.05931255894158854,-0.043471535615768914,0.055510604228825,-0.0010062595337192296,-0.0028098446316240887,0.4076429119644066,-0.07774509595112512,-0.03852882388244605,0.04679547896182406,0.035106851945106765,0.04456966686151081,0.17894404267685282,0.007777211430149886,-0.013375457545857184,0.050501232030982564,-0.005015050192609199,-0.0007631221717260982,0.39932589874499375,-0.07202471597878299,-0.014191483318727416,0.051124914047565015,-0.01568706323282623,-0.003515730617437868,0.2305713448052605,0.05229118855256719,-0.014219482107826996,0.05185589713233331,-0.028225388616730532,0.03956110434018268,0.1947002030081219,-0.02717449146110994,-1.3124855657008563e-05,0.05033257429531127,0.0012211577991586343,0.03853346400495086,0.17985144645596546,1.222222222222222,-0.04652709117132447,1.6388888888888888,-0.042626046104668275,1.8333333333333333,-0.017958790879190518,1.6666666666666665,-0.018358149985394083,1.6388888888888888,-0.018316704330049217,1.6111111111111112,-0.004040902633434786,1.1111111111111112,-0.005587622409401867,1.3333333333333333,0.041236333528177474,1.7777777777777777,-0.005207566616170543,1.722222222222222,-0.007821286172993422,1.4166666666666665,0.036019437673516015,1.0833333333333333,0.03582513067161753
2026-04-21,2026-04,333,323,-0.19266904159769033,-0.0631328968013487,0.06215611218088539,0.04201983528871921,0.011259286201201795,0.4158579319482669,-0.03802099480621954,-0.004551596857658546,0.052599632290337046,0.004216899967567307,0.037031609520547695,0.1831580486614257,0.0669816823314263,0.03006853610507849,0.043670730874813296,-0.06655777440097005,0.05742558875667893,0.5497275865636766,-0.08785978091519538,0.00639276631319563,0.05004721480693195,-0.03499708495740528,0.024938668835237123,0.27364817913621664,-0.1323234351875864,-0.00780215208905935,0.04940963606900849,-0.14168374420160004,-0.018875115206233434,0.22032877756282687,-0.06337504086584239,-0.009477137173073087,0.04935860731607472,-0.11388262225142681,-0.023430667736914306,0.19888616318348795,1.25,-0.0662578968013487,1.472222222222222,-0.008232152413214101,1.7777777777777777,0.025624091660634046,1.8055555555555556,0.001878877424306741,1.5833333333333333,-0.011760485422392683,1.5,-0.013227137173073087,1.1111111111111112,0.008481508423424017,1.1944444444444444,0.03404549840943658,1.722222222222222,0.05312003320112337,1.6666666666666665,0.020772002168570457,1.1944444444444444,-0.021861226317344544,0.9166666666666666,-0.025722334403580974
2026-04-22,2026-04,410,403,-0.07204595897974757,-0.06490519933290004,0.06071109096976842,0.09131561410022752,0.033204116343099215,0.38610605909489093,0.011737769511259263,-0.03513257398090124,0.05400320073906218,0.061609774379470635,0.05775200197924272,0.19060056386515498,-0.017288342939504094,-0.01219399158736259,0.03707275304750189,-0.09798026087686881,-0.019845827001903016,0.5118980187922716,-0.026700383154037215,-0.010658187765891787,0.054160013605168325,0.0873726414704227,0.03352476410077239,0.285941958706826,-0.012979894687494695,-0.01609600456052171,0.05014931643059062,-0.026341707173429596,0.016509968919056726,0.20931750889867545,-0.04726543983445296,-0.04635385708983014,0.054045366962391206,-0.019067074150119726,0.008812248645069607,0.18996209772303702,1.2,-0.06790519933290004,1.55,-0.03900757398090124,1.825,-0.01675649158736259,1.725,-0.014970687765891787,1.6500000000000001,-0.02022100456052171,1.55,-0.050228857089830145,1.25,0.030079116343099215,1.425,0.054189501979242716,1.725,-0.024158327001903016,1.85,0.02889976410077239,1.3,0.013259968919056727,1.125,0.005999748645069607
2026-04-23,2026-04,403,394,-0.06859151897931173,0.014178123960098966,0.06289951446047537,0.09413861092786809,0.030814511119545508,0.4978364316316751,0.005758862616382745,0.025137181002227685,0.05486981942667987,-0.010633269541538799,0.04515612760517097,0.1868727547235978,-0.15221586970975817,-0.034300690225859604,0.04076971238615027,-0.09843783610844033,-0.004589981356938576,0.42832639168661374,-0.0752386875293581,0.032394163154077484,0.052562569374795136,0.050512613944258024,0.03301413685422938,0.2929361790227584,-0.009186861799397969,0.026511808283263695,0.050075267358016456,-0.02795826043846561,0.02908003895419294,0.19618340046742022,-0.023022983013830437,0.01612545266885411,0.05233302899490136,-0.04191025561576194,0.02288168163995568,0.19211802860865224,1.175,0.011240623960098967,1.525,0.021324681002227685,1.875,-0.0389881902258596,1.8,0.027894163154077483,1.675,0.022324308283263695,1.6,0.01212545266885411,1.125,0.02800201111954551,1.45,0.04153112760517097,1.85,-0.009214981356938576,1.8,0.02851413685422938,1.3,0.02583003895419294,1.075,0.02019418163995568
2026-04-24,2026-04,326,325,0.02498201072861961,0.02769410818094846,0.0625608852526314,0.03333942356399721,0.0003868281625148684,0.3273308267816901,-0.011560065982309468,0.012605111637356805,0.04912265408919689,-0.019121188374298072,0.014259071039103559,0.14710323605686426,0.04290160605263355,0.038275608348268,0.03735853692414981,0.12928880330078224,0.04339318095868854,0.4227732682484202,0.03280082780955185,0.025007840066605638,0.04173540903583145,0.01628966407038113,0.008662766218805514,0.25457305926829576,-0.03241601759528252,0.014610227648183552,0.0440192197399045,-0.04852228201808885,-0.011904948116082881,0.14815904735587537,0.03349771183395318,0.020906200364854646,0.03942067627675422,-0.06027163583306995,0.00785394835357536,0.13933114358223975,1.282051282051282,0.024488979975820255,1.641025641025641,0.008502547534792702,1.8205128205128205,0.03372432629698595,1.6923076923076923,0.02077707083583641,1.641025641025641,0.01050766354561945,1.7179487179487178,0.01661132856998285,1.282051282051282,-0.0028183000426133366,1.5897435897435896,0.010284712064744584,1.8205128205128205,0.03884189890740649,1.8205128205128205,0.004111484167523463,1.4102564102564101,-0.015430589141723907,1.358974358974359,0.004456512456139462
2026-04-27,2026-04,376,363,-0.11113641351861939,-0.049827339832803186,0.06657800395601485,-0.031120493883429922,0.010158184341932067,0.46744261702729595,0.03207269214248508,0.010876267715633508,0.05374836609172141,0.025395565516991157,0.02637069204351085,0.17177554064740738,0.09767772857353911,0.017802276179736926,0.03795797183003414,0.021058641552213736,0.009247209918275432,0.4252743133240276,-0.021518822818377078,-0.024218695199147763,0.04820225881156576,0.017190474473191206,0.029966809111496125,0.27872800992594826,-0.031646144344835786,-0.0061042013748065106,0.05251116855546748,-0.06015554264662478,0.017004708870378943,0.1793993018153641,-0.01275523593377007,-0.021701336422306414,0.045019653097196105,-0.04422766771418641,0.006996322887204849,0.17130406418194374,1.25,-0.05295233983280319,1.6111111111111112,0.00684848993785573,1.8333333333333333,0.013218942846403594,1.8333333333333333,-0.028802028532481094,1.8611111111111112,-0.010756979152584289,1.6944444444444444,-0.025937447533417524,1.0555555555555556,0.007519295453043178,1.3888888888888888,0.022898469821288625,1.8055555555555556,0.004733321029386543,1.8333333333333333,0.025383475778162794,1.4444444444444444,0.013393597759267833,1.1111111111111112,0.0042185451094270705
2026-04-28,2026-04,380,373,-0.006300634442757546,-0.02640351483110169,0.06644882223634622,-0.14265100975695633,-0.04470164335469573,0.40312726835946777,0.09496165777500282,0.023548169341117732,0.06135109843201288,-0.00423082095990605,0.0017797777937333496,0.18552057716894793,0.07213838439242344,0.02317146290697978,0.04573693281563897,-0.007232538042035774,-0.027406217271755327,0.5692209844552988,0.03504215840538333,0.027507222011343313,0.05474670407917054,-0.12680172373259618,-0.04102054900567799,0.2349251343591793,0.025395861762193047,0.0058146625182195835,0.05527373553564639,-0.12725266722578996,-0.04298777585112778,0.20755198416677684,0.06951702902155978,0.0243470359598928,0.052368078367576766,-0.07174725295152576,-0.02227247841233979,0.202831842609354,1.162162162162162,-0.029308920236507094,1.4054054054054053,0.02003465582760422,1.7837837837837838,0.01871200344752032,1.7297297297297298,0.023182897687018988,1.7297297297297298,0.0014903381938952591,1.6756756756756757,0.020157846770703612,1.189189189189189,-0.0476746163276687,1.3783783783783783,-0.0016661681522125962,1.7297297297297298,-0.03173054159607965,1.7567567567567568,-0.04541244089756988,1.3243243243243243,-0.04629858666193859,1.054054054054054,-0.024907613547474925
2026-04-29,2026-04,512,504,-0.02924048199391535,-0.013670601242775329,0.05075555485351928,-0.061049008794818095,-0.01632456798958161,0.40014904886484143,0.024064424583156864,0.0195818142181009,0.04920921421976454,0.04234160243645644,-0.02673720961925524,0.15704161703586578,0.04228514367494282,0.011565342710692813,0.03691916433584505,0.13014367770656804,0.0517775153465489,0.5120196251943707,0.021055109573245752,0.021333194660938772,0.04528225189122626,-0.05422678414071709,-0.011237827099685897,0.2196643917262554,-0.004130170603449263,0.017775514954762216,0.04361972606926297,-0.070071189675101,-0.05283658598637918,0.18177579291164875,0.04046396046086877,0.007202592963910076,0.04180377985208639,0.018422286452432452,-0.029319634011018888,0.1759422229975462,1.3,-0.016920601242775328,1.6,0.015581814218100901,1.74,0.007215342710692813,1.74,0.016983194660938773,1.72,0.013475514954762216,1.6400000000000001,0.0031025929639100754,1.28,-0.01952456798958161,1.48,-0.030437209619255237,1.8,0.0472775153465489,1.76,-0.0156378270996859,1.4200000000000002,-0.056386585986379176,1.32,-0.03261963401101889
2026-04-30,2026-04,524,509,0.10157597209188556,0.027093126017851313,0.053279548009037114,-0.027275490991282157,-0.01153803850562701,0.3474135733410424,0.0936144339656082,0.027243043322487483,0.05440676885294561,0.15368386812930185,0.030280334990747743,0.1667450709524108,0.08088166939688782,-0.0029343207065825536,0.034901339739891714,0.08656795962375714,0.03740875927432561,0.4852941580591541,0.1265434922673695,0.05437305646851246,0.047892655867114275,-0.019232554405733217,-0.030683586353601456,0.282950765288928,0.10186359005618519,0.036698749728277094,0.04621673705955954,0.03608541444689329,0.0013124876073026467,0.17493990669940035,0.04625649772410241,0.0036828955646993587,0.03814301142255759,0.14532382801178503,0.02494744538150364,0.17707019993195347,1.411764705882353,0.02356371425314543,1.6470588235294117,0.023125396263663955,1.7843137254901962,-0.007395105020308044,1.8627450980392157,0.049716193723414424,1.843137254901961,0.03209090659102219,1.7058823529411764,-0.0005818103176535826,1.215686274509804,-0.01457725419190152,1.4705882352941178,0.02660386440251245,1.8235294117647058,0.03284993574491385,1.7843137254901962,-0.035144370667326945,1.4705882352941178,-0.0023639829809326473,1.1568627450980393,0.022055288518758542
2026-05-01,2026-05,445,434,-0.010456207617491076,-0.004555308040388804,0.04955767497850848,0.040602298141672266,0.00573425428421197,0.34906009190477605,0.02790931803667375,-0.01041746308189535,0.046438866932544454,0.1859807999432416,0.03573499296987266,0.13827076484990675,0.0398015795594381,0.01518260833792711,0.04482491286179015,-0.0936232008319407,-0.02584283639053786,0.5327715743766275,0.06396371648393037,-0.007064823187377509,0.04225369340657639,0.04601437639885588,0.0061549486313929105,0.21748755421749383,0.07975458472703295,-0.02007323754190372,0.04299496223967218,0.20999539075261545,0.02346211406935437,0.12644936872083087,0.045829313561537216,-0.00352571108909662,0.0412328630164803,0.18313463479178685,0.03204151942439361,0.14323175222028134,1.5686274509803921,-0.008476876667839785,1.607843137254902,-0.014437070925032606,1.8823529411764706,0.010476725984985934,1.6666666666666667,-0.011231489854044176,1.7254901960784315,-0.0243869630320998,1.7058823529411764,-0.007790416971449561,1.3529411764705883,0.0023519013430354993,1.6666666666666667,0.031568326303205996,1.784313725490196,-0.03030362070426335,1.784313725490196,0.0016941643176674208,1.6862745098039216,0.019246427794844565,1.7647058823529411,0.027629754718511257
2026-05-04,2026-05,443,434,0.03220658948579379,-0.01205239303027485,0.05543292527404163,0.029350273524673003,0.025515696456501584,0.39067560828529124,0.002233664418095049,-0.03567371392637332,0.04827262421735207,0.07997160178578588,0.05694488877197415,0.15442416297141895,0.10417765469002367,0.006941868430448484,0.03727014610530846,-0.0049765950571694475,-0.03515765760495272,0.4708465482433175,0.005621739610837893,-0.011695913337758717,0.04203797141209624,0.11408424230727285,0.03276321480999392,0.23932370569470318,-0.04707624449145353,-0.04865815503422476,0.04424492071541528,0.06844840592523899,0.04345239635706151,0.13944898073583148,-0.02941438929861833,-0.03772117197376701,0.04514438209370805,0.10247167226716108,0.05096785537110471,0.15509474719333094,1.2790697674418605,-0.015250067448879502,1.4651162790697674,-0.03933650462404774,1.744186046511628,0.002581403314169414,1.7674418604651163,-0.01611451798892151,1.6744186046511627,-0.05284420154585267,1.5813953488372092,-0.04167466034586003,0.9534883720930233,0.023131975526269027,1.6046511627906976,0.0529332608649974,1.744186046511628,-0.03951812272123179,1.8604651162790697,0.028112052019296244,1.6511627906976745,0.03932448938031732,1.627906976744186,0.04689808792924424
2026-05-05,2026-05,554,538,0.05212194837239709,0.04339076053194226,0.05884190759286265,0.041360538504440165,0.01902036457618288,0.3311402040740682,0.06711413824698109,0.057548951381387436,0.052146039178956057,0.061882101319107215,0.02168318071128797,0.1308353202831414,0.06670998747614425,0.03656815954717473,0.033301520777503715,0.04250931671169685,0.024631916284568237,0.4552482623192999,0.02741752121571639,0.024218830443386456,0.05139818626387138,-0.06614838443198358,-0.05866725810633011,0.255778560069976,0.09220828142365409,0.047097373935240806,0.05120278407980182,0.08066701519153194,-0.00020114218437292455,0.13007232729621507,0.06725133801703476,0.04600887007387664,0.043730635064930835,0.08433524233917233,0.03887801111069081,0.14096495781645732,1.4074074074074074,0.03987224201342374,1.4259259259259258,0.053984136566572624,1.8703703703703702,0.03189223362124881,1.7592592592592593,0.01982068229523831,1.7962962962962963,0.04260663319450007,1.6851851851851851,0.04179590711091368,1.2407407407407407,0.01591851272433103,1.6111111111111112,0.017655402933510193,1.8703703703703702,0.01995599035864231,1.8518518518518519,-0.06329688773595973,1.7037037037037037,-0.004460401443632184,1.5555555555555556,0.03498912222180192
2026-05-06,2026-05,435,427,0.0065242874536687616,0.018661095447216558,0.061086286205637566,-0.06663250657977729,-0.01574151692305703,0.3755501108460648,0.03175204252548132,0.01568916275090669,0.05811926198491757,0.01169407728749424,0.0016977979568454198,0.1839431434176689,-0.03329994552864457,-0.03051168051222495,0.057524094420515474,-0.06562449863143346,-0.044636661512314095,0.6697342780440353,0.01701592376791514,0.00397800467632941,0.05863438642689317,-0.09976915153174247,-0.02243365455214297,0.21578915087982664,0.12491570380791918,0.05814188440669207,0.05484018879399347,-0.03217839364906669,-0.008153161495510972,0.17898657684062802,-0.03061972275222518,-0.01211642805399852,0.056446248732117205,0.018895321979107496,0.007248450911790192,0.19207973405718803,1.3888888888888888,0.015188873224994336,1.4814814814814814,0.011985459047202987,1.8518518518518519,-0.03514131014185458,1.7037037037037037,-0.00028125458292984924,1.722222222222222,0.05383632885113651,1.6296296296296295,-0.016190502128072593,1.0925925925925926,-0.01847299840453851,1.3703703703703702,-0.0017281279690805054,1.8703703703703702,-0.04931258743824002,1.8148148148148147,-0.02697069158918001,1.5555555555555556,-0.012042050384399861,1.4074074074074074,0.0037299323932716735
2026-05-07,2026-05,615,598,-0.017989314088093802,-0.014078780321055372,0.05972111813331242,-0.011846277183529905,0.003299219747064243,0.33512142011895774,-0.04923797899089867,0.02245247954139506,0.05569033651630548,-0.04216502493296011,0.007706678483360867,0.15792096828420957,0.021181993045471963,0.028856170204195092,0.04310369358635402,0.04370783126870472,0.004130149038556203,0.7123859486853084,0.005610560958205706,0.012659660275016514,0.05079963663903706,-0.05953127273139985,0.017375563196678358,0.24478584472090006,-0.004165088903310878,-0.011249799192340506,0.05077146977692652,-0.06341004272600363,-0.0151209469409626,0.1508092548698187,-0.060910865570434965,0.009341698777860926,0.054284499783248966,-0.027477071272256782,0.02508931924410813,0.1671021873752276,1.4166666666666667,-0.01762044698772204,1.5999999999999999,0.01845247954139506,1.9,0.02410617020419509,1.8333333333333333,0.008076326941683181,1.8333333333333333,-0.015833132525673838,1.75,0.004966698777860925,1.2166666666666666,0.0002575530803975764,1.7333333333333334,0.0033733451500275327,1.8666666666666667,-0.0005365176281104632,1.8499999999999999,0.012750563196678357,1.7833333333333332,-0.01957928027429593,1.75,0.020714319244108128
2026-05-08,2026-05,355,347,-0.006359888525592711,-0.043263907893598574,0.061215862906480054,0.04492879961160986,0.043172812601227094,0.34767356706517083,0.012279619442037868,-0.07661399533226709,0.06909518051161223,0.18637871793702607,0.030458069200240065,0.16148005021469936,0.051585709541022304,0.032172428775059964,0.07643314387270099,0.015185379869283854,0.06837925038517055,0.685050487944058,0.06426327916077688,-0.08293871369111859,0.06065584419919101,-0.07422006807556442,-0.059736854963404286,0.23732548175113544,0.04602637726952076,-0.07600479905849365,0.05839951856607874,0.1564375397308628,0.02657994377074319,0.15339133760758808,0.11417276080027444,-0.046569959511587,0.05212236089339148,0.20573975178436837,0.10265364360513865,0.1695808808718409,1.6666666666666665,-0.04743057456026524,1.6666666666666665,-0.08078066199893376,1.9,0.027422428775059963,1.8833333333333333,-0.08764704702445192,1.8,-0.08050479905849366,1.8166666666666667,-0.05111162617825367,1.4333333333333333,0.03958947926789376,1.8166666666666667,0.0259164025335734,1.8166666666666667,0.06383758371850388,1.9,-0.06448685496340428,1.8666666666666667,0.021913277104076524,1.7833333333333332,0.09819531027180532
2026-05-11,2026-05,444,429,0.0038485770725492047,-0.022448359645170567,0.06765724387473164,-0.05073420158411825,-0.016074554176304528,0.4058054713315742,0.09818728270222853,0.009307956342733237,0.0715403741586543,0.015151436734993546,-0.015846736700475508,0.20468304479538008,0.00988871852127975,-0.035307222115077225,0.049432619695633256,-0.0006398202895641029,-0.04486703290206469,0.5982169533191726,0.06204714028780801,0.041607462248946965,0.06564428380213722,0.02028346675187833,0.01694474965766579,0.2707571845588296,0.07465792321827491,0.0385327463197509,0.06295029507287164,0.009661098261689871,-0.03357992425981306,0.20613574617823888,0.07604482276634648,0.010570458630894453,0.061570459054039635,0.031627182073307655,-0.0032524995396787035,0.20850216510683992,1.3953488372093024,-0.025936731738193823,1.4883720930232558,0.005587026110175097,1.813953488372093,-0.03984210583600746,1.697674418604651,0.03736327620243534,1.6046511627906976,0.03452111841277415,1.6511627906976745,0.006442551654150266,1.1395348837209303,-0.018923391385606853,1.697674418604651,-0.020090922746987136,1.8372093023255813,-0.04946005615787864,1.8372093023255813,0.012351726401851835,1.627906976744186,-0.037649691701673524,1.6511627906976745,-0.00738040651642289
2026-05-12,2026-05,367,365,0.061139062481128915,-0.007275877625458935,0.06861575019242182,-0.040213922203851046,-0.04605381899062329,0.39532642832232845,0.0009862333357670556,-0.03411169198258737,0.055694632702625826,-0.02475937272161138,0.000699037248006542,0.17166801117774513,-0.12574737527766808,-0.023779730795294968,0.05214535959592584,-0.10319434636915098,-0.008394979189189578,0.8425897111495335,-0.07551792426091669,-0.018747996811447995,0.06576055406281438,-0.032778754603964864,0.01962116756589588,0.2407742575224903,0.010918968580790828,0.019034226952386747,0.061740201007027096,0.004187212941614812,0.018471822978045803,0.15546113811433315,-0.03947543307784325,-0.026897940873803115,0.055704493658082374,-0.04527909523378624,-0.008305172578864609,0.17019327554023927,1.372093023255814,-0.01070611018359847,1.5581395348837208,-0.038007040819796674,1.8604651162790697,-0.028430893585992642,1.7674418604651163,-0.023166601462610785,1.6511627906976742,0.014906319975642561,1.6744186046511627,-0.03108398738543102,1.0930232558139534,-0.048786377130158175,1.4883720930232558,-0.0030218929845515978,1.697674418604651,-0.012639165235701206,1.7906976744186045,0.01514442337984937,1.5581395348837208,0.014576474140836501,1.5116279069767442,-0.012084242346306468
2026-05-13,2026-05,406,396,-0.04000408827995035,0.014566769321058541,0.07055925196886985,0.040324157565536874,-0.01669441653843693,0.40608206093311305,-0.05880676915159674,0.005316111843310031,0.07055654514458812,-0.16929522446763826,-0.04462114470698501,0.19361470071598888,-0.0211627648750846,-0.010352171523892863,0.05242492854164484,-0.008089433443494234,0.001169205186448953,0.6232722052372992,-0.08247471205185547,0.006120611021173089,0.07117420627073681,0.04210273865446279,-0.002190531263637989,0.24265749948099258,-0.049017311086276605,0.006955362541218507,0.07136082071521736,-0.17142148866286797,-0.05318630425385774,0.19748197998851538,-0.04908365818051187,-0.010217382211828246,0.05841118037936099,-0.17933177243522072,-0.013592368937320493,0.20346078993752598,1.55,0.010691769321058541,1.725,0.001003611843310031,1.85,-0.014977171523892864,1.675,0.0019331110211730888,1.575,0.003017862541218507,1.675,-0.014404882211828247,1.025,-0.01925691653843693,1.525,-0.04843364470698501,1.8,-0.0033307948135510466,1.675,-0.006378031263637989,1.625,-0.05724880425385774,1.525,-0.017404868937320492
2026-05-14,2026-05,376,365,-0.03373237767368362,0.027191265879722197,0.08235787807124281,-0.0006582764264349004,-0.006378540239963284,0.40076727068258655,-0.03711992776116033,-0.010481793258478388,0.07940704169985563,-0.15060533890174388,-0.05428355632623751,0.1922104770524634,-0.02291984500079629,0.015102357370960572,0.040455745371149605,-0.045858890202890225,-0.00234776064859208,0.6885132148551445,-0.11477126896389596,-0.011244307869801108,0.07899264651950548,-0.03747457531463401,-0.04154447145597533,0.23457029141071767,-0.09271448727354817,0.017543860972939803,0.07619815719782769,-0.15378339635419605,-0.03917914703264497,0.18019836949598458,-0.13243456176985158,-0.012106325610539863,0.06843036108738312,-0.16986601952706135,-0.026046426859956364,0.20163814237134325,1.375,0.023753765879722197,1.6,-0.014481793258478388,1.825,0.010539857370960571,1.7,-0.015494307869801108,1.625,0.013481360972939803,1.575,-0.016043825610539863,0.975,-0.008816040239963284,1.4749999999999999,-0.057971056326237516,1.825,-0.00691026064859208,1.8,-0.04604447145597533,1.55,-0.04305414703264497,1.5,-0.029796426859956364
2026-05-15,2026-05,369,361,0.005690818071517965,0.025343729149350652,0.06636452989163373,0.09413005264012687,0.05758682156895044,0.46178641170263296,-0.06203295023549531,-0.008182739069136424,0.0675087163840662,0.03898450412236202,0.008035480005055017,0.2250516377389431,-0.018455527619755996,-0.002703631126695312,0.038472153442474406,0.0390159787228417,-0.013520029894917872,0.5765044047600694,0.014438539744945158,-0.002813260592193629,0.05930354540302918,-0.011570557832487843,0.003960681944031461,0.26528937628285754,-0.00576246978686003,0.032116892219315366,0.06576120544637697,0.05038309783802891,0.007417556408543295,0.21659810137417582,0.032799890229559224,0.028897908623603495,0.05782503225195339,0.06361645314455494,0.00235819276394561,0.21151729300618172,1.3055555555555556,0.022079840260461763,1.611111111111111,-0.0122105168469142,1.722222222222222,-0.007009186682250867,1.722222222222222,-0.007118816147749184,1.5833333333333333,0.02815855888598203,1.4166666666666665,0.02535624195693683,0.7777777777777777,0.055642377124505996,1.3333333333333333,0.004702146671721684,1.6944444444444444,-0.017756141006028982,1.6666666666666665,-0.00020598472263520535,1.5,0.0036675564085432953,1.4444444444444444,-0.0012529183471655003
2026-05-18,2026-05,317,313,0.05382704013248157,0.0039670623179983225,0.07263478362491371,0.12031833548183916,0.06314737444192098,0.3556919859782342,-0.0306261908762212,0.01600334398429098,0.07731487255949587,-0.013577401586252777,0.013873886361034121,0.16241873512344976,0.04261311758145403,0.05333670343441583,0.044341717189705344,0.08482766838336848,0.0221359805854787,0.6002160253063324,0.00041099120832922094,-0.03427138709232207,0.07262657821009123,0.015482050119078205,-0.02062645311697631,0.21904617776313137,-0.04966664883570071,-0.006402286288809567,0.07090238324773515,-0.03020653532527826,0.01962870524224857,0.15014472303371276,-0.020844148065327636,0.017432772532804633,0.0646835921723101,-0.019085663225290237,0.007407036398202254,0.16977616183219418,1.4444444444444444,0.000355951206887212,1.5,0.012253343984290978,1.7777777777777777,0.048892258989971384,1.7777777777777777,-0.03871583153676651,1.6666666666666665,-0.010568952955476232,1.6666666666666665,0.013266105866137967,1.0833333333333333,0.060439041108587645,1.4166666666666665,0.010332219694367454,1.8333333333333333,0.017552647252145368,1.8333333333333333,-0.02520978645030964,1.6388888888888888,0.01553148302002635,1.5555555555555556,0.0035181475093133646
2026-05-19,2026-05,322,316,0.046345461229273376,0.027774847496484345,0.052561178519484955,0.25112731634282065,0.1564795898135101,0.3537758549209684,-0.016203055143655443,-0.05419867897965053,0.04409263438273482,0.05823046513671659,0.02459821008712894,0.11155475198756903,0.0617436455205422,0.07393375335450639,0.03858644342603528,0.1847449500987388,0.07789255986973538,0.7537631894811057,-0.025533764826728436,0.022425932074361735,0.04688542044430717,0.029136528967325933,-0.04110146224588694,0.1557095799362287,-0.01162927156790559,0.005615756476630998,0.04481414140023188,0.06380059669454728,0.03666261237918954,0.10101061291061342,-0.05035727636081399,-0.016550672890787585,0.04187698843933582,0.16348319947752835,0.09577016385110103,0.11500173935201019,1.34375,0.024415472496484344,1.59375,-0.058183053979650526,1.71875,0.06963687835450638,1.8125,0.017894682074361734,1.6875,0.0013970064766309978,1.71875,-0.020847547890787584,0.84375,0.1543702148135101,1.5625,0.02069196008712894,1.71875,0.07359568486973538,1.71875,-0.04539833724588694,1.6875,0.03244386237918954,1.5625,0.09186391385110103
2026-05-20,2026-05,329,326,0.09884282816301498,-0.01434450561683144,0.05247278047968715,0.25426003679766007,0.145306891323486,0.39904005238504126,0.10127983070380579,0.019904264654456563,0.048774834043254764,0.14579455313757336,0.05666572082614583,0.10857292445320071,0.01399809531746927,0.007525545586670967,0.0407684621375345,0.049075982612083985,0.03958909267940873,0.6609583009373058,0.04210956756933001,0.022750413387096255,0.050296694615262295,0.018232701393054274,-0.0611714427038397,0.18753344836560162,0.05733291099144758,0.004694787153541546,0.04727193330179958,0.12240647261404916,0.059256609830630094,0.09987187024318811,0.0894749256970326,0.01826808021740646,0.04212822736141702,0.21616131662836385,0.1199137076557059,0.1163910310150999,1.3636363636363638,-0.01775359652592235,1.606060606060606,0.01588911313930505,1.8181818181818181,0.0029800910412164216,1.878787878787879,0.01805344369012656,1.7272727272727273,0.0003766053353597282,1.8181818181818181,0.013722625671951915,1.0,0.142806891323486,1.4242424242424243,0.053105114765539765,1.696969696969697,0.03534666843698449,1.878787878787879,-0.0658684124008094,1.606060606060606,0.05524145831547858,1.393939393939394,0.11642885917085742
2026-05-21,2026-05,322,316,0.10023487142456375,0.02211205413151092,0.05894963995778673,0.043154052399205584,0.02340710457458635,0.41215723450295627,0.03283401809798712,0.017010091187180026,0.06515471657704508,-0.03302379571559585,0.002466630045225904,0.12879664078354836,0.08616618927611547,0.059499974168632785,0.03757310316384295,0.050155966404157676,0.05040703108311001,0.5810100308153778,0.10214130349417297,0.0027506035261930795,0.05049313034643617,-0.03304356452476412,-0.007347024330286882,0.16563140216749161,0.06620088956046928,0.01036991746670829,0.0513556240458022,-0.06144559237326531,-0.0037617847871831353,0.11186429706867784,0.08837969628279893,0.018105129210827686,0.049080164663098946,0.09732094895316068,0.05303610956483448,0.1400717400247231,1.2121212121212122,0.01908175110120789,1.4242424242424243,0.013449485126573965,1.9090909090909092,0.05472724689590551,1.7272727272727273,-0.0015675782919887388,1.5757575757575757,0.006430523527314351,1.6363636363636365,0.014014220119918595,1.0303030303030303,0.020831346998828774,1.3636363636363638,-0.0009424608638650056,1.9393939393939394,0.04555854623462516,1.8181818181818181,-0.011892478875741427,1.6666666666666667,-0.007928451453849803,1.4848484848484849,0.04932398835271327
2026-05-22,2026-05,262,261,0.18867716172390106,0.09310775426705462,0.05543658666251748,-0.06414969451970384,-0.012874438892667164,0.4194911460463817,0.09133582281508942,0.06460621058268275,0.050213819671061394,0.14153914828496994,0.027541105293103156,0.13395554944872856,-0.026642560618377064,-0.01474617023221729,0.0404867278264806,0.009938246289573934,-0.024587234137301486,0.5457190103255786,0.1956665921579072,0.07922520811071164,0.048112381208102184,-0.025775911278099667,0.029530993383844087,0.17674766896435848,0.26800895839776395,0.09589524219708599,0.0432451075379444,0.1262693037424631,0.0378941274856796,0.11967097745778468,0.16094789803600507,0.07258210480863435,0.044414832468625064,0.1583549936928903,0.0509637547315609,0.14061911762333834,1.375,0.08967025426705462,1.71875,0.06030933558268275,1.84375,-0.01935554523221729,1.6875,0.07500645811071163,1.75,0.09152024219708599,1.71875,0.06828522980863434,1.03125,-0.015452563892667165,1.40625,0.024025480293103155,1.78125,-0.029040359137301484,1.84375,0.024921618383844088,1.53125,0.0340660024856796,1.5625,0.0470575047315609
2026-05-26,2026-05,399,397,0.07233082706766918,0.007750538992577362,0.054775896894587894,-0.01616994748176975,-0.010342367922351575,0.4205521091818809,0.03387539359747017,0.031233254340499398,0.052392322610570766,0.06167680507802169,0.0192305317204554,0.1481682679615915,0.015811197490123025,-0.042289524763781595,0.034567417901688435,0.010557424191617372,-0.01592701256521214,0.5782033385708928,-0.01904352949777672,-0.009972480557967931,0.05340415328272971,-0.04010616994748177,0.027189727611650213,0.20568490568548442,0.05728359844334454,0.011873923536268167,0.04948575268049259,-0.0008442588884270979,0.02612201976455024,0.1396412642672658,0.04968583753758637,-0.012594943845673286,0.05430070323253578,0.07162579816375109,0.03360148919543529,0.1566093720495701,1.4000000000000001,0.004250538992577362,1.625,0.027170754340499398,1.875,-0.04697702476378159,1.725,-0.014284980557967931,1.6500000000000001,0.007748923536268167,1.8,-0.017094943845673286,1.1500000000000001,-0.013217367922351576,1.5250000000000001,0.015418031720455399,1.7000000000000002,-0.02017701256521214,1.925,0.022377227611650213,1.675,0.02193451976455024,1.7000000000000002,0.02935148919543529
2026-05-27,2026-05,284,281,0.033852585477529486,-0.014687787261864944,0.06216545027586762,-0.07814557046575529,-0.11103931433113418,0.5285029613545963,-0.02748849429102044,0.06300609211260655,0.06302757420162822,0.11058525226119596,0.09321931051106778,0.1647423676082066,-0.07198763502259152,-0.0275599486798069,0.04457711899874575,-0.15008318825608538,-0.05381142238272172,1.0148924424179964,0.05023692461632357,0.03401314076877559,0.055005490612423144,0.06361995667514479,0.05030891960013462,0.2253468202959214,-0.03800747576401313,0.024842477003939375,0.04946372300513471,0.06261463143749983,0.0429602895777585,0.1637346383982471,0.017968551498688992,0.04056936717102811,0.060599679789412206,0.08321515479336873,0.029445343991096825,0.16374165721104614,1.4,-0.018187787261864943,1.625,0.05894359211260655,1.85,-0.032184948679806896,1.875,0.02932564076877559,1.825,0.020279977003939374,1.65,0.036444367171028114,1.15,-0.11391431433113418,1.5,0.08946931051106778,1.75,-0.05818642238272172,1.925,0.045496419600134626,1.675,0.038772789577758496,1.6,0.025445343991096825
2026-05-28,2026-05,282,279,0.016623318665200833,0.04350928419906224,0.07586926225904676,-0.04534670954288349,-0.050278297852050055,0.5259915964810976,0.06417171962293258,0.0806767334877273,0.07068565655365351,0.043248561034530085,0.015098263690790502,0.20203645926501068,0.04758255699520129,-0.01784232349536116,0.063838036860302,-0.08347067099138537,-0.028657993103447146,0.6794223093560764,-0.019801309991676435,0.020294118521297196,0.0619594825720996,-0.023684570314328975,0.009454486313158577,0.26394601898001774,0.06028257314022091,0.07173101637287128,0.07079722377488208,0.009657315787938776,-0.022067087416326073,0.20355737029707857,-0.024366294670269354,0.03514977907762459,0.06799006211053726,0.04851078812740112,-0.019959537002699014,0.2208779202774167,1.1785714285714286,0.04056285562763367,1.6428571428571428,0.07656959063058445,1.9285714285714284,-0.02266375206678973,1.6785714285714284,0.016097689949868627,1.5,0.06798101637287128,1.4285714285714284,0.03157835050619602,0.9285714285714285,-0.05259972642347863,1.5357142857142856,0.011258977976504788,1.75,-0.03303299310344715,1.6785714285714284,0.005258057741730006,1.6785714285714284,-0.026263515987754643,1.6428571428571428,-0.024066679859841872
2026-05-29,2026-05,236,234,-0.09655402228541952,-0.00886138234861026,0.06984680097361909,-0.0875695563457755,-0.03820110332485274,0.4841691073354171,-0.007637845955803475,0.040544210915718415,0.07464800095050586,-0.04157175658588468,-0.002471699131906634,0.15817117933993755,0.023432355523786877,0.013843343855899382,0.040853228266251936,0.012752193636535162,0.0006859526901701767,0.8033691651147344,-0.11960772722677102,-0.012743087719112521,0.06773355936093832,0.10168852451533093,0.061518901002509806,0.19322720866488374,-0.07215600706633131,-0.0003041965610961969,0.06205729266977246,0.018422674341639772,0.006430083041343463,0.15295643424210342,-0.08822688949042987,-0.03721423376049054,0.07025918879478252,-0.03185509456011175,-0.036704656605663494,0.16409635317066443,1.2857142857142856,-0.012075668062895974,1.6785714285714286,0.03634778234428984,1.857142857142857,0.00920048671304224,1.7142857142857142,-0.017028802004826808,1.6428571428571428,-0.004411339418239054,1.7142857142857142,-0.041499948046204826,1.1785714285714286,-0.041147531896281314,1.4642857142857142,-0.006132413417620919,1.7857142857142856,-0.0037783330241155373,1.8928571428571428,0.05678675814536695,1.6428571428571428,0.002322940184200606,1.5357142857142856,-0.040543942319949205
2026-06-01,2026-06,300,299,0.0036773741930465893,0.006972459052491664,0.07381992410777825,0.07176124179157546,-0.033172442110760904,0.40563135892152785,-0.09168857431749242,-0.0031655436727649755,0.06343301873307157,-0.20788808764541827,-0.0680281022870184,0.19581419092913468,-0.06538787674355685,-0.013668224196396989,0.04485742918712495,0.00718062354649292,0.005065384829586364,0.44243806650241213,-0.1719912634575132,-0.05126400851420123,0.07446039409214766,0.18002022244691607,0.03345139236055148,0.2646541571865479,-0.1609984734273139,-0.023764836883121754,0.06269514658182537,-0.3318747986088734,-0.10378214382530503,0.17464350697894893,-0.22472605251169459,-0.03975625175419227,0.0650564848308248,-0.3800504450049445,-0.11962383746330484,0.1712329192707936,1.5333333333333332,0.0031391257191583314,1.6333333333333333,-0.007248877006098309,1.7666666666666666,-0.018084890863063655,1.7333333333333332,-0.055597341847534565,1.7,-0.028014836883121754,1.8333333333333333,-0.044339585087525606,1.5333333333333332,-0.03700577544409424,1.7,-0.0722781022870184,1.7333333333333334,0.00073205149625303,1.9333333333333333,0.028618059027218146,1.8,-0.10828214382530503,1.7666666666666666,-0.1240405041299715
2026-06-02,2026-06,262,261,0.0871352122106744,0.07375424641285383,0.08076118955075046,0.05139735591815737,0.030085293286012865,0.46036372677637977,-0.04635934917823299,-0.041386939791518904,0.08681584203371831,-0.1180028364478545,-0.02689497339652254,0.18991973308416515,0.020803793238698354,-0.011443228207965055,0.04930660661506775,0.048719393167576744,0.009142842251174885,0.6075779146586473,-0.009876193113388441,0.02113980186220077,0.06612822265369975,0.17843365491085472,0.0908084502877538,0.2187474018965776,-0.06693543194443471,-0.016055979499685902,0.07650821121048969,-0.1736528624202687,-0.015106500629381056,0.12851850129663944,-0.05657382320942974,0.009995150844603132,0.07367106331902674,-0.2501662267870506,0.0022682305847226414,0.14712625433905765,1.3666666666666667,0.07033757974618716,1.5,-0.04513693979151891,1.7333333333333334,-0.01577656154129839,1.8666666666666667,0.016473135195534103,1.6666666666666667,-0.020222646166352568,1.6666666666666667,0.005828484177936464,0.9666666666666667,0.027668626619346198,1.6,-0.03089497339652254,1.8,0.004642842251174885,1.8,0.0863084502877538,1.6333333333333333,-0.01918983396271439,1.6666666666666667,-0.001898436081944026
2026-06-03,2026-06,251,250,-0.0010882185543540125,-0.009806388310404049,0.08893574334717821,0.053790172642762285,0.02003673693947155,0.43647924005985256,-0.14618706127869474,0.010009253428651207,0.08109290418560047,-0.28574312274710684,-0.0356936973392033,0.22708053275942802,-0.022157718542047587,0.03083230435849322,0.046056117684741736,-0.034680128865345945,0.041859044316571475,0.7820357155799866,-0.15153405425915387,-0.030077948011555243,0.07529056970762561,0.1911819389110226,0.043764562712166444,0.2751381286978722,-0.07566002656042496,-0.00511534522283448,0.07571533864926797,-0.3290130904951622,-0.08451802025200027,0.18999689146876336,-0.05486017833428192,0.010318326925476476,0.0763353114591384,-0.361800796812749,-0.0705745434657897,0.19871290758252144,1.2307692307692308,-0.012883311387327127,1.5384615384615385,0.006163099582497361,1.653846153846154,0.026697688973877833,1.6923076923076923,-0.034308717242324475,1.8076923076923077,-0.009634575992065249,1.7307692307692308,0.005991403848553399,0.9230769230769231,0.01772904463177924,1.6153846153846154,-0.03973215887766484,1.7692307692307694,0.03743596739349455,1.8461538461538463,0.039149178096781825,1.7692307692307694,-0.08894109717507719,1.653846153846154,-0.07470915885040509
2026-06-04,2026-06,254,253,-0.07223298596242818,-0.009162844560208015,0.0851872297334604,0.03344799872580447,-0.015145425046887241,0.41339893348515033,-0.18311031860380392,-0.04389372421881002,0.06788053387642305,-0.16198796471064228,-0.06521837845393652,0.17378011092543602,-0.2200339740126779,-0.09694553113055698,0.04268001490226116,-0.1746078945126046,-0.04847810465438931,0.47784144356846814,-0.1868713922966093,-0.05142598833235844,0.07432960960630126,-0.08221966325355576,-0.04616077421983858,0.20735477656126022,-0.15611934232471114,-0.04968729932743515,0.0690499420271116,-0.24730853656080715,-0.07548674335707593,0.13898795172572137,-0.048658524752529624,-0.00265258067236461,0.06596746689318994,-0.2612587806900794,-0.07160121448614651,0.16032812759280207,0.96,-0.011562844560208015,1.36,-0.04729372421881002,1.6400000000000001,-0.10104553113055699,1.4000000000000001,-0.05492598833235844,1.6400000000000001,-0.05378729932743515,1.4000000000000001,-0.00615258067236461,0.76,-0.01704542504688724,1.2,-0.06821837845393652,1.84,-0.05307810465438931,1.8,-0.05066077421983858,1.44,-0.07908674335707594,1.32,-0.0749012144861465
2026-06-05,2026-06,250,247,-0.015622521960351366,-0.021833612711664258,0.08932700726777815,0.03626362021792349,0.002832620082765424,0.46135898135602477,-0.05166764268228292,0.019107782745077885,0.08524065569795863,-0.12344530312485,0.007628917938946525,0.18953958824276923,0.015947177360775618,0.02184303639070292,0.04701772376962318,0.08391814638743329,0.07483706920464524,0.6887467584013939,-0.02779053532013273,0.015729984005770033,0.0729621594129457,0.018696107137714205,0.001858202714777324,0.1815606386959553,-0.08439725435606969,-0.03490654280649338,0.07471123705010838,-0.15712801804828877,-0.02924076672135884,0.14511071979999543,-0.09098028915284363,0.014255614015447393,0.0809834503091999,-0.17124869197907167,-0.036467374651119315,0.16278490498661996,1.08,-0.02453361271166426,1.24,0.016007782745077886,1.72,0.01754303639070292,1.56,0.011829984005770032,1.36,-0.03830654280649338,1.36,0.010855614015447393,0.8,0.0008326200827654239,1.24,0.004528917938946525,1.76,0.07043706920464524,1.76,-0.0025417972852226764,1.36,-0.032640766721358835,1.52,-0.04026737465111931
2026-06-08,2026-06,284,282,-0.08681265976699394,-0.001044756920631093,0.08172888642679724,0.07403312413502594,0.027161010147814833,0.4520149918805276,-0.11746118934601432,-0.019420703911875715,0.07905225430921435,-0.10469266656005802,-0.01117858016255632,0.149108656549028,-0.056071902100694224,-0.04528944211214947,0.044228709534080486,-0.07546271783330061,-0.06626525194746394,0.5417324395052023,-0.01892306287906814,0.0006287252392676267,0.06641505661137652,-0.07965645009344119,-0.013424655593700001,0.128394153102168,-0.1024344826077803,-0.01744490544634187,0.07413917413792452,-0.23179953110137155,-0.061431389069359285,0.12026465990181481,-0.04404414787608027,0.0016049062457944643,0.07351546840477104,-0.26211986134473103,-0.056793199776074645,0.13787331152707338,1.3571428571428572,-0.004437614063488237,1.75,-0.023795703911875715,1.75,-0.04966444211214947,1.6785714285714286,-0.0035677033321609448,1.75,-0.02181990544634187,1.6785714285714286,-0.002591522325634107,0.8571428571428572,0.02501815300495769,1.4642857142857142,-0.014839294448270604,1.6785714285714286,-0.07046168051889251,1.9642857142857142,-0.01833536987941429,1.3928571428571428,-0.06491353192650214,1.4642857142857142,-0.06045391406178893
2026-06-09,2026-06,273,272,-0.09188584093944911,-0.01261100884398099,0.0719688629578053,0.04545765526873299,0.0461932399022186,0.3763660799573969,-0.06501222049740728,-0.007799872845123302,0.06918400205219519,-0.03153088860474004,0.0009781028044009987,0.15027630122171506,-0.08776134447996016,-0.02284919524975972,0.045974895721137936,0.0008310699865735419,-0.004733925999445308,0.6680315218313977,-0.049761967146497756,0.011854546132458925,0.0625303957805007,0.026656254865786853,-0.0025785796244073163,0.16819900315668845,-0.004178089594483835,-0.0034250216952088257,0.06503781458536238,-0.10661145423919147,-0.006166815243739476,0.13013982324412576,0.03106554244381638,0.021536062501099535,0.0666589117764675,-0.12428930022317743,-0.016039930421790367,0.14270959739331845,1.3928571428571428,-0.016093151701123846,1.4285714285714284,-0.011371301416551873,1.7857142857142856,-0.027313480964045435,1.607142857142857,0.007836688989601782,1.5,-0.007175021695208826,1.5357142857142856,0.01769677678681382,0.9285714285714285,0.04387181133079003,1.5357142857142856,-0.002861182909884715,1.6785714285714284,-0.008930354570873877,1.8928571428571428,-0.007310722481550173,1.357142857142857,-0.009559672386596618,1.1785714285714286,-0.01898635899321894
2026-06-10,2026-06,288,286,-0.0037952770778325678,0.007336912822085975,0.08737629608851365,0.03699277415413798,0.05099739123293166,0.42026061937212944,-0.01226093019704295,-0.0144678287624669,0.08809661385002435,0.027470170277580187,0.00923004649470217,0.1333218579148424,0.10018637930083522,-0.008484935680641532,0.048651175301080915,-0.01027396615684832,-0.024133775813744384,0.587907844383655,-0.032461805153062843,-0.022134664738729853,0.0780973213767211,0.009740122734890225,0.011798796922076051,0.15054260952205492,-0.04058711002334937,-0.03467133626754039,0.08166892812978019,-0.038120556687524364,0.0032306098317805235,0.13342038824640473,-0.04157322900465782,-0.041479651291423864,0.0769686360567532,-0.02778213150396457,-0.008979430888800127,0.13386936370154906,1.206896551724138,0.00431967144277563,1.5172413793103448,-0.018260932210742764,1.6551724137931034,-0.01262286671512429,1.6206896551724137,-0.026186388876660888,1.5517241379310345,-0.03855064661236798,1.482758620689655,-0.045186547843148,1.0344827586206895,0.04841118433637994,1.4482758620689655,0.005609356839529757,1.6896551724137931,-0.028357913744778866,1.9310344827586206,0.006971210715179499,1.5172413793103448,-0.0005624936164953386,1.482758620689655,-0.012686327440524264
2026-06-11,2026-06,315,312,0.023529447899456837,0.0010792715114684229,0.0964604720657192,0.06450705090550289,-0.028776414146169084,0.38223098699123625,0.042971170569332306,0.013305732851143174,0.08560880227715666,0.10463482337222561,0.03248515816502868,0.14634795210534526,0.2410306058331411,0.055089751579470575,0.03933713771459138,0.12005139643480499,0.06825562041884536,0.5964596427736745,-0.019621212993784144,-0.005384605639733822,0.07494445277802551,0.0755063099173395,-0.04662516144124619,0.23708649454337935,0.016316712930435417,0.014537782728207691,0.07765465500384329,0.13066961526205256,0.031241743824330582,0.14158840489483648,-0.016576250753465943,-0.0008027166153152,0.06872490315576138,0.10267561995369784,0.016694701876193593,0.14034351358009922,1.2903225806451613,-0.0021465349401444804,1.3225806451612903,0.009999281238239947,1.8064516129032258,0.05057362254721251,1.5483870967741935,-0.009255573381669307,1.4193548387096775,0.010989395631433498,1.6774193548387097,-0.004996265002411974,0.8064516129032258,-0.030792543178427147,1.5161290322580645,0.028694835584383516,1.6774193548387097,0.06406207203174859,1.9032258064516128,-0.051383225957375225,1.5161290322580645,0.02745142124368542,1.4516129032258065,0.013065669618129078
2026-06-12,2026-06,310,307,0.11336841679132896,0.01993054325655779,0.06925746128829988,-0.0023783940553239956,0.028125652645577266,0.33980879740368936,0.06783308500066802,0.040864174644013374,0.06218116617654725,0.044925646233773035,0.008785272942301664,0.12265502012545063,0.031681258698751304,-0.009221887130492906,0.03695074424132117,-0.059284361640209636,-0.02263022305666153,0.6400301634303984,0.11009110564407874,0.037832250960668154,0.0515270214227321,-0.024093500351955593,-0.015350212678997508,0.1803532368954151,0.1121111998412927,0.029924471860245105,0.049685908257993384,0.04671815255034375,0.007780285606486449,0.11487404869929436,0.006919275787167065,0.009391890323479436,0.05410454680741105,0.09049437928426633,0.028972572878329862,0.11567095751243253,1.129032258064516,0.0171079626113965,1.5806451612903225,0.03691256174078757,1.8387096774193548,-0.013818661324041293,1.6129032258064515,0.03379999289615203,1.6774193548387095,0.025730923473148332,1.5483870967741935,0.005520922581543952,0.9354838709677419,0.02578694296815791,1.4838709677419355,0.005075595522946825,1.7419354838709677,-0.02698506176633895,1.7741935483870968,-0.01978569654996525,1.6451612903225805,0.0036673823806799982,1.4838709677419355,0.025262895458975025
2026-06-15,2026-06,339,332,-0.011661825540814848,-0.01040444961567618,0.061339353736528324,0.04782334151653016,0.002118022690793689,0.3681274568944266,0.0006263688342154803,-0.008359438559547508,0.054000738495239,0.0274702832905692,-0.02705444404431645,0.12240292583451126,0.14430539544528456,0.02666154377997776,0.044970669986336184,0.003454467915672512,-0.013225971267330869,0.5912661552429199,0.037860128444904995,0.03686264768914169,0.04943357702425989,-0.014520605330680211,0.0037202234511603885,0.1546538220436284,-0.01700390398583583,0.018869383369559976,0.05077234852511006,0.057812283419939686,-0.02731109584330084,0.0924963497302749,0.014813384209822361,-0.007167776487580888,0.04471867123124291,-0.03591602007090735,-0.0012502516012211848,0.10374846309423447,1.0909090909090908,-0.013131722342948907,1.1818181818181819,-0.011313984014092962,1.696969696969697,0.022419119537553517,1.5454545454545454,0.032999011325505326,1.5757575757575757,0.014929989430166038,1.5757575757575757,-0.011107170426974827,0.7272727272727273,0.00029984087261187057,1.2727272727272727,-0.03023626222613463,1.696969696969697,-0.01746839550975511,1.8484848484848484,-0.000900988670051733,1.5454545454545454,-0.031174732206937204,1.2424242424242424,-0.004356312207281791
2026-06-16,2026-06,307,301,0.007396178071069251,0.03435007842188543,0.05258875978574369,0.01622484943044437,0.05276706949419349,0.34539310857653616,0.014705260250383836,0.01886147230567653,0.04398600271545657,0.049039100389933886,0.06723558753750371,0.11246629556020102,-0.053301815358322936,-0.04165582869657851,0.043512596700147184,-0.11854695776560267,-0.05240196451790477,0.624735689163208,0.028550570359236423,0.022354325243604072,0.03965409361183578,-0.17118893752348438,-0.019710663254153,0.154633233944575,0.032209570613365365,0.05964625369680467,0.03990357391506099,-0.02378588391234492,0.051072751581446134,0.14994225688278676,0.09103351142055875,0.06718143574404264,0.0374142200423959,0.006680137260708251,0.061230237193785966,0.10952883375187715,1.0,0.031850078421885426,1.3636363636363635,0.015452381396585621,1.7878787878787878,-0.04612552566627548,1.7272727272727273,0.018036143425422254,1.7878787878787878,0.0551765567271077,1.5454545454545454,0.06331779938040628,0.7878787878787878,0.05079737252449652,1.4242424242424243,0.06367498147689765,1.6363636363636365,-0.05649287360881386,1.9393939393939394,-0.02455914810263785,1.696969696969697,0.04683032733902189,1.4545454545454546,0.05759387355742233
2026-06-17,2026-06,266,261,0.09710931983339736,0.0614659796291021,0.05636785276650392,0.05040702243206065,-0.01344052088488702,0.42131529461878997,0.0030024185440948327,-0.0020681490974198795,0.0477289518697886,0.03757230685362973,-0.0030014089624764533,0.1376067650719331,0.06470999404896437,0.058007977726551634,0.046763919924338815,-0.08029897643607546,0.008730949686934114,0.616951474490074,0.15228839535769675,0.07991164495923792,0.04729540270134622,-0.06889589885249482,-0.024100843147118578,0.17619518305246645,0.032393151630401,0.05237920712827111,0.04485162592987196,0.044163727104490076,-0.04300142504503864,0.10312846353134283,0.05364598691981172,0.003334542349864099,0.042223834474928376,0.0016759090858373409,0.009404594467934731,0.1141924146706095,1.1,0.0587159796291021,1.4666666666666668,-0.0057348157640865465,1.8666666666666667,0.05334131105988497,1.5333333333333334,0.07607831162590459,1.5666666666666667,0.04846254046160445,1.5666666666666667,-0.0005821243168025675,0.9333333333333333,-0.015773854218220355,1.4000000000000001,-0.006501408962476453,1.8666666666666667,0.004064283020267448,1.8666666666666667,-0.028767509813785244,1.7,-0.04725142504503864,1.3333333333333335,0.006071261134601397
2026-06-18,2026-06,262,261,0.020992453319290394,0.020454039282591346,0.062176580637368695,0.05390953291182581,-0.00760056083075103,0.4123834417416499,-0.017471747696887273,-0.007323206640828852,0.05163501346796143,0.08296561315175331,0.01140499681343964,0.15337052382528782,-0.09076461257246266,-0.04196077490946519,0.046340986538866064,-0.016449123847763182,-0.006592124164458556,0.6669751675083087,0.0011760150970312707,0.0035634905705368126,0.049918522953408595,0.06460242933025113,0.052965188428974075,0.2048516359466773,-0.039014008925371296,-0.010585402768338022,0.04389811159183634,0.030245106567819546,0.009931500120054457,0.12957226090992874,-0.08553282908697477,-0.004974839528087906,0.04581767669992684,-0.022085730332899324,-0.03711531871153847,0.13083988377967706,1.1153846153846154,0.017665577744129808,1.5,-0.011073206640828852,1.6153846153846154,-0.04599923644792673,1.6153846153846154,-0.00047497096792472595,1.5,-0.014335402768338022,1.653846153846154,-0.009109454912703291,0.8076923076923077,-0.0096197915999818,1.3846153846153846,0.007943458351901179,1.8076923076923077,-0.011111354933689324,1.9615384615384617,0.04806134227512792,1.5,0.006181500120054457,1.1923076923076923,-0.0400960879423077
2026-06-22,2026-06,407,404,0.041575208410908206,0.06124925390079132,0.06040826428449882,0.015894335366952,0.02128513532797783,0.3328901404514909,-0.011320117303890124,0.027606007544810473,0.054535565508666534,-0.07885244244270613,-0.019459963580079388,0.14470591912977399,-0.19940428196255527,-0.051169922130994895,0.11881453709667641,-0.10734141353183797,-0.006758185569561648,0.7447296284139155,-0.02057784055755658,0.016568668014302994,0.052464169129106654,0.07989245007500585,-0.0017192594007269437,0.20590461399406193,0.015052788886460286,0.04818754181249077,0.04384776046867618,-0.0997942767719644,-0.04654305203033523,0.11927876779809593,-0.0576779776183861,-0.0031566758877538295,0.04258289798602588,-0.11135966714060021,-0.020238086357620578,0.13077606526203453,1.375,0.05781175390079132,1.55,0.023731007544810473,1.75,-0.05554492213099489,1.6500000000000001,0.012443668014302994,1.675,0.04400004181249077,1.8,-0.007656675887753829,1.125,0.01847263532797783,1.5250000000000001,-0.023272463580079387,1.8,-0.011258185569561648,1.9000000000000001,-0.006469259400726944,1.5250000000000001,-0.05035555203033523,1.5250000000000001,-0.024050586357620578
2026-06-23,2026-06,286,281,0.08812471225821675,0.03384202160468626,0.05971140791027313,0.1036839925158282,0.04265256124882305,0.32654949530426947,0.03605406147126301,-0.008997635922416971,0.05683012957792434,-0.01371388560092026,-0.006263448327828186,0.12386946100741625,0.030196050681477463,-0.020817963686359978,0.10875206045605891,-0.028028710471344916,-0.009907440751312264,1.01720196900091,0.10979702066829547,0.03334661014803438,0.05010188945107029,-0.006440029803316068,0.0038864866521318674,0.23225638190550463,0.024792409131305152,0.011683144918870562,0.04359256284001564,-0.06427487788206658,-0.04245471825414035,0.11269494465419225,0.053701112751176935,0.012577047094040169,0.042875412761300545,0.0020716125979283874,-0.00963513647265912,0.10982118693313428,1.2249999999999999,0.03077952160468626,1.4749999999999999,-0.012685135922416971,1.85,-0.025442963686359978,1.675,0.029159110148034382,1.725,0.007370644918870562,1.65,0.008452047094040169,1.2249999999999999,0.03959006124882305,1.4,-0.009763448327828186,1.8,-0.014407440751312263,1.95,-0.0009885133478681326,1.575,-0.04639221825414035,1.4749999999999999,-0.013322636472659119
2026-06-24,2026-06,286,282,0.12645276757296306,0.059083747333568845,0.052090903209236025,0.09252802300754816,0.016786998138324606,0.38167785972888985,0.19042859456699998,0.06938246760597758,0.0406644879620337,-0.04199934109527748,-0.06108697465547981,0.1356404885383589,0.13019561779284547,0.020407769382303546,0.1469654780601891,0.13526435364326167,0.009073176907277544,1.5255845127893346,0.15542405674223936,0.04908110336274861,0.03762620042725784,-0.1158366813977664,-0.071423950607727,0.24622679182461332,0.12148212781854033,0.06725136068571047,0.03466292701934292,0.035505962010513786,0.006888943650164077,0.11612817305805427,0.2046072290491591,0.1475186024617564,0.033931421328427365,0.05741037619766368,0.00839526971820367,0.1240194865635463,1.0357142857142856,0.056494461619283134,1.4285714285714284,0.065811039034549,1.7857142857142856,0.01594348366801783,1.607142857142857,0.04506324621989147,1.5714285714285714,0.06332278925713904,1.6785714285714284,0.14332217389032784,0.9642857142857142,0.014376283852610321,1.3928571428571428,-0.06456911751262266,1.75,0.004698176907277543,1.8928571428571428,-0.07615609346486985,1.6785714285714284,0.0026925150787355063,1.5,0.004645269718203671
2026-06-25,2026-06,271,264,-0.09153040059812363,-0.05789801959855546,0.055251285898515835,-0.12009864216289222,-0.010404938380970124,0.39692526683211327,-0.008716807756312858,-0.008896580175124886,0.04714375026318088,-0.09910100571593951,-0.045761716005307415,0.15894556260452822,-0.03468518300689754,-0.016408472891104687,0.12985524237576915,-0.1636927473793452,-0.03348104335393996,0.9464435737866622,0.014668499626172731,-0.01805331811148969,0.047667517726326186,-0.04374201094952126,-0.019775860798929873,0.1674127233429597,0.02730989074596628,-0.0142712410012939,0.04554978622478084,-0.014238598268335624,-0.018404829436691455,0.13297283506164184,-0.05451245688927477,-0.013603993198476579,0.04148681904282649,-0.07395569543930733,-0.03820764252270419,0.13787972855453307,1.1428571428571428,-0.060755162455698314,1.3928571428571428,-0.012378723032267743,1.8214285714285714,-0.020962044319676115,1.7142857142857144,-0.022339032397203976,1.6785714285714286,-0.018467669572722473,1.8214285714285714,-0.01815756462704801,1.0,-0.012904938380970125,1.5357142857142858,-0.04960100171959313,1.75,-0.03785604335393997,1.8214285714285714,-0.0243294322275013,1.75,-0.022779829436691455,1.4642857142857144,-0.04186835680841848
2026-06-26,2026-06,262,259,-0.06723368934056757,-0.043300563114131836,0.0645340134901299,-0.008683160233948564,0.042913042051953114,0.3906314493371891,-0.013450607874595776,-0.01769099372212523,0.05620749707105571,0.06798834060460844,0.085088735707147,0.2058794476235142,-0.044739717658236554,-0.01067288337920113,0.10849277420226358,-0.09545129262930935,-0.08445974074482826,0.6273136775080974,-0.06002747037359908,-0.025600207620681787,0.052604687476228165,0.0518751015459675,0.013033794601974884,0.18392786856454152,-0.04878977224010988,-0.029069741403098186,0.05318442575579131,0.10956488783153194,0.0722860603560373,0.17429118431531465,-0.090850070277316,-0.036051189134497036,0.060638207953760626,0.11150122555765626,0.06950801522782535,0.19115129406922138,1.2307692307692308,-0.04637748619105491,1.4615384615384617,-0.021344839875971383,1.8076923076923077,-0.015192114148431898,1.6923076923076925,-0.02983097685145102,1.6923076923076925,-0.033300510633867415,1.7307692307692308,-0.04037811221142011,0.8076923076923077,0.04089381128272235,1.4615384615384617,0.08143488955330085,1.8461538461538463,-0.08907512536021288,1.9230769230769231,0.008226102294282576,1.5384615384615385,0.06843990650988345,1.4230769230769231,0.06595032292013304
2026-06-29,2026-06,282,280,-0.10017389592010215,-0.05707151617925231,0.060943399225051695,-0.06346484531037588,-0.053583738714162374,0.40515961364975994,0.01571470959425361,-0.012551504361315871,0.05871811830161871,-0.06344183577559924,-0.04413079151369681,0.19313211619321788,0.08490808490809858,0.007183827542757652,0.05040549867281455,0.021700034486756444,-0.046020474071419286,0.6500765721180609,-0.1190938738183868,-0.07979380518029817,0.057842598856571795,-0.01774275928735725,-0.04413565648816627,0.22746462920414548,-0.10751579698205872,-0.09578751107450548,0.04984232642600141,-0.035469732963646805,-0.04490707026461664,0.18092794889318092,-0.04650441642661651,-0.06473498030699398,0.050375979972905764,-0.05819780226836555,-0.04429650443071401,0.17857980289097342,1.2857142857142858,-0.06028580189353802,1.6071428571428572,-0.016569361504173014,1.6785714285714286,0.00298739897132908,1.75,-0.08416880518029818,1.75,-0.10016251107450548,1.75,-0.06910998030699399,0.9285714285714286,-0.055905167285590945,1.6071428571428572,-0.04814864865655395,1.8928571428571428,-0.050752616928562144,1.9642857142857142,-0.04904637077388055,1.75,-0.049282070264616645,1.5,-0.04804650443071401
2026-06-30,2026-06,293,289,-0.11132271881121424,-0.0450341830286272,0.05627396453136048,-0.16358732936346262,-0.05277300945112584,0.3651171299661028,-0.08944803785275857,0.009959524162450321,0.05793584244740508,-0.27743375624128747,-0.12123665134676606,0.14201552311665025,-0.2506271717640576,-0.04111415339885822,0.1293591628282746,-0.162136985920252,-0.011521884575376638,1.026824482556047,-0.05026020077316633,-0.0288436807804012,0.05291214056276853,-0.09857918575350098,0.014248711872596256,0.22601529442030807,-0.1047687109815173,-0.02520219387924941,0.05129003474991882,-0.23708495974948024,-0.07689287708453138,0.1258584870153974,-0.0821903496075133,0.017174659462364503,0.049120780991798695,-0.29189283829853413,-0.1161064994922674,0.1466737763378127,1.3448275862068966,-0.04839625199414444,1.586206896551724,0.005994006921071012,1.8620689655172413,-0.04576932581265132,1.793103448275862,-0.033326439401090854,1.7586206896551724,-0.029598745603387343,1.793103448275862,0.012691900841674847,0.9655172413793103,-0.055186802554574116,1.4482758620689655,-0.12485734100193847,1.6896551724137931,-0.01574602250641112,1.793103448275862,0.0097659532519066,1.586206896551724,-0.08085839432591069,1.379310344827586,-0.11955477535433635
2026-07-01,2026-07,312,309,-0.15236447802734027,-0.04028527085912275,0.06171623050600883,-0.01748258932134506,-0.006670758397164432,0.44933236822966605,-0.11177288240867543,-0.011984484133052427,0.051521035699027315,-0.05790033497726912,0.016158719259040423,0.2198838765823072,-0.18065473167040724,-0.03770949426688637,0.09029881985377008,-0.1884930217919927,-0.038491554606966245,2.788173056417896,-0.22250701128997463,-0.025361429890116787,0.05551329892538511,0.15775856823492504,0.07580034294232373,0.1973382722466223,-0.16629223072418783,-0.036865039311803696,0.04618597684573081,-0.04049558302560573,0.003450018644506364,0.20890420687294775,-0.18283524001962925,-0.02945365593105586,0.04087863540050768,-0.18504629545485077,-0.012083825446083593,0.26916120757138534,1.4193548387096775,-0.04383365795589694,1.6774193548387097,-0.0161780325201492,1.8709677419354838,-0.04238691362172508,1.7096774193548387,-0.029635623438503886,1.7096774193548387,-0.04113923286019079,1.7741935483870968,-0.0338891398020236,1.4193548387096775,-0.010219145493938625,1.7419354838709677,0.011803880549363004,1.8709677419354838,-0.043168973961804954,1.8064516129032258,0.07128421391006566,1.8387096774193548,-0.001146755549042023,1.3225806451612903,-0.01539027705898682
2026-07-02,2026-07,289,287,-0.038032956244401846,-0.011331064011177845,0.04737629817046417,-0.015862764984289863,-0.007623490397038534,0.39579812411604254,-0.15653661058743984,-0.04040853421160205,0.04357161978193255,-0.1283528218589667,-0.029691441905257753,0.1492077705675158,-0.050479482408788856,0.007920365860757962,0.0789572756156316,0.15469777529656764,0.05827282758067359,3.2589287017953805,-0.15792023573167863,-0.05067852447267566,0.04229928051383099,-0.0781678797279561,-0.03150931517549274,0.17286948821154136,-0.1981063317822058,-0.07930947757089546,0.04418935255665425,-0.14900568746768483,-0.014953335983265634,0.1592932253562171,-0.08720743437629755,-0.02821804183050014,0.04180268696018533,-0.22237551207095413,-0.04387684927693038,0.17206562008580256,1.3225806451612903,-0.014637515624081072,1.5806451612903225,-0.04436014711482786,1.8064516129032258,0.0034042368284998977,1.8064516129032258,-0.05519465350493372,1.7096774193548387,-0.08358367111928255,1.6774193548387097,-0.03241159021759692,0.967741935483871,-0.01004284523574821,1.4193548387096775,-0.03323982900203195,1.8709677419354838,0.05359540822583488,1.8064516129032258,-0.036025444207750806,1.3225806451612903,-0.01825978759616886,1.2580645161290323,-0.047022010567252956
2026-07-06,2026-07,352,349,-0.1190314921270545,-0.03486557102005412,0.05482659434312752,0.019098425968114355,0.019914100112893185,0.46581205981118334,-0.09434314367960128,-0.008543901087910859,0.054083623817659146,-0.11049809491735837,-0.0007100447397204099,0.20219962181789533,-0.028402290353409243,-0.028070323396949093,0.10279963402915576,-0.03368515763154397,-0.006660655375224422,3.0593470471245903,-0.08158014586514406,-0.018629174195604697,0.050007075256269365,0.09808754355496566,0.04693517533367708,0.21206482015550138,-0.09394087970575223,-0.005157836216992978,0.047922950694828416,-0.11615996531010696,-0.0016443179310676875,0.2123514486210687,-0.008728051929185073,0.014019954554920874,0.04820112930760194,-0.24645507152589305,-0.04260599213086683,0.24468343279191426,1.3142857142857143,-0.03815128530576841,1.6285714285714286,-0.01261532965933943,1.8285714285714285,-0.032641751968377666,1.8,-0.023129174195604698,1.6857142857142857,-0.009372121931278694,1.6857142857142857,0.009805668840635159,0.9714285714285714,0.017485528684321756,1.3428571428571427,-0.004067187596863267,1.8,-0.011160655375224423,1.8285714285714285,0.04236374676224851,1.3428571428571427,-0.005001460788210545,1.3142857142857143,-0.045891706416581114
2026-07-07,2026-07,287,287,-0.062328423608911415,-0.019938419231971004,0.05065704141255664,0.06616148079562714,0.03764741728081304,0.44303572717411766,-0.1611026168952998,-0.044457929035770005,0.03796387346307303,-0.07686216222801588,0.018534425891060396,0.15877670435042215,0.0682963751441073,0.034527976035167725,0.07692095497626042,0.06819230853835688,0.040109442537741194,2.6068439473365914,-0.16328306257153186,-0.03220356686671006,0.03436089738603154,-0.034535078742395815,-0.002566031780900313,0.17344581817501578,-0.19532550782550784,-0.03201544405416402,0.0379749074589682,-0.08062669038278794,0.012758372113871257,0.16031208223310012,-0.14112615027249173,-0.05387720879652777,0.03433764266254565,-0.31019387116948094,-0.05070617812526998,0.16876818798482418,1.3142857142857143,-0.023224133517685288,1.657142857142857,-0.04860078617862715,1.9428571428571428,0.029670833178024866,1.7142857142857142,-0.03648928115242435,1.6285714285714286,-0.03608687262559259,1.5999999999999999,-0.057877208796527774,0.8,0.03564741728081304,1.457142857142857,0.014891568748203254,1.9142857142857141,0.03532372825202691,1.8857142857142857,-0.007280317495186027,1.3714285714285714,0.009329800685299828,1.1714285714285715,-0.053634749553841406
2026-07-08,2026-07,270,270,-0.004930109532078616,0.00440274486885046,0.057114555613231255,0.004269224848382313,-0.01114722373735682,0.44630258033672965,-0.07205099171471598,-0.002502408389194976,0.04942754302291053,0.14505213453621524,0.03442631323713312,0.1823967329605862,-0.006613385236608878,0.008704096565743965,0.0829000092722006,-0.03274439637847482,-0.009160679165610598,3.1682127526512853,-0.06778116687507593,-0.015682516539495175,0.047710094158708485,0.08164324765924239,0.02213293320816951,0.14696521898386655,-0.06944493980255788,-0.01637914365591287,0.041504848605249986,0.0035126224868196635,0.01352346776721311,0.16933653862388046,-0.055193258252285125,-0.006850441504434105,0.04018057846477844,-0.002169516118953011,-0.0031096445593957987,0.19467239640653133,1.206896551724138,0.0013855034895401156,1.7586206896551724,-0.006898960113332907,1.7241379310344827,0.0043937517381577584,1.8620689655172413,-0.020337688953288278,1.8275862068965516,-0.02094810917315425,1.793103448275862,-0.01133320012512376,0.7586206896551724,-0.013043775461494751,1.5172413793103448,0.030633209788857255,1.793103448275862,-0.013643437786300254,1.896551724137931,0.017391553897824683,1.3103448275862069,0.010247605698247592,1.1724137931034482,-0.006040679042154419
2026-07-09,2026-07,285,285,-0.24121986242075197,-0.08649869150493839,0.053398745752276586,-0.13673842836185313,-0.03611221007134417,0.4093843967254673,-0.11084926933703805,-0.028512455408887777,0.04751862269949922,-0.2904047027842432,-0.09212024697687,0.14440219969089543,-0.11473172403594735,0.0024545824246373638,0.09672030744180966,0.03037688774841295,0.004375389374027677,2.9278956758124486,-0.17478865136939856,-0.042966920003899,0.04905950978664718,-0.22675486115070992,-0.07758404781238194,0.1410964650235006,-0.12252121488592949,-0.03224007643526661,0.045440678637528084,-0.3648955196027101,-0.11317638259784388,0.13820095267146826,-0.1722381992667724,-0.059079237721147225,0.043756126795691117,-0.37446334243962115,-0.12422722123941193,0.14931765411581313,1.107142857142857,-0.08926654864779553,1.607142857142857,-0.03253031255174492,1.7142857142857142,-0.0018311318610769213,1.607142857142857,-0.04698477714675614,1.8214285714285714,-0.036793647863838035,1.5357142857142856,-0.06291852343543294,0.8571428571428571,-0.03825506721420131,1.3928571428571428,-0.09560238983401285,1.7142857142857142,8.967508831339219e-05,1.8928571428571428,-0.0823161906695248,1.25,-0.11630138259784388,1.0714285714285714,-0.12690579266798335
2026-07-10,2026-07,252,251,-0.12791749019684526,-0.04311501186060851,0.053570907839675594,-0.13943698197985396,-0.027268921363096665,0.5274355536699296,-0.05436263603594281,0.01874335836159645,0.04645153131466024,-0.06085651746486668,0.017063724186990713,0.11381772354245186,-0.04367960699405582,0.02326741374478336,0.09710415277070275,-0.00235325041353201,0.012221625751804834,2.3434410572052,-0.08470467550177296,-0.004181579075583641,0.039766539911752274,0.08863173318395906,0.048936104600627486,0.1271839065849781,-0.11111586029306451,-0.026636107281552315,0.03952335228293241,-0.07846798388977498,-0.005758283077466994,0.10945228308439255,-0.15898236528757922,-0.056430989066262316,0.033339580819701425,-0.14906082427301898,-0.05257695902601589,0.11490159779787064,1.2142857142857142,-0.0461507261463228,1.6785714285714286,0.014546929790167877,1.8214285714285714,0.018713842316211933,1.8214285714285714,-0.008735150504155069,1.8571428571428572,-0.03127896442440946,1.7857142857142856,-0.06089527478054803,0.8928571428571429,-0.02950106422023952,1.5357142857142858,0.013224438472704998,1.7857142857142856,0.0077573400375191195,1.7857142857142856,0.044471818886341774,1.4285714285714286,-0.009329711648895565,1.2857142857142858,-0.0557912447403016
2026-07-13,2026-07,264,262,-0.16626730755434393,-0.01681094166540403,0.04446526034204777,-0.07105439936346027,0.0023612314796934396,0.4694230772841435,-0.04219488811640329,-0.012545675335905386,0.03545575627381733,-0.05205342759686687,0.004227288091132764,0.12988647875877526,-0.1865016855871556,-0.04671935682996973,0.07195149384897784,-0.129742883540159,-0.05744649109572676,1.495444720181135,-0.095967510380867,-0.004311534837147149,0.03628209794235429,-0.025647463950068155,0.00027480285961535046,0.15792492404580116,-0.09687960152345763,-0.045619970783111134,0.02827173171470942,-0.009337437797155138,0.006249735351530752,0.12758293389700925,-0.1254873711899545,-0.0610714907253522,0.029451050369394847,-0.0014296056192892408,-0.005467029682453189,0.1258857691517243,1.0769230769230769,-0.01950324935771172,1.5769230769230769,-0.01648798302821308,1.7692307692307694,-0.051142433753046654,1.6923076923076923,-0.00854230406791638,1.5,-0.04936997078311113,1.6923076923076923,-0.06530225995612143,0.8076923076923077,0.0003420007104626703,1.5,0.00047728809113276385,1.7692307692307694,-0.06186956801880369,1.9230769230769231,-0.0045328894480769575,1.4230769230769231,0.0026920430438384436,1.0384615384615385,-0.008063183528607036
2026-07-14,2026-07,252,249,-0.08466191698479937,-0.05352340200246211,0.044345089126443166,-0.13440159932451634,-0.027324996117326958,0.422153457403183,0.013661146867452081,-0.027851283893739413,0.03369583512288264,-0.1978219251733889,-0.033445283735573546,0.13876558616757392,-0.10643153544395005,-0.053459596352086934,0.0831069468652002,-0.17534908156051937,-0.018467913655601922,3.044369202852249,-0.07329387513000886,-0.0028348739760289555,0.03106406366107191,-0.20338971612139808,-0.0010267366678938343,0.19816945903003216,-0.01425654431024256,-0.04266546301480816,0.02975505462375777,-0.18413228321421635,-0.007251889870435359,0.1469915622472763,-0.04142211504068424,-0.060275034603826536,0.03278083251401137,-0.11297628983407608,-0.0015228640707863547,0.13560034319758416,1.0384615384615385,-0.05611955584861596,1.7307692307692308,-0.03217820697066249,1.6923076923076923,-0.057690365582856167,1.8461538461538463,-0.00745025859141357,1.6923076923076923,-0.046896232245577395,1.8076923076923077,-0.06479426537305731,0.7692307692307693,-0.02924807304040388,1.653846153846154,-0.03757989912018893,1.7692307692307694,-0.022890990578678848,1.9230769230769231,-0.005834428975586142,1.4230769230769231,-0.010809582178127667,1.1923076923076923,-0.004503633301555586
2026-07-15,2026-07,268,265,-0.1392764675848027,-0.019399735058190773,0.04595797763991506,-0.014469027403810487,-0.025201692738836275,0.42340798511241495,-0.1274570083446773,0.026049579799581005,0.035052410672552575,-0.04119954091120771,0.03507081142312715,0.15394066388790426,-0.16261200232401357,-0.05445667628201677,0.07986711954028208,-0.11629589640900614,-0.013908138522758054,2.6316238653201327,-0.04208044435113928,-0.009355570644596455,0.0363868076110658,0.020859114477318932,0.002371490874540442,0.15588952751400378,-0.14874127753114466,-0.008577292735039557,0.03840414199584097,-0.004017962067196286,0.030124082306266647,0.1634939769999339,-0.11313508893442649,-0.00015060269942505618,0.02965563759766167,-0.006313406028626343,-0.005788380731627291,0.17529363084871033,1.153846153846154,-0.022284350442806158,1.6923076923076923,0.021818810568811776,1.6153846153846154,-0.058495137820478306,1.8461538461538463,-0.01397095525998107,1.8076923076923077,-0.013096523504270326,1.7692307692307694,-0.004573679622501979,0.7307692307692307,-0.02702861581575935,1.6923076923076923,0.03084004219235792,1.7307692307692308,-0.01823506159968113,1.9230769230769231,-0.0024362014331518658,1.6923076923076923,0.025893313075497415,1.0769230769230769,-0.008480688423934983
2026-07-16,2026-07,289,288,0.025705228943063346,0.016354053345859477,0.051581137237425814,0.06539742671916637,-0.016446019585625277,0.41620992689297115,-0.06569074891619935,0.012019165552092063,0.04596145887409245,-0.10419401026130533,-0.0332154572775004,0.17038747141587324,0.08606792474718868,0.03796949009846255,0.10371866776126594,0.07315811741860548,0.022903913050383504,2.8103300548832992,-0.01621102496358653,-0.016051971606054465,0.03725299055023428,-0.06625651274708666,-0.018606575253496474,0.1822436976664025,-0.019655075425451002,0.003106823472415617,0.03766000655639271,-0.19773396173885377,-0.05290091378466253,0.1656805168965767,-0.06729904943721911,-0.020397262222278473,0.04538285888550599,-0.16339140118522053,-0.026961185640633347,0.17878594724782582,1.1724137931034484,0.013423018863100857,1.5862068965517242,0.008053648310712752,1.6896551724137931,0.03374535216742807,1.793103448275862,-0.02053473022674412,1.7241379310344829,-0.00120352135517059,1.6896551724137931,-0.024621400153312954,0.7931034482758621,-0.01842877820631493,1.5517241379310345,-0.03709476762232799,1.793103448275862,0.01842115442969385,1.793103448275862,-0.02308933387418613,1.4137931034482758,-0.05643539654328322,0.9655172413793104,-0.029374978744081622
2026-07-17,2026-07,304,303,0.16294996697712824,0.0242883026070298,0.061175049565024675,0.18959669910045363,0.03933740389227816,0.4081567148367564,0.0448197063019503,-0.03732389242828424,0.05296978027924497,0.27057338607027226,0.03942125695471921,0.1903482877959808,0.06209331864547428,0.018273253065325505,0.1041617988225792,0.09152267373777229,0.017402669128045715,2.4525487224260965,-0.01757361859976802,-0.015905610266532796,0.05256123584312614,0.1713208723805944,0.0027648349025674347,0.12955079929282268,0.014861309254307656,-0.02299009927397576,0.04951438170559915,0.2788982478920886,0.009955139751381896,0.18401355122526486,0.13123148703127208,-0.022013310000744295,0.04858476403695759,0.2532641659334182,0.03922608453405068,0.2087564485768477,1.2333333333333334,0.021204969273696465,1.5,-0.04107389242828424,1.6666666666666667,0.014106586398658838,1.7333333333333334,-0.02023894359986613,1.6,-0.02699009927397576,1.6666666666666667,-0.02617997666741096,0.8,0.03733740389227816,1.5666666666666667,0.03550459028805254,1.6666666666666667,0.013236002461379048,1.7666666666666666,-0.0016518317640992321,1.3666666666666667,0.006538473084715229,1.3,0.03597608453405068
2026-07-20,2026-07,331,331,0.08169527148025044,0.01174335698693136,0.050373464767561896,0.020163929544048206,-0.015213060974532589,0.3790180529608871,0.004155650684775702,-0.05112943993855035,0.040848015147463994,-0.11787143079320854,-0.020971856650994145,0.1538685244141203,-0.00921170611004999,0.020721733405754388,0.08507198509433497,-0.027556689851423052,-0.034488708915256495,2.2072526184898433,0.013622963175660379,-0.011068536989913644,0.04368687439397301,-0.022834319976969122,-0.019008816673253468,0.1833506544882601,-0.0104014528645855,-0.014487250845780744,0.042758837932620274,-0.09793714820832354,0.0018299563630720314,0.14990516977779794,-0.017317498502662117,-0.0364663582869392,0.036692822330019775,-0.12373305360965973,-0.007814297655375637,0.16880690086294303,1.303030303030303,0.008485781229355602,1.4848484848484849,-0.05484156115067156,1.7272727272727273,0.01640355158757257,1.696969696969697,-0.015310961232337886,1.696969696969697,-0.018729675088204986,1.5757575757575757,-0.040405752226333136,0.8484848484848485,-0.017334273095744708,1.6363636363636365,-0.025062765741903234,1.7878787878787878,-0.038958405884953466,1.9090909090909092,-0.02378154394598074,1.4545454545454546,-0.0018064072732916054,1.0909090909090908,-0.010541570382648364
2026-07-21,2026-07,337,336,-0.1763070853871652,-0.04635991226788154,0.045379818051376655,-0.13084082260504493,-0.039804398764690184,0.39257869759903236,0.004402597066659769,-0.007052955778885456,0.03841346008280573,-0.2367019294027797,-0.025097967532408654,0.1418070666053716,-0.1626177711607933,-0.03069931023982602,0.09797170446737039,-0.010484183129213747,-0.002243074546787042,2.40718884634621,-0.19361238502715605,-0.05297391670531033,0.039574655666154486,-0.11247840579061512,-0.03116303043359762,0.21164967470309315,-0.09544133002536347,-0.02662567454531183,0.037696930017268655,-0.14572370966001064,0.003017151563544526,0.14108330186675577,-0.09400562227419554,-0.030840293199456373,0.033423328115730594,-0.22861850910733084,-0.006474529212527388,0.13927713858292384,1.2058823529411764,-0.04937461815023448,1.5294117647058825,-0.010876485190650162,1.7941176470588236,-0.03518460435747308,1.6176470588235294,-0.05701803435236915,1.7352941176470589,-0.030963909839429475,1.5882352941176472,-0.03481088143475049,0.8823529411764706,-0.04201028111763136,1.6764705882352942,-0.02928914400299689,1.7058823529411764,-0.006507780429139983,1.9411764705882353,-0.03601597161006821,1.5882352941176472,-0.0009534366717495919,1.1176470588235294,-0.009268646859586211
2026-07-22,2026-07,399,397,-0.22712920583558416,-0.08578528353073601,0.04734867903009084,-0.03705463582265825,-0.034527810845879796,0.37665768899023533,-0.24747011549054623,-0.07675105747167921,0.037554131404960125,-0.010043450808717037,0.0007489871041763685,0.15386148197576405,-0.2961697792708203,-0.07107212483737547,0.0770299122738103,-0.08470112242579132,-0.04203262167103772,2.046537274122238,-0.25275001743918235,-0.0899754395270051,0.03913492890732585,0.044080082937246565,0.03694869902277119,0.20252177491784096,-0.24294605007613726,-0.08219382970674234,0.03691224879726911,0.11091718512285051,0.07096046996478322,0.14667243314906955,-0.2413171232722413,-0.08738001597829523,0.032987464787612775,-0.07286007447293215,-0.002456709356237735,0.15960253719240428,1.2,-0.08878528353073602,1.55,-0.08062605747167921,1.65,-0.07519712483737548,1.85,-0.0946004395270051,1.725,-0.08650632970674234,1.65,-0.09150501597829523,0.875,-0.0367153108458798,1.425,-0.0028135128958236316,1.9000000000000001,-0.046782621671037715,1.7750000000000001,0.03251119902277119,1.25,0.06783546996478322,1.2,-0.005456709356237735
2026-07-23,2026-07,398,396,-0.3091237681951026,-0.13510130175314364,0.03444066665573488,0.03173868393779872,-0.016751439145450145,0.355958329886198,-0.1964471034385916,-0.10885829709667415,0.02813854867180266,0.13205932943344648,0.07464954121305029,0.13409692896530032,-0.1962063285390869,-0.08230863679843903,0.09225540227786844,-0.05218971566045344,-0.04741981403137829,2.441794250905514,-0.196218816134958,-0.0678234346928388,0.02835066006690199,0.07008433153077813,0.026074119185251647,0.1515996056608856,-0.2793506879937982,-0.11889799749306461,0.024797155681999097,0.2207624465751444,0.12492108378484895,0.138621776830405,-0.18990362790102744,-0.08673232408071378,0.03144473804838546,0.08329159686862556,0.05652972377370507,0.12090288205072285,1.1500000000000001,-0.13797630175314363,1.6,-0.11285829709667415,1.875,-0.08699613679843902,1.8,-0.0723234346928388,1.675,-0.1230854974930646,1.5750000000000002,-0.09066982408071378,0.9,-0.019001439145450143,1.5250000000000001,0.07083704121305029,1.8250000000000002,-0.05198231403137829,1.9000000000000001,0.021324119185251646,1.4000000000000001,0.12142108378484895,1.2000000000000002,0.05352972377370507
2026-07-24,2026-07,310,308,-0.07751100981770005,-0.0578284770809538,0.04111049829174829,0.02482601357934457,-0.027196351786200463,0.4271071650568516,-0.18551052548737892,-0.07076327821241202,0.038474946999342924,0.09286633772494116,0.008460557656401274,0.18194891175916117,-0.14153422828606793,-0.06331649310264667,0.09618902094563946,-0.06430643574767732,-0.01988534672029071,2.6417202536136872,-0.13799621338037693,-0.02983618827652782,0.03913921461351552,0.20584298710533366,0.015491150188404317,0.1785910195040126,-0.18126631319378528,-0.06659129223090827,0.03914313859727912,0.23860980446674612,0.029942607948701794,0.18104890613786637,-0.10631316823742618,-0.038611892849149135,0.04194073282377701,0.06096516001796163,-0.006650921277473652,0.16367402804955358,1.175,-0.060765977080953805,1.625,-0.07482577821241201,1.85,-0.06794149310264667,1.75,-0.03421118827652782,1.65,-0.07071629223090828,1.65,-0.04273689284914914,1.075,-0.029883851786200462,1.4,0.0049605576564012745,1.95,-0.02476034672029071,1.85,0.010866150188404318,1.35,0.026567607948701794,1.175,-0.009588421277473651
2026-07-27,2026-07,312,310,-0.01787533219171858,-0.018958713928378747,0.04441444098102679,0.012127220241825299,-0.007157101829148103,0.3972157994585652,-0.017370772186218596,-0.015916823285317343,0.031535906952074914,0.1036212947238907,0.021646282126123233,0.13122615446486782,-0.15563348666703292,-0.0574552145596649,0.08230378402780598,-0.08118169254041845,-0.027242837036327745,2.085206638420782,-0.14205360881443174,-0.04806582336629893,0.04159016823823675,-0.004543805844361611,0.007487423358683734,0.13990401128126728,-0.07030334447816958,-0.0028832034436479387,0.03081041398135917,0.2019456971739108,0.027035232228836137,0.13315005239940458,-0.014598459392842846,0.0067432161538437604,0.03284077504742883,0.07044637558387905,0.01623130032802052,0.12639031261806527,1.161290322580645,-0.02186193973483036,1.5806451612903225,-0.01986843618854315,1.8709677419354838,-0.06213263391450361,1.7419354838709677,-0.05242066207597635,1.5806451612903225,-0.0068348163468737455,1.4516129032258065,0.0031141838957792446,1.0,-0.009657101829148104,1.3225806451612903,0.018339830513220006,1.8387096774193548,-0.031839611229876136,1.8387096774193548,0.0028906491651353467,1.2580645161290323,0.023890070938513558,1.129032258064516,0.01340871968285923
2026-07-28,2026-07,251,248,0.08677785748014906,-0.03745284116564993,0.06024159690607049,0.033584525438157584,0.0029673286912396003,0.4016193893551827,0.1657742678380352,-0.017320302369434177,0.04995640775989092,0.14934664187946425,0.01576623786599778,0.24989360347390174,0.10561850330563845,0.012111277655616308,0.0933446554304031,0.08031002515969514,0.04140687391408832,1.9008109307289125,0.14289026210607145,-0.015824607640055444,0.05310679449182473,-0.029790557729190013,0.007471818100290486,0.14117215164005756,0.16518048384765086,0.0040927366665633805,0.048078211209681865,-0.00552760491891585,-0.007312658959294394,0.24719655007123947,0.06512124172287002,-0.030819140539899988,0.04351376912893094,0.14216470160590308,-0.0038256614075052875,0.25578538827598096,1.3548387096774195,-0.04083993793984348,1.6129032258064515,-0.021352560433950306,1.870967741935484,0.007433858300777598,1.7741935483870968,-0.020260091511023186,1.6451612903225807,-2.0166559243071404e-05,1.7419354838709677,-0.03517397924957741,1.1612903225806452,6.410288478798714e-05,1.5483870967741935,0.011895270124062295,1.7741935483870968,0.03697139004312058,1.8387096774193548,0.002875043906742099,1.4516129032258065,-0.010941691217358909,1.3225806451612903,-0.007132113020408513
2026-07-29,2026-07,259,258,0.08600506972599996,0.044874634225282345,0.05285348360534965,0.10783044736533108,0.033982073735321104,0.41919426820599115,0.1576822925660135,0.08520779489308995,0.03810019581838457,0.37798537100862684,0.15845619353765444,0.21280860413725558,0.19580204401659557,0.06942601024918278,0.09376905511209668,0.08941394657163598,0.0638247089597592,2.307612329721451,0.12929219464090694,0.06186378465380636,0.040640192548289794,0.11974292206850347,0.05366319043405956,0.14696746520124948,0.03706909055746265,0.03362304674744991,0.0396382983265468,0.24013924479040757,0.1444385869376454,0.22752365484260595,0.13641539166583158,0.08181215758152693,0.041256227532932774,0.23244900919319525,0.12480570044320295,0.2558875654895718,1.153846153846154,0.04199001884066696,1.7307692307692308,0.08088087181616688,1.8461538461538463,0.06481062563379816,1.8076923076923077,0.05734455388457559,1.6923076923076923,0.02939227751668068,1.6153846153846154,0.0777736960430654,0.9230769230769231,0.031674381427628795,1.6923076923076923,0.1542254243068852,1.7307692307692308,0.05949778588283612,1.8846153846153846,0.0489516519725211,1.6923076923076923,0.14020781770687618,1.3461538461538463,0.12144031582781833
2026-07-30,2026-07,293,291,0.09039120814532742,0.0017610355930869001,0.07715153654539494,0.11549518587181472,0.022880975205976123,0.4029379377848115,0.10759154285866948,-0.014940254615716256,0.07974398829299936,0.3206072928961196,0.09236901809211544,0.27063795384661904,-0.016093039261515583,0.01160032793764771,0.1527751648454884,-0.08698897389302977,-0.03656274119939349,3.323641048423175,-0.027452123492811963,-0.017818595450358268,0.06837492035102048,0.1842221015761487,0.05371400979402719,0.19371841745129947,-0.031526313830969765,-0.026515435616727066,0.06977578292076327,0.24069257419176937,0.08782842236559743,0.23758583387424206,0.10875082652631861,0.027248372055629955,0.06655534883692155,0.2456693837477017,0.09530160188633705,0.3012688418786073,1.4137931034482758,-0.0017734471655337894,1.793103448275862,-0.01942301323640591,1.9310344827586208,0.006772741730751158,1.7241379310344829,-0.022128940277944473,1.620689655172414,-0.0305671597546581,1.7586206896551724,0.022851820331492023,1.0,0.020380975205976124,1.5862068965517242,0.08840350085073613,1.8275862068965518,-0.04113170671663487,1.896551724137931,0.04897263048368236,1.5862068965517242,0.08386290512421812,1.103448275862069,0.09254298119668188
2026-07-31,2026-07,292,291,0.03096784393074263,-0.016649484166712258,0.05504320702966854,-0.20432460465997312,-0.037274329519631305,0.4619280121706683,0.05471740219102892,0.059475825787823414,0.05573288162489966,0.07313953168913784,0.016123909602592437,0.2585510256989249,-0.07547823248598161,8.951268667163961e-05,0.1267899800468343,0.012755232382711404,0.0038248370029237283,3.0012548822781135,0.1178679519085057,0.0018018788585778267,0.046744285950440057,0.020098489781576714,0.0010196805502063425,0.16912242603199235,0.1294335222893741,0.033937890899734535,0.04523701945319998,-0.025824527782611063,-0.010408580563389797,0.24551269257890768,0.0904024758848488,0.041295544528168186,0.04392454603710811,0.012591981715237574,-0.00865007674194576,0.26309791907411195,1.4482758620689655,-0.02027017382188467,1.6551724137931034,0.05533789475334065,1.9655172413793103,-0.004824280416776636,1.793103448275862,-0.002680879762111829,1.6896551724137931,0.029713752968700054,1.793103448275862,0.03681278590747853,0.9655172413793103,-0.03968812262307958,1.7586206896551724,0.011727357878454504,1.9310344827586206,-0.0010027492039728237,1.896551724137931,-0.003721698760138485,1.5517241379310345,-0.014287890908217384,1.3793103448275863,-0.012098352604014725
2026-08-03,2026-08,302,300,-0.03513194821275267,-0.034117942884943346,0.060490312309062176,-0.1068409870623374,-0.07498522480197115,0.3812518060207367,0.0578131097784463,0.017387909555916292,0.05592140829752619,-0.11601984162685482,-0.051324325156665816,0.23693268609543644,-0.21885256041653664,-0.045870762123524395,0.08146729119914575,-0.12708047984060658,-0.06152915399148498,0.4148489182194074,0.05644050136900777,0.028524140116706235,0.05187491263100933,0.0203550728441967,-0.010163047387697383,0.1627592137704293,0.14486454293444848,0.05007247428056038,0.05714432167119356,-0.1857008014941997,-0.05361930600855278,0.19986992614964644,0.046646044591607774,0.03368842623394906,0.05636841496916124,-0.3001711559244195,-0.08508130764781188,0.2930151417851448,1.5333333333333332,-0.03795127621827668,1.6666666666666667,0.013221242889249625,1.8,-0.05037076212352439,1.8333333333333333,0.023940806783372903,1.6333333333333333,0.045989140947227045,1.7333333333333334,0.029355092900615727,1.4333333333333333,-0.07856855813530447,1.8333333333333333,-0.05590765848999915,1.9666666666666666,-0.06644582065815165,1.9333333333333333,-0.014996380721030716,1.4666666666666666,-0.05728597267521945,1.4,-0.08858130764781189
2026-08-04,2026-08,326,325,-0.05532747014365202,-0.007774712106239309,0.036941165783373184,-0.14041295227539388,-0.019340617068692355,0.4025382976979017,-0.015295774386894894,-0.012970344440554091,0.027529999103485976,0.11277866052448143,0.03264244522740016,0.1361250354675576,0.010759355018758415,0.024740523241140972,0.10142951623714155,0.03339340101314935,0.03663363506544451,0.43719269474968314,-0.045346306739168236,-0.013035386541958197,0.02666724386608668,-0.024752025146014003,-0.00056430960383844,0.12091190897626802,-0.060857688701844936,-0.039755541884204146,0.02514156828329631,0.1088308055989713,0.023230249750396642,0.11350264155771583,-0.02567387692374872,-0.021415598825841677,0.02393919559137346,0.044308419671733684,0.01843761856954607,0.1646346675697714,1.34375,-0.011134087106239308,1.59375,-0.016954719440554093,1.96875,0.019818648241140973,1.90625,-0.017801011541958196,1.84375,-0.044364916884204145,1.71875,-0.02571247382584168,1.15625,-0.022231242068692356,1.53125,0.02881432022740016,1.71875,0.03233676006544451,1.90625,-0.00532993460383844,1.5,0.019480249750396642,1.125,0.01562511856954607
2026-08-05,2026-08,338,338,-0.05154833885268808,-0.02375819410860861,0.037362742669802836,-0.09193467863347654,-0.03522176790692915,0.36916899489348426,0.031643698133952715,-0.013005249010291568,0.036060573437572484,0.11932071298038174,0.01615938941424353,0.11462967360720916,0.058230910000102346,0.028276551024435617,0.15094536005395792,0.08466176077848103,0.03855281941030839,0.49963615922366866,0.0023240720066095076,-0.00947397590549494,0.03622271836572103,-0.048427604254960115,-0.010327091468872245,0.13989917857243733,-0.02171469130966397,0.0018598214409038753,0.03277604125244919,0.10759205424625087,0.02971393052428861,0.11025835431235678,-0.009948585920527414,0.001847498608376059,0.029041720458633326,0.05311521423735672,-0.002802861575138799,0.15614703686579184,1.3235294117647058,-0.027067017638020375,1.588235294117647,-0.016975837245585684,1.8823529411764706,0.02357066867149444,1.7647058823529411,-0.013885740611377293,1.7352941176470589,-0.002478413853213772,1.7941176470588236,-0.0026377955092709996,1.1764705882352942,-0.03816294437751739,1.588235294117647,0.012188801178949413,1.7941176470588236,0.03406752529266133,1.8529411764705883,-0.014959444410048716,1.4411764705882353,0.02611098934781802,1.2058823529411764,-0.00581756745749174
2026-08-06,2026-08,337,337,-0.0187722159039202,-0.01466219992069908,0.04003467221792936,-0.251166375281874,-0.08563933806625734,0.359207700828419,0.092350584818058,0.03368528154735629,0.042153029418531746,-0.0073807726170200495,-0.017757309690873333,0.11866313755950506,0.07201227814893069,0.04738034734444093,0.148499000487118,-0.0040713273244122015,0.009180609601897226,0.3302252210183617,0.07541557413691186,0.01040724937760517,0.04400010218411107,-0.05351844001695634,-0.02777893415234928,0.12317572725827203,0.06533990433214355,-0.022202425740231145,0.04357593421609279,-0.007783046672569613,-0.02755577583798835,0.10318402781644288,0.0948153438875153,-0.006269512120591306,0.03654696715878483,-0.2335826408241382,-0.07929460229611737,0.16391247280818574,1.5294117647058822,-0.018485729332463785,1.588235294117647,0.02971469331206217,1.7941176470588236,0.04289505322679387,1.7352941176470589,0.006069014083487523,1.7352941176470589,-0.02654066103434879,1.6470588235294117,-0.010387159179414834,1.0,-0.08813933806625734,1.588235294117647,-0.02172789792616745,1.8235294117647058,0.004621786072485461,1.8529411764705883,-0.032411287093525754,1.5294117647058822,-0.031379305249753055,1.1470588235294117,-0.0821622493549409
2026-08-07,2026-08,360,358,-0.030225177436877762,-0.007288750419557528,0.05283655691659706,-0.142985937583491,-0.025259854126115772,0.365745900457518,-0.053804430962972494,-0.000895578670063759,0.047366941684554756,0.0806494186329512,0.013543041764536566,0.14458815080838072,-0.11850507648505514,-0.02110841684758685,0.21830263698588964,-0.01409258560541331,0.015828480503471708,0.5646377632187473,-0.035129004998624605,-0.011467401004836314,0.047378740278897574,-0.05912867506235111,0.005721054349902731,0.1329636201262474,0.015166914246626678,0.015236837528668255,0.047103104279095,0.05431999567383476,0.007330974487263331,0.14489640802558926,0.05823412077730298,0.04251582174465679,0.04368655140526171,0.009892823883210531,-0.010683107787451657,0.16837979558234414,1.4166666666666665,-0.010830417086224195,1.722222222222222,-0.005201134225619314,1.7777777777777777,-0.025552861292031295,1.722222222222222,-0.01577295656039187,1.8611111111111112,0.010584059750890476,1.722222222222222,0.038210266189101234,1.0833333333333333,-0.027968187459449106,1.6666666666666665,0.009376375097869899,1.7777777777777777,0.011384036059027262,1.8055555555555556,0.0012071654610138413,1.4444444444444444,0.0037198633761522204,1.0833333333333333,-0.01339144112078499
2026-08-10,2026-08,370,368,0.058513385735367206,0.005825748860730749,0.045918266343970525,-0.019150911955662275,-0.009895095655113852,0.3456715012120234,0.10745732891603055,-0.009845745170067602,0.04590498200968472,0.012450331549437725,-0.04699095489822558,0.14778695607910286,-0.0005459684337638697,0.020137007227647892,0.09638454494581247,0.08968215613897876,0.016981975749969947,0.4912801106535905,0.10386510282270865,-0.004809340938053172,0.04373724251807826,-0.03553272765102594,-0.017857465141710813,0.1553533908382461,0.12156009203629282,0.008552508755023874,0.04101034200802371,0.017908212342076582,-0.026563353813813306,0.14392573044106766,0.05032903821553035,0.0005831042460198027,0.04816674664180996,0.022604908527251746,-0.033952774440637205,0.17123475086850087,1.3243243243243243,0.002514938049919939,1.6756756756756757,-0.014034934359256792,1.7837837837837838,0.015677547768188433,1.6756756756756757,-0.008998530127242362,1.7027027027027026,0.004295751998267117,1.7027027027027026,-0.003673652510736954,1.1081081081081081,-0.012665365925384121,1.6216216216216215,-0.05104500895227963,1.8108108108108107,0.012454948722942921,1.864864864864865,-0.022519627303872976,1.4054054054054053,-0.03007686732732682,1.162162162162162,-0.03685817984604261
2026-08-11,2026-08,300,300,0.029181664058860052,-0.0285945188871947,0.054654125680227456,-0.07815286836520406,0.01311913245934928,0.48120538642009103,0.03909732330359226,-0.017761419736134612,0.04670971455513702,-0.03503372259691774,-0.017856268457936912,0.14570086722572645,-0.028069628059013287,0.008261479729858936,0.12455217635832685,0.024401531465377997,0.0748971061397684,0.5976175444821517,0.0533623706930077,0.02175051783457558,0.04787184481660286,-0.02021933577039745,0.009094229702588365,0.11251776106655598,0.03352037244858276,0.013989803430293574,0.04417629093390198,-0.04324670274114157,-0.020721818343489073,0.19212130618592102,0.08856453960599563,-0.01973734099960659,0.048159405093162806,-0.12632229246991633,-0.032471786914861425,0.2161999727288882,1.5405405405405406,-0.03244587023854605,1.7567567567567568,-0.022153311628026504,1.864864864864865,0.0035993175676967736,1.864864864864865,0.017088355672413416,1.7297297297297298,0.009665479105969248,1.864864864864865,-0.024399503161768754,1.2162162162162162,0.010078591918808739,1.4594594594594594,-0.02150491710658556,1.7297297297297298,0.07057278181544407,1.7837837837837838,0.004634770243128905,1.3783783783783783,-0.02416776428943502,1.2432432432432432,-0.035579895022969536
2026-08-12,2026-08,306,306,0.0645026661730254,0.0107693898086616,0.042733027483348104,0.09862346177323923,0.03111214971981761,0.3725486626067469,-0.03160184990320152,-0.011624321121432886,0.03896367607849638,0.0035680892744773458,0.015741712081160205,0.1297639402891359,0.12792898444301581,0.02006548031347356,0.08371276396597643,0.1087634171046019,0.0065054509929230436,0.5319274214486922,0.031004620569859812,0.01775431932683578,0.033018872804241796,0.025905555258895357,-0.0009246763181128253,0.12378266802237879,0.04147373279300771,0.02709934738147041,0.03376992648243446,-0.03886492921513134,0.01062873091769087,0.134014350993018,-0.06199019806574853,0.0019191755175898967,0.028434015072953372,-0.013220923548572523,0.010916450888785357,0.13309900042030118,1.2258064516129032,0.007704873679629342,1.4516129032258065,-0.015253353379497403,1.8064516129032258,0.015549351281215495,1.7741935483870968,0.013318835455868039,1.7096774193548387,0.02282515383308331,1.8064516129032258,-0.0025969535146681674,1.2258064516129032,0.028047633590785354,1.5161290322580645,0.011951389500515042,1.7741935483870968,0.0020699671219553016,1.935483870967742,-0.00576338599553218,1.4193548387096775,0.007080343820916677,1.2258064516129032,0.007851934759753099
2026-08-13,2026-08,326,322,-0.059079803012482564,-0.0008542528066489037,0.04563512416303815,0.04370020478761403,0.014769945563308746,0.3538498370908201,-0.027191465595247887,0.014349191347205317,0.036362557638479634,0.040566304860783386,-0.018326917421829923,0.15142730565275997,0.011324462862359332,0.004182466178521346,0.10658926421105938,0.14038028544031741,0.0397625500688725,0.5096255042590201,-0.024356133398230465,0.019764590566604172,0.03303975029584846,0.04411861229331821,0.04353893064614433,0.15779790212400258,-0.14222825742004525,-0.03902093731180076,0.03114516454463495,0.06780539548254975,0.0031612627163320473,0.12375775899272412,-0.0729963565119742,0.001864623217681733,0.03292698412157652,0.1072860229206264,0.00459189161729982,0.19095777720212936,1.15625,-0.0037448778066489037,1.59375,0.010364816347205317,1.8125,-0.0003487838214786534,1.8125,0.015233340566604171,1.78125,-0.04347406231180076,1.75,-0.0025103767823182674,1.15625,0.011879320563308746,1.65625,-0.022467542421829925,1.9375,0.0349188000688725,1.96875,0.03861705564614433,1.3125,-0.00011998728366795263,1.1875,0.0016231416172998196
2026-08-14,2026-08,358,355,-0.030158674841239134,-0.008032360867077332,0.04192407237992439,0.15490752719444167,0.023456661422478958,0.3722124497095744,-0.07996786738535691,-0.016184234388693056,0.03396706550454977,0.017761730359344682,-0.015380855368326915,0.11103493192543587,0.029808393401470828,-0.0051609633412297885,0.10010500903842189,0.0779467125268627,0.03247011509337756,0.3918795363149709,-0.005471384846866294,-0.02264608099469044,0.033687765306559314,0.08778499028188484,-0.011516477933041228,0.1335017026609017,-0.024178576365109776,-0.02478595616558103,0.03894880852794125,-0.02668777630720516,-0.033814960889673784,0.11953320405963394,-0.08256849121377892,-0.04241853225665059,0.03483598916522254,0.05324046800214305,0.008969229482917347,0.16280635570486385,1.3055555555555556,-0.011296249755966221,1.75,-0.020559234388693056,1.75,-0.009535963341229789,1.8333333333333333,-0.027229414328023772,1.7777777777777777,-0.029230400610025475,1.722222222222222,-0.04672408781220615,1.0833333333333333,0.020748328089145625,1.6111111111111112,-0.019408633146104692,1.8333333333333333,0.027886781760044232,1.8333333333333333,-0.01609981126637456,1.5277777777777777,-0.03763440533411823,1.1944444444444444,0.005983118371806236
2026-08-17,2026-08,376,375,0.05679373386653893,0.021192785684494068,0.0492087048107146,0.11245703622744427,0.026612715094738112,0.3249474638386777,-0.03308708726571831,0.019007073274441576,0.03606882168974007,-0.025111803726147654,-0.031809563517464466,0.12555525412684992,-0.0549304453935258,-0.013674257842906134,0.06887239326583991,0.06429285707261147,0.029811392582532265,0.38415148815042094,-0.041594456028998486,0.012202021001602156,0.03764803082598928,-0.07557560534743604,-0.015465734784957524,0.16706037712528518,-0.002131836483954088,0.005469392376496022,0.034434468278897803,-0.07431413446742352,-0.007980970294585617,0.11186301561170503,-0.008210171264208704,-0.004962746606426099,0.032585597755084725,-0.0005999210564841233,0.0030039136445708034,0.1280133233062531,1.1842105263157894,0.018232259368704595,1.7368421052631577,0.014664968011283683,1.894736842105263,-0.018411099948169293,1.7105263157894737,0.007925705212128473,1.763157894736842,0.0010614976396539173,1.7368421052631577,-0.009304851869583994,0.9736842105263157,0.024178504568422323,1.657894736842105,-0.03595430035956973,1.8684210526315788,0.025140339950953317,1.8421052631578947,-0.02007099794285226,1.526315789473684,-0.011796759768269827,1.263157894736842,-0.0001539810922713018
2026-08-18,2026-08,321,321,0.08413321497501008,0.019593607160294527,0.05353534002948626,0.10466636674986939,0.03599244877601823,0.3837162933778018,-0.017590482962790966,-0.015011189685225298,0.043066070814347865,0.08995835026412027,0.05041216859711402,0.13905618770513684,-0.011852355238789952,-0.045494018942638124,0.06682816930558969,0.0559350984504902,0.030346396629245827,0.33897551253903657,-0.12219500295638827,-0.0014138617327719913,0.04093050834328622,-0.06469676960585127,-0.011432427710753958,0.138305852888152,-0.04332914901027457,-0.013287377736933777,0.039653003617119015,-0.03691806466593139,0.016031929227727948,0.11499293439555913,-0.0570617759423596,0.024073665498526887,0.04527570979101858,0.1323579990712254,0.06347934357700015,0.16676806984469295,1.1052631578947367,0.016830449265557684,1.3421052631578947,-0.018366452843120034,1.894736842105263,-0.05023086104790128,1.7105263157894737,-0.005690177522245676,1.526315789473684,-0.017103167210617987,1.631578947368421,0.019994718130105834,0.9736842105263158,0.03355823824970244,1.5,0.046662168597114015,1.9210526315789473,0.02554376505029846,1.9473684210526314,-0.016300848763385535,1.5,0.012281929227727948,1.2894736842105263,0.060255659366473834
2026-08-19,2026-08,322,320,-0.008066753889064611,-0.03029227224253589,0.045748094517014865,0.14701040315704375,0.015545662592010099,0.4050353287602775,-0.025780868102481525,0.002791361603255379,0.03419284551009172,0.11457086269563418,0.012723055660607115,0.1132348608225584,-0.05765164850360728,-0.021006393922235942,0.06961545688682497,-0.03793779973864984,-0.023467955441373627,0.42028942704200745,-0.02010542530002356,-0.02725002897459005,0.0408446954410543,-0.029250831256035784,-0.0028416296459903914,0.15498129185289145,-0.056666403082497055,-0.05538164921555788,0.03478592499210279,0.03180028900204449,0.004678485733036978,0.13313387049129233,-0.0001827716594300831,-0.010673802148965184,0.032806403933926795,0.009930952036281918,-0.0412978355844323,0.1713018945301883,1.125,-0.03310477224253589,1.5,-0.000958638396744621,1.875,-0.025693893922235943,1.65625,-0.03139065397459005,1.625,-0.05944414921555788,1.59375,-0.014658177148965184,0.84375,0.013436287592010099,1.5625,0.008816805660607115,1.84375,-0.028077330441373626,1.90625,-0.007607254645990391,1.46875,0.0010066107330369781,1.21875,-0.0443447105844323
2026-08-20,2026-08,306,304,-0.01776799148131512,0.01206973694343063,0.03977129085012325,0.00641016378784119,0.02270210933960643,0.35785826863721015,0.018714093209238628,0.01823356093086869,0.027063820804586615,0.2007463272594775,0.04217971271406805,0.10052684458593528,-0.0875798101711186,-0.006233681170038892,0.14969089723660453,0.13107565279578792,0.034147740220333705,0.6358215992649396,0.014818700481741262,0.03259059733456687,0.03233229166241898,-0.006066735980449744,-0.023273975144657018,0.12200115099549293,0.08918673572916111,0.02733179866784126,0.031679766394541106,0.19773086358482092,0.03939847338395789,0.10196109749376775,0.04068887018417073,0.03157971572183996,0.02561170467906056,0.14226015284631502,0.00705790104548489,0.13328987099230288,1.34375,0.00871036194343063,1.75,0.01385856093086869,1.9375,-0.011077431170038891,1.8125,0.028059347334566873,1.9375,0.022488048667841258,1.875,0.026892215721839956,1.09375,0.01996773433960643,1.6875,0.03796096271406805,1.875,0.029460240220333705,1.90625,-0.028039600144657017,1.625,0.035335973383957886,1.25,0.00393290104548489
2026-08-21,2026-08,326,323,0.02118447770499327,-0.00790286656790275,0.03909619545202862,-0.004650800316922904,0.020257769967446698,0.32028752588666975,0.04670525736997285,0.002931757747995898,0.03222763963272462,0.09343077702395539,0.054526270712869154,0.099492825451307,-0.004413043513371159,-0.035177006040431016,0.072274687500532,0.04289982662621514,0.018086567175712994,0.4538041886407882,0.005360327085246833,0.005843992576553068,0.03361554487737878,-0.038273029947482586,-0.012765605919682132,0.16867501090746373,0.09806373960367319,0.0621521667595392,0.03279921624164185,0.12138372349775513,0.05387387727606177,0.10133854177547619,0.1371228422615826,0.039679555327069266,0.03039562382800339,0.16134891393291798,0.04144599410832356,0.12911085382802412,1.0625,-0.010559116567902751,1.625,-0.0011307422520041022,1.84375,-0.039786381040431015,1.71875,0.001547117576553068,1.71875,0.0578552917595392,1.625,0.03561705532706927,1.0,0.0177577699674467,1.34375,0.051166895712869156,1.78125,0.013633442175712995,1.90625,-0.01753123091968213,1.375,0.05043637727606177,1.1875,0.03847724410832356
2026-08-24,2026-08,347,345,0.08235859748325434,0.05242815395833985,0.056325351328033194,-0.08559485645060397,0.008283180989216725,0.31853863925618287,0.07482771832254484,0.023834621589899036,0.04151932940201736,0.05131802591649487,0.035816320522759494,0.1174445984994664,-0.011630117079238677,-0.019444602609665886,0.07108265374995792,0.013945398462616701,-0.0009709167510556956,0.42783573505413885,0.07814009300224307,0.04695822259847058,0.04962962690679924,-0.035531354777043354,-0.007037567549867445,0.14864467566504197,0.16665154038229674,0.06132124108385018,0.04942386758811158,0.02513155559282876,0.025785136740903426,0.11080156683045275,0.13670034849810356,0.03755697920172858,0.04349084787245573,0.02152336235473741,0.018580321652527598,0.1484399935888017,1.2352941176470589,0.0493399186642222,1.7058823529411764,0.019569915707546095,1.8823529411764706,-0.024150484962607063,1.8235294117647058,0.04239939906905882,1.588235294117647,0.05735065284855607,1.7647058823529411,0.03314521449584623,0.9411764705882353,0.005930239812746137,1.3823529411764706,0.03236043816981832,1.8529411764705883,-0.005603269692232167,1.7941176470588236,-0.011522861667514504,1.4411764705882353,0.022182195564432836,1.1470588235294117,0.015712674593704068
2026-08-25,2026-08,289,287,0.017193903023941068,0.004067923197923722,0.05479863688998053,-0.036552917312969814,0.025922233956794057,0.29955194222516024,0.07741369367219504,0.00411889663873242,0.05155807183698835,0.08672891063118959,0.05166208352264601,0.10861650019370277,-0.058443680355912186,-0.029371715408491726,0.07251988173994703,-0.13590008281516305,-0.051538241772060144,0.4166095765500233,0.0236487292685837,0.02483803446419324,0.042358236546854486,0.07545141788967108,0.04949534407542584,0.125274203910396,0.0907006920415225,0.027164189072693114,0.049472522213879364,0.12211400787495526,0.06658680592769034,0.1065713600094976,0.06050516800217404,0.03197637254251719,0.04571126037282977,0.013230322554985484,0.020104645824246134,0.13552573214060273,1.1764705882352942,0.0011267467273354862,1.5294117647058822,0.0002953672269677141,1.8823529411764706,-0.034077597761432904,1.588235294117647,0.020867446228899123,1.5588235294117647,0.0232671302491637,1.6470588235294117,0.02785872548369366,1.0,0.023422233956794058,1.4117647058823528,0.04813267175794012,1.8529411764705883,-0.05617059471323661,1.9411764705882353,0.044642402898955255,1.4117647058823528,0.06305739416298446,1.1470588235294117,0.017236998765422604
2026-08-26,2026-08,280,279,0.0577991234125336,0.004708885171734747,0.05144184194803503,0.0066085035626143205,0.0192546916939227,0.3648924987230982,-0.073988016518253,-0.032631879095388894,0.04432362322192855,-0.04023512147136409,-0.04343248394287429,0.11725863002772842,0.06839754548155229,0.0003952109100134951,0.08179049747648277,0.05997289024236809,0.04892883466928753,0.43986426293849945,-0.01218027895224947,-0.001914179985004559,0.03729702456198519,-0.12220210382632142,-0.05404641642912983,0.11935063677706889,-0.021259663996123324,-0.027261286212277504,0.03893360709911155,-0.034012829155915546,-0.018640679238420513,0.11112706908690079,0.12513053079173833,0.027897396839310258,0.03890775760877805,0.037063980006666795,-0.0011890869646238485,0.13867956340046866,1.3103448275862069,0.00143302310276923,1.5517241379310345,-0.03651118944021648,1.8620689655172413,-0.004259961503779608,1.7241379310344827,-0.006224524812590766,1.6551724137931034,-0.031399217246760265,1.6896551724137931,0.023673258908275777,1.1379310344827585,0.016409864107715805,1.5517241379310345,-0.04731179428770188,1.793103448275862,0.04444607604859788,1.793103448275862,-0.058529175049819485,1.586206896551724,-0.022606196479799823,1.1724137931034482,-0.004120121447382469
2026-08-27,2026-08,276,275,-0.06407328662547623,-0.03346717946498716,0.047467868042544714,0.06572166493058033,0.029335535727000275,0.43656071917419986,-0.08469456771450179,-0.0020246677392957435,0.03651709773316373,-0.09200211184201139,-0.020524322851257482,0.13069663369762047,0.2265559561544004,0.014384363780893444,0.09243068764744676,0.042172048762258225,0.01281357005648966,0.3420309231483511,-0.08013813731798106,-0.027397274437912757,0.03857939482112436,0.03929338907835219,-0.007788219077713652,0.10566413429166589,0.017577374752072602,0.012105583606319935,0.03379656127047821,-0.08227051554629643,-0.017030366089176224,0.10391700933022158,-0.013412774798290252,0.024534225084185436,0.031069427515726132,-0.10585408313237539,-0.0013792563070915004,0.12193236519981708,1.2857142857142856,-0.03668146517927287,1.5,-0.005774667739295743,1.9285714285714284,0.009562935209464874,1.5714285714285714,-0.03132584586648419,1.7142857142857142,0.00781986932060565,1.75,0.020159225084185436,1.25,0.026210535727000276,1.4285714285714284,-0.02409575142268605,1.8214285714285714,0.008259998627918232,1.7857142857142856,-0.012252504791999366,1.357142857142857,-0.020423223232033366,1.2142857142857142,-0.004414970592805786
2026-08-28,2026-08,276,275,-0.056857367006000234,-0.0268842612211246,0.04709213613136767,0.11213995234086271,0.03253853472310862,0.36124200926029254,-0.049491873689016995,-0.02903246990663032,0.04281920205769341,-0.2192337438107333,-0.03889066056085753,0.1001157755298274,-0.04376140613200078,-0.030289012148999053,0.07121308408489693,0.04157976927911712,0.01330304020489689,0.39877400680312086,-0.1334956027999834,-0.02572484867347846,0.04286377349069147,0.054487806966224794,-0.007503911536223639,0.128220230939665,0.0081214594540603,0.006542293814582226,0.04073028677598246,-0.1977563105549293,-0.024461188134472085,0.0903665390131729,0.03391561677424968,0.011048559695910551,0.04004143199712572,-0.17646894308015013,-0.01894145648881638,0.10725274016814573,1.107142857142857,-0.029652118363981742,1.2857142857142856,-0.032246755620916036,1.8214285714285714,-0.03484258357757048,1.5357142857142856,-0.029564134387764174,1.6785714285714284,0.002345865243153655,1.7142857142857142,0.006762845410196266,0.8928571428571428,0.030306391865965766,1.5714285714285714,-0.042819231989428955,1.7142857142857142,0.009017325919182605,1.75,-0.011878911536223639,1.357142857142857,-0.027854045277329226,1.25,-0.022066456488816378
2026-08-31,2026-08,322,319,-0.09238273362832598,-0.02869479023177877,0.0467107753511376,0.07428309761424619,0.002846744983362775,0.3443314220639877,0.025545976368543215,0.022694608490545005,0.031780682011839964,-0.09642560161428501,-0.031165902910014608,0.09181891696061939,-0.04382732614035563,0.002828688274210397,0.07027781376887242,-0.036487875937086404,-0.03683185758760563,0.4681157192680985,0.0410936144123299,0.008759298378005678,0.033378691842030475,-0.021588078761092325,-0.0019031036536053154,0.1607490640017204,0.07664584351726839,0.03177797966959542,0.03353219291554276,-0.1467476445014585,-0.03857290530554409,0.0884960814146325,0.022210798245715806,0.0014089162128369907,0.03126688668696981,-0.18577235209830634,-0.046085560508700565,0.11790522636147216,1.21875,-0.03174166523177877,1.53125,0.018866483490545004,1.9375,-0.002015061725789603,1.59375,0.0047749233780056775,1.6875,0.02755922966959542,1.625,-0.0026535837871630094,1.09375,0.00011236998336277507,1.71875,-0.035462777910014606,1.84375,-0.04144123258760563,1.78125,-0.006356228653605315,1.6875,-0.04279165530554409,1.34375,-0.04944493550870056
2026-09-01,2026-09,228,226,-0.021183038584476503,-0.05670161286766358,0.041065948065242545,0.06318664907657058,0.019136424773759347,0.3176281484572784,0.08759039837679967,0.022460890740456887,0.028670733415282396,0.13191559588812943,0.007226583532291761,0.13036528812802356,0.0786792824830644,-0.0031202396313491434,0.03851510334931393,0.008406996659934673,-0.022735431645202357,0.6377978635870892,0.043740030262951014,-0.02615934959461491,0.024285933342904836,0.086279218813438,0.044730507201321525,0.14647689218754353,0.10847878405592111,0.027807467514793627,0.028313465934820474,0.1503254606516098,0.014178596693500151,0.10676610858544058,0.11796321973846187,0.0062533609330892,0.02859239641861184,0.16274956286316275,0.03410345666696994,0.10679676417139886,1.25,-0.05982661286766358,1.40625,0.018945265740456886,1.875,-0.007807739631349143,1.6875,-0.03037809959461491,1.59375,0.02382309251479363,1.4375,0.0026596109330892,1.625,0.015073924773759347,1.8125,0.0026953335322917613,1.75,-0.027110431645202358,2.0,0.03973050720132153,1.875,0.00949109669350015,1.9375,0.02925970666696994
2026-09-02,2026-09,110,110,-0.15276243716610688,-0.030921139226903024,0.03711353055494466,0.17104794535987197,0.07504542965968614,0.4892831817269325,-0.021049072425219213,-0.02725159845011042,0.03229809003469342,0.19176791470369453,0.0014415485504573155,0.14351250231266022,-0.19789508801323413,-0.07745667348428345,0.03654423821924803,-0.21138383649454442,-0.03520453141495701,0.6095211532982913,-0.19485156549376734,-0.11377451012630438,0.02208887542674163,0.14476478146202917,0.04164804682880014,0.18567578359083697,-0.0690802449796516,-0.07183206296885764,0.02128124651004184,0.23551608322250525,0.045117132003707865,0.11299958825111389,0.013718670330423535,-0.034073628986431355,0.01972567072452333,0.22536347857448774,0.016354347589500023,0.11599371887066148,1.6521739130434783,-0.03505157400951172,1.6521739130434783,-0.03138203323271911,1.6956521739130435,-0.08169580391906606,1.8260869565217392,-0.11833972751760873,1.7391304347826086,-0.07617988905581416,1.8695652173913044,-0.03874754202990961,1.434782608695652,0.07145847313794701,1.5217391304347827,-0.0023627992756296416,1.7826086956521738,-0.039661053154087446,1.8260869565217392,0.037082829437495794,1.6956521739130435,0.04087800156892526,1.608695652173913,0.01233260845906524
2026-09-03,2026-09,115,115,0.028509429495778428,-0.041179732652902604,0.03999746885437566,0.16546200583918566,0.026083730892214156,0.4054325179507335,0.13277834766827112,0.02874982347778126,0.03500662184407524,0.2658959993687367,0.04239697633782246,0.12743259593844414,0.3825147607416121,0.11415720506365974,0.028128763203919698,0.03913051197536213,-0.00381455581518262,0.6616604044102132,-0.07053578473920934,-0.014530818695420649,0.03339320509480036,0.04429101238854257,-0.02863396013927194,0.1127590062096715,0.09108340566558826,0.022629692231898535,0.027821881605099137,0.22656829479996843,9.400214561387094e-05,0.13527106617887816,0.07750335358636472,0.022053709767517207,0.024223608949349766,0.24372287540440307,0.036528873130277466,0.14956357679329813,1.4166666666666667,-0.04472139931956927,1.25,0.02562482347778126,1.4166666666666667,0.11061553839699308,1.5833333333333333,-0.01848915202875398,1.8333333333333333,0.018046358898565203,1.3333333333333333,0.018720376434183873,1.0,0.023583730892214157,1.25,0.03927197633782246,1.5,-0.00756455581518262,1.6666666666666667,-0.03280062680593861,1.1666666666666667,-0.002822664521052796,1.0,0.034028873130277464
2026-09-04,2026-09,110,110,0.15278948673444087,0.016678674194372786,0.046313806785547806,0.015927687487320513,0.03103418618972003,0.446355210786516,0.13158262516060681,0.030016353461812265,0.04465181135769482,0.19833194328607173,0.028349873189747334,0.17687242478132248,0.08916028744894813,0.03417879292780935,0.035893511300007994,0.18452847881745946,0.015105901539862313,0.5483485947955739,0.14312377431643486,0.012969411006461692,0.033028403230442684,0.159398597930708,0.043610043922779194,0.16465754400600086,0.02324013984664256,-0.046397737936074476,0.0317212461161984,0.24384735026936863,0.06731353095896335,0.1623209992592985,0.01466537429840182,-0.04650393888819291,0.02336518237965822,0.32977481234361966,0.028996200607582477,0.16499954428185115,0.8333333333333334,0.014595340861039453,1.3333333333333333,0.02668302012847893,1.5,0.03042879292780935,1.1666666666666667,0.010052744339795026,1.4166666666666667,-0.04993940460274114,1.25,-0.04962893888819291,1.6666666666666667,0.026867519523053364,1.4166666666666667,0.024808206523080665,1.25,0.011980901539862313,1.6666666666666667,0.03944337725611253,1.0,0.06481353095896335,0.75,0.027121200607582475
