{
  "status": "ok",
  "result_keys": [
    "all_paths",
    "paths",
    "mean_path",
    "median_path",
    "p05",
    "p25",
    "p75",
    "p95",
    "final_mean",
    "final_median",
    "final_p05",
    "final_p10",
    "final_p25",
    "final_p75",
    "final_p90",
    "final_p95",
    "total_return_pct",
    "annual_return_pct",
    "crash_prob_1y",
    "crash_prob_5y",
    "crash_probs",
    "cvar_95_pct",
    "max_dd_pct",
    "max_drawdown_pct",
    "scenarios",
    "ml_crash_prob",
    "ml_predicted_return",
    "garch_vol",
    "realism_check"
  ],
  "current_price": 6964.22021484375,
  "final_mean": 9791.61814089352,
  "final_median": 8871.080257298338,
  "final_p05": 3919.37703253536,
  "final_p10": 4727.365630151095,
  "final_p25": 6482.032972685556,
  "final_p75": 12125.512409302908,
  "final_p90": 15984.676640610978,
  "final_p95": 18746.968005318864,
  "total_return_pct": 40.598916157524265,
  "annual_return_pct": 7.052396649939641,
  "crash_prob_1y": 25.91,
  "crash_prob_5y": 81.81,
  "cvar_95_pct": -54.38686577910203,
  "max_dd_pct": -30.850357315365706,
  "max_drawdown_pct": 30.850357315365706
}