{
  "status": "ok",
  "result_keys": [
    "all_paths",
    "paths",
    "mean_path",
    "median_path",
    "p05",
    "p25",
    "p75",
    "p95",
    "final_mean",
    "final_median",
    "final_p05",
    "final_p10",
    "final_p25",
    "final_p75",
    "final_p90",
    "final_p95",
    "total_return_pct",
    "annual_return_pct",
    "crash_prob_1y",
    "crash_prob_5y",
    "crash_probs",
    "cvar_95_pct",
    "max_dd_pct",
    "max_drawdown_pct",
    "scenarios",
    "ml_crash_prob",
    "ml_predicted_return",
    "garch_vol",
    "realism_check"
  ],
  "current_price": 6952.68994140625,
  "final_mean": 9745.453082883307,
  "final_median": 8853.115300944402,
  "final_p05": 3922.5847719025032,
  "final_p10": 4685.895839187893,
  "final_p25": 6474.4797164598795,
  "final_p75": 12201.137089251622,
  "final_p90": 15727.111310086388,
  "final_p95": 18424.078579271136,
  "total_return_pct": 40.16809558621268,
  "annual_return_pct": 6.9867105001817364,
  "crash_prob_1y": 25.119999999999997,
  "crash_prob_5y": 81.75,
  "cvar_95_pct": -53.503586790665715,
  "max_dd_pct": -30.659931947689945,
  "max_drawdown_pct": 30.659931947689945
}