{
  "status": "ok",
  "result_keys": [
    "all_paths",
    "paths",
    "mean_path",
    "median_path",
    "p05",
    "p25",
    "p75",
    "p95",
    "final_mean",
    "final_median",
    "final_p05",
    "final_p10",
    "final_p25",
    "final_p75",
    "final_p90",
    "final_p95",
    "total_return_pct",
    "annual_return_pct",
    "crash_prob_1y",
    "crash_prob_5y",
    "crash_probs",
    "cvar_95_pct",
    "max_dd_pct",
    "max_drawdown_pct",
    "scenarios",
    "ml_crash_prob",
    "ml_predicted_return",
    "garch_vol",
    "realism_check"
  ],
  "current_price": 6816.89013671875,
  "final_mean": 9565.133430042071,
  "final_median": 8723.808830117458,
  "final_p05": 3792.049677289114,
  "final_p10": 4637.728653605384,
  "final_p25": 6343.767465379625,
  "final_p75": 11869.644731666582,
  "final_p90": 15479.712309462793,
  "final_p95": 18183.9170213296,
  "total_return_pct": 40.315205881345825,
  "annual_return_pct": 7.009158181027941,
  "crash_prob_1y": 25.97,
  "crash_prob_5y": 82.43,
  "cvar_95_pct": -54.434564184190734,
  "max_dd_pct": -30.822087212664634,
  "max_drawdown_pct": 30.822087212664634
}