{
  "status": "ok",
  "result_keys": [
    "all_paths",
    "paths",
    "mean_path",
    "median_path",
    "p05",
    "p25",
    "p75",
    "p95",
    "final_mean",
    "final_median",
    "final_p05",
    "final_p10",
    "final_p25",
    "final_p75",
    "final_p90",
    "final_p95",
    "total_return_pct",
    "annual_return_pct",
    "crash_prob_1y",
    "crash_prob_5y",
    "crash_probs",
    "cvar_95_pct",
    "max_dd_pct",
    "max_drawdown_pct",
    "scenarios",
    "ml_crash_prob",
    "ml_predicted_return",
    "garch_vol",
    "realism_check"
  ],
  "current_price": 6816.89013671875,
  "final_mean": 9575.320562669198,
  "final_median": 8723.749077968982,
  "final_p05": 3830.06399572631,
  "final_p10": 4608.153476760816,
  "final_p25": 6334.509214922295,
  "final_p75": 11849.833628720025,
  "final_p90": 15633.204128439702,
  "final_p95": 18416.10077468088,
  "total_return_pct": 40.4646454707013,
  "annual_return_pct": 7.031942021723703,
  "crash_prob_1y": 25.130000000000003,
  "crash_prob_5y": 82.0,
  "cvar_95_pct": -54.591197825094284,
  "max_dd_pct": -30.880741584020566,
  "max_drawdown_pct": 30.880741584020566
}