{
  "status": "ok",
  "result_keys": [
    "all_paths",
    "paths",
    "mean_path",
    "median_path",
    "p05",
    "p25",
    "p75",
    "p95",
    "final_mean",
    "final_median",
    "final_p05",
    "final_p10",
    "final_p25",
    "final_p75",
    "final_p90",
    "final_p95",
    "total_return_pct",
    "annual_return_pct",
    "crash_prob_1y",
    "crash_prob_5y",
    "crash_probs",
    "cvar_95_pct",
    "max_dd_pct",
    "max_drawdown_pct",
    "scenarios",
    "ml_crash_prob",
    "ml_predicted_return",
    "garch_vol",
    "realism_check"
  ],
  "current_price": 6816.89013671875,
  "final_mean": 9581.957721527086,
  "final_median": 8729.453567671604,
  "final_p05": 3822.596509611028,
  "final_p10": 4641.92281681097,
  "final_p25": 6288.675091267131,
  "final_p75": 11879.014528802367,
  "final_p90": 15782.514172920082,
  "final_p95": 18552.776400657003,
  "total_return_pct": 40.56200891245809,
  "annual_return_pct": 7.046775804391614,
  "crash_prob_1y": 25.77,
  "crash_prob_5y": 81.67999999999999,
  "cvar_95_pct": -53.734468429622574,
  "max_dd_pct": -30.815656823904252,
  "max_drawdown_pct": 30.815656823904252
}