{
  "status": "ok",
  "result_keys": [
    "all_paths",
    "paths",
    "mean_path",
    "median_path",
    "p05",
    "p25",
    "p75",
    "p95",
    "final_mean",
    "final_median",
    "final_p05",
    "final_p10",
    "final_p25",
    "final_p75",
    "final_p90",
    "final_p95",
    "total_return_pct",
    "annual_return_pct",
    "crash_prob_1y",
    "crash_prob_5y",
    "crash_probs",
    "cvar_95_pct",
    "max_dd_pct",
    "max_drawdown_pct",
    "scenarios",
    "ml_crash_prob",
    "ml_predicted_return",
    "garch_vol",
    "realism_check"
  ],
  "current_price": 6816.89013671875,
  "final_mean": 9580.023305074477,
  "final_median": 8720.706279172698,
  "final_p05": 3819.4494090260805,
  "final_p10": 4622.477576959855,
  "final_p25": 6315.039955042569,
  "final_p75": 11849.010330043373,
  "final_p90": 15638.609703871844,
  "final_p95": 18407.158532261128,
  "total_return_pct": 40.53363209526122,
  "annual_return_pct": 7.042453310512697,
  "crash_prob_1y": 25.369999999999997,
  "crash_prob_5y": 82.24000000000001,
  "cvar_95_pct": -54.38502913930415,
  "max_dd_pct": -30.741185406820605,
  "max_drawdown_pct": 30.741185406820605
}