tree
version=v4
num_class=1
num_tree_per_iteration=1
label_index=0
max_feature_idx=12
objective=regression
feature_names=Column_0 Column_1 Column_2 Column_3 Column_4 Column_5 Column_6 Column_7 Column_8 Column_9 Column_10 Column_11 Column_12
feature_infos=[-0.9203730272596844:17.384615384615383] [-0.92919254658385098:22.787878787878785] [-0.94700460829493083:32.505747126436781] [-0.97359940505701537:78.666666666666671] [-0.98286425426000379:0] [-18.420680743952367:5.7466965930464182] [-18.420680743952367:4.6464608532183824] [-10.111837471236491:4.8828558196124456] [-8.2439697784261021:3.7966867748360427] [0.015509999999999999:2.757323] [-2.5477989999999999:2.7461450000000003] [-2.5526960000000001:2.6028309999999997] [-8.332540603587379:2.0285205630174725]
tree_sizes=2863 2972 2994 2985 2994 2966 3001 2997 2994 2991 2990 2991 2969 2995 2998 3001 2999 2997 3007 3017 3010 3010 3012 2999 3030 3025 3023 3039 3018 3018 3029 3042 3019 3049 3050 3041 3028 3030 3028 3036 3051 3036 3034 3034 3042 3038 3053 3065 3039 3031 3020 3047 3045 3053 3029 3011 3041 3036 3058 3041 3043 3046 3040 3038 3057 3015 3040 3038 3073 3055 3033 3060 3043 3032 3038 3035 3006 3041 3039 3068 3019 3081 3017 3019 3011 3046 3044 3041 3034 3039 3007 3022 3026 3006 3055 3024 3065 3039 3008 3055 3033 3021 3055 3024 2936 3047 2999 3013 3005 3029 2912 3002 3037 3037 3039 3052 2933 3026 2989 2978 3034 2963 2908 3011 2926 2902 2988 2879 2935 2988 2984 2969 2872 2993 2933 3019 2964 2953 2854 2989 2971 2866 2961 2878 2995 2897 3030 2958 2916 2850 2879 3014 2953 2987 2993 2857 2852 3020 2886 2936 2987 2873 2943 2973 2913 2929 2903 2894 2937 2993 2928 2881 2869 2931 2908 2946 2864 2911 2945 2824 2982 2882 3019 2886 2971 2889 2852 2858 2897 2900 2977 2953 2968 2843 2954 2864 2955 3019 2912 2893 2874 2874 2885 2838 3001 2999 2936 2936 2982 2986 2869 2924 2886 2905 2950 2901 2937 2965 3022 2857 2919 2864 2881 2947 2976 2916 2898 2894 2958 2957 2875 2861 2922 2849 2912 2890 2924 2895 2903 2967 2985 2882 2949 2966 2909 2888 2955 2942 2911 2888 2872 2976 2917 2948 2873 2897 2844 2881 2994 2890 2921 3021 2902 2925 2926 2827 2968 2899 2859 2884 2924 2897 2869 2916 2850 2867 2890 2888 2929 2985 2936 2881 2850 2922 2856 2883 2912 2862 2885 2851 2910 2893 2929 2848 2957 2862 2877 2887 2979 2915

Tree=0
num_leaves=31
num_cat=0
split_feature=9 12 9 9 9 9 12 6 9 8 12 9 12 9 8 7 9 8 7 6 9 7 7 9 8 8 7 8 7 8
split_gain=107404 22226.2 19282.1 4399.4 3165.92 3140.5 2836.54 2517.94 665.457 621.15 508.388 400.391 397.8 396.608 360.408 345.129 337.677 336.045 307.597 295.022 206.38 191.964 168.114 166.213 163.352 161.573 159.299 154.904 150.771 163.174
threshold=0.41030650000000007 -2.6846372497584228 0.6629670000000002 0.18805400000000003 0.51849175000000003 0.32265125000000006 -0.22792985863146353 -6.5848101596763264 0.21797275000000005 -2.4153098778913207 -2.0073443546780951 0.75594525000000012 -1.5220320822821825 1.1100262500000002 -1.3435095013519094 -5.161602059988339 0.15552875000000002 -2.7994511217799802 -1.8528650038037313 -6.5848101596763264 0.57932900000000009 -5.161602059988339 -5.161602059988339 0.29531575000000004 -2.0110467792570779 -0.93555747114793764 -4.7159546743213054 -0.97393016935894527 -5.161602059988339 -3.0148622612985867
decision_type=2 2 2 2 2 2 2 2 2 2 2 2 2 2 2 2 2 2 2 2 2 2 2 2 2 2 2 2 2 2
left_child=1 3 4 7 12 17 11 28 19 16 26 -4 24 25 -6 -10 21 22 -15 -5 -16 -9 -3 -19 -2 -8 -7 -13 -1 -30
right_child=2 5 6 8 14 10 13 9 15 -11 -12 27 -14 18 20 -17 -18 23 -20 -21 -22 -23 -24 -25 -26 -27 -28 -29 29 -31
leaf_value=-2.3199017645042903 -2.0776695145386994 -2.2601213890160352 -2.0197372274368011 -2.2399589101328092 -2.049341975076473 -2.2278510063810302 -2.0275993816434221 -2.2400214735746733 -2.2580125049855995 -2.2294620681968285 -2.0816496800457545 -2.0261554351921403 -2.0571949889835048 -2.0780698073045634 -2.0418230264726209 -2.130229118240675 -2.1614454145763728 -2.1114239045622876 -1.9586452959405365 -2.1463704882108798 -2.0303517397816808 -2.1803445096086804 -2.1184647172541742 -2.1022868806348516 -2.0663114286402862 -1.9823810466251806 -2.0932324006452601 -2.0016514128686591 -2.2002978622333864 -2.2986649332999702
leaf_weight=251 4104 21 8400 85 6437 22 205 144 53 427 17204 711 12158 55 6924 17628 6017 9591 2741 9031 9040 2099 7931 10347 13844 5437 19916 6943 70 106
leaf_count=251 4104 21 8400 85 6437 22 205 144 53 427 17204 711 12158 55 6924 17628 6017 9591 2741 9031 9040 2099 7931 10347 13844 5437 19916 6943 70 106
internal_value=-2.08098 -2.1149 -2.0365 -2.14648 -2.05359 -2.09747 -1.99986 -2.17648 -2.13627 -2.17066 -2.08795 -2.0122 -2.06418 -1.97639 -2.03935 -2.13061 -2.16762 -2.11015 -1.96099 -2.14724 -2.03533 -2.18418 -2.11884 -2.10668 -2.06891 -1.98402 -2.09338 -2.00393 -2.29502 -2.25954
internal_weight=177942 100943 76999 35911 52507 65032 24492 9114 26797 8687 37142 16054 30106 8438 22401 17681 8260 27890 2796 9116 15964 2243 7952 19938 17948 5642 19938 7654 427 176
internal_count=177942 100943 76999 35911 52507 65032 24492 9114 26797 8687 37142 16054 30106 8438 22401 17681 8260 27890 2796 9116 15964 2243 7952 19938 17948 5642 19938 7654 427 176
is_linear=0
shrinkage=1


Tree=1
num_leaves=31
num_cat=0
split_feature=9 9 9 9 9 9 9 6 7 12 8 9 8 8 8 7 9 9 12 9 9 9 7 7 7 7 8 8 8 8
split_gain=96932.2 20060 17402.5 3948.39 3000.03 2876.37 2441.21 2272.44 615.331 566.783 560.588 460.836 391.425 377.481 353.637 317.284 328.419 304.753 293.953 283.235 176.726 173.38 173.247 172.815 139.06 136.071 147.264 133.139 131.028 130.249
threshold=0.41030650000000007 0.26087750000000004 0.66918350000000015 0.18805400000000003 0.51849175000000003 0.33314650000000007 0.91101375000000007 -6.5848101596763264 -5.161602059988339 -2.9598610861647141 -2.4153098778913207 0.29531575000000004 -0.91730428963470911 -1.7158864330406129 -1.2307984404746328 -2.8343297430006653 1.1100262500000002 0.15552875000000002 -2.0073443546780951 0.7864762500000001 0.58872900000000017 0.4707137500000001 -5.161602059988339 -5.161602059988339 -4.7159546743213054 -5.161602059988339 -3.0148622612985867 -2.2939476354772315 -2.6350468735358157 -2.7340450494586528
decision_type=2 2 2 2 2 2 2 2 2 2 2 2 2 2 2 2 2 2 2 2 2 2 2 2 2 2 2 2 2 2
left_child=1 3 4 7 13 11 12 25 -5 -10 17 23 -4 29 -6 -8 -17 22 -7 -14 -16 -15 -9 -3 -13 -1 -27 -20 -26 -2
right_child=2 5 6 8 14 18 15 10 9 -11 -12 24 19 21 20 16 -18 -19 27 -21 -22 -23 -24 -25 28 26 -28 -29 -30 -31
leaf_value=-0.22697936931691798 -0.02339303575458463 -0.15879964409051117 0.050834501845919346 -0.1670207061749111 0.031891440903157819 -0.010211215632791848 -0.053733170867869356 -0.15109309715529284 -0.059768254106998965 -0.045134454035214551 -0.14106166276522247 -0.1384033595621513 0.063979821661654848 0.016020412563856844 0.038634527625737172 0.093833614242624305 0.11537387926937795 -0.076445848424405272 -0.0093154648515730576 0.078853343168550888 0.049726303650112408 0.025842084378373011 -0.09439998576568423 -0.032192297113879838 -0.027339290507778297 -0.11335567214659281 -0.20680438072051643 0.0015901624945757209 -0.017700217520613327 0.0099180177892005516
leaf_weight=251 301 27 3122 117 8617 15030 33 144 12632 13895 427 25 7242 9814 6585 4884 2775 6017 3518 5736 7899 8288 2099 15396 4894 70 106 13686 12609 11703
leaf_count=251 301 27 3122 117 8617 15030 33 144 12632 13895 427 25 7242 9814 6585 4884 2775 6017 3518 5736 7899 8288 2099 15396 4894 70 106 13686 12609 11703
internal_value=-6.92001e-11 -0.0322307 0.0422533 -0.062325 0.0263581 -0.0157221 0.0778002 -0.0907328 -0.0526076 -0.052103 -0.0851975 -0.0261103 0.0667298 0.015958 0.0399119 0.100971 0.101638 -0.0823096 -0.00510279 0.0705536 0.0446835 0.0205173 -0.0980397 -0.0324139 -0.0205637 -0.203344 -0.169637 -0.0006399 -0.0203954 0.00908274
internal_weight=177942 100943 76999 35758 53207 65185 23792 9114 26644 26527 8687 32951 16100 30106 23101 7692 7659 8260 32234 12978 14484 18102 2243 15423 17528 427 176 17204 17503 12004
internal_count=177942 100943 76999 35758 53207 65185 23792 9114 26644 26527 8687 32951 16100 30106 23101 7692 7659 8260 32234 12978 14484 18102 2243 15423 17528 427 176 17204 17503 12004
is_linear=0
shrinkage=0.05


Tree=2
num_leaves=31
num_cat=0
split_feature=9 9 9 7 12 12 9 12 8 9 12 9 12 12 8 6 8 7 9 7 7 9 8 8 12 8 7 8 6 8
split_gain=87481.3 18113.1 15711.9 3457.22 3024.87 2577.42 2330.93 2247.96 724.438 477.527 430.492 345.812 338.81 324.16 321.464 300.737 285.543 264.775 248.65 191.01 178.664 166.325 141.859 141.488 140.232 138.389 124.36 124.107 119.062 118.489
threshold=0.41030650000000007 0.25431325000000005 0.6629670000000002 -5.161602059988339 -2.2883331130782598 -1.3305125467019605 0.86242050000000015 -3.3120189543231695 -2.1585909765848199 0.35946000000000006 0.10996854793785374 0.21797275000000005 -1.1241246816182107 -2.5545696226505936 -1.7158864330406129 -6.5848101596763264 -1.0093470312932098 -1.3913901023583042 0.16082575000000002 -5.161602059988339 -4.393945809270706 0.74703750000000013 -1.3850018050259387 -2.2939476354772315 -1.5220320822821825 -2.6350468735358157 -3.1925103561091093 -0.93555747114793764 -5.6288607342000709 -2.5758941772304738
decision_type=2 2 2 2 2 2 2 2 2 2 2 2 2 2 2 2 2 2 2 2 2 2 2 2 2 2 2 2 2 2
left_child=1 3 5 15 13 14 16 8 18 26 27 -9 -7 -3 29 -1 -4 -12 -5 -15 -11 -18 -14 -22 -16 -21 -6 -8 -10 -2
right_child=2 4 6 7 9 12 10 11 28 20 17 -13 22 19 24 -17 21 -19 -20 25 23 -23 -24 -25 -26 -27 -28 -29 -30 -31
leaf_value=-0.21359707198875105 -0.013367605011070278 -0.035018028243823641 0.045348805875107562 -0.088866404901723484 -0.026693173686642965 0.030480017603983441 0.049662047386143666 -0.058530336047256153 -0.18297979392625136 -0.15084425583483152 0.022732267939941365 -0.045767566723748883 0.031406823137033919 -0.16217347301088739 0.014910754987549705 -0.14426654834163988 0.057746432681065822 0.10773606314892668 -0.070957156684216052 -0.029396742068298218 -0.0092004531470810894 0.069445574631487914 0.045074883383533347 0.00088557098491966679 0.023909235298087056 -0.020443142490028474 -0.011373935266143553 0.085431516830440909 -0.12517540439503727 0.0096021774115585563
leaf_weight=299 591 10702 2533 2835 1435 10545 253 8315 145 20 94 14674 2320 25 9207 328 5870 3602 6126 6995 4455 6297 10446 15841 8173 11267 17250 5843 231 11225
leaf_count=299 591 10702 2533 2835 1435 10545 253 8315 145 20 94 14674 2320 25 9207 328 5870 3602 6126 6995 4455 6297 10446 15841 8173 11267 17250 5843 231 11225
internal_value=-3.06459e-11 -0.0306191 0.0401406 -0.0610423 -0.0158738 0.0247149 0.0732109 -0.0587867 -0.079476 -0.00678141 0.0921102 -0.0503838 0.0371124 -0.0281065 0.0148163 -0.177328 0.0606217 0.105574 -0.0766231 -0.0240618 -0.00147552 0.0638013 0.0425909 -0.00132833 0.0191423 -0.0238727 -0.0125504 0.083947 -0.147467 0.0084533
internal_weight=177942 100943 76999 32953 67990 52507 24492 32326 9337 39001 9792 22989 23311 28989 29196 627 14700 3696 8961 18287 20316 12167 12766 20296 17380 18262 18685 6096 376 11816
internal_count=177942 100943 76999 32953 67990 52507 24492 32326 9337 39001 9792 22989 23311 28989 29196 627 14700 3696 8961 18287 20316 12167 12766 20296 17380 18262 18685 6096 376 11816
is_linear=0
shrinkage=0.05


Tree=3
num_leaves=31
num_cat=0
split_feature=9 9 9 7 9 9 12 12 7 12 9 9 9 9 8 8 6 12 7 12 7 12 8 8 8 8 5 8 0 8
split_gain=78978.5 15495 15087.5 3120.14 2530.74 2327.49 2288.08 2028.78 662.132 388.519 372.987 313.295 308.38 292.896 291.778 290.286 271.415 253.599 242.218 201.22 172.252 164.316 126.918 123.455 116.614 115.13 114.733 113.281 110.171 108.032
threshold=0.39867375000000005 0.6507170000000001 0.25431325000000005 -5.161602059988339 0.49929225000000005 0.86242050000000015 -2.2883331130782598 -3.3120189543231695 -1.9015109828743573 0.10996854793785374 0.56689275000000017 0.21593700000000002 0.35298300000000005 0.27839100000000006 -1.0915752352345278 -1.9908822965092818 -6.5848101596763264 -3.8090076955268315 -1.8528650038037313 -0.61157124805638696 -5.161602059988339 -1.585098742502105 -2.7722139160683903 -2.4040843752435168 -2.230101437332094 -3.2087345551221689 -5.75867567335193 -1.5379547607262765 -0.26302858844550325 -1.5379547607262765
decision_type=2 2 2 2 2 2 2 2 2 2 2 2 2 2 2 2 2 2 2 2 2 2 2 2 2 2 2 2 2 2
left_child=2 4 3 16 15 14 13 8 17 24 29 -9 -8 -4 -3 -2 -1 -5 -11 -16 -15 -17 -22 -14 -7 -13 -10 -12 -20 -6
right_child=1 5 6 7 10 9 12 11 26 18 27 25 23 20 19 21 -18 -19 28 -21 22 -23 -24 -25 -26 -27 -28 -29 -30 -31
leaf_value=-0.20291722358070491 0.0026623469106794376 0.040027837920487745 -0.033361931543783412 -0.091404199703305045 0.020008543802934212 -0.028016806293278934 -0.012820363942312413 -0.056156620267425031 -0.17526600894131017 0.0014869681880122325 0.026104557923994954 -0.05025327655204518 -0.012124273478930841 -0.15406480040401221 0.053060461906538958 0.01050396554323939 -0.13705322112683663 -0.06931250191384089 0.11359869706017736 0.065136467419405417 -0.029759878053921773 0.018968359810014927 -0.020284019624250527 -0.0015072552406026221 0.080193415949490213 -0.040874088368457205 -0.10936327100509689 0.041307175569155676 0.095446920126962514 0.03011652398289873
leaf_weight=299 6944 2282 10517 1572 3639 25 15881 7617 178 61 1387 4723 3321 25 6648 12726 328 7482 1303 7170 4764 10435 13683 15599 6071 10649 105 10514 2332 9662
leaf_count=299 6944 2282 10517 1572 3639 25 15881 7617 178 61 1387 4723 3321 25 6648 12726 328 7482 1303 7170 4764 10435 13683 15599 6071 10649 105 10514 2332 9662
internal_value=-1.1056e-10 0.0363596 -0.0305176 -0.0579901 0.0214151 0.0682822 -0.0163257 -0.0558474 -0.0755022 0.0875047 0.0331048 -0.0478646 -0.00768301 -0.0267012 0.0565912 0.0116292 -0.168462 -0.0731482 0.100295 0.0593266 -0.0229089 0.0143175 -0.0227312 -0.00337084 0.0797496 -0.0437558 -0.150814 0.0395354 0.101954 0.0273511
internal_weight=177942 81199 96743 32953 55307 25892 63790 32326 9337 9792 25202 22989 34801 28989 16100 30105 627 9054 3696 13818 18472 23161 18447 18920 6096 15372 283 11901 3635 13301
internal_count=177942 81199 96743 32953 55307 25892 63790 32326 9337 9792 25202 22989 34801 28989 16100 30105 627 9054 3696 13818 18472 23161 18447 18920 6096 15372 283 11901 3635 13301
is_linear=0
shrinkage=0.05


Tree=4
num_leaves=31
num_cat=0
split_feature=9 12 9 9 9 9 9 6 9 8 9 12 6 8 7 8 12 7 8 12 7 7 12 8 8 7 7 7 8 9
split_gain=71295 14761.5 12801.8 2968.08 2215.08 2113.03 1817.25 1517.89 635.34 419.113 338.209 323.227 320.175 293.284 257.509 251.972 249.176 239.218 237.617 213.159 184.006 155.757 147.053 140.591 139.551 130.779 123.78 116.203 113.499 107.558
threshold=0.41030650000000007 -2.6846372497584228 0.66918350000000015 0.17955650000000004 0.52540275000000014 0.33314650000000007 0.91101375000000007 -6.5848101596763264 0.21593700000000002 -2.5176880911085076 0.29679625000000004 -1.5220320822821825 -6.5848101596763264 -0.91730428963470911 -2.5104400087530458 -1.2307984404746328 0.25284675567315007 -5.161602059988339 -2.4040843752435168 -0.45326551351573791 -5.161602059988339 -5.161602059988339 -1.9631190391940663 -3.2087345551221689 -4.0233906100707513 -2.4987968462675538 -3.1925103561091093 -3.9872842925641923 -2.8530307730622857 0.58872900000000017
decision_type=2 2 2 2 2 2 2 2 2 2 2 2 2 2 2 2 2 2 2 2 2 2 2 2 2 2 2 2 2 2
left_child=1 3 4 7 11 10 13 -1 12 20 21 25 -5 -4 -8 26 -16 -10 24 -15 -9 -3 -20 -19 -7 -2 -6 -14 -23 -17
right_child=2 5 6 8 15 18 14 9 17 -11 -12 -13 27 19 16 29 -18 23 22 -21 -22 28 -24 -25 -26 -27 -28 -29 -30 -31
leaf_value=-0.17726526074204829 -0.0017429771578720674 -0.14140136731167635 0.04341499722775239 -0.14094904062422839 -0.06231588112484468 -0.12834661121551807 -0.031229041111857998 -0.12423978428329741 -0.14386823999562434 -0.12719245289511125 -0.017421659978158161 0.019964234581393472 -0.066615443814639283 0.055253748964747711 0.081245715501159083 0.033886706055363584 0.10060753372804228 -0.047346037174687543 -0.0057058485472747719 0.06833481103932447 -0.072232731773110057 -0.033593905728297138 0.0018961107854860348 -0.03762032896246531 -0.012282970211110793 0.011322643718361128 0.028145457163169376 -0.052751946354808649 -0.024507736136846564 0.042766459848713301
leaf_weight=399 2180 30 3122 110 38 26 46 175 56 389 16827 13558 1835 7789 5205 6001 2441 5180 13585 5189 6047 5014 11964 13146 6659 15768 7763 8574 10927 7899
leaf_count=399 2180 30 3122 110 38 26 46 175 56 389 16827 13558 1835 7789 5205 6001 2441 5180 13585 5189 6047 5014 11964 13146 6659 15768 7763 8574 10927 7899
internal_value=-5.74479e-11 -0.0276417 0.0362373 -0.0533721 0.0226042 -0.0134332 0.0667255 -0.0825592 -0.0462927 -0.0768433 -0.0223682 0.0141373 -0.0560927 0.0571741 0.0867174 0.0348966 0.087427 -0.0406847 -0.00434194 0.060484 -0.0736955 -0.0275799 -0.00214603 -0.0403694 -0.0127344 0.00973567 0.0277048 -0.0551959 -0.0273657 0.0389328
internal_weight=177942 100943 76999 35911 53207 65032 23792 7010 28901 6611 32798 31506 10519 16100 7692 21701 7646 18382 32234 12978 6222 15971 25549 18326 6685 17948 7801 10409 15941 13900
internal_count=177942 100943 76999 35911 53207 65032 23792 7010 28901 6611 32798 31506 10519 16100 7692 21701 7646 18382 32234 12978 6222 15971 25549 18326 6685 17948 7801 10409 15941 13900
is_linear=0
shrinkage=0.05


Tree=5
num_leaves=31
num_cat=0
split_feature=9 9 9 7 12 12 9 9 8 12 8 8 12 8 9 6 9 8 7 12 9 8 12 8 7 8 8 9 1 8
split_gain=64360.9 12839.2 12133.7 2584.93 2470.96 1807.73 1657.27 1581.76 550.014 403.363 286.964 249.629 236.469 234.554 228.175 224.726 221.991 214.04 209.827 181.174 135 127.796 126.682 120.045 116.822 114.128 109.639 104.303 97.8197 96.6502
threshold=0.39674825000000008 0.61724450000000008 0.25431325000000005 -5.161602059988339 -0.3647231151969525 -2.2883331130782598 0.193329 0.49315050000000005 -2.0326381465934875 0.10996854793785374 -1.0915752352345278 -2.8530307730622857 -2.0971358227063317 -1.8728762748764103 0.22924200000000003 -6.5848101596763264 0.16082575000000002 -1.5379547607262765 -2.9720350908289848 -0.63468319953373664 0.55057825000000005 -0.97393016935894527 -2.5545696226505936 -4.4623855739459852 -3.5964930703360429 -0.24242348064533556 -2.9832593409367294 0.14015625000000001 -0.10339965433084929 -1.3850018050259387
decision_type=2 2 2 2 2 2 2 2 2 2 2 2 2 2 2 2 2 2 2 2 2 2 2 2 2 2 2 2 2 2
left_child=2 7 3 15 10 11 8 13 16 21 -3 23 -7 26 29 -1 -5 -9 -11 -12 -19 -6 -13 -4 -14 -20 -2 -10 -28 -8
right_child=1 4 5 6 9 12 14 17 27 18 19 22 24 -15 -16 -17 -18 20 25 -21 -22 -23 -24 -25 -26 -27 28 -29 -30 -31
leaf_value=-0.1842622191557991 -0.037507789279916326 0.034821676085170096 -0.13690087077794252 -0.0767905495107611 0.040551119980462375 -0.011885731031601232 -0.047176619208918684 0.018653678133789629 -0.15815180909605872 -0.070892971344292163 0.04583162579068592 -0.027143003827019348 -0.040751989259743271 0.01301204605857282 -0.037464909553135785 -0.12433031984809331 -0.060161531937860495 0.025577558500989025 0.06649603691511774 0.056880625158938769 0.034456571125909941 0.071875772484948433 -0.01869625417586223 -0.031292470965316149 -0.0030772837957179205 0.094603185091631931 0.012301336705089651 -0.10377496564999605 0.0010890556884730542 -0.096787377048020415
leaf_weight=299 160 3622 27 2850 341 14764 11749 5252 161 20 8818 6364 208 19586 10487 328 6785 8241 406 6405 8909 7210 14674 7924 19129 3270 2700 195 6959 99
leaf_count=299 160 3622 27 2850 341 14764 11749 5252 161 20 8818 6364 208 19586 10487 328 6785 8241 406 6405 8909 7210 14674 7924 19129 3270 2700 195 6959 99
internal_value=-6.71665e-11 0.0325638 -0.0277682 -0.0523587 0.0585395 -0.0149242 -0.0504084 0.0174759 -0.0673354 0.0770858 0.0474708 -0.0241038 -0.00712069 0.0098502 -0.0428366 -0.15291 -0.0650803 0.0274854 0.0906201 0.0504804 0.03019 0.0704612 -0.0212514 -0.0316511 -0.00348253 0.0914989 0.00354324 -0.128367 0.00422325 -0.0475912
internal_weight=177942 81899 96043 32953 30092 63090 32326 51807 9991 11247 18845 28989 34101 29405 22335 627 9635 22402 3696 15223 17150 7551 21038 7951 19337 3676 9819 356 9659 11848
internal_count=177942 81899 96043 32953 30092 63090 32326 51807 9991 11247 18845 28989 34101 29405 22335 627 9635 22402 3696 15223 17150 7551 21038 7951 19337 3676 9819 356 9659 11848
is_linear=0
shrinkage=0.05


Tree=6
num_leaves=31
num_cat=0
split_feature=9 12 9 9 9 9 9 6 9 8 12 9 6 8 8 6 12 7 7 8 12 8 7 7 8 7 7 7 7 8
split_gain=58124.6 12024.2 10437.4 2432.71 1803.44 1719.01 1492.03 1257.96 520.805 344.951 328.995 280.672 270.256 239.972 227.014 212.866 194.833 193.459 189.69 178.299 176.451 150.351 136.354 128.9 123.114 114.221 112.651 106.025 101.876 98.8064
threshold=0.41030650000000007 -2.6846372497584228 0.66918350000000015 0.17955650000000004 0.5360322500000001 0.33314650000000007 0.91101375000000007 -6.5848101596763264 0.21593700000000002 -2.5176880911085076 -1.5220320822821825 0.29531575000000004 -6.5848101596763264 -0.97393016935894527 -0.56452745480880628 -2.5829113522676366 0.25284675567315007 -5.161602059988339 -4.7159546743213054 -1.3435095013519094 -0.45326551351573791 -4.4623855739459852 -2.8343297430006653 -4.393945809270706 -3.2087345551221689 -2.3922086992669165 -3.3360917540934358 -4.7159546743213054 -3.9872842925641923 -2.5176880911085076
decision_type=2 2 2 2 2 2 2 2 2 2 2 2 2 2 2 2 2 2 2 2 2 2 2 2 2 2 2 2 2 2
left_child=1 3 4 7 10 11 13 -1 12 21 25 23 -5 -4 22 18 -16 -10 -7 26 -15 -9 -8 -3 -19 -2 -6 -13 -14 -20
right_child=2 5 6 8 19 15 14 9 17 -11 -12 27 28 20 16 -17 -18 24 29 -21 -22 -23 -24 -25 -26 -27 -28 -29 -30 -31
leaf_value=-0.16082171077768839 -0.00035556665341995972 -0.081447574365330802 0.037844734876559788 -0.12860561872663145 -0.088641630434854471 -0.14891223121279229 -0.049710114932421487 -0.09492985064116595 -0.12948569219027248 -0.11507917057595779 0.018675999168349125 -0.11877131152153925 -0.060512972397054735 0.049712664458666907 0.075113148272720962 -0.00028753422860547812 0.092800214685179239 -0.042939338638786809 -0.016409456997530929 0.035231388884499726 0.061447832627052834 -0.064417244956488984 0.054782098069399376 -0.024774394248227968 -0.033838183687384303 0.010504251902383186 0.024753571549564632 -0.015729547721839557 -0.047532204076835227 -0.0061242879367674492
leaf_weight=399 2885 101 2651 110 22 24 33 434 56 389 15658 25 1835 8187 4768 17851 2312 5180 2935 14660 5262 5788 579 15169 13146 15063 4919 17503 8574 11424
leaf_count=399 2885 101 2651 110 22 24 33 434 56 389 15658 25 1835 8187 4768 17851 2312 5180 2935 14660 5262 5788 579 15169 13146 15063 4919 17503 8574 11424
internal_value=7.55937e-11 -0.0249583 0.0327195 -0.0481809 0.0204096 -0.0121347 0.0602486 -0.0746049 -0.0417717 -0.0694014 0.0133794 -0.0201937 -0.0506445 0.0515939 0.0783635 -0.00393474 0.0808889 -0.0366943 -0.00846134 0.0324629 0.0543041 -0.0665456 0.0491477 -0.0251492 -0.0364107 0.00875862 0.0242487 -0.0158765 -0.0498206 -0.00822659
internal_weight=177942 100943 76999 35911 53207 65032 23792 7010 28901 6611 33606 32798 10519 16100 7692 32234 7080 18382 14383 19601 13449 6222 612 15270 18326 17948 4941 17528 10409 14359
internal_count=177942 100943 76999 35911 53207 65032 23792 7010 28901 6611 33606 32798 10519 16100 7692 32234 7080 18382 14383 19601 13449 6222 612 15270 18326 17948 4941 17528 10409 14359
is_linear=0
shrinkage=0.05


Tree=7
num_leaves=31
num_cat=0
split_feature=12 9 9 7 12 12 9 12 7 12 9 8 8 6 8 6 8 7 7 12 12 7 9 9 6 12 8 7 12 8
split_gain=52485.1 10562.7 9840.36 2046 2009.12 1764.84 1301.67 1121.93 430.525 331.4 272.131 236.947 224.712 222.594 207.475 193.501 183.722 180.834 172.389 147.412 141.323 128.148 126.539 115.721 113.906 107.316 105.625 101.563 100.204 99.4491
threshold=-1.8534714326000519 0.61724450000000008 0.24612250000000005 -5.161602059988339 -0.3647231151969525 -2.3471604147918694 0.49315050000000005 -3.401938980431058 -2.0338938872236727 0.10996854793785374 0.34528650000000005 -1.0915752352345278 -3.5663179083396908 -3.4793189608865336 -1.9800642040492045 -5.6288607342000709 -1.7505658565072821 -1.3913901023583042 -5.161602059988339 -0.63468319953373664 -3.8090076955268315 -0.98929391222573038 0.53961375000000011 0.27370250000000002 -2.5961811509093038 -3.0840001655735514 -0.91730428963470911 -4.5131633345778273 -1.585098742502105 -3.2699263684124049
decision_type=2 2 2 2 2 2 2 2 2 2 2 2 2 2 2 2 2 2 2 2 2 2 2 2 2 2 2 2 2 2
left_child=2 6 3 15 11 13 14 8 20 26 -7 -3 -9 18 29 -1 -8 -11 -4 -13 -5 25 -18 -15 27 -14 -6 -12 -16 -2
right_child=1 4 5 7 9 10 16 12 -10 17 24 19 21 23 28 -17 22 -19 -20 -21 -22 -23 -24 -25 -26 -27 -28 -29 -30 -31
leaf_value=-0.15751966984524324 -0.061434908631828523 0.031404610670799561 -0.12686726978332127 -0.075078656439577951 0.038693055583085528 -0.012246893202638961 0.012507911338423716 -0.052419037963542671 -0.12475627890916363 0.013408341989456181 -0.11515900328416716 0.041440087695561505 -0.044033771331575995 -0.025735709255996532 0.008449404400403043 -0.096750107569065186 0.021659025226104099 0.083657397904706915 -0.029831771548079141 0.051406570372145716 -0.058017040854302274 -0.089215306249834397 0.029799646838834098 -0.017742895199812356 -0.00049684766030796306 -0.035880412278082856 0.065002486521259215 -0.0076022568762431856 0.015267883322532287 0.0021537667365755728
leaf_weight=432 62 3622 46 1565 403 16593 2683 3909 283 94 22 8818 6297 7415 13129 188 8105 3602 9183 6405 5407 127 11614 11633 12033 11239 7148 9319 9139 7427
leaf_count=432 62 3622 46 1565 403 16593 2683 3909 283 94 22 8818 6297 7415 13129 188 8105 3602 9183 6405 5407 127 11614 11633 12033 11239 7148 9319 9139 7427
internal_value=-3.30363e-11 0.0292896 -0.0251758 -0.0492246 0.0528795 -0.0144856 0.01568 -0.0472917 -0.0643008 0.069603 -0.00744252 0.0428987 -0.0415713 -0.0239422 0.00882658 -0.139093 0.0247834 0.0818708 -0.0303154 0.0456334 -0.0618468 -0.0391706 0.0264536 -0.0208543 -0.00371281 -0.0388082 0.0635983 -0.00785558 0.0112478 0.00162733
internal_weight=177942 82251 95691 29447 30092 66244 52159 28827 7255 11247 37967 18845 21572 28277 29757 620 22402 3696 9229 15223 6972 17663 19719 19048 21374 17536 7551 9341 22268 7489
internal_count=177942 82251 95691 29447 30092 66244 52159 28827 7255 11247 37967 18845 21572 28277 29757 620 22402 3696 9229 15223 6972 17663 19719 19048 21374 17536 7551 9341 22268 7489
is_linear=0
shrinkage=0.05


Tree=8
num_leaves=31
num_cat=0
split_feature=12 9 9 12 9 6 9 9 12 12 8 6 8 6 8 8 7 8 7 12 6 8 8 8 1 0 9 7 7 6
split_gain=47400.1 10301.2 8050.87 2350.46 1314.27 1237.96 1225.25 1150.31 443.637 353.281 251.191 217.783 217.246 208.389 205.124 173.56 150.363 139.741 139.604 131.872 126.332 115.404 113.994 112.547 111.404 107.639 106.32 102.462 102.076 100.006
threshold=-1.7472983874571668 0.27370250000000002 0.66918350000000015 -3.3120189543231695 0.53961375000000011 -6.5848101596763264 0.91101375000000007 0.34366075000000007 -2.8834957523876041 -4.1360974116033429 -1.680672786951982 -6.5848101596763264 -2.6231518343538736 -0.6937426296299668 -0.45807636159734827 -2.1060815057566704 -2.8343297430006653 -1.1077833333066771 -4.5131633345778273 0.25284675567315007 -6.5848101596763264 -1.7842758901008327 -3.5380084303663972 -3.1513339659833091 -0.14402993334752109 0.17307371045259448 0.47604500000000011 -4.7159546743213054 -3.2995224584679215 -3.3910655779300671
decision_type=2 2 2 2 2 2 2 2 2 2 2 2 2 2 2 2 2 2 2 2 2 2 2 2 2 2 2 2 2 2
left_child=1 3 4 5 10 -1 14 12 11 -7 24 -5 27 16 21 23 -8 28 -11 -15 -10 -4 -13 -9 -2 -20 -12 -3 -6 -22
right_child=2 7 6 8 17 9 13 15 20 18 26 22 -14 19 -16 -17 -18 -19 25 -21 29 -23 -24 -25 -26 -27 -28 -29 -30 -31
leaf_value=-0.14500922051076404 0.016201514595909412 -0.11686171888639885 0.0052871382926642013 -0.10945264379118097 -0.076143170142546304 -0.10029564447393738 -0.048316439263748401 -0.039568519143624206 -0.11147363737387501 -0.074472112386495176 0.012479204115838968 -0.048619840958187999 -0.012648277710291513 0.070055776761381347 0.052496853675381552 0.0012530107102206854 0.059242466118807006 0.033398943115536157 -0.053653967666921598 0.08604701555230064 -0.033091805976217234 0.042144133333056957 -0.037916443777008778 -0.0058056531710774968 0.0047058356386384462 -0.10585684386640788 0.019844776574911648 -0.021090425329645418 0.025041752316608837 -0.025089624629238489
leaf_weight=435 2716 28 218 114 25 485 33 252 46 962 9137 3121 21421 3506 7638 17527 2114 10589 7874 2039 6795 8244 12257 12030 9407 100 10564 10800 8287 9178
leaf_count=435 2716 28 218 114 25 485 33 252 46 962 9137 3121 21421 3506 7638 17527 2114 10589 7874 2039 6795 8244 12257 12030 9407 100 10564 10800 8287 9178
internal_value=3.29668e-11 -0.0219046 0.0304022 -0.041232 0.0191466 -0.0625428 0.0543994 -0.00902123 -0.0345664 -0.058735 0.0129441 -0.0405991 -0.015566 0.0708151 0.0465565 -0.00194075 0.0575893 0.0295899 -0.0564793 0.0759361 -0.0287321 0.0411946 -0.0400887 -0.00649839 0.00728129 -0.0543086 0.0164287 -0.0213381 0.0247374 -0.0284938
internal_weight=177942 103425 74517 41367 50725 9856 23792 62058 31511 9421 31824 15492 32249 7692 16100 29809 2147 18901 8936 5545 16019 8462 15378 12282 12123 7974 19701 10828 8312 15973
internal_count=177942 103425 74517 41367 50725 9856 23792 62058 31511 9421 31824 15492 32249 7692 16100 29809 2147 18901 8936 5545 16019 8462 15378 12282 12123 7974 19701 10828 8312 15973
is_linear=0
shrinkage=0.05


Tree=9
num_leaves=31
num_cat=0
split_feature=12 9 12 7 12 12 9 12 7 9 7 8 8 8 7 6 8 9 8 9 7 12 8 5 9 0 0 7 6 12
split_gain=42806.6 8621 8023.13 1759.27 1650.98 1333.39 1054.55 992.393 394.989 270.84 215.213 195.585 195.031 179.01 170.308 161.888 159.215 155.832 154.893 142.353 135.145 121.883 116.733 108.832 106.348 105.443 100.918 99.9537 95.127 93.1121
threshold=-1.8534714326000519 0.61724450000000008 -2.7745656990632823 -5.161602059988339 -0.3647231151969525 -2.3165828714240622 0.49315050000000005 -3.3120189543231695 -2.0338938872236727 1.0298487500000002 -3.0316889362693513 -2.9379248909368703 -1.0915752352345278 -2.1585909765848199 -1.8528650038037313 -5.6288607342000709 -3.5663179083396908 0.15552875000000002 -1.3435095013519094 0.35460025000000001 -4.7159546743213054 -0.63468319953373664 -1.3850018050259387 -5.75867567335193 0.44896825000000007 -0.11023489733082641 -0.26302858844550325 -4.7159546743213054 -3.5359182412302235 -2.5545696226505936
decision_type=2 2 2 2 2 2 2 2 2 2 2 2 2 2 2 2 2 2 2 2 2 2 2 2 2 2 2 2 2 2
left_child=2 6 3 15 12 11 13 8 17 -6 20 -4 -3 -2 -11 -1 -9 -5 25 -12 -7 -14 28 -10 -15 -8 -16 -13 -18 -29
right_child=1 4 5 7 9 10 18 16 23 14 19 27 21 24 26 -17 22 -19 -20 -21 -22 -23 -24 -25 -26 -27 -28 29 -30 -31
leaf_value=-0.14358810480931591 -0.0015207800718545171 0.028287593903869993 -0.02814766916127083 -0.065149227696926257 0.056939831043663625 -0.12922436495622 0.026732148552094156 -0.046370994373488766 -0.13491020013994359 -0.0060925215614764999 -0.0082937798723703177 -0.098413002987702697 0.037383705959458634 0.0067777001987557629 0.085087320400864988 -0.088061997286995208 -0.037813370792652179 -0.049873460197818839 0.02565932710548384 -0.0016448978847372752 -0.016945559781365565 0.046446173681032293 -0.076631700147411275 -0.074116997656504799 0.013302279407785382 0.013967845021680589 0.068618057153911866 -0.022462215842169148 -0.030449778168711018 -0.015760132445618021
leaf_weight=435 4244 3622 6780 2211 7053 27 2150 3110 188 67 16127 39 8818 14597 1416 188 7913 6817 13714 16074 3630 6405 160 121 10916 6538 2711 8338 9840 13693
leaf_count=435 4244 3622 6780 2211 7053 27 2150 3110 188 67 16127 39 8818 14597 1416 188 7913 6817 13714 16074 3630 6405 160 121 10916 6538 2711 8338 9840 13693
internal_value=4.1648e-11 0.0264515 -0.0227364 -0.0436594 0.0477632 -0.0127182 0.0141562 -0.0419526 -0.0555171 0.0629231 -0.0062802 -0.02072 0.0387156 0.00798762 0.072985 -0.126832 -0.0359282 -0.0536146 0.0223501 -0.00497481 -0.0177745 0.0411967 -0.0341151 -0.111104 0.00956931 0.0171266 0.0742688 -0.0184382 -0.0337319 -0.0182966
internal_weight=177942 82251 95691 30983 30092 64708 52159 30360 9337 11247 35858 28850 18845 29757 4194 623 21023 9028 22402 32201 3657 15223 17913 309 25513 8688 4127 22070 17753 22031
internal_count=177942 82251 95691 30983 30092 64708 52159 30360 9337 11247 35858 28850 18845 29757 4194 623 21023 9028 22402 32201 3657 15223 17913 309 25513 8688 4127 22070 17753 22031
is_linear=0
shrinkage=0.05


Tree=10
num_leaves=31
num_cat=0
split_feature=9 9 9 6 9 9 12 9 9 6 6 8 8 12 8 4 8 8 2 7 7 7 8 7 9 1 12 7 12 8
split_gain=38638.1 7801.99 7169.92 1646.85 1272.64 1156.09 1097.09 1041.24 318.301 224.447 196.097 193.698 192.319 152.447 150.788 150.707 146.79 145.805 141.791 135.67 133.328 114.994 113.776 111.869 108.105 104.36 101.668 101.567 101.109 89.0796
threshold=0.40639000000000003 0.25431325000000005 0.6507170000000001 -6.5848101596763264 0.32265125000000006 0.86242050000000015 -1.3305125467019605 0.19585350000000004 0.14015625000000001 -0.56397288599741924 -3.4607079441412067 -2.4040843752435168 -1.7158864330406129 0.25284675567315007 -1.0915752352345278 -0.0033551930016312843 -1.599180265514798 -3.2699263684124049 0.23308534216719504 -2.8343297430006653 -5.161602059988339 -4.5131633345778273 -2.5995018777675232 -4.2140309358374504 0.36750125000000006 -0.15485555039674273 -1.1241246816182107 -5.161602059988339 -0.61157124805638696 -3.2087345551221689
decision_type=2 2 2 2 2 2 2 2 2 2 2 2 2 2 2 2 2 2 2 2 2 2 2 2 2 2 2 2 2 2
left_child=1 3 6 15 10 14 12 8 18 19 20 21 25 -11 -4 27 -8 -9 -5 -7 -3 -6 -12 -10 -13 -2 -18 -1 -16 -27
right_child=2 4 5 7 11 9 16 17 23 13 22 24 -14 -15 28 -17 26 -19 -20 -21 -22 -23 -24 -25 -26 29 -28 -29 -30 -31
leaf_value=-0.13322524130138574 0.014080497866712255 -0.112142448317866 0.027639589045233198 -0.068972467056542738 -0.1226305804822756 -0.044067197685708874 0.014239942529573574 -0.03852595656574874 -0.059489302122442779 0.061731339102298104 -0.01968615900358104 -0.0054130857960478541 0.012859212072752719 0.078518569014345563 0.037071332377909723 -0.16042012690733642 0.021787689444842016 -0.029834887982023064 -0.11668192594442317 0.052187881408537952 -0.023896683682061524 -0.010679337637623038 -0.012364503374887497 -0.046104461623374171 0.00089258473094676208 -0.057644206639684614 0.029192083706608987 -0.081215498867707375 0.045631485616142387 0.0029582571269705336
leaf_weight=181 2452 43 2282 957 23 37 3178 7275 1960 4333 9590 13979 17894 1966 6648 195 8426 14334 186 3456 9337 8510 11878 7670 13230 61 10307 195 7170 10189
leaf_count=181 2452 43 2282 957 23 37 3178 7275 1960 4333 9590 13979 17894 1966 6648 195 8426 14334 186 3456 9337 8510 11878 7670 13230 61 10307 195 7170 10189
internal_value=-2.81032e-11 -0.0206771 0.0262536 -0.0405757 -0.0108299 0.0477863 0.0156355 -0.0390915 -0.0517896 0.0613338 -0.0182703 -0.00440832 0.00951933 0.0669709 0.0395467 -0.124751 0.024176 -0.0327609 -0.0767362 0.0511683 -0.0243012 -0.0109811 -0.0156352 -0.0488287 -0.00234704 0.00481426 0.0258616 -0.106252 0.0415131 0.0025976
internal_weight=177942 99543 78399 32953 66590 25892 52507 32382 10773 9792 30848 35742 30596 6299 16100 571 21911 21609 1143 3493 9380 8533 21468 9630 27209 12702 18733 376 13818 10250
internal_count=177942 99543 78399 32953 66590 25892 52507 32382 10773 9792 30848 35742 30596 6299 16100 571 21911 21609 1143 3493 9380 8533 21468 9630 27209 12702 18733 376 13818 10250
is_linear=0
shrinkage=0.05


Tree=11
num_leaves=31
num_cat=0
split_feature=12 9 9 12 9 9 9 6 12 6 7 8 8 8 8 6 8 6 9 6 7 12 8 7 0 8 8 6 1 8
split_gain=34898.8 7611.63 5922.54 1736.29 976.839 917.714 841.905 768.727 499.428 219.375 217.35 189.743 183.858 166.91 165.789 149.142 148.544 132.985 124.176 116.193 113.633 110.426 104.542 102.958 101.108 100.427 92.8662 86.3718 85.2116 84.9953
threshold=-1.7472983874571668 0.27370250000000002 0.66918350000000015 -3.4719107783880969 0.53961375000000011 0.92981900000000006 0.34366075000000007 -5.6288607342000709 -2.9598610861647141 -6.5848101596763264 -5.161602059988339 -1.7275556716248108 -0.45807636159734827 -1.1550379157746662 -2.6231518343538736 -2.5829113522676366 -2.8265463241036826 -6.5848101596763264 1.2392887500000003 -1.6662033084297174 -4.5131633345778273 -4.1360974116033429 -2.3916669292951398 -3.9872842925641923 -0.13503995720894643 -2.8530307730622857 -3.4593828502777817 -1.9973638158496565 -0.15898458665404139 -1.7842758901008327
decision_type=2 2 2 2 2 2 2 2 2 2 2 2 2 2 2 2 2 2 2 2 2 2 2 2 2 2 2 2 2 2
left_child=1 3 4 7 11 12 14 10 9 -5 -1 28 24 -7 26 20 -12 -10 -15 22 -8 -9 -6 -11 -4 -19 -3 -13 -2 -26
right_child=2 6 5 8 19 13 15 21 17 23 16 27 -14 18 -16 -17 -18 25 -20 -21 -22 -23 -24 -25 29 -27 -28 -29 -30 -31
leaf_value=-0.13569188287392969 0.014671894111660753 -0.041943823168800576 0.043256909861527984 -0.097729675423057868 -0.032474472810857122 0.014768435866088489 -0.10638937184454077 -0.078860042841200739 -0.099447141697660835 -0.046622910333876867 -0.063461182409979458 0.010113675553348224 0.04567980190135762 0.059819519783685965 -0.010771127022408832 0.0013792346568695787 -0.1226506196524737 -0.028867155352219526 0.076817268574087577 0.028756304584950744 -0.0055516351084427557 -0.050894543414186914 0.021428567372129378 -0.035392843063703397 -0.0021798206583946655 -0.021671227357007862 -0.017453123365511591 0.016612384685976405 0.0035347591231406476 0.032621660576795039
leaf_weight=336 2138 402 2686 151 91 183 28 379 61 2424 318 8854 8217 5472 21421 17130 159 10381 1337 11007 12651 5144 7803 12916 181 9098 10426 12100 8732 5716
leaf_count=336 2138 402 2686 151 91 183 28 379 61 2424 318 8854 8217 5472 21421 17130 159 10381 1337 11007 12651 5144 7803 12916 181 9098 10426 12100 8732 5716
internal_value=-6.73475e-12 -0.0187954 0.0260868 -0.0354091 0.016433 0.046669 -0.00772088 -0.0594956 -0.0310527 -0.0377577 -0.104889 0.0110857 0.0403339 0.0618907 -0.01332 -0.00166347 -0.083191 -0.025737 0.0631572 0.0254364 -0.00577432 -0.0528136 0.0208072 -0.0371674 0.035216 -0.0255062 -0.0183624 0.0138664 0.0057253 0.0315535
internal_weight=177942 103425 74517 41367 50725 23792 62058 6336 35031 15491 813 31824 16800 6992 32249 29809 477 19540 6809 18901 12679 5523 7894 15340 8583 19479 10828 20954 10870 5897
internal_count=177942 103425 74517 41367 50725 23792 62058 6336 35031 15491 813 31824 16800 6992 32249 29809 477 19540 6809 18901 12679 5523 7894 15340 8583 19479 10828 20954 10870 5897
is_linear=0
shrinkage=0.05


Tree=12
num_leaves=31
num_cat=0
split_feature=12 9 12 7 12 12 12 9 8 8 7 6 8 7 8 7 7 7 7 7 6 9 0 7 9 8 7 5 6 6
split_gain=31534.4 6545.13 5778.63 1284.38 1228.06 1089.06 840.071 651.274 262.907 218.845 176.257 173.499 170.29 155.938 153.64 149.414 148.167 135.406 127.481 124.734 115.986 104.119 96.5283 90.588 89.0989 88.6336 87.0073 86.9344 84.9458 83.9756
threshold=-1.8717130494555601 0.61724450000000008 -2.827943748196891 -5.161602059988339 -0.3647231151969525 -2.3471604147918694 -1.4424010431862337 0.17271375000000003 -2.0326381465934875 0.21788759242743436 -3.0316889362693513 -3.611478553598904 -3.5663179083396908 -2.4987968462675538 -0.75259067767514598 -1.8890270557133519 -5.161602059988339 -2.4861295565449919 -5.161602059988339 -1.0996626015919009 -5.6288607342000709 0.35298300000000005 -0.23709229966973752 -2.7822001429216692 1.3590525000000004 -2.5995018777675232 -3.6223109497497235 -6.0686262528559061 -5.9507593418597535 -3.78202021038619
decision_type=2 2 2 2 2 2 2 2 2 2 2 2 2 2 2 2 2 2 2 2 2 2 2 2 2 2 2 2 2 2
left_child=2 6 3 20 14 11 13 8 -5 17 16 18 -9 28 23 26 -7 -6 -4 29 -1 -12 -19 -3 -11 -13 -8 -21 -2 -14
right_child=1 4 5 7 9 10 15 12 -10 24 21 25 19 -15 -16 -17 -18 22 -20 27 -22 -23 -24 -25 -26 -27 -28 -29 -30 -31
leaf_value=-0.12443424684493694 -0.10351470786013775 -0.035306397508663524 -0.10539843668895109 -0.050575055291384431 -0.02701910280512046 -0.15164057329297065 -0.084539374398688472 -0.041720616598532413 -0.10117396215042136 0.059976104439232319 -0.0074335379542366936 -0.019446354065841068 -0.035402768175966416 0.0076114308482231555 0.037173443161362667 0.0206517917993028 -0.015207162248528897 0.05935693121736671 -0.02451280471001506 -0.12019113377318719 -0.077264774951555926 -0.0017700732702790609 0.045562313401331135 0.028504563584583909 0.08127811792673488 -0.012957261789258372 0.010926453465674646 -0.045267241223886312 -0.0026747964074754545 -0.028160590543626331
leaf_weight=430 21 56 49 4872 59 20 24 4928 271 3927 17206 11512 6282 25720 10623 19704 3975 1699 8306 64 187 15360 5001 8166 561 9693 4310 98 3786 11032
leaf_count=430 21 56 49 4872 59 20 24 4928 271 3927 17206 11512 6282 25720 10623 19704 3975 1699 8306 64 187 15360 5001 8166 561 9693 4310 98 3786 11032
internal_value=-3.64675e-11 0.0223457 -0.0198268 -0.0387932 0.0410049 -0.0117482 0.0118632 -0.0371952 -0.0532413 0.0540796 -0.00597826 -0.0188846 -0.0335117 0.00621348 0.0332016 0.018803 -0.0158902 0.0483963 -0.0249872 -0.0311969 -0.110138 -0.00476232 0.0490604 0.0280699 0.0626389 -0.0164801 0.0103978 -0.0748668 -0.00323104 -0.0307883
internal_weight=177942 83657 94285 28164 30092 66121 53565 27547 5143 11247 36561 29560 22404 29527 18845 24038 3995 6759 8355 17476 617 32566 6700 8222 4488 21205 4334 162 3807 17314
internal_count=177942 83657 94285 28164 30092 66121 53565 27547 5143 11247 36561 29560 22404 29527 18845 24038 3995 6759 8355 17476 617 32566 6700 8222 4488 21205 4334 162 3807 17314
is_linear=0
shrinkage=0.05


Tree=13
num_leaves=31
num_cat=0
split_feature=12 9 12 9 9 6 9 9 12 6 8 7 6 8 6 8 8 8 7 7 9 9 8 4 8 7 0 8 7 1
split_gain=28482.9 6479.63 4623.31 1434.72 837.427 804.663 744.76 650.643 243.592 237.164 214.374 148.874 146.591 146.398 142.241 133.661 131.375 120.637 115.549 114.778 109.543 98.0573 96.2749 86.9423 83.3623 83.2705 79.9128 72.5361 71.7217 71.0389
threshold=-1.717298758226246 0.27370250000000002 -0.74640512273523629 0.19585350000000004 0.53961375000000011 -6.5848101596763264 0.34366075000000007 0.92981900000000006 -4.1360974116033429 -6.5848101596763264 -3.2699263684124049 -5.161602059988339 -2.084254338524707 -0.73125081598479758 -2.5829113522676366 -2.6231518343538736 -0.45807636159734827 -1.1077833333066771 -3.9446091290003933 -4.393945809270706 0.23627550000000005 1.2392887500000003 -3.1513339659833091 -0.0033551930016312843 -1.7842758901008327 -3.3360917540934358 0.18269000846117059 -3.3115094743888958 -2.9720350908289848 -0.20538947463968524
decision_type=2 2 2 2 2 2 2 2 2 2 2 2 2 2 2 2 2 2 2 2 2 2 2 2 2 2 2 2 2 2
left_child=1 3 4 5 12 23 11 16 27 -5 -11 -3 18 28 22 -13 24 25 -2 -10 -12 -15 -8 -1 -4 -6 -21 -7 -9 -16
right_child=2 6 7 9 17 8 14 13 19 10 20 15 -14 21 29 -17 -18 -19 -20 26 -22 -23 -24 -25 -26 -27 -28 -29 -30 -31
leaf_value=-0.096594486841768551 -0.096796847810899769 -0.11504598664386192 -0.0014421225379919634 -0.089034547184283538 -0.075971040449550623 -0.065477935307812027 -0.037562825944662717 -0.051428522854777316 -0.055934318247405371 -0.032930179531138595 -0.028053267704260455 -0.016400255002589112 0.013601980887206783 0.054667392554256233 0.010971884847977884 -0.009579929959408753 0.041968940203966222 0.026744029751156174 0.0067452041321421907 -0.040250831886421833 -0.020718014691824764 0.069928932928544754 -0.0045780954103783432 -0.14265015018521807 0.033405827241319748 0.019292080575683778 -0.084340078217120695 -0.10647560013860556 0.031769669967006378 0.0006046555924933331
leaf_weight=285 27 35 176 150 23 323 225 28 1453 8145 8069 10813 16535 5305 1834 21401 7736 12177 13153 8731 13785 1313 13173 160 6888 8701 104 162 346 16686
leaf_count=285 27 35 176 150 23 323 225 28 1453 8145 8069 10813 16535 5305 1834 21401 7736 12177 13153 8731 13785 1313 13173 160 6888 8701 104 162 346 16686
internal_value=2.96375e-12 -0.0165699 0.0241505 -0.0320003 0.0158604 -0.0472656 -0.00662225 0.0434057 -0.044544 -0.0263203 -0.0260067 -0.0119812 0.0104666 0.0559753 -0.00120769 -0.0118693 0.0374674 0.0235288 0.00653309 -0.0429115 -0.0234264 0.0576953 -0.00513203 -0.113154 0.0325376 0.0190409 -0.0407698 -0.079172 0.0255409 0.0016313
internal_weight=177942 105534 72408 41367 50616 11218 64167 21792 10773 30149 29999 32249 29715 6992 31918 32214 14800 20901 13180 10288 21854 6618 13398 445 7064 8724 8835 485 374 18520
internal_count=177942 105534 72408 41367 50616 11218 64167 21792 10773 30149 29999 32249 29715 6992 31918 32214 14800 20901 13180 10288 21854 6618 13398 445 7064 8724 8835 485 374 18520
is_linear=0
shrinkage=0.05


Tree=14
num_leaves=31
num_cat=0
split_feature=12 9 9 7 12 12 12 12 8 6 8 9 6 12 6 7 7 8 4 7 7 7 8 6 1 8 0 1 7 7
split_gain=25739.7 5187.95 4836.5 1085.2 1008.14 918.273 648.659 554.775 218.898 199.021 169.702 168.706 150.521 133.834 132.109 127.584 124.597 103.843 101.498 100.652 100.536 85.8475 84.0835 82.1074 76.5552 80.9218 75.6469 73.5985 73.3238 72.6299
threshold=-1.8534714326000519 0.61724450000000008 0.24452225000000002 -5.161602059988339 -0.3647231151969525 -2.3471604147918694 -1.4424010431862337 -3.5522339124140299 -2.5176880911085076 -0.6937426296299668 -2.30466367849878 0.21171575000000001 -3.9276106471088146 0.17738118058751526 -1.4956053217854797 -1.8890270557133519 -2.7556700069876325 -3.2699263684124049 -0.01399962164207341 -5.161602059988339 -2.8343297430006653 -3.077910021153198 -2.8530307730622857 -5.6288607342000709 -0.19482594102832992 -1.680672786951982 -0.041963650680755908 0.3459851584359373 -1.2359649118184997 -3.6223109497497235
decision_type=2 2 2 2 2 2 2 2 2 2 2 2 2 2 2 2 2 2 2 2 2 2 2 2 2 2 2 2 2 2
left_child=2 6 3 18 14 12 16 8 -5 20 17 27 19 -11 21 29 23 -7 -1 -4 -6 -3 -14 -2 -18 -26 -19 -9 -21 -8
right_child=1 4 5 7 9 10 15 11 -10 13 -12 -13 22 -15 -16 -17 24 26 -20 28 -22 -23 -24 -25 25 -27 -28 -29 -30 -31
leaf_value=-0.077313841701336775 -0.095503619083991423 -0.068324139043688767 -0.095844701018032386 -0.046331799767130422 -0.038384276311901382 -0.035964374700447985 -0.077501975422880301 -0.034438969918538107 -0.088181684128168597 0.048851782271442615 -0.0025513002914321959 -0.026326935584371481 -0.019768954406508971 0.063004003756106194 0.032982705248510949 0.018712743128556735 0.013163412530675067 -0.0033599412860929713 -0.11820931028917261 -0.023225059476395811 0.040343370170353283 0.024510732583164982 -0.013276092731654272 -0.0059594565734325455 0.0026141783948418649 0.008603929779198544 -0.011276641189065194 -0.082274899916884345 -0.078359665080416405 0.0097203962155827106
leaf_weight=269 26 25 49 4135 41 360 24 11006 338 4987 23674 12569 7158 2512 12426 19704 3864 4419 348 5275 3707 6394 16435 1666 11517 11048 9514 81 61 4310
leaf_count=269 26 25 49 4135 41 360 24 11006 338 4987 23674 12569 7158 2512 12426 19704 3864 4419 348 5275 3707 6394 16435 1666 11517 11048 9514 81 61 4310
internal_value=-1.39131e-11 0.0205115 -0.0176306 -0.0347848 0.0370439 -0.0102647 0.0109735 -0.033346 -0.0494942 0.0488903 -0.00514869 -0.0302926 -0.0169676 0.0535925 0.0299738 0.0170044 0.00581827 -0.00945083 -0.10038 -0.0245104 0.0394822 0.0241492 -0.015246 -0.00733543 0.00666038 0.00554681 -0.00876578 -0.0347885 -0.0238553 0.00923739
internal_weight=177942 82251 95691 28746 30092 66945 52159 28129 4473 11247 37967 23656 28978 7499 18845 24038 28121 14293 617 5385 3748 6419 23593 1692 26429 22565 13933 11087 5336 4334
internal_count=177942 82251 95691 28746 30092 66945 52159 28129 4473 11247 37967 23656 28978 7499 18845 24038 28121 14293 617 5385 3748 6419 23593 1692 26429 22565 13933 11087 5336 4334
is_linear=0
shrinkage=0.05


Tree=15
num_leaves=31
num_cat=0
split_feature=9 9 9 9 6 12 12 9 9 7 7 7 8 8 8 8 8 6 7 9 2 6 0 6 7 4 1 7 6 0
split_gain=23251.8 5535.74 3570.05 1197.02 676.56 650.734 611.667 528.381 208.257 207.098 146.342 137.853 129.251 128.75 127.831 121.085 112.257 103 101.303 98.5878 96.8216 84.9694 84.3668 84.329 79.0143 75.0839 74.6123 74.404 73.9685 73.6113
threshold=0.4310270000000001 0.27525025000000009 0.68964625000000013 0.19585350000000004 -6.5848101596763264 -2.0971358227063317 -1.182440606227471 0.92981900000000006 0.14015625000000001 -3.5030990690081452 -4.5131633345778273 -5.161602059988339 -1.8618325947325087 -2.5758941772304738 -0.56452745480880628 -2.3916669292951398 -0.45807636159734827 -6.5848101596763264 -3.2995224584679215 0.23798850000000002 0.23308534216719504 -1.615771595374462 -0.27926228114907359 -2.2893127348059941 -4.1461565428922258 -0.0033551930016312843 -0.09789968735160047 1.0000000180025095e-35 -1.8666838229524176 -0.16086564361084335
decision_type=2 2 2 2 2 2 2 2 2 2 2 2 2 2 2 2 2 2 2 2 2 2 2 2 2 2 2 2 2 2
left_child=1 3 6 4 25 10 12 16 20 11 -3 -5 -2 -7 -9 26 29 -11 -8 -19 -6 -20 -16 -15 -10 -1 -12 -17 -14 -4
right_child=2 5 7 9 8 13 18 14 24 17 15 -13 28 23 22 27 -18 19 21 -21 -22 -23 -24 -25 -26 -27 -28 -29 -30 -31
leaf_value=-0.087738306755771892 0.0038886035585072674 -0.072527360460385062 0.037725122727370226 -0.086396694065439053 -0.053978166194090599 -0.011390327544560947 -0.082810911422838349 0.026955167254263043 -0.045905403026721303 -0.090832171019799304 -0.0055007645670018578 -0.029780964316046446 0.0091885105188917703 -0.0020015025743603285 0.06183735535800159 -0.006748875876326413 0.038075316810195999 -0.02499739754832625 0.01814045005613206 -0.018308265226904947 -0.09340271243014403 0.025047618299642135 0.049031885106899882 0.0034074856391690237 -0.035283064196091639 -0.130538042280823 -0.014263536924395501 -0.066086968118852049 0.014752187437075426 0.026192966833618478
leaf_weight=285 5973 94 1900 109 957 2404 23 528 2300 53 2889 7910 11378 14680 1772 16338 7707 9330 7596 13448 186 10759 4692 14153 7330 160 15264 53 12578 5093
leaf_count=285 5973 94 1900 109 957 2404 23 528 2300 53 2889 7910 11378 14680 1772 16338 7707 9330 7596 13448 186 10759 4692 14153 7330 160 15264 53 12578 5093
internal_value=-6.57491e-12 -0.0145549 0.0224445 -0.028724 -0.0427107 -0.00550637 0.0148778 0.0392952 -0.0402151 -0.0236381 -0.0102256 -0.0305505 0.010469 -0.000273338 0.0506101 -0.010056 0.0339133 -0.0212102 0.0220578 -0.0210482 -0.0603937 0.0221892 0.0525423 0.00065356 -0.0378201 -0.103127 -0.012869 -0.00694074 0.0121097 0.0293263
internal_weight=177942 107943 69999 42068 11218 65875 48307 21692 10773 30850 34638 8019 29929 31237 6992 34544 14700 22831 18378 22778 1143 18355 6464 28833 9630 445 18153 16391 23956 6993
internal_count=177942 107943 69999 42068 11218 65875 48307 21692 10773 30850 34638 8019 29929 31237 6992 34544 14700 22831 18378 22778 1143 18355 6464 28833 9630 445 18153 16391 23956 6993
is_linear=0
shrinkage=0.05


Tree=16
num_leaves=31
num_cat=0
split_feature=12 12 9 7 9 12 9 12 6 7 7 8 7 6 6 8 12 8 8 7 1 3 8 11 5 7 7 6 8 0
split_gain=21021.9 4490.81 3730.81 896.229 892.328 693.185 534.395 444.274 199.767 186.003 147.209 143.346 123.713 123.173 118.158 116.152 114.309 113.731 105.874 103.259 96.7237 89.3835 83.129 78.2746 72.5423 70.7762 68.3103 68.0833 66.055 62.5062
threshold=-1.8903979040839634 -1.0001851920428051 0.24290225000000001 -5.161602059988339 0.8093950000000002 -2.386146508314686 0.47604500000000011 -3.5522339124140299 -0.45235888417577719 -1.913313741652017 -3.1925103561091093 -3.5380084303663972 -5.161602059988339 -3.954716908441013 -1.8818295667926661 -1.9486001921880709 0.17738118058751526 -2.230101437332094 -1.0093470312932098 -1.026420249138345 -0.18003429977652283 0.198924519580057 -2.3589012621033199 0.06857199999999998 -6.0686262528559061 0.098584096621569903 -3.7065646435184392 -3.78202021038619 -2.8530307730622857 -0.11023489733082641
decision_type=2 2 2 2 2 2 2 2 2 2 2 2 2 2 2 2 2 2 2 2 2 2 2 2 2 2 2 2 2 2
left_child=2 6 3 21 18 13 17 9 15 -5 12 -9 -7 23 26 -6 -10 -2 29 27 -12 -1 -22 -4 -21 -24 -8 -13 -15 -3
right_child=1 4 5 7 8 10 14 11 16 -11 20 19 -14 28 -16 -17 -18 -19 -20 24 22 -23 25 -25 -26 -27 -28 -29 -30 -31
leaf_value=-0.069479696775604519 -0.0037114760012925785 0.027773954630235295 -0.022099676549073386 -0.042502231632031595 -0.017267555991536936 -0.13454065055332401 -0.077556065351448281 -0.034321513245499424 0.044327520975159684 -0.090813403681776178 0.0037735693435313696 -0.029080022598683961 -0.01551320520284654 -0.018305815096706698 0.017399658319174224 0.037110644378338414 0.057870985353128214 0.0056506249220618374 0.028364615849888353 -0.10707208475778028 -0.0090016243084577487 -0.10793128338516025 -0.0034837984484877163 -0.063310455960632006 -0.037879101712453699 -0.066964177975685088 0.01063996931961288 -0.022485785160267713 -0.012455185086837574 0.016197728431137318
leaf_weight=266 3736 1743 4896 4264 100 22 22 5811 4702 209 3127 6117 2830 7190 14368 5460 2330 24630 13776 63 10834 350 21110 118 95 44 10673 10870 14663 3523
leaf_count=266 3736 1743 4896 4264 100 22 22 5811 4702 209 3127 6117 2830 7190 14368 5460 2330 24630 13776 63 10834 350 21110 118 95 44 10673 10870 14663 3523
internal_value=-2.84635e-12 0.0179579 -0.0164467 -0.0316832 0.0328884 -0.00985587 0.00911792 -0.0303438 0.0432151 -0.0447596 -0.00550676 -0.0275348 -0.0164314 -0.0160018 0.0144377 0.0361326 0.048815 0.00441757 0.0260595 -0.0252346 -0.00461948 -0.0913272 -0.00543995 -0.0230695 -0.0654687 -0.00361584 0.0104585 -0.0248604 -0.0143801 0.0200294
internal_weight=177942 85063 92879 28045 31634 64834 53429 27429 12592 4473 37967 22956 2852 26867 25063 5560 7032 28366 19042 17145 35115 616 31988 5014 158 21154 10695 16987 21853 5266
internal_count=177942 85063 92879 28045 31634 64834 53429 27429 12592 4473 37967 22956 2852 26867 25063 5560 7032 28366 19042 17145 35115 616 31988 5014 158 21154 10695 16987 21853 5266
is_linear=0
shrinkage=0.05


Tree=17
num_leaves=31
num_cat=0
split_feature=9 9 12 12 9 9 6 9 9 6 6 9 6 8 6 8 6 8 7 8 8 0 7 0 8 1 8 0 8 7
split_gain=18972.6 4521.51 2929.62 967.775 642.222 553.563 435.811 332.885 324.042 125.793 121.941 121.917 120.481 118.974 116.596 124.135 105.597 102.365 98.3157 93.2881 87.509 83.1847 83.0402 81.5518 78.1974 77.2796 74.6823 73.0171 71.0452 69.0477
threshold=0.4310270000000001 0.27370250000000002 -0.63468319953373664 -3.5522339124140299 0.55860025000000013 0.34528650000000005 -5.6288607342000709 0.21593700000000002 0.97399025000000006 -3.074120606592071 -3.4607079441412067 0.12638750000000001 -4.2576695402901406 -1.680672786951982 -5.4236783576855485 -2.8265463241036826 -6.5848101596763264 -1.0755016131617254 -5.161602059988339 -1.3023111960373051 -3.0466947775047681 -0.1779638406019933 -4.5131633345778273 -0.11023489733082641 -2.4153098778913207 -0.12737734546564769 -1.9908822965092818 -0.091337841244420723 -2.0326381465934875 -3.3745750821732394
decision_type=2 2 2 2 2 2 2 2 2 2 2 2 2 2 2 2 2 2 2 2 2 2 2 2 2 2 2 2 2 2
left_child=1 3 4 6 13 10 11 14 19 22 18 -1 -10 27 15 -5 -9 23 -3 -4 -18 -14 -7 -6 -25 -11 -27 -2 -8 -15
right_child=2 5 8 7 17 9 28 16 12 25 -12 -13 21 29 -16 -17 20 -19 -20 -21 -22 -23 -24 24 -26 26 -28 -29 -30 -31
leaf_value=-0.10536030673178343 0.012445645767314219 -0.098500927569610736 0.010468007509212292 -0.039911504278590033 0.024443816211665328 -0.092062511030651106 -0.039398831526457984 -0.075147233386848908 -0.072028309594662429 0.0066687792780242621 -0.0079033590487016091 -0.064290801186696056 0.054997858256707999 -0.062824980427898663 -0.028708005362586077 -0.094738810658454908 -0.023480052459127293 0.023632201254762047 -0.014525765428276275 0.033875091092933303 -0.017242309390824506 0.042655796561138298 -0.0058021643883020557 -0.035962404713063736 0.013835040946033156 -0.0034753480562307927 0.0025449390094488909 0.0025815885508101016 -0.07287277291204329 0.011851843592540828
leaf_weight=325 2515 35 441 593 2232 28 4031 86 21 5046 24520 407 2394 31 11883 125 9139 13191 8395 12244 14613 3177 7821 80 5413 9559 11172 7385 165 20875
leaf_count=325 2515 35 441 593 2232 28 4031 86 21 5046 24520 407 2394 31 11883 125 9139 13191 8395 12244 14613 3177 7821 80 5413 9559 11172 7385 165 20875
internal_value=-4.34174e-12 -0.0131475 0.0202743 -0.0261296 0.0141937 -0.00508105 -0.0469256 -0.0233172 0.0374817 -0.000567853 -0.00968685 -0.0825252 0.0475089 0.00960285 -0.0298903 -0.0494566 -0.0198426 0.0209554 -0.0148744 0.0330613 -0.0196424 0.0479595 -0.00610988 0.0163846 0.0131098 0.00111968 -0.000230997 0.00508746 -0.0407151 0.0117411
internal_weight=177942 107943 69999 41367 51722 66576 4928 36439 18277 33626 32950 732 5592 30806 12601 718 23838 20916 8430 12685 23752 5571 7849 7725 5493 25777 20731 9900 4196 20906
internal_count=177942 107943 69999 41367 51722 66576 4928 36439 18277 33626 32950 732 5592 30806 12601 718 23838 20916 8430 12685 23752 5571 7849 7725 5493 25777 20731 9900 4196 20906
is_linear=0
shrinkage=0.05


Tree=18
num_leaves=31
num_cat=0
split_feature=12 9 9 9 6 12 12 12 6 12 7 7 6 12 8 7 7 8 0 7 7 1 0 6 8 1 7 7 0 7
split_gain=17156.7 3667.78 3047.58 805.601 759.483 549.747 393.59 379.74 173.59 122.119 118.401 116.334 111.667 105.44 101.088 97.9888 97.03 96.7856 95.9117 93.9538 77.3876 77.1858 74.8694 74.3941 72.2205 59.7412 57.8478 57.8077 57.732 55.2879
threshold=-1.8903979040839634 0.59317150000000007 0.24452225000000002 0.8093950000000002 -6.5848101596763264 -2.3471604147918694 -3.4719107783880969 -1.5220320822821825 -0.6937426296299668 -4.1360974116033429 -3.2268263087926878 -3.5964930703360429 -3.611478553598904 0.048466965630220078 -0.75259067767514598 -5.161602059988339 -2.4861295565449919 -1.680672786951982 -0.0041090490644161695 -3.3745750821732394 -5.161602059988339 -0.22204918930269471 -0.077643405188162193 -2.2492424854530566 -2.1275576049591653 -0.10936442739626821 -1.4224287275295164 0.21697175979466107 -0.1779638406019933 0.098584096621569903
decision_type=2 2 2 2 2 2 2 2 2 2 2 2 2 2 2 2 2 2 2 2 2 2 2 2 2 2 2 2 2 2
left_child=2 7 4 14 18 12 9 19 16 -6 15 -8 20 -10 21 -7 -5 -9 -1 -2 -4 -3 -12 -21 -24 -14 -22 -13 -15 -26
right_child=1 3 5 8 6 10 11 17 13 -11 22 27 25 28 -16 -17 -18 -19 -20 23 26 -23 24 -25 29 -27 -28 -29 -30 -31
leaf_value=-0.037978300049729734 -0.026917433327145409 0.027377870032871378 -0.081498026275741209 -0.028573642962320307 -0.062708011246430356 -0.12593178961658852 -0.029342013884064606 0.0062265547921707323 0.038593727760378393 -0.036529567764556917 0.0016538573784143963 -0.021492204943116829 -0.0047357395547080001 0.056802483621267968 0.026566116156755609 -0.014757363820741829 0.032054547505631699 0.01377396123571077 -0.095129443815230655 0.00098988373363273182 -0.017970650310253005 0.017268734434044527 -0.0072409676434623928 0.0063783320621389888 -0.0019470274093477292 -0.012944441693093021 -0.053997081626964885 -0.083240594440384924 0.043771975834713928 -0.063997406470459997
leaf_weight=87 250 2463 49 67 485 20 7334 5388 4733 5468 5223 14864 2522 1661 10446 2204 4390 20071 470 11931 7997 8091 14889 13831 12783 18297 113 38 1741 36
leaf_count=87 250 2463 49 67 485 20 7334 5388 4733 5468 5223 14864 2522 1661 10446 2204 4390 20071 470 11931 7997 8091 14889 13831 12783 18297 113 38 1741 36
internal_value=-1.05038e-11 0.0162232 -0.014858 0.029075 -0.0283862 -0.00879428 -0.0272438 0.00783559 0.0390744 -0.0386624 -0.00459136 -0.0241868 -0.0138931 0.0434198 0.0230792 -0.0157571 0.0311432 0.0121767 -0.0862028 0.00358679 -0.0188511 0.0196279 -0.00383728 0.00388281 -0.00487237 -0.01195 -0.0184726 -0.0216497 0.050134 -0.00212129
internal_weight=177942 85063 92879 33592 28746 64133 28189 51471 12592 5953 35155 22236 28978 8135 21000 2224 4457 25459 557 26012 8159 10554 32931 25762 27708 20819 8110 14902 3402 12819
internal_count=177942 85063 92879 33592 28746 64133 28189 51471 12592 5953 35155 22236 28978 8135 21000 2224 4457 25459 557 26012 8159 10554 32931 25762 27708 20819 8110 14902 3402 12819
is_linear=0
shrinkage=0.05


Tree=19
num_leaves=31
num_cat=0
split_feature=12 9 9 12 7 9 9 12 7 8 6 6 7 7 8 7 8 0 8 12 8 8 6 8 7 4 0 12 0 0
split_gain=15483.9 3310.17 2758.51 729.825 674.031 584.255 342.842 293.461 148.118 136.656 133.12 115.187 111.304 100.854 99.9207 96.9089 90.5819 90.9362 86.2657 82.2875 81.7037 80.7869 80.5046 80.427 76.5453 75.5549 58.1421 57.2993 53.4357 53.3998
threshold=-1.8903979040839634 0.59317150000000007 0.23798850000000002 -0.3647231151969525 -5.161602059988339 0.29679625000000004 0.46318025000000007 -3.5522339124140299 -1.913313741652017 1.0000000180025095e-35 -2.6377602482951708 -1.4956053217854797 -4.7159546743213054 -4.5131633345778273 -3.7030890065864233 -3.7065646435184392 -1.330001361725327 -0.11023489733082641 -1.288874186969051 0.25284675567315007 -3.1153563930422377 -2.230101437332094 -3.4245779275205561 -1.8175956411894874 -3.2622847019117178 -0.01399962164207341 -0.077643405188162193 -0.63468319953373664 -0.089202375688555033 -0.051887771485858873
decision_type=2 2 2 2 2 2 2 2 2 2 2 2 2 2 2 2 2 2 2 2 2 2 2 2 2 2 2 2 2 2
left_child=2 6 4 11 25 13 21 8 -6 23 12 24 -7 -4 -9 -8 17 -17 29 -11 -14 -2 -15 -5 -3 -1 -12 -13 -25 -16
right_child=1 3 5 9 7 10 15 14 -10 19 26 27 20 22 18 16 -18 -19 -20 -21 -22 -23 -24 28 -26 -27 -28 -29 -30 -31
leaf_value=-0.059703321153394662 -0.0038024793894263658 -0.080058426894247539 -0.053829419544749429 -0.010560438739629292 -0.036310606024970209 -0.088267607389147906 -0.083289332620590906 -0.032237297505933897 -0.079421901604846912 0.038920268538602386 0.003645839713411893 0.022698351380611229 -0.022968428734603332 -0.017999330607285029 -0.013850594714775663 0.016299384596389119 0.014432200867076634 0.0063952232541082373 -0.061260069328515479 0.051160342306368005 -0.0070773836310190075 0.0043788655475859419 -0.01222088618939525 0.038136768412404355 0.017879333155657161 -0.095159290454777168 -0.0034109983269323889 0.029288697633961965 0.027755813089469495 -0.023296051439328034
leaf_weight=265 3514 20 163 109 4264 43 27 3270 209 4118 3517 9039 844 9611 1653 2979 13161 10439 144 2060 19431 21351 16166 2438 8093 347 17162 5193 2522 15790
leaf_count=265 3514 20 163 109 4264 43 27 3270 209 4118 3517 9039 844 9611 1653 2979 13161 10439 144 2060 19431 21351 16166 2438 8093 347 17162 5193 2522 15790
internal_value=-1.35801e-11 0.015412 -0.0141151 0.0276213 -0.0279565 -0.00875072 0.00744381 -0.0267037 -0.038325 0.0380093 -0.00503497 0.0223926 -0.00790932 -0.0146233 -0.0242114 0.0113887 0.0114849 0.0085941 -0.0227191 0.0430016 -0.00773889 0.00322265 -0.0143754 0.0319247 0.0176379 -0.0798066 -0.0022108 0.025103 0.0328584 -0.0224009
internal_weight=177942 85063 92879 33592 25942 66937 51471 25330 4473 11247 40997 22345 20318 25940 20857 26606 26579 13418 17587 6178 20275 24865 25777 5069 8113 612 20679 14232 4960 17443
internal_count=177942 85063 92879 33592 25942 66937 51471 25330 4473 11247 40997 22345 20318 25940 20857 26606 26579 13418 17587 6178 20275 24865 25777 5069 8113 612 20679 14232 4960 17443
is_linear=0
shrinkage=0.05


Tree=20
num_leaves=31
num_cat=0
split_feature=9 9 12 6 9 12 9 9 9 8 4 6 8 7 8 7 4 6 1 3 7 8 1 8 7 2 8 8 3 6
split_gain=13984.4 3356.08 2166.02 762.698 589.005 475.685 383.073 242.684 150.3 114.592 103.435 100.03 97.6451 95.6836 95.1766 90.144 82.9085 79.8876 79.6728 87.3715 78.2695 77.0688 71.5709 71.3012 70.7588 69.0323 64.9935 70.7384 63.1182 57.2478
threshold=0.4310270000000001 0.27680725000000006 -0.63468319953373664 -6.5848101596763264 0.20286425000000005 -1.182440606227471 0.35298300000000005 0.97399025000000006 0.14015625000000001 -3.2699263684124049 -0.0033551930016312843 -4.2576695402901406 -3.4593828502777817 -2.2539599443278857 -3.1692805031981508 -3.2622847019117178 -0.26547878921749274 -1.615771595374462 -0.12737734546564769 0.51780496285632205 -3.9872842925641923 -1.3023111960373051 -0.41898558281564263 -1.3578622223585761 -4.2938954994622573 0.23308534216719504 -4.4623855739459852 -2.9379248909368703 0.47968409833091447 -3.4075236436287715
decision_type=2 2 2 2 2 2 2 2 2 2 2 2 2 2 2 2 2 2 2 2 2 2 2 2 2 2 2 2 2 2
left_child=1 3 5 10 8 13 12 21 25 -6 26 -9 -3 20 -8 -7 -14 -17 -16 -20 -2 -4 -13 29 -10 -5 -1 -28 -18 -11
right_child=2 6 7 4 9 15 14 11 24 23 -12 22 16 -15 18 17 28 -19 19 -21 -22 -23 -24 -25 -26 -27 27 -29 -30 -31
leaf_value=-0.097262249055963312 -0.093077098849144849 -0.033110466166548343 0.0078411312567919084 -0.042187859009378943 -0.023072164062150832 -0.073506421733785562 -0.036058470244125389 -0.068040335284812112 -0.038003152125537926 -0.018464628487301411 -0.10731933384702491 0.049250223139245534 -0.0026421268797354111 0.0092105568608492738 0.005470286890972148 0.014165221659583517 -0.0097337029801485078 0.020360388367610997 -0.0025528844956440554 0.0049885454313636016 0.0014870978661071501 0.029116329160150185 0.037255359464188426 -0.045001159960294412 -0.027002764993495527 -0.07547733559403369 -0.025471909386072335 -0.074981972232460989 -0.0032562382309775737 -0.013307144730730084
leaf_weight=104 22 374 441 957 6948 27 182 21 1712 9201 203 1874 7184 25841 5801 8608 23000 13158 19345 4792 4066 12244 3697 206 10005 186 139 150 4496 12958
leaf_count=104 22 374 441 957 6948 27 182 21 1712 9201 203 1874 7184 25841 5801 8608 23000 13158 19345 4792 4066 12244 3697 206 10005 186 139 150 4496 12958
internal_value=1.738e-12 -0.0112876 0.0174062 -0.0221709 -0.0213772 0.0121778 -0.00414566 0.0322021 -0.0302983 -0.0174633 -0.0783372 0.0408797 -0.00769897 0.0080861 -1.02904e-05 0.0177971 -0.00742492 0.0179103 0.000208855 -0.00105566 0.000978191 0.0283767 0.0412902 -0.0157209 -0.0286101 -0.047605 -0.0633668 -0.0511692 -0.00867454 -0.0154487
internal_weight=177942 107943 69999 42769 42173 51722 65174 18277 12860 29313 596 5592 35054 29929 30120 21793 34680 21766 29938 24137 4088 12685 5571 22365 11717 1143 393 289 27496 22159
internal_count=177942 107943 69999 42769 42173 51722 65174 18277 12860 29313 596 5592 35054 29929 30120 21793 34680 21766 29938 24137 4088 12685 5571 22365 11717 1143 393 289 27496 22159
is_linear=0
shrinkage=0.05


Tree=21
num_leaves=31
num_cat=0
split_feature=12 9 9 7 9 9 12 9 7 6 8 8 8 6 7 8 7 6 8 9 3 0 8 0 0 11 11 3 8 5
split_gain=12635.4 2705.97 2257.45 559.663 488.244 477.029 396.957 245.137 118.73 117.681 109.311 105.874 103.121 95.7923 93.5488 90.0777 89.0018 88.96 72.1701 70.1625 69.3882 67.7393 68.8513 65.4374 62.8413 58.5853 56.8161 56.2368 56.1464 54.8921
threshold=-1.8903979040839634 0.6507170000000001 0.23798850000000002 -5.161602059988339 0.49929225000000005 0.29679625000000004 -0.22792985863146353 0.16082575000000002 -2.3357687115783139 -3.3406564395067715 -2.230101437332094 -0.59018894412043743 -3.5380084303663972 -1.4956053217854797 -4.7159546743213054 -1.5379547607262765 -1.0080185340803804 -4.8573510556152302 -2.8530307730622857 1.2392887500000003 0.20313023415516554 -0.077643405188162193 -2.380750337091015 -0.089202375688555033 -0.12819629256569295 0.080044999999999991 0.098041000000000031 0.53835722481450321 -3.4324915037463937 -1.3295485873801589
decision_type=2 2 2 2 2 2 2 2 2 2 2 2 2 2 2 2 2 2 2 2 2 2 2 2 2 2 2 2 2 2
left_child=2 4 3 20 10 17 13 8 -5 14 28 -8 -9 -3 -7 24 -14 25 -19 -13 -1 -11 -23 -12 -6 -4 -16 -25 -2 -17
right_child=1 6 5 7 15 9 11 12 -10 21 23 19 16 -15 26 29 -18 18 -20 -21 -22 22 -24 27 -26 -27 -28 -29 -30 -31
leaf_value=-0.053507947900741919 -0.060495331727488104 0.017352347867020761 -0.02420828575386122 -0.034635020296855515 0.018063653271422172 -0.083012329596419673 0.017359856470346529 -0.027507921359829435 -0.072833387206466732 0.0022824860633639116 0.0099157092039526967 0.035830458048503773 -0.01969688703035374 0.025486672127732302 -0.0086889980830815294 0.013151658154512786 -0.05777481991076662 -0.01590067916820654 -0.010363068694704587 0.0485615428992471 -0.087428680621087551 -0.0077896248562890598 -0.0023310137147064627 0.0028048564009526072 0.0044011004999202543 -0.087238397001630427 -0.046209648998417695 0.0088593565871910498 -0.0030501887467860433 0.018944355224119039
leaf_weight=269 43 5123 1236 2861 1069 43 678 6661 219 4973 5798 6460 15434 12331 9316 14476 155 9692 14974 1300 343 8491 18072 19407 3957 38 102 4780 3941 5700
leaf_count=269 43 5123 1236 2861 1069 43 678 6661 219 4973 5798 6460 15434 12331 9316 14476 155 9692 14974 1300 343 8491 18072 19407 3957 38 102 4780 3941 5700
internal_value=-1.0663e-11 0.0139224 -0.0127508 -0.0252721 0.00802322 -0.00789801 0.0274037 -0.0241306 -0.0373511 -0.00454049 0.00411112 0.0363077 -0.0223005 0.0230991 -0.00943131 0.0132962 -0.0200755 -0.0132044 -0.012539 0.0379632 -0.0725191 -0.00307322 -0.00407589 0.005145 0.00730704 -0.0260883 -0.00909536 0.00400139 -0.0036702 0.0147882
internal_weight=177942 85063 92879 25942 59171 66937 25892 25330 3080 40997 33969 8438 22250 17454 9461 25202 15589 25940 24666 7760 612 31536 26563 29985 5026 1274 9418 24187 3984 20176
internal_count=177942 85063 92879 25942 59171 66937 25892 25330 3080 40997 33969 8438 22250 17454 9461 25202 15589 25940 24666 7760 612 31536 26563 29985 5026 1274 9418 24187 3984 20176
is_linear=0
shrinkage=0.05


Tree=22
num_leaves=31
num_cat=0
split_feature=12 9 12 6 9 12 9 8 7 7 0 7 6 12 8 1 7 3 9 8 8 6 8 7 5 8 8 8 4 7
split_gain=11416.8 2548.02 1940.39 638.953 365.472 360.329 300.512 271.528 244.3 206.077 105.345 101.189 94.8936 92.3219 84.3884 84.3698 82.8528 82.6754 78.6165 76.2283 73.3007 68.122 56.3915 54.0856 53.4712 52.8138 52.516 51.9532 47.6843 46.4761
threshold=-1.7376815021628838 0.27370250000000002 -0.74640512273523629 -5.4236783576855485 0.53961375000000011 -3.1241737571993133 0.33314650000000007 1.0000000180025095e-35 -5.161602059988339 -2.2662663846249846 -0.18433230711496665 -4.0345973674178817 -2.084254338524707 0.25284675567315007 -1.1860369459917366 -0.20538947463968524 -4.0345973674178817 0.53835722481450321 0.15552875000000002 -1.680672786951982 -2.9379248909368703 -3.4607079441412067 -2.0654246048930363 -4.5131633345778273 -1.5329894366371446 -2.6836476991550167 -4.4623855739459852 -2.4609346358459976 -0.001330377201759436 -0.90977502429082058
decision_type=2 2 2 2 2 2 2 2 2 2 2 2 2 2 2 2 2 2 2 2 2 2 2 2 2 2 2 2 2 2
left_child=1 3 4 8 12 18 21 10 28 26 -4 -8 16 -9 25 -13 -2 22 -5 -6 -7 23 -17 -3 -21 -12 -10 -18 -1 -25
right_child=2 6 7 5 19 20 11 13 9 -11 14 15 -14 -15 -16 17 27 -19 -20 24 -22 -23 -24 29 -26 -27 -28 -29 -30 -31
leaf_value=-0.070252623859617877 -0.095938666572883025 -0.051798915943444906 0.031067501630746421 -0.034145093898465866 0.0044641593960960584 -0.017903828454700024 -0.052807101195579846 0.031866514034615073 -0.068504045268690042 -0.082683366326078242 -0.051381623020043246 0.006892064310445277 0.0088525416165417866 0.044305458784284796 0.02250364534529755 -0.0052464387614813606 -0.01083057486734694 0.0039535093144480952 -0.023681711846885608 0.013880833913936448 -0.012508775143982048 -0.0067429296933870803 -0.00069425794748407491 -0.011542137436078188 0.019427018131123602 0.0094956045695046981 -0.028682207341124172 0.0041029559992144873 -0.10966119498868164 -0.055371015280729435
leaf_weight=383 21 86 3508 2115 1612 12827 95 5407 88 222 37 2996 17153 2060 9820 13634 609 5115 11872 12676 12365 20028 13579 7167 6613 960 1399 13338 96 61
leaf_count=383 21 86 3508 2115 1612 12827 95 5407 88 222 37 2996 17153 2060 9820 13634 609 5115 11872 12676 12365 20028 13579 7167 6613 960 1399 13338 96 61
internal_value=-1.8248e-12 -0.0106632 0.0150424 -0.0202972 0.00979553 -0.0188287 -0.00431327 0.0275678 -0.0465926 -0.0377475 0.0235382 -0.00127342 0.00636105 0.0352982 0.0210965 -0.00113482 0.00330145 -0.00187871 -0.0252639 0.0149094 -0.0152558 -0.00825112 -0.00297495 -0.012381 0.0157823 0.00723637 -0.0310388 0.00345088 -0.0781508 -0.011912
internal_weight=177942 104128 73814 41367 52022 39179 62761 21792 2188 1709 14325 35419 31121 7467 10817 35324 13968 32328 13987 20901 25192 27342 27213 7314 19289 997 1487 13947 479 7228
internal_count=177942 104128 73814 41367 52022 39179 62761 21792 2188 1709 14325 35419 31121 7467 10817 35324 13968 32328 13987 20901 25192 27342 27213 7314 19289 997 1487 13947 479 7228
is_linear=0
shrinkage=0.05


Tree=23
num_leaves=31
num_cat=0
split_feature=12 9 12 6 9 8 9 7 7 6 7 9 9 1 6 7 8 6 7 7 8 8 7 6 0 3 8 8 4 8
split_gain=10316.5 2583.69 1517.81 589.443 343.434 332.291 326.889 228.325 188.382 176.148 139.061 109.315 105.03 103.169 81.426 80.004 78.662 76.4715 75.8994 74.6955 67 65.8644 59.0783 55.5314 53.0285 48.8797 47.7247 46.707 46.1619 46.1078
threshold=-1.6459981303405511 0.27680725000000006 -0.61157124805638696 -5.4236783576855485 0.21171575000000001 -2.2939476354772315 0.56689275000000017 -5.161602059988339 -2.2662663846249846 -0.6937426296299668 -5.161602059988339 0.36750125000000006 0.95052725000000005 -0.09789968735160047 -1.9833588996166938 -2.8476942511772272 -2.9990947092521254 0.25395204702147584 -3.9872842925641923 0.098584096621569903 -2.8530307730622857 -1.3850018050259387 -3.7065646435184392 -5.9507593418597535 -0.1779638406019933 0.52761581098029697 -4.4623855739459852 -3.8356891479933846 -0.001330377201759436 -0.7091722512788069
decision_type=2 2 2 2 2 2 2 2 2 2 2 2 2 2 2 2 2 2 2 2 2 2 2 2 2 2 2 2 2 2
left_child=1 3 6 7 17 10 14 28 26 15 -3 19 -11 -12 22 -4 -15 18 -5 -7 27 -8 -2 -13 -14 -25 -9 -6 -1 -17
right_child=2 5 9 4 20 11 21 8 -10 12 13 23 24 16 -16 29 -18 -19 -20 -21 -22 -23 -24 25 -26 -27 -28 -29 -30 -31
leaf_value=-0.066862195053060222 -0.057541003654171766 -0.11892737299203873 -0.03966806087947379 -0.029363399825625875 -0.031968620475441439 -0.0031115950784700616 0.0089476310826949196 -0.065078842614523388 -0.078589872676762235 0.027608726690209147 -0.00085153946223113185 -0.077444365417415451 0.043522105208929046 -0.01677052428646842 0.0099776980072360938 0.015501542740135902 -0.0077661391134012632 -0.079664496750738778 -0.021312198790721 -0.060946780542976087 -0.011272696401197456 0.017035125393967884 0.004891666188475711 0.00091279565542135813 0.03286801870556038 0.0070176931352905168 -0.027132092884184934 -0.015901704233805068 -0.10546625488762956 0.024807451367241121
leaf_weight=384 38 28 52 4064 467 18150 2947 88 223 5529 4884 22 2165 2762 16359 1752 19907 61 10465 56 11101 17272 13297 17861 2536 4016 1418 14401 97 5540
leaf_count=384 38 28 52 4064 467 18150 2947 88 223 5529 4884 22 2165 2762 16359 1752 19907 61 10465 56 11101 17272 13297 17861 2536 4016 1418 14401 97 5540
internal_value=-6.4109e-12 -0.00941052 0.0154021 -0.0190307 -0.0176605 -0.00333179 0.0109527 -0.044177 -0.0357003 0.028039 -0.00755627 -0.000426524 0.0322803 -0.0074431 0.00761376 0.0221309 -0.00886324 -0.0237988 -0.0235643 -0.00328949 -0.0142119 0.0158563 0.00471376 0.00195364 0.0377747 0.00203348 -0.0293494 -0.0164064 -0.0746472 0.0225716
internal_weight=177942 110455 67487 42769 40559 67686 49913 2210 1729 17574 27581 40105 10230 27553 29694 7344 22669 14590 14529 18206 25969 20219 13335 21899 4701 21877 1506 14868 481 7292
internal_count=177942 110455 67487 42769 40559 67686 49913 2210 1729 17574 27581 40105 10230 27553 29694 7344 22669 14590 14529 18206 25969 20219 13335 21899 4701 21877 1506 14868 481 7292
is_linear=0
shrinkage=0.05


Tree=24
num_leaves=31
num_cat=0
split_feature=9 9 9 9 6 9 8 12 0 6 6 8 12 8 8 7 8 6 0 8 0 8 1 1 2 10 7 8 1 0
split_gain=9320.08 2131.29 1576.46 456.199 421.744 323.227 248.415 192.053 125.332 117.049 96.078 93.088 92.6388 79.7518 73.5832 73.2275 72.4182 71.4082 67.7189 67.4375 65.1525 61.3513 55.3212 53.9002 53.3925 50.3577 48.3772 47.0873 46.7845 45.5022
threshold=0.38078600000000007 0.59317150000000007 0.23627550000000005 0.8093950000000002 -6.5848101596763264 0.29213375000000008 -1.680672786951982 -3.5522339124140299 -0.050502644356860631 -0.45235888417577719 -2.5961811509093038 -3.1513339659833091 -1.4424010431862337 -2.7462127526717701 -3.1153563930422377 -4.0345973674178817 -1.2154596742230444 -4.2935334552758766 -0.0041090490644161695 -1.0093470312932098 -0.26302858844550325 -1.7730457347493047 -0.09789968735160047 -0.1848819254353222 0.35786502100840351 -0.21059850000000002 -0.95026047370367306 -2.8530307730622857 -0.21615631223153928 -0.051887771485858873
decision_type=2 2 2 2 2 2 2 2 2 2 2 2 2 2 2 2 2 2 2 2 2 2 2 2 2 2 2 2 2 2
left_child=2 6 4 19 18 15 8 13 28 16 14 -10 -8 -6 -7 -4 -5 21 -1 23 -11 -9 -17 -3 -13 -25 27 -24 -2 -19
right_child=1 3 5 9 7 10 12 17 11 20 -12 24 -14 -15 -16 22 -18 29 -20 -21 -22 -23 26 25 -26 -27 -28 -29 -30 -31
leaf_value=-0.02430105125586338 0.013535109240655849 0.019942247193613132 -0.028068724049792933 0.00076515725785412079 -0.028329515743366937 -0.020183595563576691 0.0054285409939654264 -0.023304323913503629 -0.045318022069419511 0.04083662629445084 -0.0018371769895604217 -0.0024682633267842976 0.010846266672109906 -0.053231731786435449 -0.006097631825755595 -0.0047981979266861511 0.024984396347646202 -0.0088580905716665968 -0.072853955937464993 0.018789524199830397 0.030204953771345269 -0.062122345633822712 -0.014734807005443142 -0.046176973697729412 0.0049666229362275828 0.010176131527372796 -0.044080691689385401 -0.0099288611931001164 0.004427211847364141 -0.018082168656283877
leaf_weight=85 1811 1787 666 328 4225 972 14816 4786 119 2023 18900 11565 16880 348 20089 2909 5232 1481 463 14727 5009 104 8877 40 3052 4446 118 11968 6367 13749
leaf_count=85 1811 1787 666 328 4225 972 14816 4786 119 2023 18900 11565 16880 348 20089 2909 5232 1481 463 14727 5009 104 8877 40 3052 4446 118 11968 6367 13749
internal_value=-1.06584e-11 0.0115424 -0.0113445 0.0214523 -0.0219381 -0.00719886 0.00544652 -0.0209753 0.00148032 0.028977 -0.00442523 -0.00127444 0.0083138 -0.0302245 -0.00674772 -0.0117158 0.0235556 -0.0188731 -0.0653229 0.0169403 0.0332635 -0.0241299 -0.0112596 0.0125989 -0.000915874 0.00967365 -0.0121562 -0.0119755 0.00644414 -0.0171852
internal_weight=177942 88202 89740 33592 25241 64499 54610 24693 22914 12592 39961 14736 31696 4573 21061 24538 5560 20120 548 21000 7032 4890 23872 6273 14617 4486 20963 20845 8178 15230
internal_count=177942 88202 89740 33592 25241 64499 54610 24693 22914 12592 39961 14736 31696 4573 21061 24538 5560 20120 548 21000 7032 4890 23872 6273 14617 4486 20963 20845 8178 15230
is_linear=0
shrinkage=0.05


Tree=25
num_leaves=31
num_cat=0
split_feature=9 9 9 7 8 9 8 8 0 7 7 8 0 6 8 6 6 8 0 6 12 0 8 3 3 5 1 6 1 0
split_gain=8424.54 2192.31 1169.42 503.195 304.771 287.3 254.55 141.648 133.276 132.152 132.104 126.372 109.007 91.0934 79.783 77.6954 77.6122 73.4406 66.1706 66.0877 65.7055 61.1398 61.1298 53.143 51.2744 50.7089 49.5246 45.1166 44.0376 41.5289
threshold=0.44664150000000008 0.27680725000000006 0.74703750000000013 -4.5131633345778273 -2.2414291161697144 0.20286425000000005 -1.1550379157746662 1.0000000180025095e-35 -0.10254208925858897 -5.161602059988339 -1.9363776842391094 -4.1118639393378862 -0.026418156232977604 -2.1927448603386543 -2.3480757300260007 -3.4075236436287715 -5.6288607342000709 -1.8175956411894874 -0.0049584703379677566 -1.4073439479350094 0.25284675567315007 -0.075750988485568313 -2.9674966646063643 0.41460983778765387 0.34250614997230616 -6.7050800702633735 -0.17127783447797321 -5.265264817263815 -0.12737734546564769 -0.083333333333333301
decision_type=2 2 2 2 2 2 2 2 2 2 2 2 2 2 2 2 2 2 2 2 2 2 2 2 2 2 2 2 2 2
left_child=1 3 6 9 11 10 8 17 -2 18 -5 -3 28 16 -10 -7 -6 -4 -1 27 -9 -19 -14 26 -23 -12 -16 -8 -13 -15
right_child=2 4 7 5 13 15 19 20 14 -11 25 12 22 29 23 -17 -18 21 -20 -21 -22 24 -24 -25 -26 -27 -28 -29 -30 -31
leaf_value=-0.027301270943936574 0.013383186376938055 -0.080936237725249507 -0.01121872351869537 -0.02168896074907815 -0.042023543251315847 -0.016097946539504863 -0.053245358024206428 0.027978168628906681 -0.012508348792410305 -0.032846165092141257 -0.075813923318195975 0.0027251966220302689 -0.016379492325599744 0.0078157690030827339 0.010529432614669815 -0.010915912529058318 -0.0018665023823381775 0.02664138647628252 -0.068209352836302431 0.016733608807653115 0.038571965777056939 0.014772245393217351 -0.007655118529659115 0.0096753014335370802 0.025161298282103478 -0.036551824275306663 0.0024630557261447255 0.011472574857769648 -0.0043743935530974722 0.0015900802450586578
leaf_weight=122 6166 57 166 11385 121 13525 27 5056 633 1332 145 2985 2273 3285 2295 15549 21489 4407 521 12240 2060 3222 17210 5503 1881 190 11136 10307 8142 14512
leaf_count=122 6166 57 166 11385 121 13525 27 5056 633 1332 145 2985 2273 3285 2295 15549 21489 4407 521 12240 2060 3222 17210 5503 1881 190 11136 10307 8142 14512
internal_value=-6.57261e-12 -0.0082633 0.0143237 -0.017184 -0.00281865 -0.0159907 0.0103726 0.02569 0.00697314 -0.0418324 -0.0225995 -0.00655656 -0.00641806 9.02359e-05 0.00495319 -0.0133266 -0.00209135 0.0217518 -0.0604476 0.0142478 0.031045 0.0223274 -0.00867295 0.00553696 0.0186017 -0.0535459 0.00384138 0.0113035 -0.00246981 0.00273923
internal_weight=177942 112843 65099 42769 70074 40794 48307 16792 25733 1975 11720 30667 30610 39407 19567 29074 21610 9676 643 22574 7116 9510 19483 18934 5103 335 13431 10334 11127 17797
internal_count=177942 112843 65099 42769 70074 40794 48307 16792 25733 1975 11720 30667 30610 39407 19567 29074 21610 9676 643 22574 7116 9510 19483 18934 5103 335 13431 10334 11127 17797
is_linear=0
shrinkage=0.05


Tree=26
num_leaves=31
num_cat=0
split_feature=9 9 9 8 6 12 8 4 9 8 0 0 7 6 8 7 6 7 4 7 11 7 3 8 7 3 0 2 12 1
split_gain=7628.89 1744.64 1289.75 385.483 360.762 261.729 203.217 143.03 134.251 117.849 105.514 101.06 94.4478 90.9372 80.1099 79.7138 76.945 65.7357 60.144 60.0394 57.7521 54.7906 53.5537 52.1182 66.8599 48.9546 47.3455 47.285 46.5331 45.1465
threshold=0.38078600000000007 0.59317150000000007 0.23627550000000005 -0.43103705456179181 -5.4236783576855485 -2.3471604147918694 -1.680672786951982 -0.01399962164207341 0.95052725000000005 -3.7449681744771484 -0.050502644356860631 -0.11023489733082641 -3.5964930703360429 0.17922085934290269 -3.1513339659833091 -3.648968847089034 -2.1662581871832658 -3.2268263087926878 -0.23607710323707679 -0.95026047370367306 0.056350500000000033 -3.648968847089034 0.61164282059187702 -2.5416771533708662 -5.161602059988339 0.39290937071332316 -0.022388059701492543 0.35786502100840351 -4.1360974116033429 -0.12737734546564769
decision_type=2 2 2 2 2 2 2 2 2 2 2 2 2 2 2 2 2 2 2 2 2 2 2 2 2 2 2 2 2 2
left_child=2 6 4 11 7 15 10 20 -5 -6 -2 -3 -13 26 -12 -4 21 -7 -17 25 -1 -8 -14 24 -9 -20 -11 -16 -28 -19
right_child=1 3 5 8 9 17 16 23 -10 13 14 12 22 -15 27 18 -18 29 19 -21 -22 -23 -24 -25 -26 -27 28 -29 -30 -31
leaf_value=-0.027780789427996663 0.0058947122727260647 0.019952355852305148 -0.017910832170826271 0.021680419764663672 -0.02491604512708499 -0.011758359591506456 -0.078598731756210335 -0.072493136893655816 0.03138885265184186 -0.01123866358940699 -0.042045562760635403 -0.085106141090393064 0.010155055916061653 -0.069834141864712485 -0.0023156503715752869 -0.0041548543686578824 0.0092855963585229042 0.0018452979649429423 -0.010889290273705544 -0.041211001927584617 -0.078167279241606602 0.0042359577587356995 0.017492325518815643 -0.078473707454782715 -0.033413655554928728 -0.0051941196617972599 -0.054299338692251377 0.0046810895256663007 -0.017193958405835919 -0.003530089523316723
leaf_weight=1090 8178 5833 2695 9616 5073 2146 20 185 5655 3964 119 25 9031 79 11565 5397 20947 4621 19563 153 60 10729 3432 233 268 4675 85 3052 14204 25249
leaf_count=1090 8178 5833 2695 9616 5073 2146 20 185 5655 3964 119 25 9031 79 11565 5397 20947 4621 19563 153 60 10729 3432 233 268 4675 85 3052 14204 25249
internal_value=-3.46493e-12 0.0104428 -0.0102638 0.0194088 -0.0198457 -0.00651399 0.0049275 -0.0411882 0.0252755 -0.0181715 0.00134022 0.0145188 0.0119808 -0.0163051 -0.00118738 -0.00967609 0.00752085 -0.00330577 -0.00893107 -0.0099879 -0.0304096 0.00408183 0.0121756 -0.0592572 -0.0493733 -0.00979081 -0.0160734 -0.000854745 -0.0174147 -0.0026985
internal_weight=177942 88202 89740 33592 25241 64499 54610 1836 15271 23405 22914 18321 12488 18332 14736 32483 31696 32016 29788 24391 1150 10749 12463 686 453 24238 18253 14617 14289 29870
internal_count=177942 88202 89740 33592 25241 64499 54610 1836 15271 23405 22914 18321 12488 18332 14736 32483 31696 32016 29788 24391 1150 10749 12463 686 453 24238 18253 14617 14289 29870
is_linear=0
shrinkage=0.05


Tree=27
num_leaves=31
num_cat=0
split_feature=9 9 12 6 8 8 8 7 6 7 0 8 6 7 6 0 12 8 7 7 6 5 2 7 1 1 3 8 11 6
split_gain=6894.99 1645.18 1080.47 392.569 279.784 237.517 191.949 146.161 142.405 133.537 127.803 107.805 97.6774 93.8548 93.2255 81.6809 77.2273 63.6094 63.0001 59.7202 59.3257 56.7324 56.5856 53.6591 51.2802 49.4011 50.6478 46.3567 45.1457 43.5816
threshold=0.4310270000000001 0.26411575000000004 -0.63468319953373664 -5.4236783576855485 -2.4040843752435168 -1.1550379157746662 -3.4593828502777817 -5.161602059988339 -0.6937426296299668 -2.3124173176080665 -0.10254208925858897 -3.7876692494490634 -2.5961811509093038 -4.0867139509416184 0.25395204702147584 -0.03172649536397442 0.048466965630220078 -2.3697637532793241 -2.8476942511772272 0.098584096621569903 -3.759114682212894 -1.0753847156706968 0.45383000286484204 -4.0345973674178817 -0.14402993334752109 -0.23420215655942675 0.50763530242861954 -4.1118639393378862 0.11950200000000001 -5.4236783576855485
decision_type=2 2 2 2 2 2 2 2 2 2 2 2 2 2 2 2 2 2 2 2 2 2 2 2 2 2 2 2 2 2
left_child=1 3 5 7 11 10 27 -1 18 -9 -2 -3 19 -12 20 -13 -10 -15 -4 23 -8 29 24 -6 -19 -14 -27 -5 -17 -7
right_child=2 4 8 6 12 21 14 9 16 -11 13 15 25 17 -16 28 -18 22 -20 -21 -22 -23 -24 -25 -26 26 -28 -29 -30 -31
leaf_value=-0.061845294821483557 0.011659535289554532 -0.045670482641814843 -0.035775670239871202 -0.028698242401871334 -0.039101921937885295 -0.062786649949848658 -0.016149303855876415 -0.024667633678735954 0.023502373846806621 -0.066725039975760389 -0.10439214453101386 -0.0032572338009831665 0.0089039156620329286 -0.0099299599433393931 -0.060646064926197035 -0.0090022504938851063 0.032666360405947267 0.0085698097328535932 0.017927406922329883 -0.055807017192075203 -0.010818072985200869 0.016763210935351203 0.0098834400223246893 -0.0034257595421792932 0.0019740210970779124 -0.00072981157351064254 0.0052110884501049646 -0.019374325203469937 -0.040033238524039796 0.011068160823915457
leaf_weight=475 6825 184 55 1556 106 20 7641 1406 7091 218 20 8561 1822 795 101 17513 3402 3685 7729 55 16458 5763 3961 18521 14711 19507 4396 9305 118 15942
leaf_count=475 6825 184 55 1556 106 20 7641 1406 7091 218 20 8561 1822 795 101 17513 3402 3685 7729 55 16458 5763 3961 18521 14711 19507 4396 9305 118 15942
internal_value=-5.42377e-12 -0.00792586 0.0122222 -0.0164452 -0.00345333 0.00852947 -0.0151878 -0.0374489 0.0226722 -0.0303133 0.00564597 -0.00753218 -0.00103065 0.00387475 -0.0127093 -0.00726426 0.0264735 0.00396828 0.017548 -0.00378239 -0.0125084 0.0125109 0.00446249 -0.00362878 0.00329526 0.000967714 0.000362779 -0.0207101 -0.00920993 0.0109756
internal_weight=177942 107943 69999 37160 70783 51722 35061 2099 18277 1624 29997 26376 44407 23172 24200 26192 10493 23152 7784 18682 24099 21725 22357 18627 18396 25725 23903 10861 17631 15962
internal_count=177942 107943 69999 37160 70783 51722 35061 2099 18277 1624 29997 26376 44407 23172 24200 26192 10493 23152 7784 18682 24099 21725 22357 18627 18396 25725 23903 10861 17631 15962
is_linear=0
shrinkage=0.05


Tree=28
num_leaves=31
num_cat=0
split_feature=9 12 9 12 8 8 9 7 9 7 12 1 0 1 7 8 6 6 8 6 3 11 11 6 7 10 7 0 0 11
split_gain=6243.01 1430.08 1056.36 298.386 293.415 221.286 189.832 133.444 107.128 84.1188 81.4446 79.6443 74.4834 73.8316 66.1933 64.3677 62.8686 60.8825 59.7408 59.5774 56.0661 54.3198 54.9662 53.4009 49.2553 44.9922 43.9552 43.5981 41.2847 40.6236
threshold=0.38078600000000007 -1.0001851920428051 0.23627550000000005 -4.1360974116033429 -0.43103705456179181 -2.6962645371389922 0.46804325000000008 -4.2140309358374504 0.95052725000000005 -3.5964930703360429 -2.3165828714240622 -0.22803637939300067 -0.038457746158396915 0.3459851584359373 -4.2938954994622573 -4.2364317837165881 -5.6288607342000709 -1.8818295667926661 -3.4593828502777817 -5.6288607342000709 0.62566715438101306 -0.037718999999999996 0.034673000000000016 -2.9156561440279494 -1.4640990202800872 -0.21059850000000002 -3.7065646435184392 -0.27926228114907359 -0.063175218370635097 0.098041000000000031
decision_type=2 2 2 2 2 2 2 2 2 2 2 2 2 2 2 2 2 2 2 2 2 2 2 2 2 2 2 2 2 2
left_child=2 6 3 16 9 12 14 21 -6 -3 19 -11 -4 18 -2 -14 -1 26 -9 24 25 -5 -23 -16 -7 -13 -8 -10 -25 -17
right_child=1 4 5 7 8 10 17 13 27 11 -12 20 15 -15 23 29 -18 -19 -20 -21 -22 22 -24 28 -26 -27 -28 -29 -30 -31
leaf_value=-0.066186438852634574 -0.086836833364911103 -0.078290342628955845 -0.0051139180850951708 -0.065996293922995816 0.019740342514518869 -0.02381520906409065 -0.061224218010902415 -0.018714232844486377 0.035345396515089181 0.019381967164606211 -0.0021378760719783958 -0.025227416222518263 -0.05878809734617603 -0.045470252405261487 -0.0019561115854682763 -0.011474595966312989 -0.036214688419128491 0.0097785158946898099 -0.013237441540849659 -0.0062543179397990646 0.016480246970895947 -0.023602791260416325 -0.048951421712839664 0.006627095151461506 -0.095498237733183236 0.0095589568265027087 0.005144688276015958 0.02564918247480108 0.0018248798161941929 -0.038533464003953022
leaf_weight=325 21 25 5396 85 9452 138 25 8031 1628 4262 26490 94 73 205 6702 15021 379 15333 13103 17212 3809 2882 231 6135 29 8337 11806 4027 16546 140
leaf_count=325 21 25 5396 85 9452 138 25 8031 1628 4262 26490 94 73 205 6702 15021 379 15333 13103 17212 3809 2882 231 6135 29 8337 11806 4027 16546 140
internal_value=-3.24008e-12 0.00944673 -0.00928483 -0.0179566 0.0179604 -0.00589123 0.00468568 -0.0170358 0.0229971 0.0133565 -0.00388287 0.0134954 -0.0101619 -0.0156083 0.00190172 -0.01195 -0.0500511 0.00769922 -0.0153186 -0.00654268 0.0114457 -0.0265606 -0.0254838 0.00196514 -0.0362632 0.00917111 0.00500444 0.0284406 0.00312383 -0.0117245
internal_weight=177942 88202 89740 25241 31634 64499 56568 24537 15107 16527 43869 16502 20630 21339 29404 15234 704 27164 21134 17379 12240 3198 3113 29383 167 8431 11831 5655 22681 15161
internal_count=177942 88202 89740 25241 31634 64499 56568 24537 15107 16527 43869 16502 20630 21339 29404 15234 704 27164 21134 17379 12240 3198 3113 29383 167 8431 11831 5655 22681 15161
is_linear=0
shrinkage=0.05


Tree=29
num_leaves=31
num_cat=0
split_feature=12 9 9 7 9 8 9 12 7 6 4 0 7 7 7 4 8 12 6 1 0 8 8 3 2 5 5 6 6 3
split_gain=5637.31 1140.79 1088.49 309.068 202.774 193.663 185.003 151.031 92.0972 81.2711 73.0156 65.9846 65.3594 62.0426 60.6705 60.6632 60.9338 59.5325 56.5514 55.5641 52.2699 51.5013 48.4388 46.855 46.6503 44.7236 43.8159 42.9058 42.6409 42.4756
threshold=-1.8438707659941345 0.6507170000000001 0.25431325000000005 -4.7159546743213054 0.50569675000000014 1.0000000180025095e-35 0.32265125000000006 -3.2348721250669601 -2.0338938872236727 -1.5305002444298568 -0.01399962164207341 -0.12487326776435596 -3.1094995864527335 -4.0345973674178817 -3.7647161325477434 -0.26236311502043652 -3.7449681744771484 0.64357157203265014 -5.4236783576855485 -0.25482090632769494 -0.024386170715414542 -2.7592171387975371 -1.0915752352345278 0.53835722481450321 0.33182203607585176 -1.5329894366371446 -5.75867567335193 -3.3230952970812928 -5.4236783576855485 0.39290937071332316
decision_type=2 2 2 2 2 2 2 2 2 2 2 2 2 2 2 2 2 2 2 2 2 2 2 2 2 2 2 2 2 2
left_child=2 4 3 10 12 9 15 8 -5 14 -1 -11 18 -8 -3 -4 -17 -7 -2 -14 -15 -6 29 -21 -22 -23 -10 -9 -12 -18
right_child=1 5 6 7 21 17 13 27 26 11 28 -13 19 20 -16 16 22 -19 -20 23 24 25 -24 -25 -26 -27 -28 -29 -30 -31
leaf_value=-0.029491730156124604 -0.087462399655778428 -0.076767048053443435 -0.0022119060887779668 -0.018523289896414621 -0.039194094247438693 0.02382806509885263 -0.039046982580980064 -0.014135477916931614 -0.059858115192094996 0.022362902838304586 -0.064081129005403623 0.01498472646138096 0.010101199637667861 0.0011300614159515472 0.010491498810643969 -0.036192806617085203 -0.0087816450016755896 0.041199509743903108 -0.010508567414406846 0.001638540005995291 -0.0042978234179408721 0.0078007018799670412 -0.038361908395487754 0.0066246873662486111 0.0014424394340063788 0.01250437589448454 -0.023724095792406138 -0.0095681210161920709 -0.034579233495301752 -0.0036458093362854195
leaf_weight=742 25 20 5208 10543 55 7103 111 11458 201 4703 348 8520 2766 11376 5016 192 20296 530 530 22579 16608 16453 130 5954 4498 7294 144 9328 189 5022
leaf_count=742 25 20 5208 10543 55 7103 111 11458 201 4703 348 8520 2766 11376 5016 192 20296 530 530 22579 16608 16453 130 5954 4498 7294 144 9328 189 5022
internal_value=-4.45775e-12 0.00967576 -0.00818556 -0.0155577 0.00564216 0.0183462 -0.00435627 -0.0145847 -0.0193551 0.0155503 -0.0396549 0.0176089 0.00303333 -0.00172948 0.010145 -0.00713165 -0.00813095 0.0250343 -0.013975 0.00333493 -0.00160195 0.00913353 -0.00791923 0.002679 -0.00307449 0.00924546 -0.0447761 -0.0120858 -0.0536978 -0.00776292
internal_weight=177942 81548 96394 32953 55656 25892 63441 31674 10888 18259 1279 13223 31854 32593 5036 30848 25640 7633 555 31299 32482 23802 25448 28533 21106 23747 345 20786 537 25318
internal_count=177942 81548 96394 32953 55656 25892 63441 31674 10888 18259 1279 13223 31854 32593 5036 30848 25640 7633 555 31299 32482 23802 25448 28533 21106 23747 345 20786 537 25318
is_linear=0
shrinkage=0.05


Tree=30
num_leaves=31
num_cat=0
split_feature=12 9 8 12 12 9 8 1 7 3 8 0 7 8 8 6 6 2 11 1 8 3 3 1 5 2 6 8 6 6
split_gain=5096.11 1342.58 723.225 346.138 196.551 194.948 167.021 146.386 108.14 99.0087 85.8822 85.448 77.5771 71.8108 69.9245 65.0202 63.383 62.3834 65.0474 59.5286 58.7097 56.1729 55.6737 55.3395 51.5845 49.4138 49.2945 48.7299 45.7582 40.1494
threshold=-1.6057633853067592 0.28755575000000005 -0.75259067767514598 -3.2348721250669601 -0.3647231151969525 0.12638750000000001 -2.1060815057566704 -0.21615631223153928 -5.161602059988339 0.49784612448207582 -3.7449681744771484 -0.040769230769230773 -4.0867139509416184 -3.4593828502777817 -1.3850018050259387 -5.4236783576855485 -5.9507593418597535 0.4233230016324156 0.05837050000000004 -0.09789968735160047 -1.6586153544552831 0.36627531982153311 0.28322129483419806 -0.45260405101037332 -4.1108900624245015 0.72818916816075241 -2.1927448603386543 -2.8530307730622857 0.055101617549080155 -2.084254338524707
decision_type=2 2 2 2 2 2 2 2 2 2 2 2 2 2 2 2 2 2 2 2 2 2 2 2 2 2 2 2 2 2
left_child=1 3 7 5 29 22 8 -2 -3 12 -5 -10 -9 -13 19 17 -8 18 -7 -12 -14 27 -1 -6 -16 -25 -18 -21 -28 -4
right_child=2 6 4 10 23 15 16 9 11 -11 14 13 20 -15 24 -17 26 -19 -20 21 -22 -23 -24 25 -26 -27 28 -29 -30 -31
leaf_value=-0.036443724424829647 0.013467952950419396 -0.11029271806376831 0.0079199789628985745 -0.022678158614390858 0.029713724751714195 -0.023582717968038153 -0.055397313997149471 -0.094619954675436033 -0.00032823988337850644 0.0098612277709038808 -0.0034254560337869094 -0.031666066082950049 -0.00032382855724477307 -0.0054900600492438249 -0.049158124748639016 -0.017373768966111803 -0.00094320399948936312 -0.071787122452960303 -0.080691429213532867 -0.013158749556034119 0.0054098255185457316 -0.0055803355976954423 -0.067122050503242478 0.018882339697080554 -0.0052369026474052057 0.028051424814908122 0.0035499878161352411 -0.0087220635689535531 -0.010879173427742986 0.01522872347707269
leaf_weight=489 7199 24 2220 1351 2433 842 50 20 10324 9578 3486 265 6065 23247 194 10287 16553 85 53 14697 16920 5187 212 6067 102 1939 14557 10691 571 12234
leaf_count=489 7199 24 2220 1351 2433 842 50 20 10324 9578 3486 265 6065 23247 194 10287 16553 85 53 14697 16920 5187 212 6067 102 1939 14557 10691 571 12234
internal_value=-2.08773e-12 -0.00639391 0.0111978 -0.0127789 0.0178819 -0.0201379 -0.00175287 0.00701535 -0.00419535 0.00558968 -0.0103125 -0.0041201 0.00381125 -0.00578509 -0.0098262 -0.0185461 0.000853501 -0.0308522 -0.0269646 -0.00961593 0.0038969 -0.0103217 -0.0457216 0.0231099 -0.0340231 0.021103 0.000942278 -0.0112904 0.00300537 0.0141062
internal_weight=177942 113267 64675 47676 24893 11968 65591 39782 33860 32583 35708 33836 23005 23512 34357 11267 31731 980 895 34061 22985 30575 701 10439 296 8006 31681 25388 15128 14454
internal_count=177942 113267 64675 47676 24893 11968 65591 39782 33860 32583 35708 33836 23005 23512 34357 11267 31731 980 895 34061 22985 30575 701 10439 296 8006 31681 25388 15128 14454
is_linear=0
shrinkage=0.05


Tree=31
num_leaves=31
num_cat=0
split_feature=12 9 9 8 6 8 8 4 9 0 6 1 6 8 7 8 4 8 0 3 7 6 12 11 2 11 8 5 11 11
split_gain=4617.01 1122.22 744.963 263.152 218.307 177.107 125.181 99.476 90.5119 82.5187 76.5451 73.9515 72.3647 71.4941 70.2704 64.4484 64.3226 63.4262 59.7009 57.168 55.0432 54.4734 53.6715 43.7774 42.4132 41.5379 40.5341 39.6717 39.5392 39.1428
threshold=-1.9631190391940663 0.57932900000000009 0.22924200000000003 -0.45807636159734827 -5.4236783576855485 -2.6962645371389922 -1.8618325947325087 -0.01399962164207341 0.97399025000000006 -0.12487326776435596 -6.5848101596763264 -0.12737734546564769 -5.9507593418597535 -4.2364317837165881 -3.7065646435184392 -3.7449681744771484 -0.31421014592579727 -2.3275204829836578 -0.038457746158396915 0.51780496285632205 -0.31774755435668245 0.17922085934290269 -1.4424010431862337 -0.047198500000000025 0.6445919671432786 0.098041000000000031 -2.8530307730622857 -2.7971243560543653 0.056350500000000033 -0.16932099999999997
decision_type=2 2 2 2 2 2 2 2 2 2 2 2 2 2 2 2 2 2 2 2 2 2 2 2 2 2 2 2 2 2
left_child=2 6 4 9 7 13 11 28 -5 -3 -7 -2 -13 -4 -8 -6 -12 -11 -15 20 27 -17 -16 -9 29 -20 -14 -18 -1 -19
right_child=1 3 5 8 15 10 14 23 -10 17 16 12 26 18 22 21 19 24 25 -21 -22 -23 -24 -25 -26 -27 -28 -29 -30 -31
leaf_value=-0.021414426777091385 0.0059582509881347494 0.016131715189365754 -0.053519835336289061 0.016987137779589882 -0.019587941915116196 -0.054376999096240143 -0.080498804586625283 -0.098284889575911735 0.025047966393645898 -0.024453414449177632 0.0008678550064882527 -0.074733123785870922 -0.017231140771156513 -0.0044738149434668849 0.003421635824913226 -0.012855687272592731 -0.0063362102031133257 -0.020704340476590068 -0.010134755737836364 0.00055044061937545307 -0.040025248518625718 -0.056148126449002182 0.0072220971254438786 -0.044948776508756103 0.015038321663194765 -0.037011560887652291 -0.0012049891234911304 -0.002442435647950188 -0.063501920102566667 0.0082426594255242246
leaf_weight=1030 3884 5495 90 10902 4973 74 24 41 5117 141 7074 34 407 5766 21233 15637 19996 118 16772 5065 113 73 16516 624 2582 145 12898 9722 59 11337
leaf_count=1030 3884 5495 90 10902 4973 74 24 41 5117 141 7074 34 407 5766 21233 15637 19996 118 16772 5065 113 73 16516 624 2582 145 12898 9722 59 11337
internal_value=-3.3193e-12 0.00790004 -0.00821095 0.0148042 -0.0160634 -0.00549275 0.00341926 -0.0329995 0.019562 0.0109301 -0.00356921 -0.000113459 -0.0018814 -0.00904403 0.00503004 -0.0146272 -0.00347963 0.00891416 -0.00886756 -0.00436093 -0.00519483 -0.0130569 0.00508442 -0.0482372 0.00924933 -0.0103651 -0.00169523 -0.00506239 -0.0236946 0.00794447
internal_weight=177942 90688 87254 35692 22437 64817 54996 1754 16019 19673 42044 17223 13339 22773 37773 20683 41970 14178 22683 34896 29831 15710 37749 665 14037 16917 13305 29718 1089 11455
internal_count=177942 90688 87254 35692 22437 64817 54996 1754 16019 19673 42044 17223 13339 22773 37773 20683 41970 14178 22683 34896 29831 15710 37749 665 14037 16917 13305 29718 1089 11455
is_linear=0
shrinkage=0.05


Tree=32
num_leaves=31
num_cat=0
split_feature=9 12 12 8 12 8 7 6 6 5 8 1 1 6 11 8 1 8 8 8 3 3 4 3 3 4 3 7 11 6
split_gain=4167.7 965.656 705.54 253.519 214.983 155.651 111.18 99.6802 97.2434 86.1016 84.1824 83.281 64.4966 63.2553 66.6295 62.2994 62.2351 72.7219 54.6433 52.3693 52.1477 50.7573 49.7517 48.7796 48.1708 47.3065 46.3796 45.5681 42.0318 41.7459
threshold=0.38078600000000007 -1.1241246816182107 -2.8834957523876041 -0.45807636159734827 -4.1360974116033429 -2.5995018777675232 -4.393945809270706 -4.5029023206443179 -2.7338589706781473 -0.19460024278375868 -2.3480757300260007 -0.22204918930269471 -0.09789968735160047 -3.4425228499425828 -0.12171299999999995 -2.5873715545489717 -0.15485555039674273 -1.330001361725327 -3.6644220072593749 -4.4623855739459852 0.62566715438101306 0.29341414008651517 -0.79461732040710198 0.28322129483419806 0.46153846153846162 -0.15209001379940232 0.37267803926863602 -1.6052385904345201 -0.047198500000000025 -5.1408218052258094
decision_type=2 2 2 2 2 2 2 2 2 2 2 2 2 2 2 2 2 2 2 2 2 2 2 2 2 2 2 2 2 2
left_child=2 6 4 11 23 12 -2 10 -8 22 19 -3 -4 14 -7 -13 -10 26 -14 -6 29 25 -5 -1 -24 -9 -18 -16 -12 -17
right_child=1 3 5 9 7 13 8 21 16 -11 28 15 18 -15 27 20 17 -19 -20 -21 -22 -23 24 -25 -26 -27 -28 -29 -30 -31
leaf_value=-0.033256792875926762 -0.10913280733247205 0.015747222701253085 -0.0014339820701687771 0.024735909348580984 -0.038433806985055427 -0.093739637122912847 -0.00065095121673187483 -0.0079245470307904124 0.0083105490235094674 0.02431909371633802 -0.11066576208580624 -0.033271362907200376 -0.024369574421537629 -0.0018297842823004123 -0.0055653993282391741 -0.063644933720605062 0.00017625587554857066 0.0071120232816546756 -0.0084632078095147958 -0.016963776822645396 0.01301673658731279 -0.0065174623672932105 0.012489481503787691 -0.061946419291286116 0.019820309627588024 -0.014716905934211266 0.0051491672819752093 -0.020618026641475606 -0.039232792171088528 0.0069186669276071824
leaf_weight=492 22 5169 3369 1499 302 22 11959 3209 8416 4623 22 89 554 31359 7294 21 14122 9406 21254 4771 4822 3276 6626 212 3386 12742 7019 540 322 11023
leaf_count=492 22 5169 3369 1499 302 22 11959 3209 8416 4623 22 89 554 31359 7294 21 14122 9406 21254 4771 4822 3276 6626 212 3386 12742 7019 540 322 11023
internal_value=1.76285e-12 0.0077185 -0.00758621 0.0138361 -0.0146523 -0.00480462 0.0032444 -0.0138741 0.00329295 0.0185554 -0.019865 0.0102315 -0.00787262 -0.00283489 -0.006847 0.00844459 0.00450346 0.00345457 -0.00886729 -0.0182419 0.0086786 -0.0121862 0.0162406 -0.0418963 0.0149687 -0.0133504 0.00182731 -0.00660298 -0.0438012 0.00678449
internal_weight=177942 88202 89740 37258 25348 64392 50944 24644 50922 16134 5417 21124 25177 39215 7856 15955 38963 30547 21808 5073 15866 19227 11511 704 10012 15951 21141 7834 344 11044
internal_count=177942 88202 89740 37258 25348 64392 50944 24644 50922 16134 5417 21124 25177 39215 7856 15955 38963 30547 21808 5073 15866 19227 11511 704 10012 15951 21141 7834 344 11044
is_linear=0
shrinkage=0.05


Tree=33
num_leaves=31
num_cat=0
split_feature=12 9 9 7 12 6 8 7 6 0 1 6 0 8 8 0 8 4 1 2 11 3 8 2 3 7 4 3 5 2
split_gain=3768.02 1005.07 541.638 276.838 156.342 128.424 122.313 109.872 85.8195 84.6021 82.5321 63.2711 62.4807 63.4729 57.9636 56.6515 52.9065 48.4418 47.8632 46.9316 45.7119 42.3372 39.1111 39.0469 38.6289 38.2723 37.7773 40.0178 37.6024 36.7865
threshold=-1.6057633853067592 0.28755575000000005 0.74703750000000013 -4.5131633345778273 -3.1241737571993133 -2.6514978970912058 -1.1550379157746662 -5.161602059988339 -0.6937426296299668 -0.10254208925858897 0.29845064709850727 -5.6288607342000709 -0.077643405188162193 -1.9800642040492045 -3.1153563930422377 -0.26302858844550325 -2.4370263085708488 -0.001330377201759436 -0.10626276369514008 0.56367350604630984 0.16761599999999996 0.39963136672301963 -1.9486001921880709 0.44350873460511092 0.14919712943333532 0.36053821518847923 -0.25030158395238677 0.47968409833091447 -1.0753847156706968 -0.1040083000980178
decision_type=2 2 2 2 2 2 2 2 2 2 2 2 2 2 2 2 2 2 2 2 2 2 2 2 2 2 2 2 2 2
left_child=1 3 6 11 10 7 9 -3 22 -2 24 17 -7 -14 -9 -10 -11 -1 -6 28 21 -20 -4 -18 29 26 -16 -28 -8 -5
right_child=2 5 8 4 18 12 19 14 15 16 -12 -13 13 -15 25 -17 23 -19 20 -21 -22 -23 -24 -25 -26 -27 27 -29 -30 -31
leaf_value=-0.035895436876771915 0.0096656606476249185 -0.087814685415763122 -0.013301080464304466 -0.0064215147917729551 -0.0022008149047502657 0.0047825226469102285 0.0071578078828740885 -0.014638861260909781 0.026868731808832133 -0.014327629430021596 -0.04219548625716537 -0.022987986079175252 -0.0027268037569353732 0.0019223841405927797 -0.00038519367654421272 0.018146301482162237 0.0022057211056275157 -0.072370679432167379 -0.0096260061678305371 0.014438997664252474 -0.063010744903332153 -0.0041676495546737078 0.01358959964084778 0.0080066474664083238 -0.010680189693887409 -0.061803926906681489 -0.0055806866264774754 8.3701194380119778e-07 0.012259441771851141 -0.017303038947065408
leaf_weight=552 6107 39 138 865 2922 6908 13487 1191 2480 435 267 1332 15338 14081 7887 7465 15238 109 24747 4100 39 4148 6709 3583 5087 28 16108 4011 4933 7608
leaf_count=552 6107 39 138 865 2922 6908 13487 1191 2480 435 267 1332 15338 14081 7887 7465 15238 109 24747 4100 39 4148 6709 3583 5087 28 16108 4011 4933 7608
internal_value=7.1064e-13 -0.00549799 0.00962877 -0.0110224 -0.0102266 -0.00148245 0.0069191 -0.00394746 0.0173555 0.00453788 -0.0146664 -0.0292638 0.000503291 -0.000501534 -0.00383554 0.0203214 0.00291162 -0.0419103 -0.00829955 0.00960094 -0.00891545 -0.00884244 0.0130476 0.00331006 -0.0141244 -0.00337657 -0.00331816 -0.00446793 0.00852406 -0.0161922
internal_weight=177942 113267 64675 47676 45683 65591 47883 29264 16792 25363 13827 1993 36327 29419 29225 9945 19256 661 31856 22520 28934 28895 6847 18821 13560 28034 28006 20119 18420 8473
internal_count=177942 113267 64675 47676 45683 65591 47883 29264 16792 25363 13827 1993 36327 29419 29225 9945 19256 661 31856 22520 28934 28895 6847 18821 13560 28034 28006 20119 18420 8473
is_linear=0
shrinkage=0.05


Tree=34
num_leaves=31
num_cat=0
split_feature=12 12 9 9 6 8 6 7 8 9 0 5 8 5 1 4 2 3 7 8 4 11 4 7 0 11 8 1 8 3
split_gain=3413.49 884.187 513.568 211.605 164.065 143.668 102.986 96.7068 73.2847 69.374 65.123 59.0193 57.781 52.3023 52.0399 50.0928 49.4193 52.561 48.3071 44.7576 41.4813 40.1658 37.4818 37.3379 36.6739 35.4359 35.3786 41.9869 34.2943 33.8435
threshold=-2.0073443546780951 -1.1241246816182107 0.21797275000000005 0.8093950000000002 -6.5848101596763264 -2.7462127526717701 -2.2209176466841143 -4.5131633345778273 -0.66351613797383402 0.15552875000000002 -0.16086564361084335 -3.0051830364600076 -4.1118639393378862 -1.6126570884254998 -0.10626276369514008 -0.001330377201759436 -0.30295008619294944 0.53835722481450321 -4.393945809270706 -0.56452745480880628 -0.26547878921749274 -0.16932099999999997 -0.84944795906032144 -3.2622847019117178 -0.036096461165739384 0.098041000000000031 -1.4757333452207306 -0.10070008283787828 -2.7462127526717701 0.29341414008651517
decision_type=2 2 2 2 2 2 2 2 2 2 2 2 2 2 2 2 2 2 2 2 2 2 2 2 2 2 2 2 2 2
left_child=2 6 4 13 15 12 7 -2 11 28 22 18 -4 23 -14 -1 -8 26 -7 -12 -20 -9 -5 -3 -11 29 27 -18 -6 -16
right_child=1 3 5 10 9 8 16 21 -10 24 19 -13 14 -15 25 -17 17 -19 20 -21 -22 -23 -24 -25 -26 -27 -28 -29 -30 -31
leaf_value=-0.034301099076613509 -0.10970845206640661 -0.055703870520381366 -0.037781860649933573 0.03309381790583002 -0.019639142979283129 -0.039497592383995653 0.0097457356817801724 -0.039276383857941258 -0.034496687970715451 -0.006368194927683906 0.0058756732920568506 -0.00090759813789308922 -0.0011024965900399435 0.012656275809645396 -0.0099683955939127017 -0.071893364572162305 0.0052928920017874422 0.0075301681488946842 -0.00078073766391173233 0.016572310881187626 -0.0056963732938556224 0.00038508002841332144 0.020583611727005596 0.0080516564549786458 -0.013646840379683708 -0.032625434398473166 0.0049507826421217732 -0.0010685013971514494 -0.038447993293555235 -0.0053957840446471625
leaf_weight=398 20 23 166 705 2223 100 3915 64 190 1991 1143 15327 2340 9821 15607 114 3678 6935 5411 6772 20748 24764 3972 14822 13232 157 8769 8800 272 5463
leaf_count=398 20 23 166 705 2223 100 3915 64 190 1991 1143 15327 2340 9821 15607 114 3678 6935 5411 6772 20748 24764 3972 14822 13232 157 8769 8800 272 5463
internal_value=1.98316e-12 0.00652923 -0.00734512 0.0125179 -0.0147678 -0.00527951 0.00261098 0.000194312 -0.00351465 -0.0139615 0.0177917 -0.00337309 -0.00838612 0.00982558 -0.00817906 -0.0426713 0.00448186 0.00375061 -0.00481217 0.0150276 -0.00467957 0.000282843 0.0224694 0.00795288 -0.0126949 -0.00895916 0.00251696 0.000806575 -0.0216896 -0.00878282
internal_weight=177942 94203 83739 37258 18230 65509 56945 24848 41776 17718 12592 41586 23733 24666 23567 512 32097 28182 26259 7915 26159 24828 4677 14845 15223 21227 21247 12478 2495 21070
internal_count=177942 94203 83739 37258 18230 65509 56945 24848 41776 17718 12592 41586 23733 24666 23567 512 32097 28182 26259 7915 26159 24828 4677 14845 15223 21227 21247 12478 2495 21070
is_linear=0
shrinkage=0.05


Tree=35
num_leaves=31
num_cat=0
split_feature=12 9 8 7 9 7 1 8 7 8 7 2 0 11 8 0 6 6 8 4 0 0 3 2 5 1 2 0 2 8
split_gain=3084.28 825.077 452.973 234.477 126.107 109.933 109.865 109.612 102.715 81.53 78.6171 77.2298 65.6724 64.0151 54.9252 54.6956 54.5939 48.465 48.0497 44.9044 43.4218 41.3954 40.7132 40.9326 40.3236 39.2144 41.9257 38.0068 37.1043 35.2771
threshold=-1.6057633853067592 0.28755575000000005 -0.75259067767514598 -3.9872842925641923 0.89330300000000007 -5.161602059988339 -0.21615631223153928 -2.1060815057566704 -0.98929391222573038 -3.2699263684124049 -5.161602059988339 0.51648364851842254 -0.040769230769230773 -0.16932099999999997 -3.4593828502777817 -0.063175218370635097 -5.9507593418597535 -5.9507593418597535 -3.4852723862057053 -0.0073131034194885416 -0.0049584703379677566 -0.028465057775026222 0.52761581098029697 -0.16370238565968107 -1.1746140678437835 -0.41898558281564263 0.6982302207420692 0.078995315944867875 -0.20036777133276543 -1.0000000180025095e-35
decision_type=2 2 2 2 2 2 2 2 2 2 2 2 2 2 2 2 2 2 2 2 2 2 2 2 2 2 2 2 2 2
left_child=1 3 6 5 24 20 -2 10 9 21 -3 13 -12 -8 -14 -15 27 -9 -17 -10 -1 -5 23 -19 -4 -6 -27 -11 -18 -25
right_child=2 7 4 8 25 -7 11 17 19 16 12 -13 14 15 -16 18 28 22 -20 -21 -22 -23 -24 29 -26 26 -28 -29 -30 -31
leaf_value=-0.011740767446160316 0.010991461996852372 -0.093777198499687617 0.0096924609786847183 -0.0063560920178845712 0.02460174275085697 -0.016589611267425058 -0.026584815989744989 -0.048412214053794748 -0.020676851220700274 -0.014657923083336272 7.3774612509902433e-05 0.0094760037680974574 -0.027344655095037113 0.0067003270053736658 -0.0044521076059063939 -0.066155892983078959 0.00040362806259920593 0.0034489522592552179 0.0018631530547778569 -0.054965398119712322 -0.04452511393544778 -0.013345798219669663 0.0048255443971270172 -0.0010045708281394368 0.014736251254317071 0.014208792617154693 0.023874844508877169 -0.055969827211431594 -0.0071308606865410689 -0.049226402079588789
leaf_weight=125 7199 24 10655 2738 2364 5956 181 50 254 141 10324 5659 265 8038 23247 26 1741 6611 18679 153 526 9358 5359 19673 6309 4007 1558 92 26592 38
leaf_count=125 7199 24 10655 2738 2364 5956 181 50 254 141 10324 5659 265 8038 23247 26 1741 6611 18679 153 526 9358 5359 19673 6309 4007 1558 92 26592 38
internal_value=-6.65477e-12 -0.00497421 0.00871146 -0.0099796 0.0140013 -0.0187219 0.00540142 -0.00133595 -0.00857317 -0.00832301 -0.00331463 0.00416634 -0.00325047 0.00305033 -0.00471013 0.00325091 -0.0068661 0.000775487 0.00176861 -0.0335666 -0.0382301 -0.0117636 0.000853117 4.43545e-05 0.0115683 0.0192067 0.0169149 -0.0309699 -0.00666788 -0.00109754
internal_weight=177942 113267 64675 47676 24893 6607 39782 65591 41069 40662 33860 32583 33836 26924 23512 26743 28566 31731 18705 407 651 12096 31681 26322 16964 7929 5565 233 28333 19711
internal_count=177942 113267 64675 47676 24893 6607 39782 65591 41069 40662 33860 32583 33836 26924 23512 26743 28566 31731 18705 407 651 12096 31681 26322 16964 7929 5565 233 28333 19711
is_linear=0
shrinkage=0.05


Tree=36
num_leaves=31
num_cat=0
split_feature=12 8 12 9 12 1 3 6 7 11 6 6 2 11 8 0 8 0 0 11 6 6 11 3 2 9 4 3 2 4
split_gain=2792.76 730.731 422.704 172.454 150.535 148.959 113.368 107.086 103.497 83.0846 87.4936 71.9499 83.1902 67.5789 66.7414 53.6383 56.9073 50.914 50.8199 50.4646 48.2132 43.7219 40.6236 39.5013 36.6301 35.0569 34.9855 34.939 34.5211 34.1164
threshold=-2.0073443546780951 -0.95429809239222119 -2.9598610861647141 0.7864762500000001 -4.1360974116033429 -0.21615631223153928 0.53835722481450321 -3.3738327113685496 -4.393945809270706 0.098041000000000031 -5.265264817263815 -4.2935334552758766 0.4233230016324156 -0.12171299999999995 -1.680672786951982 -0.060244488826086622 -2.4609346358459976 -0.16086564361084335 -0.0087832847717521628 -0.16932099999999997 0.93084322875214942 -5.265264817263815 0.056350500000000033 0.28322129483419806 0.56367350604630984 1.2392887500000003 -0.46422796763269386 0.29341414008651517 0.72818916816075241 -0.25313108919726296
decision_type=2 2 2 2 2 2 2 2 2 2 2 2 2 2 2 2 2 2 2 2 2 2 2 2 2 2 2 2 2 2
left_child=2 5 4 21 23 26 8 9 -7 13 -11 12 22 -4 18 -9 -17 25 -10 -20 -18 -3 -6 -1 -23 -5 -2 -13 -19 -15
right_child=1 3 7 17 11 6 -8 15 14 10 -12 27 -14 29 -16 16 20 28 19 -21 -22 24 -24 -25 -26 -27 -28 -29 -30 -31
leaf_value=-0.027597022939355856 0.012476436459030807 -0.057113478742539886 -0.06111266708065724 0.018662954694833766 -0.014651543355550604 -0.099195773233300935 0.0060223256789289558 0.0007552787397892693 0.0012332554050927277 -0.10481135071050832 -0.022785816074402374 -0.011021480013521955 -0.049994548434506729 -0.0024214423363874125 0.0026230813599420508 -0.006013855663754058 -0.0018181832967033543 0.012283193602541643 -0.046954589941079317 -0.0034304366634545676 -0.054222600991753016 0.0079736406223748085 -0.03943388697554303 -0.053414372304610408 0.013549090662504943 0.030354555269285884 0.0059856893808881914 -0.0044390926283014425 0.019824564157809529 -0.0079922068530246908
leaf_weight=492 3814 25 58 4043 6060 26 12144 7433 9854 41 157 12304 178 3299 20510 16777 17637 6422 67 11121 44 15219 170 212 3653 762 4556 2411 1987 16466
leaf_count=492 3814 25 58 4043 6060 26 12144 7433 9854 41 157 12304 178 3299 20510 16777 17637 6422 67 11121 44 15219 170 212 3653 762 4556 2411 1987 16466
internal_value=-4.5671e-12 0.0059058 -0.00664379 0.0120294 -0.0126267 0.00273897 0.00177231 -0.00453451 0.000530977 -0.00754244 -0.0397709 -0.0118687 -0.0162908 -0.00722053 0.000593378 -0.00309693 -0.0039279 0.0164113 -0.00138501 -0.00369108 -0.00194859 0.00896533 -0.0153278 -0.0353716 0.00905286 0.0205171 0.00894336 -0.00994298 0.0140652 -0.00706238
internal_weight=177942 94203 83739 32111 21827 62092 53722 61912 41578 20021 198 21123 6408 19823 41552 41891 34458 13214 21042 11188 17681 18897 6230 704 18872 4805 8370 14715 8409 19765
internal_count=177942 94203 83739 32111 21827 62092 53722 61912 41578 20021 198 21123 6408 19823 41552 41891 34458 13214 21042 11188 17681 18897 6230 704 18872 4805 8370 14715 8409 19765
is_linear=0
shrinkage=0.05


Tree=37
num_leaves=31
num_cat=0
split_feature=9 9 8 7 9 12 6 0 6 7 2 1 7 0 10 8 8 4 1 3 0 6 11 7 5 8 0 6 4 3
split_gain=2528.18 687.911 358.514 199.854 103.645 98.4191 98.2706 94.489 81.075 67.1442 61.2612 54.5789 53.5552 48.1292 46.5271 45.8138 44.3877 44.2512 40.9124 40.8396 38.3307 36.8461 36.7969 35.8029 34.7898 32.7617 32.0932 31.2848 30.3027 30.2228
threshold=0.45133500000000004 0.28755575000000005 -0.75259067767514598 -4.393945809270706 0.89330300000000007 -3.2348721250669601 -2.6514978970912058 -0.10254208925858897 -6.5848101596763264 -4.0345973674178817 0.51648364851842254 0.29845064709850727 -5.161602059988339 -0.077643405188162193 -0.21059850000000002 -1.9800642040492045 -3.1153563930422377 -0.50409643500229084 -0.15485555039674273 0.37267803926863602 -0.0049584703379677566 -2.7893180394255253 0.16761599999999996 -1.1349316329791421 0.076292878965492708 -2.337266594887343 -0.0087832847717521628 -5.265264817263815 -0.013052971811598533 0.74587054541339026
decision_type=2 2 2 2 2 2 2 2 2 2 2 2 2 2 2 2 2 2 2 2 2 2 2 2 2 2 2 2 2 2
left_child=1 3 7 12 21 11 8 17 28 -9 14 -5 20 -8 -11 -15 -10 -2 -7 22 -1 -4 -20 26 -6 -16 -18 -25 -3 -23
right_child=2 6 4 5 24 18 13 9 16 10 -12 -13 -14 15 25 -17 23 -19 19 -21 -22 29 -24 27 -26 -27 -28 -29 -30 -31
leaf_value=-0.0099104285784065733 0.01454900532309261 -0.036257798511534926 0.00023221300306800561 -0.01207086700442196 0.015128916094636411 0.0010316985453001964 0.0042540538087966926 -0.073836462691959273 -0.012624845492428602 -0.029594509968800205 0.0085421314039464923 -0.03671473079105414 -0.018305673192209798 -0.002226091288959189 -0.0089371757991606425 0.0016874928345835085 -0.00042052701901191972 0.0071014293601584198 -0.0080549544777820323 -0.0032931588055808408 -0.040712913031232353 0.0098235814405492096 -0.064405594945981581 -0.075296150557696825 0.022244829191247886 0.0030039968650113526 -0.0039009343880490651 -0.011904668544017678 -0.10907930325716736 0.015008027414737411
leaf_weight=125 2801 50 837 9697 5413 1516 7088 28 1196 112 5207 230 2018 15418 589 14521 11096 6927 28333 5202 526 12472 29 20 2516 23168 16433 725 20 3629
leaf_count=125 2801 50 837 9697 5413 1516 7088 28 1196 112 5207 230 2018 15418 589 14521 11096 6927 28333 5202 526 12472 29 20 2516 23168 16433 725 20 3629
internal_value=7.50361e-13 -0.00445027 0.00798147 -0.00903486 0.012669 -0.00824652 -0.00116673 0.00497973 -0.00331756 0.00355379 0.00362832 -0.0126418 -0.0223285 0.000549192 0.00255637 -0.000327927 -0.0031899 0.00924582 -0.00700273 -0.00736562 -0.0347985 0.0104604 -0.00811257 -0.0027908 0.0173869 0.00270794 -0.0024981 -0.0136065 -0.0570639 0.0109921
internal_weight=177942 114243 63699 47676 24867 45007 66567 38832 29540 29104 29076 9927 2669 37027 23869 29939 29470 9728 35080 33564 651 16938 28362 28274 7929 23757 27529 745 70 16101
internal_count=177942 114243 63699 47676 24867 45007 66567 38832 29540 29104 29076 9927 2669 37027 23869 29939 29470 9728 35080 33564 651 16938 28362 28274 7929 23757 27529 745 70 16101
is_linear=0
shrinkage=0.05


Tree=38
num_leaves=31
num_cat=0
split_feature=12 9 7 7 8 12 6 6 4 6 8 1 5 6 10 8 5 8 3 2 2 11 1 2 0 3 4 2 1 0
split_gain=2286.94 570.28 380.509 148.23 135.585 122.616 110.877 80.1663 99.3987 70.3119 61.725 59.5073 58.4844 57.7225 45.8802 41.5978 40.6622 37.998 37.5417 37.0954 40.9981 36.6354 36.3382 39.6185 42.6232 34.8276 34.5156 39.596 33.4373 33.3775
threshold=-1.9631190391940663 0.57932900000000009 -3.3745750821732394 -5.161602059988339 -0.43103705456179181 -2.5000247597623626 -6.5848101596763264 -5.9507593418597535 -0.023244307358009694 -2.2209176466841143 -3.8907777091061058 -0.22204918930269471 -0.19460024278375868 0.25395204702147584 -0.21059850000000002 -0.53979764942859687 -2.7971243560543653 -2.7340450494586528 0.62566715438101306 -0.30295008619294944 0.94630251056425563 -0.053940499999999995 -0.23420215655942675 0.33182203607585176 0.03467233886152022 0.198924519580057 -0.79461732040710198 0.6445919671432786 -0.13737602598143725 -0.027435463730937245
decision_type=2 2 2 2 2 2 2 2 2 2 2 2 2 2 2 2 2 2 2 2 2 2 2 2 2 2 2 2 2 2
left_child=2 7 3 21 11 6 -4 8 -2 17 -5 -3 26 16 -13 22 -8 -9 -16 -11 -21 -1 -7 24 -24 -23 -6 -28 -18 -12
right_child=1 4 5 10 12 15 13 9 -10 19 29 14 -14 -15 18 -17 28 -19 -20 20 -22 25 23 -25 -26 -27 27 -29 -30 -31
leaf_value=-0.071358445158503092 -0.0086755924642784518 0.01246578990414287 -0.048703881844805626 -0.016530953343327402 0.019155471872115259 0.0052215483162819445 -0.0071458633064292029 -0.011765561164765695 -0.1430094799825091 0.0084085204587772428 -0.0051034145999086207 -0.024314400106553967 0.01882640889135757 -0.041663662234337574 0.004814045371640421 -0.039208883527200061 0.010108279593101356 0.00066612171696381881 0.01023289760089525 0.0029199281671449038 0.013047612100372608 -0.017061546539513157 -0.0015256230736572214 0.0017025148721692765 -0.0053844337411899697 -0.040961722756021189 0.0092283836512963621 0.017070728872708954 -0.0036578400816338337 -0.010569415607077748
leaf_weight=61 40 5103 154 3775 1476 1694 20279 632 21 4070 3486 122 4482 114 10448 75 473 22413 4605 26782 1038 266 19175 5338 11417 357 7399 2057 6543 14047
leaf_count=61 40 5103 154 3775 1476 1694 20279 632 21 4070 3486 122 4482 114 10448 75 473 22413 4605 26782 1038 266 19175 5338 11417 357 7399 2057 6543 14047
internal_value=-5.11996e-12 0.00556001 -0.00577883 -0.0114668 0.0104818 -0.0038621 -0.00639673 0.00236583 -0.0549217 0.00242945 -0.0107313 0.00779496 0.0140164 -0.00615902 0.00622427 -0.00200895 -0.00601073 0.000325188 0.00647178 0.00395007 0.00329781 -0.034378 -0.00193479 -0.00227219 -0.00296574 -0.0307572 0.0120443 0.0109344 -0.00272977 -0.00948264
internal_weight=177942 90688 87254 21992 35692 65262 27563 54996 61 54935 21308 20278 15414 27409 15175 37699 27295 23045 15053 31890 27820 684 37624 35930 30592 623 10932 9456 7016 17533
internal_count=177942 90688 87254 21992 35692 65262 27563 54996 61 54935 21308 20278 15414 27409 15175 37699 27295 23045 15053 31890 27820 684 37624 35930 30592 623 10932 9456 7016 17533
is_linear=0
shrinkage=0.05


Tree=39
num_leaves=31
num_cat=0
split_feature=9 9 12 6 8 8 8 6 8 4 7 7 5 6 1 5 7 11 0 11 3 8 4 6 8 6 8 2 3 0
split_gain=2071.97 566.281 291.934 159.616 102.388 92.7163 74.5557 72.5509 68.0536 65.068 61.0471 60.9445 52.9 52.3939 52.0129 48.7802 48.8573 43.1455 42.5452 37.9005 37.3605 35.7249 35.6706 35.0025 34.6354 33.7139 33.4773 32.3973 31.4822 28.9531
threshold=0.45358025000000007 0.27525025000000009 -0.61157124805638696 -5.4236783576855485 -2.2939476354772315 -3.2699263684124049 -2.30466367849878 -1.8666838229524176 -4.4623855739459852 -0.79461732040710198 -4.0345973674178817 -5.161602059988339 -1.2992881421435631 0.25395204702147584 -0.062755709156187209 -2.0926198919461378 0.098584096621569903 -0.044513500000000004 -0.029538173189670332 0.090978500000000032 0.52761581098029697 -1.330001361725327 -0.31421014592579727 0.93084322875214942 -3.6295390128577814 -3.78202021038619 -1.9486001921880709 0.1236313686313686 0.51780496285632205 -0.039643608366075327
decision_type=2 2 2 2 2 2 2 2 2 2 2 2 2 2 2 2 2 2 2 2 2 2 2 2 2 2 2 2 2 2
left_child=1 3 7 6 11 18 8 10 -1 -4 -2 -3 26 25 -13 16 20 -8 -5 -10 22 29 -6 -23 -16 -7 -11 -20 -26 -9
right_child=2 4 9 5 15 13 17 21 19 12 -12 14 -14 -15 24 -17 -18 -19 27 -21 -22 23 -24 -25 28 -27 -28 -29 -30 -31
leaf_value=-0.038807213163856033 -0.084595074318349367 -0.076114318108764192 0.020437795862039813 -0.0056001657923283417 0.0015080085057101508 -0.0088462781635226875 -0.10631743390113116 0.00708329045932218 -0.012073812377129749 -0.017034635886549951 0.0028082735675361015 3.7945356397102616e-05 0.014530694368725755 -0.040675201906425949 -0.026691579713693098 0.0029599210701172596 -0.033633130330559424 -0.037154532010178896 -0.013935734199307907 -0.081368239112198357 0.0031700591928524252 0.0083035590519495907 -0.0025408400621795002 -0.0068317380393832887 -0.0054301255598998982 -0.0046233576221205467 0.0090547008316331778 -0.0086199269611411094 0.000243767679947195 0.0011970314934193554
leaf_weight=308 20 29 2385 3101 7477 6490 24 4082 1477 125 18044 7321 7529 108 180 11600 113 373 8433 20 5239 18610 19966 390 18124 17392 7535 4342 2826 4279
leaf_count=308 20 29 2385 3101 7477 6490 24 4082 1477 125 18044 7321 7529 108 180 11600 113 373 8433 20 5239 18610 19966 390 18124 17392 7535 4342 2826 4279
internal_value=7.79888e-14 -0.00399437 0.00728782 -0.00861348 -0.00132793 -0.00788964 -0.0217181 0.00517075 -0.0174033 0.01276 0.0027115 -0.00366786 0.0115544 -0.00592808 -0.00359402 0.00017316 -0.000812552 -0.0413357 -0.0108537 -0.0129996 -0.000699073 0.00679438 -0.00143771 0.00799289 -0.0048524 -0.00577095 0.00862896 -0.012129 -0.00466476 0.00407082
internal_weight=177942 114943 62999 42068 72875 39866 2202 45425 1805 17574 18064 28480 15189 23990 28451 44395 32795 397 15876 1497 32682 27361 27443 19000 21130 23882 7660 12775 20950 8361
internal_count=177942 114943 62999 42068 72875 39866 2202 45425 1805 17574 18064 28480 15189 23990 28451 44395 32795 397 15876 1497 32682 27361 27443 19000 21130 23882 7660 12775 20950 8361
is_linear=0
shrinkage=0.05


Tree=40
num_leaves=31
num_cat=0
split_feature=9 8 7 9 7 1 6 3 5 6 6 0 8 4 3 1 7 6 2 4 1 0 0 2 0 2 4 9 4 0
split_gain=1874.65 501.781 291.495 125.469 124.489 114.736 100.344 84.2831 80.5126 85.9694 61.6856 52.9736 52.8969 52.4466 56.5187 44.8517 44.728 42.5857 41.8163 37.2059 35.958 35.5135 33.3929 32.8406 32.6486 32.6467 32.2398 30.2342 29.4791 28.2807
threshold=0.36584450000000002 -1.0093470312932098 -3.3745750821732394 0.7864762500000001 -5.161602059988339 -0.21615631223153928 -6.5848101596763264 0.53835722481450321 -2.7971243560543653 0.93084322875214942 -6.5848101596763264 -0.0087832847717521628 -4.1118639393378862 -0.25924711596842742 0.36627531982153311 -0.45260405101037332 -2.5692589105441592 -5.265264817263815 1.3466460679756804 -0.0033551930016312843 -0.15485555039674273 -0.0049584703379677566 0.10424850671853937 0.37275450107883418 -0.027435463730937245 0.30293638628089675 -0.50960272127328066 0.23798850000000002 -0.38921455872928673 0.024130534843612498
decision_type=2 2 2 2 2 2 2 2 2 2 2 2 2 2 2 2 2 2 2 2 2 2 2 2 2 2 2 2 2 2
left_child=2 5 4 17 21 -2 19 10 9 13 -7 28 -6 -8 27 -5 -13 -3 22 -4 -10 -1 -17 -18 -14 26 -19 -15 -12 -23
right_child=1 3 6 15 12 7 8 -9 20 -11 11 16 24 14 -16 18 23 25 -20 -21 -22 29 -24 -25 -26 -27 -28 -29 -30 -31
leaf_value=-0.0080432622127398455 0.0076808675322251468 -0.054378523120457045 -0.023718005211638481 0.019195158362238448 -0.018067184740825283 -0.078356499116865971 -0.00090411805576297256 0.0049765511984210019 0.0061685089527337231 -0.062248281441055812 0.0059029900347551583 -0.0074867917875779746 -0.0048705836630213474 -0.0095868655383252906 -0.0017189028888775779 0.013001922262017102 -0.0014985878993555365 0.0090601859285323692 0.020273539488504126 -0.070741055555867433 -0.0015399359603743012 -0.040089518308946338 0.0067111007718425528 0.0036003312347552049 -0.0100093118481364 0.010386199226760645 0.0042207714457128051 -0.0056592096356899322 0.0011219017467840329 0.0046139024859784472
leaf_weight=131 7946 28 116 2712 1750 25 7490 11686 1660 65 4311 2620 3854 6390 7668 6025 17122 5521 1332 66 17069 513 3246 3872 15612 6141 9137 21009 12787 38
leaf_count=131 7946 28 116 2712 1750 25 7490 11686 1660 65 4311 2620 3854 6390 7668 6025 17122 5521 1332 66 17069 513 3246 3872 15612 6141 9137 21009 12787 38
internal_value=-3.91482e-12 0.00482184 -0.0054622 0.00966633 -0.0104164 0.00208201 -0.00369913 0.00123337 -0.00358916 -0.00478985 0.000159582 0.000207797 -0.00974049 -0.00470209 -0.0055133 0.0134572 -0.00132691 0.00724279 0.0119895 -0.0407703 -0.000856716 -0.0314432 0.0107994 -0.000558176 -0.00899191 0.00732574 0.00604356 -0.00657522 0.00232738 -0.0370065
internal_weight=177942 94511 83431 34142 21898 60369 61533 52423 61351 42622 40737 40712 21216 42557 35067 13315 23614 20827 10603 182 18729 682 9271 20994 19466 20799 14658 27399 17098 551
internal_count=177942 94511 83431 34142 21898 60369 61533 52423 61351 42622 40737 40712 21216 42557 35067 13315 23614 20827 10603 182 18729 682 9271 20994 19466 20799 14658 27399 17098 551
is_linear=0
shrinkage=0.05


Tree=41
num_leaves=31
num_cat=0
split_feature=9 9 8 6 8 8 9 6 0 11 8 11 11 1 2 0 2 6 6 11 5 8 4 0 11 0 4 6 8 0
split_gain=1698.85 466.239 239.587 155.277 79.8419 77.0641 73.9675 73.3793 73.2636 63.8994 60.7115 60.3311 57.7935 50.1091 52.9174 47.5518 47.1922 45.5279 43.5137 37.9472 37.7681 36.1797 34.9539 32.7013 31.8756 31.0903 29.6443 28.2533 28.0307 27.316
threshold=0.45358025000000007 0.29213375000000008 -0.75259067767514598 -4.7192691250935441 -3.4593828502777817 -2.30466367849878 0.97399025000000006 -3.3738327113685496 -0.10254208925858897 -0.16932099999999997 -4.4623855739459852 0.098041000000000031 -0.16932099999999997 -0.24778226798039246 0.32566675767525749 -0.0078431372549019867 0.47650946073449535 -5.265264817263815 0.93084322875214942 -0.047198500000000025 -1.1746140678437835 -3.3337821518516422 -0.50409643500229084 -0.001296456594756412 0.090978500000000032 -0.053259891569193023 -0.0073131034194885416 -4.7192691250935441 -1.8728762748764103 -0.0097077353095687529
decision_type=2 2 2 2 2 2 2 2 2 2 2 2 2 2 2 2 2 2 2 2 2 2 2 2 2 2 2 2 2 2
left_child=1 3 8 5 29 10 20 9 22 -3 23 -11 -10 -9 15 -15 21 -13 25 -7 27 -14 -2 -1 -12 -6 -21 -4 -17 -5
right_child=2 7 6 4 18 19 -8 13 12 11 24 17 16 14 -16 28 -18 -19 -20 26 -22 -23 -24 -25 -26 -27 -28 -29 -30 -31
leaf_value=-0.011100565845459787 0.012620285076665839 -0.075993661029684939 -0.042934712434985811 -0.0066468048285420319 -0.0010995103282773265 -0.080339092791483213 0.01563790161857391 0.0061697920892018346 -0.025805408636374136 -0.0037113487105126675 -0.010871451084978149 -0.10292580511554011 -0.051130623045901304 0.00068563536360078986 0.0030546024460794867 -0.0041257193518407674 0.0070948526187549089 -0.024119723425085088 -0.045357124646430588 -0.019850076953820017 0.011740258248452576 0.0020721009850681598 0.0059656461520587699 -0.039475430557429192 -0.058091490185405652 -0.0056015710285374611 -0.042993143496871063 0.007350187302066641 -0.00044045589256607592 -0.01229311863941069
leaf_weight=151 2775 31 28 3306 4400 37 5334 3078 175 12185 4934 21 32 18629 9045 13784 5675 144 67 385 7625 22667 6830 310 36 29853 216 11858 8247 6084
leaf_count=151 2775 31 28 3306 4400 37 5334 3078 175 12185 4934 21 32 18629 9045 13784 5675 144 67 385 7625 22667 6830 310 36 29853 216 11858 8247 6084
internal_value=-7.31692e-13 -0.00361688 0.00659907 -0.00726033 -0.00621977 -0.0147546 0.0104201 -0.000833626 0.00411087 -0.00429798 -0.0128235 -0.00411801 0.00284001 -2.10135e-05 -0.000404381 -0.00117385 0.00301669 -0.0341496 -0.005102 -0.0311933 0.00899369 0.0019971 0.00788825 -0.0301813 -0.0112135 -0.00502325 -0.0281677 0.00723173 -0.00274619 -0.0103052
internal_weight=177942 114943 62999 49779 43710 6069 24845 65164 38154 12381 5431 12350 28549 52783 49705 40660 28374 165 34320 638 19511 22699 9605 461 4970 34253 601 11886 22031 9390
internal_count=177942 114943 62999 49779 43710 6069 24845 65164 38154 12381 5431 12350 28549 52783 49705 40660 28374 165 34320 638 19511 22699 9605 461 4970 34253 601 11886 22031 9390
is_linear=0
shrinkage=0.05


Tree=42
num_leaves=31
num_cat=0
split_feature=9 9 7 5 7 7 8 6 6 8 6 6 1 4 1 2 5 4 2 8 0 3 8 3 3 9 11 5 6 6
split_gain=1535 418.776 242.395 106.611 96.3437 86.9924 92.2515 66.5074 55.0308 51.1512 44.4572 44.3574 43.2814 41.8255 41.1812 61.2496 41.1001 40.6866 40.5264 39.4756 36.2466 34.3026 32.2406 31.752 30.9631 30.6975 28.8643 27.3816 29.2188 25.7021
threshold=0.36584450000000002 0.56689275000000017 -3.5030990690081452 -1.1072727444525567 -5.161602059988339 -0.6649693646102034 -2.8530307730622857 -6.5848101596763264 -3.240480040199698 -1.7730457347493047 0.055101617549080155 -5.9507593418597535 -0.10626276369514008 -0.31785687977766769 -0.11223585713080274 0.45383000286484204 -4.4594551463373326 -0.79461732040710198 0.94630251056425563 -3.8907777091061058 1.0000000180025095e-35 0.47968409833091447 -1.6586153544552831 0.30876779478157573 0.198924519580057 0.25604875000000005 0.23900700000000002 -2.7971243560543653 -0.96767415362420717 0.93084322875214942
decision_type=2 2 2 2 2 2 2 2 2 2 2 2 2 2 2 2 2 2 2 2 2 2 2 2 2 2 2 2 2 2
left_child=2 7 4 9 24 6 12 -2 26 -3 -5 25 -4 -13 -10 22 29 -11 20 -6 -19 27 -16 -14 -1 -8 -9 28 -15 -7
right_child=1 3 5 10 19 16 11 8 14 17 -12 13 23 21 15 -17 -18 18 -20 -21 -22 -23 -24 -25 -26 -27 -28 -29 -30 -31
leaf_value=-0.016147588331549396 -0.079887720629572875 -0.0059716473236018034 0.0012858482802005911 0.010008379851558554 -0.013942858543765094 -0.029479608884002848 -0.041280165818325706 -0.0022118102999214534 0.0046296649171054527 0.015539534454989788 0.016107207667997166 0.0015952200034988113 -0.0080471936912916691 -0.0040019994959017615 -0.001179121541966738 0.0057211482809267945 -0.0086892500123212819 0.0076210769360133381 0.01257643410735847 -0.0081166517715035979 0.0033090072390682592 0.00088698456582228004 0.0021326436982184857 -0.0029345757141947849 -0.037697329005993888 -0.0029084842979580495 -0.048391645259278665 -0.0011585674384499999 -0.016109993191808007 -0.069148200077517916
leaf_weight=290 25 804 1751 9421 3706 245 122 7072 13485 1275 4376 6808 14133 21649 15298 6661 256 10444 2336 13491 9137 5789 14143 3868 392 91 34 10281 510 49
leaf_count=290 25 804 1751 9421 3706 245 122 7072 13485 1275 4376 6808 14133 21649 15298 6661 256 10444 2336 13491 9137 5789 14143 3868 392 91 34 10281 510 49
internal_value=-2.3499e-12 0.00436322 -0.00494267 0.00844054 -0.0101031 -0.00353518 -0.00336763 0.00164637 0.00168233 0.00642687 0.0119427 -0.00212315 -0.00621863 -0.00201549 0.00227203 0.0013914 -0.0233368 0.00685669 0.00635158 -0.00937222 0.00560895 -0.0026585 0.000411799 -0.00694861 -0.0285339 -0.0248866 -0.00243277 -0.0032912 -0.00428067 -0.036091
internal_weight=177942 94511 83431 37793 17879 65552 65002 56718 56693 23996 13797 45250 19752 45037 49587 36102 550 23192 21917 17197 19581 38229 29441 18001 682 213 7106 32440 22159 294
internal_count=177942 94511 83431 37793 17879 65552 65002 56718 56693 23996 13797 45250 19752 45037 49587 36102 550 23192 21917 17197 19581 38229 29441 18001 682 213 7106 32440 22159 294
is_linear=0
shrinkage=0.05


Tree=43
num_leaves=31
num_cat=0
split_feature=9 12 9 9 8 6 8 7 5 8 0 5 3 4 1 6 6 0 2 4 2 8 6 11 11 6 11 11 6 7
split_gain=1388.63 383.183 200.721 106.21 96.9275 58.3531 63.3845 57.8275 54.427 51.588 49.4038 44.1514 40.7644 40.5362 40.0616 39.3731 35.5477 34.639 32.2662 48.1373 31.8759 31.6846 30.575 28.0018 27.8987 26.8571 26.2367 25.5269 24.8101 24.393
threshold=0.45358025000000007 -2.6846372497584228 0.74703750000000013 0.14015625000000001 -2.4040843752435168 -3.954716908441013 -2.0436394950476036 -3.7065646435184392 -1.4472539022235289 -4.4623855739459852 -0.19155758489531574 -1.3915423311770998 0.52761581098029697 -0.31421014592579727 -0.062755709156187209 -5.6288607342000709 -5.6288607342000709 -0.051887771485858873 0.56367350604630984 -0.40282454009157564 1.3466460679756804 -3.0466947775047681 -0.91655271156554641 -0.044513500000000004 0.060531500000000023 -1.1046536010634103 0.049498999999999994 0.045463499999999983 -5.4236783576855485 -1.5215127306535301
decision_type=2 2 2 2 2 2 2 2 2 2 2 2 2 2 2 2 2 2 2 2 2 2 2 2 2 2 2 2 2 2
left_child=1 3 7 15 9 6 26 -2 18 -3 25 12 13 -6 -11 -1 29 -7 19 -9 -12 -19 -23 -8 -16 -4 -5 -24 -26 -15
right_child=2 4 10 5 11 17 23 8 -10 14 20 -13 -14 16 24 -17 -18 21 -20 -21 -22 22 27 -25 28 -27 -28 -29 -30 -31
leaf_value=-0.0334741016477373 -0.055089479200996272 -0.061923616830455636 0.0071563208119440119 -0.0087378529145691487 0.0014830409732741884 -1.5068910423658949e-05 -0.083285631190823481 0.0053660895331270088 0.0070025553417150631 -0.00026550800874656675 0.0079736941709373389 0.0037004518493182754 0.0029132397356422769 -0.018102433912884068 -0.0043998089387697155 -0.015395361810754885 -0.0021260322494817663 -0.0079883195904535114 0.0071907214094945084 0.0010650151455121868 0.016137492527458924 -0.0034999775745022848 -0.016974092523141103 -0.026385827605026307 -0.070381442494690416 0.016630416839608777 -0.022773668874601929 -0.076205476894974714 -0.013674316841059079 -0.07428895579651093
leaf_weight=438 41 38 920 11359 9898 2555 23 10115 13397 6717 10521 6848 6922 99 20409 964 27515 11024 4425 18229 1349 8623 201 361 20 4002 343 20 542 24
leaf_count=438 41 38 920 11359 9898 2555 23 10115 13397 6717 10521 6848 6922 99 20409 964 27515 11024 4425 18229 1349 8623 201 361 20 4002 343 20 542 24
internal_value=9.5715e-13 -0.00327001 0.00596621 -0.00755273 -0.00132401 -0.00700465 -0.00980519 0.00426484 0.00431756 -0.00370596 0.0106479 -3.67905e-05 -0.000612449 -0.00126262 -0.00362606 -0.0210434 -0.00224592 -0.00549516 0.00321984 0.00259992 0.00890149 -0.00619989 -0.00397063 -0.0297939 -0.00470244 0.0148596 -0.00914926 -0.0223344 -0.0156924 -0.0290657
internal_weight=177942 114943 62999 35911 79032 34509 12086 46207 46166 27726 16792 51306 44458 37536 27688 1402 27638 22423 32769 28344 11870 19868 8844 384 20971 4922 11702 221 562 123
internal_count=177942 114943 62999 35911 79032 34509 12086 46207 46166 27726 16792 51306 44458 37536 27688 1402 27638 22423 32769 28344 11870 19868 8844 384 20971 4922 11702 221 562 123
is_linear=0
shrinkage=0.05


Tree=44
num_leaves=31
num_cat=0
split_feature=12 8 6 8 12 1 11 11 6 3 9 6 6 0 8 4 12 7 5 6 2 6 2 4 6 4 11 5 0 2
split_gain=1256.56 348.265 198.98 108.591 97.9638 89.3454 88.2449 76.2455 68.7923 68.9077 67.8022 61.2735 47.205 44.0075 40.885 37.3039 36.4812 36.0288 35.5871 32.7894 32.7806 32.4709 31.3255 33.1922 28.021 26.4549 28.0778 26.2173 26.1995 34.6188
threshold=-2.015747357908507 -1.0915752352345278 -4.0634580405542229 -2.9379248909368703 -0.45326551351573791 -0.12429481197210356 0.098041000000000031 -0.12171299999999995 -6.5848101596763264 0.25522760295443242 0.14878600000000003 0.25395204702147584 -5.265264817263815 -0.027435463730937245 -1.3578622223585761 -0.41210742875440276 0.64357157203265014 -4.0867139509416184 -1.4472539022235289 -2.8034800695449191 0.17974018472003175 1.1472761162263767 0.30293638628089675 -0.50960272127328066 -0.96767415362420717 -0.22270543278423841 -0.16932099999999997 -5.4066482092627277 0.10424850671853937 0.72818916816075241
decision_type=2 2 2 2 2 2 2 2 2 2 2 2 2 2 2 2 2 2 2 2 2 2 2 2 2 2 2 2 2 2
left_child=2 5 6 13 19 15 7 -1 -7 25 -9 18 -8 -4 -12 -2 28 -11 24 -3 -15 22 23 -21 -5 -10 -27 -13 -6 -30
right_child=1 4 3 11 16 8 12 10 9 17 14 27 -14 20 -16 -17 -18 -19 -20 21 -22 -23 -24 -25 -26 26 -28 -29 29 -31
leaf_value=-0.067725255340337756 0.0078572997957370369 -0.00048420644418061183 -0.0023871118995415618 -0.0020095008447591212 0.012238414854450742 -0.078019415839974376 -0.071186363355567064 -0.019206383032534805 0.00025900482522032688 -0.054927127270234959 -0.0074627492582274163 -0.054026447068617658 -0.02110809259612775 -0.009052138427662967 -0.028842637346675911 0.0027268729714673852 0.02348744255726453 0.0028755156741973806 0.002573215889944528 0.0083883971895557779 -0.0037538160588679128 -0.0085624711013893278 0.0094693069887958059 0.0036303453173662974 -0.010314518433853713 -0.03502124442910666 -0.0028015461344243053 -0.016926963368637693 0.0043213592621074298 0.014545991128040918
leaf_weight=55 6061 1898 5349 40158 8285 28 84 1420 13125 27 14978 66 107 11148 227 8529 578 17498 4275 5797 3955 359 6662 9968 1042 68 12023 171 2831 1170
leaf_count=55 6061 1898 5349 40158 8285 28 84 1420 13125 27 14978 66 107 11148 227 8529 578 17498 4275 5797 3955 359 6662 9968 1042 68 12023 171 2831 1170
internal_value=-2.22625e-12 0.0039301 -0.00449201 -0.00325605 0.00767364 0.00147952 -0.00933913 -0.00895218 0.000326947 0.000378273 -0.00875774 -0.00190114 -0.043132 -0.00628439 -0.00778194 0.00485816 0.0112114 0.00278646 -0.00176899 0.00582995 -0.00766467 0.00635589 0.0065947 0.00537994 -0.00221955 -0.00129541 -0.00298275 -0.0272585 0.0106339 0.00731132
internal_weight=177942 94907 83035 66164 37548 57359 16871 16680 42769 42741 16625 45712 191 20452 15205 14590 12864 17525 45475 24684 15103 22786 22427 15765 41200 25216 12091 237 12286 4001
internal_count=177942 94907 83035 66164 37548 57359 16871 16680 42769 42741 16625 45712 191 20452 15205 14590 12864 17525 45475 24684 15103 22786 22427 15765 41200 25216 12091 237 12286 4001
is_linear=0
shrinkage=0.05


Tree=45
num_leaves=31
num_cat=0
split_feature=9 9 8 7 0 7 2 2 3 6 6 7 8 8 1 3 4 6 9 11 8 6 5 11 0 11 9 0 7 6
split_gain=1138.18 316.841 167.545 111.939 67.031 60.175 60.2254 55.6839 62.5281 54.3825 53.99 52.5964 43.5173 44.8786 41.5554 49.5532 38.7785 36.9436 35.9261 35.7436 34.8071 35.4485 33.3228 30.3871 28.9001 26.3598 25.214 24.801 24.7951 23.4199
threshold=0.45358025000000007 0.29213375000000008 -0.59018894412043743 -3.9872842925641923 -0.063175218370635097 -4.1461565428922258 0.51648364851842254 -0.22104903529750233 0.52761581098029697 -6.5848101596763264 -1.3135689508290949 -1.2359649118184997 -2.4944988656650562 -4.4623855739459852 -0.09789968735160047 0.29341414008651517 -0.55595268986566537 -3.4245779275205561 1.2392887500000003 0.098041000000000031 -2.9832593409367294 -6.5848101596763264 -6.7837211024827662 -0.16932099999999997 -0.001296456594756412 -0.16932099999999997 0.12638750000000001 -0.014528995051617808 -1.8765470533813149 0.055101617549080155
decision_type=2 2 2 2 2 2 2 2 2 2 2 2 2 2 2 2 2 2 2 2 2 2 2 2 2 2 2 2 2 2
left_child=1 3 4 12 16 -6 23 27 9 -9 -4 14 13 24 -5 20 -2 19 -12 25 -16 -22 -13 -7 -1 -11 -17 -3 -25 -19
right_child=2 7 10 11 5 6 -8 8 -10 17 18 22 -14 -15 15 26 -18 29 -20 -21 21 -23 -24 28 -26 -27 -28 -29 -30 -31
leaf_value=-0.0092531547494594177 0.011444358688355968 0.0055476487430521429 0.0046287300347722911 -7.5421607670903827e-06 -0.078666125893916292 -0.02224268270304704 0.0068356428160220792 -0.053550824325295225 0.0025133963412758437 -0.061737169369589541 0.0099022098443055859 -0.037452024453244102 -0.027596904955352025 -0.009488351530216519 -0.0079156104895849854 -0.047100765516440712 0.0050612370361032902 -0.0011013390747191799 0.018723896536654062 -0.03121882696007286 -0.049276381953280761 -0.0043247328548615873 -0.011819513721643455 -0.0018904071994182842 -0.031035136158781413 -0.0042705527411419737 -0.0019298195587808264 -0.00011678237405650988 0.0021204942811924102 -0.013949463872125832
leaf_weight=237 2965 4743 4969 4047 23 139 5677 51 9405 20 13975 185 419 5575 15875 31 12047 38334 1258 126 44 13572 403 4986 426 8866 8965 3261 16960 358
leaf_count=237 2965 4743 4969 4047 23 139 5677 51 9405 20 13975 185 419 5575 15875 31 12047 38334 1258 126 44 13572 403 4986 426 8866 8965 3261 16960 358
internal_value=4.50557e-13 -0.00296048 0.00540146 -0.005964 0.00362988 0.00217538 0.00224235 -0.000666083 -0.00121302 -0.00194691 0.00915445 -0.0050324 -0.0119986 -0.0109509 -0.00482708 -0.00533387 0.00632196 -0.00189174 0.0106307 -0.00477486 -0.00632477 -0.00446999 -0.0198842 0.00106164 -0.0232488 -0.00439989 -0.00208548 0.00323984 0.00120924 -0.00122022
internal_weight=177942 114943 62999 49779 42797 27785 27762 65164 57160 47755 20202 43122 6657 6238 42534 38487 15012 47704 15233 9012 29491 13616 588 22085 663 8886 8996 8004 21946 38692
internal_count=177942 114943 62999 49779 42797 27785 27762 65164 57160 47755 20202 43122 6657 6238 42534 38487 15012 47704 15233 9012 29491 13616 588 22085 663 8886 8996 8004 21946 38692
is_linear=0
shrinkage=0.05


Tree=46
num_leaves=31
num_cat=0
split_feature=9 9 6 5 8 11 7 11 9 6 8 0 8 6 0 6 1 2 4 8 2 2 4 2 1 8 5 6 0 11
split_gain=1031.14 299.947 159.608 82.6152 82.269 77.983 69.3511 63.0783 52.5739 49.8092 47.1388 45.2259 40.3822 38.9815 38.5628 37.8413 35.9256 32.2153 31.5018 31.2336 30.7836 30.5451 30.426 32.9475 30.1278 28.7951 28.1854 28.054 26.8601 25.4525
threshold=0.35946000000000006 0.56689275000000017 -4.0634580405542229 -1.1072727444525567 -2.9379248909368703 0.06857199999999998 -4.7159546743213054 -0.12171299999999995 0.16082575000000002 -0.63063733605715522 -1.8618325947325087 -0.0031800716074425468 -1.7730457347493047 0.42103195004701283 -0.013605442176870706 -5.4236783576855485 -0.38827042285857399 0.17974018472003175 -0.79461732040710198 -0.83572738143715475 0.94630251056425563 1.2067693090724012 -0.31421014592579727 0.21029307173513181 -0.15898458665404139 -1.3578622223585761 -3.6742224844473133 -1.9122334573021749 0.030799160398457651 -0.023572999999999979
decision_type=2 2 2 2 2 2 2 2 2 2 2 2 2 2 2 2 2 2 2 2 2 2 2 2 2 2 2 2 2 2
left_child=2 6 5 12 14 7 -2 -1 -9 22 11 -8 -3 27 29 -7 -5 -16 -14 -11 24 -18 -6 28 -20 -10 -21 -12 -24 -4
right_child=1 3 4 16 9 15 10 8 25 19 13 -13 18 -15 17 -17 21 -19 20 26 -22 -23 23 -25 -26 -27 -28 -29 -30 -31
leaf_value=-0.061955957138841902 -0.091838632561265288 -0.0058408079119092226 0.0093664890829045465 0.015283584881961149 0.0016669383514489621 -0.050705153023710064 0.0015587557623279982 -0.015118728550009406 -0.006461228281766593 -0.010654542271458307 0.0011783285345864183 -0.0030067314857133796 0.013197614179427084 -0.010386109391527563 -0.0087990379559349172 -0.018465603207662766 0.0078781442153287983 -0.0032886655497145183 0.0070171046145509914 -0.069413161252371292 0.01053821874577866 0.016279167940288879 -0.0018273166645967689 0.00019745299251244775 0.0029580884986902881 -0.026424558090537155 -9.9886513570171794e-05 0.0039278268408039869 -0.0051701836134973025 -0.0034482687353201511
leaf_weight=54 20 804 411 2634 6227 147 11651 2146 13953 886 18503 10150 1275 591 9539 239 9949 3674 7273 44 2336 1214 15835 10812 12308 183 22 18607 9684 6771
leaf_count=54 20 804 411 2634 6227 147 11651 2146 13953 886 18503 10150 1275 591 9539 239 9949 3674 7273 44 2336 1214 15835 10812 12308 183 22 18607 9684 6771
internal_value=-2.52199e-12 0.00346449 -0.00418156 0.00694815 -0.00304358 -0.00853047 0.00125257 -0.00800561 -0.00782668 -0.00181533 0.00128386 -0.000566821 0.00517552 0.00235404 -0.0056639 -0.0307434 0.0100311 -0.00726683 0.00555742 -0.0131264 0.00511296 0.00879177 -0.00156231 -0.00211579 0.00446573 -0.00671967 -0.0463087 0.00255693 -0.00309587 -0.00271493
internal_weight=177942 97315 80627 37793 63905 16722 59522 16336 16282 43510 59502 21801 23996 37701 20395 386 13797 13213 23192 952 21917 11163 42558 36331 19581 14136 66 37110 25519 7182
internal_count=177942 97315 80627 37793 63905 16722 59522 16336 16282 43510 59502 21801 23996 37701 20395 386 13797 13213 23192 952 21917 11163 42558 36331 19581 14136 66 37110 25519 7182
is_linear=0
shrinkage=0.05


Tree=47
num_leaves=31
num_cat=0
split_feature=9 7 8 9 7 0 5 6 8 3 6 11 6 5 7 4 11 8 4 3 4 10 6 1 2 2 3 0 6 7
split_gain=931.136 212.388 196.971 84.118 71.3772 70.4494 59.7296 58.5712 51.7268 50.2631 43.3978 43.1353 42.4865 42.3997 48.518 37.4865 33.0105 29.0232 28.3145 29.1909 27.7477 29.4684 27.1029 26.6655 25.3912 27.0595 25.0917 25.7882 23.5124 23.0749
threshold=0.40639000000000003 -3.3745750821732394 -0.8569616626538813 0.32115675000000005 -4.7159546743213054 -0.046817053275448654 -0.47097541417179051 -6.5848101596763264 -2.4488996074747007 0.24638794487910656 -5.1408218052258094 -0.020214000000000006 -5.265264817263815 -2.7971243560543653 -1.1848791208842762 -0.50409643500229084 0.034673000000000016 -3.7876692494490634 -0.79461732040710198 0.64007697241821704 -0.40741102077687441 -0.21059850000000002 1.5336608685699544 -0.13737602598143725 -0.20036777133276543 0.2824871774844438 0.49784612448207582 0.0039807156519999784 -0.56397288599741924 -0.6649693646102034
decision_type=2 2 2 2 2 2 2 2 2 2 2 2 2 2 2 2 2 2 2 2 2 2 2 2 2 2 2 2 2 2
left_child=1 4 5 7 11 15 12 -3 10 20 -7 -1 -4 14 24 -2 -13 -6 -14 22 -10 -22 -20 -15 -9 -26 27 -5 -8 -17
right_child=2 3 6 26 17 8 28 13 9 -11 -12 16 18 23 -16 29 -18 -19 19 -21 21 -23 -24 -25 25 -27 -28 -29 -30 -31
leaf_value=-0.043378051062445008 0.0091556295516123185 -0.032947799544005479 -0.059167056307196625 0.00081234653395488457 -0.010289527063986635 -0.082430269005930146 0.0065561568806989023 0.0012648910739783698 0.0025653290955892842 0.00367295062723637 -0.0096445849312460363 -0.011524546206158481 0.012561694826359377 0.007006533923400067 -0.019152822997382156 0.0040491343277866791 -0.032789262754825931 -0.0057944780370594844 0.0045682448829601659 0.0087481512170062229 -0.040012353163212541 -0.0015568597016966772 -0.016661403564687229 -0.001539145602647814 -0.0051309644367189215 -0.00069179687737134371 0.0028491755066412474 -0.0021471713272556495 0.012732680802088742 -0.003701900412113534
leaf_weight=155 3667 168 25 13839 4616 21 2099 2064 5296 11580 826 1005 1546 998 544 13801 223 16172 13753 5133 50 13624 152 10698 23573 4018 5746 15724 5794 1032
leaf_count=155 3667 168 25 13839 4616 21 2099 2064 5296 11580 826 1005 1546 998 544 13801 223 16172 13753 5133 50 13624 152 10698 23573 4018 5746 15724 5794 1032
internal_value=-2.66012e-12 -0.00320987 0.00407556 -0.00197355 -0.00752436 0.0021814 0.00739157 -0.00348403 0.000739243 0.00107717 -0.0114492 -0.0185233 0.00597506 -0.00336588 -0.00435578 0.00462894 -0.0153861 -0.00679261 0.00605418 0.00552573 -0.000507395 -0.00169748 0.00433618 -0.000809957 -0.00408434 -0.0044845 -0.00017414 -0.000761765 0.0110901 0.00350986
internal_weight=177942 99543 78399 77372 22171 49897 28502 42063 31397 30550 847 1383 20609 41895 30199 18500 1228 20788 20584 19038 18970 13674 13905 11696 29655 27591 35309 29563 7893 14833
internal_count=177942 99543 78399 77372 22171 49897 28502 42063 31397 30550 847 1383 20609 41895 30199 18500 1228 20788 20584 19038 18970 13674 13905 11696 29655 27591 35309 29563 7893 14833
is_linear=0
shrinkage=0.05


Tree=48
num_leaves=31
num_cat=0
split_feature=12 7 6 9 1 7 2 7 6 11 0 2 5 6 4 3 11 12 5 11 8 8 1 0 7 7 0 4 8 10
split_gain=842.845 252.554 121.843 118.421 67.6053 67.0026 63.0603 53.7529 53.1681 41.1857 38.9066 45.2446 36.8547 40.7585 32.1954 37.8125 30.0834 29.5802 29.5069 28.3955 27.304 25.3736 24.0656 23.8858 22.885 22.7714 26.8485 22.1821 21.8076 20.9146
threshold=-1.5220320822821825 -3.3745750821732394 -1.3892707515846909 0.32115675000000005 -0.32479608610261873 -4.7159546743213054 1.3466460679756804 -4.1461565428922258 -5.9507593418597535 -0.020214000000000006 -0.0078431372549019867 0.35786502100840351 -2.7971243560543653 -0.91655271156554641 -0.5766785785251235 1.0743005087374966 0.034673000000000016 0.64357157203265014 -2.1152554683325544 0.098041000000000031 -2.7340450494586528 -3.8356891479933846 -0.13737602598143725 0.55990869431835333 0.098584096621569903 -1.1848791208842762 -0.14680749650122707 -0.0033551930016312843 -1.7038577573802061 -0.11632450000000001
decision_type=2 2 2 2 2 2 2 2 2 2 2 2 2 2 2 2 2 2 2 2 2 2 2 2 2 2 2 2 2 2
left_child=1 5 7 8 17 9 18 -2 19 -1 25 23 13 -10 -9 20 -11 -4 -6 27 -16 -7 -14 28 -13 26 -5 -3 -12 -15
right_child=2 3 4 10 6 21 -8 14 12 16 11 24 22 29 15 -17 -18 -19 -20 -21 -22 -23 -24 -25 -26 -27 -28 -29 -30 -31
leaf_value=-0.042059493427708122 -0.072361029009334749 -0.011697423328716261 0.010725010599967392 0.0072758964633326097 0.0027282630531646024 -0.010093554825435195 0.014473385604375374 0.0068873427268061962 -0.0038446112508709941 -0.011097210064073035 -0.0029257333940068526 0.0028710457894982836 0.0066562072545283462 -0.067404013428659676 -0.020948013424474214 0.0070169467561734646 -0.031319612199388856 0.025808554912615928 0.0064335049100406111 -0.076764528939257504 0.0012083970160944113 -0.005666208133473627 -0.001462188337424135 -0.054038151878524912 -0.032902890402927168 -0.0035405282460856781 0.0015996076067487997 -0.042896635688841347 0.00032581130964133933 -0.016362242722073282
leaf_weight=156 24 237 6207 2335 8429 4000 1940 3626 29558 1007 16597 6825 998 21 140 3057 225 343 14821 23 20464 16948 10698 22 45 1869 19318 75 7481 453
leaf_count=156 24 237 6207 2335 8429 4000 1940 3626 29558 1007 16597 6825 998 21 140 3057 225 343 14821 23 20464 16948 10698 22 45 1869 19318 75 7481 453
internal_value=-9.02598e-14 -0.00242518 0.00488276 -0.0013168 0.00698955 -0.00721652 0.00581286 0.00243431 -0.00330983 -0.0178552 0.00022164 -0.000942705 -0.00315055 -0.00407787 0.0025001 0.00182776 -0.0147904 0.0115149 0.00509022 -0.0231496 0.00105785 -0.00651161 -0.000769459 -0.00196306 0.00263672 0.00175466 0.00221172 -0.0191972 -0.00191548 -0.0186236
internal_weight=177942 118891 59051 96555 31740 22336 25190 27311 42063 1388 54492 30970 41728 30032 27287 23661 1232 6550 23250 335 20604 20948 11696 24100 6870 23522 21653 312 24078 474
internal_count=177942 118891 59051 96555 31740 22336 25190 27311 42063 1388 54492 30970 41728 30032 27287 23661 1232 6550 23250 335 20604 20948 11696 24100 6870 23522 21653 312 24078 474
is_linear=0
shrinkage=0.05


Tree=49
num_leaves=31
num_cat=0
split_feature=9 6 4 2 6 8 11 9 7 0 6 11 10 5 0 10 5 2 4 5 11 4 11 8 4 7 8 4 3 11
split_gain=761.139 219.543 119.679 99.417 86.6491 77.4441 52.5461 52.456 48.2003 47.4576 44.9539 40.4783 39.2221 38.4946 36.828 31.0771 30.831 29.8517 35.0029 29.4541 27.2836 36.8336 26.5765 25.3015 24.5565 23.9598 22.9576 21.5584 28.5337 20.7715
threshold=0.45358025000000007 -3.4245779275205561 -0.5766785785251235 0.6445919671432786 -6.5848101596763264 -2.5995018777675232 -0.12171299999999995 0.21593700000000002 -4.2938954994622573 -0.049255799425664541 0.055101617549080155 0.075602500000000031 0.12543049999999997 -1.4472539022235289 -0.011609019153595966 1.0000000180025095e-35 -1.3598352377678353 0.32566675767525749 -0.31421014592579727 -3.9822082605219635 -0.16932099999999997 -0.022160981256214126 -0.16932099999999997 -0.8767728953533882 -0.84944795906032144 -1.0630959946604575 -0.43103705456179181 -0.24730315114274157 0.36059089881773493 0.23900700000000002
decision_type=2 2 2 2 2 2 2 2 2 2 2 2 2 2 2 2 2 2 2 2 2 2 2 2 2 2 2 2 2 2
left_child=1 4 14 8 6 9 -1 -6 -4 -3 16 15 22 20 24 -8 17 18 -7 23 21 -10 -9 -12 -2 -14 -5 -24 -29 -22
right_child=2 5 3 26 7 10 11 12 13 -11 19 -13 25 -15 -16 -17 -18 -19 -20 -21 29 -23 27 -25 -26 -27 -28 28 -30 -31
leaf_value=-0.094449917435646069 0.018155055376760695 0.0011585902227152511 -0.075268624909222134 0.0063385902899273016 -0.0080320879236479986 0.0018641269571484263 -0.032159987140866909 -0.04987939190600188 -0.0095787385475776376 -0.0043673137277608727 -0.018205416387964208 -0.057706780012019655 -0.013562055491518121 0.0046391357522054637 0.0050190577150039904 -0.0079891215252850933 0.0033275939596224477 0.0026255085083422441 -0.0016407957518351159 -0.0054168030944843799 0.0015796207216645282 -0.078478159738535239 -0.00048005325637305932 -0.058435389779508122 0.009714896174684521 -0.059947000071406367 0.011802455936998775 -0.0052996873465240638 -0.00066598737858842953 -0.017200135925904272
leaf_weight=25 976 4860 20 5318 11610 9540 204 31 164 19376 179 66 696 12940 4330 382 7329 7912 28121 512 28705 22 4609 50 7365 29 3011 15157 4255 148
leaf_count=25 976 4860 20 5318 11610 9540 204 31 164 19376 179 66 696 12940 4330 382 7329 7912 28121 512 28705 22 4609 50 7365 29 3011 15157 4255 148
internal_value=-2.32786e-12 -0.00242096 0.0044171 0.00332361 -0.00558851 -0.000913473 -0.0233122 -0.00525875 0.00233398 -0.00325921 0.000146337 -0.0205846 -0.00395922 0.00237096 0.00876032 -0.0164036 0.000317642 -0.000166415 -0.000752955 -0.0120836 0.00136024 -0.0177281 -0.00361384 -0.0269893 0.0107025 -0.0154175 0.00831382 -0.00355413 -0.00428401 0.00148329
internal_weight=177942 114943 62999 50328 37064 77879 677 36387 41999 24236 53643 652 24777 41979 12671 586 52902 45573 37661 741 29039 186 24052 229 8341 725 8329 24021 19412 28853
internal_count=177942 114943 62999 50328 37064 77879 677 36387 41999 24236 53643 652 24777 41979 12671 586 52902 45573 37661 741 29039 186 24052 229 8341 725 8329 24021 19412 28853
is_linear=0
shrinkage=0.05


Tree=50
num_leaves=31
num_cat=0
split_feature=8 12 8 6 6 1 5 8 7 3 11 10 7 4 3 5 5 4 0 11 0 0 7 2 7 4 1 0 0 8
split_gain=692.716 194.997 137.969 132.392 66.489 61.8732 61.3248 56.9107 56.1022 52.5843 39.203 44.9289 37.4881 36.8288 51.1429 35.3603 33.3899 32.3552 29.5347 28.4092 25.9524 25.0766 26.4029 23.7972 25.6444 23.5899 22.9443 21.1242 20.6716 20.4683
threshold=-1.9800642040492045 -1.2107112992726432 -3.2087345551221689 -5.1408218052258094 0.25395204702147584 -0.062755709156187209 0.15921817236302443 -4.4623855739459852 -5.161602059988339 0.1755056574802866 0.098041000000000031 -0.0087525000000000502 -3.6782313798143473 -0.5766785785251235 0.22827649185851365 -3.958401207119111 -2.2708091899495169 -0.23342018452266908 -0.014528995051617808 0.098041000000000031 -0.001296456594756412 -0.049255799425664541 -1.6195366679135275 0.1236313686313686 -5.161602059988339 -0.010256410256410274 0.49769428132711285 -0.23709229966973752 0.031747769540631417 -0.8970791602116982
decision_type=2 2 2 2 2 2 2 2 2 2 2 2 2 2 2 2 2 2 2 2 2 2 2 2 2 2 2 2 2 2
left_child=2 3 7 10 12 21 13 20 -7 17 11 -2 -5 -3 28 29 -14 -10 -9 23 -1 22 -4 24 -20 -13 -16 -8 -15 -6
right_child=1 6 5 4 15 8 27 18 9 -11 -12 25 16 14 26 -17 -18 -19 19 -21 -22 -23 -24 -25 -26 -27 -28 -29 -30 -31
leaf_value=-0.0078108075331800074 -0.045121080149328918 0.0076372713276570683 0.0033337707080196514 -0.019205121806938598 -0.01837934633368541 -0.037913645914829291 0.015830683622424395 -0.0033366288310652924 -0.0014522953045731589 -0.0010786832882059341 -0.071070618822406492 -0.0024974413411141929 0.00062226426314445412 0.0037472943923621488 0.0050611437903460696 -0.0060439113341411305 0.0034531764830978574 -0.0052725875930221336 0.02827950979218535 -0.033423480578459841 -0.027869472986741813 -0.0013639117588893433 -0.006482910591389131 -0.0046009066220749411 -0.0091561305976616391 -0.027264803847698055 0.01013836158289272 0.008755121166775277 -0.00019170338316713937 -0.049124014410602899
leaf_weight=251 128 9093 7898 217 172 114 1394 6149 7550 24035 39 271 29367 6657 9833 668 16141 20842 46 105 451 8309 750 5042 8314 149 2876 4336 6666 79
leaf_count=251 128 9093 7898 217 172 114 1394 6149 7550 24035 39 271 29367 6657 9833 668 16141 20842 46 105 451 8309 750 5042 8314 149 2876 4336 6666 79
internal_value=-5.81501e-13 0.00315086 -0.00308879 0.000962892 0.00125986 -0.00202839 0.00568028 -0.00670876 -0.00287593 -0.00279975 -0.0226346 -0.0191875 0.00152748 0.00489787 0.003941 -0.0120559 0.00162635 -0.0042567 -0.00620917 -0.00751688 -0.0206975 0.0005977 0.00248242 -0.00731391 -0.00895015 -0.011284 0.0062101 0.0104765 0.00177647 -0.028056
internal_weight=177942 88086 89856 47231 46644 69498 40855 20358 52541 52427 587 548 45725 35125 26032 919 45508 28392 19656 13507 702 16957 8648 13402 8360 420 12709 5730 13323 251
internal_count=177942 88086 89856 47231 46644 69498 40855 20358 52541 52427 587 548 45725 35125 26032 919 45508 28392 19656 13507 702 16957 8648 13402 8360 420 12709 5730 13323 251
is_linear=0
shrinkage=0.05


Tree=51
num_leaves=31
num_cat=0
split_feature=9 9 6 7 5 8 1 3 11 11 8 9 0 9 1 3 5 6 8 8 6 8 7 6 7 0 4 3 6 0
split_gain=627.398 221.373 91.3585 61.5191 56.8058 46.3803 45.1595 51.1849 42.1409 42.5783 31.9233 30.9621 30.401 29.3064 28.6891 28.5421 27.492 33.2371 26.168 25.4301 24.8204 24.5788 23.877 23.791 21.3251 20.9864 20.8453 23.1621 27.1095 23.3809
threshold=0.33314650000000007 0.56689275000000017 -4.5029023206443179 -5.161602059988339 -1.4472539022235289 -3.2699263684124049 -0.12737734546564769 0.36059089881773493 -0.053940499999999995 0.075602500000000031 -2.1275576049591653 0.12638750000000001 -0.12487326776435596 0.12638750000000001 -0.085525588833963315 0.24638794487910656 -3.6302581709492618 -0.91655271156554641 0.28362618605342715 -1.5747312386578123 -5.4236783576855485 -1.0093470312932098 -1.7890794010478708 0.11646383468110381 -0.58731398222640896 0.022249611920408311 -0.79461732040710198 0.78722075791454849 -5.265264817263815 0.036766679296517453
decision_type=2 2 2 2 2 2 2 2 2 2 2 2 2 2 2 2 2 2 2 2 2 2 2 2 2 2 2 2 2 2
left_child=2 3 8 -2 10 14 23 18 -1 13 -3 -7 -6 -10 -4 -16 17 -13 19 25 -11 -19 -15 -5 -14 -8 -12 28 -28 -30
right_child=1 4 5 6 12 11 7 -9 9 20 26 16 24 22 15 -17 -18 21 -20 -21 -22 -23 -24 -25 -26 -27 27 -29 29 -31
leaf_value=-0.034514258377633888 -0.086962171234191601 -0.013617988061418552 0.0026724965113685342 0.0033808009471564381 0.010627017697258536 -0.038793703666406068 -0.00040450087812527661 0.0023106152868341864 -0.019295350793006857 -0.045375272344158557 0.010652488920466515 -0.0031628183458123392 0.0036043710693867944 -0.0062901980691127809 -0.0075747198892271387 -0.0017754803103461982 -0.00096080398558262125 -0.013548447111758032 -0.041381542067974814 0.00095776192131688618 -0.010937303112215422 -0.05444807688983884 -0.023488740154636513 -0.0094813478737468485 0.0081130930630281383 -0.0032602641885937952 -0.048336131383593273 0.0066954580754279951 0.0044390244987935392 0.00050440627983890443
leaf_weight=152 20 261 963 15606 5684 58 13062 17432 491 118 1108 23853 4747 8044 9571 2726 22038 353 40 12235 94 41 207 368 5860 12677 26 4667 8861 6579
leaf_count=152 20 261 963 15606 5684 58 13062 17432 491 118 1108 23853 4747 8044 9571 2726 22038 353 40 12235 94 41 207 368 5860 12677 26 4667 8861 6579
internal_value=-3.24334e-12 0.00235468 -0.00374345 0.000717526 0.00544939 -0.00303082 0.000742079 6.72301e-05 -0.00840798 -0.00796481 0.00376208 -0.00228474 0.00767643 -0.00742788 -0.00563831 -0.00628914 -0.00223899 -0.00340074 -0.000961514 -0.000918938 -0.0301056 -0.0178045 -0.00672167 0.00308449 0.00609528 -0.00181102 0.00397564 0.00360819 0.00267658 0.00276248
internal_weight=177942 109233 68709 71440 37793 59603 71420 55446 9106 8954 21502 46343 16291 8742 13260 12297 46285 24247 38014 37974 212 394 8251 15974 10607 25739 21241 20133 15466 15440
internal_count=177942 109233 68709 71440 37793 59603 71420 55446 9106 8954 21502 46343 16291 8742 13260 12297 46285 24247 38014 37974 212 394 8251 15974 10607 25739 21241 20133 15466 15440
is_linear=0
shrinkage=0.05


Tree=52
num_leaves=31
num_cat=0
split_feature=8 9 8 6 6 4 3 2 3 8 7 7 11 10 5 0 1 0 12 11 6 0 5 0 3 8 1 2 7 4
split_gain=570.896 157.682 112.995 111.118 57.3255 54.5163 54.8808 53.1272 51.2088 48.3766 39.3306 34.8399 33.8872 39.8583 30.4003 28.8357 31.4891 28.7496 27.7082 27.5376 26.2854 25.1122 24.5962 22.9632 22.0743 22.4308 21.5916 20.6526 21.2017 20.533
threshold=-1.9800642040492045 0.54325400000000013 -3.2087345551221689 -5.1408218052258094 0.25395204702147584 -0.25313108919726296 0.1755056574802866 -0.53682862617440008 1.0743005087374966 -4.4623855739459852 -4.5131633345778273 -2.7685877481601935 0.098041000000000031 -0.0087525000000000502 -3.958401207119111 0.021358301731168931 0.83244862779434714 0.025088073274127324 0.64357157203265014 0.060531500000000023 -1.6662033084297174 -0.010672834226730874 -1.3915423311770998 -0.001296456594756412 0.48845519167301349 0.28362618605342715 -0.10936442739626821 0.1236313686313686 -5.161602059988339 -0.010256410256410274
decision_type=2 2 2 2 2 2 2 2 2 2 2 2 2 2 2 2 2 2 2 2 2 2 2 2 2 2 2 2 2 2
left_child=2 3 9 12 11 26 17 18 15 23 -8 -5 13 -2 -6 20 -17 -7 -3 21 -9 -11 24 -1 25 -13 -4 28 -23 -15
right_child=1 7 5 4 14 6 10 8 -10 19 -12 22 -14 29 -16 16 -18 -19 -20 -21 -22 27 -24 -25 -26 -27 -28 -29 -30 -31
leaf_value=-0.0068555256234021844 -0.041967929308520981 0.0092785281786086533 0.003008470984030323 -0.0048671010241171887 -0.026176954544126899 -0.0025997892134227269 -0.028005461192536937 0.0020185653364606206 0.0082631137589571548 -0.0028638854812056765 -0.00084994805736663672 0.00051333288467734258 -0.065779014609945133 -0.001899870611062253 -0.0056696238910760987 0.0011825687154572084 0.0096548483639295832 -0.0058415036222560068 0.026067622262677642 -0.019206057345236033 0.0064211063048970844 0.027170979559776334 0.0041488685353355537 -0.025723686837578325 0.0035259722064377146 -0.038980306995411718 -0.00082629498372324695 -0.0041085873830682025 -0.0084496364557197605 -0.025006867959414106
leaf_weight=251 128 4206 6459 2117 249 14244 134 4948 7217 6613 27001 27309 39 271 659 12744 1200 13157 261 366 10770 42 8299 451 7484 36 8503 4868 7767 149
leaf_count=251 128 4206 6459 2117 249 14244 134 4948 7217 6613 27001 27309 39 271 659 12744 1200 13157 261 366 10770 42 8299 451 7484 36 8503 4868 7767 149
internal_value=-4.66237e-13 0.00286042 -0.00280407 0.000870753 0.00114569 -0.00184443 -0.00257793 0.00510965 0.00448587 -0.00608007 -0.000984049 0.00139533 -0.0207464 -0.0175416 -0.0112933 0.00356684 0.00191168 -0.00415635 0.0102595 -0.00561946 0.00503519 -0.00536167 0.00170273 -0.0189774 0.00111986 0.000461339 0.000829149 -0.00666465 -0.00825805 -0.0100974
internal_weight=177942 88086 89856 46740 46153 69498 54536 41346 36879 20358 27135 45245 587 548 908 29662 13944 27401 4467 19656 15718 19290 43128 702 34829 27345 14962 12677 7809 420
internal_count=177942 88086 89856 46740 46153 69498 54536 41346 36879 20358 27135 45245 587 548 908 29662 13944 27401 4467 19656 15718 19290 43128 702 34829 27345 14962 12677 7809 420
is_linear=0
shrinkage=0.05


Tree=53
num_leaves=31
num_cat=0
split_feature=8 9 8 6 6 5 8 1 6 0 2 5 7 11 10 4 3 2 5 11 0 7 0 6 1 2 9 7 0 8
split_gain=515.234 142.308 103.355 100.284 52.106 50.3994 48.9951 41.4034 38.1007 35.9913 35.4549 32.483 31.7312 30.5832 35.9721 29.9208 42.8062 27.7761 26.4707 23.04 21.4086 21.3911 24.0913 20.9553 20.7388 20.0529 19.0285 18.7901 41.5404 29.2466
threshold=-1.9800642040492045 0.54325400000000013 -2.9379248909368703 -5.1408218052258094 0.42103195004701283 0.15921817236302443 -4.4623855739459852 -0.062755709156187209 -5.9507593418597535 -0.023376365005729368 0.24122288548266604 -3.9822082605219635 -3.6223109497497235 0.098041000000000031 -0.0087525000000000502 -0.5766785785251235 0.22827649185851365 0.14044728241654961 -2.2708091899495169 -0.013634499999999999 0.052920518195028195 -1.6468226405118584 -0.049255799425664541 -6.5848101596763264 0.49769428132711285 -0.11818090305104599 0.14015625000000001 -1.2674497072804709 -0.10503899401487214 -1.5010310991311213
decision_type=2 2 2 2 2 2 2 2 2 2 2 2 2 2 2 2 2 2 2 2 2 2 2 2 2 2 2 2 2 2
left_child=2 3 6 13 12 15 23 21 19 -8 20 -6 -5 14 -2 -3 -17 25 27 -9 -10 22 -4 -1 -18 -11 -12 28 -14 -29
right_child=1 5 7 4 11 -7 9 8 10 17 26 -13 18 -15 -16 16 24 -19 -20 -21 -22 -23 -24 -25 -26 -27 -28 29 -30 -31
leaf_value=-0.033490542964005991 -0.039869533028104344 0.0066214775540886506 0.0034932574983184521 -0.016543344256605187 -0.030365724413794405 0.0091980357460311711 -0.0018236921444298882 -0.058064319627980393 -0.0020980573467684464 -0.00063815846954181027 -0.03958924219633142 -0.0058832238507625098 0.0073375094149473949 -0.062490064149292618 -0.00959248519735411 0.001339672710713605 0.0042837969766221333 -0.0032948145962235498 0.0030217100618583183 -0.015145551837479869 -0.0049447021115703836 -0.0057273891215501469 -0.0006821266258312124 -0.013202043024629406 0.0090862338278276493 -0.007501536006954271 0.00028020716376898604 -0.0070211362956431773 0.00042352849304167243 0.00036301263326635533
leaf_weight=167 128 9126 6877 248 188 5749 8169 36 21073 1154 30 485 2430 39 420 13561 10011 7882 16048 238 9620 1141 6942 535 2899 13683 12309 1947 20499 4308
leaf_count=167 128 9126 6877 248 188 5749 8169 36 21073 1154 30 485 2430 39 420 13561 10011 7882 16048 238 9620 1141 6942 535 2899 13683 12309 1947 20499 4308
internal_value=-7.35098e-14 0.0027174 -0.00266387 0.000827215 0.00108841 0.00485417 -0.00496687 -0.00141525 -0.00219863 -0.00467001 -0.00208029 -0.0127223 0.00129278 -0.0197091 -0.0166645 0.00415262 0.00330148 -0.00569346 0.00139057 -0.0207845 -0.00299027 0.000852464 0.00139575 -0.0180285 0.00536221 -0.00696771 0.000183272 0.000493619 0.00115627 -0.00193546
internal_weight=177942 88086 89856 46740 46153 41346 31590 58266 43306 30888 43032 673 45480 587 548 35597 26471 22719 45232 274 30693 14960 13819 702 12910 14837 12339 29184 22929 6255
internal_count=177942 88086 89856 46740 46153 41346 31590 58266 43306 30888 43032 673 45480 587 548 35597 26471 22719 45232 274 30693 14960 13819 702 12910 14837 12339 29184 22929 6255
is_linear=0
shrinkage=0.05


Tree=54
num_leaves=31
num_cat=0
split_feature=9 8 6 1 5 2 6 8 4 3 11 11 0 2 3 2 8 4 6 0 9 12 6 7 6 2 11 8 6 4
split_gain=466.219 169.23 71.6892 60.8183 53.9366 45.9057 45.5075 44.5519 35.5187 50.7294 35.2158 33.5996 33.415 32.6979 34.6391 30.2729 26.2237 26.1319 25.6013 22.1972 21.9046 20.5546 20.3495 20.2321 19.077 19.4048 18.5154 19.2634 17.7224 59.738
threshold=0.33314650000000007 -1.1710170207348105 -4.5029023206443179 -0.12737734546564769 -2.713653027260031 0.38081101714822646 -5.265264817263815 -4.2364317837165881 -0.26547878921749274 0.29341414008651517 -0.053940499999999995 0.075602500000000031 0.025088073274127324 -0.53682862617440008 0.0077496821643641143 0.11043560746051696 -3.4593828502777817 -0.40282454009157564 0.63283129223687562 0.72245182591865209 0.12638750000000001 0.64357157203265014 -5.4236783576855485 -1.7890794010478708 -2.8034800695449191 0.94630251056425563 -0.16932099999999997 -3.188491287363465 0.77048256514291291 -0.01120762206227782
decision_type=2 2 2 2 2 2 2 2 2 2 2 2 2 2 2 2 2 2 2 2 2 2 2 2 2 2 2 2 2 2
left_child=2 3 10 17 6 7 15 -5 -4 16 -1 20 -9 21 -15 -3 -10 -2 -11 -16 -12 -6 -13 -22 -8 28 -14 -28 -26 -30
right_child=1 4 8 5 13 -7 24 12 9 18 11 22 26 14 19 -17 -18 -19 -20 -21 23 -23 -24 -25 25 -27 27 -29 29 -31
leaf_value=-0.031223982263748586 0.00570949092965101 -0.0024379136802797968 0.00050471219074898024 -0.073851613948742553 0.0095326422402310877 0.0026697156386496835 -0.0022684673465311143 0.00026936842588345928 -0.0067494153144516018 -0.00036120251232120838 -0.016736818146000403 -0.040448288081640034 -0.028994282522718563 0.003175960660856487 0.0067527299210889558 -0.081451572974522921 -0.0033817993846974579 0.0015330513307184072 -0.056973018944263459 0.022202386442689279 -0.0054691570347729351 0.025393174691978933 -0.0092658307730279707 -0.021300687338338023 0.0027315450549887455 0.0088112412647726856 -0.026796747421426126 -0.0023611829567604294 -0.0035182757807779123 -0.092065540701150902
leaf_weight=152 6379 22 7998 21 3038 10373 1984 23167 7107 13499 491 118 66 10788 12211 27 30979 9072 20 237 8044 219 94 207 10929 1292 81 18907 400 20
leaf_count=152 6379 22 7998 21 3038 10373 1984 23167 7107 13499 491 118 66 10788 12211 27 30979 9072 20 237 8044 219 94 207 10929 1292 81 18907 400 20
internal_value=-1.53239e-12 0.00202981 -0.00322698 0.000499283 0.0045604 -0.000310644 0.0021286 -0.0010425 -0.0025957 -0.00307622 -0.00735898 -0.00695385 -0.00100629 0.00590734 0.00524969 -0.0459761 -0.00401021 0.00325731 -0.000444954 0.00704688 -0.00647688 0.0105991 -0.0266221 -0.00586634 0.00228977 0.00300519 -0.00255731 -0.00246542 0.00234421 -0.00773481
internal_weight=177942 109233 68709 68066 41167 52615 14674 42242 59603 51605 9106 8954 42221 26493 23236 49 38086 15451 13519 12448 8742 3257 212 8251 14625 12641 19054 18988 11349 420
internal_count=177942 109233 68709 68066 41167 52615 14674 42242 59603 51605 9106 8954 42221 26493 23236 49 38086 15451 13519 12448 8742 3257 212 8251 14625 12641 19054 18988 11349 420
is_linear=0
shrinkage=0.05


Tree=55
num_leaves=31
num_cat=0
split_feature=6 8 6 11 0 11 9 6 8 3 7 0 4 7 3 1 2 0 7 5 4 11 0 4 1 2 11 11 5 6
split_gain=425.512 174.709 83.535 90.6588 71.5673 56.2674 46.1566 52.948 44.4636 35.6223 27.0236 30.325 26.7254 25.7645 24.7175 23.966 23.8144 26.5326 27.0644 23.2259 35.3315 25.1468 23.2037 22.3303 21.8588 21.0065 20.362 20.1698 20.0218 19.6631
threshold=-2.6514978970912058 -1.330001361725327 -4.5029023206443179 -0.12171299999999995 -0.091337841244420723 0.098041000000000031 0.8093950000000002 0.93084322875214942 -2.9990947092521254 0.30374629198430686 -4.393945809270706 0.1148049393873868 -0.31058422003613728 -1.2194443748768535 0.24638794487910656 0.23207149112331829 0.3656121814559718 0.0048563342635903348 -0.31774755435668245 -5.4884008251138487 -0.070152209350507463 0.013187999999999993 0.010204081632653074 -0.12532558793705498 1.4783098118279572 -0.19574561351825884 -0.015677999999999994 0.23900700000000002 -0.064956796685793003 -5.4236783576855485
decision_type=2 2 2 2 2 2 2 2 2 2 2 2 2 2 2 2 2 2 2 2 2 2 2 2 2 2 2 2 2 2
left_child=2 4 3 15 13 10 7 16 14 12 26 -12 -6 25 23 -1 17 18 -3 20 -9 -22 -8 -4 -24 -2 -5 29 -15 -7
right_child=1 6 8 5 9 27 22 19 -10 -11 11 -13 -14 28 -16 -17 -18 -19 -20 -21 21 -23 24 -25 -26 -27 -28 -29 -30 -31
leaf_value=-0.041724095541034262 0.0084786234997204554 0.0056709460163584594 -0.0023029702633033189 -0.027409545733536808 0.00090019736784169736 -0.04528431980668203 0.0089297662620385267 -0.0054234993195644132 -0.0013182206265461094 0.0015517805778054684 -0.0040029189848167501 -0.015435901482328119 -0.0023078720776057312 -0.0036711183206306801 -0.00097682256229772403 -0.10148526388406753 0.006107551429550221 0.001277678455937838 -0.0008020564340083078 -0.0065004233552752163 -0.10037468494847418 -0.025453954154536843 0.0034446409407437278 -0.00646919662346024 0.015204450765618728 0.0033319357413438447 -0.0097823370312662382 -0.067599172362436857 0.011015555853904464 -0.0086420287318432192
leaf_weight=51 3082 10022 4693 181 8890 69 7111 54 45740 14218 7736 627 24067 1516 4632 25 8132 11694 1925 584 24 21 4521 10221 433 5558 1727 36 274 78
leaf_count=51 3082 10022 4693 181 8890 69 7111 54 45740 14218 7736 627 24067 1516 4632 25 8132 11694 1925 584 24 21 4521 10221 433 5558 1727 36 274 78
internal_value=2.66666e-12 0.00210668 -0.00283775 -0.00697032 0.000288608 -0.00657474 0.00445906 0.00347749 -0.00217121 -0.000540065 -0.00608511 -0.00486009 -0.00144251 0.00403671 -0.0041673 -0.0613824 0.00377358 0.00297075 0.00462796 -0.0102967 -0.0326909 -0.0654117 0.00709957 -0.00515821 0.0044725 0.00516783 -0.0114545 -0.0340561 -0.00142299 -0.0258415
internal_weight=177942 102126 75816 10530 57605 10454 44521 32456 65286 47175 10271 8363 32957 10430 19546 76 31773 23641 11947 683 99 45 12065 14914 4954 8640 1908 183 1790 147
internal_count=177942 102126 75816 10530 57605 10454 44521 32456 65286 47175 10271 8363 32957 10430 19546 76 31773 23641 11947 683 99 45 12065 14914 4954 8640 1908 183 1790 147
is_linear=0
shrinkage=0.05


Tree=56
num_leaves=31
num_cat=0
split_feature=8 5 6 8 11 12 6 4 0 2 3 8 4 7 9 3 11 2 3 0 5 1 0 7 2 1 2 1 5 3
split_gain=390.23 118.955 86.6938 69.8691 52.1116 44.1125 53.4129 42.1496 41.9843 36.2751 35.2373 33.5708 27.0792 26.7697 22.5497 21.1416 21.0317 20.6316 20.5627 19.7389 19.645 19.0762 17.4649 20.4452 20.2601 17.4056 28.3617 17.1331 16.2969 19.4226
threshold=-2.0654246048930363 -1.4472539022235289 -5.265264817263815 -3.2699263684124049 -0.12171299999999995 -1.3042081810251844 0.055101617549080155 -0.61685194249414899 0.0048563342635903348 0.245449022423506 0.21961700568077705 -4.4623855739459852 -0.008279258309636826 -3.5964930703360429 0.14015625000000001 0.48845519167301349 0.043003000000000006 -0.1109000900090009 0.4068866712775418 -0.001296456594756412 -4.4032814884462663 -0.085525588833963315 0.088230676886138962 -1.0996626015919009 -0.21552761347067959 -0.15898458665404139 0.28749353671147887 0.69482394692892935 -7.4401265113540891 0.26932830143647729
decision_type=2 2 2 2 2 2 2 2 2 2 2 2 2 2 2 2 2 2 2 2 2 2 2 2 2 2 2 2 2 2
left_child=3 2 4 11 -2 6 13 -3 17 20 -9 19 -6 -4 -11 22 18 -5 21 -1 -10 -13 23 24 -15 -7 -27 -12 29 -8
right_child=1 7 5 8 12 25 28 10 9 14 27 16 -14 15 -16 -17 -18 -19 -20 -21 -22 -23 -24 -25 -26 26 -28 -29 -30 -31
leaf_value=-0.0046905477936620794 -0.089910038250188035 0.0090826384487921793 -0.013953645379625679 0.0017523965306679911 -0.006894977132702023 0.0046000216028407584 -0.016001652163485515 0.00223420655464822 -0.0056226778969979928 -0.0364439976994533 0.0054934781130758208 0.001390709169778889 -0.029493811837193247 0.0041218954411749373 -0.00015470569737038213 0.0029000885124575294 -0.01340647264185193 -0.0011560788111290598 0.0024248989253665113 -0.022183997033808189 -0.002759408788110063 -0.0053561075132131705 -0.0019204909643080045 -0.0042600205156189197 0.00031167355595361924 0.00028632723776416069 0.0043187053437765098 0.011939799320481887 -0.010499944108106778 -0.064525524523924113
leaf_weight=251 24 5134 321 8253 382 8976 58 12080 10155 43 8886 1128 203 4564 9585 7615 679 23344 1027 451 14608 14716 8814 1874 14810 10843 7294 1166 626 32
leaf_count=251 24 5134 321 8253 382 8976 58 12080 10155 43 8886 1128 203 4564 9585 7615 679 23344 1027 451 14608 14716 8814 1874 14810 10843 7294 1166 626 32
internal_value=4.63663e-13 0.00222012 0.00107883 -0.00246948 -0.0176995 0.00125256 0.000169368 0.00500097 -0.00171217 -0.00292105 0.00405413 -0.00520747 -0.014737 0.000424306 -0.000316779 0.000546803 -0.0047786 -0.000396398 -0.00443135 -0.0159292 -0.0039336 -0.00487577 -4.93071e-05 0.000726889 0.00120926 0.00279921 0.00190799 0.00624123 -0.0133602 -0.0332546
internal_weight=177942 93702 66436 84240 609 65827 38714 27266 65988 34391 22132 18252 585 37998 9628 37677 17550 31597 16871 702 24763 15844 30062 21248 19374 27113 18137 10052 716 90
internal_count=177942 93702 66436 84240 609 65827 38714 27266 65988 34391 22132 18252 585 37998 9628 37677 17550 31597 16871 702 24763 15844 30062 21248 19374 27113 18137 10052 716 90
is_linear=0
shrinkage=0.05


Tree=57
num_leaves=31
num_cat=0
split_feature=8 9 6 1 3 1 2 6 7 10 7 10 0 8 7 1 2 0 4 9 7 6 5 4 0 11 8 8 5 11
split_gain=354.652 123.488 77.5221 60.4486 50.1904 41.3822 44.86 40.0956 35.6511 35.4578 35.4269 32.339 26.6128 26.3697 34.7694 25.9229 24.1568 23.2375 22.9001 21.4573 20.9558 26.4963 20.454 20.1815 19.806 18.9667 17.9482 16.6268 16.6035 16.5444
threshold=-2.2619594557174731 0.54325400000000013 -5.6288607342000709 -0.056624388875383395 0.30876779478157573 -0.33631619688234032 0.6445919671432786 0.25395204702147584 -5.161602059988339 0.020233000000000004 -3.648968847089034 0.11409999999999998 1.0000000180025095e-35 -3.3578790719659444 -5.161602059988339 -0.25482090632769494 0.37275450107883418 0.018566673651217339 -0.84944795906032144 0.21593700000000002 -1.4224287275295164 -1.8666838229524176 -3.958401207119111 -1.0000000180025095e-35 -0.089202375688555033 0.056350500000000033 -0.51388435947538114 -1.0915752352345278 -2.1825179938777137 -0.16932099999999997
decision_type=2 2 2 2 2 2 2 2 2 2 2 2 2 2 2 2 2 2 2 2 2 2 2 2 2 2 2 2 2 2
left_child=3 2 9 28 13 18 12 10 23 -2 -4 -11 -7 25 -15 -12 17 20 -3 27 24 -22 -9 -6 -17 -5 29 -13 -1 -14
right_child=1 5 7 4 8 6 -8 22 -10 11 15 19 26 14 -16 16 -18 -19 -20 -21 21 -23 -24 -25 -26 -27 -28 -29 -30 -31
leaf_value=-0.00063015980922074796 -0.036158591103444375 0.014804543018344725 -0.013095870215647069 -0.0060494301265436182 -0.01620786655316683 0.0038495095928656417 0.006881525301754835 -0.021949576578739347 -0.00056752353997398361 0.0040339569293367889 0.0044170640658831349 -0.032242251625447943 -0.025634397013169347 -0.040972033172335116 -0.0034910562636737696 0.0045856791762319158 0.0027222763198957237 -0.0010415404591804741 0.0062746995086166504 -0.061802565114838739 -0.0063302103543755499 0.0011271492426697199 -0.0051839632427731304 -0.063972221014018241 0.00096220053889037142 -0.019757403404805668 0.0030292851774311757 0.011936958627227476 0.0039095870546655559 -0.00050164086278904293
leaf_weight=12260 189 891 458 11502 148 13833 6650 251 13529 193 4740 57 66 62 30707 5081 10692 23234 6732 35 1924 3127 661 26 14630 258 5248 34 2410 8314
leaf_count=12260 189 891 458 11502 148 13833 6650 251 13529 193 4740 57 66 62 30707 5081 10692 23234 6732 35 1924 3127 661 26 14630 258 5248 34 2410 8314
internal_value=1.88532e-12 0.00181672 0.000459102 -0.00274268 -0.00348837 0.00394114 0.00319685 0.000611632 -0.000856752 -0.018997 0.000760237 -0.00882912 0.00230456 -0.00433629 -0.00356658 0.000860289 0.000573022 9.4236e-05 0.00727169 -0.0285321 0.00115993 -0.00171347 -0.00979818 -0.0233451 0.00189624 -0.00635017 0.000736365 -0.0157357 0.000115634 -0.000699584
internal_weight=177942 107040 65306 70902 56232 41734 34111 64798 13703 508 63886 319 27461 42529 30769 63428 58688 47996 7623 126 24762 5051 912 174 19711 11760 13628 91 14670 8380
internal_count=177942 107040 65306 70902 56232 41734 34111 64798 13703 508 63886 319 27461 42529 30769 63428 58688 47996 7623 126 24762 5051 912 174 19711 11760 13628 91 14670 8380
is_linear=0
shrinkage=0.05


Tree=58
num_leaves=31
num_cat=0
split_feature=6 0 6 8 11 11 6 2 5 4 2 6 9 6 8 8 0 7 5 4 3 10 7 4 7 9 6 4 5 6
split_gain=326.141 101.231 84.9813 77.09 58.7803 53.9257 40.0181 35.329 34.7269 28.2888 33.3076 27.9304 27.8146 25.9774 24.293 23.9097 20.8275 20.0595 18.5775 18.1581 22.6394 22.4806 22.2574 17.9769 22.0954 24.723 23.0886 17.6474 16.3538 29.3598
threshold=-2.2893127348059941 -0.13873858063509706 -3.6315628437797045 -1.4883477874779734 -0.12171299999999995 0.098041000000000031 -5.265264817263815 1.3466460679756804 0.24216352141177874 -0.40282454009157564 0.37275450107883418 -1.0378690880334245 0.17271375000000003 -5.4236783576855485 -2.8667743408059096 -4.4623855739459852 0.017694510695901226 -1.8021122873393804 -3.3248699772313701 -0.26547878921749274 0.37267803926863602 -0.01295500000000002 -1.3762185091992478 -0.69300455927051663 -0.16936222881315599 0.70460950000000011 0.11646383468110381 -0.25030158395238677 -2.7778048608761918 0.93084322875214942
decision_type=2 2 2 2 2 2 2 2 2 2 2 2 2 2 2 2 2 2 2 2 2 2 2 2 2 2 2 2 2 2
left_child=2 8 4 11 6 12 -1 17 23 -4 16 14 -6 -7 -3 -14 -11 -5 -13 -17 21 22 -21 -2 26 -26 27 -25 29 -19
right_child=1 3 9 7 5 13 -8 -9 -10 10 -12 18 15 -15 -16 19 -18 28 -20 20 -22 -23 -24 24 25 -27 -28 -29 -30 -31
leaf_value=-0.071182137158197864 0.0090428911596649505 -0.0048232399553194477 0.0017921905913125186 -0.0015799057030679365 -0.0075977468246199572 -0.046466230333058377 -0.015973014524141117 0.0092423537703312224 0.011717717296410003 -0.00086792852140855534 0.0019686147259426736 -0.0088427437579970524 -0.024816820759502218 -0.01546240063767358 0.00071011726998897098 -5.7872749453079875e-05 -0.0029529671411321371 0.0017690892362887207 -0.0017990231719552914 -0.0083790452488301959 -0.00023974152695486708 -0.0037378394499483453 -0.042130987949669366 0.0070089047393297526 -0.0098880387537310689 0.0028166046533057371 -0.0047809841276620791 0.00058290197668408922 0.0038264922504489007 -0.017576618966297249
leaf_weight=52 2259 2147 8204 2560 4090 90 89 2180 2287 26480 6628 1368 127 271 26055 4216 21868 10111 2965 2114 4042 16449 50 6388 533 1360 538 1283 20938 200
leaf_count=52 2259 2147 8204 2560 4090 90 89 2180 2287 26480 6628 1368 127 271 26055 4216 21868 10111 2965 2114 4042 16449 50 6388 533 1360 538 1283 20938 200
internal_value=-3.46837e-12 0.00228497 -0.00200533 0.00147847 -0.00412277 -0.00397836 -0.0363338 0.00307302 0.00605783 -0.000946615 -0.00135532 -0.000285366 -0.00375525 -0.0231919 0.000288866 -0.00317314 -0.001811 0.00267522 -0.00402284 -0.00307084 -0.00363154 -0.00436811 -0.0091589 0.00501066 0.00410897 -0.000760561 0.00523189 0.00593413 0.00302381 0.00139385
internal_weight=177942 83172 94770 68524 31590 31449 141 35989 14648 63180 54976 32535 31088 361 28202 26998 48348 33809 4333 26871 22655 18613 2164 12361 10102 1893 8209 7671 31249 10311
internal_count=177942 83172 94770 68524 31590 31449 141 35989 14648 63180 54976 32535 31088 361 28202 26998 48348 33809 4333 26871 22655 18613 2164 12361 10102 1893 8209 7671 31249 10311
is_linear=0
shrinkage=0.05


Tree=59
num_leaves=31
num_cat=0
split_feature=6 8 6 11 1 11 3 5 8 6 2 7 0 7 11 3 2 4 2 1 0 3 11 0 7 0 7 0 4 12
split_gain=295.833 120.518 59.9656 68.5159 54.929 44.6623 44.4858 35.6115 30.2092 26.9803 24.2019 24.1939 23.6414 25.3399 23.587 23.3301 23.3286 22.9965 20.6429 19.2768 18.9586 17.1723 15.1089 15.0147 20.4562 14.9894 15.0357 14.4732 14.1535 13.6858
threshold=-2.6514978970912058 -1.330001361725327 -4.5029023206443179 -0.12171299999999995 -0.11223585713080274 0.23900700000000002 0.18326693227091653 -0.064956796685793003 -2.8530307730622857 1.5336608685699544 -0.091377755807286007 -1.0817425478701785 0.1148049393873868 -4.393945809270706 0.045463499999999983 0.34839787408102879 1.3466460679756804 -0.5766785785251235 0.069520878094752395 0.23207149112331829 -0.03172649536397442 1.3782981000802785 -0.047198500000000025 0.038837223037467401 -0.31774755435668245 -0.039643608366075327 -0.90977502429082058 0.14094055472048564 -0.23342018452266908 -0.63468319953373664
decision_type=2 2 2 2 2 2 2 2 2 2 2 2 2 2 2 2 2 2 2 2 2 2 2 2 2 2 2 2 2 2
left_child=2 4 3 19 10 12 28 9 14 16 25 -9 13 21 15 20 17 27 23 -1 -4 -5 -14 24 -19 26 -2 -3 -6 -26
right_child=1 7 8 5 6 -7 -8 11 -10 -11 -12 -13 22 -15 -16 -17 -18 18 -20 -21 -22 -23 -24 -25 29 -27 -28 -29 -30 -31
leaf_value=-0.035539649613886413 0.0065124851742177558 0.00617422958052323 -0.00059800148418346103 -0.0093221852941725667 -0.00054877848362627931 -0.061119198669782951 0.0011254596594193599 -0.0018876111202336288 -0.0009788080251629369 -0.010784472756018534 -0.00021303815375139066 0.0077617077952742558 -0.055248341226780961 -0.0034370045084293451 -0.011373597208425788 0.0010760125507450144 0.0087187792023919377 0.0034540375185359005 0.0036220180585183797 -0.089136513948440563 -0.0043411985966160319 -0.055891280733048922 -0.01310093592006739 -0.001124959290959145 -0.0078061728278314944 0.0014489952646881638 -0.003322138596251115 0.00080533633879345729 -0.0030233592700880303 0.002024424566895324
leaf_weight=51 5909 6868 4307 1939 9590 36 20559 718 41191 348 3834 6820 22 7802 853 3173 1822 6397 12886 25 15762 20 635 5705 752 2759 416 1536 14538 669
leaf_count=51 5909 6868 4307 1939 9590 36 20559 718 41191 348 3834 6820 22 7802 853 3173 1822 6397 12886 25 15762 20 635 5705 752 2759 416 1536 14538 669
internal_value=-2.16941e-12 0.00175657 -0.00236615 -0.00586751 0.000246562 -0.00552362 -0.000583571 0.00371036 -0.00180141 0.00307193 0.00311823 0.0068426 -0.0053315 -0.00471356 -0.00320768 -0.00290798 0.00320355 0.00291491 0.00218997 -0.0531702 -0.00353787 -0.00979762 -0.0145123 0.000825385 0.0022486 0.00452422 0.00586565 0.00519296 -0.0020398 -0.00317797
internal_weight=177942 102126 75816 10530 57605 10454 44687 44521 65286 36983 12918 7538 10418 9761 24095 23242 36635 34813 26409 76 20069 1959 657 13523 7818 9084 6325 8404 24128 1421
internal_count=177942 102126 75816 10530 57605 10454 44687 44521 65286 36983 12918 7538 10418 9761 24095 23242 36635 34813 26409 76 20069 1959 657 13523 7818 9084 6325 8404 24128 1421
is_linear=0
shrinkage=0.05


Tree=60
num_leaves=31
num_cat=0
split_feature=8 5 1 6 3 7 2 4 2 11 4 10 3 4 11 4 11 6 11 2 3 1 4 7 9 7 4 2 4 5
split_gain=270.105 72.3336 63.7098 56.3336 53.9709 47.6498 37.5842 34.5967 31.4778 26.3339 24.9773 24.8736 24.3356 30.4968 26.8844 46.3497 23.7672 23.4584 22.9732 21.7826 19.2218 20.4316 18.8374 19.0654 18.782 18.2357 17.6873 17.4418 17.2411 17.0566
threshold=-1.8728762748764103 -2.1825179938777137 -0.062755709156187209 -5.1408218052258094 0.17922089157703006 -5.161602059988339 -0.50377381181668313 -0.22270543278423841 1.3466460679756804 -0.12171299999999995 -1.0000000180025095e-35 -0.0013449999999999849 0.49784612448207582 -0.36382301150200441 -0.16932099999999997 -0.076962762393466874 -0.10012049999999999 -5.265264817263815 -0.012726499999999972 0.16666666666666688 1.0000000180025095e-35 -0.32479608610261873 -0.40741102077687441 -1.591352304878491 0.12638750000000001 -3.7340469928490099 -0.31421014592579727 0.23308534216719504 -0.008279258309636826 -3.6978830943081467
decision_type=2 2 2 2 2 2 2 2 2 2 2 2 2 2 2 2 2 2 2 2 2 2 2 2 2 2 2 2 2 2
left_child=2 3 18 9 7 10 -3 -4 20 -2 11 -6 13 -5 15 -15 17 -9 -1 -18 21 -8 -20 -24 27 -16 -22 -7 -11 -26
right_child=1 6 4 12 5 24 8 16 -10 28 -12 -13 -14 14 25 -17 19 -19 22 -21 26 -23 23 -25 29 -27 -28 -29 -30 -31
leaf_value=0.0042301207817899301 -0.067453520809826639 0.0084780843201877742 -0.0010728178832730612 0.0020272068442045515 -0.037820710667874666 -0.0086383363671319671 0.0062900701596818476 -0.075064361449331041 0.0100228348372687 -0.0061905784989315753 -0.05575116221708331 -0.0039467694695174164 0.0030468244641908889 0.0042299998602990446 -0.020697044252690453 -0.092012759602882646 -0.0050352954306549349 -0.016609481425786561 0.0032638922683174559 -0.0019718967884168157 0.0065897141242063223 0.00079174032401535641 -0.00042179887705725303 -0.0077631956005055971 -0.001758505786118016 -0.00081047697544694595 0.0030014365965629645 -0.058636618348268367 -0.025076287720973298 0.00055467982679300166
leaf_weight=3654 23 3800 10117 14426 80 53 1954 20 1620 345 44 168 10667 29 116 22 25154 121 3341 7543 4796 12486 13572 946 17152 18501 12095 26 186 14885
leaf_count=3654 23 3800 10117 14426 80 53 1954 20 1620 345 44 168 10667 29 116 22 25154 121 3341 7543 4796 12486 13572 946 17152 18501 12095 26 186 14885
internal_value=-3.78254e-12 0.00212954 -0.001782 0.000769412 -0.00246708 -0.000926612 0.00376961 -0.0036293 0.00322661 -0.0150747 -0.0210334 -0.0148738 0.000969993 0.00030058 -0.0010337 -0.0372865 -0.00441692 -0.024901 0.0006179 -0.00432859 0.00287521 0.00153577 -0.00012117 -0.000900168 -0.0007438 -0.000934387 0.00402029 -0.0250935 -0.0128059 -0.000683756
internal_weight=177942 81066 96876 44315 75363 32408 36751 42955 32951 554 292 248 43761 33094 18668 51 32838 141 21513 32697 31331 14440 17859 14518 32116 18617 16891 79 531 32037
internal_count=177942 81066 96876 44315 75363 32408 36751 42955 32951 554 292 248 43761 33094 18668 51 32838 141 21513 32697 31331 14440 17859 14518 32116 18617 16891 79 531 32037
is_linear=0
shrinkage=0.05


Tree=61
num_leaves=31
num_cat=0
split_feature=8 5 6 1 2 11 0 2 4 6 6 7 0 8 6 3 3 1 4 10 10 10 3 11 11 0 11 7 6 7
split_gain=247.596 90.5053 60.7969 46.5436 41.9915 35.6386 34.6694 32.3504 44.1996 29.8862 27.6656 22.952 22.7646 20.5519 23.5821 21.5191 20.5239 20.1919 20.1129 20.0701 24.7705 19.5447 19.5356 18.9124 21.7483 17.8519 17.2281 17.1245 17.3674 15.487
threshold=-2.2619594557174731 -1.4472539022235289 -5.6288607342000709 -0.044115793531932505 0.16666666666666688 -0.12171299999999995 -0.16086564361084335 0.58214155718098959 -0.40282454009157564 0.93084322875214942 -5.265264817263815 -3.3360917540934358 -0.0068680198678754403 -4.4623855739459852 -6.5848101596763264 0.21559788125973325 -0.29329357812793205 0.64705882352941191 -0.24449996825490225 0.020233000000000004 0.11409999999999998 -0.038835000000000001 0.12344963510669039 0.019736000000000007 -0.068962999999999983 -0.016486230432416978 -0.0099159999999999787 0.098584096621569903 -1.3135689508290949 -2.1391864745239486
decision_type=2 2 2 2 2 2 2 2 2 2 2 2 2 2 2 2 2 2 2 2 2 2 2 2 2 2 2 2 2 2
left_child=3 2 5 25 13 -2 -3 8 12 11 23 -10 27 14 -5 18 -14 -8 -15 -7 -21 -11 -13 24 -6 26 -1 -4 -29 -28
right_child=1 6 7 4 10 19 17 -9 9 21 -12 22 16 15 -16 -17 -18 -19 -20 20 -22 -23 -24 -25 -26 -27 29 28 -30 -31
leaf_value=0.0051551249761666454 -0.077142865793860482 0.0073068264991380596 0.004454372028841933 -0.036017179717214742 -0.052616856472256279 -0.027012021170949942 0.002566864384413899 0.0037688388168988455 -0.0086871499433436253 -0.06094124836560625 -0.000746405968755638 -0.0011929260431167619 -0.001063962262940484 -0.0013553840698889148 -0.0087722283748849824 -0.0016746748598370515 0.0047925480283028512 0.0078260431478687689 -0.005194235931507433 0.0050313982424718632 -0.023088022824242497 -0.014006338392489201 0.00080824291356364718 -0.024735960546078989 -0.0039484299604906443 -0.002273970101707243 0.0010381593077756054 -0.011122489352143309 0.0019491956810042872 -0.0048928576921860867
leaf_weight=2172 23 5966 10548 98 24 178 20867 7965 806 26 18383 24100 6158 4038 419 8293 1976 2000 22010 197 130 151 24689 180 527 5731 7744 353 907 1283
leaf_count=2172 23 5966 10548 98 24 178 20867 7965 806 26 18383 24100 6158 4038 419 8293 1976 2000 22010 197 130 151 24689 180 527 5731 7744 353 907 1283
internal_value=9.23515e-13 0.00151796 0.000635169 -0.00229164 -0.00300913 -0.016274 0.00391244 0.000750104 0.000405206 -0.000391708 -0.00112573 -0.000318513 0.00239417 -0.00404187 -0.0139366 -0.00389291 0.000358765 0.00302684 -0.00459913 -0.0135018 -0.00614758 -0.0209007 -0.000180262 -0.010665 -0.00606829 -4.32498e-06 0.00115715 0.00379627 -0.00171295 0.000195189
internal_weight=177942 107040 78207 70902 53972 528 28833 77679 69714 49772 19114 49595 19942 34858 517 34341 8134 22867 26048 505 327 177 48789 731 551 16930 11199 11808 1260 9027
internal_count=177942 107040 78207 70902 53972 528 28833 77679 69714 49772 19114 49595 19942 34858 517 34341 8134 22867 26048 505 327 177 48789 731 551 16930 11199 11808 1260 9027
is_linear=0
shrinkage=0.05


Tree=62
num_leaves=31
num_cat=0
split_feature=6 8 6 11 0 11 4 2 7 2 3 4 6 9 11 5 3 12 10 7 11 4 3 6 5 0 0 1 6 4
split_gain=226.795 91.3824 46.6145 52.5933 46.0676 39.1006 29.5777 31.6301 26.277 25.5058 24.7852 27.8241 23.0343 21.9665 20.7611 19.3155 18.5478 17.5868 17.3176 16.8297 16.4796 16.4359 21.6078 16.1103 19.1632 16.8231 15.9002 15.7961 15.2343 14.2821
threshold=-2.6514978970912058 -1.330001361725327 -4.5029023206443179 -0.12171299999999995 -0.081373218719656068 0.23900700000000002 -0.77267741523881084 1.3466460679756804 -1.2674497072804709 0.29769889246789921 0.48845519167301349 -0.24449996825490225 1.1472761162263767 0.61724450000000008 0.065730500000000011 0.15921817236302443 0.10552869879155159 0.64357157203265014 -0.011841000000000044 -1.6468226405118584 -0.015677999999999994 -0.31058422003613728 0.18724384815654663 -5.9507593418597535 -7.9525120142537178 0.10058980272655484 0.0031674650102562212 0.23207149112331829 -0.10932948288293921 -0.25313108919726296
decision_type=2 2 2 2 2 2 2 2 2 2 2 2 2 2 2 2 2 2 2 2 2 2 2 2 2 2 2 2 2 2
left_child=2 4 3 27 8 14 17 12 -2 21 11 -4 19 -14 18 28 26 -3 20 -8 23 -6 -23 24 -5 -25 -13 -1 -10 -20
right_child=1 6 10 5 9 -7 7 -9 15 -11 -12 16 13 -15 -16 -17 -18 -19 29 -21 -22 22 -24 25 -26 -27 -28 -29 -30 -31
leaf_value=-0.030642606292431263 0.0041019453128018669 0.0067041231254334772 -4.2275369760944815e-05 -0.010020252921291301 0.00081306268280263326 -0.056876442620220284 -0.00049954637289759119 0.0083730796706571794 -0.0018822752714697491 0.0016653110813422247 0.001153834288300857 -0.0018855515576143929 -0.019283350718982309 -0.0010438531948546324 -0.01677478276540691 0.010974236979211627 -0.0015677791722623427 0.019525058962310021 0.0023015553350502821 0.0030694903640559861 -0.0062541416047453852 -0.0028884242715520106 4.4312389925442407e-06 -0.0087892812935531552 -0.057485782376257705 -0.052606752964978423 -0.0047354949042875145 -0.079159832328557972 -0.014706362076242175 -0.0041363690093101108
leaf_weight=51 9742 2867 14694 37 8219 36 3655 2467 1665 10483 7386 7943 214 722 343 255 22513 295 971 34301 1105 16273 10699 251 50 24 12750 25 269 7637
leaf_count=51 9742 2867 14694 37 8219 36 3655 2467 1665 10483 7386 7943 214 722 343 255 22513 295 971 34301 1105 16273 10699 251 50 24 12750 25 269 7637
internal_value=1.45911e-12 0.00153801 -0.00207174 -0.00515881 0.000223135 -0.00485752 0.00323931 0.00288297 0.00298966 -0.000499538 -0.00157383 -0.00192178 0.00253472 -0.00521399 -0.00467776 -0.00196052 -0.00256098 0.00790026 -0.00426592 0.00272581 -0.00928735 -0.00114442 -0.00174091 -0.0185462 -0.0372993 -0.0126134 -0.00364155 -0.0466022 -0.00366598 -0.00341016
internal_weight=177942 102126 75816 10530 57605 10454 44521 41359 11931 45674 65286 57900 38892 936 10418 2189 43206 3162 10075 37956 1467 35191 26972 362 87 275 20693 76 1934 8608
internal_count=177942 102126 75816 10530 57605 10454 44521 41359 11931 45674 65286 57900 38892 936 10418 2189 43206 3162 10075 37956 1467 35191 26972 362 87 275 20693 76 1934 8608
is_linear=0
shrinkage=0.05


Tree=63
num_leaves=31
num_cat=0
split_feature=8 5 7 1 2 4 3 11 4 0 0 6 3 8 6 3 11 11 7 9 11 6 1 10 4 12 6 10 0 0
split_gain=205.539 76.9409 54.0862 40.3454 36.467 30.8041 37.5584 30.7775 56.3818 28.0567 25.0978 23.4188 19.8165 17.6634 20.6071 18.6212 16.7663 18.4232 16.6169 26.6844 16.2856 16.2374 15.6459 15.3801 15.2771 14.5905 14.4984 13.9994 13.8782 13.8698
threshold=-2.2619594557174731 -1.1072727444525567 -3.648968847089034 -0.044115793531932505 0.16666666666666688 -0.40741102077687441 0.48845519167301349 -0.16932099999999997 -0.02732442227441861 -0.23709229966973752 -0.015502252186423258 -5.265264817263815 -0.29329357812793205 -4.4623855739459852 -6.5848101596763264 0.26932830143647729 0.019736000000000007 -0.068962999999999983 -0.16936222881315599 0.72901825000000009 -0.011463499999999986 -5.9507593418597535 0.64705882352941191 0.20122450000000003 -0.24449996825490225 -1.5746750752024983 -4.2576695402901406 0.0050005000000000197 0.01678634459463724 0.080497632071139816
decision_type=2 2 2 2 2 2 2 2 2 2 2 2 2 2 2 2 2 2 2 2 2 2 2 2 2 2 2 2 2 2
left_child=3 2 -2 20 13 10 7 8 -7 -3 18 16 -12 14 27 24 17 -6 -4 -20 -1 -8 28 -9 -15 -13 -25 -5 -11 -18
right_child=1 9 5 4 11 6 21 23 -10 22 12 25 -14 15 -16 -17 29 -19 19 -21 -22 -23 -24 26 -26 -27 -28 -29 -30 -31
leaf_value=0.0035245365482022492 -0.013541017201775474 0.0083793380159639438 0.0047359887999767402 -0.052430190153572025 -0.048292025939250992 -0.010129467756049431 -0.030898094172211916 -0.00038156521090286814 -0.1001723115997655 0.004209786950696807 -0.0008574067983340239 -0.00048642972188363189 0.0045007447268907994 -0.0012669933052807062 -0.0080638067162237832 -0.0010216059885571726 -0.017582081483068088 -0.0034982960424107634 -0.0095388431444559038 0.0031068807944051014 -0.00064885092683089173 0.0022598927097060672 0.0077590417091949627 -0.036678225775672632 -0.0045822667805033093 -0.01264853059090674 -0.0065913208622699268 -0.014634509861697349 0.0014370820686513252 -0.05841151479010781
leaf_weight=2801 663 3095 10219 49 24 101 37 43604 21 9014 7058 18133 2284 4052 419 5891 156 527 554 1689 14129 17413 1761 44 24398 250 445 49 9038 24
leaf_count=2801 663 3095 10219 49 24 101 37 43604 21 9014 7058 18133 2284 4052 419 5891 156 527 554 1689 14129 17413 1761 44 24398 250 445 49 9038 24
internal_value=1.99437e-12 0.00138304 0.000683537 -0.00208796 -0.00275597 0.000796524 0.00022536 -0.000549846 -0.0256286 0.00395203 0.00241186 -0.00100083 0.000452593 -0.00371838 -0.0128915 -0.00358028 -0.00977742 -0.00544938 0.0038806 -1.64946e-05 4.16191e-05 0.00218959 0.00326044 -0.000480456 -0.00411009 -0.000651828 -0.00929853 -0.0335324 0.00282159 -0.023026
internal_weight=177942 107040 84132 70902 53972 83469 61665 44215 122 22908 21804 19114 9342 34858 517 34341 731 551 12462 2243 16930 17450 19813 44093 28450 18383 489 98 18052 180
internal_count=177942 107040 84132 70902 53972 83469 61665 44215 122 22908 21804 19114 9342 34858 517 34341 731 551 12462 2243 16930 17450 19813 44093 28450 18383 489 98 18052 180
is_linear=0
shrinkage=0.05


Tree=64
num_leaves=31
num_cat=0
split_feature=6 0 2 7 4 4 3 11 0 11 11 2 6 3 6 5 7 1 8 7 8 7 7 11 6 7 4 2 4 7
split_gain=188.575 77.7797 55.9812 40.178 33.5549 28.6975 27.263 25.6696 25.5696 44.3505 24.596 22.6591 27.817 21.2199 18.036 17.5678 18.1839 15.6782 15.5904 22.2375 22.2766 20.6152 17.7636 16.1395 14.8694 14.8374 14.7313 14.7041 14.4656 14.4626
threshold=-2.6514978970912058 -0.091337841244420723 0.54644438269889783 -3.9872842925641923 -0.38921455872928673 -0.6808459810309947 0.18724384815654663 0.050944499999999983 0.036766679296517453 -0.16932099999999997 -0.019520499999999965 0.2824871774844438 -6.5848101596763264 -0.090523965688526151 0.93084322875214942 -0.521057868042614 0.44872225748981875 0.69482394692892935 -2.5176880911085076 -1.6195366679135275 -1.6921243607165941 -2.3243998647785662 -1.0630959946604575 0.098041000000000031 0.32982968531293849 0.80128946296928849 -0.34034423097563588 0.015448663119496444 -0.25924711596842742 -4.7159546743213054
decision_type=2 2 2 2 2 2 2 2 2 2 2 2 2 2 2 2 2 2 2 2 2 2 2 2 2 2 2 2 2 2
left_child=3 5 4 7 13 -2 14 10 18 -10 29 26 -13 -3 -6 16 24 -4 21 -20 -21 23 -22 -5 28 -14 -11 -18 -7 -1
right_child=1 2 17 8 6 15 -8 -9 9 11 -12 12 25 -15 -16 -17 27 -19 19 20 22 -23 -24 -25 -26 -27 -28 -29 -30 -31
leaf_value=-0.027857173323168467 0.007833667132248744 0.0012909791376612936 0.0029378652345249971 -0.0012340455062692865 -0.0014837949133097628 0.0040124088506365077 0.00077249860439543565 -0.019282365149691102 -0.056753477178464989 -0.00011530315888864176 -0.0040000368610072475 -0.028698912220785307 0.0004363416442551974 0.0063127833925491969 -0.018697317109045306 0.0061624947982180586 -0.013258045013993981 0.0074753301559912118 0.0010821730744449939 -0.010463154274653802 0.0034051954935479392 -0.0094946604997878711 -0.0057687671323914174 -0.017796494965315671 -0.0050267850246823965 -0.034240582633403037 -0.0041184747673026793 0.0047862165575211797 0.00069866791502650914 -0.0094236629055321174
leaf_weight=164 3840 14348 8215 23909 28198 10859 21883 322 38 2672 6230 84 6262 2465 153 3864 325 2478 15457 853 1126 800 993 148 598 31 16424 173 4727 303
leaf_count=164 3840 14348 8215 23909 28198 10859 21883 322 38 2672 6230 84 6262 2465 153 3864 325 2478 15457 853 1126 800 993 148 598 31 16424 173 4727 303
internal_value=1.34552e-16 0.00140244 0.000629615 -0.00188913 9.37824e-05 0.00386614 -0.000553333 -0.00549268 -0.00152147 -0.00277709 -0.00482965 -0.00269657 -0.00011601 0.00202724 -0.00157669 0.00312462 0.00242096 0.00398938 -0.000781464 0.000320579 -0.00364038 -0.00159852 -0.000893882 -0.00133594 0.00271054 0.000265519 -0.00355833 -0.00698966 0.0030074 -0.0158971
internal_weight=177942 102126 77740 75816 67047 24386 50234 7019 68797 25511 6697 25473 6377 16813 28351 20546 16682 10693 43286 18429 2972 24857 2119 24057 16184 6293 19096 498 15586 467
internal_count=177942 102126 77740 75816 67047 24386 50234 7019 68797 25511 6697 25473 6377 16813 28351 20546 16682 10693 43286 18429 2972 24857 2119 24057 16184 6293 19096 498 15586 467
is_linear=0
shrinkage=0.05


Tree=65
num_leaves=31
num_cat=0
split_feature=6 0 6 8 11 11 6 1 1 5 8 6 2 1 6 7 12 0 10 10 7 6 4 7 1 1 6 4 5 9
split_gain=171.174 60.9842 51.6335 42.2057 38.6959 34.982 27.1629 23.0728 21.6321 20.19 19.337 19.2445 18.8293 22.7232 18.2375 18.147 24.2445 18.0752 16.9584 18.981 14.9774 14.8707 14.5372 14.3036 14.1725 13.1015 15.3588 33.7318 16.0723 12.6941
threshold=-2.2492424854530566 -0.16086564361084335 -3.6315628437797045 -1.4757333452207306 0.098041000000000031 -0.12171299999999995 -0.63063733605715522 0.21566931947618809 0.69482394692892935 0.076292878965492708 -2.5059865761843834 -1.3518649618610676 0.45383000286484204 -0.087977593099570081 -5.4236783576855485 0.44872225748981875 0.25284675567315007 -0.049255799425664541 0.11409999999999998 -0.01295500000000002 -0.96987704204000069 -5.6288607342000709 -0.0033551930016312843 -1.8765470533813149 0.086540998579257136 -0.24778226798039246 0.93084322875214942 -0.0053339260576424899 -4.7268763996533627 0.33314650000000007
decision_type=2 2 2 2 2 2 2 2 2 2 2 2 2 2 2 2 2 2 2 2 2 2 2 2 2 2 2 2 2 2
left_child=2 9 4 6 5 7 10 -1 23 15 11 17 13 20 24 -2 -17 -3 19 21 -4 22 -7 -5 -6 -25 -27 -28 -29 -11
right_child=1 3 12 8 14 18 -8 -9 -10 29 -12 -13 -14 -15 -16 16 -18 -19 -20 -21 -22 -23 -24 25 -26 26 27 28 -30 -31
leaf_value=-0.0158952290955044 0.0047218154809037039 0.0035816723613218866 0.0014413822972074014 -0.0023333409276978519 -0.018111786815922622 -0.010162648330481413 -0.0059961191195814535 -0.062280907467033512 0.0061009855291637135 0.047779508751063127 0.00077208479049614329 -0.010804793332414643 0.0024439394099842111 -0.001371814122691914 -0.012877824690753107 -0.00778098670798473 0.0079369681323890693 -0.0032163008269897051 -0.0078578666228583099 -0.0020181333369738166 -0.0046469060375442786 -0.0047564516203768151 -0.034270365267720877 0.0043811350718765754 -0.057833788670757981 0.0018654797155110336 -0.0020646733158951975 -0.070804239035798952 -0.020053007544424292 0.0087345239835489516
leaf_weight=105 8570 1322 12495 1884 43 300 1898 36 3372 21 24798 616 4669 47023 271 689 381 3756 1560 25681 1099 3468 79 5448 47 25361 500 26 39 2385
leaf_count=105 8570 1322 12495 1884 43 300 1898 36 3372 21 24798 616 4669 47023 271 689 381 3756 1560 25681 1099 3468 79 5448 47 25361 500 26 39 2385
internal_value=2.138e-12 0.00169527 -0.0014186 0.00112235 -0.00307805 -0.0028899 -0.000192519 -0.0277384 0.00228501 0.00497792 0.000168731 -0.00245894 -0.000615644 -0.000851307 -0.0193543 0.00395527 -0.00218422 -0.00144653 -0.0027772 -0.00250878 0.000949178 -0.00578412 -0.0151877 0.00189812 -0.0388555 0.00215221 0.00168384 -0.00646958 -0.0403535 0.00907532
internal_weight=177942 81066 96876 69020 31590 31229 32390 141 36630 12046 30492 5694 65286 60617 361 9640 1070 5078 31088 29528 13594 3847 379 33258 90 31374 25926 565 65 2406
internal_count=177942 81066 96876 69020 31590 31229 32390 141 36630 12046 30492 5694 65286 60617 361 9640 1070 5078 31088 29528 13594 3847 379 33258 90 31374 25926 565 65 2406
is_linear=0
shrinkage=0.05


Tree=66
num_leaves=31
num_cat=0
split_feature=8 5 6 4 0 3 2 10 1 8 9 10 7 1 11 0 7 9 3 4 10 4 10 9 2 4 1 3 4 11
split_gain=156.841 61.4139 37.7558 36.8591 35.3305 34.693 29.8651 26.9739 22.8159 21.8665 19.9935 19.6274 18.7072 18.9599 18.6485 18.3169 18.148 22.985 17.6447 18.1647 25.0161 20.1841 17.4044 16.6312 15.2562 15.0329 14.6189 14.2403 14.0087 13.9615
threshold=-2.2619594557174731 -2.9638847829220318 -5.6288607342000709 -0.61685194249414899 -0.013605442176870706 0.17172091006287907 0.21772356116337202 0.020233000000000004 0.69482394692892935 -4.4623855739459852 0.22924200000000003 0.098067500000000016 -2.1391864745239486 -0.040133351799796151 0.11950200000000001 -0.039643608366075327 -4.7159546743213054 0.12638750000000001 1.175444448345681 -0.39374256542426644 -0.21059850000000002 -0.10128068448963971 0.25252300000000005 0.26883725000000003 -0.23779254804395447 -1.0000000180025095e-35 -0.31512522281118471 0.27365296882560314 -0.022160981256214126 0.075602500000000031
decision_type=2 2 2 2 2 2 2 2 2 2 2 2 2 2 2 2 2 2 2 2 2 2 2 2 2 2 2 2 2 2
left_child=4 2 7 26 12 15 9 -2 -7 23 -4 -9 13 -1 24 -5 25 -18 19 -12 21 -21 -22 -6 -11 -8 -3 -15 -24 -13
right_child=1 3 10 5 6 8 16 11 -10 14 18 29 -14 27 -16 -17 17 -19 -20 20 22 -23 28 -25 -26 -27 -28 -29 -30 -31
leaf_value=0.0017168094372878185 -0.028067683433489827 0.0075935800380137865 -0.010084329861166218 0.0024470919274399341 -0.012065128587060284 0.0027516995757184688 -0.008619164097306271 0.0063163298210333826 0.008491371074768694 0.0017640017672315785 0.001558222778872736 -0.0095177843115927113 -0.004419296033757846 -0.002368618518934669 -0.019212445437941435 -0.00029257972527126194 -0.045418027449133147 -5.970374084869765e-05 0.0036751126829815718 -0.012611789595749642 -0.0006012442300800773 -0.071976829497587116 -0.010280043521696437 -0.058642824498238044 -0.0033958933786382844 -0.043001536277528757 0.0032747490698709623 0.0011706129434533217 -0.049021878625665399 -0.045272979334307212
leaf_weight=10241 197 4002 484 9054 459 21641 172 182 1882 1500 11621 113 2524 8421 182 18705 28 11175 3266 45 31784 21 140 20 31851 39 3839 4290 28 36
leaf_count=10241 197 4002 484 9054 459 21641 172 182 1882 1500 11621 113 2524 8421 182 18705 28 11175 3266 45 31784 21 140 20 31851 39 3839 4290 28 36
internal_value=2.83012e-13 0.00120814 -0.000122205 0.00228633 -0.00182391 0.00179817 -0.00265976 -0.0134187 0.00321091 -0.00340245 2.59427e-05 -0.0047002 -0.000333516 0.000115791 -0.00325092 0.000601004 -0.000446684 -0.000173069 0.000130268 -0.000135033 -0.000749604 -0.0315007 -0.000686084 -0.0140099 -0.00316382 -0.0149742 0.00547905 -0.00117412 -0.016737 -0.0181566
internal_weight=177942 107040 47917 59123 70902 51282 45426 528 23523 34012 47389 331 25476 22952 33533 27759 11414 11203 46905 43639 32018 66 31952 479 33351 211 7841 12711 168 149
internal_count=177942 107040 47917 59123 70902 51282 45426 528 23523 34012 47389 331 25476 22952 33533 27759 11414 11203 46905 43639 32018 66 31952 479 33351 211 7841 12711 168 149
is_linear=0
shrinkage=0.05


Tree=67
num_leaves=31
num_cat=0
split_feature=6 8 11 0 5 2 11 6 7 6 11 0 5 4 7 9 8 7 7 6 11 3 6 0 2 1 2 11 1 1
split_gain=143.209 75.2504 38.6309 35.8702 28.2995 24.7402 24.6985 27.052 24.5933 20.7293 33.0491 20.2961 20.7946 19.3904 18.9208 18.8708 18.592 18.4508 18.9936 16.8667 16.0334 15.9797 15.8753 15.7931 14.9267 14.634 14.3248 14.2824 14.7579 14.2126
threshold=-3.240480040199698 -1.5630745139853348 0.098041000000000031 -0.049255799425664541 -0.19460024278375868 0.33818337484433386 -0.12171299999999995 -5.265264817263815 -1.6859575013289876 0.77048256514291291 -0.16932099999999997 -0.22617291754459892 -0.13316028600510307 -0.31421014592579727 -1.9015109828743573 0.74703750000000013 -3.6295390128577814 -1.1172873364775924 -4.7159546743213054 -5.265264817263815 -0.015677999999999994 0.10552869879155159 -0.72569945993611162 0.036766679296517453 0.94630251056425563 0.086540998579257136 0.27306010820689391 0.107086 -0.40336820629177089 -0.064870058114633852
decision_type=2 2 2 2 2 2 2 2 2 2 2 2 2 2 2 2 2 2 2 2 2 2 2 2 2 2 2 2 2 2
left_child=2 3 6 8 9 13 7 -1 29 14 -11 12 -10 -5 -3 -12 20 18 -18 25 -8 -15 -6 -20 27 -4 -25 28 -16 -2
right_child=1 4 19 5 22 -7 16 -9 11 10 15 -13 -14 21 24 -17 17 -19 23 -21 -22 -23 -24 26 -26 -27 -28 -29 -30 -31
leaf_value=-0.051286433465205707 0.0040264003087378802 -0.0010703331990881144 -0.014778808873146775 0.00095959753097060003 0.00087929370325477122 0.0014965445547435298 -0.013087538386351164 -0.0080000571780285603 0.0030196919873425807 -0.061359791100025179 -0.010510279222612327 -0.002778310276940752 0.028969391735587664 -0.0029210642179248224 0.0052079058582714536 0.001635989101249022 -0.011801584305587027 -0.0080980551184433019 -0.00064513688861586745 -0.011499095255650692 -0.0038329947919483682 -0.00083135362553341972 0.0058554466007695065 -0.0037035589415440927 0.0053441179601744909 -0.052488003593192979 0.0001070179711435981 -0.0030678618502533515 0.0018055328997526256 0.00092500244204248125
leaf_weight=52 8000 4884 50 7300 2070 8909 503 118 432 25 541 4081 94 18062 3508 782 445 1101 24123 401 6728 18537 7101 10208 3498 53 3252 1376 34845 6863
leaf_count=52 8000 4884 50 7300 2070 8909 503 118 432 25 541 4081 94 18062 3508 782 445 1101 24123 401 6728 18537 7101 10208 3498 53 3252 1376 34845 6863
internal_value=3.02984e-13 0.000850234 -0.00236643 -0.000229454 0.00218125 -0.000905796 -0.00221729 -0.0212406 0.00160497 0.00170823 -0.00440706 -0.00158686 0.00765709 -0.00139333 0.00187957 -0.00333085 -0.00214753 -0.00171709 -0.00153235 -0.0161348 -0.00447676 -0.00186265 0.00473227 -0.00141076 0.00221286 -0.0341826 -0.00278291 0.00193717 0.00211673 0.00259433
internal_weight=177942 130908 47034 72278 58630 52808 46530 170 19470 49459 1348 4607 526 43899 48111 1323 46360 39129 38028 504 7231 36599 9171 37583 43227 103 13460 39729 38353 14863
internal_count=177942 130908 47034 72278 58630 52808 46530 170 19470 49459 1348 4607 526 43899 48111 1323 46360 39129 38028 504 7231 36599 9171 37583 43227 103 13460 39729 38353 14863
is_linear=0
shrinkage=0.05


Tree=68
num_leaves=31
num_cat=0
split_feature=8 5 7 0 11 2 4 1 3 3 4 10 4 7 2 6 1 0 3 0 9 11 4 3 7 9 7 7 4 11
split_gain=131.165 53.1549 37.8562 28.2388 27.0934 25.3087 22.1701 21.0697 21.1103 20.5848 21.2669 23.2129 20.5081 18.2814 16.7909 18.3376 15.9325 15.7175 16.1245 15.5605 14.9371 17.6626 13.8086 12.8082 12.5136 15.0784 12.4758 12.1197 11.92 11.7711
threshold=-2.2731399332820694 -1.4472539022235289 -3.5964930703360429 -0.013605442176870706 0.16761599999999996 0.14044728241654961 -0.20308204206538108 -0.32479608610261873 0.21961700568077705 1.175444448345681 -0.40282454009157564 -0.21059850000000002 -0.02732442227441861 -2.1391864745239486 0.25000000000000017 -0.66290213303345868 -0.040133351799796151 -0.0068680198678754403 -0.29329357812793205 0.055247811292294398 0.26248075000000004 0.044168999999999965 -0.13579817050104884 0.27365296882560314 0.098584096621569903 1.1100262500000002 -4.7159546743213054 -3.016698049570858 -0.77267741523881084 -0.018806499999999973
decision_type=2 2 2 2 2 2 2 2 2 2 2 2 2 2 2 2 2 2 2 2 2 2 2 2 2 2 2 2 2 2
left_child=3 2 22 13 5 6 -5 -3 -9 10 17 12 -12 16 15 19 29 24 -19 -13 21 -16 -2 -18 28 -26 -7 -21 -4 -1
right_child=1 7 9 4 -6 26 -8 8 -10 -11 11 14 -14 -15 20 -17 23 18 -20 27 -22 -23 -24 -25 25 -27 -28 -29 -30 -31
leaf_value=0.006391414888558284 -0.00062963141826912763 0.0059871929389081332 0.010025609180956963 -0.00053295716772251201 -0.025771632948289477 -0.01049662304896975 -0.0041047506552453553 0.0010727978389956569 0.0040640756561446502 0.0034222091001347419 -0.012343819194414594 0.00026815691942521681 -0.065186575563116508 -0.004476153641381121 -0.0035340029961168579 -0.005330985366276228 -0.0022251196430462961 -0.0011908393173589655 0.004012775706097301 -0.012600427007164537 0.0014200306388728288 -0.030652897784643821 -0.015436122110674994 0.001145068775034728 -0.0053461954094442101 0.0079183094536787579 -0.00077332879200725047 -0.00174207484783305 0.0030107543535529357 0.00096998965160175149
leaf_weight=1126 228 4716 646 5485 124 336 20893 13991 10197 5702 111 22654 22 2417 389 2077 8366 6304 1949 263 15853 71 509 4252 863 285 18166 11231 9681 9035
leaf_count=1126 228 4716 646 5485 124 336 20893 13991 10197 5702 111 22654 22 2417 389 2077 8366 6304 1949 263 15853 71 509 4252 863 285 18166 11231 9681 9035
internal_value=3.81514e-13 0.00109576 0.000423311 -0.00168176 -0.00243211 -0.00236762 -0.00336204 0.00292992 0.00233384 0.000529744 0.000301939 -0.000222521 -0.0210847 -0.000341514 -0.000169708 -0.000769545 9.71979e-05 0.00170217 3.80284e-05 -0.000492103 0.0011623 -0.00771975 -0.0108556 -0.00108944 0.00289905 -0.00205318 -0.000949906 -0.00199053 0.00344956 0.00157077
internal_weight=177942 107742 78838 70200 45004 44880 26378 28904 24188 78101 72399 52671 133 25196 52538 36225 22779 19728 8253 34148 16313 460 737 12618 11475 1148 18502 11494 10327 10161
internal_count=177942 107742 78838 70200 45004 44880 26378 28904 24188 78101 72399 52671 133 25196 52538 36225 22779 19728 8253 34148 16313 460 737 12618 11475 1148 18502 11494 10327 10161
is_linear=0
shrinkage=0.05


Tree=69
num_leaves=31
num_cat=0
split_feature=6 4 2 11 0 0 11 6 3 1 4 8 7 6 7 12 7 8 12 7 12 6 10 12 6 9 8 5 3 10
split_gain=120.037 63.0713 61.5938 33.5305 27.2478 25.8906 21.8813 24.1151 19.5677 18.9715 18.0184 16.5908 15.7147 14.8273 13.9539 16.1241 31.7971 13.9213 13.8494 17.9348 13.4372 13.3617 12.8902 12.7714 12.4087 12.0312 11.5516 11.0751 11.0109 10.9528
threshold=-3.240480040199698 -0.36794426971656785 0.29769889246789921 0.098041000000000031 0.017694510695901226 -0.0087832847717521628 -0.12171299999999995 -5.265264817263815 -0.090523965688526151 0.69482394692892935 -0.84944795906032144 -4.1118639393378862 -1.1172873364775924 -5.4236783576855485 0.66024292506549187 -0.7669701475941002 -0.20671524466458571 -2.9379248909368703 -2.7092658332836987 -2.2779168968190002 -2.647610251670788 0.25395204702147584 0.11409999999999998 -0.10359105156651972 -4.2935334552758766 0.14015625000000001 -3.7449681744771484 -4.1365954325994165 0.33075328221016415 0.074202500000000046
decision_type=2 2 2 2 2 2 2 2 2 2 2 2 2 2 2 2 2 2 2 2 2 2 2 2 2 2 2 2 2 2
left_child=3 5 4 6 27 10 7 -1 -7 25 -2 20 18 26 15 16 21 -6 19 -13 -8 -12 -20 -16 -21 -4 -5 -3 -19 -11
right_child=1 2 9 13 17 8 11 -9 -10 29 14 12 -14 -15 23 -17 -18 28 22 24 -22 -23 -24 -25 -26 -27 -28 -29 -30 -31
leaf_value=-0.048301192315725182 0.010226408668270945 -0.0011285025244949082 -0.028067540351356213 -0.0060246730395765221 -0.0048249134533670333 0.00017754827317703937 -0.0058315989376417458 -0.0074319752548837065 0.0054541438819631369 0.0077727389140141425 0.0033094202512353801 -0.0023107630795786058 -0.0076627773151764283 -0.010995245565878789 -0.0095966019599115805 0.0054408587775152421 -0.0083140448588655217 -0.0019643893397851622 -0.00052279696988432917 -0.020955996624066085 -0.033179952739231772 -0.0084128089594155287 -0.0065112812731583638 0.0017139214393682778 -0.0055966308669954008 0.0016970401616566854 -0.045114173604145887 0.00075332402470550553 0.00058944891423364355 0.00089875873762079684
leaf_weight=52 974 11221 34 27 3468 12942 1903 118 2033 2145 12298 19888 1101 414 382 7374 644 21196 21925 211 46 248 937 720 349 23380 63 25785 5270 794
leaf_count=52 974 11221 34 27 3468 12942 1903 118 2033 2145 12298 19888 1101 414 382 7374 644 21196 21925 211 46 248 937 720 349 23380 63 25785 5270 794
internal_value=-1.05425e-12 0.000778416 8.15342e-05 -0.00216654 -0.00072456 0.00250683 -0.00202759 -0.0199331 0.000893897 0.00212912 0.00357368 -0.00196194 -0.00176379 -0.0149938 0.00327461 0.00356835 0.0025215 -0.00184618 -0.00161383 -0.00255924 -0.00647707 0.0030777 -0.000768235 -0.00220679 -0.0113838 0.00165382 -0.0333873 0.000182715 -0.00145586 0.00591566
internal_weight=177942 130908 93293 47034 66940 37615 46530 170 14975 26353 22640 46360 44411 504 21666 20564 13190 29934 43310 20448 1949 12546 22862 1102 560 23414 90 37006 26466 2939
internal_count=177942 130908 93293 47034 66940 37615 46530 170 14975 26353 22640 46360 44411 504 21666 20564 13190 29934 43310 20448 1949 12546 22862 1102 560 23414 90 37006 26466 2939
is_linear=0
shrinkage=0.05


Tree=70
num_leaves=31
num_cat=0
split_feature=5 4 11 1 3 4 3 7 11 4 4 0 3 3 10 4 10 12 2 1 2 2 8 10 4 11 7 4 12 7
split_gain=111.939 50.2392 56.2626 41.9793 42.1163 35.8083 35.6344 23.9544 21.4313 20.9856 17.4429 17.0207 14.566 14.0027 19.275 13.8365 13.1681 19.4178 16.514 14.3901 13.0326 15.4561 12.4607 11.857 12.0764 14.2429 10.4961 10.4271 10.2089 17.0078
threshold=-2.9428250027114347 -0.22270543278423841 -0.16932099999999997 -0.16298521920068879 0.33075328221016415 -0.0053339260576424899 0.17922089157703006 -4.7159546743213054 0.23900700000000002 -0.59974096739039306 -0.001330377201759436 0.30190380035207626 0.61164282059187702 0.81082732589581918 -0.019263499999999985 -0.18938579670892411 0.086586500000000025 -4.1360974116033429 0.39675582885612687 0.17118321200875444 0.10000813140348032 -0.26172527385821176 -1.4113586573234007 -0.0013449999999999849 -0.037231122346990157 0.0095515000000000062 -1.1683516554975559 -1.0000000180025095e-35 -2.992093458404391 -2.3467473671693768
decision_type=2 2 2 2 2 2 2 2 2 2 2 2 2 2 2 2 2 2 2 2 2 2 2 2 2 2 2 2 2 2
left_child=1 12 5 9 20 -3 8 10 28 -2 23 15 -1 14 -12 -6 17 18 -9 26 21 -5 -22 -8 -25 -26 -19 -16 29 -4
right_child=3 2 6 4 11 -7 7 16 -10 -11 13 -13 -14 -15 27 -17 -18 19 -20 -21 22 -23 -24 24 25 -27 -28 -29 -30 -31
leaf_value=0.00024789285826064045 0.0060281535860400087 -0.021480394487626713 -0.0038294487815444624 0.0017885293309728954 0.0048092808273914878 -0.086559790100614889 -0.019128560320330928 -0.010181064053128417 -0.037068443767139282 0.0023559966129406487 -0.079056068211793895 0.0079208078684330045 0.0047359624155781724 0.0089366696753793145 0.0026113690771162514 0.00153295280864026 -0.0036045473270268215 -0.00062746340499974292 -0.063878288439341957 0.0014999045227844382 1.5169959786542675e-05 -0.0014064686078221744 0.0030775259857186467 0.018376501370221378 0.0063473766363379329 -0.015903824037884044 -0.0064889409579776368 -0.036119051525990174 -0.0023387733835474067 -0.014567750842370065
leaf_weight=30690 5850 113 9902 4635 4170 26 130 45 46 11616 20 1441 1921 22 25 14182 3084 20052 21 9468 9889 20648 5002 63 132 158 794 57 23357 383
leaf_count=30690 5850 113 9902 4635 4170 26 130 45 46 11616 20 1441 1921 22 25 14182 3084 20052 21 9468 9889 20648 5002 63 132 158 794 57 23357 383
internal_value=-6.06198e-13 -0.00110073 -0.00187545 0.00142877 0.00080047 -0.0336535 -0.00181026 -0.000670101 -0.00296339 0.00358594 -0.0105139 0.00268827 0.000512269 -0.0272421 -0.0350453 0.00227741 -0.000491544 -0.00017553 -0.0272665 -0.000116547 -0.000129614 -0.000820746 0.00104384 -0.00621935 -0.00146524 -0.00577569 -0.00085072 -0.024311 -0.00291675 -0.00422933
internal_weight=177942 100509 67898 77433 59967 139 67759 34071 33688 17466 607 19793 32611 124 102 18352 33464 30380 66 30314 40174 25283 14891 483 353 290 20846 82 33642 10285
internal_count=177942 100509 67898 77433 59967 139 67759 34071 33688 17466 607 19793 32611 124 102 18352 33464 30380 66 30314 40174 25283 14891 483 353 290 20846 82 33642 10285
is_linear=0
shrinkage=0.05


Tree=71
num_leaves=31
num_cat=0
split_feature=8 5 7 7 11 0 2 0 2 10 4 7 8 9 0 4 7 6 4 1 7 5 6 0 7 12 2 4 7 10
split_gain=101.329 48.8531 35.9136 30.5247 24.5183 20.5017 20.9608 19.577 28.4457 22.7362 19.2601 20.0849 31.5028 18.9704 17.9961 13.084 12.7686 13.0442 12.1347 11.6048 11.343 11.1593 17.0268 11.3985 11.0843 14.7818 10.6997 10.5426 11.1218 10.5155
threshold=-2.5059865761843834 -1.3598352377678353 -3.6782313798143473 -2.1391864745239486 0.16761599999999996 -0.013605442176870706 0.14044728241654961 -0.001296456594756412 0.37275450107883418 -0.21059850000000002 -0.41649939686174708 -1.7258441386492549 -1.7158864330406129 0.21797275000000005 -0.16086564361084335 -0.20552146804877844 0.098584096621569903 -1.1916918250713764 -0.16380870701625413 -0.16696212181283324 -2.9441541029407925 -3.651626733418869 -1.3135689508290949 -0.081373218719656068 -1.1349316329791421 -1.291395830219533 1.3466460679756804 -0.84944795906032144 1.2644557469035156 0.32282450000000013
decision_type=2 2 2 2 2 2 2 2 2 2 2 2 2 2 2 2 2 2 2 2 2 2 2 2 2 2 2 2 2 2
left_child=3 2 18 4 5 21 15 10 20 -10 16 -12 -13 -11 26 -7 19 -18 -2 -4 -9 22 -1 -23 -14 -26 27 -3 -29 -22
right_child=1 14 7 -5 -6 6 -8 8 9 13 11 12 24 -15 -16 -17 17 -19 -20 -21 29 23 -24 -25 25 -27 -28 28 -30 -31
leaf_value=-0.001044508723799606 0.00018513940569029485 0.01216823796518865 0.0046690732536635504 -0.0087751863180829098 -0.022109387664381287 -0.00047557408675360922 -0.00072803242745095916 -0.0043375011596590426 -0.040322243297123354 -0.014468394158674139 0.0015179311033355573 -0.0054292164534405357 0.002297535288635313 0.0021107982467376617 0.0019774175850721175 -0.0037851024735116555 -0.0092884619125046062 0.0014371735302081265 -0.013109302615461393 0.0013858030155915308 -0.00070917740693396359 0.0048355986498525953 -0.025439446913595832 0.00023673957961881328 -0.0056490004772879075 0.00060340558792865411 0.018315818941614423 0.0044528034105049451 -0.011760012557109198 -0.015659438768476721
leaf_weight=10897 231 441 6674 1514 145 3597 13961 2356 32 175 17577 3151 4094 12272 22708 17593 407 934 668 4510 36279 1743 72 5936 1361 3095 149 5144 108 118
leaf_count=10897 231 441 6674 1514 145 3597 13961 2356 32 175 17577 3151 4094 12272 22708 17593 407 934 668 4510 36279 1743 72 5936 1361 3095 149 5144 108 118
internal_value=1.54016e-12 0.000802859 0.000252346 -0.00177319 -0.00157667 -0.00152133 -0.00223226 0.00034845 -0.000306718 0.00176949 0.0011514 0.000449436 -0.00115564 0.0018777 0.00261414 -0.00322331 0.00279228 -0.00181811 -0.00969327 0.00334508 -0.000975285 -0.000181248 -0.00120464 0.0012806 0.00041934 -0.00130627 0.00508908 0.0047429 0.00411941 -0.000757647
internal_weight=177942 122484 93934 55458 53944 53799 35151 93035 51232 12479 41803 29278 11701 12447 28550 21190 12525 1341 899 11184 38753 18648 10969 7679 8550 4456 5842 5693 5252 36397
internal_count=177942 122484 93934 55458 53944 53799 35151 93035 51232 12479 41803 29278 11701 12447 28550 21190 12525 1341 899 11184 38753 18648 10969 7679 8550 4456 5842 5693 5252 36397
is_linear=0
shrinkage=0.05


Tree=72
num_leaves=31
num_cat=0
split_feature=5 4 11 1 3 4 3 7 11 4 4 0 0 6 3 10 2 9 11 4 2 2 8 11 4 0 2 10 8 3
split_gain=93.9144 41.1143 51.2064 36.8748 37.3508 31.4198 30.6694 19.6193 18.6374 17.8259 16.6676 15.3719 15.0103 14.4258 13.9694 13.1816 13.4348 26.3173 11.7875 11.7283 11.0223 14.0461 10.6683 10.4438 10.1315 9.89373 14.1449 9.7943 11.7653 9.55483
threshold=-2.9638847829220318 -0.21761024614566041 -0.16932099999999997 -0.16298521920068879 0.33075328221016415 -0.0053339260576424899 0.14919712943333532 -4.5131633345778273 0.098041000000000031 -0.59974096739039306 -1.0000000180025095e-35 0.30190380035207626 0.0093138785754768322 -5.4236783576855485 0.47968409833091447 0.086586500000000025 0.27306010820689391 0.14015625000000001 -0.015677999999999994 -0.18938579670892411 0.10000813140348032 -0.26172527385821176 -1.4113586573234007 0.019736000000000007 -0.0043665143138373321 0.025088073274127324 0.1236313686313686 -0.022372499999999986 -0.045750439440615971 0.198924519580057
decision_type=2 2 2 2 2 2 2 2 2 2 2 2 2 2 2 2 2 2 2 2 2 2 2 2 2 2 2 2 2 2
left_child=1 14 5 9 20 -3 8 10 25 -2 18 19 -12 -10 -1 16 -9 -18 29 -6 21 -5 -22 24 -20 -4 -27 -28 -29 -8
right_child=3 2 6 4 11 -7 7 15 13 -11 12 -13 -14 -15 -16 -17 17 -19 23 -21 22 -23 -24 -25 -26 26 27 28 -30 -31
leaf_value=0.00012618051645727548 0.0055632311035243298 -0.020679041420042451 -0.0018186631064476778 0.0016873530010052618 0.0044228899719192171 -0.081742861852622958 0.0093883339874446387 -0.0009687837715694576 -0.048505999680993887 0.0021867505230758612 -0.05587058350443859 0.0074513404883373218 -0.014974408799042048 -0.011520032597191889 0.0039610849579296628 -0.0035527710639836267 -0.036595505243167285 0.0012985586960578078 0.0040432642016564263 0.001415893495044118 -2.7250343249018566e-05 -0.0013441498113637873 0.0027955316328321131 -0.011568711363790618 -0.016253358317994248 -0.004961466362710297 -0.0085437904352734361 -0.0014433858092193757 0.021590199777191239 -0.029299161790080276
leaf_weight=30529 5872 111 14780 4677 4192 26 20 20977 29 11693 30 1445 89 290 2575 3248 46 11602 421 14320 10009 20878 5029 244 72 8568 496 5539 56 79
leaf_count=30529 5872 111 14780 4677 4192 26 20 20977 29 11693 30 1445 89 290 2575 3248 46 11602 421 14320 10009 20878 5029 244 72 8568 496 5539 56 79
internal_value=3.36156e-12 -0.00101611 -0.00173084 0.00129854 0.000713429 -0.0322678 -0.00166801 -0.000703421 -0.00286178 0.00331551 -0.00777644 0.00248452 -0.0252844 -0.0148824 0.000424479 -0.000515125 -0.000212711 0.00114891 -0.00528428 0.00209682 -0.000157304 -0.000789333 0.000916743 -0.00310827 0.00107905 -0.00273152 -0.00365192 -0.00180981 -0.00121284 -0.0214835
internal_weight=177942 99827 66723 78115 60550 137 66586 36828 29758 17565 955 19957 119 319 33104 35873 32625 11648 836 18512 40593 25555 15038 737 493 29439 14659 6091 5595 99
internal_count=177942 99827 66723 78115 60550 137 66586 36828 29758 17565 955 19957 119 319 33104 35873 32625 11648 836 18512 40593 25555 15038 737 493 29439 14659 6091 5595 99
is_linear=0
shrinkage=0.05


Tree=73
num_leaves=31
num_cat=0
split_feature=6 0 2 11 4 4 7 6 3 9 10 6 9 7 8 4 10 3 1 10 4 4 12 0 8 6 1 10 11 9
split_gain=85.7965 45.3134 40.8287 26.6597 22.8795 19.9596 18.062 19.518 17.555 17.5346 17.1324 16.3325 22.0842 15.5019 21.7817 15.2377 13.6768 13.2902 12.3734 12.732 12.2817 12.0402 11.7328 13.4134 12.1396 11.6631 12.1657 12.3565 10.6295 11.2968
threshold=-3.240480040199698 -0.081373218719656068 0.3656121814559718 0.098041000000000031 -0.36794426971656785 -0.5623064347559279 -2.127191276474655 -1.851618647391853 0.10552869879155159 0.14015625000000001 -0.038835000000000001 -5.265264817263815 0.37736350000000002 -1.4640990202800872 -1.9381697619523512 -0.0033551930016312843 0.11409999999999998 -0.074266863569125915 0.45892359950996781 -0.11632450000000001 -0.088179203571999973 -0.0053339260576424899 -3.2852604662576019 0.036766679296517453 -4.0233906100707513 -5.265264817263815 0.086540998579257136 0.16585850000000005 0.23900700000000002 1.3590525000000004
decision_type=2 2 2 2 2 2 2 2 2 2 2 2 2 2 2 2 2 2 2 2 2 2 2 2 2 2 2 2 2 2
left_child=3 5 4 10 17 28 -7 13 -6 -4 11 12 15 14 -8 -1 22 -3 19 21 -10 -11 -12 24 -24 26 -5 -28 29 -2
right_child=1 2 9 25 8 6 7 -9 20 18 16 -13 -14 -15 -16 -17 -18 -19 -20 -21 -22 -23 23 -25 -26 -27 27 -29 -30 -31
leaf_value=-0.0066353512882919427 0.0042800972221670305 0.00059630652054640503 -0.033207070609288562 -0.010585318097844722 -0.001692805994734819 0.0042284678759265297 -0.004084209884613315 0.0019559503046798483 0.0010983286167814928 -0.0074756115442141894 -0.00312243003720508 -0.0038445831175425715 -0.057302354450803256 -0.0047618575188828781 0.0043803231706520387 -0.031803961860871803 -0.0053057253865761806 0.004369350551910102 0.0041531847196345107 0.0015675181164611807 -0.00093332288148864336 -0.048852699320940746 -0.010582585083588407 -0.0021876504488554101 8.0588378405212809e-06 -0.0094146053041122453 -0.021276571670616116 -0.069569882392310184 -0.013611173878307454 0.013186419743532192
leaf_weight=321 7414 17462 35 50 30340 5039 1358 11933 13944 108 6908 2773 28 2313 1726 74 2181 2694 5849 14273 15945 21 274 12272 21699 401 27 26 80 374
leaf_count=321 7414 17462 35 50 30340 5039 1358 11933 13944 108 6908 2773 28 2313 1726 74 2181 2694 5849 14273 15945 21 274 12272 21699 401 27 26 80 374
internal_value=-3.09931e-12 0.000658095 0.000148274 -0.00183165 -0.000357563 0.00235549 0.00159361 0.000827482 -0.000845547 0.0021527 -0.00170776 -0.00524059 -0.0143922 -0.00166761 0.000653074 -0.0113505 -0.0014472 0.0011006 0.00221381 0.00142618 1.44957e-05 -0.0142114 -0.00124271 -0.000863531 -0.000124005 -0.0132695 -0.0282772 -0.0449676 0.00452154 0.0047078
internal_weight=177942 130908 100671 47034 80385 30237 22369 17330 60229 20286 46530 3196 423 5397 3084 395 43334 20156 20251 14402 29889 129 41153 34245 21973 504 103 53 7868 7788
internal_count=177942 130908 100671 47034 80385 30237 22369 17330 60229 20286 46530 3196 423 5397 3084 395 43334 20156 20251 14402 29889 129 41153 34245 21973 504 103 53 7868 7788
is_linear=0
shrinkage=0.05


Tree=74
num_leaves=31
num_cat=0
split_feature=5 4 11 1 1 4 3 11 3 9 4 10 4 3 2 2 0 7 10 7 8 12 8 8 4 10 3 3 0 10
split_gain=79.7392 35.3916 42.7382 31.1437 32.9455 29.3729 26.5415 22.1192 19.1516 15.5636 15.0005 13.768 12.7083 12.3696 11.306 10.4418 14.6447 11.6801 10.3794 10.2456 9.82741 9.7637 11.1331 13.1138 9.54767 9.52443 9.27923 8.93914 8.85929 8.3703
threshold=-2.9638847829220318 -0.25924711596842742 -0.16932099999999997 -0.16298521920068879 0.3459851584359373 -0.0053339260576424899 0.51780496285632205 0.13871600000000009 0.081377254992124906 0.12638750000000001 -0.59974096739039306 -0.056018499999999964 -0.079757429705244284 0.47968409833091447 1.5576432820319142 0.16066906474820145 0.0057308695569792132 -4.7159546743213054 0.15840749999999998 -0.78152687546914568 -2.5639939781279959 -2.9755138562104739 -1.669591812370794 -3.5380084303663972 -0.31058422003613728 0.20122450000000003 0.36627531982153311 -0.16539826323328968 0.72245182591865209 0.098067500000000016
decision_type=2 2 2 2 2 2 2 2 2 2 2 2 2 2 2 2 2 2 2 2 2 2 2 2 2 2 2 2 2 2
left_child=1 13 5 10 8 -3 7 11 24 -8 -2 19 -10 -1 -6 16 -13 21 -9 -4 -18 22 23 26 27 -19 -17 -5 -16 -24
right_child=3 2 6 4 14 -7 9 18 12 -11 -12 15 -14 -15 28 17 20 25 -20 -21 -22 -23 29 -25 -26 -27 -28 -29 -30 -31
leaf_value=0.00029287226489801852 0.0051120581584797658 -0.018049106987159429 -0.004904831594843259 -0.00037696029293948362 0.0027252983678191767 -0.076500024130711192 -0.019248988496418082 -0.0059439464806928305 0.0020296314964978984 0.00086144504996674251 0.0020147015788631521 -0.0011575362333377823 -0.00018513030447301479 0.0044242874579561251 0.0062199508882821953 0.0059846847645610903 -0.0040892304158397222 -0.00042657076696423076 -0.024706697304554236 -0.022991072534250076 -0.0018211380376063229 -0.032380783456293021 0.034814132504165173 -0.028855970501899721 -0.0017242412908346284 -0.011592424270477379 -0.025689418903259084 0.0034784554803102066 0.018745628927633623 -0.0069811533731610883
leaf_weight=25726 5872 124 2352 9152 8199 26 97 144 15296 11771 11693 19211 11234 1949 1014 91 10996 18276 151 81 8443 44 25 73 13692 193 31 1799 164 23
leaf_count=25726 5872 124 2352 9152 8199 26 97 144 15296 11771 11693 19211 11234 1949 1014 91 10996 18276 151 81 8443 44 25 73 13692 193 31 1799 164 23
internal_value=4.94365e-12 -0.000936289 -0.00151935 0.00119653 0.000658811 -0.0281806 -0.00146381 -0.00189028 0.000159556 0.000697078 0.00305015 -0.00182295 0.0010918 0.000583825 0.00338339 -0.00166681 -0.00213657 -0.000698793 -0.0155479 -0.00550696 -0.00310412 -0.0107081 -0.00678381 -0.0120936 -0.000844074 -0.000543253 -0.00206365 0.000256397 0.00796376 0.0147872
internal_weight=177942 99827 72152 78115 60550 150 72002 60134 51173 11868 17565 59839 26530 27675 9377 57406 38650 18756 295 2433 19439 287 243 195 24643 18469 122 10951 1178 48
internal_count=177942 99827 72152 78115 60550 150 72002 60134 51173 11868 17565 59839 26530 27675 9377 57406 38650 18756 295 2433 19439 287 243 195 24643 18469 122 10951 1178 48
is_linear=0
shrinkage=0.05


Tree=75
num_leaves=31
num_cat=0
split_feature=5 4 11 7 0 1 3 10 11 9 10 6 5 8 6 3 2 2 2 3 7 9 7 6 7 9 7 1 2 4
split_gain=71.9771 33.083 40.48 28.4283 27.8355 26.2678 24.8993 15.7906 14.8613 13.6659 18.4236 13.5274 12.7665 12.1211 11.9507 11.8185 10.8475 10.6232 10.8401 10.3982 9.39024 19.6544 15.1332 8.72353 8.59798 9.69081 13.8774 8.59404 9.9805 8.49502
threshold=-2.9428250027114347 -0.22270543278423841 -0.12171299999999995 -0.31774755435668245 -0.077643405188162193 0.3459851584359373 0.14919712943333532 0.20122450000000003 0.098041000000000031 0.12638750000000001 -0.00066800000000002957 -5.9507593418597535 0.24216352141177874 0.53194283063380643 -5.4236783576855485 0.11994570236753367 0.76111667780004455 -0.2881313832967069 0.1698975555412037 0.61164282059187702 -1.4640990202800872 0.61242425000000011 -0.68856014819560141 -0.8114184081785224 0.44872225748981875 0.55860025000000013 0.80128946296928849 -0.036581768472552005 0.13198984771573599 -0.079757429705244284
decision_type=2 2 2 2 2 2 2 2 2 2 2 2 2 2 2 2 2 2 2 2 2 2 2 2 2 2 2 2 2 2
left_child=1 19 3 11 12 13 8 9 27 10 -8 -3 20 15 -10 17 -11 -6 -19 24 -2 22 -22 -16 -1 26 -26 -4 -29 -17
right_child=4 2 6 -5 5 -7 7 -9 14 16 -12 -13 -14 -15 23 29 -18 18 -20 -21 21 -23 -24 -25 25 -27 -28 28 -30 -31
leaf_value=0.00031627154762313848 0.0036403532863811209 -0.048658255436297121 -0.00083244890886419512 -0.079147702278569348 0.0013825021399765346 0.0031129014219630213 -0.02947474125050692 -0.010155063797910664 -0.043791022922458324 -0.00059829179844804025 -0.002526854060542507 -0.011982807826137457 0.0058199396821124296 0.006428710099573744 -0.0077592397556425288 0.0019787888240719686 0.0029655994749017301 -0.0016778944292306832 0.001043529988259195 0.0039949133549005604 0.00012885575805827198 0.0029256121709474005 -0.0074178670478803471 -0.041201736969066718 -0.0010581196569230246 -0.0040052471178669514 -0.056604471667246387 -0.003592589622652736 -0.0014063284028601149 -6.2305561907652265e-05
leaf_weight=30137 6993 29 6868 20 5258 8727 94 425 29 34266 195 189 2901 753 273 10095 2277 17711 4612 1921 2799 6415 871 21 23 508 22 15284 7928 10298
leaf_count=30137 6993 29 6868 20 5258 8727 94 425 29 34266 195 189 2901 753 273 10095 2277 17711 4612 1921 2799 6415 871 21 23 508 22 15284 7928 10298
internal_value=8.74573e-13 -0.00088265 -0.00151132 -0.0220958 0.00114569 0.000586663 -0.00143891 -0.000572447 -0.00250071 -0.000461874 -0.0112919 -0.0168617 0.0027533 0.000134214 -0.0131686 3.54154e-05 -0.000376225 -0.000639398 -0.00111564 0.00042628 0.00223237 0.00125607 -0.00166221 -0.010148 0.000202906 -0.00597523 -0.0282141 -0.00238616 -0.00284588 0.000948083
internal_weight=177942 100509 67898 238 77433 57454 67660 37257 30403 36832 289 218 19979 48727 323 47974 36543 27581 22323 32611 17078 10085 3670 294 30690 553 45 30080 23212 20393
internal_count=177942 100509 67898 238 77433 57454 67660 37257 30403 36832 289 218 19979 48727 323 47974 36543 27581 22323 32611 17078 10085 3670 294 30690 553 45 30080 23212 20393
is_linear=0
shrinkage=0.05


Tree=76
num_leaves=31
num_cat=0
split_feature=8 7 7 1 3 11 10 4 8 0 0 2 9 11 12 11 2 11 6 7 10 0 1 6 7 5 8 9 7 4
split_gain=66.4996 32.6826 29.5805 29.2585 30.9507 20.7989 16.2361 24.8532 15.5103 13.6189 12.6657 20.5796 15.7558 14.3578 12.5644 12.2327 12.2181 12.1905 12.1249 11.1999 11.1876 10.8739 10.832 10.6795 10.6743 10.4759 10.2176 19.8232 14.4761 13.7994
threshold=-2.5059865761843834 -3.3360917540934358 -2.2779168968190002 -0.2782991347614539 1.2352019177576989 0.16761599999999996 -0.21059850000000002 -0.01120762206227782 -2.9990947092521254 -0.012621327788714163 0.040911825839623724 0.3656121814559718 0.26733925000000008 0.036278000000000039 0.64357157203265014 -0.12171299999999995 0.60119644050004784 -0.05787999999999998 1.5336608685699544 -5.161602059988339 0.32282450000000013 0.42956891317547058 0.035179279346665655 -4.0350179723052717 -0.76032549382292036 -2.9019011085530386 -4.4623855739459852 0.22924200000000003 -5.161602059988339 -0.001330377201759436
decision_type=2 2 2 2 2 2 2 2 2 2 2 2 2 2 2 2 2 2 2 2 2 2 2 2 2 2 2 2 2 2
left_child=2 15 5 14 6 8 7 -5 9 19 -8 20 13 21 18 -2 -15 -11 -3 -1 -12 24 26 -4 -13 -22 27 29 -28 -19
right_child=1 3 23 4 -6 -7 10 -9 -10 17 11 12 -14 16 -16 -17 -18 22 -20 -21 25 -23 -24 -25 -26 -27 28 -29 -30 -31
leaf_value=0.027490046299580073 -0.042780658636316235 0.0028297681756756232 -0.015758842167827098 -0.0070955227143763983 0.0034388125982965541 -0.020545069450779104 0.00077245022974880781 -0.060061280864950585 -0.00016006621413033951 -0.014786496670098931 -0.00096641154388255707 -0.0015548255038110243 0.0017451425196250928 -0.0090851161727914589 0.012070171770812411 -0.0052891311642470022 -0.049236271582129933 -0.0057658172978276544 -0.0085061879204780168 -0.00045135836278291375 -0.031818039836694616 0.025340713573427039 -0.0015796275725496246 -0.005320097300289337 -0.025663306229447916 -0.0042741119954735046 0.029922634916147217 -0.056391131551936272 -0.0037842529577918533 -0.042017031422462964
leaf_weight=36 22 13762 269 287 8102 138 53935 24 23635 205 31862 207 11402 40 362 1969 36 277 240 9494 56 29 11625 2748 59 90 32 24 6946 29
leaf_count=36 22 13762 269 287 8102 138 53935 24 23635 205 31862 207 11402 40 362 1969 36 277 240 9494 56 29 11625 2748 59 90 32 24 6946 29
internal_value=-1.23753e-12 0.000650403 -0.00143647 0.000755392 0.000468753 -0.0011595 0.000223276 -0.0111829 -0.00110835 -0.00189015 0.000259578 -0.000372243 0.0014152 -0.0087251 0.00287324 -0.0057034 -0.0281041 -0.00265918 0.00263547 -0.000345808 -0.00102969 -0.00373255 -0.00252787 -0.00625083 -0.0069022 -0.0148389 -0.00403625 -0.0126334 -0.00362968 -0.00920139
internal_weight=177942 122484 55458 120493 106129 52441 98027 311 52303 28668 97716 43781 11773 371 14364 1991 76 19138 14002 9530 32008 295 18933 3017 266 146 7308 330 6978 306
internal_count=177942 122484 55458 120493 106129 52441 98027 311 52303 28668 97716 43781 11773 371 14364 1991 76 19138 14002 9530 32008 295 18933 3017 266 146 7308 330 6978 306
is_linear=0
shrinkage=0.05


Tree=77
num_leaves=31
num_cat=0
split_feature=5 4 11 1 3 4 3 11 9 12 10 2 1 3 2 8 6 4 3 10 7 2 0 7 8 8 0 3 7 8
split_gain=61.8714 27.4952 33.961 25.0293 26.7176 24.3932 21.0764 17.6444 12.9908 12.4651 11.7975 10.4857 10.2012 9.91168 9.77009 9.6836 9.3071 9.03278 8.90754 8.89584 8.87244 8.59748 12.1525 9.83158 8.67599 12.9616 9.49519 9.06018 8.55384 11.3297
threshold=-2.9638847829220318 -0.25924711596842742 -0.16932099999999997 -0.16298521920068879 0.62566715438101306 -0.012122066449667289 0.51780496285632205 0.13871600000000009 0.16917425 0.64357157203265014 -0.056018499999999964 0.10000813140348032 0.44288975864318331 0.47968409833091447 -0.26172527385821176 -1.4248759750360649 -0.86467233056065795 -0.59974096739039306 0.098599860807113485 0.15840749999999998 -0.78152687546914568 0.16066906474820145 0.0057308695569792132 -4.7159546743213054 -1.669591812370794 -3.5380084303663972 0.0066166438925059365 0.39290937071332316 -1.9843777930387525 -1.8287802245491671
decision_type=2 2 2 2 2 2 2 2 2 2 2 2 2 2 2 2 2 2 2 2 2 2 2 2 2 2 2 2 2 2
left_child=1 13 5 9 11 -3 7 10 -8 17 20 14 -6 -1 -5 16 -13 -2 -16 -9 -4 22 28 24 25 27 -26 -23 -12 -30
right_child=3 2 6 4 12 -7 8 19 -10 -11 21 15 -14 -15 18 -17 -18 -19 -20 -21 -22 23 -24 -25 26 -27 -28 -29 29 -31
leaf_value=0.00025465405668844988 0.0041867355696887125 -0.014396689575897832 -0.0044589230655429938 0.0014847163241878143 0.001892492180315941 -0.063071007383140656 -0.011779557689484479 -0.0049761730125384126 0.00085685962314233316 0.012182094404124655 -0.00059820262161883859 0.00047845974142243937 0.0053525890117332754 0.0039528973740744757 -0.0016725254810422002 0.0024738772859966771 -0.0051777389236273546 0.0017377477358786334 0.00041823417556406667 -0.022346370035656406 -0.02128959023968581 0.0017880807697682321 -0.0027721608291265899 -0.00044343754868667008 -0.0095274998398963365 -0.028450559735328201 0.032590166236395428 -0.030947489463365997 -0.0067633408935951732 0.0001389219242129828
leaf_weight=25726 5560 117 2352 4807 8478 33 207 144 11661 341 16789 13719 2845 1949 15650 6730 768 11664 7553 151 81 113 19439 18469 32 93 23 26 1374 1048
leaf_count=25726 5560 117 2352 4807 8478 33 207 144 11661 341 16789 13719 2845 1949 15650 6730 768 11664 7553 151 81 113 19439 18469 32 93 23 26 1374 1048
internal_value=8.29375e-13 -0.000824744 -0.00133866 0.00105398 0.000571929 -0.025105 -0.00128915 -0.00166919 0.000636457 0.00271571 -0.00160905 6.82067e-05 0.00276187 0.000515101 -0.000566907 0.000906664 0.000178607 0.00252829 -0.000991945 -0.0138674 -0.00501925 -0.00146452 -0.00189078 -0.00058614 -0.0097693 -0.0140021 0.00808534 -0.00433512 -0.000998931 -0.00377673
internal_weight=177942 99827 72152 78115 60550 150 72002 60134 11868 17565 59839 49227 11323 27675 28010 21217 14487 17224 23203 295 2433 57406 38650 18756 287 232 55 139 19211 2422
internal_count=177942 99827 72152 78115 60550 150 72002 60134 11868 17565 59839 49227 11323 27675 28010 21217 14487 17224 23203 295 2433 57406 38650 18756 287 232 55 139 19211 2422
is_linear=0
shrinkage=0.05


Tree=78
num_leaves=31
num_cat=0
split_feature=6 4 2 11 0 7 0 3 0 8 12 3 7 9 1 9 10 6 8 0 2 9 11 3 5 6 1 1 11 4
split_gain=56.8588 31.452 33.4843 20.43 17.7567 15.3257 14.9682 14.5925 12.5959 12.0876 13.3931 11.8917 11.3549 25.8213 11.8408 10.37 9.78538 9.18243 10.1993 9.14013 9.67286 11.4549 9.37172 9.07904 8.99653 11.5945 8.66269 8.54277 8.37134 20.1085
threshold=-3.240480040199698 -0.40282454009157564 0.29769889246789921 0.098041000000000031 0.023181838384736312 -1.1172873364775924 -0.011609019153595966 -0.32586037309796723 0.72245182591865209 -4.1118639393378862 -3.1030645557163608 -0.69432283151100205 -0.16936222881315599 0.72901825000000009 -0.16696212181283324 0.14015625000000001 0.052157000000000044 -5.4236783576855485 -3.7449681744771484 0.037738566994450003 0.2824871774844438 0.14015625000000001 -0.12171299999999995 -0.047573610546236482 -4.1365954325994165 -0.86467233056065795 -0.040133351799796151 0.44288975864318331 -0.047198500000000025 -0.38491314764899665
decision_type=2 2 2 2 2 2 2 2 2 2 2 2 2 2 2 2 2 2 2 2 2 2 2 2 2 2 2 2 2 2
left_child=3 6 4 5 24 9 11 -8 15 10 -1 -2 14 -14 -13 -4 27 18 -5 -11 22 -22 -21 -16 25 -3 -12 -17 29 -7
right_child=1 2 8 17 -6 28 7 -9 -10 19 26 12 13 -15 23 16 -18 -19 -20 20 21 -23 -24 -25 -26 -27 -28 -29 -30 -31
leaf_value=-0.0037837584590160074 0.0076072158255259667 -0.00060144468764812228 -0.023662056751469741 -0.00026731337248175234 -0.0014085326662249611 0.012645535310730338 -0.00050864834501593661 0.0031632935885663595 0.010729476980400592 -0.00055461720522579727 0.011850505150574637 0.0042366722066553043 -0.0079982610427350095 0.0020154037312913446 0.00043335487663918708 0.0016081836519806624 0.00017301614916360601 -0.0083570560408575603 -0.036997642421296668 -0.033985013367297749 -0.029393369751051071 0.00067606217856806773 -0.0027073210784712455 0.0059695197517233419 0.00067591098046730093 -0.0079395725260941151 -0.022382540499501224 0.0042846564838832429 -0.0060665563504998217 -0.044250604840503499
leaf_weight=1795 1178 11811 41 27 29929 24 9305 3815 372 28993 21 8845 790 3478 4731 13455 9066 414 63 24 32 3094 11300 878 28820 564 154 3830 1049 44
leaf_count=1795 1178 11811 41 27 29929 24 9305 3815 372 28993 21 8845 790 3478 4731 13455 9066 414 63 24 32 3094 11300 878 28820 564 154 3830 1049 44
internal_value=1.24076e-12 0.000535738 8.56114e-05 -0.0014911 -0.000481663 -0.00138265 0.00187014 0.00055907 0.00159312 -0.00124033 -0.00507101 0.00273453 0.00242793 0.00016189 0.00309705 0.00146434 0.00150343 -0.0115038 -0.0259785 -0.00106662 -0.00209393 0.00036825 -0.00277361 0.00129995 0.000191726 -0.000935885 -0.0182746 0.00220123 -0.00716862 -0.0241696
internal_weight=177942 130908 97888 47034 71124 46530 33020 13120 26764 45413 1970 19900 18722 4268 14454 26392 26351 504 90 43443 14450 3126 11324 5609 41195 12375 175 17285 1117 68
internal_count=177942 130908 97888 47034 71124 46530 33020 13120 26764 45413 1970 19900 18722 4268 14454 26392 26351 504 90 43443 14450 3126 11324 5609 41195 12375 175 17285 1117 68
is_linear=0
shrinkage=0.05


Tree=79
num_leaves=31
num_cat=0
split_feature=8 7 7 5 11 10 2 3 6 4 3 1 4 2 0 7 8 12 4 3 11 6 6 8 7 5 10 12 6 11
split_gain=52.3584 27.6779 27.1387 24.0906 17.4199 15.9692 14.1034 17.0017 12.9272 12.5717 12.2959 13.9923 11.6652 11.4694 11.7949 11.1881 15.3982 10.7182 10.7178 13.1279 10.4018 10.1464 12.2362 9.85085 11.3413 9.77608 12.0789 9.73744 9.37922 9.14958
threshold=-2.5059865761843834 -3.3360917540934358 -2.2779168968190002 -1.1072727444525567 0.16761599999999996 -0.21059850000000002 -0.11818090305104599 0.10552869879155159 0.77048256514291291 -0.11539513315401149 1.2352019177576989 -0.15898458665404139 -0.029476071130206446 0.17974018472003175 0.055247811292294398 -1.9843777930387525 -1.8728762748764103 0.048466965630220078 -0.58398009245319771 0.21961700568077705 -0.12171299999999995 -2.1795495878750759 -1.0378690880334245 -3.3578790719659444 -5.161602059988339 -5.8547728742337277 0.20122450000000003 -2.2589137593643223 -4.0350179723052717 0.034673000000000016
decision_type=2 2 2 2 2 2 2 2 2 2 2 2 2 2 2 2 2 2 2 2 2 2 2 2 2 2 2 2 2 2
left_child=2 20 4 5 6 12 -1 9 10 -8 11 -7 -3 14 15 -13 21 -10 -5 27 -2 -17 -23 24 -11 26 -15 -20 -4 -9
right_child=1 3 28 18 -6 8 7 29 17 23 -12 13 -14 25 -16 16 -18 -19 19 -21 -22 22 -24 -25 -26 -27 -28 -29 -30 -31
leaf_value=0.0013874794964737459 -0.039460038969462569 -0.0083214872576663212 -0.014796407224707174 0.0040960635757632067 -0.018750459208841559 0.001496707179822815 -0.00098824714331344969 -0.00014123163285729659 -0.0084520777680064368 0.012687487524883842 0.0026585372120022407 0.0010156323370203086 -0.044056467302143576 -0.0010597357582570121 -0.0016351284332116478 -0.0063474568472815301 7.1155093902836454e-05 0.0033599089114909387 0.006479343473729568 0.0029661617447968606 -0.0048879947865162546 0.0009939534649410929 -0.0082701384774201882 -0.002121255722532842 -0.005422686103210202 0.0011970311882010913 -0.021712524351702692 -9.652559903247132e-05 -0.0050137588299026025 -0.0039737892528963229
leaf_weight=5690 22 264 269 5239 138 18542 9668 24068 727 88 5750 14927 25 4235 15771 1830 10013 261 599 8599 1969 1516 466 6221 4903 22300 72 9357 2748 1665
leaf_count=5690 22 264 269 5239 138 18542 9668 24068 727 88 5750 14927 25 4235 15771 1830 10013 261 599 8599 1969 1516 466 6221 4903 22300 72 9357 2748 1665
internal_value=-1.41094e-12 0.00057712 -0.00127462 0.000673737 -0.00100932 0.000323037 -0.000962515 -0.00124938 0.000358216 -0.00230947 0.00041713 0.000273405 -0.0114127 -4.54826e-05 -0.0005363 6.64275e-05 -0.000958439 -0.0053317 0.00209898 0.00153511 -0.00527001 -0.00366288 -0.00118418 -0.00344874 -0.00510337 0.00077583 -0.00140499 0.00029911 -0.00588599 -0.000389209
internal_weight=177942 122484 55458 120493 52441 96699 52303 46613 96410 20880 95422 89672 289 71130 44523 28752 13825 988 23794 18555 1991 3812 1982 11212 4991 26607 4307 9956 3017 25733
internal_count=177942 122484 55458 120493 52441 96699 52303 46613 96410 20880 95422 89672 289 71130 44523 28752 13825 988 23794 18555 1991 3812 1982 11212 4991 26607 4307 9956 3017 25733
is_linear=0
shrinkage=0.05


Tree=80
num_leaves=31
num_cat=0
split_feature=5 4 11 7 0 1 3 10 9 3 11 5 7 4 8 6 1 7 6 7 3 4 3 7 8 6 7 9 7 8
split_gain=48.5264 22.2927 30.7324 23.1702 20.0513 19.9335 17.7212 11.6683 20.9214 12.4381 11.537 10.0921 10.5324 14.0884 9.63478 9.60439 9.42325 9.85251 9.40701 9.16135 9.07206 8.77566 8.32273 8.11153 8.19322 7.85146 7.72336 8.26312 12.3674 7.97467
threshold=-2.9638847829220318 -0.21761024614566041 -0.16932099999999997 -0.88946518489898529 -0.077643405188162193 0.33745219502973728 0.14919712943333532 0.082996 0.12638750000000001 0.28322129483419806 0.098041000000000031 0.24216352141177874 -1.6990545988455394 -0.53682064965053577 0.53194283063380643 -1.714216114956256 0.18351998838554887 -1.1683516554975559 -5.4236783576855485 -4.393945809270706 0.11994570236753367 -0.31421014592579727 0.61164282059187702 0.98584515841031373 0.79139424062734187 -0.8114184081785224 0.44872225748981875 0.55860025000000013 0.80128946296928849 1.0000000180025095e-35
decision_type=2 2 2 2 2 2 2 2 2 2 2 2 2 2 2 2 2 2 2 2 2 2 2 2 2 2 2 2 2 2
left_child=1 22 3 -3 11 14 10 8 9 -8 -4 12 -2 23 20 -15 17 -10 -12 -18 21 -6 26 -14 -25 -20 -1 28 -28 -29
right_child=4 2 6 -5 5 -7 7 -9 16 -11 18 -13 13 15 -16 -17 19 -19 25 -21 -22 -23 -24 24 -26 -27 27 29 -30 -31
leaf_value=0.00023550542936578547 0.0036385838855944883 -0.015920129593299786 -0.0020129716341761878 -0.071926229802722286 0.00035212659012504781 0.0026054932927495073 -0.0027913785608358345 -0.0030679028499459894 -0.00040026616173176029 -0.02833253184485679 -0.038724974131789706 0.0050223174458922399 0.0037074530897058186 -0.0033793518437881865 0.0056846011728979651 0.00072828001294536276 -0.014298454274533577 -0.0059843542043479456 -0.0065591808111401667 0.0014770204140878737 0.00077347086653790443 -0.0014335662290927342 0.0034677210332265114 -0.012937700898637558 0.0057095272053686004 -0.038302953417102499 -0.00064449549207220907 -0.016399756768334876 -0.053081788579848681 -0.00074168886714138821
leaf_weight=30569 5501 115 29439 22 12696 9137 88 3881 23010 104 29 2901 4223 1948 750 5281 93 818 269 8834 20411 15020 1987 150 97 21 23 102 22 401
leaf_count=30569 5501 115 29439 22 12696 9137 88 3881 23010 104 29 2901 4223 1948 750 5281 93 818 269 8834 20411 15020 1987 150 97 21 23 102 22 401
internal_value=-2.40244e-12 -0.000730404 -0.0012567 -0.0249138 0.000933419 0.000461881 -0.00120802 -0.000474797 -0.000169342 -0.0166262 -0.00211545 0.00229433 0.00183422 0.000985795 6.11576e-05 -0.000378604 -7.28769e-05 -0.000591964 -0.0115731 0.00131267 -2.64769e-05 -0.000615585 0.000330374 0.00319234 -0.0056147 -0.00885787 0.000130037 -0.00575331 -0.0262805 -0.00391688
internal_weight=177942 99827 66723 137 78115 58014 66586 36828 32947 192 29758 20101 17200 11699 48877 7229 32755 23828 319 8927 48127 27716 33104 4470 247 290 31117 548 45 503
internal_count=177942 99827 66723 137 78115 58014 66586 36828 32947 192 29758 20101 17200 11699 48877 7229 32755 23828 319 8927 48127 27716 33104 4470 247 290 31117 548 45 503
is_linear=0
shrinkage=0.05


Tree=81
num_leaves=31
num_cat=0
split_feature=8 7 7 4 2 6 6 11 0 1 11 4 3 4 10 10 5 2 5 11 11 12 7 8 6 0 6 7 9 8
split_gain=44.2835 25.0162 24.0511 20.3375 21.2223 18.4514 17.376 14.3844 13.3806 13.1119 13.15 12.3986 11.798 12.5244 11.4987 11.1011 10.4808 9.65149 9.34482 9.14378 9.06496 9.83202 9.04392 30.7502 14.3368 13.8012 10.3906 21.8205 9.6039 8.91511
threshold=-2.5059865761843834 -2.1391864745239486 -3.3360917540934358 -0.5766785785251235 0.6445919671432786 1.1472761162263767 -6.5848101596763264 0.23900700000000002 0.040911825839623724 -0.09789968735160047 0.041914999999999987 -0.001330377201759436 0.10552869879155159 -0.11701476468554471 -0.11632450000000001 0.074202500000000046 -6.7050800702633735 0.079599683711122818 -2.1378727595065183 -0.12171299999999995 0.16761599999999996 0.64357157203265014 -1.6990545988455394 -1.7158864330406129 -2.1795495878750759 -0.12819629256569295 -1.6662033084297174 -0.68856014819560141 0.25604875000000005 -0.045750439440615971
decision_type=2 2 2 2 2 2 2 2 2 2 2 2 2 2 2 2 2 2 2 2 2 2 2 2 2 2 2 2 2 2
left_child=1 7 19 20 5 8 -6 9 22 18 12 -7 13 -11 16 -8 -10 -16 -1 -2 21 -4 25 24 -24 -5 27 -25 -27 -30
right_child=2 -3 3 4 6 11 15 -9 14 10 -12 -13 -14 -15 17 -17 -18 -19 -20 -21 -22 -23 23 26 -26 28 -28 -29 29 -31
leaf_value=0.00053660286212385056 -0.036975789087062533 -0.0075110227338016158 0.0023634827281219599 0.0044803768533189679 -0.036144714391437072 -0.0076560641074232931 0.0035437732622453436 -0.02302365364456499 -0.033288009078241886 -0.00067355898270874445 -0.005038303129070657 -0.040894670604417725 -0.00030010216467400513 -0.0030815870835818981 -0.0012959374578580564 -0.00020412939087186596 -0.0062829348021886042 0.00029961136282013968 0.0065628274203350006 -0.0045616575923186692 -0.0055770708356740429 0.010288883050558188 -0.0072303884219381736 0.00059129360312882477 -0.0016194298301508874 0.006820577823328987 0.0017128675706233479 -0.0068200814079464184 0.00079474412616616975 -0.028497213841630866
leaf_weight=4713 22 1514 13511 2987 29 433 7942 74 40 10596 2161 30 24644 11011 17565 2630 353 20586 745 1969 348 403 1697 5761 3459 671 12831 1200 27991 26
leaf_count=4713 22 1514 13511 2987 29 433 7942 74 40 10596 2161 30 24644 11011 17565 2630 353 20586 745 1969 348 403 1697 5761 3459 671 12831 1200 27991 26
internal_value=-3.84492e-12 -0.00117222 0.000530755 0.000620819 0.000382805 0.000147508 0.00250539 -0.000994315 0.000195951 -0.000964053 -0.00122597 -0.00980975 -0.00104785 -0.0019007 -0.000522643 0.00261141 -0.00903154 -0.000434991 0.00135916 -0.00491982 0.00239368 0.00259303 0.000685107 -2.69131e-05 -0.00346617 0.00124591 0.000869046 -0.000686346 0.000909138 0.000767561
internal_weight=177942 55458 122484 120493 106231 95630 10601 53944 95167 53870 48412 463 46251 21607 38544 10572 393 38151 5458 1991 14262 13914 56623 24948 5156 31675 19792 6961 28688 28017
internal_count=177942 55458 122484 120493 106231 95630 10601 53944 95167 53870 48412 463 46251 21607 38544 10572 393 38151 5458 1991 14262 13914 56623 24948 5156 31675 19792 6961 28688 28017
is_linear=0
shrinkage=0.05


Tree=82
num_leaves=31
num_cat=0
split_feature=5 4 11 4 6 3 11 0 1 8 12 5 9 7 5 6 12 7 3 0 10 6 7 8 7 7 1 4 9 10
split_gain=41.4989 20.0696 25.5531 20.0941 16.4826 15.4751 13.4936 13.1573 11.8998 10.3362 11.5762 11.6345 9.98244 9.89293 12.9225 9.88573 8.87873 9.71931 8.57604 10.848 7.92068 8.13136 7.70561 8.44612 7.69726 7.68092 8.52811 7.83555 7.83387 7.47889
threshold=-2.9428250027114347 -0.26547878921749274 -0.16932099999999997 -0.012122066449667289 -2.084254338524707 0.51780496285632205 0.13871600000000009 -0.13503995720894643 0.69482394692892935 -4.4623855739459852 -3.1444673080794172 -7.5588797832487638 0.12638750000000001 -1.4640990202800872 0.24216352141177874 -6.5848101596763264 -1.0324595666400216 -0.68856014819560141 -0.14642172662337896 -0.0068680198678754403 -0.056018499999999964 -1.4791169810053304 0.98584515841031373 0.79139424062734187 -0.78152687546914568 -1.026420249138345 0.23207149112331829 -0.6808459810309947 0.91101375000000007 0.15840749999999998
decision_type=2 2 2 2 2 2 2 2 2 2 2 2 2 2 2 2 2 2 2 2 2 2 2 2 2 2 2 2 2 2
left_child=1 18 3 -3 25 6 9 13 -9 10 11 15 -7 -6 16 -4 17 -15 19 -1 21 24 -18 -24 -11 28 27 -27 -2 -8
right_child=4 2 5 -5 7 12 29 8 -10 20 -12 -13 -14 14 -16 -17 22 -19 -20 -21 -22 -23 23 -25 -26 26 -28 -29 -30 -31
leaf_value=0.001164887509466754 9.3201655603433471e-05 -0.012014076333446814 -0.030619985085084206 -0.056030470406580504 0.0065803646396510804 -0.015393212760952256 -0.003896520473377628 0.00076817111510420753 0.0043549310206966937 -0.0029625031750877872 -0.029544595715456978 -0.00074393418214812473 0.0007117896682735617 0.00051231988461932182 0.005617407500732567 -0.0058240078743448057 0.0027876680361439247 -0.0078326827532693693 0.0017234237604359334 -0.0013025022307459567 -0.0011466305839030924 -0.016001213089265363 -0.013272994966557362 0.0048967584022962729 -0.024321229334075958 0.0063182396867815117 0.0025010682661734777 -0.0068384674772114674 0.02120784617198462 -0.019636383754588278
leaf_weight=8363 27134 121 72 33 1631 97 148 35622 2473 2217 56 370 11931 1218 2246 91 4617 489 9284 9532 57862 135 159 107 43 126 456 1111 44 154
leaf_count=8363 27134 121 72 33 1631 97 148 35622 2473 2217 56 370 11931 1218 2246 91 4617 489 9284 9532 57862 135 159 107 43 126 456 1111 44 154
internal_value=1.71974e-12 -0.000670208 -0.00110035 -0.0214462 0.000869939 -0.00105753 -0.00138002 0.00143241 0.00100101 -0.00132769 -0.00791915 -0.00564705 0.000581911 0.00300251 0.00234209 -0.0167768 0.0012258 -0.00187825 0.000490333 -0.000149399 -0.00126326 -0.00408094 0.00231092 -0.00596411 -0.00336889 -7.6162e-05 -0.00334374 -0.00549833 0.000127385 -0.0119228
internal_weight=177942 100509 73330 154 77433 73176 61148 48562 38095 60846 589 533 12028 10467 8836 163 6590 1707 27179 17895 60257 2395 4883 266 2260 28871 1693 1237 27178 302
internal_count=177942 100509 73330 154 77433 73176 61148 48562 38095 60846 589 533 12028 10467 8836 163 6590 1707 27179 17895 60257 2395 4883 266 2260 28871 1693 1237 27178 302
is_linear=0
shrinkage=0.05


Tree=83
num_leaves=31
num_cat=0
split_feature=4 3 5 11 4 3 12 1 11 3 1 10 10 2 8 9 1 9 2 0 7 0 6 5 7 6 0 12 12 4
split_gain=38.5483 33.2549 18.1814 19.2792 27.0279 13.202 16.9037 13.15 11.8745 11.8061 13.0949 11.4154 10.9694 12.4022 10.4147 10.7475 10.0104 10.523 9.96691 9.28904 9.21423 9.19319 9.04798 8.74847 8.5242 12.6373 8.79497 8.55278 8.34133 8.14926
threshold=-0.36794426971656785 0.51780496285632205 -4.4032814884462663 -0.16932099999999997 -0.012122066449667289 -0.28683519397727392 0.64357157203265014 -0.16696212181283324 0.06857199999999998 0.10552869879155159 -0.03467500744018525 0.20122450000000003 0.070903499999999994 0.53113809446909521 -4.4623855739459852 0.20737425000000004 0.11517466779052966 0.37239100000000003 0.17974018472003175 0.017694510695901226 -2.2662663846249846 -0.022388059701492543 -5.9507593418597535 -7.5588797832487638 0.5419090341182482 0.17922085934290269 -0.18433230711496665 0.048466965630220078 -3.2591511417735837 -0.026315789473684233
decision_type=2 2 2 2 2 2 2 2 2 2 2 2 2 2 2 2 2 2 2 2 2 2 2 2 2 2 2 2 2 2
left_child=5 2 3 4 -2 6 7 21 14 10 19 -10 13 -3 15 23 -13 -18 28 -4 -21 -1 -15 29 -7 26 -26 -28 -12 -5
right_child=1 12 9 8 -6 24 -8 -9 11 -11 18 16 -14 22 -16 -17 17 -19 -20 20 -22 -23 -24 -25 25 -27 27 -29 -30 -31
leaf_value=0.0030354635809546684 -0.0082219692546817835 0.00084422285153022919 0.001308868747457749 0.0041728911367622584 -0.070183181397927313 0.0026407562467944054 0.012837319197029462 -0.00057264667593643368 -0.005018247241302988 0.00040817871350757825 -0.0056048344609950229 -0.0082328706306333734 -0.00084553519094504202 -0.019995610362554834 -0.0013578187613831748 -0.033003041866634573 -0.060314029211608271 -0.016507839617030375 -3.4590354033610067e-06 -0.0048790278465894316 0.0002184778713565397 -0.00010061659509887453 0.0035623066885318551 -0.0011728890110181142 -0.011574639496124021 0.0028682102195626922 0.013420559578489269 -0.0095723591792659882 -0.0018732695779156219 -0.022862627345499938
leaf_weight=6004 66 14106 8706 37 24 16770 277 13955 830 31862 1657 65 5315 41 39321 42 26 29 7077 1399 2420 3826 6919 274 378 674 84 78 15567 113
leaf_count=6004 66 14106 8706 37 24 16770 277 13955 830 31862 1657 65 5315 41 39321 42 26 29 7077 1399 2420 3826 6919 274 378 674 84 78 15567 113
internal_value=-2.18816e-12 -0.000409348 -0.000793235 -0.00162886 -0.024745 0.00132304 0.000557087 0.000414071 -0.00157779 -0.000296551 -0.000906287 -0.00710229 0.00118428 0.0016964 -0.00144588 -0.00887678 -0.0215169 -0.0372162 -0.00158318 0.000407023 -0.00164887 0.00181485 0.00342353 -0.00648691 0.00234787 -0.00169799 -0.00739728 0.00234989 -0.00223226 -0.0161939
internal_weight=177942 135896 109515 40827 90 42046 24062 23785 40737 68688 36826 950 26381 21066 39787 466 120 55 24301 12525 3819 9830 6960 424 17984 1214 540 162 17224 150
internal_count=177942 135896 109515 40827 90 42046 24062 23785 40737 68688 36826 950 26381 21066 39787 466 120 55 24301 12525 3819 9830 6960 424 17984 1214 540 162 17224 150
is_linear=0
shrinkage=0.05


Tree=84
num_leaves=31
num_cat=0
split_feature=6 4 2 7 6 0 4 3 11 10 7 11 11 9 1 11 0 4 7 9 0 5 6 2 10 0 8 8 8 10
split_gain=35.4235 20.1536 22.0841 18.103 14.273 12.6415 11.2963 11.1805 10.5963 9.98686 9.49987 9.3053 9.10738 8.9023 8.86581 8.88431 8.31155 8.19914 14.0227 11.4749 13.5369 8.12795 14.4524 8.1139 7.94259 7.93864 9.58567 10.648 8.44736 12.6924
threshold=-3.240480040199698 -0.60812795021790311 0.6445919671432786 -1.1172873364775924 1.1472761162263767 0.020418217329906899 -0.001330377201759436 0.64007697241821704 0.045463499999999983 -0.01295500000000002 -4.7159546743213054 -0.015677999999999994 0.16761599999999996 0.12638750000000001 0.18023353200109074 0.107086 0.12435782964012067 -0.015939396091780075 -0.96987704204000069 0.42883800000000011 0.3404830362277172 -3.1507286620920705 0.11646383468110381 -0.76180543515133226 0.068595500000000045 0.031747769540631417 -0.34322024116280719 0.21788759242743436 -4.4623855739459852 0.04132099999999999
decision_type=2 2 2 2 2 2 2 2 2 2 2 2 2 2 2 2 2 2 2 2 2 2 2 2 2 2 2 2 2 2
left_child=3 12 4 8 5 21 -6 13 9 10 11 -1 16 -7 -15 -16 23 -5 -19 20 -20 22 -3 -2 -4 26 -11 -28 29 -27
right_child=1 2 24 17 6 7 -8 -9 -10 25 -12 -13 -14 14 15 -17 -18 18 19 -21 -22 -23 -24 -25 -26 28 27 -29 -30 -31
leaf_value=-0.022477868231984541 0.0090485527059239474 2.2146925429969362e-05 0.0033338309472363738 -0.0054131090864376905 -0.0064616647156193118 -0.029491940140724184 -0.03808750231439869 0.0016783327480892393 -0.0044053274750879279 2.9093513298970698e-05 -0.0023506917118373749 -0.0047254752867156649 -0.0061350892367657492 -0.0012650156891113905 0.00045688015161597976 -0.0073936442258088174 -0.00033916238561100689 0.015019510245571535 -0.030168569024288279 -0.057631627433002 0.00012620520719792695 0.0010639653582548484 -0.010415201463634038 0.00289143879080984 0.00020946922012674672 -0.0029081675669710553 -0.03808929521576776 0.0078882591519504799 -0.0014318056383939128 -0.052839680784381927
leaf_weight=117 570 25700 7306 968 480 27 30 5121 2201 24131 4979 200 303 29661 13868 370 1927 30 87 20 64 33657 336 8733 2819 35 34 20 14128 20
leaf_count=117 570 25700 7306 968 480 27 30 5121 2201 24131 4979 200 303 29661 13868 370 1927 30 87 20 64 33657 336 8733 2819 35 34 20 14128 20
internal_value=1.48374e-12 0.000422863 0.000230031 -0.00117694 2.29979e-05 6.21367e-05 -0.00832201 -0.000532608 -0.00102033 -0.000849703 -0.00288503 -0.0112776 0.00241881 -0.000790364 -0.000772712 0.00025287 0.0026496 -0.00732124 -0.0165106 -0.0220422 -0.0173284 0.000550811 -0.000112549 0.00326869 0.00246395 -0.000568764 -1.79953e-05 -0.0210606 -0.00150794 -0.0210651
internal_weight=177942 130908 119375 47034 109250 108740 510 49047 45865 43664 5296 317 11533 43926 43899 14238 11230 1169 201 171 151 59693 26036 9303 10125 38368 24185 54 14183 55
internal_count=177942 130908 119375 47034 109250 108740 510 49047 45865 43664 5296 317 11533 43926 43899 14238 11230 1169 201 171 151 59693 26036 9303 10125 38368 24185 54 14183 55
is_linear=0
shrinkage=0.05


Tree=85
num_leaves=31
num_cat=0
split_feature=4 3 5 11 4 3 12 1 3 8 11 0 6 0 10 6 9 2 7 12 10 11 1 5 9 6 7 10 9 11
split_gain=33.6828 28.5804 14.3299 17.2751 21.3656 13.0221 16.9969 13.4884 11.867 10.8515 10.6671 9.58499 9.56848 9.54322 9.93685 9.37222 11.7842 9.35608 12.2789 17.69 9.23862 8.57073 7.79594 7.47873 8.59361 7.45178 8.80132 7.42415 7.24832 6.9831
threshold=-0.31421014592579727 0.51780496285632205 -4.3200825321316119 -0.12171299999999995 -0.0053339260576424899 -0.15563039906458212 0.64357157203265014 -0.16696212181283324 0.10552869879155159 -3.6644220072593749 0.065730500000000011 -0.014528995051617808 1.5336608685699544 0.16081726170052293 0.099737500000000021 -5.4236783576855485 0.31182800000000005 0.0054925380182003778 -0.31774755435668245 -0.68118211471338819 -0.038835000000000001 -0.0092139999999999705 -0.062755709156187209 -6.9509356773517714 0.53961375000000011 0.11646383468110381 0.44872225748981875 0.25252300000000005 0.16917425 -0.037718999999999996
decision_type=2 2 2 2 2 2 2 2 2 2 2 2 2 2 2 2 2 2 2 2 2 2 2 2 2 2 2 2 2 2
left_child=5 2 3 4 23 6 7 11 9 -4 20 12 -1 14 28 16 -12 18 29 -20 -5 -22 -11 -2 -25 26 -21 -9 -3 -7
right_child=1 13 8 10 -6 17 -8 27 -10 22 15 -13 -14 -15 -16 -17 -18 -19 19 25 21 -23 -24 24 -26 -27 -28 -29 -30 -31
leaf_value=0.0028021659822198763 -0.030705307809443312 -0.010581872007826827 -0.005219473835420721 -0.0044088541695707882 -0.057410725180445044 0.0064814770170749424 0.012193790263184392 -0.00029078428944239913 0.00037216869658056892 0.00061346687668704372 -0.011764517197718656 -0.00017278546329180244 -0.011841724721294524 0.0032116963420100435 -0.0028568155842707207 -0.004676512499235631 -0.049826308418065311 0.0045257271733595622 -0.0078067646663977606 0.0011316901221404023 0.00069699502729903646 -0.0014808642064561171 -0.0012707305022562989 -0.013385610336437823 0.021211603982374073 0.0044779615361355586 -0.0086224478053736672 -0.0091185387514755752 0.0010447181905367097 0.0019927462900473816
leaf_weight=8694 29 135 1465 2334 29 951 309 20279 30143 7258 109 4748 113 4290 1868 885 25 3475 765 834 5288 31004 22534 50 28 910 320 241 19084 9745
leaf_count=8694 29 135 1465 2334 29 951 309 20279 30143 7258 109 4748 113 4290 1868 885 25 3475 765 834 5288 31004 22534 50 28 910 320 241 19084 9745
internal_value=-3.83702e-12 -0.000438333 -0.00081463 -0.00155387 -0.0193435 0.00107961 0.000519923 0.000414062 -0.000335673 -0.00101829 -0.00149285 0.00163803 0.00261427 0.001062 0.000624665 -0.0065424 -0.0188656 0.00221162 0.00161705 -0.00131233 -0.00135964 -0.00116353 -0.000811698 -0.00902626 -0.000966098 0.00109476 -0.0015731 -0.000394463 0.00096305 0.00239185
internal_weight=177942 126558 101181 39781 136 51384 34384 34075 61400 31257 39645 13555 8807 25377 21087 1019 134 17000 13525 2829 38626 36292 29792 107 78 2064 1154 20520 19219 10696
internal_count=177942 126558 101181 39781 136 51384 34384 34075 61400 31257 39645 13555 8807 25377 21087 1019 134 17000 13525 2829 38626 36292 29792 107 78 2064 1154 20520 19219 10696
is_linear=0
shrinkage=0.05


Tree=86
num_leaves=31
num_cat=0
split_feature=4 3 5 6 3 4 0 5 11 2 6 1 0 12 6 11 1 5 6 4 7 9 10 8 8 0 7 10 11 7
split_gain=30.7336 26.2469 17.4036 15.8456 14.6751 16.3913 13.8756 11.4174 10.7987 9.56448 9.22856 10.0955 8.75241 8.63359 10.7134 8.59719 11.97 8.51107 8.39458 10.3773 8.18113 15.6428 8.11136 8.0775 8.07591 8.07578 17.3371 11.604 8.62941 8.6958
threshold=-0.2102169327317662 0.10895041149601449 -4.6944125005785393 0.93084322875214942 -0.0077840015891389993 -0.6808459810309947 0.36400549450549452 -0.42248903026378265 0.036278000000000039 0.069520878094752395 0.11646383468110381 -0.090244075196644166 0.12435782964012067 0.64357157203265014 1.5336608685699544 -0.16932099999999997 0.22368421052631585 -0.86360130890482101 -4.1238404407315423 -1.0000000180025095e-35 -0.6649693646102034 0.62260650000000017 -0.15971549999999995 -1.4113586573234007 -0.7091722512788069 -0.010672834226730874 -0.16936222881315599 0.089211999999999944 -0.16932099999999997 -2.0801431533846317
decision_type=2 2 2 2 2 2 2 2 2 2 2 2 2 2 2 2 2 2 2 2 2 2 2 2 2 2 2 2 2 2
left_child=4 15 3 8 5 12 -4 9 -3 20 11 25 13 14 -1 16 -2 24 19 -10 -6 23 -13 -22 -12 26 27 -7 -27 -30
right_child=1 2 6 -5 7 10 -8 -9 18 -11 17 22 -14 -15 -16 -17 -18 -19 -20 -21 21 -23 -24 -25 -26 28 -28 -29 29 -31
leaf_value=0.0034569045182017972 -0.0072415298900256556 -0.00076230323549606295 0.00042976718272833638 -0.033855600760796585 0.0013111334579025068 0.0014764450136913038 0.0058024477291859777 0.0044179590457254286 -0.0076471251209412729 0.0034057249065904565 -0.013759406031934538 -0.011738262290600689 -0.0010859743468434712 0.012742349138978648 -0.012320893915073778 -0.0016013902205226035 -0.049949893887553901 -0.000363674881239022 -0.0026730419921068534 -0.029650067610925708 -0.033293970593561727 0.00058247413253411653 -0.00047844179554410826 -0.0068157856944055812 -0.0034004708134867212 -0.029110508884948035 -0.0064047174153874986 0.0057184445003796731 -0.0027383446004330975 0.00095170158821667762
leaf_weight=4912 75 19200 44623 37 11465 9920 1235 3623 441 4334 307 161 1257 244 110 36238 21 932 1258 61 30 2008 24411 722 486 26 621 1925 2371 4888
leaf_count=4912 75 19200 44623 37 11465 9920 1235 3623 441 4334 307 161 1257 244 110 36238 21 932 1258 61 30 2008 24411 722 486 26 621 1925 2371 4888
internal_value=-1.23587e-12 -0.000559288 2.85831e-05 -0.00116362 0.00077204 0.000316975 0.000574459 0.00185054 -0.00110591 0.00134934 -1.53182e-05 0.000124322 0.00266274 0.00355757 0.00311131 -0.00164098 -0.016584 -0.00360331 -0.00485439 -0.0103208 0.000722808 -0.00172109 -0.000552218 -0.0078721 -0.0074108 0.000965999 0.00173889 0.00216584 -0.000356564 -0.000253575
internal_weight=177942 103189 66855 20997 74753 52571 45858 22182 20960 18559 46048 44323 6523 5266 5022 36334 96 1725 1760 502 14225 2760 24572 752 793 19751 12466 11845 7285 7259
internal_count=177942 103189 66855 20997 74753 52571 45858 22182 20960 18559 46048 44323 6523 5266 5022 36334 96 1725 1760 502 14225 2760 24572 752 793 19751 12466 11845 7285 7259
is_linear=0
shrinkage=0.05


Tree=87
num_leaves=31
num_cat=0
split_feature=4 2 6 10 0 11 10 7 3 1 8 12 11 1 7 6 8 6 11 10 6 8 11 10 7 7 6 10 7 8
split_gain=28.5179 25.7559 19.8766 18.3652 17.506 12.7253 11.2684 11.0709 10.9532 12.5873 10.8428 10.6655 10.4729 10.1591 14.0723 12.2634 9.84293 11.0979 9.08225 8.89341 13.0125 8.41226 8.2571 10.3576 9.58027 8.23311 8.12214 7.9311 7.76738 10.7193
threshold=-0.36794426971656785 0.20693737854660735 -4.8573510556152302 0.031504999999999957 0.023181838384736312 0.033903500000000024 0.019138499999999978 -5.161602059988339 -0.28683519397727392 -0.21057416437453777 -0.37254533148162977 0.46485464245916414 0.11950200000000001 -0.044115793531932505 -1.591352304878491 -2.2492424854530566 -2.5995018777675232 -1.8666838229524176 -0.011076000000000029 -0.044543999999999966 -3.8060801033837373 -1.7842758901008327 -0.0025145000000000024 0.16585850000000005 -4.5131633345778273 -1.0080185340803804 0.11646383468110381 -0.13303649999999997 0.66024292506549187 1.0000000180025095e-35
decision_type=2 2 2 2 2 2 2 2 2 2 2 2 2 2 2 2 2 2 2 2 2 2 2 2 2 2 2 2 2 2
left_child=8 4 5 -4 13 6 25 -6 9 11 -7 -1 16 14 18 21 17 -9 27 20 -18 -16 -8 24 -24 -3 -17 -2 -10 -30
right_child=1 2 3 -5 7 10 22 12 28 -11 -12 -13 -14 -15 15 26 19 -19 -20 -21 -22 -23 23 -25 -26 -27 -28 -29 29 -31
leaf_value=0.0015438363761096419 -0.0093725386780690693 -0.0071132655996390308 0.0019036098099640968 -0.00014211391894905864 0.029718012753541453 -0.018699290404849231 0.010245591906956241 -0.0024756242887325527 0.0023243807033847051 -0.00041954385385898745 0.012324036937206984 0.0093116276858726463 -0.0098199091171152011 -0.00087454331464107196 -0.012499962342930049 0.00014460710097436349 -0.026577114376705142 -0.010620502952428926 0.00061659198955739858 -0.00080236032335489658 -0.0041298597472216644 -0.0033397434397783084 -0.014849263176342454 -0.024837448774917944 0.0029903873425591258 -0.031436297081803025 -0.0079732649238264588 0.0039303375848406142 -0.017562563454403598 -0.00046370618975236067
leaf_weight=8223 116 412 20472 23639 28 235 178 12259 16978 15372 32 467 396 31290 379 3714 70 433 15129 21313 831 740 91 46 435 38 336 3284 102 904
leaf_count=8223 116 412 20472 23639 28 235 178 12259 16978 15372 32 467 396 31290 379 3714 70 433 15129 21313 831 740 91 46 435 38 336 3284 102 904
internal_value=7.3364e-13 -0.000352086 0.000616894 0.00080731 -0.000841071 -0.00510871 -0.0029121 -0.00170951 0.00113797 0.00044029 -0.0149811 0.00196128 -0.00173444 -0.000283096 0.000497831 -0.00180902 -0.00164271 -0.00275349 0.00114137 -0.00100806 -0.00587382 -0.00644227 0.000840971 -0.00208564 -9.594e-05 -0.00916721 -0.000528876 0.00347647 0.00207144 -0.00219739
internal_weight=177942 135896 45578 44111 90318 1467 1200 35330 42046 24062 267 8690 35302 54988 23698 5169 34906 12692 18529 22214 901 1119 750 572 526 450 4050 3400 17984 1006
internal_count=177942 135896 45578 44111 90318 1467 1200 35330 42046 24062 267 8690 35302 54988 23698 5169 34906 12692 18529 22214 901 1119 750 572 526 450 4050 3400 17984 1006
is_linear=0
shrinkage=0.05


Tree=88
num_leaves=31
num_cat=0
split_feature=5 4 2 11 4 11 1 0 7 11 10 0 2 7 8 1 3 5 11 6 2 6 12 10 8 6 9 8 3 9
split_gain=27.4176 15.8073 18.1268 13.9321 13.8019 18.0176 18.4266 10.7819 20.1184 10.5319 9.86982 9.38184 8.71658 9.24731 19.4344 9.35603 8.60622 8.50524 7.87356 7.75898 7.6714 7.64016 11.6578 7.45551 9.60922 7.441 19.7671 7.94877 7.27641 7.12956
threshold=-4.1108900624245015 -0.5766785785251235 0.14044728241654961 0.23900700000000002 -0.20552146804877844 -0.16932099999999997 0.26225076479086323 -0.038457746158396915 -0.12939936451480152 0.036278000000000039 0.031161500000000012 -0.20764709223080416 -0.067197522905724602 -0.86907646503919389 -1.1860369459917366 -0.062755709156187209 0.14557392577284092 -6.1221322041403194 0.011487500000000013 0.25395204702147584 1.5576432820319142 -0.96767415362420717 -1.291395830219533 -0.038835000000000001 -4.4623855739459852 -0.48988717592848169 0.39493800000000007 -1.6229808284737433 -0.1243704615419927 0.50569675000000014
decision_type=2 2 2 2 2 2 2 2 2 2 2 2 2 2 2 2 2 2 2 2 2 2 2 2 2 2 2 2 2 2
left_child=3 -2 7 4 18 6 29 8 12 23 20 -10 13 15 -15 -3 -14 -5 21 -13 -4 -1 -23 24 -7 27 -27 -11 -24 -6
right_child=1 2 10 17 5 9 -8 -9 11 25 -12 19 16 14 -16 -17 -18 -19 -20 -21 -22 22 28 -25 -26 26 -28 -29 -30 -31
leaf_value=-0.00011257104464695446 0.0021909935753541081 0.0030590629163576768 0.0017295835704763984 -0.031547719383971738 -0.023047214360065904 -0.019541835726829628 -0.057043082692793436 -0.0007996148889939437 -0.0097373690788748642 -0.0049682083275521711 0.00036523480798080724 -0.0050509574945699276 -0.0020540321276784307 -0.009090161695917193 0.0015650391109197034 -0.00034068172474015955 0.0010682308885087229 -0.0061382518603633612 0.0014777705705784705 0.010188257684894494 0.0069216719270349504 -0.011378458887219238 -0.0051569244962216473 -0.00085639698995039276 -0.0031320289597826902 -0.047773817327937916 -0.0035585431433231619 0.00052409113320052892 0.0039242671281745911 0.0093742714698115993
leaf_weight=12405 11926 8636 17826 57 39 93 28 37682 673 2400 21628 244 3994 585 1594 2643 4933 78 8063 127 741 390 483 37014 2190 35 91 908 406 30
leaf_count=12405 11926 8636 17826 57 39 93 28 37682 673 2400 21628 244 3994 585 1594 2643 4933 78 8063 127 741 390 483 37014 2190 35 91 908 406 30
internal_value=1.80683e-12 0.000469188 0.000266493 -0.000821003 -0.000787458 -0.00130834 -0.0228332 -0.000275932 0.000566331 -0.00125948 0.00109118 -0.00621817 0.00088275 0.00168633 -0.00129558 0.0022624 -0.000328691 -0.0168667 0.000238363 0.000165701 0.0019368 -0.000491931 -0.00417134 -0.00102744 -0.0038005 -0.00391489 -0.0158406 -0.00346065 -0.00100961 -0.00895092
internal_weight=177942 113232 101306 64710 64575 42828 97 61111 23429 42731 40195 1044 22385 13458 2179 11279 8927 135 21747 371 18567 13684 1279 39297 2283 3434 126 3308 889 69
internal_count=177942 113232 101306 64710 64575 42828 97 61111 23429 42731 40195 1044 22385 13458 2179 11279 8927 135 21747 371 18567 13684 1279 39297 2283 3434 126 3308 889 69
is_linear=0
shrinkage=0.05


Tree=89
num_leaves=31
num_cat=0
split_feature=8 7 5 7 9 6 6 11 0 11 2 2 0 4 6 8 1 7 11 7 6 7 9 7 11 11 6 7 2 0
split_gain=25.0374 19.9788 15.8925 14.609 12.4061 11.1965 10.6041 17.8761 9.85807 13.1587 10.5149 9.52596 13.8391 11.2442 15.3543 11.9958 9.34226 9.22215 9.03014 8.7499 8.34894 13.2231 15.5228 12.4828 10.7474 8.18711 7.91526 8.79595 7.43007 7.33798
threshold=-2.7462127526717701 -2.6288185869838259 -1.3598352377678353 -3.9872842925641923 0.38256525000000002 -3.3230952970812928 0.93084322875214942 -0.12171299999999995 -0.03172649536397442 -0.028727499999999958 0.1236313686313686 0.23738045097805852 0.055247811292294398 -0.6808459810309947 0.11646383468110381 -0.8569616626538813 0.02202539955162686 -3.016698049570858 -0.086000499999999994 0.21697175979466107 -4.1901985037478608 -0.71216717757926318 0.34075475000000005 -0.35020035185588611 0.036278000000000039 0.029284000000000036 -1.3135689508290949 -2.1727709767531702 -0.1109000900090009 -0.12487326776435596
decision_type=2 2 2 2 2 2 2 2 2 2 2 2 2 2 2 2 2 2 2 2 2 2 2 2 2 2 2 2 2 2
left_child=1 4 3 -2 8 -3 11 -8 9 -1 18 12 13 -5 19 -16 -11 -14 -10 -15 21 24 23 -23 -13 -12 27 -7 -20 -21
right_child=2 5 -4 6 -6 26 7 -9 10 16 25 20 17 14 15 -17 -18 -19 28 29 -22 22 -24 -25 -26 -27 -28 -29 -30 -31
leaf_value=0.010261326978558159 -0.0071551902758255894 -0.0089106049320345614 0.0013577193811100821 0.0034872227877022518 -0.0082711661337664579 -0.0014791733793667594 -0.047583585925400261 -0.0045195682867099725 -0.018545469476739528 0.0014854129618026785 0.00056513127996981488 0.00059221117969612044 -0.0057933396272019169 0.00027007211642760752 -0.01392184294617077 -0.0005363443969217547 -0.0027815587141198882 -0.00098019108383002999 0.0012397827982526819 -0.010085307272044262 0.0011016878734250793 -0.036143440448989476 -0.049480364569462837 0.0018764796279757828 -0.01371044179498656 -0.0043193880618234877 -0.012082434948900267 -0.014390946727701658 -0.0020632607764966382 0.0053795539417627221
leaf_weight=364 700 1038 29342 2589 536 2583 25 668 80 5680 10401 1009 1044 51294 344 326 1657 21294 1907 353 27150 30 30 77 151 935 216 139 15882 98
leaf_count=364 700 1038 29342 2589 536 2583 25 668 80 5680 10401 1009 1044 51294 344 326 1657 21294 1907 353 27150 30 30 77 151 935 216 139 15882 98
internal_value=1.30382e-12 -0.0010768 0.000326675 4.44175e-05 -0.000718949 -0.0044467 9.17468e-05 -0.0060731 -0.000609265 0.00098211 -0.00102889 0.000132131 -0.000155618 0.00027061 0.000111728 -0.0074089 0.000521753 -0.00120514 -0.00178455 0.000209105 0.000914468 -0.0030046 -0.0176951 -0.00878331 -0.0012696 0.000162253 -0.00286959 -0.00213852 -0.00170917 -0.00672487
internal_weight=177942 41418 136524 107182 37442 3976 106482 693 36906 7701 29205 105789 77342 55004 52415 670 7337 22338 17869 51745 28447 1297 137 107 1160 11336 2938 2722 17789 451
internal_count=177942 41418 136524 107182 37442 3976 106482 693 36906 7701 29205 105789 77342 55004 52415 670 7337 22338 17869 51745 28447 1297 137 107 1160 11336 2938 2722 17789 451
is_linear=0
shrinkage=0.05


Tree=90
num_leaves=31
num_cat=0
split_feature=4 3 5 3 0 1 6 5 12 0 12 7 10 12 4 6 6 2 2 2 10 7 0 12 10 11 8 9 10 0
split_gain=23.3696 19.5036 13.9867 12.9804 11.7705 11.7257 10.0823 18.8333 9.8035 9.03038 9.11176 13.301 8.59902 9.52783 8.321 13.1803 9.36152 8.18849 7.98221 7.31037 6.8873 6.64584 7.12739 7.48337 7.00513 7.77982 6.61342 11.0437 8.30876 10.4036
threshold=-0.23342018452266908 0.10895041149601449 -4.1108900624245015 0.0077496821643641143 0.39160396398193326 -0.31512522281118471 0.93084322875214942 -6.294768930072089 0.64357157203265014 0.025088073274127324 0.10996854793785374 1.2644557469035156 0.20122450000000003 0.46485464245916414 -0.0033551930016312843 -5.265264817263815 -5.265264817263815 0.17650038481272459 -0.1040083000980178 0.081995805709646943 0.032223499999999995 0.80128946296928849 -0.083333333333333301 0.25284675567315007 0.12887450000000003 0.13871600000000009 -4.4623855739459852 0.20737425000000004 -0.011841000000000044 -0.0023081369485710708
decision_type=2 2 2 2 2 2 2 2 2 2 2 2 2 2 2 2 2 2 2 2 2 2 2 2 2 2 2 2 2 2
left_child=3 9 6 5 20 8 12 -8 21 18 11 17 13 26 15 -14 -16 -11 -2 -5 -4 24 23 -23 -1 -26 27 28 -3 -30
right_child=1 2 4 19 -6 -7 7 -9 -10 10 -12 -13 14 -15 16 -17 -18 -19 -20 -21 -22 22 -24 -25 25 -27 -28 -29 29 -31
leaf_value=0.0014807223671404128 0.0020104674545460099 -0.019714859581136175 0.0011541397772449296 0.0013049522670009468 0.0059967556629627492 -4.1081870469233297e-05 -0.05762525626288896 0.0064212741175045567 0.011461294789588659 -0.0027254587180178258 0.014402581459753925 -0.029559745859693398 0.022722636775758406 -0.035180911137722433 -0.037851498480886224 -0.0089645050411508529 -0.0057756141010347917 -0.00063663212953210568 -0.00094945494437250258 0.0036528406345865761 -0.00014790588655633978 -0.013451073228141534 0.0040157290214362243 0.0022516696918350849 0.0075312502000859554 -0.006870530562564022 -0.00056930601572476318 -0.030649242276946705 0.016169393041895498 -0.0067394138961161323
leaf_weight=6972 2656 66 20229 13969 998 41688 22 24 264 14312 84 44 39 20 45 207 46 6980 15993 4347 20397 223 189 115 877 105 26755 45 72 159
leaf_count=6972 2656 66 20229 13969 998 41688 22 24 264 14312 84 44 39 20 45 207 46 6980 15993 4347 20397 223 189 115 877 105 26755 45 72 159
internal_value=4.88579e-13 -0.000454666 5.41019e-05 0.000722139 0.000632208 0.000308103 -0.000820919 -0.0242097 0.00197269 -0.00133235 -0.00203274 -0.00209744 -0.000781731 -0.000683083 -0.00871948 -0.00394093 -0.0216373 -0.00204069 -0.000527901 0.00186218 0.000500425 0.00167733 -0.00376029 -0.00810842 0.0020376 0.00599134 -0.000657621 -0.00756657 -0.0040692 0.000400993
internal_weight=177942 109193 69124 68749 41624 50433 27500 46 8745 40069 21420 21336 27454 27117 337 246 91 21292 18649 18316 40626 8481 527 338 7954 982 27097 342 297 231
internal_count=177942 109193 69124 68749 41624 50433 27500 46 8745 40069 21420 21336 27454 27117 337 246 91 21292 18649 18316 40626 8481 527 338 7954 982 27097 342 297 231
is_linear=0
shrinkage=0.05


Tree=91
num_leaves=31
num_cat=0
split_feature=8 7 5 10 11 3 2 3 7 0 2 0 6 8 4 5 0 11 10 10 3 8 9 9 4 11 11 9 8 7
split_gain=21.7654 19.1985 14.1943 12.9207 10.9383 11.2932 10.9208 10.574 9.5524 9.24099 8.83895 12.5524 10.6418 14.6096 8.82236 8.24087 8.1716 8.06957 8.05072 7.87833 9.76685 7.56525 7.39528 8.22944 7.70082 8.03922 7.35834 10.5752 13.3789 10.5228
threshold=-2.8530307730622857 -2.6162508243805989 -1.3598352377678353 -0.21059850000000002 0.16761599999999996 0.4068866712775418 0.38882573922778013 0.74587054541339026 -3.6782313798143473 -0.023376365005729368 0.3656121814559718 0.067752813335511211 0.11646383468110381 -0.93555747114793764 -0.6808459810309947 -4.0840423685274478 -0.13147799342875835 -0.05787999999999998 0.11658800000000004 0.32282450000000013 0.032236757576339044 -2.0110467792570779 0.16082575000000002 0.19076975000000004 -0.0043665143138373321 0.0082655000000000107 -0.020965000000000036 0.26087750000000004 -2.2619594557174731 -2.1954268146788625
decision_type=2 2 2 2 2 2 2 2 2 2 2 2 2 2 2 2 2 2 2 2 2 2 2 2 2 2 2 2 2 2
left_child=1 4 3 6 5 9 -2 -8 21 -1 11 12 14 -14 -10 -3 -17 -11 -12 -13 -21 -5 24 -24 25 -7 27 28 -16 -28
right_child=2 15 -4 8 -6 22 7 -9 10 17 18 19 13 -15 26 16 -18 -19 -20 20 -22 -23 23 -25 -26 -27 29 -29 -30 -31
leaf_value=0.00042569546397660548 -0.0060798383649311206 -0.0091892206501279893 0.0012518958807302371 -0.0017092511566307784 -0.017842118100119517 0.015043893615465341 -0.054208320055156946 -0.0066795627332546506 0.0033662155249844813 -0.010886689767535047 0.0013992459319025824 -0.00099915282097980075 -0.012490917956629927 -0.00093282706436008443 0.0070412335802066371 0.01488766814267156 -0.0038971400221362515 -0.0014731871461355322 -0.0027124930012710994 -0.0057545735528144772 -0.042302622303366663 -0.0093932138990899128 0.011310273081348951 0.0018188445342343824 -0.02777472288289573 -0.014441783585199068 0.00074522660976651884 0.0013458065954462216 0.039579435608660181 -0.00062057547350876253
leaf_weight=7813 307 943 29595 1231 94 41 25 22 2343 230 17023 24673 376 1002 258 61 1137 22384 1280 68 25 433 249 2757 40 53 27661 7011 36 28771
leaf_count=7813 307 943 29595 1231 94 41 25 22 2343 230 17023 24673 376 1002 258 61 1137 22384 1280 68 25 433 249 2757 40 53 27661 7011 36 28771
internal_value=3.72351e-12 -0.00110184 0.00027753 2.13091e-05 -0.000809832 -0.000762135 -0.00951601 -0.0319608 5.14025e-05 -0.00105675 0.000108012 -9.11815e-05 0.000262265 -0.00408656 0.000352953 -0.00569282 -0.00294065 -0.00156893 0.0011117 -0.0010539 -0.0155793 -0.00370874 0.00209274 0.00260506 -0.00940003 -0.00158101 0.000242184 0.00173538 0.0110255 4.88931e-05
internal_weight=177942 35802 142140 112545 33661 33567 354 47 112191 30427 110527 92224 67458 1378 66080 2141 1198 22614 18303 24766 93 1664 3140 3006 134 94 63737 7305 294 56432
internal_count=177942 35802 142140 112545 33661 33567 354 47 112191 30427 110527 92224 67458 1378 66080 2141 1198 22614 18303 24766 93 1664 3140 3006 134 94 63737 7305 294 56432
is_linear=0
shrinkage=0.05


Tree=92
num_leaves=31
num_cat=0
split_feature=4 2 6 10 0 11 10 3 12 8 7 1 8 11 3 11 1 4 6 8 11 10 7 0 11 2 2 5 7 6
split_gain=21.0405 18.3849 14.7433 15.0177 12.8988 10.3213 9.85432 9.84263 10.241 9.76712 7.92415 11.289 11.1198 8.35466 8.12965 7.88384 8.6036 7.62976 9.54484 7.68988 7.49949 8.54447 8.20881 7.20466 7.12867 7.1852 7.31557 7.06746 7.01541 9.90596
threshold=-0.36794426971656785 0.20693737854660735 -4.8573510556152302 0.032223499999999995 0.025088073274127324 0.033903500000000024 0.019138499999999978 -0.28683519397727392 0.64357157203265014 -0.37254533148162977 -1.4365433095739426 -0.040133351799796151 -1.6586153544552831 -0.011076000000000029 0.24174782084946259 0.107086 0.24155799403904168 -0.61685194249414899 0.11646383468110381 -0.27656457206873453 -0.0025145000000000024 0.16585850000000005 -4.5131633345778273 0.55990869431835333 -0.014104000000000018 0.24122288548266604 0.33818337484433386 -1.4472539022235289 0.5419090341182482 0.17922085934290269
decision_type=2 2 2 2 2 2 2 2 2 2 2 2 2 2 2 2 2 2 2 2 2 2 2 2 2 2 2 2 2 2
left_child=7 4 5 -4 10 6 24 8 17 -7 11 13 -12 -2 -13 16 -6 -1 -19 -20 -8 22 -22 -5 25 -3 -27 -16 -9 -30
right_child=1 2 3 23 15 9 20 28 -10 -11 12 14 -14 -15 27 -17 -18 18 19 -21 21 -23 -24 -25 -26 26 -28 -29 29 -31
leaf_value=0.0013888031878324383 0.0029989383981845635 -0.045830615255981685 0.0016558821348861838 -0.00030326731071998503 -0.0016830311117197244 -0.01683492880552373 0.010035837678175966 0.0021280483825722707 0.0098745253737276221 0.012609288631938399 -0.0055527139349806024 -0.0012395388268102658 -0.00072334642501631049 0.000389668665404595 0.00016230010410216885 -0.0077277106354275427 0.0007349940374821349 -0.00021777443557471113 -0.011568864912302874 -0.00010984785403707066 -0.013565457115911847 -0.022380749379163206 0.0029479903012283961 0.0067676547072799825 -0.0043400146649579521 0.004082792314390341 -0.023081551560693803 0.0053604414853794776 -0.0068539684187384478 0.0022347096167514503
leaf_weight=8655 3756 20 20823 22922 29791 235 178 16770 277 32 1568 19673 4970 16744 8413 497 4197 14532 342 256 91 46 435 366 323 39 68 709 540 674
leaf_count=8655 3756 20 20823 22922 29791 235 178 16770 277 32 1568 19673 4970 16744 8413 497 4197 14532 342 256 91 46 435 366 323 39 68 709 540 674
internal_value=3.0383e-14 -0.000302425 0.000516241 0.000680236 -0.000715556 -0.00441492 -0.00243664 0.000977462 0.000316099 -0.013306 -0.000245957 -2.9026e-05 -0.00188157 0.000867738 -0.000667458 -0.00147586 -0.00138444 0.000204781 -0.000472529 -0.00666333 0.00107305 -0.00171608 9.11011e-05 -0.000192139 -0.00828612 -0.0183223 -0.0131805 0.000566321 0.00186235 -0.00180803
internal_weight=177942 135896 45578 44111 90318 1467 1200 42046 24062 267 55833 49295 6538 20500 28795 34485 33988 23785 15130 598 750 572 526 23288 450 127 107 9122 17984 1214
internal_count=177942 135896 45578 44111 90318 1467 1200 42046 24062 267 55833 49295 6538 20500 28795 34485 33988 23785 15130 598 750 572 526 23288 450 127 107 9122 17984 1214
is_linear=0
shrinkage=0.05


Tree=93
num_leaves=31
num_cat=0
split_feature=5 2 4 11 3 8 11 4 9 7 6 6 6 11 0 7 6 10 5 5 12 6 3 2 4 6 11 8 10 9
split_gain=19.9352 12.1294 13.8301 11.5085 10.3174 10.3173 9.8189 15.7657 9.00373 16.5616 9.54399 8.34271 8.09985 7.88853 8.52599 21.624 7.93204 10.6638 11.6602 7.79323 7.47127 10.7118 8.21525 8.38994 7.56353 7.91066 7.46787 7.39143 7.25498 9.24595
threshold=-4.4032814884462663 0.6982302207420692 -0.32166011233505037 0.23900700000000002 0.014780682608203645 -3.6644220072593749 -0.16932099999999997 -0.012122066449667289 0.33162425000000001 -1.8272172337282142 -6.5848101596763264 -1.3135689508290949 1.5336608685699544 0.11950200000000001 0.42956891317547058 0.80128946296928849 -2.7893180394255253 -0.031434999999999984 -6.1221322041403194 -4.9218203093853292 0.64357157203265014 1.5336608685699544 -0.32586037309796723 0.071898516581025321 -0.61685194249414899 0.11646383468110381 0.23900700000000002 -3.3115094743888958 -0.060153000000000033 0.37736350000000002
decision_type=2 2 2 2 2 2 2 2 2 2 2 2 2 2 2 2 2 2 2 2 2 2 2 2 2 2 2 2 2 2
left_child=3 2 20 6 5 -4 7 -1 9 11 -10 -8 -7 14 16 -16 -11 18 -18 -5 21 22 24 28 -2 -26 -22 -12 29 -24
right_child=1 -3 4 19 -6 12 8 -9 10 13 27 -13 -14 -15 15 -17 17 -19 -20 -21 26 -23 23 -25 25 -27 -28 -29 -30 -31
leaf_value=-0.0053706160758353648 0.0014878739764056367 0.0022789090972046163 -0.0066745714466028578 -0.023535201952068343 0.00022009051783706941 -0.00081745224273098568 -0.00095688047918144562 -0.04596410118043423 -0.024740562179627328 -0.010884938473617168 -0.013421176844641714 -0.01016659819447781 -0.02524128466132371 -0.036365781521255323 0.045847971889155882 -0.011505075171589852 -0.044272217486474308 -0.00088828380533148067 0.0016228976696729661 0.0066691445718918526 0.0095077029710031458 -0.0081518222816503172 0.016172119419471446 0.0043929048448364634 -0.0003607530879977456 -0.0070396283064388058 -0.021860145729733632 6.4736882494806789e-05 0.0010556894329295089 0.0033216936711927235
leaf_weight=118 6825 7740 790 90 53112 21395 29007 30 39 665 102 248 34 22 27 42 31 554 25 28 370 321 165 2532 9522 465 20 26126 16574 923
leaf_count=118 6825 7740 790 90 53112 21395 29007 30 39 665 102 248 34 22 27 42 31 554 25 28 370 321 165 2532 9522 465 20 26126 16574 923
internal_value=-1.56709e-12 0.000364043 0.000232938 -0.00076936 -0.000158382 -0.00106308 -0.000737088 -0.013599 -0.000703626 -0.00128622 -2.44613e-05 -0.00103495 -0.000856204 -0.00666751 -0.00618138 0.0109374 -0.00710781 -0.00299012 -0.0237833 -0.0163681 0.00101451 0.000942579 0.00102147 0.00170121 0.000204986 -0.000671725 0.0078991 1.22905e-05 0.00131533 0.00527052
internal_weight=177942 120788 113048 57154 75331 22219 57036 148 56888 30621 26267 29255 21429 1366 1344 69 1275 610 56 118 37717 37327 37006 20194 16812 9987 390 26228 17662 1088
internal_count=177942 120788 113048 57154 75331 22219 57036 148 56888 30621 26267 29255 21429 1366 1344 69 1275 610 56 118 37717 37327 37006 20194 16812 9987 390 26228 17662 1088
is_linear=0
shrinkage=0.05


Tree=94
num_leaves=31
num_cat=0
split_feature=4 3 3 5 6 1 10 0 0 5 11 2 10 7 8 10 1 2 8 7 4 8 5 9 10 3 0 7 8 2
split_gain=18.1893 16.3276 10.9294 10.1911 11.9551 10.0542 11.709 13.4547 10.0094 8.79602 7.67192 7.42538 7.14226 6.96652 13.453 6.65677 6.63752 9.20666 6.58055 12.7828 9.24516 9.21209 8.49281 7.7303 7.08747 8.53987 6.79256 10.1655 7.93501 7.06808
threshold=-0.2102169327317662 0.10895041149601449 -0.0077840015891389993 -4.6944125005785393 0.93084322875214942 -0.10936442739626821 0.086586500000000025 0.0012993343997569353 0.36400549450549452 -0.42248903026378265 0.034673000000000016 0.069520878094752395 -0.21059850000000002 -0.6649693646102034 -0.95429809239222119 -0.15971549999999995 0.18023353200109074 0.081995805709646943 -3.4593828502777817 -5.161602059988339 -0.12698412698412689 -4.4623855739459852 -8.2771019076722734 0.25108550000000007 -0.21059850000000002 -0.12879674969838897 0.025088073274127324 -5.161602059988339 -2.1689024954768752 0.09746100203413556
decision_type=2 2 2 2 2 2 2 2 2 2 2 2 2 2 2 2 2 2 2 2 2 2 2 2 2 2 2 2 2 2
left_child=2 18 5 4 10 6 -1 -8 12 11 -3 13 -5 -4 -15 -7 17 -17 19 21 -21 22 -2 -22 25 -20 27 28 -26 -28
right_child=1 3 9 8 -6 15 7 -9 -10 -11 -12 -13 -14 14 -16 16 -18 -19 24 20 23 -23 -24 -25 26 -27 29 -29 -30 -31
leaf_value=0.00039009840738470243 0.03101545964134857 -0.00052667052445629125 0.0010756185172040836 -0.012635161942376247 -0.029275269569778769 -0.0088807540895312516 0.004843603847767281 -0.00078137763637570819 0.0048914218121668962 0.0037781652895377982 -0.0038576849545230601 0.0028966568016235757 0.00035909473895248385 -0.009642062816743735 -0.00018379573640758649 -0.0012828051957125962 0.0010067386899124506 0.0013350150506598289 0.01615224064560607 0.0008661105464764611 -0.0036488416989570978 0.035546738763472863 -0.0080123199514396809 -0.012708630300679591 -0.047068587802350521 -0.019862341607910811 -0.0026171976862590608 3.9591026168330009e-05 -0.0058331686737281944 -0.00062622057394953994
leaf_weight=18781 20 19059 11465 106 37 231 3458 1535 1235 3623 1901 4334 44517 449 2311 17631 6786 4149 20 1154 4327 35 46 249 20 93 8458 12459 28 9425
leaf_count=18781 20 19059 11465 106 37 231 3458 1535 1235 3623 1901 4334 44517 449 2311 17631 6786 4149 20 1154 4327 35 46 249 20 93 8458 12459 28 9425
internal_value=-2.23927e-12 -0.000430265 0.000593938 3.33998e-05 -0.000878909 0.00020122 0.000962236 0.00311431 0.000451119 0.00152467 -0.000828782 0.00108476 0.000328227 0.000532719 -0.00172248 -0.000427054 -0.000358693 -0.000784121 -0.00128341 -0.00282243 -0.00313325 0.0148107 0.00381428 -0.00414182 -0.000989213 -0.0134881 -0.000942738 -4.88875e-05 -0.0230146 -0.00156788
internal_weight=177942 103189 74753 66855 20997 52571 23774 4993 45858 22182 20960 18559 44623 14225 2760 28797 28566 21780 36334 5831 5730 101 66 4576 30503 113 30390 12507 48 17883
internal_count=177942 103189 74753 66855 20997 52571 23774 4993 45858 22182 20960 18559 44623 14225 2760 28797 28566 21780 36334 5831 5730 101 66 4576 30503 113 30390 12507 48 17883
is_linear=0
shrinkage=0.05


Tree=95
num_leaves=31
num_cat=0
split_feature=4 2 6 10 3 0 11 8 2 10 7 7 8 11 8 4 6 7 8 6 0 5 6 2 9 6 11 1 6 7
split_gain=16.6562 15.8366 11.8021 12.1633 10.4178 10.1836 9.02455 9.0004 8.99742 8.25029 8.1725 8.1699 8.17055 8.12699 8.32221 7.76984 7.6345 7.49429 15.2031 13.0519 8.90732 7.45456 12.8414 7.38351 7.26813 7.22055 7.20381 7.91044 8.22796 7.14349
threshold=-0.40282454009157564 0.21402545859990976 -4.8573510556152302 0.032223499999999995 -0.31895778706195221 0.023181838384736312 0.033903500000000024 -0.37254533148162977 -0.57504194449087731 0.019138499999999978 -5.161602059988339 0.66024292506549187 1.0000000180025095e-35 0.107086 -2.2414291161697144 -0.28097003703009549 -6.5848101596763264 -1.9843777930387525 -2.0654246048930363 -2.1662581871832658 -0.081373218719656068 -6.7050800702633735 -5.9507593418597535 0.077019256348408574 0.21375025000000003 -1.6503902515613429 -0.0025145000000000024 0.31325301204819284 -6.5848101596763264 -1.1848791208842762
decision_type=2 2 2 2 2 2 2 2 2 2 2 2 2 2 2 2 2 2 2 2 2 2 2 2 2 2 2 2 2 2
left_child=4 5 6 -4 8 17 9 -8 -1 21 -7 -6 -13 14 25 -5 -16 20 19 -19 -2 -3 24 -18 -23 -12 27 28 -11 -20
right_child=1 2 3 15 11 10 7 -9 -10 26 13 12 -14 -15 16 -17 23 18 29 -21 -22 22 -24 -25 -26 -27 -28 -29 -30 -31
leaf_value=0.0026426385330170048 0.0018995267471318196 -0.0001218937424554385 0.0015603866606945988 0.0033389169150487129 0.0022015191152030471 0.025283329140651845 -0.016022322137723678 0.012325639836490154 -0.00023496284144212942 0.041321760272750488 -0.0017264995163847323 -0.016186721584217963 -0.00098047927977599363 -0.0072645518488655726 -0.028044990241527557 -0.0003590159856448405 -0.0010656079755159639 -0.0082105937000820778 0.00048421285652770497 -0.0014459771792255944 -0.00014586995523427964 -0.019261738118426554 -0.0074134606907659386 0.0010877578158074608 -0.057373233884572987 -0.006709658143277575 -0.0015798939693736993 -0.0097679891721590573 0.009843871363628548 -0.0018914302978059871
leaf_weight=3214 6248 187 20486 1521 14956 29 224 32 17546 26 17743 98 896 557 25 21493 12798 1261 8523 1641 35941 29 188 5778 22 758 548 38 103 5033
leaf_count=3214 6248 187 20486 1521 14956 29 224 32 17546 26 17743 98 896 557 25 21493 12798 1261 8523 1641 35941 29 188 5778 22 758 548 38 103 5033
internal_value=-3.00418e-13 -0.000246629 0.000528936 0.000674212 0.000948839 -0.000608082 -0.00399469 -0.0124788 0.000210539 -0.00209115 -0.00124936 0.00190979 -0.00247969 -0.0012698 -0.0011798 -0.000114619 -0.000432972 -0.000195978 -0.00110093 -0.00438539 0.000157044 -0.00759936 -0.0134499 -0.000395811 -0.035702 -0.00193066 0.00119066 0.010282 0.0161883 -0.000397803
internal_weight=177942 141232 44897 43500 36710 96335 1397 256 20760 1141 37688 15950 994 37659 37102 23014 18601 58647 16458 2902 42189 426 239 18576 51 18501 715 167 129 13556
internal_count=177942 141232 44897 43500 36710 96335 1397 256 20760 1141 37688 15950 994 37659 37102 23014 18601 58647 16458 2902 42189 426 239 18576 51 18501 715 167 129 13556
is_linear=0
shrinkage=0.05


Tree=96
num_leaves=31
num_cat=0
split_feature=5 1 4 11 3 8 11 6 8 9 0 10 12 11 5 11 10 2 11 4 0 5 7 8 0 6 11 6 2 9
split_gain=16.1016 10.4922 10.8006 10.2276 9.19602 11.4372 8.62466 15.1702 8.55462 10.5083 7.46216 10.624 7.27716 7.34698 6.99145 6.7666 9.29092 8.28272 7.04774 6.30893 7.11329 6.42929 8.60941 8.80961 6.44224 6.28128 6.20782 7.27399 6.84154 6.19705
threshold=-4.4032814884462663 0.49769428132711285 -0.46905418840353141 0.23900700000000002 0.0077496821643641143 -3.7876692494490634 -0.16932099999999997 -0.66290213303345868 -4.4623855739459852 0.26883725000000003 -0.001296456594756412 0.091948500000000002 -1.2239760388592018 -0.020965000000000036 -4.9218203093853292 0.16761599999999996 0.1033285 -0.48884403856047132 0.098041000000000031 -0.14847935924446329 -0.10747963943353282 1.0000000180025095e-35 -1.1349316329791421 -1.669591812370794 -0.10747963943353282 -1.4254135967097634 0.021122000000000012 -0.75400570621551355 -0.26172527385821176 0.33162425000000001
decision_type=2 2 2 2 2 2 2 2 2 2 2 2 2 2 2 2 2 2 2 2 2 2 2 2 2 2 2 2 2 2
left_child=3 2 15 6 5 -4 7 -1 9 10 11 -8 13 -7 -5 16 -2 18 -18 21 -21 22 -6 -24 25 -25 27 28 -15 -10
right_child=1 -3 4 14 19 12 8 -9 29 -11 -12 -13 -14 26 -16 -17 17 -19 -20 20 -22 -23 23 24 -26 -27 -28 -29 -30 -31
leaf_value=-0.0062059969274605824 0.00088336161308812946 0.0022498469006562278 -0.0081762250988451669 -0.022184978560027151 0.0015029628015766326 0.0021480646752260234 -0.0032387795317317214 -0.052081959304355441 -0.0010580821687369176 -0.040594412420283665 -0.0096274614789361897 0.026262060251381055 -0.0022795173741025397 0.0022097921730364189 0.0064234681294432702 -0.0053348261267612031 0.0082528006756476049 0.0018677486192896439 -0.0038380741612571811 -0.0060373373074499867 6.0867461719638521e-05 0.0039808298901361869 -0.01239557157918487 -0.0061606200851966175 0.0011007931401668988 -0.00068511982168890158 0.00087426558399410898 -0.0059558480780483695 -0.001118113950181803 -6.6802875639220023e-06
leaf_weight=127 17339 6702 503 90 12828 2866 155 21 30055 22 358 38 5253 1714 28 385 1124 2192 135 484 39880 1737 161 765 2826 1661 5919 709 15605 26260
leaf_count=127 17339 6702 503 90 12828 2866 155 21 30055 22 358 38 5253 1714 28 385 1124 2192 135 484 39880 1737 161 765 2826 1661 5919 709 15605 26260
internal_value=-3.09992e-12 0.000327173 0.000214225 -0.000691439 -1.80255e-05 -0.000695112 -0.000661016 -0.0127154 -0.000629656 -0.00670813 -0.00535514 0.00256968 -0.00057776 -0.000244365 -0.0153965 0.00123329 0.00135492 0.00372417 0.00695632 0.000347425 -1.22554e-05 0.00107413 0.000797341 -0.000874876 -0.000521709 -0.00241173 -0.000530693 -0.000991973 -0.000788763 -0.000567808
internal_weight=177942 120788 114086 57154 92911 32569 57036 148 56888 573 551 193 32066 26813 118 21175 20790 3451 1259 60342 40364 19978 18241 5413 5252 2426 23947 18028 17319 56315
internal_count=177942 120788 114086 57154 92911 32569 57036 148 56888 573 551 193 32066 26813 118 21175 20790 3451 1259 60342 40364 19978 18241 5413 5252 2426 23947 18028 17319 56315
is_linear=0
shrinkage=0.05


Tree=97
num_leaves=31
num_cat=0
split_feature=4 3 3 0 10 2 12 12 12 3 10 9 2 2 6 1 10 0 10 0 11 5 7 1 1 10 2 2 9 5
split_gain=14.6168 13.5667 9.32515 9.09717 10.2719 9.17137 11.1052 8.85239 8.70351 14.0344 8.50205 7.51217 7.9272 7.50331 7.36429 7.60658 8.28243 11.5964 7.20038 6.97696 6.83633 6.79309 7.55699 6.56477 6.37459 7.11453 6.32361 6.68587 9.42943 6.13447
threshold=-0.2102169327317662 0.10895041149601449 -0.0077840015891389993 0.16877113963261173 0.096386499999999986 1.2067693090724012 -0.18866476806179724 0.64357157203265014 -4.1360974116033429 0.28834653642265767 0.13288350000000004 0.30577375000000007 0.79802485533563072 0.069520878094752395 1.5336608685699544 -0.090244075196644166 0.076876500000000028 0.0012993343997569353 -0.21059850000000002 0.72245182591865209 -0.0020995000000000037 -6.2343567659742236 -5.161602059988339 0.52086682743837087 0.18023353200109074 -0.017966499999999993 0.081995805709646943 -0.26172527385821176 0.54325400000000013 -0.37293020586434095
decision_type=2 2 2 2 2 2 2 2 2 2 2 2 2 2 2 2 2 2 2 2 2 2 2 2 2 2 2 2 2 2
left_child=2 -2 7 4 8 6 -6 14 9 -3 -8 12 -5 29 15 16 -1 -18 -10 -13 -20 22 -11 -14 26 -26 27 -17 -29 -4
right_child=1 3 13 11 5 -7 10 -9 18 21 -12 19 23 -15 -16 24 17 -19 20 -21 -22 -23 -24 -25 25 -27 -28 28 -30 -31
leaf_value=0.00026871865770073256 -0.0011633852174278093 0.00038996252301149072 0.00047578065521363896 -0.0021256366390987234 -0.0022789751964614881 -0.01280571800792908 -0.0066357183083891871 0.0083707628657305588 -0.010764355619309213 -0.020078261531889439 0.033639594671120376 0.0019227786301002172 -0.045451182071119547 0.0029586555326627964 -0.0083412378187858859 0.00031574915980017943 0.0038784975544370543 -0.0007683767311758708 0.00093901831082345987 0.010909009894177351 -0.00027004189096743308 -0.0038855979964137078 -0.054364296510815625 -0.0073483766414798235 -0.0039119763592548292 0.0014445714773179547 0.00090283999027498951 -0.0013144056679393716 -0.0051488717767881938 0.0033212472045170403
leaf_weight=18944 36334 150 14314 451 4160 205 20 327 153 45 38 6047 20 5685 256 4521 4166 1981 16797 224 38464 30 25 26 690 6101 4018 9644 1923 2183
leaf_count=18944 36334 150 14314 451 4160 205 20 327 153 45 38 6047 20 5685 256 4521 4166 1981 16797 224 38464 30 25 26 690 6101 4018 9644 1923 2183
internal_value=6.1439e-13 -0.000385705 0.000532427 3.69449e-05 -0.000158803 -0.00247798 -0.00197604 0.000169674 2.5477e-05 -0.00928281 0.0197516 0.00177481 -0.00414234 0.00139215 0.000118343 0.000159999 0.000786189 0.00238094 6.74713e-05 0.00224377 9.74611e-05 -0.023792 -0.0323233 -0.0239148 -0.000424145 0.000900319 -0.000871496 -0.00131464 -0.00195188 0.000852313
internal_weight=177942 103189 74753 66855 60087 4423 4218 52571 55664 250 58 6768 497 22182 52244 51988 25091 6147 55414 6271 55261 100 70 46 26897 6791 20106 16088 11567 16497
internal_count=177942 103189 74753 66855 60087 4423 4218 52571 55664 250 58 6768 497 22182 52244 51988 25091 6147 55414 6271 55261 100 70 46 26897 6791 20106 16088 11567 16497
is_linear=0
shrinkage=0.05


Tree=98
num_leaves=31
num_cat=0
split_feature=5 11 2 4 10 11 4 8 9 3 8 6 0 10 5 1 7 4 10 1 12 6 3 2 10 12 11 8 5 1
split_gain=13.9493 9.24065 9.22147 9.48739 8.75888 7.70355 13.8612 7.50979 9.48667 6.87717 8.79138 7.24426 6.65606 9.61195 6.30107 6.04951 11.5023 7.70952 6.02125 5.96484 5.82034 9.16654 6.73134 6.83111 6.58363 8.77151 6.55853 6.3568 6.09818 5.94733
threshold=-4.4032814884462663 0.23900700000000002 0.6982302207420692 -0.32166011233505037 -0.21059850000000002 -0.16932099999999997 -0.012122066449667289 -4.4623855739459852 0.26883725000000003 0.014780682608203645 -3.7876692494490634 1.5336608685699544 -0.001296456594756412 0.091948500000000002 -4.9218203093853292 0.046738268739258244 -5.161602059988339 -1.0000000180025095e-35 0.071670000000000025 0.18351998838554887 0.64357157203265014 1.5336608685699544 -0.32586037309796723 0.071898516581025321 -0.060153000000000033 -0.95079469863778854 0.23900700000000002 -0.17084875743101505 -0.31720809996274252 -0.33631619688234032
decision_type=2 2 2 2 2 2 2 2 2 2 2 2 2 2 2 2 2 2 2 2 2 2 2 2 2 2 2 2 2 2
left_child=1 5 3 20 19 6 -1 8 12 10 -6 -12 13 -7 -3 17 -17 -14 -4 -5 21 22 29 24 25 28 -22 -23 -24 -2
right_child=2 14 18 4 9 7 -8 -9 -10 -11 11 -13 15 -15 -16 16 -18 -19 -20 -21 26 27 23 -25 -26 -27 -28 -29 -30 -31
leaf_value=-0.0042917752647384589 0.0018792140447070598 -0.021065701357502905 0.0028148329914020258 -0.005977748952296926 -0.0072946730367735553 -0.0030349978128628389 -0.042354465437432133 -0.00052706558838130023 -0.038477107222107329 0.00020461749742298367 -0.00065452489791355435 -0.023752257501816049 -0.010439947725034791 0.025025590396513798 0.0060935527951057472 0.026644694228326122 -0.0097079831606083338 -0.040794972962011462 -0.00033926269498165936 -0.026548608624249362 0.008421556838769214 -0.022466098141493435 0.0066284679696068608 0.0038911324975028092 0.00086680324216465679 -4.1030480824260099e-05 -0.020974549704696983 -0.0042998586742221635 0.019908967861196114 -0.00039133911769176463
leaf_weight=118 3697 90 5677 177 516 155 30 56315 22 52974 21586 34 231 38 28 31 73 23 2063 44 370 59 489 2532 16574 494 20 262 105 13115
leaf_count=118 3697 90 5677 177 516 155 30 56315 22 52974 21586 34 231 38 28 31 73 23 2063 44 370 59 489 2532 16574 494 20 262 105 13115
internal_value=2.73027e-12 -0.00064357 0.000304522 0.000190209 -0.000133902 -0.000614653 -0.0120072 -0.000585014 -0.00628021 -0.000104657 -0.000844787 -0.000690849 -0.00499467 0.00248988 -0.0146211 -0.00902964 0.00112791 -0.0131886 0.00197415 -0.0100733 0.000837545 0.000774057 0.000847032 0.00146233 0.00111414 0.00488189 0.00691406 -0.00763882 0.00897603 0.000107961
internal_weight=177942 57154 120788 113048 75331 57036 148 56888 573 75110 22136 21620 551 193 118 358 104 254 7740 221 37717 37327 37006 20194 17662 1088 390 321 594 16812
internal_count=177942 57154 120788 113048 75331 57036 148 56888 573 75110 22136 21620 551 193 118 358 104 254 7740 221 37717 37327 37006 20194 17662 1088 390 321 594 16812
is_linear=0
shrinkage=0.05


Tree=99
num_leaves=31
num_cat=0
split_feature=8 7 11 9 10 6 6 11 3 4 3 10 4 0 5 4 12 3 5 11 0 3 7 10 6 9 4 6 11 7
split_gain=12.6884 18.1023 9.1427 10.188 16.7841 11.4242 10.447 8.83038 9.33002 8.4183 11.1371 8.74664 9.75535 8.43858 8.41606 7.23941 14.6376 7.85862 7.00111 7.07008 7.03867 6.84975 9.7588 7.22571 8.06492 17.001 6.579 7.2811 6.50464 6.31112
threshold=-2.8530307730622857 -2.6162508243805989 0.23900700000000002 1.2392887500000003 0.32282450000000013 1.5336608685699544 0.42103195004701283 0.16761599999999996 0.4068866712775418 -0.40741102077687441 -0.33999687792694344 -0.21059850000000002 -0.006276707981410278 0.3404830362277172 -6.1221322041403194 -0.11701476468554471 -2.0787198041150625 0.067225136401115729 -4.0840423685274478 0.052645500000000019 -0.13147799342875835 -0.029318611843555161 -3.5964930703360429 0.029135999999999985 -0.33502165600711481 0.40639000000000003 -0.61685194249414899 0.11646383468110381 0.0020899999999999951 -5.161602059988339
decision_type=2 2 2 2 2 2 2 2 2 2 2 2 2 2 2 2 2 2 2 2 2 2 2 2 2 2 2 2 2 2
left_child=1 7 3 5 6 9 -5 8 15 10 26 12 -11 21 -4 -1 17 29 19 -3 -20 -13 -23 -24 -25 -26 -2 -28 -27 -17
right_child=2 18 14 4 -6 -7 -8 -9 -10 11 -12 13 -14 -15 -16 16 -18 -19 20 -21 -22 22 23 24 25 28 27 -29 -30 -31
leaf_value=0.0003775299607251027 0.0011586592681182002 -0.0078374076132351322 -0.026579236683125299 -0.0012565261191023942 0.034283792602060284 -0.0074627025083149057 0.0078174326757735734 -0.01586114687528065 0.0020800226038923579 -0.0059236447478368702 0.0019085334756028861 -0.00069032011122694011 -0.039816527040270361 0.0026102639628177255 -0.0041612165174697846 0.013258904015885725 -0.013108701205409662 -0.00050598284247411367 0.013783808641868537 -0.035903382581739647 -0.0036502494093650344 -0.0038679468243103692 0.00086252371070822331 2.1114541073426621e-05 -0.014780612961830905 -0.0068493557556164588 -0.00050514180163480343 -0.0072486317838802846 0.00016173397722368322 -0.0027720154700999929
leaf_weight=9325 7710 920 45 600 46 485 673 94 3140 276 15331 29350 23 3084 601 62 259 14494 61 23 1137 1437 31521 38938 273 428 9444 418 1457 6287
leaf_count=9325 7710 920 45 600 46 485 673 94 3140 276 15331 29350 23 3084 601 62 259 14494 61 23 1137 1437 31521 38938 273 428 9444 418 1457 6287
internal_value=-2.36732e-12 -0.000841277 0.0002119 0.000238995 0.00461279 0.000197839 0.00354063 -0.000557728 -0.000514873 0.000224436 0.0009237 8.98045e-06 -0.00853079 3.29587e-05 -0.00572284 -0.000782661 -0.00129535 -0.00114855 -0.00529926 -0.00852194 -0.00276254 -4.39089e-05 0.000212285 0.000293028 -0.000143781 -0.00311908 6.44648e-05 -0.000790964 -0.00143017 -0.00261547
internal_weight=177942 35802 142140 141494 1319 140175 1273 33661 33567 139690 32903 106787 299 106488 646 30427 21102 20843 2141 943 1198 103404 74054 72617 41096 2158 17572 9862 1885 6349
internal_count=177942 35802 142140 141494 1319 140175 1273 33661 33567 139690 32903 106787 299 106488 646 30427 21102 20843 2141 943 1198 103404 74054 72617 41096 2158 17572 9862 1885 6349
is_linear=0
shrinkage=0.05


Tree=100
num_leaves=31
num_cat=0
split_feature=5 1 4 6 4 8 9 11 1 3 8 10 11 5 8 7 6 7 9 9 11 11 7 11 7 0 10 1 2 6
split_gain=12.0433 8.50684 8.28753 8.17531 10.2034 6.5337 6.67295 10.4524 8.07984 6.18718 8.67413 6.27844 5.58693 7.18221 5.54641 14.4429 8.74375 7.20683 12.6166 6.47794 6.43713 6.98359 6.31208 5.84937 5.67288 5.50704 9.41574 5.41529 5.9993 6.2561
threshold=-4.4032814884462663 0.49769428132711285 -0.53682064965053577 0.63283129223687562 -0.001330377201759436 -4.4623855739459852 0.20737425000000004 0.044168999999999965 0.017361111111111053 0.018170504326250007 -3.6644220072593749 0.032223499999999995 0.23900700000000002 -6.1221322041403194 -1.8728762748764103 -1.6859575013289876 -1.2720505425366977 -3.3745750821732394 0.4310270000000001 1.3590525000000004 -0.068962999999999983 -0.00092149999999999166 -2.161675618902982 0.013187999999999993 -1.7503397090376602 -0.001296456594756412 0.091948500000000002 -0.032786885245901613 0.11576182918702028 0.42103195004701283
decision_type=2 2 2 2 2 2 2 2 2 2 2 2 2 2 2 2 2 2 2 2 2 2 2 2 2 2 2 2 2 2
left_child=3 2 -2 5 -5 6 25 8 -8 10 -4 -11 14 -14 15 16 20 18 -16 23 22 -22 -7 -19 -18 26 -1 28 29 -12
right_child=1 -3 9 4 -6 12 7 -9 -10 11 27 -13 13 -15 17 -17 24 19 -20 -21 21 -23 -24 -25 -26 -27 -28 -29 -30 -31
leaf_value=-0.0023270048605727738 0.0012828022078460767 0.0020141899792457778 -0.0053969093217882845 -0.0053776130511929907 -0.033848197289875578 -0.011347310534940215 -0.05166249896089236 0.0073152670191357965 -0.0097326352354139088 0.00084233620703894237 0.0001673494009933706 -0.00017541705671107781 -0.025485346834266592 0.0004511835569116686 -0.0036375752265875544 -0.0058186410609460427 -0.0089945716286361551 -0.00025985663001719454 -0.035446403391303165 -0.020461991611817804 0.0005583502557078247 -0.00093122985283152393 0.0075657530365451408 0.0016644841919115087 0.0065780167688994405 -0.0076544010482503368 0.026907810782465864 -0.00090926321368153752 0.0038280298516439417 -0.008000192290857756
leaf_weight=145 14852 6702 876 312 35 241 27 23 20 30192 15744 30422 51 56 375 1385 460 10237 34 37 11400 25400 54 6429 67 332 34 20640 1122 238
leaf_count=145 14852 6702 876 312 35 241 27 23 20 30192 15744 30422 51 56 375 1385 460 10237 34 37 11400 25400 54 6429 67 332 34 20640 1122 238
internal_value=-3.3414e-12 0.000282954 0.000181252 -0.000597988 -0.00824929 -0.000551251 -0.00582633 -0.0203041 -0.03382 1.6387e-05 -0.000478227 0.000331529 -0.000496742 -0.0119111 -0.000474979 -0.000804209 -0.00061961 0.000275506 -0.00628183 0.000436073 -0.000528756 -0.000469784 -0.00788526 0.000482468 -0.00701475 -0.00384307 0.00322598 -0.00036407 0.000293835 4.57204e-05
internal_weight=177942 120788 114086 57154 347 56807 581 70 47 99234 38620 60614 56226 107 56119 39007 37622 17112 409 16703 37095 36800 295 16666 527 511 179 37744 17104 15982
internal_count=177942 120788 114086 57154 347 56807 581 70 47 99234 38620 60614 56226 107 56119 39007 37622 17112 409 16703 37095 36800 295 16666 527 511 179 37744 17104 15982
is_linear=0
shrinkage=0.05


Tree=101
num_leaves=31
num_cat=0
split_feature=4 2 0 3 2 1 9 10 6 10 9 7 6 0 11 7 12 1 8 12 5 5 0 4 8 8 7 1 9 7
split_gain=11.4023 10.9387 8.61224 7.94927 10.4051 8.97195 8.62869 7.84972 7.8982 9.23015 12.5762 7.79486 10.927 7.7123 7.52799 6.96383 6.81785 7.84624 6.90665 6.76927 6.64217 6.42292 6.24716 8.74853 6.1283 6.07369 6.39061 6.29349 8.48282 6.16233
threshold=-0.2102169327317662 0.13480463364892739 0.0084041639578467126 -0.14642172662337896 0.081995805709646943 -0.33631619688234032 0.26087750000000004 0.053213000000000031 -5.4236783576855485 0.018748500000000005 0.35946000000000006 0.44872225748981875 -0.15715105490734421 0.32043081804996215 0.23900700000000002 -1.9843777930387525 1.0000000180025095e-35 0.10867971444488257 0.53194283063380643 0.64357157203265014 -8.4802051997006931 -0.37293020586434095 -0.14680749650122707 -0.50409643500229084 -0.13062607089254488 -2.3275204829836578 -2.4621575474753619 -0.03834969181984154 0.52540275000000014 -5.161602059988339
decision_type=2 2 2 2 2 2 2 2 2 2 2 2 2 2 2 2 2 2 2 2 2 2 2 2 2 2 2 2 2 2
left_child=3 2 14 5 11 19 -6 8 9 10 -3 21 22 -10 15 25 18 -18 -9 -1 -11 -5 23 -13 -14 26 27 -2 -29 -27
right_child=1 7 -4 4 6 -7 -8 16 13 20 -12 12 24 -15 -16 -17 17 -19 -20 -21 -22 -23 -24 -25 -26 29 -28 28 -30 -31
leaf_value=0.0013794186109288313 0.0014592676961837257 -0.0067802611230633088 -0.0015684698137338735 0.00049625119034080851 0.025410413233164165 -0.00030243247659888893 0.0026755968018735872 -0.00084374972914382689 0.00047981762025785777 -0.012343707688234966 -0.036643822367589639 -0.010025913779174389 -0.016400479572729772 0.004011084495833859 -0.024865653966703722 -0.0021649293592141158 0.035804063891587051 0.0047907082651120923 -0.015856074968764147 0.0098128766938301686 0.0051804667315578133 0.003145377990111733 9.1991230379790068e-05 -0.032537057537033606 0.0025737064561754883 0.027796432910406073 -0.002866394138566404 -0.00056877866631740125 -0.031650037623264571 0.001833790076400073
leaf_weight=6488 5532 367 23650 22584 42 35362 6618 15305 36290 68 39 215 47 1615 31 3864 23 180 77 247 264 2546 100 54 450 23 2050 10156 22 3633
leaf_count=6488 5532 367 23650 22584 42 35362 6618 15305 36290 68 39 215 47 1615 31 3864 23 180 77 247 264 2546 100 54 450 23 2050 10156 22 3633
internal_value=-4.52351e-13 -0.000340662 -0.000882441 0.00047025 0.00105566 1.61254e-05 0.00281897 0.000148495 0.00053053 -0.0045924 -0.00964893 0.000603918 -0.00406008 0.000630273 -0.000241433 -0.000211237 -0.000798761 0.00830454 -0.000918899 0.00168871 0.00159118 0.000764643 -0.0105782 -0.0145449 0.000779367 0.00014126 -0.00024078 0.000101837 -0.000635962 0.00199712
internal_weight=177942 103189 48961 74753 32656 42097 6660 54228 38643 738 406 25996 866 37905 25311 25280 15585 203 15382 6735 332 25130 369 269 497 21416 17760 15710 10178 3656
internal_count=177942 103189 48961 74753 32656 42097 6660 54228 38643 738 406 25996 866 37905 25311 25280 15585 203 15382 6735 332 25130 369 269 497 21416 17760 15710 10178 3656
is_linear=0
shrinkage=0.05


Tree=102
num_leaves=31
num_cat=0
split_feature=11 5 6 11 5 3 4 11 7 10 7 8 6 8 9 9 11 3 0 9 6 6 10 6 2 2 0 12 11 3
split_gain=11.0563 10.9821 7.37597 15.6403 6.87157 6.54658 6.50082 8.43324 10.4542 9.1204 9.52153 11.7184 9.23785 8.95626 7.70414 7.40939 7.11208 7.57828 7.24778 7.88538 8.27533 6.88234 6.81285 6.54472 6.45716 6.24662 6.86821 6.17333 5.83931 5.88502
threshold=0.23900700000000002 -2.2708091899495169 0.93084322875214942 -0.10012049999999999 -6.1221322041403194 0.48845519167301349 -0.12871127435324173 -0.013184500000000014 0.21697175979466107 0.059163500000000015 -2.0091024712258378 -1.9381697619523512 -1.7452832414070005 -2.5527783960151598 0.30726150000000002 1.2392887500000003 -0.12171299999999995 0.34839787408102879 0.36400549450549452 0.25431325000000005 -3.1031016372342748 -2.0117386923041272 -0.044543999999999966 -0.66290213303345868 -0.53682862617440008 0.24122288548266604 0.04727392108876028 -2.158725511059584 0.056350500000000033 0.10895041149601449
decision_type=2 2 2 2 2 2 2 2 2 2 2 2 2 2 2 2 2 2 2 2 2 2 2 2 2 2 2 2 2 2
left_child=1 2 5 -4 -2 6 7 8 14 10 12 23 25 -14 -1 -11 17 -8 28 -20 -21 -10 -13 -12 -3 26 27 -9 29 -18
right_child=4 24 3 -5 -6 -7 16 9 21 15 11 22 13 -15 -16 -17 18 -19 19 20 -22 -23 -24 -25 -26 -27 -28 -29 -30 -31
leaf_value=0.0046304292105890264 -0.022927393725043849 0.0027393717360478043 -0.04485015007853508 -0.0042727441450321601 -0.0048080417037274408 0.00064345941601218074 -0.018408383029974371 -0.00028298056364680312 -0.023016549813591185 0.00068762269906006627 -0.0042970782504497939 -0.0067723074646862868 -0.013266294711671338 -0.0020443607974044739 0.00093244341488589217 0.017607569194470461 -0.0014573260974211581 0.010027255453169346 0.025221405427982197 -0.013483653964940459 0.0069591688800129271 -0.0040155639772352005 -0.00075376761435996136 -0.015614409829679602 0.00047374667983410133 0.0043295424597235635 -0.0020248372234590939 0.0018984444749107193 -0.004010973725921599 -0.00027966900674482147
leaf_weight=1720 57 3349 25 474 638 18810 107 10013 62 14162 2377 496 241 678 7775 65 17194 30 47 60 283 206 9041 135 51601 852 3551 4797 1399 27697
leaf_count=1720 57 3349 25 474 638 18810 107 10013 62 14162 2377 496 241 678 7775 65 17194 30 47 60 283 206 9041 135 51601 852 3551 4797 1399 27697
internal_value=-1.27232e-12 2.46796e-05 -0.000239136 -0.00630568 -0.00629409 -0.000214281 -0.000370941 -8.27556e-06 0.00132745 -0.000289276 -0.000755331 -0.00186704 -8.99725e-05 -0.00498722 0.00160233 0.000764926 -0.000806067 -0.0121816 -0.000772682 0.00601495 0.00338316 -0.00841131 -0.00106678 -0.00490529 0.000611828 0.000144274 -4.99343e-05 0.000423589 -0.000829868 -0.000730731
internal_weight=177942 177247 122297 499 695 121798 102988 56171 9763 46408 32181 12049 20132 919 9495 14227 46817 137 46680 390 343 268 9537 2512 54950 19213 18361 14810 46290 44891
internal_count=177942 177247 122297 499 695 121798 102988 56171 9763 46408 32181 12049 20132 919 9495 14227 46817 137 46680 390 343 268 9537 2512 54950 19213 18361 14810 46290 44891
is_linear=0
shrinkage=0.05


Tree=103
num_leaves=31
num_cat=0
split_feature=11 4 2 10 6 11 12 3 0 7 6 8 7 1 4 7 0 12 6 4 3 9 7 11 5 6 12 5 3 4
split_gain=9.97832 10.4045 10.4723 8.495 9.36009 8.27849 9.88808 8.18921 7.63369 7.97926 13.3895 11.526 9.22279 8.64555 7.17276 6.55376 7.50174 8.13824 7.01372 6.24665 6.21498 8.14903 7.24161 9.62131 6.20159 6.17006 7.14794 6.12844 8.51734 8.8938
threshold=0.23900700000000002 -0.40282454009157564 0.21402545859990976 0.032223499999999995 -5.4236783576855485 0.020781999999999998 -1.7071119700029922 -0.32586037309796723 0.025088073274127324 -1.7258441386492549 -2.2351617971943543 -1.8175956411894874 -1.026420249138345 -0.040133351799796151 -0.82035139874524854 0.66024292506549187 -0.10254208925858897 0.17738118058751526 0.25395204702147584 -0.28097003703009549 0.26932830143647729 0.66918350000000015 -5.161602059988339 -0.015677999999999994 -6.1221322041403194 -0.45235888417577719 -1.8054340458165676 -5.9594673996594425 0.70735628578150744 -0.030532947137720475
decision_type=2 2 2 2 2 2 2 2 2 2 2 2 2 2 2 2 2 2 2 2 2 2 2 2 2 2 2 2 2 2
left_child=1 7 8 4 5 6 27 14 9 13 11 -11 -13 -3 -1 -9 18 -18 -17 -5 21 -15 23 -22 -2 -12 -27 28 29 -4
right_child=24 2 3 19 -6 -7 -8 15 -10 10 25 12 -14 20 -16 16 17 -19 -20 -21 22 -23 -24 -25 -26 26 -28 -29 -30 -31
leaf_value=0.003158730234323242 -0.021781024123182554 0.00098800188294421195 0.021079482000459393 0.0029219458947008828 0.0013283828720581608 -0.021680967310110006 -0.036878612097352742 0.0018693864211603147 -0.0010322966791378831 -0.0088627800636522213 0.00029973466824808557 0.00025525006489213924 -0.0072939089251338757 -0.00079011028037104789 -0.00018553797179820045 -0.0098207883753394579 0.015694752100881768 -0.0043026087600401769 -0.00027533640968271732 -0.00040420230011667472 -0.037753929128801385 -0.021000232659745963 0.0010167982563833542 -0.0035876280957319105 -0.0045676396750599776 -0.0095137811080648511 -0.0014343559668313223 -0.01249145970397972 0.032822856128863667 -0.0058334480100187868
leaf_weight=1756 57 19364 40 1508 20767 74 20 15225 36705 923 7327 1322 583 20427 18442 351 107 97 426 22076 27 50 7567 87 638 340 1405 76 23 132
leaf_count=1756 57 19364 40 1508 20767 74 20 15225 36705 923 7327 1322 583 20427 18442 351 107 97 426 22076 27 50 7567 87 638 340 1405 76 23 132
internal_value=-6.71868e-13 2.34457e-05 -0.000171314 0.000460829 0.00118887 -0.00674856 -0.00295132 0.000776949 -0.000465372 -0.000115182 -0.00127303 -0.00427696 -0.00205507 0.000174755 0.00010521 0.00161416 -0.002347 0.0061862 -0.00458737 -0.000191523 -0.000384507 -0.000839459 0.00082836 -0.0116796 -0.00597938 -0.000336618 -0.00300857 -0.000447458 0.00424661 0.000425373
internal_weight=177942 177247 140843 44716 21132 365 291 36404 96127 59422 11900 2828 1905 47522 20198 16206 981 204 777 23584 28158 20477 7681 114 695 9072 1745 271 195 172
internal_count=177942 177247 140843 44716 21132 365 291 36404 96127 59422 11900 2828 1905 47522 20198 16206 981 204 777 23584 28158 20477 7681 114 695 9072 1745 271 195 172
is_linear=0
shrinkage=0.05


Tree=104
num_leaves=31
num_cat=0
split_feature=5 6 9 11 1 10 8 0 4 6 8 6 7 7 9 0 0 5 5 5 0 12 12 8 0 5 8 6 3 1
split_gain=9.63143 7.39382 9.3175 11.2671 7.28534 7.00249 8.18872 6.91034 6.49773 7.02608 6.01789 10.374 8.24283 6.73279 14.5307 6.92155 11.7287 9.06536 6.67196 16.2643 6.6885 6.5199 6.12238 15.6085 7.45787 7.57323 6.74805 6.31252 6.0201 5.82687
threshold=-4.4032814884462663 -0.15715105490734421 0.52540275000000014 0.046772000000000015 0.49769428132711285 -0.015385499999999995 -1.0755016131617254 0.0039807156519999784 -0.5766785785251235 1.1472761162263767 -1.8728762748764103 -1.2720505425366977 -1.6990545988455394 -3.7065646435184392 0.36911975000000002 0.033657031743766559 0.017694510695901226 -10.166737729308066 -6.8616530440599988 -5.9046103384686495 -0.0041090490644161695 -1.291395830219533 -3.928561221808673 -3.5114327144654625 -0.001296456594756412 -10.821330288145264 -2.3589012621033199 -5.1408218052258094 0.10895041149601449 0.21566931947618809
decision_type=2 2 2 2 2 2 2 2 2 2 2 2 2 2 2 2 2 2 2 2 2 2 2 2 2 2 2 2 2 2
left_child=1 10 3 5 8 6 -3 -7 -2 -10 11 12 21 14 15 16 17 -12 -19 -20 -21 22 23 24 -1 -26 27 28 -25 -28
right_child=4 2 -4 -5 -6 7 -8 -9 9 -11 13 -13 -14 -15 -16 -17 -18 18 19 20 -22 -23 -24 26 25 -27 29 -29 -30 -31
leaf_value=0.0060230884027086332 0.0012667518439618091 -0.0063410682746997257 -0.0014196443737265212 -0.037079019665620043 0.0018551661220396161 -0.016655955972588239 -0.047297825801955622 0.00072117247751780922 5.7177555357318392e-05 -0.0063850586325587605 0.018372516884383832 -0.0064480445901239775 -0.0048939673063216364 0.00048493230084154231 -0.044363550942701599 -0.026952825120553886 0.024436081958150394 -0.02031181615229477 0.021721212537742632 0.0028401920292526485 -0.034019017761602301 -0.0079152351933618973 -0.00039180912032718476 -0.060538961980491884 -0.02311596411208694 -0.0029668913290586602 0.015780825293622913 -0.011724391264013118 -0.026151189742875953 -0.019554907801960196
leaf_weight=218 11860 26 723 38 6702 85 23 175 101801 425 33 794 1124 16183 24 29 38 85 43 20 32 298 36520 20 52 452 20 36 35 28
leaf_count=218 11860 26 723 38 6702 85 23 175 101801 425 33 794 1124 16183 24 29 38 85 43 20 32 298 36520 20 52 452 20 36 35 28
internal_value=1.03561e-12 -0.000534767 -0.00465203 -0.0113869 0.000253039 -0.00822741 -0.0255657 -0.00495981 0.000158922 3.03942e-05 -0.000456216 -0.00079042 -0.000674652 0.000346447 -0.00702562 -0.00382523 -0.00115312 -0.00571833 -0.010135 -0.0010294 -0.0198424 -0.000548786 -0.000490061 -0.00465749 -0.00170365 -0.00504576 -0.0200005 -0.0280016 -0.0386558 -0.00483169
internal_weight=177942 57154 1070 347 120788 309 49 260 114086 102226 56084 39597 38803 16487 304 280 251 213 180 95 52 37679 37381 861 722 504 139 91 55 48
internal_count=177942 57154 1070 347 120788 309 49 260 114086 102226 56084 39597 38803 16487 304 280 251 213 180 95 52 37679 37381 861 722 504 139 91 55 48
is_linear=0
shrinkage=0.05


Tree=105
num_leaves=31
num_cat=0
split_feature=8 7 3 5 6 11 8 10 11 6 5 7 1 0 12 7 6 8 11 9 8 0 0 12 3 7 6 8 7 6
split_gain=9.23269 16.4088 7.3972 6.75859 10.3276 11.0121 8.05678 7.70852 7.12715 6.95224 6.39883 6.06331 6.87986 9.48071 8.47686 16.5593 12.4387 11.6207 9.51122 10.9589 9.49734 9.19176 8.76649 7.59651 7.29934 6.83806 6.7545 6.61144 19.122 10.6016
threshold=-2.8530307730622857 -2.6162508243805989 0.4068866712775418 -0.19460024278375868 0.77048256514291291 -0.16932099999999997 0.43758763546046076 -0.21059850000000002 0.107086 -0.72569945993611162 -10.821330288145264 -3.3745750821732394 0.18023353200109074 0.10424850671853937 -0.45326551351573791 -0.31774755435668245 -0.056510251543739627 -0.68617932625896427 -0.021774000000000012 0.26248075000000004 -2.2513352237714241 -0.22617291754459892 -0.17174442398507631 -1.1968015920844286 -0.38635434475581648 0.80128946296928849 -5.0335900723270433 -1.1710170207348105 -0.84831714672953706 -0.63063733605715522
decision_type=2 2 2 2 2 2 2 2 2 2 2 2 2 2 2 2 2 2 2 2 2 2 2 2 2 2 2 2 2 2
left_child=1 2 -1 4 7 -6 -7 -2 11 -5 -4 -9 13 14 15 16 18 -17 19 20 -13 -19 -21 24 -18 -16 -15 28 29 -20
right_child=3 -3 10 9 5 6 -8 8 -10 -11 -12 12 -14 26 25 17 23 21 27 22 -22 -23 -24 -25 -26 -27 -28 -29 -30 -31
leaf_value=-0.00068632763093679384 -0.0067862207759978232 -0.0049619594998343798 -0.0091412311611425764 -0.00058500358563367248 -0.037146261520683767 -0.0059789251692593812 0.0028820214551693616 -0.001792087715675499 -0.002564356425175056 0.0021953772754781916 0.0023144238810002579 0.0080387162730777128 0.00090998808956856093 -0.012954124272031296 0.0029361775318634351 -0.010165616657418476 -0.030358849773183469 -0.0066502741595563164 0.00013743422434351075 0.00609099477359495 0.036337271558515953 0.0019051023328866797 0.00094008546084008073 -0.00069628831687233673 -0.0080458152836420434 -0.0051180401398415983 -0.0010863343273530867 0.0015002217158104636 -0.0071983811595080303 -0.0051519046153763797
leaf_weight=30499 402 2141 127 3181 25 976 348 3712 2377 7668 3035 292 30534 121 4023 611 40 552 54838 936 33 728 7031 420 438 282 13104 7578 926 964
leaf_count=30499 402 2141 127 3181 25 976 348 3712 2377 7668 3035 292 30534 121 4023 611 40 552 54838 936 33 728 7031 420 438 282 13104 7578 926 964
internal_value=-2.2967e-13 -0.000717628 -0.000447668 0.000180755 8.16451e-05 -0.00427068 -0.00364992 0.000126829 0.000148282 0.00138015 0.00185431 0.000198988 0.000258857 4.48852e-05 0.000250632 0.000127402 0.000246267 -0.00449245 0.000318611 0.00191237 0.0109121 -0.0017844 0.00154524 -0.0056023 -0.00991301 0.00240858 -0.00119492 0.000113102 -7.21957e-05 4.6059e-05
internal_weight=177942 35802 33661 142140 131291 1349 1324 129942 129540 10849 3162 127163 123451 92917 79692 75387 73496 1891 72598 8292 325 1280 7967 898 478 4305 13225 64306 56728 55802
internal_count=177942 35802 33661 142140 131291 1349 1324 129942 129540 10849 3162 127163 123451 92917 79692 75387 73496 1891 72598 8292 325 1280 7967 898 478 4305 13225 64306 56728 55802
is_linear=0
shrinkage=0.05


Tree=106
num_leaves=31
num_cat=0
split_feature=11 4 3 3 2 1 7 8 0 6 4 12 7 6 5 4 10 8 12 0 5 0 6 1 8 4 4 12 6 5
split_gain=8.88418 9.09721 8.57338 8.57315 8.52029 7.82745 7.66754 11.1488 8.35602 10.4253 8.57745 8.19972 7.41139 7.27265 8.23183 7.15424 7.08169 7.18608 6.40313 6.18362 5.78033 9.27018 5.76954 5.55582 5.40328 5.27613 6.02706 5.15078 12.5851 8.63585
threshold=0.23900700000000002 -0.23342018452266908 -0.14642172662337896 0.86193115681823218 0.19985287001441435 -0.33631619688234032 -0.31774755435668245 -0.95429809239222119 -0.15581827512037469 -0.20693699860562828 -0.5766785785251235 -1.5538392534736298 0.44872225748981875 0.93084322875214942 -7.9525120142537178 -0.50409643500229084 0.0093125000000000031 0.43758763546046076 0.64357157203265014 0.36400549450549452 -0.37293020586434095 -0.2493704942400595 -4.4144688650950794 0.14367272885296492 0.64417623718873818 -0.27146901473969004 -0.5431824354352871 -2.9438068981567369 -4.3332931082008548 -6.3585881607700721
decision_type=2 2 2 2 2 2 2 2 2 2 2 2 2 2 2 2 2 2 2 2 2 2 2 2 2 2 2 2 2 2
left_child=1 2 5 13 6 18 20 -8 9 12 -11 -10 -9 19 -15 -14 17 -5 -1 24 -4 -22 -2 -18 -3 26 -23 29 -29 -21
right_child=22 3 4 16 -6 -7 7 8 11 10 -12 -13 15 14 -16 -17 23 -19 -20 27 21 25 -24 -25 -26 -27 -28 28 -30 -31
leaf_value=0.0012745732309610632 -0.024584623610012627 -0.00042703432604540174 0.00091721814684026155 0.0029277358101208774 0.003400084823749986 -0.00029951385003395111 -0.015447447956938521 -0.0038827566087049643 0.033243762739446195 0.0044656222344973771 -0.0045995956711956994 0.0017547323602993146 -0.0094246353997523638 -0.035818081643432385 -0.0057638087224284127 -0.029272795652625441 -0.0014626983822473294 0.018743510324054878 0.0095922533427559159 0.0010377371145797701 0.011096434329380575 0.0099596543484854402 -0.0045464302862743894 0.001264019730947882 -0.020076176869416876 0.0086234497652827383 -0.00067234486150754972 -0.030791616812348366 0.0030962684124193592 0.043139372233833587
leaf_weight=6443 38 96264 18910 2439 3654 33784 135 669 21 603 460 1331 209 25 257 58 2777 74 240 29 357 153 657 5708 35 255 1035 28 1273 21
leaf_count=6443 38 96264 18910 2439 3654 33784 135 669 21 603 460 1331 209 25 257 58 2777 74 240 29 357 153 657 5708 35 255 1035 28 1273 21
internal_value=2.81469e-13 2.21229e-05 0.000474441 -0.000261555 0.00114962 9.77192e-06 0.000809763 -0.0013597 -0.000792155 -0.00284551 0.000542762 0.00224384 -0.00669352 -0.000410203 -0.00842819 -0.0137362 0.00106209 0.00339346 0.00157328 -0.000387049 0.00117494 0.00388242 -0.00564204 0.00037161 -0.000434176 0.00209766 0.000696928 0.00297217 0.00236694 0.0187204
internal_weight=177942 177247 68317 108930 27850 40467 24196 3486 3351 1999 1063 1352 936 97932 282 267 10998 2513 6683 97650 20710 1800 695 8485 96299 1443 1188 1351 1301 50
internal_count=177942 177247 68317 108930 27850 40467 24196 3486 3351 1999 1063 1352 936 97932 282 267 10998 2513 6683 97650 20710 1800 695 8485 96299 1443 1188 1351 1301 50
is_linear=0
shrinkage=0.05


Tree=107
num_leaves=31
num_cat=0
split_feature=11 4 3 0 9 10 7 12 3 3 2 9 8 10 0 12 0 7 2 7 7 7 8 5 0 0 4 6 12 9
split_gain=8.01797 8.22708 7.89357 6.46323 6.89632 6.8053 7.88302 6.47649 9.99468 6.42333 8.66245 7.81724 7.43206 6.5677 6.23385 8.97016 8.30999 7.61974 7.25202 6.09849 8.26841 6.01815 10.132 7.41734 7.18949 6.48649 9.13841 8.73746 5.94466 5.92568
threshold=0.23900700000000002 -0.2102169327317662 0.10895041149601449 0.72245182591865209 0.6629670000000002 0.096386499999999986 0.80128946296928849 -4.1360974116033429 0.28322129483419806 -0.14642172662337896 0.081995805709646943 0.26087750000000004 0.64417623718873818 0.039393500000000033 0.10238234801540792 -0.68118211471338819 0.27444201987618894 -0.35020035185588611 -0.28175426463808195 -2.3691419711264339 -5.161602059988339 -0.31774755435668245 -0.93555747114793764 -0.42248903026378265 -0.2493704942400595 -0.15581827512037469 -0.5766785785251235 -0.20693699860562828 -1.5538392534736298 1.3590525000000004
decision_type=2 2 2 2 2 2 2 2 2 2 2 2 2 2 2 2 2 2 2 2 2 2 2 2 2 2 2 2 2 2
left_child=1 9 -3 5 -5 7 -7 8 -4 12 21 -12 14 -14 18 16 -16 -17 -1 20 -10 23 -23 -11 -25 26 27 -24 -27 -9
right_child=-2 2 3 4 -6 6 -8 29 19 10 11 -13 13 -15 15 17 -18 -19 -20 -21 -22 22 25 24 -26 28 -28 -29 -30 -31
leaf_value=0.0011751321046619199 -0.0053599415353512755 -0.00086201650978637062 0.00069651945794541991 -0.019485686155967415 0.011280425574274406 -0.001575654619821806 -0.027718226276819819 0.00021788271153800286 -0.014035325848888006 0.00055289551805947365 0.024068491904818939 0.0024284469678301419 -0.00088880534440684148 0.0075057905702756297 -0.0011157499019227655 -0.0077303104339784996 0.0034252801948803286 -0.0018133401934290602 -0.00037400005271598109 0.0048419512850655759 -0.046010898562769097 -0.013869836595603473 -0.0055733986696672073 0.010196114570540597 0.0023305169294771107 0.028334965499206666 -0.0062302712031562357 0.0045276999480434472 0.0015028953986114088 -0.020975469041502839
leaf_weight=12578 695 36270 155 20 204 5101 29 61015 62 20779 42 6559 377 610 5695 831 1224 1576 18917 22 30 157 339 359 1523 21 926 581 1212 33
leaf_count=12578 695 36270 155 20 204 5101 29 61015 62 20779 42 6559 377 610 5695 831 1224 1576 18917 22 30 157 339 359 1523 21 926 581 1212 33
internal_value=1.32578e-12 2.10168e-05 -0.000268398 5.45386e-05 0.00853345 2.59552e-05 -0.00172344 0.000172316 -0.0075689 0.000421963 0.000949241 0.00256614 1.21015e-05 0.00429934 -9.15586e-05 -0.00122704 -0.000312423 -0.00385613 0.000244669 -0.018807 -0.0244621 0.000537103 -0.00147993 0.000825136 0.00383092 -0.000848157 -0.00272374 0.000805665 0.00195989 0.000206426
internal_weight=177942 177247 102941 66671 224 66447 5130 61317 269 74306 32498 6601 41808 987 40821 9326 6919 2407 31495 114 92 25897 3236 22661 1882 3079 1846 920 1233 61048
internal_count=177942 177247 102941 66671 224 66447 5130 61317 269 74306 32498 6601 41808 987 40821 9326 6919 2407 31495 114 92 25897 3236 22661 1882 3079 1846 920 1233 61048
is_linear=0
shrinkage=0.05


Tree=108
num_leaves=31
num_cat=0
split_feature=5 6 11 9 11 1 0 1 11 3 8 7 8 11 4 0 0 12 4 7 7 10 9 0 3 7 8 8 9 10
split_gain=7.77919 6.36352 8.23267 6.69189 10.9712 5.96882 5.73564 6.19642 8.21289 6.18571 5.8113 5.52135 17.5348 7.24448 9.45403 6.7001 6.38701 7.62264 10.0035 6.2603 6.08269 5.53138 6.96215 5.51572 6.24246 5.46475 7.30526 5.20724 5.86004 5.07238
threshold=-4.4032814884462663 -0.15715105490734421 -0.12171299999999995 0.52540275000000014 0.046772000000000015 0.49769428132711285 0.023181838384736312 0.18023353200109074 -0.10012049999999999 -0.69432283151100205 -0.17084875743101505 -0.16936222881315599 -0.45807636159734827 -0.021774000000000012 -0.012122066449667289 -0.036096461165739384 -0.1779638406019933 -2.1323908772859643 -0.083950123752908765 -2.7286298015377448 -5.161602059988339 -0.023940999999999959 0.31504850000000006 1.0000000180025095e-35 -0.18501011374471868 0.66024292506549187 -0.045750439440615971 -4.4623855739459852 0.2720597500000001 0.087873000000000021
decision_type=2 2 2 2 2 2 2 2 2 2 2 2 2 2 2 2 2 2 2 2 2 2 2 2 2 2 2 2 2 2
left_child=1 27 -3 4 -4 6 9 -8 10 -2 -9 13 15 14 16 -13 21 18 23 -19 -15 22 -11 -18 -25 -14 -27 28 29 -1
right_child=5 2 3 -5 -6 -7 7 8 -10 11 -12 12 25 20 -16 -17 17 19 -20 -21 -22 -23 -24 24 -26 26 -28 -29 -30 -31
leaf_value=-0.0066336384418455314 0.0041209099518402506 -0.0352977373060726 -0.0062553665077231067 -0.00090216740254837045 -0.034751259421586599 0.0016775712470787588 -0.00066552762793342505 -0.014990315585701656 0.00067091207657066177 0.035463828366735707 0.013357129471287841 -0.0087100890309152693 0.001463079079890915 0.021442839125280874 -0.02758213500492275 0.0066925656071610065 0.0078652676291251829 -0.0070719444451215509 -0.0020727695901806855 0.00077903724459849099 0.00028757770456357541 0.0020436088933667973 0.0074639428555296821 0.012206667499598482 -0.0090825542025619512 -0.016507551453965295 -0.0015104601236895882 -0.00035843718151383632 -0.028316902609255453 0.0047452195055763778
leaf_weight=428 1124 21 304 707 38 6702 32518 130 15132 23 21 850 2689 34 27 77 1076 270 457 4262 52769 692 639 51 106 88 1051 55503 26 127
leaf_count=428 1124 21 304 707 38 6702 32518 130 15132 23 21 850 2689 34 27 77 1076 270 457 4262 52769 692 639 51 106 88 1051 55503 26 127
internal_value=-2.00725e-12 -0.000480603 -0.00430025 -0.00367971 -0.00942158 0.00022741 0.00014222 -0.000275258 0.000555127 0.000443282 -0.011048 0.000379844 -0.00126061 0.000508976 0.00195199 -0.00743069 0.00205725 0.00138001 0.00424589 0.000311304 0.0003012 0.00516935 0.00843675 0.00658785 -0.00216695 0.000233558 -0.00266915 -0.00040773 -0.00511668 -0.00402983
internal_weight=177942 57154 1070 1049 342 120788 114086 47801 15283 66285 151 65161 4755 60406 7603 927 7576 6222 1690 4532 52803 1354 662 1233 157 3828 1139 56084 581 555
internal_count=177942 57154 1070 1049 342 120788 114086 47801 15283 66285 151 65161 4755 60406 7603 927 7576 6222 1690 4532 52803 1354 662 1233 157 3828 1139 56084 581 555
is_linear=0
shrinkage=0.05


Tree=109
num_leaves=31
num_cat=0
split_feature=6 7 1 1 11 7 7 10 10 11 4 7 2 1 5 0 10 7 12 0 6 4 11 10 11 3 11 9 7 8
split_gain=7.3177 15.4099 6.85649 9.04185 7.27861 6.42686 10.3496 6.30491 7.35592 5.99201 5.98087 13.8093 6.34321 6.82231 6.39125 5.83609 6.97913 8.963 16.1262 11.0259 10.6411 9.06173 7.68514 7.34595 7.31107 7.2351 7.14992 9.30098 8.44055 9.62234
threshold=-3.240480040199698 -1.1172873364775924 0.2675431956753665 -0.0073286928125637077 0.11950200000000001 0.98584515841031373 0.66024292506549187 -0.01079350000000001 0.11409999999999998 0.098041000000000031 -0.015939396091780075 -0.96987704204000069 0.245449022423506 0.36510547201336691 -5.5298091394980302 0.0031674650102562212 0.13288350000000004 -0.6649693646102034 -0.7669701475941002 -0.10503899401487214 0.25395204702147584 -0.5623064347559279 0.13871600000000009 0.32282450000000013 0.027077999999999994 -0.58063467427324955 -0.020214000000000006 0.34834450000000006 -2.127191276474655 -1.9381697619523512
decision_type=2 2 2 2 2 2 2 2 2 2 2 2 2 2 2 2 2 2 2 2 2 2 2 2 2 2 2 2 2 2
left_child=1 7 3 15 -5 6 10 -1 9 -9 -3 -12 -13 -14 -15 16 17 20 19 -19 21 -2 25 -24 26 -18 27 -23 -28 -30
right_child=2 5 -4 4 -6 -7 -8 8 -10 -11 11 12 13 14 -16 -17 22 18 -20 -21 -22 24 23 -25 -26 -27 28 -29 29 -31
leaf_value=-0.001927872591936006 0.0034705211184615733 -0.0047152016229475117 0.0010287746054587902 -0.00037883078195043634 -0.0055900310740455723 -0.024732249126666123 0.023511264658688261 4.3680696213765338e-05 -0.0029229640661961598 -0.0090258673400887869 0.015497483523407331 -0.048020993648096921 0.00011783742119331619 -0.040910977161665626 -0.01171649412350043 -0.00029892787340592001 0.010848038608029046 -0.006276398926805195 0.00059727192776725681 0.0018755009076967665 -0.011552170162377437 0.0067088614864911078 0.00012501661269564559 -0.01765268276647354 0.0027013037273475328 0.0030835610635658959 0.001137998870313052 0.0009983844870564858 -0.0032110979141929995 8.4438480808796931e-05
leaf_weight=5822 3472 932 20632 50883 679 45 30 37577 2283 183 30 20 37 37 38 17698 352 1789 5357 540 168 931 258 75 4099 2032 8772 3046 3273 6852
leaf_count=5822 3472 932 20632 50883 679 45 30 37577 2283 183 30 20 37 37 38 17698 352 1789 5357 540 168 931 258 75 4099 2032 8772 3046 3273 6852
internal_value=-1.36706e-12 -0.000534928 0.000192194 3.56752e-05 -0.000447455 -0.00620381 -0.00546201 -0.00039044 -0.000166907 -2.73946e-07 -0.00625652 -0.0151239 -0.0220833 -0.0174515 -0.0261191 0.000459955 0.000787405 0.000613687 -0.000912844 -0.00438631 0.000996953 0.0010662 0.00323615 -0.00387897 0.000756714 0.00422999 0.000408245 0.00233518 2.70811e-06 -0.000980874
internal_weight=177942 47034 130908 110276 51562 1169 1124 45865 40043 37760 1094 162 132 112 75 58714 41016 38299 7686 2329 30613 30445 2717 333 26973 2384 22874 3977 18897 10125
internal_count=177942 47034 130908 110276 51562 1169 1124 45865 40043 37760 1094 162 132 112 75 58714 41016 38299 7686 2329 30613 30445 2717 333 26973 2384 22874 3977 18897 10125
is_linear=0
shrinkage=0.05


Tree=110
num_leaves=31
num_cat=0
split_feature=8 7 12 4 3 3 5 11 10 11 0 11 2 6 7 3 3 8 4 2 7 9 10 10 11 8 11 7 0 5
split_gain=7.08687 15.1069 6.71872 10.3647 6.80748 6.735 6.54501 6.5203 6.38666 6.27883 6.03287 5.96226 5.72533 5.69989 5.6235 6.06116 6.0049 6.88876 7.6933 6.75003 6.23003 5.77007 7.0511 13.25 6.92064 6.13916 6.42416 6.62587 5.58126 6.35056
threshold=-2.8530307730622857 -2.6288185869838259 -2.0787198041150625 -0.059665129470119586 0.4068866712775418 0.47968409833091447 -4.0592411266662944 0.13871600000000009 -0.13303649999999997 0.052645500000000019 0.0048563342635903348 0.036278000000000039 -0.038826125852081998 -1.615771595374462 -3.6782313798143473 1.3782981000802785 0.86193115681823218 -2.3480757300260007 -0.13579817050104884 0.60119644050004784 -4.5131633345778273 0.16082575000000002 0.017165499999999976 0.098067500000000016 -0.032809000000000012 -2.2513352237714241 0.0057415000000000114 -5.161602059988339 0.024130534843612498 -4.4318988289868475
decision_type=2 2 2 2 2 2 2 2 2 2 2 2 2 2 2 2 2 2 2 2 2 2 2 2 2 2 2 2 2 2
left_child=1 2 4 7 -1 10 9 8 -4 13 -5 -6 -8 -3 15 16 17 -2 -19 20 -18 22 -20 -24 -23 -26 27 -27 29 -28
right_child=14 6 3 5 11 -7 12 -9 -10 -11 -12 -13 -14 -15 -16 -17 19 18 21 -21 -22 24 23 -25 25 26 28 -29 -30 -31
leaf_value=-0.00048416687541087873 -0.00030528001456731199 -0.0056393500367710641 -0.025281660933978857 -0.035792550020396892 0.0026371745979046532 0.0014718873999439754 0.0029748185880551 -0.029231971498811616 0.0011548860346359249 -0.033387816972706631 -0.013690169457346203 -0.0057538784762557731 -0.0043535583742006466 -0.017859458877317713 0.00019277845350090204 -0.03007678523659706 0.045049060527235271 0.0011905208650995235 -0.017315189747817136 -0.0070391003335653641 0.005583784861955792 -0.041221148148179058 0.031101177091135041 -0.010667361341806693 -0.028770944611862938 0.025731518775934267 -0.027873121061210718 -0.0058671217918678936 0.00083836607473830767 -0.00081630897033831184
leaf_weight=29745 953 882 24 41 2802 52 379 20 475 23 125 229 898 107 140458 20 20 198 44 27 20 22 34 43 47 21 86 79 39 29
leaf_count=29745 953 882 24 41 2802 52 379 20 475 23 125 229 898 107 140458 20 20 198 44 27 20 22 34 43 47 21 86 79 39 29
internal_value=-1.05677e-13 -0.000628728 -0.000360304 -0.00508149 -0.000254144 -0.0142304 -0.00455868 -0.00123859 -0.000116611 -0.00756204 -0.0191492 0.00200321 -0.00217857 -0.00696144 0.000158363 -0.00271556 -0.0023863 -0.00300228 -0.00700577 0.0122776 0.0253164 -0.0106609 -0.00134814 0.00777589 -0.0141496 -0.0121709 -0.00909924 0.000768593 -0.0155069 -0.0210501
internal_weight=177942 35802 33513 737 32776 218 2289 519 499 1012 166 3031 1277 989 142140 1682 1662 1595 642 67 40 444 121 77 323 301 254 100 154 115
internal_count=177942 35802 33513 737 32776 218 2289 519 499 1012 166 3031 1277 989 142140 1682 1662 1595 642 67 40 444 121 77 323 301 254 100 154 115
is_linear=0
shrinkage=0.05


Tree=111
num_leaves=31
num_cat=0
split_feature=10 4 8 2 11 9 10 6 6 4 3 2 11 10 2 1 7 10 9 6 10 9 0 6 2 3 10 3 6 8
split_gain=6.77439 10.9973 7.72292 7.25521 6.95818 7.3131 12.6312 9.77367 8.10196 6.75274 9.01604 7.56971 6.60875 7.86493 6.85105 6.37413 9.46064 6.23515 8.80488 12.0242 6.02104 5.80238 6.38332 5.46934 5.42943 5.23111 5.05879 10.6881 5.7083 7.47479
threshold=-0.21059850000000002 -1.0000000180025095e-35 -0.37254533148162977 0.38882573922778013 0.23900700000000002 1.2392887500000003 0.32282450000000013 1.5336608685699544 0.42103195004701283 -0.41210742875440276 -0.33999687792694344 0.13480463364892739 0.011487500000000013 0.03184000000000007 0.56367350604630984 -0.021546881769283596 -5.161602059988339 0.16585850000000005 0.89330300000000007 -1.8666838229524176 0.17546850000000005 0.62260650000000017 0.012987012987012993 -4.5029023206443179 0.15199099592268209 1.0000000180025095e-35 0.032913000000000005 0.14557392577284092 -1.1698032694771594 -1.680672786951982
decision_type=2 2 2 2 2 2 2 2 2 2 2 2 2 2 2 2 2 2 2 2 2 2 2 2 2 2 2 2 2 2
left_child=1 2 3 21 5 7 8 9 -7 10 -2 15 13 14 25 16 -11 -13 -19 -20 26 22 -1 -6 -24 -9 27 -17 -28 -30
right_child=4 -3 -4 -5 23 6 -8 12 -10 11 -12 17 -14 -15 -16 20 -18 18 19 -21 -22 -23 24 -25 -26 -27 28 -29 29 -31
leaf_value=0.0038543994704903503 -7.9928161779018971e-05 -0.038148566219024363 0.0071507583170662683 -0.027101816337866087 -0.024255050442048481 -0.001466823849388255 0.028955084240684908 -0.019240579119736246 0.0066177036163993525 0.032094838065297712 0.001566704465783175 0.00037340800654261404 -0.0012574154128896673 -0.023552217571919113 0.01687068045804543 -0.0021396162849228878 1.7403672005905206e-05 -0.0044498244305301495 0.045612753536552197 0.0024247204705354682 -0.0057792630780003568 -0.012665885111945607 -0.016269507248232024 -0.0039669610582938157 0.0073042156795660659 0.0039212873707966589 4.2167821136564029e-05 0.00017108931786916204 -0.0082643953742375462 -0.00099071980149560094
leaf_weight=227 18284 24 132 39 35 585 48 68 659 23 15244 59610 236 102 28 14011 37479 1148 20 83 612 159 94 653 33 38 18645 7785 477 1361
leaf_count=227 18284 24 132 39 35 585 48 68 659 23 15244 59610 236 102 28 14011 37479 1148 20 83 612 159 94 653 33 38 18645 7785 477 1361
internal_value=4.29347e-12 -0.00488116 -0.00371388 -0.00631194 1.94988e-05 3.90562e-05 0.00378701 1.14257e-05 0.0028159 3.08295e-05 0.000668738 -0.000120584 -0.00717383 -0.0130902 -0.00512665 -0.000439055 3.70768e-05 0.000300093 -0.00319336 0.0108107 -0.000855364 -0.00473143 -0.00116764 -0.00499906 -0.0101441 -0.0109373 -0.000784089 -0.00131429 -0.000219903 -0.00287839
internal_weight=177942 708 684 552 177234 176546 1292 175254 1244 174782 33528 141254 472 236 134 80393 37502 60861 1251 103 42891 513 354 688 127 106 42279 21796 20483 1838
internal_count=177942 708 684 552 177234 176546 1292 175254 1244 174782 33528 141254 472 236 134 80393 37502 60861 1251 103 42891 513 354 688 127 106 42279 21796 20483 1838
is_linear=0
shrinkage=0.05


Tree=112
num_leaves=31
num_cat=0
split_feature=4 11 7 9 2 11 6 0 2 10 7 0 10 11 9 8 11 7 8 6 6 6 9 8 8 5 3 0 0 5
split_gain=6.54933 9.19131 13.4495 10.7733 8.98066 8.2124 7.24411 7.21618 6.99314 8.2952 6.82171 6.42683 6.85528 7.40713 9.7868 7.82441 7.02902 7.30304 12.2082 10.1257 7.69149 8.70927 6.78358 6.78222 6.17856 7.03235 6.0819 7.85922 8.19499 6.06912
threshold=-0.092435408751648171 -0.16932099999999997 -0.35020035185588611 0.30726150000000002 0.76111667780004455 0.065730500000000011 -6.5848101596763264 0.36400549450549452 0.13480463364892739 0.031161500000000012 -5.161602059988339 0.062675490409575665 0.081930999999999962 -0.012726499999999972 0.30432475000000003 -2.3589012621033199 0.028125500000000001 -1.9725882738880756 -1.7391900421679354 -1.2528234499225961 -2.1795495878750759 -0.33502165600711481 0.24290225000000001 0.43758763546046076 -0.51388435947538114 -1.6921127812814698 0.53835722481450321 -0.2493704942400595 -0.14680749650122707 1.927547841000401
decision_type=2 2 2 2 2 2 2 2 2 2 2 2 2 2 2 2 2 2 2 2 2 2 2 2 2 2 2 2 2 2
left_child=8 2 3 -2 5 -3 10 -7 11 29 -6 12 13 14 15 -1 17 19 20 26 -19 -22 -17 -14 25 -18 27 -15 -29 -10
right_child=1 4 -4 -5 6 7 -8 -9 9 -11 -12 -13 23 16 -16 22 24 18 -20 -21 21 -23 -24 -25 -26 -27 -28 28 -30 -31
leaf_value=0.0029007812127647657 0.022815771467983723 -0.00045913755389667059 -0.050762053476646543 -0.013427635166577571 0.0016299760621041059 -0.0047253613971688993 0.0018364161269305351 0.009239829256441635 0.0019047707445782628 0.00014802007003038672 -0.03917224738924277 -0.0007812581028121845 0.0010970940275823505 -0.0081659206376663608 0.0004746248199179431 0.033603045434480713 0.0007259825998185772 -0.0060314467589375935 -0.00045652724526471574 -0.0090155770693993043 -0.0011395376438593618 -0.013205407108780607 0.0089952757405639024 0.0072147787970607176 -0.0022060523739712563 0.0044017097606863058 0.0042709058928250823 0.0064714627431520198 -8.9450673419542547e-05 0.01699979032195215
leaf_weight=1808 25 54320 20 114 20 1649 4878 98 10838 13653 21 19691 11279 295 11008 31 5134 1876 10069 309 2518 159 290 472 1218 1743 841 486 23012 67
leaf_count=1808 25 54320 20 114 20 1649 4878 98 10838 13653 21 19691 11279 295 11008 31 5134 1876 10069 309 2518 159 290 472 1218 1743 841 486 23012 67
internal_value=-1.04801e-12 -0.000419242 -0.0124251 -0.00690904 -0.000387941 -0.00056766 0.0016605 -0.00394197 0.000219479 0.000969289 -0.0192687 1.98478e-05 0.000237284 2.3603e-05 0.0010748 0.00417799 -0.000266148 -0.000540807 -0.00142804 -2.06966e-05 -0.00357655 -0.00185619 0.0113717 0.00134282 0.00107627 0.00165761 9.21319e-05 -5.55733e-05 4.62461e-05 0.00199751
internal_weight=177942 61145 159 139 60986 56067 4919 1747 116797 24558 41 92239 72548 60797 13137 2129 47660 39565 14622 24943 4553 2677 321 11751 8095 6877 24634 23793 23498 10905
internal_count=177942 61145 159 139 60986 56067 4919 1747 116797 24558 41 92239 72548 60797 13137 2129 47660 39565 14622 24943 4553 2677 321 11751 8095 6877 24634 23793 23498 10905
is_linear=0
shrinkage=0.05


Tree=113
num_leaves=31
num_cat=0
split_feature=5 6 11 9 11 2 5 11 9 7 9 8 0 6 6 8 2 4 10 0 2 4 7 8 8 0 11 0 6 7
split_gain=6.17431 5.75519 6.84651 5.81445 9.93987 4.77915 5.65272 5.12267 4.76361 8.7312 8.16914 5.82861 5.64914 5.28842 4.80008 6.97586 5.30889 5.25991 9.48822 4.62992 4.62202 6.26127 5.5834 15.0241 7.46778 6.96972 5.90779 6.37088 7.12694 8.64582
threshold=-4.4032814884462663 -0.15715105490734421 -0.12171299999999995 0.52540275000000014 0.046772000000000015 1.3466460679756804 1.4814305384966715 0.11950200000000001 1.3590525000000004 1.2644557469035156 0.6074312500000002 -0.7091722512788069 -0.083333333333333301 0.42103195004701283 1.5336608685699544 -0.27656457206873453 0.16367439777838713 -0.50409643500229084 0.10512699999999998 0.39160396398193326 0.081995805709646943 -0.049808747184324702 -0.6649693646102034 -1.3578622223585761 -0.93555747114793764 -0.38540649811485794 0.026601500000000004 -0.048042300141583942 -3.4607079441412067 -2.7948990550539419
decision_type=2 2 2 2 2 2 2 2 2 2 2 2 2 2 2 2 2 2 2 2 2 2 2 2 2 2 2 2 2 2
left_child=1 -1 -3 4 -4 7 19 8 9 14 -11 -10 -12 -13 17 -16 -17 18 -2 -7 21 22 26 -24 -25 -26 27 28 -19 -30
right_child=5 2 3 -5 -6 6 -8 -9 11 10 12 13 -14 -15 15 16 -18 20 -20 -21 -22 -23 23 24 25 -27 -28 -29 29 -31
leaf_value=-0.00035886506082027556 0.00052987732386384839 -0.03232838486631711 -0.0058332564146487713 -0.00090571284882215149 -0.032956699039296884 0.00048472008945784858 0.011761246369439362 -0.0022675237609176887 0.026931951612491036 -0.03896733142435551 -0.013114970759006925 -0.0034008106083126262 0.00053134327974029873 0.0079420963732390656 -0.021070448715300834 -0.0070310937654210915 0.0080884102233020321 -0.0027282898512996749 0.003810864347441024 0.0058262148623144886 0.00043429809527627809 -0.0025988162574200036 -0.021057508055120709 -0.0055148113022352382 -0.017392988938922046 0.00011201304377024795 0.0013587506536882471 -0.00070514095042226513 0.0045951927583603187 0.00054744752610752967
leaf_weight=56084 14061 21 304 707 38 1659 152 2137 29 20 145 162 159 281 61 188 84 1380 2613 537 48109 2688 100 864 58 2901 7143 23533 1515 10209
leaf_count=56084 14061 21 304 707 38 1659 152 2137 29 20 145 162 159 281 61 188 84 1380 2613 537 48109 2688 100 864 58 2901 7143 23533 1515 10209
internal_value=-2.42014e-12 -0.000428168 -0.00406065 -0.00349476 -0.00884697 0.000202599 0.00243634 0.000158316 0.000202889 0.000182463 -0.00801399 0.00521573 -0.00597759 0.00379413 0.000205454 -0.00578894 -0.00236184 0.000222785 0.00104404 0.00179091 8.37633e-05 -0.000250897 -0.000118595 -0.00192567 -0.00142523 -0.000231106 4.33313e-05 -0.000213132 0.000670449 0.00107051
internal_weight=177942 57154 1070 1049 342 120788 2348 118440 116303 115831 324 472 304 443 115507 333 272 115174 16674 2196 98500 50391 47703 3923 3823 2959 43780 36637 13104 11724
internal_count=177942 57154 1070 1049 342 120788 2348 118440 116303 115831 324 472 304 443 115507 333 272 115174 16674 2196 98500 50391 47703 3923 3823 2959 43780 36637 13104 11724
is_linear=0
shrinkage=0.05


Tree=114
num_leaves=31
num_cat=0
split_feature=10 4 8 2 11 9 10 6 6 11 10 2 4 3 1 10 0 7 8 6 6 8 10 11 4 2 7 8 6 0
split_gain=5.96489 9.60506 6.96916 6.38889 6.0181 5.94936 11.2476 8.12353 6.85591 5.90437 6.95982 5.90669 5.71975 6.57121 6.21579 16.2131 7.2726 10.361 13.9933 9.1269 7.65985 5.72039 5.69963 5.32497 6.12978 14.0403 5.81319 15.3259 10.0047 6.73121
threshold=-0.21059850000000002 -1.0000000180025095e-35 -0.37254533148162977 0.38882573922778013 0.23900700000000002 1.2392887500000003 0.32282450000000013 1.5336608685699544 0.42103195004701283 0.011487500000000013 0.03184000000000007 0.56367350604630984 -0.39374256542426644 -0.33999687792694344 0.18023353200109074 0.16585850000000005 0.018566673651217339 -1.1848791208842762 -1.6586153544552831 -0.33502165600711481 -1.5130013539670304 -1.3023111960373051 -0.048001999999999996 -0.0085580000000000361 -0.0033551930016312843 0.2253125488357556 -2.127191276474655 -1.9908822965092818 -2.1662581871832658 -0.081373218719656068
decision_type=2 2 2 2 2 2 2 2 2 2 2 2 2 2 2 2 2 2 2 2 2 2 2 2 2 2 2 2 2 2
left_child=1 2 3 -1 5 7 8 12 -7 10 11 -9 13 -2 16 -16 17 19 -19 21 -20 23 -21 24 -14 -26 29 28 -28 -25
right_child=4 -3 -4 -5 -6 6 -8 9 -10 -11 -12 -13 14 -15 15 -17 -18 18 20 22 -22 -23 -24 26 25 -27 27 -29 -30 -31
leaf_value=-0.0044742253133582344 -5.4625579270261153e-05 -0.035670605689908069 0.0068314804602061605 -0.025466586654193893 -0.0046489529321978662 -0.0014390625879287912 0.027166695698785288 -0.010035288408354699 0.0059978374531768179 -0.00094686930030347559 -0.021972937215411784 0.015785094453687115 0.0012773794049754815 0.0012950083338756446 0.00065083185945200212 -0.0065190942205403963 -0.00081173632791374485 -0.0093857119163405812 -0.003800041722943643 0.01548763427206061 0.00014884317475608388 0.0027582261902744138 -0.011062504857428837 0.0021372382120884866 -0.043340991095950208 0.012641034727650031 -0.0057609837618232797 0.00061535307130495523 -0.0010913961941411026 -2.2688826523672737e-06
leaf_weight=513 18901 24 132 39 688 585 48 106 659 236 102 28 10470 17250 32597 808 42370 569 1832 22 3725 2255 249 4210 24 21 2121 5863 2498 28997
leaf_count=513 18901 24 132 39 688 585 48 106 659 236 102 28 10470 17250 32597 808 42370 569 1832 22 3725 2255 249 4210 24 21 2121 5863 2498 28997
internal_value=3.55548e-13 -0.00458025 -0.00348936 -0.00595738 1.82968e-05 3.64851e-05 0.00341697 1.15636e-05 0.00250058 -0.00653911 -0.0121313 -0.00463998 2.92537e-05 0.000589373 -0.000116809 0.000477406 -0.000305449 3.58302e-05 -0.00191768 0.00024678 -0.001153 0.000290719 -0.00890714 0.000188065 0.00119823 -0.017216 -5.50609e-05 -0.00108162 -0.00323563 0.000268979
internal_weight=177942 708 684 552 177234 176546 1292 175254 1244 472 236 134 174782 36151 138631 33405 105226 62856 6126 56730 5557 56459 271 54204 10515 45 43689 10482 4619 33207
internal_count=177942 708 684 552 177234 176546 1292 175254 1244 472 236 134 174782 36151 138631 33405 105226 62856 6126 56730 5557 56459 271 54204 10515 45 43689 10482 4619 33207
is_linear=0
shrinkage=0.05


Tree=115
num_leaves=31
num_cat=0
split_feature=4 2 11 5 11 3 1 10 0 9 4 5 11 12 5 7 8 6 6 10 11 6 8 7 7 8 8 9 10 0
split_gain=5.6193 7.51894 8.75225 9.88165 6.3798 5.68027 6.96299 7.23754 9.67392 6.59309 6.15611 6.05845 5.34135 5.72347 5.40614 5.25932 15.8025 7.47728 6.66431 6.6148 7.96867 5.47587 5.72111 11.4221 8.20689 6.34299 5.83411 5.39385 5.17155 5.11197
threshold=-0.098304652534809231 0.11306649093474798 -0.16932099999999997 -6.8616530440599988 0.11950200000000001 0.0077496821643641143 -0.09789968735160047 0.086586500000000025 -0.011609019153595966 0.14015625000000001 -0.12532558793705498 -0.25793337173723846 0.013187999999999993 -1.9360827353408003 -4.5180120028750066 -1.450593567641089 -1.680672786951982 -1.0142489395638685 -4.5029023206443179 -0.21059850000000002 -0.021774000000000012 -2.0979892094296955 -1.7730457347493047 -2.0688445654205876 -2.690443291572802 -0.045750439440615971 -2.3697637532793241 0.6629670000000002 0.047580000000000004 0.3404830362277172
decision_type=2 2 2 2 2 2 2 2 2 2 2 2 2 2 2 2 2 2 2 2 2 2 2 2 2 2 2 2 2 2
left_child=5 4 3 -3 12 6 7 10 -9 -7 -1 15 -2 14 -14 17 -17 19 -18 20 -11 22 23 27 -24 -26 -25 -21 -13 -4
right_child=1 2 29 -5 -6 9 -8 8 -10 11 -12 28 13 -15 -16 16 18 -19 -20 21 -22 -23 24 26 25 -27 -28 -29 -30 -31
leaf_value=8.7177069776726303e-05 -0.0016677531750484223 -0.045619865078479052 -9.932168662600511e-05 -0.0070874962499459281 -0.011728902701903103 -0.022421553289337506 -0.00050356180521664187 0.003695834038840229 -0.00075975022197386248 -0.029932977004270805 0.019720795592293144 0.0038496269878959149 -0.0011243442181402736 -0.0040377837443423123 0.0022554948294383243 -0.0055132038085852061 -0.022227102811589388 -0.0037299914589105452 0.00026917686960773054 0.00071629143111873964 0.00085858131642453379 0.0021964987083850892 -0.0050992575801022261 -0.0090328203079343191 0.0032954834796593024 -0.023051732650998497 -0.0019933676018620643 0.023962852135300639 0.00028274233945797144 0.0025307875698341326
leaf_weight=21308 13388 20 42716 99 143 31 40080 3560 1852 38 40 2579 2084 702 2737 1319 33 855 13758 13250 47 7637 334 346 3359 23 1971 25 1677 1931
leaf_count=21308 13388 20 42716 99 143 31 40080 3560 1852 38 40 2579 2084 702 2737 1319 33 855 13758 13250 47 7637 334 346 3359 23 1971 25 1677 1931
internal_value=-3.25227e-12 -0.000375732 -2.16623e-05 -0.0135635 -0.00120759 0.000210119 -8.65686e-05 0.000537986 0.00217112 0.00062953 0.000123965 0.000644654 -0.00112803 0.00018027 0.000794473 0.000466524 -0.000284717 0.000873597 0.000215346 0.00101922 -0.0129071 0.00106315 0.000614866 0.000194693 0.00237788 0.0031163 -0.00304458 0.00076007 0.00244416 1.44316e-05
internal_weight=177942 63820 44766 119 19054 114122 66840 26760 5412 47282 21348 47251 18911 5523 4821 42995 15110 27885 13791 27030 85 26945 19308 15592 3716 3382 2317 13275 4256 44647
internal_count=177942 63820 44766 119 19054 114122 66840 26760 5412 47282 21348 47251 18911 5523 4821 42995 15110 27885 13791 27030 85 26945 19308 15592 3716 3382 2317 13275 4256 44647
is_linear=0
shrinkage=0.05


Tree=116
num_leaves=31
num_cat=0
split_feature=8 7 9 6 12 4 3 3 6 2 11 11 0 11 1 0 1 7 10 6 2 7 3 3 8 4 2 5 4 9
split_gain=5.2133 13.9702 6.38467 6.20215 5.98186 9.01183 6.06652 5.89295 5.71452 6.75617 5.70991 5.80261 5.48466 5.23747 5.5226 4.93018 5.1341 5.5739 4.81063 4.84202 6.71655 4.74426 5.39634 5.39836 6.12976 6.78054 5.99649 5.66692 5.54911 5.40276
threshold=-2.8530307730622857 -2.6288185869838259 0.40060825000000005 -4.943957892341138 -2.0787198041150625 -0.059665129470119586 0.47968409833091447 0.4068866712775418 -1.3135689508290949 -0.12505965842794256 0.13871600000000009 -0.031279499999999981 0.0048563342635903348 0.036278000000000039 0.02202539955162686 0.018566673651217339 0.15425184258100402 -4.7159546743213054 -0.060153000000000033 -2.5829113522676366 -0.2881313832967069 -3.6782313798143473 1.3782981000802785 0.86193115681823218 -2.3480757300260007 -0.13579817050104884 0.60119644050004784 -6.5598797082225415 -0.34034423097563588 0.14015625000000001
decision_type=2 2 2 2 2 2 2 2 2 2 2 2 2 2 2 2 2 2 2 2 2 2 2 2 2 2 2 2 2 2
left_child=1 4 3 -3 7 10 12 15 9 18 11 -6 -7 -9 -15 16 -1 -18 -5 -20 -21 22 23 24 29 28 27 -25 -26 -2
right_child=21 2 -4 8 5 6 -8 13 -10 -11 -12 -13 -14 14 -16 -17 17 -19 19 20 -22 -23 -24 26 25 -27 -28 -29 -30 -31
leaf_value=0.00027237042527089697 -0.021871466967942461 -0.020077876414670126 -0.022758082413802977 -0.017650077775444674 -0.013233059095445142 -0.033804330584116103 0.0016358062015989655 0.0025134859094922846 -0.014026800157945055 -0.0040333634964318027 -0.027348628323525193 0.0021114106843249476 -0.012730086143314841 0.0062320367653254079 -0.010556075271790777 -0.0011600991531270587 -0.030112038398246194 -0.0041523394798829499 -0.00022640003783938787 -0.0028092392667184913 0.021830071235811453 0.00016743676359907411 -0.028320965226739648 0.042819626344717115 -0.012527930222589662 -0.0099851922365692073 -0.006496186720431541 0.0051801522169262169 0.0062668101551632098 0.00042183735113389593
leaf_weight=17051 28 58 46 23 72 41 52 2802 122 1779 20 427 125 71 158 12328 22 344 138 42 81 140458 20 20 54 444 27 20 144 925
leaf_count=17051 28 58 46 23 72 41 52 2802 122 1779 20 427 125 71 158 12328 22 344 138 42 81 140458 20 20 54 444 27 20 144 925
internal_value=3.15508e-13 -0.000539252 -0.00431846 -0.0039403 -0.000281125 -0.0047359 -0.0132669 -0.000180955 -0.00351193 -0.00289011 -0.00115256 -0.000102621 -0.0179352 0.0019193 -0.00535103 -0.00039497 0.000146599 -0.00571276 0.00427131 0.00620308 0.0134166 0.000135826 -0.00250389 -0.00219321 -0.00277725 -0.00655376 0.0117104 0.0239999 0.00114097 -0.00023316
internal_weight=177942 35802 2289 2243 33513 737 218 32776 2185 2063 519 499 166 3031 229 29745 17417 366 284 261 123 142140 1682 1662 1595 642 67 40 198 953
internal_count=177942 35802 2289 2243 33513 737 218 32776 2185 2063 519 499 166 3031 229 29745 17417 366 284 261 123 142140 1682 1662 1595 642 67 40 198 953
is_linear=0
shrinkage=0.05


Tree=117
num_leaves=31
num_cat=0
split_feature=10 4 7 11 9 10 6 6 11 10 2 1 0 10 4 7 8 11 4 6 6 0 1 8 7 6 6 8 11 1
split_gain=5.05747 8.52143 6.26248 5.27591 5.14489 10.079 7.44422 6.1254 5.31017 6.25926 5.31794 5.2414 9.50064 8.54586 9.06462 6.55824 16.28 9.68416 9.08739 7.70899 6.58511 6.13238 6.7669 5.93163 10.4038 14.1055 9.4656 7.9961 6.96028 8.3082
threshold=-0.21059850000000002 -1.0000000180025095e-35 0.66024292506549187 0.23900700000000002 1.2392887500000003 0.32282450000000013 1.5336608685699544 0.42103195004701283 0.011487500000000013 0.03184000000000007 0.56367350604630984 0.18023353200109074 0.018566673651217339 0.16585850000000005 -0.42095413165266099 -0.16936222881315599 -0.48631132294880131 0.098041000000000031 -0.59974096739039306 0.25395204702147584 -0.20693699860562828 -0.32408908367627526 -0.060656576674170286 -0.8569616626538813 -1.1848791208842762 -1.851618647391853 -0.33502165600711481 -1.7842758901008327 -0.0085580000000000361 -0.048209293284820647
decision_type=2 2 2 2 2 2 2 2 2 2 2 2 2 2 2 2 2 2 2 2 2 2 2 2 2 2 2 2 2 2
left_child=1 2 -1 4 6 7 11 -6 9 10 -8 12 15 -13 -15 18 20 -18 -2 23 -17 -21 -23 24 26 27 28 -26 29 -20
right_child=3 -3 -4 -5 5 -7 8 -9 -10 -11 -12 13 -14 14 -16 16 17 -19 19 21 -22 22 -24 -25 25 -27 -28 -29 -30 -31
leaf_value=-0.0044595900285325533 0.0023596615931253152 -0.033501595848550399 0.014838503474990529 -0.0043531358155823275 -0.0014138126281551763 0.025659635705718151 -0.0095785105699384455 0.0056157238513246475 -0.0009567132005586401 -0.020896630770271169 0.014921268557996623 0.00067929984104136965 -0.00064728634394342361 0.0059313178105011057 -0.0062345667617482829 -0.010651650696158565 0.00053103555147328404 -0.011045472226861417 0.0026470985936922053 0.0093079432170080547 -0.0019501609152832952 -0.0098386299118643789 0.0017414168933672564 0.0021455206849304936 -0.017468075853159043 -0.00028003437769618002 -0.0081018652930553697 -0.0046041005907987952 8.6794525224526912e-05 0.0001449699097858676
leaf_weight=639 5081 24 45 688 585 48 106 659 236 102 28 36324 52080 188 825 600 3335 191 6503 67 341 452 175 3812 130 4299 333 1707 51566 6773
leaf_count=639 5081 24 45 688 585 48 106 659 236 102 28 36324 52080 188 825 600 3335 191 6503 67 341 452 175 3812 130 4299 333 1707 51566 6773
internal_value=-9.22286e-13 -0.00421749 -0.00318998 1.68477e-05 3.38775e-05 0.00317751 1.07022e-05 0.00231003 -0.0062601 -0.0115635 -0.00445915 2.76365e-05 -0.000115072 0.000552976 -0.00397673 0.000209624 -0.0016554 -9.60526e-05 0.000312607 0.00017542 -0.0074984 -0.00507014 -0.00660656 0.000223879 0.000121156 -0.00184712 0.000306462 -0.00551445 0.000349644 0.00137059
internal_weight=177942 708 684 177234 176546 1292 175254 1244 472 236 134 174782 137445 37337 1013 85365 4467 3526 80898 75817 941 694 627 75123 71311 6136 65175 1837 64842 13276
internal_count=177942 708 684 177234 176546 1292 175254 1244 472 236 134 174782 137445 37337 1013 85365 4467 3526 80898 75817 941 694 627 75123 71311 6136 65175 1837 64842 13276
is_linear=0
shrinkage=0.05


Tree=118
num_leaves=31
num_cat=0
split_feature=5 6 8 7 2 10 0 3 6 8 7 6 7 3 11 8 7 11 0 7 1 8 0 0 0 11 10 2 11 8
split_gain=4.88619 5.13735 6.47222 6.36207 7.2456 4.24468 6.88337 4.49923 5.10533 4.23898 10.4919 10.8728 8.85736 9.95949 10.3407 6.60972 5.4035 5.82789 5.30346 5.53476 9.61624 7.62773 7.24897 7.02278 5.71267 4.89843 6.23635 6.85704 4.82265 4.75932
threshold=-4.4032814884462663 -0.15715105490734421 -0.48631132294880131 -0.12939936451480152 0.30842012291644555 -0.060153000000000033 -0.016486230432416978 0.86193115681823218 -0.66290213303345868 -2.1060815057566704 -2.1391864745239486 -1.2924699055065194 -2.9441541029407925 -0.13295481950920643 -0.029962000000000013 -2.5758941772304738 -1.6859575013289876 0.015119499999999982 0.10238234801540792 -4.7159546743213054 0.37617801936026501 -1.5132672639488332 0.0031674650102562212 0.04727392108876028 0.078995315944867875 0.041914999999999987 0.035727499999999975 0.21029307173513181 -0.018806499999999973 -2.8807947888328029
decision_type=2 2 2 2 2 2 2 2 2 2 2 2 2 2 2 2 2 2 2 2 2 2 2 2 2 2 2 2 2 2
left_child=1 5 3 -3 -5 6 -1 8 -8 10 11 25 13 -11 -15 -12 28 -18 19 21 24 22 -16 -22 -21 26 27 -7 -17 -28
right_child=-2 2 -4 4 -6 9 7 -9 -10 12 15 -13 -14 14 18 16 17 -19 -20 20 23 -23 -24 -25 -26 -27 29 -29 -30 -31
leaf_value=0.0010933200483990461 0.00018023003004009988 -0.0057229477154189237 0.00020142921831923572 -0.010548831649029103 -0.047564528845250614 -0.0012042032211903699 -0.0047188433955574838 0.010016065450412606 -0.029000925831496716 0.0045858686672519879 -0.010264037107547625 -0.015851867276692896 0.00058008876806803016 -0.032323266109941823 0.010303092866458675 0.0063215980601884179 -0.0039826902249723529 -0.016565700894755911 0.019181328311207752 -0.0047581397715620371 -0.036953129250794019 0.010568542402636792 -0.026126942483501305 -0.0021738664557536445 -0.025412220696711708 -0.0031447868581184614 -0.00022271663434092972 0.0013255487734242606 -0.0022818787625197632 0.0017879005419877054
leaf_weight=864 120788 493 518 39 20 13815 1348 51 22 249 318 112 19477 38 22 178 321 129 21 478 47 98 36 21 36 1389 5896 3323 1918 5877
leaf_count=864 120788 493 518 39 20 13815 1348 51 22 249 318 112 19477 38 22 178 321 129 21 478 47 98 36 21 36 1389 5896 3323 1918 5877
internal_value=-4.30508e-12 -0.000380894 -0.00381287 -0.00757991 -0.0230965 -0.000315417 -0.00242607 -0.00456594 -0.00510877 -0.000225772 -0.000574324 -0.000301869 0.000339372 -0.00414289 -0.00686994 -0.00346745 -0.00261855 -0.00758982 -0.00559559 -0.00630063 -0.0085424 0.00206292 -0.0123087 -0.0262125 -0.00620473 -0.00024439 -0.000105044 -0.000713693 -0.00155124 0.00078097
internal_weight=177942 57154 1070 552 59 56084 2285 1421 1370 53799 33276 30412 20523 1046 797 2864 2546 450 759 738 582 156 58 68 514 30300 28911 17138 2096 11773
internal_count=177942 57154 1070 552 59 56084 2285 1421 1370 53799 33276 30412 20523 1046 797 2864 2546 450 759 738 582 156 58 68 514 30300 28911 17138 2096 11773
is_linear=0
shrinkage=0.05


Tree=119
num_leaves=31
num_cat=0
split_feature=2 6 4 6 10 10 11 11 5 11 8 2 3 6 2 10 1 0 7 8 6 5 6 7 0 3 1 11 0 10
split_gain=4.65529 7.57441 7.0037 9.9762 10.4303 7.63417 6.76635 10.84 8.70167 6.50167 6.41612 5.37962 5.95344 6.0187 4.74455 4.74371 4.55934 5.48143 5.86602 16.9958 9.15589 7.29589 6.53965 9.89001 6.1666 6.04946 6.96764 5.77595 6.52652 5.72753
threshold=0.6982302207420692 -4.3730148619561167 -0.092435408751648171 0.93084322875214942 -0.060153000000000033 0.082996 0.015356500000000025 0.0049175000000000199 -6.1221322041403194 0.065730500000000011 -0.089535248493701564 0.23738045097805852 -0.36970085968802269 -4.0634580405542229 0.30842012291644555 0.1033285 -0.021546881769283596 0.10424850671853937 -0.16936222881315599 -0.45807636159734827 0.51988823891391789 -1.3598352377678353 0.17922085934290269 0.80128946296928849 -0.036096461165739384 -0.043679989863676265 -0.21615631223153928 0.03052150000000001 -0.14680749650122707 0.059163500000000015
decision_type=2 2 2 2 2 2 2 2 2 2 2 2 2 2 2 2 2 2 2 2 2 2 2 2 2 2 2 2 2 2
left_child=2 6 11 9 -5 14 7 8 -2 -4 -11 16 13 -13 -6 -8 17 18 20 24 21 29 23 27 25 26 -20 28 -21 -1
right_child=1 -3 3 4 5 -7 15 -9 -10 10 -12 12 -14 -15 -16 -17 -18 -19 19 22 -22 -23 -24 -25 -26 -27 -28 -29 -30 -31
leaf_value=6.7965982130790761e-05 0.006642739004001203 0.0012596580604573781 -0.00039491507052474313 -0.047885084562003612 0.018467354916036131 -0.028469489701092244 -0.0083559601015790741 0.031430061440914869 -0.028148173767840491 -0.0038940976801755674 0.024595954436808828 -0.018514112626305885 0.0015263544395098944 -0.0014273016461747107 -0.0089242655437353057 -0.030760874328691335 -0.00038154837521715449 -0.0011776107084421564 -0.0097681002779618706 -0.0010216038997687476 -0.006900265401003961 0.0020185619410901506 0.002482218607381952 -0.0090432934516972707 0.0041730811270466505 -0.0041809905661375308 -0.026731934955912747 -0.0048297202156893874 0.0063552199627605541 0.0013909373890217233
leaf_weight=31673 41 9553 53547 20 25 32 54 22 32 1659 20 54 10909 1130 43 42 38652 5630 380 819 402 8439 1819 369 109 429 72 463 473 11030
leaf_count=31673 41 9553 53547 20 25 32 54 22 32 1659 20 54 10909 1130 43 42 38652 5630 380 819 402 8439 1819 369 109 429 72 463 473 11030
internal_value=-1.81853e-12 0.00106254 -6.15549e-05 -0.000522272 -0.0149232 -0.00833083 -0.00879637 0.000663917 -0.00860807 -0.000490981 -0.00355473 0.000164395 0.00116087 -0.0022066 0.00114618 -0.0181581 4.47989e-05 0.000310134 0.000458442 -0.00118873 0.000616085 0.000675167 0.000281853 -0.00160255 -0.00704581 -0.00843385 -0.0124703 -3.80826e-05 0.00167904 0.000409684
internal_weight=177942 9744 168198 55346 120 100 191 95 73 55226 1679 112852 12093 1184 68 96 100759 62107 56477 4933 51544 51142 3943 2124 990 881 452 1755 1292 42703
internal_count=177942 9744 168198 55346 120 100 191 95 73 55226 1679 112852 12093 1184 68 96 100759 62107 56477 4933 51544 51142 3943 2124 990 881 452 1755 1292 42703
is_linear=0
shrinkage=0.05


Tree=120
num_leaves=31
num_cat=0
split_feature=1 0 7 12 6 5 0 12 2 8 2 7 8 2 7 0 5 6 0 7 8 7 6 6 7 8 7 6 11 10
split_gain=4.59873 7.18238 6.34171 8.23933 6.77404 7.98908 8.95049 7.53837 5.41475 7.83782 5.23582 5.90629 17.8792 7.42501 7.0868 9.554 7.66939 6.9868 6.69691 6.774 13.0175 13.6456 8.12593 6.65857 9.31293 6.58485 13.4165 9.65012 7.45731 7.58978
threshold=0.2675431956753665 0.055247811292294398 -3.8673651844594188 -2.1323908772859643 -6.5848101596763264 -8.9809461250273088 0.0057308695569792132 -3.8090076955268315 0.44350873460511092 -1.1550379157746662 -0.76180543515133226 -0.20671524466458571 -0.48631132294880131 -0.16370238565968107 0.44872225748981875 -0.10000000000000002 0.99193099663571227 0.51988823891391789 -0.26302858844550325 -1.9843777930387525 -1.5132672639488332 -1.3301176964835302 -1.2528234499225961 -1.8818295667926661 -1.1513896795896317 -2.7462127526717701 -2.6288185869838259 -3.3064464305243946 0.045463499999999983 0.04667549999999996
decision_type=2 2 2 2 2 2 2 2 2 2 2 2 2 2 2 2 2 2 2 2 2 2 2 2 2 2 2 2 2 2
left_child=1 10 3 4 5 -2 -7 -6 9 -9 -1 13 -13 17 -14 16 -16 23 -15 22 21 -21 25 24 -12 26 28 -28 29 -20
right_child=2 -3 -4 -5 7 6 -8 8 -10 -11 11 12 14 18 15 -17 -18 -19 19 20 -22 -23 -24 -25 -26 -27 27 -29 -30 -31
leaf_value=0.0049087043659254261 -0.0093252507187167391 -0.00067390313225888679 0.00073809294617054001 -0.037064182624730858 0.0099484450737568186 0.0001552518279779525 0.046892236878629777 -0.014721535982792839 -0.0037372062928625383 -0.05110135739669204 0.00071322368087959492 -0.0068911586564137182 0.0014927913458439527 0.0047830223899184496 -0.005706509662689983 0.0057637331675307948 0.0034360189383317316 -0.007307480181129102 -0.00027879033924856924 -0.0012623181296239992 0.00041448730932171722 -0.0059501816509313831 -0.0057336809405870576 0.001928488327500269 -0.0036129950249360145 0.00077774269448415627 -0.0094208570261778875 -0.0020389884636172828 -0.0040810147919944136 0.0016768181319504302
leaf_weight=564 36 40222 23321 21 37 21 20 57 56 20 12063 1206 2857 707 1269 295 280 255 21203 9730 10607 1847 577 10933 1387 28482 595 1730 1067 6477
leaf_count=564 36 40222 23321 21 37 21 20 57 56 20 12063 1206 2857 707 1269 295 280 255 21203 9730 10607 1847 577 10933 1387 28482 595 1730 1067 6477
internal_value=2.64192e-12 -9.93681e-05 0.000650208 -0.00699738 -0.00444109 0.00786229 0.0229538 -0.0100138 -0.0155672 -0.0241708 0.000103109 7.92436e-05 -0.00146013 0.000163705 -6.68516e-05 -0.00248328 -0.00405389 0.000925933 -6.24977e-05 -0.000104116 -0.000850878 -0.00201022 0.000171386 0.00101204 0.000267092 0.000228598 -0.000274773 -0.00392811 2.07019e-05 0.000178814
internal_weight=177942 154353 23589 268 247 77 41 170 133 77 114131 113567 5907 107660 4701 1844 1549 24638 83022 82315 22184 11577 60131 24383 13450 59554 31072 2325 28747 27680
internal_count=177942 154353 23589 268 247 77 41 170 133 77 114131 113567 5907 107660 4701 1844 1549 24638 83022 82315 22184 11577 60131 24383 13450 59554 31072 2325 28747 27680
is_linear=0
shrinkage=0.05


Tree=121
num_leaves=31
num_cat=0
split_feature=10 4 8 9 0 11 6 9 8 2 6 6 11 10 3 4 11 0 1 2 0 11 9 10 8 9 6 5 11 7
split_gain=4.37803 7.46595 5.72294 5.17151 6.08363 4.6087 4.48142 4.47875 9.7007 7.95066 7.13715 6.56071 4.76935 5.66518 4.90344 4.57833 5.76708 4.57391 4.68503 7.24086 6.79104 6.42002 12.1838 10.0062 7.62762 6.98919 6.85094 6.71658 5.92026 5.66033
threshold=-0.21059850000000002 -1.0000000180025095e-35 -0.089535248493701564 0.62260650000000017 -0.22617291754459892 0.23900700000000002 -4.456637574313711 1.2392887500000003 -0.93555747114793764 0.059860095904125894 0.42103195004701283 1.5336608685699544 0.011487500000000013 0.03184000000000007 1.0000000180025095e-35 -0.19155941792056094 0.0010624999999999942 0.36400549450549452 -0.062755709156187209 0.13480463364892739 -0.32408908367627526 -0.020965000000000036 0.34075475000000005 0.076876500000000028 -2.8807947888328029 0.19585350000000004 -3.611478553598904 -0.93649505633583907 0.014140499999999988 -1.913313741652017
decision_type=2 2 2 2 2 2 2 2 2 2 2 2 2 2 2 2 2 2 2 2 2 2 2 2 2 2 2 2 2 2
left_child=1 2 3 4 -1 7 -7 11 9 -9 -10 17 13 14 -13 16 -15 18 21 28 -21 22 25 -23 -24 26 -2 -27 -20 -29
right_child=5 -3 -4 -5 -6 6 -8 8 10 -11 -12 12 -14 15 -16 -17 -18 -19 19 20 -22 23 24 -25 -26 27 -28 29 -30 -31
leaf_value=0.025422809682786464 0.0044306794181466101 -0.031334565219003706 0.0082215411293947577 -0.011308717918420893 -0.0029009784874378369 -0.0212420557032197 -0.0031204272864619985 0.046118659428928212 -0.0020410638579460923 0.0064439380541443832 0.0055698483266949346 -0.012756719107336896 -0.00085089180050753211 -0.023841217323206366 0.0064778028180201858 -0.041231624714564534 0.0043745505313078558 0.0017615438411948178 -0.00088830452091905011 0.013868246325752238 0.00019844083620841575 -0.00024784559279049102 -0.017999288532882931 0.0015726586720446621 0.0010446704190345934 0.00469974474146336 0.044054002984194089 0.0073295349772605628 0.00016963220006606863 0.036230946611613038
leaf_weight=20 20 24 98 202 364 36 652 23 568 28 673 74 236 55 60 20 27 3715 42624 91 57227 34483 53 9663 6624 1018 24 36 19172 32
leaf_count=20 20 24 98 202 364 36 652 23 568 28 673 74 236 55 60 20 27 3715 42624 91 57227 34483 53 9663 6624 1018 24 36 19172 32
internal_value=6.6667e-13 -0.00392398 -0.00296221 -0.00483253 -0.00142578 1.56752e-05 -0.00406865 3.15918e-05 0.00296466 0.0243365 0.00208637 9.96878e-06 -0.00587696 -0.010903 -0.00414425 -0.0197822 -0.0145507 2.58665e-05 -1.18266e-05 -0.000184636 0.000220143 0.000384378 0.00170609 0.00015064 0.000893505 0.00650753 0.0260434 0.00571602 -0.000560083 0.0209302
internal_weight=177942 708 684 586 384 177234 688 176546 1292 51 1241 175254 472 236 134 102 82 174782 171067 119114 57318 51953 7807 44146 6677 1130 44 1086 61796 68
internal_count=177942 708 684 586 384 177234 688 176546 1292 51 1241 175254 472 236 134 102 82 174782 171067 119114 57318 51953 7807 44146 6677 1130 44 1086 61796 68
is_linear=0
shrinkage=0.05


Tree=122
num_leaves=31
num_cat=0
split_feature=5 8 9 7 3 3 9 9 8 1 8 3 4 6 1 3 7 0 4 4 11 8 3 10 4 7 5 3 7 11
split_gain=4.2725 5.8067 8.90624 8.86046 7.51963 13.8635 10.999 6.33283 8.31446 6.86644 12.3278 5.53108 5.52327 5.27788 8.54606 8.71243 5.26668 7.12792 5.14782 5.31019 4.7649 4.62403 3.89976 4.68879 7.68107 4.30527 4.7541 3.89862 6.13325 3.88929
threshold=-7.2265905398738992 -3.6644220072593749 0.27045525000000004 -5.161602059988339 0.28322129483419806 0.1678374009996845 0.12638750000000001 0.12638750000000001 -0.77402731153567461 0.094437331057049448 -2.4609346358459976 0.011173612256240252 -0.0092848772317177235 -0.20693699860562828 0.4273797550854263 0.081377254992124906 -4.2938954994622573 -0.0031800716074425468 -0.12365591397849456 -0.026315789473684233 0.0037765000000000164 -1.7505658565072821 0.76686905921693582 -0.056018499999999964 -1.0000000180025095e-35 -0.96987704204000069 -8.4802051997006931 0.70735628578150744 -3.3946616470461719 -0.01626049999999998
decision_type=2 2 2 2 2 2 2 2 2 2 2 2 2 2 2 2 2 2 2 2 2 2 2 2 2 2 2 2 2 2
left_child=13 2 3 4 5 6 -2 8 9 -3 -11 -5 -6 22 21 -16 17 -4 -18 -20 -12 -15 23 24 25 -1 -27 -25 -29 -13
right_child=1 7 16 11 12 -7 -8 -9 -10 10 20 29 -14 14 15 -17 18 -19 19 -21 -22 -23 -24 27 -26 26 -28 28 -30 -31
leaf_value=-0.0023633271390818 -0.011644496531807817 0.011244612708687783 0.025708460900932553 -0.0038172675806301573 0.011052906455407883 0.05018227670527995 0.022684328423097866 0.00014604695420054423 0.017894009830938144 -0.054916701199752949 -0.026434899894802862 -0.0064288360520800411 -0.019304441402275718 -0.025589433951037271 -0.0014623199374629902 -0.039230175426299058 -0.001954126858111957 -0.011520347065137078 -0.028905738237655805 -0.0052731603329234274 -0.0016472021474483165 -0.0011097311772914991 0.002361669421419162 -0.00055778070554448613 -0.03090930062311667 -0.0076655627560389588 -0.035756547981873159 -0.034115948490798478 -0.0047060025667470216 -4.8202662893910029e-05
leaf_weight=637 40 20 20 1681 29 25 56 155799 22 21 33 254 31 21 26 37 46 36 79 34 47 237 1001 13428 27 61 20 20 156 3998
leaf_count=637 40 20 20 1681 29 25 56 155799 22 21 33 254 31 21 26 37 46 36 79 34 47 237 1001 13428 27 61 20 20 156 3998
internal_value=7.30118e-13 7.61377e-05 -0.00140853 -0.0010568 0.00984086 0.0170174 0.00838065 0.000136394 -0.0103808 -0.0155217 -0.020822 -0.00138926 -0.00463172 -0.000788395 -0.00713371 -0.0236434 -0.0114107 0.00177566 -0.0160549 -0.0217951 -0.0118721 -0.00310227 -0.000655702 -0.000866197 -0.00472848 -0.00374397 -0.0146016 -0.000654685 -0.00804804 -0.00042936
internal_weight=177942 162271 6329 6114 181 121 96 155942 143 121 101 5933 60 15671 321 63 215 56 159 113 80 258 15350 14349 745 718 81 13604 176 4252
internal_count=177942 162271 6329 6114 181 121 96 155942 143 121 101 5933 60 15671 321 63 215 56 159 113 80 258 15350 14349 745 718 81 13604 176 4252
is_linear=0
shrinkage=0.05


Tree=123
num_leaves=31
num_cat=0
split_feature=10 11 0 9 6 1 7 7 8 4 3 8 10 11 8 9 10 9 4 9 10 7 8 9 6 6 6 8 7 9
split_gain=4.20687 6.44785 13.8089 12.3809 8.13824 4.61178 4.94983 7.81543 7.71308 4.51988 6.0037 5.13359 5.08667 4.95477 6.10884 11.3547 7.27837 7.9006 8.86335 6.6954 9.00377 5.33997 14.5715 8.30564 7.82089 7.39952 6.52041 5.64846 11.1458 10.0311
threshold=0.32282450000000013 0.033204499999999977 0.11259366580601705 1.2392887500000003 -4.3332931082008548 0.49769428132711285 -2.1391864745239486 -5.161602059988339 -0.51388435947538114 -0.23342018452266908 -0.14642172662337896 0.64417623718873818 0.039393500000000033 -0.0033520000000000073 -3.6295390128577814 0.27525025000000009 -0.21059850000000002 0.33012300000000006 -0.020104452855322138 0.12638750000000001 0.02704549999999999 -1.7752987227166954 -1.8175956411894874 0.16528150000000003 -2.2068541372386505 -0.75400570621551355 -0.88972795725362552 -2.2619594557174731 -3.016698049570858 0.38955300000000009
decision_type=2 2 2 2 2 2 2 2 2 2 2 2 2 2 2 2 2 2 2 2 2 2 2 2 2 2 2 2 2 2
left_child=5 2 3 -2 -3 9 7 -7 -9 10 11 -1 -13 14 15 -11 17 -16 -19 20 -18 26 23 -23 -25 -26 27 29 -29 -15
right_child=1 4 -4 -5 -6 6 -8 8 -10 13 -12 12 -14 21 16 -17 19 18 -20 -21 -22 22 -24 24 25 -27 -28 28 -30 -31
leaf_value=-0.00020227733650061663 0.0050360473348283682 -0.030645552288521741 -0.020190617558546366 0.04615018439501347 -0.0052780171512281388 0.019112120398009816 0.0015013715885031169 -0.0024352932298347591 -0.01969055832412682 -0.0015675078195505126 0.00085188124930337934 -0.0011650440231197757 0.0066424304275525693 -0.00035315538962835352 0.0089312645016304624 -0.019513283086119479 -0.038071714595963174 -0.010178744960576296 -0.045762343438608306 0.00062825053047726835 0.0043975561469172444 0.024714960113167764 -0.00043181268729689659 -0.0070449624488982277 -0.00076254595709592367 -0.0075645822422885497 -0.0082669722673017528 -0.0037907307459933075 0.00099711731655950588 -0.0043645325812617644
leaf_weight=38296 143 34 48 21 451 36 7661 438 76 1688 27167 338 545 41691 42 93 26 105 21 25400 24 25 12080 1463 1719 521 252 1326 14593 1619
leaf_count=38296 143 34 48 21 451 36 7661 438 76 1688 27167 338 545 41691 42 93 26 105 21 25400 24 25 12080 1463 1719 521 252 1326 14593 1619
internal_value=3.31863e-13 -0.00387687 0.00339698 0.0103007 -0.00705636 1.52454e-05 0.00117244 -0.00340928 -0.00498666 -4.09665e-05 0.000280695 -0.00011537 0.00365384 -0.00024879 0.000326942 -0.0025046 0.000523795 -0.00984919 -0.0161093 0.000592269 -0.0176865 -0.000458309 -0.00127512 -0.00400774 -0.00420166 -0.00234463 -0.000241227 -0.00020708 0.000598305 -0.000503107
internal_weight=177942 697 212 164 485 177245 8211 550 514 169034 66346 39179 883 102688 27399 1781 25618 168 126 25450 50 75289 15808 3728 3703 2240 59481 59229 15919 43310
internal_count=177942 697 212 164 485 177245 8211 550 514 169034 66346 39179 883 102688 27399 1781 25618 168 126 25450 50 75289 15808 3728 3703 2240 59481 59229 15919 43310
is_linear=0
shrinkage=0.05


Tree=124
num_leaves=31
num_cat=0
split_feature=1 0 6 11 11 7 5 3 7 2 8 5 10 4 8 7 9 6 9 10 12 7 0 2 9 2 4 8 7 4
split_gain=3.82451 6.42171 5.7279 13.4834 14.1774 12.1059 26.5801 8.78076 6.87119 6.37788 15.1735 5.00721 7.76909 6.06227 5.43003 4.84787 6.83929 5.81872 7.67727 7.5433 5.34698 10.5773 7.48774 5.9512 5.57675 5.86435 5.3665 9.47806 5.33786 5.70078
threshold=0.2675431956753665 0.055247811292294398 -4.3730148619561167 0.0040960000000000033 0.019058499999999982 -0.90977502429082058 -6.1221322041403194 -0.0040207250922096862 -3.9446091290003933 0.6982302207420692 -0.13062607089254488 -6.427667595151382 0.069350499999999995 -0.19845161032526168 -1.5132672639488332 -2.9170204736722574 0.26411575000000004 -5.6288607342000709 0.12638750000000001 0.1033285 -0.6587373535010842 -0.2824885417915563 0.12435782964012067 -0.65928971776349676 0.82115925000000012 -0.59947742803115622 -0.12871127435324173 -1.3153031333922758 -3.7647161325477434 -0.006276707981410278
decision_type=2 2 2 2 2 2 2 2 2 2 2 2 2 2 2 2 2 2 2 2 2 2 2 2 2 2 2 2 2 2
left_child=1 -1 3 5 -5 7 -7 -2 -4 10 11 12 -6 -13 -14 16 -3 19 -19 -17 -20 22 23 -22 25 -24 27 -25 29 -18
right_child=2 15 8 4 9 6 -8 -9 -10 -11 -12 13 14 -15 -16 17 28 18 20 -21 21 -23 24 26 -26 -27 -28 -29 -30 -31
leaf_value=0.00010083713404185648 0.012400368848169337 -0.00071060628912019634 -0.019963658974447754 0.011971589166059858 -0.029283709788631481 0.0008711779897566885 -0.064091347446364744 -0.011064005923396517 0.00077772611380344016 -0.019219189586874564 0.039142911730422864 -0.021810445612804458 -0.019185950261695933 0.0074064948474583427 0.012275918612795068 -0.0049078921961194996 -0.0075086815807204089 -0.029867728156122292 -9.2915610006001224e-05 -0.033442817668297459 0.02503359709358351 5.9981307483511147e-05 -0.026021875195475597 -0.03038142004671196 -0.012453639657778926 -0.0037022587368962089 0.014524237812556169 -0.0012816330537204453 -0.0035530613075850648 -0.033616447870930037
leaf_weight=114131 49 4465 40 200 44 32 31 214 22724 64 21 22 24 92 32 134 69 22 29442 28 22 2298 31 30 395 581 47 416 2212 30
leaf_count=114131 49 4465 40 200 44 32 31 214 22724 64 21 22 24 92 32 134 69 22 29442 28 22 2298 31 30 395 581 47 416 2212 30
internal_value=-1.56415e-12 -9.06183e-05 0.000592955 -0.00349975 0.00166682 -0.0114081 -0.0310945 -0.00669232 0.00074128 -0.00522601 -0.0014151 -0.00539509 -0.0135612 0.00176814 -0.00120774 -0.000633878 -0.00185343 -0.000386804 -0.000340794 -0.00983985 -0.000321264 -0.00208122 -0.00531413 -0.000410143 -0.00782212 -0.00483283 -0.00154556 -0.00323902 -0.00406143 -0.0154201
internal_weight=177942 154353 23589 825 499 326 63 263 22764 299 235 214 100 114 56 40222 6776 33446 33284 162 33262 3820 1522 515 1007 612 493 446 2311 99
internal_count=177942 154353 23589 825 499 326 63 263 22764 299 235 214 100 114 56 40222 6776 33446 33284 162 33262 3820 1522 515 1007 612 493 446 2311 99
is_linear=0
shrinkage=0.05


Tree=125
num_leaves=31
num_cat=0
split_feature=8 9 7 1 4 1 6 5 2 11 6 10 9 0 5 8 8 4 8 3 1 8 6 8 10 10 2 2 9 9
split_gain=3.80853 7.66536 4.85053 4.64621 4.28934 5.07148 4.85512 4.07543 5.33005 3.77062 6.25444 4.70039 5.31249 7.13874 6.55171 6.41666 4.30124 4.05522 4.04051 4.00822 3.90151 4.44802 3.86586 10.9222 6.93301 6.67069 5.6705 5.56748 7.49468 7.30248
threshold=-4.1118639393378862 0.20056225000000003 -4.0345973674178817 -0.010858489375422496 -0.0043665143138373321 0.031804556411611958 -5.265264817263815 -17.265404112630751 0.087249232540967739 0.11950200000000001 -5.6288607342000709 0.32282450000000013 0.59317150000000007 -0.036096461165739384 -3.4324976795064797 -1.5747312386578123 -0.045750439440615971 -0.79461732040710198 1.0241060565142306 0.1644549156766332 0.83244862779434714 -0.27656457206873453 0.93084322875214942 -0.27656457206873453 0.25252300000000005 -0.13303649999999997 1.5576432820319142 0.60119644050004784 0.25932775000000002 0.46804325000000008
decision_type=2 2 2 2 2 2 2 2 2 2 2 2 2 2 2 2 2 2 2 2 2 2 2 2 2 2 2 2 2 2
left_child=1 7 3 -3 5 6 -5 8 -1 17 19 18 14 16 -13 -15 -14 -2 20 -11 -12 -22 -19 25 26 -24 -25 28 -27 -29
right_child=9 2 -4 4 -6 -7 -8 -9 -10 10 11 12 13 15 -16 -17 -18 22 -20 -21 21 -23 23 24 -26 27 -28 29 -30 -31
leaf_value=-0.00099797201141513681 0.0020536622194290977 0.0056872431433491293 -0.022147483524355679 -0.040804406514184349 0.0036917095183012769 -0.0035846227562825123 -0.01362825047856729 -0.00047955208506992051 -0.030215455793465181 -0.03545987260612575 -0.00088726655763397735 -0.035463223854700729 -0.025695498323345441 0.025512290835380553 -0.0046197311946242631 -0.0017976371962433475 -0.0043044177706333554 4.7964937073273683e-05 -0.014911705676029076 -0.0061972530707716939 -0.0033531454562836767 0.016121683196381551 -0.034781721242420051 -0.00042234787055220189 -0.026084750099107625 0.023326320539821279 0.010258498609644073 -0.043435414864317234 -0.0066567200540730764 -0.008669594351456247
leaf_weight=37 2500 59 62 27 39 52 42 1761 27 22 2190 33 47 25 36 154 47 169040 49 25 49 73 23 869 24 22 145 23 396 44
leaf_count=37 2500 59 62 27 39 52 42 1761 27 22 2190 33 47 25 36 154 47 169040 49 25 49 73 23 869 24 22 145 23 396 44
internal_value=3.44243e-13 -0.00211366 -0.00980116 -0.00630585 -0.0107283 -0.0153761 -0.0242624 -0.000929991 -0.0133241 2.53154e-05 -0.00181159 -0.00149716 -0.0069755 -0.00384258 -0.019371 0.0020166 -0.015 5.45003e-05 -0.000703604 -0.0198946 -0.000402481 0.00829983 2.52018e-05 -0.00246372 0.000476328 -0.00847114 0.00110499 -0.00722342 -0.00507867 -0.0206041
internal_weight=177942 2106 281 219 160 121 69 1825 64 175836 2750 2703 342 273 69 179 94 173086 2361 47 2312 122 170586 1546 1038 508 1014 485 418 67
internal_count=177942 2106 281 219 160 121 69 1825 64 175836 2750 2703 342 273 69 179 94 173086 2361 47 2312 122 170586 1546 1038 508 1014 485 418 67
is_linear=0
shrinkage=0.05


Tree=126
num_leaves=31
num_cat=0
split_feature=4 10 9 6 3 4 6 3 0 9 7 2 8 3 3 11 1 7 7 9 7 8 9 11 8 10 1 7 11 2
split_gain=3.69377 6.0844 6.88424 6.92146 5.9789 7.79923 6.54066 5.21685 6.33474 5.25361 4.62763 13.9909 6.39064 5.94275 4.60685 6.44324 7.37116 8.10252 7.52931 5.02616 5.01706 6.4836 4.95785 4.50829 5.05349 4.67127 4.96068 6.33966 4.95966 7.26175
threshold=-0.31421014592579727 -0.11632450000000001 0.25108550000000007 -1.1485089413943057 0.14179977844482564 -0.006276707981410278 -0.37375792633724131 0.018170504326250007 0.55990869431835333 0.62260650000000017 -5.161602059988339 0.11831963171066286 -3.8907777091061058 -0.036270032393960643 -0.15563039906458212 -0.039686999999999938 -0.21057416437453777 -3.1258083366463616 0.66024292506549187 0.31804525000000006 -2.3579854732097072 -1.1395262214460509 0.22196550000000004 0.11950200000000001 -0.34322024116280719 0.032223499999999995 1.119295517876232 0.98584515841031373 -0.0099159999999999787 -0.084963775821246798
decision_type=2 2 2 2 2 2 2 2 2 2 2 2 2 2 2 2 2 2 2 2 2 2 2 2 2 2 2 2 2 2
left_child=14 2 3 -2 5 6 -4 10 -9 -10 11 13 -12 -3 -1 19 17 -17 -19 -16 -21 -22 -18 25 -25 26 27 -14 29 -27
right_child=1 7 4 -5 -6 -7 -8 8 9 -11 12 -13 23 -15 15 16 22 18 -20 20 21 -23 -24 24 -26 28 -28 -29 -30 -31
leaf_value=2.4624348555538903e-05 0.0016768307157521403 0.049853873599786318 -0.0097900607733196286 -0.027483423320310459 -0.0020063038344714872 -0.037493673018373856 0.014728959842488685 6.5602668667295714e-05 -0.0070315949179764305 0.0077272004621162281 -0.0046456372963271531 -0.015008452727363029 -0.0011035892701782815 0.012950215868962309 0.020297945375837709 -0.010129326832756511 0.026711386600509285 0.00032413696301181573 -0.0060428852748725245 -0.010650226922395329 0.0090663992301756226 0.0019745499299601795 0.0017831824959527556 -0.0037777077052921341 -0.021275731921691368 0.0076511307053188137 0.01200777807389386 -0.024502568434801451 -0.00018593342290224447 0.00054232060390145673
leaf_weight=34384 657 20 438 21 521 24 29 89282 70 435 972 29 16008 24 46 206 20 7271 496 60 459 1082 7360 338 47 509 72 29 15812 1221
leaf_count=34384 657 20 438 21 521 24 29 89282 70 435 972 29 16008 24 46 206 20 7271 496 60 459 1082 7360 338 47 509 72 29 15812 1221
internal_value=2.40447e-12 -0.000145156 -0.00312516 0.000773637 -0.00573719 -0.00969604 -0.00826747 -0.000104824 9.71884e-05 0.00568143 -0.000621858 0.0119539 -0.000648081 0.0297246 0.000357517 0.00103082 0.000712 -0.000342043 -8.24606e-05 0.00400281 0.00353462 0.00408692 0.00185074 -0.000533919 -0.00591383 -0.000472368 -0.00108711 -0.0011459 9.21571e-05 0.00263387
internal_weight=177942 126558 1690 678 1012 491 467 124868 89787 505 35081 73 35008 44 51384 17000 15353 7973 7767 1647 1601 1541 7380 34036 385 33651 16109 16037 17542 1730
internal_count=177942 126558 1690 678 1012 491 467 124868 89787 505 35081 73 35008 44 51384 17000 15353 7973 7767 1647 1601 1541 7380 34036 385 33651 16109 16037 17542 1730
is_linear=0
shrinkage=0.05


Tree=127
num_leaves=31
num_cat=0
split_feature=5 6 1 3 8 9 7 10 2 2 9 9 8 3 4 7 8 4 2 3 10 1 5 8 4 8 11 9 11 11
split_gain=3.62066 4.71587 7.53045 7.79623 4.55282 7.25266 7.92968 8.25673 7.84828 6.98523 5.93274 5.19833 7.24337 6.47976 5.13492 4.97461 5.81466 5.74187 7.20156 4.83533 4.81169 4.66406 4.52482 4.32481 4.24214 4.14228 3.71445 3.6543 4.6791 3.60567
threshold=-7.2265905398738992 -0.20693699860562828 0.4273797550854263 0.081377254992124906 -3.6644220072593749 0.25271975000000008 -5.161602059988339 -0.0051924999999999879 0.2824871774844438 0.13759739978331523 0.14015625000000001 0.12638750000000001 -0.77402731153567461 0.48845519167301349 -0.033905161871397076 -4.2938954994622573 -4.4623855739459852 -0.1107142857142857 0.18625881097321387 0.26451327054182688 0.030172499999999994 0.35483870967741943 -5.0646073440954593 -2.380750337091015 -0.008279258309636826 -1.7505658565072821 0.0034289999999999742 0.12638750000000001 0.014140499999999988 -0.01626049999999998
decision_type=2 2 2 2 2 2 2 2 2 2 2 2 2 2 2 2 2 2 2 2 2 2 2 2 2 2 2 2 2 2
left_child=1 -1 25 -4 5 6 7 10 9 14 -2 12 13 21 -9 16 -7 20 26 27 -17 22 23 -6 -21 -3 -19 28 -8 -29
right_child=4 2 3 -5 11 15 19 8 -10 -11 -12 -13 -14 -15 -16 17 -18 18 -20 24 -22 -23 -24 -25 -26 -27 -28 29 -30 -31
leaf_value=-0.00060033641548332248 -0.024822236189618707 -0.024222974887206442 -0.0012389910407364368 -0.036965870663422988 -0.048281084269285207 -0.015619713646070711 0.0009305785224440257 0.034957352809607982 -0.008060084842145444 0.049205348747782408 0.0099810341722331945 0.00013219044062324779 0.01698558640412309 0.011045552998603811 0.0076279295396737071 -0.015745083591900768 0.012323351245140658 -0.032123010166747089 0.0011820003572033675 0.0049812355573026776 0.0093916172082436841 0.0020904982183128596 -0.0072675486952066427 -0.020122928780231936 -0.0036954099224506842 -0.0010535295963786417 -0.015147083451394256 -0.0073302994389562136 0.020121033848604052 -0.0016198642241469895
leaf_weight=15350 25 21 26 37 25 29 141 25 26 20 24 155799 22 21 55 32 52 59 41 529 47 20 25 30 192 237 71 294 41 4626
leaf_count=15350 25 21 26 37 25 29 141 25 26 20 24 155799 22 21 55 32 52 59 41 529 47 20 25 30 192 237 71 294 41 4626
internal_value=1.42359e-12 -0.000725766 -0.00672374 -0.0222214 7.00894e-05 -0.00124454 -0.000846927 0.00964002 0.0164128 0.0227758 -0.00777574 0.000123445 -0.00940527 -0.0142036 0.0161684 -0.00844965 0.00231904 -0.0119387 -0.0170891 -0.00116209 -0.000790338 -0.0195059 -0.024905 -0.0329221 0.00267067 -0.00293941 -0.0228515 -0.00170373 0.0052537 -0.0019611
internal_weight=177942 15671 321 63 162271 6329 5998 175 126 100 49 155942 143 121 80 331 81 250 171 5823 79 100 80 55 721 258 130 5102 182 4920
internal_count=177942 15671 321 63 162271 6329 5998 175 126 100 49 155942 143 121 80 331 81 250 171 5823 79 100 80 55 721 258 130 5102 182 4920
is_linear=0
shrinkage=0.05


Tree=128
num_leaves=31
num_cat=0
split_feature=2 10 7 6 6 1 0 12 7 2 9 11 0 6 7 1 9 6 1 7 8 5 10 7 9 9 8 7 6 0
split_gain=3.51125 3.85951 5.46005 5.91642 4.07162 4.00226 5.75322 5.59833 9.19663 7.29549 6.89391 5.86445 6.72104 8.10908 7.34972 11.6514 7.44976 6.8491 5.33057 13.3997 6.01299 5.94458 5.06391 5.22935 5.27549 5.13182 4.98475 4.7498 5.96979 6.83776
threshold=-0.76180543515133226 -0.21059850000000002 0.66024292506549187 0.93084322875214942 1.5336608685699544 0.2675431956753665 0.055247811292294398 -2.3761201717990423 -3.8315960619908629 0.94630251056425563 0.24128425000000003 0.075602500000000031 0.42956891317547058 -4.2935334552758766 -0.98929391222573038 0.47719332275726073 0.17606625000000001 -5.1408218052258094 0.49769428132711285 -4.7159546743213054 -1.1860369459917366 -5.4884008251138487 0.07330550000000001 -4.2938954994622573 0.16082575000000002 0.18537600000000001 -1.680672786951982 0.66024292506549187 0.51988823891391789 -0.35143030079738929
decision_type=2 2 2 2 2 2 2 2 2 2 2 2 2 2 2 2 2 2 2 2 2 2 2 2 2 2 2 2 2 2
left_child=-1 2 3 -2 5 6 27 9 -9 11 -11 12 14 -14 18 16 17 -16 20 -20 22 -21 23 26 -25 -26 -7 -3 29 -29
right_child=1 4 -4 -5 -6 7 -8 8 -10 10 -12 -13 13 -15 15 -17 -18 -19 19 21 -22 -23 -24 24 25 -27 -28 28 -30 -31
leaf_value=0.0035342417034678096 -0.0040113023192231518 0.00013442957873192261 0.01353830710640766 -0.031630303561687466 -0.0041111417410138532 -0.034513523502518302 -0.00059435312273111004 -0.024029280648038193 0.0009203969110828966 -0.0061409220700928326 -0.042188773073610811 -0.014941734051037776 0.034389018627076315 -0.0069956952705979352 -0.0064117165326717353 -0.034268038032487749 -0.013767712154640323 0.034472353234887121 0.041563275563888828 -0.023179153287783267 -0.014151596374133425 0.0075438581919926853 0.0069820049250242534 -0.023261296917469459 0.024000056034752304 -0.00090284809404436782 -0.00038268629927188161 -0.011004301201234473 0.0020923462864627217 -0.00064115393524660238
leaf_weight=700 636 111776 43 20 600 23 39906 37 21039 36 21 76 29 20 21 42 64 20 26 20 84 74 202 26 21 1391 20 343 329 297
leaf_count=700 636 111776 43 20 600 23 39906 37 21039 36 21 76 29 20 21 42 64 20 26 20 84 74 202 26 21 1391 20 343 329 297
internal_value=4.3028e-12 -1.39581e-05 -0.00372196 -0.00485335 7.23216e-07 1.47455e-05 -7.84061e-05 0.000625242 0.000876596 -0.00176535 -0.0194217 -0.0012992 -0.000801442 0.0174973 -0.00124227 -0.0120108 -0.00310793 0.0135317 -0.000403381 0.00979423 -0.00109592 0.00100705 -0.000444298 -0.0014572 -0.000943431 -0.000532479 -0.0186387 0.000104213 -0.00338134 -0.00619515
internal_weight=177942 177242 699 656 176543 175943 152651 23292 21076 2216 57 2159 2083 49 2034 147 105 41 1887 120 1767 94 1683 1481 1438 1412 43 112745 969 640
internal_count=177942 177242 699 656 176543 175943 152651 23292 21076 2216 57 2159 2083 49 2034 147 105 41 1887 120 1767 94 1683 1481 1438 1412 43 112745 969 640
is_linear=0
shrinkage=0.05


Tree=129
num_leaves=31
num_cat=0
split_feature=4 2 6 9 6 6 11 8 6 6 11 5 10 9 0 9 2 7 11 10 12 2 10 7 4 11 9 5 8 12
split_gain=3.4113 5.45859 9.30833 7.45382 12.4731 8.43924 12.5053 8.68113 7.62181 6.50151 14.9967 10.9387 7.66459 7.22704 6.4386 9.64066 6.02332 5.98901 5.43756 6.86039 6.52535 5.09052 7.30344 5.40566 5.37301 5.29482 7.33674 8.96775 6.56041 7.29163
threshold=-0.092435408751648171 0.8396586489989919 -6.5848101596763264 0.39674825000000008 -5.9507593418597535 1.1472761162263767 0.00089499999999999313 -2.0110467792570779 -0.8114184081785224 -0.78284911934494483 0.046772000000000015 -4.2676410001345628 -0.060153000000000033 0.17955650000000004 0.42956891317547058 0.26883725000000003 -0.023176830666007339 -3.3539755406157594 0.02613100000000006 0.13288350000000004 -1.4773155069521782 0.13480463364892739 0.031161500000000012 -4.1461565428922258 -0.13930422781240595 0.027077999999999994 0.55057825000000005 -0.31720809996274252 -2.5059865761843834 -2.612459615063115
decision_type=2 2 2 2 2 2 2 2 2 2 2 2 2 2 2 2 2 2 2 2 2 2 2 2 2 2 2 2 2 2
left_child=21 3 -3 9 -5 7 -7 8 16 14 12 -12 -11 -14 -2 -16 -6 -9 19 20 -18 25 -23 24 -24 -1 27 28 29 -27
right_child=1 2 -4 4 5 6 -8 17 -10 10 11 -13 13 -15 15 -17 18 -19 -20 -21 -22 22 23 -25 -26 26 -28 -29 -30 -31
leaf_value=-0.00019615585540674549 -9.2912583181025898e-05 -0.026762852355323993 0.0016657212736576677 -0.031823073804159378 0.019883885284742484 -0.048130329481015609 -0.0024771657591918482 -0.025185367926955221 -0.028253777158644161 -0.03112000790829568 -0.058414414879821602 -0.01251736579271143 0.020010760545523632 -0.0031007346019734025 0.038774442572433218 -0.0067742572875604742 -0.0021016832750232763 -0.0006795024585734326 -0.0095527407338338866 0.016490692892693917 -0.011372750115270417 0.0017629315819140973 -1.1301599442958832e-06 8.1446771910959542e-05 -0.036651526559144262 0.001882645041077536 -0.00041514112615236492 0.0076445321553496627 0.0020291978985829571 -0.0036826200881374289
leaf_weight=74596 45132 29 4053 34 26 24 40 25 33 23 21 34 36 560 26 21 1213 9150 396 44 225 10905 20 13613 20 1132 7526 587 7172 1226
leaf_count=74596 45132 29 4053 34 26 24 40 25 33 23 21 34 36 560 26 21 1213 9150 396 44 225 10905 20 13613 20 1132 7526 587 7172 1226
internal_value=-5.50518e-13 -0.00030257 0.00146375 -0.000428924 -0.00158467 -0.00149268 -0.0195971 -0.00138841 -0.00442999 -0.000146371 -0.00502089 -0.0300417 -0.00279771 -0.00170474 -7.36505e-05 0.0184229 -0.00401708 -0.000746276 -0.00434798 -0.00295723 -0.0035523 0.0001584 0.000798129 2.75164e-05 -0.0183263 -1.19232e-05 0.000767027 0.00164644 0.00127699 -0.00101092
internal_weight=177942 61145 4082 57063 11210 11176 64 11112 1937 45853 674 55 619 596 45179 47 1904 9175 1878 1482 1438 116797 24558 13653 40 92239 17643 10117 9530 2358
internal_count=177942 61145 4082 57063 11210 11176 64 11112 1937 45853 674 55 619 596 45179 47 1904 9175 1878 1482 1438 116797 24558 13653 40 92239 17643 10117 9530 2358
is_linear=0
shrinkage=0.05


Tree=130
num_leaves=31
num_cat=0
split_feature=4 2 12 8 12 8 0 12 3 10 10 4 11 5 0 9 1 8 7 7 5 7 11 8 9 11 7 5 9 8
split_gain=3.35218 5.03307 8.77481 15.5223 7.2866 6.73604 5.77012 5.88215 5.07784 5.37715 4.85343 4.41482 8.11515 7.37374 4.47192 4.56392 4.45609 7.17019 6.94191 4.38347 4.30751 4.57726 4.24901 11.3139 8.40656 7.94197 17.6723 11.2061 8.52054 6.94117
threshold=-0.36794426971656785 0.13480463364892739 -0.98399710774265359 0.046956488677263104 0.64357157203265014 -2.6716379513877362 0.72245182591865209 0.25284675567315007 -0.1201667546495133 0.10733149999999998 0.053213000000000031 -0.079757429705244284 -0.12171299999999995 -7.2265905398738992 -0.039643608366075327 0.95052725000000005 0.20753068151341639 -0.8767728953533882 -1.4365433095739426 -4.5131633345778273 -2.9019011085530386 -0.71216717757926318 -0.011463499999999986 -3.6295390128577814 0.27839100000000006 0.011687999999999964 -5.161602059988339 -7.0422421999785234 0.12638750000000001 -4.1118639393378862
decision_type=2 2 2 2 2 2 2 2 2 2 2 2 2 2 2 2 2 2 2 2 2 2 2 2 2 2 2 2 2 2
left_child=19 2 3 22 5 -4 10 -8 -7 20 11 -3 13 -13 -14 -16 -15 18 -18 -1 21 -10 23 24 -2 26 27 29 -29 -24
right_child=1 6 4 -5 -6 8 7 -9 9 -11 -12 12 14 16 15 -17 17 -19 -20 -21 -22 -23 25 -25 -26 -27 -28 28 -30 -31
leaf_value=-0.014870997938386938 -0.0041637804396158001 0.0011529801632405631 -0.025800768029876055 -0.036844578263317718 0.024679387285141276 -0.006142895682171242 0.0027138441549476211 0.016693348792847246 0.0052264663205423868 -0.0060979677495405652 -0.0005143019737839789 -0.035002598207857873 -0.0034792363551814972 0.0064419953672525789 0.0003140977029241335 -0.0092248364773926343 -0.0099938433641861939 0.0083647569520743908 -0.045814530229905531 0.00040723198098233148 -0.0021830101741555029 -0.0031621130400832894 0.020730196203415596 0.0010398505727323988 -0.025718081653194159 0.00028043321732134106 -0.00094747301906300356 -0.015908557842843809 0.022115023094503319 0.060613590627908713
leaf_weight=47 589 15173 32 29 24 848 304 100 500 559 17796 27 821 45 26093 126 38 27 21 41999 1459 241 24 10425 49 24205 36261 26 34 20
leaf_count=47 589 15173 32 29 24 848 304 100 500 559 17796 27 821 45 26093 126 38 27 21 41999 1459 241 24 10425 49 24205 36261 26 34 20
internal_value=1.17677e-12 -0.000120713 -0.000393577 -0.000271567 -0.00278054 -0.00296164 0.000218615 0.00617412 -0.00275902 -0.00171896 0.000178626 0.000469659 8.84538e-05 -0.0112101 0.000154474 0.000268257 -0.00630636 -0.012977 -0.0227436 0.000390154 -0.000606295 0.0024982 -0.000256761 0.000644291 -0.0058192 -0.000421336 -0.000888443 0.0196931 0.00563814 0.038859
internal_weight=177942 135896 75325 71662 3663 3639 60571 404 3607 2759 60167 42371 27198 158 27040 26219 131 86 59 42046 2200 741 71633 11063 638 60570 36365 104 60 44
internal_count=177942 135896 75325 71662 3663 3639 60571 404 3607 2759 60167 42371 27198 158 27040 26219 131 86 59 42046 2200 741 71633 11063 638 60570 36365 104 60 44
is_linear=0
shrinkage=0.05


Tree=131
num_leaves=31
num_cat=0
split_feature=5 7 6 10 10 8 9 6 0 1 0 0 8 6 10 7 5 1 5 5 11 10 8 2 4 11 8 5 11 11
split_gain=3.22893 5.04073 4.41238 4.20436 4.15371 4.21082 5.25324 6.50129 4.96657 4.61539 4.21965 4.14621 8.57806 6.73658 5.44959 5.27671 9.75965 5.14166 4.57358 4.31361 4.1458 4.71645 4.48554 4.79182 4.27672 4.13034 5.75538 4.31795 3.85888 7.19607
threshold=0.54371673742843962 -1.7629918619836513 1.5336608685699544 0.20122450000000003 -0.21059850000000002 -0.37254533148162977 0.62260650000000017 -0.056510251543739627 0.012987012987012993 0.026906174330801672 0.052920518195028195 -0.12819629256569295 -1.4248759750360649 -0.10932948288293921 -0.023940999999999959 -1.026420249138345 0.99193099663571227 -0.032786885245901613 1.1988199970097682 1.1988199970097682 0.098041000000000031 0.25252300000000005 -0.81573709035785757 -0.15534687779369802 -0.88869028364568248 0.011293500000000014 -0.17084875743101505 -4.6057760182674112 0.011687999999999964 -0.0017044999999999975
decision_type=2 2 2 2 2 2 2 2 2 2 2 2 2 2 2 2 2 2 2 2 2 2 2 2 2 2 2 2 2 2
left_child=2 -2 4 25 5 6 8 -8 -1 10 -10 12 14 17 -3 16 -13 -14 -16 -15 28 22 23 -22 -24 26 -4 -27 29 -6
right_child=1 11 3 -5 20 -7 7 -9 9 -11 -12 15 13 19 18 -17 -18 -19 -20 -21 21 -23 24 -25 -26 27 -28 -29 -30 -31
leaf_value=0.0020704492588426537 -0.011947129232625307 0.027434255174119716 -0.024052433811205753 -0.024378122547986332 0.00024487530434675925 0.0060857334535504726 -0.0096257199963124904 -0.040247388817369945 -0.03478250447660685 -0.0031818861871413737 -0.0070794006775098828 0.00069784775825630716 -0.0082079426391901186 0.0073903192774318173 0.015112840843157491 0.0013271223685784761 -0.013484562018888742 0.0067524719814007934 -0.0075188422124042656 0.0015224618958075869 0.004679803304887693 -0.0065093702092469952 0.014661775244167076 -0.00098026634888190669 -0.0038602589184533278 0.016982052815385236 -0.0039521013288691216 -0.0024055161029075825 0.00034650611203567626 -0.00057208415312172325
leaf_weight=226 71 54 48 27 55468 87 130 20 28 101 27 356 226 522 69 2442 184 77 33 783 504 444 32 1449 1195 36 138 142 60587 52436
leaf_count=226 71 54 48 27 55468 87 130 20 28 101 27 356 226 522 69 2442 184 77 33 783 504 444 32 1449 1195 36 138 142 60587 52436
internal_value=1.05045e-12 0.00127688 -3.55278e-05 -0.00534104 -2.35183e-05 -0.00411201 -0.00577969 -0.0137086 -0.00266624 -0.00952836 -0.0211828 0.00147472 0.0033962 0.00231019 0.0145905 0.000338064 -0.00413468 -0.00440612 0.00779083 0.0038696 -8.8143e-06 -0.00168206 -0.00100806 0.000480397 -0.00337721 -0.00392895 -0.00913928 0.00151557 2.71748e-05 -0.000152127
internal_weight=177942 4817 173125 391 172734 619 532 150 382 156 55 4746 1764 1608 156 2982 540 303 102 1305 172115 3624 3180 1953 1227 364 186 178 168491 107904
internal_count=177942 4817 173125 391 172734 619 532 150 382 156 55 4746 1764 1608 156 2982 540 303 102 1305 172115 3624 3180 1953 1227 364 186 178 168491 107904
is_linear=0
shrinkage=0.05


Tree=132
num_leaves=31
num_cat=0
split_feature=5 6 9 10 10 4 8 7 6 7 8 9 7 4 2 2 2 9 2 9 3 6 1 3 4 8 4 8 3 3
split_gain=3.13057 4.12304 17.1064 11.9008 13.4104 5.58555 4.49179 6.13157 8.22908 5.63283 5.81723 5.54052 7.30406 5.72037 5.97001 7.1256 4.51114 6.31663 4.26846 6.95007 4.21936 4.08985 6.53358 6.98095 3.75545 3.73203 3.68127 3.43341 3.4204 4.14725
threshold=-7.2265905398738992 -6.5848101596763264 0.34075475000000005 0.016362499999999978 0.15840749999999998 -0.001330377201759436 -3.6644220072593749 -5.161602059988339 -4.8573510556152302 -5.161602059988339 -4.2364317837165881 0.25271975000000008 -4.5131633345778273 -0.1107142857142857 0.18625881097321387 0.25000000000000017 0.087249232540967739 0.12638750000000001 0.30842012291644555 0.16917425 0.26451327054182688 -0.20693699860562828 0.4273797550854263 0.081377254992124906 -0.057138966411077845 -1.7505658565072821 -0.062148212682823771 -2.0863245640803969 0.76686905921693582 0.70735628578150744
decision_type=2 2 2 2 2 2 2 2 2 2 2 2 2 2 2 2 2 2 2 2 2 2 2 2 2 2 2 2 2 2
left_child=21 2 3 5 18 -2 9 8 27 10 16 20 -13 -14 -15 -16 17 -3 19 -5 -11 28 25 -24 -22 -23 -27 -8 29 -1
right_child=1 6 -4 4 -6 -7 7 -9 -10 11 -12 12 13 14 15 -17 -18 -19 -20 -21 24 22 23 -25 -26 26 -28 -29 -30 -31
leaf_value=-0.0006575082869368559 0.0044228257124287714 -0.0060644562896341086 -0.037334354211052412 0.061188032054765668 -0.011626819424007249 -0.025274458834901453 -0.030201401348018117 0.00011680470359800466 0.015573800600726495 -0.0016455352926439881 0.028089759113887947 0.015475284488250814 0.00018630137602830758 -0.020230975463197624 0.022872534617781642 -0.016203202952497772 -0.0067980556249884628 0.027043274903724736 0.015226895348834141 0.02570027896152759 0.01033065037727356 -0.022937725413413275 -0.00084102236522504918 -0.034648276138043888 0.00078869455651661181 -0.0031799658534804446 0.016433371568995495 -0.010110154204419814 0.0022677922004708333 -0.0081526130134050544
leaf_weight=14162 76 25 20 22 23 20 37 155682 22 5083 30 30 87 147 20 28 56 34 28 37 125 21 26 37 589 210 27 50 1001 187
leaf_count=14162 76 25 20 22 23 20 37 155682 22 5083 30 30 87 147 20 28 56 34 28 37 125 21 26 37 589 210 27 50 1001 187
internal_value=1.68254e-12 6.51734e-05 0.0068139 0.0111001 0.0223271 -0.00176411 5.57611e-05 0.000108505 -0.0117462 -0.00125811 0.0084818 -0.0014893 -0.00797989 -0.0104751 -0.0152318 7.83544e-05 0.00336669 0.0130146 0.0313034 0.038933 -0.00113997 -0.000674861 -0.00626055 -0.0206961 0.00245921 -0.0027356 -0.000945535 -0.0186547 -0.000558053 -0.000755186
internal_weight=177942 162271 226 206 110 96 162045 155791 109 6254 145 6109 312 282 195 48 115 59 87 59 5797 15671 321 63 714 258 237 87 15350 14349
internal_count=177942 162271 226 206 110 96 162045 155791 109 6254 145 6109 312 282 195 48 115 59 87 59 5797 15671 321 63 714 258 237 87 15350 14349
is_linear=0
shrinkage=0.05


Tree=133
num_leaves=31
num_cat=0
split_feature=2 0 10 6 2 1 7 8 6 0 0 6 8 9 7 0 0 7 7 8 7 8 7 12 1 0 7 4 6 7
split_gain=3.07286 3.31019 6.3049 4.03508 3.21461 5.46682 5.44428 12.9197 7.61365 8.66094 7.05376 11.1583 9.74044 9.43534 6.76049 14.1413 6.43045 6.31055 6.69454 6.23466 9.13455 5.68505 5.46325 5.91675 5.16628 4.92362 8.61327 8.00192 5.3271 4.91255
threshold=-0.76180543515133226 -0.27926228114907359 0.15840749999999998 0.055101617549080155 0.13480463364892739 -0.09789968735160047 -0.16936222881315599 -0.45807636159734827 0.25395204702147584 -0.35143030079738929 -0.13873858063509706 -2.2209176466841143 -0.37254533148162977 0.46558900000000009 -1.7503397090376602 -0.27926228114907359 -0.19155758489531574 -3.5498358247142967 -0.73605716289561174 -1.5747312386578123 -1.6052385904345201 -1.0755016131617254 -1.4787556223529557 -1.0001851920428051 -0.22803637939300067 -0.15581827512037469 0.44872225748981875 -0.50960272127328066 0.93084322875214942 0.98584515841031373
decision_type=2 2 2 2 2 2 2 2 2 2 2 2 2 2 2 2 2 2 2 2 2 2 2 2 2 2 2 2 2 2
left_child=1 2 3 -1 5 6 8 -8 10 -10 11 17 -12 -14 15 -13 -16 -2 19 20 -19 -11 -15 -24 -20 26 -9 -28 -29 -7
right_child=4 -3 -4 -5 -6 29 7 25 9 21 12 14 13 22 16 -17 -18 18 24 -21 -22 -23 23 -25 -26 -27 27 28 -30 -31
leaf_value=-0.004078815941000357 -0.014693207409876733 8.6913108650904557e-05 0.022764491541135426 0.0085248462686879859 0.00026680550039524196 -0.00041670799087293123 -0.0063770497505078391 0.0014581931991119587 0.012003713092094082 -0.012335292090944274 0.00043238318275816938 -0.0040951065229033528 -0.028561757509841731 -0.013284879263369291 0.0035393410060553126 0.0095843406080597972 -9.2760969271842299e-05 0.00074184918982879639 -0.003444353715891127 0.0049405573110871993 -0.0085350727293330864 -0.0027760974766245865 0.007979808140208754 -0.0034701916941420408 -0.018602963934536094 0.0017999050234018363 -0.003370318518164802 -0.0257756969419175 -0.0011498380539705978 -0.010034989233345802
leaf_weight=100 81 373 53 174 64986 72180 982 1144 72 244 23753 243 38 123 3348 849 1916 1291 189 563 334 429 127 1011 80 1991 1033 70 32 133
leaf_count=100 81 373 53 174 64986 72180 982 1144 72 244 23753 243 38 123 3348 849 1916 1291 189 563 334 429 127 1011 80 1991 1033 70 32 133
internal_value=2.7858e-12 0.00330625 0.00697847 0.00392497 -1.30577e-05 -0.000175073 0.00029441 -0.00120585 0.00052154 -0.00447851 0.000631274 0.00184092 0.000201824 -0.0040141 0.00296003 0.00654029 0.00221732 -0.000961711 -0.000509024 0.0004061 -0.00116492 -0.00624184 -0.00327436 -0.00219238 -0.00795249 -1.65922e-05 -0.00160354 -0.00468954 -0.0180499 -0.000434398
internal_weight=177942 700 327 274 177242 112256 39943 5252 34691 745 33946 8894 25052 1299 6356 1092 5264 2538 2457 2188 1625 673 1261 1138 269 4270 2279 1135 102 72313
internal_count=177942 700 327 274 177242 112256 39943 5252 34691 745 33946 8894 25052 1299 6356 1092 5264 2538 2457 2188 1625 673 1261 1138 269 4270 2279 1135 102 72313
is_linear=0
shrinkage=0.05


Tree=134
num_leaves=31
num_cat=0
split_feature=8 9 7 6 1 4 2 5 6 5 2 3 10 5 3 1 4 0 2 0 6 11 1 11 12 0 7 2 1 6
split_gain=2.98735 6.38359 4.06724 4.48493 6.44412 4.58393 4.07465 3.93171 4.59492 3.64192 4.77706 2.88914 4.25087 4.39073 3.75388 3.46136 5.10362 4.49055 4.02916 3.38659 6.87466 9.91562 8.32905 5.88727 7.10199 6.67662 7.16892 5.27076 4.87131 5.84792
threshold=-4.1118639393378862 0.20056225000000003 -4.0345973674178817 -3.8060801033837373 -0.010858489375422496 -0.0043665143138373321 0.017900911795128652 -8.2771019076722734 -5.4236783576855485 -17.265404112630751 0.087249232540967739 1.2352019177576989 0.089211999999999944 0.81819560297144867 2.0187471170953506 -0.31512522281118471 -0.12532558793705498 0.15721150749589755 0.19985287001441435 0.040911825839623724 -4.456637574313711 -0.047198500000000025 0.23696572144704212 0.048109999999999993 -1.1536272787488866 0.42956891317547058 -0.71216717757926318 1.3466460679756804 0.18672267014754854 -5.1408218052258094
decision_type=2 2 2 2 2 2 2 2 2 2 2 2 2 2 2 2 2 2 2 2 2 2 2 2 2 2 2 2 2 2
left_child=1 9 3 4 6 7 -3 -6 -9 10 -1 19 13 -13 15 -14 17 -17 -18 -2 21 22 -21 24 25 26 28 -22 -23 -30
right_child=11 2 -4 -5 5 -7 -8 8 -10 -11 -12 12 14 -15 -16 16 18 -19 -20 20 27 23 -24 -25 -26 -27 -28 -29 29 -31
leaf_value=-0.00083896024781908549 0.00014882947722547166 1.6397160702738269e-05 -0.02019293399287328 -0.027657629565025373 0.0058012370020151145 0.0066418338629945714 0.028935954400471281 -0.036442216571420431 -0.011218823582435457 -0.00036598130135830618 -0.028499308835577081 0.0010718816460888647 -0.011246002555169443 0.0061441569769198449 -0.0040418933523235692 0.0042880813964328033 0.015009875403296563 0.022743140055319747 -0.0038388018730217141 -0.0035091092689864094 -0.00025475546212761337 -0.0024287973675452931 -0.03960186079246783 -0.010507810641109245 -0.025816268939524892 0.019739801948260818 -0.016886482161159316 0.0037675154057104686 0.0094102705554083288 -0.00080068760273563702
leaf_weight=37 104660 29 62 21 21 37 21 25 65 1761 27 7082 54 454 749 302 31 37 332 31 58302 1972 33 200 30 37 75 826 211 418
leaf_count=37 104660 29 62 21 21 37 21 25 65 1761 27 7082 54 454 749 302 31 37 332 31 58302 1972 33 200 30 37 75 826 211 418
internal_value=2.92149e-12 -0.00187197 -0.00888735 -0.00568669 -0.00335644 -0.00859936 0.0121626 -0.0136798 -0.0182253 -0.00079179 -0.0125082 2.24207e-05 0.000892951 0.00137746 -0.00153312 0.000952429 0.00189077 0.00630235 -0.00222914 -2.47658e-05 -0.000317169 -0.00264932 -0.0221194 -0.00222592 -0.00162206 -0.00135452 -0.00164619 -0.000198566 -0.00120673 0.00262461
internal_weight=177942 2106 281 219 198 148 50 111 90 1825 64 175836 9041 7536 1505 756 702 339 363 166795 62135 3007 64 2943 2743 2713 2676 59128 2601 629
internal_count=177942 2106 281 219 198 148 50 111 90 1825 64 175836 9041 7536 1505 756 702 339 363 166795 62135 3007 64 2943 2743 2713 2676 59128 2601 629
is_linear=0
shrinkage=0.05


Tree=135
num_leaves=31
num_cat=0
split_feature=1 10 10 3 6 11 3 0 2 4 7 7 8 6 7 8 7 0 0 1 5 11 8 7 6 1 10 7 10 11
split_gain=2.95064 7.28883 6.36871 7.15189 6.38211 8.74562 6.25752 6.21056 5.78875 5.06015 8.82116 5.24539 19.4272 11.8697 16.0052 11.5432 12.9292 8.16837 9.47663 7.4707 6.51959 6.37478 7.04156 6.17922 6.0009 5.79715 8.24473 5.7839 5.183 6.48677
threshold=0.18023353200109074 0.13288350000000004 -0.022372499999999986 0.67252491557532346 -4.5029023206443179 -0.018806499999999973 0.36627531982153311 0.018566673651217339 -0.48884403856047132 -1.0000000180025095e-35 -4.2140309358374504 -2.127191276474655 -2.4040843752435168 -1.9833588996166938 -1.1513896795896317 -1.7730457347493047 -1.8528650038037313 -0.081373218719656068 -0.2493704942400595 -0.1848819254353222 -1.7455372515727607 0.098041000000000031 -1.5747312386578123 -0.76032549382292036 -1.5660795343629019 -0.45260405101037332 0.10512699999999998 -2.2191258388847559 0.13288350000000004 0.11950200000000001
decision_type=2 2 2 2 2 2 2 2 2 2 2 2 2 2 2 2 2 2 2 2 2 2 2 2 2 2 2 2 2 2
left_child=7 2 3 4 5 -2 -7 9 -3 11 -11 17 20 14 15 16 -14 18 -1 -20 -13 22 -16 -24 -19 26 -25 -26 -15 -30
right_child=1 8 -4 -5 -6 6 -8 -9 -10 10 -12 12 13 28 21 -17 -18 24 19 -21 -22 -23 23 25 27 -27 -28 -29 29 -31
leaf_value=-0.0036216170478021673 -0.027603007700915141 0.01398155685681147 0.00077466766103831018 0.0022615878198014258 -0.002229918853724624 -0.010324325372685532 0.016953353335460029 -0.00053502096884371672 -0.0027380138985465376 -0.023123603482963519 0.00034293038248319494 -0.007495521886069759 0.00043064324431763619 0.00033123141989445251 -0.011448657591331018 0.0013550322786613834 -0.0047116378874707578 0.00033577089047242328 0.0060642777559961362 0.0018211494518103875 0.0010975246626120816 -0.017866304034250789 -0.000548147331504374 -0.0015367719101807066 -0.0072611949741898567 -0.0072752724916764601 0.031254017266275531 0.0023051962835862385 0.0038541503197529695 -0.003114994977695643
leaf_weight=662 60 53 32626 898 2192 95 27 52669 2230 64 107 1190 2489 25008 305 4809 2402 37699 1291 5280 271 90 1045 149 500 1007 22 231 2073 398
leaf_count=662 60 53 32626 898 2192 95 27 52669 2230 64 107 1190 2489 25008 305 4809 2402 37699 1291 5280 271 90 1045 149 500 1007 22 231 2073 398
internal_value=7.96127e-13 0.000389545 0.000563763 -0.00153922 -0.00297693 -0.0119739 -0.00428746 -0.000106419 -0.00234987 0.000152779 -0.00843987 0.000169683 -0.000238942 -3.10582e-05 -0.00132078 -0.000384447 -0.00209476 0.000538889 0.00208035 0.00265479 -0.0059016 -0.00479 -0.00432446 -0.00334701 0.000248767 -0.00582987 0.00268193 -0.00423816 0.000547084 0.00273164
internal_weight=177942 38181 35898 3272 2374 182 122 139761 2283 87092 171 86921 41258 39797 12318 9700 4891 45663 7233 6571 1461 2618 2528 2223 38430 1178 171 731 27479 2471
internal_count=177942 38181 35898 3272 2374 182 122 139761 2283 87092 171 86921 41258 39797 12318 9700 4891 45663 7233 6571 1461 2618 2528 2223 38430 1178 171 731 27479 2471
is_linear=0
shrinkage=0.05


Tree=136
num_leaves=31
num_cat=0
split_feature=4 3 12 8 0 12 2 7 1 5 8 10 9 6 0 3 10 8 7 11 3 12 4 9 0 1 9 2 6 2
split_gain=2.79834 4.35027 6.43332 13.8536 5.36588 8.12026 4.84388 4.67802 9.63306 12.5574 5.08154 4.6548 6.11765 8.7029 7.41855 14.3235 7.12317 5.90926 6.70395 4.8389 6.12664 4.71974 4.49556 5.26714 4.7428 4.96475 4.77441 4.52452 4.43329 4.71707
threshold=-0.36794426971656785 0.018170504326250007 -0.7669701475941002 0.43758763546046076 0.72245182591865209 -1.0001851920428051 0.72818916816075241 -5.161602059988339 0.013944087020122621 -7.9525120142537178 -3.8907777091061058 0.096386499999999986 0.22744975000000003 -5.6288607342000709 -0.001296456594756412 0.48845519167301349 0.18696450000000003 -3.3578790719659444 -4.5131633345778273 -0.076658999999999963 0.39290937071332316 0.46485464245916414 -0.095293300468330774 0.14015625000000001 -0.041963650680755908 -0.016294474616023954 0.33012300000000006 -0.2881313832967069 -3.0598777615096124 0.030081956602150076
decision_type=2 2 2 2 2 2 2 2 2 2 2 2 2 2 2 2 2 2 2 2 2 2 2 2 2 2 2 2 2 2
left_child=-1 2 3 7 11 -6 -5 8 -2 -10 -9 22 14 16 15 -13 -14 18 -15 20 -19 -21 23 -3 -24 26 -26 -25 29 -20
right_child=1 4 -4 6 5 -7 -8 10 9 -11 -12 12 13 17 -16 -17 -18 19 28 21 -22 -23 24 27 25 -27 -28 -29 -30 -31
leaf_value=0.00035646902078798759 0.03473458973819326 -0.024433334029856184 -0.0036391245239448047 -0.038265016889090481 -0.021995224960317666 0.0097004188373008924 -0.0068976349942386148 -0.0038751285513645116 0.029201580516316675 -0.018746411354125789 -0.00031074811794939549 0.0051411807735038152 -0.035215657302843671 0.01616205560043454 -0.0003818105610335941 0.040698047505781779 -0.0013808264896007522 -0.03190151631896352 0.009999810337372449 -0.0012521481023388683 0.0005995083921428385 0.015766152153473077 -0.0020255792705632428 -0.0063445420444497433 -0.001033163803861829 0.00011833754960944535 -0.0062122445943775494 0.00066111410242838031 -0.031827679388225082 -0.015401504712514162
leaf_weight=42046 29 21 1603 32 22 248 20 1026 22 36 39343 328 35 20 836 31 28 29 23 6435 29 41 3117 232 2313 44376 551 34951 30 89
leaf_count=42046 29 21 1603 32 22 248 20 1026 22 36 39343 328 35 20 836 31 28 29 23 6435 29 41 3117 232 2313 44376 551 34951 30 89
internal_value=-8.91155e-14 -0.000110291 -0.000532467 -0.000409529 7.92731e-05 0.00711781 -0.0262006 -0.000376379 0.0112054 -0.000559242 -0.000401339 5.89512e-05 -0.00109803 -0.00168109 0.00219979 0.00821155 -0.020178 -0.00150706 -0.0109403 -0.00127317 -0.015651 -0.0011444 0.000166507 0.000599976 -0.000136526 -1.1882e-05 -0.00202956 0.000614918 -0.0147575 -0.0101852
internal_weight=177942 135896 42111 40508 93785 270 52 40456 87 58 40369 93515 7954 6759 1195 359 63 6696 162 6534 58 6476 85561 35204 50357 47240 2864 35183 142 112
internal_count=177942 135896 42111 40508 93785 270 52 40456 87 58 40369 93515 7954 6759 1195 359 63 6696 162 6534 58 6476 85561 35204 50357 47240 2864 35183 142 112
is_linear=0
shrinkage=0.05


Tree=137
num_leaves=31
num_cat=0
split_feature=0 7 1 0 7 11 8 7 7 9 9 6 9 4 9 6 0 10 4 7 9 7 3 1 10 6 7 10 9 0
split_gain=2.75399 5.12403 4.55464 4.94152 4.16874 3.81687 5.64234 3.78399 3.76677 7.42957 5.74136 8.82393 5.6312 6.20954 5.40199 3.91684 3.62754 3.5391 3.38241 4.57168 5.54252 3.95224 3.70625 5.22632 8.30514 9.53952 6.64491 5.19198 5.1971 5.07809
threshold=0.36400549450549452 -0.2824885417915563 1.4783098118279572 0.72245182591865209 0.66024292506549187 0.017856500000000056 -0.53979764942859687 -1.1349316329791421 0.98584515841031373 0.55466700000000013 0.26411575000000004 -3.4793189608865336 0.47604500000000011 -0.0043665143138373321 0.30432475000000003 -2.9020240415028593 0.47939978150504475 0.14147450000000009 -0.6808459810309947 -2.0688445654205876 0.23627550000000005 -1.913313741652017 0.0077496821643641143 -0.060656576674170286 0.090515000000000054 0.17922085934290269 0.21697175979466107 0.15840749999999998 1.1671427500000002 -0.1426024558905781
decision_type=2 2 2 2 2 2 2 2 2 2 2 2 2 2 2 2 2 2 2 2 2 2 2 2 2 2 2 2 2 2
left_child=18 5 8 -4 -5 17 7 -7 10 14 11 -3 13 16 -10 -14 -12 -2 19 20 -1 -21 23 24 25 26 -20 -25 -29 -27
right_child=1 2 3 4 -6 6 -8 -9 9 -11 12 -13 15 -15 -16 -17 -18 -19 22 21 -22 -23 -24 27 -26 29 -28 28 -30 -31
leaf_value=-0.013528433297910997 0.0019690840479031075 0.036286315735843448 -0.001067072125903753 6.2312389861089886e-05 0.016250788584565284 -0.00071020307112485174 0.00010285659391757612 0.011573818463866273 -0.0079298301795987704 -0.0021182093502148608 0.0034119734619843197 -0.0041371962814419358 -0.018345760706038813 -0.036807140018790964 -0.036312220127632223 0.00050580994916147681 -0.017517870454419708 -0.014270669812602658 7.2157944544837778e-05 -0.0089115087154473614 0.0086261748128844719 0.00091378976786948309 0.00011448341576108343 -0.00063777561947373125 0.00221773462805541 -0.010445305577358066 -0.0071199068616689303 -0.0045565419864510822 0.01945566696661484 -0.0014597089739427681
leaf_weight=31 809 27 161 59 122 75 241 382 38 295 47 27 28 20 30 1729 37 35 21634 104 316 6455 101210 37759 4178 338 326 1112 23 294
leaf_count=31 809 27 161 59 122 75 241 382 38 295 47 27 28 20 30 1729 37 35 21634 104 316 6455 101210 37759 4178 338 326 1112 23 294
internal_value=-6.18073e-13 0.00127104 -7.4866e-05 0.00530548 0.0109739 0.00355787 0.0062933 0.00955784 -0.000882626 -0.00555254 2.58437e-06 0.0160746 -0.000463771 -0.0117687 -0.0204515 0.000205387 -0.00580712 0.00129563 -3.04413e-05 0.0010539 0.00664694 0.000757999 -7.53161e-05 -0.00036786 0.000169817 -0.00020891 -3.46095e-05 -0.000737933 -0.00406995 -0.0062653
internal_weight=177942 4162 2620 342 181 1542 698 457 2278 363 1915 54 1861 104 68 1757 84 844 173780 6906 347 6559 166874 65664 26770 22592 21960 38894 1135 632
internal_count=177942 4162 2620 342 181 1542 698 457 2278 363 1915 54 1861 104 68 1757 84 844 173780 6906 347 6559 166874 65664 26770 22592 21960 38894 1135 632
is_linear=0
shrinkage=0.05


Tree=138
num_leaves=31
num_cat=0
split_feature=10 12 4 2 7 8 2 6 5 7 5 9 8 7 4 11 1 7 7 8 0 11 6 2 9 6 0 11 10 4
split_gain=2.70522 5.22622 8.9426 4.20547 5.89576 6.08021 5.4122 5.12018 4.89664 4.03994 4.34362 4.45071 3.24456 4.03461 3.76776 3.19717 3.0313 4.25598 6.69322 6.58177 3.74686 3.73763 3.48028 3.97194 3.31469 8.31368 23.3421 8.96922 3.12439 3.48155
threshold=0.32282450000000013 0.64357157203265014 -0.44491274770777872 -0.35947947608934416 -1.9363776842391094 -2.8530307730622857 0.39675582885612687 -4.3332931082008548 -3.9073606690293636 -3.0619210717559784 -2.1152554683325544 0.3578575 0.28362618605342715 0.049377227678574255 -0.059665129470119586 0.063004500000000005 0.49769428132711285 -2.1391864745239486 -5.161602059988339 -0.51388435947538114 -0.2493704942400595 0.16761599999999996 -1.8666838229524176 1.1018295403837572 0.12638750000000001 -4.4144688650950794 0.24231586788270779 0.0077359999999999799 0.080771500000000038 -0.60812795021790311
decision_type=2 2 2 2 2 2 2 2 2 2 2 2 2 2 2 2 2 2 2 2 2 2 2 2 2 2 2 2 2 2
left_child=16 3 -3 -2 5 7 12 -5 -8 -7 11 -11 13 14 -6 -9 -1 18 -18 -20 -19 24 -23 -24 -22 26 -26 -28 29 -27
right_child=1 2 -4 4 6 9 8 15 -10 10 -12 -13 -14 -15 -16 -17 17 20 19 -21 21 22 23 -25 25 28 27 -29 -30 -31
leaf_value=-3.3347729567866045e-05 0.0037615618050040214 -0.0089461807394400246 0.032137672685914574 -0.031447481268662071 -0.011365537693133591 0.023286164089316323 -0.017626407637726518 0.0079428577194771473 0.0056893286987599974 0.013744542228629475 0.021859786215992202 -0.01413281039993574 0.0038205955354940328 -0.034815056277094067 -0.034442240266362209 -0.017698583444580435 0.017543791696920785 0.011694716102758643 -0.0024009743247413542 -0.018340635130574046 0.019535946939140559 0.028489165955688806 -0.00035359077439529868 0.01870650648616436 0.022654701806963065 -0.0046685286694961069 -0.058701422887489856 -0.015837217913940549 -0.00087272223800487203 0.0018753174450138691
leaf_weight=169034 128 26 27 21 153 31 32 31 76 22 21 41 21 27 20 20 36 85 438 76 24 20 82 41 26 211 23 26 1584 5539
leaf_count=169034 128 26 27 21 153 31 32 31 76 22 21 41 21 27 20 20 36 85 438 76 24 20 82 41 26 211 23 26 1584 5539
internal_value=-2.57625e-12 -0.00310887 0.0119833 -0.00435093 -0.00636334 0.000725781 -0.0103927 -0.0106686 -0.00121904 0.00785966 0.00216655 -0.00439786 -0.0148758 -0.0168389 -0.0140334 -0.00211261 1.22254e-05 0.000950406 -0.00329807 -0.00475781 0.00125541 0.00113829 0.00914514 0.00599977 0.000984248 0.000924154 -0.0156384 -0.0359572 0.00109353 0.00163519
internal_weight=177942 697 53 644 516 187 329 72 108 115 84 63 221 200 173 51 177245 8211 550 514 7661 7576 143 123 7433 7409 75 49 7334 5750
internal_count=177942 697 53 644 516 187 329 72 108 115 84 63 221 200 173 51 177245 8211 550 514 7661 7576 143 123 7433 7409 75 49 7334 5750
is_linear=0
shrinkage=0.05


Tree=139
num_leaves=31
num_cat=0
split_feature=2 0 10 6 10 7 6 6 8 11 3 10 4 8 0 8 9 1 10 9 0 7 8 6 7 8 7 0 0 10
split_gain=2.61582 2.941 5.56613 3.62103 2.92696 4.75686 4.79534 3.27017 3.29451 4.72068 3.96798 4.59968 4.04388 3.85133 3.72332 4.14171 4.10962 3.07943 5.2252 5.40627 5.16096 4.99603 17.2294 9.79587 14.8325 9.39303 9.36923 7.76795 7.90755 7.28236
threshold=-0.76180543515133226 -0.27926228114907359 0.15840749999999998 0.055101617549080155 -0.21059850000000002 0.66024292506549187 0.93084322875214942 1.5336608685699544 -0.20621053679291659 0.022986000000000038 0.0077496821643641143 0.12887450000000003 -0.26236311502043652 0.15524912018873674 -0.19926486358685089 0.43758763546046076 1.3590525000000004 0.18023353200109074 0.13288350000000004 0.97399025000000006 0.018566673651217339 -2.127191276474655 -2.3589012621033199 -1.9833588996166938 -1.4932874778153449 -1.7842758901008327 -0.73605716289561174 -0.081373218719656068 -0.23709229966973752 0.010721499999999997
decision_type=2 2 2 2 2 2 2 2 2 2 2 2 2 2 2 2 2 2 2 2 2 2 2 2 2 2 2 2 2 2
left_child=1 2 3 -1 5 6 -2 17 9 -9 12 13 14 -12 16 -16 -10 20 -19 -20 21 27 -23 24 29 -26 -27 28 -6 -24
right_child=4 -3 -4 -5 7 -7 -8 8 10 -11 11 -13 -14 -15 15 -17 -18 18 19 -21 -22 22 23 -25 25 26 -28 -29 -30 -31
leaf_value=-0.0039391994711477311 -0.0035390943526392863 1.5982413294147102e-05 0.021344225365176519 0.0080003200130986767 -0.0031681443498294487 0.012869356976562116 -0.028404062222689392 -0.01996421797344318 -0.01563064153539017 0.0026054535397431917 0.017655128335543707 -0.013167547905131392 -0.019672566856784021 0.0016659435720612237 -0.0099246309235847263 0.0096398896942877111 0.0087707536718384781 0.00056050568196179551 -0.0027590656653198645 0.0053492438577839446 -0.00048764066656932411 -0.0050147164492113597 0.0028535469938069584 0.00050268374087689604 -0.0088824617696996091 -0.00097552080465370067 -0.0062950896244440158 0.00021832148658178287 0.0025398322485008697 -0.00074202066262176543
leaf_weight=100 636 373 53 174 669 43 20 65 80 36 51 38 46 144 42 76 22 35579 2010 229 52305 1822 1900 26303 671 2896 1159 38437 6522 5441
leaf_count=100 636 373 53 174 669 43 20 65 80 36 51 38 46 144 42 76 22 35579 2010 229 52305 1822 1900 26303 671 2896 1159 38437 6522 5441
internal_value=9.06799e-14 0.00305049 0.00651186 0.00364283 -1.20476e-05 -0.00324115 -0.00429717 7.37621e-07 -0.00368429 -0.0119196 -0.00201743 0.00274653 -0.00619036 0.00584773 -0.00337135 0.00267625 -0.0103676 1.33043e-05 0.00041307 -0.00192977 -9.61498e-05 0.000142453 -0.000264022 -3.84351e-05 -0.00121794 -0.00340272 -0.00249596 0.000500502 0.0020088 0.000188585
internal_weight=177942 700 327 274 177242 699 656 176543 600 101 499 233 266 195 220 118 102 175943 37818 2239 138125 85820 40192 38370 12067 4726 4055 45628 7191 7341
internal_count=177942 700 327 274 177242 699 656 176543 600 101 499 233 266 195 220 118 102 175943 37818 2239 138125 85820 40192 38370 12067 4726 4055 45628 7191 7341
is_linear=0
shrinkage=0.05


Tree=140
num_leaves=31
num_cat=0
split_feature=4 10 9 7 3 4 2 5 3 11 9 7 0 7 6 7 12 7 7 12 4 9 2 4 5 6 5 9 4 3
split_gain=2.61994 4.58087 6.20818 6.06381 5.10358 6.19122 5.81677 4.36784 4.34914 5.38341 5.55643 5.28917 4.94002 5.44987 6.4276 7.81435 4.84413 5.70438 5.50104 4.57176 4.55564 5.02748 4.46859 4.90463 4.34119 5.08239 4.32852 4.23779 4.16626 4.13337
threshold=-0.31421014592579727 -0.11632450000000001 0.25108550000000007 -2.6162508243805989 0.14179977844482564 -0.006276707981410278 0.18625881097321387 -4.757818873570657 -0.32586037309796723 -0.068962999999999983 0.29831725000000003 -2.0338938872236727 0.0022698614306366775 0.66024292506549187 -2.0979892094296955 -1.1513896795896317 -1.8054340458165676 -2.8343297430006653 -1.2518814016292621 -1.0631658134107951 -0.5431824354352871 0.48708675000000007 -0.091377755807286007 -0.65712710663096541 -0.56816202326091669 -0.66290213303345868 -6.6302883559648693 0.23971875000000001 -0.55595268986566537 -0.17011941256148858
decision_type=2 2 2 2 2 2 2 2 2 2 2 2 2 2 2 2 2 2 2 2 2 2 2 2 2 2 2 2 2 2
left_child=8 2 3 -2 5 6 -4 -6 -1 10 -10 -12 13 14 15 -11 -14 -18 24 28 21 -17 23 -21 25 29 -5 -16 -13 -19
right_child=1 -3 4 26 7 -7 -8 -9 9 12 11 19 16 -15 27 20 17 18 -20 22 -22 -23 -24 -25 -26 -27 -28 -29 -30 -31
leaf_value=-0.00021324551645499911 0.0028562262222754692 -8.7253169623690175e-05 -0.010374529762711656 -0.026186076955749621 0.0067190503338509693 -0.033612840979670482 0.0035426447868961448 -0.0042187220549555239 0.027863177098333837 -0.00017748506154155225 -0.0065632088473146976 0.027410307644881428 0.0036565999943188945 -0.00377867986937413 0.02348286816406818 0.021380916410791026 0.021580533107573338 -0.0025875666420603644 0.0020127765951936023 0.008662043314337009 -0.0065944305659523198 -0.0013690973436103655 0.0084729196141248332 -0.0027790369486160259 -0.0095908797123590624 -0.021425217502461427 -0.0031767561503996452 0.001001992356931671 0.007981335485736242 0.0020655410551053874
leaf_weight=22835 587 124868 373 31 118 24 94 403 24 6072 116 31 2167 842 21 28 33 986 3255 124 814 183 226 383 146 29 60 11893 251 925
leaf_count=22835 587 124868 373 31 118 24 94 403 24 6072 116 31 2167 842 21 28 33 986 3255 124 814 183 226 383 146 29 60 11893 251 925
internal_value=3.04838e-13 -0.000122249 -0.00270797 0.000994441 -0.00518844 -0.00884603 -0.00757321 -0.00174145 0.000301098 0.000712496 0.0040563 0.00355111 0.000571513 0.000157697 0.000332039 -0.000859157 0.00166096 0.000856239 0.000728192 0.00470703 -0.00489731 0.00164986 0.00262565 1.9176e-05 -0.00127628 -0.000650539 -0.0110151 0.00104162 0.0101171 -0.000335277
internal_weight=177942 126558 1690 678 1012 491 467 521 51384 28549 1155 1131 27394 19853 19011 7097 7541 5374 5341 1015 1025 211 733 507 2086 1940 91 11914 282 1911
internal_count=177942 126558 1690 678 1012 491 467 521 51384 28549 1155 1131 27394 19853 19011 7097 7541 5374 5341 1015 1025 211 733 507 2086 1940 91 11914 282 1911
is_linear=0
shrinkage=0.05


Tree=141
num_leaves=31
num_cat=0
split_feature=5 6 10 10 0 3 9 0 8 6 1 3 8 7 6 7 8 9 7 4 2 1 2 9 3 11 4 8 4 10
split_gain=2.54192 4.00294 15.3892 10.1501 11.0367 7.17111 8.20867 4.65455 6.43164 3.62483 5.80788 6.5392 3.52507 5.5211 7.37753 4.98246 5.16335 4.67946 6.41991 4.99648 5.50263 6.84423 4.1848 5.67297 3.70864 3.69238 4.6553 3.38003 3.42817 3.27504
threshold=-7.2265905398738992 -6.5848101596763264 1.0000000180025095e-35 0.15840749999999998 0.088230676886138962 0.41460983778765387 0.15552875000000002 0.032743536930931579 -4.1118639393378862 -0.20693699860562828 0.4273797550854263 0.081377254992124906 -3.6644220072593749 -5.161602059988339 -4.8573510556152302 -5.161602059988339 -4.2364317837165881 0.25271975000000008 -4.5131633345778273 -0.1107142857142857 0.18625881097321387 0.060755078741886688 0.087249232540967739 0.12638750000000001 0.26451327054182688 0.031166999999999976 -0.01399962164207341 -1.7505658565072821 -0.062148212682823771 0.030172499999999994
decision_type=2 2 2 2 2 2 2 2 2 2 2 2 2 2 2 2 2 2 2 2 2 2 2 2 2 2 2 2 2 2
left_child=9 2 7 4 5 6 -4 8 -2 -1 27 -12 15 14 -14 16 22 24 -19 29 -21 -22 23 -3 -17 -26 -27 -11 -29 -20
right_child=1 12 3 -5 -6 -7 -8 -9 -10 10 11 -13 13 -15 -16 17 -18 18 19 20 21 -23 -24 -25 25 26 -28 28 -30 -31
leaf_value=-0.00049814544689696005 -0.025330369446892292 -0.0055616412721574311 0.061024710318694511 -0.01347034719462196 -0.010014263421974401 0.0064390978077426553 0.025564094886695057 -0.028926522433757786 0.010402944026624457 -0.021769078483893759 -0.00026034133222240668 -0.032980467593674928 -0.017694222062609382 0.00010405353786252195 0.014714947893199597 -0.0014848524019830346 0.026519018771747751 0.014692932938536008 -0.010434515024415959 -0.018881236484470671 -0.019908285344188866 0.017984361846286517 -0.0065633464198201963 0.025813950804363502 0.003442598798441992 0.00044085648364554619 -0.02922947067767382 -0.002995944368442343 0.015931146226271436 0.00907224322630403
leaf_weight=15350 20 25 24 24 22 26 51 25 34 21 26 37 87 155682 22 5083 30 30 39 147 22 26 56 34 655 39 20 210 27 48
leaf_count=15350 20 25 24 24 22 26 51 25 34 21 26 37 87 155682 22 5083 30 30 39 147 22 26 56 34 655 39 20 210 27 48
internal_value=2.29477e-12 5.87273e-05 0.00670843 0.0162733 0.0220769 0.0290671 0.0369115 -0.0110895 -0.00283162 -0.000608113 -0.00586668 -0.0194769 4.94531e-05 9.61775e-05 -0.0111529 -0.00111448 0.00804591 -0.00133191 -0.00729686 -0.0096362 -0.0140817 0.000616899 0.00322683 0.0125192 -0.00101087 0.00236345 -0.00961688 -0.00254325 -0.000839694 0.000327834
internal_weight=177942 162271 226 147 123 101 75 79 54 15671 321 63 162045 155791 109 6254 145 6109 312 282 195 48 115 59 5797 714 59 258 237 87
internal_count=177942 162271 226 147 123 101 75 79 54 15671 321 63 162045 155791 109 6254 145 6109 312 282 195 48 115 59 5797 714 59 258 237 87
is_linear=0
shrinkage=0.05


Tree=142
num_leaves=31
num_cat=0
split_feature=2 1 7 9 10 6 9 4 3 4 5 11 11 11 3 6 11 3 8 2 7 10 8 10 3 1 7 4 7 8
split_gain=2.47896 4.83323 4.14864 7.66873 4.09581 6.8588 6.8719 13.8289 5.60492 5.23408 4.56456 5.12051 4.24702 4.11151 6.82216 4.08076 7.2838 5.89285 7.73521 6.94755 5.23953 4.74742 5.43711 4.3227 4.04201 5.61109 6.12051 4.24305 4.29066 10.0841
threshold=0.13480463364892739 -0.09789968735160047 0.98584515841031373 0.76517125000000008 0.029135999999999985 -5.4236783576855485 0.35946000000000006 -0.02732442227441861 -0.13758544978900319 -0.0053339260576424899 1.927547841000401 0.063004500000000005 0.071801000000000018 -0.12171299999999995 0.48845519167301349 -6.5848101596763264 0.020781999999999998 0.62566715438101306 -4.0233906100707513 0.25465015274761688 -4.1461565428922258 -0.092730000000000021 -2.30466367849878 -0.0013449999999999849 0.014780682608203645 0.13361113040257425 -5.161602059988339 -0.095293300468330774 -1.3148056445767085 -1.635599793464791
decision_type=2 2 2 2 2 2 2 2 2 2 2 2 2 2 2 2 2 2 2 2 2 2 2 2 2 2 2 2 2 2
left_child=1 -1 24 -4 5 6 8 -8 -2 10 11 -7 -13 14 -11 16 17 18 -10 -20 -21 -17 23 -23 25 26 -3 28 -26 -30
right_child=4 2 3 -5 -6 9 7 -9 15 13 -12 12 -14 -15 -16 21 -18 -19 19 20 -22 22 -24 -25 27 -27 -28 -29 29 -31
leaf_value=0.0002952139782963561 -0.021596865658648313 0.016220080984902442 -0.033532546818829501 -0.0033387128951620653 -0.00010630782091608843 0.001135848364790125 0.00016048976944552529 -0.054694413356482986 -0.022571198630612344 -0.034042030958820156 0.013090144624768558 -0.014420024718024902 -0.0015512507546195237 -0.00063885093648468922 0.0049810934168774456 -0.021873251076888395 -0.015730880967834416 0.033857736520638525 0.028632279354335172 -0.017647624210171079 0.015419991223141553 0.010922633847171117 -0.018650032584132118 -0.0044047783007440363 0.00090938207531667632 0.00038947763347047529 -0.0011170586677964757 -0.00055192119474112061 -0.0096489084828483007 -0.00020395125070827303
leaf_weight=40583 38 51 26 110 36347 23376 27 20 20 24 79 91 217 4298 21 37 34 22 36 23 25 69 44 138 14865 8398 27755 17551 309 3308
leaf_count=40583 38 51 26 110 36347 23376 27 20 20 24 79 91 217 4298 21 37 34 22 36 23 25 69 44 138 14865 8398 27755 17551 309 3308
internal_value=-2.75395e-12 -0.000141554 -0.00038647 -0.00911106 0.000246043 0.000693226 -0.00492567 -0.023182 -0.00316014 0.000799782 0.00109148 0.00105146 -0.00535339 -0.000796267 -0.0158312 -0.00159631 0.00480602 0.0103477 0.00537445 0.0120282 -0.000424908 -0.00515316 -0.00268844 0.000704359 -0.000370044 -0.000743175 -0.00108526 4.857e-06 0.000533588 -0.00101083
internal_weight=177942 112956 72373 136 64986 28639 533 47 486 28106 23763 23684 308 4343 45 448 160 126 104 84 48 288 251 207 72237 36204 27806 36033 18482 3617
internal_count=177942 112956 72373 136 64986 28639 533 47 486 28106 23763 23684 308 4343 45 448 160 126 104 84 48 288 251 207 72237 36204 27806 36033 18482 3617
is_linear=0
shrinkage=0.05


Tree=143
num_leaves=31
num_cat=0
split_feature=0 7 1 0 7 9 2 8 5 2 2 7 8 6 9 7 4 4 12 9 11 3 2 2 4 7 9 6 2 11
split_gain=2.48793 4.54233 3.94027 4.49091 3.75321 3.52122 5.25491 5.41619 4.77775 3.18846 6.46006 3.95007 7.92683 4.89558 4.80097 4.83583 3.25601 3.75943 3.65436 4.94849 3.16116 3.70797 3.23093 3.10409 2.97144 4.16725 4.974 3.6183 3.45139 5.2199
threshold=0.36400549450549452 -0.2824885417915563 1.4783098118279572 0.72245182591865209 0.66024292506549187 0.6629670000000002 1.3466460679756804 -1.1550379157746662 -7.9525120142537178 0.33182203607585176 0.35786502100840351 0.80128946296928849 1.0000000180025095e-35 -3.6936295315981504 0.47604500000000011 0.36053821518847923 -0.11701476468554471 -0.076962762393466874 -1.4424010431862337 0.67579700000000009 0.021469499999999978 -0.074266863569125915 0.30842012291644555 0.2253125488357556 -0.6808459810309947 -2.0688445654205876 0.23627550000000005 -3.5918804779218889 -0.39737334052053974 0.027077999999999994
decision_type=2 2 2 2 2 2 2 2 2 2 2 2 2 2 2 2 2 2 2 2 2 2 2 2 2 2 2 2 2 2
left_child=24 5 9 -4 -5 6 8 -8 -2 16 -11 13 -13 -12 15 -15 18 -18 -3 -20 21 -10 -23 -19 25 26 -1 -27 -28 -30
right_child=1 2 3 4 -6 -7 7 -9 20 10 11 12 -14 14 -16 -17 17 23 19 -21 -22 22 -24 -25 -26 27 28 -29 29 -31
leaf_value=-0.012785326136696723 -0.01794075489936707 -0.012601510100756531 -0.0011298531481290456 -4.47957792272002e-06 0.015355992473692435 0.00043172762528099286 -0.003423385544680059 0.023740162100453956 0.0067388802263474868 -0.026196205036128586 0.023782914467155934 -0.038427871966268873 -0.005190176512472648 -0.028994959304109214 -0.0001861027026832807 0.0018678293732756921 0.02834086899778673 -0.0065228551439940928 0.0089520114092868138 -0.00060943599173808669 0.0086608146739027073 -0.012913655508133882 0.0009219165476925383 0.013638688756951265 -7.099376759477644e-05 -0.012561183549719407 0.0032350655675989141 0.00080884922252560563 0.0093293464717992807 0.033607319935604382
leaf_weight=31 24 54 161 59 122 616 25 69 238 29 20 20 174 30 694 22 21 35 157 980 310 53 207 42 166874 51 166 6508 123 27
leaf_count=31 24 54 161 59 122 616 25 69 238 29 20 20 174 30 694 22 21 35 157 980 310 53 207 42 166874 51 166 6508 123 27
internal_value=7.79137e-13 0.00120809 -5.91263e-05 0.00494521 0.010349 0.0033612 0.00530996 0.0165158 0.00404392 -0.000810435 -0.002946 -0.00224365 -0.00861674 -0.000629574 -0.00128406 -0.0159376 0.000828099 0.0095886 0.000107252 0.000710834 0.00469693 0.00222945 -0.00189841 0.00447435 -2.89335e-05 0.000987396 0.00632733 0.00070489 0.0082023 0.0136994
internal_weight=177942 4162 2620 342 181 1542 926 94 832 2278 989 960 194 766 746 52 1289 98 1191 1137 808 498 260 77 173780 6906 347 6559 316 150
internal_count=177942 4162 2620 342 181 1542 926 94 832 2278 989 960 194 766 746 52 1289 98 1191 1137 808 498 260 77 173780 6906 347 6559 316 150
is_linear=0
shrinkage=0.05


Tree=144
num_leaves=31
num_cat=0
split_feature=11 10 9 0 5 8 8 11 10 12 4 8 11 3 4 0 5 11 5 0 0 6 6 7 6 9 8 4 5 0
split_gain=2.41631 4.26325 4.53404 5.76092 4.9656 3.77081 3.65656 3.33264 7.99242 6.82971 7.1456 7.0611 6.4565 6.66136 5.12347 5.13461 5.08357 4.90315 4.71084 4.42083 5.02339 3.97217 6.31525 3.95394 3.8159 6.77801 6.33796 4.15648 4.40655 5.22169
threshold=0.11950200000000001 0.32282450000000013 0.59317150000000007 -0.036096461165739384 -3.4324976795064797 -0.045750439440615971 1.0241060565142306 0.011687999999999964 -0.01079350000000001 -1.6259007607542149 -0.62676846150217524 -1.7391900421679354 -0.0017044999999999975 1.5633607520564046 -0.2102169327317662 0.36400549450549452 -2.1378727595065183 1.0000000180025095e-35 -3.6075725180739506 -0.1129757402639202 -0.13503995720894643 -6.5848101596763264 -5.9507593418597535 -3.6782313798143473 -3.3406564395067715 0.24775325000000001 -2.5176880911085076 -0.2280803523471909 -3.958401207119111 0.046164418910962797
decision_type=2 2 2 2 2 2 2 2 2 2 2 2 2 2 2 2 2 2 2 2 2 2 2 2 2 2 2 2 2 2
left_child=7 6 4 5 -3 -4 -2 12 9 10 -9 -11 -1 -14 24 -16 19 18 -15 20 -12 -21 -23 -24 27 26 -26 28 29 -10
right_child=1 2 3 -5 -6 -7 -8 8 14 11 16 -13 13 17 15 -17 -18 -19 -20 21 -22 22 23 -25 25 -27 -28 -29 -30 -31
leaf_value=0.00022379686727187761 -0.00043719908912330974 -0.029863452707799394 -0.023703733039029104 0.0015394567283280093 -0.0042935172970582905 -0.0036749942145840406 -0.014235871389261162 0.024938680269821947 0.0018720409862656698 -0.012171261601802355 -0.0018161816499483439 -0.0028919587672482368 -0.00062459754016626291 -0.022499121024156923 -5.1667392981258292e-05 0.003601966210854532 0.0040354999076953396 0.0042891397456698089 -0.00067982754494926533 -0.015106489226066819 -0.020814067020546646 0.019118525804951787 -0.0048622635695955499 0.00024079738921665758 0.0049523905571916479 0.0010940988659594521 0.022471186488733762 0.0051883850567691937 -0.0042763615688462958 -0.0045752708426739647
leaf_weight=57721 2378 39 47 183 37 47 49 28 1172 237 81 1519 52079 32 32420 991 520 1067 109 48 61 40 493 1650 286 22982 63 264 870 429
leaf_count=57721 2378 39 47 183 37 47 49 28 1172 237 81 1519 52079 32 32420 991 520 1067 109 48 61 40 493 1650 286 22982 63 264 870 429
internal_value=2.66739e-12 -0.00146253 -0.00659664 -0.00362845 -0.0174149 -0.0136894 -0.000715788 2.32118e-05 0.000310098 -0.00168006 -0.000198623 -0.00414435 -0.000142586 -0.000539456 0.000466595 5.67026e-05 -0.000441915 0.00313116 -0.00563172 -0.00142306 -0.00997725 -0.000878597 -0.000565753 -0.000933169 0.000991989 0.00119912 0.00811481 -0.00077494 -0.00141206 0.000144435
internal_weight=177942 2780 353 277 76 94 2427 175162 64154 4677 2921 1756 111008 53287 59477 33411 2893 1208 141 2373 142 2231 2183 2143 26066 23331 349 2735 2471 1601
internal_count=177942 2780 353 277 76 94 2427 175162 64154 4677 2921 1756 111008 53287 59477 33411 2893 1208 141 2373 142 2231 2183 2143 26066 23331 349 2735 2471 1601
is_linear=0
shrinkage=0.05


Tree=145
num_leaves=31
num_cat=0
split_feature=7 9 0 8 6 7 6 6 7 8 3 3 2 10 10 1 4 12 9 11 2 0 10 1 1 5 2 12 0 6
split_gain=2.41549 9.16906 6.6112 4.26293 7.36566 11.5024 8.18488 7.18802 7.28212 7.16447 6.61438 6.12145 5.77314 5.1144 5.07819 4.58044 3.69371 9.10401 8.7536 6.28344 3.6388 4.18146 3.69319 4.45694 6.28137 4.44767 4.42208 4.25362 3.60948 3.85851
threshold=1.2644557469035156 0.58872900000000017 0.72245182591865209 0.21788759242743436 -4.7861466191853337 -1.1349316329791421 -1.0378690880334245 0.63283129223687562 0.80128946296928849 -0.27656457206873453 0.0077496821643641143 0.063717479869984342 0.72818916816075241 0.11170199999999998 0.077782500000000018 -0.10626276369514008 -0.001330377201759436 -1.3932795451605469 0.25932775000000002 0.0089950000000000186 -0.57504194449087731 0.18789314396486936 0.1033285 -0.24778226798039246 -0.10626276369514008 1.4814305384966715 -0.76180543515133226 0.17738118058751526 -0.10254208925858897 0.32982968531293849
decision_type=2 2 2 2 2 2 2 2 2 2 2 2 2 2 2 2 2 2 2 2 2 2 2 2 2 2 2 2 2 2
left_child=3 2 -2 7 -5 6 -6 8 20 13 12 -12 -11 16 -13 -15 18 19 -9 -18 21 22 25 26 -25 -1 -24 -28 29 -3
right_child=1 28 -4 4 5 -7 -8 9 -10 10 11 14 -14 15 -16 -17 17 -19 -20 -21 -22 -23 23 24 -26 -27 27 -29 -30 -31
leaf_value=0.0012435471504737578 -0.042496477346867324 -0.011824066497729291 -0.0061047291974178873 0.030357851399193433 -0.0078493390345780213 0.0017896741866823521 -0.042440070426091554 0.025997481202440605 -0.0092774189129180475 -0.0051286607420376459 0.030193099116339633 0.0068404535014895121 0.018716462094474723 0.014135470530339356 -0.0069606495758882548 -0.004865049514420597 -0.050069331837585197 -0.001173881730659211 -0.0066673556461255366 -0.012122606679331512 -1.0788014941113433e-05 -0.0056797893109476376 0.022715786199218463 0.029189369217195411 0.0048675975548561484 0.023369282143919368 0.0042618202477021343 -0.013459519659861542 0.0024043067008632907 -0.00061681457297405973
leaf_weight=1821 24 128 26 22 118 4558 20 21 211 424 23 285 27 58 87 70 24 47 879 20 167913 168 28 47 61 23 257 39 321 192
leaf_count=1821 24 128 26 22 118 4558 20 21 211 424 23 285 27 58 87 70 24 47 879 20 167913 168 28 47 61 23 257 39 321 192
internal_value=-1.36821e-12 -0.00295046 -0.0235728 1.15021e-05 0.00149432 0.0013591 -0.0128625 -2.90462e-05 5.5933e-06 -0.00303586 0.00043639 0.00516049 -0.00370113 -0.00566099 0.00361278 0.00374456 -0.00687583 -0.0164757 -0.00590518 -0.0328208 1.7091e-05 0.0019325 0.00249439 0.00665563 0.0154521 0.00151952 0.00372348 0.00192691 -0.00134185 -0.00509972
internal_weight=177942 691 50 177251 4718 4696 138 172533 170568 1965 846 395 451 1119 372 128 991 91 900 44 170357 2444 2276 432 108 1844 324 296 641 320
internal_count=177942 691 50 177251 4718 4696 138 172533 170568 1965 846 395 451 1119 372 128 991 91 900 44 170357 2444 2276 432 108 1844 324 296 641 320
is_linear=0
shrinkage=0.05


Tree=146
num_leaves=31
num_cat=0
split_feature=2 10 11 11 7 10 6 8 3 9 8 8 8 11 8 8 11 7 2 12 9 7 6 3 8 6 0 4 9 8
split_gain=2.29348 4.43638 4.81094 6.0186 11.584 8.33847 6.17817 9.39825 6.68107 5.007 10.52 7.95817 6.56467 4.80898 5.82573 4.7622 5.84044 7.48076 6.1863 5.39265 4.73501 5.1875 4.68362 4.59405 4.66713 4.45978 4.74393 4.57586 4.43281 6.51696
threshold=0.13480463364892739 0.078809999999999977 -0.011076000000000029 0.012747499999999997 -5.161602059988339 0.011189500000000021 -1.0823724596527378 -1.9486001921880709 0.48845519167301349 0.37736350000000002 -2.7340450494586528 -0.61616188386454362 -3.6295390128577814 -0.014104000000000018 -3.7876692494490634 0.43758763546046076 0.11950200000000001 0.15475293825086553 -0.038826125852081998 -0.29876123285673856 0.7864762500000001 -0.6649693646102034 0.17922085934290269 0.14557392577284092 -4.4623855739459852 -5.9507593418597535 -0.42992763014951463 -0.59974096739039306 0.20737425000000004 -3.3337821518516422
decision_type=2 2 2 2 2 2 2 2 2 2 2 2 2 2 2 2 2 2 2 2 2 2 2 2 2 2 2 2 2 2
left_child=1 2 9 4 5 -4 8 -8 25 11 -11 12 -1 14 -3 16 23 18 19 -18 21 -10 -17 24 -15 -6 -27 -28 -5 -30
right_child=-2 13 3 28 6 -7 7 -9 20 10 -12 -13 -14 15 -16 22 17 -19 -20 -21 -22 -23 -24 -25 -26 26 27 -29 29 -31
leaf_value=-0.0035884442792920748 0.00023665923272024711 -0.019339977624885582 0.0023460250399292039 0.0022702333744233833 0.0055397574513654374 0.033861713027070486 -0.0085206644295288871 -0.0017303288082935742 0.0021151651963277154 -0.013936612638644874 -5.3427773191253592e-05 -0.029310378840281849 0.0019398022151462626 -0.012908135119237399 -0.0014885352379318524 0.0010055407429593972 0.0030019397007009598 -0.014263932935148478 -0.0068390311872056977 -0.0083101655497023526 0.014794774038184966 -0.0096581639047255939 0.0090328584271182691 -0.00067351510968311249 0.0014333686689564807 -0.008893084368805905 0.0021516729921102523 -0.00092443726971140323 -0.0040541312780738052 8.0994813399234622e-05
leaf_weight=582 64986 47 43 2183 274 41 586 3907 2066 138 12158 21 6946 57 1656 389 643 125 354 126 70 98 341 3594 11906 183 1250 36816 990 25366
leaf_count=582 64986 47 43 2183 274 41 586 3907 2066 138 12158 21 6946 57 1656 389 643 125 354 126 70 98 341 3594 11906 183 1250 36816 990 25366
internal_value=2.5868e-12 -0.000136155 -0.000278126 -0.000463802 -0.000821883 0.0177287 -0.00085632 -0.00261596 -0.000662339 0.000413053 -0.000209241 0.00142666 0.00151241 0.000555455 -0.00198121 0.000801815 0.000630078 -0.00266093 -0.00136941 0.00114846 0.001996 0.00158199 0.00475529 0.000894087 0.00136504 -0.0008165 -0.000862034 -0.000823425 0.000105009 -7.43313e-05
internal_weight=177942 112956 93718 73873 45334 84 45250 4493 40757 19845 12296 7549 7528 19238 1703 17535 16805 1248 1123 769 2234 2164 730 15557 11963 38523 38249 38066 28539 26356
internal_count=177942 112956 93718 73873 45334 84 45250 4493 40757 19845 12296 7549 7528 19238 1703 17535 16805 1248 1123 769 2234 2164 730 15557 11963 38523 38249 38066 28539 26356
is_linear=0
shrinkage=0.05


Tree=147
num_leaves=31
num_cat=0
split_feature=5 7 6 8 6 8 11 7 10 7 8 12 0 3 6 8 4 8 7 0 7 11 10 0 9 11 1 10 6 6
split_gain=2.25625 4.37071 3.61912 13.1553 6.72658 6.10018 5.82214 4.90691 5.6877 4.66259 17.1855 8.84994 6.64737 6.49294 9.35982 5.1448 6.39197 4.59318 4.57717 4.39101 8.26432 4.48396 4.24185 4.11555 4.3475 4.5817 3.99044 3.97288 3.89407 4.48362
threshold=0.54371673742843962 -1.7629918619836513 -0.20693699860562828 -0.43103705456179181 0.42103195004701283 -2.0010649563321201 -0.12171299999999995 -0.44328758121803385 0.04667549999999996 -0.16936222881315599 -0.48631132294880131 -1.7571904394264692 -0.32408908367627526 0.16055691949864329 -4.943957892341138 -0.66351613797383402 -0.62676846150217524 -2.0863245640803969 0.28552176149067771 -0.19155758489531574 -2.5104400087530458 -0.029962000000000013 0.056274999999999999 0.36400549450549452 0.6074312500000002 0.021821000000000011 0.28560718460570095 0.047580000000000004 -2.3308193744572869 -3.5153455625576067
decision_type=2 2 2 2 2 2 2 2 2 2 2 2 2 2 2 2 2 2 2 2 2 2 2 2 2 2 2 2 2 2
left_child=2 -2 9 4 5 17 -6 -8 -9 19 11 13 -12 14 -11 -13 -17 -4 -18 20 27 -22 -10 -21 25 -25 -26 -1 29 -23
right_child=1 -3 3 -5 6 -7 7 8 22 10 12 15 -14 -15 -16 16 18 -19 -20 23 21 28 -24 24 26 -27 -28 -29 -30 -31
leaf_value=-0.0075731872846004113 -0.011246431852415415 0.001251587253452183 -0.0036561764977580194 0.00078032856775065535 -0.030475714642554521 -0.0014616993747068041 -0.010778734121433818 0.00021184996955794563 -0.026956899650394918 -0.031857539042830472 -0.0045626010045751505 -0.012428081497511546 0.00085488160870410247 0.023733398408762048 0.0065854830134316885 -0.016982323704777581 -0.0010884077259612089 -0.025205753365298733 -0.018821642377879474 -5.4967124549801398e-06 0.0053059348017819846 0.0071849124496491034 -0.0069670296946234252 0.002437300838028472 -0.0045108014777426866 0.011088550209618606 0.0029867897104185266 0.0031949389358133539 0.002084697332661172 -0.0029263051659373356
leaf_weight=354 71 4746 51 4483 25 2632 357 403 30 20 670 457 3656 35 76 95 403 48 40 152147 847 127 230 405 287 246 465 113 3621 802
leaf_count=354 71 4746 51 4483 25 2632 357 403 30 20 670 457 3656 35 76 95 403 48 40 152147 847 127 230 405 287 246 465 113 3621 802
internal_value=-3.07783e-12 0.00106737 -2.96984e-05 -0.00105109 -0.00322542 -0.00192001 -0.00663698 -0.0060527 -0.00350792 2.14685e-05 -0.00141635 -0.00691868 1.58355e-05 0.00529782 -0.00142348 -0.00852708 -0.00521341 -0.0141045 -0.0026896 7.06422e-05 0.00141346 0.00196561 -0.00927355 1.93607e-05 0.002715 0.00570644 0.000125342 -0.00496762 0.0013438 -0.00154404
internal_weight=177942 4817 173125 8259 3776 2731 1045 1020 663 164866 5452 1126 4326 131 96 995 538 99 443 159414 5864 5397 260 153550 1403 651 752 467 4550 929
internal_count=177942 4817 173125 8259 3776 2731 1045 1020 663 164866 5452 1126 4326 131 96 995 538 99 443 159414 5864 5397 260 153550 1403 651 752 467 4550 929
is_linear=0
shrinkage=0.05


Tree=148
num_leaves=31
num_cat=0
split_feature=7 9 0 8 6 7 6 6 7 8 3 3 2 10 10 1 4 12 9 11 4 0 6 2 9 0 9 7 10 9
split_gain=2.27325 8.20764 5.94319 3.54472 6.65513 10.3263 7.37203 6.17327 6.45562 6.06238 5.94242 5.52485 5.19113 4.64913 4.57003 4.07607 3.34985 8.04678 8.01731 5.59808 3.24641 5.33853 4.0859 3.88985 4.01983 3.31102 7.92119 4.1109 4.35093 4.05531
threshold=1.2644557469035156 0.58872900000000017 0.72245182591865209 0.21788759242743436 -4.7861466191853337 -1.1349316329791421 -1.0378690880334245 0.63283129223687562 0.80128946296928849 -0.27656457206873453 0.0077496821643641143 0.063717479869984342 0.72818916816075241 0.11170199999999998 0.077782500000000018 -0.10626276369514008 -0.001330377201759436 -1.3932795451605469 0.25932775000000002 0.0089950000000000186 -0.6808459810309947 0.12435782964012067 -0.66290213303345868 -0.57504194449087731 0.7123870000000001 0.3404830362277172 0.17606625000000001 0.21697175979466107 0.13288350000000004 1.0682890000000003
decision_type=2 2 2 2 2 2 2 2 2 2 2 2 2 2 2 2 2 2 2 2 2 2 2 2 2 2 2 2 2 2
left_child=3 2 -2 7 -5 6 -6 8 20 13 12 -12 -11 16 -13 -15 18 19 -9 -18 21 -1 23 24 -23 -22 -27 -28 29 -29
right_child=1 -3 -4 4 5 -7 -8 9 -10 10 11 14 -14 15 -16 -17 17 -19 -20 -21 25 22 -24 -25 -26 26 27 28 -30 -31
leaf_value=0.0020561794372811722 -0.040315690341716011 -0.0013403307318164115 -0.0058114366811843447 0.028799379523843528 -0.0074824365696443589 0.0016427436515972238 -0.040310636311769489 0.025070463147546563 -0.0087340656708775888 -0.0048936669812219245 0.028640927935181106 0.0064510057555928245 0.017717571328911517 0.013542558143621888 -0.0066413888295619996 -0.0043813570951377707 -0.047174960460203391 -0.0011415608009283848 -0.006190431707935192 -0.011357454992830755 -4.9682532667280418e-05 -0.0021279048891021655 0.0024494418447526794 -0.0031392564533551763 -0.022887234478097027 0.032964823306538167 0.0020907180076903272 0.00026918580363297963 -0.017502535720511029 -0.018980265210072202
leaf_weight=3841 24 641 26 22 118 4558 20 21 211 424 23 285 27 58 87 70 24 47 879 20 162755 39 237 327 58 20 2691 311 48 30
leaf_count=3841 24 641 26 22 118 4558 20 21 211 424 23 285 27 58 87 70 24 47 879 20 162755 39 237 327 58 20 2691 311 48 30
internal_value=6.5594e-13 -0.00286227 -0.0223735 1.11583e-05 0.0013633 0.00123477 -0.0122401 -2.58168e-05 6.28462e-06 -0.00281232 0.000381722 0.00485944 -0.00354 -0.00522711 0.00338907 0.00374042 -0.00638538 -0.0155275 -0.00546101 -0.0308943 1.71102e-05 0.00134192 -0.00280857 -0.00574761 -0.0145407 -1.88507e-05 0.00159987 0.0013962 -0.00340826 -0.00142431
internal_weight=177942 691 50 177251 4718 4696 138 172533 170568 1965 846 395 451 1119 372 128 991 91 900 44 170357 4502 661 424 97 165855 3100 3080 389 341
internal_count=177942 691 50 177251 4718 4696 138 172533 170568 1965 846 395 451 1119 372 128 991 91 900 44 170357 4502 661 424 97 165855 3100 3080 389 341
is_linear=0
shrinkage=0.05


Tree=149
num_leaves=31
num_cat=0
split_feature=8 9 6 5 5 0 0 6 5 2 9 9 9 8 1 3 8 11 7 8 4 11 7 0 7 9 0 0 6 5
split_gain=2.2248 5.27283 3.48742 4.57462 6.01945 4.03517 3.32741 3.3271 3.23957 4.2978 3.03235 2.7349 2.18612 7.55281 11.6687 10.2322 6.14137 6.57821 7.23117 6.06414 5.81249 4.85379 4.52367 3.25205 2.17926 8.93488 5.40801 3.19016 3.33576 5.12365
threshold=-4.1118639393378862 0.20056225000000003 -3.8060801033837373 -7.1334166974651589 -4.1628899774325445 0.0093138785754768322 -0.0031800716074425468 -3.3738327113685496 -17.265404112630751 0.087249232540967739 0.21593700000000002 0.2720597500000001 0.12638750000000001 -0.77402731153567461 0.086540998579257136 0.33075328221016415 -2.337266594887343 0.0060690000000000197 -3.9872842925641923 -1.9800642040492045 -0.053432797081902232 0.0080854999999999972 -3.2446142782400815 0.040911825839623724 1.2644557469035156 0.58872900000000017 0.72245182591865209 -0.10254208925858897 0.32982968531293849 -0.61171963790915118
decision_type=2 2 2 2 2 2 2 2 2 2 2 2 2 2 2 2 2 2 2 2 2 2 2 2 2 2 2 2 2 2
left_child=1 8 3 5 6 -3 -5 -4 9 -1 -8 -12 13 14 20 -15 22 18 -18 -19 -2 -22 -16 -21 -14 26 -26 28 29 -27
right_child=12 2 7 4 -6 -7 10 -9 -10 -11 11 -13 24 15 16 -17 17 19 -20 23 21 -23 -24 -25 25 27 -28 -29 -30 -31
leaf_value=-0.00061563097657887521 -0.0085420384152053771 -0.0050470877219648928 -0.030513495352740089 -0.0057224892204006516 0.0039600053167669104 0.020843663154583841 -0.037539312536803968 -0.0052370424827803738 -0.00023216570071724134 -0.026851789137624482 -0.002447950520685741 -0.027674264884130523 3.8428494311625613e-05 0.035199169014339095 -0.016755800873682537 -0.0075735510840755083 -0.00078263979604733841 0.023706501495579017 -0.035095081100349916 -0.017611203237902374 0.0046965043301935554 0.035271082729101184 -0.044176843159255533 0.0041557283158023912 -0.041274083130385567 -0.0044363921474838064 -0.0065988267618443137 0.0022485257621428049 -0.00063797664588491907 -0.026170274226042706
leaf_weight=37 29 34 30 45 55 27 24 23 1761 27 21 22 174785 27 53 29 28 23 34 32 27 25 21 37 23 89 22 321 192 39
leaf_count=37 29 34 30 45 55 27 24 23 1761 27 21 22 174785 27 53 29 28 23 34 32 27 25 21 37 23 89 22 321 192 39
internal_value=-7.6582e-13 -0.00161548 -0.00799137 -0.00530578 -0.0095862 0.00641275 -0.0162384 -0.0195445 -0.000633765 -0.011684 -0.0233013 -0.0153544 1.93487e-05 -0.00384618 -0.00690809 0.013049 -0.0126994 -0.007011 -0.0195991 0.00147231 0.00939338 0.0193958 -0.0245374 -0.00593908 2.73894e-05 -0.00278524 -0.0243217 -0.00127331 -0.00480616 -0.0110584
internal_weight=177942 2106 281 228 167 61 112 53 1825 64 67 43 175836 365 309 56 228 154 62 92 81 52 74 69 175471 686 45 641 320 128
internal_count=177942 2106 281 228 167 61 112 53 1825 64 67 43 175836 365 309 56 228 154 62 92 81 52 74 69 175471 686 45 641 320 128
is_linear=0
shrinkage=0.05


Tree=150
num_leaves=31
num_cat=0
split_feature=5 6 9 10 10 4 2 9 3 3 6 1 10 3 3 7 10 8 5 6 2 5 9 8 7 5 7 12 10 9
split_gain=2.1493 3.79039 14.6246 9.75284 10.6354 4.68844 3.59794 5.7716 3.45543 4.69789 2.99252 5.11406 11.0509 5.54862 3.21657 4.26893 4.4967 3.38738 6.58246 6.46256 5.89912 5.37732 4.7699 4.53732 7.40164 5.22779 5.72365 9.85307 7.01845 5.13081
threshold=-7.2265905398738992 -6.5848101596763264 0.34075475000000005 0.016362499999999978 0.15840749999999998 -0.001330377201759436 0.30842012291644555 0.16917425 0.39290937071332316 0.060398335542635968 -0.37375792633724131 0.36510547201336691 0.093330999999999983 0.198924519580057 0.92194143336408552 -5.161602059988339 0.11658800000000004 -4.4623855739459852 -7.6777408266029825 -6.5848101596763264 0.022834079926464582 -8.4802051997006931 0.12638750000000001 -3.6644220072593749 -5.161602059988339 -17.265404112630751 -2.6046184658081022 -2.6846372497584228 0.048963000000000013 0.14015625000000001
decision_type=2 2 2 2 2 2 2 2 2 2 2 2 2 2 2 2 2 2 2 2 2 2 2 2 2 2 2 2 2 2
left_child=10 2 3 5 6 8 7 -5 9 -2 14 -12 13 -13 17 -16 -17 18 19 20 -1 -21 -22 24 -19 29 -27 -28 -29 -25
right_child=1 -3 -4 4 -6 -7 -8 -9 -10 -11 11 12 -14 -15 15 16 -18 23 -20 21 22 -23 -24 25 -26 26 27 28 -30 -31
leaf_value=-0.040747444882341055 0.012453339455856218 4.4977019883725376e-05 -0.034295579083263875 0.055930526165651501 -0.0095862002800340251 -0.022697447426617147 0.013885264338127205 0.023591140211509491 0.021213836730881175 -0.017042092102821229 -0.0018894832324804157 0.012460548932162616 -0.047151936297970161 -0.017358935091238564 0.023169113501906397 0.0031331422587555246 -0.014578653028921078 0.028382686539380638 0.01459644737187773 0.005525673584391674 -0.022997346989122099 -0.022463773652403193 0.00094096549590559392 0.019532136612946893 0.0018892379479352806 -0.00024443591294302829 -0.010139629078541618 -0.0037353646900835425 0.00056052760531173542 0.0005704969771806659
leaf_weight=23 27 162045 20 22 23 20 28 37 22 27 321 26 21 39 25 629 38 27 32 78 46 22 38 36 1117 4851 408 2322 1610 3962
leaf_count=23 27 162045 20 22 23 20 28 37 22 27 321 26 21 39 25 629 38 27 32 78 46 22 38 36 1117 4851 408 2322 1610 3962
internal_value=-1.22703e-12 5.40016e-05 0.00652476 0.0104879 0.0206514 -0.00115772 0.0286452 0.0356499 0.00451063 -0.00229438 -0.000559179 -0.00479051 -0.0156188 -0.00543114 -0.000446355 0.00288437 0.00212407 -0.000604525 -0.00650806 -0.00977059 -0.0183113 -0.000632005 -0.0121681 -0.000506085 0.00251452 -0.000768089 -0.00142463 -0.00274379 -0.00197637 0.000741237
internal_weight=177942 162271 226 206 110 96 87 59 76 54 15671 407 86 65 15264 692 667 14572 239 207 107 100 84 14333 1144 13189 9191 4340 3932 3998
internal_count=177942 162271 226 206 110 96 87 59 76 54 15671 407 86 65 15264 692 667 14572 239 207 107 100 84 14333 1144 13189 9191 4340 3932 3998
is_linear=0
shrinkage=0.05


Tree=151
num_leaves=31
num_cat=0
split_feature=4 0 12 11 7 2 9 9 3 11 10 5 8 1 9 8 5 1 0 9 4 0 0 10 9 8 9 2 11 12
split_gain=2.14425 4.61121 5.70146 4.81155 7.22415 4.88866 4.30268 4.94596 3.97633 4.91554 6.30648 6.10205 5.3151 5.61408 5.33913 5.27827 4.79202 4.7148 4.57226 5.33887 4.64506 4.49588 4.70877 5.84696 5.99591 4.69432 5.09423 5.32255 4.47149 4.35549
threshold=-0.092435408751648171 -0.039643608366075327 -2.8978741608529295 -0.16932099999999997 -0.35020035185588611 0.071898516581025321 0.32867275000000007 0.67579700000000009 -0.14642172662337896 -0.020214000000000006 0.040577000000000051 0.54371673742843962 1.0241060565142306 0.3459851584359373 0.82115925000000012 -1.9381697619523512 -3.6742224844473133 -0.10936442739626821 -0.1779638406019933 0.50242925000000016 -0.22010288365283273 -0.058817645882117624 0.10238234801540792 -0.0060334999999999963 0.20950900000000003 -0.45807636159734827 0.55057825000000005 0.18625881097321387 -0.12171299999999995 -2.8545785745215873
decision_type=2 2 2 2 2 2 2 2 2 2 2 2 2 2 2 2 2 2 2 2 2 2 2 2 2 2 2 2 2 2
left_child=8 2 -2 4 6 -5 -3 -8 17 10 11 -10 13 -11 -14 -12 -16 29 19 -13 -20 -19 25 24 -24 26 -23 -28 -26 -1
right_child=1 3 -4 5 -6 -7 7 -9 9 12 15 18 14 -15 16 -17 -18 21 20 -21 -22 22 23 -25 28 -27 27 -29 -30 -31
leaf_value=0.0052861467729036875 0.0012924040971418265 0.013451911494708979 -0.0032746423019904994 -0.0010718856012537253 -0.037021788265556098 0.00011030521837701601 -0.015089121215306679 0.010717764558891457 0.0017112652310639657 0.00011852688390319861 0.0032179539922314385 0.035778711541839273 -0.030285366403910781 0.0023069356410548875 0.016623849960286981 -0.0031525128393211687 -0.0076130544745440917 -0.002261365393337776 -0.0036375407622351004 0.010286980696643393 0.012357755827602663 0.00029372777914775909 -0.029697731066414199 -0.00077346262850373662 0.0076616540849686436 0.0041780150787098392 -0.0043046959364362756 0.0028105441388019941 -0.0046893782106504174 0.0002522499406103688
leaf_weight=440 942 26 2489 10754 20 46808 82 24 7107 58569 450 23 23 3085 23 1172 180 3776 120 192 73 12213 23 7445 78 690 1207 336 1211 18361
leaf_count=440 942 26 2489 10754 20 46808 82 24 7107 58569 450 23 23 3085 23 1172 180 3776 120 192 73 12213 23 7445 78 690 1207 336 1211 18361
internal_value=-1.2186e-12 -0.000239885 -0.00202073 -0.000134017 -0.00901821 -0.000110557 -0.00477524 -0.00924605 0.000125584 0.000359819 0.00144237 0.00205264 0.000199973 0.000228029 -0.00745383 -0.00138512 -0.004867 -0.000237777 0.00799907 0.013014 0.00241249 -0.000661363 -0.000400983 -0.00131583 -0.0043935 0.000153586 -4.82791e-05 -0.0027553 -0.00394199 0.000370058
internal_weight=177942 61145 3431 57714 152 57562 132 106 116797 71017 9137 7515 61880 61654 226 1622 203 45780 408 215 193 26979 23203 8757 1312 14446 13756 1543 1289 18801
internal_count=177942 61145 3431 57714 152 57562 132 106 116797 71017 9137 7515 61880 61654 226 1622 203 45780 408 215 193 26979 23203 8757 1312 14446 13756 1543 1289 18801
is_linear=0
shrinkage=0.05


Tree=152
num_leaves=31
num_cat=0
split_feature=11 5 1 2 7 10 8 8 1 6 7 10 9 4 0 11 10 12 4 8 11 3 10 7 3 4 0 11 5 9
split_gain=2.10312 3.50527 4.54773 3.00662 2.44133 3.62903 2.77866 5.02678 4.98016 4.52298 3.99051 3.98321 3.5276 3.84208 3.09691 2.27209 6.33233 5.93461 6.8272 6.44102 5.45799 5.97217 6.49696 4.8518 5.42938 4.38971 5.12894 5.21103 4.16259 4.13342
threshold=0.23900700000000002 -6.1221322041403194 0.088500182374905215 1.5576432820319142 0.21697175979466107 0.20122450000000003 -2.4255331911151932 -1.7158864330406129 0.066202039825157946 -1.4791169810053304 -1.6595353087125175 0.32282450000000013 0.91101375000000007 -0.59974096739039306 -0.020325203252032516 0.011687999999999964 -0.01079350000000001 -1.6259007607542149 -0.62676846150217524 -1.7391900421679354 -0.0017044999999999975 0.47103760831720537 0.25252300000000005 -2.127191276474655 1.8354068117313154 -0.2102169327317662 0.36400549450549452 0.06857199999999998 -2.1378727595065183 0.47875400000000007
decision_type=2 2 2 2 2 2 2 2 2 2 2 2 2 2 2 2 2 2 2 2 2 2 2 2 2 2 2 2 2 2
left_child=15 2 -2 4 6 -6 8 9 -3 14 -9 -12 -13 -14 -8 20 17 18 -17 -19 -1 -22 23 29 -25 -18 27 -27 -20 -23
right_child=1 3 -4 -5 5 -7 7 10 -10 -11 11 12 13 -15 -16 16 25 19 28 -21 21 22 -24 24 -26 26 -28 -29 -30 -31
leaf_value=0.00020934221892686389 -0.0021418002026621255 -0.020616031939252502 -0.030603421345353127 0.016478845481337472 -0.027348519082773817 -0.0044786602942977196 0.00623089112341404 -0.018133699209096712 0.0096982959238812328 -0.004081734967573236 0.004228776891130148 -0.0001351025493204361 -0.0017259939759969711 -0.027886485798808282 0.030445991180116136 0.023599052342275779 0.00085059030358425845 -0.011325458823665062 -0.0012621639491825641 -0.0025914305481783001 -0.0007277730020437724 0.0023608608229897547 0.024325074046721747 -0.0011111915841404158 0.0033047423300539228 8.0246823228528996e-05 0.0034090886369184331 -0.0021827770732612975 0.0036469097244791848 -0.0056662741432124417
leaf_weight=57721 32 42 25 22 22 82 23 35 20 30 194 80 25 32 31 30 27342 244 2391 1565 44491 3532 29 4234 833 30294 1069 2777 527 168
leaf_count=57721 32 42 25 22 22 82 23 35 20 30 194 80 25 32 31 30 27342 244 2391 1565 44491 3532 29 4234 833 30294 1069 2777 527 168
internal_value=-8.58322e-14 -0.00274511 -0.014625 -0.00168374 -0.00233241 -0.00931652 -0.000913761 0.000453471 -0.0108372 0.0114843 -0.0020782 -0.000380492 -0.00690749 -0.0164126 0.0201322 1.07638e-05 0.00024251 -0.00151502 -0.000131595 -0.00376949 -0.00012752 -0.000492413 0.000698058 0.000619903 -0.000385225 0.000378494 4.02492e-07 -0.000109781 -0.00037557 0.00199639
internal_weight=177942 695 57 638 616 104 512 450 62 84 366 331 137 57 54 177247 66239 4757 2948 1809 111008 53287 8796 8767 5067 61482 34140 33071 2918 3700
internal_count=177942 695 57 638 616 104 512 450 62 84 366 331 137 57 54 177247 66239 4757 2948 1809 111008 53287 8796 8767 5067 61482 34140 33071 2918 3700
is_linear=0
shrinkage=0.05


Tree=153
num_leaves=31
num_cat=0
split_feature=3 1 10 0 9 7 6 0 6 7 0 0 7 8 7 8 3 6 9 5 0 1 7 9 6 0 8 7 0 11
split_gain=2.0651 4.48447 6.37357 7.12332 4.86209 6.13682 4.36789 4.39871 4.36099 7.85202 7.14792 5.65644 7.01821 7.62775 7.00256 7.01733 5.02335 4.98704 5.22765 4.61436 4.6563 5.94366 6.07071 4.6059 5.66085 4.60201 4.57008 7.74607 6.35779 6.81525
threshold=0.0077496821643641143 -0.067168316051729002 0.086586500000000025 -0.011609019153595966 0.37400475000000005 -2.4502732085992975 -3.6315628437797045 0.012058390305364266 -0.94164878677754327 -1.3762185091992478 -0.23709229966973752 -0.022388059701492543 -2.0801431533846317 -1.5262211042627476 -0.63934073005741976 -0.68617932625896427 -0.58063467427324955 -2.7616370087336821 0.38604325000000006 0.24216352141177874 -0.13503995720894643 -0.1848819254353222 -1.6195366679135275 0.49315050000000005 -0.41484001275879862 -0.13147799342875835 -1.288874186969051 -1.4224287275295164 0.038837223037467401 -0.013184500000000014
decision_type=2 2 2 2 2 2 2 2 2 2 2 2 2 2 2 2 2 2 2 2 2 2 2 2 2 2 2 2 2 2
left_child=1 2 8 -4 6 -6 -5 -8 10 23 -1 14 13 -13 19 25 -15 18 -18 20 21 -12 -23 24 -10 -16 28 -28 29 -14
right_child=-2 -3 3 4 5 -7 7 -9 9 -11 11 12 26 16 15 -17 17 -19 -20 -21 -22 22 -24 -25 -26 -27 27 -29 -30 -31
leaf_value=-0.004215746942363578 0.00014382620153066762 -0.00053333755632559664 0.0029939221541671643 -0.0035608180648722186 -0.015583441203233558 -0.0008975016158828987 0.023825343524698506 0.0057168362625867981 -0.0018943527428313496 -0.0007488448771089982 0.0054909226138559857 -0.00123141793829916 0.0074523816385690103 0.013553737871348859 -0.016234883506066441 0.00056894757791576536 0.0047187078952234483 -0.014872140605727491 -0.011477804515613211 -0.018030021066466968 0.0010337027670243764 0.0037573087475816832 -0.0060010269267432807 -0.014592707642020142 -0.022110060719438857 -0.0014507531793220196 -0.0058641310091606218 0.0010072138194450111 0.0048198883055775793 -0.0026118531765387163
leaf_weight=859 103879 42899 3883 87 74 1837 44 141 309 4822 1442 3781 213 25 147 314 94 212 106 30 7599 389 270 152 39 82 552 1596 1265 800
leaf_count=859 103879 42899 3883 87 74 1837 44 141 309 4822 1442 3781 213 25 147 314 94 212 106 30 7599 389 270 152 39 82 552 1596 1265 800
internal_value=-8.08053e-14 -0.000201727 0.000254753 0.00170922 -0.000575945 -0.00146619 0.00567867 0.0100237 -9.67801e-05 -0.00136728 0.00024513 0.000447693 -0.000494862 -0.00195427 0.00124079 -0.00428516 -0.00820856 -0.00952908 -0.00386544 0.00154917 0.00160973 0.00369311 -0.000240795 -0.00733148 -0.00415991 -0.010941 0.000895966 -0.000758607 0.00245612 -0.000495681
internal_weight=177942 74063 31164 6066 2183 1911 272 185 25098 5322 19776 18917 8644 4218 10273 543 437 412 200 9730 9700 2101 659 500 348 229 4426 2148 2278 1013
internal_count=177942 74063 31164 6066 2183 1911 272 185 25098 5322 19776 18917 8644 4218 10273 543 437 412 200 9730 9700 2101 659 500 348 229 4426 2148 2278 1013
is_linear=0
shrinkage=0.05


Tree=154
num_leaves=31
num_cat=0
split_feature=1 10 2 10 3 9 12 6 0 11 4 10 7 0 7 8 6 7 8 7 6 0 0 5 11 8 1 0 10 9
split_gain=2.06161 5.40668 6.62235 5.24459 5.56642 5.06622 9.04471 10.9466 9.13168 6.6268 6.30162 9.68547 5.82234 4.35805 4.97468 15.6651 8.92578 12.5625 10.0273 11.1984 6.58069 6.79033 7.62316 5.80971 5.69404 6.40136 5.67232 5.05049 6.22312 4.94142
threshold=0.18023353200109074 0.14147450000000009 -0.4750630747427757 -0.022372499999999986 0.67252491557532346 0.12638750000000001 -3.511044095852291 -4.7861466191853337 0.14701489709347296 0.0079134999999999917 -0.01399962164207341 -0.056018499999999964 -3.1925103561091093 0.018566673651217339 -2.127191276474655 -2.4040843752435168 -1.9833588996166938 -1.1513896795896317 -1.7730457347493047 -1.8528650038037313 -1.2528234499225961 -0.081373218719656068 -0.2493704942400595 -1.8175282291158721 0.098041000000000031 -1.5747312386578123 -0.1848819254353222 -0.030635779047935071 0.017984000000000017 0.49929225000000005
decision_type=2 2 2 2 2 2 2 2 2 2 2 2 2 2 2 2 2 2 2 2 2 2 2 2 2 2 2 2 2 2
left_child=13 3 -3 4 5 9 8 10 -7 -2 12 -12 -8 14 20 23 17 18 19 29 21 22 -1 -16 25 -19 -24 -21 -29 -17
right_child=1 2 -4 -5 -6 6 7 -9 -10 -11 11 -13 -14 -15 15 16 -18 24 -20 27 -22 -23 26 -25 -26 -27 -28 28 -30 -31
leaf_value=-0.003175525918498913 -0.033894412398964555 0.01610603150135527 -0.0026982333670585862 0.00065336208653375488 0.0019076986090442944 0.0020757936762974545 0.012568760124850087 -0.0021832949624204681 0.044654035586863761 0.0035171688476111742 -0.058305435601089688 -0.010283925739072618 -0.025126427223551129 -0.00044798707604050728 -0.0069176902087447235 0.0010193126816142298 0.000417995422050044 -0.01062790609838214 0.0012491352016381467 -0.0057173646966094133 -0.0071826779139110911 0.00027073780646184767 0.0054644809945769805 0.00099680125067827443 -0.016633670598061548 -0.0029033231445800538 0.0017400369104265828 0.0070306117930120414 -0.0039221881371709552 -0.0074112531503913561
leaf_weight=658 29 48 1906 32955 898 34 20 2188 20 20 21 21 21 52669 1173 2303 27480 305 4809 1807 278 38430 1273 289 90 2223 5191 191 404 188
leaf_count=658 29 48 1906 32955 898 34 20 2188 20 20 21 21 21 52669 1173 2303 27480 305 4809 1807 278 38430 1273 289 90 2223 5191 191 404 188
internal_value=3.43286e-12 0.000325614 -0.00223631 0.000463798 -0.00144546 -0.00271383 -0.00237852 -0.0028594 0.0178455 -0.0186244 -0.0206826 -0.0342947 -0.00673853 -8.89538e-05 0.000128172 -0.000270085 -8.33632e-05 -0.00120165 -0.000372268 -0.00196584 0.000486733 0.000533539 0.0019516 -0.0053532 -0.00427526 -0.00383528 0.00247352 -0.00440175 -0.000406247 0.000383044
internal_weight=177942 38181 1954 36227 3272 2374 2325 2271 54 49 83 42 41 139761 87092 41262 39800 12320 9702 4893 45830 45552 7122 1462 2618 2528 6464 2402 595 2491
internal_count=177942 38181 1954 36227 3272 2374 2325 2271 54 49 83 42 41 139761 87092 41262 39800 12320 9702 4893 45830 45552 7122 1462 2618 2528 6464 2402 595 2491
is_linear=0
shrinkage=0.05


Tree=155
num_leaves=31
num_cat=0
split_feature=2 3 6 10 10 11 6 8 11 10 11 3 11 5 4 0 10 4 3 2 8 2 6 9 7 8 5 4 1 9
split_gain=1.9751 2.64708 3.11847 3.22273 5.93942 2.41487 2.22273 2.91793 3.93045 3.87023 3.2822 3.06675 3.44424 4.4811 3.37922 5.06171 2.8161 3.57538 2.78687 4.4224 3.52393 5.63485 5.00672 3.20918 4.75883 4.4878 2.85774 3.14798 4.13773 3.39203
threshold=-0.76180543515133226 0.11628649973995088 0.32982968531293849 -0.0035705000000000315 -0.103576 -0.016836500000000001 1.5336608685699544 -0.20621053679291659 0.022986000000000038 0.18696450000000003 0.040805500000000001 -0.018465344688170123 -0.023572999999999979 -4.5764564513952619 -0.25924711596842742 -0.19926486358685089 -0.21059850000000002 -1.0000000180025095e-35 -0.5474759968782329 -0.25535123840919627 -0.37254533148162977 0.38882573922778013 -4.5486732228419049 0.69722375000000014 -0.6649693646102034 -1.8728762748764103 -2.5253825112192252 -0.1599412861899778 0.094437331057049448 0.45358025000000007
decision_type=2 2 2 2 2 2 2 2 2 2 2 2 2 2 2 2 2 2 2 2 2 2 2 2 2 2 2 2 2 2
left_child=1 2 -1 4 -4 -6 16 8 -8 11 -11 14 -13 -14 15 -9 17 18 19 -2 21 22 -20 24 26 -25 27 29 -29 -24
right_child=6 -3 3 -5 5 -7 7 9 -10 10 -12 12 13 -15 -16 -17 -18 -19 20 -21 -22 -23 23 25 -26 -27 -28 28 -30 -31
leaf_value=-0.00084679573646962228 -0.022766741015948357 0.017713636745299615 0.019452060386538506 0.009413144900492481 0.00078048468955482049 -0.020200697219115684 -0.017844637599078689 -0.010316947309822752 0.0026396714057126602 -0.027911300754741481 -0.0047781647446200901 0.015587603687666929 0.023240831959992648 -0.0018886968065616764 -0.017559617815392191 0.0065188959711326329 1.2425440032030384e-05 -0.023039416562427174 0.013236385072791474 0.0034225913799471328 0.0080988600406885509 -0.022081237764925595 0.01541659407636249 -0.02956054426729679 0.022675516759045423 -0.0050152335069556919 -0.0085862086199409472 -0.010570900509444377 0.011953850995217051 -0.0066735873208381234
leaf_weight=393 40 28 22 201 24 32 67 82 36 23 46 52 20 157 38 98 175943 22 51 27 83 36 57 25 20 73 118 75 28 25
leaf_count=393 40 28 22 201 24 32 67 82 36 23 46 52 20 157 38 98 175943 22 51 27 83 36 57 25 20 73 118 75 28 25
internal_value=2.64762e-12 0.0026507 0.00202307 0.00606558 -0.00256084 -0.0112088 -1.04687e-05 -0.00300141 -0.0106851 -0.00146766 -0.0124892 0.000233654 0.00427444 0.000950798 -0.00401102 -0.00115077 1.35167e-08 -0.00321144 -0.0025485 -0.0122128 -0.00145288 -0.0030135 -0.00155919 -0.00335152 -0.000946953 -0.0112768 -0.00250619 0.00137187 -0.00444767 0.00868178
internal_weight=177942 700 672 279 78 56 177242 619 103 516 69 447 229 177 218 180 176623 680 658 67 591 508 472 421 323 98 303 185 103 82
internal_count=177942 700 672 279 78 56 177242 619 103 516 69 447 229 177 218 180 176623 680 658 67 591 508 472 421 323 98 303 185 103 82
is_linear=0
shrinkage=0.05


Tree=156
num_leaves=31
num_cat=0
split_feature=8 9 7 6 1 4 2 1 6 9 5 6 11 0 6 10 0 9 3 10 1 11 1 4 7 1 11 9 3 6
split_gain=1.94153 4.69064 3.33731 3.69312 5.48137 4.29411 3.51904 3.31909 4.74527 4.07966 2.93486 8.72538 8.86411 6.35585 5.31199 11.7813 4.31188 3.96986 3.76605 3.08665 2.97813 2.81041 4.62511 2.66106 2.48619 4.2133 2.35312 2.79209 2.8191 2.65397
threshold=-4.1118639393378862 0.20056225000000003 -4.0345973674178817 -3.8060801033837373 -0.010858489375422496 -0.0043665143138373321 0.017900911795128652 0.033383638755729368 -5.265264817263815 0.23274125000000004 -8.1091443839357336 -6.5848101596763264 0.0064054999999999815 0.0057308695569792132 -6.5848101596763264 0.091948500000000002 0.0093138785754768322 0.12638750000000001 0.43730155530244236 0.16585850000000005 0.12393238380080486 0.014140499999999988 -0.032786885245901613 -0.015939396091780075 -5.161602059988339 0.033383638755729368 0.01698499999999999 0.12638750000000001 0.17922089157703006 -4.0079849709690647
decision_type=2 2 2 2 2 2 2 2 2 2 2 2 2 2 2 2 2 2 2 2 2 2 2 2 2 2 2 2 2 2
left_child=1 10 3 4 6 7 -3 8 -6 -9 11 12 13 -1 15 17 -13 -12 19 20 21 24 -23 -20 25 -16 29 -28 -29 -24
right_child=-2 2 -4 -5 5 -7 -8 9 -10 -11 14 16 -14 -15 18 -17 -18 -19 23 -21 -22 22 26 -25 -26 -27 27 28 -30 -31
leaf_value=-0.022758697008802779 1.8075014550893191e-05 0.000516238956358926 -0.01776372259332528 -0.024560839567510859 -0.035108501229634777 0.0074071714629393983 0.027391863295010161 -0.014850711511206573 -0.0076637079046728718 0.014943635454401374 -0.015108384575102142 0.0062872619172724496 -0.034984354905429338 0.015287341711961706 -0.0021436919611814019 0.046156426658853889 -0.0077783584885764874 0.012311827498629239 -0.0015907326713204386 -0.013775423244358258 0.013287191843846814 0.022928934209048749 0.0040398945163290668 -0.026528207941547685 -0.0018185275000870212 0.024902120015273491 0.013515144096066554 0.00030756230698898436 -0.015452061237495705 0.025472136419266461
leaf_weight=21 175836 29 62 21 28 37 21 27 36 20 22 126 42 23 36 20 96 33 20 39 44 30 52 23 954 24 30 134 36 20
leaf_count=21 175836 29 62 21 28 37 21 27 36 20 22 126 42 23 36 20 96 33 20 39 44 30 52 23 954 24 30 134 36 20
internal_value=2.59748e-12 -0.00150913 -0.00752274 -0.00462347 -0.0025089 -0.00734434 0.011804 -0.0122615 -0.0196708 -0.00217227 -0.000583204 -0.0050331 -0.0185543 -0.00287099 0.000320269 0.0132938 0.000204831 0.00134374 -0.000354499 9.34785e-05 0.00049119 6.33598e-05 0.00429728 -0.0149294 -0.00119763 0.00867463 0.00224232 -0.000548033 -0.00302977 0.0099933
internal_weight=177942 2106 281 219 198 148 50 111 64 47 1825 308 86 44 1517 75 222 55 1442 1399 1360 1316 302 43 1014 60 272 200 170 72
internal_count=177942 2106 281 219 198 148 50 111 64 47 1825 308 86 44 1517 75 222 55 1442 1399 1360 1316 302 43 1014 60 272 200 170 72
is_linear=0
shrinkage=0.05


Tree=157
num_leaves=31
num_cat=0
split_feature=4 0 12 2 7 8 11 9 7 11 7 10 10 8 7 2 3 11 10 5 8 4 1 8 11 5 6 4 10 7
split_gain=1.90809 4.22356 5.18093 4.09119 4.33296 4.30187 5.98574 4.58331 4.46224 4.28495 5.52436 4.02014 3.87908 3.71307 4.30157 3.92377 3.50116 4.30509 5.66419 5.41475 4.83786 5.07982 4.92629 4.7623 4.29152 5.64175 5.35354 4.88452 5.18935 5.36747
threshold=-0.092435408751648171 -0.039643608366075327 -2.8978741608529295 0.071898516581025321 -0.31774755435668245 -3.2699263684124049 -0.020214000000000006 0.28755575000000005 -2.9441541029407925 -0.16932099999999997 -1.5215127306535301 -0.13303649999999997 0.18696450000000003 -2.8807947888328029 -2.6046184658081022 -0.055555555555555518 -0.14642172662337896 -0.020214000000000006 0.040577000000000051 0.54371673742843962 1.0241060565142306 -0.20074099863854913 0.3459851584359373 -1.9381697619523512 0.0052489999999999768 1.927547841000401 -6.5848101596763264 -0.23065199118171478 -0.01079350000000001 -0.63934073005741976
decision_type=2 2 2 2 2 2 2 2 2 2 2 2 2 2 2 2 2 2 2 2 2 2 2 2 2 2 2 2 2 2
left_child=16 2 13 4 5 6 7 -3 -8 10 11 -5 -4 15 -15 -2 -1 18 19 -18 22 -22 24 -20 25 -19 -26 28 -28 -30
right_child=1 3 12 9 -6 -7 8 -9 -10 -11 -12 -13 -14 14 -16 -17 17 20 23 -21 21 -23 -24 -25 26 -27 27 -29 29 -31
leaf_value=-0.00022249400130044616 0.021539082054403566 -0.0070803091502089832 -0.0029311724557330794 0.0089455825786682822 -0.020646747946739197 -0.00010075013140803588 -0.0014065939804256584 -0.028408097542498064 -0.012043635175554174 0.00010139699289175241 -0.024785888940095903 -0.012803520652228463 -0.023130299791228028 0.018476710526547473 -0.0043967366113417576 -0.00034579859222154852 0.0016081488732063627 -0.00035038043152107041 0.0030440287599081384 0.007531266032293058 -0.004469735307134781 -0.028368760541081429 0.0021628377352050821 -0.0030070618058657093 -0.021376150134684788 -0.01521491510065971 -0.0021635133470253548 -5.5763788764593728e-06 0.002084424678562504 -0.00026454206681728954
leaf_weight=45780 21 251 2465 42 28 6235 4139 28 101 46808 39 43 24 61 31 829 7107 24600 450 408 201 25 3085 1172 28 64 1051 19953 9618 3255
leaf_count=45780 21 251 2465 42 28 6235 4139 28 101 46808 39 43 24 61 31 829 7107 24600 450 408 201 25 3085 1172 28 64 1051 19953 9618 3255
internal_value=-1.02218e-12 -0.00022629 -0.00193064 -0.000124969 -0.00100326 -0.000952117 -0.00212677 -0.00922073 -0.00165998 7.6807e-05 -0.00920554 -0.0020569 -0.00312594 0.00122764 0.0107694 0.000194887 0.000118466 0.000338261 0.00135136 0.00192972 0.000188669 -0.00711343 0.000215436 -0.00132828 0.000112861 -0.000388952 0.000477902 0.000495965 0.00121467 0.00149048
internal_weight=177942 61145 3431 57714 10782 10754 4519 279 4240 46932 124 85 2489 942 92 850 116797 71017 9137 7515 61880 226 61654 1622 58569 24664 33905 33877 13924 12873
internal_count=177942 61145 3431 57714 10782 10754 4519 279 4240 46932 124 85 2489 942 92 850 116797 71017 9137 7515 61880 226 61654 1622 58569 24664 33905 33877 13924 12873
is_linear=0
shrinkage=0.05


Tree=158
num_leaves=31
num_cat=0
split_feature=11 10 9 0 7 8 7 0 6 4 9 10 8 3 8 6 0 6 12 5 7 7 8 8 8 0 8 2 6 7
split_gain=1.88965 3.19873 3.53351 5.03538 4.63329 3.24388 5.44128 5.60784 4.51414 4.28651 4.49038 3.96493 3.33149 3.55836 3.24626 3.24072 3.78279 3.17375 3.68176 5.63398 3.57045 3.05488 3.52722 3.03144 2.99388 2.85835 4.07455 3.23517 2.80538 4.061
threshold=0.098041000000000031 0.32282450000000013 0.59317150000000007 -0.037250469648380462 -1.450593567641089 -0.81573709035785757 -0.2824885417915563 -0.081373218719656068 -3.2733129845632694 -0.1580227207787728 0.36584450000000002 0.074202500000000046 -2.1275576049591653 -0.30576571469107222 -1.0755016131617254 1.0000000180025095e-35 0.24231586788270779 -0.056510251543739627 -0.054945384395112991 -2.2266354951943179 0.98584515841031373 -1.3454218064475081 -1.1860369459917366 -0.75259067767514598 -0.045750439440615971 0.045052307318160685 0.64417623718873818 0.50312695556946196 -6.5848101596763264 -5.161602059988339
decision_type=2 2 2 2 2 2 2 2 2 2 2 2 2 2 2 2 2 2 2 2 2 2 2 2 2 2 2 2 2 2
left_child=-1 5 4 24 -3 6 7 8 -2 10 -10 -7 -12 21 15 16 28 20 19 -19 23 -14 -23 -13 -4 -5 27 -27 -9 -30
right_child=1 2 3 25 -6 11 -8 14 9 -11 12 17 13 -15 -16 -17 -18 18 -20 -21 -22 22 -24 -25 -26 26 -28 -29 29 -31
leaf_value=2.5249858405469239e-05 -0.012340249115180585 -0.0057350018910559209 -0.020403682915311236 0.012941288492745824 -0.030242387826244041 -0.0067344546005395911 -0.018356719703690426 -0.016431714894790804 0.030054352808055348 -0.015109253926202654 -0.01034024189412594 -0.012451109995890875 0.010581271669694357 0.011478986327317271 0.004632730705710633 -0.01877546421467112 0.010201180455624126 -0.0082142994194079871 -0.0023512756377881902 0.012058421582989996 -0.019833820090018984 -0.024127200761965166 0.0036690093427896504 -0.0011310354050054065 -0.0031858635116368533 -0.010011461134985276 0.018906860660007671 0.0077519758652973298 0.0200872746296227 -0.0015807436082006907
leaf_weight=173769 31 54 51 45 30 385 37 31 23 20 25 64 35 255 277 26 72 44 176 155 29 21 25 779 50 89 21 36 22 1265
leaf_count=173769 31 54 51 45 30 385 37 31 23 20 25 64 35 255 277 26 72 44 176 155 29 21 25 779 50 89 21 36 22 1265
internal_value=-2.77682e-12 -0.00105144 -0.0054505 -0.00285078 -0.0144876 -0.000615816 0.000653043 0.00098357 0.00604724 0.00745817 0.00863355 -0.00229908 0.00726879 0.00857899 -0.000317492 -0.00128586 -0.000958719 -0.000929693 0.0029168 0.00757601 -0.00258386 -0.000550635 -0.00902056 -0.00199045 -0.01188 0.00192384 -0.00147195 -0.00489559 -0.00156836 -0.00121035
internal_weight=177942 4173 376 292 84 3797 2165 2128 435 404 384 1632 361 336 1693 1416 1390 1247 375 199 872 81 46 843 101 191 146 125 1318 1287
internal_count=177942 4173 376 292 84 3797 2165 2128 435 404 384 1632 361 336 1693 1416 1390 1247 375 199 872 81 46 843 101 191 146 125 1318 1287
is_linear=0
shrinkage=0.05


Tree=159
num_leaves=31
num_cat=0
split_feature=4 3 7 10 0 12 2 2 2 1 8 0 7 9 9 11 3 8 5 12 11 2 0 3 11 7 3 12 2 4
split_gain=1.88455 5.41432 3.81952 5.25914 4.8834 6.6688 4.69318 4.18547 3.44845 3.45284 3.44289 3.33603 5.44118 6.73878 4.92191 4.33127 4.04627 3.57887 4.37624 3.32232 10.5897 6.45968 4.20847 4.1496 7.98938 3.80719 3.51031 3.28706 5.00879 4.80124
threshold=-0.40741102077687441 -0.33999687792694344 0.66024292506549187 -0.103576 -0.10254208925858897 0.17738118058751526 -0.4379815413276974 -0.16799281061384139 -0.0945568485273766 0.83244862779434714 -0.045750439440615971 0.72245182591865209 1.2644557469035156 0.55466700000000013 0.61724450000000008 0.13871600000000009 -0.2053922533682653 0.097553224530925187 -3.7423452324472808 -2.249274539482522 -0.050169999999999985 -0.31094578180212007 0.06914961480620864 -0.098690126845891665 0.0089950000000000186 -2.4147452153369859 -0.29932278529389278 -1.0324595666400216 -0.10734204115482303 -0.33267799719656982
decision_type=2 2 2 2 2 2 2 2 2 2 2 2 2 2 2 2 2 2 2 2 2 2 2 2 2 2 2 2 2 2
left_child=1 -1 8 6 10 7 -4 -6 9 19 -5 12 27 -14 16 17 -13 -16 -19 20 -3 23 26 -22 25 -25 -23 -2 29 -29
right_child=11 2 3 4 5 -7 -8 -9 -10 -11 -12 14 13 -15 15 -17 -18 18 -20 -21 21 22 -24 24 -26 -27 -28 28 -30 -31
leaf_value=-0.00024310012239764356 -6.0220997060967124e-06 0.034261819361536591 -0.0010815304704010487 -0.015141885375049067 0.0035892168496502565 -0.0059802139304568069 0.025817718843538919 0.023397988131425032 0.0026686952005807712 0.019370778329670432 -0.0037029031056059962 0.0035121955971762135 -0.036642977561463008 -0.0042924994062438302 -0.0012028905166748991 0.026962006842707827 -0.020381676231730074 0.029143595462664963 0.0065419180372533331 0.00050812113250584229 0.0033049947472358603 0.026321960139003672 0.028123939968645574 -0.013759439757544232 0.0058811609709995211 0.0027850398224674995 0.0048478344963130329 -0.0010130314638442379 -0.00041229092579173971 -0.0057808017606813733
leaf_weight=19452 126598 27 34 73 60 91 31 48 3109 25 665 37 22 60 141 24 34 24 199 11291 614 22 30 153 132 45 141 1258 12592 910
leaf_count=19452 126598 27 34 73 60 91 31 48 3109 25 665 37 22 60 141 24 34 24 199 11291 614 22 30 153 132 45 141 1258 12592 910
internal_value=-1.77203e-12 0.00032286 0.000986415 -0.00200594 -0.00296001 0.00399124 0.0117473 0.0123931 0.00117875 0.00080758 -0.0048344 -8.20078e-05 -9.58185e-05 -0.0129719 0.00417373 0.00638858 -0.00792994 0.00503209 0.00897439 0.000770319 0.00331368 0.00257877 0.0109137 0.000874695 -0.00364713 -0.00999933 0.00774618 -8.83493e-05 -0.000794478 -0.00301426
internal_weight=177942 36043 16591 1002 937 199 65 108 15589 12480 738 141899 141440 82 459 388 71 364 223 12455 1164 1137 193 944 330 198 163 141358 14760 2168
internal_count=177942 36043 16591 1002 937 199 65 108 15589 12480 738 141899 141440 82 459 388 71 364 223 12455 1164 1137 193 944 330 198 163 141358 14760 2168
is_linear=0
shrinkage=0.05


Tree=160
num_leaves=31
num_cat=0
split_feature=2 10 6 11 7 8 0 0 10 4 2 5 11 11 10 11 8 3 7 8 10 8 11 7 2 12 3 0 7 12
split_gain=1.87541 3.75933 5.57273 6.35433 7.6212 6.69824 6.52036 5.11257 9.50958 4.56708 3.99846 3.93033 4.45386 3.95817 3.75109 4.18079 4.94128 4.06141 5.5376 9.36478 4.97535 4.03695 4.8552 6.40492 5.33113 4.64044 4.08798 4.02133 6.94593 4.31042
threshold=0.13480463364892739 0.029135999999999985 -5.4236783576855485 -0.0085580000000000361 -5.161602059988339 -0.61616188386454362 0.073170731707317263 0.18789314396486936 -0.011841000000000044 -0.0053339260576424899 0.26837606837606848 1.927547841000401 0.063004500000000005 0.071801000000000018 0.078809999999999977 -0.014104000000000018 -3.7876692494490634 0.070631771011517866 -5.161602059988339 -3.2087345551221689 -0.011841000000000044 0.43758763546046076 0.11950200000000001 0.15475293825086553 -0.038826125852081998 -0.29876123285673856 0.14557392577284092 -0.15140845070422529 -0.045584283876885574 -1.908477211126504
decision_type=2 2 2 2 2 2 2 2 2 2 2 2 2 2 2 2 2 2 2 2 2 2 2 2 2 2 2 2 2 2
left_child=14 2 3 4 -2 6 -5 8 -6 11 -8 12 -4 -14 17 16 -16 18 19 20 -1 22 26 24 25 -24 27 28 -17 -29
right_child=1 -3 9 5 7 -7 10 -9 -10 -11 -12 -13 13 -15 15 21 -18 -19 -20 -21 -22 -23 23 -25 -26 -27 -28 29 -30 -31
leaf_value=0.0039069902310571213 0.0031801720413014941 -0.00012356237605048165 0.0010525200478072368 -0.0027888332366701341 -0.046853036978947271 -0.027951977520503782 0.027938022110611201 -0.001091559012622937 -0.01049654779930574 -0.00075241633514647275 0.0039169078907168404 0.012144872893968338 -0.013752452783532196 -0.001329000721686125 -0.017839236596123655 0.0052099166494197465 -0.0013986178769545151 0.00016108479222691507 -0.00053308633522318189 -0.016853759586811064 0.033932867066028556 0.0043825424236782883 0.002835583359716043 -0.01315249179592356 -0.0062986656905986878 -0.0076579508835464593 -0.00065360950371201436 0.0022553884584987937 -0.0023107296351376153 0.00011837115357675801
leaf_weight=22 46 36347 23376 299 35 22 30 23 37 4343 41 79 91 217 47 1343 1656 36216 57423 20 37 730 643 125 354 126 3594 3696 398 6526
leaf_count=22 46 36347 23376 299 35 22 30 23 37 4343 41 79 91 217 47 1343 1656 36216 57423 20 37 730 643 125 354 126 3594 3696 398 6526
internal_value=-9.25577e-13 0.000214005 0.000642426 -0.00442236 -0.0135252 -0.00114814 0.000445602 -0.021614 -0.0281698 0.000738474 0.0140667 0.00101095 0.000973815 -0.00499957 -0.000123121 0.000512832 -0.00185235 -0.000253667 -0.000514887 0.0127139 0.0227368 0.000742539 0.00058442 -0.00241619 -0.00122115 0.00111623 0.000825132 0.00126939 0.00349066 0.000891059
internal_weight=177942 64986 28639 533 141 392 370 95 72 28106 71 23763 23684 308 112956 19238 1703 93718 57502 79 59 17535 16805 1248 1123 769 15557 11963 1741 10222
internal_count=177942 64986 28639 533 141 392 370 95 72 28106 71 23763 23684 308 112956 19238 1703 93718 57502 79 59 17535 16805 1248 1123 769 15557 11963 1741 10222
is_linear=0
shrinkage=0.05


Tree=161
num_leaves=31
num_cat=0
split_feature=2 0 10 6 3 11 10 7 6 3 0 4 9 5 11 4 8 1 9 4 6 8 1 6 9 9 8 3 9 11
split_gain=1.8207 2.53465 4.57808 2.99668 2.93459 2.37163 1.97641 3.99348 3.29805 2.82717 3.61686 3.05345 4.00048 3.47963 3.07602 2.72599 4.28851 4.63387 2.62056 4.18671 3.18756 3.13313 2.55123 2.50322 3.14523 7.52882 4.06751 3.37842 3.91932 2.92468
threshold=-0.76180543515133226 -0.27926228114907359 0.15840749999999998 0.055101617549080155 -0.72895227344324265 0.038795000000000031 -0.21059850000000002 0.66024292506549187 0.93084322875214942 -0.5474759968782329 0.049480205839319009 -0.59152193797763408 0.22381950000000003 -5.098042161354579 0.0095515000000000062 -0.51515412478209577 -0.77402731153567461 -0.21615631223153928 0.62260650000000017 -0.10284477671470353 -5.0335900723270433 -3.1513339659833091 -0.19997906197654933 1.5336608685699544 0.30279525000000007 0.4707137500000001 -0.27656457206873453 0.26451327054182688 1.3590525000000004 0.0022600000000000124
decision_type=2 2 2 2 2 2 2 2 2 2 2 2 2 2 2 2 2 2 2 2 2 2 2 2 2 2 2 2 2 2
left_child=1 2 3 5 -3 -1 7 8 9 10 -2 -11 13 14 -13 -14 17 -17 20 -20 -19 -22 -9 -8 -25 -26 -27 28 29 -28
right_child=6 4 -4 -5 -6 -7 23 22 -10 11 -12 12 15 -15 -16 16 -18 18 19 -21 21 -23 -24 24 25 26 27 -29 -30 -31
leaf_value=-0.0083052838872488891 -0.022932633885962742 -0.0045093299421923574 0.019209976348024356 0.0071204504681933109 0.0043698094779572559 0.0092493337974211987 1.1449589470215429e-05 0.024563373328142225 -0.023623262041946876 0.010129479089907061 0.0030473691899152028 0.025788474473138825 -0.020585199506280738 -0.0029121082251159745 0.00066146339688982281 0.0092541160950315223 0.008525472977443745 -0.024006791700693697 -0.025453975761713005 0.00097440336407585582 -0.020586209612898532 -0.0017089572349904812 0.00019884464246305552 0.011105141110278459 -0.032155669917878903 -0.015222411787447829 -0.01373565057824765 0.0037029806569132229 0.008035704934475375 -0.0025911408482612902
leaf_weight=74 37 195 53 174 178 26 175943 21 20 48 21 29 27 56 21 42 57 22 47 22 25 182 22 36 23 60 105 193 49 134
leaf_count=74 37 195 53 174 178 26 175943 21 20 48 21 29 27 56 21 42 57 22 47 22 25 182 22 36 23 60 105 193 49 134
internal_value=-1.39824e-12 0.00254498 0.00575834 0.00315639 -0.0002721 -0.00374108 -1.00511e-05 -0.0026635 -0.00363109 -0.00300241 -0.0135261 -0.0019464 -0.00304006 0.00564791 0.0152351 -0.00521205 -0.00416652 -0.0062943 -0.00848569 -0.0170275 -0.00591194 -0.00398882 0.0120978 4.54868e-07 -0.00322362 -0.00413822 -0.00294709 -0.00141587 -0.0048462 -0.00748726
internal_weight=177942 700 327 274 373 100 177242 699 656 636 58 578 530 106 50 424 397 340 298 69 229 207 43 176543 600 564 541 481 288 239
internal_count=177942 700 327 274 373 100 177242 699 656 636 58 578 530 106 50 424 397 340 298 69 229 207 43 176543 600 564 541 481 288 239
is_linear=0
shrinkage=0.05


Tree=162
num_leaves=31
num_cat=0
split_feature=1 10 10 3 3 2 9 12 6 0 11 4 10 7 0 6 12 7 0 10 10 8 0 2 7 9 12 9 7 8
split_gain=1.79463 4.75383 4.78513 4.80647 4.55371 6.69312 4.52534 8.20185 9.53809 8.25499 5.99338 5.55773 8.48915 5.15354 3.93299 5.73429 5.27825 10.5705 6.54914 4.86721 5.39672 4.79964 4.65622 4.62718 4.30755 4.12954 3.96318 3.75444 8.45292 3.84263
threshold=0.18023353200109074 0.13288350000000004 -0.022372499999999986 0.67252491557532346 -0.66551072763531038 0.29769889246789921 0.12638750000000001 -3.511044095852291 -4.7861466191853337 0.14701489709347296 0.0079134999999999917 -0.01399962164207341 -0.056018499999999964 -3.1925103561091093 0.11927355039875277 -5.0335900723270433 -0.68118211471338819 -0.31774755435668245 0.27444201987618894 0.086586500000000025 0.017165499999999976 0.35445054763504452 0.15380457363432534 -0.70106720702465375 -1.5506209700394844 0.91101375000000007 0.10996854793785374 1.0298487500000002 -0.045584283876885574 0.79139424062734187
decision_type=2 2 2 2 2 2 2 2 2 2 2 2 2 2 2 2 2 2 2 2 2 2 2 2 2 2 2 2 2 2
left_child=14 2 3 6 5 -3 10 9 11 -8 -2 13 -13 -9 -1 19 18 23 -17 20 -16 26 -22 -18 -20 -23 -19 -4 -29 -30
right_child=1 4 27 -5 -6 -7 7 8 -10 -11 -12 12 -14 -15 15 16 17 21 24 -21 22 25 -24 -25 -26 -27 -28 28 29 -31
leaf_value=2.9299134111348508e-06 -0.03211616706745378 0.013442204826078708 0.00070609157827231323 0.0017374877894804387 -0.002452758887270574 -0.013870998375631613 0.0020249425488359789 0.011924703749828042 -0.0020669055632963431 0.042507757408311593 0.0034625135437818242 -0.054597532224752721 -0.0096394692680665441 -0.023539484245702624 -0.019848907271193136 -0.00074824092518920157 -0.028412976574152711 -0.0016351612566448412 -0.0066461962213721672 -0.032983970591290428 -0.0088347717013675716 0.0096520153268090936 0.020658936753423646 -0.006596268941197578 0.0040371065283602466 0.00056350154631836695 -0.011637156696312809 -0.012267824493164381 0.0031822465986558451 -0.0062659983817608123
leaf_weight=126487 29 99 31937 898 2155 29 34 20 2188 20 20 21 21 21 45 9214 25 994 103 22 32 162 23 873 1124 547 110 182 352 155
leaf_count=126487 29 99 31937 898 2155 29 34 20 2188 20 20 21 21 21 45 9214 25 994 103 22 32 162 23 873 1124 547 110 182 352 155
internal_value=1.04161e-12 0.0003038 0.000444497 -0.00137838 -0.00190853 0.00725406 -0.002557 -0.00224009 -0.00269802 0.0170186 -0.0175943 -0.0193351 -0.0321185 -0.00623988 -8.29945e-05 -0.000901762 -0.000801672 -0.00276741 -0.000291269 -0.0116918 -0.00700758 -0.000570091 0.00349896 -0.00720364 0.0031403 0.00264014 -0.00263174 0.00062731 -0.00302442 0.00029373
internal_weight=177942 38181 35898 3272 2283 128 2374 2325 2271 54 49 83 42 41 139761 13274 13152 2711 10441 122 100 1813 55 898 1227 709 1104 32626 689 507
internal_count=177942 38181 35898 3272 2283 128 2374 2325 2271 54 49 83 42 41 139761 13274 13152 2711 10441 122 100 1813 55 898 1227 709 1104 32626 689 507
is_linear=0
shrinkage=0.05


Tree=163
num_leaves=31
num_cat=0
split_feature=4 0 12 10 8 7 2 7 8 11 9 7 6 11 9 5 5 0 6 1 9 9 2 10 7 4 7 8 11 9
split_gain=1.84786 3.85201 5.32719 3.58901 3.52649 3.8105 3.43 3.78723 3.92588 5.60352 4.69854 3.73041 3.68127 3.58227 4.99015 7.16562 3.53414 3.5116 4.91608 5.41193 3.55662 3.38804 3.15394 4.20594 9.50986 7.50241 6.74276 4.70245 3.97204 5.95848
threshold=-0.092435408751648171 -0.038457746158396915 -2.8978741608529295 0.18696450000000003 -2.8807947888328029 -2.6046184658081022 0.071898516581025321 -0.31774755435668245 -3.2699263684124049 -0.020214000000000006 0.24128425000000003 -2.9441541029407925 -5.9507593418597535 -0.16932099999999997 0.32867275000000007 -6.427667595151382 -5.3226451416996801 0.11034001155846664 -4.456637574313711 0.096393589287299034 0.35139075000000003 0.6629670000000002 0.11831963171066286 0.091948500000000002 -4.0867139509416184 -0.15209001379940232 -3.5030990690081452 -3.0307204059236592 0.027077999999999994 0.55057825000000005
decision_type=2 2 2 2 2 2 2 2 2 2 2 2 2 2 2 2 2 2 2 2 2 2 2 2 2 2 2 2 2 2
left_child=22 2 4 -4 -2 -6 7 8 9 10 12 -11 -3 14 -8 -16 -14 -10 -19 20 -20 -17 28 -24 -25 26 -26 -27 -1 -30
right_child=1 6 3 -5 5 -7 13 -9 17 11 -12 -13 16 -15 15 21 -18 18 19 -21 -22 -23 23 24 25 27 -28 -29 29 -31
leaf_value=-0.00018524754105242195 0.00032595254594553418 -0.021348609963509568 -0.0028157260947073316 -0.021851791842374953 0.017583390578464975 -0.0036040061451785735 0.014447303349152209 -0.019294140487909318 0.00042823508183004969 -0.0013229160915332098 -0.020202826363021051 -0.011096773810684682 0.0077187960614161256 8.4312143206445646e-05 -0.039721049759536983 -0.013143156313112584 -0.0073132255801465363 -0.021576461055305762 -0.0034353143679995641 0.00082985478553649012 -0.014259401437690637 0.0085780298534350909 0.00085099200756904355 -0.03374533170241524 0.028828526195138694 -0.027340195581994277 0.00038423042678405981 -0.0039636225184410626 0.001460034668829958 -0.00041480299109387735
leaf_weight=73065 916 30 2585 25 63 32 20 28 5293 4112 69 100 58 46670 20 58 120 34 216 553 117 26 22740 22 21 22 2647 972 9896 7412
leaf_count=73065 916 30 2585 25 63 32 20 28 5293 4112 69 100 58 46670 20 58 120 34 216 553 117 26 22740 22 21 22 2647 972 9896 7412
internal_value=-4.85608e-13 -0.00022269 -0.00180446 -0.00299806 0.00127695 0.0104466 -0.000123121 -0.000929405 -0.000881357 -0.00200799 -0.00889657 -0.00155496 -0.00514594 6.17622e-05 -0.0084254 -0.012824 -0.00241515 -6.73458e-05 -0.00291855 -0.00220256 -0.00723837 -0.00641993 0.000116581 0.000597089 -0.000970159 -0.000773257 0.000608117 -0.00448101 -2.39134e-05 0.000657152
internal_weight=177942 61145 3621 2610 1011 95 57524 10730 10702 4489 277 4212 208 46794 124 104 178 6213 920 886 333 84 116797 26424 3684 3662 2668 994 90373 17308
internal_count=177942 61145 3621 2610 1011 95 57524 10730 10702 4489 277 4212 208 46794 124 104 178 6213 920 886 333 84 116797 26424 3684 3662 2668 994 90373 17308
is_linear=0
shrinkage=0.05


Tree=164
num_leaves=31
num_cat=0
split_feature=4 3 7 10 0 12 1 2 8 4 2 11 1 0 7 9 9 11 8 5 12 11 2 0 3 11 7 3 4 0
split_gain=1.81501 4.82892 3.52438 4.543 4.3708 7.28772 4.29144 3.96648 3.31959 3.03567 3.02783 3.20711 3.11943 3.01106 4.86878 5.97217 4.38003 3.08277 3.14936 3.24079 2.99424 9.56548 5.84048 3.81767 3.77226 7.17136 3.43729 3.17456 3.14699 3.84184
threshold=-0.40741102077687441 -0.33999687792694344 0.66024292506549187 -0.103576 -0.11872527908859053 0.17738118058751526 -0.47065905942181846 -0.16799281061384139 -0.045750439440615971 -0.58398009245319771 -0.0945568485273766 0.23900700000000002 0.83244862779434714 0.72245182591865209 1.2644557469035156 0.55466700000000013 0.79828475000000021 0.13871600000000009 0.097553224530925187 -3.7423452324472808 -2.249274539482522 -0.050169999999999985 -0.31094578180212007 0.06914961480620864 -0.098690126845891665 0.0089950000000000186 -2.4147452153369859 -0.29932278529389278 -0.6808459810309947 -0.1779638406019933
decision_type=2 2 2 2 2 2 2 2 2 2 2 2 2 2 2 2 2 2 2 2 2 2 2 2 2 2 2 2 2 2
left_child=1 -1 10 6 8 7 -4 -6 -5 -7 12 -12 20 14 -2 -16 -15 18 -18 -20 21 -3 24 27 -23 26 -26 -24 29 -22
right_child=13 2 3 4 5 9 -8 -9 -10 -11 11 -13 -14 16 15 -17 17 -19 19 -21 28 22 23 -25 25 -27 -28 -29 -30 -31
leaf_value=-0.00021764231951468396 -8.6535845759752012e-05 0.03257297126541811 -0.0021948492532828825 -0.014838755104251001 0.0037715050201008065 0.0012401495893884984 0.023502957744693215 0.022768474237993361 -0.0035288252699035919 -0.016542288902149135 0.0026689712759801637 -0.015311887200921774 0.018424682574346662 -0.0031530847864821051 -0.034557614204558461 -0.0041027954245024985 -0.0017246757077215161 0.024932934064418079 0.027567245089448991 0.0072062907761761127 0.0055190961733310572 0.003157921907966365 0.025034722482616251 0.026778177854915458 -0.013061587305532564 0.005556747653860261 0.0026586337987747461 0.0046133647398719346 0.00023449569474769143 -0.00087054392878289509
leaf_weight=19452 141358 27 32 72 61 56 33 50 656 42 3084 25 25 147 22 60 92 23 22 175 637 614 22 30 153 132 45 141 10281 373
leaf_count=19452 141358 27 32 72 61 56 33 50 656 42 3084 25 25 147 22 60 92 23 22 175 637 614 22 30 153 132 45 141 10281 373
internal_value=3.2885e-13 0.000316847 0.000943505 -0.00193092 -0.00281765 0.00355578 0.0108517 0.0123287 -0.00464739 -0.0063809 0.00112826 0.00252438 0.000780461 -8.04805e-05 -9.36013e-05 -0.0122736 0.00396267 0.00731528 0.00591318 0.0094801 0.000745045 0.00315957 0.00246109 0.0103865 0.000840753 -0.00347059 -0.00948881 0.00736962 0.00049613 0.00315936
internal_weight=177942 36043 16591 1002 937 209 65 111 728 98 15589 3109 12480 141899 141440 82 459 312 289 197 12455 1164 1137 193 944 330 198 163 11291 1010
internal_count=177942 36043 16591 1002 937 209 65 111 728 98 15589 3109 12480 141899 141440 82 459 312 289 197 12455 1164 1137 193 944 330 198 163 11291 1010
is_linear=0
shrinkage=0.05


Tree=165
num_leaves=31
num_cat=0
split_feature=5 0 8 7 5 6 1 1 7 9 1 6 8 7 5 8 11 11 6 8 6 8 11 7 10 8 7 8 12 3
split_gain=1.70953 3.96489 7.4847 6.43835 6.28122 6.02046 4.2982 4.12474 3.98871 3.90896 6.04598 4.89405 8.98627 4.03965 3.89854 3.53911 3.53825 5.66839 3.4441 11.1571 5.31643 5.43669 4.4553 4.67318 5.23514 4.16721 3.9572 15.5112 8.02523 5.7221
threshold=0.54371673742843962 -0.12819629256569295 -1.2596564955575713 -1.026420249138345 0.99193099663571227 -0.10932948288293921 -0.3054404510218463 -0.032786885245901613 -1.7503397090376602 0.62260650000000017 0.75502980905215722 0.93084322875214942 -0.61616188386454362 1.0000000180025095e-35 1.1988199970097682 -1.6229808284737433 0.0047600000000000151 -0.01626049999999998 -0.20693699860562828 -0.43103705456179181 0.42103195004701283 -2.0010649563321201 -0.12171299999999995 -0.44328758121803385 0.04667549999999996 -2.0863245640803969 -0.16936222881315599 -0.48631132294880131 -1.7571904394264692 0.16055691949864329
decision_type=2 2 2 2 2 2 2 2 2 2 2 2 2 2 2 2 2 2 2 2 2 2 2 2 2 2 2 2 2 2
left_child=18 2 6 4 8 7 -2 -4 -3 10 11 12 -5 -11 -7 -6 17 -8 26 20 21 25 -22 -24 -25 -20 -1 28 29 -28
right_child=1 3 5 9 15 14 16 -9 -10 13 -12 -13 -14 -15 -16 -17 -18 -19 19 -21 22 -23 23 24 -26 -27 27 -29 -30 -31
leaf_value=6.9365007830673282e-05 0.022428821920860379 -0.012626890688570161 -0.0089862033783878938 0.0014723022241086396 -0.0060190484814537579 0.0063370009279739223 0.011329828700558707 0.0051437909122822546 0.00077075880994964552 -0.0024220066340433946 0.022728092346860226 -0.013818013484183794 0.020208319511216183 0.0021847160596545206 0.00069006101910113827 -0.019746440667364664 0.015229015719145537 -0.013063995910453655 -0.0034148442374459468 0.00066436176100770881 -0.026911156162619593 -0.0014314282222455536 -0.010158583546316262 0.00050566942032678492 -0.008594542743051603 -0.02394085317234082 -0.0012043353533954361 6.0099641407196902e-05 -0.0080596062344739962 0.022412059930751901
leaf_weight=159414 62 66 197 379 102 514 55 70 351 937 43 39 77 967 754 87 75 42 51 4483 25 2632 357 403 260 48 96 4326 995 35
leaf_count=159414 62 66 197 379 102 514 55 70 351 937 43 39 77 967 754 87 75 42 51 4483 25 2632 357 403 260 48 96 4326 995 35
internal_value=-1.38388e-13 0.000929095 0.00281205 -0.000163738 -0.00477677 0.00154222 0.0111419 -0.00528171 -0.00134973 0.000981019 0.00474433 0.0031821 0.00463606 -8.23528e-05 0.00297912 -0.012338 0.00707342 0.000767554 -2.5851e-05 -0.00102224 -0.00302464 -0.00186409 -0.0060576 -0.00554648 -0.00306304 -0.0133668 2.40634e-05 -0.00130053 -0.00652798 0.00510539
internal_weight=177942 4817 1769 3048 606 1535 234 267 417 2442 538 495 456 1904 1268 189 172 97 173125 8259 3776 2731 1045 1020 663 99 164866 5452 1126 131
internal_count=177942 4817 1769 3048 606 1535 234 267 417 2442 538 495 456 1904 1268 189 172 97 173125 8259 3776 2731 1045 1020 663 99 164866 5452 1126 131
is_linear=0
shrinkage=0.05


Tree=166
num_leaves=31
num_cat=0
split_feature=7 9 9 8 7 5 2 9 10 6 8 9 3 4 1 10 7 4 8 0 9 1 7 4 2 3 11 4 4 8
split_gain=1.70735 5.04284 4.76463 2.67689 4.44393 5.18339 9.3414 5.69365 3.70228 3.44815 4.69451 6.20239 4.37696 6.16377 5.3693 5.24219 3.86643 8.92601 3.73233 3.60448 5.27617 3.03529 3.91269 3.74372 3.688 3.06927 3.01992 4.44131 4.01197 2.94434
threshold=1.2644557469035156 0.58872900000000017 0.30872625000000004 0.53194283063380643 0.049377227678574255 -5.2450866761247754 0.38882573922778013 0.57110225000000014 -0.048001999999999996 0.77048256514291291 -0.31136231257912061 0.24775325000000001 -0.49264818925177511 -0.77267741523881084 -0.2782991347614539 0.13695350000000003 -0.045584283876885574 -0.010256410256410274 -1.0587110563827571 0.36400549450549452 0.17606625000000001 0.44288975864318331 0.049377227678574255 -0.30042941002974016 0.76111667780004455 0.21149284770817536 -0.01626049999999998 -0.045197771137674418 -0.01120762206227782 -0.64038662994508244
decision_type=2 2 2 2 2 2 2 2 2 2 2 2 2 2 2 2 2 2 2 2 2 2 2 2 2 2 2 2 2 2
left_child=3 2 -2 9 5 6 -5 -7 -9 19 11 -11 13 14 -12 -15 18 -18 -13 -1 -21 22 -14 -23 -25 -26 27 -22 -29 -30
right_child=1 -3 -4 4 -6 7 -8 8 -10 10 12 16 21 15 -16 -17 17 -19 -20 20 26 23 -24 24 25 -27 -28 28 29 -31
leaf_value=-1.9398271197537317e-05 -0.0029450212820218164 -0.0012875911678950696 -0.033839257503859702 -0.003188828022821861 0.0031979200952668321 -0.029020086782319206 0.039875572957098482 -0.017224734412649503 -0.0011740784301684727 0.016120975340406098 0.0071933215996677728 -0.01101529310882381 -0.011492508362668257 -0.0083564970860321667 -0.013848303339355404 -0.033132952575882273 -0.0072289665496148361 -0.033893119660871371 -2.4962480953053651e-05 0.026076577457768674 0.0010839169381065598 0.022211724380031231 0.0013263444941436422 -0.0080275042610161978 0.024621916779627405 0.0045883004902862014 0.0022277447110445967 -0.01785295101395552 0.0062417395924236263 -0.010833017840981484
leaf_weight=170026 26 641 24 34 1522 21 20 39 456 33 109 103 66 102 42 27 304 35 309 22 401 34 607 46 24 94 2605 69 51 50
leaf_count=170026 26 641 24 34 1522 21 20 39 456 33 109 103 66 102 42 27 304 35 309 22 401 34 607 46 24 94 2605 69 51 50
internal_value=-2.20615e-12 -0.00248055 -0.0177743 9.67023e-06 0.00178765 -0.00197803 0.012761 -0.00352048 -0.00243868 -1.15649e-05 -0.00211056 -0.00509459 -7.79877e-05 -0.0055161 0.00134068 -0.0135423 -0.00602684 -0.0099819 -0.00277255 1.18819e-05 0.00167493 0.0016702 6.92207e-05 0.00711192 0.00398147 0.00866293 0.0015059 -0.00178726 -0.00855986 -0.00221111
internal_weight=177942 691 50 177251 2092 570 54 516 495 175159 1935 784 1151 280 151 129 751 339 412 173224 3198 871 673 198 164 118 3176 571 170 101
internal_count=177942 691 50 177251 2092 570 54 516 495 175159 1935 784 1151 280 151 129 751 339 412 173224 3198 871 673 198 164 118 3176 571 170 101
is_linear=0
shrinkage=0.05


Tree=167
num_leaves=31
num_cat=0
split_feature=5 6 9 10 10 4 3 4 11 3 3 6 1 10 3 3 8 5 7 12 10 8 9 3 10 0 7 7 11 8
split_gain=1.69052 3.83181 12.3982 8.23952 9.4805 4.07064 3.5201 7.24264 4.48574 2.98249 4.17456 2.52273 4.37734 9.96165 5.0059 2.71601 3.90032 2.90239 7.60026 8.51581 6.37187 5.42621 10.1475 4.60274 4.3252 5.87998 7.72687 4.14628 4.35203 4.1328
threshold=-7.2265905398738992 -6.5848101596763264 0.34075475000000005 0.016362499999999978 0.15840749999999998 -0.001330377201759436 0.41460983778765387 -0.006276707981410278 0.0026010000000000482 0.39290937071332316 0.067225136401115729 -0.37375792633724131 0.36510547201336691 0.093330999999999983 0.198924519580057 0.92194143336408552 -2.7994511217799802 -17.265404112630751 -2.6046184658081022 -2.6846372497584228 0.04667549999999996 -2.0863245640803969 0.17606625000000001 -0.13295481950920643 0.099737500000000021 0.26230084618754473 -1.6734417595796252 -2.7556700069876325 0.014873499999999986 -0.64038662994508244
decision_type=2 2 2 2 2 2 2 2 2 2 2 2 2 2 2 2 2 2 2 2 2 2 2 2 2 2 2 2 2 2
left_child=11 2 3 5 6 9 7 8 -5 10 -2 15 -13 14 -14 17 -17 21 -19 24 23 -1 -23 -21 25 26 -20 28 -24 -29
right_child=1 -3 -4 4 -6 -7 -8 -9 -10 -11 -12 12 13 -15 -16 16 -18 18 19 20 -22 22 27 -25 -26 -27 -28 29 -30 -31
leaf_value=-0.0011623622789130547 0.011854734865482898 3.8818913664250275e-05 -0.031031019939109686 0.036782920936291867 -0.0090039656861968659 -0.020571575015783314 0.0098044387636367566 0.056276900719173933 0.004475641445744606 0.020298677513545211 -0.015968428862442336 -0.0016970016224733394 0.012267731774884922 -0.04433768994751431 -0.01605588826828469 0.021297559142112732 0.0019119001175535149 0.00016264315263244758 -0.0060955732585112488 -0.0073541483882986567 0.00043587167114597024 0.028022433878657851 -0.016979136471554898 -0.0022430341095080386 -0.026264320707746914 0.018492602081969383 -0.026058953721678397 0.0034615686332438106 0.0050420920440071336 -0.0029074664374624409
leaf_weight=2184 28 162045 20 22 23 20 22 22 21 22 26 321 26 21 39 27 665 6015 295 604 1701 38 57 1627 35 20 58 1598 37 303
leaf_count=2184 28 162045 20 22 23 20 22 22 21 22 26 321 26 21 39 27 665 6015 295 604 1701 38 57 1627 35 20 58 1598 37 303
internal_value=6.72302e-13 4.78927e-05 0.00655391 0.0102029 0.0195446 -0.000501116 0.027092 0.0329431 0.0210049 0.00478058 -0.0015416 -0.000495922 -0.00438095 -0.014399 -0.00472644 -0.000392331 0.00266828 -0.000537675 -0.000987988 -0.0025827 -0.00186925 0.000568087 0.00242707 -0.00362677 -0.00945836 -0.0078814 -0.00937568 0.00193953 -0.00831121 0.00244641
internal_weight=177942 162271 226 206 110 96 87 65 43 76 54 15671 407 86 65 15264 692 14572 10355 4340 3932 4217 2033 2231 408 373 353 1995 94 1901
internal_count=177942 162271 226 206 110 96 87 65 43 76 54 15671 407 86 65 15264 692 14572 10355 4340 3932 4217 2033 2231 408 373 353 1995 94 1901
is_linear=0
shrinkage=0.05


Tree=168
num_leaves=31
num_cat=0
split_feature=11 9 7 8 6 6 10 6 0 0 1 8 2 6 8 4 10 8 2 8 8 11 4 9 7 8 7 5 3 3
split_gain=1.67966 6.46168 11.624 15.662 10.2908 9.2869 8.2818 7.78533 6.36168 6.10429 5.52805 5.29855 6.34608 4.39599 5.16863 6.23021 4.89375 4.33627 4.40287 5.5016 5.89026 5.3381 7.07395 4.31855 6.3658 6.99439 5.76159 5.28138 4.82542 4.90547
threshold=-0.01029000000000002 0.31182800000000005 -3.016698049570858 -1.4634691632266139 -3.4245779275205561 -5.6288607342000709 -0.011841000000000044 -6.5848101596763264 -0.030635779047935071 -0.057373783554307327 0.40000000000000008 -2.4944988656650562 -0.24315637070350463 0.42103195004701283 -2.2833997217392175 -0.44491274770777872 0.093330999999999983 -0.93555747114793764 -0.14738284299610224 -2.5873715545489717 -2.6962645371389922 -0.039686999999999938 -0.06349878556557946 0.55466700000000013 -2.3357687115783139 -1.4113586573234007 -0.31774755435668245 -0.37293020586434095 -0.41134214094319593 -0.20038980271538923
decision_type=2 2 2 2 2 2 2 2 2 2 2 2 2 2 2 2 2 2 2 2 2 2 2 2 2 2 2 2 2 2
left_child=1 4 3 5 6 -3 9 -8 -7 -1 11 -9 -13 14 -6 -16 -17 18 -11 20 -20 22 -21 24 25 27 -26 -4 -27 -30
right_child=-2 2 23 -5 13 8 7 10 -10 17 -12 12 -14 -15 15 16 -18 -19 19 21 -22 -23 -24 -25 26 28 -28 -29 29 -31
leaf_value=0.0063652819429051077 -7.5341894315697055e-05 -0.035074273962527512 -0.00048136105886248609 -0.040581820574739288 0.0025451809720614866 0.0025540127072148813 0.021826075431632088 6.6425084691270302e-05 -0.0066525402338038558 0.0066284705781771876 -0.024121574989774013 0.033059888420922855 0.0051743130617020704 -0.017315719108312175 0.021263087192766737 0.0046739036108779872 0.02536129358224571 0.016525930400133473 -0.0060722516153864656 -0.0083337081110347877 0.016544289688269299 -0.0084630091081719927 -0.045757102607084175 -0.00061577624118599236 0.0014457399954621629 0.0086851439404266855 -0.0056453747084282335 -0.024020739110043602 -0.028103896218041581 -0.0084280252935382254
leaf_weight=124 143439 24 3335 31 3642 284 45 1851 553 65 22 22 281 26 71 607 30 22 713 23 30 86 28 10932 11159 27 294 24 45 107
leaf_count=124 143439 24 3335 31 3642 284 45 1851 553 65 22 22 281 26 71 607 30 22 713 23 30 86 28 10932 11159 27 294 24 45 107
internal_value=-1.27414e-12 0.000313218 -5.3162e-05 -0.00566517 0.00159112 -0.00440801 -0.000511598 0.00124077 -0.00352869 -0.00407898 0.000815063 0.00106976 0.00719901 0.00318257 0.00330509 0.00721409 0.00564819 -0.00541826 -0.00592913 -0.00685668 -0.00515907 -0.0160635 -0.0288799 0.000139945 0.000691045 -0.00116275 0.00126371 -0.00064955 -0.0107932 -0.0142531
internal_weight=177942 34503 26815 892 7688 861 3312 2221 837 1091 2176 2154 303 4376 4350 708 637 967 945 880 743 137 51 25923 14991 3538 11453 3359 179 152
internal_count=177942 34503 26815 892 7688 861 3312 2221 837 1091 2176 2154 303 4376 4350 708 637 967 945 880 743 137 51 25923 14991 3538 11453 3359 179 152
is_linear=0
shrinkage=0.05


Tree=169
num_leaves=31
num_cat=0
split_feature=3 1 10 0 3 7 11 0 12 6 7 7 1 4 7 11 9 11 7 1 8 10 4 4 2 1 2 1 9 5
split_gain=1.65258 4.02047 5.4603 6.18321 4.43372 5.87308 6.64217 6.19858 4.62734 4.31729 6.49734 6.26164 5.10083 5.05708 6.032 5.08041 4.72302 6.37956 4.79299 4.53144 6.49969 5.28702 4.64144 6.34256 4.37344 4.86052 4.27811 4.27425 5.36377 4.25128
threshold=0.0077496821643641143 -0.060656576674170286 0.076876500000000028 0.0012993343997569353 -0.66551072763531038 -2.3691419711264339 0.02613100000000006 0.012058390305364266 -2.2782920869723298 -0.66290213303345868 -1.2018834526036628 0.21697175979466107 -0.41898558281564263 -0.47408666526956139 -3.5498358247142967 0.090978500000000032 0.57110225000000014 -0.013184500000000014 -1.577642268330383 -0.16696212181283324 -1.2730972707381223 0.018748500000000005 -0.22538761444263741 -0.23881370178646674 -0.19574561351825884 -0.21057416437453777 -0.48884403856047132 -0.25482090632769494 0.40835025000000008 0.33094780050565603
decision_type=2 2 2 2 2 2 2 2 2 2 2 2 2 2 2 2 2 2 2 2 2 2 2 2 2 2 2 2 2 2
left_child=1 2 9 -4 -5 6 7 -6 -7 11 24 13 -13 14 -1 16 17 19 -18 20 -15 -21 23 -23 25 -11 -16 28 29 -12
right_child=-2 -3 3 4 5 8 -8 -9 -10 10 27 12 -14 15 26 -17 18 -19 -20 21 -22 22 -24 -25 -26 -27 -28 -29 -30 -31
leaf_value=0.013002663298975675 0.00012866160442414067 -0.00050296912808728701 0.002441052046084637 -0.0054413193626500125 0.018816894431027673 0.015183796646105575 -0.019080918000757018 -0.0058006838662549853 0.00083597609688835237 -0.010821060864013974 0.00281166007462889 -0.00011590246369126537 -0.010831994597262157 0.0014290410982672837 -0.00077222566498772783 0.011246960316539595 -0.0093393398312726483 -0.00065064726283186138 -0.001602460173127629 0.0020796736604969447 -0.0093321071649447133 0.0074770946308335131 0.016660176374627134 -0.019924874488345307 -0.016291973628346529 0.0047621212232942609 0.0019926883975767964 -0.003497743662458112 -0.00014559476457523993 0.032948487902335316
leaf_weight=110 103879 41928 4986 398 31 58 77 146 1806 116 25 213 232 907 1961 95 268 9801 791 968 166 258 130 23 115 88 4882 1177 2285 22
leaf_count=110 103879 41928 4986 398 31 58 77 146 1806 116 25 213 232 907 1961 95 268 9801 791 968 166 258 130 23 115 88 4882 1177 2285 22
internal_value=-1.37391e-12 -0.000180458 0.000240338 0.00142136 -0.000599372 0.000310494 -0.00682207 -0.00148913 0.00128242 -0.000119345 -0.00166252 0.000164591 -0.00570272 0.00029283 0.00138707 -0.000274651 -0.000356874 -7.99982e-05 -0.00356042 0.00220097 -0.000235778 0.004097 0.00884828 0.00523423 -0.00849452 -0.0040989 0.00120035 -0.00104143 0.000198317 0.0169183
internal_weight=177942 74063 32135 7502 2516 2118 254 177 1864 24633 3828 20805 445 20360 6953 13407 13312 12253 1059 2452 1073 1379 411 281 319 204 6843 3509 2332 47
internal_count=177942 74063 32135 7502 2516 2118 254 177 1864 24633 3828 20805 445 20360 6953 13407 13312 12253 1059 2452 1073 1379 411 281 319 204 6843 3509 2332 47
is_linear=0
shrinkage=0.05


Tree=170
num_leaves=31
num_cat=0
split_feature=1 7 12 6 5 0 12 2 8 4 10 0 12 7 6 7 8 10 3 0 10 11 11 8 8 4 8 2 12 8
split_gain=1.64813 3.98479 5.75587 5.46149 6.29452 7.82783 6.02061 4.64624 6.70077 4.37443 3.36364 3.21026 6.02666 10.2261 6.32462 5.91454 5.81582 5.38884 5.27404 4.37037 5.78611 5.25323 4.3484 5.07525 6.02101 5.40475 4.19793 4.15995 4.01668 3.85522
threshold=0.2675431956753665 -3.8673651844594188 -2.1323908772859643 -6.5848101596763264 -8.9809461250273088 0.0057308695569792132 -3.8090076955268315 0.44350873460511092 -2.3480757300260007 -0.010256410256410274 0.056274999999999999 0.11927355039875277 -0.6587373535010842 -0.31774755435668245 -5.0335900723270433 -0.35020035185588611 -1.3707706075408759 0.12887450000000003 -0.66551072763531038 0.12950494111961033 -0.025673999999999971 -0.0059214999999999815 -0.018806499999999973 -2.2096881652854781 -1.2008512641140248 -0.026315789473684233 -2.4255331911151932 0.44350873460511092 -0.39693297561935154 0.35445054763504452
decision_type=2 2 2 2 2 2 2 2 2 2 2 2 2 2 2 2 2 2 2 2 2 2 2 2 2 2 2 2 2 2
left_child=11 2 3 4 -2 -6 -5 8 -8 -10 -9 -1 14 16 17 19 -14 22 -18 20 21 -16 -13 26 25 -25 -24 -21 -20 -15
right_child=1 -3 -4 6 5 -7 7 10 9 -11 -12 12 13 29 15 -17 18 -19 28 27 -22 -23 23 24 -26 -27 -28 -29 -30 -31
leaf_value=2.0890207691361811e-05 -0.0077452024082756699 0.00045891484729287751 -0.030803123595459121 0.0092997709289193153 -0.00041412116870993658 0.043293583393096927 -0.0024965863128931357 -0.013952571973204615 -0.01962568189914304 -0.050052744856969061 0.010618348435785336 -0.027752112129348375 -0.027904251238214786 -0.0024236627811509378 -0.0045352861177525485 0.0038109631444645728 -0.015227674130558056 -0.033872356805950403 -0.001851110845435371 -0.00041262976348278591 -0.0018859003916305358 -0.024718661330364371 -0.0055395503089113061 0.0024742164564403625 -0.015281648724339902 0.035414243796840314 -0.032423688740236684 0.0024996509023801892 -0.0090711394560024621 0.0021470672471246535
leaf_weight=137294 36 23321 21 37 21 20 29 30 27 21 26 21 32 1209 80 881 139 20 491 9779 1738 54 53 33 24 20 20 1402 317 746
leaf_count=137294 36 23321 21 37 21 20 29 30 27 21 26 21 32 1209 80 881 139 20 491 9779 1738 54 53 33 24 20 20 1402 317 746
internal_value=-2.25196e-12 0.00038925 -0.00567287 -0.00353629 0.00751101 0.0209067 -0.00854006 -0.013503 -0.0214728 -0.0329375 -0.00254464 -5.94872e-05 -0.000706379 -0.00276841 -0.00027806 -0.000154189 -0.00693976 -0.00931485 -0.00623136 -0.000421813 -0.00265776 -0.0126689 -0.00644263 -0.0034593 0.00549577 0.0149044 -0.0129051 -4.74551e-05 -0.00468372 -0.000679538
internal_weight=177942 23589 268 247 77 41 170 133 77 48 56 154353 17059 2934 14125 13934 979 191 947 13053 1872 134 171 150 77 53 73 11181 808 1955
internal_count=177942 23589 268 247 77 41 170 133 77 48 56 154353 17059 2934 14125 13934 979 191 947 13053 1872 134 171 150 77 53 73 11181 808 1955
is_linear=0
shrinkage=0.05


Tree=171
num_leaves=31
num_cat=0
split_feature=4 11 12 7 8 6 7 5 3 9 6 4 1 8 11 10 9 7 2 5 9 8 2 5 2 0 4 1 8 7
split_gain=1.69607 3.26774 3.98703 11.2535 4.56653 3.88872 4.66541 4.01474 3.84546 5.81938 5.92867 3.70592 3.42616 3.23688 2.92707 2.92115 5.36304 4.94119 4.58687 5.41951 4.03286 4.44069 3.9853 3.75378 5.57626 3.71513 5.57453 3.38451 3.56242 5.47887
threshold=-0.31421014592579727 -0.068962999999999983 -2.249274539482522 -2.438603123795819 -2.1382573917523211 -2.4903906656963266 -2.0917935418833635 -3.958401207119111 1.0743005087374966 0.89330300000000007 0.51988823891391789 -0.52556856212729708 -0.032786885245901613 0.53194283063380643 -0.086000499999999994 -0.11632450000000001 0.25108550000000007 -2.6162508243805989 -0.018124399627706952 -2.5467073211837232 0.19821425000000004 -2.7204725531760787 -0.055555555555555518 -4.7268763996533627 -0.072806477713824355 -0.038457746158396915 -0.19155941792056094 -0.054413344058795936 -4.4623855739459852 -5.161602059988339
decision_type=2 2 2 2 2 2 2 2 2 2 2 2 2 2 2 2 2 2 2 2 2 2 2 2 2 2 2 2 2 2
left_child=1 2 3 -1 12 7 -7 -6 9 13 -11 -9 -4 -8 -12 16 17 25 19 23 -19 -22 -21 24 -18 26 -2 -27 -29 -30
right_child=15 -3 4 -5 5 6 8 11 -10 10 14 -13 -14 -15 -16 -17 18 20 -20 22 21 -23 -24 -25 -26 27 -28 28 29 -31
leaf_value=-0.0052180408058982147 0.035513561461120849 0.00015823233886045319 -0.013077470870598793 0.034078091382980347 0.017409958779845934 -0.015782000207783361 0.002785136762530286 0.015426068373122499 0.010379596910127476 -0.0074316477306234701 0.00034943067755105093 -0.0038738867439355494 0.009115636712786826 0.022144360628656365 0.015808673012292104 -7.0414707249152493e-05 -0.0027756398371248333 -0.020932194479696811 -0.002366169893295072 -0.012581339107667348 -0.017198664918985397 0.01321752140897193 -0.033626474031517584 0.0027846079422549036 -0.030605132519957369 -0.011682877837396834 0.0057188412027867281 -0.016181618696039856 0.024217415358871223 0.0020512987800453066
leaf_weight=38 20 49199 83 35 82 38 1164 38 125 311 113 72 22 22 42 124868 54 42 728 82 21 28 31 90 27 46 73 24 30 394
leaf_count=38 20 49199 83 35 82 38 1164 38 125 311 113 72 22 22 42 124868 54 42 728 82 21 28 31 90 27 46 73 24 30 394
internal_value=-1.13487e-12 0.000242261 0.00213431 0.0136226 0.00173722 0.00226901 0.00155318 0.00903587 0.00192388 0.00128407 -0.0034502 0.00279337 -0.00842749 0.00314425 0.00453839 -9.83607e-05 -0.00216319 0.00127799 -0.00446865 -0.00985809 -0.00956301 0.000182013 -0.0183548 -0.00424332 -0.0120521 0.00295862 0.0121263 0.00123272 0.00255887 0.00361966
internal_weight=177942 51384 2185 73 2112 2007 1815 192 1777 1652 466 110 105 1186 155 126558 1690 678 1012 284 91 49 113 171 81 587 93 494 448 424
internal_count=177942 51384 2185 73 2112 2007 1815 192 1777 1652 466 110 105 1186 155 126558 1690 678 1012 284 91 49 113 171 81 587 93 494 448 424
is_linear=0
shrinkage=0.05


Tree=172
num_leaves=31
num_cat=0
split_feature=4 8 0 12 7 6 10 6 5 8 5 3 11 8 9 3 2 3 0 10 12 3 5 10 2 3 7 10 10 2
split_gain=1.65195 8.03156 6.54499 8.08027 5.78659 7.77432 6.03469 4.79047 6.07625 6.14733 4.62837 8.48991 4.6188 4.08964 4.50758 3.98817 3.90623 3.843 3.46681 3.86711 3.20845 13.0987 4.68505 3.00026 9.92222 7.8891 3.68394 2.95482 2.83927 2.73698
threshold=-0.006276707981410278 1.0241060565142306 0.011152807505037889 -1.6675145650428769 -5.161602059988339 -6.5848101596763264 0.086586500000000025 0.17922085934290269 -7.9525120142537178 -1.0755016131617254 -8.2771019076722734 0.20313023415516554 0.037940499999999995 -1.330001361725327 0.16082575000000002 0.2370797852772252 0.032550006399775351 0.19487445749127999 1.0000000180025095e-35 0.057368500000000024 -4.1360974116033429 0.33075328221016415 -6.4926813478329093 0.0007024999999999949 0.38882573922778013 0.48845519167301349 0.98584515841031373 0.057368500000000024 0.018374499999999992 1.3466460679756804
decision_type=2 2 2 2 2 2 2 2 2 2 2 2 2 2 2 2 2 2 2 2 2 2 2 2 2 2 2 2 2 2
left_child=-1 2 3 10 5 6 -4 16 -9 27 11 -2 18 14 -13 -7 17 -6 -12 -20 21 22 -18 25 -25 -11 28 -10 -26 -22
right_child=1 -3 4 -5 7 15 -8 8 9 23 12 13 -14 -15 -16 -17 20 -19 19 -21 29 -23 -24 24 26 -27 -28 -29 -30 -31
leaf_value=4.1852234376938422e-05 0.01308549056234567 0.027206173137976575 0.0093183004678311677 -0.037757434882223606 -0.0029965911716730758 0.01616300716297701 0.046790632942602751 -0.030824492756358308 -0.010331056279040152 -0.02831078174058348 0.0078490919074586905 -0.037984332363180912 0.0148742587150385 -0.0012311153067275883 -0.011689653194376402 -0.012475232007883249 -0.01214335631195675 -0.023492152720157589 -0.0031067365778970624 -0.018864012197949566 -0.00030309982886273824 -0.03820847074966878 0.012693633704966066 0.035676299368496985 0.011284352943335695 0.0043171320068226618 0.019025633991695941 -0.03099357375564675 -0.0063467669839745808 0.0036060222773812711
leaf_weight=165455 23 26 22 20 66 20 21 23 62 32 48 39 36 20 28 31 34 35 155 52 10873 28 43 20 27 44 20 24 148 467
leaf_count=165455 23 26 22 20 66 20 21 23 62 32 48 39 36 20 28 31 34 35 155 52 10873 28 43 20 27 44 20 24 148 467
internal_value=1.01614e-12 -0.00055455 -0.000612473 -0.00674049 -0.000398196 0.0119589 0.0276187 -0.00049543 -0.00587483 -0.0043527 -0.00519351 -0.0139305 -0.00189087 -0.0210727 -0.0269955 -0.00124455 -0.000309066 -0.010099 -0.00425771 -0.00706509 -0.000222672 -0.00892271 0.00172665 -0.000881775 0.00213672 -0.00942094 -0.00130324 -0.0160973 -0.00362654 -0.000142116
internal_weight=177942 12487 12461 421 12040 94 43 11946 400 377 401 110 291 87 67 51 11546 101 255 207 11445 105 77 291 215 76 195 86 175 11340
internal_count=177942 12487 12461 421 12040 94 43 11946 400 377 401 110 291 87 67 51 11546 101 255 207 11445 105 77 291 215 76 195 86 175 11340
is_linear=0
shrinkage=0.05


Tree=173
num_leaves=31
num_cat=0
split_feature=7 9 9 0 5 8 12 6 5 8 6 7 6 7 8 9 6 6 7 5 0 1 0 7 12 10 7 4 7 3
split_gain=1.61435 4.51551 4.24982 2.58682 2.86847 3.65671 2.86246 2.63575 4.67561 2.36285 5.93531 8.51779 6.56257 5.26217 10.9484 5.74723 10.7719 5.30407 6.05014 4.79174 4.56078 4.52709 4.30841 6.76392 4.2398 5.78516 5.40122 3.88436 4.12821 3.75102
threshold=1.2644557469035156 0.58872900000000017 0.30872625000000004 -0.10254208925858897 -4.5764564513952619 0.79139424062734187 0.64357157203265014 0.32982968531293849 -0.93649505633583907 0.21788759242743436 -4.8573510556152302 -1.1349316329791421 -1.0378690880334245 0.098584096621569903 -0.45807636159734827 0.27525025000000009 -3.1637990117581425 0.25395204702147584 -0.44328758121803385 -7.8119887130988142 -0.32408908367627526 -0.060656576674170286 -0.19155758489531574 -2.5104400087530458 -2.0336674077739354 0.066383500000000054 -0.53214001133517275 -0.27463434610142345 -0.68856014819560141 1.2352019177576989
decision_type=2 2 2 2 2 2 2 2 2 2 2 2 2 2 2 2 2 2 2 2 2 2 2 2 2 2 2 2 2 2
left_child=9 2 -2 4 -3 -6 -5 8 -7 13 -11 12 -12 17 29 19 -17 22 20 -16 -19 -22 23 -1 25 -23 -26 -25 -29 -15
right_child=1 3 -4 6 5 7 -8 -9 -10 10 11 -13 -14 14 15 16 -18 18 -20 -21 21 24 -24 27 26 -27 -28 28 -30 -31
leaf_value=-0.0045700914877915971 -0.0028788375739867873 0.011454213713295759 -0.032056320066719012 -0.00053679289614349081 -0.012266604354335582 0.0016772382802540257 0.011081380048009164 0.0031556039092688949 -0.029331086466554551 0.027635782584547998 -0.0067545322612543608 0.001365225853438188 -0.037728045694530012 -0.0072990916910711974 -0.0046912251572523806 -0.023409713477880328 -0.00068544649102550447 0.0093728631553240127 -0.00037547494601732978 0.024933216515450909 -0.010225367682959098 -0.0062118616763173658 2.2559893223155233e-06 0.0020038338300488049 0.0021366718091906855 -0.036803281679749493 -0.010376461909319727 -0.00016691197052012098 -0.01091672788411214 -0.023790910871498087
leaf_weight=467 26 26 24 254 127 31 67 116 20 21 118 4559 20 506 21 53 3251 50 1671 39 390 68 158747 6229 328 20 117 426 113 37
leaf_count=467 26 26 24 254 127 31 67 116 20 21 118 4559 20 506 21 53 3251 50 1671 39 390 68 158747 6229 328 20 117 426 113 37
internal_value=-2.11942e-13 -0.00241204 -0.016884 -0.00128318 -0.00446446 -0.00587223 0.00188818 -0.00100944 -0.0104829 9.40317e-06 0.00111336 0.000994777 -0.0112434 -2.0785e-05 -0.00183487 -0.000771469 -0.00104997 2.12466e-05 -0.00220059 0.0145647 -0.00533498 -0.00613173 5.66392e-05 0.00124989 -0.00313638 -0.0131645 -0.0011533 0.00165148 -0.00242058 -0.00842284
internal_weight=177942 691 50 641 320 294 321 167 51 177251 4718 4697 138 172533 3907 3364 3304 168626 2644 60 973 923 165982 7235 533 88 445 6768 539 543
internal_count=177942 691 50 641 320 294 321 167 51 177251 4718 4697 138 172533 3907 3364 3304 168626 2644 60 973 923 165982 7235 533 88 445 6768 539 543
is_linear=0
shrinkage=0.05


Tree=174
num_leaves=31
num_cat=0
split_feature=1 10 2 3 10 5 2 8 1 11 9 6 6 4 6 9 7 2 4 10 4 2 7 8 12 6 5 6 7 0
split_gain=1.60539 4.17249 4.06715 4.09563 4.03876 4.29262 5.09375 5.21707 4.52413 4.44951 3.80588 6.34375 6.55831 7.99069 4.08983 3.76191 7.29653 3.63696 3.58084 4.60781 4.64596 4.46689 5.31507 3.48296 6.23001 3.46906 5.31048 3.36855 4.02371 3.89521
threshold=0.18023353200109074 0.13288350000000004 -0.48884403856047132 -0.61899456161294586 -0.022372499999999986 -3.3675021687768578 0.20337788260153414 -0.61616188386454362 0.4273797550854263 -0.018134499999999967 0.12638750000000001 -6.5848101596763264 -5.265264817263815 -0.024208437761069342 -5.9507593418597535 1.0298487500000002 -0.045584283876885574 1.0156865157480317 -0.19378485603432813 -0.011841000000000044 -0.16183443180142335 1.5576432820319142 -0.35020035185588611 0.79139424062734187 0.64357157203265014 -0.33502165600711481 0.15921817236302443 -0.72569945993611162 0.36053821518847923 0.20447806600337651
decision_type=2 2 2 2 2 2 2 2 2 2 2 2 2 2 2 2 2 2 2 2 2 2 2 2 2 2 2 2 2 2
left_child=-1 4 3 -3 5 10 7 8 -7 25 14 -12 13 -13 -2 18 17 -17 21 20 -20 -6 -23 24 27 -9 -27 29 -29 -18
right_child=1 2 -4 -5 15 6 -8 9 -10 -11 11 12 -14 -15 -16 16 23 -19 19 -21 -22 22 -24 -25 -26 26 -28 28 -30 -31
leaf_value=-7.8496667482173634e-05 -0.0053813343634828929 0.022724415407036291 -0.0021106631062794874 -0.0059501294529763979 0.0014720559925015149 -0.0044810181127267748 0.001990092537868856 0.0011222084205863732 -0.019535326347849741 -0.0063733595644135943 0.017440738204262545 0.00087458222405985004 -0.0028128723091349755 -0.039719897398242249 -0.033778553615723343 -0.017115062545053662 0.00027379327980072603 -0.0025044626686448121 -0.011526783229783177 0.00023981832324604003 0.0047993484253436554 -0.0031239954324869014 0.019909311902842355 -0.0062306137583518946 -0.02364412156998047 0.031531987135531382 0.0022502369969151915 -0.0059960770161495997 0.0066367730477617853 0.027431160043324194
leaf_weight=139761 32 33 2230 20 7413 401 1325 70 57 77 37 22 1141 27 21 114 23 68 46 23542 827 39 70 155 21 32 30 97 180 31
leaf_count=139761 32 33 2230 20 7413 401 1325 70 57 77 37 22 1141 27 21 114 23 68 46 23542 827 39 70 155 21 32 30 97 180 31
internal_value=2.03428e-13 0.000287336 -0.00178532 0.0119038 0.00041915 -0.00125554 0.000196188 -0.00336741 -0.00635459 0.00317864 -0.00351479 -0.00294815 -0.00358209 -0.0214938 -0.0166331 0.000587101 -0.00306826 -0.0116562 0.000665961 0.000372092 0.00393909 0.0016198 0.011668 1.45783e-05 0.00276459 0.00875065 0.0173634 0.00444007 0.002213 0.0158641
internal_weight=177942 38181 2283 53 35898 3272 1992 667 458 209 1280 1227 1190 49 53 32626 689 182 31937 24415 873 7522 109 507 352 132 62 331 277 54
internal_count=177942 38181 2283 53 35898 3272 1992 667 458 209 1280 1227 1190 49 53 32626 689 182 31937 24415 873 7522 109 507 352 132 62 331 277 54
is_linear=0
shrinkage=0.05


Tree=175
num_leaves=31
num_cat=0
split_feature=11 10 12 4 8 11 3 10 9 9 0 6 0 7 4 3 6 3 4 6 5 9 11 9 7 3 7 8 12 11
split_gain=1.57288 5.03745 5.2157 6.00311 5.92652 4.82616 4.86596 6.0247 4.56167 4.14473 4.57822 4.51967 4.12637 4.13386 5.83784 5.46463 3.88016 3.83647 5.73285 3.68229 3.64427 3.47951 3.46244 3.45641 8.54849 7.22053 5.27527 3.8773 3.99686 3.42239
threshold=0.011687999999999964 -0.01079350000000001 -1.6259007607542149 -0.62676846150217524 -1.7391900421679354 -0.0017044999999999975 0.47103760831720537 0.25252300000000005 0.21171575000000001 0.16082575000000002 0.012987012987012993 -2.9871546986437725 -0.27926228114907359 -1.7503397090376602 -0.10284477671470353 1.8354068117313154 -2.6237598175915284 0.198924519580057 -0.010256410256410274 -1.9262926311460233 -2.1378727595065183 0.24612250000000005 0.0022600000000000124 0.20737425000000004 -2.6652195405997055 0.0077496821643641143 -1.3762185091992478 -3.1692805031981508 -2.8978741608529295 0.010880499999999989
decision_type=2 2 2 2 2 2 2 2 2 2 2 2 2 2 2 2 2 2 2 2 2 2 2 2 2 2 2 2 2 2
left_child=5 2 3 -2 -4 -1 -7 8 9 10 -8 -11 -10 14 21 -15 23 20 -19 -20 -18 -14 -17 24 -5 -26 27 28 -25 -16
right_child=1 -3 4 16 -6 6 7 -9 12 11 -12 -13 13 15 29 22 17 18 19 -21 -22 -23 -24 26 25 -27 -28 -29 -30 -31
leaf_value=0.00020133334216589847 0.022179097328335048 0.00031182549773201267 -0.0105903098319744 -0.00010523716074926481 -0.0023325833254259761 -0.00067100157866844254 -0.017826407101626199 0.023368120699285948 0.0058407634350904312 0.0071249501278313511 0.011824063446534716 0.027078930820737569 0.023487566209033781 -0.0020832790423082523 -0.0002579704228433395 -0.0027617567981090448 -0.0031027907848685111 0.0095414143754816091 0.0035288199094002659 -0.025806071388069542 0.0044317112887178418 0.0038395645966866638 0.0051348917184254866 -0.001790824349433796 0.043940843570800053 0.0019628350995481015 -0.020103266843679277 -0.00096821995884040332 -0.013593601389764974 0.0068981548755552725
leaf_weight=57721 30 62147 252 624 1577 44491 30 29 329 150 23 35 23 2914 3295 194 376 270 23 20 280 1110 488 146 21 20 44 963 141 176
leaf_count=57721 30 62147 252 624 1577 44491 30 29 329 150 23 35 23 2914 3295 194 376 270 23 20 280 1110 488 146 21 20 44 963 141 176
internal_value=1.52084e-12 0.00019144 -0.00137146 -7.36732e-05 -0.00347033 -0.000115432 -0.000458555 0.000616021 0.00054076 0.00736835 -0.00495922 0.0109 0.000350238 0.000129947 0.00112211 -0.00114033 -0.000301673 0.00228633 0.00684097 -0.0101153 0.000113155 0.00423842 0.00288863 -0.0015818 0.00134789 0.0234638 -0.0030874 -0.00248844 -0.0075894 0.000104887
internal_weight=177942 66934 4787 2958 1829 111008 53287 8796 8767 238 53 185 8529 8200 4604 3596 2928 969 313 43 656 1133 682 1959 665 41 1294 1250 287 3471
internal_count=177942 66934 4787 2958 1829 111008 53287 8796 8767 238 53 185 8529 8200 4604 3596 2928 969 313 43 656 1133 682 1959 665 41 1294 1250 287 3471
is_linear=0
shrinkage=0.05


Tree=176
num_leaves=31
num_cat=0
split_feature=11 6 8 8 9 8 8 2 3 9 7 9 10 8 8 3 9 2 0 2 11 10 0 6 10 1 5 9 12 3
split_gain=1.53513 2.66516 6.9667 4.60935 3.19332 3.44274 4.35465 6.35138 4.42266 4.13509 3.73158 3.63838 5.62029 3.34917 3.3059 3.81677 3.04321 3.11471 4.70598 4.30193 4.135 3.02834 3.01185 2.99581 2.72841 3.44837 2.6731 2.62839 2.4872 3.41264
threshold=0.098041000000000031 -5.4236783576855485 -3.8356891479933846 -2.5059865761843834 0.20521250000000005 -2.6231518343538736 -1.5874264379104659 -0.012900254082405969 -0.032916448712634432 0.33767775000000005 -2.3691419711264339 0.6629670000000002 0.25252300000000005 1.0241060565142306 -1.7391900421679354 -0.086534172785287897 1.3590525000000004 -0.29531980140186909 -0.036096461165739384 0.8396586489989919 0.16761599999999996 0.32282450000000013 0.21790281033284734 -1.1046536010634103 0.091948500000000002 -0.15898458665404139 0.24216352141177874 0.34983825000000007 -1.291395830219533 0.032236757576339044
decision_type=2 2 2 2 2 2 2 2 2 2 2 2 2 2 2 2 2 2 2 2 2 2 2 2 2 2 2 2 2 2
left_child=-1 2 -2 -4 -3 27 7 9 10 -7 -8 12 -9 16 24 -16 17 18 -10 21 22 28 -21 -24 25 -11 -23 -6 29 -19
right_child=1 4 3 -5 5 6 8 11 13 14 -12 -13 -14 -15 15 -17 -18 19 -20 20 -22 26 23 -25 -26 -27 -28 -29 -30 -31
leaf_value=2.2758389190600484e-05 0.012366985422200882 0.013123686184606902 -0.038227899577468638 -0.0092785620807924064 -0.0027473025344673316 0.023325551449297332 -0.024097571956614654 -0.00023310148524335373 0.013793387873052128 0.022913369178422727 -0.0028803457971180923 0.019774560136720538 -0.020140457193916425 -0.013018130861915823 0.0063066483191821891 0.029720673549205198 -0.017280803011222323 -0.014637482678517701 -0.0069179943649450674 -0.0033921571734677491 0.015339208940886671 -0.020521747053135187 0.021873079054057599 0.0018107119814625809 -0.0014954606213831102 0.0023379305111510414 0.0012999571505529078 -0.0127422360007209 -0.001747108487843448 0.0072467870114110849
leaf_weight=173769 26 41 20 44 196 39 21 390 106 32 1572 20 39 43 46 28 22 20 37 109 84 36 30 49 135 56 23 99 647 163
leaf_count=173769 26 41 20 44 196 39 21 390 106 32 1572 20 39 43 46 28 22 20 37 109 84 36 30 49 135 56 23 99 647 163
internal_value=1.59294e-12 -0.000947688 -0.00945859 -0.0183252 -0.000760086 -0.000900915 -0.000491473 0.00281955 -0.00136897 0.00801859 -0.00316005 -0.00107104 -0.00204286 0.000715161 0.00600858 0.015166 0.00116051 0.00147164 0.0084345 0.000614022 0.00611642 -0.0010695 0.0019956 0.00942933 0.0029698 0.00981991 -0.012015 -0.00610153 -0.000291449 0.00485506
internal_weight=177942 4173 90 64 4083 4042 3747 785 2962 336 1593 449 429 1369 297 74 1326 1304 143 1161 272 889 188 79 223 88 59 295 830 183
internal_count=177942 4173 90 64 4083 4042 3747 785 2962 336 1593 449 429 1369 297 74 1326 1304 143 1161 272 889 188 79 223 88 59 295 830 183
is_linear=0
shrinkage=0.05


Tree=177
num_leaves=31
num_cat=0
split_feature=5 8 10 9 7 5 0 0 8 10 0 3 6 8 0 3 10 0 7 1 5 9 0 1 7 7 8 12 0 3
split_gain=1.54084 3.59234 3.18992 8.36909 3.60404 10.0205 5.55054 5.28279 5.34758 3.36751 3.54295 3.27389 2.8675 9.20571 6.71796 5.54987 5.33017 5.13212 4.82878 4.02173 3.91756 3.52367 7.3669 8.39591 5.9937 3.41571 13.6692 7.32454 5.41048 5.11853
threshold=0.54371673742843962 -2.380750337091015 -0.060153000000000033 0.5151985 -1.026420249138345 0.81819560297144867 -0.21603463585920282 -0.13873858063509706 -1.3023111960373051 0.11658800000000004 -0.0031800716074425468 0.17172091006287907 -0.20693699860562828 -1.2451176859021162 -0.064620227807645744 -0.098690126845891665 0.14147450000000009 -0.22617291754459892 -1.1848791208842762 -0.010858489375422496 -0.47097541417179051 0.36911975000000002 0.21107978412861142 0.29845064709850727 0.21697175979466107 -0.16936222881315599 -0.48631132294880131 -1.7571904394264692 -0.32408908367627526 0.16055691949864329
decision_type=2 2 2 2 2 2 2 2 2 2 2 2 2 2 2 2 2 2 2 2 2 2 2 2 2 2 2 2 2 2
left_child=12 -2 3 -3 5 7 -7 8 -4 10 -8 -5 25 14 15 17 19 -14 -15 20 -16 22 -20 -24 -25 -1 27 29 -28 -27
right_child=1 2 4 11 -6 6 9 -9 -10 -11 -12 -13 13 18 16 -17 -18 -19 21 -21 -22 -23 23 24 -26 26 28 -29 -30 -31
leaf_value=6.3090653959296458e-05 -0.014430460103444363 0.021264956776858936 0.025380653512485803 -0.0013736589932348579 0.0012042270749481369 0.015756999735127796 -0.017758208016554516 0.00024471281609726335 -0.0040422024124342464 0.0032497338462257534 -0.006754097193065957 0.0077683165190764562 -0.0046936682541854685 -0.020981188838569715 0.0028174032395069421 -0.0061436471091988291 -0.026049120084975255 -0.024861911559760894 -0.030207940091689429 -0.0031542818428278562 0.025671178305690941 -3.9092338049826201e-05 0.026850916647817941 -0.029738318097467228 0.003543907929692538 -0.00097064589402483161 -0.0040629210648015701 -0.0075801137262100048 0.00082462499910137892 0.02136553035882701
leaf_weight=159414 38 67 47 250 3614 22 141 261 23 41 152 161 48 28 127 345 22 92 30 506 22 6964 20 24 31 96 670 995 3656 35
leaf_count=159414 38 67 47 250 3614 22 141 261 23 41 152 161 48 28 127 345 22 92 30 506 22 6964 20 24 31 96 670 995 3656 35
internal_value=1.99621e-12 0.000882065 0.00100382 0.00487874 0.000573176 -0.0027465 -0.00856921 0.00351598 0.0157131 -0.0101715 -0.0120496 0.0022075 -2.45424e-05 -0.00093371 -0.00505914 -0.00955083 -0.00184132 -0.0179471 -0.000258249 -0.00102823 0.00619179 -0.000176166 -0.00926741 -0.000891202 -0.0109792 2.10025e-05 -0.00120963 -0.00611688 6.76542e-05 0.00499703
internal_weight=177942 4817 4779 478 4301 687 356 331 70 334 293 411 173125 8259 1162 485 677 140 7097 655 149 7069 105 75 55 164866 5452 1126 4326 131
internal_count=177942 4817 4779 478 4301 687 356 331 70 334 293 411 173125 8259 1162 485 677 140 7097 655 149 7069 105 75 55 164866 5452 1126 4326 131
is_linear=0
shrinkage=0.05


Tree=178
num_leaves=31
num_cat=0
split_feature=4 0 12 12 2 10 5 8 7 11 1 0 11 7 2 7 8 11 9 7 6 5 0 6 1 9 5 0 6 8
split_gain=1.54849 3.54616 4.80624 3.47289 3.74087 3.61088 3.34968 3.2158 3.37971 3.11832 5.08096 4.86192 3.50076 3.11071 2.96246 3.27143 3.50044 4.88144 4.19836 3.36769 3.16517 3.21422 3.081 4.23718 4.88757 3.20864 3.00045 4.60973 3.67349 3.22863
threshold=-0.092435408751648171 -0.038457746158396915 -2.8978741608529295 -0.61157124805638696 0.3656121814559718 0.0061585000000000121 -9.3060674386657691 -2.8807947888328029 -2.6046184658081022 -0.020965000000000036 0.12393238380080486 -0.054581322116267421 -0.032809000000000012 -3.3174383592546763 0.071898516581025321 -0.31774755435668245 -3.2699263684124049 -0.020214000000000006 0.24128425000000003 -2.9441541029407925 -5.9507593418597535 -5.3226451416996801 0.11034001155846664 -4.456637574313711 0.096393589287299034 0.35139075000000003 -4.8873414389372707 -0.023376365005729368 -3.5739141583899703 -3.8907777091061058
decision_type=2 2 2 2 2 2 2 2 2 2 2 2 2 2 2 2 2 2 2 2 2 2 2 2 2 2 2 2 2 2
left_child=-1 2 7 4 6 -6 -4 13 -9 10 11 -8 -12 -2 15 16 17 18 20 26 -3 -22 -18 -24 25 -25 -19 28 29 -28
right_child=1 14 3 -5 5 -7 9 8 -10 -11 12 -13 -14 -15 -16 -17 22 19 -20 -21 21 -23 23 24 -26 -27 27 -29 -30 -31
leaf_value=0.00010672098460230878 0.0023558420655942552 -0.01978491063695401 -0.013783631474384434 -0.021401489913463592 -0.0082072414893987061 0.0035768842908277172 -0.0010013287689423923 0.016683010923277057 -0.0032708160608308392 -0.0037597509711642082 -0.024122841813368726 0.018497608935896068 0.00235872630459758 -0.0038268396811845825 6.3500496087544062e-05 -0.017926026840827804 0.00041986075738634373 0.0001893380286903197 -0.018993786728832927 -0.010520040262490512 0.0074356418127065589 -0.0068998681290152802 -0.020036776055691437 -0.0032237287705087245 0.00083146196576155344 -0.01350466427174357 0.016449190142863831 -0.0033817856953220734 -0.0036494127004629093 0.002199889460588684
leaf_weight=116797 611 30 77 25 79 367 66 63 32 1884 24 62 26 305 46794 28 5293 1949 69 100 58 120 34 216 553 117 70 1896 105 92
leaf_count=116797 611 30 77 25 79 367 66 63 32 1884 24 62 26 305 46794 28 5293 1949 69 100 58 120 34 216 553 117 70 1896 105 92
internal_value=3.84581e-13 -0.000203855 -0.00172153 -0.00285527 -0.00267591 0.00148956 -0.00354444 0.00120534 0.00996172 -0.00316209 0.00316372 0.00844347 -0.0103524 0.000297198 -0.00010832 -0.000857639 -0.000812983 -0.00187682 -0.00830627 -0.00145399 -0.00476089 -0.00222875 -4.43425e-05 -0.00271503 -0.00205031 -0.00683595 -0.00123351 -0.00251559 0.00363537 0.00835699
internal_weight=177942 61145 3621 2610 2585 446 2139 1011 95 2062 178 128 50 916 57524 10730 10702 4489 277 4212 208 178 6213 920 886 333 4112 2163 267 162
internal_count=177942 61145 3621 2610 2585 446 2139 1011 95 2062 178 128 50 916 57524 10730 10702 4489 277 4212 208 178 6213 920 886 333 4112 2163 267 162
is_linear=0
shrinkage=0.05


Tree=179
num_leaves=31
num_cat=0
split_feature=2 3 6 10 10 9 5 11 1 1 8 10 10 6 9 8 3 1 4 1 10 9 1 0 3 3 11 12 8 5
split_gain=1.5069 2.35289 2.36951 2.75948 5.27549 2.16238 2.11099 2.044 1.75336 2.51735 2.19473 3.03703 3.74633 1.70084 2.52515 4.66157 2.74292 2.7385 4.06757 2.78885 3.47285 2.73122 3.25428 4.42196 3.12566 3.05538 2.07152 2.06801 2.0081 1.99828
threshold=-0.76180543515133226 0.11628649973995088 0.32982968531293849 -0.0035705000000000315 -0.103576 1.2392887500000003 0.99193099663571227 0.065730500000000011 0.077074325619947218 -0.14073650309348254 0.097553224530925187 -0.0087525000000000502 0.11919200000000006 1.5336608685699544 0.30279525000000007 -0.48631132294880131 0.26451327054182688 1.119295517876232 -1.0000000180025095e-35 -0.34807161070973219 0.042867499999999996 1.3590525000000004 0.57425461707011694 -0.19926486358685089 -0.29329357812793205 -0.24996815286624199 0.036278000000000039 -0.42536009594046703 1.0241060565142306 0.66878532166453941
decision_type=2 2 2 2 2 2 2 2 2 2 2 2 2 2 2 2 2 2 2 2 2 2 2 2 2 2 2 2 2 2
left_child=1 2 8 4 -4 -6 7 -5 9 10 11 -1 -13 -2 -15 -16 21 19 -19 20 -18 22 23 24 -17 27 -21 -25 -23 -29
right_child=13 -3 3 6 5 -7 -8 -9 -10 -11 -12 12 -14 14 15 16 17 18 -20 26 -22 28 -24 25 -26 -27 -28 29 -30 -31
leaf_value=0.022341737608340656 2.5316692762492106e-08 0.016516578731326653 0.01801110761748119 0.0082518576034419054 -0.022230449388734998 -0.0023763968507410031 0.001411416136961378 0.022262789825779492 0.013278275027516342 -0.014978631067788229 -0.0028844151613051342 -0.0056981946206228302 0.018715059401636775 0.0095245286449789999 -0.023366732383146883 -0.021272066753142731 0.004888263458593025 -0.02603044052608311 0.0054764158535926116 0.013025688961257829 -0.020327060449529779 -0.0034181483600649143 -0.021426367076734704 0.020713387458818035 -0.0049349523696756523 -0.011276184589686719 -0.0006578568846169041 -0.006821839418262244 0.016080983501413595 0.010856874411304791
leaf_weight=22 176623 28 22 94 24 32 71 36 21 32 241 55 22 40 28 52 36 20 21 85 22 31 36 20 67 33 41 31 23 33
leaf_count=22 176623 28 22 94 24 32 71 36 21 32 241 55 22 40 28 52 36 20 21 85 22 31 36 20 67 33 41 31 23 33
internal_value=-1.61254e-12 0.0023153 0.00172358 0.00524736 -0.00273501 -0.0108853 0.008345 0.0121318 -0.000778035 -0.00157154 -0.000309692 0.00595807 0.00127702 -9.14406e-06 -0.0026255 -0.00346488 -0.00245353 0.00179284 -0.00989278 0.0043967 -0.00467617 -0.00538431 -0.00742347 -0.00528744 -0.0120739 0.00161499 0.00857311 0.00667938 0.00488704 0.00229375
internal_weight=177942 700 672 279 78 56 201 130 393 372 340 99 77 177242 619 579 551 225 41 184 58 326 272 236 119 117 126 84 54 64
internal_count=177942 700 672 279 78 56 201 130 393 372 340 99 77 177242 619 579 551 225 41 184 58 326 272 236 119 117 126 84 54 64
is_linear=0
shrinkage=0.05


Tree=180
num_leaves=31
num_cat=0
split_feature=3 1 10 0 9 9 4 8 1 3 0 7 0 6 0 11 12 3 4 4 3 11 0 6 9 6 2 9 11 1
split_gain=1.50064 3.59899 4.92242 5.45848 4.14437 6.2308 3.95744 4.24337 4.94777 4.30949 3.76949 3.64087 4.31949 4.50591 3.29652 4.43221 6.5087 3.83249 4.79915 3.70364 5.15281 4.44977 3.37126 8.01439 4.02861 4.38458 3.3551 4.14905 3.33348 3.83188
threshold=0.0077496821643641143 -0.067168316051729002 0.086586500000000025 -0.011609019153595966 0.38256525000000002 0.39138750000000005 -0.23342018452266908 -1.9697500662307488 -0.13057885149832235 -0.078284214272261218 -0.049255799425664541 -2.3357687115783139 0.012058390305364266 -3.5359182412302235 -0.024386170715414542 -0.0049559999999999873 -2.0787198041150625 -0.53237103673109198 -0.62676846150217524 -0.18479055729509444 -0.17516986565933065 -0.12171299999999995 0.012987012987012993 -5.4236783576855485 0.26248075000000004 -4.2576695402901406 -0.036254987839494927 0.19821425000000004 0.027077999999999994 0.37617801936026501
decision_type=2 2 2 2 2 2 2 2 2 2 2 2 2 2 2 2 2 2 2 2 2 2 2 2 2 2 2 2 2 2
left_child=1 2 -1 6 11 -6 -4 8 -8 -10 -11 12 13 -5 15 16 -3 18 -18 20 21 -16 24 -24 26 -26 -22 -28 29 -23
right_child=-2 14 3 4 5 -7 7 -9 9 10 -12 -13 -14 -15 19 -17 17 -19 -20 -21 22 28 23 -25 25 -27 27 -29 -30 -31
leaf_value=-7.1957916394695454e-05 0.00012260433443248779 0.0040471626523133474 0.0022757229815955657 -0.0023192756388696932 -0.02721318922451009 -0.0010288859718145117 -0.0092696532874833783 0.024128381965565496 0.025466839613121312 0.015601501509694285 -0.0066692412303956715 0.011154399975202978 -0.0061242321413234237 0.025351875701120925 0.00923156549234125 -0.0020456838059376863 0.0024002432270986552 -0.002230125720425879 0.027088649706407026 -0.00086744876625405559 -0.010065534987844267 -0.0010299429719588847 0.0341449991427362 0.0023914926849487022 0.013403016730531384 0.00020240066598818445 0.020492920457300817 -0.0036528082579494487 0.0010297043815753379 0.0018766185365880874
leaf_weight=25098 103879 835 3691 31 23 1864 40 40 36 38 38 133 104 28 123 6265 187 1493 22 14086 172 10585 20 3089 67 1029 22 93 3541 1270
leaf_count=25098 103879 835 3691 31 23 1864 40 40 36 38 38 133 104 28 123 6265 187 1493 22 14086 172 10585 20 3089 67 1029 22 93 3541 1270
internal_value=-1.56551e-12 -0.000171962 0.000236975 0.00151518 -0.000485193 -0.00134804 0.00263978 0.00963844 0.0058253 0.0112164 0.00446613 0.00501544 6.34866e-06 0.0108128 -0.000469035 -0.0013317 0.000431454 -0.00134241 0.00499902 -0.000246341 0.000190864 -0.0002408 0.00168218 0.00259576 -0.000371559 0.00100937 -0.00564508 0.000966375 -0.000316476 -0.000718569
internal_weight=177942 74063 31164 6066 2183 1887 3883 192 152 112 76 296 163 59 42899 8802 2537 1702 209 34097 20011 15519 4492 3109 1383 1096 287 115 15396 11855
internal_count=177942 74063 31164 6066 2183 1887 3883 192 152 112 76 296 163 59 42899 8802 2537 1702 209 34097 20011 15519 4492 3109 1383 1096 287 115 15396 11855
is_linear=0
shrinkage=0.05


Tree=181
num_leaves=31
num_cat=0
split_feature=4 8 0 12 7 6 10 6 5 8 5 3 11 10 3 3 2 3 0 10 6 11 10 10 9 2 7 10 7 6
split_gain=1.50461 7.15138 5.7839 7.21954 5.28616 6.9187 5.43466 4.19828 5.40239 5.25557 4.09316 7.67952 4.19082 3.67011 5.9101 3.5658 3.43954 3.46845 3.16014 3.53666 2.97127 6.74873 5.64207 3.88492 5.80333 3.7768 3.19158 3.53545 3.37632 3.42454
threshold=-0.006276707981410278 1.0241060565142306 0.011152807505037889 -1.6675145650428769 -5.161602059988339 -6.5848101596763264 0.086586500000000025 0.17922085934290269 -7.9525120142537178 -1.0755016131617254 -8.2771019076722734 0.19487445749127999 0.037940499999999995 0.10941900000000003 0.39290937071332316 0.2370797852772252 0.032550006399775351 0.19487445749127999 1.0000000180025095e-35 0.064965500000000023 -4.7861466191853337 0.031798499999999959 -0.051857499999999994 0.14640600000000001 0.24612250000000005 0.28749353671147887 -0.63934073005741976 0.036051000000000007 -4.7159546743213054 -5.6288607342000709
decision_type=2 2 2 2 2 2 2 2 2 2 2 2 2 2 2 2 2 2 2 2 2 2 2 2 2 2 2 2 2 2
left_child=-1 2 3 10 5 6 -4 16 -9 -10 11 -2 18 14 -13 -7 17 -6 -12 -20 21 22 25 24 -23 -18 27 28 -24 -30
right_child=1 -3 4 -5 7 15 -8 8 9 -11 12 13 -14 -15 -16 -17 20 -19 19 -21 -22 23 26 -25 -26 -27 -28 -29 29 -31
leaf_value=3.9942200612735176e-05 0.014926422294229269 0.025666193166174568 0.0088343890521421341 -0.035663051763549301 -0.0027400325024218271 0.015432490664534271 0.044395024650951936 -0.029036877324561713 -0.014935504541147587 -0.00086677600077555051 0.0075278880530580258 -0.013203476430582149 0.014192997744410402 -0.0050472913465152182 -0.045033649667166178 -0.011646821073842266 -0.028164048515440479 -0.022211208024195263 -0.0032668360517601729 -0.019111683668775692 -1.5808041626265824e-05 -0.021106801927089691 -0.019715368940494957 -0.032162386730599866 0.0081431103171780705 -0.0020439283493906258 -0.013599874057735391 0.006526772489893664 0.0085183599541012785 -0.0039244461489790876
leaf_weight=165455 20 26 22 20 66 20 21 23 86 291 48 35 36 30 25 31 31 35 162 45 10755 43 25 26 28 25 39 194 76 203
leaf_count=165455 20 26 22 20 66 20 21 23 86 291 48 35 36 30 25 31 31 35 162 45 10755 43 25 26 28 25 39 194 76 203
internal_value=1.31379e-12 -0.000529241 -0.000583898 -0.00634461 -0.000382465 0.0114282 0.0262012 -0.0004754 -0.00551133 -0.00407609 -0.00488234 -0.0130987 -0.00177652 -0.0193265 -0.026466 -0.00102748 -0.000300935 -0.00948747 -0.00403104 -0.00671137 -0.000219865 -0.0034005 -0.00140057 -0.0156269 -0.00957163 -0.0165033 0.00017439 0.0012531 -0.00211234 -0.000535008
internal_weight=177942 12487 12461 421 12040 94 43 11946 400 377 401 110 291 90 60 51 11546 101 255 207 11445 690 593 97 71 56 537 498 304 279
internal_count=177942 12487 12461 421 12040 94 43 11946 400 377 401 110 291 90 60 51 11546 101 255 207 11445 690 593 97 71 56 537 498 304 279
is_linear=0
shrinkage=0.05


Tree=182
num_leaves=31
num_cat=0
split_feature=2 4 0 7 6 11 10 0 7 8 6 10 4 6 1 7 0 6 2 0 1 0 11 7 6 6 8 7 8 8
split_gain=1.47149 4.63002 7.35432 4.90168 4.41002 4.16963 4.023 3.86129 6.15352 13.0668 8.29928 7.25866 6.68399 5.98202 6.55878 5.43571 6.01601 5.75208 5.11524 4.97796 5.32113 4.77985 4.42668 4.37809 12.9273 9.17242 7.80084 7.54437 5.48258 5.58298
threshold=0.06715709212859157 -0.18479055729509444 -0.10503899401487214 -1.5640036319228694 -2.7199713809869182 0.014873499999999986 0.051663500000000008 -0.011609019153595966 -0.6649693646102034 -0.93555747114793764 0.25395204702147584 0.18696450000000003 -0.55595268986566537 -1.5305002444298568 -0.45260405101037332 -0.16936222881315599 -0.025423728813559306 0.17922085934290269 -0.21552761347067959 -0.1129757402639202 -0.40336820629177089 -0.38540649811485794 0.06857199999999998 -1.9843777930387525 -1.8818295667926661 -1.4073439479350094 -2.0760047968896473 -1.4787556223529557 -2.5758941772304738 -1.3023111960373051
decision_type=2 2 2 2 2 2 2 2 2 2 2 2 2 2 2 2 2 2 2 2 2 2 2 2 2 2 2 2 2 2
left_child=7 -2 3 4 5 -3 -4 8 10 11 12 19 -1 14 22 -15 17 -17 -13 20 -10 -16 -11 25 26 -14 -25 -28 -27 -30
right_child=1 2 6 -5 -6 -7 -8 -9 9 13 -12 18 23 15 21 16 -18 -19 -20 -21 -22 -23 -24 24 -26 28 27 -29 29 -31
leaf_value=0.0022274458527612962 0.00089723807761139167 -0.0030420823192495545 0.00029029790758018203 -0.0076361540164824162 0.001122979362607118 -0.017610290008032641 -0.00057851020573501482 -0.00047019790848387851 0.00061390531978771821 0.0053854463501137838 -0.010910784091326113 0.032055371815693526 0.00083195215270167688 0.0023299026004281569 -0.019875474934112923 -0.0030376006104593169 0.013247475172393025 0.00085533121116760638 -0.0028432685582499423 -0.0004425881756112779 -0.0098718734970812475 -0.0049548599042201309 -0.013906688845771202 -0.0059466848998862201 0.00081511490916057043 -0.012542084447621183 0.00046844446864954321 -0.0036003210845352838 -0.00082929569015619529 -0.026719632744789126
leaf_weight=4751 16718 192 46485 499 564 66 18678 45020 143 237 161 21 21895 2215 58 1861 75 1936 21 261 786 720 34 1157 8183 187 2543 2064 389 22
leaf_count=4751 16718 192 46485 499 564 66 18678 45020 143 237 161 21 21895 2215 58 1861 75 1936 21 261 786 720 34 1157 8183 187 2543 2064 389 22
internal_value=1.27455e-12 0.00015343 -3.36074e-05 -0.00372705 -0.00135401 -0.00676883 4.1267e-05 -0.000134744 0.000168999 -0.00106753 0.000419223 -0.0058227 0.000463508 -0.000246568 -0.0037338 0.000354401 -0.000775695 -0.00105269 0.0146061 -0.00654371 -0.00825781 -0.00606719 0.00296503 0.000233528 -0.000462468 0.000665087 -0.00227622 -0.00135442 -0.00544448 -0.00221515
internal_weight=177942 83202 66484 1321 822 258 65163 94740 49720 8368 41352 1232 41191 7136 1049 6087 3872 3797 42 1190 929 778 271 36440 13947 22493 5764 4607 598 411
internal_count=177942 83202 66484 1321 822 258 65163 94740 49720 8368 41352 1232 41191 7136 1049 6087 3872 3797 42 1190 929 778 271 36440 13947 22493 5764 4607 598 411
is_linear=0
shrinkage=0.05


Tree=183
num_leaves=31
num_cat=0
split_feature=7 9 0 0 5 8 12 6 5 4 9 2 3 0 5 11 0 8 9 11 7 9 9 9 4 6 0 3 5 9
split_gain=1.46781 4.10952 3.67965 2.27489 2.59843 3.22279 2.50374 2.31229 3.72046 2.16524 5.0167 3.03935 2.92974 2.51545 3.03949 3.24756 2.14067 2.09626 3.81604 5.5063 3.13721 2.95401 3.44561 2.94758 3.05177 2.91523 4.03233 4.42665 4.27358 8.11405
threshold=1.2644557469035156 0.58872900000000017 0.72245182591865209 -0.10254208925858897 -4.5764564513952619 0.79139424062734187 0.64357157203265014 0.42103195004701283 -0.93649505633583907 -0.5431824354352871 0.97399025000000006 -0.53682862617440008 -0.41998372261009781 0.3404830362277172 -0.90083659028764818 0.019736000000000007 0.55990869431835333 0.53194283063380643 0.63323200000000013 0.0047600000000000151 0.049377227678574255 0.77574150000000008 0.82115925000000012 0.8771635000000001 -0.049808747184324702 0.77048256514291291 -0.42992763014951463 -0.48114495284090231 -7.9525120142537178 0.25932775000000002
decision_type=2 2 2 2 2 2 2 2 2 2 2 2 2 2 2 2 2 2 2 2 2 2 2 2 2 2 2 2 2 2
left_child=17 2 -2 4 -3 -6 9 8 -7 10 -5 -12 -11 -14 15 -15 -13 25 19 -19 21 -20 -23 -22 -25 -1 -27 -28 -29 -30
right_child=1 3 -4 6 5 7 -8 -9 -10 12 11 16 13 14 -16 -17 -18 18 20 -21 23 22 -24 24 -26 26 27 28 29 -31
leaf_value=1.1733589758430794e-05 -0.030223917557547494 0.010944496513352185 -0.003074169345200062 0.027357588224112991 -0.011549236214759588 0.0021365824097301814 0.010348848740695351 0.0032541288542746443 -0.023606525041162969 -0.021412134458395571 -0.0091880512245474978 0.01921785904754264 -0.015299383128205172 -0.00038541843555867675 -0.0064591963736650845 0.026646049888804559 -0.0023748111297291789 0.0074676260013471956 0.0084924879766097566 -0.025239742066591016 0.010706152021088917 -0.019202110978464287 -0.0016759466368780841 0.0020223947642879193 0.015402940352743661 0.0048397185319856532 -0.0080611580901755655 -0.015877202577888966 0.021786864846944809 -0.0016444309136968132
leaf_weight=173224 24 26 26 20 127 32 67 110 25 22 47 24 26 25 48 20 22 22 66 31 117 30 430 1352 44 197 316 50 38 1334
leaf_count=173224 24 26 26 20 127 32 67 110 25 22 47 24 26 25 48 20 22 22 66 31 117 30 430 1352 44 197 316 50 38 1334
internal_value=-1.82814e-12 -0.00229996 -0.016106 -0.00122305 -0.00420636 -0.00554623 0.00175097 -0.000981068 -0.00915425 -0.000516971 0.00463979 -0.00024576 -0.00464969 -0.00155076 0.00229295 0.0116286 0.00889093 8.96624e-06 0.00158235 -0.0116631 0.00192664 -0.00139965 -0.00281896 0.00308303 0.00244413 -9.82531e-06 -0.00193981 -0.00270826 -0.00151873 -0.000995459
internal_weight=177942 691 50 641 320 294 321 167 57 254 113 93 141 119 93 45 46 177251 2092 53 2039 526 460 1513 1396 175159 1935 1738 1422 1372
internal_count=177942 691 50 641 320 294 321 167 57 254 113 93 141 119 93 45 46 177251 2092 53 2039 526 460 1513 1396 175159 1935 1738 1422 1372
is_linear=0
shrinkage=0.05


Tree=184
num_leaves=31
num_cat=0
split_feature=11 10 12 8 4 11 3 11 5 8 7 4 12 4 7 6 7 3 1 6 5 12 10 3 5 2 4 6 9 10
split_gain=1.45483 4.52824 4.69931 5.36574 5.35344 4.26795 4.3626 4.10821 3.97242 3.65187 3.55365 4.42912 3.81822 5.8717 9.04362 3.63414 6.99864 3.5206 3.50873 3.3469 5.08694 3.15993 4.91706 3.14976 2.92441 2.89061 4.99694 3.06031 6.19049 3.8319
threshold=0.011687999999999964 -0.01079350000000001 -1.6259007607542149 -1.7391900421679354 -0.62676846150217524 -0.0017044999999999975 1.5633607520564046 1.0000000180025095e-35 -3.6075725180739506 -1.7730457347493047 -3.8673651844594188 -0.010256410256410274 -3.3120189543231695 -0.0033551930016312843 -2.3691419711264339 -2.6237598175915284 -1.3762185091992478 0.2600022609088854 -0.078558981821262072 -2.5689171234570551 -5.667794939517611 0.64357157203265014 0.016777500000000004 0.99308551963186531 0.81819560297144867 1.3466460679756804 -0.25924711596842742 -3.3573293237691466 0.72047050000000012 0.096386499999999986
decision_type=2 2 2 2 2 2 2 2 2 2 2 2 2 2 2 2 2 2 2 2 2 2 2 2 2 2 2 2 2 2
left_child=5 2 4 19 -2 -1 21 8 -8 -9 11 -6 13 14 18 16 -14 -17 -12 -4 -21 25 -23 -5 -25 27 -27 28 -7 -29
right_child=1 -3 3 23 10 6 7 9 -10 -11 12 -13 15 -15 -16 17 -18 -19 -20 20 -22 22 -24 24 -26 26 -28 29 -30 -31
leaf_value=0.00018686815852516232 0.020948349945247177 0.00029825433020537999 -0.0025940979325628664 -0.0031541120747724722 -0.0069858163248821825 9.3417253996979838e-05 -0.020973415755725002 0.011931939411940229 -0.00093705377551094721 0.0025702360355338134 0.024381296895444396 0.0058789523284747663 -0.0011954446644226186 -0.015961987912081754 0.038817275979596638 0.00035590950121161725 -0.021047264333490447 0.0073055582276549237 0.0031387743195044823 0.008405790265117374 -0.018021771567703706 -0.03145631278554599 0.0010730220739228222 0.0052316373299758061 -0.011004698657779956 0.028549840132750217 0.0027983646679547482 -0.00093030015593147531 -0.022640321138314906 0.00096460091926972547
leaf_weight=57721 30 62147 94 1337 345 16320 32 117 109 950 22 83 1274 26 23 695 46 247 167 21 137 21 26 208 32 21 183 32572 30 2906
leaf_count=57721 30 62147 94 1337 345 16320 32 117 109 950 22 83 1274 26 23 695 46 247 167 21 137 21 26 208 32 21 183 32572 30 2906
internal_value=2.97618e-12 0.000184116 -0.00129769 -0.00328995 -6.58196e-05 -0.000111015 -0.000433686 0.00253682 -0.00548431 0.00359678 -0.000281129 -0.00449101 0.000439604 0.00646365 0.00921397 -0.000194227 -0.00188725 0.00217816 0.00561145 -0.0100647 -0.0145092 -0.000502588 -0.0134614 -0.00220737 0.00306679 -0.000490883 0.00544925 -0.000514263 5.1704e-05 -0.000775089
internal_weight=177942 66934 4787 1829 2958 111008 53287 1208 141 1067 2928 428 2500 238 212 2262 1320 942 189 252 158 52079 47 1577 240 52032 204 51828 16350 35478
internal_count=177942 66934 4787 1829 2958 111008 53287 1208 141 1067 2928 428 2500 238 212 2262 1320 942 189 252 158 52079 47 1577 240 52032 204 51828 16350 35478
is_linear=0
shrinkage=0.05


Tree=185
num_leaves=31
num_cat=0
split_feature=0 7 9 9 8 6 9 6 11 10 2 8 11 3 5 9 5 11 3 7 1 7 5 10 9 1 0 10 11 9
split_gain=1.42654 3.48519 4.58386 3.68669 3.73558 3.63779 6.8701 3.89474 3.63483 3.55709 3.49095 3.88696 2.90764 2.81705 2.84609 2.78039 2.78008 2.61987 3.663 3.28681 2.55438 4.11366 2.81711 2.50493 2.43888 2.42659 4.3393 3.28127 4.46216 3.80915
threshold=0.36400549450549452 -0.16936222881315599 0.6629670000000002 0.12638750000000001 -0.45807636159734827 -2.9020240415028593 0.30432475000000003 -0.96767415362420717 0.16761599999999996 0.025981999999999995 1.3466460679756804 -1.1550379157746662 -0.013634499999999999 -0.51849137451107852 -5.8547728742337277 0.37071175000000006 -3.0695480767009262 0.021469499999999978 0.52761581098029697 -1.1349316329791421 0.23696572144704212 -0.71216717757926318 -3.7423452324472808 0.028457500000000014 0.21997150000000001 1.4783098118279572 0.72245182591865209 0.32282450000000013 -0.12171299999999995 0.47604500000000011
decision_type=2 2 2 2 2 2 2 2 2 2 2 2 2 2 2 2 2 2 2 2 2 2 2 2 2 2 2 2 2 2
left_child=-1 2 10 -3 13 6 24 9 16 12 17 -12 -7 -5 -15 -16 23 18 20 -19 21 -2 -22 -4 -6 27 -27 28 -9 -30
right_child=1 3 8 4 5 7 -8 25 -10 -11 11 -13 -14 14 15 -17 -18 19 -20 -21 22 -23 -24 -25 -26 26 -28 -29 29 -31
leaf_value=-2.1909099974297053e-05 -0.00016702761188045975 0.021037549059838057 -0.0026351019431946473 0.006390519731510909 -0.0057076567118721352 0.0017887313358428678 -0.023222895011143843 0.016221237303437414 0.018809426921264583 0.0014989244317675527 -0.0036500775031745435 0.019005555125066822 0.016925339413703316 -0.023081218653325259 0.0111501130319777 -0.0080588016230256753 -0.0026071028240510952 -0.0033793819190354132 -0.0065485920252944911 0.0093817326384763988 -0.0077102796206923417 0.015907421419357758 0.0036713008083212235 0.0098546657824119064 0.017153165889903906 -0.0032397065315616586 0.009576529455681642 -0.017354327320091189 -0.0169852478974989 -0.00091487713302608714
leaf_weight=173780 72 20 68 39 28 49 46 37 24 235 25 78 90 28 21 183 575 61 109 292 72 89 222 98 20 118 150 31 38 1244
leaf_count=173780 72 20 68 39 28 49 46 37 24 235 25 78 90 28 21 183 575 61 109 292 72 89 222 98 20 118 150 31 38 1244
internal_value=-1.73957e-13 0.000914792 0.00258445 -0.000339033 -0.000520421 0.000197038 -0.00941494 0.000650615 -0.000341291 0.00524913 0.00477876 0.0135066 0.0115894 -0.006043 -0.00813311 -0.00608141 -0.000961557 0.00379842 0.00168409 0.00717655 0.00365631 0.00871885 0.000883975 0.00473838 0.00381769 -0.000412331 0.00393356 -0.00127507 -0.000897165 -0.00139122
internal_weight=177942 4162 1785 2377 2357 2086 94 1992 765 374 1020 103 139 271 232 204 741 917 564 353 455 161 294 166 48 1618 268 1350 1319 1282
internal_count=177942 4162 1785 2377 2357 2086 94 1992 765 374 1020 103 139 271 232 204 741 917 564 353 455 161 294 166 48 1618 268 1350 1319 1282
is_linear=0
shrinkage=0.05


Tree=186
num_leaves=31
num_cat=0
split_feature=11 8 7 4 0 1 9 5 12 6 5 7 7 9 1 8 7 3 0 0 5 12 10 2 1 10 9 10 0 9
split_gain=1.40715 2.49203 5.99027 4.50894 4.85544 4.5342 6.20644 6.02803 4.2932 3.93996 5.05789 4.02604 4.71597 3.68225 6.57575 3.8719 3.49581 5.17778 4.02689 3.44425 4.0284 3.39937 4.43124 3.5123 3.59122 3.39692 3.33546 3.39119 3.12622 3.34118
threshold=0.098041000000000031 -0.81573709035785757 -0.2824885417915563 -0.1580227207787728 0.0048563342635903348 0.32916114699469295 0.3578575 -2.9428250027114347 -1.3807510502981251 -1.5660795343629019 -2.8584808631634737 -1.4224287275295164 -2.0091024712258378 0.30726150000000002 0.24647175985204153 -2.4153098778913207 -2.2191258388847559 0.39963136672301963 0.017694510695901226 0.027956437685979444 -2.9428250027114347 -1.4424010431862337 0.077782500000000018 -0.018124399627706952 -0.13378461692271795 0.18696450000000003 0.40257150000000008 0.074202500000000046 0.18789314396486936 0.65664850000000008
decision_type=2 2 2 2 2 2 2 2 2 2 2 2 2 2 2 2 2 2 2 2 2 2 2 2 2 2 2 2 2 2
left_child=-1 2 3 4 8 13 -7 -8 21 10 -10 12 -12 14 -5 -15 17 18 -17 20 -6 22 23 24 -2 -24 -3 -28 29 -18
right_child=1 26 -4 5 19 6 7 -9 9 -11 11 -13 -14 15 -16 16 28 -19 -20 -21 -22 -23 25 -25 -26 -27 27 -29 -30 -31
leaf_value=2.1789083794215999e-05 0.023026919001505511 -0.016377063660041952 -0.019245638430882724 0.0038752807929797934 -0.022383213487122897 -0.017916500108549373 0.020550569877146731 0.00095178992666590685 0.0042698750295196231 0.0058325326423245404 -0.020292477930585542 -0.023999954662649543 0.011300073046651152 -0.0125672168048186 -0.026063897237181666 -0.018831474304199222 -0.006627549101926998 0.021418332231405657 0.0072900586270002862 0.00068867903475851408 -0.0014389096996104667 0.027039334443039621 0.00061774450571689494 0.035705851159291341 3.6090914385788368e-05 0.019579198284606851 -0.006189699106880775 -0.00085043708533656638 0.0043533359829874326 -0.026715449174947066
leaf_weight=173769 35 41 39 221 38 26 63 104 97 275 21 40 27 160 20 25 207 32 36 457 58 26 151 20 33 28 375 1437 58 23
leaf_count=173769 35 41 39 221 38 26 63 104 97 275 21 40 27 160 20 25 207 32 36 457 58 26 151 20 33 28 375 1437 58 23
internal_value=4.43878e-12 -0.000907325 0.000184659 0.000516873 0.00243764 -0.00205597 0.00480748 0.00834534 0.00505027 0.00203714 -0.00360465 -0.0122845 -0.00252167 -0.0037499 0.0013907 -0.00603988 -0.00329875 0.00512948 -0.00341549 -0.00111988 -0.00972936 0.00978078 0.00810018 0.0172869 0.0118696 0.00358378 -0.00227451 -0.00195542 -0.00602036 -0.00863634
internal_weight=177942 4173 2320 2281 1306 975 193 167 753 460 185 88 48 782 241 541 381 93 61 553 96 293 267 88 68 179 1853 1812 288 230
internal_count=177942 4173 2320 2281 1306 975 193 167 753 460 185 88 48 782 241 541 381 93 61 553 96 293 267 88 68 179 1853 1812 288 230
is_linear=0
shrinkage=0.05


Tree=187
num_leaves=31
num_cat=0
split_feature=8 9 7 6 1 4 5 2 0 5 2 3 3 1 4 0 7 6 0 3 10 3 9 6 2 1 7 9 3 9
split_gain=1.40322 3.82014 2.97478 3.39386 4.97899 3.3539 2.75572 2.79682 2.61461 2.60954 3.88401 2.01725 3.10888 3.88805 2.93448 4.6592 4.19088 3.51689 3.1038 3.04854 2.93014 3.79274 6.5753 7.18743 4.4444 2.98775 5.9244 5.9957 5.18747 4.69274
threshold=-4.1118639393378862 0.20056225000000003 -4.0345973674178817 -3.8060801033837373 -0.019717656437348293 -0.0043665143138373321 -8.2771019076722734 0.14610159344201903 -0.0049584703379677566 -17.265404112630751 0.087249232540967739 0.0077496821643641143 0.028791465005297615 -0.02898550724637677 -0.06349878556557946 -0.0059403678544687746 -4.7159546743213054 -4.0634580405542229 0.0057308695569792132 -0.014817101757515492 0.20122450000000003 0.37267803926863602 0.16528150000000003 -5.0335900723270433 0.11831963171066286 0.017361111111111053 -5.161602059988339 0.12638750000000001 0.1678374009996845 0.12638750000000001
decision_type=2 2 2 2 2 2 2 2 2 2 2 2 2 2 2 2 2 2 2 2 2 2 2 2 2 2 2 2 2 2
left_child=1 9 3 4 -3 6 -6 8 -8 10 -1 14 13 -13 15 -11 -17 18 -16 -20 21 25 24 -24 -23 -14 28 -28 29 -27
right_child=-2 2 -4 -5 5 -7 7 -9 -10 11 -12 12 20 -15 17 16 -18 -19 19 -21 -22 22 23 -25 -26 26 27 -29 -30 -31
leaf_value=0.00015702339241633546 1.5366268668851704e-05 0.015468080832129895 -0.016378713369880234 -0.023085215652272815 0.0062464930765006857 0.0076914520909053255 0.0058287115845208374 -0.026064949938706283 -0.014184361573322403 -0.0073443800305182374 -0.024784194438770002 0.027699989134403455 -0.0027233842293391663 0.0041165712426471362 5.5148858915675774e-05 0.020778187548017336 0.00062460392575383519 0.0031420616459633625 -0.03424319447604595 -0.011084677868833145 0.018620945664034005 -0.032893635912166375 0.028225335815832732 -0.013656338551081719 -0.0083461104650740282 -0.0094630219119911391 0.012874291079364473 -0.00096520117440898005 0.029772675703113368 0.021271212674353435
leaf_weight=37 175836 34 62 21 23 37 24 29 51 122 27 22 412 85 22 36 91 35 27 30 21 28 21 20 54 27 91 559 35 23
leaf_count=37 175836 34 62 21 23 37 24 29 51 122 27 22 412 85 22 36 91 35 27 30 21 28 21 20 54 27 91 559 35 23
internal_value=-2.60066e-12 -0.00128297 -0.00670996 -0.00397269 -0.0019456 -0.00555576 -0.00941518 -0.0128788 -0.00778018 -0.000447367 -0.0103651 -8.69287e-05 0.000775394 0.0089655 -0.00340794 -0.000366107 0.00633743 -0.0100519 -0.0158974 -0.0220545 9.65856e-05 -0.000209723 -0.00855371 0.00779525 -0.0167282 0.000685056 0.00259564 0.000972328 0.0150092 0.00467473
internal_weight=177942 2106 281 219 198 164 127 104 75 1825 64 1761 1398 107 363 249 127 114 79 57 1291 1270 123 41 82 1147 735 650 85 50
internal_count=177942 2106 281 219 198 164 127 104 75 1825 64 1761 1398 107 363 249 127 114 79 57 1291 1270 123 41 82 1147 735 650 85 50
is_linear=0
shrinkage=0.05


Tree=188
num_leaves=31
num_cat=0
split_feature=4 8 0 12 7 6 3 6 5 2 0 10 2 2 2 10 2 2 1 4 3 12 5 3 6 2 12 3 2 9
split_gain=1.37594 6.31182 5.16714 6.46005 4.68848 6.19774 5.30053 3.82229 5.37188 4.69813 4.57665 3.93509 3.917 3.81433 3.91384 8.00977 5.1047 5.89008 3.56446 3.34243 3.73655 3.3654 4.56222 3.21298 3.13185 3.02823 3.21167 5.21524 3.78111 3.57683
threshold=-0.006276707981410278 1.0241060565142306 0.011152807505037889 -1.6675145650428769 -5.161602059988339 -6.5848101596763264 0.29859026713764619 -0.10932948288293921 -8.2771019076722734 1.3466460679756804 0.21107978412861142 -0.084122999999999976 1.2067693090724012 0.03994630514876208 0.43289373344393006 0.10941900000000003 0.51648364851842254 0.62165111637647119 0.17408041947976508 -0.001330377201759436 0.24638794487910656 -2.0336674077739354 -2.0926198919461378 0.2370797852772252 -1.0823724596527378 0.032550006399775351 -1.8054340458165676 0.81082732589581918 0.6982302207420692 0.12638750000000001
decision_type=2 2 2 2 2 2 2 2 2 2 2 2 2 2 2 2 2 2 2 2 2 2 2 2 2 2 2 2 2 2
left_child=-1 2 3 13 5 6 -4 9 -9 12 -11 -10 25 -2 15 -15 -16 -18 -17 20 -13 22 -21 -7 -12 -6 28 -28 29 -27
right_child=1 -3 4 -5 7 23 -8 8 11 10 24 19 -14 14 16 18 17 -19 -20 21 -22 -23 -24 -25 -26 26 27 -29 -30 -31
leaf_value=3.8196105356639975e-05 -0.022768500389496765 0.024103700132288325 0.043563431279617364 -0.033735822924645623 -0.0089706901082824368 0.014591481336392462 0.0083681129971924038 -0.028066733845955007 -0.023675243062493596 -0.0031922764570451313 0.0029397144434611788 0.025127326938408343 -0.0098793414544737085 -0.0039931171189794556 -0.034531785725128085 0.034954309216700501 0.012781487638130785 -0.021261548159506035 0.0051027526706457146 -0.0012484654725994915 -0.0018160128965035022 -0.0021326976333720378 -0.026420701090763846 -0.011113259406580081 0.013308045914734477 -0.009891291225717946 -0.0035116616678101892 0.0014778106795023931 0.0052173352197096186 7.8506797408872748e-05
leaf_weight=165455 27 26 20 20 101 20 23 23 23 121 139 22 109 262 21 20 24 27 20 36 31 419 36 31 153 91 1611 776 358 7897
leaf_count=165455 27 26 20 20 101 20 23 23 23 121 139 22 109 262 21 20 24 27 20 36 31 419 36 31 153 91 1611 776 358 7897
internal_value=-3.26489e-12 -0.000506105 -0.000557454 -0.00600236 -0.000367063 0.0107559 0.024738 -0.000454587 -0.00437839 -0.000250726 0.00498423 -0.00341749 -0.000448298 -0.00461915 -0.0033089 -0.000811442 -0.0137844 -0.0052413 0.0200285 -0.002561 0.00936801 -0.00384866 -0.0138346 -0.00103297 0.00837244 -0.000353413 -0.000272323 -0.00188961 0.000190231 -3.507e-05
internal_weight=177942 12487 12461 421 12040 94 43 11946 590 11356 413 567 10943 401 374 302 72 51 40 544 53 491 72 51 292 10834 10733 2387 8346 7988
internal_count=177942 12487 12461 421 12040 94 43 11946 590 11356 413 567 10943 401 374 302 72 51 40 544 53 491 72 51 292 10834 10733 2387 8346 7988
is_linear=0
shrinkage=0.05


Tree=189
num_leaves=31
num_cat=0
split_feature=1 10 10 9 12 6 7 0 2 0 11 11 3 11 5 3 9 7 3 11 11 4 3 2 9 12 7 2 8 7
split_gain=1.39 3.67699 3.81946 3.74561 6.13418 5.7759 11.5372 7.78864 7.60154 4.9915 4.89514 4.72079 4.69177 4.42463 4.1352 3.85404 3.53329 5.97773 4.42342 3.90318 4.43575 4.22276 3.39871 3.45904 3.78067 3.38124 6.39002 3.35057 3.34354 7.3568
threshold=0.18023353200109074 0.10941900000000003 -0.022372499999999986 0.12638750000000001 -3.511044095852291 -4.0634580405542229 -2.4036270944793823 0.019474127484707563 0.39675582885612687 0.14701489709347296 -0.015677999999999994 0.0095515000000000062 -0.094385677607184346 0.012532000000000017 -4.4888936797775303 0.15675315529875158 1.0298487500000002 0.21697175979466107 3.8529851392295487 0.0020899999999999951 -0.0033520000000000073 -0.12532558793705498 -0.61899456161294586 -0.4750630747427757 0.77574150000000008 0.46485464245916414 0.28552176149067771 2.6832893169696033 -0.43103705456179181 -1.1349316329791421
decision_type=2 2 2 2 2 2 2 2 2 2 2 2 2 2 2 2 2 2 2 2 2 2 2 2 2 2 2 2 2 2
left_child=27 2 3 11 9 6 7 10 14 -5 -6 -2 -8 -7 15 -9 28 -18 19 20 -19 -21 23 -3 -25 -24 -27 -1 -4 -30
right_child=1 22 16 4 5 13 12 8 -10 -11 -12 -13 -14 -15 -16 -17 17 18 -20 21 -22 -23 25 24 -26 26 -28 -29 29 -31
leaf_value=-6.6792442619307031e-05 -0.025265495381983263 0.01774790248402008 0.00049687901031395909 0.0040763053717091683 -0.035352678834037352 0.00015403223639515667 -0.047027585464751442 -0.0070457771501463394 0.03242289229211482 0.033727351466024465 -0.0040755307687253784 0.0047211410466670286 -0.01757911230149483 -0.0050071759409533118 -0.017588908091187478 0.021596499190976226 -0.0088125118482035164 -0.0045068058071849057 0.011093038809520381 -0.0020420037964680071 -0.03039573865382755 0.015067687407524014 -0.0018686597458698062 0.010652268670752607 -0.0037174679625119702 0.032277334800788336 -0.0034443902918287828 -0.0096641085109965136 -0.0048135705318251279 0.0030746405010057911
leaf_weight=139670 35 41 27600 40 22 2450 21 23 22 22 29 21 38 500 25 24 266 78 84 145 21 48 3287 74 120 21 31 91 331 2762
leaf_count=139670 35 41 27600 40 22 2450 21 23 22 22 29 21 38 500 25 24 266 78 84 145 21 48 3287 74 120 21 31 91 331 2762
internal_value=3.12431e-12 0.000267367 0.000425051 -0.00120049 -0.000977253 -0.00128342 -0.00942005 -0.00183521 0.00670047 0.0145976 -0.0175676 -0.0140205 -0.0280608 -0.000720749 -0.00115916 0.00758007 0.00059479 -0.00307632 0.000981735 -0.001927 -0.0099984 0.00221326 -0.00125949 0.00455249 0.00176377 -0.00166853 0.0109817 -7.30414e-05 0.000671577 0.00223048
internal_weight=177942 38181 34607 3272 3216 3154 204 145 94 62 51 56 59 2950 72 47 31335 642 376 292 99 193 3574 235 194 3339 52 139761 30693 3093
internal_count=177942 38181 34607 3272 3216 3154 204 145 94 62 51 56 59 2950 72 47 31335 642 376 292 99 193 3574 235 194 3339 52 139761 30693 3093
is_linear=0
shrinkage=0.05


Tree=190
num_leaves=31
num_cat=0
split_feature=3 1 10 0 3 7 11 0 12 0 12 7 4 9 6 7 1 4 7 11 10 9 11 7 10 4 0 2 5 2
split_gain=1.36676 3.29372 4.29898 4.902 4.02413 4.87181 5.90126 5.37277 4.80803 4.09792 4.08657 4.03602 3.83671 3.80269 3.66429 4.81415 5.22075 4.32164 5.46365 4.00392 4.3737 3.94919 5.95286 4.85851 4.15677 6.22763 4.6783 3.97855 4.94555 3.94558
threshold=0.0077496821643641143 -0.060656576674170286 0.076876500000000028 0.0012993343997569353 -0.72895227344324265 -2.3691419711264339 0.02613100000000006 0.012058390305364266 -0.054945384395112991 0.18789314396486936 -2.2782920869723298 0.80128946296928849 -0.30042941002974016 0.69722375000000014 -0.75400570621551355 0.21697175979466107 -0.41898558281564263 -0.47408666526956139 -3.5498358247142967 0.090978500000000032 0.0093125000000000031 0.57110225000000014 -0.013184500000000014 -1.0996626015919009 0.018748500000000005 -0.22538761444263741 -0.0059403678544687746 -0.19574561351825884 -0.42248903026378265 -0.22677087777032925
decision_type=2 2 2 2 2 2 2 2 2 2 2 2 2 2 2 2 2 2 2 2 2 2 2 2 2 2 2 2 2 2
left_child=1 2 14 12 8 6 7 -6 -5 -10 -7 13 -4 -12 15 17 -17 18 -1 21 -21 22 24 -23 -19 -26 -27 -25 -29 -22
right_child=-2 -3 3 4 5 10 -8 -9 9 -11 11 -13 -14 -15 -16 16 -18 19 -20 20 29 23 -24 27 25 26 -28 28 -30 -31
leaf_value=0.012363579005891967 0.00011700765356703078 -0.0004560227654804878 0.0016065057712198157 -0.012376748101441253 0.016892750228737097 0.014098790169147583 -0.017876558206437229 -0.0054183293221285568 0.01202903536707163 -0.0059715693115174155 0.0017324178431479516 0.011918905510959265 0.0055708204842845549 -0.0031269640254255183 -0.0014534863956432553 0.00065897573464217805 -0.010591684287755586 0.00084289785212956201 0.0011285891641051994 0.027068661232651389 0.021605464331805709 -0.0065227425343638984 -0.00061595807632417083 -0.0047342933952790565 0.0030717347087784795 0.024554291663860736 0.0060627545658039905 0.0071679877201013533 -0.013273911189068767 -0.0050852938984624219
leaf_weight=110 103879 41928 4274 148 33 58 77 148 50 86 1245 76 712 595 4169 199 214 1737 6659 27 20 545 9743 209 557 66 71 228 34 45
leaf_count=110 103879 41928 4274 148 33 58 77 148 50 86 1245 76 712 595 4169 199 214 1737 6659 27 20 545 9743 209 557 66 71 228 34 45
internal_value=-6.52511e-13 -0.000164112 0.000216757 0.00126469 -0.000534549 0.000178735 -0.00628274 -0.00135056 -0.00614036 0.0006463 0.00102324 0.000627429 0.00217261 0.000161042 -0.000102392 0.000172858 -0.00517066 0.000282921 0.00131116 -0.00024111 0.0101535 -0.000313612 -6.36743e-05 -0.00330844 0.00214978 0.00542074 0.0149711 0.000410872 0.00451522 0.00312725
internal_weight=177942 74063 32135 7502 2516 2232 258 181 284 136 1974 1916 4986 1840 24633 20464 413 20051 6769 13282 92 13190 12174 1016 2431 694 137 471 262 65
internal_count=177942 74063 32135 7502 2516 2232 258 181 284 136 1974 1916 4986 1840 24633 20464 413 20051 6769 13282 92 13190 12174 1016 2431 694 137 471 262 65
is_linear=0
shrinkage=0.05


Tree=191
num_leaves=31
num_cat=0
split_feature=4 3 10 12 7 11 11 0 6 7 5 6 7 10 2 3 5 12 8 11 1 2 3 7 4 12 4 7 6 5
split_gain=1.39098 3.25146 4.12727 8.22446 8.94763 6.32039 5.06419 4.82049 4.61308 5.45883 4.37786 4.24645 5.9294 3.9145 3.90679 3.70667 3.70613 5.04335 3.44444 3.40619 3.35413 3.51195 3.30698 3.7625 3.82126 4.15345 3.29776 3.27965 3.26278 3.25843
threshold=-0.31421014592579727 -0.32586037309796723 -0.056018499999999964 -2.1145554110882032 -2.3922086992669165 -0.016836500000000001 -0.044513500000000004 0.0022698614306366775 -1.7452832414070005 -1.2518814016292621 -6.5598797082225415 -2.0979892094296955 -1.1513896795896317 0.17546850000000005 0.25910497706958885 2.5582579185520364 -1.7191152863312802 -1.5645098704762155 -1.4378281473538497 0.015119499999999982 -0.22803637939300067 -0.36849642293190671 5.6192644715878926 0.98584515841031373 -0.5766785785251235 -0.95079469863778854 -0.54983290641900473 0.66024292506549187 -2.3171641539824104 -3.958401207119111
decision_type=2 2 2 2 2 2 2 2 2 2 2 2 2 2 2 2 2 2 2 2 2 2 2 2 2 2 2 2 2 2
left_child=1 -1 3 4 -3 22 -6 11 13 10 -10 12 14 26 16 -11 -4 19 20 28 21 -14 23 24 -5 -26 -9 -13 -18 -15
right_child=-2 2 7 5 6 -7 -8 8 9 15 -12 27 18 29 -16 -17 17 -19 -20 -21 -22 -23 -24 -25 25 -27 -28 -29 -30 -31
leaf_value=-0.00022533092725911068 -8.9076023481731613e-05 0.0036572847741327304 -0.00022430545604970221 0.0099862321091512621 0.044801966236396269 -0.0029050535482056639 0.017252702845186266 -0.0030915515500560611 0.0087341571107154362 0.0018139592295147956 -0.003912098315649328 0.00076124067449304415 -0.022893903763033449 -0.021617097382744154 0.0078364571107300465 -0.0073672950238434847 -0.0008338541359548938 0.002481235429441848 -0.0033316704033009448 -0.017825728482999601 -0.019975975021776379 0.0012995792001796267 0.02254200866850822 -0.0093561700824648149 0.0057822900475541783 -0.0014785817611411996 0.0032712351368390708 -0.0026121827074291563 -0.013893505277112125 0.0016867922013625504
leaf_weight=22835 126558 136 5283 215 22 523 69 216 74 2494 910 11646 20 30 141 115 132 147 868 78 66 60 23 55 432 362 3559 768 75 30
leaf_count=22835 126558 136 5283 215 22 523 69 216 74 2494 910 11646 20 30 141 115 132 147 868 78 66 60 23 55 432 362 3559 768 75 30
internal_value=-1.1232e-12 0.000219393 0.000575106 0.00286758 0.0117774 0.00161135 0.023913 0.000417452 0.0014997 0.000212383 -0.00296106 5.82497e-07 -0.000996801 0.00270577 -0.000385555 0.00140927 -0.000588408 -0.00504108 -0.00452683 -0.00892101 -0.0116323 -0.00474879 0.00378438 0.0033789 0.00407308 0.00247192 0.00290717 0.000552542 -0.00556561 -0.00996515
internal_weight=177942 51384 28549 1837 227 1610 91 26712 7428 3593 984 19284 6870 3835 5856 2609 5715 432 1014 285 146 80 1087 1064 1009 794 3775 12414 207 60
internal_count=177942 51384 28549 1837 227 1610 91 26712 7428 3593 984 19284 6870 3835 5856 2609 5715 432 1014 285 146 80 1087 1064 1009 794 3775 12414 207 60
is_linear=0
shrinkage=0.05


Tree=192
num_leaves=31
num_cat=0
split_feature=11 10 12 8 4 11 3 10 7 7 9 0 11 0 5 3 3 6 6 5 11 7 5 8 11 5 6 0 9 10
split_gain=1.37118 3.87557 4.07975 4.89847 4.77673 3.76322 4.13727 5.37513 4.29698 5.02905 4.96694 4.86313 4.69933 6.61837 6.66313 4.2757 4.09363 3.52248 5.14796 3.55604 3.4967 4.26211 4.48734 3.40272 3.29578 3.74801 3.24152 3.97684 3.22861 3.21819
threshold=0.011687999999999964 -0.01079350000000001 -1.6259007607542149 -1.7391900421679354 -0.62676846150217524 -0.0017044999999999975 0.47103760831720537 0.25252300000000005 -2.2071946766697259 -2.2191258388847559 0.47875400000000007 -0.27926228114907359 1.0000000180025095e-35 0.28764738521292837 -2.5467073211837232 1.8354068117313154 0.76686905921693582 -6.5848101596763264 -5.9507593418597535 -4.4594551463373326 0.010880499999999989 -3.077910021153198 -5.667794939517611 -3.3337821518516422 0.014627499999999989 -3.6302581709492618 -2.6237598175915284 -0.069359618277345034 0.42034000000000005 0.32282450000000013
decision_type=2 2 2 2 2 2 2 2 2 2 2 2 2 2 2 2 2 2 2 2 2 2 2 2 2 2 2 2 2 2
left_child=5 2 4 -4 -2 -1 29 8 9 10 20 -10 13 -13 -15 -14 -12 -6 -19 -20 23 -22 -23 -8 25 -21 27 -26 -27 -7
right_child=1 -3 3 -5 17 6 7 -9 11 -11 16 12 15 14 -16 -17 -18 18 19 24 21 22 -24 -25 26 28 -28 -29 -30 -31
leaf_value=0.00017193868981167111 0.019805718270751338 0.00028433749311184905 -0.0095214625858860702 -0.0020140362971856843 -0.013540971358971938 -0.00059343524872695842 0.0078135681445139268 0.022070671807059312 0.0062723690765306775 0.019095153984658067 -0.018993276708266317 -0.0032788149862015554 -0.00080953650494587723 -0.042062770996404736 -0.0057423078467503993 0.0035000798490897171 -0.00058223951035305053 0.017790821678936482 -0.0024777041861964158 0.017488719529267085 -0.0047002637472290266 0.035326483837118193 0.0096583117790416725 0.0012490813811704589 -0.012112522472272673 0.00072029595943669722 0.0029286491063461898 -0.00064325086324381838 0.021521521581425555 -0.014278649294553976
leaf_weight=57721 30 62147 252 1577 49 44448 212 29 262 42 51 540 3840 23 28 677 74 40 1112 59 39 21 90 2868 84 167 642 754 21 43
leaf_count=57721 30 62147 252 1577 49 44448 212 29 262 42 51 540 3840 23 28 677 74 40 1112 59 39 21 90 2868 84 167 642 754 21 43
internal_value=-3.27915e-13 0.000178744 -0.00119211 -0.00304841 -4.43221e-05 -0.000107777 -0.000410767 0.000580087 0.000508999 0.00190076 0.00168551 -0.000371414 -0.000712188 -0.00490489 -0.0221221 -0.000163619 -0.00809394 -0.000247704 -2.14549e-05 -0.00027242 0.00206397 0.00951863 0.0145145 0.00170092 0.00114754 0.00649423 0.000255223 -0.00179292 0.00304384 -0.000606662
internal_weight=177942 66934 4787 1829 2958 111008 53287 8796 8767 3397 3355 5370 5108 591 51 4517 125 2928 2879 2839 3230 150 111 3080 1727 247 1480 838 188 44491
internal_count=177942 66934 4787 1829 2958 111008 53287 8796 8767 3397 3355 5370 5108 591 51 4517 125 2928 2879 2839 3230 150 111 3080 1727 247 1480 838 188 44491
is_linear=0
shrinkage=0.05


Tree=193
num_leaves=31
num_cat=0
split_feature=2 11 11 3 0 10 5 5 11 7 8 1 11 6 3 0 6 9 8 1 9 5 3 0 9 5 1 10 4 2
split_gain=1.33955 2.30654 2.36426 2.38765 2.24339 2.06422 2.47445 2.40343 2.31836 2.49556 1.8997 3.06054 4.49486 2.12467 1.95296 1.66849 1.49972 2.48012 4.25062 2.41112 4.15918 3.35243 3.11775 2.86315 3.2776 2.836 2.80516 2.92032 2.58095 4.00975
threshold=-0.76180543515133226 0.16761599999999996 0.080044999999999991 0.11628649973995088 -0.38540649811485794 0.10512699999999998 -2.3797013725982414 -2.0926198919461378 -0.0075984999999999516 0.36053821518847923 1.0000000180025095e-35 -0.61462836289757128 0.032485500000000007 0.42103195004701283 -0.72895227344324265 -0.067771451481205155 1.5336608685699544 0.30279525000000007 -0.48631132294880131 0.57425461707011694 0.7864762500000001 -5.2061201871053511 0.26451327054182688 -0.19926486358685089 1.3590525000000004 0.66878532166453941 -0.34807161070973219 0.042867499999999996 -0.72222465780115919 -0.51998807394156221
decision_type=2 2 2 2 2 2 2 2 2 2 2 2 2 2 2 2 2 2 2 2 2 2 2 2 2 2 2 2 2 2
left_child=1 2 3 5 -4 7 -7 8 9 -1 -9 13 -13 15 -15 -12 -2 -18 -19 21 -21 -20 23 24 28 -25 27 -24 -23 -30
right_child=16 -3 4 -5 -6 6 -8 10 -10 -11 11 12 -14 14 -16 -17 17 18 19 20 -22 22 26 25 -26 -27 -28 -29 29 -31
leaf_value=0.012280226011450093 -1.1161840317821229e-08 -0.012146427875591649 0.023159740259870887 0.016306157680918223 0.0043846884151784388 0.020497022053370111 0.0031826145250815896 -0.0059203746578640358 -0.01052325535953666 -0.008114059915145239 -0.012654426432741079 0.0054665698254804905 0.031619963236153126 -0.003186426215594815 0.014708928195759655 0.0040871444518085229 0.0095757905906066303 -0.022301659593358638 0.016079231552846199 -0.025568627835517485 -0.0033168815885714835 -0.0239632408937905 0.0043960240327813212 -0.0067563721012678562 0.0073095352473584096 0.008345349059151165 0.0087127130478620533 -0.019423384524204515 0.0057761197661360111 -0.018405601149424911
leaf_weight=30 176623 27 26 27 41 26 100 59 93 30 46 92 20 31 30 22 40 28 28 28 84 40 31 67 22 58 101 22 30 40
leaf_count=30 176623 27 26 27 41 26 100 59 93 30 46 92 20 31 30 22 40 28 28 28 84 40 31 67 22 58 101 22 30 40
internal_value=4.97584e-13 0.00218295 0.00275783 0.00177244 0.0116705 0.0010947 0.00675543 -0.00047981 -0.00557959 0.00208308 0.00212108 0.00408973 0.0101368 -0.00116045 0.00561457 -0.00723804 -8.62137e-06 -0.00246542 -0.00329729 -0.00233155 -0.00887982 -0.000660916 -0.00180136 -0.0051724 -0.010308 0.000250827 0.00382433 -0.00549128 -0.0138315 -0.00804201
internal_weight=177942 700 673 606 67 579 126 453 153 60 300 241 112 129 61 68 177242 619 579 551 112 439 411 257 132 125 154 53 110 70
internal_count=177942 700 673 606 67 579 126 453 153 60 300 241 112 129 61 68 177242 619 579 551 112 439 411 257 132 125 154 53 110 70
is_linear=0
shrinkage=0.05


Tree=194
num_leaves=31
num_cat=0
split_feature=4 0 12 9 2 11 0 1 6 3 3 12 8 1 3 8 7 10 0 3 2 9 0 8 9 1 10 8 10 3
split_gain=1.32657 3.32611 4.27946 3.69225 4.63495 3.20292 4.26989 3.70287 3.22954 3.12501 3.62187 2.90435 4.34071 2.97908 3.34858 3.15425 3.7981 3.86465 2.90121 2.83178 3.62044 4.65676 4.80887 7.80186 12.5783 5.46825 5.43199 5.38941 4.98482 4.2329
threshold=-0.092435408751648171 -0.037250469648380462 -2.8978741608529295 0.66918350000000015 0.35786502100840351 -0.02456150000000001 -0.057373783554307327 0.12393238380080486 -2.7893180394255253 0.52761581098029697 0.74587054541339026 -1.5746750752024983 -2.189018614466864 0.057145308784231082 1.1240724068314512 -3.4324915037463937 -3.5724658973164054 0.030485499999999974 -0.061678229951548473 -0.14642172662337896 -0.28175426463808195 0.75594525000000012 0.10631706571963186 -0.13062607089254488 1.1671427500000002 0.22368421052631585 0.012965499999999993 0.64417623718873818 -0.0097939999999999954 -0.58063467427324955
decision_type=2 2 2 2 2 2 2 2 2 2 2 2 2 2 2 2 2 2 2 2 2 2 2 2 2 2 2 2 2 2
left_child=19 2 -2 4 5 6 8 -8 -4 -6 -11 13 -13 15 18 16 17 -7 -15 20 -1 29 23 24 -23 27 28 -24 -25 -22
right_child=1 -3 3 -5 9 11 7 -9 -10 10 -12 12 -14 14 -16 -17 -18 -19 -20 -21 21 22 25 26 -26 -27 -28 -29 -30 -31
leaf_value=0.00038648539737459324 0.0010711146981254175 -9.3686459459816544e-05 -0.023379180817864838 -0.016558446267500838 -0.0037144482085826776 -0.016622890523867683 0.016532332696187407 -0.0046038644202053549 0.0012285173148848117 0.014548244154701632 0.0019540200795623705 -0.031047463020228823 -0.0067622701009816448 -0.0011976399221020984 0.014760959800332785 -0.00077236559331953338 -0.023149335539589325 0.014088006087002301 -0.0075968772000888059 0.00029644823605580505 0.0022162774899345413 -0.0044207026950843619 -0.0094718500933192191 0.0013089014459159469 0.035708614364266394 -0.0014716426980860438 0.0069837834596262367 0.0081402159533760649 -0.022170538027421572 -0.00049889716725445268
leaf_weight=16428 1064 57340 20 47 155 20 67 30 40 75 239 23 92 240 20 940 36 21 676 71017 1522 826 573 77 20 611 407 47 32 25237
leaf_count=16428 1064 57340 20 47 155 20 67 30 40 75 239 23 92 240 20 940 36 21 676 71017 1522 826 573 77 20 611 407 47 32 25237
internal_value=3.14408e-12 -0.000188683 -0.00162024 -0.00266497 -0.00242258 -0.00337475 0.00351024 0.00999536 -0.00697405 0.00209465 0.00496219 -0.00389745 -0.0116193 -0.00344276 -0.00547832 -0.00156933 -0.0112985 -0.000892919 -0.00592022 9.87782e-05 -0.000207861 -0.00054051 -0.00256365 -0.000516593 -0.00347202 -0.00482856 0.00432893 -0.00813674 -0.00558415 -0.000344463
internal_weight=177942 61145 3805 2741 2694 2225 157 97 60 469 314 2068 115 1953 936 1017 77 41 916 116797 45780 29352 2593 1362 846 1231 516 620 109 26759
internal_count=177942 61145 3805 2741 2694 2225 157 97 60 469 314 2068 115 1953 936 1017 77 41 916 116797 45780 29352 2593 1362 846 1231 516 620 109 26759
is_linear=0
shrinkage=0.05


Tree=195
num_leaves=31
num_cat=0
split_feature=0 7 9 8 11 10 6 9 6 7 5 2 11 6 9 9 11 7 5 1 11 3 2 10 10 1 4 9 6 4
split_gain=1.37707 3.07109 3.3731 3.12146 4.61693 3.46497 2.80346 3.81551 5.17518 5.00994 4.13037 4.17206 2.90834 2.80068 2.79052 4.29483 5.60802 2.71965 2.64649 5.21888 3.55015 3.11575 4.129 3.28734 2.74516 3.18816 2.64496 2.62003 2.53806 2.49991
threshold=0.36400549450549452 -0.2824885417915563 0.12638750000000001 -0.40272694786548607 0.021469499999999978 0.14147450000000009 -2.084254338524707 0.31956075000000006 -4.2576695402901406 0.98584515841031373 -3.9339661006281612 0.0079552633469696116 0.013416000000000013 -0.5960951798687254 0.47604500000000011 0.44442025000000002 0.026601500000000004 -1.1172873364775924 -1.7191152863312802 1.119295517876232 -0.068962999999999983 -0.59989203287822157 0.20337788260153414 -0.0069329999999999106 0.042085500000000033 -0.21057416437453777 -0.06740044052863424 0.56270475000000009 0.93084322875214942 -0.10284477671470353
decision_type=2 2 2 2 2 2 2 2 2 2 2 2 2 2 2 2 2 2 2 2 2 2 2 2 2 2 2 2 2 2
left_child=-1 3 -3 4 5 -2 7 9 -9 12 26 -12 -4 -5 15 16 -8 27 19 20 -16 -22 23 -23 -25 -26 -10 -6 -24 -19
right_child=1 2 6 13 17 -7 14 8 10 -11 11 -13 -14 -15 18 -17 -18 29 -20 -21 21 22 28 24 25 -27 -28 -29 -30 -31
leaf_value=-2.1525801485108612e-05 0.0020942284087183466 0.02031211255118251 0.027536389426816077 -0.0053267116316672962 0.0050097559523933077 -0.016165595873327995 0.010317260906786512 -0.033484020337928092 -0.0056719325418616165 -0.015191271139139479 0.0055553184174325157 -0.019079399314325521 0.0022962346747517587 0.0034782727251184975 -0.013783851726792563 -0.028872202867642045 -0.018339468833179242 0.0047667193509213822 -0.00076338769722088902 0.01086580792553318 -0.0034311480502787956 0.028644179273396731 -0.0021040847648824143 -0.00074241871514649531 -0.0045822174733747608 0.016276823347628429 0.016520627319812776 -0.015974563676198678 0.013177405718353489 0.012876111603098865
leaf_weight=173780 688 20 21 201 51 27 38 20 29 22 23 68 25 164 39 20 31 164 1426 161 201 20 220 67 23 90 25 21 31 226
leaf_count=173780 688 20 21 201 51 27 38 20 29 22 23 68 25 164 39 20 31 164 1426 161 201 20 220 67 23 90 25 21 31 226
internal_value=4.1407e-12 0.000898788 -0.000143186 0.0026692 0.00392195 0.0014047 -0.000300534 -0.00553354 -0.00964108 0.00443327 -0.00635239 -0.012853 0.0138189 -0.0013705 0.000214587 -0.00847092 -0.0025575 0.00781769 0.000553924 0.00275872 0.000869804 0.00174633 0.0040538 0.00941332 0.00727656 0.0120312 0.0046024 -0.00111067 -0.000216729 0.00946601
internal_weight=177942 4162 2620 1542 1177 715 2600 233 165 68 145 91 46 365 2367 89 69 462 2278 852 691 652 451 200 180 113 54 72 251 390
internal_count=177942 4162 2620 1542 1177 715 2600 233 165 68 145 91 46 365 2367 89 69 462 2278 852 691 652 451 200 180 113 54 72 251 390
is_linear=0
shrinkage=0.05


Tree=196
num_leaves=31
num_cat=0
split_feature=2 4 0 10 7 8 5 0 6 7 1 4 0 11 1 9 2 11 2 0 6 5 8 11 9 1 7 1 4 6
split_gain=1.35045 4.16808 6.87545 3.49223 3.454 4.87253 3.56424 3.43177 3.36408 5.37219 6.12411 5.32554 5.16132 5.53165 5.16289 3.81417 4.10528 3.42015 5.37724 5.23434 4.0431 11.8396 4.28817 3.73309 3.36968 3.22318 7.45365 4.21959 7.92368 5.62961
threshold=0.06715709212859157 -0.18479055729509444 -0.12487326776435596 0.051663500000000008 -2.1727709767531702 -1.8834382468023754 -0.521057868042614 0.10631706571963186 -5.0335900723270433 -0.93077678035838574 0.49769428132711285 -0.015939396091780075 0.18789314396486936 -0.027578000000000016 0.02202539955162686 0.35946000000000006 0.21772356116337202 -0.0027174999999999834 0.40520607647457413 0.022249611920408311 -6.5848101596763264 -7.4401265113540891 -2.337266594887343 0.011487500000000013 0.14878600000000003 -0.021546881769283596 -5.161602059988339 0.035179279346665655 -0.01120762206227782 -4.2576695402901406
decision_type=2 2 2 2 2 2 2 2 2 2 2 2 2 2 2 2 2 2 2 2 2 2 2 2 2 2 2 2 2 2
left_child=7 -2 4 8 5 -3 -6 25 9 10 12 -11 13 14 -4 16 -16 20 -19 -20 21 -15 24 -21 -22 26 -1 28 -27 -29
right_child=1 2 3 -5 6 -7 -8 -9 -10 11 -12 -13 -14 17 15 -17 -18 18 19 23 22 -23 -24 -25 -26 27 -28 29 -30 -31
leaf_value=0.030006828194572812 0.00085271179315263399 -0.0025960583260489834 0.0076815081001431855 -0.00055601333969722223 -0.0086197919975360224 0.023653592846610332 0.0054711993858218193 -0.00090666829129529888 0.00033304983811857896 0.0042626291513442995 0.024256753575299744 -0.027471777133476469 0.020834606597200038 -0.0068419484036934116 -0.021975644116111578 -0.035891238670973553 0.00012525318092421482 -0.0014248731879149394 -0.02452268466496697 -0.017278043722564525 0.021609937935136259 0.04575897589325905 -0.012986332143708652 0.010245146823581309 0.0018520693458719006 -0.0010230980840878303 0.00021260515904070591 0.0025599986467579601 -0.013779474950085083 -0.00025413847273207928
leaf_weight=21 16718 90 27 18895 438 22 50 12341 45200 20 23 39 25 23 47 21 38 1121 52 22 24 20 45 28 214 11828 52286 1997 123 16144
leaf_count=21 16718 90 27 18895 438 22 50 12341 45200 20 23 39 25 23 47 21 38 1121 52 22 24 20 45 28 214 11828 52286 1997 123 16144
internal_value=-2.90191e-12 0.000146984 -3.04778e-05 1.80452e-05 -0.00535863 0.00256012 -0.00717604 -0.000129083 0.000248883 -0.00187764 -0.00137164 -0.0167144 -0.00171696 -0.00205215 -0.0118377 -0.0168095 -0.0120952 -0.00121195 -0.00242495 -0.013416 0.00333868 0.0176236 0.00116819 -0.00186506 0.00384446 -1.26234e-05 0.000224567 -0.000424916 -0.00115439 5.56477e-05
internal_weight=177942 83202 66484 65884 600 112 488 94740 46989 1789 1730 59 1707 1682 133 106 85 1549 1223 102 326 43 283 50 238 82399 52307 30092 11951 18141
internal_count=177942 83202 66484 65884 600 112 488 94740 46989 1789 1730 59 1707 1682 133 106 85 1549 1223 102 326 43 283 50 238 82399 52307 30092 11951 18141
is_linear=0
shrinkage=0.05


Tree=197
num_leaves=31
num_cat=0
split_feature=12 6 7 7 11 0 8 10 11 11 12 8 9 6 6 5 2 6 8 7 6 7 6 7 8 6 7 3 10 12
split_gain=1.30255 10.2997 6.49627 5.29479 7.97188 7.7439 5.94914 6.43879 6.78488 9.04958 8.8462 5.41987 5.21885 5.09256 5.04654 5.23662 5.31882 5.18051 4.85265 12.7757 13.8891 9.96068 9.0212 7.87599 8.59827 7.55115 7.8714 7.49686 6.50437 8.83546
threshold=-1.7071119700029922 -0.63063733605715522 -0.95026047370367306 -2.2417392279831283 -0.039686999999999938 -0.018315924999093288 -1.4506174625043631 0.025981999999999995 -0.00017850000000002583 1.0000000180025095e-35 -0.18866476806179724 -2.1585909765848199 0.6507170000000001 0.055101617549080155 -2.3841312132235273 -4.5180120028750066 0.21029307173513181 -2.5035780301897574 -2.2414291161697144 -2.1391864745239486 -2.1388556775797238 -2.9441541029407925 -1.6334685201268546 -1.6734417595796252 -2.7081860247193705 -1.0607413900804039 -1.8021122873393804 0.36059089881773493 -0.017966499999999993 -2.5771088169334262
decision_type=2 2 2 2 2 2 2 2 2 2 2 2 2 2 2 2 2 2 2 2 2 2 2 2 2 2 2 2 2 2
left_child=1 18 -3 4 5 -2 7 14 12 -10 -11 -5 -9 -4 15 -6 -17 -18 19 22 23 -20 -1 24 -21 -22 -27 -24 -23 -30
right_child=3 2 13 11 6 -7 -8 8 9 10 -12 -13 -14 -15 -16 16 17 -19 21 20 25 28 27 -25 -26 26 -28 -29 29 -31
leaf_value=0.00022503051139856985 -0.0016135316687657245 -0.0052771845774964299 0.01082807291900406 -0.0035289482008767771 -0.0055488984016551579 -0.015004514364903477 -0.0045896418353981554 0.0048549765715086741 -0.02747975475154817 -0.00017506042267070404 0.031719899465414612 1.6559573979374716e-05 0.029633204274895516 -0.0012690760718313914 -0.0069677586621022794 -0.00084550191313780823 0.0064306443994294627 0.03355383051559329 -0.002256950946397216 -0.013899538585181941 0.0017764800467613012 0.0032742464441010396 -0.0055435211431759711 -0.013502697802820728 -0.0031642831643611878 -0.0084353917246448584 0.0074364074524872169 0.002772691455251634 0.0048956638976363938 0.00051468780105877476
leaf_weight=63330 220 1409 109 1096 357 212 982 624 30 1837 22 65209 22 431 500 427 147 20 2683 202 1927 2677 1189 237 2434 385 98 351 1201 27574
leaf_count=63330 220 1409 109 1096 357 212 982 624 30 1837 22 65209 22 431 500 427 147 20 2683 202 1927 2677 1189 237 2434 385 98 351 1201 27574
internal_value=2.26006e-13 0.000111139 -0.00349013 -0.000164661 -0.00167021 -0.00818503 -0.00110371 -0.000244904 0.00127546 -0.000237237 0.000202395 -4.20465e-05 0.00569882 0.00117276 -0.00290109 -0.000762991 0.00211339 0.00967893 0.000178442 -5.9472e-05 -0.00242387 0.000667393 0.000133084 -0.00477191 -0.00398694 0.000375278 -0.00521503 -0.00364807 0.000916853 0.000697539
internal_weight=177942 106237 1949 71705 5400 432 4968 3986 2535 1889 1859 66305 646 540 1451 951 594 167 104288 70153 5283 34135 64870 2873 2636 2410 483 1540 31452 28775
internal_count=177942 106237 1949 71705 5400 432 4968 3986 2535 1889 1859 66305 646 540 1451 951 594 167 104288 70153 5283 34135 64870 2873 2636 2410 483 1540 31452 28775
is_linear=0
shrinkage=0.05


Tree=198
num_leaves=31
num_cat=0
split_feature=5 7 10 9 5 7 0 4 9 0 9 4 11 6 11 3 2 8 10 1 7 5 8 8 0 6 7 8 0 3
split_gain=1.29188 3.13508 2.68156 11.7777 3.98584 7.69169 3.73287 3.39931 4.35372 2.93896 2.85475 2.88212 2.84016 2.82329 3.30797 3.83631 3.80877 3.42438 3.41234 3.28223 3.24479 3.0147 3.1801 2.68509 2.62316 2.52882 9.90584 4.77435 5.57685 5.12867
threshold=0.54371673742843962 -1.7629918619836513 -0.041617999999999995 0.44442025000000002 0.99193099663571227 -1.026420249138345 -0.19926486358685089 -0.14285714285714271 0.50863025000000006 -0.27926228114907359 0.95052725000000005 -0.72222465780115919 -0.0040210000000000237 -0.20693699860562828 0.0086270000000000114 2.2520815842377284 0.58214155718098959 -0.045750439440615971 0.16585850000000005 -0.046151495204062358 -0.71216717757926318 0.81819560297144867 -1.2307984404746328 0.15524912018873674 -0.1129757402639202 -0.33502165600711481 -1.1683516554975559 -1.2154596742230444 -0.12487326776435596 0.1304347826086957
decision_type=2 2 2 2 2 2 2 2 2 2 2 2 2 2 2 2 2 2 2 2 2 2 2 2 2 2 2 2 2 2
left_child=25 -2 3 -3 7 6 -6 13 12 10 11 -5 -9 19 15 16 17 20 -16 21 -15 22 -4 -20 -24 -1 -27 28 29 -28
right_child=1 2 4 9 5 -7 -8 8 -10 -11 -12 -13 -14 14 18 -17 -18 -19 23 -21 -22 -23 24 -25 -26 26 27 -29 -30 -31
leaf_value=2.4911681921384929e-05 -0.0096212881520508567 0.026577949887668751 0.0083522879356072131 -0.0030044698833741924 0.0088337604072876285 6.84301340946758e-05 -0.012063551318939202 0.023251980571076275 -0.0059528175562881484 -0.00060604405823313145 0.00041106294669375265 0.017545953632552961 0.0022865645836905707 0.00049102898273203118 0.0010746845870838321 -0.008224838585765273 0.032540128225227817 0.0038482800456889283 0.023076224485960077 0.0048990957731096614 0.020156778131670165 -0.0086022806632467825 -0.0094344511999051549 -1.205291016958654e-05 0.0022541205693934383 -0.0068885281156562273 -0.014119251418576477 2.8823727552970498e-05 -0.0010222316210709819 -0.0022089543414083035
leaf_weight=163097 71 53 96 22 24 2123 195 20 237 377 85 76 84 27 372 27 20 120 34 327 94 117 84 20 112 625 193 8271 769 170
leaf_count=163097 71 53 96 22 24 2123 195 20 237 377 85 76 84 27 372 27 20 120 34 327 94 117 84 20 112 625 193 8271 769 170
internal_value=3.61315e-13 0.000807669 0.000963686 0.00404973 0.000505968 -0.000851881 -0.00977343 0.00228156 -0.00221028 0.0019176 0.00711658 0.0129326 0.00631838 0.00333792 0.00557795 0.00971708 0.0115731 0.00983315 0.00277966 0.00116484 0.0157686 -0.00182073 0.000896532 0.014525 -0.00275527 -2.24724e-05 -0.000793136 -0.000387986 -0.00343342 -0.00854143
internal_weight=177942 4817 4746 613 4133 2342 219 1791 341 560 183 98 104 1450 714 288 261 241 426 736 121 409 292 54 196 173125 10028 9403 1132 363
internal_count=177942 4817 4746 613 4133 2342 219 1791 341 560 183 98 104 1450 714 288 261 241 426 736 121 409 292 54 196 173125 10028 9403 1132 363
is_linear=0
shrinkage=0.05


Tree=199
num_leaves=31
num_cat=0
split_feature=1 10 12 3 6 7 11 11 8 10 5 9 2 8 1 11 9 6 6 4 6 9 7 4 7 6 2 4 11 6
split_gain=1.29147 3.40134 5.70077 4.72156 4.62654 9.25991 5.8659 3.75093 3.6649 3.16533 3.50904 4.54995 3.94503 4.77592 4.04706 3.7369 3.29225 5.87097 5.18286 7.063 3.77353 3.14028 4.99195 3.42574 3.24326 3.03912 7.40807 4.23853 3.69834 3.0365
threshold=0.18023353200109074 0.16585850000000005 -0.3647231151969525 -0.61899456161294586 -0.45235888417577719 -0.90977502429082058 0.060531500000000023 0.16761599999999996 -0.99145536190509842 -0.022372499999999986 -3.3675021687768578 0.19821425000000004 0.20337788260153414 -0.61616188386454362 0.4273797550854263 -0.018134499999999967 0.12638750000000001 -6.5848101596763264 -5.265264817263815 -0.024208437761069342 -5.9507593418597535 1.0298487500000002 -1.1349316329791421 -0.50960272127328066 0.36053821518847923 -0.75400570621551355 0.6445919671432786 -0.053432797081902232 -0.044513500000000004 -0.33502165600711481
decision_type=2 2 2 2 2 2 2 2 2 2 2 2 2 2 2 2 2 2 2 2 2 2 2 2 2 2 2 2 2 2
left_child=-1 9 3 7 -5 -6 -7 -3 -4 10 16 -12 13 14 -13 29 20 -18 19 -19 -2 -11 -23 24 -24 -20 27 28 -27 -15
right_child=1 2 8 4 5 6 -8 -9 -10 21 11 12 -14 15 -16 -17 17 18 25 -21 -22 22 23 -25 -26 26 -28 -29 -30 -31
leaf_value=-7.0405122801548215e-05 -0.0045748290893243395 0.02574904059748287 0.021109641457183494 -0.0036189587499694271 -0.038773961660676988 -0.027806746745077167 0.0016336151544237511 -0.0038579743984155355 0.001863828653753814 0.00056219027666513 0.023901856066659094 -0.0043141108661629134 0.0015190301056264149 0.00099713797547987541 -0.018568301143680226 -0.0057259621437300342 0.016959737286575745 0.0018423181027173996 -0.0015652511641312474 -0.036323046863630963 -0.031851862033363432 -0.027381719438126312 -0.015593295701255555 -0.00014824756883411079 -0.0016064180017903796 0.0038687130164665484 0.0038360796250344721 -0.035926270913332704 -0.020958503568544985 0.016192060479736557
leaf_weight=139761 32 23 27 798 29 23 64 20 295 32896 20 394 1312 70 57 77 37 22 988 27 21 20 80 548 86 24 64 25 40 62
leaf_count=139761 32 23 27 798 29 23 64 20 295 32896 20 394 1312 70 57 77 37 22 988 27 21 20 80 548 86 24 64 25 40 62
internal_value=2.09462e-12 0.000257717 -0.00227718 -0.00421349 -0.00497525 -0.0143056 -0.00614947 0.0119783 0.00347761 0.000345575 -0.00113903 0.000173524 -6.71283e-05 -0.00322022 -0.00611564 0.00302779 -0.0031817 -0.00265468 -0.00326454 -0.0191876 -0.0153827 0.000490018 -0.00274454 -0.00205442 -0.00834708 -0.00258072 -0.00913816 -0.018468 -0.0116483 0.00813415
internal_weight=177942 38181 1279 957 914 116 87 43 322 36902 3272 1992 1972 660 451 209 1280 1227 1190 49 53 33630 734 714 166 1141 153 89 64 132
internal_count=177942 38181 1279 957 914 116 87 43 322 36902 3272 1992 1972 660 451 209 1280 1227 1190 49 53 33630 734 714 166 1141 153 89 64 132
is_linear=0
shrinkage=0.05


Tree=200
num_leaves=31
num_cat=0
split_feature=4 8 0 12 7 6 10 8 1 2 2 10 6 11 9 4 3 2 3 1 2 12 3 5 1 11 11 2 6 9
split_gain=1.26078 5.75393 4.37734 5.70989 4.47904 5.59198 4.89555 3.92434 5.21912 3.57729 4.34921 6.68066 3.40448 4.52056 4.09511 5.34303 2.87186 2.72635 3.10825 2.67919 3.53497 2.54251 11.6868 4.15469 3.19343 2.45032 3.0358 2.39734 2.53387 2.35578
threshold=-0.006276707981410278 1.0241060565142306 0.011152807505037889 -1.6675145650428769 -5.161602059988339 -6.5848101596763264 0.086586500000000025 -1.0423196712227945 0.32076076507606183 0.03994630514876208 0.43289373344393006 0.11658800000000004 0.17922085934290269 -0.068962999999999983 0.4707137500000001 -0.001330377201759436 0.2370797852772252 0.032550006399775351 0.19487445749127999 0.38774064646618484 0.76111667780004455 -4.1360974116033429 0.33075328221016415 -5.8055684585715532 0.16827088517126379 -0.032809000000000012 0.0027624999999999876 0.43289373344393006 0.32982968531293849 0.12638750000000001
decision_type=2 2 2 2 2 2 2 2 2 2 2 2 2 2 2 2 2 2 2 2 2 2 2 2 2 2 2 2 2 2
left_child=-1 2 3 7 5 6 -4 8 9 -2 11 29 17 -14 15 -15 -7 18 -6 -17 -21 22 23 24 -19 -16 -27 -28 -29 -11
right_child=1 -3 4 -5 12 16 -8 -9 -10 10 -12 -13 13 14 25 19 -18 21 -20 20 -22 -23 -24 -25 -26 26 27 28 -30 -31
leaf_value=3.6562836819312676e-05 -0.021109141022639555 0.023012574493455201 0.007311759668995034 -0.031618569334968927 -0.0020780624603062418 0.014087249273434284 0.04106255589673917 0.015359461352151507 -0.024178134135025391 -0.014703230229871614 -0.018506917455751035 0.022677085490833068 -0.027559875998468625 0.0087670083641289524 0.013797297102532217 -0.0083278379601208468 -0.010214676539744101 0.007092410984279757 -0.020510496236051303 -0.038136987786740066 -0.010975749223776487 -0.00014280519548457633 -0.035621652146801353 0.017042079638561299 -0.018790976975399717 -0.011875927104336914 0.016849093465134503 -0.013561054291353831 0.0024743169786718986 -0.00071982313788289008
leaf_weight=165455 27 26 22 20 66 20 21 24 34 35 36 29 21 26 28 47 31 22 35 25 23 11340 28 29 26 57 22 31 120 216
leaf_count=165455 27 26 22 20 66 20 21 24 34 35 36 29 21 26 28 47 31 22 35 25 23 11340 28 29 26 57 22 31 120 216
internal_value=5.16981e-13 -0.000484464 -0.000533491 -0.00554503 -0.000358254 0.0105134 0.0237947 -0.0042446 -0.0054926 -0.00364039 -0.00214781 -4.44978e-05 -0.0004438 -0.00497872 -0.00372752 -0.0113168 -0.00068451 -0.000286692 -0.00846554 -0.0168134 -0.0251222 -0.000214515 -0.00795922 0.00209984 -0.00692776 -0.00016821 -0.00186836 0.00142893 -0.000817713 -0.0026697
internal_weight=177942 12487 12461 421 12040 94 43 401 377 343 316 280 11946 400 379 121 51 11546 101 95 48 11445 105 77 48 258 230 173 151 251
internal_count=177942 12487 12461 421 12040 94 43 401 377 343 316 280 11946 400 379 121 51 11546 101 95 48 11445 105 77 48 258 230 173 151 251
is_linear=0
shrinkage=0.05


Tree=201
num_leaves=31
num_cat=0
split_feature=7 6 9 6 5 2 4 10 10 2 2 5 0 3 12 10 8 9 11 12 7 4 3 9 5 5 10 2 6 0
split_gain=1.27256 3.36026 2.19931 2.67746 2.40439 2.81653 3.61384 3.82267 3.44224 2.63039 2.85318 2.07443 1.89346 3.63868 2.17131 1.86652 1.81505 3.40876 4.88729 2.93131 3.93344 3.58925 2.87876 2.64859 2.57382 3.05368 4.05886 2.69232 2.50535 3.46594
threshold=1.2644557469035156 -1.714216114956256 1.3590525000000004 -1.2528234499225961 -6.5598797082225415 1.5576432820319142 -0.14099734378028669 0.048963000000000013 0.084120999999999987 -0.62799017378365474 -0.24915524932190095 -0.47097541417179051 -0.083333333333333301 -0.36187764294162439 0.34965288800010502 0.033601000000000082 0.53194283063380643 0.64451375000000011 0.0047600000000000151 -0.51094935456616375 0.049377227678574255 -0.37632810942010148 -0.50548193223649596 0.82115925000000012 -2.9428250027114347 -2.1152554683325544 -0.051857499999999994 -0.53682862617440008 0.77048256514291291 -0.42992763014951463
decision_type=2 2 2 2 2 2 2 2 2 2 2 2 2 2 2 2 2 2 2 2 2 2 2 2 2 2 2 2 2 2
left_child=16 -2 3 -3 -5 6 7 12 11 -10 -11 -9 13 -6 -14 -7 28 18 -18 21 23 22 -19 -21 27 -26 -27 -25 -1 -30
right_child=1 2 -4 4 5 15 -8 8 9 10 -12 -13 14 -15 -16 -17 17 19 -20 20 -22 -23 -24 24 25 26 -28 -29 29 -31
leaf_value=1.0848777624377639e-05 -0.013882683442040748 0.012842926256358623 0.0033469709877764391 0.012912128116004168 -0.032736299093812704 0.013118405995721167 -0.023491354945019402 0.022306388698052616 -0.018802723909417788 0.009544282711576672 -0.0092253385463774932 0.00078795720778760455 0.0031127250245090846 -0.0095393511992943013 -0.016081263355748811 -0.0047946028411388402 0.0067953934893012049 0.0057249765191227202 -0.022674110320889774 -0.016737901839998463 0.002663720068163582 -0.0028571344861355163 0.028529244108546167 -0.0071936029924786309 -0.016296346376960476 -0.023610876119928435 -0.00026990435505444267 0.011001983613309944 0.0044870790087710713 -0.002510745958592226
leaf_weight=173224 56 25 193 20 22 33 29 24 24 40 41 21 41 73 23 26 24 25 34 31 1486 31 31 29 42 20 271 68 197 1738
leaf_count=173224 56 25 193 20 22 33 29 24 24 40 41 21 41 73 23 26 24 25 34 31 1486 31 31 29 42 20 271 68 197 1738
internal_value=-1.27294e-12 -0.00214154 -0.0011061 -0.00305054 -0.00400338 -0.00485555 -0.00661509 -0.00503123 0.00069445 -0.00426412 4.36102e-05 0.0122645 -0.0104328 -0.0149113 -0.00378511 0.00522454 8.34862e-06 0.0014724 -0.0104798 0.00181322 0.00141198 0.0107926 0.0183488 -0.00262291 -0.00160532 -0.00369312 -0.00187409 0.00556207 -9.13715e-06 -0.00179831
internal_weight=177942 691 635 442 417 397 338 309 150 105 81 45 159 95 64 59 177251 2092 58 2034 1947 87 56 461 430 333 291 97 175159 1935
internal_count=177942 691 635 442 417 397 338 309 150 105 81 45 159 95 64 59 177251 2092 58 2034 1947 87 56 461 430 333 291 97 175159 1935
is_linear=0
shrinkage=0.05


Tree=202
num_leaves=31
num_cat=0
split_feature=0 7 9 9 8 11 2 6 9 6 10 8 5 6 6 10 11 2 11 3 5 7 9 11 1 10 10 10 9 4
split_gain=1.26209 2.76709 4.01248 3.37007 3.21631 3.18271 3.0179 2.84076 5.59048 3.5221 3.14024 2.7302 2.51823 2.85725 3.63745 3.73733 2.87569 2.51303 2.50224 2.47944 2.44694 2.41696 3.30788 2.9781 3.16423 4.47306 2.82589 2.43269 2.36553 2.15215
threshold=0.36400549450549452 -0.16936222881315599 0.6629670000000002 0.12638750000000001 -0.45807636159734827 0.16761599999999996 1.2067693090724012 -2.9020240415028593 0.30432475000000003 -0.96767415362420717 0.025981999999999995 0.43758763546046076 -4.0074791437638977 -0.56397288599741924 -0.056510251543739627 0.089211999999999944 0.010691500000000008 0.79802485533563072 -0.013634499999999999 -0.51849137451107852 -5.8547728742337277 -0.86907646503919389 0.62260650000000017 -0.0085580000000000361 0.11091381755159914 0.050333999999999997 0.024230500000000006 -0.027373499999999992 0.37071175000000006 -0.006276707981410278
decision_type=2 2 2 2 2 2 2 2 2 2 2 2 2 2 2 2 2 2 2 2 2 2 2 2 2 2 2 2 2 2
left_child=-1 2 6 -3 19 12 21 8 -6 10 11 18 -4 -14 15 -15 -16 -18 -9 -5 -21 22 27 -23 25 26 -25 -2 -22 -29
right_child=1 3 5 4 7 -7 -8 9 -10 -11 -12 -13 13 14 16 -17 17 -19 -20 20 28 23 -24 24 -26 -27 -28 29 -30 -31
leaf_value=-2.0607556796356381e-05 0.018347463812679054 0.02018128512427211 0.0063260129872052115 0.0061101297489725634 0.0036783850868232549 0.017530982964672148 0.011548874482454717 0.0044954310649221669 -0.020714253328902567 -0.00037445885785224349 0.0014857430140824712 -0.0018471947114448994 -0.005220540108402138 0.010411214851774276 -0.014114138084194422 -0.007081994968466461 0.0098118787363637248 -0.0086772092590656352 0.020472979218280618 -0.021375782984042808 0.010281018788615863 -0.0013078298398706699 -0.015428182292089332 0.014969129787225808 0.0051088271972398701 0.0053972472134996589 0.041230356041342023 -0.003086700665603747 -0.007436954734409279 0.006529942979471068
leaf_weight=173780 20 20 102 39 48 24 129 38 46 1618 235 32 345 129 51 40 40 34 69 28 21 133 32 21 359 49 20 168 183 89
leaf_count=173780 20 20 102 39 48 24 129 38 46 1618 235 32 345 129 51 40 40 34 69 28 21 133 32 21 359 49 20 168 183 89
internal_value=-2.65422e-12 0.000860447 0.00234818 -0.000256764 -0.000430189 -0.000389142 0.00440118 0.000235539 -0.00825844 0.000636359 0.00500936 0.0109666 -0.000969551 -0.0021341 0.00148774 0.00627081 -0.00497897 0.00131689 0.0147987 -0.00555457 -0.00751545 0.00336633 -0.000207616 0.00526383 0.00721045 0.0155936 0.0277795 0.00155072 -0.00561305 0.000243577
internal_weight=177942 4162 1785 2377 2357 765 1020 2086 94 1992 374 139 741 639 294 169 125 74 107 271 232 891 309 582 449 90 41 277 204 257
internal_count=177942 4162 1785 2377 2357 765 1020 2086 94 1992 374 139 741 639 294 169 125 74 107 271 232 891 309 582 449 90 41 277 204 257
is_linear=0
shrinkage=0.05


Tree=203
num_leaves=31
num_cat=0
split_feature=11 8 7 8 9 1 1 9 9 8 9 8 6 10 9 12 5 11 9 10 5 11 8 4 11 0 10 9 8 5
split_gain=1.24977 2.30036 5.38648 4.19864 5.09585 3.55122 3.87424 5.74823 3.79658 4.73292 3.70027 3.02241 3.09407 3.27531 2.97097 4.06502 5.24834 3.1373 2.89652 3.0316 2.8497 3.38847 2.76483 3.99122 7.21038 3.69707 3.25231 2.99252 2.87109 3.24421
threshold=0.098041000000000031 -0.81573709035785757 -0.2824885417915563 -2.6231518343538736 0.30726150000000002 0.023588495448149119 0.32916114699469295 0.3578575 0.35460025000000001 -1.7391900421679354 0.30726150000000002 -1.2154596742230444 -1.1046536010634103 0.12887450000000003 0.76517125000000008 -1.0162676664450188 -2.5057824515827911 0.107086 0.40257150000000008 0.074202500000000046 -0.25793337173723846 0.23900700000000002 -1.5747312386578123 -0.2780106573495329 0.107086 -0.055903512111060975 0.080771500000000038 0.47875400000000007 -0.8569616626538813 -2.3128497812739321
decision_type=2 2 2 2 2 2 2 2 2 2 2 2 2 2 2 2 2 2 2 2 2 2 2 2 2 2 2 2 2 2
left_child=-1 2 3 4 -2 10 8 -8 9 -7 -5 -10 13 -13 15 17 -17 -9 -3 -20 22 -22 23 24 -12 26 -26 -27 29 -24
right_child=1 18 -4 5 -6 6 7 14 11 -11 20 12 -14 -15 -16 16 -18 -19 19 -21 21 -23 28 -25 25 27 -28 -29 -30 -31
leaf_value=2.0534452447828881e-05 0.00080174658180766031 -0.015310518720709695 -0.018230995927483607 0.021000465104201189 -0.01109217544377316 0.0091318067969025484 -0.016133776136363544 0.024520296417176724 -0.0065175387622974038 -0.016180665977299214 -0.011038812637707451 0.016441966123723738 -0.0060987562743430764 -0.0012849396474561409 0.024587122486396273 0.0096339982641594768 -0.017201937421372063 0.0064120117993236095 -0.005874778844291966 -0.00082652698934146916 0.013293309435086158 -0.0031727213612092395 0.0026169376854948854 -0.0011846771789185534 0.023203334677964451 0.014994443332155548 0.002252221219557322 0.038681931265940273 0.017498410993575818 -0.0066115313186991395
leaf_weight=173769 206 41 39 30 160 115 30 30 418 22 32 48 83 57 22 35 38 118 375 1437 122 42 193 132 27 30 59 24 20 188
leaf_count=173769 206 41 39 30 160 115 30 30 418 22 32 48 83 57 22 35 38 118 375 1437 122 42 193 132 27 30 59 24 20 188
internal_value=-2.38527e-12 -0.000855081 0.000194069 0.000509097 -0.00439778 0.00144691 -0.00057847 0.00451519 -0.00245003 0.00506703 0.00373589 -0.00414943 0.00111583 0.00681879 0.00706444 0.0053201 -0.00433539 0.0100826 -0.00216864 -0.00187128 0.00313987 0.0090764 0.00175889 0.0053551 0.010374 0.0152684 0.0088299 0.0255222 -0.000967408 -0.00193674
internal_weight=177942 4173 2320 2281 366 1915 1016 273 743 137 899 606 188 105 243 221 73 148 1853 1812 869 164 705 304 172 140 86 54 401 381
internal_count=177942 4173 2320 2281 366 1915 1016 273 743 137 899 606 188 105 243 221 73 148 1853 1812 869 164 705 304 172 140 86 54 401 381
is_linear=0
shrinkage=0.05


Tree=204
num_leaves=31
num_cat=0
split_feature=11 10 12 8 4 11 3 1 10 2 6 9 10 11 6 9 8 10 2 10 0 1 0 0 6 2 10 6 2 0
split_gain=1.26551 3.47269 3.59432 4.37666 4.25888 3.33401 3.82566 4.83723 5.39308 5.36294 7.94506 5.16481 4.68857 4.79217 6.68064 6.3737 10.8325 4.91017 4.62616 4.24914 4.26846 4.16482 4.08399 4.05704 8.95534 4.0686 3.86243 5.97362 4.0056 3.63008
threshold=0.011687999999999964 -0.01079350000000001 -1.6259007607542149 -1.7391900421679354 -0.62676846150217524 -0.0017044999999999975 0.22827649185851365 -0.11223585713080274 0.056274999999999999 1.1018295403837572 1.5336608685699544 1.2392887500000003 0.25252300000000005 0.0045980000000000057 -5.9507593418597535 0.22381950000000003 -1.5010310991311213 -0.056018499999999964 0.31977860456570667 0.015134999999999984 0.39160396398193326 0.092404555210544706 -0.0068680198678754403 0.042913342809189688 -2.2492424854530566 -0.15131810470745968 0.068595500000000045 -1.8818295667926661 -0.1109000900090009 -0.046817053275448654
decision_type=2 2 2 2 2 2 2 2 2 2 2 2 2 2 2 2 2 2 2 2 2 2 2 2 2 2 2 2 2 2
left_child=5 2 4 -4 -2 -1 7 8 -7 10 11 29 13 14 18 16 17 21 -8 20 -16 -15 26 25 -25 -24 27 -10 -29 -9
right_child=1 -3 3 -5 -6 6 12 9 22 -11 -12 -13 -14 15 19 -17 -18 -19 -20 -21 -22 -23 23 24 -26 -27 -28 28 -30 -31
leaf_value=0.00015974096479247954 0.018694595408936341 0.00027167290264581225 -0.0089868690863185632 -0.0018905659676398991 -0.00024062859474774674 -0.0004970339737057377 -0.007626240543322638 -0.0023791009733759253 0.01284284095962639 0.012089895215840677 -0.032541901026852428 -0.023732234403491023 0.017512161725272351 -0.00039200423019272946 0.00092683038637294797 0.00045213845898382625 0.040900153873299136 0.0045261968486697106 -0.036843309985706583 -0.0012730756952283365 0.017397165062138811 -0.028994277454912665 -0.00069082167488679087 0.013127109023491637 -0.0023085799675615459 -0.013728456967044623 0.0023656804577827616 0.0051802740748441677 -0.012548189639211308 -0.00075580544673040139
leaf_weight=57721 30 62147 252 1577 2928 4995 42 4041 248 78 20 25 39 35 2375 8567 20 1069 20 6192 40 20 149 130 339 100 1266 123 43 23311
leaf_count=57721 30 62147 252 1577 2928 4995 42 4041 248 78 20 25 39 35 2375 8567 20 1069 20 6192 40 20 149 130 339 100 1266 123 43 23311
internal_value=2.37588e-12 0.000171719 -0.00112593 -0.0028683 -4.85878e-05 -0.00010354 -0.000388729 -0.000696645 0.000438662 -0.00100214 -0.00103941 -0.00101639 0.000194169 0.000157423 -0.000697075 0.000920232 0.00442561 0.0037766 -0.0170511 -0.00057927 0.00119963 -0.0107928 0.0023877 -0.000768611 0.00196997 -0.00592682 0.00373665 0.00792905 0.000587961 -0.000995632
internal_weight=177942 66934 4787 1829 2958 111008 53287 34868 7393 27475 27397 27377 18419 18380 8669 9711 1144 1124 62 8607 2415 55 2398 718 469 249 1680 414 166 27352
internal_count=177942 66934 4787 1829 2958 111008 53287 34868 7393 27475 27397 27377 18419 18380 8669 9711 1144 1124 62 8607 2415 55 2398 718 469 249 1680 414 166 27352
is_linear=0
shrinkage=0.05


Tree=205
num_leaves=31
num_cat=0
split_feature=12 6 7 7 11 0 8 10 11 11 12 0 8 4 5 4 6 4 5 12 12 8 2 8 7 6 7 6 7 10
split_gain=1.24644 8.51423 5.91223 4.68832 7.19734 6.95999 5.3936 5.73714 6.102 8.09433 7.88799 4.94025 4.85105 4.66536 4.59858 5.63318 4.57047 4.98481 4.53113 4.64292 4.4488 12.8311 6.02631 4.37061 10.5922 14.4869 9.54149 8.57302 7.92831 8.87006
threshold=-1.7071119700029922 -0.63063733605715522 -0.95026047370367306 -2.2417392279831283 -0.039686999999999938 -0.018315924999093288 -1.4506174625043631 0.025981999999999995 -0.00017850000000002583 1.0000000180025095e-35 -0.18866476806179724 -0.15581827512037469 -2.1585909765848199 -0.5431824354352871 0.81819560297144867 -0.018018018018017997 -2.3841312132235273 -1.0000000180025095e-35 -4.5180120028750066 -1.6675145650428769 -2.8834957523876041 -2.0326381465934875 0.074389372711924265 -2.1167382156052841 -2.1391864745239486 -2.1662581871832658 -2.4987968462675538 -1.5305002444298568 -1.0996626015919009 -0.0069329999999999106
decision_type=2 2 2 2 2 2 2 2 2 2 2 2 2 2 2 2 2 2 2 2 2 2 2 2 2 2 2 2 2 2
left_child=1 23 20 4 5 13 7 16 11 -10 -11 -9 -5 -2 -4 -16 17 18 -6 -20 21 22 -3 24 27 -26 -25 -1 29 -28
right_child=3 2 14 12 6 -7 -8 8 9 10 -12 -13 -14 -15 15 -17 -18 -19 19 -21 -22 -23 -24 26 25 -27 28 -29 -30 -31
leaf_value=0.00025279675616182983 0.019269674320579119 -0.024006067524137704 -0.00061310336570300113 -0.0033445500515768725 -0.005744599739980252 -0.014233137144916362 -0.0043586856179610809 0.027200564309954645 -0.025985798491165044 -0.0001618401984148418 0.029956223366951404 0.0045309056850726115 9.7490520673004132e-06 -0.0040858955543793558 0.020402666129139737 -0.01037000073119998 -0.0065991662610555071 0.02180339121259749 0.011621729778918496 -0.00052789515320002538 -0.0041995390847443057 -0.051014279862865809 0.0093341834575050714 -0.0011720636812480468 -0.0037434429832405493 0.00050485281969572956 0.0042797479181783211 -0.0039692461192768619 -0.0018400873525464718 0.0010833363084393293
leaf_weight=67957 24 23 462 1096 352 212 982 25 30 1837 22 621 65209 196 58 20 500 24 94 481 1333 20 33 5361 4251 3801 2483 1224 1971 17240
leaf_count=67957 24 23 462 1096 352 212 982 25 30 1837 22 621 65209 196 58 20 500 24 94 481 1333 20 33 5361 4251 3801 2483 1224 1971 17240
internal_value=3.44095e-12 0.000108718 -0.00316556 -0.000161076 -0.00157778 -0.00776803 -0.0010395 -0.000221778 0.00121336 -0.000221195 0.000194587 0.00540821 -4.56964e-05 -0.00153802 0.00128278 0.0125122 -0.00272907 -0.000694314 -0.00127678 0.0014583 -0.00487039 -0.0166368 -0.00435913 0.00016991 -2.16679e-05 -0.00173801 0.000716802 0.000178097 0.00118358 0.00148574
internal_weight=177942 106237 1949 71705 5400 432 4968 3986 2535 1889 1859 646 66305 220 540 78 1451 951 927 575 1409 76 56 104288 77233 8052 27055 69181 21694 19723
internal_count=177942 106237 1949 71705 5400 432 4968 3986 2535 1889 1859 646 66305 220 540 78 1451 951 927 575 1409 76 56 104288 77233 8052 27055 69181 21694 19723
is_linear=0
shrinkage=0.05


Tree=206
num_leaves=31
num_cat=0
split_feature=4 0 12 10 8 2 0 12 2 10 5 9 4 5 9 10 10 5 6 7 3 7 3 8 11 3 8 9 4 5
split_gain=1.23177 2.99061 3.99822 2.96363 2.87087 3.34261 2.95595 2.8165 3.10057 3.37128 3.04215 4.1094 3.14614 2.79075 3.2847 3.7927 3.06869 2.86115 2.92095 3.36403 2.94294 3.02856 2.83242 2.83953 2.6832 2.61113 3.5503 3.70714 4.2848 3.33908
threshold=-0.092435408751648171 -0.038457746158396915 -2.8015250440686637 0.20122450000000003 -2.6105691037376326 -0.058365098583404044 -0.053259891569193023 -0.61157124805638696 0.3656121814559718 0.0061585000000000121 -3.651626733418869 0.52193600000000007 -0.06349878556557946 -2.2921684233689543 0.48146475000000005 0.053213000000000031 0.037525499999999996 -2.4204965257279807 -2.0979892094296955 -2.3922086992669165 0.92194143336408552 -2.5452175147035261 0.33075328221016415 -2.2513352237714241 0.034673000000000016 -0.14642172662337896 1.0241060565142306 1.3590525000000004 -0.20074099863854913 0.24216352141177874
decision_type=2 2 2 2 2 2 2 2 2 2 2 2 2 2 2 2 2 2 2 2 2 2 2 2 2 2 2 2 2 2
left_child=25 2 4 7 5 -2 -6 8 13 -10 11 -11 -12 14 17 -16 -15 18 20 -20 22 -22 23 24 -4 -1 29 28 -28 -27
right_child=1 -3 3 -5 6 -7 -8 -9 9 10 12 -13 -14 16 15 -17 -18 -19 19 -21 21 -23 -24 -25 -26 26 27 -29 -30 -31
leaf_value=-0.00019926676815101662 0.019143680740228815 -9.4083218344966307e-05 -0.0011408711511021923 -0.021921846466138959 0.027430235845968126 -0.00010846023726782777 0.0022624287421682053 -0.020401768149300059 -0.007989912787806008 0.0056313370439035121 0.0030072985545577893 0.030015126074431464 -0.011232573860416227 -0.003251855855442359 -0.026613185379435036 3.0074569142677571e-05 0.0056838416446869195 -0.016517166763024275 -0.017587778968542505 -0.004425325701644116 0.0227362004675619 -0.0017504937414612089 -0.0053955007021348374 0.0071474881614512296 -0.017106035251968674 0.00023393880940578827 -0.0063877487341610934 0.0035691232054627371 -0.029756354523653335 0.0019115872250956357
leaf_weight=45780 23 57524 438 20 20 1142 28 22 79 127 162 20 51 232 34 22 164 43 72 149 23 28 593 101 28 67628 181 84 22 3102
leaf_count=45780 23 57524 438 20 20 1142 28 22 79 127 162 20 51 232 34 22 164 43 72 149 23 28 593 101 28 67628 181 84 22 3102
internal_value=-2.10742e-12 -0.000181816 -0.00157555 -0.00275476 0.000765372 0.000271625 0.012749 -0.00259423 -0.00242865 0.00136355 0.00341612 0.00894886 -0.000402248 -0.00329257 -0.00426029 -0.0161462 0.000448787 -0.00380903 -0.00342743 -0.00871355 -0.00246275 0.00929253 -0.00297957 -0.000452865 -0.00210015 9.51832e-05 0.000284996 -0.00526486 -0.00892031 0.000307515
internal_weight=177942 61145 3621 2408 1213 1165 48 2388 2366 439 360 147 213 1927 1531 56 396 1475 1432 221 1211 51 1160 567 466 116797 71017 287 203 70730
internal_count=177942 61145 3621 2408 1213 1165 48 2388 2366 439 360 147 213 1927 1531 56 396 1475 1432 221 1211 51 1160 567 466 116797 71017 287 203 70730
is_linear=0
shrinkage=0.05


Tree=207
num_leaves=31
num_cat=0
split_feature=1 2 10 10 3 5 9 12 6 0 9 11 9 9 7 2 8 7 7 3 4 0 2 10 4 8 0 9 10 2
split_gain=1.24006 3.0511 3.01801 3.04409 3.24615 3.69462 3.13284 6.81915 6.30038 6.21915 4.6424 4.55674 4.23088 2.98657 5.08858 3.27559 2.99686 6.56368 6.44556 6.00743 5.74364 5.46107 4.68073 4.12219 4.06352 3.86683 3.91674 3.12774 5.38142 4.56604
threshold=0.18023353200109074 2.6832893169696033 0.10941900000000003 -0.022372499999999986 0.67252491557532346 -8.4802051997006931 0.12638750000000001 -3.511044095852291 -4.7861466191853337 0.14701489709347296 0.24290225000000001 0.0079134999999999917 0.34220625000000005 1.0298487500000002 -0.045584283876885574 1.0156865157480317 -0.43103705456179181 -1.1349316329791421 0.049377227678574255 0.11628649973995088 -0.0073131034194885416 -0.11872527908859053 0.56367350604630984 -0.011841000000000044 -0.20552146804877844 -0.13062607089254488 -0.025423728813559306 0.6507170000000001 -1.0000000180025095e-35 0.79802485533563072
decision_type=2 2 2 2 2 2 2 2 2 2 2 2 2 2 2 2 2 2 2 2 2 2 2 2 2 2 2 2 2 2
left_child=1 -1 3 4 6 -6 11 9 10 -8 -9 -2 -12 16 15 -15 18 19 21 -18 -20 22 -5 -23 -21 26 -26 28 -19 -30
right_child=2 -3 -4 13 5 -7 7 8 -10 -11 12 -13 -14 14 -16 -17 17 27 20 24 -22 23 -24 -25 25 -27 -28 -29 29 -31
leaf_value=-6.3026451081345266e-05 -0.027198350320345371 -0.0092214143735223596 -0.0011307489039355753 -0.0093323692153717275 0.016167589805441026 0.00080336253247214294 0.0027856216300278904 -0.028568073916003897 -0.0016653365070108353 0.037923708409070972 0.011556387280247042 0.0038244582917832306 -0.019174573630637803 -0.015635007947577901 -0.00014604441731977386 -0.001378830407316295 0.0038156835532460647 -0.010960514728839582 -0.004799957091300479 0.0080701257084944741 -0.028619955180329271 0.0037460361977310411 0.0021460068602156004 0.00047322502457438991 -0.024368454062420389 -0.021341453759620588 -0.0008190885222958107 0.002160303174347383 0.011965308542565519 0.0002451840321478134
leaf_weight=139670 29 91 3574 256 41 857 34 38 2188 20 21 20 24 106 471 65 130 39 121 27 32 999 136 26056 23 75 76 2324 281 118
leaf_count=139670 29 91 3574 256 41 857 34 38 2188 20 21 20 24 106 471 65 130 39 121 27 32 999 136 26056 23 75 76 2324 281 118
internal_value=-3.24106e-12 -6.89896e-05 0.000252535 0.000395393 -0.0010558 0.00150485 -0.0020244 -0.00176072 -0.00217827 0.0157997 -0.0156999 -0.014536 -0.00483346 0.000546926 -0.00282823 -0.010216 0.000617523 0.00209339 0.00045213 -0.00456013 -0.00978192 0.000509178 -0.00535008 0.000594073 -0.00997732 -0.0127778 -0.00629015 0.00289076 0.00676649 0.00849921
internal_weight=177942 139761 38181 34607 3272 898 2374 2325 2271 54 83 49 45 31335 642 171 30693 3093 27600 331 153 27447 392 27055 201 174 99 2762 438 399
internal_count=177942 139761 38181 34607 3272 898 2374 2325 2271 54 83 49 45 31335 642 171 30693 3093 27600 331 153 27447 392 27055 201 174 99 2762 438 399
is_linear=0
shrinkage=0.05


Tree=208
num_leaves=31
num_cat=0
split_feature=4 12 0 7 2 11 0 8 7 7 6 6 6 7 3 7 10 8 11 11 12 6 3 6 8 11 6 0 11 11
split_gain=1.20376 3.24 5.64824 4.40234 4.25987 6.43756 4.87712 3.96983 17.7186 7.36584 7.9447 7.66308 6.70753 7.19284 6.74663 6.42566 6.71508 5.55969 5.14583 5.12205 4.73996 4.46705 4.28406 4.24364 4.70062 3.95827 3.9069 4.95273 6.05583 6.73708
threshold=-0.35981511348464618 -0.88164241715791203 0.72245182591865209 1.2644557469035156 -0.10734204115482303 -0.10012049999999999 -0.13503995720894643 -1.4757333452207306 -1.1683516554975559 -0.6649693646102034 -5.6288607342000709 -1.8045156552815462 -1.0378690880334245 -1.8765470533813149 1.3030495430495432 -1.8890270557133519 0.11170199999999998 -1.330001361725327 -0.02648499999999995 0.028125500000000001 -1.7766131821835187 -2.7477975541040554 -0.21051858948604626 -6.5848101596763264 -0.59018894412043743 -0.01626049999999998 -0.63063733605715522 -0.17174442398507631 0.0099200000000000278 -0.011463499999999986
decision_type=2 2 2 2 2 2 2 2 2 2 2 2 2 2 2 2 2 2 2 2 2 2 2 2 2 2 2 2 2 2
left_child=-1 3 4 7 5 -3 -7 8 12 10 -10 20 -2 -14 26 16 17 18 -9 -19 -12 22 -20 -18 -25 -16 -15 28 29 -28
right_child=1 2 -4 -5 -6 6 -8 15 9 -11 11 -13 13 14 25 -17 23 19 21 -21 -22 -23 -24 24 -26 -27 27 -29 -30 -31
leaf_value=0.00022904259970730481 4.7367992139850062e-05 -0.029044647041994793 0.0052142590304508846 -0.014692302525280886 -0.0008480635660348102 0.0044838639612936855 -0.0055545578587511612 -0.0093285301577422635 0.02337780882819341 -0.022623903472399849 -0.0051204802639538824 -0.0019191457446507119 -0.0073718160553608277 -4.1489831401308119e-05 0.031342576341703531 0.0010448847804215363 0.013013630114834418 -0.0035489775615625756 -0.0092705478581289451 0.0030846924754102849 -0.012691284689405904 0.00055637141156462174 0.0087974023425517398 -0.0072945797711667223 -0.025696803470491431 0.0065633706843861985 0.016009103606726662 -0.0048044210192129677 0.024502586068190408 -0.020727459742472726
leaf_weight=43380 98989 26 358 51 8567 147 684 91 26 55 540 1251 564 1568 20 16764 22 1536 36 359 335 674 370 262 40 83 24 1061 33 26
leaf_count=43380 98989 26 358 51 8567 147 684 91 26 55 540 1251 564 1568 20 16764 22 1536 36 359 335 674 370 262 40 83 24 1061 33 26
internal_value=2.91116e-12 -7.38386e-05 -0.000950113 -5.14394e-06 -0.00118429 -0.00454533 -0.00377881 8.61437e-07 -0.000122972 -0.0045555 -0.00409371 -0.00442968 -2.74093e-05 -0.00221804 -0.00118545 0.000643409 -0.00134194 -0.000618535 0.00209001 -0.00229226 -0.00801902 0.00305212 0.00719532 -0.00818751 -0.00973196 0.0113749 -0.00166248 -0.00388427 0.00787819 -0.00309391
internal_weight=177942 134562 9782 124780 9424 857 831 124729 104575 2207 2152 2126 102368 3379 2815 20154 3390 3066 1171 1895 875 1080 406 324 302 103 2712 1144 83 50
internal_count=177942 134562 9782 124780 9424 857 831 124729 104575 2207 2152 2126 102368 3379 2815 20154 3390 3066 1171 1895 875 1080 406 324 302 103 2712 1144 83 50
is_linear=0
shrinkage=0.05


Tree=209
num_leaves=31
num_cat=0
split_feature=9 7 6 8 0 10 10 7 0 6 8 5 3 0 8 7 7 2 9 3 1 12 0 7 6 2 1 1 0 10
split_gain=1.22145 4.85429 6.56939 6.24452 5.02978 6.2865 5.86675 5.97841 4.87039 4.68922 7.47057 4.76076 6.38453 4.49675 4.38135 10.9271 4.89283 4.5707 6.63291 4.78532 4.55084 4.54814 4.37082 4.61536 4.47118 4.52299 5.136 5.24964 5.38231 4.96316
threshold=0.44223125000000002 -1.8650078883451864 -1.233179824017381 -0.24242348064533556 -0.001296456594756412 -0.033774500000000006 -0.21059850000000002 -3.5724658973164054 0.026988294085432688 -0.63063733605715522 -1.8065970405749574 -7.8119887130988142 0.34250614997230616 -0.0023081369485710708 -1.5379547607262765 -1.1683516554975559 -0.82725469808875662 -0.29531980140186909 0.91101375000000007 -0.13758544978900319 0.21149352482776798 -0.91669722716217106 0.018566673651217339 -3.1094995864527335 -2.1795495878750759 -0.4750630747427757 0.23696572144704212 0.19004169555846365 0.038837223037467401 0.13695350000000003
decision_type=2 2 2 2 2 2 2 2 2 2 2 2 2 2 2 2 2 2 2 2 2 2 2 2 2 2 2 2 2 2
left_child=9 2 3 4 6 -6 -2 -8 -4 -1 -11 12 -12 -9 15 17 -17 -3 19 20 -19 -21 23 -7 25 -24 27 29 -29 -27
right_child=1 14 8 -5 5 22 7 13 -10 10 11 -13 -14 -15 -16 16 -18 18 -20 21 -22 -23 24 -25 -26 26 -28 28 -30 -31
leaf_value=0.00014773954356637402 -0.017735027971987925 0.0029937140164468011 -0.0034661349529650008 -0.012678680847519837 -0.0083034277884046961 -0.020572187114093039 0.023437886166253263 0.00017649540046588423 -0.016038376705140852 -0.005848791466276009 -0.0032369353823483954 0.00082999036001088185 -0.034589050473137338 0.022829530800862072 0.00018081900533920413 -0.005430333990149778 -0.021384846506749884 -0.0026735652582428084 0.024246441458280272 0.00012786296456244502 -0.011989382589892204 -0.0075115929825640311 -0.019402897772046606 -0.004016859840318578 -0.0032146232730420458 0.00050356477645592394 -0.0027784017723548548 0.030714700946451297 0.0067562742637366892 0.011673123130781783
leaf_weight=109194 45 852 209 112 367 45 28 5191 122 852 62 1313 22 22 49125 832 51 1091 26 3926 149 205 28 653 1197 1257 686 28 144 108
leaf_count=109194 45 852 209 112 367 45 28 5191 122 852 62 1313 22 22 49125 832 51 1091 26 3926 149 205 28 653 1197 1257 686 28 144 108
internal_value=-8.75411e-13 -0.000169585 -0.00117079 -0.000939369 -0.000805191 -0.00203117 0.00024151 0.000395859 -0.00810001 0.000101193 -0.00215876 9.17167e-05 -0.0114482 0.000272096 1.2691e-05 -0.00114537 -0.00635183 -0.000409684 -0.000946963 -0.00106892 -0.00379297 -0.000251243 -0.00147596 -0.00508418 -0.000745527 0.000567449 0.000818988 0.00242459 0.0106565 0.00138731
internal_weight=177942 66499 10242 9911 9799 4513 5286 5241 331 111443 2249 1397 84 5213 56257 7132 883 6249 5397 5371 1240 4131 4146 698 3448 2251 2223 1537 172 1365
internal_count=177942 66499 10242 9911 9799 4513 5286 5241 331 111443 2249 1397 84 5213 56257 7132 883 6249 5397 5371 1240 4131 4146 698 3448 2251 2223 1537 172 1365
is_linear=0
shrinkage=0.05


Tree=210
num_leaves=31
num_cat=0
split_feature=8 9 7 6 1 5 5 0 11 2 1 5 2 6 11 10 1 7 0 3 10 3 11 10 9 4 10 3 4 9
split_gain=1.20729 3.46286 2.61931 3.05692 4.46419 2.9792 3.58205 3.57652 3.17482 3.36297 2.36057 2.31214 3.52486 2.00931 1.88342 2.45526 3.49032 3.02268 6.39631 7.60957 3.08985 3.00496 2.73994 2.47321 2.78802 4.71107 2.37178 2.78165 3.37108 2.59189
threshold=-4.1118639393378862 0.20056225000000003 -4.0345973674178817 -3.8060801033837373 -0.019717656437348293 -7.1334166974651589 -3.9822082605219635 0.0093138785754768322 -0.039686999999999938 0.14610159344201903 0.02202539955162686 -17.265404112630751 0.087249232540967739 -3.4245779275205561 -0.027578000000000016 0.011189500000000021 0.082625378463737978 -5.161602059988339 -0.0023081369485710708 0.3856695043399711 0.053213000000000031 0.43730155530244236 -0.014592999999999993 -0.070767000000000038 0.12638750000000001 -0.016927634699939794 0.038274000000000009 -0.014817101757515492 -0.078357371204149859 0.17955650000000004
decision_type=2 2 2 2 2 2 2 2 2 2 2 2 2 2 2 2 2 2 2 2 2 2 2 2 2 2 2 2 2 2
left_child=1 11 3 4 -3 7 8 -6 -7 10 -10 12 -1 -4 -13 16 22 18 -17 20 -20 26 -16 -24 25 -25 29 28 -28 -19
right_child=-2 2 13 -5 5 6 -8 -9 9 -11 -12 14 -14 -15 15 17 -18 21 19 -21 -22 -23 23 24 -26 -27 27 -29 -30 -31
leaf_value=0.0002938671783242073 1.4253208421547923e-05 0.014624224718221846 -0.022105140796629716 -0.021927463653541746 -0.0074497070577409542 0.0021931439219042659 0.0047563266940414909 0.019381473472584849 -0.0012018579079515557 -0.037009646175872712 -0.024936194270849227 0.0090517338365316401 -0.023466234877533108 -0.0032925969243726948 -0.017945272530029928 0.024990026105959448 0.0080344937612406072 0.0014672064887405068 0.022262816850773314 -0.016410888867596021 0.0020232724703171038 -0.018748717724035184 0.0038047442698177503 -0.0034133417531847956 -0.0032180055652495281 -0.030154180260641233 -0.0048217618526259984 -0.00042078488859020083 -0.028429286014288666 0.0128709435579367
leaf_weight=37 175836 34 40 21 27 20 31 23 22 21 20 55 27 22 35 39 63 452 33 39 44 21 94 40 302 28 62 378 20 56
leaf_count=37 175836 34 40 21 27 20 31 23 22 21 20 55 27 22 35 39 63 452 33 39 44 21 94 40 302 28 62 378 20 56
internal_value=-1.33629e-12 -0.00119004 -0.00635702 -0.00378849 -0.00186466 -0.00528309 -0.00974613 0.00489264 -0.0151627 -0.0206725 -0.0125039 -0.000394468 -0.00972993 -0.0154297 -5.51901e-05 -0.00034879 -0.00305508 0.000980698 0.0074728 0.00158338 0.0106974 -3.6769e-05 -0.00445516 -0.00343759 -0.00527754 -0.0144243 0.000369172 -0.00223172 -0.0105797 0.00272431
internal_weight=177942 2106 281 219 198 164 114 50 83 63 42 1825 64 62 1761 1706 562 1144 155 116 77 989 499 464 370 68 968 460 82 508
internal_count=177942 2106 281 219 198 164 114 50 83 63 42 1825 64 62 1761 1706 562 1144 155 116 77 989 499 464 370 68 968 460 82 508
is_linear=0
shrinkage=0.05


Tree=211
num_leaves=31
num_cat=0
split_feature=2 11 11 4 0 10 10 9 0 3 1 7 9 7 8 11 6 1 6 8 3 9 11 8 11 9 6 10 12 4
split_gain=1.17697 2.06521 2.15993 2.14669 3.02214 3.10773 3.2141 2.53186 1.97844 1.92744 1.81275 1.60065 1.34215 4.24905 6.34212 5.70635 5.32414 5.25175 7.83775 4.93627 4.79359 8.27831 5.8173 6.11532 5.12178 4.59631 4.65799 4.91821 4.38012 4.29519
threshold=-0.76180543515133226 0.16761599999999996 0.080044999999999991 -0.84944795906032144 0.16476995204404846 0.078809999999999977 -0.002003499999999991 0.95052725000000005 -0.38540649811485794 -0.53237103673109198 -0.43534608462659197 -0.16936222881315599 0.44223125000000002 -1.8650078883451864 -1.5010310991311213 -0.053940499999999995 -1.2528234499225961 -0.062755709156187209 -1.0607413900804039 -0.24242348064533556 0.2600022609088854 0.8093950000000002 0.017561499999999983 -1.92709769654222 0.11950200000000001 0.44896825000000007 -1.6662033084297174 0.048963000000000013 -1.291395830219533 -0.15026773872251939
decision_type=2 2 2 2 2 2 2 2 2 2 2 2 2 2 2 2 2 2 2 2 2 2 2 2 2 2 2 2 2 2
left_child=1 2 3 7 5 6 11 -1 -4 -7 -8 -5 -2 14 15 -14 19 -17 20 -16 29 22 25 24 -24 -22 27 -27 -29 -19
right_child=12 -3 8 4 -6 9 10 -9 -10 -11 -12 -13 13 -15 16 17 -18 18 -20 -21 21 -23 23 -25 -26 26 -28 28 -30 -31
leaf_value=-0.0099163550054709049 9.7668843694898044e-05 -0.011512842222496315 0.021898461631141033 0.022724099889397623 -0.0084399352529867296 0.027771382260003259 -0.011069374080226922 0.0012072791405638107 0.0042669417154861658 0.0074483972135931248 0.0052579465404372014 0.0051663746470930402 -0.006025485130214012 -1.4702142993229082e-05 -0.002161105185450451 0.0020308761322415519 -0.013560272177961546 -0.00070228149379531108 -0.021473571380762304 -0.012934961024121467 -0.0056245997060344697 0.029846693374216554 -0.01160861051775929 0.0012918373055024145 0.0094845647274544743 0.0031203372823948999 -0.0037814378660032222 0.0078071704128281757 0.023187215247985407 -0.0052510834287068479
leaf_weight=60 111422 27 26 25 31 28 34 347 41 20 34 27 402 55584 3174 2299 113 1596 46 110 135 25 225 341 33 562 153 192 61 769
leaf_count=60 111422 27 26 25 31 28 34 347 41 20 34 27 402 55584 3174 2299 113 1596 46 110 135 25 225 341 33 562 153 192 61 769
internal_value=-5.69757e-13 0.0020462 0.00259017 0.00164832 0.00590419 0.00855103 0.00425005 -0.000432569 0.011109 0.0193035 -0.00290571 0.0136076 -8.08125e-06 -0.000187098 -0.00112325 -0.000246101 -0.00288917 0.00011483 -0.000949692 -0.00252198 -0.000718974 0.00128366 0.00086411 -0.00310255 -0.00891065 0.00301826 0.00422362 0.00572641 0.0115154 -0.00218136
internal_weight=177942 700 673 606 199 168 120 407 67 48 68 52 177242 65820 10236 6839 3397 6437 4138 3284 4092 1727 1702 599 258 1103 968 815 253 2365
internal_count=177942 700 673 606 199 168 120 407 67 48 68 52 177242 65820 10236 6839 3397 6437 4138 3284 4092 1727 1702 599 258 1103 968 815 253 2365
is_linear=0
shrinkage=0.05


Tree=212
num_leaves=31
num_cat=0
split_feature=1 7 8 4 11 10 8 6 0 1 9 3 7 11 7 9 8 11 1 9 1 9 8 9 6 10 8 3 3 10
split_gain=1.21971 2.98712 8.18745 6.79054 4.5631 4.17293 4.70221 3.7089 4.70773 5.79936 7.31503 6.10482 7.40017 4.83367 7.47171 6.99237 6.32407 4.71561 3.91946 3.53696 4.5367 4.26565 3.45832 3.45105 3.44591 3.57955 3.92949 3.70954 3.85198 3.56209
threshold=0.2675431956753665 -2.0215811488719657 -0.91730428963470911 -1.0000000180025095e-35 0.048109999999999993 0.059163500000000015 0.15524912018873674 -3.3573293237691466 0.13798008534850639 0.31325301204819284 0.14015625000000001 0.028791465005297615 -1.5365874050948991 0.00017849999999997038 -0.95026047370367306 0.42686025000000005 -0.45807636159734827 0.006715500000000014 0.44288975864318331 0.40835025000000008 0.38774064646618484 0.28306750000000008 -1.3984586557449359 0.42883800000000011 -1.1046536010634103 0.0050005000000000197 -2.7592171387975371 0.057017543859649085 -0.22675568803420523 -0.011841000000000044
decision_type=2 2 2 2 2 2 2 2 2 2 2 2 2 2 2 2 2 2 2 2 2 2 2 2 2 2 2 2 2 2
left_child=-1 2 24 4 5 -4 -7 8 19 11 17 -10 -13 14 -12 -15 -16 -11 22 20 21 -3 -17 -21 25 27 -27 28 -2 -30
right_child=1 7 3 -5 -6 6 -8 -9 9 10 13 12 -14 15 16 18 -18 -19 -20 23 -22 -23 -24 -25 -26 26 -28 -29 29 -31
leaf_value=-5.1174797704881881e-05 -0.0067905826519344403 -0.015470662502490956 -0.0076394264241094363 0.013403467272291893 0.0060292142230485169 -0.025634253233015034 0.0012239121645689012 0.00082849031005473187 -0.0079466741997748624 -0.0062811571452766656 -0.0069358710566876638 -0.0017928692996501923 0.036306625318068726 -0.012884245587943806 -0.044997054298737037 -0.022581552206115289 -0.011474476438888815 0.02659224681556225 0.010422009822377731 -0.018703386234119535 0.024526027491425767 0.009797471431255738 0.0048635212209774186 0.0006663470774720512 -0.016062932145006713 0.0054189923504617855 6.3989645993950999e-05 -0.0045989195601115439 0.012832427502744208 -0.00082563773866376269
leaf_weight=154353 83 23 143 32 35 88 20 16754 43 20 71 25 26 161 34 22 24 24 72 26 34 61 24 199 34 373 4200 747 97 94
leaf_count=154353 83 23 143 32 35 88 20 16754 43 20 71 25 26 161 34 22 24 24 72 26 34 61 24 199 34 373 4200 747 97 94
internal_value=-2.79821e-13 0.000334859 -0.000634345 -0.00843975 -0.0108837 -0.0132421 -0.0206605 0.000661497 -0.00248563 -0.0053695 -0.00771945 0.00593025 0.0176304 -0.00980829 -0.0178119 -0.0061077 -0.0311256 0.0116498 0.00313826 0.00210502 0.00911615 0.00287882 -0.00826238 -0.00157193 -0.000193315 -9.686e-05 0.000500774 -0.00277363 0.00220262 0.00611066
internal_weight=177942 23589 5946 318 286 251 108 17643 889 546 452 94 51 408 129 279 58 44 118 343 118 84 46 225 5628 5594 4573 1021 274 191
internal_count=177942 23589 5946 318 286 251 108 17643 889 546 452 94 51 408 129 279 58 44 118 343 118 84 46 225 5628 5594 4573 1021 274 191
is_linear=0
shrinkage=0.05


Tree=213
num_leaves=31
num_cat=0
split_feature=4 8 0 12 7 1 11 8 1 2 2 10 11 3 9 3 11 3 10 8 11 6 10 7 5 9 12 6 1 10
split_gain=1.17511 5.2124 3.68376 4.89304 4.12386 5.1603 4.02253 3.60733 4.62495 3.23014 3.86893 5.99152 2.95043 6.66642 2.61865 13.3912 5.03279 3.82157 2.79271 2.74542 2.39371 2.98236 4.78057 5.69805 2.91835 2.6181 2.50709 5.57161 2.73 3.14324
threshold=-0.006276707981410278 1.0241060565142306 0.011152807505037889 -1.6675145650428769 -5.161602059988339 0.058939262176672343 0.034673000000000016 -1.0423196712227945 0.32076076507606183 0.03994630514876208 0.43289373344393006 0.11658800000000004 -0.12171299999999995 0.49784612448207582 0.14015625000000001 0.31954376563384407 0.017561499999999983 0.22382389552897655 -0.056018499999999964 -4.4623855739459852 0.0045980000000000057 -2.9020240415028593 0.028095999999999999 -1.7890794010478708 -17.265404112630751 0.30577375000000007 -0.8628169926871021 -1.7452832414070005 0.83244862779434714 -0.0043564999999999845
decision_type=2 2 2 2 2 2 2 2 2 2 2 2 2 2 2 2 2 2 2 2 2 2 2 2 2 2 2 2 2 2
left_child=-1 2 3 7 5 -4 -7 8 9 -2 11 -11 13 -6 15 17 -17 18 -14 -16 26 22 23 24 -22 -25 28 -28 -21 -30
right_child=1 -3 4 -5 12 6 -8 -9 -10 10 -12 -13 14 -15 19 16 -18 -19 -20 20 21 -23 -24 25 -26 -27 27 -29 29 -31
leaf_value=3.5298754391029381e-05 -0.019960406232901195 0.021896300980677973 0.025288322038416352 -0.029248334281146527 -0.025506747966033541 0.011122186950131042 -0.015875914482272824 0.014887641059855621 -0.022694266620366013 -0.0024449178232302132 -0.017372001291045713 0.021558971057549635 0.014465768067609698 0.0087071705221508939 -0.014674636902231159 -0.014406551579358402 -0.04662311991507357 0.017129630876448136 -0.0050608713744807396 -0.0010035725340349498 -0.016474557105188813 -0.0004856425390087022 0.0031967504135803787 -0.030549514764623548 0.0001986382508292892 -0.0073131664750959585 -0.022545887552578713 -0.0026938047959582023 0.023004197359085085 0.0016817315891135616
leaf_weight=165455 27 26 35 20 35 37 22 24 34 251 36 29 21 24 33 27 22 29 143 4252 27 4238 1762 22 938 27 42 223 25 56
leaf_count=165455 27 26 35 20 35 37 22 24 34 251 36 29 21 24 33 27 22 29 143 4252 27 4238 1762 22 938 27 42 223 25 56
internal_value=3.37947e-12 -0.000467715 -0.000514378 -0.00511177 -0.000353622 0.0100781 0.0010551 -0.00390795 -0.00510449 -0.0033609 -0.00194258 4.11992e-05 -0.000435706 -0.0115892 -0.000380347 -0.0055283 -0.0288711 0.000398113 -0.00256051 -0.000273365 -0.000232438 0.0003488 0.00162271 -0.00111246 -0.000267866 -0.0177458 -0.00111909 -0.00584017 -0.00083035 0.00826274
internal_weight=177942 12487 12461 421 12040 94 59 401 377 343 316 280 11946 59 11887 242 49 193 164 11645 11612 7014 2776 1014 965 49 4598 265 4333 81
internal_count=177942 12487 12461 421 12040 94 59 401 377 343 316 280 11946 59 11887 242 49 193 164 11645 11612 7014 2776 1014 965 49 4598 265 4333 81
is_linear=0
shrinkage=0.05


Tree=214
num_leaves=31
num_cat=0
split_feature=2 4 0 7 6 12 8 7 11 2 6 0 1 4 0 8 7 10 5 2 1 10 0 12 4 10 8 7 10 3
split_gain=1.19033 3.67152 6.21418 4.28555 3.44797 3.34228 7.61185 5.63863 4.40925 4.11823 4.82799 3.97133 4.4422 3.44526 4.31323 3.7124 3.41001 3.5991 3.33236 5.47623 3.32615 3.28754 3.27397 3.58928 4.95693 5.79127 9.41458 7.56631 3.47372 3.25471
threshold=0.06715709212859157 -0.18479055729509444 -0.10503899401487214 -1.3612401644132308 -2.7199713809869182 -0.29876123285673856 -1.3435095013519094 -0.61312286646861813 0.01698499999999999 2.6832893169696033 0.11646383468110381 -0.27926228114907359 -0.3604751924549594 -0.31058422003613728 -0.21603463585920282 -0.37254533148162977 0.049377227678574255 0.17546850000000005 -2.0478378994793842 0.1698975555412037 -0.09789968735160047 0.051663500000000008 -0.043136288284108308 1.0000000180025095e-35 -0.001330377201759436 0.14640600000000001 -0.27656457206873453 -0.31774755435668245 0.15840749999999998 -0.22141692121415865
decision_type=2 2 2 2 2 2 2 2 2 2 2 2 2 2 2 2 2 2 2 2 2 2 2 2 2 2 2 2 2 2
left_child=-1 5 3 4 20 11 -7 18 9 13 -11 12 -2 14 15 -9 -13 -18 29 -20 -3 -4 28 -24 25 27 -27 -25 -23 -8
right_child=1 2 21 -5 -6 6 7 8 -10 10 -12 16 -14 -15 -16 -17 17 -19 19 -21 -22 22 23 24 -26 26 -28 -29 -30 -31
leaf_value=-0.00012118933715744828 -0.014857112886827617 0.0099734801449812959 0.00026538571910211573 -0.0081579398396663758 0.0001932142767886238 0.029745493048903882 -0.017143288493777314 -0.016340946006987777 -0.0028487235149911999 -0.0010292352177202703 0.024664078012290525 0.00082932883759477191 0.0091242699512076794 0.0055450631510688088 -0.0040320263559465276 0.0055018489356867088 0.0062454814456777081 -0.014487716600044885 0.0067912681414745756 -0.019398639959076217 -0.0081881378775484608 -0.0020245190239754191 -0.00037910925426726846 -0.022511069955570357 -0.0099786324373313372 0.051376361548900608 0.005746646879966788 0.011598620837644881 -0.011707489149720997 0.0016127298816595928
leaf_weight=94740 21 28 46485 351 689 20 30 21 947 33 41 13697 240 294 432 264 431 22 25 99 253 1688 16718 21 35 20 26 72 98 101
leaf_count=94740 21 28 46485 351 689 20 30 21 947 33 41 13697 240 294 432 264 431 22 25 99 253 1688 16718 21 35 20 26 72 98 101
internal_value=2.61339e-12 0.000137995 -2.85604e-05 -0.00342366 -0.00171053 0.000800352 -0.00096659 -0.00123517 -0.000355678 0.00182028 0.0132062 0.00108322 0.00719473 0.000986886 -0.000882158 0.00389238 0.000970487 0.00523857 -0.00824352 -0.0141184 -0.00637844 4.02658e-05 -0.000520003 -0.000304753 0.0068394 0.0110742 0.0255857 0.00389643 -0.00255584 -0.00268254
internal_weight=177942 83202 66484 1321 970 16718 2307 2287 2032 1085 74 14411 261 1011 717 285 14150 453 255 124 281 65163 18678 16892 174 139 46 93 1786 131
internal_count=177942 83202 66484 1321 970 16718 2307 2287 2032 1085 74 14411 261 1011 717 285 14150 453 255 124 281 65163 18678 16892 174 139 46 93 1786 131
is_linear=0
shrinkage=0.05


Tree=215
num_leaves=31
num_cat=0
split_feature=5 6 10 10 0 11 11 4 0 8 7 8 5 10 7 12 11 12 4 0 6 12 8 2 11 11 4 11 8 7
split_gain=1.14375 3.65693 10.3127 7.39624 8.66746 5.71332 4.02338 4.66155 3.64008 4.98332 2.39197 4.24291 5.53459 5.49604 5.98896 5.30875 5.93929 4.55854 3.86526 3.32031 3.67915 3.32144 4.11261 9.21152 11.0292 5.56878 4.72691 4.57593 6.03676 3.82665
threshold=-7.2265905398738992 -6.5848101596763264 1.0000000180025095e-35 0.15840749999999998 0.088230676886138962 -0.0023045000000000144 0.019391999999999982 -0.023244307358009694 0.032743536930931579 -4.1118639393378862 -3.2622847019117178 -2.8530307730622857 -8.7186660084919314 -0.041617999999999995 -1.0080185340803804 -2.4054188721464254 0.032485500000000007 -2.4261734201609584 -0.008279258309636826 0.10238234801540792 -2.5555047785349116 -1.7472983874571668 -1.0093470312932098 0.38882573922778013 0.032485500000000007 0.107086 -0.019079438031068926 0.065730500000000011 -1.7730457347493047 -4.2938954994622573
decision_type=2 2 2 2 2 2 2 2 2 2 2 2 2 2 2 2 2 2 2 2 2 2 2 2 2 2 2 2 2 2
left_child=10 2 8 4 5 -4 7 -7 9 -2 19 15 -13 14 -14 17 -17 18 -12 20 21 22 23 25 29 27 -24 28 -1 -25
right_child=1 -3 3 -5 -6 6 -8 -9 -10 -11 11 12 13 -15 -16 16 -18 -19 -20 -21 -22 -23 26 24 -26 -27 -28 -29 -30 -31
leaf_value=0.0012873366734459154 -0.020675840950571001 3.052909726874203e-05 0.048584638482757979 -0.011164920280377071 -0.009259606566576456 0.024880193918943406 0.032323553022818967 -0.0069835735103962104 -0.02394827337563038 0.01077785283628413 -0.0033425141724627346 0.00062038252754185606 -0.0058111359722830391 -0.0014075249154706674 -0.029020822972857525 -0.0076823971498368396 -0.035627519232886179 0.021111242333288482 0.0046610203579739605 0.011330047767924172 -0.013636554471399312 -0.013754787351936103 -0.004113779137177127 -0.014698112056571611 -0.034737873774659082 0.022133886459614002 0.026231340118542768 -0.014325081597662019 -0.016032368709862816 0.0033652976512500684
leaf_weight=3724 20 162045 21 24 22 24 34 22 25 34 1227 5692 135 3941 35 201 21 21 172 71 46 40 21 49 38 31 33 49 51 73
leaf_count=3724 20 162045 21 24 22 24 34 22 25 34 1227 5692 135 3941 35 201 21 21 172 71 46 40 21 49 38 31 33 49 51 73
internal_value=-3.99972e-13 3.93934e-05 0.00639521 0.0142251 0.0191793 0.0253739 0.0192811 0.009641 -0.00817439 -0.000871663 -0.000407913 -0.00078328 -0.000389276 -0.00178723 -0.0105896 -0.00313555 -0.0103259 -0.00201143 -0.00235852 0.00060867 0.000425464 0.000582888 0.000723833 0.000539485 -0.0112161 0.0010274 0.0144305 0.000856292 0.00105335 -0.00388968
internal_weight=177942 162271 226 147 123 101 80 46 79 54 15671 11445 9803 4111 170 1642 222 1420 1399 4226 4155 4109 4069 4015 160 3855 54 3824 3775 122
internal_count=177942 162271 226 147 123 101 80 46 79 54 15671 11445 9803 4111 170 1642 222 1420 1399 4226 4155 4109 4069 4015 160 3855 54 3824 3775 122
is_linear=0
shrinkage=0.05


Tree=216
num_leaves=31
num_cat=0
split_feature=4 9 6 2 8 6 2 10 11 10 12 5 9 7 2 8 2 10 3 7 7 9 7 0 0 1 7 11 4 5
split_gain=1.14991 2.72295 11.9261 6.48611 5.5387 6.224 5.91134 5.63863 4.82388 6.41632 4.67908 4.19556 4.00254 3.91131 3.86832 3.67473 3.66352 10.1742 4.6925 4.3937 10.4207 3.57981 3.40494 4.89426 5.51695 3.26373 3.23073 2.97593 3.31719 3.25398
threshold=-0.092435408751648171 0.39674825000000008 -6.5848101596763264 0.8396586489989919 -2.0110467792570779 -0.8114184081785224 -0.023176830666007339 -0.21059850000000002 0.02613100000000006 0.13288350000000004 -1.4773155069521782 -5.5298091394980302 0.57514475000000009 -2.4265451848059643 1.2067693090724012 -2.0961345363120629 0.6982302207420692 0.22152100000000002 -0.25582660218556275 0.21697175979466107 -0.61312286646861813 0.30137675000000003 -2.690443291572802 0.0093138785754768322 -0.016486230432416978 -0.064870058114633852 -3.3539755406157594 0.13871600000000009 -0.089640536951293912 -6.294768930072089
decision_type=2 2 2 2 2 2 2 2 2 2 2 2 2 2 2 2 2 2 2 2 2 2 2 2 2 2 2 2 2 2
left_child=-1 14 -3 4 5 6 -4 -6 9 10 -8 -12 -10 -11 16 -5 18 19 21 20 -18 -2 -13 24 -24 -20 -9 28 -17 -30
right_child=1 2 3 15 7 -7 8 26 12 13 11 22 -14 -15 -16 27 17 -19 25 -21 -22 -23 23 -25 -26 -27 -28 -29 29 -31
leaf_value=9.1965925619047655e-05 0.026656900734865457 -0.038418352756915353 0.020315076554050814 0.014072634429558768 -0.023613604118495626 -0.025264399007640104 -0.0017300111546989542 -0.017393173457219684 -0.0099689235631881291 0.00082603663073054379 0.0060650136425263353 0.0012762582899692159 0.0096394298332078132 0.030671872747252173 -0.010706879737249222 -0.012079004265135154 0.0046130227658489628 -0.025012572527292276 -0.0048503606866468398 0.023987099604198227 -0.023627025617615267 -0.00084000915288925167 -0.019352826413523871 -0.021134970697318824 0.017785273455083371 -1.0147827020647843e-05 -0.00067821155930369848 0.010230793304175936 0.0065332591009058241 0.00047314574145670263
leaf_weight=116797 29 21 26 54 27 33 1216 29 369 21 36 36 28 23 84 50 833 31 351 27 34 20 20 113 20 44901 9194 84 238 3197
leaf_count=116797 29 21 26 54 27 33 1216 29 369 21 36 36 28 23 84 50 833 31 351 27 34 20 20 113 20 44901 9194 84 238 3197
internal_value=-2.82984e-13 -0.00017567 -0.000765196 -0.00071182 -0.00130711 -0.00373538 -0.00336302 -0.000797562 -0.00369014 -0.00238129 -0.00295559 -0.00957919 -0.00858597 0.0164273 1.31794e-05 0.00112694 3.26595e-05 0.00314767 -3.09458e-05 0.00412414 0.00350557 0.0154337 -0.012559 -0.0158144 -0.000783776 -4.76912e-05 -0.000730769 0.000931073 0.000706919 0.000893031
internal_weight=177942 61145 14835 14814 11191 1941 1908 9250 1882 1485 1441 225 397 44 46310 3623 46226 925 45301 894 867 49 189 153 40 45252 9223 3569 3485 3435
internal_count=177942 61145 14835 14814 11191 1941 1908 9250 1882 1485 1441 225 397 44 46310 3623 46226 925 45301 894 867 49 189 153 40 45252 9223 3569 3485 3435
is_linear=0
shrinkage=0.05


Tree=217
num_leaves=31
num_cat=0
split_feature=3 1 10 0 9 11 8 7 6 6 7 9 0 7 8 5 6 6 8 9 10 7 0 11 4 3 9 8 0 11
split_gain=1.17019 2.73758 3.67592 5.41815 4.67192 6.64045 5.10076 4.69725 4.62563 5.67163 3.54338 4.25236 3.12097 4.19178 5.94859 4.25453 4.23217 5.6839 4.43953 5.45797 4.26011 3.99198 3.80059 3.64091 3.59112 6.09588 4.63279 3.53203 3.49674 3.39103
threshold=0.0077496821643641143 -0.060656576674170286 0.059163500000000015 0.19865969865969871 0.2720597500000001 -0.018134499999999967 -2.8807947888328029 -2.7286298015377448 -3.6715519807395833 -2.7751077553596533 -0.98929391222573038 0.57932900000000009 -0.024386170715414542 -2.9576831096820109 -3.2087345551221689 -2.0244627789303888 -4.603438380381232 -3.2568543072246192 -2.1060815057566704 0.42686025000000005 0.10941900000000003 -1.3454218064475081 -0.023376365005729368 0.037101499999999989 -0.23342018452266908 -0.1507506385749344 0.21171575000000001 -2.0863245640803969 -0.060244488826086622 -0.12171299999999995
decision_type=2 2 2 2 2 2 2 2 2 2 2 2 2 2 2 2 2 2 2 2 2 2 2 2 2 2 2 2 2 2
left_child=1 2 -1 4 5 -4 7 -7 -8 -10 11 -5 13 15 -15 -3 -16 20 -19 21 -18 23 -14 27 25 29 -27 -20 -23 -24
right_child=-2 12 3 10 -6 6 8 -9 9 -11 -12 -13 22 14 16 -17 17 18 19 -21 -22 28 24 -25 -26 26 -28 -29 -30 -31
leaf_value=-0.00018038889597796833 0.00010826667949953037 0.0015699059668182044 0.029832626347030912 -0.0046041953489184377 0.0010410172946167648 0.0029290378485253067 -0.0007179830828681589 -0.017495388619136066 0.029766261648368458 0.0067180822769712135 -0.0016647235474870797 -0.025710721216829758 0.0074380797106933629 -0.02368611041907101 0.0089764870733923304 -0.0095484890313665555 -0.004707843553567773 -0.0036904778206523444 0.017448928813712721 -0.001490175750657943 -0.017546732365612834 -0.012984502249621853 0.0082942683078969515 0.013304766392051852 -0.00074303625513964127 0.022341733798384666 0.0025484554026540024 0.0020089304737843151 0.0051313155114130924 -0.00014678046042821847
leaf_weight=21513 103879 1579 28 75 9363 234 50 32 51 56 698 35 162 31 91 91 718 1496 39 3359 71 70 120 92 17154 30 2029 737 43 14016
leaf_count=21513 103879 1579 28 75 9363 234 50 32 51 56 698 35 162 31 91 91 718 1496 39 3359 71 70 120 92 17154 30 2029 737 43 14016
internal_value=5.81064e-13 -0.000151852 0.000195376 0.000956423 0.00128045 0.00625111 0.00469015 0.000471964 0.0118369 0.0177037 -0.00297917 -0.0113199 -0.00041798 -0.00127873 -0.00183386 0.000964053 -0.00173299 -0.0018801 -0.0013416 -0.000531945 -0.00586318 0.00274909 -0.000201784 0.00389992 -0.000238896 0.000295098 0.00283685 0.00278491 -0.00609087 -7.51247e-05
internal_weight=177942 74063 32135 10622 9814 451 423 266 157 107 808 110 41928 8417 6747 1670 6716 6625 5836 4340 789 981 33511 868 33349 16195 2059 776 113 14136
internal_count=177942 74063 32135 10622 9814 451 423 266 157 107 808 110 41928 8417 6747 1670 6716 6625 5836 4340 789 981 33511 868 33349 16195 2059 776 113 14136
is_linear=0
shrinkage=0.05


Tree=218
num_leaves=31
num_cat=0
split_feature=1 2 8 7 8 6 4 11 10 0 7 8 6 7 8 10 8 9 7 7 8 6 6 0 0 0 4 4 1 0
split_gain=1.17679 2.77022 2.73164 3.52247 3.56348 3.52523 3.47896 3.35947 3.24763 3.14584 4.31156 12.6313 7.36954 9.3673 7.93043 6.90102 7.82281 6.26806 5.97985 5.44745 5.36203 4.99008 4.95104 5.25498 7.01076 5.47764 6.61059 5.46754 4.86261 5.56595
threshold=0.18023353200109074 2.6832893169696033 0.64417623718873818 0.66024292506549187 -0.089535248493701564 1.1472761162263767 -0.29080696434503267 -0.10012049999999999 0.039393500000000033 0.018566673651217339 -2.127191276474655 -2.4040843752435168 -1.9833588996166938 -1.4932874778153449 -1.7842758901008327 0.010721499999999997 -1.7730457347493047 0.66918350000000015 -0.73605716289561174 -1.8528650038037313 -1.330001361725327 -2.070516946019783 -1.2528234499225961 -0.081373218719656068 -0.23709229966973752 -0.14680749650122707 -0.47917143401983214 -0.50409643500229084 -0.43534608462659197 -0.025423728813559306
decision_type=2 2 2 2 2 2 2 2 2 2 2 2 2 2 2 2 2 2 2 2 2 2 2 2 2 2 2 2 2 2
left_child=1 2 3 5 -5 9 8 -7 -4 10 22 21 13 15 -15 17 19 -13 20 -17 -16 -12 23 24 -1 26 27 -26 -20 -30
right_child=-2 -3 6 4 -6 7 -8 -9 -10 -11 11 12 -14 14 18 16 -18 -19 28 -21 -22 -23 -24 -25 25 -27 -28 -29 29 -31
leaf_value=-0.0031134301840059003 0.00024600861343595875 -0.0087881800841417296 -0.00094872927082958677 -0.012794143674055014 -0.002048475810626445 0.012070624290832452 0.022897197073325517 -0.0058625451272315129 0.0040887118244626328 -0.000353071300702704 -0.0075881943647332847 0.0031452151708900953 0.00041758933484474568 -0.0078323611459051937 -0.0029930299592465875 -0.0007546889208380434 0.0012562851017448775 -0.010975504057799899 0.0031730511686475522 -0.004958123888238684 0.0013096795205483113 -0.0017392365769138586 -0.0061817114309679136 0.00028000860818402825 0.012173587529380856 0.0017407240129933229 0.0042741175670634726 0.040365446536313923 -0.0077053212758051472 0.0049285070345972274
leaf_weight=669 38181 91 569 83 1095 28 20 388 731 51759 766 1889 25469 678 1414 1835 2420 82 153 1329 1484 696 278 38424 95 5716 621 21 861 97
leaf_count=669 38181 91 569 83 1095 28 20 388 731 51759 766 1889 25469 678 1414 1835 2420 82 153 1329 1484 696 278 38424 95 5716 621 21 861 97
internal_value=1.72108e-12 -6.72065e-05 -6.15245e-05 -8.31232e-05 -0.0028056 -5.97432e-05 0.00220225 -0.0046555 0.00188386 -4.57633e-05 0.000141372 -0.000243786 -6.7003e-05 -0.00107518 -0.00283116 1.42064e-05 -0.000883594 0.00255775 -0.00198536 -0.00252029 -0.00078971 -0.00480374 0.000470627 0.000511231 0.0017587 0.00226381 0.00632075 0.0172773 -0.00510418 -0.00642611
internal_weight=177942 139761 139670 138350 1178 137172 1320 416 1300 136756 84997 39173 37711 12242 4687 7555 5584 1971 4009 3164 2898 1462 45824 45546 7122 6453 737 116 1111 958
internal_count=177942 139761 139670 138350 1178 137172 1320 416 1300 136756 84997 39173 37711 12242 4687 7555 5584 1971 4009 3164 2898 1462 45824 45546 7122 6453 737 116 1111 958
is_linear=0
shrinkage=0.05


Tree=219
num_leaves=31
num_cat=0
split_feature=7 9 5 4 0 5 6 1 2 2 4 3 10 3 6 1 0 11 5 4 1 8 6 7 0 7 8 9 6 11
split_gain=1.17346 2.74233 2.66122 3.23132 3.46769 4.31941 2.46774 3.56786 3.54795 3.21944 2.44737 1.75259 2.61297 2.54155 2.08505 3.43511 1.91411 1.7234 2.718 1.7092 1.65369 1.59695 5.86827 6.12327 4.7143 4.3812 8.23819 5.81391 7.82876 4.37378
threshold=1.2644557469035156 1.1100262500000002 -0.78434578135997179 -0.17836257309941519 -0.17174442398507631 0.99193099663571227 -1.5660795343629019 -0.49055328913819474 -0.23779254804395447 0.14610159344201903 -0.19155941792056094 0.83577088552578271 -0.01079350000000001 3.8529851392295487 0.93084322875214942 0.32916114699469295 0.42956891317547058 -0.018134499999999967 0.81819560297144867 -0.064807407407407411 0.0089672246888693481 0.21788759242743436 -4.7861466191853337 -1.2194443748768535 0.078995315944867875 0.098584096621569903 -0.40272694786548607 0.27045525000000004 -3.1637990117581425 -0.0031425000000000198
decision_type=2 2 2 2 2 2 2 2 2 2 2 2 2 2 2 2 2 2 2 2 2 2 2 2 2 2 2 2 2 2
left_child=21 2 6 4 -4 -6 19 -8 -9 -10 -11 12 -3 -13 15 -14 17 -16 -19 -2 -15 25 -23 24 29 -1 -27 -28 -29 -24
right_child=1 11 3 -5 5 -7 7 8 9 10 -12 13 14 20 16 -17 -18 18 -20 -21 -22 22 23 -25 -26 26 27 28 -30 -31
leaf_value=2.1551273341068893e-05 -0.01984528464132122 -0.0056531322298242767 -0.017803471258213355 -0.029558346943841098 -0.012138522843209406 0.019323579957708718 -0.010111725027672947 0.023949620135776378 -0.013530877748659501 0.022209172006696462 -0.0010555243280787883 -0.010221103621225754 -0.0034310208802501374 -0.0057495877146720893 0.0042574402056634424 0.019524949083570393 -0.0008307044465954487 0.03291072437296743 0.0093145292538862959 -0.00070745586883276708 0.013115121252261676 0.026678713140162555 -0.024120386086759114 0.0010745123609689476 -0.027766071868439518 -0.0065736218060956008 0.016319615666754547 -0.020492129571735861 -0.0005486240805852898 0.0024505955498602431
leaf_weight=168626 28 68 43 21 24 20 46 23 24 20 26 73 88 21 25 20 26 23 26 20 26 22 21 4586 30 703 50 50 3104 59
leaf_count=168626 28 68 43 21 24 20 46 23 24 20 26 73 88 21 25 20 26 23 26 20 26 22 21 4586 30 703 50 50 3104 59
internal_value=-7.07919e-13 -0.00205646 -0.00570591 -0.0119549 -0.00770577 0.00216243 -0.00209688 0.00127842 0.00691226 0.00131427 0.00905956 0.000662196 0.0028555 -0.00438241 0.00563717 0.000820085 0.0108396 0.01494 0.0203903 -0.0118712 0.00468621 8.01696e-06 0.000915583 0.000794887 -0.010863 -1.68009e-05 -0.00167208 -0.000596615 -0.000864786 -0.00452429
internal_weight=177942 691 295 108 87 44 187 139 93 70 46 396 276 120 208 108 100 74 49 48 47 177251 4718 4696 110 172533 3907 3204 3154 80
internal_count=177942 691 295 108 87 44 187 139 93 70 46 396 276 120 208 108 100 74 49 48 47 177251 4718 4696 110 172533 3907 3204 3154 80
is_linear=0
shrinkage=0.05


Tree=220
num_leaves=31
num_cat=0
split_feature=11 6 9 9 1 4 11 5 11 10 0 2 9 11 11 10 12 4 8 7 4 12 4 7 1 11 3 9 10 10
split_gain=1.15572 3.11681 18.5853 7.1607 11.0907 6.70858 6.23473 6.06045 5.3868 6.30432 4.95279 4.58719 3.74305 3.39026 4.06303 3.10817 3.08922 3.85587 3.81752 3.12808 3.93363 3.46619 4.80866 7.6758 3.32004 2.99775 3.64385 4.20802 3.53435 3.53085
threshold=0.011687999999999964 -6.5848101596763264 0.36911975000000002 0.14015625000000001 0.11517466779052966 -0.001330377201759436 -0.014104000000000018 -7.2265905398738992 -0.023572999999999979 0.029135999999999985 0.007499999999999952 0.14610159344201903 0.23971875000000001 0.0022600000000000124 -0.0020995000000000037 -0.01079350000000001 -1.6259007607542149 -0.63605999776959943 -1.7391900421679354 -3.8673651844594188 -0.010256410256410274 -3.3120189543231695 -0.0033551930016312843 -2.690443291572802 -0.078558981821262072 -0.0017044999999999975 0.47103760831720537 0.21171575000000001 0.32282450000000013 0.25252300000000005
decision_type=2 2 2 2 2 2 2 2 2 2 2 2 2 2 2 2 2 2 2 2 2 2 2 2 2 2 2 2 2 2
left_child=1 2 3 5 6 7 10 11 -6 -10 -5 -1 13 14 -8 16 17 -2 -18 20 -19 22 23 24 -21 -3 28 -28 -27 -29
right_child=15 25 -4 4 8 -7 12 -9 9 -11 -12 -13 -14 -15 -16 -17 18 19 -20 21 -22 -23 -24 -25 -26 26 27 29 -30 -31
leaf_value=-0.0045336690358817582 0.019105447458031662 0.00013533506951267751 -0.041444433906248641 0.0041995222015040259 0.010623149721718886 -0.023141106851398946 0.02233105334664949 -0.016313582093321854 0.020748900137841704 0.055129997556408253 -0.030567092625424265 0.020389864056051012 -0.0064937142977634296 0.026814813535505286 -0.0068645706507735526 0.00025866377487050897 -0.0083932459443098028 -0.0065361145416618846 -0.0017657228955134134 0.023343053857041968 0.0055877248217991319 -0.00016246053143650766 -0.014113782532513143 0.031233936874195935 0.0021901756202884065 -0.00055614714653472413 0.007454958117058025 0.0003185019914734924 -0.015243174948604641 0.019523538307597243
leaf_weight=30 26 57507 21 21 34 30 22 28 30 24 20 48 26 36 26 62147 252 345 1577 21 83 2266 26 32 159 44306 215 8519 41 24
leaf_count=30 26 57507 21 21 34 30 22 28 30 24 20 48 26 36 26 62147 252 345 1577 21 83 2266 26 32 159 44306 215 8519 41 24
internal_value=-2.25361e-12 -9.89472e-05 0.00432899 0.0068923 0.0121043 -0.00226699 0.00388178 0.00364078 0.0262133 0.0360294 -0.0127598 0.0108039 0.0100846 0.0152159 0.00651676 0.000164101 -0.00106356 -6.47744e-05 -0.00267886 -0.00023477 -0.004185 0.000440429 0.00618054 0.00866947 0.00465801 -0.0001148 -0.000385669 0.000546323 -0.000569726 0.000372455
internal_weight=177942 111008 396 375 239 136 151 106 88 54 41 78 110 84 48 66934 4787 2958 1829 2932 428 2504 238 212 180 110612 53105 8758 44347 8543
internal_count=177942 111008 396 375 239 136 151 106 88 54 41 78 110 84 48 66934 4787 2958 1829 2932 428 2504 238 212 180 110612 53105 8758 44347 8543
is_linear=0
shrinkage=0.05


Tree=221
num_leaves=31
num_cat=0
split_feature=11 10 2 2 7 3 4 8 5 10 4 7 6 1 1 9 0 3 0 9 5 12 6 8 6 8 9 2 2 11
split_gain=1.15168 2.16133 3.12682 3.4753 3.08681 7.24923 3.34016 2.74535 2.78233 4.01146 3.63279 3.56195 5.63181 7.45755 4.04249 3.02022 2.88295 2.72861 2.62293 2.95309 2.4929 2.46277 2.29027 5.82159 5.26771 4.40073 2.23387 2.50744 2.228 2.20029
threshold=0.098041000000000031 0.32282450000000013 0.39675582885612687 -0.11450212944027104 -2.8213356987677813 0.20313023415516554 -0.30362906193774064 1.0241060565142306 -0.25793337173723846 0.065686500000000023 -0.48898560056054363 -0.93077678035838574 -2.0262161497383731 0.2675431956753665 -0.15485555039674273 0.54674700000000009 0.03467233886152022 0.22827649185851365 -0.040769230769230773 0.7864762500000001 -1.0753847156706968 0.10996854793785374 -5.4236783576855485 -3.6295390128577814 -4.8573510556152302 -3.8907777091061058 0.86242050000000015 0.0079552633469696116 -0.27488664573972627 0.13871600000000009
decision_type=2 2 2 2 2 2 2 2 2 2 2 2 2 2 2 2 2 2 2 2 2 2 2 2 2 2 2 2 2 2
left_child=-1 7 3 18 -5 6 -6 8 11 10 29 14 13 26 16 -12 -2 -4 -3 -20 -19 -9 23 -16 -24 -26 27 -13 -18 -10
right_child=1 2 17 4 5 -7 -8 21 9 -11 15 12 -14 -15 22 -17 28 20 19 -21 -22 -23 24 -25 25 -27 -28 -29 -30 -31
leaf_value=1.9712190825273237e-05 0.0077374806424128258 -0.0088625785860452135 -0.0073193609661289629 0.0021099884395620653 -0.016573086578864606 -0.035274260443236144 0.0048547046108832282 -0.025248922482132913 -0.0021038475567879884 0.0042854279368534148 0.0028050843439996246 -0.008805622593857922 -0.0017287917079758697 0.0073056115530049197 0.0092399816727265719 -0.017931290515067089 -0.018225749768316746 0.020656219889120808 0.018740396670997143 -0.0020448321338604998 -0.0004560598482688268 -0.0041618002206087112 0.019195602028904593 -0.021372674803090533 -0.020345024561642538 -0.00032550878584701036 -0.033065801421180367 -0.024842244590847537 0.0029234369426514167 0.017761143818497659
leaf_weight=173769 260 68 35 28 44 35 31 20 46 596 25 65 982 39 25 59 20 29 25 54 27 45 34 41 28 1400 20 39 33 20
leaf_count=173769 260 68 35 28 44 35 31 20 46 596 25 65 982 39 25 59 20 29 25 54 27 45 34 41 28 1400 20 39 33 20
internal_value=3.36235e-12 -0.00082084 -0.00443688 -0.00701335 -0.0127119 -0.0164847 -0.00771627 -0.00046276 -0.000285327 0.00244603 -0.00486249 -0.00096771 -0.00315745 -0.0117645 0.000394188 -0.0117598 0.00557094 0.0036323 -0.00166372 0.00453277 0.0104771 -0.0106501 -0.000666232 -0.00977697 -0.00025494 -0.000718048 -0.0177623 -0.0148194 -0.00505739 0.00391585
internal_weight=177942 4173 376 285 138 110 75 3797 3732 746 150 2986 1145 163 1841 84 313 91 147 79 56 65 1528 66 1462 1428 124 104 53 66
internal_count=177942 4173 376 285 138 110 75 3797 3732 746 150 2986 1145 163 1841 84 313 91 147 79 56 65 1528 66 1462 1428 124 104 53 66
is_linear=0
shrinkage=0.05


Tree=222
num_leaves=31
num_cat=0
split_feature=4 8 0 0 10 9 10 7 6 3 8 9 1 7 8 6 5 2 0 2 10 3 9 7 5 6 11 5 0 6
split_gain=1.12315 4.6339 3.32261 4.27861 6.17732 4.70641 5.97773 3.73312 4.93476 4.78284 3.56507 5.41524 4.24796 4.14215 3.28667 2.82542 4.30432 3.81974 3.86576 3.62206 3.08968 3.24797 3.77881 3.29977 4.58282 4.24568 3.29342 2.80111 2.79574 2.74436
threshold=-0.006276707981410278 1.0241060565142306 0.011152807505037889 -0.001296456594756412 0.20122450000000003 0.38428425000000005 0.10733149999999998 -5.161602059988339 -6.5848101596763264 0.29859026713764619 -2.1167382156052841 0.15552875000000002 0.025233526946686683 -3.9872842925641923 -4.1118639393378862 -0.10932948288293921 -7.9525120142537178 1.3466460679756804 0.21107978412861142 1.2067693090724012 -0.084122999999999976 0.31954376563384407 0.36426400000000009 -0.2824885417915563 -2.7778048608761918 0.17922085934290269 0.0039455000000000193 -4.5466352883368062 0.32043081804996215 -1.0823724596527378
decision_type=2 2 2 2 2 2 2 2 2 2 2 2 2 2 2 2 2 2 2 2 2 2 2 2 2 2 2 2 2 2
left_child=-1 2 3 -2 5 6 10 8 9 -4 11 12 -5 -13 -14 17 -17 19 27 -9 -18 23 -23 25 -25 -22 -26 -19 -21 -20
right_child=1 -3 7 4 -6 -7 -8 15 -10 -11 -12 13 14 -15 -16 16 20 18 29 28 21 22 -24 24 26 -27 -28 -29 -30 -31
leaf_value=3.4509494883861265e-05 0.010907903712433883 0.020629211744436854 0.039935525339096785 -0.029727891003962476 -0.027155358946853971 -0.024182532355189326 0.015539524207512537 -0.00033831372213629247 -0.00094269493539981977 0.0065030809896795654 -0.019378442613359956 0.011747332642284725 0.0083383093021162178 -0.0043425526879638295 -0.018391695452611084 -0.023690879473892545 -0.020831525277184404 -0.018339866570507488 0.0024972915954690213 -0.015475654624668614 0.0089103965183974006 -0.023714209796627986 -0.0035412431585674104 0.029452254688974635 -0.010736447809264065 -0.011537949480601432 0.012511325966662322 0.00073827134070860367 0.0012295050319666282 0.012203032899270553
leaf_weight=165455 39 26 20 28 33 28 39 10834 51 23 39 65 23 104 23 26 23 24 139 70 44 25 325 23 25 60 39 97 39 153
leaf_count=165455 39 26 20 28 33 28 39 10834 51 23 39 65 23 104 23 26 23 24 139 70 44 25 325 23 25 60 39 97 39 153
internal_value=-2.09985e-12 -0.000457257 -0.000501254 -0.00486747 -0.00647805 -0.00452288 -0.00280802 -0.000348582 0.00957664 0.0220531 -0.00534545 -0.00309324 -0.0143731 0.00184586 -0.00502669 -0.000426681 -0.00380023 -0.000251408 0.00446887 -0.000429556 -0.00288328 -0.00212023 -0.00498217 0.00312415 0.0103096 -0.00288673 0.00343016 -0.00304582 -0.00949858 0.00758283
internal_weight=177942 12487 12461 421 382 349 321 12040 94 43 282 243 74 169 46 11946 590 11356 413 10943 564 541 350 191 87 104 64 121 109 292
internal_count=177942 12487 12461 421 382 349 321 12040 94 43 282 243 74 169 46 11946 590 11356 413 10943 564 541 350 191 87 104 64 121 109 292
is_linear=0
shrinkage=0.05


Tree=223
num_leaves=31
num_cat=0
split_feature=2 4 0 12 8 7 0 1 11 0 1 5 10 10 2 7 3 5 5 11 0 4 7 1 7 2 8 9 4 11
split_gain=1.11 3.26694 5.78264 3.07528 6.88955 5.0375 3.95263 5.00497 5.00803 3.63902 4.00626 3.44717 3.3249 3.22826 3.44333 3.1772 3.35858 3.72065 3.66155 4.24165 4.18211 3.07245 4.53515 3.77656 5.92637 4.91289 3.49946 5.33369 4.10544 3.64645
threshold=0.06715709212859157 -0.18479055729509444 -0.12487326776435596 -0.29876123285673856 -1.3435095013519094 -0.61312286646861813 0.14701489709347296 -0.24778226798039246 0.031798499999999959 -0.27926228114907359 -0.3604751924549594 -1.2694787175243547 0.098067500000000016 0.18696450000000003 2.6832893169696033 0.049377227678574255 -0.35437982733752288 0.66878532166453941 -1.8175282291158721 -0.0015124999999999997 0.049480205839319009 -0.055908688710639191 -0.80439971133821009 0.018922659136864976 -5.161602059988339 0.047405735306412462 -3.4593828502777817 0.25932775000000002 -0.01399962164207341 -0.0054234999999999969
decision_type=2 2 2 2 2 2 2 2 2 2 2 2 2 2 2 2 2 2 2 2 2 2 2 2 2 2 2 2 2 2
left_child=21 3 -3 9 -5 -6 7 11 13 10 -2 12 -7 14 -9 -11 17 -17 19 -18 -21 -1 23 26 25 -25 27 28 -23 -28
right_child=1 2 -4 4 5 6 -8 8 -10 15 -12 -13 -14 -15 -16 16 18 -19 -20 20 -22 22 -24 24 -26 -27 29 -29 -30 -31
leaf_value=-4.9160707580403704e-05 -0.014062257343903185 -0.0049102506983902767 2.0646328943863069e-05 0.028281771256588401 -0.0078165999543168309 -0.0070325828662909642 -0.0039854668662247196 0.0031621408219292806 -0.0022228933016712952 0.00078522204116597636 0.008712030626096141 -0.00035396248008160352 -0.027969793944984028 0.022523965641856197 0.014735420074471288 -0.004161879232130807 0.001791760690034704 0.017629981854849538 0.0029291425256907375 0.0090319696496325465 0.030268566620213041 -0.0035983102469403735 -0.019248009004763197 0.0035545970978481433 -0.0006083860015230389 0.036000893060117965 0.0078436065637009535 -0.025949226486902205 -0.016315088285482487 -0.0024702312476955444
leaf_weight=89647 21 600 65884 20 255 108 549 678 370 13697 240 208 23 25 71 132 47 23 158 44 49 680 35 28 3706 20 108 31 70 415
leaf_count=89647 21 600 65884 20 255 108 549 678 370 13697 240 208 23 25 71 132 47 23 158 44 49 680 35 28 3706 20 108 31 70 415
internal_value=-2.29684e-12 0.000133258 -2.38537e-05 0.000758056 -0.000936841 -0.00119236 -0.00036107 0.000980665 0.00256187 0.00102939 0.00687962 -0.00435531 -0.0107086 0.00484915 0.00425921 0.000921476 0.00504129 -0.000928248 0.00814625 0.0140341 0.0202211 -0.000117029 -0.00131164 -0.00118753 -0.000382294 0.0170739 -0.00350565 -0.00562527 -0.00478521 -0.000340414
internal_weight=177942 83202 66484 16718 2307 2287 2032 1483 1144 14411 261 339 131 774 749 14150 453 155 298 140 93 94740 5093 5058 3754 48 1304 781 750 523
internal_count=177942 83202 66484 16718 2307 2287 2032 1483 1144 14411 261 339 131 774 749 14150 453 155 298 140 93 94740 5093 5058 3754 48 1304 781 750 523
is_linear=0
shrinkage=0.05


Tree=224
num_leaves=31
num_cat=0
split_feature=9 6 8 11 5 3 8 7 6 7 6 0 7 8 6 10 10 11 9 10 9 10 6 8 11 8 8 6 7 0
split_gain=1.1363 4.16988 6.72428 4.54612 5.7669 5.34657 3.93538 9.86157 10.9257 9.65124 8.7495 7.1379 6.13184 7.99237 6.73729 8.14708 6.36151 6.57735 6.75031 6.23684 7.45419 6.27067 6.32583 5.931 5.65646 6.18937 5.57435 5.32953 5.02389 4.97174
threshold=0.44223125000000002 -0.63063733605715522 -1.8065970405749574 -0.050169999999999985 -7.8119887130988142 0.34250614997230616 -2.0654246048930363 -1.7890794010478708 -2.0551081084748319 -2.4987968462675538 -1.1046536010634103 -0.0023081369485710708 -0.96987704204000069 -1.4634691632266139 -2.5689171234570551 0.0019674999999999836 -0.019263499999999985 0.010490999999999988 0.20056225000000003 0.020980500000000016 0.25271975000000008 0.066383500000000054 -4.3332931082008548 -0.17084875743101505 -0.028727499999999958 -2.4040843752435168 -0.56452745480880628 -0.96767415362420717 -0.6649693646102034 0.096774193548387136
decision_type=2 2 2 2 2 2 2 2 2 2 2 2 2 2 2 2 2 2 2 2 2 2 2 2 2 2 2 2 2 2
left_child=1 6 -3 -4 5 -5 7 10 -9 11 -1 -8 16 28 19 27 -11 18 -18 -15 23 -22 -23 -21 -10 -26 -20 -16 -14 -17
right_child=-2 2 3 4 -6 -7 9 8 24 12 -12 -13 13 14 15 29 17 -19 26 20 21 22 -24 -25 25 -27 -28 -29 -30 -31
leaf_value=0.00011571277594726424 -0.00016356745214423754 -0.0055344030502273598 0.01280968819202772 -0.0058134862735610589 0.00028876822827476526 -0.035257545129882474 0.0010404701192572704 -0.00614849876995981 0.01358894815325345 0.0041761839607413814 -0.0053689996954335954 -0.0028660071170849241 -0.0055044179622200321 -0.010901931048526119 0.010212941347121923 -0.0045713221399453973 0.027316806983688602 0.0021001734502646753 0.00026728042166696616 0.0046967997603739303 0.0023972382792781521 -0.03922195533290506 -0.0077829618667601607 0.032817970037460328 0.011780995101311264 -0.0016190397527430459 -0.018668698290219676 0.037451112217136789 -0.021714876316211842 0.0052182548664502088
leaf_weight=77754 66499 852 67 58 1251 21 1905 1364 76 1770 734 3028 416 198 124 238 23 8473 11226 75 137 20 80 25 94 1035 39 21 54 285
leaf_count=77754 66499 852 67 58 1251 21 1905 1364 76 1770 734 3028 416 198 124 238 23 8473 11226 75 137 20 80 25 94 1035 39 21 54 285
internal_value=3.38881e-12 9.76021e-05 -0.00203353 0.00010158 -0.000538603 -0.0136404 0.000141496 -3.53554e-05 -0.00308372 0.000650968 6.44211e-05 -0.00135742 0.00107794 -0.00183793 0.000322177 0.00367082 0.00130451 0.00104729 0.000256972 -0.00385893 0.000279094 -0.00455128 -0.0140708 0.0117271 0.00038545 -0.000503359 0.000201723 0.0141578 -0.0073669 0.000763342
internal_weight=177942 111443 2249 1397 1330 79 109194 81057 2569 28137 78488 4933 23204 1673 1203 668 21531 19761 11288 535 337 237 100 100 1205 1129 11265 145 470 523
internal_count=177942 111443 2249 1397 1330 79 109194 81057 2569 28137 78488 4933 23204 1673 1203 668 21531 19761 11288 535 337 237 100 100 1205 1129 11265 145 470 523
is_linear=0
shrinkage=0.05


Tree=225
num_leaves=31
num_cat=0
split_feature=12 6 8 11 5 7 5 10 2 9 4 6 10 7 2 3 6 3 1 11 11 2 11 7 0 9 7 6 1 8
split_gain=1.0877 6.80552 4.78766 4.39066 4.30593 8.3611 5.98687 4.70063 5.18903 4.17808 4.06236 3.74663 3.55711 7.55038 4.24389 10.2577 5.61326 5.5285 4.42992 4.23111 5.71036 6.38053 4.9979 3.4701 9.18577 6.96389 4.66087 4.69294 8.23188 5.97635
threshold=-1.8809158401072892 -0.63063733605715522 -2.7340450494586528 -0.047198500000000025 -1.4183974053972641 -2.1954268146788625 -0.521057868042614 -0.070767000000000038 -0.4750630747427757 0.29375225000000005 -0.43543200343200339 -6.5848101596763264 -0.044543999999999966 -3.4370155130043467 1.0000000180025095e-35 0.046508964010762106 -2.437877882507872 0.24174782084946259 -0.016294474616023954 0.014627499999999989 0.0065645000000000018 0.20693737854660735 -0.00053849999999999721 0.98584515841031373 0.42956891317547058 0.26883725000000003 -0.96987704204000069 -2.5429280846882292 0.47719332275726073 -1.3850018050259387
decision_type=2 2 2 2 2 2 2 2 2 2 2 2 2 2 2 2 2 2 2 2 2 2 2 2 2 2 2 2 2 2
left_child=1 4 10 -3 23 6 -6 -7 -9 -8 -2 -4 13 -12 15 16 18 -17 -14 20 21 -16 -23 24 26 -26 -1 28 -28 -29
right_child=2 3 11 -5 5 7 9 8 -10 -11 12 -13 14 -15 19 17 -18 -19 -20 -21 -22 22 -24 -25 25 -27 27 29 -30 -31
leaf_value=0.00010838241390076797 -0.026730050286278131 0.011137278720736506 -0.020729348457164384 -0.0039609635733985548 0.0006140875065137703 0.013390273420626056 -0.00060331412894261448 -0.010673743324813002 0.0034227727134147328 -0.01023875494128472 0.011064710995803279 -9.2846647740788685e-05 -0.017703973663532557 -0.021684298883304687 -0.012448952624673082 0.031759831985752836 0.013744737143660413 0.0037858549053921848 0.0090655145980417726 -0.013146644882356921 0.020189310182575828 0.018744550888928083 -0.011998184961266816 -0.015888916314853466 0.037758867316214105 0.0043044801428914073 -0.0043807426846653565 -0.0058950739212352199 -0.024331739088678261 0.0087160420457265617
leaf_weight=85697 20 50 22 1303 2497 115 215 67 2548 236 24 83736 68 66 99 38 29 33 20 119 27 39 20 34 28 35 418 142 59 138
leaf_count=85697 20 50 22 1303 2497 115 215 67 2548 236 24 83736 68 66 99 38 29 33 20 119 27 39 20 34 28 35 418 142 59 138
internal_value=-1.13558e-12 0.00011737 -0.000130201 -0.00340301 0.000169014 0.00150287 -0.000343515 0.00349669 0.0030616 -0.00564536 -0.00457322 -9.82671e-05 -0.00381182 -0.0129512 -0.00213997 0.00376513 -0.00533301 0.0187578 -0.01162 -0.00579182 -0.00106087 -0.00469223 0.00832328 8.15094e-05 8.77856e-05 0.0191731 7.38779e-05 -0.00383225 -0.00684848 0.00130612
internal_weight=177942 93582 84360 1353 92229 5678 2948 2730 2615 451 602 83758 582 90 492 188 117 71 88 304 185 158 59 86551 86517 63 86454 757 477 280
internal_count=177942 93582 84360 1353 92229 5678 2948 2730 2615 451 602 83758 582 90 492 188 117 71 88 304 185 158 59 86551 86517 63 86454 757 477 280
is_linear=0
shrinkage=0.05


Tree=226
num_leaves=31
num_cat=0
split_feature=4 3 11 7 10 0 12 10 2 4 5 1 3 2 1 0 9 11 12 10 2 3 11 7 7 0 2 9 10 12
split_gain=1.11253 3.88169 2.84921 2.57511 3.89823 3.42087 4.6244 4.39187 3.34646 3.29981 3.18593 3.16244 3.33745 2.77397 2.69611 2.61661 6.47023 3.1393 2.55659 7.64508 5.51958 3.70924 6.29197 3.75035 3.52522 3.48206 2.76741 3.14507 3.71458 3.02881
threshold=-0.40741102077687441 -0.33999687792694344 0.23900700000000002 0.66024292506549187 -0.103576 -0.079504305656852611 0.17738118058751526 0.20122450000000003 -0.4379815413276974 -0.58398009245319771 0.43171599649251019 -0.22803637939300067 2.5582579185520364 -0.0945568485273766 0.83244862779434714 0.074586625951133537 1.0298487500000002 0.085109499999999991 -2.249274539482522 -0.051857499999999994 -0.31094578180212007 -0.098690126845891665 0.0089950000000000186 -2.4147452153369859 -2.8612416888583518 0.06914961480620864 -0.3780361417424245 0.26248075000000004 0.005571000000000049 -2.2782920869723298
decision_type=2 2 2 2 2 2 2 2 2 2 2 2 2 2 2 2 2 2 2 2 2 2 2 2 2 2 2 2 2 2
left_child=1 -1 3 13 8 7 10 9 -5 -6 -7 -11 -13 14 18 -15 17 -17 19 24 21 26 23 -23 -3 -22 29 -28 -29 -21
right_child=-2 2 -4 4 5 6 -8 -9 -10 11 -12 12 -14 15 -16 16 -18 -19 -20 20 25 22 -24 -25 -26 -27 27 28 -30 -31
leaf_value=-0.0002311427540601055 -6.3009714699825722e-05 0.0045994230406358845 -0.0073613153186292864 -0.00077269551428881564 -0.00067635174707394411 0.0047752338829936819 -0.0051351497852369964 -0.020995916948757239 0.022105151728441519 -0.013092416743854529 0.023952784371795134 -0.0088316264465296019 0.0096768427322187073 0.0017097163591755266 0.017089671345427632 0.006137828634954383 -0.012280452727218685 0.020952996858156839 0.00042222369605920409 -0.00023703029252344806 0.0068249155462678504 -0.013262570113970709 0.004763640361695045 0.0031702090013358331 0.031054300327292263 0.025396969262510539 0.018082995943047783 0.020345759306413434 -0.0022180406051981998 0.018795962250706826
leaf_weight=19452 141899 20 106 33 469 67 81 36 31 131 32 60 41 2569 25 430 46 39 11232 419 159 152 127 45 34 30 55 24 76 22
leaf_count=19452 141899 20 106 33 469 67 81 36 31 131 32 60 41 2569 25 430 46 39 11232 419 159 152 127 45 34 30 55 24 76 22
internal_value=-1.03723e-12 0.000248065 0.000809909 0.000862451 -0.00162189 -0.00245456 0.0037249 -0.00396379 0.0103088 -0.0030891 0.010974 -0.00796661 -0.00131829 0.00101964 0.000686375 0.0023618 0.00561463 0.00736979 0.000653291 0.00288489 0.00199034 0.000391542 -0.00391441 -0.00950889 0.0212562 0.00977286 0.00273236 0.0084793 0.00319727 0.000712461
internal_weight=177942 36043 16591 16485 981 917 180 737 64 701 99 232 101 15504 12420 3084 515 469 12395 1163 1109 920 324 197 54 189 596 155 100 441
internal_count=177942 36043 16591 16485 981 917 180 737 64 701 99 232 101 15504 12420 3084 515 469 12395 1163 1109 920 324 197 54 189 596 155 100 441
is_linear=0
shrinkage=0.05


Tree=227
num_leaves=31
num_cat=0
split_feature=4 7 9 7 2 7 0 0 3 7 2 2 1 3 1 3 4 11 5 10 1 5 1 11 9 10 3 8 12 7
split_gain=1.09609 3.4488 4.50032 3.50304 3.09504 4.83488 2.96349 4.83516 5.28894 3.43384 5.56837 3.54802 4.54027 3.84886 3.18785 2.97875 2.68998 2.67406 3.7814 2.47199 2.34988 2.32559 2.31431 3.33481 7.17422 6.36252 3.06454 2.99502 4.6057 3.77732
threshold=-0.6808459810309947 -2.0688445654205876 0.23627550000000005 -1.913313741652017 -0.39737334052053974 -2.1727709767531702 0.12435782964012067 0.031747769540631417 -0.7708916882180048 -0.76032549382292036 -0.4379815413276974 -0.29531980140186909 -0.0073286928125637077 -0.61899456161294586 -0.10070008283787828 0.30876779478157573 -0.73747236549825124 0.11950200000000001 -0.82647059321380134 0.11919200000000006 -0.21057416437453777 -1.0402282712751203 -0.046151495204062358 -0.12171299999999995 0.95052725000000005 -0.038835000000000001 -0.58063467427324955 -0.51388435947538114 -0.39693297561935154 -0.61312286646861813
decision_type=2 2 2 2 2 2 2 2 2 2 2 2 2 2 2 2 2 2 2 2 2 2 2 2 2 2 2 2 2 2
left_child=1 2 -1 -3 -4 -6 7 22 14 10 16 13 -13 -11 19 -15 20 18 -14 21 -8 -9 23 24 -5 26 -26 -24 29 -29
right_child=-2 3 4 6 5 -7 9 8 -10 11 -12 12 17 15 -16 -17 -18 -19 -20 -21 -22 -23 27 -25 25 -27 -28 28 -30 -31
leaf_value=-0.012716344434527621 -2.5756501478975657e-05 -0.0087513150783846728 0.0025431220809626117 0.0036972695539760239 0.0077778443601377069 0.029690362061955966 -0.037624532085928052 -0.012370763562667447 0.0077165695361760839 -0.00081978700660297792 -0.000154901672154665 -0.012936843158992923 -0.003108865234298719 0.0094360904261360286 0.0073013606258771485 -0.010963654349325225 -0.0076049043719346333 -0.014316688581103727 0.014200434928878826 -0.024022943349111647 -0.014767306492380476 0.0063257113034869061 -0.0073790186771715248 0.0011645209383420571 -0.019768213688467557 -0.039427244533663211 0.0047495682239532475 0.017096116998400846 -0.0030854882188532991 -0.00088828366268509345
leaf_weight=31 170593 104 166 85 118 32 22 39 470 637 100 118 96 170 45 20 36 28 47 21 23 29 201 4196 26 23 25 61 324 56
leaf_count=31 170593 104 166 85 118 32 22 39 470 637 100 118 96 170 45 20 36 28 47 21 23 29 201 4196 26 23 25 61 324 56
internal_value=-3.76349e-12 0.000597888 0.00546348 0.000356762 0.00724695 0.0124525 0.000494083 0.000992792 0.0052183 -0.00165955 -0.00804781 -0.000623465 -0.00539254 0.00104312 -0.00354429 0.00728875 -0.0177922 -0.000186537 0.00258021 -0.00902804 -0.025942 -0.00439727 0.000482044 0.000895186 -0.00621253 -0.0175954 -0.00774969 -0.0023205 -1.49182e-05 0.0084882
internal_weight=177942 7349 347 7002 316 150 6898 5601 604 1297 181 1116 289 827 134 190 81 171 143 89 45 68 4997 4355 159 74 51 642 441 117
internal_count=177942 7349 347 7002 316 150 6898 5601 604 1297 181 1116 289 827 134 190 81 171 143 89 45 68 4997 4355 159 74 51 642 441 117
is_linear=0
shrinkage=0.05


Tree=228
num_leaves=31
num_cat=0
split_feature=3 8 7 11 0 6 12 7 7 9 2 2 0 1 8 5 6 6 2 1 7 8 0 6 8 11 10 2 6 10
split_gain=1.11451 2.57959 3.21262 3.05628 2.50099 5.30432 6.56751 10.7629 6.99239 6.0559 5.8452 5.91843 9.28166 5.1542 4.80191 4.57432 4.48047 5.99524 4.36889 4.63262 6.47571 4.17164 4.13885 4.68493 4.08131 4.08556 3.88563 3.87517 7.19421 3.86521
threshold=0.0077496821643641143 -3.8907777091061058 -5.161602059988339 0.0039455000000000193 0.10631706571963186 -3.6936295315981504 -0.68118211471338819 -0.35020035185588611 -1.2018834526036628 0.49000375000000007 0.29769889246789921 0.44350873460511092 0.21107978412861142 0.37617801936026501 -1.680672786951982 -5.5731229349565012 -2.1927448603386543 -2.084254338524707 0.21772356116337202 0.035179279346665655 -2.2662663846249846 -1.6472453153530304 0.096774193548387136 0.11646383468110381 -0.53979764942859687 0.0029249999999999836 -0.002003499999999991 0.62165111637647119 -4.5029023206443179 0.080771500000000038
decision_type=2 2 2 2 2 2 2 2 2 2 2 2 2 2 2 2 2 2 2 2 2 2 2 2 2 2 2 2 2 2
left_child=1 2 3 -1 18 10 8 16 9 24 13 12 -12 -6 -11 -15 -8 -18 29 20 -20 -16 23 -22 25 -7 -10 28 -13 -3
right_child=-2 4 -4 -5 5 6 7 -9 26 14 11 27 -14 15 21 -17 17 -19 19 -21 22 -23 -24 -25 -26 -27 -28 -29 -30 -31
leaf_value=0.023769282185557215 0.00010565981974034506 -0.00028358246279556603 -0.0032104994768912911 -0.0032369897700846198 -0.0033820022774770121 -0.0016506303135849871 -0.015997964936006512 -0.00046067744860246019 -0.0015052334403871039 -0.010471531314532215 -0.0084166407045568273 0.02707281673387827 -0.039453682112388123 0.02613735377842737 0.018574826484141143 -0.003047752544283867 0.021031455021528974 -0.0059780276797071997 0.0098693882783279854 0.00060823885873719516 -0.00011569517103354163 -0.0029324716529089876 0.020567876845598222 0.015899361396322444 -0.016241519641763985 0.0010901490964302096 0.0023438703493440043 -0.014232093409830055 -0.0098345986454777667 0.00083188508568798945
leaf_weight=22 103879 43202 987 20 731 2273 111 2367 795 226 63 23 39 29 23 25 21 949 360 3200 671 1143 28 49 39 3384 3741 43 31 9468
leaf_count=22 103879 43202 987 20 731 2273 111 2367 795 226 63 23 39 29 23 25 21 949 360 3200 671 1143 28 49 39 3384 3741 43 31 9468
internal_value=-1.75764e-12 -0.000148196 -0.00263419 0.0109092 -0.00011317 -0.000664356 -0.000432147 -0.00234852 0.000136301 -0.000844723 -0.00422111 -0.011875 -0.0202837 -0.00228083 -0.00380112 0.0126257 -0.0064822 -0.00539329 4.21503e-05 0.00157305 0.00435949 -0.00250823 0.00170767 0.000974218 -0.000122233 -1.11045e-05 0.00166926 -0.00303276 0.00588523 -8.30652e-05
internal_weight=177942 74063 1029 42 73034 16056 15072 3448 11624 7088 984 199 102 785 1392 54 1081 970 56978 4308 1108 1166 748 720 5696 5657 4536 97 54 52670
internal_count=177942 74063 1029 42 73034 16056 15072 3448 11624 7088 984 199 102 785 1392 54 1081 970 56978 4308 1108 1166 748 720 5696 5657 4536 97 54 52670
is_linear=0
shrinkage=0.05


Tree=229
num_leaves=31
num_cat=0
split_feature=1 10 12 3 6 7 11 11 9 8 6 4 6 8 2 8 4 7 6 8 11 10 6 4 3 0 9 1 7 8
split_gain=1.09215 2.53465 4.77059 4.11579 4.07287 8.5962 5.39752 3.22768 3.10728 5.96232 5.07561 10.2328 4.19977 3.10617 2.48955 2.50746 3.08507 2.94969 3.10192 3.08211 3.05233 2.82014 2.93887 3.93992 2.77265 2.75842 4.13358 7.37148 4.29221 11.1855
threshold=0.18023353200109074 0.16585850000000005 -0.3647231151969525 -0.61899456161294586 -0.41484001275879862 -0.90977502429082058 0.06857199999999998 0.16761599999999996 0.39867375000000005 -1.4883477874779734 -5.9507593418597535 -0.001330377201759436 -2.6237598175915284 -0.99145536190509842 2.6832893169696033 0.64417623718873818 -0.29080696434503267 0.66024292506549187 1.1472761162263767 -0.089535248493701564 -0.10012049999999999 0.039393500000000033 0.32982968531293849 -0.66925552100718122 -0.029318611843555161 0.018566673651217339 1.2392887500000003 -0.19482594102832992 -2.127191276474655 -2.4040843752435168
decision_type=2 2 2 2 2 2 2 2 2 2 2 2 2 2 2 2 2 2 2 2 2 2 2 2 2 2 2 2 2 2
left_child=14 -2 3 7 8 -6 -7 -3 10 12 11 -5 -10 -4 15 17 21 18 25 -19 -20 -17 23 24 -23 26 28 -28 -1 -30
right_child=1 2 13 4 5 6 -8 -9 9 -11 -12 -13 -14 -15 -16 16 -18 19 20 -21 -22 22 -24 -25 -26 -27 27 -29 29 -31
leaf_value=0.0004381279329577401 0.00031283910311265544 0.024169089774722638 0.019545604981895951 0.0028490826524303933 -0.039942192286252981 -0.027288803918583487 0.0015382013020796641 -0.0032953430007910361 -0.027774596750346381 -0.0024547324994960542 0.0036078847195954024 -0.040641187721242505 -0.0085217694583607003 0.001827472704462707 -0.0083321240681970676 -0.00082987424647349621 0.02159776749293087 -0.011860800156347363 0.011573544184544258 -0.0018672346451998048 -0.0055202108380380541 -0.0005473874104328009 0.0070044270267824926 0.0089351408273994348 -0.01550160924024466 -0.00033330640379063901 0.0015895461471115081 0.020836726164050176 -0.004566503727139167 -0.00010852951270624952
leaf_weight=45806 36902 23 27 38 24 22 62 20 43 360 261 21 83 295 91 569 20 83 28 1095 388 223 369 103 36 51759 202 66 1462 37461
leaf_count=45806 36902 23 27 38 24 22 62 20 43 360 261 21 83 295 91 569 20 83 28 1095 388 223 369 103 36 51759 202 66 1462 37461
internal_value=4.22213e-12 0.000236996 -0.00195124 -0.00372255 -0.00443376 -0.0135518 -0.00601173 0.0113949 -0.00321199 -0.00573111 0.000613932 -0.0126305 -0.0150922 0.00331315 -6.47444e-05 -5.93579e-05 0.00210953 -8.00514e-05 -5.86566e-05 -0.00257137 -0.00436967 0.00180971 0.00386433 0.00066352 -0.00262597 -4.55429e-05 0.000129691 0.00632952 0.000110081 -0.000275977
internal_weight=177942 38181 1279 957 914 108 84 43 806 486 320 59 126 322 139761 139670 1320 138350 137172 1178 416 1300 731 362 259 136756 84997 268 84729 38923
internal_count=177942 38181 1279 957 914 108 84 43 806 486 320 59 126 322 139761 139670 1320 138350 137172 1178 416 1300 731 362 259 136756 84997 268 84729 38923
is_linear=0
shrinkage=0.05


Tree=230
num_leaves=31
num_cat=0
split_feature=4 11 9 1 11 11 6 11 3 6 1 6 0 0 11 5 4 1 0 10 10 0 11 11 2 8 0 5 9 7
split_gain=1.06778 2.90394 2.5335 3.64583 2.237 3.2014 3.00049 3.00844 2.65767 2.24996 3.49714 2.71533 4.31151 4.71066 3.73699 2.44293 2.15047 2.11899 2.06105 2.59361 1.95352 2.39093 2.67171 1.84404 1.78162 1.61042 1.59673 1.62276 1.55333 1.58493
threshold=-0.79461732040710198 0.16761599999999996 0.58872900000000017 -0.21615631223153928 -0.013634499999999999 -0.0092139999999999705 -1.6503902515613429 0.022187999999999989 0.053496474759749509 0.42103195004701283 -0.21057416437453777 -0.83813213875680515 -0.1426024558905781 -0.26302858844550325 -0.086000499999999994 -0.42248903026378265 -0.84944795906032144 0.017361111111111053 -0.53088527638835437 -0.027373499999999992 0.13288350000000004 -0.15581827512037469 0.075602500000000031 0.0052489999999999768 -0.39737334052053974 1.0000000180025095e-35 -0.051887771485858873 -3.4324976795064797 0.89330300000000007 0.36053821518847923
decision_type=2 2 2 2 2 2 2 2 2 2 2 2 2 2 2 2 2 2 2 2 2 2 2 2 2 2 2 2 2 2
left_child=1 2 3 -1 8 -6 7 25 9 11 15 14 13 18 -4 16 -11 -9 -13 -20 -8 24 -23 -5 -22 -7 27 -16 -3 -30
right_child=-2 28 4 23 5 6 20 17 -10 10 -12 12 -14 -15 26 -17 -18 -19 19 -21 21 22 -24 -25 -26 -27 -28 -29 29 -31
leaf_value=-0.017928885561257896 -1.5125797087745487e-05 -0.017931279310813317 0.017952256752499219 0.0082296191089737576 0.012212458716674585 0.022898751836536186 0.00058473890595241065 -0.0024464692691700501 0.011733398727345759 0.0051706839858259006 -0.012482981139328331 -0.020689781089313328 0.0003314657703466604 -0.024690693934277006 0.012824802898318955 0.0096653442451016484 -0.012805209674739413 0.016133064971793266 -0.014255942475883236 0.0031954897179578747 0.0066526148186334556 0.0047784647413159484 -0.011714500219504527 -0.0086808651619191685 0.021227161450466762 0.0059407151925067112 -0.0079126244975773041 -0.0016047237740297402 0.0039542332923571981 -0.010888257344737902
leaf_weight=41 175269 26 29 38 83 42 1196 57 41 41 32 20 136 49 27 121 28 21 33 60 166 73 37 28 24 21 61 70 35 37
leaf_count=41 175269 26 29 38 83 42 1196 57 41 41 32 20 136 49 27 121 28 21 33 60 166 73 37 28 24 21 61 70 35 37
internal_value=3.14612e-12 0.000991801 0.00131331 -0.00621891 0.00163987 0.00263256 0.00214684 0.00911949 -0.000642807 -0.00136052 0.00280857 -0.00326885 -0.00623247 -0.0117429 0.00145393 0.00538399 -0.00212388 0.00255571 -0.00612843 -0.00299695 0.00148966 0.00509726 -0.000769169 0.00105547 0.00849361 0.0172461 -0.00157425 0.00241174 -0.00745592 -0.00367316
internal_weight=177942 2673 2575 107 2468 1720 1637 141 748 707 222 485 298 162 187 190 69 78 113 93 1496 300 110 66 190 63 158 97 98 72
internal_count=177942 2673 2575 107 2468 1720 1637 141 748 707 222 485 298 162 187 190 69 78 113 93 1496 300 110 66 190 63 158 97 98 72
is_linear=0
shrinkage=0.05


Tree=231
num_leaves=31
num_cat=0
split_feature=7 9 5 4 0 5 6 1 2 2 4 3 10 2 5 4 6 3 1 11 10 4 8 6 7 0 11 7 8 6
split_gain=1.04346 2.38044 2.51943 2.87836 2.99184 3.85382 2.12032 3.11951 3.24416 2.79728 2.128 1.55724 2.32865 2.20361 2.55756 1.84671 2.63932 2.63428 2.50162 1.91215 1.60634 1.49543 1.4076 5.43867 5.35499 4.14101 3.97611 3.90632 7.52622 3.93629
threshold=1.2644557469035156 1.1100262500000002 -0.78434578135997179 -0.17836257309941519 -0.17174442398507631 0.99193099663571227 -1.5660795343629019 -0.49055328913819474 -0.23779254804395447 0.14610159344201903 -0.19155941792056094 0.83577088552578271 -0.01079350000000001 1.2067693090724012 1.4814305384966715 -0.37202013521457961 0.93084322875214942 -0.30576571469107222 -0.28738031486979582 -0.018134499999999967 0.026345000000000025 -0.064807407407407411 0.21788759242743436 -4.7861466191853337 -1.2194443748768535 0.078995315944867875 -0.0031425000000000198 0.098584096621569903 -0.45807636159734827 0.25395204702147584
decision_type=2 2 2 2 2 2 2 2 2 2 2 2 2 2 2 2 2 2 2 2 2 2 2 2 2 2 2 2 2 2
left_child=22 2 6 4 -4 -6 21 -8 -9 -10 -11 12 -3 -13 20 16 17 -14 19 -18 -15 -2 27 -24 25 26 -25 29 -29 -1
right_child=1 11 3 -5 5 -7 7 8 9 10 -12 13 15 14 -16 -17 18 -19 -20 -21 -22 -23 23 24 -26 -27 -28 28 -30 -31
leaf_value=5.0963406083431726e-05 -0.018346722197851963 -0.0053712082889807583 -0.016788542230050406 -0.028033813417312647 -0.01175128930869202 0.017966828104108573 -0.0093495316003732714 0.022860523339603908 -0.012621708198760948 0.020697217416018251 -0.00099646765380524672 -0.012042513794685697 0.0020544755656423199 0.0045418353751301771 0.01404330414146758 0.018033734451979401 0.0031875863820314404 -0.018397441040724518 -0.0058533554803580044 0.020504070210947911 -0.01483327011861231 -0.00044564606621861464 0.025661812616850844 -0.022901841359479088 0.0010049244198608038 -0.026000618562102319 0.0024324494540312533 -0.0070409019156076145 -0.00069706227176988841 -0.001893567137092088
leaf_weight=165982 28 68 43 21 24 20 46 23 24 20 26 51 74 20 26 25 25 20 20 44 23 20 22 21 4586 30 59 543 3364 2644
leaf_count=165982 28 68 43 21 24 20 46 23 24 20 26 51 74 20 26 25 25 20 20 44 23 20 22 21 4586 30 59 543 3364 2644
internal_value=8.7572e-13 -0.0019392 -0.00533934 -0.0114196 -0.00740921 0.00175695 -0.00182777 0.00130093 0.00656889 0.00121593 0.00843557 0.000593723 0.00266118 -0.00416142 0.00166373 0.00528715 0.00354581 -0.002297 0.00971687 0.01423 -0.00582159 -0.0108879 7.55984e-06 0.000859623 0.000743429 -0.0101586 -0.0042178 -1.57402e-05 -0.00157874 2.04738e-05
internal_weight=177942 691 295 108 87 44 187 139 93 70 46 396 276 120 69 208 183 94 89 69 43 48 177251 4718 4696 110 80 172533 3907 168626
internal_count=177942 691 295 108 87 44 187 139 93 70 46 396 276 120 69 208 183 94 89 69 43 48 177251 4718 4696 110 80 172533 3907 168626
is_linear=0
shrinkage=0.05


Tree=232
num_leaves=31
num_cat=0
split_feature=4 3 2 11 3 8 10 6 3 1 11 6 6 1 4 6 2 2 0 1 5 11 3 1 10 3 0 8 10 8
split_gain=1.04705 3.58098 3.22614 6.89463 5.91642 5.28759 4.46277 4.24189 4.97116 3.88309 3.76923 3.56682 3.2004 3.79631 3.40613 5.38233 3.19592 3.48582 5.74231 5.32726 3.13701 3.12941 3.09706 2.93073 2.92032 2.91463 3.45773 3.25938 3.16609 2.94859
threshold=-0.46905418840353141 -0.33999687792694344 -0.28175426463808195 0.048109999999999993 -0.21051858948604626 1.0000000180025095e-35 0.093330999999999983 -4.3730148619561167 -0.1898116481734812 -0.49055328913819474 -0.10012049999999999 0.77048256514291291 -0.75400570621551355 -0.040133351799796151 -0.54983290641900473 0.51988823891391789 -0.22677087777032925 1.5576432820319142 -0.35143030079738929 0.010539372670344662 0.33094780050565603 0.020424500000000016 0.37929897188608869 0.069807739297391716 0.061084500000000021 -0.0040207250922096862 -0.1779638406019933 -1.5262211042627476 0.060433999999999995 -1.1710170207348105
decision_type=2 2 2 2 2 2 2 2 2 2 2 2 2 2 2 2 2 2 2 2 2 2 2 2 2 2 2 2 2 2
left_child=1 -1 4 5 -3 7 10 -4 -9 21 -7 -8 13 -6 -14 -16 -12 19 -19 -18 22 -10 25 -24 -5 -11 28 -28 -27 -29
right_child=-2 2 3 24 12 6 11 8 9 20 16 -13 14 -15 15 -17 17 18 -20 -21 -22 -23 23 -25 -26 26 27 29 -30 -31
leaf_value=-0.00017414910290414678 -5.1712920376261704e-05 0.002475719781435575 0.026276299628344452 -0.007516126581230337 -0.0023470802622560689 0.014841955467272783 0.0043839431935538574 0.0012580624583659753 -0.0090511666779554845 0.0055582384765401928 0.0089908142894822764 0.027350692806596105 0.0022818460914970666 0.0027610231333281537 -0.00014393216425378342 -0.013931703403305132 -0.0027133899433792515 0.027033291319790095 -0.003154105503112078 -0.015530842194771945 0.014166085250170915 0.012992738719497408 0.0019054941081792451 0.015412774847143077 -0.00013351822700521693 0.026676219547141135 -0.0073097662434780178 0.028652878637824744 0.0058892899407790265 0.0081766279838996498
leaf_weight=16659 150570 2297 22 206 2559 32 73 865 69 367 53 22 1384 424 400 86 395 23 50 102 131 21 460 44 383 62 28 21 26 108
leaf_count=16659 150570 2297 22 206 2559 32 73 865 69 367 53 22 1384 424 400 86 395 23 50 102 131 21 460 44 383 62 28 21 26 108
internal_value=-2.82654e-12 0.000284466 0.000997626 0.00222677 0.000385119 0.00320559 -0.000424901 0.0044299 0.00421164 0.00612251 -0.00189377 0.00970256 -0.000604395 -0.00162102 0.00101731 -0.00258374 -0.00275339 -0.00384539 0.00635699 -0.00534393 0.00684642 -0.00390759 0.00598721 0.0030847 -0.00271555 0.00837751 0.0126007 0.00815358 0.0205346 0.01151
internal_weight=177942 27372 10713 3563 7150 2974 750 2224 2202 1337 655 95 4853 2983 1870 486 623 570 73 497 1247 90 1116 504 589 612 245 157 88 129
internal_count=177942 27372 10713 3563 7150 2974 750 2224 2202 1337 655 95 4853 2983 1870 486 623 570 73 497 1247 90 1116 504 589 612 245 157 88 129
is_linear=0
shrinkage=0.05


Tree=233
num_leaves=31
num_cat=0
split_feature=0 7 9 8 11 10 6 0 9 7 9 10 0 4 4 3 10 11 2 2 12 1 2 2 3 10 6 5 9 6
split_gain=1.03078 2.48999 3.11752 2.69147 4.00744 2.73453 2.39058 2.28483 2.32876 2.2783 2.26384 2.22489 2.34394 2.19311 3.36756 3.1567 2.43839 3.68856 2.90888 2.43671 2.15531 2.14269 2.50369 2.08575 2.33694 2.03038 2.02667 3.00122 3.16964 6.87828
threshold=0.36400549450549452 -0.2824885417915563 0.12638750000000001 -0.40272694786548607 0.021469499999999978 0.14147450000000009 -0.5960951798687254 0.42956891317547058 0.72047050000000012 -1.1172873364775924 0.56270475000000009 0.050786499999999964 0.39160396398193326 -0.10284477671470353 -0.006276707981410278 0.72547424621965828 0.0050005000000000197 0.027580000000000052 0.16367439777838713 0.4233230016324156 -0.91669722716217106 0.11947685428400391 0.53113809446909521 1.3466460679756804 0.58497466732496373 0.062319499999999979 -2.084254338524707 -8.7186660084919314 0.34528650000000005 -3.5918804779218889
decision_type=2 2 2 2 2 2 2 2 2 2 2 2 2 2 2 2 2 2 2 2 2 2 2 2 2 2 2 2 2 2
left_child=-1 3 -3 4 5 23 11 8 -8 10 -6 12 -5 16 19 20 -11 -18 -19 -15 -16 -13 -23 24 -2 -20 27 -4 -29 -30
right_child=1 2 26 6 9 -7 7 -9 -10 13 -12 21 -14 14 15 -17 17 18 25 -21 -22 22 -24 -25 -26 -27 -28 28 29 -31
leaf_value=-1.8623659245018165e-05 0.0024374889186163408 0.019504444971680641 0.009724347611829158 0.0018770381442404221 0.004681868814662391 -0.014419034112857103 0.010035967292345089 0.0085848621505481958 -0.0090158873619863161 -0.012087670289911331 -0.014823949713969515 -0.0092567107640206814 -0.015205522498745525 0.028745131114673979 0.0056260990179990509 0.015329265278184191 0.026469487734138965 0.010056197502251183 -0.016228854989943406 0.012800606392214404 -0.01300110414546604 0.016260213659455378 -0.0035573564880691912 0.0097323943716096321 -0.0051345430697177273 0.0032825818036993346 0.00012609141681044878 0.002427408273421949 -0.036148559231230101 -0.0062385068808355907
leaf_weight=173780 485 20 31 28 51 27 23 88 53 20 21 38 71 37 44 53 20 70 24 68 24 30 34 74 129 30 2367 62 23 117
leaf_count=173780 485 20 31 28 51 27 23 88 53 20 21 38 71 37 44 53 20 70 24 68 24 30 34 74 129 30 2367 62 23 117
internal_value=-8.57397e-13 0.000777612 -0.000160619 0.00237175 0.00353502 0.0011898 -0.0013794 0.00310032 -0.00325019 0.00716453 -0.00100733 -0.0050345 -0.0103741 0.00867318 0.0118672 0.00618159 0.00427168 0.00654381 0.00332999 0.0184192 -0.000948208 0.000148052 0.00573213 0.00180236 0.000846622 -0.00538917 -0.000311888 -0.00476124 -0.00698427 -0.0111523
internal_weight=177942 4162 2620 1542 1177 715 365 164 76 462 72 201 99 390 226 121 164 144 124 105 68 102 64 688 614 54 2600 233 202 140
internal_count=177942 4162 2620 1542 1177 715 365 164 76 462 72 201 99 390 226 121 164 144 124 105 68 102 64 688 614 54 2600 233 202 140
is_linear=0
shrinkage=0.05


Tree=234
num_leaves=31
num_cat=0
split_feature=3 1 10 0 4 2 9 2 3 9 7 9 8 2 11 6 1 7 5 1 5 9 0 11 12 6 8 5 8 0
split_gain=1.01524 2.48807 3.17591 3.89647 3.51711 5.33451 4.83149 4.32649 3.51971 3.45953 4.82359 3.34304 5.20034 4.89958 3.70358 3.28385 3.43564 3.39551 3.18369 3.17 3.72826 3.03727 3.0341 3.62594 5.6443 3.57366 3.23486 5.61047 3.73105 3.46197
threshold=0.0077496821643641143 -0.067168316051729002 0.086586500000000025 -0.011609019153595966 -0.38491314764899665 0.10000813140348032 0.55466700000000013 -0.30295008619294944 -0.26180370098491768 0.37400475000000005 -2.4502732085992975 0.61242425000000011 -1.0587110563827571 -0.19070936193706126 0.037940499999999995 -3.6315628437797045 -0.09789968735160047 -2.3357687115783139 -4.5180120028750066 -0.24778226798039246 -2.2708091899495169 0.35620075000000001 -0.024386170715414542 -0.0049559999999999873 -2.0787198041150625 -2.1250529061090968 -2.4040843752435168 -2.160187674538868 -2.4370263085708488 -0.093412666871962188
decision_type=2 2 2 2 2 2 2 2 2 2 2 2 2 2 2 2 2 2 2 2 2 2 2 2 2 2 2 2 2 2
left_child=1 2 -1 4 7 -6 -7 -4 21 15 -11 19 13 -13 -14 -5 17 -17 -19 -10 -21 -9 23 24 26 -26 27 28 -3 -28
right_child=-2 22 3 9 5 6 -8 8 11 10 -12 12 14 -15 -16 16 -18 18 -20 20 -22 -23 -24 -25 25 -27 29 -29 -30 -31
leaf_value=-4.9574892604551995e-05 0.0001008445679775698 0.0047721118445443952 0.002621873613854775 -0.0032002163626087682 0.0038983120821656498 0.0072612610962500589 0.035547063528345184 0.013699981055106038 0.0066449024415175841 -0.013731695331532408 -0.00071157714540766737 0.036021055811299732 0.0070631498167942099 0.0058784603141248228 -0.013190968232529779 -0.0048442636502155087 0.019774755401042059 0.025918600676581267 0.0042727616229006711 -0.0013774309053751794 -0.02290614078442256 -0.0044520593944789013 -0.00017480045009649948 -0.0018618480330148922 -0.0040580486373608497 0.00061171694031028829 0.022162624450866135 -0.010248132673420394 -0.013682224042713643 0.0059785220399498941
leaf_weight=25098 103879 493 2104 87 799 36 26 24 56 74 1837 26 83 28 31 57 50 25 53 61 30 579 34097 6265 687 1015 40 83 29 190
leaf_count=25098 103879 493 2104 87 799 36 26 24 56 74 1837 26 83 28 31 57 50 25 53 61 30 579 34097 6265 687 1015 40 83 29 190
internal_value=-2.88037e-12 -0.000141442 0.000198572 0.00122528 0.00217544 0.00499463 0.019123 0.00137222 -0.00149191 -0.000464817 -0.00121576 0.00279166 0.00760992 0.0203916 0.00155545 0.00481109 0.00857857 0.00443184 0.0112105 -0.00271492 -0.00847481 -0.00372959 -0.000388446 -0.00121606 0.000378679 -0.0012732 0.00374574 0.0018269 0.00374687 0.00879315
internal_weight=177942 74063 31164 6066 3883 861 62 3022 918 2183 1911 315 168 54 114 272 185 135 78 147 91 603 42899 8802 2537 1702 835 605 522 230
internal_count=177942 74063 31164 6066 3883 861 62 3022 918 2183 1911 315 168 54 114 272 185 135 78 147 91 603 42899 8802 2537 1702 835 605 522 230
is_linear=0
shrinkage=0.05


Tree=235
num_leaves=31
num_cat=0
split_feature=4 0 1 12 5 7 2 12 7 10 9 5 3 12 2 1 1 2 10 2 5 11 1 1 9 8 7 12 3 11
split_gain=1.04962 2.71644 3.57247 4.62702 4.7817 4.4505 3.58522 3.70056 3.37245 6.26519 3.32609 3.0301 2.7988 3.49055 2.73248 2.69718 3.02727 3.12976 4.38489 3.7445 2.64726 3.473 3.9726 3.08433 2.94151 4.74293 2.92299 2.90965 3.45686 3.91693
threshold=-0.092435408751648171 -0.037250469648380462 0.02202539955162686 -2.1058209198596631 -2.6312767205544687 -3.5964930703360429 0.3656121814559718 -0.7669701475941002 -3.1258083366463616 0.030172499999999994 0.27525025000000009 -3.236304889434416 0.1755056574802866 -2.8015250440686637 0.030081956602150076 -0.0056396278343914244 1.0000000180025095e-35 0.13480463364892739 0.027739500000000004 0.081995805709646943 -6.8616530440599988 -0.020214000000000006 0.1003982233481804 0.048435331085194384 0.45133500000000004 -2.0010649563321201 -3.5964930703360429 -2.0423138505717531 0.31954376563384407 -0.00053849999999999721
decision_type=2 2 2 2 2 2 2 2 2 2 2 2 2 2 2 2 2 2 2 2 2 2 2 2 2 2 2 2 2 2
left_child=-1 2 3 4 12 -6 20 11 -7 -10 -11 -8 -2 14 -14 -15 -17 19 -19 -18 26 22 23 -22 27 -26 -4 -23 -29 -30
right_child=1 -3 6 -5 5 8 7 -9 9 10 -12 -13 13 15 -16 16 17 18 -20 -21 21 24 -24 -25 25 -27 -28 28 29 -31
leaf_value=8.7864248545406245e-05 -0.0031764776460545064 -8.198560336880637e-05 0.0037015240591688038 -0.0075419984493319964 -0.0073461747540730154 0.023395802361514183 0.0066116876162551005 -0.015091950143687428 -0.0028049453346863052 0.033502165660262109 0.0089900984518950979 -0.0016876342329776026 0.013996932645552332 -0.0063421088707595816 0.0032706360490242547 0.018708394061272535 0.00088064108506863035 -0.0044991272102509229 0.024625898279191462 -0.024877409823238852 0.00071870385306990812 -0.0039815650362007753 -0.0040901797995167343 0.020167330528629273 -0.031135994100865601 -0.0059655211657723963 -0.011397097359618379 0.0099748320248641692 0.011425594771459985 -0.006759500140854257
leaf_weight=116797 375 57340 39 154 36 47 223 32 66 25 31 217 79 149 239 26 43 28 24 21 36 1254 76 47 24 85 180 87 39 123
leaf_count=116797 375 57340 39 154 36 47 223 32 66 25 31 217 79 149 239 26 43 28 24 21 36 1254 76 47 24 85 180 87 39 123
internal_value=-3.4618e-13 -0.000167835 -0.00146156 0.000612797 0.00166901 0.00861591 -0.0025931 0.00132468 0.0120161 0.00763214 0.019933 0.00251861 0.00022174 0.00231424 0.00593534 -0.00164285 0.00328807 -0.000168207 0.00894319 -0.00757122 -0.00352234 -0.00288105 0.00416908 0.0117318 -0.00357644 -0.0115076 -0.0087083 -0.00300126 0.0019357 -0.00238161
internal_weight=177942 61145 3805 1343 1189 205 2462 472 169 122 56 440 984 609 318 291 142 116 52 64 1990 1771 159 83 1612 109 219 1503 249 162
internal_count=177942 61145 3805 1343 1189 205 2462 472 169 122 56 440 984 609 318 291 142 116 52 64 1990 1771 159 83 1612 109 219 1503 249 162
is_linear=0
shrinkage=0.05


Tree=236
num_leaves=31
num_cat=0
split_feature=12 6 8 11 5 7 5 10 9 2 9 4 6 7 5 9 2 3 6 7 6 11 11 4 0 3 2 12 11 6
split_gain=1.01416 6.08107 4.29021 3.91509 3.86882 7.6339 5.39103 4.48756 4.53338 4.08337 3.78487 3.6479 3.42841 4.28073 3.44787 5.26864 3.41055 4.09071 3.40264 3.36885 5.56287 3.93268 3.70334 14.3829 5.14123 4.81593 3.79136 3.51925 4.5589 3.36377
threshold=-1.8809158401072892 -0.63063733605715522 -2.7340450494586528 -0.047198500000000025 -1.4183974053972641 -2.1954268146788625 -0.521057868042614 -0.0087525000000000502 0.35460025000000001 -0.4750630747427757 0.29375225000000005 -0.43543200343200339 -0.88972795725362552 -1.8765470533813149 -2.1825179938777137 0.34983825000000007 1.2067693090724012 1.0743005087374966 -6.5848101596763264 -0.95026047370367306 -0.20693699860562828 -0.01626049999999998 0.046772000000000015 -0.12532558793705498 0.041920994165487231 0.1678374009996845 -0.17237794120844555 -2.4054188721464254 0.03052150000000001 -0.8114184081785224
decision_type=2 2 2 2 2 2 2 2 2 2 2 2 2 2 2 2 2 2 2 2 2 2 2 2 2 2 2 2 2 2
left_child=1 4 11 -3 12 6 -6 8 29 -9 -8 -2 16 -14 -15 -16 -1 -18 -4 22 -21 -22 24 -24 25 26 -5 28 -23 -7
right_child=2 3 18 19 5 7 10 9 -10 -11 -12 -13 13 14 15 -17 17 -19 -20 20 21 27 23 -25 -26 -27 -28 -29 -30 -31
leaf_value=0.00011261439167728348 -0.025327732441946867 0.010515877388417721 -0.019756679871881552 -0.0046518684070216516 0.00057092916610793196 0.010050105324173171 -0.00056994940988113027 -0.011457550968043507 0.0018075496392945447 0.0027188024149875532 -0.0097407759423762327 -0.0036100773579658338 -0.010762330845458599 -0.0032228767378975997 0.026393572520464662 -0.0031908345148515178 -0.020395582476207479 0.0028923669237304818 -9.0327408665712508e-05 0.019857520841555121 -0.018353018828577573 0.01703817096065011 0.0041891480686471741 -0.045212714366901385 -0.00050009844521254438 -0.0025097422500360098 -0.017080560675543362 -0.0040187927353847177 -0.0056893843174394641 0.029598149765903754
leaf_weight=85974 20 50 22 97 2497 265 215 52 195 2194 236 582 161 278 27 34 44 33 83736 34 31 57 34 26 442 221 167 158 36 24
leaf_count=85974 20 50 22 97 2497 265 215 52 195 2194 236 582 161 278 27 34 44 33 83736 34 31 57 34 26 442 221 167 158 36 24
internal_value=-7.65529e-13 0.000113333 -0.000125722 -0.0032144 0.000162151 0.00142649 -0.000337772 0.00333164 0.00769857 0.00239059 -0.00536887 -0.00433159 7.92064e-05 -0.00404911 -0.000860831 0.0099039 0.000103194 -0.010415 -9.5493e-05 -0.00374127 0.000751901 -0.00155161 -0.00517982 -0.0172183 -0.00440063 -0.00795534 -0.012514 0.000523461 0.00824041 0.0116735
internal_weight=177942 93582 84360 1353 92229 5678 2948 2730 484 2246 451 602 86551 500 339 61 86051 77 83758 1303 316 282 987 60 927 485 264 251 93 289
internal_count=177942 93582 84360 1353 92229 5678 2948 2730 484 2246 451 602 86551 500 339 61 86051 77 83758 1303 316 282 987 60 927 485 264 251 93 289
is_linear=0
shrinkage=0.05


Tree=237
num_leaves=31
num_cat=0
split_feature=1 7 8 4 11 10 8 6 6 10 8 3 3 10 6 8 9 6 4 5 7 2 6 9 11 7 10 1 9 11
split_gain=1.02393 2.69472 7.38596 5.79953 3.93536 3.66466 4.21118 3.2585 4.13192 3.08011 3.64383 3.56389 3.67135 4.54532 3.23848 3.17194 5.31389 3.7086 3.55497 3.04193 3.32104 2.99327 2.96385 4.12352 7.76859 4.78195 8.69943 6.255 5.16315 5.41694
threshold=0.2675431956753665 -2.0215811488719657 -0.91730428963470911 -1.0000000180025095e-35 0.048109999999999993 0.059163500000000015 0.15524912018873674 -2.084254338524707 -2.7477975541040554 0.0050005000000000197 -2.7592171387975371 0.057017543859649085 -0.34703571857726501 -0.051857499999999994 -1.1046536010634103 -1.3578622223585761 0.18805400000000003 -2.2625443800691816 -0.028368794326241117 -4.855065126219027 -2.4147452153369859 0.50312695556946196 -3.3573293237691466 0.14015625000000001 0.0044269999999999735 -0.95026047370367306 0.016362499999999978 0.33745219502973728 0.26733925000000008 0.015119499999999982
decision_type=2 2 2 2 2 2 2 2 2 2 2 2 2 2 2 2 2 2 2 2 2 2 2 2 2 2 2 2 2 2
left_child=-1 2 9 4 5 7 -7 8 -4 11 -11 12 -2 -14 -12 16 -13 21 -19 20 -15 -18 23 24 -3 28 -27 -28 29 -25
right_child=1 22 3 -5 -6 6 -8 -9 -10 10 14 15 13 19 -16 -17 17 18 -20 -21 -22 -23 -24 25 -26 26 27 -29 -30 -31
leaf_value=-4.6888205078215601e-05 -0.012260162894074854 -0.014276477659032458 -0.0087623356518545942 0.012159229405369842 0.005420711234744106 -0.024134880317499417 0.0012823044741526247 -0.024032187803337973 0.013784802919970111 0.0050882437751836387 5.0200904507489348e-05 -0.028258549830033664 0.020086016746548318 0.027446307853928639 -0.017321812875430893 -0.015388810094140594 -0.0029317177246497629 0.0005365360451778814 -0.013840885430108758 -0.0017529133413483602 -0.00067351372646433979 0.0057332345368324104 0.00076633045542095709 0.0018614109463827766 0.023278405852615834 -0.023999528997186301 0.015199579859806881 -0.007832563815574194 0.00084245466588301829 -0.031159271434363391
leaf_weight=154353 38 21 93 32 35 88 20 24 26 374 4200 21 39 21 27 61 340 67 120 158 21 141 16754 23 40 69 37 145 527 27
leaf_count=154353 38 21 93 32 35 88 20 24 26 374 4200 21 39 21 27 61 340 67 120 158 21 141 16754 23 40 69 37 145 527 27
internal_value=4.27422e-13 0.00030681 -0.000613736 -0.00802726 -0.0102859 -0.012476 -0.019428 -0.00722563 -0.00383607 -0.000194849 0.000357783 -0.00267066 0.00217595 0.00447123 -6.0763e-05 -0.00446067 -0.00349316 -0.00271461 -0.00868962 0.00142634 0.0133864 -0.00039168 0.00061705 -0.00219628 0.0103497 -0.00312055 -0.00888169 -0.0031502 -0.000614409 -0.0159698
internal_weight=177942 23589 5946 318 286 251 108 143 119 5628 4601 1027 277 239 4227 750 689 668 187 200 42 481 17643 889 61 828 251 182 577 50
internal_count=177942 23589 5946 318 286 251 108 143 119 5628 4601 1027 277 239 4227 750 689 668 187 200 42 481 17643 889 61 828 251 182 577 50
is_linear=0
shrinkage=0.05


Tree=238
num_leaves=31
num_cat=0
split_feature=4 8 0 0 10 9 10 7 1 6 8 9 7 1 8 7 6 5 2 0 2 10 5 3 12 11 10 9 7 0
split_gain=1.01219 4.08965 2.87625 3.81233 5.34791 4.14723 5.37627 3.46031 4.56142 4.90945 3.09865 4.84142 3.73466 3.72024 2.9659 2.51604 2.42382 3.67111 3.35909 3.38216 3.25019 2.78974 3.11428 2.53517 4.65179 2.7359 2.70775 2.58736 3.29888 2.75139
threshold=-0.006276707981410278 1.0241060565142306 0.011152807505037889 -0.001296456594756412 0.20122450000000003 0.38428425000000005 0.10733149999999998 -5.161602059988339 0.19708282468075203 -5.9507593418597535 -2.1167382156052841 0.15552875000000002 -3.9872842925641923 0.025233526946686683 -4.2364317837165881 -2.8476942511772272 -0.10932948288293921 -8.2771019076722734 1.3466460679756804 0.21107978412861142 1.2067693090724012 -0.084122999999999976 -6.5598797082225415 0.95709903593339185 -1.8150460614915278 0.16761599999999996 0.016777500000000004 0.30726150000000002 -2.7822001429216692 0.083485406017416178
decision_type=2 2 2 2 2 2 2 2 2 2 2 2 2 2 2 2 2 2 2 2 2 2 2 2 2 2 2 2 2 2
left_child=-1 2 3 -2 5 6 10 8 9 -4 11 13 -13 -5 -15 -14 18 -18 20 -20 23 -19 -23 24 25 -9 -26 29 -29 -25
right_child=1 -3 7 4 -6 -7 -8 16 -10 -11 -12 12 15 14 -16 -17 17 21 19 -21 -22 22 -24 27 26 -27 -28 28 -30 -31
leaf_value=3.2760565593970067e-05 0.010353198279746068 0.019375435119638077 0.02969218674381929 -0.027970729446003262 -0.02529722280786232 -0.022693707880430989 0.014770908758808404 1.5014081604767603e-05 -0.0047580559217345183 -4.5177360753650251e-05 -0.018118367579359657 0.011136124807481584 -0.0085167439966875157 0.008997866542388995 -0.016490816317498682 0.0096828495711088185 -0.023115757115833139 -0.019795542372309644 -0.0028486706920676243 0.0070929713082565184 -0.0090041564632241337 0.016410128670659933 -0.0027943112035367541 0.0016707166354171931 -0.0058821667518093833 -0.014198243952191929 -0.0016193779104277041 0.017622842649753029 0.0023474660865694312 -0.017175037856556146
leaf_weight=165455 39 26 35 28 33 28 39 8071 36 23 39 65 79 21 25 25 23 23 121 292 109 22 522 45 522 34 1301 37 790 34
leaf_count=165455 39 26 35 28 33 28 39 8071 36 23 39 65 79 21 25 25 23 23 121 292 109 22 522 45 522 34 1301 37 790 34
internal_value=-1.9562e-12 -0.000434083 -0.000475416 -0.00453778 -0.00605807 -0.00423889 -0.00262913 -0.000333368 0.00922231 0.0178998 -0.00503552 -0.0029358 0.0017343 -0.0136013 -0.00485468 -0.00414184 -0.000408559 -0.00353317 -0.000246221 0.00418029 -0.000413282 -0.00273881 -0.00201766 -0.00032685 -0.000557903 -4.46097e-05 -0.00283999 0.00220505 0.00303089 -0.00644011
internal_weight=177942 12487 12461 421 382 349 321 12040 94 58 282 243 169 74 46 104 11946 590 11356 413 10943 567 544 10834 9928 8105 1823 906 827 79
internal_count=177942 12487 12461 421 382 349 321 12040 94 58 282 243 169 74 46 104 11946 590 11356 413 10943 567 544 10834 9928 8105 1823 906 827 79
is_linear=0
shrinkage=0.05


Tree=239
num_leaves=31
num_cat=0
split_feature=2 0 4 3 10 0 1 7 4 6 11 9 9 10 9 0 5 5 4 10 4 4 12 4 11 5 11 3 9 7
split_gain=0.991548 2.96822 5.37852 3.57321 3.54752 3.44379 3.96715 3.60651 6.71566 4.07753 3.465 7.82648 4.0409 3.99914 4.80691 3.44162 3.32601 4.09213 4.81621 3.31931 3.1731 3.10522 7.26394 3.79837 3.01726 2.91768 4.68665 3.54314 4.30477 3.49511
threshold=0.06715709212859157 -0.045571268459915597 -0.075555555555555529 1.175444448345681 0.030822000000000006 -0.26302858844550325 -0.3604751924549594 -1.450593567641089 -0.18938579670892411 -1.3702460123529527 0.050944499999999983 0.57110225000000014 0.50569675000000014 0.081930999999999962 0.25768875000000008 -0.19155758489531574 -2.0926198919461378 -2.9846038029207134 -0.1599412861899778 0.11409999999999998 -0.10758989773136339 -0.085346589922717361 0.17738118058751526 -0.10128068448963971 -0.039686999999999938 -2.8798721575230819 -0.16932099999999997 -0.2053922533682653 0.14878600000000003 -0.73605716289561174
decision_type=2 2 2 2 2 2 2 2 2 2 2 2 2 2 2 2 2 2 2 2 2 2 2 2 2 2 2 2 2 2
left_child=-1 2 5 -4 -5 6 -2 10 24 -10 12 16 13 15 -15 -7 17 20 -19 -18 -12 22 25 -24 -9 26 -3 28 -28 -29
right_child=1 21 3 4 -6 7 -8 8 9 -11 11 -13 -14 14 -16 -17 19 18 -20 -21 -22 -23 23 -25 -26 -27 27 29 -30 -31
leaf_value=-0.00011060832332448578 -0.0054336386447539561 0.02336640403267335 -0.0052375295202263363 -0.010114047625102103 0.015471150464422646 0.013291467950144348 0.0044483343101380983 0.0040831095148402812 -0.0073005815325522935 -0.0019587737289089328 0.012701195154187115 -0.010819030362539568 0.002852875791694515 0.014511058906671301 -0.0065582332997045113 -0.00029747146710098257 0.023736428003758192 -0.021163923216850632 0.0072312423406401651 0.001824910130351782 -0.0048616467014653613 2.4559058566226707e-05 -0.0047501517060988896 -0.025683098731805451 -0.00084336210542957496 0.0014509985065185205 -0.023222378685816447 0.000479155308983682 -0.0010260234116169632 0.0040684478395932129
leaf_weight=94740 120 22 808 20 42 47 661 346 662 776 131 65 1025 29 407 5397 56 28 32 25 32 46564 375 23 3055 10722 22 7893 3075 742
leaf_count=94740 120 22 808 20 42 47 661 346 662 776 131 65 1025 29 407 5397 56 28 32 25 32 46564 375 23 3055 10722 22 7893 3075 742
internal_value=3.22823e-12 0.000125947 -0.000544829 -0.0043499 0.00721786 -0.000288089 0.00292998 -0.000495577 -0.00155336 -0.00441794 0.000208109 0.00492878 -4.41618e-05 -0.000549173 -0.00515684 -0.000180153 0.00829591 0.00514392 -0.00601983 0.0169736 0.00925328 0.000258908 0.000735966 -0.00595984 -0.000342169 0.000854534 0.00031044 0.000267205 -0.0011837 0.000787581
internal_weight=177942 83202 13764 870 62 12894 781 12113 4839 1438 7274 369 6905 5880 436 5444 304 223 60 81 163 69438 22874 398 3401 22476 11754 11732 3097 8635
internal_count=177942 83202 13764 870 62 12894 781 12113 4839 1438 7274 369 6905 5880 436 5444 304 223 60 81 163 69438 22874 398 3401 22476 11754 11732 3097 8635
is_linear=0
shrinkage=0.05


Tree=240
num_leaves=31
num_cat=0
split_feature=12 6 7 5 4 11 11 7 12 0 8 8 8 9 3 10 0 12 6 6 1 5 2 8 7 6 6 8 6 5
split_gain=1.02016 5.03408 4.36771 4.15514 4.66845 4.14874 3.79948 5.58367 9.5309 6.56407 5.66471 5.507 5.16219 5.02721 4.67102 4.64924 5.19331 5.36171 4.75572 5.40104 4.55862 4.0326 3.99586 4.21336 11.2928 8.56361 7.67783 6.61759 6.40726 6.0336
threshold=-1.7071119700029922 -0.56397288599741924 -0.95026047370367306 0.81819560297144867 -0.018018018018017997 -0.02456150000000001 -0.011076000000000029 -2.4621575474753619 -2.3573152426928234 -0.044337443902599243 -1.7619882191744212 -0.75259067767514598 -3.6295390128577814 0.28147400000000006 0.92194143336408552 0.011635500000000023 -0.044337443902599243 -2.3270073442525856 -2.5829113522676366 -2.7751077553596533 0.060755078741886688 -3.0253997116017906 1.2067693090724012 -2.0654246048930363 -2.1391864745239486 -2.1524412929992818 -1.2924699055065194 -2.7081860247193705 -1.0607413900804039 -3.3033930372739029
decision_type=2 2 2 2 2 2 2 2 2 2 2 2 2 2 2 2 2 2 2 2 2 2 2 2 2 2 2 2 2 2
left_child=1 6 5 -4 -5 -3 7 8 9 -1 15 14 13 -11 -9 18 -17 20 19 -10 -18 -12 23 24 26 27 -8 -26 -27 -28
right_child=-2 2 3 4 -6 -7 22 11 10 12 21 -13 -14 -15 -16 16 17 -19 -20 -21 -22 -23 -24 -25 25 28 29 -29 -30 -31
leaf_value=0.0049580269755631666 -0.00014572280234487477 0.0044222046841670406 -0.0006520504244650196 0.019029444419570139 -0.0089845237880945197 -0.0052768627168678656 0.00012018655574874287 0.0018624112359193112 -0.0030893042149204831 -0.0026122808812913505 -0.0047631233344755828 -0.011603767699184451 0.0012014364207158811 -0.026354136763383513 0.0092088832379626437 0.006262224941803775 0.03315543756820262 -0.002280766034331709 -0.0075311795174436789 0.006877029197967204 0.0019008685967751911 -0.019273554564764105 -0.0094194415761324184 0.00066551536323483206 -0.012853834844427184 0.00082714132449126327 -0.015099914042910861 -0.0030551016155550906 -0.0043955766483237497 -0.0021653776433505881
leaf_weight=980 71705 123 451 58 20 1064 60799 6351 904 729 124 74 3742 23 224 309 20 801 493 160 28 78 112 20223 180 3020 143 4031 729 244
leaf_count=980 71705 123 451 58 20 1064 60799 6351 904 729 124 74 3742 23 224 309 20 801 493 160 28 78 112 20223 180 3020 143 4031 729 244
internal_value=5.06106e-13 9.83561e-05 -0.00258783 0.00119082 0.0118464 -0.00427182 0.000142457 0.000877769 2.01845e-05 0.0012503 -0.00228823 0.00196004 0.000441762 -0.00333843 0.00211269 -0.00168722 0.000711975 -0.00130808 -0.0034716 -0.00159061 0.0149236 -0.0103662 1.88656e-05 3.06939e-05 -0.000154971 -0.00192653 7.55006e-05 -0.00347395 -0.000188426 -0.00694481
internal_weight=177942 106237 1716 529 78 1187 104521 15040 8391 5474 2917 6649 4494 752 6575 2715 1158 849 1557 1064 48 202 89481 89369 69146 7960 61186 4211 3749 387
internal_count=177942 106237 1716 529 78 1187 104521 15040 8391 5474 2917 6649 4494 752 6575 2715 1158 849 1557 1064 48 202 89481 89369 69146 7960 61186 4211 3749 387
is_linear=0
shrinkage=0.05


Tree=241
num_leaves=31
num_cat=0
split_feature=11 6 9 10 10 3 0 4 8 11 7 10 10 4 4 11 12 6 8 2 5 11 12 8 9 2 5 5 7 0
split_gain=1.02762 3.16083 15.5853 6.40159 9.55073 6.41101 7.20537 5.15876 5.09585 6.80652 3.43517 3.6454 3.37991 3.13606 4.60618 3.32483 3.12224 8.16103 7.37858 6.38582 10.3765 6.12219 5.84456 6.01251 5.87763 5.10581 5.2781 4.99966 4.81881 5.87782
threshold=0.011687999999999964 -6.5848101596763264 0.36911975000000002 -0.15971549999999995 0.015542999999999989 0.56138419352999414 -0.0059403678544687746 -0.001330377201759436 -2.1060815057566704 0.0062365000000000068 -4.7159546743213054 -0.023940999999999959 -0.076675999999999994 -0.0073131034194885416 -0.031643680332514627 -0.00036349999999996102 -3.1444673080794172 -3.5551547928667069 -3.1692805031981508 0.38882573922778013 -10.166737729308066 0.018445499999999979 -2.3663805302974734 -3.7449681744771484 0.35298300000000005 -0.1040083000980178 -2.0711317104036402 -7.9525120142537178 -4.7159546743213054 0.14701489709347296
decision_type=2 2 2 2 2 2 2 2 2 2 2 2 2 2 2 2 2 2 2 2 2 2 2 2 2 2 2 2 2 2
left_child=1 2 3 -1 5 6 -5 8 9 13 12 -12 -8 14 15 -6 17 19 21 -2 -21 -18 -23 24 -24 26 -19 -22 -29 -30
right_child=16 -3 -4 4 7 -7 10 -9 -10 -11 11 -13 -14 -15 -16 -17 18 25 -20 20 27 22 23 -25 -26 -27 -28 28 29 -31
leaf_value=0.034236232335679233 0.00048219719389690349 -0.00010926637430345181 -0.037550849658215334 0.01996945222573621 0.010751741812922634 0.021213876504613007 -0.0034456068220046852 -0.0080449521709233529 0.032089782793086788 -0.01192768792808056 0.0110382078387947 -0.016380518481309992 -0.025524699797209068 0.034986207536421718 -0.0029029750714785066 0.037868138346821067 0.0006068606861693186 0.0093423367100522719 0.00018626744697992367 0.014263386259207856 -0.033990138518656121 -0.0030917801821584157 -0.014464752682992681 -0.016173352570896148 0.021314645849633964 0.0035777327232258309 0.036521036177873611 0.00064629805810731281 -0.033556598672377216 -0.0021715780863395102
leaf_weight=20 2633 110612 21 21 26 23 26 25 39 25 27 22 52 20 29 20 1095 95 59639 37 29 1664 22 170 24 1392 22 51 35 26
leaf_count=20 2633 110612 21 21 26 23 26 25 39 25 27 22 52 20 29 20 1095 95 59639 37 29 1664 22 170 24 1392 22 51 35 26
internal_value=-1.69406e-12 -9.33024e-05 0.0043658 0.00671313 0.00516253 -0.00334463 -0.00716116 0.0130686 0.0163884 0.0112854 -0.0116473 -0.00127224 -0.018165 0.0173942 0.012703 0.0225415 0.000154739 0.00145483 6.50406e-05 -0.000137433 -0.00930309 -0.00236516 -0.0040962 -0.011834 0.00420276 0.00442093 0.0144529 -0.0154872 -0.0106963 -0.0201794
internal_weight=177942 111008 396 375 355 171 148 184 159 120 127 49 78 95 75 46 66934 4320 62614 2811 178 2975 1880 216 46 1509 117 141 112 61
internal_count=177942 111008 396 375 355 171 148 184 159 120 127 49 78 95 75 46 66934 4320 62614 2811 178 2975 1880 216 46 1509 117 141 112 61
is_linear=0
shrinkage=0.05


Tree=242
num_leaves=31
num_cat=0
split_feature=4 12 0 3 8 7 7 7 9 8 5 11 8 6 2 8 2 9 5 10 5 2 1 11 10 1 9 3 0 1
split_gain=1.01306 2.63779 4.8051 4.25429 3.2899 12.1672 5.40923 4.99633 5.32638 7.32456 5.47906 6.32416 4.87279 4.3592 5.50849 5.17301 4.48135 6.4777 4.24781 4.09484 3.93909 3.83748 4.1028 6.03536 4.11 3.81911 3.77207 3.7517 3.704 3.69729
threshold=-0.31421014592579727 -0.88164241715791203 0.72245182591865209 0.62566715438101306 -1.4757333452207306 -0.98929391222573038 -0.63934073005741976 -2.3124173176080665 0.43315100000000006 0.28362618605342715 -3.5178434806260683 0.13871600000000009 -1.4634691632266139 -6.5848101596763264 0.60119644050004784 -0.51388435947538114 0.60119644050004784 0.34528650000000005 1.1988199970097682 -0.011841000000000044 -8.2771019076722734 -0.14738284299610224 -0.20538947463968524 0.0047600000000000151 -0.0043564999999999845 -0.25482090632769494 0.12638750000000001 -0.14642172662337896 0.11259366580601705 0.75502980905215722
decision_type=2 2 2 2 2 2 2 2 2 2 2 2 2 2 2 2 2 2 2 2 2 2 2 2 2 2 2 2 2 2
left_child=-1 4 3 -3 5 18 19 12 10 21 11 29 -6 14 26 -15 -17 -18 -2 -7 -21 25 23 24 -23 -10 -14 28 -12 -9
right_child=1 2 -4 -5 7 6 -8 8 9 -11 27 -13 13 15 -16 16 17 -19 -20 20 -22 22 -24 -25 -26 -27 -28 -29 -30 -31
leaf_value=0.00018723166095258828 -7.0062414248803602e-05 -0.0024054396907273734 0.0048767173248520177 -0.00011001740239540779 0.011864620131174369 -0.015854691439856065 -0.025968554654323003 0.0013316658606245689 0.016183455825711675 -0.018331333751288745 0.017079358049207103 -0.026231564682993022 0.0058087387630207975 -0.0028970545081185286 -0.010345030438316905 -0.025429443713277579 0.014401877784014992 -0.021964741982519628 -0.011818376433878362 -0.023609282739460471 -0.0033548951364828165 0.0015215967668265832 0.00083853913872910461 0.0015148617378806441 -0.016959165408949789 -0.0032647966160379025 0.035811288013355806 0.0034488267014358837 0.0056500375966071457 -0.011254272316811515
leaf_weight=51384 99230 3761 342 4357 56 85 34 1344 26 52 106 22 22 965 23 50 24 25 77 25 603 41 12402 176 113 867 20 1435 214 61
leaf_count=51384 99230 3761 342 4357 56 85 34 1344 26 52 106 22 22 965 23 50 24 25 77 25 603 41 12402 176 113 867 20 1435 214 61
internal_value=1.76995e-12 -7.60182e-05 -0.000928885 -0.00117347 -1.49227e-05 -0.000126993 -0.00648436 0.000606505 0.000827088 0.000398416 0.00266962 0.000368713 -0.00253173 -0.00324581 0.00932434 -0.00401372 -0.0148984 -0.00415252 -7.91717e-05 -0.00555524 -0.0041612 0.000469899 0.000692128 -0.00481026 -0.012039 -0.00269855 0.0200957 0.00454051 0.009436 0.00078523
internal_weight=177942 126558 8460 8118 118098 100054 747 18044 16859 13677 3182 1427 1185 1129 65 1064 99 49 99307 713 628 13625 12732 330 154 893 42 1755 320 1405
internal_count=177942 126558 8460 8118 118098 100054 747 18044 16859 13677 3182 1427 1185 1129 65 1064 99 49 99307 713 628 13625 12732 330 154 893 42 1755 320 1405
is_linear=0
shrinkage=0.05


Tree=243
num_leaves=31
num_cat=0
split_feature=3 8 5 7 4 11 2 4 5 9 2 2 9 0 10 4 5 12 2 10 6 4 9 7 2 6 8 7 11 8
split_gain=1.00096 2.31024 2.96926 3.53399 2.67944 3.61355 3.1413 2.77184 2.64969 2.48165 3.07323 2.93577 2.47596 3.11203 2.28205 5.06266 3.83632 5.16577 4.21252 3.77963 5.96294 3.77903 4.59748 5.126 4.44796 4.88941 4.91026 4.50644 4.15232 4.01595
threshold=0.0077496821643641143 -3.8907777091061058 -3.3675021687768578 -5.161602059988339 -0.068790822758050638 0.013187999999999993 -0.13594325567310342 -0.32526842772704184 -8.4802051997006931 0.24612250000000005 0.12648693010838921 0.074389372711924265 0.16528150000000003 0.037738566994450003 0.023879000000000001 -0.0053339260576424899 -0.19460024278375868 -1.5746750752024983 -0.2881313832967069 -0.060153000000000033 -0.78284911934494483 -0.26236311502043652 0.42457175000000008 -2.7037827608778056 0.17974018472003175 -2.9020240415028593 -1.3578622223585761 -1.1349316329791421 0.043003000000000006 -1.4506174625043631
decision_type=2 2 2 2 2 2 2 2 2 2 2 2 2 2 2 2 2 2 2 2 2 2 2 2 2 2 2 2 2 2
left_child=1 2 3 -1 6 8 7 -5 -6 10 11 -8 13 -10 15 16 18 19 -2 20 -18 -20 24 -24 25 28 -27 29 -23 -26
right_child=14 -3 -4 4 5 -7 9 -9 12 -11 -12 -13 -14 -15 -16 -17 17 -19 21 -21 -22 22 23 -25 27 26 -28 -29 -30 -31
leaf_value=0.012933719648820599 -0.0022915309957317275 -0.00010729689577785723 -0.0090983349822735902 -0.00026988234792559132 -0.027455794624984264 0.0032540203044738843 -3.1853651130414975e-05 -0.019623771656581478 -0.0074277487649603499 0.01789792659027236 -0.017920042709870774 0.013657665235358616 -0.00037838393566949716 -0.027577965458234151 -8.96620493894773e-05 -0.0012785494752630912 0.0034120137078894512 0.0015142558413782353 0.0020461303420896385 0.0059408954772723023 0.036344222544825507 -0.00033692242075912418 -0.0078135145365294482 -0.000482305816029508 0.001696537068260901 0.0011569983116992706 0.012499213824528703 -0.005714810136489187 -0.0075854318973718974 0.0082856791896675427
leaf_weight=41 1346 73034 146 37 20 68 439 37 66 21 22 43 62 27 62733 4096 27 1671 3800 306 28 9021 247 6875 7126 5866 97 199 202 239
leaf_count=41 1346 73034 146 37 20 68 439 37 66 21 22 43 62 27 62733 4096 27 1671 3800 306 28 9021 247 6875 7126 5866 97 199 202 239
internal_value=1.76757e-12 -0.000140444 -0.00249307 -0.00140092 -0.00209892 -0.00652732 -0.000302427 -0.00994683 -0.0103281 0.00105697 0.000355268 0.00118941 -0.00811804 -0.0132778 0.000100133 0.000389502 0.000573911 0.00268602 0.000451351 0.00810991 0.0201775 0.000560994 0.000372071 -0.000736561 0.000719134 0.000225717 0.0013415 0.00170975 -0.000495678 0.00191036
internal_weight=177942 74063 1029 883 842 243 599 74 175 525 504 482 155 93 103879 41146 37050 2032 35018 361 55 33672 29872 7122 22750 15186 5963 7564 9223 7365
internal_count=177942 74063 1029 883 842 243 599 74 175 525 504 482 155 93 103879 41146 37050 2032 35018 361 55 33672 29872 7122 22750 15186 5963 7564 9223 7365
is_linear=0
shrinkage=0.05


Tree=244
num_leaves=31
num_cat=0
split_feature=1 12 7 0 8 6 7 5 0 2 11 6 1 3 6 10 9 8 7 6 0 5 7 11 1 10 4 0 1 2
split_gain=0.973917 2.3959 4.56501 6.83037 3.67539 6.47619 11.8379 5.50452 5.53354 4.72795 3.50931 7.24153 3.14855 3.50945 2.85877 2.93823 2.7507 9.91286 5.43967 3.98772 6.86827 3.9712 5.21505 3.31917 3.10236 3.06919 5.32689 3.29897 3.29423 2.95296
threshold=0.2675431956753665 -2.3761201717990423 -3.5964930703360429 0.021358301731168931 -0.20621053679291659 -5.9507593418597535 0.80128946296928849 -4.3200825321316119 0.39160396398193326 0.94630251056425563 -0.047198500000000025 -4.0919832836758578 0.64705882352941191 0.27816463030948407 1.5336608685699544 0.20122450000000003 0.39867375000000005 -0.81573709035785757 -1.9248167757788937 -4.3332931082008548 0.24231586788270779 -3.9339661006281612 -3.0619210717559784 0.16761599999999996 0.41320524057757085 -0.036187499999999949 -0.024208437761069342 0.16877113963261173 0.32076076507606183 0.13480463364892739
decision_type=2 2 2 2 2 2 2 2 2 2 2 2 2 2 2 2 2 2 2 2 2 2 2 2 2 2 2 2 2 2
left_child=-1 4 3 -3 9 6 -6 8 -7 10 11 -2 -12 -14 16 -16 17 25 21 20 -20 -18 -23 -21 -19 26 28 29 -4 -27
right_child=1 2 14 -5 5 7 -8 -9 -10 -11 12 -13 13 -15 15 -17 18 24 19 23 -22 22 -24 -25 -26 27 -28 -29 -30 -31
leaf_value=-4.5728719746065949e-05 -0.031774967964048738 -0.030202887395086388 0.031003105746848243 0.0032640209263791482 0.046314699571424478 -0.02888696905380736 -0.0028472890481352807 0.019136587497778239 0.0058293193324723026 -0.017934717745943504 -0.00077667319967100257 0.0079201601259410379 -0.028418060612272134 -0.00017621348696676169 -0.0034390716652818762 -0.023076244248923933 0.00069083744055141731 -0.00066543199687397905 0.00013615722977081124 0.0005653429922608833 -0.031657441820089637 0.020442388333718888 -0.0040992349987151021 0.0059503967486232625 -0.020619944565987681 0.0040549936292799222 -0.0048085479528665364 0.0043183914112077506 0.0099985429289517931 0.00020681793096893883
leaf_weight=154353 27 30 28 31 24 24 25 20 22 44 2014 20 22 22 142 22 822 28 49 14275 26 22 1348 292 64 627 42 988 56 2433
leaf_count=154353 27 30 28 31 24 24 25 20 22 44 2014 20 22 22 142 22 822 28 49 14275 26 22 1348 292 64 627 42 988 56 2433
internal_value=4.7045e-13 0.000299223 0.000463411 -0.0131951 -0.0012473 0.00746139 0.0212321 -0.00276228 -0.0122835 -0.00171333 -0.00137426 -0.0148834 -0.00106574 -0.0142971 0.000502594 -0.00607333 0.000553705 0.00168776 0.000266318 0.00061408 -0.0108856 -0.00205665 -0.00370514 0.000673288 -0.0145468 0.00204559 0.00973053 0.00180638 0.0170001 0.000995317
internal_weight=177942 23589 21325 61 2264 115 49 66 46 2149 2105 47 2058 44 21264 164 21100 4266 16834 14642 75 2192 1370 14567 92 4174 126 4048 84 3060
internal_count=177942 23589 21325 61 2264 115 49 66 46 2149 2105 47 2058 44 21264 164 21100 4266 16834 14642 75 2192 1370 14567 92 4174 126 4048 84 3060
is_linear=0
shrinkage=0.05


Tree=245
num_leaves=31
num_cat=0
split_feature=4 9 7 3 6 10 0 2 2 6 6 7 0 11 7 5 7 8 8 2 1 1 6 6 4 8 9 2 10 10
split_gain=0.966964 3.33938 3.0754 3.2665 4.33584 5.05411 4.71186 4.23342 2.72334 3.26224 4.24438 3.41805 4.97512 4.58127 3.14893 3.63597 3.51573 3.41897 3.39765 3.37504 2.81073 5.03373 3.63111 5.89429 2.77496 2.67147 4.12616 5.77722 3.98003 3.72893
threshold=-0.61685194249414899 0.21997150000000001 -2.0688445654205876 -0.59989203287822157 -2.1122314938003659 0.032223499999999995 0.03990489202846937 0.027674030314795543 -0.51998807394156221 0.51988823891391789 -0.91655271156554641 -0.20671524466458571 -0.16628618003580317 0.01698499999999999 -1.026420249138345 -3.7651611397858527 -1.2674497072804709 -0.53979764942859687 -1.669591812370794 -0.53682862617440008 -0.3604751924549594 -0.009141473864890835 -1.4254135967097634 -1.9404178894370052 -0.56949497546656369 -1.7391900421679354 0.40447050000000007 -0.28175426463808195 0.0019674999999999836 0.0083020000000000056
decision_type=2 2 2 2 2 2 2 2 2 2 2 2 2 2 2 2 2 2 2 2 2 2 2 2 2 2 2 2 2 2
left_child=1 -1 3 4 6 -6 7 -3 9 10 14 12 13 -12 15 16 18 19 -2 -16 22 -22 23 -17 -23 29 27 28 -27 -4
right_child=8 2 25 -5 5 -7 -8 -9 -10 -11 11 -13 -14 -15 17 20 -18 -19 -20 -21 21 24 -24 -25 -26 26 -28 -29 -30 -31
leaf_value=-0.013147248124910728 -0.0043473132917084814 0.00595462698241767 0.0024015489186898901 0.00058913981427231106 0.0058729941992518991 0.032460000354683764 -0.0047399142375338437 0.028107569653540849 -1.4304204500976156e-05 -0.016947375744042037 0.0086147375007653067 -0.0051528067974225232 0.0014014652334921754 0.037897102113559171 -0.008717466136351085 -8.9764653239399195e-05 0.013506380374310539 -0.0019577198601577299 -0.017542125488897522 -0.027634461475955087 0.0094169728972758205 -0.014790122564660297 0.014350352566689255 -0.025851149813217279 0.0041276521204660337 0.036702403942446997 0.00032627407070568299 -0.0031820182072292286 0.010349857042494574 -0.0078454425188358955
leaf_weight=45 161 157 145 422 39 33 95 25 165529 38 34 69 97 22 65 64 20 84 70 37 161 42 20 34 36 23 10062 46 38 229
leaf_count=45 161 157 145 422 39 33 95 25 165529 38 34 69 97 22 65 64 20 84 70 37 161 42 20 34 36 23 10062 46 38 229
internal_value=-1.21021e-12 0.000446356 0.000500423 0.00354879 0.00712751 0.0180587 0.00428619 0.00899761 -3.04362e-05 -0.00256394 -0.00202598 0.00408575 0.00825215 0.0201185 -0.0037348 -0.00199321 -0.00660454 -0.00942774 -0.00834574 -0.0155795 0.00124892 0.00436629 -0.00506506 -0.00902739 -0.00605884 0.000277498 0.000430135 0.010197 0.0202861 -0.00387268
internal_weight=177942 11359 11314 771 349 72 277 182 166583 1054 1016 222 153 56 794 608 251 186 231 102 357 239 118 98 78 10543 10169 107 61 374
internal_count=177942 11359 11314 771 349 72 277 182 166583 1054 1016 222 153 56 794 608 251 186 231 102 357 239 118 98 78 10543 10169 107 61 374
is_linear=0
shrinkage=0.05


Tree=246
num_leaves=31
num_cat=0
split_feature=12 6 8 7 11 4 11 11 2 9 7 3 8 7 6 7 8 6 7 9 1 0 7 10 3 5 6 11 10 10
split_gain=0.974027 5.0284 3.63983 3.5386 5.77227 3.77382 3.58421 10.8237 7.93759 6.30967 6.06289 4.32574 3.37736 8.00968 11.3529 8.14042 8.8827 7.57858 6.94751 6.38867 10.1818 8.57367 8.45701 6.09109 6.0343 5.83698 6.13661 4.92492 9.55279 4.61251
threshold=-1.8809158401072892 -0.63063733605715522 -2.7340450494586528 -3.6782313798143473 -0.039686999999999938 -0.015939396091780075 0.013891999999999989 0.0057415000000000114 -0.091377755807286007 0.46558900000000009 -2.7037827608778056 -0.086534172785287897 -2.2619594557174731 -2.1727709767531702 -2.084254338524707 -1.6734417595796252 -2.7081860247193705 -1.6503902515613429 -3.016698049570858 0.27045525000000004 0.25697554403240447 0.42956891317547058 0.98584515841031373 -0.092730000000000021 0.36059089881773493 -2.5253825112192252 -0.88972795725362552 -0.019520499999999965 0.010247999999999926 0.0061585000000000121
decision_type=2 2 2 2 2 2 2 2 2 2 2 2 2 2 2 2 2 2 2 2 2 2 2 2 2 2 2 2 2 2
left_child=1 12 3 5 -5 -2 7 9 11 -6 -9 -8 13 17 15 16 -15 -1 -14 20 27 29 -23 -21 -19 26 -16 28 -20 -22
right_child=2 -3 -4 4 6 -7 8 10 -10 -11 -12 -13 18 14 25 -17 -18 24 19 23 21 22 -24 -25 -26 -27 -28 -29 -30 -31
leaf_value=0.00020951615838366757 0.015868715312154519 -0.0029149658671115287 -9.5365752572192694e-05 -0.017793512573064881 -0.00077295581242818948 -0.010090794131004562 -0.0040293936689312646 0.0072401071572676312 -0.01456471721186603 -0.022795904241502286 0.039918773803351959 0.026900427918881177 -0.0020815289510235815 -0.011887924185766814 -0.00026688042567405595 -0.013734498214108324 -0.0023077680504178149 -0.0052952680365564459 0.0074897363911279385 0.0084712566670411878 -0.015613525880811116 0.035666788528086961 -0.0060953934422948147 0.00060627763236375696 0.0026512036353574554 0.0036226823002309841 -0.011719646590194643 0.0060241504765484906 0.045402016890390473 -0.0020432559111982782
leaf_weight=60414 42 1353 83758 79 174 21 26 40 138 40 22 20 2137 268 970 198 2490 1077 54 249 84 27 22 21681 307 1003 133 845 24 246
leaf_count=60414 42 1353 83758 79 174 21 26 40 138 40 22 20 2137 268 970 198 2490 1077 54 249 84 27 22 21681 307 1003 133 845 24 246
internal_value=-8.79424e-13 0.000111068 -0.000123209 -0.00399719 -0.00530777 0.00721555 -0.00316348 0.00044017 -0.00856895 -0.00488939 0.0188358 0.00941835 0.00015546 -3.09176e-05 -0.00194306 -0.00394172 -0.00323869 0.00012571 0.000646657 0.00089761 0.00430048 -0.00259966 0.0169164 0.000695579 -0.00353258 0.000862281 -0.00164786 0.0071338 0.0191551 -0.00549751
internal_weight=177942 93582 84360 602 539 63 460 276 184 214 62 46 92229 66860 5062 2956 2758 61798 25369 23232 1302 379 49 21930 1384 2106 1103 923 78 330
internal_count=177942 93582 84360 602 539 63 460 276 184 214 62 46 92229 66860 5062 2956 2758 61798 25369 23232 1302 379 49 21930 1384 2106 1103 923 78 330
is_linear=0
shrinkage=0.05


Tree=247
num_leaves=31
num_cat=0
split_feature=4 3 7 8 4 6 7 11 3 8 3 5 2 1 9 1 1 6 2 0 2 7 3 4 11 1 11 11 3 11
split_gain=0.960915 3.2816 2.58197 7.07148 5.09298 3.82004 3.95093 3.92514 3.75592 3.52207 5.59087 4.78518 3.83219 3.50809 5.38968 3.23467 5.81491 3.35004 3.64973 3.2061 4.64635 3.51451 3.27773 3.26083 3.08624 3.05645 3.72567 2.92154 8.58415 3.87332
threshold=-0.40741102077687441 -0.33999687792694344 -0.6649693646102034 -0.95429809239222119 -0.49378096308398789 -1.0142489395638685 -0.44328758121803385 0.011687999999999964 0.81082732589581918 -0.53979764942859687 -0.22141692121415865 -2.160187674538868 -0.20537405600301359 -0.21615631223153928 0.83437150000000015 -0.38827042285857399 -0.29624904351689579 -0.8114184081785224 -0.46199528756041741 -0.38540649811485794 1.2067693090724012 1.2644557469035156 0.86193115681823218 -0.44491274770777872 -0.068962999999999983 -0.15101179644508086 0.01641450000000003 -0.0061859999999999962 0.31954376563384407 -0.0067425000000000115
decision_type=2 2 2 2 2 2 2 2 2 2 2 2 2 2 2 2 2 2 2 2 2 2 2 2 2 2 2 2 2 2
left_child=1 -1 24 4 15 9 7 -7 -8 11 13 -5 -13 14 -11 17 -17 18 -4 20 21 -10 -21 -24 -3 -6 -27 28 29 -26
right_child=-2 2 3 5 25 6 8 -9 19 10 -12 12 -14 -15 -16 16 -18 -19 -20 22 -22 -23 23 -25 27 26 -28 -29 -30 -31
leaf_value=-0.00021006926390180117 -5.855904578668894e-05 0.0057156358836722137 -0.018372288640503855 -0.0010455563897681275 -0.013395576921980915 0.0093295776471433046 0.0016921204183762513 0.00083245146246451254 0.0017674744857948635 0.021940402626532362 -0.0018824739359455868 -0.015803341509477386 -0.00083846924450969504 -0.0012152058550984495 0.00085010591773661205 -0.018910058253767112 0.001600959620456035 0.014909904964437341 0.0088418932332258154 -0.01904455709242911 0.01688513584819663 -0.014378795753184119 -0.0044716822819283759 0.0043461282288391641 0.0011063712320141536 -0.011965335965422649 0.015193703673456028 0.0015805502900459985 -0.0074653964608658342 -0.012207105644379877
leaf_weight=19452 141899 370 22 281 205 279 2556 265 298 69 808 138 62 72 54 52 103 53 28 33 46 38 601 127 2235 28 23 7323 366 56
leaf_count=19452 141899 370 22 281 205 279 2556 265 298 69 808 138 62 72 54 52 103 53 28 33 46 38 601 127 2235 28 23 7323 366 56
internal_value=1.89481e-12 0.000230543 0.000747136 -5.61167e-05 -0.00567409 0.000448098 0.0012118 0.00519035 0.000626682 -0.00173544 -4.85945e-05 -0.00525291 -0.0111642 0.00755025 0.0126812 -0.000716343 -0.00528016 0.00615153 -0.00313235 -0.00175587 0.00198175 -5.85918e-05 -0.00363205 -0.00293341 0.00123149 -0.0106706 0.000282858 0.00106525 -0.000354984 0.000780944
internal_weight=177942 36043 16591 6241 514 5727 4243 544 3699 1484 1003 481 200 195 123 258 155 103 50 1143 382 336 761 728 10350 256 51 9980 2657 2291
internal_count=177942 36043 16591 6241 514 5727 4243 544 3699 1484 1003 481 200 195 123 258 155 103 50 1143 382 336 761 728 10350 256 51 9980 2657 2291
is_linear=0
shrinkage=0.05


Tree=248
num_leaves=31
num_cat=0
split_feature=3 1 10 0 10 9 2 4 8 6 10 1 7 9 1 4 0 3 2 7 11 6 2 0 7 11 10 6 10 6
split_gain=0.971659 2.25073 2.85882 4.64912 4.32376 4.93792 3.69052 6.1154 4.612 4.54059 3.93187 3.49689 3.1379 4.57493 3.05571 4.52087 2.83602 3.36237 3.27987 3.61382 5.20947 3.56447 3.24096 3.20747 2.99058 3.06441 3.82158 4.53458 3.36546 2.95356
threshold=0.0077496821643641143 -0.060656576674170286 0.059163500000000015 0.19865969865969871 0.061720000000000018 0.26576775000000008 0.09746100203413556 -0.32526842772704184 -0.7951722753028293 -2.2209176466841143 0.10733149999999998 -0.076236250047909224 -1.1349316329791421 0.58401625000000001 -0.11223585713080274 -0.24730315114274157 -0.070897281575389257 -0.018465344688170123 0.38882573922778013 -0.71216717757926318 -0.0027174999999999834 -1.4073439479350094 0.042404872556737756 -0.12819629256569295 -3.4587352594211627 -0.044513500000000004 -0.041617999999999995 -1.9973638158496565 -0.019263499999999985 -4.0079849709690647
decision_type=2 2 2 2 2 2 2 2 2 2 2 2 2 2 2 2 2 2 2 2 2 2 2 2 2 2 2 2 2 2
left_child=1 2 -1 4 5 -4 -6 8 -8 11 -11 14 13 -5 15 -9 17 18 24 21 -21 -20 23 -19 29 26 27 -26 -28 -3
right_child=-2 16 3 12 6 -7 7 9 -10 10 -12 -13 -14 -15 -16 -17 -18 22 19 20 -22 -23 -24 -25 25 -27 28 -29 -30 -31
leaf_value=-0.0001549104027716232 9.8656200699061942e-05 -0.0043715674784921468 0.024526491241924693 -0.0055279146528953473 0.00069185837110673654 0.004446650319471889 -0.0059177887332860198 0.032175317029892042 0.0074926712010212311 -0.0022324936861610589 0.018801363709975372 0.0024630033241754227 -0.0017086521385418667 -0.032732011415064335 0.037427798770368101 -0.00067042914219200616 -0.00025172681246429167 0.019874804217888176 0.0065977560627895103 0.029574797684647915 0.0018846708188037867 -0.011596926418628466 -0.0040757299550337562 0.0038492080302124747 -0.019123941884775248 -0.0030917716695879815 0.022151708755303513 0.0024539279769669521 0.0038669383678286567 0.020434196000652657
leaf_weight=21513 103879 21 33 68 8904 424 139 22 119 68 33 22 720 20 30 20 38227 43 63 29 41 47 81 114 35 2980 33 80 106 28
leaf_count=21513 103879 21 33 68 8904 424 139 22 119 68 33 22 720 20 30 20 38227 43 63 29 41 47 81 114 35 2980 33 80 106 28
internal_value=8.74056e-13 -0.000138373 0.00017647 0.000847623 0.00114777 0.00589662 0.000915835 0.00531823 0.000267656 0.0120005 0.00463995 0.0199092 -0.00279798 -0.0117107 0.02524 0.0165345 -0.000379679 -0.00170127 -0.00209636 0.00447524 0.0133563 -0.00117634 0.00404745 0.00823838 -0.00245667 -0.00264242 0.00262944 -0.00411325 0.00820793 0.00980315
internal_weight=177942 74063 32135 10622 9814 457 9357 453 258 195 101 94 808 88 72 42 41928 3701 3463 180 70 110 238 157 3283 3234 254 115 139 49
internal_count=177942 74063 32135 10622 9814 457 9357 453 258 195 101 94 808 88 72 42 41928 3701 3463 180 70 110 238 157 3283 3234 254 115 139 49
is_linear=0
shrinkage=0.05


Tree=249
num_leaves=31
num_cat=0
split_feature=1 2 1 4 10 3 9 1 3 10 8 8 8 3 10 6 3 8 2 9 7 10 4 2 8 7 4 4 9 4
split_gain=0.951102 2.27439 2.27497 2.64587 2.26404 2.60492 4.75166 3.05598 2.52937 3.43133 3.04169 6.73661 3.41268 5.23101 3.08976 3.07696 2.87331 3.38227 2.85882 3.53367 2.42839 2.41264 2.42422 3.10969 2.41166 4.83983 8.27957 5.80852 4.74455 6.56138
threshold=0.18023353200109074 2.6832893169696033 -0.16696212181283324 -0.43057596205865972 0.10941900000000003 2.0187471170953506 1.3590525000000004 0.94457857835682402 -0.61899456161294586 0.22152100000000002 -2.2201207212176759 -2.6350468735358157 -1.5747312386578123 0.24174782084946259 0.32282450000000013 0.63283129223687562 1.0743005087374966 -0.045750439440615971 -0.4750630747427757 0.77574150000000008 -0.16936222881315599 0.10733149999999998 -0.25313108919726296 0.27306010820689391 -1.7730457347493047 -2.3922086992669165 -0.022160981256214126 -0.099812554459341715 0.4707137500000001 -0.088179203571999973
decision_type=2 2 2 2 2 2 2 2 2 2 2 2 2 2 2 2 2 2 2 2 2 2 2 2 2 2 2 2 2 2
left_child=1 -1 -3 -4 21 6 7 8 18 16 11 -11 13 -12 -15 20 24 -18 -6 -20 -14 -2 -23 -24 28 26 27 -26 -10 -30
right_child=4 2 3 -5 5 -7 -8 -9 9 10 12 -13 15 14 -16 -17 17 -19 19 -21 -22 22 23 -25 25 -27 -28 -29 29 -31
leaf_value=-5.5270728741510093e-05 0.00031644363772006465 -0.021171431371476503 0.012000874001532795 -0.0097125128814405659 0.016648220832116509 -0.0057084400514233781 0.021123862463980916 0.0043078165469373894 -9.2321466767273324e-05 -0.011427324964484621 -0.0019007954268238031 0.022099047199148555 -0.0055556183412324555 -0.038140799187951623 -0.012898038187995554 -0.022291132848223913 0.0026840461243101688 0.024306313078850509 0.010070685116717449 -0.0054161543837364986 0.0065801079750207134 -0.0025270250525471628 0.025398093920752957 0.0058342923705534244 -0.010204152077393131 -0.0016228395878550004 0.006869694937926692 -0.038596651540888899 -0.00451695231240592 0.030067500867880882
leaf_weight=139670 34447 24 20 47 38 269 25 273 506 31 37 29 215 27 22 23 189 20 65 85 51 51 27 82 43 1502 37 31 24 32
leaf_count=139670 34447 24 20 47 38 269 25 273 506 31 37 29 215 27 22 23 189 20 65 85 51 51 27 82 43 1502 37 31 24 32
internal_value=-9.90906e-13 -6.04192e-05 -0.00796247 -0.0032309 0.000221164 -0.000976936 -0.00059183 -0.000757346 -0.0012172 -0.00159169 -0.00567547 0.00477709 -0.00734788 -0.0160917 -0.0268073 -0.00474591 -0.00084654 0.00475316 0.00439816 0.00129481 -0.00322884 0.000344896 0.00647051 0.0106804 -0.00138463 -0.00236739 -0.0124423 -0.0220983 0.00143601 0.0152456
internal_weight=177942 139761 91 67 38181 3574 3305 3280 3007 2819 435 60 375 86 49 289 2384 209 188 150 266 34607 160 109 2175 1613 111 74 562 56
internal_count=177942 139761 91 67 38181 3574 3305 3280 3007 2819 435 60 375 86 49 289 2384 209 188 150 266 34607 160 109 2175 1613 111 74 562 56
is_linear=0
shrinkage=0.05


Tree=250
num_leaves=31
num_cat=0
split_feature=11 6 9 9 1 11 3 3 0 10 3 3 3 9 11 11 12 6 8 11 12 7 5 10 4 12 11 11 2 7
split_gain=0.936467 2.93186 13.659 5.83781 9.94926 5.44727 5.41104 5.18111 4.31784 4.05141 3.66263 3.96796 4.81174 3.32109 3.12083 3.76983 2.90418 7.57146 6.5732 5.47777 5.2001 5.50206 7.16786 4.79709 5.13417 4.80868 4.69819 4.65184 4.16912 4.15677
threshold=0.011687999999999964 -6.5848101596763264 0.36911975000000002 0.14015625000000001 0.11517466779052966 -0.014104000000000018 0.58497466732496373 0.36059089881773493 0.007499999999999952 0.017165499999999976 0.37267803926863602 0.16055691949864329 0.088238443803308489 0.23971875000000001 0.0022600000000000124 -0.0029314999999999754 -3.1444673080794172 -4.1238404407315423 -3.1692805031981508 0.018445499999999979 -2.3663805302974734 -3.1591908712059431 -3.6075725180739506 0.062319499999999979 -0.060911016949152512 -2.6245084969470316 0.107086 0.015356500000000025 -0.030975867225344008 -5.161602059988339
decision_type=2 2 2 2 2 2 2 2 2 2 2 2 2 2 2 2 2 2 2 2 2 2 2 2 2 2 2 2 2 2
left_child=1 2 3 6 5 8 10 9 -5 -6 11 12 -1 14 15 -7 17 -2 19 23 29 -22 -23 25 28 -18 -19 -26 -25 -21
right_child=16 -3 -4 4 7 13 -8 -9 -10 -11 -12 -13 -14 -15 -16 -17 18 26 -20 20 21 22 -24 24 27 -27 -28 -29 -30 -31
leaf_value=0.0025298081788009612 -0.00097974827515542721 -0.00010444315859043797 -0.035035273038028253 0.0036008138076535296 0.0034897640667622912 0.022185685299336913 0.019677798209401468 0.039761889039757942 -0.028860827493481341 0.031362758310173044 -0.025876468587666752 0.00983694511023947 -0.02773615256786191 -0.0064969848948889051 0.025080850306484437 -0.0062365183739789901 -0.0023342726382960155 0.0030368989507975276 0.0001756271757896878 0.018667197108946064 -0.0067890404347689393 -0.045413302086914582 -0.0075204366997170917 0.014084468167275191 0.030702465007963937 0.0076308922223027112 0.02678914900336947 0.0025846831228894494 -0.006686565885320306 -0.0032117767434690896
leaf_weight=29 1883 110612 21 21 32 20 24 34 20 22 20 39 24 26 36 28 789 2416 59639 22 166 24 26 40 38 143 21 24 61 1642
leaf_count=29 1883 110612 21 21 32 20 24 34 20 22 20 39 24 26 36 28 789 2416 59639 22 166 24 26 40 38 143 21 24 61 1642
internal_value=-2.1957e-12 -8.90683e-05 0.00420549 0.00640297 0.0111089 0.00332106 -0.00186709 0.0244722 -0.0122341 0.0148454 -0.00648385 -0.00226807 -0.0111755 0.00911891 0.0139524 0.00560607 0.000147717 0.00140159 6.12074e-05 -0.00223253 -0.00386994 -0.0111687 -0.025709 0.000578722 0.00849217 -0.000805283 0.00324158 0.0198182 0.00153959 -0.00292251
internal_weight=177942 111008 396 375 239 151 136 88 41 54 112 92 53 110 84 48 66934 4320 62614 2975 1880 216 50 1095 163 932 2437 62 101 1664
internal_count=177942 111008 396 375 239 151 136 88 41 54 112 92 53 110 84 48 66934 4320 62614 2975 1880 216 50 1095 163 932 2437 62 101 1664
is_linear=0
shrinkage=0.05


Tree=251
num_leaves=31
num_cat=0
split_feature=4 3 6 12 3 6 7 12 4 8 8 6 8 11 2 7 6 11 8 4 9 5 10 4 8 1 8 7 0 6
split_gain=0.928192 2.92612 2.91749 2.68293 5.12092 4.65467 3.95653 6.30291 7.93033 7.3785 5.71686 5.15019 5.02246 5.48448 4.7866 4.35593 3.96986 3.90313 3.8917 3.80384 4.17454 3.79679 3.79408 3.99038 3.74441 4.2937 3.66489 10.3198 5.82845 4.91851
threshold=-0.46905418840353141 -0.33999687792694344 -4.943957892341138 -1.8809158401072892 -0.17516986565933065 -0.63063733605715522 -1.2518814016292621 -1.0162676664450188 -0.44995986650059694 -1.4506174625043631 -1.1395262214460509 -1.5305002444298568 -1.0093470312932098 -0.0059214999999999815 -0.020645059621596348 -0.88946518489898529 -0.94164878677754327 0.023392000000000027 -1.0587110563827571 -0.38921455872928673 0.46558900000000009 -5.75867567335193 0.12223400000000002 -0.41210742875440276 -1.5379547607262765 0.053679466191578047 -1.4883477874779734 -1.1683516554975559 -0.26302858844550325 -1.5999948844238459
decision_type=2 2 2 2 2 2 2 2 2 2 2 2 2 2 2 2 2 2 2 2 2 2 2 2 2 2 2 2 2 2
left_child=1 -1 -3 5 6 -2 10 8 -8 15 16 12 13 -12 22 -10 -5 -16 -15 -18 -21 -13 23 -14 -22 -26 27 -6 -29 -30
right_child=3 2 -4 4 26 -7 7 -9 9 -11 11 21 14 18 17 -17 19 -19 -20 20 24 -23 -24 -25 25 -27 -28 28 29 -31
leaf_value=-0.00014673207947157017 0.00017006121269535563 0.015324693327503545 0.00086525541329201129 -0.0011096338889112194 -0.00030669644659248567 -0.0029075810573034877 -0.0074801479865246531 -0.00204558991759859 -0.0015368358718008243 0.0038362458326642902 -0.020181990640335962 0.0064689025796692947 0.0012302094467411765 0.002468677873532939 0.01300076318497892 -0.016833103783999766 -0.00019884858989999409 -0.0038121369008396592 -0.014943153362208028 -0.0042754240756489566 -0.030119578699980467 -0.012511810203573582 0.011872826584814382 -0.010774785419343971 0.0079835043568164104 -0.022582464216759912 0.0002876960216541773 0.0099060716501797649 -0.0099510848299698591 -0.0032655878446903475
leaf_weight=16659 87714 35 10678 5530 20143 1246 220 2282 382 1851 76 29 122 93 99 53 126 53 49 97 42 288 35 160 20 27 28607 62 446 718
leaf_count=16659 87714 35 10678 5530 20143 1246 220 2282 382 1851 76 29 122 93 99 53 126 53 49 97 42 288 35 160 20 27 28607 62 446 718
internal_value=-2.06404e-12 0.000267834 0.000912495 -4.86893e-05 -0.000302306 0.000126955 -0.00124709 -0.000144529 0.00158661 0.00245917 -0.00201821 -0.00550355 -0.00307097 -0.00934155 -0.000156288 -0.00340052 -0.00141923 0.00713837 -0.00353963 -0.00690657 -0.0114505 -0.0107754 -0.00365404 -0.00558114 -0.0192705 -0.00957567 -8.23669e-05 -0.000577776 -0.00503157 -0.00582721
internal_weight=177942 27372 10713 150570 61610 88960 11634 4788 2506 2286 6846 1004 687 218 469 435 5842 152 142 312 186 317 317 282 89 47 49976 21369 1226 1164
internal_count=177942 27372 10713 150570 61610 88960 11634 4788 2506 2286 6846 1004 687 218 469 435 5842 152 142 312 186 317 317 282 89 47 49976 21369 1226 1164
is_linear=0
shrinkage=0.05


Tree=252
num_leaves=31
num_cat=0
split_feature=4 1 7 4 3 8 5 10 9 6 9 11 5 12 5 5 8 2 4 3 6 9 4 5 12 3 10 0 12 8
split_gain=0.959546 3.25436 2.24414 2.39236 2.13028 2.943 3.10157 4.87513 6.35662 3.54187 3.25376 6.00404 4.65272 3.58717 4.09796 4.50083 3.46531 3.7352 4.29254 3.19068 3.14325 3.06095 3.1797 3.14582 2.90576 3.32889 3.58233 3.7071 2.86225 6.8134
threshold=-0.098304652534809231 -0.083038381587102791 -3.5724658973164054 -0.095293300468330774 -0.14642172662337896 1.0241060565142306 0.24216352141177874 -0.020801000000000024 0.50242925000000016 -0.25163528478105807 0.49000375000000007 0.06857199999999998 1.4814305384966715 -1.2506854966551242 0.66878532166453941 0.43171599649251019 -1.635599793464791 -0.091377755807286007 -0.4548637376029584 0.86193115681823218 -0.78284911934494483 1.3590525000000004 -0.20074099863854913 -1.5034843740370223 -1.182440606227471 0.39963136672301963 0.030822000000000006 -0.38540649811485794 -2.647610251670788 -2.9832593409367294
decision_type=2 2 2 2 2 2 2 2 2 2 2 2 2 2 2 2 2 2 2 2 2 2 2 2 2 2 2 2 2 2
left_child=4 2 -2 -4 28 6 -6 8 20 19 11 12 -9 14 15 -12 -15 18 -18 -10 -8 22 -7 -23 -19 -26 27 -27 29 -1
right_child=1 -3 3 -5 5 21 7 10 9 -11 13 -13 -14 16 -16 -17 17 24 -20 -21 -22 23 -24 -25 25 26 -28 -29 -30 -31
leaf_value=-0.00097286969389750186 0.0059992187307216227 -0.00014090831245132832 -0.027244352088088081 -0.0077181987727301254 0.00021142708704065998 -0.0059969005764568825 0.0020288576483726505 -0.0031513428222853775 -0.0094705172748316413 0.0061290034934629823 0.0096247189103605899 0.015548564324107689 -0.021182073848322033 0.01831939290438233 0.00052356233539444116 0.037467487724054428 0.00061213568723244129 -0.013850044720591263 -0.0076388968071634221 0.0082513533079543646 0.022467093578980944 0.020532386358827356 -0.026550599205352011 -0.002185681885748636 0.0072531610710024341 -0.01457977466994808 -0.001226097682134851 0.0072096562794735823 -0.00030168671878609435 0.0031043002371267804
leaf_weight=2032 20 63717 21 62 65069 181 25 339 81 343 47 39 40 29 63 21 532 26 224 37 76 20 21 64 334 21 510 277 41604 2067
leaf_count=2032 20 63717 21 62 65069 181 25 339 81 343 47 39 40 29 63 21 532 26 224 37 76 20 21 64 334 21 510 277 41604 2067
internal_value=4.02259e-12 -0.000155264 -0.00903568 -0.0126586 8.68275e-05 0.000263386 0.000284632 0.00183925 0.00604743 0.00355843 0.000894013 -0.00313204 -0.00505432 0.00170154 0.00971117 0.0182232 0.00116429 0.000905711 -0.00183261 -0.00391366 0.0174081 -0.00479803 -0.00813367 0.00322338 0.00267812 0.00305442 0.0013188 0.00567416 -0.000177486 0.00108312
internal_weight=177942 63820 103 83 114122 68419 68133 3064 562 461 2502 418 379 2084 131 68 1953 1924 756 118 101 286 202 84 1168 1142 808 298 45703 4099
internal_count=177942 63820 103 83 114122 68419 68133 3064 562 461 2502 418 379 2084 131 68 1953 1924 756 118 101 286 202 84 1168 1142 808 298 45703 4099
is_linear=0
shrinkage=0.05


Tree=253
num_leaves=31
num_cat=0
split_feature=4 12 2 6 8 3 11 8 7 7 8 4 7 8 12 8 6 11 7 4 2 2 5 9 5 10 1 9 4 7
split_gain=0.949229 2.51599 4.65832 3.76696 6.02347 4.28162 5.05484 3.49015 10.2314 5.71588 6.49373 8.44114 4.68951 3.80317 3.77725 3.76344 7.66031 5.93547 4.59066 4.54069 3.65698 3.61484 3.59703 3.44996 5.00468 5.21884 6.16704 5.61713 11.3812 8.44914
threshold=-0.31421014592579727 -1.0324595666400216 0.09746100203413556 -1.6821485409029566 -1.5630745139853348 1.175444448345681 0.0012420000000000488 -1.4757333452207306 -0.96987704204000069 -1.9962428067138196 -0.75259067767514598 -0.0023665838693688874 -0.63934073005741976 0.35445054763504452 -1.6057633853067592 -1.3707706075408759 -4.3730148619561167 0.028125500000000001 -2.6536471818038683 -0.18938579670892411 -0.088166037173654607 0.72818916816075241 1.1988199970097682 0.42457175000000008 -3.5847600402724491 -0.051857499999999994 0.75502980905215722 0.21375025000000003 -0.012122066449667289 -0.24423978217526851
decision_type=2 2 2 2 2 2 2 2 2 2 2 2 2 2 2 2 2 2 2 2 2 2 2 2 2 2 2 2 2 2
left_child=-1 7 3 5 -5 -3 -7 8 22 10 14 -12 -10 23 15 16 -9 -17 -18 -19 -20 -15 -2 24 25 -11 27 28 -27 -30
right_child=1 2 -4 4 -6 6 -8 9 12 13 11 -13 -14 21 -16 17 18 19 20 -21 -22 -23 -24 -25 -26 26 -28 -29 29 -31
leaf_value=0.00018123713902567715 -6.1785635562235631e-05 -0.0011651144681407619 -0.00025627292931204592 -0.015399930788925639 -0.0033198351320014199 0.027217997312545778 0.00094802222695162012 0.02801946226055875 -0.0053856421343468847 -0.014267978198216137 -0.012634464538789076 0.012835386492262938 -0.024465385043175261 -0.023728915794442099 -0.0031982842589551928 -0.0031971569118723515 -0.0068515266575243164 0.021262011702426458 0.016951281142731509 0.0024634415373800938 0.0032213765937787126 0.0010271101611955414 -0.010803314175558253 0.0007830040130689949 0.0049778139207397347 0.031913588475435975 -0.0197424131226452 0.00044488626349784184 -0.020446815653898134 0.013809440876874661
leaf_weight=51384 98893 795 9113 111 1467 30 47 33 610 58 226 38 34 30 849 613 92 44 60 119 253 29 78 10676 1294 45 34 812 30 45
leaf_count=51384 98893 795 9113 111 1467 30 47 33 610 58 226 38 34 30 849 613 92 44 60 119 253 29 78 10676 1294 45 34 812 30 45
internal_value=-1.46374e-13 -7.35844e-05 -0.00077663 -0.00271215 -0.00416958 -7.47351e-05 0.0111831 -2.89156e-06 -0.000111127 0.000698139 -0.00158478 -0.00896835 -0.00639296 0.00110512 -0.000639911 0.00114927 0.00485476 -0.000942241 0.00296727 0.0075379 0.00585331 -0.0115607 -7.02511e-05 0.00116263 0.00291108 0.000299409 0.00117406 0.0019371 0.0120344 0.000106938
internal_weight=177942 126558 11563 2450 1578 872 77 114995 99615 15380 2327 264 644 13053 2063 1214 438 776 405 163 313 59 98971 12994 2318 1024 966 932 120 75
internal_count=177942 126558 11563 2450 1578 872 77 114995 99615 15380 2327 264 644 13053 2063 1214 438 776 405 163 313 59 98971 12994 2318 1024 966 932 120 75
is_linear=0
shrinkage=0.05


Tree=254
num_leaves=31
num_cat=0
split_feature=0 7 9 11 9 8 8 2 6 5 9 6 3 0 10 6 6 7 5 10 11 3 6 3 4 11 7 9 5 6
split_gain=0.920099 2.21091 3.28573 2.64706 2.58048 2.5825 2.53147 3.34576 2.79654 3.65965 2.81866 2.65363 2.7725 2.38746 2.36092 4.0673 3.41544 3.31693 2.25935 2.26452 2.24245 2.13898 2.10741 2.86756 3.55665 2.91009 2.85321 2.76622 2.04121 2.01406
threshold=0.36400549450549452 -0.16936222881315599 0.6629670000000002 0.16761599999999996 0.12638750000000001 -0.45807636159734827 -1.1077833333066771 1.3466460679756804 0.055101617549080155 -1.1072727444525567 0.44664150000000008 -1.3135689508290949 -0.31895778706195221 0.42956891317547058 0.033257999999999989 -3.9276106471088146 -1.0378690880334245 0.80128946296928849 -3.0695480767009262 0.028457500000000014 -0.014592999999999993 -0.51849137451107852 -0.72569945993611162 1.0000000180025095e-35 -0.18263473053892212 0.037940499999999995 -0.76032549382292036 0.55466700000000013 -5.8055684585715532 -0.78284911934494483
decision_type=2 2 2 2 2 2 2 2 2 2 2 2 2 2 2 2 2 2 2 2 2 2 2 2 2 2 2 2 2 2
left_child=-1 2 6 18 -3 21 8 20 9 10 11 12 -2 -12 15 -7 17 -17 19 -4 -8 -6 23 24 26 -25 -22 -26 -18 -11
right_child=1 4 3 -5 5 14 7 -9 -10 29 13 -13 -14 -15 -16 16 28 -19 -20 -21 22 -23 -24 25 27 -27 -28 -29 -30 -31
leaf_value=-1.7595399789033032e-05 -0.01490476860531739 0.017620286783203484 -0.00281412406167125 0.015930194842318692 0.0058267900911279221 -0.019014111213288165 -0.0021199927177457585 0.015782897236027025 -0.014921266744689396 0.0052844234657558531 -0.00049376739075013742 0.018837022422640414 0.0061590921072686312 -0.013387382090124383 -0.0012168839766667149 0.01302703357782335 0.01472673452873197 -0.0063119488423345263 -0.0024253069159534315 0.0090611734724489554 -0.0070001217417736007 -0.0068287943700476002 0.010744004751810985 -0.0071341223078204346 0.0073900643105228106 0.0097132465530497328 0.0080879348444138129 0.029071055266207887 0.00069721908402483506 0.022631542194910623
leaf_weight=173780 21 20 68 24 39 22 105 74 27 44 97 27 61 57 1234 124 27 27 575 98 47 232 155 89 31 36 94 28 652 27
leaf_count=173780 21 20 68 24 39 22 105 74 27 44 97 27 61 57 1234 124 27 27 575 98 47 232 155 89 31 36 94 28 652 27
internal_value=-5.1513e-13 0.000734678 0.00206452 -0.000412539 -0.000263962 -0.000415716 0.00392231 0.00576591 0.000556842 0.00180807 -0.000911301 0.00524132 0.000764689 -0.00526608 0.000180821 0.0022052 0.00276764 0.00956907 -0.000941858 0.00419659 0.00449881 -0.00500751 0.00594667 0.00365871 0.00737171 -0.00228208 0.00305858 0.0176793 0.00125509 0.0118812
internal_weight=177942 4162 1785 765 2377 2357 1020 659 361 334 263 109 82 154 2086 852 830 151 741 166 585 271 480 325 200 125 141 59 679 71
internal_count=177942 4162 1785 765 2377 2357 1020 659 361 334 263 109 82 154 2086 852 830 151 741 166 585 271 480 325 200 125 141 59 679 71
is_linear=0
shrinkage=0.05


Tree=255
num_leaves=31
num_cat=0
split_feature=11 12 8 8 5 4 9 0 0 10 7 4 4 8 10 6 8 9 8 6 7 9 0 1 8 1 12 1 9 3
split_gain=0.912229 3.75497 7.8271 4.9327 4.37711 5.58086 4.78876 3.71895 5.013 3.96001 3.74162 3.70547 3.6652 3.44478 4.04167 3.27393 4.48805 3.23832 3.16071 2.97755 4.43133 4.02399 3.62302 6.10989 3.39415 4.75498 3.35874 6.70742 5.92933 6.37282
threshold=0.06857199999999998 -0.45326551351573791 1.0000000180025095e-35 0.046956488677263104 -1.0402282712751203 -0.6462824026758337 0.49929225000000005 0.36400549450549452 0.251694620891942 0.043279000000000019 -0.58731398222640896 -0.49378096308398789 -0.41210742875440276 -1.2451176859021162 -0.0060334999999999963 -0.83813213875680515 -0.40272694786548607 0.89330300000000007 -1.669591812370794 -4.1238404407315423 -3.9872842925641923 0.21171575000000001 -0.0023081369485710708 -0.032786885245901613 -3.0792678452525224 -0.076236250047909224 -2.7616327852571927 -0.036581768472552005 0.18805400000000003 0.49784612448207582
decision_type=2 2 2 2 2 2 2 2 2 2 2 2 2 2 2 2 2 2 2 2 2 2 2 2 2 2 2 2 2 2
left_child=-1 4 7 11 19 -6 13 8 9 -3 18 -4 -10 14 -7 16 -12 -17 -11 22 -21 -22 23 -2 25 -23 28 -28 29 -24
right_child=1 2 3 -5 5 6 -8 -9 12 10 15 -13 -14 -15 -16 17 -18 -19 -20 20 21 24 26 -25 -26 -27 27 -29 -30 -31
leaf_value=2.5118625385632897e-05 -0.010366341220390686 -0.013912975937423725 0.00040334789858510094 -0.00025613721618863511 0.01239003512649027 0.021741062113349991 -0.00055576742114392191 0.0044453852385049689 -0.037283130637793378 0.0088326425213987644 0.0020938253694277429 0.026572307151171471 -0.010771934931108264 0.013990159513438509 0.0020333119900738544 -0.0050107771226276573 -0.02048947508023544 0.0062415098661699909 -0.010137526824476573 -0.020854687919983499 0.011253123792917714 0.014129111654169503 -0.018215549334991667 0.011692115744309766 -9.0193650325162057e-05 -0.011599008238842926 0.014651122130453588 -0.015437226720335213 0.0076244464603383334 0.013839122615754604
leaf_weight=169593 53 126 24 932 127 28 979 80 22 24 44 31 32 96 367 104 44 166 258 26 76 21 69 77 4139 124 21 157 82 20
leaf_count=169593 53 126 24 932 127 28 979 80 22 24 44 31 32 96 367 104 44 166 258 26 76 21 69 77 4139 124 21 157 82 20
internal_value=-1.12362e-12 -0.000510234 -0.00247248 0.000602535 6.27711e-05 0.00233404 0.00146526 -0.00584475 -0.00684866 -0.00581067 -0.00421553 0.0151531 -0.0215728 0.00549497 0.00343032 -0.000822455 -0.00919782 0.0019073 -0.00852304 -0.000682804 -0.000274022 -0.000151294 -0.00442585 0.00269905 -0.000353613 -0.00787287 -0.00707982 -0.0118875 -0.00207536 -0.0110123
internal_weight=177942 8349 1887 987 6462 1597 1470 900 820 766 640 55 54 491 395 358 88 270 282 4865 4386 4360 479 130 4284 145 349 178 171 89
internal_count=177942 8349 1887 987 6462 1597 1470 900 820 766 640 55 54 491 395 358 88 270 282 4865 4386 4360 479 130 4284 145 349 178 171 89
is_linear=0
shrinkage=0.05


Tree=256
num_leaves=31
num_cat=0
split_feature=2 10 0 10 10 3 10 0 6 11 5 6 0 10 3 9 0 0 1 4 10 10 3 4 10 6 6 1 1 0
split_gain=0.910891 2.02061 1.61206 3.32204 2.28046 1.87334 2.1453 2.00645 1.83636 2.58816 1.873 2.01711 1.50268 1.41499 1.32662 2.43129 1.62337 1.51691 1.36579 1.2951 1.27455 1.24409 1.18446 1.18082 3.45757 2.7759 2.6718 2.03006 2.14954 1.84116
threshold=-0.76180543515133226 -0.15971549999999995 -0.27926228114907359 0.15840749999999998 0.17546850000000005 -0.43896413522696015 0.11919200000000006 -0.057373783554307327 0.17922085934290269 0.038795000000000031 0.66878532166453941 1.1472761162263767 -0.47550889683079944 -0.051857499999999994 -0.7708916882180048 0.92981900000000006 0.20447806600337651 0.038837223037467401 -0.51268504612744037 -0.88869028364568248 -0.0051924999999999879 0.061720000000000018 -0.53237103673109198 -0.88869028364568248 0.0088304999999999929 0.77048256514291291 -0.15715105490734421 -0.28738031486979582 0.050158072350164458 -0.27926228114907359
decision_type=2 2 2 2 2 2 2 2 2 2 2 2 2 2 2 2 2 2 2 2 2 2 2 2 2 2 2 2 2 2
left_child=1 -1 3 8 5 6 13 -7 9 22 11 19 -5 -4 15 -15 18 20 -17 -10 -16 -22 -3 24 25 29 -26 -28 -29 -2
right_child=23 2 4 12 -6 7 -8 -9 10 -11 -12 -13 -14 14 17 16 -18 -19 -20 -21 21 -23 -24 -25 26 -27 27 28 -30 -31
leaf_value=0.017075330790664471 0.00078493451269773338 -0.0034393823021376621 -0.013373990398314266 0.025755743336464677 -0.012884501261093343 -0.00094668792920525775 0.012270404253568915 0.020174349366646749 0.0094809968991261817 0.0088990766284686908 -0.0016236132316169193 -0.00071041777386375137 0.0085427641932255948 -0.020114657934225927 0.01689422992989421 -0.012675401078803198 0.0074445672129513701 -0.006772453616599017 0.00370384706184268 0.024653023870831188 -0.0025791095656364465 0.011630849214270711 -0.016188535500510498 -1.2979974440823481e-05 0.01131825938589965 0.010666091505083301 0.0050027665594825528 -0.018298326457000299 0.0038273172497394537 -0.015735605219379067
leaf_weight=21 26 49 27 21 36 22 27 23 39 31 61 31 32 22 20 35 32 33 20 22 43 24 29 176876 119 21 108 23 21 48
leaf_count=21 26 49 27 21 36 22 27 23 39 31 61 31 32 22 20 35 32 33 20 22 43 24 29 176876 119 21 108 23 21 48
internal_value=5.44595e-13 0.00180011 0.00132768 0.00394659 -0.000938687 0.000372439 -0.00113436 0.00984851 0.00163716 -0.00332226 0.00517034 0.00967503 0.015363 -0.00254814 -0.00127173 -0.00526476 -0.00150961 0.00235527 -0.00671931 0.0149529 0.00581751 0.00251102 -0.00817945 -7.10935e-06 0.00282998 -0.00537803 0.00570732 0.00131455 -0.00773836 -0.00993109
internal_weight=177942 700 679 315 364 328 283 45 262 109 153 92 53 256 229 109 87 120 55 61 87 67 78 177242 366 95 271 152 44 74
internal_count=177942 700 679 315 364 328 283 45 262 109 153 92 53 256 229 109 87 120 55 61 87 67 78 177242 366 95 271 152 44 74
is_linear=0
shrinkage=0.05


Tree=257
num_leaves=31
num_cat=0
split_feature=1 12 7 0 8 7 0 8 9 7 2 7 1 7 10 10 11 11 1 4 10 0 2 0 0 8 6 0 10 6
split_gain=0.893621 2.11067 3.72511 5.77258 3.18592 5.63111 6.91368 4.3724 6.58224 4.10076 7.42091 7.09172 4.75533 3.88649 3.85715 3.34041 4.23549 4.05607 13.6228 3.54562 4.8233 4.31941 3.51332 4.55291 3.19757 4.25957 2.72295 2.6536 2.53671 3.65758
threshold=0.2675431956753665 -2.3761201717990423 -3.5964930703360429 0.021358301731168931 -0.20621053679291659 -5.161602059988339 0.3404830362277172 -0.53979764942859687 0.17606625000000001 -0.24423978217526851 0.30293638628089675 -0.63934073005741976 0.44288975864318331 0.98584515841031373 0.062971000000000013 0.077782500000000018 -0.053940499999999995 0.043003000000000006 0.37617801936026501 -0.010256410256410274 0.12223400000000002 0.091505058644462359 0.13480463364892739 0.10058980272655484 0.050608177053355193 -1.5630745139853348 -0.25163528478105807 0.12435782964012067 0.070903499999999994 -4.3332931082008548
decision_type=2 2 2 2 2 2 2 2 2 2 2 2 2 2 2 2 2 2 2 2 2 2 2 2 2 2 2 2 2 2
left_child=-1 4 3 -3 7 -6 -7 9 -9 11 -11 15 -13 -8 -10 16 -2 22 -19 24 21 -21 23 -18 -17 -26 -24 -25 -4 -30
right_child=1 2 28 -5 5 6 13 8 14 10 -12 12 -14 -15 -16 19 17 18 -20 20 -22 -23 26 27 25 -27 -28 -29 29 -31
leaf_value=-4.3803080659381572e-05 -0.021153613539146528 -0.027532946757661797 0.00079193582529569128 0.0032335763406609336 0.030351611389778557 -0.018092064478745062 0.027448323709161389 0.0080798038769335969 -0.011376998685522095 0.034764761426909402 -0.0025037191643872683 -0.0067225801152256655 -0.033746039125792403 0.0017690499040593462 -0.04205807779915631 0.00035190052320167685 0.010704148407835005 0.002044547077578803 -0.041453264067294424 0.024052537260232151 -0.0092870972152934023 -0.0042297965881449209 -0.0022406739071503738 -0.017939733862876891 0.0094971174092003813 0.035837073959410194 0.013246102932969045 0.0017633770057862556 -0.011661247907775557 -0.00031493438034782209
leaf_weight=154353 28 30 15935 31 21 30 23 21 21 22 34 41 27 41 20 57 132 54 27 27 83 27 1334 25 66 20 29 54 72 5257
leaf_count=154353 28 30 15935 31 21 30 23 21 21 22 34 41 27 41 20 57 132 54 27 27 83 27 1334 25 66 20 29 54 72 5257
internal_value=-2.43319e-12 0.000286622 0.000440728 -0.0118975 -0.00116493 0.00694317 0.00171362 -0.00159882 -0.0146839 -0.00121009 0.0121375 -0.00157812 -0.0174525 0.0109975 -0.0263434 -0.00102821 -0.00186951 -0.00154325 -0.0124547 0.00402855 -0.00171982 0.00991137 -0.000981732 0.00502216 0.00953573 0.0156227 -0.00191117 -0.00447178 0.000476123 -0.000468234
internal_weight=177942 23589 21325 61 2264 115 94 2149 62 2087 56 2031 68 64 41 1963 1683 1655 81 280 137 54 1574 211 143 86 1363 79 21264 5329
internal_count=177942 23589 21325 61 2264 115 94 2149 62 2087 56 2031 68 64 41 1963 1683 1655 81 280 137 54 1574 211 143 86 1363 79 21264 5329
is_linear=0
shrinkage=0.05


Tree=258
num_leaves=31
num_cat=0
split_feature=9 11 7 12 8 0 11 8 3 4 0 8 9 7 6 8 10 6 6 7 5 11 5 1 11 5 1 8 7 7
split_gain=0.90391 3.11977 5.64565 9.84358 5.614 5.47095 5.07988 4.4408 4.31995 4.31015 4.42663 4.10024 4.74425 3.99779 11.3355 7.43053 5.66267 5.86427 5.36039 6.97768 7.00979 4.78168 4.5775 9.14111 5.09657 5.04794 5.72166 4.55004 13.4417 6.83787
threshold=0.44223125000000002 -0.01187349999999998 -2.4621575474753619 -2.3573152426928234 -1.3435095013519094 -0.049255799425664541 -0.02456150000000001 -1.1395262214460509 0.83577088552578271 -0.052237201781291313 0.014890714259505279 -3.6295390128577814 0.28147400000000006 -1.7380071944376689 -2.084254338524707 -2.2201207212176759 0.026683499999999975 -0.96767415362420717 -1.2924699055065194 -1.8765470533813149 -3.3033930372739029 0.054446499999999967 -7.8119887130988142 0.38774064646618484 0.017561499999999983 -5.3639736705721957 0.17408041947976508 -2.5995018777675232 -2.3006586930795874 -3.0470896434426487
decision_type=2 2 2 2 2 2 2 2 2 2 2 2 2 2 2 2 2 2 2 2 2 2 2 2 2 2 2 2 2 2
left_child=1 2 3 5 9 -1 -6 11 -4 -5 -11 12 -7 18 15 -15 21 -18 27 20 -20 -16 23 -19 25 26 -24 28 -3 -29
right_child=-2 13 8 4 6 7 -8 -9 -10 10 -12 -13 -14 14 16 -17 17 22 19 -21 -22 -23 24 -25 -26 -27 -28 29 -30 -31
leaf_value=0.0049224278473292971 -0.00014588553342889543 -2.0911754677649495e-05 0.0014599759584439853 -0.0011905182486222224 -0.0014399463888900034 -0.0023759852297189354 -0.029559169584212619 0.020289267113964476 0.0069876124494664023 -0.014116135221827803 -0.0036375042118142239 0.0010069331043214833 -0.024986475028951342 -0.0093538663927621706 0.0018656591681797535 -0.0021452999089119932 0.00068587549553033428 -0.0043614658307678141 -0.0089514634169163641 0.0018902985235646709 -0.0016799397741449089 0.01385484095067219 -0.0044112956076527814 -0.044137283852323891 0.00062277448872153306 -0.0065531661497047382 0.020725444684687414 -0.0012935436408518979 -0.0049046683679690242 0.00080073648002099661
leaf_weight=809 66499 41852 7092 2300 29 696 36 28 372 131 437 3566 24 388 2523 4546 2863 52 526 648 896 86 56 20 703 737 38 4400 1458 34131
leaf_count=809 66499 41852 7092 2300 29 696 36 28 372 131 437 3566 24 388 2523 4546 2863 52 526 648 896 86 56 20 703 737 38 4400 1458 34131
internal_value=3.6513e-12 8.70512e-05 0.00074474 -0.000173185 -0.00248308 0.00114927 -0.0170137 0.000441693 0.00173547 -0.00215376 -0.00605423 0.00031203 -0.00312967 -1.93605e-05 -0.000872501 -0.00271217 0.000409912 -0.000670669 0.000102768 -0.00241004 -0.00436969 0.00226086 -0.00308897 -0.0154103 -0.00251065 -0.00516143 0.00575037 0.000166324 -0.00018532 0.000561583
internal_weight=177942 111443 15520 8056 2933 5123 65 4314 7464 2868 568 4286 720 95923 12012 4934 7078 4469 83911 2070 1422 2609 1606 72 1534 831 94 81841 43310 38531
internal_count=177942 111443 15520 8056 2933 5123 65 4314 7464 2868 568 4286 720 95923 12012 4934 7078 4469 83911 2070 1422 2609 1606 72 1534 831 94 81841 43310 38531
is_linear=0
shrinkage=0.05


Tree=259
num_leaves=31
num_cat=0
split_feature=11 7 3 0 9 0 2 10 2 2 5 11 4 9 9 10 10 1 11 11 8 11 1 11 6 8 2 6 7 0
split_gain=0.904163 2.76831 7.24588 7.78328 7.62845 8.78789 7.60552 6.94559 5.69365 7.67722 4.87521 4.51771 3.25346 3.03373 3.0258 2.7336 2.68278 4.36668 5.64103 3.02878 4.70576 4.86528 3.84618 3.79334 3.83994 3.15886 2.85745 3.09888 3.11653 3.04664
threshold=0.011687999999999964 -5.161602059988339 -0.090523965688526151 0.017694510695901226 0.30279525000000007 -0.001296456594756412 0.015448663119496444 -0.084122999999999976 0.47650946073449535 0.17310447302351797 -7.8119887130988142 0.0012420000000000488 -0.012122066449667289 0.14015625000000001 0.15552875000000002 -0.01079350000000001 0.0093125000000000031 -0.10626276369514008 0.013187999999999993 0.046772000000000015 -1.6109387525517331 0.060531500000000023 -0.43534608462659197 0.026601500000000004 -2.8034800695449191 -2.4832334943074597 -0.51998807394156221 -1.7452832414070005 -0.73605716289561174 -0.085163182844210358
decision_type=2 2 2 2 2 2 2 2 2 2 2 2 2 2 2 2 2 2 2 2 2 2 2 2 2 2 2 2 2 2
left_child=1 2 -1 4 5 10 -7 -8 9 12 -4 13 -9 -11 -12 -2 17 18 -17 23 21 -21 -22 26 -25 -26 -20 29 -29 -28
right_child=15 -3 3 -5 -6 6 7 8 -10 11 14 -13 -14 -15 -16 16 -18 -19 19 20 22 -23 -24 24 25 -27 27 28 -30 -31
leaf_value=0.030770855284451198 -0.0010061639671941085 -0.00010211376884617443 0.030146618406562242 0.026313092430392582 -0.029823635816574098 -0.029953979058579234 0.02199500300611059 0.015184411012958136 0.016257353656900314 0.0018582059425257501 -0.0042569606241980393 -0.040580916933249687 -0.0069133321909854821 -0.024164331261999905 0.019390519227211675 -0.009042832311732989 0.00014359282812942428 0.00049612229939165144 -0.0077691389655228709 -0.0058890887380888069 0.010488612323614031 0.023514006122508469 -0.010040177577762717 0.024158271118168439 -0.0092113227785929393 0.010215289653118315 -0.0047207904831942614 0.015412483827487842 0.0030399923273510838 0.0056572195669764257
leaf_weight=24 4787 110630 34 31 20 24 30 31 28 21 31 20 36 24 24 76 57787 3234 48 24 29 34 107 46 23 232 113 111 94 189
leaf_count=24 4787 110630 34 31 20 24 30 31 28 21 31 20 36 24 24 76 57787 3234 48 24 29 34 107 46 23 232 113 111 94 189
internal_value=7.16231e-13 -8.75186e-05 0.00418408 0.00238159 8.47564e-05 0.00205891 -0.00343244 -8.23536e-05 -0.00422186 -0.00856593 0.0152628 -0.0208083 0.003311 -0.0120205 0.00606194 0.000145147 0.000233829 0.00142981 0.00411147 0.00506359 -0.000577274 0.0113472 -0.00566272 0.00634201 0.0108617 0.00846309 0.0038908 0.00499469 0.00973924 0.00177406
internal_weight=177942 111008 378 354 323 303 214 190 160 132 89 65 67 45 55 66934 62147 4360 1126 1050 194 58 136 856 301 255 555 507 205 302
internal_count=177942 111008 378 354 323 303 214 190 160 132 89 65 67 45 55 66934 62147 4360 1126 1050 194 58 136 856 301 255 555 507 205 302
is_linear=0
shrinkage=0.05


Tree=260
num_leaves=31
num_cat=0
split_feature=2 0 4 3 9 11 9 7 0 1 7 4 6 1 11 9 9 10 9 5 5 4 4 0 10 9 6 8 7 11
split_gain=0.870737 2.79209 4.85116 2.95421 3.96112 3.04927 3.39695 4.95492 2.94516 3.48022 3.09608 6.11594 3.92073 3.30682 3.14257 6.46391 4.14686 3.45862 4.44894 3.3803 3.36922 4.36103 3.95972 3.13282 3.09133 2.9744 2.92128 2.92869 4.56393 2.83763
threshold=0.06715709212859157 -0.045571268459915597 -0.070152209350507463 1.175444448345681 0.48146475000000005 -0.018806499999999973 0.27680725000000006 -2.438603123795819 -0.26302858844550325 -0.3604751924549594 -1.450593567641089 -0.18938579670892411 -1.0823724596527378 -0.10936442739626821 0.050944499999999983 0.57110225000000014 0.50569675000000014 0.081930999999999962 0.25768875000000008 -2.0926198919461378 -2.9846038029207134 -0.1599412861899778 -0.10758989773136339 -0.19155758489531574 0.11409999999999998 0.37400475000000005 -0.99156865631542768 -0.81573709035785757 -1.6734417595796252 0.046772000000000015
decision_type=2 2 2 2 2 2 2 2 2 2 2 2 2 2 2 2 2 2 2 2 2 2 2 2 2 2 2 2 2 2
left_child=-1 2 8 5 -5 -4 -7 -8 9 -2 14 -12 -13 -14 16 19 17 23 -19 20 22 -22 -16 -10 25 -21 27 -18 -29 -15
right_child=1 -3 3 4 -6 6 7 -9 10 -11 11 12 13 29 15 -17 26 18 -20 24 21 -23 -24 -25 -26 -27 -28 28 -30 -31
leaf_value=-0.00010365122417643669 -0.0051832556536161676 0.00024698100393109483 0.0072058877710896065 0.021998729364460578 -0.0080365646807920368 -0.0026607284709126156 -0.017301492177271584 -0.0040217450415735252 0.012581804127214439 0.0040724105164148027 -0.00034182180880179525 -0.0064354056784482281 -0.019760536669713002 0.00098337448792324778 0.012108324501816299 -0.0096221594669094138 0.0043719061102978967 0.013786136172711849 -0.0061412574261012027 0.034300550565655744 -0.020118773725282934 0.0069012639403808864 -0.0068232529989576771 -0.00038113612056552237 0.0015474562719464302 0.011641384440784655 -0.0069699301712319896 0.0046475584446971363 -0.019510720385348096 -0.0089967241611735652
leaf_weight=94740 120 69438 42 23 21 260 139 142 47 661 3401 840 23 502 131 66 881 30 422 28 28 32 35 5601 25 30 71 46 34 83
leaf_count=94740 120 69438 42 23 21 260 139 142 47 661 3401 840 23 502 131 66 881 30 422 28 28 32 35 5601 25 30 71 46 34 83
internal_value=-2.36901e-12 0.000118025 -0.000532545 -0.00482924 0.0076637 -0.00577211 -0.00677964 -0.0105907 -0.000327473 0.00265029 -0.000515692 -0.00150048 -0.0042219 -0.00116376 0.000120415 0.00458179 -0.000114164 -0.00061007 -0.00481864 0.00761565 0.00444642 -0.00570809 0.00811673 -0.000273265 0.0162451 0.0225803 0.00281706 0.00354014 -0.00561971 -0.000432605
internal_weight=177942 83202 13764 627 44 583 541 281 13137 781 12356 4849 1448 608 7507 375 7132 6100 452 309 226 60 166 5648 83 58 1032 961 80 585
internal_count=177942 83202 13764 627 44 583 541 281 13137 781 12356 4849 1448 608 7507 375 7132 6100 452 309 226 60 166 5648 83 58 1032 961 80 585
is_linear=0
shrinkage=0.05


Tree=261
num_leaves=31
num_cat=0
split_feature=4 12 2 10 10 0 8 7 9 7 8 4 3 8 4 11 11 7 12 9 11 8 7 0 9 3 9 11 11 6
split_gain=0.875649 2.89475 4.92747 3.99614 4.23953 3.21072 3.21039 11.6387 5.55428 4.52847 5.37154 8.60031 5.23798 5.03838 4.9467 6.55966 4.81112 4.05294 5.20568 3.85424 3.82933 3.81818 5.54899 7.33907 6.84262 7.65526 6.99828 4.51605 4.80004 4.24197
threshold=-0.35981511348464618 -1.0324595666400216 -0.10734204115482303 -0.103576 -0.064946499999999963 0.72245182591865209 -1.4757333452207306 -0.96987704204000069 0.17955650000000004 -1.9962428067138196 -0.61616188386454362 -0.0023665838693688874 -0.21051858948604626 0.35445054763504452 -0.24730315114274157 0.043003000000000006 -0.0064674999999999863 -1.2674497072804709 -3.433445000378113 0.24775325000000001 -0.025458499999999992 -0.77402731153567461 -0.68856014819560141 -0.064620227807645744 0.27839100000000006 0.15293592593240804 0.42457175000000008 -0.068962999999999983 -0.0054234999999999969 -2.7477975541040554
decision_type=2 2 2 2 2 2 2 2 2 2 2 2 2 2 2 2 2 2 2 2 2 2 2 2 2 2 2 2 2 2
left_child=-1 6 3 -3 -5 -4 7 17 -9 10 12 -12 16 21 15 -14 -8 -2 -19 -20 -16 22 24 -24 25 -11 -26 -25 -29 -28
right_child=1 2 5 4 -6 -7 9 8 -10 13 11 -13 14 -15 20 -17 -18 18 19 -21 -22 -23 23 27 26 -27 29 28 -30 -31
leaf_value=0.00019534950859091384 2.8027815912600907e-06 -0.01942820095588477 -0.00058836373234755787 0.013269929680973291 -0.0036840274738799148 0.0041804987393594013 -0.020167155938728129 -0.032375351190567017 -0.0056564851129778772 -0.035368236609631114 -0.013312572097447887 0.014490518871356141 0.0029158411562637872 -0.01289979573339224 -0.0090858699216840484 0.023912860651105847 -0.0034767996059927326 0.021129403822124006 -0.017863583325957642 -0.0020188152615286921 -0.00037298300439403935 0.0031215147625149506 -0.0072269397712104904 -0.020631217942214931 0.0042228106929841306 -0.00035299843907154896 0.0038336623597159791 0.0057009060763353802 -0.0012225023429186623 0.00033494321332825305
leaf_weight=43380 100871 39 11626 38 1244 364 59 20 708 27 177 33 401 65 137 41 161 24 39 2415 1586 1932 464 26 1691 37 972 327 1068 7970
leaf_count=43380 100871 39 11626 38 1244 364 59 20 708 27 177 33 401 65 137 41 161 24 39 2415 1586 1932 464 26 1691 37 972 327 1068 7970
internal_value=-1.70445e-12 -6.29766e-05 -0.000762902 -0.00366115 -0.00318149 -0.000443588 1.38615e-05 -9.06501e-05 -0.00639052 0.000647218 -0.00127723 -0.00894351 -0.000602207 0.000989761 0.000144741 0.00486353 -0.00795285 -4.62732e-05 -0.00204399 -0.00227063 -0.00106577 0.00105196 0.000734179 -0.00176719 0.00117496 -0.0151251 0.00127307 1.55891e-05 0.000400404 0.000715256
internal_weight=177942 134562 13311 1321 1282 11990 121251 104077 728 17174 2595 210 2385 14579 2165 442 220 103349 2478 2454 1723 14514 12582 1885 10697 64 10633 1421 1395 8942
internal_count=177942 134562 13311 1321 1282 11990 121251 104077 728 17174 2595 210 2385 14579 2165 442 220 103349 2478 2454 1723 14514 12582 1885 10697 64 10633 1421 1395 8942
is_linear=0
shrinkage=0.05


Tree=262
num_leaves=31
num_cat=0
split_feature=4 9 6 2 8 8 6 11 8 12 9 1 7 8 11 11 0 10 5 1 10 7 2 4 5 11 2 11 2 1
split_gain=0.875854 2.45071 6.82852 5.13299 4.39854 4.78084 3.78573 7.35959 3.6688 4.21028 5.58511 6.66307 4.36416 3.3952 3.28929 3.70294 6.80763 5.68279 4.09212 3.02149 2.86753 3.49504 3.70287 3.61176 3.32449 3.06025 3.5011 2.82786 2.8095 3.93831
threshold=-0.092435408751648171 0.39674825000000008 -6.5848101596763264 0.8396586489989919 -2.230101437332094 -3.7876692494490634 1.1472761162263767 0.00089499999999999313 -2.2833997217392175 -1.4773155069521782 0.60269475000000017 0.12393238380080486 -3.1420909843443021 -2.0961345363120629 0.01641450000000003 0.0065645000000000018 0.0093138785754768322 0.040577000000000051 -5.4473486807176181 -0.064870058114633852 0.0061585000000000121 -2.875380381944058 0.1698975555412037 -0.082497906197654888 -3.5847600402724491 0.010490999999999988 0.037365862619195063 0.0099200000000000278 0.3511314775076651 0.064325546403586245
decision_type=2 2 2 2 2 2 2 2 2 2 2 2 2 2 2 2 2 2 2 2 2 2 2 2 2 2 2 2 2 2
left_child=-1 19 -3 4 5 -4 -6 -8 9 12 -11 -12 -7 -5 15 16 18 -17 -14 20 -2 23 -23 24 25 26 -22 -25 29 -10
right_child=1 2 3 13 6 8 7 -9 28 10 11 -13 14 -15 -16 17 -18 -19 -20 -21 21 22 -24 27 -26 -27 -28 -29 -30 -31
leaf_value=8.0262234295407997e-05 -0.013192230774094291 -0.029204151034355166 0.017746941287380955 0.013407118089014181 -0.00080862503551091158 -0.011917635116485819 -0.034896968918231623 0.00012584596566739492 -0.0023342427717787883 -0.016997916560028383 0.024321240878530912 -0.016003777063451709 0.03008708181303172 0.00077527943167065162 -0.0056704191757792925 0.021286220745268196 -0.0053214120656403519 -0.004057051120577632 0.0052545601255967744 6.1141160659168318e-05 -0.004395422658749989 -0.015012722967083676 0.0068108552493728134 0.017469952382831552 0.010613319976255298 0.002163836912762734 -0.033626154060475526 -0.0037822208974672405 -0.0025560008594766263 -0.022603850892597907
leaf_weight=116797 76 21 24 54 10093 93 24 40 35 109 21 20 21 3569 192 55 215 37 79 45959 21 77 26 49 28 31 20 23 57 76
leaf_count=116797 76 21 24 54 10093 93 24 40 35 109 21 20 21 3569 192 55 215 37 79 45959 21 77 26 49 28 31 20 23 57 76
internal_value=3.67843e-14 -0.000153314 -0.000712594 -0.000672205 -0.00120177 -0.00430856 -0.000885492 -0.0130077 -0.00483265 -0.00348658 -0.0110807 0.0046505 -0.00184045 0.000963554 -0.000275883 0.00226896 -0.000308459 0.0110938 0.0104694 2.58463e-05 -0.00459557 -0.00221977 -0.00950386 0.00214222 -0.00400575 -0.00969094 -0.0186543 0.0106811 -0.0115791 -0.0162125
internal_weight=177942 61145 14835 14814 11191 1034 10157 64 1010 842 150 41 692 3623 599 407 315 92 100 46310 351 275 103 172 100 72 41 72 168 111
internal_count=177942 61145 14835 14814 11191 1034 10157 64 1010 842 150 41 692 3623 599 407 315 92 100 46310 351 275 103 172 100 72 41 72 168 111
is_linear=0
shrinkage=0.05


Tree=263
num_leaves=31
num_cat=0
split_feature=3 8 5 7 4 11 9 11 5 2 6 6 5 0 1 9 0 7 0 8 2 8 9 11 2 2 1 1 8 2
split_gain=0.876859 2.07718 2.67129 3.00149 2.42287 3.21292 2.87856 3.80246 4.02522 3.36407 2.68221 2.58026 2.39294 2.36001 2.41397 2.25104 2.81449 2.25009 4.75359 5.0355 5.23598 3.71682 6.99314 6.55114 5.98065 5.87916 4.73503 5.44191 5.7318 4.72097
threshold=0.0077496821643641143 -3.8907777091061058 -3.3675021687768578 -5.161602059988339 -0.068790822758050638 0.013187999999999993 0.17606625000000001 0.0040960000000000033 -3.9822082605219635 -0.010346218281325424 -4.6600068365216378 -3.8782326601983095 -8.4802051997006931 -0.025423728813559306 -0.060656576674170286 0.16528150000000003 0.037738566994450003 -3.4370155130043467 -0.053259891569193023 -1.1077833333066771 0.245449022423506 -2.9832593409367294 0.28147400000000006 -0.037718999999999996 -0.14738284299610224 -0.19574561351825884 -0.27026694099864829 -0.10936442739626821 -3.3337821518516422 0.6445919671432786
decision_type=2 2 2 2 2 2 2 2 2 2 2 2 2 2 2 2 2 2 2 2 2 2 2 2 2 2 2 2 2 2
left_child=1 2 3 -1 6 12 13 8 9 -8 -9 -12 -6 14 -5 16 -14 18 -3 20 -20 24 23 25 26 -23 -19 28 -28 -25
right_child=-2 17 -4 4 5 -7 7 10 -10 -11 11 -13 15 -15 -16 -17 -18 21 19 -21 -22 22 -24 29 -26 -27 27 -29 -30 -31
leaf_value=0.011884248997198373 9.3720020949302288e-05 0.0062725497563503319 -0.0086273319442750108 0.0057611475091627132 -0.026041288310661916 0.0030425312059164486 -0.0088190603037846503 -0.017548920583493752 0.022219614718448036 0.011375515595864272 0.0020970226672943682 -0.01409117004601285 -0.0070207598820244055 0.0050925266729981841 -0.013481364759783716 -0.00028455647144226299 -0.026183490144709748 -0.0047819886236230577 0.00027137869487036786 -0.020291616041855566 0.0089691716035465822 0.029667720084802975 -0.00024483541465576008 0.0014372543786382187 -0.0025829667689279295 0.0062810927321958658 0.031651338793594268 0.00090212959794917975 0.0076894151520337812 -0.019146671046369843
leaf_weight=41 103879 383 146 28 20 68 58 58 22 32 64 40 66 258 39 62 27 177 4468 29 180 36 58394 5408 3251 106 29 366 179 28
leaf_count=41 103879 383 146 28 20 68 58 58 22 32 64 40 66 258 39 62 27 177 4468 29 180 36 58394 5408 3251 106 29 366 179 28
internal_value=2.71168e-12 -0.000131449 -0.00236225 -0.00132635 -0.00196962 -0.00618066 -0.000261305 -0.00403625 0.0030477 -0.00163877 -0.00893379 -0.00412921 -0.00976453 0.00292126 -0.00543972 -0.0076643 -0.0125841 -0.000100019 0.000917174 0.000478622 0.000608212 -0.000175739 -8.32633e-05 0.00160817 -0.00165396 0.0122101 0.00236759 0.00457225 0.0110303 0.00133123
internal_weight=177942 74063 1029 883 842 243 599 274 112 90 162 104 175 325 67 155 93 73034 5060 4677 4648 67974 63972 5578 4002 142 751 574 208 5436
internal_count=177942 74063 1029 883 842 243 599 274 112 90 162 104 175 325 67 155 93 73034 5060 4677 4648 67974 63972 5578 4002 142 751 574 208 5436
is_linear=0
shrinkage=0.05


Tree=264
num_leaves=31
num_cat=0
split_feature=4 8 2 3 7 1 7 0 10 11 10 6 4 6 6 5 2 2 5 0 0 12 3 2 3 10 12 4 9 0
split_gain=0.844329 3.38775 2.57079 4.93231 7.01843 2.99362 3.03164 2.57494 3.71677 4.57331 4.30034 2.89905 4.63617 3.28055 2.30988 3.0724 2.67581 3.16297 2.96228 4.54624 2.60428 2.54299 3.65951 3.18233 2.54661 2.47209 2.97433 3.44012 2.55341 2.43548
threshold=-0.006276707981410278 1.0241060565142306 0.032550006399775351 0.19487445749127999 -3.5498358247142967 0.0089672246888693481 -4.2140309358374504 0.011152807505037889 0.20122450000000003 0.037940499999999995 0.10733149999999998 -5.0335900723270433 -1.0000000180025095e-35 -5.9507593418597535 -0.10932948288293921 -7.8119887130988142 1.3466460679756804 1.2067693090724012 -3.8595575633741581 0.13798008534850639 0.32043081804996215 -1.8054340458165676 0.81082732589581918 0.76111667780004455 -0.17011941256148858 0.22152100000000002 -0.98399710774265359 -0.0033551930016312843 0.60269475000000017 0.066521369686606172
decision_type=2 2 2 2 2 2 2 2 2 2 2 2 2 2 2 2 2 2 2 2 2 2 2 2 2 2 2 2 2 2
left_child=-1 2 3 -2 -5 6 -4 8 9 11 -11 12 13 -7 16 -16 17 21 19 -18 -19 23 24 -9 -23 26 28 -28 -26 -24
right_child=1 -3 5 4 -6 7 -8 14 -10 10 -12 -13 -14 -15 15 -17 18 20 -20 -21 -22 22 29 -25 25 -27 27 -29 -30 -31
leaf_value=2.99209664602663e-05 0.00034488391247577965 0.017633144528819963 0.027060071569867436 -0.039226203927925481 -0.0020651871752407815 0.00012067219094288622 -0.00014039895364216395 5.8023105260003421e-05 -0.021318553424595547 -0.0024460614537415298 0.029255228526890276 -0.0012965764726161689 -0.029866666002915456 -0.020055299846391227 -0.019197982067948788 -0.0025065884221622588 -0.024617506616881918 -0.014403175661655169 0.0060164243362994226 0.0020443571220610792 0.0016791463834334329 0.010361430051603488 -0.0076230357912644535 0.0057520801678397453 -0.0030077499000940307 0.010941147111977141 -0.027505548855127848 -0.0069017498071223277 0.013795347137214697 0.0020931847765330697
leaf_weight=165455 80 26 20 24 27 66 21 8149 30 23 20 194 26 29 29 559 21 71 327 67 39 35 71 253 1330 30 23 170 23 704
leaf_count=165455 80 26 20 24 27 66 21 8149 30 23 20 194 26 29 29 559 21 71 327 67 39 35 71 253 1330 30 23 170 23 704
internal_value=7.23338e-13 -0.000396458 -0.000434077 -0.00740151 -0.0195527 -0.000360052 0.0131281 -0.000405052 -0.00441345 -0.00299682 0.0122987 -0.00508479 -0.0111585 -0.00603831 -0.000274369 -0.0033298 -0.000115561 -0.000265619 0.003825 -0.00431813 -0.00870126 -0.000179605 -0.00162015 0.000229482 -0.00297831 -0.00327456 -0.00355041 -0.00935712 -0.00272211 0.00120305
internal_weight=177942 12487 12461 131 51 12330 41 12289 388 358 43 315 121 95 11901 588 11313 10898 415 88 110 10788 2386 8402 1611 1576 1546 193 1353 775
internal_count=177942 12487 12461 131 51 12330 41 12289 388 358 43 315 121 95 11901 588 11313 10898 415 88 110 10788 2386 8402 1611 1576 1546 193 1353 775
is_linear=0
shrinkage=0.05


Tree=265
num_leaves=31
num_cat=0
split_feature=7 9 5 4 0 5 6 1 2 2 5 3 10 3 6 1 0 6 3 4 5 1 8 7 5 2 10 4 10 4
split_gain=0.861549 1.79616 2.52269 2.56678 2.71968 3.4383 1.52114 2.9397 2.76544 2.42792 1.96454 1.37576 2.04327 1.9073 1.58243 2.80237 1.63867 1.48684 1.58167 1.34173 1.22651 1.19159 1.18334 2.41142 3.88875 7.5714 3.20661 3.1346 3.25895 2.91395
threshold=1.2644557469035156 1.1100262500000002 -0.78434578135997179 -0.17836257309941519 -0.17174442398507631 0.99193099663571227 -1.5660795343629019 -0.49055328913819474 -0.23779254804395447 0.14610159344201903 -2.6104407463303816 0.83577088552578271 -0.01079350000000001 3.8529851392295487 0.93084322875214942 0.32916114699469295 0.42956891317547058 1.5336608685699544 -0.48114495284090231 -0.064807407407407411 -0.521057868042614 0.0089672246888693481 0.53194283063380643 0.049377227678574255 -5.2450866761247754 0.38882573922778013 -0.048001999999999996 -0.2102169327317662 0.065686500000000023 -0.27146901473969004
decision_type=2 2 2 2 2 2 2 2 2 2 2 2 2 2 2 2 2 2 2 2 2 2 2 2 2 2 2 2 2 2
left_child=22 2 6 4 -4 -6 19 -8 -9 -10 -11 12 -3 -13 15 20 17 -16 -19 -2 -14 -15 -1 24 25 -24 -26 29 -29 -28
right_child=1 11 3 -5 5 -7 7 8 9 10 -12 13 14 21 16 -17 -18 18 -20 -21 -22 -23 23 -25 26 -27 27 28 -30 -31
leaf_value=-7.2493634369282138e-06 -0.015940841719150608 -0.0051427201559657567 -0.01595522784952854 -0.026489022316499834 -0.011032629113954803 0.017037712093442677 -0.0088907182611444088 0.021603784123030698 -0.011271860539757957 0.019620107553367103 -0.0011242536725476384 -0.0090893181585483523 0.0031250751301896101 -0.0050338621827818106 0.022797210733048048 0.017539262117934412 -0.0014246138135114543 0.016656837609596551 -0.0015114897528015403 0.001015399508178234 -0.0087082240710708702 0.010979613948326845 -0.0031780312139102645 0.0022278585812472965 -0.016517886416986587 0.035592378778383137 -0.0010597642115454066 -0.0016044957467760794 -0.022953896566248272 0.018069247023335525
leaf_weight=175159 28 68 43 21 24 20 46 23 24 21 25 73 41 21 26 20 26 25 23 20 47 26 34 1522 40 20 383 39 33 21
leaf_count=175159 28 68 43 21 24 20 46 23 24 21 25 73 41 21 26 20 26 25 23 20 47 26 34 1522 40 20 383 39 33 21
internal_value=1.951e-12 -0.00176208 -0.0047156 -0.0107998 -0.00701269 0.00172662 -0.00120177 0.00144824 0.00656213 0.00161988 0.008346 0.000438143 0.0023814 -0.00403134 0.00484121 0.000644693 0.00937344 0.0131674 0.00795118 -0.00887574 -0.00319498 0.00382466 6.86935e-06 0.001189 -0.00158493 0.0111814 -0.00292094 -0.00177834 -0.0113896 -6.54344e-05
internal_weight=177942 691 295 108 87 44 187 139 93 70 46 396 276 120 208 108 100 74 48 48 88 47 177251 2092 570 54 516 476 72 404
internal_count=177942 691 295 108 87 44 187 139 93 70 46 396 276 120 208 108 100 74 48 48 88 47 177251 2092 570 54 516 476 72 404
is_linear=0
shrinkage=0.05


Tree=266
num_leaves=31
num_cat=0
split_feature=1 2 1 10 8 4 6 6 7 8 6 3 11 2 6 0 10 4 3 8 5 5 0 0 9 2 4 7 12 7
split_gain=0.836093 2.06878 2.07328 2.9466 2.05852 2.74042 2.74757 4.7111 2.26331 3.05283 2.70357 2.79328 2.60501 2.89007 2.47192 3.53783 2.76358 2.91666 2.92957 3.98599 3.58003 2.60748 2.55018 2.45777 3.89063 3.60775 5.61919 4.60771 8.16181 6.27379
threshold=0.18023353200109074 2.6832893169696033 -0.13057885149832235 0.017984000000000017 0.79139424062734187 -0.36794426971656785 -1.1916918250713764 -1.5660795343629019 0.66024292506549187 -0.089535248493701564 1.1472761162263767 -0.48114495284090231 -0.10012049999999999 -0.57504194449087731 0.51988823891391789 -0.35143030079738929 0.054688500000000008 -0.40741102077687441 0.36627531982153311 0.35445054763504452 0.15921817236302443 1.927547841000401 -0.53088527638835437 0.018566673651217339 1.3590525000000004 0.0079552633469696116 -0.071481552389102407 -0.35020035185588611 -1.0162676664450188 -1.8890270557133519
decision_type=2 2 2 2 2 2 2 2 2 2 2 2 2 2 2 2 2 2 2 2 2 2 2 2 2 2 2 2 2 2
left_child=1 4 -3 -4 8 6 7 -6 10 -10 23 -12 -13 -14 15 -11 17 18 20 -20 -16 22 -18 -1 25 27 -27 28 29 -25
right_child=-2 2 3 -5 5 -7 -8 -9 9 14 11 12 13 -15 16 -17 21 -19 19 -21 -22 -23 -24 24 -26 26 -28 -29 -30 -31
leaf_value=0.00013133209149574952 0.00020736118127055505 -0.018913653757356638 0.012730707299141658 -0.010207886645747793 -0.0022305524972235334 0.020240136830224881 0.0011453480522201668 0.025806147893590314 -0.011362981397507107 -0.0077496979154833322 -0.011789410630916502 0.014326937658631285 0.010433146691481982 -0.0048122826746588307 -0.011101508078145538 -0.00071730083028166941 -0.0072734477546031566 -0.018557899156585338 0.02206471159989978 -0.00084382500584152624 0.0025564827516732017 -0.0063919034840669055 0.0091594341753776422 -0.0013779249612846482 -0.020432111760601404 0.00085416956490909531 -0.00052325426102846557 0.0015263668384494162 -0.0037586952689304775 0.00060699698773626013
leaf_weight=85145 38181 28 21 42 29 21 768 31 83 284 91 23 35 278 94 483 27 25 29 55 98 43 188 10733 24 12745 17669 1946 2395 6328
leaf_count=85145 38181 28 21 42 29 21 768 31 83 284 91 23 35 278 94 483 27 25 29 55 98 43 188 10733 24 12745 17669 1946 2395 6328
internal_value=-2.48617e-13 -5.66485e-05 -0.00759306 -0.00256169 -5.17383e-05 0.0024028 0.0019504 0.0122551 -6.67497e-05 -0.0020605 -4.63061e-05 -0.00401867 -0.00191409 -0.00310752 -0.00147822 -0.00332121 0.00105054 -0.00220428 -0.000722972 0.00706507 -0.00413024 0.00484782 0.00709577 -3.39238e-05 -0.000305349 -0.000296027 5.39558e-05 -0.000793382 -0.0010254 -0.000641709
internal_weight=177942 139761 91 63 139670 849 828 60 138821 1409 137412 427 336 313 1326 767 559 301 276 84 192 258 215 136985 51840 51816 30414 21402 19456 17061
internal_count=177942 139761 91 63 139670 849 828 60 138821 1409 137412 427 336 313 1326 767 559 301 276 84 192 258 215 136985 51840 51816 30414 21402 19456 17061
is_linear=0
shrinkage=0.05


Tree=267
num_leaves=31
num_cat=0
split_feature=4 9 12 5 8 8 5 3 2 6 1 3 12 6 0 7 11 8 9 9 9 2 6 6 7 0 11 1 4 1
split_gain=0.844697 3.03228 3.00171 4.09555 5.02857 3.9879 2.51259 2.57807 4.98967 5.08324 2.84546 3.37991 4.06532 3.3066 3.26516 4.25279 2.87509 2.81451 2.67186 2.53197 2.51031 2.50775 2.95157 3.79061 3.10773 4.439 4.12986 2.78073 6.00627 4.99807
threshold=-0.61685194249414899 0.21997150000000001 -0.48299058857886196 -3.7651611397858527 -1.1077833333066771 -0.99145536190509842 -0.19460024278375868 -0.66551072763531038 0.25465015274761688 -4.3730148619561167 -0.43534608462659197 -0.7708916882180048 -0.80624720324551824 -4.0919832836758578 -0.16086564361084335 -0.98929391222573038 0.0052489999999999768 0.53194283063380643 0.28147400000000006 0.56270475000000009 0.6507170000000001 -0.51998807394156221 0.51988823891391789 -0.91655271156554641 -0.20671524466458571 -0.16628618003580317 0.01698499999999999 -0.3604751924549594 -0.60812795021790311 -0.31512522281118471
decision_type=2 2 2 2 2 2 2 2 2 2 2 2 2 2 2 2 2 2 2 2 2 2 2 2 2 2 2 2 2 2
left_child=1 -1 6 -4 -5 -6 7 10 9 -9 11 -3 -13 -12 15 -15 -14 -11 -16 -10 -21 22 23 27 25 26 -25 28 -2 -29
right_child=21 2 3 4 5 -7 -8 8 19 17 13 12 16 14 18 -17 -18 -19 -20 20 -22 -23 -24 24 -26 -27 -28 29 -30 -31
leaf_value=-0.012536293259925314 0.0086626682673459476 -0.023030940081185565 -0.0035081791646691856 0.024650354878533454 -0.018355722808889276 0.00023856198601810691 0.0043209381817709567 0.019042850121622906 0.00036433616575474542 0.00098039954491284343 -0.018946579086553793 -0.012482318410960338 0.021519080772995951 0.02137138830003096 0.016644186882132834 -0.0028769177554005929 -0.0033020728999482735 0.016362625484665237 -0.00099081533116866512 0.033978067929856484 0.011884730208354692 -1.2966651802522455e-05 -0.016141029263197101 0.0080871197299155258 -0.0049813078520684574 0.0013296133420938991 0.035889438895339319 0.017368747734210706 -0.011219654788894348 -0.0027256038568095752
leaf_weight=45 46 29 853 21 29 5080 621 40 24 3399 23 60 20 40 22 33 28 30 906 20 36 165529 38 34 69 97 22 33 218 497
leaf_count=45 46 29 853 21 29 5080 621 40 24 3399 23 60 20 40 22 33 28 30 906 20 36 165529 38 34 69 97 22 33 218 497
internal_value=-2.39168e-12 0.000417183 0.000468704 -0.000300057 0.000233379 0.000133016 0.00133149 0.000937336 0.0016064 0.0013217 -0.0011079 -0.00787528 -0.0038057 -0.000202501 0.000228182 0.0104098 0.00704007 0.00111498 -0.000572744 0.0139519 0.0197752 -2.8447e-05 -0.00245961 -0.0019479 0.00382789 0.00780067 0.0190095 -0.00356279 -0.00775531 -0.00147445
internal_weight=177942 11359 11314 5983 5130 5109 5331 4710 3549 3469 1161 137 108 1024 1001 73 48 3429 928 80 56 166583 1054 1016 222 153 56 794 264 530
internal_count=177942 11359 11314 5983 5130 5109 5331 4710 3549 3469 1161 137 108 1024 1001 73 48 3429 928 80 56 166583 1054 1016 222 153 56 794 264 530
is_linear=0
shrinkage=0.05


Tree=268
num_leaves=31
num_cat=0
split_feature=4 11 9 1 11 2 11 0 10 3 9 12 11 0 11 2 10 11 8 2 3 9 4 11 11 2 5 6 6 5
split_gain=0.832531 2.56845 2.17733 3.19713 2.80399 1.94687 2.56285 3.44603 2.73448 2.83668 2.34903 2.30859 4.06688 4.01401 2.28537 2.14234 2.74119 2.22173 5.33493 2.58226 2.35026 2.27335 2.36217 2.07823 1.95098 1.92839 2.8828 3.12908 2.88932 2.8599
threshold=-0.79461732040710198 0.16761599999999996 0.58872900000000017 -0.34807161070973219 -0.020965000000000036 -0.59947742803115622 -0.016836500000000001 0.47939978150504475 -0.011841000000000044 0.050005636978579522 0.8771635000000001 0.048466965630220078 -0.05787999999999998 -0.32408908367627526 -0.076658999999999963 -0.17705969500969745 0.22152100000000002 0.0047600000000000151 -0.34322024116280719 -0.4750630747427757 -0.5474759968782329 0.91101375000000007 -0.84944795906032144 -0.0027174999999999834 0.025171499999999989 -0.76180543515133226 0.66878532166453941 0.42103195004701283 -2.0979892094296955 1.4814305384966715
decision_type=2 2 2 2 2 2 2 2 2 2 2 2 2 2 2 2 2 2 2 2 2 2 2 2 2 2 2 2 2 2
left_child=1 2 3 -1 -5 25 10 8 -8 15 14 12 -12 -13 -7 16 17 20 19 -19 21 22 -10 -24 -11 -4 28 -28 -27 -29
right_child=-2 -3 5 4 -6 6 7 -9 9 24 11 13 -14 -15 -16 -17 -18 18 -20 -21 -22 -23 23 -25 -26 26 27 29 -30 -31
leaf_value=-0.021457511764019728 -1.3356044855376016e-05 -0.0070690141140236241 0.0024318855740243523 0.015246822526678444 -0.0062837032375917326 0.019549205628308385 0.015907897275351621 -0.0068783670464957446 0.027825749244378962 -0.01450898378576723 -0.024919096993342525 0.014834400667159848 -0.0015889111252382717 -0.006751401410738548 0.00079146293442576175 -0.0014624494236583512 0.023777517376710539 -0.019798650060381211 0.0073381437914075672 -0.00076428025352711585 0.027179298307746649 0.0011118289498104291 -0.0011785521145121984 0.019969472441949795 0.0055212191469036047 0.011814342903424846 -0.0057927154143766063 0.018986256476095382 -0.0033486329157804413 0.0022591520125778124
leaf_weight=25 175269 98 615 20 62 22 59 60 23 31 31 33 47 62 62 90 23 28 254 49 20 55 26 21 20 33 46 47 655 56
leaf_count=25 175269 98 615 20 62 22 59 60 23 31 31 33 47 62 62 90 23 28 254 49 20 55 26 21 20 33 46 47 655 56
internal_value=1.07977e-13 0.000875758 0.00117812 -0.00580459 -0.00103236 0.00148086 0.00315967 0.00462094 0.00560801 0.00465848 -0.00115591 -0.00448684 -0.0108612 0.000746825 0.00570421 0.005638 0.00691865 0.00610404 0.00384313 -0.00768587 0.0112651 0.00871888 0.0146958 0.00827057 -0.006654 0.00030615 -0.00125577 0.00504968 -0.00262134 0.00989191
internal_weight=177942 2673 2575 107 82 2468 1016 759 699 640 257 173 78 95 84 589 499 476 331 77 145 125 70 47 51 1452 837 149 688 103
internal_count=177942 2673 2575 107 82 2468 1016 759 699 640 257 173 78 95 84 589 499 476 331 77 145 125 70 47 51 1452 837 149 688 103
is_linear=0
shrinkage=0.05


Tree=269
num_leaves=31
num_cat=0
split_feature=9 6 2 2 10 7 6 6 5 9 11 6 2 5 4 3 0 1 5 10 7 9 11 8 11 8 10 5 5 6
split_gain=0.843035 3.31621 3.24142 3.44276 3.48647 3.09373 6.24066 5.44613 6.05668 5.27727 6.51061 4.52701 5.40078 4.345 3.90518 4.85325 3.6329 3.6058 4.10698 5.16016 3.52659 3.35147 4.54855 3.62613 4.64629 7.4161 6.33649 5.56505 5.25986 4.80846
threshold=0.38604325000000006 -0.63063733605715522 1.2067693090724012 0.67011900833264593 0.25252300000000005 -2.7166363006166683 -6.5848101596763264 -5.4236783576855485 -7.6777408266029825 0.8771635000000001 -0.039686999999999938 -5.0335900723270433 -0.023176830666007339 -5.8547728742337277 -0.075555555555555529 0.053496474759749509 0.12167163509048552 0.23696572144704212 -2.819165464603604 -0.031434999999999984 -3.0316889362693513 0.39674825000000008 0.045463499999999983 -2.0110467792570779 0.0014225000000000212 -3.1327397423204748 0.1033285 -8.9809461250273088 -3.958401207119111 -2.1795495878750759
decision_type=2 2 2 2 2 2 2 2 2 2 2 2 2 2 2 2 2 2 2 2 2 2 2 2 2 2 2 2 2 2
left_child=1 2 3 -1 -5 6 -2 8 -7 10 17 12 -12 -10 21 -16 -17 18 19 -8 -21 22 -13 24 26 -26 27 -23 -27 -30
right_child=5 -3 -4 4 -6 7 9 -9 13 -11 11 14 -14 -15 15 16 -18 -19 -20 20 -22 23 -24 -25 25 28 -28 -29 29 -31
leaf_value=0.00011750850878683737 -0.028891885617659208 -0.0024089024223256502 -0.0099823201134140727 0.0035000073306112192 -0.017090253432148272 0.033896254096180203 -0.011367462785668015 -6.9928267810166254e-05 -0.011743902821093798 0.017225070826306539 0.033327609112020588 -0.0031409830081748306 0.0028341425161035557 0.015548174472392672 -0.016856236795322426 -0.0044534456579171577 0.01122401064130827 -0.029335570047524847 -0.017405726416553888 0.025376496397491011 -0.001160912317854743 0.03079530166462064 -0.02454383317726078 -0.0023114759073879269 -0.027461264546339709 -0.0044094195497045036 0.03124101531505585 0.003632997333528086 0.0034994468893661049 0.026039617250745113
leaf_weight=89470 21 1293 79 979 21 24 68 83179 25 37 20 308 53 35 75 485 40 22 72 21 31 20 27 622 24 247 25 330 263 26
leaf_count=89470 21 1293 79 979 21 24 68 83179 25 37 20 308 53 35 75 485 40 22 72 21 31 20 27 622 24 247 25 330 263 26
internal_value=1.30979e-12 0.000105374 0.000141277 0.000150117 0.00306761 -0.000112402 -0.0017361 -5.70778e-05 0.0126678 -0.00153359 -0.00178335 -0.00108431 0.0111885 0.00417648 -0.00144383 -0.00495863 -0.00325897 -0.010162 -0.00796501 -0.00230058 0.00955612 -0.000329195 -0.00486599 0.00064693 0.00261498 -0.000269308 0.00692219 0.00518513 0.000948242 0.00552728
internal_weight=177942 91842 90549 90470 1000 86100 2837 83263 84 2816 2779 2565 73 60 2492 600 525 214 192 120 52 1892 335 1557 935 560 375 350 536 289
internal_count=177942 91842 90549 90470 1000 86100 2837 83263 84 2816 2779 2565 73 60 2492 600 525 214 192 120 52 1892 335 1557 935 560 375 350 536 289
is_linear=0
shrinkage=0.05


Tree=270
num_leaves=31
num_cat=0
split_feature=11 12 6 7 9 8 11 8 10 1 6 0 7 9 10 11 9 6 2 5 7 10 1 10 1 2 10 6 2 2
split_gain=0.8325 4.79315 4.8446 4.76359 7.2103 6.97409 5.53789 5.23931 4.93972 7.02869 5.80443 5.18359 5.41416 4.49077 4.47259 5.69633 4.79052 5.12822 4.66238 4.50607 4.30545 4.62959 4.73147 4.0422 3.99376 3.98101 4.31544 3.94627 3.8886 3.70872
threshold=-0.01029000000000002 -1.291395830219533 0.63283129223687562 -2.2417392279831283 0.30726150000000002 -1.4113586573234007 -0.16932099999999997 -3.6295390128577814 -0.076675999999999994 -0.09789968735160047 -3.9810251841940993 -0.016486230432416978 -0.35020035185588611 0.27370250000000002 0.029135999999999985 -0.028727499999999958 0.44896825000000007 -3.209440986309914 0.13759739978331523 -6.0686262528559061 -3.0619210717559784 -0.0069329999999999106 0.043399165573402405 0.0019674999999999836 -0.31512522281118471 -0.22677087777032925 -0.019263499999999985 -4.2232889506201703 0.09237505648127721 0.27306010820689391
decision_type=2 2 2 2 2 2 2 2 2 2 2 2 2 2 2 2 2 2 2 2 2 2 2 2 2 2 2 2 2 2
left_child=1 2 3 4 6 14 -1 13 9 -5 -11 12 24 23 29 19 -17 -18 -19 -16 -7 28 -23 -8 25 26 -10 -21 -22 -6
right_child=-2 -3 -4 8 5 20 7 -9 11 10 -12 -13 -14 -15 15 16 17 18 -20 27 21 22 -24 -25 -26 -27 -28 -29 -30 -31
leaf_value=0.02333730142397274 -5.3041739971212088e-05 -0.00056570058628278429 -0.01066460509145474 0.011617916704050567 -0.0026076279078405262 -0.03201013512109057 -0.0051994672333690491 0.0016277528958798223 0.012217191586291398 -0.019531501643359664 0.0030579308937884108 0.0022305710975308044 -0.012831815377036791 -0.019328083220477167 -0.015547009392107345 0.002222359914788185 0.031501028532611913 0.01493685820952375 -0.013886687722988428 0.020159768769517541 0.0121201568261482 -0.02197881736595866 -0.0038504460801000468 0.0016965900014872873 -0.00033025943124517619 0.018637752488939442 -0.00082796132927270318 -0.0028216341127643148 -0.013002427776033679 0.0016317729885544675
leaf_weight=28 143439 12412 94 284 3024 20 426 5499 91 31 344 5422 82 38 68 962 29 47 20 20 43 71 73 424 3765 48 209 283 24 622
leaf_count=28 143439 12412 94 284 3024 20 426 5499 91 31 344 5422 82 38 68 962 29 47 20 20 43 71 73 424 3765 48 209 283 24 622
internal_value=2.90266e-12 0.00022051 0.000662248 0.000710652 2.17055e-05 -0.00134187 0.00114955 0.00105228 0.00149648 0.00568428 0.00119054 0.00120951 -0.000110203 -0.00251136 -0.000955131 0.00141583 0.0032852 0.0139357 0.00633281 -0.00391516 -0.00983841 -0.00773683 -0.0127887 -0.00175955 0.000143425 0.0052682 0.00312907 -0.00130471 0.00312102 -0.00188439
internal_weight=177942 34503 22091 21997 11721 5306 6415 6387 10276 659 375 9617 4195 888 5075 1429 1058 96 67 371 231 211 144 850 4113 348 300 303 67 3646
internal_count=177942 34503 22091 21997 11721 5306 6415 6387 10276 659 375 9617 4195 888 5075 1429 1058 96 67 371 231 211 144 850 4113 348 300 303 67 3646
is_linear=0
shrinkage=0.05


Tree=271
num_leaves=31
num_cat=0
split_feature=11 6 9 10 10 3 0 4 8 11 9 9 11 4 4 11 12 6 8 2 5 6 2 11 10 12 4 2 5 5
split_gain=0.862855 2.84848 10.6734 5.92861 8.14488 5.06779 6.23323 4.19355 4.18894 5.89814 3.16694 3.29825 5.38286 2.78562 3.83843 3.00516 2.67289 6.90116 5.66737 5.62775 8.77317 4.8809 5.35627 4.61701 5.34652 4.5243 4.51326 4.50911 4.67176 4.44261
threshold=0.011687999999999964 -6.5848101596763264 0.36911975000000002 -0.15971549999999995 0.015542999999999989 0.56138419352999414 -0.0059403678544687746 -0.001330377201759436 -2.1060815057566704 0.0062365000000000068 0.14015625000000001 0.18240425000000002 -0.0067425000000000115 -0.0073131034194885416 -0.031643680332514627 -0.00036349999999996102 -3.1444673080794172 -3.5551547928667069 -3.1692805031981508 0.38882573922778013 -10.166737729308066 -2.0117386923041272 -0.44916801299780018 0.018445499999999979 0.062319499999999979 -2.6245084969470316 -0.06349878556557946 -0.1040083000980178 -2.0711317104036402 -7.9525120142537178
decision_type=2 2 2 2 2 2 2 2 2 2 2 2 2 2 2 2 2 2 2 2 2 2 2 2 2 2 2 2 2 2
left_child=1 2 3 -1 5 6 -5 8 9 13 -8 -12 -13 14 15 -6 17 19 21 -2 -21 22 -18 24 25 -24 -26 28 -19 -22
right_child=16 -3 -4 4 7 -7 10 -9 -10 -11 11 12 -14 -15 -16 -17 18 27 -20 20 29 -23 23 -25 26 -27 -28 -29 -30 -31
leaf_value=0.03257690196624026 0.00046217726036138184 -0.00010065069371672565 -0.030540415502729869 0.018582594359204882 0.009303182112769438 0.018576471394170884 -0.020462598437306419 -0.0071372795356437566 0.029127854456265385 -0.01134327375330031 0.012500733899928274 -0.023085607999168777 0.0091108905622691288 0.032531940941698853 -0.0027155197610885932 0.035083090818952771 0.017923561111092567 0.0086917562295658231 0.00016504297686537018 0.012945456722298186 -0.031851981259111699 -0.017561146859079599 -0.0024006057681361919 -0.0035540806487163313 0.0022341694191322374 0.0074093590540561839 0.01961288229907833 0.0032798611629809835 0.034261711546092886 -0.0098940856018868688
leaf_weight=20 2633 110612 21 21 26 23 51 25 39 25 21 34 21 20 29 20 34 95 59639 37 29 50 761 1835 94 139 62 1392 22 112
leaf_count=20 2633 110612 21 21 26 23 51 25 39 25 21 34 21 20 29 20 34 95 59639 37 29 50 761 1835 94 139 62 1392 22 112
internal_value=1.0502e-13 -8.5496e-05 0.00414755 0.00609007 0.00459786 -0.00325828 -0.00665152 0.0118989 0.0148921 0.0102654 -0.0108241 -0.00435614 -0.0107924 0.0159519 0.0115306 0.0205118 0.000141793 0.0013447 5.87992e-05 -0.000119513 -0.00872395 -0.00207104 -0.00180625 -0.00203829 0.000595692 -0.000885511 0.00914109 0.00407226 0.0134998 -0.0144102
internal_weight=177942 111008 396 375 355 171 148 184 159 120 127 76 55 95 75 46 66934 4320 62614 2811 178 2975 2925 2891 1056 900 156 1509 117 141
internal_count=177942 111008 396 375 355 171 148 184 159 120 127 76 55 95 75 46 66934 4320 62614 2811 178 2975 2925 2891 1056 900 156 1509 117 141
is_linear=0
shrinkage=0.05


Tree=272
num_leaves=31
num_cat=0
split_feature=4 11 9 1 3 7 9 9 0 8 7 0 6 9 8 5 5 3 2 7 1 0 6 3 5 11 0 4 4 9
split_gain=0.825009 2.23208 3.30092 5.24323 3.93954 3.64289 6.34166 4.34865 4.22203 5.89206 5.37672 3.97253 3.20449 4.2572 3.00575 3.46792 5.72697 3.8304 4.27961 3.04674 4.07876 4.43084 2.96893 4.38743 2.72995 3.20481 3.17184 2.65621 2.62593 4.189
threshold=-0.31421014592579727 -0.068962999999999983 0.76517125000000008 -0.5384139375476007 1.8354068117313154 -2.0917935418833635 0.32725125000000005 0.36107675000000006 -0.32408908367627526 -0.24242348064533556 -0.24423978217526851 -0.15581827512037469 0.42103195004701283 1.3590525000000004 -1.2154596742230444 -2.650419604957873 -2.2921684233689543 -0.094385677607184346 -0.075818576980370186 -0.20671524466458571 -0.23420215655942675 -0.19155758489531574 -2.5689171234570551 -0.1898116481734812 -0.37293020586434095 -0.086000499999999994 -0.21603463585920282 -0.41210742875440276 -0.69300455927051663 0.91101375000000007
decision_type=2 2 2 2 2 2 2 2 2 2 2 2 2 2 2 2 2 2 2 2 2 2 2 2 2 2 2 2 2 2
left_child=1 2 3 -1 12 11 -7 -8 10 14 -9 -5 13 28 15 17 -17 18 -10 20 27 -22 23 -13 26 -26 -14 -16 29 -4
right_child=-2 -3 4 5 -6 6 7 8 9 -11 -12 22 24 -15 19 16 -18 -19 -20 -21 21 -23 -24 -25 25 -27 -28 -29 -30 -31
leaf_value=0.016513186538408341 -6.8600799530336767e-05 9.9514954557093711e-05 0.01051909633923644 0.013613661564886571 0.011146864550044905 0.031579517573118214 -0.01883827151137997 0.0076692076274067975 0.0024816976217109533 0.019135892968624831 -0.017367901233043156 0.0065208559678423973 -0.014962481947087153 -0.023451037434502865 -0.0041099438079349373 -0.019090069069240531 0.0058338046411116583 0.025597000505686519 0.026422512484714389 0.011605475521528052 0.017972198003080003 0.00046776938590627285 -0.014003014331683517 -0.018234909582883121 0.0030533303845335139 0.019868687907787595 0.0060345220412792904 -0.022132374167752766 -0.0055979852559192925 -0.0038837952564519124
leaf_weight=71 126558 49199 81 28 65 20 22 37 84 65 51 63 37 26 138 26 203 42 24 59 43 227 76 25 121 37 35 24 321 134
leaf_count=71 126558 49199 81 28 65 20 22 37 84 65 51 63 37 26 138 26 203 42 24 59 43 227 76 25 121 37 35 24 321 134
internal_value=4.45873e-12 0.000168963 0.0017327 0.00329388 -0.000686494 0.0025472 0.00369008 0.00315631 0.00362932 0.00461475 -0.00684094 -0.00379222 -0.00165767 -0.00369228 0.00352984 0.00687493 0.00300402 0.0127845 0.00780188 0.000947784 -0.00050778 0.00325551 -0.00676395 -0.000512032 0.00331387 0.0069911 -0.00475561 -0.00677993 -0.00273383 0.00154241
internal_weight=177942 51384 2185 1328 857 1257 1065 1045 1023 935 88 192 792 562 870 379 229 150 108 491 432 270 164 88 230 158 72 162 536 215
internal_count=177942 51384 2185 1328 857 1257 1065 1045 1023 935 88 192 792 562 870 379 229 150 108 491 432 270 164 88 230 158 72 162 536 215
is_linear=0
shrinkage=0.05


Tree=273
num_leaves=31
num_cat=0
split_feature=3 1 9 0 7 8 5 6 6 8 9 10 7 0 9 1 11 10 1 12 8 3 1 9 0 2 8 10 11 11
split_gain=0.854368 2.00693 2.72447 2.64698 3.58509 5.2464 3.77885 3.72454 5.15998 3.96262 4.64971 3.78357 3.35448 3.31703 3.23172 3.65392 3.19368 3.24712 4.41114 3.28574 4.06284 3.43489 3.2516 3.11622 3.06156 3.05041 3.54043 3.70373 3.1247 3.41377
threshold=0.0077496821643641143 -0.060656576674170286 0.14015625000000001 -0.024386170715414542 -2.9576831096820109 -3.2087345551221689 -2.0244627789303888 -4.603438380381232 -3.2568543072246192 -2.1060815057566704 0.42686025000000005 0.10941900000000003 -1.3454218064475081 -0.023376365005729368 0.40835025000000008 0.026906174330801672 0.037101499999999989 0.02704549999999999 -0.0056396278343914244 -1.862742750615773 -1.92709769654222 -0.062490138845061542 0.13361113040257425 0.38772375000000009 -0.064620227807645744 0.1698975555412037 -2.5873715545489717 0.012520999999999978 0.0080854999999999972 0.018151499999999963
decision_type=2 2 2 2 2 2 2 2 2 2 2 2 2 2 2 2 2 2 2 2 2 2 2 2 2 2 2 2 2 2
left_child=1 2 -1 4 6 -6 14 23 11 -10 12 -9 16 25 -3 -16 17 18 -11 20 21 -19 -21 -7 -14 26 27 -5 -28 -30
right_child=-2 3 -4 13 5 7 -8 8 9 10 -12 -13 24 -15 15 -17 -18 19 -20 22 -22 -23 -24 -25 -26 -27 28 -29 29 -31
leaf_value=0.018171137943863869 9.2510295400206243e-05 0.0010375115425548785 0.00015577698283880865 -0.0015238763210141944 -0.0221857103669355 0.01512843620730564 -0.0089836195776505142 -0.0044132441908288442 -0.0034130286637794496 -0.0022237783763557673 -0.0013134013356424291 -0.016512766577021391 -0.012449137679879752 -0.00019318313938915084 -0.00026441622396995284 0.024062626168244717 0.012462661331317024 -0.016817003678088676 0.009579367342164101 0.0091202495332981925 0.0012783121977245424 0.0048138378886505963 -0.0082002126478723115 -0.0043946286092602441 0.0042486839328317889 0.022320605145284424 0.006738557544433409 0.026047986537089635 -0.027074779495596887 0.0021389752486720682
leaf_weight=21 103879 1517 32114 21 31 60 91 718 1496 114 3359 71 66 33349 29 33 92 78 259 120 146 24 35 31 47 27 45 29 20 20
leaf_count=21 103879 1517 32114 21 31 60 91 718 1496 114 3359 71 66 33349 29 33 92 78 259 120 146 24 35 31 47 27 45 29 20 20
internal_value=-3.88605e-12 -0.000129753 0.00016755 -0.000357615 -0.00115031 -0.0016637 0.000923829 -0.00156897 -0.00170697 -0.0011939 -0.000428963 -0.00550205 0.00259941 -0.000158512 0.00149481 0.0126838 0.00365435 0.00261006 0.00597197 -0.000501583 -0.00407081 -0.0117274 0.00520918 0.00847772 -0.00550403 0.0069788 0.00391044 0.0144678 -0.00229978 -0.0124679
internal_weight=177942 74063 32135 41928 8417 6747 1670 6716 6625 5836 4340 789 981 33511 1579 62 868 776 373 403 248 102 155 91 113 162 135 50 85 40
internal_count=177942 74063 32135 41928 8417 6747 1670 6716 6625 5836 4340 789 981 33511 1579 62 868 776 373 403 248 102 155 91 113 162 135 50 85 40
is_linear=0
shrinkage=0.05


Tree=274
num_leaves=31
num_cat=0
split_feature=7 8 10 12 6 11 10 11 5 11 10 6 11 5 3 6 5 9 10 10 1 8 2 4 11 10 3 3 6 5
split_gain=0.819154 3.80862 2.2727 3.58227 3.20669 4.30962 3.85245 3.21727 5.33104 2.78038 2.75705 3.49593 2.42745 3.21354 4.4893 2.36711 4.66411 2.13676 1.91191 3.24672 1.96521 1.90571 1.76177 2.2283 2.40377 1.59188 1.52985 1.51991 1.9798 1.46152
threshold=0.98584515841031373 0.097553224530925187 -0.0087525000000000502 -0.53793131161053431 0.42103195004701283 0.031798499999999959 0.13695350000000003 0.0074035000000000082 -0.42248903026378265 -0.047198500000000025 0.086586500000000025 1.5336608685699544 0.0022600000000000124 -2.160187674538868 -0.35437982733752288 -1.0607413900804039 -1.2048586165817936 0.86242050000000015 0.084120999999999987 0.10512699999999998 -0.47065905942181846 0.64417623718873818 -0.34226631845668354 -0.73747236549825124 -0.086000499999999994 0.086586500000000025 0.35438239182477588 1.3782981000802785 1.5336608685699544 -3.4548790135215834
decision_type=2 2 2 2 2 2 2 2 2 2 2 2 2 2 2 2 2 2 2 2 2 2 2 2 2 2 2 2 2 2
left_child=-1 -2 3 29 6 7 9 8 21 -4 -9 -12 25 14 -14 -8 -17 -5 20 -20 -7 -6 -19 -24 -25 26 -11 28 -21 -3
right_child=1 2 4 17 5 18 15 10 -10 12 11 -13 13 -15 -16 16 -18 22 19 27 -22 -23 23 24 -26 -27 -28 -29 -30 -31
leaf_value=9.4912043536485823e-06 -0.020168397591735884 -0.0088334255259145383 -0.016766454402143912 0.013372709662653507 -0.019743453861092747 0.017261740779504181 -0.022489932450116615 0.0075438012557941074 0.0096165327675918344 0.0082313555107248245 0.010379716219461483 0.038962641302496194 -0.01009332481950808 -0.0055128865064298684 0.015521668639034035 0.008355541028563054 -0.017778474519543938 -0.0072426898997054985 -0.02262778071841846 0.009182543362686901 -0.00045511652812516945 -0.0021163677250075597 0.015176726970821619 0.01112362971672645 -0.0062028204243437489 0.019821464675478639 -0.006571313575841487 -0.014369690366480168 -0.0060246951859064257 -0.0272744758498101
leaf_weight=176560 26 22 24 20 23 20 32 69 114 64 23 20 26 179 50 31 38 151 24 38 72 46 22 26 87 20 24 21 49 21
leaf_count=176560 26 22 24 20 23 20 32 69 114 64 23 20 26 179 50 31 38 151 24 38 72 46 22 26 87 20 24 21 49 21
internal_value=-4.7091e-13 -0.00121257 -0.000849107 -0.00432617 0.000355954 0.00309191 -0.00255381 0.00706217 0.00297723 -0.00028429 0.0137367 0.0236741 0.00080544 -0.00185549 0.00675864 -0.0112499 -0.00603711 -0.00242724 -0.00213677 -0.00599321 0.00339637 -0.00799206 -0.00353213 0.0006182 -0.0022162 0.00708819 0.00419426 -0.00229664 0.000617547 -0.0178395
internal_weight=177942 1382 1356 349 1007 519 488 295 183 387 112 43 363 255 76 101 69 306 224 132 92 69 286 135 113 108 88 108 87 43
internal_count=177942 1382 1356 349 1007 519 488 295 183 387 112 43 363 255 76 101 69 306 224 132 92 69 286 135 113 108 88 108 87 43
is_linear=0
shrinkage=0.05


Tree=275
num_leaves=31
num_cat=0
split_feature=5 2 7 11 2 2 0 11 4 4 8 10 6 8 9 0 10 10 12 1 5 0 8 6 7 9 8 3 1 5
split_gain=0.827105 5.55093 3.20966 3.66245 2.55249 2.92966 2.642 2.45944 4.59974 2.4554 2.28937 3.60693 3.53509 2.11161 2.07771 2.52539 1.79778 1.55918 1.93174 1.96509 1.54267 3.02532 5.84286 6.13047 4.00015 3.93725 7.19117 3.57608 3.37572 3.20094
threshold=1.927547841000401 1.5576432820319142 1.2644557469035156 0.060531500000000023 -0.070038418590465598 -0.35107450279480323 -0.23709229966973752 -0.0044705000000000153 -0.61685194249414899 -0.1580227207787728 -0.27656457206873453 0.052673500000000047 1.1472761162263767 0.79139424062734187 0.84760425000000017 -0.041963650680755908 0.061720000000000018 0.10733149999999998 0.25284675567315007 0.17705080183554681 0.54371673742843962 -0.12819629256569295 -1.2596564955575713 -0.10932948288293921 -1.026420249138345 0.62260650000000017 -0.64038662994508244 0.99308551963186531 -0.032786885245901613 0.99193099663571227
decision_type=2 2 2 2 2 2 2 2 2 2 2 2 2 2 2 2 2 2 2 2 2 2 2 2 2 2 2 2 2 2
left_child=20 2 3 4 5 7 -7 8 -2 -3 12 14 -6 -4 -12 -16 -5 -18 19 -19 -1 22 -22 28 29 26 27 -26 -24 -23
right_child=1 9 13 16 10 6 -8 -9 -10 -11 11 -13 -14 -15 15 -17 17 18 -20 -21 21 24 23 -25 25 -27 -28 -29 -30 -31
leaf_value=-1.607151730599196e-05 -0.0019711120164191179 0.019999158615246416 -0.0261956125497818 0.019289344931021333 -0.00019427831090676289 -0.0061821286498409955 -0.023921982796732771 0.0029017104405431532 -0.028599110969504262 0.0020247510046158966 0.025703389924019576 -0.0091787110382158844 -0.022405902223418591 -0.0069031436940202046 0.018035241995345463 -0.0062055945041633795 -0.0082423296291381128 0.023536517843604089 -0.0037719016734125282 0.0030471389554440976 0.010406929488337144 -0.0011618512623410133 -0.0085838672747542404 0.003322276643118423 -2.5022496454051285e-05 -0.00012534340925956632 0.017384371330569449 0.015536919010004827 0.0041989531022097381 -0.0090060064348989038
leaf_weight=173125 55 38 23 20 81 41 43 74 23 38 20 28 23 37 22 21 24 22 29 25 215 417 197 971 305 1629 95 42 70 189
leaf_count=173125 55 38 23 20 81 41 43 74 23 38 20 28 23 37 22 21 24 22 29 25 215 417 197 971 305 1629 95 42 70 189
internal_value=-4.35079e-13 -0.00173154 -0.00331665 -0.0021208 -0.00427176 -0.00776939 -0.0152632 -0.00362805 -0.00982296 0.011012 -3.87208e-05 0.00575299 -0.00510646 -0.0142986 0.0123893 0.00619669 0.00560473 0.00286781 0.00637627 0.0126379 6.71105e-06 0.000961731 0.00279857 0.00147725 -3.5255e-05 0.00101026 0.00519555 0.00185856 -0.00523257 -0.0036083
internal_weight=177942 687 611 551 431 236 84 152 78 76 195 91 104 60 63 43 120 100 76 47 177255 4130 1453 1238 2677 2071 442 347 267 606
internal_count=177942 687 611 551 431 236 84 152 78 76 195 91 104 60 63 43 120 100 76 47 177255 4130 1453 1238 2677 2071 442 347 267 606
is_linear=0
shrinkage=0.05


Tree=276
num_leaves=31
num_cat=0
split_feature=11 11 12 10 10 10 6 3 12 10 7 2 1 1 1 2 6 2 10 3 7 2 8 11 6 9 6 11 2 11
split_gain=0.801935 3.38582 3.08818 4.36904 2.25615 2.21638 6.89883 5.27059 6.34397 5.90616 6.67598 4.74899 4.5099 5.10365 3.73746 3.33345 5.08468 3.08621 4.04745 2.89037 2.85517 3.6149 2.68501 2.6804 5.71804 3.09359 2.97453 2.50091 2.45383 2.51864
threshold=0.0074035000000000082 -0.0017044999999999975 0.64357157203265014 0.32282450000000013 0.010247999999999926 0.12887450000000003 1.5336608685699544 -0.078284214272261218 -2.992093458404391 0.25252300000000005 -3.093805390488984 0.17650038481272459 -0.050260816499461562 0.13361113040257425 0.24647175985204153 0.31977860456570667 -4.7861466191853337 0.1698975555412037 0.15840749999999998 0.83577088552578271 -2.1041705323519806 -0.28175426463808195 -2.5758941772304738 -0.0092139999999999705 -1.8666838229524176 0.48431000000000007 -2.9578243227985062 -0.032809000000000012 -0.51998807394156221 -0.050169999999999985
decision_type=2 2 2 2 2 2 2 2 2 2 2 2 2 2 2 2 2 2 2 2 2 2 2 2 2 2 2 2 2 2
left_child=1 5 3 -3 -4 -1 7 27 15 10 11 -10 -11 -14 -15 16 -9 18 23 -19 22 -22 -20 24 26 -25 -12 28 -7 -30
right_child=-2 2 4 -5 -6 6 -8 8 9 12 17 -13 13 14 -16 -17 -18 19 20 -21 21 -23 -24 25 -26 -27 -28 -29 29 -31
leaf_value=0.00019482473187374977 0.00011349012102008353 -0.00044112933701165958 -0.023985581969221435 -0.021781303500756622 -0.0023053761183594664 -0.0025663945205451457 -0.026241240899876825 -0.015061641018837691 -0.010509898202357496 0.01989404244037966 -0.0045914873924283754 -0.035783664123429093 -0.016203767490676708 0.023908384063873779 -0.0036309165281376669 0.02156188867520541 0.0060073000744783455 0.0032033366385762021 -0.016613328047096729 -0.010203560080443479 -0.0055107919299708947 -0.024813715453389326 0.0089849186662052365 0.017342165433284311 0.0026590649259545037 -0.0051836874123130528 -0.028270053615172704 0.00027861502663180138 0.0041453741269994199 0.018263418639278023
leaf_weight=55996 83027 37122 24 24 24 48 28 36 41 33 21 34 36 22 28 24 140 131 20 58 35 79 21 27 59 35 36 606 68 59
leaf_count=55996 83027 37122 24 24 24 48 28 36 41 33 21 34 36 22 28 24 140 131 20 58 35 79 21 27 59 35 36 606 68 59
internal_value=1.09422e-12 -9.92756e-05 -0.000471295 -0.000454917 -0.0131455 0.000140444 -0.00162482 -0.00121865 -0.00379164 -0.00599082 -0.00801828 -0.0219673 0.00418056 -0.00184903 0.00848638 0.00408144 0.00169774 -0.00601411 -0.00891049 -0.000910949 -0.0148177 -0.0188874 -0.00350203 -0.00376657 -0.00825223 0.00462596 -0.0195464 0.00179908 0.00706423 0.0107042
internal_weight=177942 94915 37194 37146 48 57721 1725 1697 916 716 597 75 119 86 50 200 176 522 333 189 155 114 41 178 116 62 57 781 175 127
internal_count=177942 94915 37194 37146 48 57721 1725 1697 916 716 597 75 119 86 50 200 176 522 333 189 155 114 41 178 116 62 57 781 175 127
is_linear=0
shrinkage=0.05


Tree=277
num_leaves=31
num_cat=0
split_feature=11 12 8 8 4 9 10 5 6 1 3 8 8 0 6 1 4 10 10 7 9 12 10 5 8 6 4 6 8 3
split_gain=0.821609 4.26267 9.06374 7.7198 4.5339 5.59434 11.1271 7.08685 5.07919 4.83088 4.8044 4.50306 4.25573 3.8785 3.99377 6.25143 5.80075 3.83529 3.76556 3.701 3.5837 4.59476 5.94562 4.92927 4.69463 3.51911 3.47634 3.29898 4.17164 3.29281
threshold=0.065730500000000011 -0.45326551351573791 0.79139424062734187 1.0000000180025095e-35 -0.15209001379940232 0.26411575000000004 0.045354000000000012 -4.1365954325994165 -3.0598777615096124 0.036826036358915688 -0.0040207250922096862 -0.24242348064533556 0.046956488677263104 -0.097710589869817829 -5.6288607342000709 0.082625378463737978 -0.032784627195953535 0.043279000000000019 0.12223400000000002 -0.58731398222640896 0.52193600000000007 -1.8342346468152186 0.094840000000000022 -2.8584808631634737 -2.1787278285993721 -0.8114184081785224 -0.53088888935054424 -0.83813213875680515 -0.40272694786548607 -0.46968830178212323
decision_type=2 2 2 2 2 2 2 2 2 2 2 2 2 2 2 2 2 2 2 2 2 2 2 2 2 2 2 2 2 2
left_child=-1 2 4 17 5 6 7 -2 9 -8 -7 13 26 -6 15 16 -15 -3 -17 29 21 23 24 -12 -23 -24 -5 28 -21 -19
right_child=1 3 -4 12 11 10 8 -9 -10 -11 20 -13 -14 14 -16 18 -18 19 -20 27 -22 22 25 -25 -26 -27 -28 -29 -30 -31
leaf_value=2.486318464955248e-05 0.0098450517074929345 -0.013164659415849964 -0.032686675286718779 -0.00016887529681508358 -0.020262767647260004 -0.00032246831823097013 -0.02301874810208877 0.045441749261627945 0.017368031457066536 0.008249093574427423 -0.0070724109786429587 0.0091078874927879583 -0.0003204496941637948 -0.020164913386106494 -0.001131778248570909 -0.0080869122119299301 0.013257165204079166 -0.019035672636504179 -0.032612332183977265 0.0019389763899278223 0.001279290858335391 0.037774172780059637 -0.0011222758593037725 0.008971270151034166 0.012813837389217415 0.01978121753005932 0.024277434678691808 0.0009146142210597893 -0.015905052431338988 -0.0061134992634373853
leaf_weight=168897 27 148 21 26 28 2711 30 29 25 21 105 99 985 20 2524 29 37 61 34 57 871 21 125 88 183 24 33 349 77 257
leaf_count=168897 27 148 21 26 28 2711 30 29 25 21 105 99 985 20 2524 29 37 61 34 57 871 21 125 88 183 24 33 349 77 257
internal_value=-3.63096e-12 -0.00046427 0.000112768 -0.00250605 0.000210733 0.00123476 0.0113674 0.0282791 -0.00109382 -0.0101438 0.00091075 -0.00136355 0.000460844 -0.00175153 -0.0015555 -0.0104677 0.00153012 -0.00576995 -0.0213229 -0.00440364 0.00327014 0.00644601 0.00983755 0.000242843 0.0153833 0.00224473 0.0135045 -0.00164589 -0.00831468 -0.00859228
internal_weight=177942 9045 7052 1993 7031 4260 132 56 76 51 4128 2771 1044 2672 2644 120 57 949 63 801 1417 546 353 193 204 149 59 483 134 318
internal_count=177942 9045 7052 1993 7031 4260 132 56 76 51 4128 2771 1044 2672 2644 120 57 949 63 801 1417 546 353 193 204 149 59 483 134 318
is_linear=0
shrinkage=0.05


Tree=278
num_leaves=31
num_cat=0
split_feature=1 10 9 11 10 6 4 5 10 2 7 10 11 3 4 4 10 9 7 0 8 11 9 5 5 11 2 8 9 9
split_gain=0.805809 2.02445 4.38522 4.25402 5.68615 3.17453 3.92009 4.87132 3.07629 3.22181 2.88705 2.97501 2.85458 6.09309 4.03705 4.50098 3.10127 5.99761 4.28728 9.12593 3.44058 4.07079 3.95146 3.63283 3.52128 3.38542 3.174 4.48273 3.29754 2.93194
threshold=0.2675431956753665 0.004436499999999983 0.2720597500000001 -0.013184500000000014 -0.036187499999999949 0.63283129223687562 -0.013052971811598533 1.1988199970097682 0.042867499999999996 0.54644438269889783 0.15475293825086553 -0.015385499999999995 0.16761599999999996 -0.014817101757515492 -0.0023665838693688874 -0.041737408851877204 0.16585850000000005 0.12638750000000001 -2.4036270944793823 0.11259366580601705 -0.56452745480880628 -0.041977499999999994 0.82115925000000012 -10.821330288145264 -5.75867567335193 -0.015677999999999994 0.58214155718098959 -1.5379547607262765 0.26883725000000003 0.91101375000000007
decision_type=2 2 2 2 2 2 2 2 2 2 2 2 2 2 2 2 2 2 2 2 2 2 2 2 2 2 2 2 2 2
left_child=-1 2 3 4 -2 -4 10 -8 -3 -10 11 -7 16 -14 15 -15 17 -11 19 -19 22 -22 26 -23 -25 -18 27 -20 -28 -26
right_child=1 8 5 -5 -6 6 7 -9 9 12 -12 -13 13 14 -16 -17 25 18 20 -21 21 23 -24 24 29 -27 28 -29 -30 -31
leaf_value=-4.1595277392910959e-05 -0.0012371283736737335 0.0012413763437804351 -0.00058875069638450548 -0.0029289209857688982 -0.028461666084529665 0.026248150456721259 -0.021208449991952098 0.006954005020944511 0.00064590792225715534 0.024441679753363133 0.0046125224686430809 0.0027983855988298143 -0.012494547553360463 0.010454413384342423 -0.0015815889564318919 0.037881133417111072 0.010499163000629499 -0.012092017432885422 -0.016412995836239251 0.010466843941494039 -0.022422742743331656 -0.023553579198196534 -0.013053127469600374 0.0079953448598745237 -0.0045561016457310571 -0.0085069518630640408 -0.0189238590169407 0.00078736466643596558 0.0014772067620550005 0.0010413544357288629
leaf_weight=154353 34 8093 4230 211 44 38 28 34 6520 23 133 21 35 52 39 21 26 210 63 57 26 20 53 81 750 237 20 95 2055 340
leaf_count=154353 34 8093 4230 211 44 38 28 34 6520 23 133 21 35 52 39 21 26 210 63 57 26 20 53 81 750 237 20 95 2055 340
internal_value=2.59858e-13 0.000272176 -0.000647503 -0.00661722 -0.0165946 -0.000262746 0.00516638 -0.00576452 0.000505468 -4.99459e-05 0.00869615 0.0179016 -0.00112941 0.00571525 0.0114058 0.0183443 -0.00137747 -0.00101341 -0.00116871 -0.00727608 -0.000703199 -0.00285083 0.000440135 -0.00242356 -0.00206268 -0.00662802 0.000760396 -0.00607101 0.00128057 -0.00281011
internal_weight=177942 23589 4773 289 78 4484 254 62 18816 10723 192 59 4203 147 112 73 4056 3793 3770 267 3503 1217 2286 1191 1171 263 2233 158 2075 1090
internal_count=177942 23589 4773 289 78 4484 254 62 18816 10723 192 59 4203 147 112 73 4056 3793 3770 267 3503 1217 2286 1191 1171 263 2233 158 2075 1090
is_linear=0
shrinkage=0.05


Tree=279
num_leaves=31
num_cat=0
split_feature=12 6 10 11 10 0 5 5 1 10 3 8 7 6 6 7 7 8 10 6 7 8 0 0 11 5 6 11 0 3
split_gain=0.82562 3.54603 2.89836 3.51375 2.9301 3.02641 4.23732 4.13633 4.37055 3.8501 4.0584 2.89008 7.41832 10.1349 7.22815 6.57533 5.59557 6.0404 5.27532 5.255 5.73609 5.20502 5.04705 6.81753 5.2812 4.51603 6.62698 3.89644 4.37481 3.89153
threshold=-1.8809158401072892 -0.63063733605715522 0.17546850000000005 -0.047198500000000025 -0.11632450000000001 -0.048042300141583942 -8.2771019076722734 -6.5598797082225415 0.18023353200109074 0.028792000000000002 0.1678374009996845 -2.1275576049591653 -2.1391864745239486 -2.1662581871832658 -1.5305002444298568 -2.9441541029407925 -1.8272172337282142 -2.7081860247193705 -0.0069329999999999106 -1.7747360430451262 -1.2359649118184997 -2.6105691037376326 -0.20764709223080416 -0.13503995720894643 -0.039686999999999938 -1.8633863539641002 -1.0607413900804039 0.040805500000000001 -0.041963650680755908 -0.48114495284090231
decision_type=2 2 2 2 2 2 2 2 2 2 2 2 2 2 2 2 2 2 2 2 2 2 2 2 2 2 2 2 2 2
left_child=1 11 3 -3 -5 9 -7 8 -8 -6 -11 12 14 16 22 -13 17 -14 19 20 -17 -15 24 -24 -1 26 -23 -19 -29 -21
right_child=-2 2 -4 4 5 6 7 -9 -10 10 -12 15 13 21 -16 18 -18 27 -20 29 -22 25 23 -25 -26 -27 -28 28 -30 -31
leaf_value=0.017315979326555792 -0.00011343540605616488 0.011065428230284276 -0.017075066923192054 -0.017762878720438288 -0.001660447772597622 -0.015169314686530964 0.00063093820443520189 -0.00061939960852463983 0.030911257541315126 -0.019510555287531345 -0.0034062451280250741 -0.0022027425914587849 -0.010673191184080475 -0.0057304567458679005 -0.0038023941753092278 0.0031301341385017709 -0.0063887814316295191 -0.0019721054817311598 0.00065861708950191208 -0.0094909780309535563 -0.0050558088198817512 0.0010783433491635558 0.0060612935069608888 0.00022333396505005342 -0.0057982280899402886 0.0038343557646071304 -0.0066946943416735629 0.020872491766012424 0.0015174257180963955 0.0084611489827814881
leaf_weight=26 84360 49 33 31 219 47 26 769 22 83 74 1773 191 303 1131 1359 1065 2324 14761 32 254 1553 504 64403 499 1021 333 38 126 533
leaf_count=26 84360 49 33 31 219 47 26 769 22 83 74 1773 191 303 1131 1359 1065 2324 14761 32 254 1553 504 64403 499 1021 333 38 126 533
internal_value=-1.48134e-13 0.000102257 -0.00243889 -0.00207299 -0.0025795 -0.00219992 -0.000570398 0.000269442 0.0145094 -0.00594435 -0.01192 0.000139536 -1.67187e-06 -0.00155559 0.00016067 0.000694321 -0.00332304 -0.00210429 0.000997556 0.00329465 0.00184109 0.000505883 0.000229172 0.000268665 -0.00465352 0.0011559 -0.000294096 -0.00144647 0.00600214 0.00744439
internal_weight=177942 93582 1353 1320 1271 1240 864 817 48 376 157 92229 73517 6954 66563 18712 3744 2679 16939 2178 1613 3210 65432 64907 525 2907 1886 2488 164 565
internal_count=177942 93582 1353 1320 1271 1240 864 817 48 376 157 92229 73517 6954 66563 18712 3744 2679 16939 2178 1613 3210 65432 64907 525 2907 1886 2488 164 565
is_linear=0
shrinkage=0.05


Tree=280
num_leaves=31
num_cat=0
split_feature=4 1 9 3 1 7 9 5 12 6 8 7 7 10 3 12 1 8 11 11 6 4 12 0 1 10 4 12 4 0
split_gain=0.806882 2.71844 2.75204 2.74215 3.36174 5.24955 3.02097 2.80269 3.69115 6.65686 6.28435 5.43928 4.22753 5.03295 4.50558 3.97072 4.51782 3.62827 4.97495 3.51893 3.48729 3.39908 4.63159 5.00499 4.69237 3.57721 3.75422 3.41283 3.77459 3.63656
threshold=-0.23342018452266908 1.4783098118279572 0.95052725000000005 -0.14642172662337896 -0.19997906197654933 -3.5268564213590032 0.29679625000000004 -3.6075725180739506 -2.2131054614605508 -4.943957892341138 -1.9908822965092818 -2.6288185869838259 -2.8343297430006653 -0.036187499999999949 -0.1243704615419927 -2.158725511059584 -0.085525588833963315 -1.8834382468023754 -0.0082135000000000107 -0.076658999999999963 -2.358144054850642 -0.35981511348464618 0.048466965630220078 -0.23709229966973752 0.057145308784231082 -0.13303649999999997 -0.28097003703009549 1.0000000180025095e-35 -0.36382301150200441 -0.030635779047935071
decision_type=2 2 2 2 2 2 2 2 2 2 2 2 2 2 2 2 2 2 2 2 2 2 2 2 2 2 2 2 2 2
left_child=1 3 -3 -1 5 6 -5 8 11 10 -10 12 13 -6 -15 16 -11 18 -13 -17 -14 22 24 -24 27 26 -23 28 -9 -30
right_child=-2 2 -4 4 7 -7 -8 21 9 15 -12 17 20 14 -16 19 -18 -19 -20 -21 -22 25 23 -25 -26 -27 -28 -29 29 -31
leaf_value=-0.000142469078530747 -8.4483443502803043e-05 0.015264570409968748 0.0014300000380582946 -0.0059006826790209748 -0.019024933936695257 -5.8505739780919916e-05 -0.023853328393682118 0.00037199193464849094 0.034107784327352418 0.019492855062791414 0.0016721915079480306 0.0045966287921848049 0.0062424496292303186 0.012341030858040445 -0.00089610529649216579 0.0120278190207832 0.0021495720368729515 0.0058045860669094958 -0.010311591093917461 0.0017588612026250825 0.027856386063451116 0.00076402762426516497 0.0031699025314301252 -0.0072333826886551173 0.0052108609303583887 -1.8905538148945293e-05 -0.021203659474849701 0.017011699052245328 0.018812378293852201 -0.0062097412021830684
leaf_weight=40678 109193 59 92 96 33 10945 31 1908 32 70 28 70 123 76 417 85 81 62 279 4503 22 37 200 274 1032 7369 41 33 53 20
leaf_count=40678 109193 59 92 96 33 10945 31 1908 32 70 28 70 123 76 417 85 81 62 279 4503 22 37 200 274 1032 7369 41 33 53 20
internal_value=9.51959e-14 0.000134184 0.00683556 0.000119433 0.00050101 -0.000175783 -0.0102828 0.000945777 0.00182642 0.00242121 0.0189712 -0.000811649 0.00196286 -0.000120875 0.00114451 0.00221168 0.0101895 -0.00534133 -0.0073214 0.00194911 0.00952181 0.000473535 0.00175388 -0.00284381 0.00246934 -0.00013165 -0.0107831 0.00106455 0.0007989 0.011957
internal_weight=177942 68749 151 68598 27920 11072 127 16848 5881 4799 60 1082 671 526 493 4739 151 411 349 4588 145 10967 3520 474 3046 7447 78 2014 1981 73
internal_count=177942 68749 151 68598 27920 11072 127 16848 5881 4799 60 1082 671 526 493 4739 151 411 349 4588 145 10967 3520 474 3046 7447 78 2014 1981 73
is_linear=0
shrinkage=0.05


Tree=281
num_leaves=31
num_cat=0
split_feature=4 7 9 6 5 11 9 8 8 5 7 3 9 5 5 0 9 10 8 6 1 10 7 3 11 0 0 7 0 6
split_gain=0.822135 2.95307 3.66175 3.19533 2.35237 7.38938 4.25747 3.57166 2.54084 2.37488 2.30011 2.30113 2.26946 3.77355 3.62784 3.94293 3.54339 3.6043 3.82579 3.51105 3.39207 3.12526 3.46539 3.48211 3.26795 3.40954 3.15065 3.23597 2.94451 2.82254
threshold=-0.6808459810309947 -2.0688445654205876 0.28606475000000003 -3.5918804779218889 -4.0074791437638977 0.012532000000000017 0.49000375000000007 -2.5176880911085076 -1.2730972707381223 -1.8864915967575926 -1.913313741652017 -0.53237103673109198 0.8771635000000001 -3.7651611397858527 -3.9073606690293636 -0.53088527638835437 0.89330300000000007 0.089211999999999944 -0.089535248493701564 -1.8818295667926661 -0.47065905942181846 -0.002003499999999991 -0.98929391222573038 0.59791991531693545 -0.12171299999999995 0.55990869431835333 -0.47550889683079944 0.80128946296928849 -0.15140845070422529 -1.1698032694771594
decision_type=2 2 2 2 2 2 2 2 2 2 2 2 2 2 2 2 2 2 2 2 2 2 2 2 2 2 2 2 2 2
left_child=1 2 -1 -3 5 -4 7 -6 -8 -9 11 -5 -12 14 15 -14 17 -15 -19 20 -18 26 -23 24 -24 -26 27 -21 -25 -28
right_child=-2 3 4 10 6 -7 8 9 -10 -11 12 -13 13 16 -16 -17 19 18 -20 21 -22 22 23 28 25 -27 29 -29 -30 -31
leaf_value=-0.0045183023676658293 -2.2306724453813355e-05 -0.011935691454641101 0.0052210909547284251 -0.011182391129406895 0.01808101147921248 0.035675940017348959 0.030933688301593067 -0.0089052523722251264 0.0065660350368884597 0.007364363939268515 0.0014668794747390429 0.0078531940560787918 0.014898104037690377 -0.0019543130691163243 -0.019360969771667826 -0.004508839167680352 0.023052867291720982 -0.032706954625124733 -0.0041698385353969494 0.01574018169637947 0.0031532681142514354 -0.015142471890430899 -0.017625463589848508 -0.0014724387928063787 0.0026643534110068257 -0.006712709112987653 0.0097634682036710514 -0.0013265874804701747 -0.016206484513468636 -0.0053361264450651367
leaf_weight=78 170593 53 69 77 22 28 20 75 23 32 3205 20 28 100 38 401 33 24 23 42 61 32 21 129 1954 102 33 82 46 498
leaf_count=78 170593 53 69 77 22 28 20 75 23 32 3205 20 28 100 38 401 33 24 23 42 61 32 21 129 1954 102 33 82 46 498
internal_value=-1.03014e-12 0.000517808 0.00502016 0.000294684 0.00778596 0.0140122 0.00427465 -0.00026707 0.0178998 -0.00403957 0.000387965 -0.00725753 0.000496198 -0.000356841 -0.00455378 -0.00324219 0.000259501 -0.0073218 -0.018742 0.000626943 0.0101393 0.000322703 0.00119585 0.00142801 0.00199871 0.00219915 -0.00272197 0.00445409 -0.00534539 -0.00439773
internal_weight=177942 7349 347 7002 269 97 172 129 43 107 6949 97 6852 3647 467 429 3180 147 47 3033 94 2939 2284 2252 2077 2056 655 124 175 531
internal_count=177942 7349 347 7002 269 97 172 129 43 107 6949 97 6852 3647 467 429 3180 147 47 3033 94 2939 2284 2252 2077 2056 655 124 175 531
is_linear=0
shrinkage=0.05


Tree=282
num_leaves=31
num_cat=0
split_feature=0 7 10 9 8 6 7 11 10 5 1 10 6 3 0 10 4 3 8 10 1 9 10 2 9 4 2 3 10 6
split_gain=0.827373 2.00919 2.62392 2.27229 2.13472 2.87445 2.75754 2.80381 2.68701 2.53843 2.48972 2.47458 2.79623 3.08234 2.84461 2.75449 2.74088 2.33352 2.77082 2.36443 2.24188 3.09603 2.08855 2.05888 1.99947 2.66265 1.89358 1.87603 1.78416 2.03518
threshold=0.36400549450549452 -0.2824885417915563 -0.076675999999999994 0.12638750000000001 -0.34322024116280719 -0.5960951798687254 -0.86907646503919389 -0.010657499999999999 0.041701999999999996 -6.3585881607700721 0.033383638755729368 0.018748500000000005 -1.3135689508290949 -0.066461124259070289 0.47939978150504475 0.033936000000000015 -0.02732442227441861 -0.36970085968802269 -0.48631132294880131 0.14640600000000001 0.83244862779434714 0.68964625000000013 0.02704549999999999 0.13759739978331523 0.52193600000000007 -0.045197771137674418 0.53113809446909521 0.58497466732496373 0.052157000000000044 -0.37375792633724131
decision_type=2 2 2 2 2 2 2 2 2 2 2 2 2 2 2 2 2 2 2 2 2 2 2 2 2 2 2 2 2 2
left_child=-1 2 -2 -3 6 8 -4 23 27 -9 -10 12 13 -11 -14 16 22 28 19 -19 21 -7 -13 -8 -25 -26 -12 -6 -17 -30
right_child=1 3 4 -5 5 20 7 9 10 11 26 15 14 -15 -16 17 -18 18 -20 -21 -22 -23 -24 24 25 -27 -28 -29 29 -31
leaf_value=-1.6685246830748024e-05 0.016075979974685291 0.016642813747748734 -0.00062557217431599536 -0.00027526351372048687 -0.0068724336801096802 0.023905356843834338 -0.0088270525255336844 -0.0051404937179115144 -0.011301131470081134 0.025288749397510576 0.013121157630600714 0.014615316465497017 -0.010591145136778982 -0.0021381941740401091 0.0073017271655973883 0.026413432868007066 0.0074087430823695016 0.0048388762984350846 -0.0080330551526433727 0.020052412608317263 -0.005404296743267395 0.0027228050298340944 0.037191966211511975 0.017088927179574966 0.0082704552409655248 -0.0083055092208087454 -0.0036921356914236267 -0.023928977861734375 0.0032295895337195301 0.0218121565979622
leaf_weight=173780 33 20 397 2600 38 23 58 47 39 21 33 20 58 20 36 22 37 214 37 29 47 69 21 20 47 50 34 28 41 23
leaf_count=173780 33 20 397 2600 38 23 58 47 39 21 33 20 58 20 36 22 37 214 37 29 47 69 21 20 47 50 34 28 41 23
internal_value=1.36821e-12 0.000696675 0.00212866 -0.000146118 0.00182365 -0.00186736 0.00278183 0.00447064 -0.00618862 0.00603473 -0.00125734 0.00694187 0.00101389 0.0119098 -0.00373856 0.00874429 0.0172751 0.00692624 0.00471363 0.00665448 0.00347982 0.00801844 0.026179 -0.00112431 0.00269414 -0.000273856 0.00458904 -0.0141085 0.0141301 0.0099077
internal_weight=177942 4162 1542 2620 1509 311 1198 801 172 626 106 579 135 41 94 444 78 366 280 243 139 92 41 175 117 97 67 66 86 64
internal_count=177942 4162 1542 2620 1509 311 1198 801 172 626 106 579 135 41 94 444 78 366 280 243 139 92 41 175 117 97 67 66 86 64
is_linear=0
shrinkage=0.05


Tree=283
num_leaves=31
num_cat=0
split_feature=9 2 6 7 11 5 1 0 7 1 1 8 9 0 9 2 9 10 8 6 0 9 7 7 1 5 2 1 1 10
split_gain=0.823676 2.79468 2.75212 5.43306 4.71082 3.66239 10.4338 4.2799 3.93811 4.04863 6.17737 3.8288 4.15505 3.37341 3.36322 3.3594 3.29613 3.19327 4.09467 4.13099 7.83447 6.37319 6.75064 5.96427 5.39005 5.09204 4.91455 4.19327 7.32105 3.87272
threshold=0.38604325000000006 1.2067693090724012 -0.83813213875680515 -1.8765470533813149 -0.047198500000000025 -7.9525120142537178 0.36510547201336691 0.1148049393873868 -0.4725036382729188 0.27930360991379316 0.41320524057757085 -1.1860369459917366 0.36107675000000006 0.028932777814841496 0.33012300000000006 0.67011900833264593 0.20056225000000003 0.071670000000000025 -0.045750439440615971 -3.6715519807395833 0.08659243284554409 0.23102725000000005 -3.093805390488984 -3.5498358247142967 -0.10626276369514008 -6.1771090395423931 -0.091377755807286007 0.38774064646618484 0.47719332275726073 0.014723500000000002
decision_type=2 2 2 2 2 2 2 2 2 2 2 2 2 2 2 2 2 2 2 2 2 2 2 2 2 2 2 2 2 2
left_child=1 2 15 -4 14 6 7 -6 11 -10 -11 13 -13 -7 -5 17 -15 29 19 20 27 22 24 -23 -21 -26 -27 -19 -29 -1
right_child=-2 -3 3 4 5 8 -8 -9 9 10 -12 12 -14 16 -16 -17 -18 18 -20 21 -22 23 -24 -25 25 26 -28 28 -30 -31
leaf_value=0.00049627017925629724 -0.00011110356701697627 -0.0087516934820189244 -0.011026366138640716 0.027215454153095682 -0.011171559192536568 -0.0036676181115508862 -0.043187612001784149 0.015443905248590137 0.017753748222762211 -0.022456926118770971 0.013700795490445603 -0.025327329808736549 0.003393727838993073 -0.014139460388458137 0.0031825683262148826 0.0030557301657766029 0.0020448769334439764 7.1017356283307356e-05 0.022990142177080827 -0.022409712099893529 -0.0073654473627492688 -0.0083351587805898381 0.009919286576340591 0.0011897756856613867 -0.0065682047574470437 0.023823747329879554 0.0036213894402397449 0.037877271147444852 -0.0039206783287227152 -0.00024451535693103117
leaf_weight=26840 86100 89 147 24 44 667 20 23 55 21 27 34 20 33 37 985 674 2916 21 22 376 169 433 5975 120 32 508 20 22 51488
leaf_count=26840 86100 89 147 24 44 667 20 23 55 21 27 34 20 33 37 985 674 2916 21 22 376 169 433 5975 120 32 508 20 22 51488
internal_value=-8.4235e-13 0.000104157 0.000112747 -0.00180896 -0.00100196 -0.00151621 -0.0114953 -0.00203491 -0.000949137 0.00849303 -0.00211821 -0.00163019 -0.0146899 -0.00111693 0.0126381 0.000151769 0.00128946 0.000119608 0.000933475 0.000889749 -0.000567196 0.00155891 0.00503666 0.000927778 0.0019367 0.00274824 0.00481857 0.00029695 0.0159831 9.32342e-06
internal_weight=177942 91842 91753 1826 1679 1618 87 67 1531 103 48 1428 54 1374 61 89927 707 88942 10614 10593 3334 7259 1115 6144 682 660 540 2958 42 78328
internal_count=177942 91842 91753 1826 1679 1618 87 67 1531 103 48 1428 54 1374 61 89927 707 88942 10614 10593 3334 7259 1115 6144 682 660 540 2958 42 78328
is_linear=0
shrinkage=0.05


Tree=284
num_leaves=31
num_cat=0
split_feature=4 11 9 1 2 11 0 10 3 9 12 11 0 11 2 10 11 8 5 3 9 4 11 8 10 3 5 7 0 11
split_gain=0.79012 2.27049 1.95198 2.9617 1.76417 2.27177 2.95802 2.53459 2.50392 2.00468 2.02067 3.54896 3.51841 2.01345 1.90354 2.48629 1.99414 4.69885 2.35008 2.12554 2.09286 2.12961 1.8729 1.81292 1.91743 2.5387 1.86823 2.40293 3.14752 2.27859
threshold=-0.79461732040710198 0.16761599999999996 0.58872900000000017 -0.21615631223153928 -0.59947742803115622 -0.016836500000000001 0.47939978150504475 -0.011841000000000044 0.050005636978579522 0.8771635000000001 0.048466965630220078 -0.05787999999999998 -0.32408908367627526 -0.076658999999999963 -0.17705969500969745 0.22152100000000002 0.0047600000000000151 -0.34322024116280719 -1.9553423562079109 -0.5474759968782329 0.91101375000000007 -0.84944795906032144 -0.0027174999999999834 0.64417623718873818 -0.0097939999999999954 -0.44892091259796552 0.81819560297144867 0.98584515841031373 -0.38540649811485794 0.060531500000000023
decision_type=2 2 2 2 2 2 2 2 2 2 2 2 2 2 2 2 2 2 2 2 2 2 2 2 2 2 2 2 2 2
left_child=1 2 3 -1 23 9 7 -7 14 13 11 -11 -12 -6 15 16 19 18 -18 20 21 -9 -23 -4 25 -25 29 28 -28 -26
right_child=-2 -3 4 -5 5 6 -8 8 -10 10 12 -13 -14 -15 -16 -17 17 -19 -20 -21 -22 22 -24 24 26 -27 27 -29 -30 -31
leaf_value=-0.016028335770001498 -1.3011405195067951e-05 -0.0066165841697734236 -0.00096478667031742963 0.0010824025361657595 0.018291700809178028 0.015228763674149069 -0.0062560187031825386 0.026419700815787785 -0.0062299573825964454 -0.023213970814380917 0.013967658951878549 -0.0014199032596847478 -0.0062416919041424993 0.00068521851132954329 -0.0013744196158626842 0.022581676912048591 0.0031465667532756926 0.00688802252182605 -0.01457797442873319 0.025773798758164046 0.00091925430365584124 -0.0011181053730139796 0.018958001823297571 -0.0077412003042726697 0.00030484492275198661 0.011517925612861291 0.0065726743383414075 0.0029914267294641056 0.03369391471147537 0.011250217359955029
leaf_weight=41 175269 98 957 66 22 59 60 23 51 31 33 47 62 62 90 23 32 254 45 20 55 26 21 77 245 22 23 49 20 59
leaf_count=41 175269 98 957 66 22 59 60 23 51 31 33 47 62 62 90 23 32 254 45 20 55 26 21 77 245 22 23 49 20 59
internal_value=-1.24605e-12 0.00085316 0.00113745 -0.00547405 0.00142409 0.00302219 0.00439798 0.00531248 0.00439832 -0.00104093 -0.00411804 -0.0100816 0.000778398 0.00529644 0.0053186 0.00652576 0.00574995 0.00360797 -0.00721193 0.0106396 0.00821808 0.0139529 0.00785207 0.000305854 0.00276243 -0.00346139 0.00431838 0.0105612 0.0191872 0.00242911
internal_weight=177942 2673 2575 107 2468 1016 759 699 640 257 173 78 95 84 589 499 476 331 77 145 125 70 47 1452 495 99 396 92 43 304
internal_count=177942 2673 2575 107 2468 1016 759 699 640 257 173 78 95 84 589 499 476 331 77 145 125 70 47 1452 495 99 396 92 43 304
is_linear=0
shrinkage=0.05


Tree=285
num_leaves=31
num_cat=0
split_feature=2 0 11 7 12 2 8 4 6 5 7 5 2 12 3 6 0 4 3 5 5 6 4 10 7 7 9 7 8 7
split_gain=0.798762 2.64276 2.76122 5.24557 8.57417 4.8164 5.37894 4.46845 3.89614 3.77034 4.26667 3.80881 3.61914 3.31262 5.38762 3.74093 3.16119 3.98476 3.86524 3.36168 3.21643 3.03035 4.84531 4.94159 5.11424 4.47686 6.96915 4.01142 4.04211 3.90633
threshold=0.06715709212859157 0.10631706571963186 -0.05787999999999998 -2.7556700069876325 -2.249274539482522 -0.0945568485273766 -2.1585909765848199 -0.30042941002974016 -2.2351617971943543 -2.692311641777692 -0.045584283876885574 -2.5682046296675365 -0.084963775821246798 -2.4788424829356219 0.21559788125973325 -3.2733129845632694 -0.14680749650122707 -0.5431824354352871 -0.40267280591600385 0.54371673742843962 0.81819560297144867 -5.6288607342000709 -0.0053339260576424899 0.1033285 -4.7159546743213054 -5.161602059988339 0.15552875000000002 -2.5224484660814359 -2.1382573917523211 -2.2417392279831283
decision_type=2 2 2 2 2 2 2 2 2 2 2 2 2 2 2 2 2 2 2 2 2 2 2 2 2 2 2 2 2 2
left_child=1 2 3 13 7 6 -6 8 -5 10 -8 -11 -7 14 15 -1 19 20 -19 -13 -18 22 23 27 -25 26 -23 28 -4 -29
right_child=-2 -3 21 4 5 12 9 -9 -10 11 -12 16 -14 -15 -16 -17 17 18 -20 -21 -22 25 -24 24 -26 -27 -28 29 -30 -31
leaf_value=-0.0086665522540620848 0.00011304189019729784 -0.00078164216617399246 0.0050973265684767875 0.01283906386854748 -0.0090724225740598363 0.02004211356681658 0.006417000671644928 0.0074232106358427911 0.039565322343260052 -0.016396665066066716 -0.005130002991063521 -0.0040765690912613296 0.0045766068993975239 -0.0082643068685200795 0.021630995567129167 0.0085525122805847793 0.009184118291826103 -0.020332084068407617 0.00061921067039689753 0.0037019585764762712 -0.0093338940328416917 -0.00039710790828563448 -0.015897662809584292 0.0087754841029111831 -0.018218276544196648 -9.571374542630488e-05 0.031319957483431388 0.031837642196289921 -0.014382892554359778 0.0061933284794742412
leaf_weight=92 83202 12341 544 30 139 41 480 106 25 36 96 540 489 209 27 48 239 24 266 187 26 43 32 28 47 78488 29 27 28 33
leaf_count=92 83202 12341 544 30 139 41 480 106 25 36 96 540 489 209 27 48 239 24 266 187 26 43 32 28 47 78488 29 27 28 33
internal_value=4.75309e-12 -9.9275e-05 2.92401e-06 0.00146683 0.00223097 0.0015279 0.000421208 0.0134234 0.0249874 0.00111794 0.0044925 -0.000356827 0.005773 -0.00406916 0.00118105 -0.00276287 9.35897e-05 0.00293525 -0.00111469 -0.00207576 0.00736726 -5.43037e-05 0.00313254 0.00399388 -0.00814061 -8.42818e-05 0.0123778 0.00543389 0.00414375 0.0177333
internal_weight=177942 94740 82399 3100 2724 2563 2033 161 55 1894 576 1318 530 376 167 140 1282 555 290 727 265 79299 739 707 75 78560 72 632 572 60
internal_count=177942 94740 82399 3100 2724 2563 2033 161 55 1894 576 1318 530 376 167 140 1282 555 290 727 265 79299 739 707 75 78560 72 632 572 60
is_linear=0
shrinkage=0.05


Tree=286
num_leaves=31
num_cat=0
split_feature=4 7 12 3 3 4 3 2 0 7 6 7 7 6 1 8 0 2 7 6 7 8 6 0 4 11 1 5 2 10
split_gain=0.797508 3.45164 2.93627 4.69335 4.36878 4.19223 3.9567 4.34486 4.3677 5.04883 6.20018 3.56196 3.37159 5.46128 4.95504 3.93161 6.75637 7.26899 4.87034 3.8652 3.43214 3.09603 4.82781 3.06759 3.86041 3.38581 4.21479 3.83921 3.05289 3.57787
threshold=-0.36794426971656785 -4.5131633345778273 -0.7669701475941002 -0.036270032393960643 -0.074266863569125915 -0.1186254776406057 -0.12879674969838897 -0.13594325567310342 0.17307371045259448 -0.93077678035838574 -0.33502165600711481 -1.0630959946604575 -0.24423978217526851 -2.887791905959062 -0.24069623175024521 -0.43103705456179181 -0.03172649536397442 0.20337788260153414 -0.16936222881315599 0.63283129223687562 -3.5030990690081452 -0.45807636159734827 0.11646383468110381 0.10424850671853937 -0.12871127435324173 0.0016020000000000064 0.35483870967741943 -2.5057824515827911 0.79802485533563072 -0.051857499999999994
decision_type=2 2 2 2 2 2 2 2 2 2 2 2 2 2 2 2 2 2 2 2 2 2 2 2 2 2 2 2 2 2
left_child=1 -1 -2 4 6 -6 11 -8 9 -9 -11 -4 19 -14 -15 16 -16 -18 -17 20 -5 -10 -23 25 -25 -13 27 -27 29 -22
right_child=2 -3 3 12 5 -7 7 8 21 10 -12 23 13 14 15 18 17 -19 -20 -21 28 22 -24 24 -26 26 -28 -29 -30 -31
leaf_value=-0.013351956324929255 -1.6794053008308891e-06 0.00020545505933587972 -0.010045130079319606 0.019492874434217811 -0.0072882689004980551 -0.027259193369977633 -0.015167415017328626 0.0018986612247924011 -0.013238720905869023 0.0369265597454752 0.0031087552561708119 -0.0063061839089820493 -0.024904710259288549 -0.013349859890149675 -0.012609512529267772 0.011728582374441127 0.021660027618651306 -0.0024586163564647434 0.0018731584859472312 -0.020889335736632347 -0.006783653993360614 0.019557350617833438 -0.01135893363667571 -0.0063425121658570692 0.003000730242476695 -0.00016236448467805468 -0.0060594486848761647 0.02246640444083034 -0.003237989143411198 0.00019654487512858147
leaf_weight=47 128135 41999 195 20 129 33 28 57 38 33 23 61 20 56 123 135 39 157 1755 25 198 28 23 476 144 29 36 53 1326 2521
leaf_count=47 128135 41999 195 20 129 33 28 57 38 33 23 61 20 56 123 135 39 157 1755 25 198 28 23 476 144 29 36 53 1326 2521
internal_value=4.43821e-13 0.0001903 -5.88786e-05 -0.00100324 -0.00364025 -0.0113564 -0.00261899 0.00329084 0.00584941 0.0123743 0.0230371 -0.00398646 -0.000429928 0.00110846 0.00133816 0.00171051 -0.00342392 0.0023405 0.00257712 -0.00128939 -0.00116885 -0.00243507 0.00561471 -0.00250781 -0.00417247 0.00325806 0.00820229 0.0144635 -0.00127101 -0.000311759
internal_weight=177942 42046 135896 7761 1386 162 1224 230 202 113 56 994 6375 2285 2265 2209 319 196 1890 4090 4065 89 51 799 620 179 118 82 4045 2719
internal_count=177942 42046 135896 7761 1386 162 1224 230 202 113 56 994 6375 2285 2265 2209 319 196 1890 4090 4065 89 51 799 620 179 118 82 4045 2719
is_linear=0
shrinkage=0.05


Tree=287
num_leaves=31
num_cat=0
split_feature=1 7 7 8 7 6 6 6 11 5 3 2 3 1 7 9 9 5 3 5 3 6 5 8 8 12 10 3 4 5
split_gain=0.814478 3.22855 3.82433 3.2764 4.6493 8.21913 5.31777 5.2329 9.64969 6.3663 3.71839 4.27309 3.69229 3.61176 3.43194 6.72765 4.22698 4.73572 4.20742 4.02211 3.63472 3.58657 3.38086 3.97059 3.12466 3.18695 7.3242 3.62701 3.26064 2.91603
threshold=0.49769428132711285 -5.161602059988339 -2.2779168968190002 -1.288874186969051 -1.1172873364775924 -0.86467233056065795 -4.0634580405542229 -4.2576695402901406 0.0075719999999999824 -6.6302883559648693 1.5633607520564046 0.44350873460511092 0.1304347826086957 0.69482394692892935 -0.84831714672953706 0.45133500000000004 0.47604500000000011 -6.3585881607700721 -0.53237103673109198 -4.9550121758196219 -0.41134214094319593 -1.9122334573021749 -5.1341124087950458 -1.4113586573234007 -1.6586153544552831 -2.0246480962045204 0.023520499999999975 0.89091260434109121 -0.020104452855322138 -2.3346652276572621
decision_type=2 2 2 2 2 2 2 2 2 2 2 2 2 2 2 2 2 2 2 2 2 2 2 2 2 2 2 2 2 2
left_child=-1 -2 24 10 5 6 -5 8 -6 -10 11 22 -7 -12 15 -9 17 -16 -17 -19 -20 -21 23 -4 -3 26 -26 -27 -28 -23
right_child=1 2 3 4 7 12 -8 14 9 -11 13 -13 -14 -15 16 18 -18 19 20 21 -22 29 -24 -25 25 27 28 -29 -30 -31
leaf_value=-2.3676483914294519e-05 0.0154243175593567 0.0010439739512572161 0.0085260182367637768 0.021920136086642741 -0.033525213310795443 -0.0030196910554040521 -0.0013725699477478001 0.025196848933895427 -0.015785406381335288 0.023631361545994878 0.017886836018697543 -0.00023007694731478655 -0.018277083013520063 -0.00034091128479866756 -0.022865513251540629 -0.014664553595503095 0.00086648219173983757 0.016351207645367023 0.022592526825144888 -0.018513381785554131 0.0032038913833053965 0.013438510694182837 0.0041249028179133288 0.03443389283936648 0.0064232868240931291 0.0013985118766028722 -0.03780885695346764 -0.016010723837340871 -0.014445063490984468 -0.0067674999239674787
leaf_weight=169632 36 156 50 25 31 63 1234 36 21 20 77 688 107 42 37 32 4181 23 25 41 730 26 319 21 26 104 28 42 32 57
leaf_count=169632 36 156 50 25 31 63 1234 36 21 20 77 688 107 42 37 32 4181 23 25 41 730 26 319 21 26 104 28 42 32 57
internal_value=-2.40713e-12 0.000483308 0.0004183 0.000656739 0.000225611 -0.00230345 -0.000910046 0.00091269 -0.0124743 0.00344229 0.00306594 0.00214004 -0.0126229 0.0114535 0.00109848 0.00406012 0.000540074 -0.00687685 0.00309325 -0.0028525 0.0038459 -0.00641447 0.00632117 0.0161889 -0.00442791 -0.00810728 -0.0157428 -0.00360962 -0.0253482 -0.000437906
internal_weight=177942 8310 8274 7886 6689 1429 1259 5260 72 41 1197 1078 170 119 5188 823 4365 184 787 147 755 124 390 71 388 232 86 146 60 83
internal_count=177942 8310 8274 7886 6689 1429 1259 5260 72 41 1197 1078 170 119 5188 823 4365 184 787 147 755 124 390 71 388 232 86 146 60 83
is_linear=0
shrinkage=0.05


Tree=288
num_leaves=31
num_cat=0
split_feature=0 9 7 2 9 0 1 6 11 3 6 7 3 11 4 5 5 10 3 4 1 2 9 8 8 10 9 3 4 1
split_gain=0.800279 1.85129 3.54018 4.34952 3.81009 3.48047 4.27253 3.00818 2.88609 2.34577 3.84299 3.33673 3.04299 2.17671 4.66894 3.38987 4.25117 3.58285 2.98366 2.88359 2.6708 2.59532 2.48285 2.50121 3.15438 2.49582 4.26783 3.11239 2.60585 3.26106
threshold=0.36400549450549452 0.8771635000000001 0.80128946296928849 -0.23779254804395447 0.30432475000000003 0.72245182591865209 0.40000000000000008 -5.4236783576855485 0.026601500000000004 -0.43896413522696015 -1.4604006880996809 -0.045584283876885574 5.6192644715878926 0.025660500000000006 -0.49897153148375878 -7.4401265113540891 -3.8349973763778613 0.07330550000000001 -0.64134975828637553 -0.098304652534809231 -0.054413344058795936 1.2067693090724012 0.44223125000000002 -1.0755016131617254 -0.73125081598479758 0.039019499999999992 0.62260650000000017 0.067225136401115729 -0.053432797081902232 1.4783098118279572
decision_type=2 2 2 2 2 2 2 2 2 2 2 2 2 2 2 2 2 2 2 2 2 2 2 2 2 2 2 2 2 2
left_child=-1 2 7 -4 8 6 -6 -2 -5 10 -3 -12 -11 14 18 17 19 -15 -9 -17 -18 -21 -16 -24 -25 26 27 -26 -28 -30
right_child=1 9 3 4 5 -7 -8 13 -10 12 11 -13 -14 15 22 16 20 -19 -20 21 -22 -23 23 24 25 -27 28 -29 29 -31
leaf_value=-1.6409774117717653e-05 0.021196184996515516 0.013400026819398326 0.017314613889902832 0.01289534899440375 -0.0079994259855231727 -0.0035096981030867691 -0.032948906780893593 0.0017044172360328959 -0.010679938620610518 0.0016193662261229586 -0.017880685594652525 -0.0033933447372539931 -0.010677030786044067 0.0036582427438009873 0.0051367640834152038 0.0056052536109516479 -0.0057319067300790373 -0.025582098579034207 0.011757573009516201 0.024127750007236111 0.0036829308794424798 0.0035163669318925327 -0.0066182349534631762 0.0042926220705041158 -0.00095866108917667036 -0.0053349071159743923 0.0065729759537470206 -0.019381850022004873 0.0015959626206670675 -0.017182749767530838
leaf_weight=173780 20 31 20 34 37 66 32 160 21 737 44 411 54 22 168 99 85 20 137 56 662 21 190 268 52 325 206 41 114 29
leaf_count=173780 20 31 20 34 37 66 32 160 21 737 44 411 54 22 168 99 85 20 137 56 662 21 190 268 52 325 206 41 114 29
internal_value=6.42779e-14 0.000685173 0.00138676 -0.00486442 -0.00719906 -0.0117184 -0.0195702 0.0018775 0.00389388 -0.000899844 -0.00363377 -0.00479432 0.000779916 0.00173198 0.000650148 0.00362658 0.00425873 -0.0102657 0.00634173 0.0112495 0.00261163 0.0185065 -0.000563348 -0.00134508 -0.000377058 -0.00200871 0.000437029 -0.00908071 0.00297328 -0.00221231
internal_weight=177942 4162 2885 210 190 135 69 2675 55 1277 486 455 791 2655 1690 965 923 42 297 176 747 77 1393 1225 1035 767 442 93 349 143
internal_count=177942 4162 2885 210 190 135 69 2675 55 1277 486 455 791 2655 1690 965 923 42 297 176 747 77 1393 1225 1035 767 442 93 349 143
is_linear=0
shrinkage=0.05


Tree=289
num_leaves=31
num_cat=0
split_feature=5 2 11 8 2 4 4 9 10 0 9 10 7 0 0 1 4 8 1 5 7 10 9 6 7 11 0 1 8 6
split_gain=0.776341 4.85634 2.85879 3.54154 2.47194 2.65971 2.22876 1.99631 2.50293 1.83385 1.86711 1.54456 2.12714 1.49865 2.68909 2.59319 2.3866 1.73186 1.40885 1.36452 2.70489 2.44587 5.5827 4.1505 2.4095 2.90044 3.11212 2.77772 2.52899 2.18319
threshold=1.927547841000401 1.5576432820319142 0.0019314999999999612 1.0241060565142306 -0.067197522905724602 -0.44491274770777872 -0.1580227207787728 0.48431000000000007 0.034634999999999992 0.13798008534850639 0.52193600000000007 -0.103576 0.21697175979466107 -0.42992763014951463 -0.19155758489531574 -0.18003429977652283 -0.49378096308398789 0.15524912018873674 0.52086682743837087 0.54371673742843962 -1.7629918619836513 -0.056018499999999964 0.61724450000000008 -0.52671478066199062 -0.31774755435668245 -0.029962000000000013 -0.23709229966973752 0.0021490933900152336 -0.40272694786548607 0.32982968531293849
decision_type=2 2 2 2 2 2 2 2 2 2 2 2 2 2 2 2 2 2 2 2 2 2 2 2 2 2 2 2 2 2
left_child=19 2 4 9 5 11 -3 -6 -9 10 -4 -2 -13 -12 16 -16 17 -15 -11 -1 -21 22 23 -22 25 26 -24 -28 -26 -23
right_child=1 6 3 -5 7 -7 -8 8 -10 18 13 12 -14 14 15 -17 -18 -19 -20 20 21 29 24 -25 28 -27 27 -29 -30 -31
leaf_value=-1.4924858209352657e-05 0.0012375569299739951 0.018804382401101882 0.017780629680915313 -0.017506044678803949 -0.014751291556638622 -0.025173512521993232 0.0016796166763493891 0.0083693134761823901 -0.010350844084929962 -0.0081203605500715127 0.012099054887552155 -0.019067869011474694 -0.0046702178993968868 -0.02360223794267291 0.017047768458724022 -0.00057980415963188373 0.0077897051151376217 -0.0048807341667513058 0.0046832703279271245 -0.0087703006250232883 -0.0050463762896304784 -0.00015812098409374517 0.003560550045222044 0.019234469989103012 0.016887340415269136 0.0073012925204679821 -0.032365320101380345 -0.0075801541258652631 0.0017841896399234732 0.0024711711404153095
leaf_weight=173125 34 38 22 27 21 27 38 57 26 70 33 46 58 21 34 54 20 30 31 71 22 2509 25 88 34 33 20 26 150 1152
leaf_count=173125 34 38 22 27 21 27 38 57 26 70 33 46 58 21 34 54 20 30 31 71 22 2509 25 88 34 33 20 26 150 1152
internal_value=-5.01947e-13 -0.00167756 -0.00316019 -0.000126973 -0.00701655 -0.0108218 0.010242 -0.00097931 0.00250517 0.00136266 0.00398356 -0.0080139 -0.0110384 0.00240265 0.000390187 0.00623085 -0.00684894 -0.0125896 -0.00419053 6.50184e-06 0.000904685 0.00107392 0.00479642 0.0143783 0.00113668 -0.00494648 -0.0106391 -0.0183563 0.00457499 0.000669233
internal_weight=177942 687 611 342 269 165 76 104 83 315 214 138 104 192 159 88 71 51 101 177255 4130 4059 398 110 288 104 71 46 184 3661
internal_count=177942 687 611 342 269 165 76 104 83 315 214 138 104 192 159 88 71 51 101 177255 4130 4059 398 110 288 104 71 46 184 3661
is_linear=0
shrinkage=0.05


Tree=290
num_leaves=31
num_cat=0
split_feature=12 6 8 11 4 11 3 8 7 7 2 4 10 0 5 1 5 3 1 5 11 11 9 8 7 6 6 3 7 6
split_gain=0.766796 3.10131 2.69288 3.94439 6.03711 5.831 5.72355 5.4902 5.50978 5.06749 4.33139 3.70828 3.52993 4.37388 4.54853 4.0936 5.44978 3.44426 3.33179 3.17524 3.14986 4.15178 2.83947 2.59561 7.44194 9.96096 6.94342 6.4014 6.26184 7.45003
threshold=-1.8809158401072892 -0.63063733605715522 -2.5758941772304738 0.013891999999999989 -0.22270543278423841 0.0057415000000000114 -0.036270032393960643 -2.6836476991550167 -2.7037827608778056 -3.6223109497497235 0.2824871774844438 -0.46905418840353141 -0.048001999999999996 -0.018315924999093288 -4.3475257902899527 -0.027077703747807432 -2.4849423236083035 -0.26805205050267128 -0.040133351799796151 -2.6312767205544687 -1.0000000180025095e-35 -0.0067425000000000115 0.43764475000000003 -2.2939476354772315 -2.161675618902982 -1.9691604529352584 -1.6503902515613429 0.36059089881773493 -1.6859575013289876 -4.3332931082008548
decision_type=2 2 2 2 2 2 2 2 2 2 2 2 2 2 2 2 2 2 2 2 2 2 2 2 2 2 2 2 2 2
left_child=1 23 3 5 6 11 17 8 -7 -6 -11 -2 -13 14 22 19 -17 -5 -9 -16 21 -15 -14 24 26 28 -1 -28 -26 -30
right_child=2 -3 -4 4 9 7 -8 18 -10 10 -12 12 13 20 15 16 -18 -19 -20 -21 -22 -23 -24 -25 25 -27 27 -29 29 -31
leaf_value=0.00018607024116998073 -0.021433722756803039 -0.0022779181084551267 -7.6138820119205859e-05 0.0097939163133560214 0.0079864292638376355 0.0068306525767433878 0.021178224191610372 0.01055715475391982 0.033298348146490755 -0.016135871138825374 0.0020646560268524367 -0.010196612815500475 0.0034403914487920705 -0.0061672047270768084 0.013476693876501586 0.0072914241411691089 0.03988245565282262 -0.010349551632276013 -0.011946637124607438 -0.0053063976412845992 -0.01409356296499027 0.010278010519052095 -0.015288133207051195 0.0005455834137787131 -0.0032715709014569869 0.0010211052957351339 -0.0051908305303179619 0.0031198395668899925 -0.040888764318965737 -0.0092250270427707941
leaf_weight=59526 25 1353 83212 32 32 51 31 29 32 202 39 102 50 127 45 29 23 63 38 45 64 55 34 27010 2493 1643 1080 295 21 161
leaf_count=59526 25 1353 83212 32 32 51 31 29 32 202 39 102 50 127 45 29 23 63 38 45 64 55 34 27010 2493 1643 1080 295 21 161
internal_value=1.21538e-12 9.85469e-05 -0.00010932 -0.00251442 -0.00652995 -0.000375301 0.00252308 0.00844064 0.0170351 -0.0107083 -0.0131906 -0.00258296 -0.00176194 6.08087e-05 0.00508245 0.0105381 0.0217067 -0.00356438 -0.00220619 0.00408515 -0.00455257 -0.0011975 -0.0041402 0.00013341 -3.72893e-05 -0.00204313 0.000104929 -0.00340781 -0.0039252 -0.0128785
internal_weight=177942 93582 84360 1148 399 749 126 150 83 273 241 599 574 472 226 142 52 95 67 90 246 182 84 92229 65219 4318 60901 1375 2675 182
internal_count=177942 93582 84360 1148 399 749 126 150 83 273 241 599 574 472 226 142 52 95 67 90 246 182 84 92229 65219 4318 60901 1375 2675 182
is_linear=0
shrinkage=0.05


Tree=291
num_leaves=31
num_cat=0
split_feature=4 0 1 12 5 7 2 12 7 10 9 5 3 12 1 7 3 3 1 5 11 1 1 7 9 5 12 3 11 2
split_gain=0.777222 2.06598 3.09472 3.86848 4.21768 4.01902 3.31443 3.23403 3.03197 5.67321 2.93536 2.8379 2.50149 3.11853 3.0143 2.68869 4.1457 3.5432 2.43635 2.3437 2.87246 3.59387 2.83487 2.66106 2.50173 4.20994 2.72836 3.05938 3.46208 2.35258
threshold=-0.092435408751648171 -0.037250469648380462 0.02202539955162686 -2.1058209198596631 -2.6312767205544687 -3.5964930703360429 0.3656121814559718 -0.7669701475941002 -3.1258083366463616 0.030172499999999994 0.27525025000000009 -3.236304889434416 0.1755056574802866 -2.7616327852571927 -0.056624388875383395 -2.2662663846249846 0.33075328221016415 0.56138419352999414 -0.025305569132307189 -6.8616530440599988 -0.020214000000000006 0.1003982233481804 0.048435331085194384 -3.5964930703360429 0.45133500000000004 -3.8349973763778613 -2.0423138505717531 0.31954376563384407 -0.00053849999999999721 0.032550006399775351
decision_type=2 2 2 2 2 2 2 2 2 2 2 2 2 2 2 2 2 2 2 2 2 2 2 2 2 2 2 2 2 2
left_child=-1 2 3 4 12 -6 19 11 18 -10 -11 -8 -2 14 -14 16 -15 -18 -7 23 21 22 -21 -4 26 -26 29 -28 -29 -22
right_child=1 -3 6 -5 5 8 7 -9 9 10 -12 -13 13 15 -16 -17 17 -19 -20 20 24 -23 -24 -25 25 -27 27 28 -30 -31
leaf_value=7.5608016110384753e-05 -0.0029481284245227776 -6.9554919385115014e-05 0.0037418850769217202 -0.0067984562941718028 -0.0070204849374325322 0.0089423772506415835 0.0065183595960282186 -0.013905891473405063 -0.002709268217475972 0.031675079781562088 0.0086477415801416487 -0.0015134387608287075 0.019768080451158864 0.0041484654862433672 0.0038701615798886879 0.012295909825091562 -0.014042234367755528 0.0042268356903352672 0.031966956021885082 0.00043063348728335568 0.0020367325553257913 -0.0040599163535884339 0.019076179776419986 -0.010664371300436971 -0.023727354650887159 -0.0032280039607680273 0.009625655987792402 0.010982090103416107 -0.0061145658682410925 -0.0044894145029681642
leaf_weight=116797 375 57340 39 154 36 20 223 32 66 25 31 217 33 100 309 30 101 36 27 36 158 76 47 180 39 70 87 39 123 1096
leaf_count=116797 375 57340 39 154 36 20 223 32 66 25 31 217 33 100 309 30 101 36 27 36 158 76 47 180 39 70 87 39 123 1096
internal_value=2.44827e-13 -0.000144424 -0.00127267 0.000658007 0.00162377 0.00814811 -0.00232584 0.00144108 0.0113793 0.0072225 0.0189278 0.00255722 0.000264535 0.00224278 0.00540417 -0.00180665 -0.00359178 -0.0092416 0.0221693 -0.0032193 -0.0026159 0.00379578 0.010989 -0.00809887 -0.00324831 -0.0105626 -0.00271787 0.00206282 -0.0019987 -0.00366714
internal_weight=177942 61145 3805 1343 1189 205 2462 472 169 122 56 440 984 609 342 267 237 137 47 1990 1771 159 83 219 1612 109 1503 249 162 1254
internal_count=177942 61145 3805 1343 1189 205 2462 472 169 122 56 440 984 609 342 267 237 137 47 1990 1771 159 83 219 1612 109 1503 249 162 1254
is_linear=0
shrinkage=0.05


Tree=292
num_leaves=31
num_cat=0
split_feature=2 0 4 2 9 1 10 0 10 2 8 10 5 0 8 6 11 3 5 9 11 6 8 8 1 5 10 10 4 4
split_gain=0.77543 2.44762 4.18157 2.89453 3.19368 2.68742 4.99601 8.49044 3.69183 3.53797 5.46805 5.07538 3.22054 3.11059 4.36544 2.91651 4.32529 3.76711 2.88963 5.15638 3.82445 3.25768 5.59086 3.18325 3.59338 3.058 4.35992 3.48932 2.99994 3.00085
threshold=0.06715709212859157 -0.045571268459915597 -0.070152209350507463 0.10267472895002051 0.28450350000000008 0.057145308784231082 0.20122450000000003 -1.0000000180025095e-35 0.32282450000000013 0.38882573922778013 -2.4153098778913207 0.093330999999999983 -2.8798721575230819 0.012987012987012993 -2.0110467792570779 -0.86467233056065795 0.06857199999999998 0.09155052952791233 -2.8584808631634737 1.0298487500000002 -0.076658999999999963 -2.2209176466841143 -1.3984586557449359 0.21788759242743436 -0.095358983799705463 -1.8633863539641002 -0.017966499999999993 -0.103576 -0.10758989773136339 -0.23607710323707679
decision_type=2 2 2 2 2 2 2 2 2 2 2 2 2 2 2 2 2 2 2 2 2 2 2 2 2 2 2 2 2 2
left_child=-1 2 -2 4 -4 6 9 12 13 18 11 -11 -8 -9 -15 16 -12 -18 21 20 28 22 -3 25 -25 27 -27 -22 29 -20
right_child=1 5 3 -5 -6 -7 7 8 -10 10 15 -13 -14 14 -16 -17 17 -19 19 -21 23 -23 -24 24 -26 26 -28 -29 -30 -31
leaf_value=-9.7814270453671877e-05 -0.00030734556683374177 0.00060376832046781187 -0.0065461606410546951 -0.0030691644221109669 -0.026744764657425032 4.4984577282470594e-05 0.013550667671619783 -0.0078583357727996291 -0.011052118726074697 -0.0057494664791415129 0.0015236344795406304 -0.027690257504582406 0.036301198692360363 0.021007916390895845 0.0010784506843593276 -0.003882254635943755 0.0072410057582285095 -0.016401270360109351 -0.013921552249499095 -0.017268672308751516 -0.016660417480902238 -0.0014293792188311374 0.0075908091726740031 0.0040650628972798584 0.031081838794052602 0.0075830637256507826 5.6386469966465116e-05 0.0033334250758306006 -0.023860374314244839 0.010872059768956641
leaf_weight=94740 13137 8743 65 534 28 50985 35 31 40 176 1219 31 28 50 61 457 23 63 26 35 22 1932 296 32 20 211 2183 2692 24 23
leaf_count=94740 13137 8743 65 534 28 50985 35 31 40 176 1219 31 28 50 61 457 23 63 26 35 22 1932 296 32 20 211 2183 2692 24 23
internal_value=1.68098e-12 0.000111379 -0.000497739 -0.0044869 -0.0126275 0.000232118 0.000749161 0.00784161 0.00236532 0.000653728 -0.00134785 -0.00903529 0.023662 0.00614488 0.0100557 -0.000444731 0.00075906 -0.0100783 0.000896422 0.00185895 0.00198688 0.000434242 0.000832573 0.00214765 0.0144561 0.00202235 0.000719765 0.00317135 -0.00937742 -0.00228373
internal_weight=177942 83202 13764 627 93 69438 18453 245 182 18208 1969 207 63 142 111 1762 1305 86 16239 5268 5233 10971 9039 5160 52 5108 2394 2714 73 49
internal_count=177942 83202 13764 627 93 69438 18453 245 182 18208 1969 207 63 142 111 1762 1305 86 16239 5268 5233 10971 9039 5160 52 5108 2394 2714 73 49
is_linear=0
shrinkage=0.05


Tree=293
num_leaves=31
num_cat=0
split_feature=2 10 3 0 10 0 1 1 3 0 10 12 0 10 9 5 1 10 11 10 10 0 0 4 10 6 6 1 0 8
split_gain=0.768988 1.88335 1.54306 1.47403 2.32685 1.61063 1.52529 1.93553 2.01271 2.16754 1.97594 2.30434 1.30558 3.25656 2.23566 1.28772 1.24685 1.19191 1.41006 1.15457 1.06688 1.03294 2.32252 1.01815 2.99985 2.54925 2.37635 1.75281 1.59121 1.43923
threshold=-0.76180543515133226 -0.15971549999999995 0.11628649973995088 -0.29969773918865322 0.15840749999999998 -0.47550889683079944 0.11304199789788451 -0.16696212181283324 -0.72895227344324265 -0.21603463585920282 -0.0013449999999999849 0.17738118058751526 -0.42992763014951463 0.086586500000000025 1.1671427500000002 1.0000000180025095e-35 -0.5384139375476007 0.02704549999999999 0.02613100000000006 0.017984000000000017 0.059163500000000015 -0.093412666871962188 0.19305779992823127 -0.88869028364568248 0.0088304999999999929 -0.15715105490734421 0.77048256514291291 -0.5714138635995939 -0.27926228114907359 -0.045750439440615971
decision_type=2 2 2 2 2 2 2 2 2 2 2 2 2 2 2 2 2 2 2 2 2 2 2 2 2 2 2 2 2 2
left_child=1 -1 3 4 12 -6 7 8 16 -10 -11 -12 14 -14 19 -16 17 -5 -19 -3 -17 -18 -23 24 26 29 28 -27 -2 -26
right_child=23 2 -4 6 5 -7 -8 -9 9 10 11 -13 13 -15 15 20 21 18 -20 -21 -22 22 -24 -25 25 27 -28 -29 -30 -31
leaf_value=0.016401227956105557 0.00073190380890782072 -0.0020348437735810874 0.0129108810538633 -0.015678314679782045 0.023779344212796011 0.0055972166552112025 0.011427964845841583 -0.01221474505561803 -0.0070326739283544677 0.018172784168273209 -0.0042816126272637953 0.013872694084420802 0.00012853941433642007 0.02045239785263591 0.0096330646462248343 0.003873582505800117 -0.007127531290054322 0.0022049893816121113 -0.011956559955433477 -0.018152480985969305 -0.011486938293091954 0.017466865471076398 -0.0060486891329111087 -1.1983444707767381e-05 0.0033434655782045978 0.0084630251635994334 0.0098271127258028317 -0.0028546472359448675 -0.014626354413727919 0.014849860326072516
leaf_weight=21 26 20 27 33 21 29 22 42 35 30 44 29 73 27 38 26 25 39 32 25 20 21 21 176876 42 52 21 100 48 77
leaf_count=21 26 20 27 33 21 29 22 42 35 30 44 29 73 27 38 26 25 39 32 25 20 21 21 176876 42 52 21 100 48 77
internal_value=-3.5799e-12 0.00165396 0.00119786 0.00071281 0.00346167 0.0132337 -0.00134331 -0.00214378 -0.000774916 0.00371708 0.00736991 0.00293037 0.00132804 0.00561598 -0.00199595 0.0028218 -0.00440004 -0.00782692 -0.00417768 -0.0109891 -0.0028049 0.000919305 0.00570909 -6.53216e-06 0.0026279 0.00530803 -0.00501754 0.00101719 -0.00923021 0.0107888
internal_weight=177942 700 679 652 279 50 373 351 309 138 103 73 229 100 129 84 171 104 71 45 46 67 42 177242 366 271 95 152 74 119
internal_count=177942 700 679 652 279 50 373 351 309 138 103 73 229 100 129 84 171 104 71 45 46 67 42 177242 366 271 95 152 74 119
is_linear=0
shrinkage=0.05


Tree=294
num_leaves=31
num_cat=0
split_feature=3 10 1 2 4 11 4 11 4 12 2 1 7 4 3 2 10 7 7 6 11 9 0 2 4 3 5 0 2 7
split_gain=0.76446 1.97459 3.45148 5.67888 6.50288 6.58118 5.59242 4.60432 4.56305 4.19105 5.27882 5.02266 4.74069 5.57675 5.31334 4.30054 3.97673 5.04164 9.96721 5.63192 3.84822 4.90318 4.7931 5.19393 4.44505 4.30456 4.26394 4.2563 4.80229 4.21627
threshold=0.0077496821643641143 0.028457500000000014 -0.31512522281118471 -0.34226631845668354 -0.72222465780115919 0.048109999999999993 -0.75483640429338095 -0.10012049999999999 -0.39374256542426644 -0.74640512273523629 0.19648033822171909 0.036826036358915688 -1.577642268330383 -0.55595268986566537 -0.22675568803420523 -0.39737334052053974 -0.070767000000000038 -0.4725036382729188 -1.6990545988455394 -1.7600905614149431 -0.029962000000000013 0.35460025000000001 -0.057373783554307327 0.012828222603989083 -0.11229061685193585 -0.10280883421571678 -2.4204965257279807 -0.19155758489531574 -0.31094578180212007 -5.161602059988339
decision_type=2 2 2 2 2 2 2 2 2 2 2 2 2 2 2 2 2 2 2 2 2 2 2 2 2 2 2 2 2 2
left_child=1 2 3 -1 6 7 -5 -6 -9 10 20 -12 13 15 -15 -11 17 18 -13 -20 21 22 -4 -24 25 -23 -27 -22 -29 -30
right_child=-2 -3 9 4 5 -7 -8 8 -10 12 11 16 -14 14 -16 -17 -18 -19 19 -21 27 24 23 -25 -26 26 -28 28 29 -31
leaf_value=-7.7972755921087083e-05 8.7507439580299489e-05 0.00010130772807505964 0.010631868419644069 0.008993168388876845 -0.013409048531736648 -0.018806676054373386 0.042313722707331185 0.006738313124384868 -0.0042757662705315107 -0.010789008862117217 0.0057857891635359395 0.00020634353516952079 -0.0019933263569409626 -0.025517934205794623 -0.0041684362927780433 0.021607532785274091 6.6501359812310107e-05 -0.011019780286760242 0.050066681271418938 0.016441529446676602 -0.0060674451468530014 -0.001017795263630622 -0.00089810236537384328 0.0086009376798756431 -0.01434460263191299 0.009258581381880954 -0.0011885823433552762 0.0012568855173579595 0.016994286986300722 -0.0011724277217275778
leaf_weight=2822 103879 42247 213 34 35 32 20 648 110 21 565 68 2343 68 51 20 2354 27 20 33 397 1748 467 208 55 226 172 2395 32 16632
leaf_count=2822 103879 42247 213 34 35 32 20 648 110 21 565 68 2343 68 51 20 2354 27 20 33 397 1748 467 208 55 226 172 2395 32 16632
internal_value=1.8645e-12 -0.000122736 -0.000420233 0.00101512 0.00452446 0.0034242 0.0213341 0.00432128 0.00513996 -0.00060918 -0.000418339 0.00152785 -0.00256196 -0.0108889 -0.0163681 0.00501418 0.000566325 0.00851623 0.0128755 0.0291303 -0.000683097 0.000956333 0.00409253 0.00202901 -0.000308976 5.07442e-05 0.00474373 -0.000943387 -0.000836652 -0.00113754
internal_weight=177942 74063 31816 3701 879 825 54 793 758 28115 25612 3067 2503 160 119 41 2502 148 121 53 22545 3089 888 675 2201 2146 398 19456 19059 16664
internal_count=177942 74063 31816 3701 879 825 54 793 758 28115 25612 3067 2503 160 119 41 2502 148 121 53 22545 3089 888 675 2201 2146 398 19456 19059 16664
is_linear=0
shrinkage=0.05


Tree=295
num_leaves=31
num_cat=0
split_feature=8 9 7 1 2 11 4 2 3 5 2 11 6 10 1 0 3 8 3 10 4 7 10 11 4 9 6 0 6 6
split_gain=0.770639 2.51803 2.50312 4.71956 4.7564 4.07337 3.58065 3.47424 3.17874 2.13935 3.29107 1.97448 2.42175 2.00957 3.04947 2.61988 9.32588 10.8527 6.30833 3.15994 3.9743 3.1859 2.86501 4.05886 2.85246 2.64159 2.79761 2.4522 2.19014 2.24768
threshold=-4.1118639393378862 0.20056225000000003 -4.5131633345778273 0.0056831100913637975 0.15777519979376134 0.0079134999999999917 -0.089640536951293912 0.087249232540967739 0.36059089881773493 -17.265404112630751 0.087249232540967739 -0.027578000000000016 -6.5848101596763264 0.011189500000000021 0.082625378463737978 -0.001296456594756412 0.22827649185851365 -4.4623855739459852 0.3856695043399711 0.043693000000000017 -0.0043665143138373321 -5.161602059988339 0.16585850000000005 0.025171499999999989 -0.013052971811598533 0.16082575000000002 -6.5848101596763264 -0.020325203252032516 -5.0335900723270433 -5.4236783576855485
decision_type=2 2 2 2 2 2 2 2 2 2 2 2 2 2 2 2 2 2 2 2 2 2 2 2 2 2 2 2 2 2
left_child=1 9 5 6 -5 7 -4 -3 -7 10 -1 12 -11 14 -13 16 -15 -18 19 21 22 -17 23 24 -21 26 -20 -19 29 -23
right_child=-2 2 3 4 -6 8 -8 -9 -10 11 -12 13 -14 15 -16 18 17 27 25 20 -22 28 -24 -25 -26 -27 -28 -29 -30 -31
leaf_value=0.00043345392670646009 1.1387580735919542e-05 0.0025599667513077815 0.0096726627321913842 -0.026999677911114236 -0.0014389232000602144 0.00036189086762640406 -0.011760012518712566 -0.020234453466764536 0.024753514220091432 0.023257922775810586 -0.022525181607515724 -0.004003682754733665 0.0014473663709525552 0.00076024648948241859 0.0076705858126164435 0.020401527453213931 0.041510264716590896 -0.0096054905024357141 -0.010565597619014709 -0.0044624731668995487 0.0075102839412808904 0.0039384025330137882 -0.024091377507217907 0.010861384168718801 -0.020548573221910643 -0.0013912648295185395 -0.036079492774747667 0.015154367899522188 0.004397446056740373 -0.013182986176021897
leaf_weight=37 175836 35 40 52 28 34 38 32 22 20 27 499 35 377 63 26 33 20 22 108 61 36 22 33 37 21 21 20 266 41
leaf_count=37 175836 35 40 52 28 34 38 32 22 20 27 499 35 377 63 26 33 20 22 108 61 36 22 33 37 21 21 20 266 41
internal_value=-8.66565e-13 -0.000950782 -0.00535683 -0.00952055 -0.0180534 -8.30953e-06 -0.000768897 -0.00832692 0.00994431 -0.000272371 -0.00925222 5.39832e-05 0.00937848 -0.000246631 -0.002695 0.000956153 0.00392762 0.0202852 -0.000970591 0.000548792 -0.00366169 0.00352694 -0.00706914 -0.00496527 -0.0085672 -0.015927 -0.0230259 0.00277444 0.00224782 -0.00517818
internal_weight=177942 2106 281 158 80 123 78 67 56 1825 64 1761 55 1706 562 1144 450 73 694 630 261 369 200 178 145 64 43 40 343 77
internal_count=177942 2106 281 158 80 123 78 67 56 1825 64 1761 55 1706 562 1144 450 73 694 630 261 369 200 178 145 64 43 40 343 77
is_linear=0
shrinkage=0.05


Tree=296
num_leaves=31
num_cat=0
split_feature=4 8 2 3 7 8 10 5 1 0 11 11 10 8 10 1 4 3 5 8 10 11 9 3 6 7 6 8 3 3
split_gain=0.759007 3.10346 2.18598 4.32623 6.07806 2.86497 5.75489 6.61181 4.11892 3.5676 3.55789 3.16837 3.09235 2.99859 2.50372 4.53876 2.46611 2.4657 3.14235 2.2573 2.3223 2.16585 2.08131 10.0789 3.05431 7.52417 3.05421 3.12081 2.9687 2.55421
threshold=-0.006276707981410278 1.0241060565142306 0.032550006399775351 0.19487445749127999 -3.5498358247142967 -4.0233906100707513 0.10941900000000003 -6.0686262528559061 0.046738268739258244 0.012987012987012993 0.0089950000000000186 -0.025458499999999992 0.20122450000000003 -1.0423196712227945 0.04942750000000002 0.082625378463737978 -0.001330377201759436 0.22827649185851365 -4.9550121758196219 -1.5511165091234387 0.029135999999999985 0.023392000000000027 0.14015625000000001 0.29859026713764619 -6.5848101596763264 -3.5030990690081452 -5.9507593418597535 -2.30466367849878 0.19093436194149785 0.046508964010762106
decision_type=2 2 2 2 2 2 2 2 2 2 2 2 2 2 2 2 2 2 2 2 2 2 2 2 2 2 2 2 2 2
left_child=-1 2 3 -2 -5 6 8 -8 10 11 -4 -7 13 19 17 -16 -12 -10 -19 20 -13 -22 23 28 25 -24 27 -26 29 -11
right_child=1 -3 5 4 -6 9 7 -9 14 22 16 12 -14 -15 15 -17 -18 18 -20 -21 21 -23 24 -25 26 -27 -28 -29 -30 -31
leaf_value=2.8368922219535912e-05 0.00041812136594671762 0.01688066152139352 0.00086391762160928929 -0.036525034500906869 -0.0019430372760527665 -0.021886731153009115 0.037033988449435971 0.0025849562355627618 -0.00034168805870474819 0.011822538467124106 -0.0072126440488948272 0.002676704786146027 -0.019660948835120637 0.014785110513153283 0.031699976917165758 -6.6553971365742071e-05 -0.030566244777292015 0.0021027550846338273 0.025893788541788643 -0.018657881425072752 -0.0035379600826766187 -0.018363999959547073 0.033547755679034667 -0.023297594396228142 -0.002184666809028922 -0.0018824043416358575 -0.000260478993828466 -0.024548256855744584 0.01908954253987126 -0.0075656616194876587
leaf_weight=165455 80 26 64 24 27 27 26 30 177 25 26 114 29 23 22 23 20 35 23 24 107 32 23 55 39 43 11241 26 23 53
leaf_count=165455 80 26 64 24 27 27 26 30 177 25 26 114 29 23 22 23 20 35 23 24 107 32 23 55 39 43 11241 26 23 53
internal_value=-1.4574e-13 -0.000375893 -0.000411899 -0.00683674 -0.0182169 -0.000343639 0.00359061 0.0185791 0.00143841 -0.000491289 -0.00675966 -0.00542108 -0.0040698 -0.00256266 0.00465908 0.0154638 -0.0173664 0.00259011 0.0115371 -0.00400308 -0.00261291 -0.00695115 -0.00033905 -0.00607516 -0.000260363 0.0104645 -0.00032297 -0.0111301 0.00330339 -0.00135149
internal_weight=177942 12487 12461 131 51 12330 446 56 390 11884 110 356 329 300 280 45 46 235 58 277 253 139 11528 156 11372 66 11306 65 101 78
internal_count=177942 12487 12461 131 51 12330 446 56 390 11884 110 356 329 300 280 45 46 235 58 277 253 139 11528 156 11372 66 11306 65 101 78
is_linear=0
shrinkage=0.05


Tree=297
num_leaves=31
num_cat=0
split_feature=11 12 8 8 4 9 10 5 6 3 1 8 8 0 6 1 10 10 10 9 6 1 12 5 10 5 7 3 7 4
split_gain=0.748626 3.97548 7.94895 6.73732 4.10066 5.1274 8.36003 5.11026 5.03174 4.37291 4.13436 4.10362 3.88851 3.47391 3.57547 5.39247 5.29617 3.41482 3.28192 3.27501 4.19588 5.35727 4.56517 7.13618 4.14623 5.95436 4.11039 3.78233 3.26084 3.06431
threshold=0.065730500000000011 -0.45326551351573791 0.79139424062734187 1.0000000180025095e-35 -0.15209001379940232 0.27045525000000004 0.045354000000000012 -4.1365954325994165 -3.0598777615096124 -0.0040207250922096862 0.036826036358915688 -0.24242348064533556 0.046956488677263104 -0.097710589869817829 -5.6288607342000709 0.082625378463737978 0.13288350000000004 0.043279000000000019 0.12223400000000002 0.52193600000000007 -0.8114184081785224 -0.40336820629177089 -1.4424010431862337 -4.9218203093853292 0.080771500000000038 -2.8584808631634737 -1.6329520784820963 0.26932830143647729 -0.58731398222640896 -0.53088888935054424
decision_type=2 2 2 2 2 2 2 2 2 2 2 2 2 2 2 2 2 2 2 2 2 2 2 2 2 2 2 2 2 2
left_child=-1 2 4 17 5 6 7 -2 10 -7 -8 13 29 -6 15 16 -15 -3 -17 20 21 -11 24 -24 25 27 -27 -23 -19 -5
right_child=1 3 -4 12 11 9 8 -9 -10 19 -12 -13 -14 14 -16 18 -18 28 -20 -21 -22 22 23 -25 -26 26 -28 -29 -30 -31
leaf_value=2.3733210127025034e-05 0.0090988058663372482 -0.012441713632260626 -0.030602113769522737 -1.2595192171060122e-05 -0.019180853631613509 -0.00031630878446530636 -0.020796833376610473 0.038347934692865238 0.017097171459213963 -0.018650921309987703 0.0079364553093910217 0.0087048775116640217 -0.00039011868417173213 -0.010406160204567845 -0.0010752772308271043 -0.007633864417158325 0.021189500555573476 -0.008106548680283961 -0.030530187217450207 0.0012180185645426294 0.016819761119947967 -0.0091526141347087649 0.042073736833408482 0.0080399504687233975 -0.0026348495412573309 0.025201444068955164 0.0024703788260618848 0.010990324400637935 -0.001586299343420266 0.022939292296315684
leaf_weight=168897 28 148 21 26 28 2708 31 32 28 24 21 99 985 36 2524 29 21 318 34 871 79 54 20 67 167 59 30 41 483 33
leaf_count=168897 28 148 21 26 28 2708 31 32 28 24 21 99 985 36 2524 29 21 318 34 871 79 54 20 67 167 59 30 41 483 33
internal_value=-7.22218e-14 -0.000443169 0.000114091 -0.00241497 0.000205833 0.00117971 0.0105899 0.0246983 8.5566e-06 0.000859942 -0.00919301 -0.00129135 0.000356707 -0.00166172 -0.00147619 -0.00990876 0.00123435 -0.00546411 -0.0199906 0.00311581 0.00617122 0.00435036 0.00561071 0.0158638 0.00306934 0.00824651 0.0175393 -0.000459346 -0.00417486 0.0128249
internal_weight=177942 9045 7052 1993 7031 4260 140 60 80 4120 52 2771 1044 2672 2644 120 57 949 63 1412 541 462 438 87 351 184 89 95 801 59
internal_count=177942 9045 7052 1993 7031 4260 140 60 80 4120 52 2771 1044 2672 2644 120 57 949 63 1412 541 462 438 87 351 184 89 95 801 59
is_linear=0
shrinkage=0.05


Tree=298
num_leaves=31
num_cat=0
split_feature=11 11 12 10 2 6 2 11 5 0 12 4 9 5 1 5 1 6 3 4 6 1 5 0 6 7 6 5 11 2
split_gain=0.75365 3.0186 2.75765 3.93846 2.22853 10.4968 6.97132 8.75081 4.17327 3.18827 3.82437 3.32578 4.8983 4.78075 3.91658 3.77198 3.75848 3.78189 3.52177 3.02839 4.43642 2.88886 2.79882 4.77829 3.45368 6.60914 4.68324 4.4251 3.18166 3.14842
threshold=0.0074035000000000082 -0.0017044999999999975 0.64357157203265014 0.32282450000000013 0.25000000000000017 -6.5848101596763264 0.30293638628089675 -0.018134499999999967 1.927547841000401 -0.32408908367627526 -0.74640512273523629 -0.047489563960387053 0.23274125000000004 -3.8595575633741581 0.033383638755729368 -2.0926198919461378 0.048435331085194384 -3.1031016372342748 -0.21574162580855946 -0.0053339260576424899 -5.9507593418597535 0.064325546403586245 0.076292878965492708 -0.32408908367627526 -0.94164878677754327 -1.3454218064475081 -0.91655271156554641 -7.6777408266029825 -0.0023045000000000144 -0.11818090305104599
decision_type=2 2 2 2 2 2 2 2 2 2 2 2 2 2 2 2 2 2 2 2 2 2 2 2 2 2 2 2 2 2
left_child=1 4 3 -3 8 6 -6 -8 19 21 11 12 13 -11 15 -13 17 -16 -18 22 -21 -7 23 29 -25 26 -26 -28 -27 -1
right_child=-2 2 -4 -5 5 9 7 -9 -10 10 -12 14 -14 -15 16 -17 18 -19 -20 20 -22 -23 -24 24 25 28 27 -29 -30 -31
leaf_value=-0.004075175808820458 0.00011002045638635356 -0.00041893941738946382 -0.012424238258972764 -0.020680268062278628 0.04219511918384921 0.0041652180825269992 -0.0076019113497542484 0.028286778749580584 -0.007529229206737837 0.0029331611299242537 -0.0014154068530861565 -0.0044367909328138925 0.0015547390413899536 0.025613814720972662 0.027321741778403519 -0.02615077123604715 0.020953242303803563 0.0028663330933425663 -7.3375874498322384e-05 -0.018031473519901434 -0.0019793493392750282 0.021789911942135906 0.0019207475839532189 0.00022310757551562249 -0.02021168659751614 -0.00060172945961678263 -0.021820179269249951 -0.0035670422202023913 0.010014973710187608 0.0044142670841643313
leaf_weight=1042 83027 37122 48 24 22 93 35 33 185 52 2130 100 5419 42 25 25 20 43 4640 45 990 31 1930 36341 51 3551 35 647 72 122
leaf_count=1042 83027 37122 48 24 22 93 35 33 185 52 2130 100 5419 42 25 25 20 43 4640 45 990 31 1930 36341 51 3551 35 647 72 122
internal_value=-5.9589e-13 -9.62405e-05 -0.000447507 -0.00043203 0.000130107 0.000714761 0.0177299 0.00981466 -3.49852e-05 0.000593417 0.00051425 0.000910755 0.00175103 0.0130671 -4.3798e-05 -0.00877959 0.000187161 0.0118573 1.68671e-05 -4.05593e-06 -0.00267727 0.00857139 5.91254e-05 -2.67046e-05 6.36389e-05 -0.00126677 -0.0055967 -0.00450379 -0.000390743 -0.00318539
internal_weight=177942 94915 37194 37146 57721 12710 90 68 45011 12620 12496 10366 5513 94 4853 125 4728 68 4660 44826 1035 124 43791 41861 40697 4356 733 682 3623 1164
internal_count=177942 94915 37194 37146 57721 12710 90 68 45011 12620 12496 10366 5513 94 4853 125 4728 68 4660 44826 1035 124 43791 41861 40697 4356 733 682 3623 1164
is_linear=0
shrinkage=0.05


Tree=299
num_leaves=31
num_cat=0
split_feature=4 3 2 11 3 8 3 6 10 7 0 2 1 10 4 10 0 5 10 0 7 7 5 1 4 12 5 3 5 9
split_gain=0.772667 2.66486 2.69071 5.97016 5.0249 4.98848 3.82388 4.78434 3.59848 3.86316 3.45408 4.74038 2.98852 4.82072 4.29044 4.29475 4.00952 3.59317 4.36591 4.19606 6.8434 3.97959 3.97631 3.93832 4.52774 5.30242 3.78264 3.60504 3.41605 3.40304
threshold=-0.46905418840353141 -0.33999687792694344 -0.28175426463808195 0.048109999999999993 -0.21051858948604626 -0.13062607089254488 -0.1898116481734812 -4.1901985037478608 0.093330999999999983 0.36053821518847923 0.074586625951133537 -0.15967413066482802 -0.47065905942181846 0.010721499999999997 -0.6808459810309947 -0.01079350000000001 0.017694510695901226 -3.1318696058918731 -0.0060334999999999963 -0.11572303325625476 -2.6414746868479209 -1.2990295064213819 -0.56816202326091669 -0.17127783447797321 -0.49378096308398789 -0.98399710774265359 -0.90083659028764818 -0.29329357812793205 -3.8349973763778613 0.82115925000000012
decision_type=2 2 2 2 2 2 2 2 2 2 2 2 2 2 2 2 2 2 2 2 2 2 2 2 2 2 2 2 2 2
left_child=1 -1 4 5 12 6 7 -4 -7 -10 -9 -12 13 -3 16 -16 29 19 -19 21 28 27 23 24 -20 -26 -25 -17 -21 -14
right_child=-2 2 3 -5 -6 8 -8 10 9 -11 11 -13 14 -15 15 17 -18 18 22 20 -22 -23 -24 26 25 -27 -28 -29 -30 -31
leaf_value=-0.0001512593550818859 -4.4423314564584841e-05 0.0064102046946438677 0.025258087601867464 -0.0026169547751460523 -0.00061171656659145181 -0.0014023909259411064 0.0060534431897874691 -0.00011391499762151172 -0.00071062119309014331 0.017635038198733872 0.022336819464730664 0.00058551976515445862 0.01630440805793593 -0.0042838047282485704 -0.0032059193292162066 0.032929090252551051 0.027118870345575197 0.025144460458042368 0.0070331781612670355 0.014716520201660414 -0.0060197713941526317 0.00088015501988270592 -0.0015991943216636436 -5.3151274914853279e-05 0.013324266391894039 0.04201847966760397 0.021723961766639894 0.0080862375348806394 -0.0060990730507506268 4.9442245727806116e-05
leaf_weight=16659 150570 149 21 589 4853 791 1213 731 60 55 43 60 57 360 281 23 31 28 264 73 298 93 174 213 69 21 22 40 27 74
leaf_count=16659 150570 149 21 589 4853 791 1213 731 60 55 43 60 57 360 281 23 31 28 264 73 298 93 174 213 69 21 22 40 27 74
internal_value=-1.54742e-12 0.000244367 0.000859577 0.00198209 0.000300202 0.00289293 0.00424835 0.00168744 -0.000200885 0.00806339 0.00109394 0.00966616 0.00222686 -0.00115334 0.00318913 0.00241603 0.0109487 0.00359058 0.00575337 0.000502549 -0.00222176 0.00745303 0.00504177 0.00700361 0.0103348 0.0200196 0.00198556 0.0171559 0.00909631 0.00712221
internal_weight=177942 27372 10713 3563 7150 2974 2068 855 906 115 834 103 2297 509 1788 1626 162 1345 791 554 398 156 763 589 354 90 235 63 100 131
internal_count=177942 27372 10713 3563 7150 2974 2068 855 906 115 834 103 2297 509 1788 1626 162 1345 791 554 398 156 763 589 354 90 235 63 100 131
is_linear=0
shrinkage=0.05


end of trees

feature_importances:
Column_7=1002
Column_8=993
Column_6=933
Column_9=802
Column_11=737
Column_0=718
Column_10=637
Column_4=605
Column_3=575
Column_2=570
Column_1=513
Column_5=505
Column_12=410

parameters:
[boosting: gbdt]
[objective: regression]
[metric: l2]
[tree_learner: serial]
[device_type: cpu]
[data_sample_strategy: bagging]
[data: ]
[valid: ]
[num_iterations: 300]
[learning_rate: 0.05]
[num_leaves: 31]
[num_threads: 20]
[seed: 20260820]
[deterministic: 0]
[force_col_wise: 0]
[force_row_wise: 0]
[histogram_pool_size: -1]
[max_depth: -1]
[min_data_in_leaf: 20]
[min_sum_hessian_in_leaf: 0.001]
[bagging_fraction: 1]
[pos_bagging_fraction: 1]
[neg_bagging_fraction: 1]
[bagging_freq: 0]
[bagging_seed: 27108]
[bagging_by_query: 0]
[feature_fraction: 1]
[feature_fraction_bynode: 1]
[feature_fraction_seed: 14324]
[extra_trees: 0]
[extra_seed: 8268]
[early_stopping_round: 0]
[early_stopping_min_delta: 0]
[first_metric_only: 0]
[max_delta_step: 0]
[lambda_l1: 0]
[lambda_l2: 0]
[linear_lambda: 0]
[min_gain_to_split: 0]
[drop_rate: 0.1]
[max_drop: 50]
[skip_drop: 0.5]
[xgboost_dart_mode: 0]
[uniform_drop: 0]
[drop_seed: 5843]
[top_rate: 0.2]
[other_rate: 0.1]
[min_data_per_group: 100]
[max_cat_threshold: 32]
[cat_l2: 10]
[cat_smooth: 10]
[max_cat_to_onehot: 4]
[top_k: 20]
[monotone_constraints: ]
[monotone_constraints_method: basic]
[monotone_penalty: 0]
[feature_contri: ]
[forcedsplits_filename: ]
[refit_decay_rate: 0.9]
[cegb_tradeoff: 1]
[cegb_penalty_split: 0]
[cegb_penalty_feature_lazy: ]
[cegb_penalty_feature_coupled: ]
[path_smooth: 0]
[interaction_constraints: ]
[verbosity: -1]
[saved_feature_importance_type: 0]
[use_quantized_grad: 0]
[num_grad_quant_bins: 4]
[quant_train_renew_leaf: 0]
[stochastic_rounding: 1]
[linear_tree: 0]
[max_bin: 255]
[max_bin_by_feature: ]
[min_data_in_bin: 3]
[bin_construct_sample_cnt: 200000]
[data_random_seed: 4759]
[is_enable_sparse: 1]
[enable_bundle: 1]
[use_missing: 1]
[zero_as_missing: 0]
[feature_pre_filter: 1]
[pre_partition: 0]
[two_round: 0]
[header: 0]
[label_column: ]
[weight_column: ]
[group_column: ]
[ignore_column: ]
[categorical_feature: ]
[forcedbins_filename: ]
[precise_float_parser: 0]
[parser_config_file: ]
[objective_seed: 23409]
[num_class: 1]
[is_unbalance: 0]
[scale_pos_weight: 1]
[sigmoid: 1]
[boost_from_average: 1]
[reg_sqrt: 0]
[alpha: 0.9]
[fair_c: 1]
[poisson_max_delta_step: 0.7]
[tweedie_variance_power: 1.5]
[lambdarank_truncation_level: 30]
[lambdarank_norm: 1]
[label_gain: ]
[lambdarank_position_bias_regularization: 0]
[eval_at: ]
[multi_error_top_k: 1]
[auc_mu_weights: ]
[num_machines: 1]
[local_listen_port: 12400]
[time_out: 120]
[machine_list_filename: ]
[machines: ]
[gpu_platform_id: -1]
[gpu_device_id: -1]
[gpu_use_dp: 0]
[num_gpu: 1]

end of parameters

pandas_categorical:null
