{
  "status": "ok",
  "result_keys": [
    "all_paths",
    "paths",
    "mean_path",
    "median_path",
    "p05",
    "p25",
    "p75",
    "p95",
    "final_mean",
    "final_median",
    "final_p05",
    "final_p10",
    "final_p25",
    "final_p75",
    "final_p90",
    "final_p95",
    "total_return_pct",
    "annual_return_pct",
    "crash_prob_1y",
    "crash_prob_5y",
    "crash_probs",
    "cvar_95_pct",
    "max_dd_pct",
    "max_drawdown_pct",
    "scenarios",
    "ml_crash_prob",
    "ml_predicted_return",
    "garch_vol",
    "realism_check"
  ],
  "current_price": 7041.27978515625,
  "final_mean": 9896.511546233434,
  "final_median": 8957.498211838245,
  "final_p05": 3942.287852261904,
  "final_p10": 4805.736506491527,
  "final_p25": 6552.289546566828,
  "final_p75": 12365.879155871675,
  "final_p90": 16191.130828743546,
  "final_p95": 18978.40843138571,
  "total_return_pct": 40.54989786226517,
  "annual_return_pct": 7.044931076120076,
  "crash_prob_1y": 25.21,
  "crash_prob_5y": 81.96,
  "cvar_95_pct": -54.62509604150924,
  "max_dd_pct": -30.85013732965811,
  "max_drawdown_pct": 30.85013732965811
}