{
  "status": "ok",
  "result_keys": [
    "all_paths",
    "paths",
    "mean_path",
    "median_path",
    "p05",
    "p25",
    "p75",
    "p95",
    "final_mean",
    "final_median",
    "final_p05",
    "final_p10",
    "final_p25",
    "final_p75",
    "final_p90",
    "final_p95",
    "total_return_pct",
    "annual_return_pct",
    "crash_prob_1y",
    "crash_prob_5y",
    "crash_probs",
    "cvar_95_pct",
    "max_dd_pct",
    "max_drawdown_pct",
    "scenarios",
    "ml_crash_prob",
    "ml_predicted_return",
    "garch_vol",
    "realism_check"
  ],
  "current_price": 6816.89013671875,
  "final_mean": 9585.404000033419,
  "final_median": 8694.089686901523,
  "final_p05": 3840.867407924769,
  "final_p10": 4649.0783988109215,
  "final_p25": 6315.598143468976,
  "final_p75": 11872.669910431996,
  "final_p90": 15675.949959167556,
  "final_p95": 18525.384177423482,
  "total_return_pct": 40.61256390802372,
  "annual_return_pct": 7.054474856109638,
  "crash_prob_1y": 25.61,
  "crash_prob_5y": 82.23,
  "cvar_95_pct": -54.5311336139103,
  "max_dd_pct": -30.822298110065184,
  "max_drawdown_pct": 30.822298110065184
}