{
  "status": "ok",
  "result_keys": [
    "all_paths",
    "paths",
    "mean_path",
    "median_path",
    "p05",
    "p25",
    "p75",
    "p95",
    "final_mean",
    "final_median",
    "final_p05",
    "final_p10",
    "final_p25",
    "final_p75",
    "final_p90",
    "final_p95",
    "total_return_pct",
    "annual_return_pct",
    "crash_prob_1y",
    "crash_prob_5y",
    "crash_probs",
    "cvar_95_pct",
    "max_dd_pct",
    "max_drawdown_pct",
    "scenarios",
    "ml_crash_prob",
    "ml_predicted_return",
    "garch_vol",
    "realism_check"
  ],
  "current_price": 6963.72998046875,
  "final_mean": 9792.34052235064,
  "final_median": 8843.025091570462,
  "final_p05": 3935.8749033021004,
  "final_p10": 4749.7949723676675,
  "final_p25": 6464.325057667711,
  "final_p75": 12132.505592512458,
  "final_p90": 15924.636514421143,
  "final_p95": 18955.258613329814,
  "total_return_pct": 40.61918755918632,
  "annual_return_pct": 7.055483411983476,
  "crash_prob_1y": 25.119999999999997,
  "crash_prob_5y": 82.34,
  "cvar_95_pct": -53.561537186942765,
  "max_dd_pct": -30.76977445647727,
  "max_drawdown_pct": 30.76977445647727
}