{
  "status": "ok",
  "result_keys": [
    "all_paths",
    "paths",
    "mean_path",
    "median_path",
    "p05",
    "p25",
    "p75",
    "p95",
    "final_mean",
    "final_median",
    "final_p05",
    "final_p10",
    "final_p25",
    "final_p75",
    "final_p90",
    "final_p95",
    "total_return_pct",
    "annual_return_pct",
    "crash_prob_1y",
    "crash_prob_5y",
    "crash_probs",
    "cvar_95_pct",
    "max_dd_pct",
    "max_drawdown_pct",
    "scenarios",
    "ml_crash_prob",
    "ml_predicted_return",
    "garch_vol",
    "realism_check"
  ],
  "current_price": 6816.89013671875,
  "final_mean": 9575.258910513096,
  "final_median": 8756.178958853878,
  "final_p05": 3787.9429312273223,
  "final_p10": 4663.379822491699,
  "final_p25": 6364.622718240331,
  "final_p75": 11809.931315277187,
  "final_p90": 15484.922930778834,
  "final_p95": 18434.706430699884,
  "total_return_pct": 40.4637410677424,
  "annual_return_pct": 7.031804193084978,
  "crash_prob_1y": 25.09,
  "crash_prob_5y": 81.36,
  "cvar_95_pct": -54.426105174785135,
  "max_dd_pct": -30.662714424832394,
  "max_drawdown_pct": 30.662714424832394
}