{
  "status": "ok",
  "result_keys": [
    "all_paths",
    "paths",
    "mean_path",
    "median_path",
    "p05",
    "p25",
    "p75",
    "p95",
    "final_mean",
    "final_median",
    "final_p05",
    "final_p10",
    "final_p25",
    "final_p75",
    "final_p90",
    "final_p95",
    "total_return_pct",
    "annual_return_pct",
    "crash_prob_1y",
    "crash_prob_5y",
    "crash_probs",
    "cvar_95_pct",
    "max_dd_pct",
    "max_drawdown_pct",
    "scenarios",
    "ml_crash_prob",
    "ml_predicted_return",
    "garch_vol",
    "realism_check"
  ],
  "current_price": 7041.27978515625,
  "final_mean": 9881.026194433429,
  "final_median": 8960.598092359185,
  "final_p05": 4001.6263525584973,
  "final_p10": 4860.850667834526,
  "final_p25": 6534.160981519173,
  "final_p75": 12205.195619580034,
  "final_p90": 16133.384336488814,
  "final_p95": 18942.023349167168,
  "total_return_pct": 40.329975457922565,
  "annual_return_pct": 7.011410842677734,
  "crash_prob_1y": 25.44,
  "crash_prob_5y": 82.28,
  "cvar_95_pct": -53.77887187677325,
  "max_dd_pct": -30.702920730509796,
  "max_drawdown_pct": 30.702920730509796
}