{
  "status": "ok",
  "result_keys": [
    "all_paths",
    "paths",
    "mean_path",
    "median_path",
    "p05",
    "p25",
    "p75",
    "p95",
    "final_mean",
    "final_median",
    "final_p05",
    "final_p10",
    "final_p25",
    "final_p75",
    "final_p90",
    "final_p95",
    "total_return_pct",
    "annual_return_pct",
    "crash_prob_1y",
    "crash_prob_5y",
    "crash_probs",
    "cvar_95_pct",
    "max_dd_pct",
    "max_drawdown_pct",
    "scenarios",
    "ml_crash_prob",
    "ml_predicted_return",
    "garch_vol",
    "realism_check"
  ],
  "current_price": 7022.830078125,
  "final_mean": 9856.786399839297,
  "final_median": 9023.196614095861,
  "final_p05": 3933.390555592543,
  "final_p10": 4830.769059548052,
  "final_p25": 6526.173018243291,
  "final_p75": 12188.596039589536,
  "final_p90": 16167.446916503533,
  "final_p95": 18772.018637930978,
  "total_return_pct": 40.35347986763371,
  "annual_return_pct": 7.01499535345389,
  "crash_prob_1y": 24.9,
  "crash_prob_5y": 81.44,
  "cvar_95_pct": -54.61408828741165,
  "max_dd_pct": -30.74424336430917,
  "max_drawdown_pct": 30.74424336430917
}