{
  "status": "ok",
  "result_keys": [
    "all_paths",
    "paths",
    "mean_path",
    "median_path",
    "p05",
    "p25",
    "p75",
    "p95",
    "final_mean",
    "final_median",
    "final_p05",
    "final_p10",
    "final_p25",
    "final_p75",
    "final_p90",
    "final_p95",
    "total_return_pct",
    "annual_return_pct",
    "crash_prob_1y",
    "crash_prob_5y",
    "crash_probs",
    "cvar_95_pct",
    "max_dd_pct",
    "max_drawdown_pct",
    "scenarios",
    "ml_crash_prob",
    "ml_predicted_return",
    "garch_vol",
    "realism_check"
  ],
  "current_price": 7041.27978515625,
  "final_mean": 9876.572312477247,
  "final_median": 9026.835932240627,
  "final_p05": 3966.0911041024915,
  "final_p10": 4781.243348279157,
  "final_p25": 6514.516259671782,
  "final_p75": 12309.736936256324,
  "final_p90": 15938.23681784087,
  "final_p95": 18724.64786947458,
  "total_return_pct": 40.26672158800007,
  "annual_return_pct": 7.001762003785772,
  "crash_prob_1y": 24.88,
  "crash_prob_5y": 82.47,
  "cvar_95_pct": -54.08443940673342,
  "max_dd_pct": -30.76791153797612,
  "max_drawdown_pct": 30.76791153797612
}