{
  "status": "ok",
  "result_keys": [
    "all_paths",
    "paths",
    "mean_path",
    "median_path",
    "p05",
    "p25",
    "p75",
    "p95",
    "final_mean",
    "final_median",
    "final_p05",
    "final_p10",
    "final_p25",
    "final_p75",
    "final_p90",
    "final_p95",
    "total_return_pct",
    "annual_return_pct",
    "crash_prob_1y",
    "crash_prob_5y",
    "crash_probs",
    "cvar_95_pct",
    "max_dd_pct",
    "max_drawdown_pct",
    "scenarios",
    "ml_crash_prob",
    "ml_predicted_return",
    "garch_vol",
    "realism_check"
  ],
  "current_price": 7041.27978515625,
  "final_mean": 9881.074774199884,
  "final_median": 9021.180766593325,
  "final_p05": 3925.0272729171056,
  "final_p10": 4785.036505061321,
  "final_p25": 6562.846541618167,
  "final_p75": 12222.864423237279,
  "final_p90": 16109.377232915262,
  "final_p95": 18930.060547610814,
  "total_return_pct": 40.33066538600294,
  "annual_return_pct": 7.011516066143808,
  "crash_prob_1y": 25.35,
  "crash_prob_5y": 81.67999999999999,
  "cvar_95_pct": -54.28895701505964,
  "max_dd_pct": -30.75147639665491,
  "max_drawdown_pct": 30.75147639665491
}