{
  "status": "ok",
  "result_keys": [
    "all_paths",
    "paths",
    "mean_path",
    "median_path",
    "p05",
    "p25",
    "p75",
    "p95",
    "final_mean",
    "final_median",
    "final_p05",
    "final_p10",
    "final_p25",
    "final_p75",
    "final_p90",
    "final_p95",
    "total_return_pct",
    "annual_return_pct",
    "crash_prob_1y",
    "crash_prob_5y",
    "crash_probs",
    "cvar_95_pct",
    "max_dd_pct",
    "max_drawdown_pct",
    "scenarios",
    "ml_crash_prob",
    "ml_predicted_return",
    "garch_vol",
    "realism_check"
  ],
  "current_price": 6967.3798828125,
  "final_mean": 9765.523910839593,
  "final_median": 8869.951914306912,
  "final_p05": 3982.4953771274977,
  "final_p10": 4737.410423917429,
  "final_p25": 6429.567461715366,
  "final_p75": 12153.005503557466,
  "final_p90": 15988.999862469678,
  "final_p95": 18629.842942261905,
  "total_return_pct": 40.160635347725226,
  "annual_return_pct": 6.985571634215715,
  "crash_prob_1y": 25.840000000000003,
  "crash_prob_5y": 81.87,
  "cvar_95_pct": -53.38641562695295,
  "max_dd_pct": -30.821639580547245,
  "max_drawdown_pct": 30.821639580547245
}