{
  "status": "ok",
  "result_keys": [
    "all_paths",
    "paths",
    "mean_path",
    "median_path",
    "p05",
    "p25",
    "p75",
    "p95",
    "final_mean",
    "final_median",
    "final_p05",
    "final_p10",
    "final_p25",
    "final_p75",
    "final_p90",
    "final_p95",
    "total_return_pct",
    "annual_return_pct",
    "crash_prob_1y",
    "crash_prob_5y",
    "crash_probs",
    "cvar_95_pct",
    "max_dd_pct",
    "max_drawdown_pct",
    "scenarios",
    "ml_crash_prob",
    "ml_predicted_return",
    "garch_vol",
    "realism_check"
  ],
  "current_price": 6816.89013671875,
  "final_mean": 9572.239540359331,
  "final_median": 8676.663771034095,
  "final_p05": 3833.60881868526,
  "final_p10": 4645.370122295041,
  "final_p25": 6342.440719708188,
  "final_p75": 11905.784222745913,
  "final_p90": 15659.338359853995,
  "final_p95": 18254.53115088328,
  "total_return_pct": 40.41944858109221,
  "annual_return_pct": 7.025053265349768,
  "crash_prob_1y": 25.47,
  "crash_prob_5y": 81.93,
  "cvar_95_pct": -54.13839923836371,
  "max_dd_pct": -30.760098139477897,
  "max_drawdown_pct": 30.760098139477897
}