{
  "status": "ok",
  "result_keys": [
    "all_paths",
    "paths",
    "mean_path",
    "median_path",
    "p05",
    "p25",
    "p75",
    "p95",
    "final_mean",
    "final_median",
    "final_p05",
    "final_p10",
    "final_p25",
    "final_p75",
    "final_p90",
    "final_p95",
    "total_return_pct",
    "annual_return_pct",
    "crash_prob_1y",
    "crash_prob_5y",
    "crash_probs",
    "cvar_95_pct",
    "max_dd_pct",
    "max_drawdown_pct",
    "scenarios",
    "ml_crash_prob",
    "ml_predicted_return",
    "garch_vol",
    "realism_check"
  ],
  "current_price": 7041.27978515625,
  "final_mean": 9890.549558711831,
  "final_median": 9020.051703021969,
  "final_p05": 3988.0511455066667,
  "final_p10": 4815.019284521096,
  "final_p25": 6554.635447210191,
  "final_p75": 12208.146582278707,
  "final_p90": 16216.77722503529,
  "final_p95": 19053.310432698858,
  "total_return_pct": 40.4652259318276,
  "annual_return_pct": 7.032030482102769,
  "crash_prob_1y": 24.81,
  "crash_prob_5y": 81.35,
  "cvar_95_pct": -54.35833491812417,
  "max_dd_pct": -30.619018524463016,
  "max_drawdown_pct": 30.619018524463016
}