{
  "status": "ok",
  "result_keys": [
    "all_paths",
    "paths",
    "mean_path",
    "median_path",
    "p05",
    "p25",
    "p75",
    "p95",
    "final_mean",
    "final_median",
    "final_p05",
    "final_p10",
    "final_p25",
    "final_p75",
    "final_p90",
    "final_p95",
    "total_return_pct",
    "annual_return_pct",
    "crash_prob_1y",
    "crash_prob_5y",
    "crash_probs",
    "cvar_95_pct",
    "max_dd_pct",
    "max_drawdown_pct",
    "scenarios",
    "ml_crash_prob",
    "ml_predicted_return",
    "garch_vol",
    "realism_check"
  ],
  "current_price": 6816.89013671875,
  "final_mean": 9576.94244049776,
  "final_median": 8743.777943596877,
  "final_p05": 3798.3933049976276,
  "final_p10": 4600.044227856882,
  "final_p25": 6365.360067209536,
  "final_p75": 11814.963852830679,
  "final_p90": 15592.66435369585,
  "final_p95": 18314.011827606882,
  "total_return_pct": 40.488437519509986,
  "annual_return_pct": 7.035567612583971,
  "crash_prob_1y": 25.380000000000003,
  "crash_prob_5y": 82.27,
  "cvar_95_pct": -54.29791011807371,
  "max_dd_pct": -30.822611794619153,
  "max_drawdown_pct": 30.822611794619153
}