{
  "status": "ok",
  "result_keys": [
    "all_paths",
    "paths",
    "mean_path",
    "median_path",
    "p05",
    "p25",
    "p75",
    "p95",
    "final_mean",
    "final_median",
    "final_p05",
    "final_p10",
    "final_p25",
    "final_p75",
    "final_p90",
    "final_p95",
    "total_return_pct",
    "annual_return_pct",
    "crash_prob_1y",
    "crash_prob_5y",
    "crash_probs",
    "cvar_95_pct",
    "max_dd_pct",
    "max_drawdown_pct",
    "scenarios",
    "ml_crash_prob",
    "ml_predicted_return",
    "garch_vol",
    "realism_check"
  ],
  "current_price": 7033.18017578125,
  "final_mean": 9885.333155425358,
  "final_median": 8964.826601505229,
  "final_p05": 3971.8293039327423,
  "final_p10": 4796.023007359274,
  "final_p25": 6559.73445259167,
  "final_p75": 12257.715916007379,
  "final_p90": 16117.674056488886,
  "final_p95": 18989.592930620227,
  "total_return_pct": 40.55282117562542,
  "annual_return_pct": 7.045376360362221,
  "crash_prob_1y": 25.0,
  "crash_prob_5y": 81.71000000000001,
  "cvar_95_pct": -54.082527535683155,
  "max_dd_pct": -30.7225182308836,
  "max_drawdown_pct": 30.7225182308836
}