{
  "status": "ok",
  "result_keys": [
    "all_paths",
    "paths",
    "mean_path",
    "median_path",
    "p05",
    "p25",
    "p75",
    "p95",
    "final_mean",
    "final_median",
    "final_p05",
    "final_p10",
    "final_p25",
    "final_p75",
    "final_p90",
    "final_p95",
    "total_return_pct",
    "annual_return_pct",
    "crash_prob_1y",
    "crash_prob_5y",
    "crash_probs",
    "cvar_95_pct",
    "max_dd_pct",
    "max_drawdown_pct",
    "scenarios",
    "ml_crash_prob",
    "ml_predicted_return",
    "garch_vol",
    "realism_check"
  ],
  "current_price": 6816.89013671875,
  "final_mean": 9565.518114626899,
  "final_median": 8713.598829253122,
  "final_p05": 3834.2381785957546,
  "final_p10": 4653.347223834305,
  "final_p25": 6358.100832794762,
  "final_p75": 11836.074550577709,
  "final_p90": 15516.359031734659,
  "final_p95": 18456.50271801082,
  "total_return_pct": 40.32084899099131,
  "annual_return_pct": 7.010018892730274,
  "crash_prob_1y": 25.25,
  "crash_prob_5y": 81.86,
  "cvar_95_pct": -53.89644542231955,
  "max_dd_pct": -30.759638553683587,
  "max_drawdown_pct": 30.759638553683587
}