{
  "status": "ok",
  "result_keys": [
    "all_paths",
    "paths",
    "mean_path",
    "median_path",
    "p05",
    "p25",
    "p75",
    "p95",
    "final_mean",
    "final_median",
    "final_p05",
    "final_p10",
    "final_p25",
    "final_p75",
    "final_p90",
    "final_p95",
    "total_return_pct",
    "annual_return_pct",
    "crash_prob_1y",
    "crash_prob_5y",
    "crash_probs",
    "cvar_95_pct",
    "max_dd_pct",
    "max_drawdown_pct",
    "scenarios",
    "ml_crash_prob",
    "ml_predicted_return",
    "garch_vol",
    "realism_check"
  ],
  "current_price": 6816.89013671875,
  "final_mean": 9577.314742960287,
  "final_median": 8697.321758340811,
  "final_p05": 3812.295509194208,
  "final_p10": 4644.295703236174,
  "final_p25": 6321.873249385087,
  "final_p75": 11858.811746239297,
  "final_p90": 15670.26595424634,
  "final_p95": 18376.284737161113,
  "total_return_pct": 40.493898990284194,
  "annual_return_pct": 7.036399798555704,
  "crash_prob_1y": 25.019999999999996,
  "crash_prob_5y": 82.04,
  "cvar_95_pct": -54.83395625554661,
  "max_dd_pct": -30.863213215370095,
  "max_drawdown_pct": 30.863213215370095
}