{
  "status": "ok",
  "result_keys": [
    "all_paths",
    "paths",
    "mean_path",
    "median_path",
    "p05",
    "p25",
    "p75",
    "p95",
    "final_mean",
    "final_median",
    "final_p05",
    "final_p10",
    "final_p25",
    "final_p75",
    "final_p90",
    "final_p95",
    "total_return_pct",
    "annual_return_pct",
    "crash_prob_1y",
    "crash_prob_5y",
    "crash_probs",
    "cvar_95_pct",
    "max_dd_pct",
    "max_drawdown_pct",
    "scenarios",
    "ml_crash_prob",
    "ml_predicted_return",
    "garch_vol",
    "realism_check"
  ],
  "current_price": 6967.3798828125,
  "final_mean": 9767.301750054974,
  "final_median": 8925.889942048001,
  "final_p05": 3977.9076489879076,
  "final_p10": 4844.789039116979,
  "final_p25": 6481.620973008066,
  "final_p75": 12033.356844943577,
  "final_p90": 15840.49535820607,
  "final_p95": 18705.63179945789,
  "total_return_pct": 40.18615195863611,
  "annual_return_pct": 6.989466751306983,
  "crash_prob_1y": 25.05,
  "crash_prob_5y": 82.31,
  "cvar_95_pct": -53.634206152596064,
  "max_dd_pct": -30.639159048153154,
  "max_drawdown_pct": 30.639159048153154
}