{
  "status": "ok",
  "result_keys": [
    "all_paths",
    "paths",
    "mean_path",
    "median_path",
    "p05",
    "p25",
    "p75",
    "p95",
    "final_mean",
    "final_median",
    "final_p05",
    "final_p10",
    "final_p25",
    "final_p75",
    "final_p90",
    "final_p95",
    "total_return_pct",
    "annual_return_pct",
    "crash_prob_1y",
    "crash_prob_5y",
    "crash_probs",
    "cvar_95_pct",
    "max_dd_pct",
    "max_drawdown_pct",
    "scenarios",
    "ml_crash_prob",
    "ml_predicted_return",
    "garch_vol",
    "realism_check"
  ],
  "current_price": 7041.27978515625,
  "final_mean": 9877.756506705471,
  "final_median": 8978.839182632295,
  "final_p05": 3922.2899702445393,
  "final_p10": 4821.856073775674,
  "final_p25": 6549.87793737115,
  "final_p75": 12242.43030966342,
  "final_p90": 16091.102752373274,
  "final_p95": 18803.34790062767,
  "total_return_pct": 40.283539471458155,
  "annual_return_pct": 7.004327768271357,
  "crash_prob_1y": 26.029999999999998,
  "crash_prob_5y": 82.12,
  "cvar_95_pct": -54.110047726159834,
  "max_dd_pct": -30.722982400218896,
  "max_drawdown_pct": 30.722982400218896
}