{
  "status": "ok",
  "result_keys": [
    "all_paths",
    "paths",
    "mean_path",
    "median_path",
    "p05",
    "p25",
    "p75",
    "p95",
    "final_mean",
    "final_median",
    "final_p05",
    "final_p10",
    "final_p25",
    "final_p75",
    "final_p90",
    "final_p95",
    "total_return_pct",
    "annual_return_pct",
    "crash_prob_1y",
    "crash_prob_5y",
    "crash_probs",
    "cvar_95_pct",
    "max_dd_pct",
    "max_drawdown_pct",
    "scenarios",
    "ml_crash_prob",
    "ml_predicted_return",
    "garch_vol",
    "realism_check"
  ],
  "current_price": 7033.06005859375,
  "final_mean": 9855.368476257372,
  "final_median": 8964.796540208457,
  "final_p05": 4005.7137357305232,
  "final_p10": 4833.046307706032,
  "final_p25": 6601.237446756806,
  "final_p75": 12134.751077024266,
  "final_p90": 16037.284249706314,
  "final_p95": 18919.93939610892,
  "total_return_pct": 40.12916702189997,
  "annual_return_pct": 6.980767205059557,
  "crash_prob_1y": 25.06,
  "crash_prob_5y": 81.84,
  "cvar_95_pct": -53.68814615207509,
  "max_dd_pct": -30.602643562723568,
  "max_drawdown_pct": 30.602643562723568
}